time,open,high,low,close,volume
1323928800000,79.9,79.98,79.39,79.55,2151550
1323928860000,79.55,79.78,79.52,79.77,1841010
1323928920000,79.77,79.87,79.7,79.8,588320
1323928980000,79.8,79.94,79.78,79.82,887260
1323929040000,79.82,79.9,79.8,79.88,185520
1323929100000,79.89,79.91,79.68,79.72,577900
1323929160000,79.72,79.87,79.71,79.82,173660
1323929220000,79.83,80.08,79.82,80.07,1789660
1323929280000,80.05,80.28,80.0,80.27,2136560
1323929340000,80.27,80.37,80.11,80.14,897910
1323929400000,80.13,80.16,80.11,80.15,150720
1323929460000,80.15,80.18,79.95,80.01,1612260
1323929520000,80.01,80.02,79.95,80.02,341460
1323929580000,80.01,80.1,79.98,80.07,893510
1323929640000,80.07,80.12,79.99,80.1,281780
1323929700000,80.09,80.17,80.03,80.15,283610
1323929760000,80.1,80.14,80.06,80.08,255360
1323929820000,80.08,80.15,80.04,80.15,235620
1323929880000,80.15,80.37,80.14,80.36,2104690
1323929940000,80.35,80.4,80.29,80.35,1215440
1323930000000,80.31,80.31,80.13,80.19,315210
1323930060000,80.18,80.19,80.04,80.19,225080
1323930120000,80.19,80.22,80.17,80.17,223850
1323930180000,80.18,80.25,80.06,80.1,520650
1323930240000,80.1,80.13,80.04,80.09,295930
1323930300000,80.08,80.26,80.08,80.26,452170
1323930360000,80.21,80.26,80.18,80.23,84250
1323930420000,80.24,80.25,80.15,80.15,196170
1323930480000,80.12,80.19,80.1,80.13,81550
1323930540000,80.13,80.21,80.12,80.2,55080
1323930600000,80.15,80.16,80.06,80.08,268680
1323930660000,80.08,80.1,79.94,80.01,636150
1323930720000,80.0,80.04,79.96,79.96,238540
1323930780000,79.96,80.03,79.85,79.92,543170
1323930840000,79.97,80.03,79.91,80.03,655900
1323930900000,80.04,80.1,80.0,80.04,908580
1323930960000,80.0,80.15,80.0,80.1,907830
1323931020000,80.1,80.15,80.0,80.1,849820
1323931080000,80.14,80.15,79.81,79.88,2050290
1323931140000,79.9,79.94,79.82,79.9,1281490
1323931200000,79.9,79.94,79.82,79.85,2643570
1323931260000,79.83,79.89,79.66,79.81,2846880
1323931320000,79.84,79.89,79.72,79.79,1230840
1323931380000,79.79,79.85,79.72,79.84,900180
1323931440000,79.84,79.84,79.72,79.81,887900
1323931500000,79.82,79.97,79.73,79.93,961890
1323931560000,79.95,79.99,79.84,79.96,679500
1323931620000,79.98,79.99,79.9,79.92,330690
1323931680000,79.96,79.99,79.81,79.98,492290
1323931740000,79.98,80.1,79.97,80.0,371240
1323931800000,79.99,80.0,79.86,79.86,293890
1323931860000,79.89,79.9,79.75,79.79,356610
1323931920000,79.75,79.87,79.72,79.8,327550
1323931980000,79.8,79.9,79.75,79.9,233750
1323932040000,79.88,79.99,79.88,79.92,171330
1323932100000,79.92,80.08,79.88,80.04,283060
1323932160000,80.05,80.05,79.95,79.97,112770
1323932220000,79.97,79.98,79.88,79.92,239990
1323932280000,79.92,80.0,79.88,79.92,704000
1323932340000,79.94,79.94,79.85,79.86,124090
1323932400000,79.86,80.0,79.86,79.96,701360
1323932460000,79.97,79.99,79.9,79.97,379850
1323932520000,79.95,79.99,79.92,79.96,422870
1323932580000,79.96,80.0,79.92,79.99,241220
1323932640000,79.99,80.0,79.96,79.96,132100
1323932700000,79.97,79.99,79.95,79.99,110370
1323932760000,79.99,80.24,79.98,80.2,2402760
1323932820000,80.2,80.25,80.16,80.19,412560
1323932880000,80.18,80.2,80.06,80.12,244310
1323932940000,80.12,80.2,80.1,80.15,298730
1323933000000,80.16,80.35,80.15,80.35,1580390
1323933060000,80.35,80.35,80.02,80.09,1312840
1323933120000,80.07,80.1,79.9,79.9,968230
1323933180000,79.9,80.05,79.87,80.05,597190
1323933240000,80.05,80.05,79.95,80.04,275840
1323933300000,80.03,80.1,80.0,80.1,647030
1323933360000,80.1,80.21,80.03,80.09,785010
1323933420000,80.09,80.11,80.03,80.1,130940
1323933480000,80.09,80.09,79.97,80.06,108490
1323933540000,80.07,80.25,80.05,80.16,211730
1323933600000,80.19,80.2,80.11,80.19,16210
1323933660000,80.18,80.19,80.07,80.11,110270
1323933720000,80.11,80.15,80.09,80.1,109910
1323933780000,80.1,80.1,79.98,80.04,471530
1323933840000,80.0,80.1,79.97,80.05,202210
1323933900000,80.05,80.05,79.9,79.94,418910
1323933960000,79.92,79.96,79.84,79.9,488000
1323934020000,79.9,79.99,79.9,79.94,128090
1323934080000,79.93,80.01,79.91,80.0,202740
1323934140000,80.0,80.05,79.95,80.0,811900
1323934200000,80.04,80.04,79.91,79.93,305840
1323934260000,79.93,79.99,79.93,79.99,80760
1323934320000,79.96,79.99,79.89,79.91,161080
1323934380000,79.92,79.99,79.91,79.95,99660
1323934440000,79.95,80.2,79.95,80.19,471050
1323934500000,80.19,80.22,80.11,80.22,235170
1323934560000,80.22,80.26,80.13,80.26,324150
1323934620000,80.26,80.57,80.26,80.45,1587940
1323934680000,80.45,80.48,80.4,80.43,540670
1323934740000,80.43,80.46,80.33,80.36,228760
1323934800000,80.38,80.46,80.36,80.39,202400
1323934860000,80.39,80.41,80.11,80.2,469990
1323934920000,80.2,80.28,80.19,80.21,108990
1323934980000,80.22,80.31,80.15,80.3,165000
1323935040000,80.3,80.32,80.09,80.15,217440
1323935100000,80.2,80.3,80.2,80.3,150930
1323935160000,80.3,80.4,80.28,80.36,223520
1323935220000,80.36,80.44,80.33,80.42,355160
1323935280000,80.4,80.44,80.37,80.4,109730
1323935340000,80.4,80.5,80.38,80.49,331580
1323935400000,80.48,80.48,80.35,80.36,127820
1323935460000,80.37,80.44,80.36,80.39,68190
1323935520000,80.39,80.49,80.38,80.44,143420
1323935580000,80.47,80.49,80.4,80.47,107270
1323935640000,80.48,80.64,80.45,80.53,812850
1323935700000,80.56,80.83,80.53,80.75,1728130
1323935760000,80.78,80.9,80.67,80.88,1018580
1323935820000,80.86,81.05,80.85,80.93,1623470
1323935880000,80.93,80.98,80.76,80.76,587290
1323935940000,80.77,80.85,80.73,80.8,483210
1323936000000,80.8,80.84,80.65,80.65,487920
1323936060000,80.67,80.81,80.61,80.81,477740
1323936120000,80.81,80.94,80.81,80.87,747130
1323936180000,80.87,80.9,80.7,80.76,483970
1323936240000,80.76,80.78,80.64,80.64,197340
1323936300000,80.64,80.64,80.41,80.52,1306900
1323936360000,80.53,80.59,80.48,80.5,325310
1323936420000,80.5,80.58,80.45,80.48,490350
1323936480000,80.45,80.5,80.37,80.37,431150
1323936540000,80.37,80.5,80.37,80.49,324380
1323936600000,80.49,80.75,80.45,80.64,524140
1323936660000,80.64,80.68,80.59,80.61,143740
1323936720000,80.6,80.69,80.57,80.59,424990
1323936780000,80.59,80.68,80.49,80.62,800030
1323936840000,80.65,80.76,80.63,80.73,402480
1323936900000,80.74,80.75,80.59,80.61,636310
1323936960000,80.61,80.61,80.48,80.56,394800
1323937020000,80.56,80.74,80.56,80.68,215000
1323937080000,80.68,80.79,80.64,80.68,380530
1323937140000,80.69,80.75,80.61,80.69,180940
1323937200000,80.69,80.83,80.68,80.77,534910
1323937260000,80.74,80.82,80.72,80.81,414000
1323937320000,80.82,80.94,80.77,80.79,579310
1323937380000,80.79,80.81,80.66,80.69,346880
1323937440000,80.72,80.79,80.71,80.75,186780
1323937500000,80.76,80.81,80.71,80.76,364370
1323937560000,80.75,80.85,80.74,80.78,208750
1323937620000,80.8,80.92,80.77,80.85,248200
1323937680000,80.85,81.0,80.83,80.97,807010
1323937740000,80.96,81.04,80.92,80.98,819490
1323937800000,80.98,81.04,80.96,80.99,495440
1323937860000,81.0,81.0,80.93,80.95,417770
1323937920000,80.97,81.3,80.94,81.3,2742350
1323937980000,81.29,81.33,81.21,81.28,1118210
1323938040000,81.28,81.33,81.22,81.23,459900
1323938100000,81.25,81.34,81.14,81.15,654890
1323938160000,81.16,81.2,81.11,81.15,439320
1323938220000,81.16,81.17,81.05,81.07,380590
1323938280000,81.07,81.28,81.06,81.28,371860
1323938340000,81.28,81.35,81.24,81.32,404390
1323938400000,81.32,81.41,81.26,81.26,858760
1323938460000,81.26,81.3,81.25,81.26,244560
1323938520000,81.26,81.26,81.1,81.16,428120
1323938580000,81.15,81.22,81.09,81.09,327240
1323938640000,81.11,81.14,80.96,81.0,595610
1323938700000,81.0,81.02,80.83,80.9,1086080
1323938760000,80.87,81.0,80.85,81.0,442300
1323938820000,81.0,81.05,80.95,80.98,263550
1323938880000,80.96,80.98,80.83,80.87,574960
1323938940000,80.88,80.96,80.87,80.89,229340
1323939000000,80.88,80.97,80.84,80.95,370220
1323939060000,80.96,81.0,80.92,80.97,137160
1323939120000,80.97,81.0,80.95,81.0,227560
1323939180000,80.99,81.04,80.95,81.0,244480
1323939240000,81.0,81.0,80.91,80.94,269440
1323939300000,80.95,81.04,80.87,80.87,334500
1323939360000,80.87,80.95,80.8,80.95,451670
1323939420000,80.94,80.96,80.86,80.9,120620
1323939480000,80.95,80.98,80.8,80.93,309790
1323939540000,80.9,80.94,80.79,80.88,581520
1323939600000,80.88,80.99,80.85,80.95,330970
1323939660000,80.97,81.0,80.88,80.88,500660
1323939720000,80.87,80.95,80.83,80.86,301860
1323939780000,80.86,80.88,80.65,80.66,677140
1323939840000,80.64,80.65,80.53,80.56,814390
1323939900000,80.59,80.63,80.55,80.6,468600
1323939960000,80.58,80.66,80.5,80.51,960030
1323940020000,80.53,80.58,80.36,80.36,1113720
1323940080000,80.37,80.5,80.35,80.46,469150
1323940140000,80.43,80.48,80.37,80.42,586260
1323940200000,80.42,80.55,80.36,80.54,247150
1323940260000,80.54,80.66,80.54,80.6,374620
1323940320000,80.61,80.65,80.46,80.49,374110
1323940380000,80.49,80.57,80.45,80.57,190230
1323940440000,80.57,80.63,80.54,80.55,112250
1323940500000,80.55,80.62,80.47,80.62,133240
1323940560000,80.61,80.61,80.47,80.48,266050
1323940620000,80.51,80.52,80.37,80.38,715520
1323940680000,80.38,80.52,80.38,80.48,334880
1323940740000,80.46,80.56,80.45,80.52,203310
1323940800000,80.5,80.56,80.45,80.49,273020
1323940860000,80.49,80.59,80.48,80.58,142480
1323940920000,80.58,80.58,80.5,80.53,79350
1323940980000,80.53,80.54,80.45,80.5,275890
1323941040000,80.48,80.58,80.47,80.54,102580
1323941100000,80.5,80.59,80.48,80.48,93360
1323941160000,80.48,80.58,80.47,80.49,227320
1323941220000,80.49,80.59,80.46,80.56,190590
1323941280000,80.58,80.6,80.53,80.53,158860
1323941340000,80.56,80.6,80.51,80.53,226480
1323941400000,80.53,80.57,80.45,80.53,539340
1323941460000,80.54,80.54,80.4,80.41,447810
1323941520000,80.41,80.44,80.31,80.34,603850
1323941580000,80.34,80.35,80.05,80.1,1406940
1323941640000,80.08,80.28,80.04,80.27,615930
1323941700000,80.23,80.25,80.12,80.12,395310
1323941760000,80.11,80.19,80.1,80.16,199740
1323941820000,80.19,80.19,80.1,80.11,256810
1323941880000,80.1,80.13,79.93,80.01,1455030
1323941940000,79.99,80.11,79.96,80.1,310970
1323942000000,80.09,80.13,80.04,80.07,154000
1323942060000,80.09,80.1,80.01,80.04,385080
1323942120000,80.01,80.07,79.98,80.07,240930
1323942180000,80.07,80.13,79.99,80.01,276240
1323942240000,79.99,80.0,79.95,80.0,251550
1323942300000,80.0,80.0,79.8,79.87,1274380
1323942360000,79.87,79.89,79.76,79.84,795400
1323942420000,79.81,79.95,79.8,79.95,275600
1323942480000,79.95,80.16,79.93,80.12,554560
1323942540000,80.11,80.18,80.07,80.1,217090
1323942600000,80.11,80.19,80.1,80.12,178230
1323942660000,80.14,80.18,80.1,80.12,115530
1323942720000,80.12,80.23,80.11,80.16,231290
1323942780000,80.17,80.24,80.15,80.24,360590
1323942840000,80.23,80.3,80.2,80.3,304090
1323942900000,80.3,80.37,80.3,80.31,417940
1323942960000,80.32,80.34,80.21,80.25,424300
1323943020000,80.24,80.29,80.24,80.25,190470
1323943080000,80.25,80.26,80.15,80.15,559360
1323943140000,80.15,80.16,80.03,80.06,309810
1323943200000,80.06,80.09,80.06,80.09,134540
1323943260000,80.09,80.09,79.92,79.97,672140
1323943320000,79.95,79.97,79.86,79.86,291580
1323943380000,79.87,79.97,79.86,79.95,588260
1323943440000,79.95,80.04,79.94,80.0,767940
1323943500000,79.99,80.03,79.94,80.0,742210
1323943560000,80.0,80.07,79.96,80.04,266490
1323943620000,80.06,80.14,80.02,80.14,574900
1323943680000,80.15,80.18,80.11,80.13,428220
1323943740000,80.13,80.13,80.01,80.05,536490
1323943800000,80.03,80.13,80.02,80.06,454680
1323943860000,80.06,80.1,80.02,80.05,275130
1323943920000,80.05,80.15,80.04,80.15,267660
1323943980000,80.15,80.24,80.13,80.15,208880
1323944040000,80.15,80.2,80.1,80.11,383910
1323944100000,80.1,80.17,80.09,80.11,132050
1323944160000,80.11,80.15,80.09,80.14,252580
1323944220000,80.11,80.2,80.09,80.16,179750
1323944280000,80.18,80.18,80.05,80.06,508810
1323944340000,80.06,80.19,80.05,80.11,534670
1323944400000,80.09,80.14,80.06,80.11,344040
1323944460000,80.11,80.19,80.11,80.12,338530
1323944520000,80.12,80.16,80.07,80.13,291000
1323944580000,80.14,80.18,80.1,80.1,333410
1323944640000,80.12,80.13,80.05,80.06,420920
1323944700000,80.06,80.14,80.05,80.1,610750
1323944760000,80.1,80.22,80.1,80.2,273920
1323944820000,80.22,80.34,80.2,80.3,265740
1323944880000,80.3,80.32,80.2,80.22,455220
1323944940000,80.22,80.33,80.2,80.29,159280
1323945000000,80.28,80.45,80.28,80.4,721010
1323945060000,80.42,80.43,80.36,80.39,142400
1323945120000,80.4,80.47,80.4,80.47,299300
1323945180000,80.47,80.54,80.42,80.51,525610
1323945240000,80.53,80.58,80.5,80.55,340160
1323945300000,80.55,80.76,80.54,80.69,742010
1323945360000,80.71,80.78,80.7,80.72,575230
1323945420000,80.73,80.74,80.66,80.68,720580
1323945480000,80.68,80.73,80.67,80.73,227580
1323945540000,80.71,80.73,80.62,80.63,197580
1323945600000,80.64,80.68,80.62,80.65,257760
1323945660000,80.65,80.72,80.64,80.72,236580
1323945720000,80.72,80.9,80.68,80.88,1112500
1323945780000,80.89,80.9,80.81,80.81,190600
1323945840000,80.81,80.88,80.72,80.85,751700
1323945900000,80.88,81.0,80.88,80.97,780430
1323945960000,80.96,81.1,80.96,81.0,1205190
1323946020000,81.01,81.01,80.94,80.99,424650
1323946080000,80.96,80.98,80.88,80.92,396860
1323946140000,80.92,80.94,80.8,80.83,737990
1323946200000,80.81,80.96,80.81,80.96,395880
1323946260000,80.97,81.02,80.95,80.98,255610
1323946320000,80.98,81.06,80.98,81.0,310940
1323946380000,81.01,81.01,80.86,80.88,323390
1323946440000,80.87,80.91,80.8,80.82,253860
1323946500000,80.81,80.91,80.81,80.91,211960
1323946560000,80.9,80.91,80.82,80.83,141880
1323946620000,80.83,80.88,80.8,80.8,492080
1323946680000,80.81,80.87,80.77,80.85,172800
1323946740000,80.85,80.92,80.81,80.9,295740
1323946800000,80.85,81.0,80.85,80.86,877350
1323946860000,80.85,81.03,80.85,80.88,685120
1323946920000,80.9,80.91,80.7,80.83,1654690
1323946980000,80.81,80.85,80.56,80.6,1982850
1323947040000,80.57,80.66,80.52,80.55,710030
1323947100000,80.55,80.59,80.38,80.38,1502180
1323947160000,80.38,80.39,80.12,80.21,1483410
1323947220000,80.21,80.34,80.21,80.33,745280
1323947280000,80.32,80.34,80.24,80.3,758340
1323947340000,80.3,80.55,80.24,80.52,1151650
1323947400000,80.52,80.57,80.34,80.41,1033350
1323947460000,80.4,80.49,80.31,80.38,751560
1323947520000,80.41,80.5,80.39,80.43,843460
1323947580000,80.43,80.54,80.4,80.47,1317970
1323947640000,80.46,80.49,80.4,80.4,630440
1323947700000,80.4,80.44,80.31,80.4,1967400
1323947760000,80.4,80.5,80.35,80.45,860660
1323947820000,80.49,80.5,80.29,80.5,859040
1323947880000,80.49,80.59,80.45,80.46,571030
1323947940000,80.47,80.56,80.4,80.52,793600
1323948000000,80.54,80.55,80.46,80.47,595620
1323948060000,80.51,80.6,80.48,80.57,658650
1323948120000,80.56,80.59,80.47,80.59,367120
1323948180000,80.55,80.61,80.5,80.57,495270
1323948240000,80.56,80.61,80.5,80.56,895260
1323948300000,80.57,80.7,80.56,80.68,649850
1323948360000,80.69,80.69,80.57,80.67,1024340
1323948420000,80.66,80.75,80.56,80.75,773760
1323948480000,80.74,80.74,80.68,80.69,429620
1323948540000,80.69,80.87,80.68,80.8,1227410
1323948600000,80.83,80.99,80.78,80.94,1545880
1323948660000,80.95,81.2,80.93,81.06,1968780
1323948720000,81.06,81.16,81.02,81.03,838070
1323948780000,81.06,81.09,80.94,80.94,1917200
1323948840000,80.94,81.03,80.81,80.83,1559600
1323948900000,80.86,80.88,80.75,80.77,762930
1323948960000,80.8,80.82,80.68,80.74,663330
1323949020000,80.74,80.76,80.61,80.62,2074200
1323949080000,80.64,80.79,80.6,80.77,1603860
1323949140000,80.75,80.78,80.6,80.62,1596260
1323949200000,80.62,80.69,80.56,80.56,3238340
1323949260000,80.56,80.59,80.45,80.49,913910
1323949320000,80.49,80.51,80.4,80.43,1008680
1323949380000,80.41,80.5,80.35,80.44,1763240
1323949440000,80.44,80.45,80.15,80.17,850550
1323949500000,80.19,80.3,80.12,80.22,1150990
1323949560000,80.25,80.35,80.2,80.3,869250
1323949620000,80.3,80.35,80.2,80.25,662770
1323949680000,80.25,80.43,80.21,80.4,752640
1323949740000,80.41,80.46,80.38,80.43,536670
1323949800000,80.44,80.48,80.36,80.37,994040
1323949860000,80.37,80.4,80.29,80.34,1591940
1323949920000,80.34,80.38,80.2,80.23,1753760
1323949980000,80.23,80.35,80.15,80.24,854040
1323950040000,80.24,80.26,80.15,80.17,495060
1323950100000,80.23,80.31,80.12,80.15,1016520
1323950160000,80.15,80.19,80.11,80.12,1765270
1323950220000,80.14,80.23,80.12,80.23,819450
1323950280000,80.17,80.22,80.15,80.16,1811060
1323950340000,80.17,80.2,80.02,80.08,1014470
1323950400000,80.06,80.29,79.96,80.28,1213470
1323950460000,80.28,80.3,80.13,80.23,553760
1323950520000,80.22,80.54,80.2,80.54,894140
1323950580000,80.54,80.59,80.45,80.51,575730
1323950640000,80.53,80.67,80.51,80.55,485980
1323950700000,80.53,80.79,80.52,80.7,678730
1323950760000,80.71,80.73,80.56,80.59,482840
1323950820000,80.59,80.63,80.5,80.53,361820
1323950880000,80.53,80.62,80.52,80.57,202710
1323950940000,80.56,80.59,80.54,80.56,134260
1323951000000,80.56,80.68,80.55,80.6,301290
1323951060000,80.6,80.74,80.55,80.65,734250
1323951120000,80.65,80.7,80.61,80.62,79820
1323951180000,80.63,80.74,80.55,80.7,388520
1323951240000,80.67,80.88,80.66,80.87,795940
1323951300000,80.84,80.95,80.78,80.8,1080890
1323951360000,80.8,80.89,80.77,80.82,550560
1323951420000,80.83,80.9,80.8,80.85,455510
1323951480000,80.86,80.88,80.63,80.64,482890
1323951540000,80.64,80.74,80.63,80.71,99340
1323951600000,80.72,80.83,80.71,80.8,299090
1323951660000,80.83,80.96,80.77,80.96,653380
1323951720000,80.95,80.97,80.85,80.87,454460
1323951780000,80.87,80.95,80.86,80.93,630710
1323951840000,80.92,80.94,80.8,80.82,249320
1323951900000,80.82,80.85,80.8,80.8,98000
1323951960000,80.81,80.91,80.8,80.91,259930
1323952020000,80.91,80.92,80.77,80.86,419820
1323952080000,80.81,80.95,80.81,80.88,675910
1323952140000,80.88,80.95,80.85,80.91,557570
1323952200000,80.93,81.06,80.91,81.0,2445820
1323952260000,81.0,81.07,80.96,81.02,1300230
1323952320000,81.0,81.03,80.96,80.99,978650
1323952380000,80.99,81.08,80.99,80.99,867730
1323952440000,81.0,81.09,81.0,81.05,405110
1323952500000,81.06,81.19,81.05,81.13,1129730
1323952560000,81.13,81.15,80.95,80.97,928610
1323952620000,80.97,81.0,80.9,80.95,489770
1323952680000,80.95,80.96,80.91,80.92,238100
1323952740000,80.92,80.97,80.9,80.9,580770
1323952800000,80.9,80.99,80.87,80.96,1188190
1323952860000,80.98,81.0,80.93,80.93,218000
1323952920000,80.93,80.94,80.9,80.91,451000
1323952980000,80.91,80.93,80.81,80.85,903750
1323953040000,80.85,80.89,80.81,80.83,191260
1323953100000,80.83,81.0,80.83,80.98,376820
1323953160000,80.99,81.07,80.83,80.97,921150
1323953220000,80.98,81.01,80.85,80.85,159770
1323953280000,80.85,81.0,80.85,80.95,272750
1323953340000,80.97,80.97,80.86,80.89,336230
1323953400000,80.9,80.95,80.89,80.9,217650
1323953460000,80.91,80.98,80.9,80.91,152340
1323953520000,80.9,81.05,80.9,81.04,192910
1323953580000,81.04,81.5,81.04,81.5,3292290
1323953640000,81.5,81.5,81.34,81.34,1304110
1323953700000,81.34,81.4,81.3,81.36,798810
1323953760000,81.36,81.38,81.23,81.24,611620
1323953820000,81.24,81.4,81.24,81.34,1060070
1323953880000,81.34,81.59,81.31,81.55,1415390
1323953940000,81.54,81.55,81.38,81.39,367430
1323954000000,81.39,81.64,81.39,81.55,827360
1323954060000,81.58,81.6,81.45,81.47,274910
1323954120000,81.5,81.58,81.49,81.55,384260
1323954180000,81.57,81.65,81.54,81.59,483020
1323954240000,81.59,81.59,81.44,81.44,566580
1323954300000,81.45,81.67,81.42,81.65,822240
1323954360000,81.61,81.65,81.5,81.5,697650
1323954420000,81.48,81.51,81.4,81.4,563250
1323954480000,81.42,81.49,81.33,81.39,1825590
1323954540000,81.39,81.39,81.26,81.35,462590
1323954600000,81.32,81.39,81.3,81.38,330620
1323954660000,81.37,81.39,81.33,81.39,214490
1323954720000,81.39,81.41,81.25,81.25,757330
1323954780000,81.25,81.37,81.24,81.26,323300
1323954840000,81.27,81.29,81.11,81.13,694180
1323954900000,81.19,81.19,81.07,81.07,489140
1323954960000,81.12,81.14,81.07,81.1,269830
1323955020000,81.1,81.6,81.1,81.58,1841450
1323955080000,81.57,81.65,81.5,81.58,799500
1323955140000,81.58,81.65,81.55,81.64,500470
1323955200000,81.64,81.65,81.5,81.5,463520
1323955260000,81.5,81.5,81.45,81.46,217220
1323955320000,81.46,81.49,81.45,81.46,114740
1323955380000,81.46,81.47,81.35,81.37,595450
1323955440000,81.39,81.46,81.36,81.46,208210
1323955500000,81.45,81.5,81.36,81.41,348880
1323955560000,81.4,81.46,81.38,81.43,135980
1323955620000,81.45,81.45,81.38,81.4,471570
1323955680000,81.38,81.4,81.38,81.39,99630
1323955740000,81.4,81.43,81.39,81.4,74360
1323955800000,81.41,81.9,81.41,81.89,3318940
1323955860000,81.89,82.0,81.86,81.9,2859030
1323955920000,81.9,82.0,81.87,81.87,726590
1323955980000,81.87,81.89,81.75,81.75,693680
1323956040000,81.76,81.89,81.75,81.82,404760
1323956100000,81.84,82.0,81.84,81.99,1011570
1323956160000,82.0,82.07,81.91,82.02,1164310
1323956220000,82.03,82.07,81.95,81.97,614340
1323956280000,81.98,82.02,81.86,81.9,688590
1323956340000,81.9,81.97,81.88,81.94,306140
1323956400000,81.94,82.04,81.9,82.03,1014290
1323956460000,82.03,82.24,82.01,82.06,1479730
1323956520000,82.07,82.18,82.07,82.15,651990
1323956580000,82.14,82.17,82.07,82.1,371420
1323956640000,82.1,82.13,82.02,82.11,385410
1323956700000,82.11,82.15,82.02,82.15,468030
1323956760000,82.15,82.36,82.13,82.29,1168410
1323956820000,82.3,82.31,82.2,82.2,862220
1323956880000,82.2,82.29,82.11,82.15,850840
1323956940000,82.14,82.26,82.13,82.13,410300
1323957000000,82.14,82.26,82.14,82.24,173960
1323957060000,82.23,82.23,82.16,82.21,159780
1323957120000,82.22,82.27,82.2,82.24,291880
1323957180000,82.23,82.4,82.21,82.22,1123250
1323957240000,82.22,82.3,82.21,82.25,205400
1323957300000,82.26,82.3,82.25,82.25,242940
1323957360000,82.25,82.29,82.21,82.21,378720
1323957420000,82.21,82.29,82.2,82.26,292000
1323957480000,82.26,82.29,82.2,82.25,407260
1323957540000,82.25,82.32,82.2,82.2,338430
1323957600000,82.21,82.27,82.2,82.24,909910
1323957660000,82.24,82.31,82.22,82.3,381450
1323957720000,82.28,82.35,82.26,82.32,431090
1323957780000,82.33,82.36,82.25,82.3,973000
1323957840000,82.27,82.31,82.24,82.24,527240
1323957900000,82.24,82.28,82.15,82.16,2249030
1323957960000,82.16,82.2,82.07,82.12,911760
1323958020000,82.12,82.14,82.05,82.09,300750
1323958080000,82.09,82.12,82.02,82.02,529400
1323958140000,82.05,82.1,82.02,82.07,1822450
1323958200000,82.07,82.1,82.02,82.02,926940
1323958260000,82.03,82.05,82.02,82.02,235990
1323958320000,82.02,82.02,81.85,81.86,1410950
1323958380000,81.85,81.93,81.82,81.93,307900
1323958440000,81.93,81.99,81.92,81.92,249880
1323958500000,81.91,81.96,81.82,81.95,882150
1323958560000,81.97,82.04,81.95,82.04,220890
1323958620000,82.04,82.06,82.01,82.05,172320
1323958680000,82.03,82.18,82.03,82.05,541490
1323958740000,82.06,82.27,82.02,82.24,489610
1323958800000,82.24,82.36,82.22,82.3,753480
1323958860000,82.3,82.3,82.09,82.2,791310
1323958920000,82.2,82.27,82.12,82.23,215350
1323958980000,82.23,82.25,82.13,82.19,473870
1323959040000,82.2,82.21,82.12,82.2,226400
1323959100000,82.2,82.35,82.2,82.32,324850
1323959160000,82.32,82.38,82.28,82.33,533770
1323959220000,82.33,82.39,82.3,82.36,352460
1323959280000,82.37,82.39,82.25,82.3,569240
1323959340000,82.3,82.36,82.27,82.3,118620
1323959400000,82.3,82.38,82.28,82.38,306300
1323959460000,82.38,82.45,82.36,82.45,981970
1323959520000,82.44,82.45,82.35,82.4,477090
1323959580000,82.41,82.47,82.36,82.46,582740
1323959640000,82.47,82.55,82.42,82.44,1237320
1323959700000,82.46,82.46,82.23,82.26,1338510
1323959760000,82.26,82.44,82.25,82.34,326580
1323959820000,82.36,82.45,82.3,82.4,394830
1323959880000,82.4,82.45,82.34,82.38,418170
1323959940000,82.38,82.44,82.35,82.36,723170
1323960000000,82.36,82.43,82.35,82.4,307120
1323960060000,82.37,82.4,82.25,82.26,929720
1323960120000,82.26,82.27,82.2,82.21,992270
1323960180000,82.21,82.4,82.2,82.26,2189920
1323960240000,82.27,82.36,82.24,82.27,1122190
1324015200000,82.71,83.18,82.7,83.0,2282450
1324015260000,83.01,83.08,82.84,83.0,2507010
1324015320000,83.0,83.01,82.84,82.97,1109100
1324015380000,82.95,82.98,82.8,82.86,506430
1324015440000,82.85,82.95,82.85,82.89,288280
1324015500000,82.89,82.9,82.82,82.85,298660
1324015560000,82.85,82.86,82.68,82.72,683060
1324015620000,82.72,82.75,82.68,82.7,406230
1324015680000,82.71,82.83,82.69,82.79,263740
1324015740000,82.79,82.9,82.79,82.89,278830
1324015800000,82.88,82.95,82.87,82.94,286400
1324015860000,82.94,82.99,82.91,82.94,236090
1324015920000,82.93,83.09,82.9,83.08,3623810
1324015980000,83.06,83.08,82.8,82.87,883770
1324016040000,82.89,83.04,82.8,83.01,949740
1324016100000,83.03,83.06,82.96,82.96,203280
1324016160000,82.96,83.0,82.95,82.95,87270
1324016220000,82.95,82.98,82.87,82.87,743140
1324016280000,82.87,82.9,82.81,82.86,203770
1324016340000,82.85,82.95,82.82,82.86,281950
1324016400000,82.86,82.9,82.83,82.83,293980
1324016460000,82.83,82.83,82.71,82.72,511970
1324016520000,82.72,82.78,82.7,82.78,199650
1324016580000,82.78,82.84,82.73,82.81,361590
1324016640000,82.8,82.97,82.79,82.97,601200
1324016700000,82.97,82.97,82.84,82.9,330510
1324016760000,82.89,82.94,82.88,82.9,58780
1324016820000,82.91,82.92,82.86,82.86,78420
1324016880000,82.86,82.9,82.85,82.86,96280
1324016940000,82.88,82.92,82.83,82.85,546680
1324017000000,82.85,82.94,82.82,82.87,315870
1324017060000,82.9,82.92,82.83,82.89,580280
1324017120000,82.86,82.91,82.84,82.87,266900
1324017180000,82.87,82.9,82.8,82.88,852950
1324017240000,82.87,82.95,82.85,82.95,288920
1324017300000,82.95,83.02,82.91,83.02,1058980
1324017360000,83.02,83.02,82.99,83.02,139590
1324017420000,83.02,83.1,83.0,83.1,880190
1324017480000,83.1,83.26,83.08,83.26,1017280
1324017540000,83.25,83.26,83.1,83.1,786870
1324017600000,83.11,83.18,83.06,83.11,347430
1324017660000,83.1,83.1,83.0,83.03,431330
1324017720000,83.03,83.13,82.98,83.11,571160
1324017780000,83.13,83.17,83.08,83.13,298300
1324017840000,83.1,83.12,83.05,83.07,132200
1324017900000,83.06,83.06,83.0,83.0,1201600
1324017960000,83.0,83.05,82.97,83.01,645670
1324018020000,83.04,83.07,82.97,83.07,305700
1324018080000,83.05,83.1,83.04,83.09,110730
1324018140000,83.1,83.12,83.02,83.08,190370
1324018200000,83.08,83.09,83.03,83.07,42980
1324018260000,83.04,83.1,83.03,83.08,190530
1324018320000,83.08,83.09,83.03,83.05,91080
1324018380000,83.05,83.05,83.02,83.03,214940
1324018440000,83.02,83.05,83.02,83.05,178030
1324018500000,83.04,83.16,83.02,83.12,211580
1324018560000,83.12,83.15,83.09,83.13,113750
1324018620000,83.13,83.13,83.05,83.06,37010
1324018680000,83.08,83.13,83.07,83.07,65320
1324018740000,83.07,83.11,83.06,83.11,193590
1324018800000,83.11,83.25,83.11,83.21,1027650
1324018860000,83.21,83.38,83.2,83.38,1692490
1324018920000,83.36,83.38,83.21,83.22,390180
1324018980000,83.25,83.3,83.22,83.29,219840
1324019040000,83.29,83.34,83.23,83.27,639930
1324019100000,83.27,83.34,83.23,83.23,357520
1324019160000,83.25,83.27,83.17,83.17,428010
1324019220000,83.18,83.27,83.18,83.25,118190
1324019280000,83.23,83.35,83.21,83.29,830830
1324019340000,83.3,83.34,83.22,83.3,247980
1324019400000,83.29,83.31,83.2,83.27,266250
1324019460000,83.3,83.38,83.3,83.35,373010
1324019520000,83.32,83.35,83.21,83.26,230560
1324019580000,83.25,83.26,83.15,83.15,336160
1324019640000,83.16,83.19,83.12,83.12,348010
1324019700000,83.12,83.19,83.11,83.17,182350
1324019760000,83.17,83.19,83.15,83.19,57570
1324019820000,83.17,83.26,83.17,83.26,196400
1324019880000,83.26,83.33,83.25,83.31,168480
1324019940000,83.31,83.31,83.2,83.2,120790
1324020000000,83.25,83.31,83.25,83.3,118070
1324020060000,83.29,83.34,83.29,83.33,161170
1324020120000,83.33,83.34,83.26,83.27,43820
1324020180000,83.3,83.32,83.27,83.29,48300
1324020240000,83.27,83.28,83.06,83.07,938000
1324020300000,83.07,83.17,82.92,82.93,689130
1324020360000,82.93,83.06,82.85,83.0,782820
1324020420000,83.01,83.01,82.91,82.91,273040
1324020480000,82.95,82.96,82.9,82.92,132940
1324020540000,82.95,83.01,82.9,83.01,785120
1324020600000,83.01,83.1,82.95,83.09,349860
1324020660000,83.1,83.1,83.03,83.09,62440
1324020720000,83.1,83.1,83.01,83.06,98410
1324020780000,83.04,83.08,83.01,83.05,195550
1324020840000,83.01,83.02,82.96,82.97,216730
1324020900000,82.97,83.0,82.9,82.91,346560
1324020960000,82.91,82.99,82.9,82.99,106350
1324021020000,82.99,82.99,82.93,82.93,27450
1324021080000,82.93,83.0,82.88,82.88,412530
1324021140000,82.88,82.9,82.8,82.81,599280
1324021200000,82.84,82.86,82.7,82.8,686280
1324021260000,82.79,82.89,82.79,82.8,107620
1324021320000,82.8,82.82,82.6,82.67,1063740
1324021380000,82.7,82.73,82.66,82.7,222310
1324021440000,82.7,82.76,82.65,82.72,371280
1324021500000,82.71,82.84,82.67,82.83,260420
1324021560000,82.83,82.88,82.8,82.84,389650
1324021620000,82.82,82.88,82.82,82.83,391530
1324021680000,82.82,82.84,82.77,82.77,208840
1324021740000,82.77,82.84,82.77,82.79,357980
1324021800000,82.79,82.83,82.76,82.78,82220
1324021860000,82.78,82.79,82.66,82.76,350100
1324021920000,82.76,82.83,82.75,82.81,361410
1324021980000,82.8,82.81,82.76,82.8,414590
1324022040000,82.8,82.83,82.77,82.83,386930
1324022100000,82.82,82.84,82.78,82.8,415140
1324022160000,82.78,82.81,82.76,82.79,198770
1324022220000,82.79,82.83,82.76,82.8,262560
1324022280000,82.83,82.88,82.77,82.88,188780
1324022340000,82.88,83.04,82.88,83.0,853950
1324022400000,83.0,83.04,82.77,82.91,419520
1324022460000,82.88,82.88,82.72,82.72,333430
1324022520000,82.72,82.76,82.3,82.33,2983950
1324022580000,82.33,82.48,82.32,82.48,639670
1324022640000,82.48,82.53,82.43,82.45,331380
1324022700000,82.45,82.49,82.28,82.28,870970
1324022760000,82.29,82.35,82.15,82.18,1349900
1324022820000,82.24,82.25,82.03,82.15,2127950
1324022880000,82.15,82.21,82.05,82.2,871600
1324022940000,82.2,82.27,82.19,82.23,450210
1324023000000,82.23,82.35,82.21,82.3,366080
1324023060000,82.29,82.32,82.13,82.2,718480
1324023120000,82.16,82.23,82.11,82.22,317450
1324023180000,82.23,82.28,82.16,82.26,458720
1324023240000,82.26,82.33,82.2,82.2,377430
1324023300000,82.21,82.25,82.06,82.13,967520
1324023360000,82.12,82.35,82.07,82.3,590100
1324023420000,82.3,82.42,82.24,82.42,515620
1324023480000,82.4,82.48,82.37,82.45,394600
1324023540000,82.45,82.46,82.31,82.33,598390
1324023600000,82.33,82.49,82.33,82.46,356980
1324023660000,82.47,82.53,82.41,82.53,579850
1324023720000,82.53,82.55,82.39,82.4,612530
1324023780000,82.4,82.45,82.35,82.36,205140
1324023840000,82.36,82.37,82.27,82.3,480400
1324023900000,82.27,82.3,82.18,82.19,611790
1324023960000,82.2,82.22,82.07,82.12,511280
1324024020000,82.1,82.14,81.87,82.0,2348670
1324024080000,82.0,82.03,81.89,82.01,1801230
1324024140000,82.01,82.09,81.96,82.05,259920
1324024200000,82.06,82.16,82.03,82.16,256990
1324024260000,82.16,82.19,82.07,82.12,347740
1324024320000,82.11,82.15,82.08,82.15,86800
1324024380000,82.14,82.23,82.14,82.16,242230
1324024440000,82.16,82.16,82.06,82.1,217750
1324024500000,82.1,82.18,82.07,82.16,203930
1324024560000,82.15,82.2,82.11,82.19,265840
1324024620000,82.18,82.18,82.09,82.16,163980
1324024680000,82.18,82.28,82.18,82.27,268130
1324024740000,82.28,82.5,82.25,82.46,955380
1324024800000,82.43,82.5,82.34,82.36,388710
1324024860000,82.36,82.4,82.3,82.4,553730
1324024920000,82.41,82.41,82.38,82.41,193110
1324024980000,82.41,82.45,82.35,82.35,131340
1324025040000,82.35,82.44,82.32,82.38,370860
1324025100000,82.38,82.51,82.37,82.46,431110
1324025160000,82.45,82.5,82.4,82.41,133800
1324025220000,82.45,82.64,82.44,82.6,656250
1324025280000,82.6,82.68,82.57,82.65,808720
1324025340000,82.65,82.78,82.61,82.74,778680
1324025400000,82.74,82.91,82.74,82.87,951600
1324025460000,82.87,82.9,82.63,82.73,676800
1324025520000,82.74,82.84,82.73,82.77,333530
1324025580000,82.8,82.81,82.6,82.66,556140
1324025640000,82.66,82.66,82.3,82.35,1469590
1324025700000,82.32,82.35,82.2,82.32,636240
1324025760000,82.3,82.43,82.28,82.42,219580
1324025820000,82.43,82.44,82.37,82.37,171400
1324025880000,82.37,82.45,82.37,82.42,106900
1324025940000,82.43,82.45,82.4,82.42,70000
1324026000000,82.42,82.5,82.22,82.44,801070
1324026060000,82.47,82.6,82.44,82.58,333010
1324026120000,82.56,82.6,82.53,82.57,150730
1324026180000,82.58,82.63,82.55,82.57,112590
1324026240000,82.59,82.66,82.57,82.63,72820
1324026300000,82.63,82.68,82.5,82.5,428080
1324026360000,82.51,82.56,82.25,82.25,435670
1324026420000,82.25,82.41,82.25,82.35,119270
1324026480000,82.38,82.53,82.38,82.53,226740
1324026540000,82.51,82.68,82.5,82.61,252860
1324026600000,82.61,82.67,82.5,82.65,505650
1324026660000,82.65,82.68,82.6,82.65,241170
1324026720000,82.65,82.65,82.5,82.55,167320
1324026780000,82.55,82.55,82.46,82.46,239700
1324026840000,82.47,82.51,82.44,82.48,72290
1324026900000,82.5,82.53,82.42,82.53,81030
1324026960000,82.53,82.56,82.5,82.56,56210
1324027020000,82.52,82.54,82.5,82.5,5830
1324027080000,82.51,82.54,82.5,82.5,14920
1324027140000,82.5,82.51,82.36,82.39,312600
1324027200000,82.39,82.58,82.39,82.58,126230
1324027260000,82.58,82.65,82.58,82.6,324270
1324027320000,82.63,82.63,82.49,82.5,68990
1324027380000,82.54,82.56,82.43,82.5,152300
1324027440000,82.49,82.53,82.43,82.43,80360
1324027500000,82.43,82.43,82.21,82.29,1144240
1324027560000,82.3,82.35,82.25,82.28,264220
1324027620000,82.28,82.32,82.25,82.32,117110
1324027680000,82.28,82.41,82.27,82.41,103170
1324027740000,82.41,82.45,82.32,82.41,183560
1324027800000,82.41,82.49,82.4,82.45,737400
1324027860000,82.47,82.51,82.41,82.5,208950
1324027920000,82.5,82.64,82.49,82.63,409780
1324027980000,82.63,82.64,82.54,82.56,144510
1324028040000,82.57,82.65,82.55,82.55,172350
1324028100000,82.55,82.6,82.51,82.52,170390
1324028160000,82.51,82.57,82.45,82.45,147650
1324028220000,82.47,82.58,82.45,82.57,129850
1324028280000,82.58,82.59,82.49,82.5,18090
1324028340000,82.52,82.52,82.48,82.5,650730
1324028400000,82.48,82.48,82.4,82.44,135360
1324028460000,82.44,82.45,82.4,82.4,241610
1324028520000,82.39,82.45,82.38,82.42,159930
1324028580000,82.4,82.46,82.38,82.45,41590
1324028640000,82.43,82.47,82.4,82.4,131000
1324028700000,82.4,82.45,82.37,82.4,174590
1324028760000,82.41,82.43,82.4,82.43,83990
1324028820000,82.41,82.48,82.4,82.47,71370
1324028880000,82.46,82.47,82.39,82.44,111380
1324028940000,82.44,82.44,82.37,82.37,84300
1324029000000,82.4,82.4,82.35,82.4,86850
1324029060000,82.39,82.4,82.34,82.36,196860
1324029120000,82.34,82.37,82.27,82.37,363710
1324029180000,82.33,82.39,82.29,82.35,220160
1324029240000,82.32,82.35,82.3,82.32,32750
1324029300000,82.32,82.4,82.32,82.38,83850
1324029360000,82.38,82.39,82.36,82.38,11110
1324029420000,82.38,82.44,82.36,82.43,136580
1324029480000,82.43,82.49,82.41,82.49,93980
1324029540000,82.49,82.5,82.47,82.48,121500
1324029600000,82.47,82.49,82.46,82.48,48660
1324029660000,82.48,82.49,82.38,82.38,183540
1324029720000,82.39,82.43,82.35,82.36,191890
1324029780000,82.36,82.41,82.26,82.29,418500
1324029840000,82.3,82.34,82.23,82.23,316360
1324029900000,82.25,82.33,82.23,82.33,231770
1324029960000,82.31,82.34,82.28,82.3,209560
1324030020000,82.27,82.3,82.27,82.3,135600
1324030080000,82.3,82.35,82.29,82.35,193270
1324030140000,82.31,82.4,82.3,82.4,305680
1324030200000,82.4,82.45,82.39,82.45,386550
1324030260000,82.48,82.57,82.46,82.55,452990
1324030320000,82.55,82.55,82.47,82.47,198370
1324030380000,82.48,82.49,82.45,82.49,152970
1324030440000,82.49,82.5,82.44,82.48,50090
1324030500000,82.45,82.5,82.37,82.47,625810
1324030560000,82.45,82.52,82.45,82.5,283740
1324030620000,82.5,82.5,82.42,82.42,327730
1324030680000,82.45,82.45,82.36,82.42,375010
1324030740000,82.4,82.45,82.37,82.38,317350
1324030800000,82.38,82.45,82.38,82.45,164700
1324030860000,82.45,82.45,82.4,82.4,51360
1324030920000,82.4,82.42,82.32,82.32,263930
1324030980000,82.32,82.43,82.32,82.42,137890
1324031040000,82.38,82.4,82.35,82.37,108800
1324031100000,82.38,82.38,82.34,82.34,35550
1324031160000,82.34,82.38,82.34,82.37,50150
1324031220000,82.36,82.39,82.35,82.39,100250
1324031280000,82.39,82.43,82.37,82.4,517220
1324031340000,82.37,82.4,82.25,82.3,518470
1324031400000,82.26,82.26,81.97,82.01,2114500
1324031460000,82.04,82.18,82.02,82.15,379470
1324031520000,82.14,82.22,82.1,82.2,312980
1324031580000,82.2,82.21,82.11,82.2,269160
1324031640000,82.2,82.25,82.17,82.25,194650
1324031700000,82.25,82.3,82.21,82.29,117240
1324031760000,82.29,82.33,82.27,82.27,114150
1324031820000,82.27,82.3,82.25,82.3,38440
1324031880000,82.3,82.45,82.29,82.4,486190
1324031940000,82.41,82.45,82.4,82.44,142650
1324032000000,82.44,82.45,82.36,82.38,348150
1324032060000,82.38,82.45,82.38,82.42,447350
1324032120000,82.45,82.62,82.42,82.6,917260
1324032180000,82.6,82.6,82.51,82.53,238940
1324032240000,82.54,82.56,82.42,82.45,481330
1324032300000,82.45,82.5,82.37,82.37,157590
1324032360000,82.37,82.42,82.35,82.4,146370
1324032420000,82.39,82.4,82.36,82.39,142710
1324032480000,82.38,82.4,82.37,82.4,180790
1324032540000,82.4,82.4,82.38,82.4,545290
1324032600000,82.4,82.4,82.38,82.4,450700
1324032660000,82.4,82.45,82.39,82.4,146890
1324032720000,82.4,82.4,82.13,82.19,512300
1324032780000,82.17,82.2,82.09,82.09,424760
1324032840000,82.09,82.2,82.09,82.1,780170
1324032900000,82.14,82.15,81.97,82.0,1109150
1324032960000,81.98,82.03,81.7,81.84,1903700
1324033020000,81.84,81.89,81.81,81.88,448540
1324033080000,81.88,81.89,81.83,81.83,390490
1324033140000,81.82,81.82,81.59,81.61,1605480
1324033200000,81.61,81.62,81.15,81.24,2398640
1324033260000,81.22,81.45,81.2,81.39,1066370
1324033320000,81.4,81.42,81.35,81.37,715270
1324033380000,81.38,81.45,81.36,81.44,735100
1324033440000,81.43,81.5,81.41,81.44,321370
1324033500000,81.43,81.64,81.41,81.56,1111150
1324033560000,81.56,81.66,81.52,81.6,775170
1324033620000,81.63,81.64,81.56,81.6,386030
1324033680000,81.6,81.65,81.6,81.6,411290
1324033740000,81.6,81.64,81.6,81.63,288480
1324033800000,81.61,81.73,81.61,81.71,1095820
1324033860000,81.7,81.73,81.6,81.62,388530
1324033920000,81.62,81.62,81.52,81.53,337240
1324033980000,81.53,81.57,81.5,81.54,228970
1324034040000,81.54,81.56,81.48,81.5,193080
1324034100000,81.5,81.56,81.47,81.55,441640
1324034160000,81.55,81.56,81.5,81.54,197000
1324034220000,81.53,81.57,81.48,81.56,195060
1324034280000,81.56,81.57,81.47,81.54,287610
1324034340000,81.55,81.6,81.52,81.56,331730
1324034400000,81.57,81.69,81.51,81.68,271800
1324034460000,81.69,81.7,81.6,81.6,211860
1324034520000,81.6,81.61,81.52,81.56,97320
1324034580000,81.58,81.62,81.56,81.59,80820
1324034640000,81.57,81.67,81.55,81.56,193700
1324034700000,81.57,81.63,81.27,81.28,826390
1324034760000,81.27,81.29,81.08,81.18,1109600
1324034820000,81.18,81.35,81.14,81.31,272440
1324034880000,81.32,81.34,81.14,81.14,342700
1324034940000,81.16,81.24,81.11,81.11,264540
1324035000000,81.1,81.11,80.9,80.91,2098810
1324035060000,80.91,80.99,80.89,80.99,954130
1324035120000,80.99,81.15,80.99,81.14,565460
1324035180000,81.14,81.15,81.08,81.09,888700
1324035240000,81.09,81.09,80.94,81.05,434090
1324035300000,81.05,81.08,80.96,80.96,227960
1324035360000,81.01,81.03,80.9,80.92,500280
1324035420000,80.95,81.01,80.78,80.85,1336390
1324035480000,80.81,80.96,80.79,80.85,471390
1324035540000,80.86,80.96,80.86,80.94,304170
1324035600000,80.94,80.97,80.83,80.87,599570
1324035660000,80.86,80.97,80.79,80.97,1114050
1324035720000,80.98,80.98,80.85,80.89,749670
1324035780000,80.88,80.91,80.84,80.9,286540
1324035840000,80.87,80.94,80.86,80.9,199900
1324035900000,80.9,81.0,80.87,80.97,327350
1324035960000,80.98,81.06,80.94,81.06,313360
1324036020000,81.06,81.12,81.0,81.12,512420
1324036080000,81.12,81.17,81.05,81.08,594300
1324036140000,81.09,81.13,81.06,81.1,259280
1324036200000,81.12,81.15,81.05,81.11,258210
1324036260000,81.11,81.12,80.97,80.97,614610
1324036320000,80.96,81.06,80.95,80.96,483770
1324036380000,80.96,81.03,80.96,81.0,565890
1324036440000,81.0,81.1,81.0,81.05,321460
1324036500000,81.03,81.17,81.03,81.16,254150
1324036560000,81.17,81.32,81.15,81.23,688870
1324036620000,81.21,81.41,81.21,81.3,673530
1324036680000,81.28,81.3,81.12,81.16,430940
1324036740000,81.13,81.31,81.13,81.3,795150
1324036800000,81.3,81.31,81.19,81.23,1050690
1324036860000,81.2,81.38,81.18,81.3,1549510
1324036920000,81.29,81.38,81.21,81.3,768360
1324036980000,81.31,81.4,81.26,81.4,383480
1324037040000,81.4,81.57,81.36,81.39,854860
1324037100000,81.38,81.45,81.37,81.37,199030
1324037160000,81.37,81.38,81.16,81.2,839560
1324037220000,81.19,81.2,80.99,81.03,794410
1324037280000,81.04,81.15,80.99,81.07,760150
1324037340000,81.07,81.09,80.99,81.05,390910
1324037400000,81.05,81.15,80.98,81.1,523280
1324037460000,81.09,81.13,81.04,81.12,333900
1324037520000,81.12,81.16,81.07,81.12,302270
1324037580000,81.07,81.07,80.85,80.9,840430
1324037640000,80.85,81.0,80.84,80.9,281940
1324037700000,80.9,81.0,80.87,81.0,138450
1324037760000,81.0,81.05,80.93,80.96,208250
1324037820000,80.96,81.0,80.93,80.98,102190
1324037880000,80.98,80.98,80.91,80.94,61770
1324037940000,80.94,80.96,80.88,80.93,152160
1324038000000,80.93,80.99,80.92,80.96,87990
1324038060000,80.96,81.1,80.94,81.05,467360
1324038120000,81.05,81.08,81.03,81.08,91550
1324038180000,81.08,81.09,81.0,81.05,154880
1324038240000,81.03,81.1,81.03,81.06,314930
1324038300000,81.1,81.16,81.09,81.16,245700
1324038360000,81.16,81.19,81.04,81.04,177870
1324038420000,81.05,81.07,80.99,81.06,68300
1324038480000,81.06,81.09,81.02,81.09,24610
1324038540000,81.09,81.17,81.07,81.1,79750
1324038600000,81.08,81.08,80.9,81.02,450810
1324038660000,81.03,81.17,81.01,81.14,354640
1324038720000,81.14,81.17,81.1,81.15,175660
1324038780000,81.17,81.3,81.16,81.28,534350
1324038840000,81.28,81.3,81.25,81.29,51600
1324038900000,81.29,81.46,81.22,81.22,665600
1324038960000,81.22,81.23,81.16,81.19,168820
1324039020000,81.18,81.18,81.07,81.17,251580
1324039080000,81.18,81.27,81.17,81.27,271850
1324039140000,81.25,81.29,81.21,81.22,117380
1324039200000,81.22,81.33,81.21,81.25,162150
1324039260000,81.25,81.35,81.21,81.32,210720
1324039320000,81.32,81.35,81.25,81.33,246070
1324039380000,81.33,81.36,81.24,81.27,340920
1324039440000,81.3,81.35,81.23,81.23,295960
1324039500000,81.23,81.3,81.21,81.23,232780
1324039560000,81.23,81.23,81.03,81.1,711740
1324039620000,81.1,81.15,81.05,81.13,114690
1324039680000,81.15,81.16,81.1,81.12,150670
1324039740000,81.16,81.23,81.13,81.22,561690
1324039800000,81.21,81.27,81.17,81.19,349720
1324039860000,81.23,81.27,81.17,81.18,153100
1324039920000,81.18,81.27,81.17,81.27,92090
1324039980000,81.22,81.33,81.22,81.33,283570
1324040040000,81.32,81.38,81.25,81.32,350420
1324040100000,81.31,81.32,81.23,81.3,247440
1324040160000,81.3,81.35,81.27,81.31,271720
1324040220000,81.32,81.33,81.22,81.22,125180
1324040280000,81.26,81.29,81.2,81.2,151730
1324040340000,81.23,81.25,81.17,81.25,104910
1324040400000,81.22,81.27,81.19,81.26,204620
1324040460000,81.25,81.26,81.19,81.23,136030
1324040520000,81.22,81.25,81.18,81.2,231680
1324040580000,81.22,81.25,81.18,81.21,95350
1324040640000,81.21,81.22,81.2,81.22,71740
1324040700000,81.2,81.24,81.17,81.17,97850
1324040760000,81.17,81.17,81.02,81.05,376080
1324040820000,81.05,81.19,81.05,81.19,61600
1324040880000,81.17,81.2,81.1,81.2,86250
1324040940000,81.2,81.32,81.19,81.28,160590
1324041000000,81.28,81.31,81.23,81.29,30300
1324041060000,81.28,81.3,81.25,81.26,31850
1324041120000,81.27,81.28,81.15,81.19,68170
1324041180000,81.21,81.26,81.19,81.19,69640
1324041240000,81.2,81.2,81.18,81.2,405710
1324041300000,81.19,81.25,81.18,81.21,163690
1324041360000,81.17,81.21,81.15,81.2,114490
1324041420000,81.18,81.19,81.1,81.1,143140
1324041480000,81.1,81.15,81.1,81.15,32360
1324041540000,81.15,81.19,81.14,81.18,44350
1324041600000,81.16,81.17,81.12,81.12,20240
1324041660000,81.12,81.12,81.02,81.07,213570
1324041720000,81.07,81.11,81.05,81.09,100540
1324041780000,81.09,81.13,81.09,81.13,33180
1324041840000,81.14,81.14,81.09,81.14,39140
1324041900000,81.14,81.22,81.12,81.22,113990
1324041960000,81.2,81.27,81.12,81.25,235260
1324042020000,81.26,81.36,81.23,81.34,642040
1324042080000,81.35,81.44,81.34,81.4,460150
1324042140000,81.4,81.41,81.22,81.27,220450
1324042200000,81.22,81.33,81.1,81.16,531290
1324042260000,81.18,81.18,80.93,81.13,878760
1324042320000,81.09,81.13,80.95,80.96,329380
1324042380000,80.97,81.05,80.88,80.89,857310
1324042440000,80.89,81.04,80.88,81.03,676930
1324042500000,81.04,81.12,80.98,81.06,343530
1324042560000,81.06,81.07,80.93,80.99,259010
1324042620000,81.0,81.05,80.91,80.92,331550
1324042680000,80.92,80.97,80.67,80.84,2527760
1324042740000,80.84,80.84,80.71,80.73,347150
1324042800000,80.73,80.82,80.51,80.62,1207960
1324042860000,80.62,80.8,80.61,80.71,312280
1324042920000,80.73,80.84,80.73,80.81,192420
1324042980000,80.83,80.99,80.83,80.99,612690
1324043040000,80.94,80.97,80.87,80.9,208140
1324043100000,80.9,80.93,80.88,80.89,111170
1324043160000,80.89,80.95,80.87,80.94,140900
1324043220000,80.94,80.97,80.9,80.92,92320
1324043280000,80.92,80.95,80.89,80.93,138630
1324043340000,80.9,81.03,80.9,80.93,820830
1324043400000,80.98,81.04,80.93,81.02,133850
1324043460000,81.02,81.11,81.02,81.06,409560
1324043520000,81.11,81.15,81.06,81.1,313680
1324043580000,81.1,81.16,81.1,81.1,164450
1324043640000,81.09,81.13,81.09,81.11,12250
1324043700000,81.1,81.12,81.03,81.06,238930
1324043760000,81.04,81.06,80.99,81.0,269400
1324043820000,81.01,81.05,80.91,80.93,165030
1324043880000,80.93,80.98,80.92,80.98,78640
1324043940000,80.98,81.15,80.97,81.11,214400
1324044000000,81.11,81.26,81.08,81.26,1156010
1324044060000,81.26,81.37,81.23,81.29,409010
1324044120000,81.25,81.29,81.11,81.15,307460
1324044180000,81.19,81.27,81.17,81.25,274070
1324044240000,81.24,81.24,81.13,81.14,148010
1324044300000,81.13,81.2,81.03,81.09,403680
1324044360000,81.05,81.05,80.91,80.96,412580
1324044420000,80.94,81.12,80.91,81.06,828130
1324044480000,81.07,81.1,80.98,81.01,385640
1324044540000,81.01,81.01,80.9,80.91,335190
1324044600000,80.92,80.94,80.89,80.92,205970
1324044660000,80.92,81.0,80.9,80.9,370340
1324044720000,80.9,80.99,80.88,80.98,374660
1324044780000,81.0,81.04,80.93,80.95,299900
1324044840000,80.95,80.97,80.9,80.9,189290
1324044900000,80.92,80.96,80.9,80.93,206040
1324044960000,80.93,80.98,80.86,80.91,682320
1324045020000,80.94,81.0,80.9,81.0,406470
1324045080000,81.0,81.05,80.92,81.02,535260
1324045140000,81.02,81.06,81.0,81.01,270910
1324045200000,81.0,81.06,81.0,81.05,195600
1324045260000,81.01,81.09,81.0,81.08,158690
1324045320000,81.09,81.1,81.0,81.07,242380
1324045380000,81.04,81.09,81.02,81.08,119140
1324045440000,81.05,81.12,81.05,81.12,143290
1324045500000,81.11,81.13,81.0,81.04,306820
1324045560000,81.01,81.01,80.95,80.95,270520
1324045620000,80.96,81.04,80.95,81.04,260400
1324045680000,81.0,81.08,80.99,81.07,162280
1324045740000,81.07,81.07,80.93,81.0,888790
1324045800000,81.0,81.09,80.88,81.03,719040
1324045860000,80.98,81.16,80.95,81.15,396430
1324045920000,81.16,81.17,81.1,81.1,245970
1324045980000,81.1,81.1,80.95,81.01,515760
1324046040000,81.06,81.1,80.95,81.0,983880
1324046100000,81.0,81.08,81.0,81.06,521390
1324046160000,81.05,81.13,81.03,81.11,105720
1324046220000,81.13,81.14,80.87,80.9,3103820
1324046280000,80.9,81.0,80.88,80.92,649830
1324046340000,80.94,80.95,80.83,80.84,475900
1324046400000,80.83,80.89,80.75,80.81,954330
1324046460000,80.82,80.94,80.8,80.94,590860
1324046520000,80.91,80.94,80.85,80.86,1023080
1324046580000,80.86,80.9,80.73,80.81,1840690
1324046640000,80.81,80.98,80.52,80.62,3376730
1324274400000,80.15,80.39,79.83,80.25,2032060
1324274460000,80.27,80.33,80.2,80.3,1211430
1324274520000,80.3,80.56,80.3,80.55,2287910
1324274580000,80.55,80.66,80.35,80.45,1131870
1324274640000,80.45,80.5,80.36,80.37,678800
1324274700000,80.37,80.44,80.35,80.43,410320
1324274760000,80.43,80.55,80.37,80.55,1109040
1324274820000,80.54,80.69,80.5,80.5,1704780
1324274880000,80.51,80.59,80.47,80.56,358740
1324274940000,80.56,80.62,80.55,80.6,453930
1324275000000,80.62,80.68,80.55,80.64,436820
1324275060000,80.66,80.67,80.57,80.6,373380
1324275120000,80.61,80.61,80.45,80.51,513720
1324275180000,80.51,80.65,80.51,80.56,409740
1324275240000,80.55,80.6,80.45,80.49,446200
1324275300000,80.48,80.49,80.4,80.41,424890
1324275360000,80.4,80.45,80.4,80.44,489050
1324275420000,80.44,80.46,80.4,80.46,433510
1324275480000,80.46,80.6,80.43,80.6,215180
1324275540000,80.59,80.64,80.56,80.59,275730
1324275600000,80.6,80.86,80.59,80.83,754470
1324275660000,80.83,80.86,80.77,80.8,646190
1324275720000,80.8,80.86,80.8,80.84,378210
1324275780000,80.83,80.86,80.74,80.76,478950
1324275840000,80.75,80.77,80.71,80.77,301890
1324275900000,80.77,80.77,80.74,80.76,163360
1324275960000,80.74,80.79,80.65,80.7,938610
1324276020000,80.7,80.73,80.65,80.73,224300
1324276080000,80.73,80.77,80.69,80.71,386310
1324276140000,80.71,80.75,80.7,80.75,160870
1324276200000,80.75,80.75,80.55,80.59,1725620
1324276260000,80.59,80.59,80.47,80.53,1409480
1324276320000,80.49,80.55,80.4,80.44,817150
1324276380000,80.42,80.5,80.35,80.38,1392520
1324276440000,80.37,80.46,80.3,80.4,1749590
1324276500000,80.4,80.47,80.38,80.46,327490
1324276560000,80.43,80.46,80.21,80.21,1011740
1324276620000,80.21,80.25,80.12,80.12,778790
1324276680000,80.13,80.22,80.12,80.12,1014980
1324276740000,80.12,80.19,80.05,80.15,931070
1324276800000,80.15,80.19,80.11,80.12,314660
1324276860000,80.12,80.17,79.91,79.93,1689330
1324276920000,79.95,80.05,79.9,79.99,1643240
1324276980000,80.0,80.01,79.94,80.0,435880
1324277040000,80.0,80.0,79.62,79.81,1229050
1324277100000,79.81,79.89,79.78,79.86,598870
1324277160000,79.86,80.0,79.82,79.96,625500
1324277220000,79.95,80.18,79.95,80.18,1500370
1324277280000,80.18,80.24,80.0,80.06,991700
1324277340000,80.06,80.1,79.96,80.03,505060
1324277400000,80.04,80.08,79.96,79.96,289130
1324277460000,79.97,79.98,79.9,79.91,328700
1324277520000,79.93,79.97,79.84,79.85,794270
1324277580000,79.9,79.9,79.66,79.66,666640
1324277640000,79.66,79.7,79.58,79.6,979740
1324277700000,79.6,79.77,79.59,79.71,1052020
1324277760000,79.71,79.72,79.54,79.55,1862870
1324277820000,79.58,79.64,79.53,79.59,1120510
1324277880000,79.59,79.67,79.55,79.56,704330
1324277940000,79.56,79.56,79.24,79.24,3485740
1324278000000,79.24,79.26,79.04,79.14,3551260
1324278060000,79.18,79.24,79.09,79.16,935990
1324278120000,79.14,79.29,79.11,79.13,944750
1324278180000,79.13,79.21,79.09,79.15,1429460
1324278240000,79.14,79.21,78.92,79.15,2124730
1324278300000,79.2,79.31,79.12,79.3,552230
1324278360000,79.3,79.38,79.24,79.28,1494010
1324278420000,79.28,79.38,79.2,79.36,371830
1324278480000,79.35,79.41,79.22,79.22,819660
1324278540000,79.22,79.29,79.19,79.25,726100
1324278600000,79.24,79.25,79.19,79.19,590150
1324278660000,79.22,79.29,79.15,79.24,630420
1324278720000,79.23,79.25,79.19,79.23,827820
1324278780000,79.22,79.38,79.22,79.35,899440
1324278840000,79.35,79.42,79.31,79.42,520760
1324278900000,79.42,79.5,79.35,79.35,1149330
1324278960000,79.35,79.35,79.25,79.29,519170
1324279020000,79.29,79.3,79.1,79.11,662980
1324279080000,79.13,79.17,79.02,79.13,474680
1324279140000,79.13,79.18,79.1,79.11,359930
1324279200000,79.12,79.18,79.07,79.13,290830
1324279260000,79.14,79.19,79.11,79.16,202430
1324279320000,79.17,79.2,79.11,79.19,198660
1324279380000,79.19,79.24,79.16,79.2,467040
1324279440000,79.2,79.24,79.15,79.2,331400
1324279500000,79.21,79.26,79.17,79.21,300420
1324279560000,79.22,79.25,79.17,79.2,1401330
1324279620000,79.18,79.24,79.14,79.19,1537280
1324279680000,79.22,79.22,79.12,79.16,101210
1324279740000,79.17,79.26,79.16,79.23,122090
1324279800000,79.25,79.26,79.16,79.19,219060
1324279860000,79.19,79.27,79.17,79.25,949520
1324279920000,79.26,79.35,79.25,79.34,572340
1324279980000,79.32,79.33,79.25,79.27,342450
1324280040000,79.27,79.31,79.2,79.2,425620
1324280100000,79.25,79.25,79.16,79.19,99510
1324280160000,79.18,79.24,79.15,79.15,106060
1324280220000,79.15,79.18,79.02,79.08,1489970
1324280280000,79.06,79.09,79.05,79.09,105900
1324280340000,79.08,79.1,79.05,79.07,754260
1324280400000,79.1,79.11,79.07,79.09,89390
1324280460000,79.09,79.12,79.0,79.09,1539950
1324280520000,79.08,79.14,79.04,79.12,179860
1324280580000,79.11,79.18,79.11,79.16,108730
1324280640000,79.16,79.2,79.1,79.1,100230
1324280700000,79.13,79.13,79.07,79.1,62280
1324280760000,79.11,79.2,79.11,79.2,61820
1324280820000,79.21,79.42,79.21,79.42,416460
1324280880000,79.42,79.46,79.4,79.43,319620
1324280940000,79.43,79.46,79.26,79.34,272710
1324281000000,79.36,79.5,79.36,79.5,349400
1324281060000,79.5,79.54,79.4,79.44,751470
1324281120000,79.44,79.49,79.41,79.47,162810
1324281180000,79.47,79.49,79.42,79.47,63180
1324281240000,79.47,79.52,79.46,79.49,258520
1324281300000,79.5,79.5,79.41,79.45,273760
1324281360000,79.46,79.53,79.45,79.49,401700
1324281420000,79.5,79.55,79.41,79.43,1190500
1324281480000,79.43,79.5,79.32,79.32,718880
1324281540000,79.32,79.4,79.3,79.35,249850
1324281600000,79.35,79.4,79.25,79.25,317940
1324281660000,79.25,79.45,79.23,79.45,320430
1324281720000,79.45,79.48,79.35,79.48,275720
1324281780000,79.49,79.75,79.48,79.68,901460
1324281840000,79.68,79.77,79.6,79.74,587750
1324281900000,79.69,79.84,79.69,79.8,622460
1324281960000,79.77,79.9,79.77,79.83,580320
1324282020000,79.82,79.87,79.75,79.75,575410
1324282080000,79.75,79.8,79.68,79.73,359030
1324282140000,79.73,79.78,79.65,79.76,860800
1324282200000,79.77,79.85,79.7,79.73,733520
1324282260000,79.73,79.75,79.65,79.65,351930
1324282320000,79.65,79.78,79.65,79.77,349810
1324282380000,79.76,79.8,79.67,79.7,488360
1324282440000,79.71,79.73,79.65,79.66,196260
1324282500000,79.67,79.72,79.65,79.66,335750
1324282560000,79.66,79.79,79.65,79.79,461100
1324282620000,79.8,79.85,79.74,79.8,644640
1324282680000,79.84,79.97,79.77,79.89,1885340
1324282740000,79.9,79.96,79.78,79.83,868200
1324282800000,79.8,79.92,79.8,79.92,417980
1324282860000,79.92,79.94,79.8,79.83,497480
1324282920000,79.87,79.97,79.78,79.97,486700
1324282980000,79.97,79.97,79.86,79.89,1016950
1324283040000,79.89,79.94,79.86,79.87,530740
1324283100000,79.89,79.98,79.89,79.97,365300
1324283160000,79.95,79.98,79.9,79.94,372020
1324283220000,79.92,79.96,79.85,79.89,343440
1324283280000,79.9,79.92,79.85,79.89,394170
1324283340000,79.88,79.98,79.87,79.98,226620
1324283400000,79.96,80.13,79.95,80.06,1213340
1324283460000,80.03,80.1,80.0,80.06,761790
1324283520000,80.06,80.08,80.0,80.08,417280
1324283580000,80.06,80.21,80.06,80.21,806750
1324283640000,80.21,80.24,80.15,80.23,584310
1324283700000,80.2,80.27,80.2,80.2,627080
1324283760000,80.2,80.25,80.1,80.1,729300
1324283820000,80.1,80.26,80.1,80.26,356860
1324283880000,80.25,80.28,80.21,80.25,366780
1324283940000,80.25,80.28,80.21,80.25,213400
1324284000000,80.25,80.38,80.24,80.3,969900
1324284060000,80.3,80.49,80.3,80.48,919500
1324284120000,80.45,80.48,80.4,80.45,404740
1324284180000,80.45,80.63,80.43,80.59,1984380
1324284240000,80.58,80.65,80.54,80.61,851340
1324284300000,80.61,80.61,80.48,80.59,1132050
1324284360000,80.59,80.62,80.5,80.5,514670
1324284420000,80.5,80.54,80.43,80.43,481850
1324284480000,80.43,80.75,80.42,80.65,1622030
1324284540000,80.65,80.69,80.54,80.56,486360
1324284600000,80.57,80.63,80.56,80.6,535170
1324284660000,80.6,80.63,80.58,80.61,223640
1324284720000,80.61,80.62,80.55,80.55,320830
1324284780000,80.54,80.62,80.52,80.54,570940
1324284840000,80.58,80.63,80.51,80.58,771840
1324284900000,80.59,80.65,80.57,80.6,430600
1324284960000,80.6,80.73,80.58,80.69,720800
1324285020000,80.69,80.73,80.66,80.7,174320
1324285080000,80.67,80.7,80.61,80.65,270040
1324285140000,80.65,80.69,80.6,80.65,380620
1324285200000,80.65,80.71,80.6,80.7,708240
1324285260000,80.7,80.74,80.55,80.7,790990
1324285320000,80.7,80.79,80.67,80.74,703620
1324285380000,80.72,80.8,80.7,80.79,714360
1324285440000,80.79,80.8,80.64,80.66,432520
1324285500000,80.66,80.69,80.53,80.58,490770
1324285560000,80.57,80.59,80.29,80.29,1379850
1324285620000,80.31,80.4,80.25,80.38,689720
1324285680000,80.38,80.46,80.34,80.43,270580
1324285740000,80.46,80.47,80.41,80.45,177370
1324285800000,80.46,80.6,80.46,80.6,384740
1324285860000,80.61,80.63,80.55,80.6,262190
1324285920000,80.6,80.77,80.55,80.77,740980
1324285980000,80.77,80.77,80.66,80.72,159810
1324286040000,80.74,80.76,80.71,80.74,531480
1324286100000,80.75,81.17,80.73,81.11,3738950
1324286160000,81.12,81.24,81.11,81.23,1023190
1324286220000,81.24,81.25,81.0,81.13,977400
1324286280000,81.14,81.19,81.1,81.11,325650
1324286340000,81.12,81.17,81.09,81.13,301700
1324286400000,81.1,81.13,80.93,80.99,815250
1324286460000,80.95,81.0,80.94,80.97,236160
1324286520000,80.95,80.97,80.86,80.86,252330
1324286580000,80.86,80.97,80.85,80.93,272600
1324286640000,80.94,80.98,80.86,80.88,240100
1324286700000,80.9,80.9,80.84,80.85,149950
1324286760000,80.85,80.97,80.84,80.97,362910
1324286820000,80.96,80.97,80.92,80.95,203910
1324286880000,80.94,80.95,80.89,80.9,82670
1324286940000,80.89,80.91,80.83,80.85,150960
1324287000000,80.83,80.91,80.83,80.89,166240
1324287060000,80.89,80.93,80.89,80.92,176600
1324287120000,80.93,81.07,80.9,81.07,567690
1324287180000,81.07,81.12,81.01,81.06,262840
1324287240000,81.02,81.13,81.0,81.13,172110
1324287300000,81.13,81.14,81.01,81.01,202670
1324287360000,81.01,81.02,80.85,80.87,384530
1324287420000,80.86,80.95,80.85,80.94,139380
1324287480000,80.94,81.07,80.93,81.04,198420
1324287540000,81.03,81.05,80.95,80.96,69390
1324287600000,80.96,81.0,80.91,81.0,109440
1324287660000,80.94,81.05,80.92,81.05,252200
1324287720000,81.05,81.12,81.05,81.06,213450
1324287780000,81.06,81.18,81.05,81.14,444570
1324287840000,81.16,81.18,81.02,81.13,561800
1324287900000,81.11,81.2,81.1,81.2,869610
1324287960000,81.2,81.5,81.13,81.39,2280010
1324288020000,81.35,81.47,81.35,81.44,476790
1324288080000,81.44,81.49,81.39,81.49,685580
1324288140000,81.49,81.51,81.4,81.48,916000
1324288200000,81.49,81.65,81.41,81.48,909810
1324288260000,81.46,81.55,81.41,81.48,363950
1324288320000,81.48,81.49,81.43,81.45,175830
1324288380000,81.45,81.57,81.4,81.55,825890
1324288440000,81.54,81.6,81.51,81.55,476380
1324288500000,81.55,81.58,81.45,81.45,483300
1324288560000,81.45,81.46,81.33,81.4,390700
1324288620000,81.4,81.5,81.36,81.4,775850
1324288680000,81.4,81.47,81.4,81.47,280140
1324288740000,81.42,81.42,81.36,81.37,328730
1324288800000,81.4,81.43,81.31,81.32,445920
1324288860000,81.35,81.38,81.3,81.38,292610
1324288920000,81.38,81.47,81.35,81.44,174670
1324288980000,81.44,81.5,81.37,81.42,389730
1324289040000,81.43,81.47,81.4,81.46,57560
1324289100000,81.47,81.5,81.41,81.44,294900
1324289160000,81.44,81.45,81.35,81.39,280090
1324289220000,81.38,81.4,81.34,81.36,64720
1324289280000,81.36,81.45,81.36,81.43,88960
1324289340000,81.43,81.43,81.38,81.43,37610
1324289400000,81.43,81.46,81.37,81.46,109850
1324289460000,81.45,81.48,81.41,81.46,181820
1324289520000,81.45,81.48,81.43,81.48,159830
1324289580000,81.47,81.48,81.44,81.44,81490
1324289640000,81.44,81.44,81.4,81.4,106650
1324289700000,81.41,81.47,81.4,81.41,131830
1324289760000,81.44,81.48,81.44,81.47,96160
1324289820000,81.47,81.5,81.46,81.49,183920
1324289880000,81.5,81.5,81.42,81.42,112910
1324289940000,81.42,81.42,81.35,81.35,209060
1324290000000,81.35,81.37,81.29,81.31,392490
1324290060000,81.32,81.37,81.3,81.37,438150
1324290120000,81.36,81.38,81.31,81.35,180800
1324290180000,81.33,81.5,81.31,81.45,414310
1324290240000,81.48,81.49,81.4,81.4,241560
1324290300000,81.4,81.5,81.4,81.5,201390
1324290360000,81.5,81.5,81.47,81.48,273550
1324290420000,81.47,81.5,81.42,81.46,245260
1324290480000,81.48,81.5,81.4,81.4,141150
1324290540000,81.4,81.49,81.4,81.43,116750
1324290600000,81.44,81.5,81.44,81.5,125770
1324290660000,81.49,81.52,81.46,81.5,228560
1324290720000,81.5,81.53,81.5,81.5,84690
1324290780000,81.51,81.52,81.46,81.47,648730
1324290840000,81.47,81.5,81.4,81.4,235090
1324290900000,81.4,81.43,81.3,81.3,298000
1324290960000,81.3,81.32,81.16,81.2,2405030
1324291020000,81.2,81.25,81.15,81.17,404970
1324291080000,81.17,81.23,81.16,81.17,115780
1324291140000,81.17,81.22,81.17,81.22,191870
1324291200000,81.22,81.23,81.15,81.17,271510
1324291260000,81.18,81.24,81.15,81.16,157850
1324291320000,81.16,81.17,81.02,81.04,716530
1324291380000,81.03,81.03,80.91,80.99,521020
1324291440000,80.99,81.03,80.95,80.98,259990
1324291500000,81.01,81.03,80.95,80.96,178400
1324291560000,80.98,80.99,80.81,80.95,623750
1324291620000,80.94,80.99,80.94,80.96,88380
1324291680000,80.96,80.97,80.91,80.92,108090
1324291740000,80.92,81.06,80.91,81.06,257760
1324291800000,81.06,81.28,81.06,81.28,647360
1324291860000,81.25,81.28,81.11,81.21,413020
1324291920000,81.15,81.23,81.12,81.23,58810
1324291980000,81.22,81.24,81.18,81.18,159530
1324292040000,81.18,81.19,81.14,81.14,34700
1324292100000,81.15,81.2,81.14,81.15,233080
1324292160000,81.15,81.2,81.14,81.19,294450
1324292220000,81.2,81.2,81.16,81.19,59030
1324292280000,81.17,81.19,81.14,81.19,107840
1324292340000,81.19,81.2,81.18,81.2,64760
1324292400000,81.2,81.48,81.19,81.34,773660
1324292460000,81.34,81.42,81.34,81.4,187370
1324292520000,81.4,81.4,81.33,81.33,69080
1324292580000,81.33,81.39,81.32,81.33,93430
1324292640000,81.36,81.36,81.26,81.3,131050
1324292700000,81.29,81.3,81.2,81.23,129890
1324292760000,81.23,81.25,81.14,81.19,234860
1324292820000,81.19,81.2,81.1,81.12,595210
1324292880000,81.14,81.24,81.14,81.16,273750
1324292940000,81.15,81.28,81.1,81.11,431730
1324293000000,81.11,81.12,81.05,81.1,247810
1324293060000,81.12,81.2,81.08,81.16,182670
1324293120000,81.16,81.22,81.09,81.09,258050
1324293180000,81.09,81.1,81.0,81.1,253090
1324293240000,81.1,81.19,81.08,81.17,199050
1324293300000,81.16,81.2,81.12,81.17,92160
1324293360000,81.17,81.25,81.16,81.24,198280
1324293420000,81.24,81.25,81.22,81.25,104950
1324293480000,81.25,81.37,81.25,81.35,242090
1324293540000,81.35,81.38,81.31,81.31,197250
1324293600000,81.31,81.36,81.3,81.35,100890
1324293660000,81.35,81.36,81.25,81.26,170780
1324293720000,81.26,81.27,81.2,81.21,120520
1324293780000,81.22,81.3,81.22,81.29,78490
1324293840000,81.26,81.27,81.21,81.22,48640
1324293900000,81.22,81.24,81.16,81.19,323360
1324293960000,81.18,81.2,81.1,81.1,352740
1324294020000,81.12,81.17,81.05,81.17,306190
1324294080000,81.15,81.15,81.07,81.08,91060
1324294140000,81.07,81.08,81.01,81.01,129420
1324294200000,81.01,81.07,80.98,81.0,364200
1324294260000,80.99,81.17,80.98,81.14,179340
1324294320000,81.16,81.16,81.05,81.1,22340
1324294380000,81.08,81.13,81.07,81.13,77840
1324294440000,81.13,81.15,81.07,81.12,40150
1324294500000,81.08,81.18,81.08,81.18,110170
1324294560000,81.18,81.25,81.14,81.23,167400
1324294620000,81.22,81.22,81.07,81.1,52450
1324294680000,81.15,81.16,81.06,81.14,104680
1324294740000,81.14,81.19,81.07,81.15,33770
1324294800000,81.1,81.12,81.08,81.12,21660
1324294860000,81.15,81.2,81.11,81.12,88000
1324294920000,81.15,81.16,81.08,81.08,29360
1324294980000,81.07,81.08,81.01,81.03,229800
1324295040000,81.01,81.17,81.01,81.17,235540
1324295100000,81.17,81.3,81.17,81.2,393530
1324295160000,81.2,81.25,81.18,81.23,40580
1324295220000,81.23,81.3,81.2,81.26,500280
1324295280000,81.27,81.29,81.23,81.28,86520
1324295340000,81.28,81.28,81.24,81.27,58430
1324295400000,81.25,81.3,81.21,81.3,388290
1324295460000,81.3,81.3,81.23,81.26,128860
1324295520000,81.26,81.32,81.26,81.29,436710
1324295580000,81.29,81.35,81.27,81.28,504690
1324295640000,81.28,81.35,81.28,81.33,75230
1324295700000,81.32,81.35,81.31,81.35,401690
1324295760000,81.35,81.39,81.34,81.37,349770
1324295820000,81.37,81.39,81.34,81.36,252820
1324295880000,81.36,81.36,81.31,81.36,96060
1324295940000,81.35,81.39,81.32,81.39,361730
1324296000000,81.39,81.44,81.34,81.39,830850
1324296060000,81.39,81.4,81.27,81.33,220130
1324296120000,81.32,81.34,81.27,81.28,33780
1324296180000,81.28,81.35,81.27,81.3,119500
1324296240000,81.3,81.3,81.24,81.26,123720
1324296300000,81.26,81.35,81.26,81.32,103200
1324296360000,81.32,81.32,81.28,81.32,23890
1324296420000,81.32,81.32,81.28,81.3,90140
1324296480000,81.28,81.39,81.28,81.39,234580
1324296540000,81.39,81.39,81.3,81.34,72490
1324296600000,81.35,81.39,81.34,81.37,89710
1324296660000,81.37,81.4,81.25,81.29,337940
1324296720000,81.29,81.35,81.29,81.35,148580
1324296780000,81.34,81.34,81.28,81.34,46910
1324296840000,81.34,81.37,81.33,81.36,57720
1324296900000,81.36,81.36,81.3,81.32,29010
1324296960000,81.32,81.36,81.28,81.3,122870
1324297020000,81.3,81.36,81.29,81.29,119670
1324297080000,81.28,81.34,81.27,81.27,83330
1324297140000,81.28,81.38,81.21,81.36,539370
1324297200000,81.36,81.42,81.28,81.28,196620
1324297260000,81.28,81.33,81.27,81.3,31470
1324297320000,81.29,81.29,81.2,81.2,266370
1324297380000,81.2,81.29,81.15,81.28,535120
1324297440000,81.24,81.33,81.22,81.25,367320
1324297500000,81.25,81.29,81.22,81.29,23580
1324297560000,81.29,81.37,81.28,81.37,215380
1324297620000,81.33,81.33,81.29,81.32,55050
1324297680000,81.32,81.36,81.32,81.33,13960
1324297740000,81.32,81.34,81.28,81.33,77910
1324297800000,81.34,81.43,81.33,81.36,276840
1324297860000,81.36,81.37,81.33,81.34,25930
1324297920000,81.34,81.37,81.3,81.34,42270
1324297980000,81.34,81.43,81.33,81.4,138950
1324298040000,81.39,81.49,81.35,81.42,713400
1324298100000,81.45,81.46,81.28,81.3,312260
1324298160000,81.31,81.37,81.29,81.35,61900
1324298220000,81.35,81.35,81.3,81.33,25020
1324298280000,81.33,81.37,81.33,81.36,84210
1324298340000,81.35,81.36,81.34,81.36,21950
1324298400000,81.34,81.39,81.33,81.34,50500
1324298460000,81.36,81.42,81.33,81.42,61140
1324298520000,81.41,81.41,81.36,81.36,20540
1324298580000,81.36,81.37,81.3,81.31,50760
1324298640000,81.31,81.38,81.31,81.38,50090
1324298700000,81.38,81.4,81.34,81.35,275070
1324298760000,81.35,81.4,81.33,81.37,330650
1324298820000,81.37,81.4,81.35,81.38,367870
1324298880000,81.38,81.41,81.37,81.38,156170
1324298940000,81.38,81.38,81.31,81.36,304240
1324299000000,81.36,81.36,81.3,81.3,166130
1324299060000,81.3,81.3,81.25,81.26,193880
1324299120000,81.26,81.31,81.1,81.12,625270
1324299180000,81.12,81.22,81.1,81.2,375630
1324299240000,81.17,81.22,81.12,81.2,537980
1324299300000,81.18,81.25,81.08,81.1,565350
1324299360000,81.1,81.15,81.07,81.07,513780
1324299420000,81.07,81.2,81.07,81.16,288430
1324299480000,81.19,81.19,81.15,81.17,48790
1324299540000,81.17,81.18,81.12,81.18,88060
1324299600000,81.16,81.2,81.11,81.18,252470
1324299660000,81.18,81.2,81.13,81.2,154770
1324299720000,81.16,81.25,81.16,81.24,318790
1324299780000,81.24,81.25,81.11,81.14,417820
1324299840000,81.14,81.21,81.12,81.21,264470
1324299900000,81.21,81.33,81.2,81.3,568090
1324299960000,81.3,81.32,81.22,81.24,90500
1324300020000,81.24,81.3,81.23,81.29,157530
1324300080000,81.29,81.4,81.25,81.4,346760
1324300140000,81.4,81.4,81.33,81.35,140010
1324300200000,81.35,81.37,81.3,81.34,419860
1324300260000,81.3,81.35,81.25,81.3,150150
1324300320000,81.28,81.31,81.26,81.3,66130
1324300380000,81.3,81.36,81.29,81.36,299880
1324300440000,81.35,81.37,81.3,81.31,34230
1324300500000,81.35,81.35,81.28,81.29,121750
1324300560000,81.29,81.3,81.25,81.26,173740
1324300620000,81.25,81.32,81.24,81.32,99550
1324300680000,81.32,81.35,81.28,81.35,47060
1324300740000,81.33,81.35,81.29,81.31,41240
1324300800000,81.33,81.38,81.31,81.38,153450
1324300860000,81.35,81.48,81.32,81.45,557470
1324300920000,81.46,81.48,81.4,81.46,317360
1324300980000,81.43,81.53,81.43,81.53,946050
1324301040000,81.53,81.87,81.48,81.8,1715540
1324301100000,81.79,81.88,81.78,81.86,1253900
1324301160000,81.83,81.94,81.83,81.88,867800
1324301220000,81.86,81.9,81.76,81.84,649370
1324301280000,81.83,81.83,81.77,81.82,319360
1324301340000,81.82,81.94,81.8,81.91,458530
1324301400000,81.91,82.05,81.91,82.01,1823830
1324301460000,82.0,82.08,81.95,82.03,676810
1324301520000,82.0,82.07,81.98,82.06,472460
1324301580000,82.06,82.2,82.05,82.13,743400
1324301640000,82.12,82.14,81.99,82.05,1566950
1324301700000,82.05,82.11,81.96,82.04,1852640
1324301760000,82.04,82.09,82.0,82.04,379940
1324301820000,82.04,82.1,82.03,82.03,284050
1324301880000,82.03,82.17,82.03,82.09,1055610
1324301940000,82.07,82.2,82.06,82.17,1042200
1324302000000,82.2,82.39,82.13,82.31,2334110
1324302060000,82.33,82.4,82.23,82.23,719370
1324302120000,82.26,82.27,82.02,82.02,873370
1324302180000,82.02,82.15,82.02,82.07,464830
1324302240000,82.08,82.1,82.01,82.01,420020
1324302300000,82.02,82.08,81.98,82.0,893500
1324302360000,81.99,82.1,81.97,82.09,270970
1324302420000,82.05,82.16,82.05,82.1,213810
1324302480000,82.1,82.18,82.05,82.1,96970
1324302540000,82.1,82.19,82.09,82.11,159840
1324302600000,82.11,82.18,82.09,82.11,414340
1324302660000,82.13,82.18,82.08,82.08,302040
1324302720000,82.08,82.08,81.97,81.98,413170
1324302780000,81.98,82.17,81.98,82.09,304560
1324302840000,82.09,82.15,82.09,82.14,92730
1324302900000,82.11,82.12,82.07,82.1,47250
1324302960000,82.07,82.09,82.03,82.03,118610
1324303020000,82.03,82.07,81.94,82.0,468460
1324303080000,82.0,82.05,81.97,82.0,259590
1324303140000,82.0,82.14,81.97,82.14,299120
1324303200000,82.14,82.23,82.12,82.14,280960
1324303260000,82.15,82.18,82.05,82.08,321720
1324303320000,82.08,82.12,82.03,82.03,93780
1324303380000,82.03,82.03,81.94,81.96,313630
1324303440000,81.96,81.96,81.64,81.67,1066300
1324303500000,81.7,81.75,81.63,81.74,595850
1324303560000,81.74,81.78,81.7,81.74,209750
1324303620000,81.74,81.74,81.64,81.67,377850
1324303680000,81.67,81.73,81.63,81.7,419230
1324303740000,81.7,81.75,81.67,81.72,196550
1324303800000,81.72,81.78,81.69,81.72,265300
1324303860000,81.73,81.76,81.7,81.76,119480
1324303920000,81.76,81.89,81.73,81.89,280310
1324303980000,81.88,81.9,81.77,81.85,214490
1324304040000,81.85,81.86,81.82,81.84,54500
1324304100000,81.84,81.84,81.72,81.76,275880
1324304160000,81.72,81.84,81.72,81.77,172700
1324304220000,81.76,81.8,81.74,81.79,59630
1324304280000,81.77,81.78,81.75,81.77,32670
1324304340000,81.78,81.84,81.78,81.8,67710
1324304400000,81.8,81.94,81.8,81.94,236050
1324304460000,81.93,81.94,81.85,81.9,90080
1324304520000,81.93,81.95,81.87,81.94,138310
1324304580000,81.92,81.98,81.91,81.98,173330
1324304640000,81.96,81.99,81.9,81.9,172310
1324304700000,81.91,81.91,81.86,81.87,57500
1324304760000,81.87,81.93,81.86,81.89,103600
1324304820000,81.91,81.99,81.88,81.94,199930
1324304880000,81.98,82.0,81.9,81.94,142430
1324304940000,81.9,81.94,81.7,81.83,673880
1324305000000,81.8,81.89,81.78,81.79,200580
1324305060000,81.79,81.85,81.75,81.78,177890
1324305120000,81.78,81.86,81.78,81.8,739380
1324305180000,81.8,81.89,81.79,81.89,174750
1324305240000,81.89,81.91,81.85,81.86,116670
1324305300000,81.86,81.88,81.71,81.79,596970
1324305360000,81.79,81.79,81.7,81.71,219530
1324305420000,81.71,81.71,81.5,81.5,1862660
1324305480000,81.5,81.62,81.45,81.62,1934000
1324305540000,81.6,81.62,81.5,81.55,513600
1324305600000,81.54,81.59,81.47,81.51,624870
1324305660000,81.54,81.68,81.51,81.61,634700
1324305720000,81.67,81.73,81.62,81.69,175470
1324305780000,81.69,81.75,81.67,81.67,348140
1324305840000,81.68,81.8,81.64,81.8,798970
1324360800000,81.49,81.6,81.32,81.55,927340
1324360860000,81.55,81.77,81.52,81.6,961270
1324360920000,81.62,81.74,81.55,81.72,177800
1324360980000,81.71,81.76,81.52,81.6,223670
1324361040000,81.57,81.65,81.53,81.61,213390
1324361100000,81.65,81.75,81.6,81.69,262690
1324361160000,81.68,81.77,81.68,81.77,177920
1324361220000,81.75,81.82,81.69,81.7,457440
1324361280000,81.71,81.72,81.62,81.63,59600
1324361340000,81.63,81.66,81.6,81.61,119020
1324361400000,81.62,81.74,81.62,81.67,162310
1324361460000,81.7,81.7,81.64,81.7,82640
1324361520000,81.7,81.83,81.68,81.8,385910
1324361580000,81.79,81.81,81.74,81.74,202870
1324361640000,81.74,81.76,81.64,81.67,155420
1324361700000,81.66,81.75,81.66,81.75,136660
1324361760000,81.75,81.75,81.65,81.72,220210
1324361820000,81.72,81.83,81.68,81.83,221250
1324361880000,81.82,81.86,81.69,81.69,671720
1324361940000,81.69,81.73,81.62,81.71,366140
1324362000000,81.71,81.71,81.63,81.65,386930
1324362060000,81.65,81.68,81.64,81.68,472970
1324362120000,81.68,81.75,81.65,81.7,375360
1324362180000,81.7,81.7,81.61,81.64,225500
1324362240000,81.64,81.65,81.43,81.47,778630
1324362300000,81.47,81.58,81.44,81.49,567140
1324362360000,81.49,81.49,81.25,81.26,894530
1324362420000,81.26,81.3,81.13,81.28,764500
1324362480000,81.26,81.28,81.11,81.11,1658500
1324362540000,81.11,81.12,80.88,80.88,1489850
1324362600000,80.89,81.08,80.7,80.96,2127850
1324362660000,80.97,81.14,80.93,81.13,379190
1324362720000,81.12,81.14,81.03,81.06,589410
1324362780000,81.06,81.08,80.95,81.0,618180
1324362840000,81.0,81.03,80.92,81.0,448130
1324362900000,80.97,81.09,80.97,81.06,391390
1324362960000,81.05,81.07,81.0,81.06,173470
1324363020000,81.06,81.12,81.04,81.1,247680
1324363080000,81.1,81.29,81.09,81.23,577780
1324363140000,81.23,81.27,81.19,81.2,207470
1324363200000,81.22,81.25,81.11,81.16,144870
1324363260000,81.13,81.2,81.1,81.19,185520
1324363320000,81.19,81.2,81.1,81.12,256720
1324363380000,81.12,81.13,81.05,81.1,181460
1324363440000,81.08,81.15,81.02,81.06,136500
1324363500000,81.06,81.08,81.03,81.05,82670
1324363560000,81.05,81.11,81.0,81.07,445520
1324363620000,81.1,81.31,81.1,81.3,560120
1324363680000,81.27,81.27,81.2,81.25,45940
1324363740000,81.22,81.27,81.15,81.22,134910
1324363800000,81.23,81.27,81.19,81.2,61450
1324363860000,81.19,81.22,81.14,81.14,90680
1324363920000,81.14,81.23,81.14,81.23,87820
1324363980000,81.22,81.24,81.16,81.19,117370
1324364040000,81.23,81.24,81.15,81.15,56230
1324364100000,81.15,81.21,81.15,81.2,255270
1324364160000,81.17,81.2,81.16,81.18,41570
1324364220000,81.2,81.24,81.18,81.24,73550
1324364280000,81.21,81.24,81.21,81.21,38550
1324364340000,81.21,81.23,81.19,81.19,49580
1324364400000,81.18,81.2,81.14,81.14,126760
1324364460000,81.14,81.2,81.13,81.13,117520
1324364520000,81.13,81.13,81.0,81.05,751100
1324364580000,81.04,81.07,81.0,81.0,1365400
1324364640000,81.0,81.19,81.0,81.14,385040
1324364700000,81.14,81.14,81.03,81.05,121690
1324364760000,81.05,81.15,81.05,81.1,217800
1324364820000,81.1,81.16,81.1,81.15,76440
1324364880000,81.14,81.19,81.1,81.17,193450
1324364940000,81.15,81.3,81.15,81.3,186850
1324365000000,81.3,81.44,81.3,81.4,857920
1324365060000,81.39,81.4,81.28,81.31,341920
1324365120000,81.31,81.4,81.31,81.36,180170
1324365180000,81.37,81.38,81.31,81.31,69630
1324365240000,81.31,81.4,81.3,81.37,237390
1324365300000,81.38,81.42,81.33,81.33,160530
1324365360000,81.33,81.34,81.23,81.31,324490
1324365420000,81.34,81.42,81.34,81.34,370390
1324365480000,81.33,81.36,81.15,81.17,540800
1324365540000,81.24,81.3,81.2,81.26,45250
1324365600000,81.25,81.28,81.19,81.24,128960
1324365660000,81.28,81.4,81.24,81.35,226760
1324365720000,81.35,81.35,81.28,81.32,130660
1324365780000,81.32,81.32,81.23,81.24,51310
1324365840000,81.25,81.27,81.19,81.2,265630
1324365900000,81.19,81.19,81.06,81.1,504480
1324365960000,81.13,81.2,81.1,81.15,99560
1324366020000,81.15,81.19,81.11,81.17,100240
1324366080000,81.17,81.29,81.15,81.22,123270
1324366140000,81.27,81.28,81.19,81.19,84500
1324366200000,81.17,81.19,81.17,81.17,9650
1324366260000,81.17,81.19,81.16,81.17,25060
1324366320000,81.18,81.19,81.16,81.16,18950
1324366380000,81.16,81.19,81.13,81.13,66310
1324366440000,81.12,81.13,81.08,81.08,69640
1324366500000,81.08,81.12,81.07,81.09,41080
1324366560000,81.1,81.11,81.09,81.11,15100
1324366620000,81.11,81.16,81.1,81.15,25150
1324366680000,81.14,81.24,81.13,81.2,244710
1324366740000,81.21,81.22,81.14,81.16,65550
1324366800000,81.15,81.2,81.13,81.2,79370
1324366860000,81.2,81.3,81.2,81.21,93210
1324366920000,81.21,81.24,81.1,81.1,132720
1324366980000,81.13,81.18,81.08,81.18,117060
1324367040000,81.18,81.19,81.1,81.1,97330
1324367100000,81.1,81.15,81.1,81.12,159480
1324367160000,81.12,81.17,81.1,81.14,197680
1324367220000,81.12,81.12,81.03,81.11,365720
1324367280000,81.1,81.12,81.05,81.1,88150
1324367340000,81.1,81.14,81.1,81.14,56910
1324367400000,81.13,81.13,81.11,81.13,12560
1324367460000,81.11,81.14,81.11,81.14,33710
1324367520000,81.15,81.23,81.13,81.22,204090
1324367580000,81.23,81.31,81.2,81.27,218310
1324367640000,81.26,81.28,81.2,81.2,198980
1324367700000,81.21,81.28,81.21,81.28,38200
1324367760000,81.25,81.28,81.2,81.22,90240
1324367820000,81.23,81.23,81.19,81.23,39130
1324367880000,81.21,81.25,81.21,81.25,390120
1324367940000,81.25,81.26,81.18,81.25,112490
1324368000000,81.23,81.27,81.13,81.21,371560
1324368060000,81.2,81.22,81.13,81.2,114770
1324368120000,81.21,81.28,81.15,81.15,413060
1324368180000,81.17,81.2,81.1,81.15,205540
1324368240000,81.16,81.18,81.04,81.08,244330
1324368300000,81.04,81.12,80.8,80.83,2067220
1324368360000,80.82,80.91,80.82,80.87,425820
1324368420000,80.87,80.9,80.61,80.64,1603250
1324368480000,80.65,80.75,80.62,80.73,645930
1324368540000,80.73,80.8,80.7,80.8,380140
1324368600000,80.79,81.06,80.79,81.0,1728980
1324368660000,81.0,81.06,80.93,81.01,341990
1324368720000,81.03,81.03,80.73,80.77,829660
1324368780000,80.75,80.9,80.75,80.89,309310
1324368840000,80.89,81.09,80.89,81.05,769710
1324368900000,81.05,81.06,80.91,80.93,436540
1324368960000,80.93,81.0,80.92,80.97,521190
1324369020000,80.96,80.98,80.92,80.94,74890
1324369080000,80.94,81.0,80.91,80.93,245230
1324369140000,80.94,80.94,80.84,80.84,179180
1324369200000,80.87,80.99,80.83,80.83,208180
1324369260000,80.83,80.85,80.71,80.72,378300
1324369320000,80.72,80.87,80.7,80.75,299840
1324369380000,80.76,80.92,80.74,80.86,208740
1324369440000,80.87,80.9,80.83,80.85,96910
1324369500000,80.85,80.86,80.77,80.83,135140
1324369560000,80.83,80.88,80.83,80.88,157980
1324369620000,80.89,80.95,80.8,80.88,166060
1324369680000,80.89,80.9,80.87,80.9,95010
1324369740000,80.9,80.94,80.87,80.91,83380
1324369800000,80.89,80.9,80.81,80.9,144620
1324369860000,80.9,80.91,80.84,80.84,26890
1324369920000,80.88,80.91,80.83,80.87,168470
1324369980000,80.84,80.9,80.83,80.86,83840
1324370040000,80.83,80.85,80.8,80.83,83260
1324370100000,80.83,80.97,80.8,80.97,462100
1324370160000,80.98,81.03,80.93,81.02,753820
1324370220000,81.04,81.09,81.02,81.04,217870
1324370280000,81.04,81.08,81.02,81.05,171350
1324370340000,81.05,81.09,81.03,81.04,114900
1324370400000,81.04,81.08,81.02,81.05,118390
1324370460000,81.07,81.24,81.05,81.18,913640
1324370520000,81.2,81.23,81.18,81.2,439260
1324370580000,81.2,81.25,81.15,81.24,326950
1324370640000,81.24,81.25,81.15,81.15,378080
1324370700000,81.15,81.2,81.14,81.17,97520
1324370760000,81.17,81.19,81.14,81.19,57540
1324370820000,81.19,81.2,81.11,81.11,162100
1324370880000,81.14,81.14,81.07,81.1,115440
1324370940000,81.1,81.12,81.07,81.1,43670
1324371000000,81.1,81.12,81.06,81.08,93390
1324371060000,81.1,81.18,81.09,81.18,213670
1324371120000,81.18,81.18,81.12,81.13,57110
1324371180000,81.15,81.17,81.12,81.17,40740
1324371240000,81.17,81.18,81.14,81.17,54340
1324371300000,81.17,81.18,81.09,81.09,454370
1324371360000,81.1,81.14,81.09,81.11,116800
1324371420000,81.12,81.14,81.02,81.04,130870
1324371480000,81.05,81.09,80.96,80.98,291830
1324371540000,80.98,81.0,80.96,81.0,146770
1324371600000,81.0,81.15,81.0,81.06,564480
1324371660000,81.08,81.1,81.01,81.03,199080
1324371720000,81.03,81.07,81.0,81.07,110350
1324371780000,81.07,81.12,81.01,81.07,181900
1324371840000,81.08,81.1,81.05,81.09,140100
1324371900000,81.08,81.18,81.07,81.18,474060
1324371960000,81.18,81.18,81.13,81.16,82580
1324372020000,81.17,81.17,81.11,81.15,46580
1324372080000,81.11,81.13,81.1,81.1,2530
1324372140000,81.1,81.15,81.1,81.11,103390
1324372200000,81.1,81.14,81.1,81.13,14930
1324372260000,81.1,81.13,81.07,81.08,27750
1324372320000,81.08,81.13,80.95,80.95,196900
1324372380000,80.96,80.99,80.88,80.96,335580
1324372440000,80.96,81.01,80.9,80.91,127760
1324372500000,80.9,80.99,80.9,80.97,32440
1324372560000,80.95,80.95,80.85,80.88,407230
1324372620000,80.85,80.92,80.83,80.92,119910
1324372680000,80.92,80.93,80.87,80.9,146440
1324372740000,80.88,80.94,80.86,80.91,50260
1324372800000,80.91,80.94,80.91,80.91,38000
1324372860000,80.91,80.93,80.9,80.9,71150
1324372920000,80.9,80.92,80.86,80.9,95630
1324372980000,80.92,80.93,80.87,80.87,38520
1324373040000,80.87,80.88,80.81,80.81,157330
1324373100000,80.81,80.82,80.72,80.73,439230
1324373160000,80.74,80.85,80.73,80.84,145710
1324373220000,80.84,80.86,80.8,80.86,88870
1324373280000,80.86,80.86,80.8,80.83,164350
1324373340000,80.83,80.85,80.81,80.85,31170
1324373400000,80.85,80.85,80.8,80.8,31380
1324373460000,80.82,80.83,80.76,80.76,71230
1324373520000,80.78,80.8,80.69,80.69,791910
1324373580000,80.69,80.7,80.17,80.23,3918790
1324373640000,80.24,80.36,80.16,80.33,1049040
1324373700000,80.32,80.36,80.26,80.34,578630
1324373760000,80.35,80.4,80.28,80.36,669410
1324373820000,80.36,80.36,80.2,80.31,675100
1324373880000,80.3,80.41,80.25,80.33,391460
1324373940000,80.33,80.33,80.12,80.18,593560
1324374000000,80.17,80.2,80.12,80.17,716500
1324374060000,80.19,80.29,80.17,80.28,351690
1324374120000,80.26,80.28,80.15,80.2,353550
1324374180000,80.22,80.28,80.2,80.25,321900
1324374240000,80.25,80.25,80.18,80.24,154470
1324374300000,80.24,80.25,80.12,80.19,433600
1324374360000,80.2,80.43,80.19,80.33,663200
1324374420000,80.33,80.33,80.25,80.3,209780
1324374480000,80.31,80.35,80.27,80.28,261590
1324374540000,80.28,80.36,80.22,80.35,524100
1324374600000,80.35,80.63,80.34,80.56,2527670
1324374660000,80.56,80.58,80.44,80.5,337970
1324374720000,80.5,80.63,80.48,80.62,833590
1324374780000,80.62,80.63,80.53,80.58,214690
1324374840000,80.58,80.6,80.55,80.6,347220
1324374900000,80.61,80.64,80.57,80.64,418930
1324374960000,80.63,80.65,80.48,80.48,628590
1324375020000,80.48,80.6,80.48,80.6,503530
1324375080000,80.57,80.6,80.47,80.5,482440
1324375140000,80.5,80.54,80.47,80.49,482650
1324375200000,80.49,80.53,80.42,80.48,368450
1324375260000,80.48,80.55,80.46,80.48,301800
1324375320000,80.48,80.5,80.41,80.5,76410
1324375380000,80.49,80.5,80.45,80.47,217850
1324375440000,80.48,80.5,80.44,80.45,155160
1324375500000,80.45,80.45,80.4,80.45,220340
1324375560000,80.44,80.49,80.43,80.43,76800
1324375620000,80.45,80.49,80.43,80.49,50240
1324375680000,80.49,80.5,80.41,80.41,96000
1324375740000,80.42,80.43,80.33,80.36,190040
1324375800000,80.38,80.47,80.37,80.47,106430
1324375860000,80.48,80.54,80.48,80.48,150960
1324375920000,80.49,80.5,80.42,80.46,284690
1324375980000,80.48,80.48,80.39,80.41,182670
1324376040000,80.41,80.44,80.37,80.43,81650
1324376100000,80.43,80.48,80.34,80.34,219420
1324376160000,80.34,80.41,80.32,80.36,90320
1324376220000,80.36,80.44,80.36,80.41,66530
1324376280000,80.41,80.48,80.4,80.47,70750
1324376340000,80.47,80.48,80.44,80.45,100120
1324376400000,80.48,80.48,80.46,80.48,194330
1324376460000,80.48,80.55,80.47,80.52,188300
1324376520000,80.52,80.69,80.52,80.68,427260
1324376580000,80.68,80.68,80.59,80.64,92100
1324376640000,80.64,80.7,80.64,80.67,190060
1324376700000,80.67,80.7,80.57,80.61,1474500
1324376760000,80.57,80.61,80.56,80.6,123460
1324376820000,80.6,80.64,80.6,80.63,125850
1324376880000,80.64,80.65,80.62,80.62,62060
1324376940000,80.62,80.63,80.6,80.62,74650
1324377000000,80.62,80.64,80.6,80.6,182830
1324377060000,80.61,80.64,80.55,80.61,231420
1324377120000,80.62,80.62,80.46,80.46,598380
1324377180000,80.49,80.53,80.39,80.44,1793670
1324377240000,80.46,80.48,80.33,80.45,478270
1324377300000,80.44,80.51,80.39,80.5,128380
1324377360000,80.5,80.55,80.5,80.51,41280
1324377420000,80.52,80.6,80.52,80.57,80690
1324377480000,80.54,80.58,80.53,80.58,78970
1324377540000,80.58,80.61,80.57,80.58,111090
1324377600000,80.59,80.69,80.58,80.66,196660
1324377660000,80.66,80.68,80.59,80.67,25810
1324377720000,80.67,80.69,80.62,80.67,91700
1324377780000,80.68,80.75,80.67,80.72,380070
1324377840000,80.73,80.85,80.73,80.82,475100
1324377900000,80.82,80.84,80.78,80.78,156740
1324377960000,80.78,80.81,80.72,80.8,293030
1324378020000,80.76,80.87,80.76,80.8,194980
1324378080000,80.81,80.85,80.8,80.81,183440
1324378140000,80.81,80.85,80.81,80.82,82660
1324378200000,80.82,80.83,80.76,80.82,60550
1324378260000,80.84,80.97,80.84,80.95,468500
1324378320000,80.95,80.96,80.85,80.85,199020
1324378380000,80.85,80.88,80.8,80.8,159000
1324378440000,80.83,80.94,80.79,80.94,85610
1324378500000,80.91,81.03,80.91,81.0,1024360
1324378560000,81.0,81.05,80.97,81.02,597850
1324378620000,81.02,81.11,81.0,81.1,697890
1324378680000,81.1,81.1,80.9,80.93,566300
1324378740000,80.92,81.06,80.9,80.97,918270
1324378800000,81.0,81.06,80.95,81.05,306590
1324378860000,81.04,81.07,80.92,80.92,694660
1324378920000,80.94,80.94,80.78,80.83,481920
1324378980000,80.85,80.99,80.85,80.98,338980
1324379040000,80.96,80.99,80.95,80.99,36430
1324379100000,80.99,81.04,80.99,81.0,154170
1324379160000,81.03,81.09,81.01,81.04,236900
1324379220000,81.05,81.09,81.0,81.04,324060
1324379280000,81.04,81.31,81.04,81.27,1426190
1324379340000,81.29,81.3,81.19,81.22,478470
1324379400000,81.21,81.23,81.16,81.22,237570
1324379460000,81.18,81.22,81.15,81.19,329940
1324379520000,81.19,81.22,81.13,81.16,167730
1324379580000,81.16,81.2,81.1,81.11,508470
1324379640000,81.11,81.21,81.11,81.21,302930
1324379700000,81.22,81.3,81.2,81.29,563920
1324379760000,81.27,81.33,81.26,81.33,164240
1324379820000,81.33,81.33,81.25,81.28,169280
1324379880000,81.27,81.3,81.24,81.26,177320
1324379940000,81.26,81.28,81.23,81.24,103020
1324380000000,81.24,81.28,81.17,81.17,166850
1324380060000,81.18,81.2,81.15,81.15,112380
1324380120000,81.15,81.2,81.13,81.17,322060
1324380180000,81.17,81.26,81.12,81.12,486070
1324380240000,81.12,81.2,81.11,81.18,118820
1324380300000,81.17,81.31,81.12,81.27,629400
1324380360000,81.29,81.33,81.25,81.32,250460
1324380420000,81.29,81.5,81.29,81.45,1668710
1324380480000,81.46,81.74,81.45,81.7,2359210
1324380540000,81.7,82.05,81.7,82.01,3252800
1324380600000,82.03,82.24,82.02,82.23,1763200
1324380660000,82.23,82.32,82.2,82.32,1285680
1324380720000,82.31,82.42,82.16,82.24,2362880
1324380780000,82.18,82.23,82.06,82.06,933050
1324380840000,82.08,82.09,81.95,82.01,1932200
1324380900000,82.0,82.01,81.9,81.93,778710
1324380960000,81.93,81.96,81.91,81.93,396790
1324381020000,81.95,81.97,81.93,81.97,298930
1324381080000,81.97,82.0,81.95,81.95,545050
1324381140000,81.98,81.99,81.93,81.96,234220
1324381200000,81.96,81.98,81.9,81.93,319690
1324381260000,81.9,81.91,81.74,81.78,724800
1324381320000,81.8,81.8,81.71,81.76,540290
1324381380000,81.73,81.75,81.63,81.7,410910
1324381440000,81.71,81.8,81.7,81.8,361700
1324381500000,81.8,81.82,81.77,81.8,259500
1324381560000,81.78,81.79,81.68,81.68,257980
1324381620000,81.7,81.7,81.52,81.54,559950
1324381680000,81.52,81.68,81.51,81.6,682610
1324381740000,81.6,81.61,81.47,81.5,751590
1324381800000,81.47,81.63,81.46,81.51,707330
1324381860000,81.51,81.6,81.46,81.47,851670
1324381920000,81.49,81.5,81.44,81.46,177050
1324381980000,81.48,81.65,81.47,81.61,459130
1324382040000,81.61,81.67,81.6,81.61,295370
1324382100000,81.63,81.65,81.5,81.62,686130
1324382160000,81.62,81.65,81.56,81.65,181390
1324382220000,81.63,81.65,81.51,81.51,358070
1324382280000,81.53,81.55,81.52,81.55,72200
1324382340000,81.55,81.59,81.46,81.5,384450
1324382400000,81.5,81.62,81.48,81.53,309760
1324382460000,81.52,81.54,81.47,81.52,133070
1324382520000,81.52,81.54,81.46,81.5,200470
1324382580000,81.5,81.5,81.35,81.45,481610
1324382640000,81.45,81.45,81.36,81.38,157760
1324382700000,81.38,81.42,81.35,81.41,303470
1324382760000,81.43,81.49,81.38,81.49,545700
1324382820000,81.48,81.51,81.48,81.49,153490
1324382880000,81.5,81.5,81.37,81.38,109670
1324382940000,81.37,81.37,81.26,81.3,534710
1324383000000,81.31,81.34,81.27,81.32,146460
1324383060000,81.32,81.37,81.29,81.32,147560
1324383120000,81.34,81.36,81.3,81.36,119920
1324383180000,81.36,81.43,81.35,81.35,114090
1324383240000,81.4,81.45,81.36,81.42,80440
1324383300000,81.44,81.44,81.37,81.39,85260
1324383360000,81.4,81.4,81.36,81.4,41120
1324383420000,81.39,81.39,81.32,81.36,87130
1324383480000,81.33,81.35,81.27,81.29,408690
1324383540000,81.3,81.38,81.29,81.38,618390
1324383600000,81.38,81.57,81.37,81.55,428890
1324383660000,81.55,81.74,81.54,81.73,531360
1324383720000,81.72,81.74,81.61,81.61,789580
1324383780000,81.61,81.7,81.61,81.67,390410
1324383840000,81.69,81.8,81.65,81.8,952640
1324383900000,81.81,81.83,81.69,81.71,971710
1324383960000,81.71,81.71,81.63,81.63,201340
1324384020000,81.63,81.65,81.6,81.63,122500
1324384080000,81.64,81.69,81.61,81.65,104830
1324384140000,81.67,81.68,81.6,81.6,316030
1324384200000,81.6,81.79,81.58,81.63,428810
1324384260000,81.65,81.7,81.63,81.69,67720
1324384320000,81.65,81.65,81.56,81.65,194420
1324384380000,81.62,81.66,81.61,81.65,213190
1324384440000,81.66,81.7,81.64,81.65,195740
1324384500000,81.64,81.73,81.64,81.7,427200
1324384560000,81.7,81.9,81.67,81.83,539920
1324384620000,81.88,81.88,81.77,81.84,311620
1324384680000,81.84,81.93,81.84,81.85,585520
1324384740000,81.87,82.1,81.87,82.03,1041550
1324384800000,82.05,82.3,82.03,82.12,2181600
1324384860000,82.13,82.27,82.07,82.14,1126600
1324384920000,82.12,82.33,82.1,82.18,2067160
1324384980000,82.17,82.19,82.03,82.11,1320610
1324385040000,82.11,82.13,81.91,81.96,762090
1324385100000,81.96,81.99,81.76,81.93,590020
1324385160000,81.95,81.99,81.91,81.96,211950
1324385220000,81.93,81.95,81.86,81.89,250320
1324385280000,81.89,81.91,81.87,81.91,146140
1324385340000,81.9,81.94,81.85,81.85,343440
1324385400000,81.85,82.0,81.84,81.96,376380
1324385460000,81.98,82.09,81.98,82.03,339410
1324385520000,82.04,82.05,81.98,82.02,284620
1324385580000,82.0,82.02,81.98,82.01,104600
1324385640000,82.01,82.12,82.0,82.1,501960
1324385700000,82.11,82.13,82.06,82.07,137940
1324385760000,82.07,82.07,81.94,82.0,945310
1324385820000,82.01,82.05,81.93,81.95,281300
1324385880000,81.98,81.98,81.9,81.92,356420
1324385940000,81.91,81.94,81.89,81.94,319280
1324386000000,81.94,82.06,81.94,82.03,654890
1324386060000,82.05,82.07,81.96,81.98,459980
1324386120000,81.96,81.97,81.9,81.91,290150
1324386180000,81.92,81.95,81.82,81.85,402960
1324386240000,81.89,81.91,81.82,81.85,267680
1324386300000,81.83,81.86,81.73,81.73,450870
1324386360000,81.73,81.75,81.64,81.71,499790
1324386420000,81.71,81.81,81.71,81.73,359380
1324386480000,81.73,81.79,81.71,81.72,356120
1324386540000,81.74,81.79,81.71,81.71,173780
1324386600000,81.71,81.8,81.7,81.76,181540
1324386660000,81.73,81.9,81.73,81.85,200430
1324386720000,81.85,81.89,81.83,81.85,106930
1324386780000,81.87,81.87,81.73,81.77,179480
1324386840000,81.81,81.87,81.8,81.82,56410
1324386900000,81.83,81.9,81.83,81.88,198060
1324386960000,81.9,81.92,81.81,81.81,39300
1324387020000,81.81,81.85,81.79,81.81,130720
1324387080000,81.84,81.99,81.84,81.86,319850
1324387140000,81.88,81.97,81.85,81.89,177100
1324387200000,81.89,81.99,81.86,81.89,119150
1324387260000,81.89,81.93,81.87,81.9,94790
1324387320000,81.89,81.96,81.87,81.9,246110
1324387380000,81.9,81.93,81.87,81.87,200630
1324387440000,81.86,81.9,81.83,81.83,136560
1324387500000,81.83,81.85,81.82,81.82,401100
1324387560000,81.82,81.86,81.81,81.86,104300
1324387620000,81.85,81.88,81.75,81.77,199450
1324387680000,81.77,81.79,81.7,81.76,389940
1324387740000,81.76,81.8,81.7,81.78,185140
1324387800000,81.78,82.0,81.71,81.72,733410
1324387860000,81.75,81.75,81.6,81.7,458550
1324387920000,81.69,81.84,81.68,81.79,212800
1324387980000,81.78,81.89,81.78,81.83,191990
1324388040000,81.88,81.88,81.81,81.81,155440
1324388100000,81.82,81.89,81.75,81.87,350730
1324388160000,81.89,82.07,81.83,81.96,1116530
1324388220000,81.99,82.05,81.94,81.98,299060
1324388280000,81.98,81.98,81.91,81.92,105530
1324388340000,81.92,82.05,81.91,82.05,353120
1324388400000,82.05,82.14,82.02,82.13,562420
1324388460000,82.13,82.13,81.9,81.9,381710
1324388520000,81.9,82.0,81.9,81.92,149710
1324388580000,81.91,82.04,81.91,82.04,216950
1324388640000,82.03,82.08,81.99,82.03,129290
1324388700000,82.03,82.11,82.02,82.1,385340
1324388760000,82.07,82.12,82.02,82.08,400570
1324388820000,82.08,82.14,82.05,82.11,158840
1324388880000,82.11,82.16,82.08,82.13,722480
1324388940000,82.13,82.13,82.03,82.03,256760
1324389000000,82.05,82.09,82.03,82.08,114850
1324389060000,82.09,82.11,81.9,81.94,650750
1324389120000,81.94,82.0,81.92,82.0,270200
1324389180000,81.99,82.03,81.97,82.02,75490
1324389240000,82.0,82.09,82.0,82.04,238350
1324389300000,82.04,82.08,82.02,82.05,102360
1324389360000,82.05,82.06,81.95,82.06,272060
1324389420000,82.05,82.05,82.0,82.0,64750
1324389480000,82.0,82.01,81.94,81.95,49290
1324389540000,81.97,82.05,81.95,82.05,99770
1324389600000,82.05,82.17,82.04,82.16,1042200
1324389660000,82.15,82.29,82.07,82.18,2763760
1324389720000,82.19,82.22,82.15,82.15,318890
1324389780000,82.15,82.3,82.15,82.25,2390500
1324389840000,82.25,82.38,82.2,82.24,3427270
1324389900000,82.23,82.29,82.17,82.27,773250
1324389960000,82.27,82.37,82.25,82.33,650460
1324390020000,82.3,82.45,82.28,82.33,1562570
1324390080000,82.33,82.43,82.3,82.42,599770
1324390140000,82.42,82.49,82.38,82.49,783350
1324390200000,82.47,82.5,82.36,82.41,804020
1324390260000,82.41,82.42,82.33,82.36,193250
1324390320000,82.36,82.42,82.33,82.4,243990
1324390380000,82.39,82.48,82.35,82.46,321190
1324390440000,82.46,82.6,82.45,82.59,1595680
1324390500000,82.57,82.6,82.51,82.55,706120
1324390560000,82.56,82.58,82.33,82.42,662930
1324390620000,82.44,82.52,82.43,82.5,242790
1324390680000,82.46,82.53,82.45,82.5,383670
1324390740000,82.52,82.6,82.5,82.57,466160
1324390800000,82.55,82.58,82.41,82.41,379840
1324390860000,82.41,82.59,82.4,82.53,252580
1324390920000,82.54,82.58,82.46,82.54,376940
1324390980000,82.52,82.66,82.49,82.64,1397170
1324391040000,82.66,82.74,82.6,82.6,1835900
1324391100000,82.6,82.7,82.56,82.65,1075170
1324391160000,82.65,82.65,82.59,82.63,265340
1324391220000,82.63,82.7,82.55,82.55,856390
1324391280000,82.55,82.6,82.5,82.5,638810
1324391340000,82.51,82.52,82.4,82.45,325620
1324391400000,82.45,82.57,82.41,82.47,517490
1324391460000,82.47,82.55,82.45,82.49,276520
1324391520000,82.49,82.5,82.41,82.45,292950
1324391580000,82.45,82.5,82.44,82.47,246100
1324391640000,82.47,82.47,82.35,82.39,621300
1324391700000,82.39,82.4,82.32,82.4,295110
1324391760000,82.36,82.44,82.35,82.38,114980
1324391820000,82.39,82.5,82.39,82.45,381690
1324391880000,82.45,82.62,82.45,82.55,592710
1324391940000,82.58,82.7,82.55,82.6,1151590
1324392000000,82.64,82.68,82.48,82.5,683780
1324392060000,82.49,82.57,82.4,82.4,1279790
1324392120000,82.43,82.63,82.4,82.63,2105630
1324392180000,82.62,82.74,82.54,82.68,1659460
1324392240000,82.65,82.75,82.56,82.71,1894200
1324447200000,83.43,83.77,83.19,83.25,3660890
1324447260000,83.27,83.35,83.1,83.25,2911840
1324447320000,83.25,83.27,83.0,83.07,657500
1324447380000,83.07,83.2,83.01,83.2,515460
1324447440000,83.2,83.26,83.16,83.23,278880
1324447500000,83.23,83.28,83.21,83.23,269880
1324447560000,83.23,83.35,83.23,83.33,319850
1324447620000,83.33,83.35,83.21,83.26,422640
1324447680000,83.26,83.28,83.2,83.21,240990
1324447740000,83.22,83.25,83.11,83.15,175530
1324447800000,83.13,83.16,83.11,83.12,128320
1324447860000,83.13,83.14,83.1,83.12,271800
1324447920000,83.14,83.18,83.12,83.18,519110
1324447980000,83.17,83.28,83.17,83.22,868910
1324448040000,83.26,83.28,83.2,83.2,416010
1324448100000,83.2,83.23,83.1,83.15,330640
1324448160000,83.17,83.22,83.15,83.2,187290
1324448220000,83.2,83.21,83.2,83.21,424360
1324448280000,83.2,83.27,83.2,83.23,376070
1324448340000,83.22,83.29,83.21,83.26,163730
1324448400000,83.29,83.29,83.23,83.23,258730
1324448460000,83.24,83.28,83.22,83.23,81160
1324448520000,83.23,83.23,83.2,83.2,351990
1324448580000,83.2,83.24,83.2,83.24,120500
1324448640000,83.24,83.24,83.2,83.21,181650
1324448700000,83.21,83.23,83.2,83.22,89860
1324448760000,83.23,83.24,83.21,83.21,77300
1324448820000,83.21,83.22,83.2,83.2,410220
1324448880000,83.2,83.21,83.2,83.2,361950
1324448940000,83.2,83.22,83.16,83.16,405880
1324449000000,83.16,83.24,83.16,83.2,290960
1324449060000,83.2,83.2,83.1,83.1,519050
1324449120000,83.11,83.14,82.92,82.95,1804220
1324449180000,82.95,82.96,82.83,82.96,661990
1324449240000,82.95,83.04,82.95,83.04,311290
1324449300000,83.04,83.08,83.0,83.0,234990
1324449360000,83.0,83.0,82.94,82.95,125370
1324449420000,82.95,82.97,82.92,82.96,132460
1324449480000,82.92,82.99,82.92,82.95,180140
1324449540000,82.93,82.95,82.91,82.92,195380
1324449600000,82.91,82.99,82.86,82.89,412690
1324449660000,82.88,82.89,82.75,82.8,902740
1324449720000,82.8,82.8,82.44,82.57,2387200
1324449780000,82.57,82.62,82.52,82.62,512750
1324449840000,82.62,82.7,82.6,82.69,412130
1324449900000,82.69,82.69,82.61,82.64,276020
1324449960000,82.66,82.69,82.63,82.69,178280
1324450020000,82.69,82.83,82.65,82.83,353280
1324450080000,82.83,82.93,82.8,82.93,386050
1324450140000,82.93,82.93,82.86,82.86,252800
1324450200000,82.86,82.91,82.85,82.87,338180
1324450260000,82.88,82.96,82.87,82.9,269460
1324450320000,82.89,82.96,82.89,82.92,52860
1324450380000,82.92,82.97,82.92,82.96,140470
1324450440000,82.97,83.06,82.93,83.04,435360
1324450500000,83.03,83.03,82.85,82.88,223980
1324450560000,82.87,82.91,82.86,82.9,43090
1324450620000,82.91,83.0,82.9,82.94,205130
1324450680000,82.99,82.99,82.86,82.92,143790
1324450740000,82.9,82.9,82.76,82.8,420700
1324450800000,82.8,82.9,82.78,82.84,441160
1324450860000,82.85,82.89,82.82,82.82,447850
1324450920000,82.82,82.85,82.79,82.8,193750
1324450980000,82.8,82.82,82.77,82.8,257000
1324451040000,82.8,82.87,82.8,82.86,230420
1324451100000,82.86,82.93,82.83,82.92,230670
1324451160000,82.92,83.02,82.91,83.02,172630
1324451220000,83.0,83.1,83.0,83.08,426930
1324451280000,83.08,83.12,83.06,83.12,659040
1324451340000,83.12,83.24,83.11,83.21,953790
1324451400000,83.21,83.24,83.13,83.2,718080
1324451460000,83.19,83.22,83.13,83.17,499930
1324451520000,83.17,83.32,83.15,83.3,1098670
1324451580000,83.29,83.31,83.2,83.23,865730
1324451640000,83.25,83.26,83.16,83.24,1176290
1324451700000,83.24,83.29,83.23,83.23,927990
1324451760000,83.23,83.25,83.16,83.16,291890
1324451820000,83.19,83.19,83.13,83.18,357620
1324451880000,83.18,83.18,83.15,83.15,93010
1324451940000,83.16,83.17,83.13,83.16,141300
1324452000000,83.14,83.16,83.12,83.15,76740
1324452060000,83.15,83.15,83.05,83.13,628380
1324452120000,83.13,83.17,83.08,83.1,402950
1324452180000,83.12,83.12,83.08,83.08,112990
1324452240000,83.09,83.12,83.05,83.1,284730
1324452300000,83.1,83.11,83.05,83.09,353530
1324452360000,83.09,83.1,83.06,83.07,302160
1324452420000,83.09,83.1,82.95,83.07,439870
1324452480000,83.05,83.07,82.95,83.0,289540
1324452540000,83.0,83.1,82.99,83.08,250080
1324452600000,83.08,83.13,83.08,83.1,135890
1324452660000,83.12,83.12,83.04,83.07,192510
1324452720000,83.06,83.13,83.04,83.11,69850
1324452780000,83.1,83.11,83.07,83.11,79740
1324452840000,83.1,83.3,83.08,83.25,1331500
1324452900000,83.24,83.32,83.23,83.24,522220
1324452960000,83.25,83.27,83.2,83.26,192080
1324453020000,83.26,83.29,83.24,83.26,91300
1324453080000,83.26,83.28,83.21,83.25,103310
1324453140000,83.26,83.29,83.15,83.23,503600
1324453200000,83.19,83.26,83.19,83.24,118430
1324453260000,83.24,83.26,83.21,83.26,95490
1324453320000,83.26,83.3,83.25,83.29,199850
1324453380000,83.29,83.31,83.27,83.3,155940
1324453440000,83.31,83.41,83.3,83.33,887060
1324453500000,83.37,83.37,83.26,83.31,440000
1324453560000,83.3,83.34,83.24,83.27,554680
1324453620000,83.29,83.32,83.25,83.26,317320
1324453680000,83.26,83.35,83.26,83.34,122720
1324453740000,83.34,83.38,83.31,83.38,115340
1324453800000,83.38,83.39,83.3,83.35,140060
1324453860000,83.33,83.33,83.28,83.29,192940
1324453920000,83.28,83.29,83.22,83.24,249450
1324453980000,83.23,83.27,83.23,83.25,47270
1324454040000,83.24,83.37,83.24,83.37,246880
1324454100000,83.36,83.38,83.33,83.37,346280
1324454160000,83.38,83.39,83.34,83.37,200320
1324454220000,83.38,83.39,83.33,83.34,208910
1324454280000,83.36,83.39,83.36,83.38,78150
1324454340000,83.37,83.38,83.3,83.35,221020
1324454400000,83.32,83.36,83.22,83.31,531180
1324454460000,83.31,83.4,83.3,83.37,477080
1324454520000,83.39,83.39,83.27,83.29,179260
1324454580000,83.3,83.38,83.28,83.37,174170
1324454640000,83.34,83.37,83.3,83.3,25840
1324454700000,83.31,83.33,83.21,83.21,346440
1324454760000,83.21,83.23,83.02,83.13,886570
1324454820000,83.13,83.22,83.11,83.17,275320
1324454880000,83.17,83.21,83.12,83.15,362460
1324454940000,83.15,83.28,83.14,83.23,114170
1324455000000,83.23,83.29,83.16,83.18,198290
1324455060000,83.18,83.19,83.02,83.17,741660
1324455120000,83.16,83.16,83.0,83.03,790900
1324455180000,83.04,83.1,82.89,83.0,872640
1324455240000,83.0,83.14,82.97,83.06,423090
1324455300000,83.05,83.18,83.05,83.11,219270
1324455360000,83.14,83.15,83.03,83.06,486260
1324455420000,83.06,83.23,83.05,83.22,790900
1324455480000,83.22,83.28,83.18,83.21,299720
1324455540000,83.21,83.35,83.21,83.3,496720
1324455600000,83.3,83.36,83.23,83.25,861790
1324455660000,83.26,83.3,83.23,83.26,514690
1324455720000,83.27,83.29,83.23,83.24,101040
1324455780000,83.24,83.24,83.16,83.22,112350
1324455840000,83.22,83.23,83.16,83.18,70710
1324455900000,83.18,83.18,82.98,83.01,1074500
1324455960000,83.02,83.1,82.96,82.99,858150
1324456020000,82.95,83.05,82.94,82.98,265300
1324456080000,82.95,83.0,82.95,82.95,223380
1324456140000,82.95,82.97,82.92,82.96,215450
1324456200000,82.95,82.96,82.81,82.86,980990
1324456260000,82.86,82.88,82.78,82.85,639590
1324456320000,82.85,82.89,82.78,82.89,808620
1324456380000,82.89,82.96,82.86,82.94,274730
1324456440000,82.93,83.0,82.9,82.97,673830
1324456500000,82.96,82.96,82.88,82.91,105760
1324456560000,82.92,82.93,82.88,82.89,94490
1324456620000,82.89,82.92,82.88,82.91,118130
1324456680000,82.91,82.92,82.83,82.85,300490
1324456740000,82.84,82.87,82.82,82.84,343220
1324456800000,82.82,82.92,82.82,82.91,592770
1324456860000,82.91,82.94,82.86,82.87,52180
1324456920000,82.88,82.89,82.85,82.89,136780
1324456980000,82.87,82.99,82.84,82.98,488090
1324457040000,82.95,83.04,82.92,82.99,575390
1324457100000,82.99,83.1,82.93,83.1,469800
1324457160000,83.1,83.13,83.0,83.07,544510
1324457220000,83.04,83.08,83.04,83.04,25320
1324457280000,83.07,83.08,83.03,83.05,117490
1324457340000,83.05,83.05,83.01,83.04,175930
1324457400000,83.04,83.04,82.89,82.94,228350
1324457460000,82.94,82.94,82.87,82.92,107920
1324457520000,82.92,82.97,82.87,82.91,83750
1324457580000,82.89,82.92,82.8,82.8,484180
1324457640000,82.81,82.82,82.56,82.66,1317880
1324457700000,82.63,82.76,82.62,82.75,536210
1324457760000,82.73,82.76,82.7,82.71,187020
1324457820000,82.71,82.77,82.68,82.76,257140
1324457880000,82.73,82.77,82.68,82.68,240180
1324457940000,82.68,82.7,82.65,82.65,348550
1324458000000,82.66,82.67,82.56,82.56,366180
1324458060000,82.56,82.59,82.46,82.58,1419790
1324458120000,82.59,82.6,82.46,82.54,559510
1324458180000,82.5,82.63,82.48,82.6,339480
1324458240000,82.57,82.68,82.57,82.61,390300
1324458300000,82.6,82.61,82.5,82.55,252530
1324458360000,82.54,82.57,82.23,82.3,1791520
1324458420000,82.31,82.36,82.24,82.35,1595390
1324458480000,82.35,82.38,82.23,82.31,767580
1324458540000,82.26,82.33,82.26,82.31,484990
1324458600000,82.31,82.37,82.28,82.35,292410
1324458660000,82.35,82.62,82.35,82.54,711040
1324458720000,82.54,82.59,82.52,82.59,45520
1324458780000,82.57,82.66,82.56,82.65,310560
1324458840000,82.62,82.67,82.56,82.56,442440
1324458900000,82.56,82.6,82.4,82.4,492550
1324458960000,82.4,82.41,82.33,82.34,453170
1324459020000,82.34,82.43,82.33,82.43,120600
1324459080000,82.41,82.52,82.39,82.52,372420
1324459140000,82.52,82.58,82.49,82.53,172580
1324459200000,82.54,82.6,82.51,82.6,265790
1324459260000,82.6,82.66,82.53,82.53,266810
1324459320000,82.55,82.58,82.51,82.58,50350
1324459380000,82.55,82.6,82.54,82.59,83810
1324459440000,82.58,82.61,82.56,82.6,129330
1324459500000,82.6,82.61,82.5,82.59,123880
1324459560000,82.57,82.57,82.5,82.55,91650
1324459620000,82.53,82.59,82.5,82.52,75840
1324459680000,82.53,82.67,82.53,82.67,311460
1324459740000,82.65,82.7,82.6,82.7,202020
1324459800000,82.65,82.67,82.61,82.62,96140
1324459860000,82.62,82.64,82.59,82.6,238550
1324459920000,82.6,82.66,82.59,82.59,68710
1324459980000,82.59,82.59,82.52,82.55,52610
1324460040000,82.55,82.65,82.54,82.63,119820
1324460100000,82.65,82.67,82.6,82.61,156480
1324460160000,82.65,82.66,82.6,82.61,66270
1324460220000,82.61,82.65,82.59,82.64,99210
1324460280000,82.6,82.6,82.4,82.46,448140
1324460340000,82.49,82.5,82.42,82.5,140460
1324460400000,82.49,82.57,82.44,82.51,245450
1324460460000,82.48,82.56,82.45,82.54,212570
1324460520000,82.5,82.5,82.4,82.45,182020
1324460580000,82.43,82.5,82.4,82.45,221550
1324460640000,82.5,82.54,82.45,82.47,202200
1324460700000,82.47,82.5,82.46,82.47,38310
1324460760000,82.47,82.56,82.46,82.5,92850
1324460820000,82.52,82.59,82.5,82.59,159720
1324460880000,82.55,82.8,82.54,82.76,1129500
1324460940000,82.76,82.76,82.68,82.74,196440
1324461000000,82.74,82.88,82.7,82.85,535430
1324461060000,82.87,82.9,82.73,82.82,929840
1324461120000,82.85,82.95,82.82,82.9,828120
1324461180000,82.89,82.94,82.84,82.93,286220
1324461240000,82.91,82.97,82.88,82.9,378420
1324461300000,82.88,82.9,82.82,82.85,162400
1324461360000,82.85,82.85,82.8,82.8,204030
1324461420000,82.84,82.84,82.68,82.72,348160
1324461480000,82.72,82.78,82.67,82.68,203170
1324461540000,82.68,82.75,82.62,82.65,167390
1324461600000,82.65,82.66,82.56,82.58,161810
1324461660000,82.6,82.67,82.57,82.57,93630
1324461720000,82.58,82.62,82.56,82.58,60320
1324461780000,82.59,82.65,82.58,82.58,79980
1324461840000,82.62,82.63,82.52,82.59,261310
1324461900000,82.56,82.57,82.44,82.46,334510
1324461960000,82.47,82.59,82.45,82.52,90230
1324462020000,82.52,82.57,82.41,82.49,386810
1324462080000,82.46,82.55,82.44,82.52,176990
1324462140000,82.52,82.63,82.46,82.46,173910
1324462200000,82.5,82.65,82.48,82.61,281930
1324462260000,82.61,82.65,82.54,82.63,68930
1324462320000,82.65,82.68,82.61,82.63,47390
1324462380000,82.64,82.67,82.62,82.63,49810
1324462440000,82.65,82.68,82.63,82.64,49670
1324462500000,82.65,82.67,82.6,82.62,176980
1324462560000,82.65,82.65,82.55,82.56,119280
1324462620000,82.55,82.6,82.5,82.53,67070
1324462680000,82.57,82.62,82.5,82.61,199030
1324462740000,82.62,82.72,82.61,82.7,287040
1324462800000,82.72,82.74,82.65,82.65,352320
1324462860000,82.69,82.93,82.65,82.85,1274470
1324462920000,82.83,83.03,82.73,83.02,3928180
1324462980000,83.02,83.04,82.87,82.96,1754530
1324463040000,82.96,83.02,82.91,83.0,1122480
1324463100000,82.99,83.04,82.94,82.98,738150
1324463160000,82.98,83.06,82.95,82.99,596470
1324463220000,82.96,83.0,82.9,82.95,1030550
1324463280000,82.95,82.96,82.78,82.82,394870
1324463340000,82.8,82.84,82.73,82.75,356410
1324463400000,82.75,82.8,82.73,82.79,279840
1324463460000,82.8,82.85,82.73,82.83,169420
1324463520000,82.8,82.81,82.64,82.67,435500
1324463580000,82.67,82.67,82.52,82.57,1301170
1324463640000,82.58,82.62,82.52,82.55,448340
1324463700000,82.55,82.55,82.46,82.49,510280
1324463760000,82.49,82.54,82.43,82.46,453810
1324463820000,82.47,82.5,82.44,82.47,163580
1324463880000,82.49,82.5,82.35,82.38,745610
1324463940000,82.37,82.4,82.26,82.34,1367980
1324464000000,82.34,82.44,82.32,82.38,915840
1324464060000,82.38,82.39,82.11,82.2,2218170
1324464120000,82.2,82.26,82.13,82.14,746740
1324464180000,82.14,82.18,81.84,81.9,3191700
1324464240000,81.85,81.86,81.57,81.76,2817780
1324464300000,81.76,81.93,81.69,81.92,1260300
1324464360000,81.9,81.92,81.79,81.85,693030
1324464420000,81.85,81.94,81.81,81.9,422870
1324464480000,81.9,81.94,81.86,81.87,171670
1324464540000,81.87,81.92,81.83,81.9,430430
1324464600000,81.89,81.96,81.88,81.96,235910
1324464660000,81.96,82.04,81.9,81.9,1253420
1324464720000,81.96,81.99,81.7,81.75,851240
1324464780000,81.75,81.82,81.54,81.62,1233770
1324464840000,81.61,81.95,81.6,81.83,351670
1324464900000,81.86,81.87,81.77,81.84,199520
1324464960000,81.81,81.86,81.68,81.75,312280
1324465020000,81.74,81.8,81.7,81.72,145370
1324465080000,81.76,81.76,81.57,81.69,690830
1324465140000,81.69,81.75,81.61,81.61,483780
1324465200000,81.61,81.69,81.3,81.37,2532150
1324465260000,81.33,81.37,81.0,81.11,2804260
1324465320000,81.07,81.29,81.03,81.27,1500610
1324465380000,81.27,81.29,81.1,81.2,943410
1324465440000,81.2,81.4,81.2,81.4,706710
1324465500000,81.4,81.52,81.39,81.5,824660
1324465560000,81.5,81.59,81.45,81.45,642800
1324465620000,81.45,81.67,81.43,81.67,578880
1324465680000,81.65,81.98,81.65,81.91,1802120
1324465740000,81.91,82.06,81.89,81.95,2993370
1324465800000,81.96,81.96,81.8,81.91,862530
1324465860000,81.92,82.08,81.88,82.08,510150
1324465920000,82.07,82.19,81.9,81.92,985800
1324465980000,81.92,82.0,81.9,81.95,310270
1324466040000,81.96,82.02,81.93,81.94,359760
1324466100000,81.93,81.93,81.74,81.82,585670
1324466160000,81.82,82.0,81.81,81.95,322980
1324466220000,81.95,82.0,81.94,82.0,223520
1324466280000,82.0,82.01,81.92,81.92,141660
1324466340000,81.93,81.98,81.86,81.92,83770
1324466400000,81.96,82.1,81.9,82.0,1350260
1324466460000,82.0,82.03,81.94,81.94,274040
1324466520000,81.94,81.97,81.82,81.83,188250
1324466580000,81.85,81.85,81.75,81.79,159200
1324466640000,81.78,81.8,81.7,81.8,479340
1324466700000,81.81,81.85,81.75,81.75,198730
1324466760000,81.75,81.91,81.75,81.86,366770
1324466820000,81.86,81.98,81.86,81.89,150660
1324466880000,81.89,81.93,81.74,81.76,219450
1324466940000,81.8,81.88,81.7,81.7,343710
1324467000000,81.7,81.75,81.53,81.64,668560
1324467060000,81.64,81.69,81.53,81.57,399870
1324467120000,81.6,81.6,81.43,81.46,595630
1324467180000,81.48,81.52,81.34,81.39,1044260
1324467240000,81.4,81.51,81.39,81.5,999890
1324467300000,81.5,81.5,81.42,81.44,339400
1324467360000,81.45,81.5,81.37,81.44,331360
1324467420000,81.4,81.44,81.22,81.33,662720
1324467480000,81.33,81.5,81.33,81.4,819750
1324467540000,81.36,81.4,81.2,81.3,589950
1324467600000,81.31,81.44,81.2,81.26,500490
1324467660000,81.24,81.37,81.17,81.29,436960
1324467720000,81.31,81.55,81.31,81.54,583430
1324467780000,81.52,81.55,81.37,81.43,348050
1324467840000,81.43,81.51,81.34,81.45,173300
1324467900000,81.42,81.45,81.37,81.45,104390
1324467960000,81.45,81.5,81.45,81.49,128620
1324468020000,81.48,81.63,81.48,81.6,347370
1324468080000,81.6,81.65,81.58,81.58,183800
1324468140000,81.59,81.65,81.55,81.65,240300
1324468200000,81.65,81.69,81.5,81.52,316110
1324468260000,81.53,81.53,81.42,81.5,105290
1324468320000,81.5,81.53,81.29,81.3,479750
1324468380000,81.29,81.3,80.87,80.96,3491030
1324468440000,81.04,81.25,80.99,81.08,907700
1324468500000,81.06,81.06,80.83,80.93,928560
1324468560000,80.93,81.1,80.93,81.05,353070
1324468620000,81.05,81.19,81.02,81.18,220830
1324468680000,81.18,81.21,81.13,81.17,386300
1324468740000,81.17,81.17,81.05,81.05,306660
1324468800000,81.05,81.05,80.89,80.94,688880
1324468860000,80.95,81.12,80.92,81.05,286220
1324468920000,81.05,81.22,81.02,81.22,527630
1324468980000,81.22,81.28,81.19,81.23,312150
1324469040000,81.25,81.27,81.07,81.1,248130
1324469100000,81.09,81.21,80.98,81.21,739190
1324469160000,81.19,81.26,81.12,81.25,340810
1324469220000,81.25,81.3,81.15,81.21,654880
1324469280000,81.2,81.28,81.12,81.2,741930
1324469340000,81.2,81.25,81.0,81.11,961820
1324469400000,81.1,81.12,81.03,81.07,176930
1324469460000,81.1,81.19,81.06,81.19,183860
1324469520000,81.19,81.24,81.16,81.2,110210
1324469580000,81.2,81.26,81.2,81.24,258520
1324469640000,81.24,81.32,81.22,81.31,429350
1324469700000,81.28,81.29,81.2,81.23,313470
1324469760000,81.21,81.26,81.18,81.2,600310
1324469820000,81.2,81.31,81.15,81.24,486480
1324469880000,81.24,81.3,81.24,81.3,111580
1324469940000,81.31,81.39,81.3,81.38,218700
1324470000000,81.34,81.47,81.33,81.44,344170
1324470060000,81.44,81.47,81.37,81.43,170850
1324470120000,81.42,81.46,81.4,81.41,139360
1324470180000,81.41,81.41,81.32,81.32,133020
1324470240000,81.32,81.39,81.31,81.38,20740
1324470300000,81.37,81.4,81.34,81.4,54870
1324470360000,81.38,81.41,81.36,81.4,66440
1324470420000,81.41,81.41,81.3,81.32,236560
1324470480000,81.34,81.35,81.2,81.27,789870
1324470540000,81.28,81.28,81.02,81.12,778030
1324470600000,81.12,81.17,81.05,81.12,229800
1324470660000,81.1,81.22,81.06,81.17,279500
1324470720000,81.21,81.26,81.11,81.14,275340
1324470780000,81.14,81.21,81.08,81.21,256210
1324470840000,81.21,81.36,81.1,81.13,295370
1324470900000,81.13,81.15,81.07,81.13,198570
1324470960000,81.12,81.15,81.04,81.07,270860
1324471020000,81.06,81.1,80.88,81.0,1063480
1324471080000,81.0,81.15,80.94,81.1,225950
1324471140000,81.1,81.24,81.08,81.19,235980
1324471200000,81.19,81.22,81.16,81.16,135810
1324471260000,81.16,81.21,81.12,81.13,106570
1324471320000,81.15,81.22,81.04,81.07,318570
1324471380000,81.1,81.11,80.84,80.94,721280
1324471440000,80.96,81.16,80.96,81.03,515980
1324471500000,81.03,81.07,80.77,80.85,877460
1324471560000,80.8,80.96,80.8,80.94,525030
1324471620000,80.94,80.98,80.77,80.79,610450
1324471680000,80.8,80.83,80.63,80.75,1208410
1324471740000,80.71,80.87,80.7,80.84,698440
1324471800000,80.84,80.93,80.77,80.89,491220
1324471860000,80.89,80.94,80.83,80.85,246090
1324471920000,80.89,80.9,80.7,80.75,533640
1324471980000,80.78,80.89,80.72,80.89,204810
1324472040000,80.89,80.9,80.74,80.83,2033270
1324472100000,80.83,80.87,80.75,80.87,237150
1324472160000,80.87,80.93,80.85,80.86,260260
1324472220000,80.86,80.89,80.81,80.88,134750
1324472280000,80.87,80.91,80.82,80.87,283180
1324472340000,80.84,80.88,80.76,80.76,308500
1324472400000,80.76,80.77,80.57,80.59,1272350
1324472460000,80.62,80.67,80.55,80.62,435560
1324472520000,80.63,80.74,80.62,80.72,229110
1324472580000,80.72,80.84,80.71,80.77,267350
1324472640000,80.75,80.75,80.56,80.58,423660
1324472700000,80.56,80.58,80.37,80.37,1849660
1324472760000,80.4,80.45,80.31,80.4,869290
1324472820000,80.45,80.52,80.4,80.5,846460
1324472880000,80.49,80.55,80.44,80.54,703130
1324472940000,80.54,80.55,80.45,80.52,225350
1324473000000,80.5,80.54,80.47,80.53,238070
1324473060000,80.53,80.65,80.53,80.6,519510
1324473120000,80.57,80.67,80.57,80.63,156500
1324473180000,80.63,80.67,80.51,80.51,320640
1324473240000,80.56,80.6,80.5,80.52,292100
1324473300000,80.51,80.52,80.34,80.36,1150220
1324473360000,80.37,80.49,80.37,80.46,238660
1324473420000,80.43,80.59,80.41,80.59,332090
1324473480000,80.56,80.6,80.41,80.55,295710
1324473540000,80.55,80.55,80.51,80.54,11830
1324473600000,80.54,80.54,80.39,80.39,191620
1324473660000,80.39,80.4,80.25,80.29,953460
1324473720000,80.28,80.31,80.17,80.17,895660
1324473780000,80.17,80.4,80.15,80.38,457130
1324473840000,80.38,80.39,80.3,80.35,167910
1324473900000,80.33,80.34,80.26,80.34,299360
1324473960000,80.34,80.54,80.34,80.54,471490
1324474020000,80.53,80.65,80.5,80.6,331470
1324474080000,80.6,80.67,80.54,80.6,254660
1324474140000,80.56,80.63,80.54,80.54,167550
1324474200000,80.57,80.6,80.37,80.38,590400
1324474260000,80.38,80.51,80.34,80.51,314840
1324474320000,80.49,80.62,80.41,80.59,299350
1324474380000,80.59,80.59,80.47,80.5,165540
1324474440000,80.52,80.55,80.46,80.47,261760
1324474500000,80.47,80.54,80.4,80.5,396900
1324474560000,80.5,80.54,80.47,80.5,207400
1324474620000,80.5,80.63,80.49,80.55,742800
1324474680000,80.55,80.83,80.54,80.83,501880
1324474740000,80.83,80.85,80.76,80.77,345450
1324474800000,80.78,80.8,80.67,80.8,301020
1324474860000,80.79,80.83,80.76,80.83,169760
1324474920000,80.82,80.89,80.8,80.88,319550
1324474980000,80.88,80.89,80.83,80.89,198220
1324475040000,80.88,80.89,80.81,80.81,105230
1324475100000,80.81,80.85,80.79,80.79,274640
1324475160000,80.78,80.8,80.69,80.69,423370
1324475220000,80.71,80.72,80.62,80.67,265330
1324475280000,80.66,80.68,80.66,80.66,42940
1324475340000,80.67,80.73,80.6,80.73,202710
1324475400000,80.74,80.84,80.71,80.77,191330
1324475460000,80.77,80.89,80.75,80.89,232270
1324475520000,80.89,81.05,80.89,81.0,1233710
1324475580000,81.0,81.02,80.92,80.95,405780
1324475640000,80.95,81.0,80.93,80.94,153350
1324475700000,80.95,80.95,80.71,80.74,411540
1324475760000,80.74,80.85,80.7,80.85,143350
1324475820000,80.85,80.93,80.83,80.83,122730
1324475880000,80.85,80.94,80.83,80.89,117070
1324475940000,80.9,80.92,80.82,80.9,54350
1324476000000,80.91,80.96,80.81,80.96,289030
1324476060000,80.96,81.01,80.93,80.96,353950
1324476120000,80.97,81.05,80.94,81.04,385640
1324476180000,81.05,81.16,81.04,81.11,426430
1324476240000,81.15,81.29,81.13,81.23,571340
1324476300000,81.22,81.24,81.15,81.19,411560
1324476360000,81.2,81.31,81.18,81.29,450160
1324476420000,81.29,81.29,81.06,81.15,365180
1324476480000,81.15,81.18,81.13,81.15,128440
1324476540000,81.15,81.17,81.06,81.06,172000
1324476600000,81.12,81.12,80.92,80.93,560540
1324476660000,80.93,81.05,80.87,81.0,282220
1324476720000,81.0,81.02,80.85,80.85,158630
1324476780000,80.85,80.9,80.85,80.87,92320
1324476840000,80.87,80.94,80.85,80.93,158630
1324476900000,80.95,80.95,80.84,80.88,143080
1324476960000,80.85,80.93,80.85,80.9,87150
1324477020000,80.9,80.95,80.85,80.93,138700
1324477080000,80.92,81.11,80.92,81.08,285850
1324477140000,81.08,81.08,81.02,81.03,191880
1324477200000,81.04,81.09,81.0,81.09,123320
1324477260000,81.1,81.14,81.03,81.08,331420
1324477320000,81.08,81.1,81.0,81.0,147100
1324477380000,81.05,81.05,80.96,80.99,235480
1324477440000,80.98,80.98,80.92,80.92,128230
1324477500000,80.93,80.95,80.92,80.92,32480
1324477560000,80.93,81.09,80.92,81.05,318790
1324477620000,81.04,81.05,80.97,81.0,117860
1324477680000,80.98,81.0,80.92,81.0,85670
1324477740000,80.97,81.0,80.93,80.99,51500
1324477800000,80.98,81.03,80.92,80.95,259890
1324477860000,80.98,81.03,80.92,80.95,227830
1324477920000,80.92,80.95,80.69,80.69,763040
1324477980000,80.69,80.72,80.53,80.55,608100
1324478040000,80.55,80.57,80.23,80.34,1099350
1324478100000,80.33,80.47,80.3,80.41,471390
1324478160000,80.4,80.45,80.34,80.43,412000
1324478220000,80.43,80.46,80.37,80.43,260270
1324478280000,80.42,80.55,80.36,80.42,650010
1324478340000,80.42,80.45,80.29,80.35,1523580
1324478400000,80.35,80.48,80.32,80.41,457780
1324478460000,80.41,80.46,80.31,80.36,473580
1324478520000,80.35,80.39,80.3,80.3,598990
1324478580000,80.3,80.33,80.16,80.3,1046640
1324478640000,80.25,80.34,80.2,80.22,1405140
1324533600000,81.29,81.29,80.56,80.79,335620
1324533660000,80.82,80.91,80.75,80.9,302740
1324533720000,80.9,80.98,80.81,80.85,384580
1324533780000,80.81,80.82,80.5,80.61,430700
1324533840000,80.61,80.7,80.58,80.61,135200
1324533900000,80.62,80.71,80.62,80.7,130760
1324533960000,80.7,80.79,80.67,80.76,130380
1324534020000,80.75,80.77,80.69,80.7,160240
1324534080000,80.73,80.75,80.69,80.7,105990
1324534140000,80.69,80.75,80.66,80.71,263750
1324534200000,80.73,80.79,80.71,80.77,113340
1324534260000,80.75,80.77,80.7,80.7,65670
1324534320000,80.7,80.7,80.66,80.68,27270
1324534380000,80.67,80.72,80.63,80.66,67110
1324534440000,80.66,80.67,80.37,80.43,313970
1324534500000,80.42,80.47,80.22,80.4,505540
1324534560000,80.42,80.51,80.36,80.42,141320
1324534620000,80.41,80.42,80.0,80.09,1419190
1324534680000,80.09,80.09,79.8,79.94,1191940
1324534740000,79.94,80.16,79.9,80.14,457820
1324534800000,80.15,80.22,80.1,80.16,640740
1324534860000,80.19,80.41,80.17,80.4,541450
1324534920000,80.4,80.49,80.36,80.37,259390
1324534980000,80.37,80.4,80.31,80.35,177250
1324535040000,80.35,80.55,80.34,80.5,398910
1324535100000,80.5,80.5,80.31,80.37,209270
1324535160000,80.37,80.44,80.31,80.35,210980
1324535220000,80.33,80.4,80.25,80.36,245080
1324535280000,80.37,80.38,80.26,80.35,154290
1324535340000,80.35,80.35,80.29,80.3,116820
1324535400000,80.33,80.37,80.32,80.36,78770
1324535460000,80.33,80.36,80.2,80.21,240460
1324535520000,80.21,80.32,80.2,80.31,256170
1324535580000,80.32,80.38,80.3,80.34,270840
1324535640000,80.34,80.38,80.27,80.36,432170
1324535700000,80.37,80.39,80.34,80.35,832860
1324535760000,80.33,80.4,80.33,80.38,553340
1324535820000,80.38,80.39,80.35,80.39,222040
1324535880000,80.39,80.48,80.38,80.46,535540
1324535940000,80.45,80.47,80.38,80.38,290760
1324536000000,80.38,80.43,79.95,80.14,1523260
1324536060000,80.12,80.14,79.86,80.13,946510
1324536120000,80.14,80.29,80.11,80.29,194070
1324536180000,80.25,80.29,80.19,80.23,476980
1324536240000,80.22,80.23,80.15,80.15,160740
1324536300000,80.13,80.18,80.11,80.14,153760
1324536360000,80.14,80.15,80.06,80.1,184940
1324536420000,80.09,80.11,80.06,80.1,138070
1324536480000,80.1,80.19,80.07,80.14,305730
1324536540000,80.14,80.4,80.14,80.39,406300
1324536600000,80.39,80.41,80.28,80.32,204370
1324536660000,80.32,80.32,80.2,80.23,224180
1324536720000,80.23,80.29,80.22,80.28,65540
1324536780000,80.26,80.28,80.2,80.24,39250
1324536840000,80.23,80.29,80.22,80.26,23430
1324536900000,80.29,80.3,80.27,80.3,83800
1324536960000,80.3,80.38,80.3,80.37,120550
1324537020000,80.37,80.37,80.31,80.32,22050
1324537080000,80.32,80.37,80.3,80.33,79610
1324537140000,80.33,80.35,80.31,80.33,23500
1324537200000,80.33,80.38,80.3,80.34,134920
1324537260000,80.38,80.38,80.3,80.3,103850
1324537320000,80.3,80.31,80.23,80.26,63910
1324537380000,80.26,80.33,80.26,80.33,54830
1324537440000,80.3,80.51,80.3,80.49,363650
1324537500000,80.49,80.51,80.42,80.47,212020
1324537560000,80.48,80.5,80.45,80.49,88540
1324537620000,80.5,80.66,80.49,80.63,706640
1324537680000,80.65,80.67,80.58,80.65,251470
1324537740000,80.65,80.68,80.6,80.61,317540
1324537800000,80.61,80.62,80.5,80.5,203990
1324537860000,80.5,80.55,80.49,80.53,105610
1324537920000,80.53,80.59,80.52,80.56,48020
1324537980000,80.59,80.59,80.56,80.56,38280
1324538040000,80.57,80.57,80.49,80.49,221860
1324538100000,80.49,80.52,80.49,80.52,84250
1324538160000,80.52,80.67,80.52,80.67,274910
1324538220000,80.67,80.67,80.6,80.63,317000
1324538280000,80.62,80.62,80.54,80.55,63860
1324538340000,80.54,80.65,80.54,80.64,250210
1324538400000,80.64,80.67,80.62,80.66,155690
1324538460000,80.66,80.74,80.66,80.74,252100
1324538520000,80.72,80.74,80.65,80.65,179260
1324538580000,80.65,80.67,80.64,80.67,58150
1324538640000,80.66,80.68,80.64,80.68,32360
1324538700000,80.68,80.72,80.66,80.67,163070
1324538760000,80.68,80.68,80.56,80.59,137220
1324538820000,80.6,80.6,80.43,80.43,376930
1324538880000,80.43,80.5,80.36,80.45,429180
1324538940000,80.45,80.52,80.42,80.49,150350
1324539000000,80.5,80.54,80.42,80.47,315840
1324539060000,80.47,80.48,80.38,80.47,118680
1324539120000,80.43,80.5,80.42,80.46,109150
1324539180000,80.47,80.52,80.42,80.52,79300
1324539240000,80.5,80.51,80.45,80.5,14080
1324539300000,80.5,80.52,80.45,80.49,51770
1324539360000,80.48,80.5,80.45,80.48,62150
1324539420000,80.45,80.45,80.3,80.33,437730
1324539480000,80.33,80.37,80.15,80.24,627300
1324539540000,80.24,80.29,80.19,80.24,136260
1324539600000,80.24,80.38,80.24,80.32,236450
1324539660000,80.32,80.35,80.13,80.17,428250
1324539720000,80.16,80.22,80.15,80.17,96660
1324539780000,80.16,80.2,80.15,80.2,78180
1324539840000,80.16,80.24,80.15,80.23,164180
1324539900000,80.23,80.24,80.15,80.18,76690
1324539960000,80.16,80.2,80.13,80.16,77570
1324540020000,80.16,80.27,80.16,80.26,26230
1324540080000,80.26,80.39,80.22,80.38,199890
1324540140000,80.39,80.49,80.33,80.39,239210
1324540200000,80.4,80.44,80.35,80.36,59030
1324540260000,80.37,80.43,80.36,80.43,23480
1324540320000,80.39,80.39,80.3,80.3,72780
1324540380000,80.3,80.37,80.27,80.35,78000
1324540440000,80.37,80.4,80.34,80.37,16480
1324540500000,80.34,80.34,80.31,80.32,16540
1324540560000,80.32,80.4,80.32,80.39,31180
1324540620000,80.35,80.36,80.26,80.3,73280
1324540680000,80.3,80.3,80.2,80.2,85480
1324540740000,80.2,80.33,80.2,80.26,89410
1324540800000,80.3,80.45,80.21,80.45,264440
1324540860000,80.42,80.47,80.29,80.4,621440
1324540920000,80.4,80.64,80.36,80.64,1039290
1324540980000,80.6,80.7,80.51,80.57,943760
1324541040000,80.57,80.59,80.42,80.51,591290
1324541100000,80.56,80.57,80.45,80.49,269690
1324541160000,80.46,80.52,80.45,80.46,361280
1324541220000,80.46,80.56,80.42,80.5,291870
1324541280000,80.5,80.5,80.44,80.5,290460
1324541340000,80.46,80.5,80.42,80.43,223670
1324541400000,80.42,80.5,80.42,80.42,162190
1324541460000,80.45,80.5,80.43,80.48,77460
1324541520000,80.47,80.53,80.45,80.52,190530
1324541580000,80.5,80.58,80.49,80.53,114200
1324541640000,80.52,80.56,80.46,80.47,152580
1324541700000,80.47,80.64,80.47,80.61,1000970
1324541760000,80.6,80.61,80.57,80.6,309800
1324541820000,80.6,80.69,80.6,80.65,370360
1324541880000,80.64,80.65,80.6,80.62,189890
1324541940000,80.62,80.69,80.58,80.61,425070
1324542000000,80.64,80.64,80.58,80.6,108320
1324542060000,80.6,80.6,80.56,80.58,60410
1324542120000,80.58,80.59,80.47,80.47,395540
1324542180000,80.5,80.53,80.36,80.42,339290
1324542240000,80.42,80.54,80.42,80.5,79520
1324542300000,80.51,80.51,80.4,80.43,155180
1324542360000,80.43,80.5,80.41,80.5,97290
1324542420000,80.5,80.52,80.48,80.48,52020
1324542480000,80.48,80.48,80.32,80.39,412010
1324542540000,80.39,80.45,80.38,80.4,44130
1324542600000,80.41,80.48,80.4,80.45,74630
1324542660000,80.46,80.49,80.45,80.49,64220
1324542720000,80.49,80.55,80.48,80.48,181040
1324542780000,80.49,80.55,80.45,80.54,159220
1324542840000,80.53,80.64,80.52,80.6,191190
1324542900000,80.6,80.6,80.5,80.54,45720
1324542960000,80.51,80.58,80.5,80.58,29870
1324543020000,80.58,80.58,80.45,80.45,217150
1324543080000,80.45,80.63,80.44,80.6,1022190
1324543140000,80.57,80.85,80.55,80.72,3223880
1324543200000,80.72,80.86,80.7,80.77,761060
1324543260000,80.78,80.8,80.71,80.74,350480
1324543320000,80.74,80.75,80.65,80.65,207610
1324543380000,80.67,80.7,80.62,80.65,119280
1324543440000,80.63,80.68,80.61,80.65,149800
1324543500000,80.65,80.67,80.56,80.6,394300
1324543560000,80.6,80.69,80.56,80.62,176760
1324543620000,80.65,80.65,80.56,80.6,52640
1324543680000,80.56,80.64,80.56,80.63,168490
1324543740000,80.63,80.63,80.56,80.61,90160
1324543800000,80.61,80.63,80.55,80.63,75950
1324543860000,80.63,80.7,80.63,80.69,297800
1324543920000,80.69,80.69,80.55,80.58,348110
1324543980000,80.55,80.6,80.48,80.55,417660
1324544040000,80.53,80.54,80.48,80.5,72310
1324544100000,80.49,80.51,80.46,80.5,59720
1324544160000,80.48,80.55,80.2,80.34,1354320
1324544220000,80.32,80.53,80.2,80.5,349380
1324544280000,80.46,80.52,80.44,80.49,120970
1324544340000,80.48,80.49,80.39,80.46,132950
1324544400000,80.44,80.55,80.44,80.53,400320
1324544460000,80.54,80.59,80.52,80.54,695970
1324544520000,80.54,80.56,80.5,80.56,382930
1324544580000,80.56,80.56,80.5,80.52,160090
1324544640000,80.52,80.55,80.5,80.5,40520
1324544700000,80.52,80.57,80.45,80.53,504430
1324544760000,80.51,80.56,80.51,80.56,132990
1324544820000,80.56,80.56,80.55,80.55,63810
1324544880000,80.56,80.57,80.55,80.57,129590
1324544940000,80.57,80.6,80.51,80.52,478390
1324545000000,80.51,80.57,80.5,80.56,193570
1324545060000,80.56,80.56,80.51,80.52,20780
1324545120000,80.53,80.53,80.5,80.5,21310
1324545180000,80.52,80.55,80.51,80.51,49080
1324545240000,80.52,80.52,80.49,80.5,57900
1324545300000,80.5,80.5,80.45,80.49,111520
1324545360000,80.51,80.53,80.45,80.53,34580
1324545420000,80.53,80.55,80.5,80.5,31090
1324545480000,80.5,80.57,80.5,80.57,139340
1324545540000,80.57,80.58,80.51,80.55,289160
1324545600000,80.55,80.57,80.52,80.54,68660
1324545660000,80.56,80.57,80.52,80.57,85580
1324545720000,80.57,80.58,80.53,80.53,164880
1324545780000,80.56,80.56,80.5,80.53,116780
1324545840000,80.53,80.56,80.52,80.56,116600
1324545900000,80.57,80.62,80.57,80.62,429720
1324545960000,80.62,80.67,80.6,80.62,394710
1324546020000,80.62,80.65,80.62,80.65,46900
1324546080000,80.64,80.65,80.56,80.6,109670
1324546140000,80.6,80.63,80.56,80.61,15900
1324546200000,80.61,80.63,80.59,80.63,291100
1324546260000,80.63,80.65,80.6,80.6,195680
1324546320000,80.62,81.26,80.59,81.15,3099050
1324546380000,81.12,81.17,81.0,81.1,1427130
1324546440000,81.1,81.1,80.92,80.93,672420
1324546500000,80.93,80.99,80.9,80.94,1348220
1324546560000,80.93,80.94,80.87,80.9,491570
1324546620000,80.9,80.94,80.89,80.93,309010
1324546680000,80.93,80.94,80.87,80.92,350260
1324546740000,80.92,80.99,80.92,80.98,400340
1324546800000,80.98,80.99,80.94,80.95,356490
1324546860000,80.97,80.99,80.94,80.98,200700
1324546920000,80.98,80.98,80.85,80.89,166940
1324546980000,80.89,80.9,80.81,80.84,212940
1324547040000,80.84,80.9,80.82,80.88,132210
1324547100000,80.9,80.93,80.86,80.88,59920
1324547160000,80.88,80.9,80.81,80.89,231560
1324547220000,80.89,80.98,80.89,80.97,278520
1324547280000,80.97,80.99,80.93,80.97,425040
1324547340000,80.98,80.99,80.91,80.99,179230
1324547400000,80.99,80.99,80.95,80.97,345030
1324547460000,80.97,80.97,80.88,80.88,880320
1324547520000,80.89,80.95,80.87,80.92,116900
1324547580000,80.91,80.95,80.89,80.94,147770
1324547640000,80.93,80.96,80.91,80.95,22230
1324547700000,80.95,80.99,80.91,80.99,237200
1324547760000,80.95,81.0,80.95,80.99,694610
1324547820000,80.99,80.99,80.95,80.98,171480
1324547880000,80.98,81.0,80.91,80.98,191700
1324547940000,80.97,81.0,80.91,81.0,187550
1324548000000,81.0,81.0,80.93,80.96,249580
1324548060000,80.95,80.96,80.86,80.95,130830
1324548120000,80.95,80.95,80.9,80.95,37950
1324548180000,80.96,81.0,80.96,80.99,242180
1324548240000,80.99,81.0,80.96,81.0,250620
1324548300000,81.0,81.0,80.85,80.92,331210
1324548360000,80.93,80.94,80.86,80.9,202470
1324548420000,80.9,80.91,80.85,80.9,117900
1324548480000,80.88,80.9,80.64,80.72,777610
1324548540000,80.72,80.77,80.69,80.71,178450
1324548600000,80.7,80.73,80.6,80.67,552400
1324548660000,80.67,80.8,80.66,80.76,262760
1324548720000,80.79,80.81,80.75,80.8,223600
1324548780000,80.8,80.9,80.75,80.76,204570
1324548840000,80.8,80.8,80.72,80.72,142000
1324548900000,80.74,80.78,80.68,80.73,69150
1324548960000,80.73,80.77,80.68,80.77,71240
1324549020000,80.74,80.77,80.72,80.74,35930
1324549080000,80.72,80.76,80.65,80.7,43600
1324549140000,80.7,80.76,80.69,80.76,44040
1324549200000,80.76,80.83,80.73,80.83,105440
1324549260000,80.84,80.85,80.83,80.84,125510
1324549320000,80.83,80.88,80.83,80.88,216940
1324549380000,80.88,80.89,80.85,80.88,253380
1324549440000,80.88,80.89,80.85,80.86,133650
1324549500000,80.85,80.87,80.85,80.86,142450
1324549560000,80.86,80.9,80.85,80.88,191530
1324549620000,80.86,80.91,80.85,80.91,51430
1324549680000,80.91,80.91,80.84,80.87,121860
1324549740000,80.85,80.86,80.73,80.73,176440
1324549800000,80.73,80.79,80.7,80.75,240820
1324549860000,80.75,80.77,80.72,80.75,95580
1324549920000,80.74,80.76,80.7,80.76,55930
1324549980000,80.72,80.76,80.65,80.65,176740
1324550040000,80.65,80.67,80.51,80.64,924790
1324550100000,80.64,80.64,80.55,80.59,393110
1324550160000,80.6,80.6,80.48,80.52,679090
1324550220000,80.52,80.57,80.51,80.54,110080
1324550280000,80.54,80.65,80.48,80.64,737760
1324550340000,80.64,80.65,80.59,80.64,286760
1324550400000,80.64,80.65,80.6,80.65,129800
1324550460000,80.66,80.69,80.59,80.65,128210
1324550520000,80.65,80.71,80.63,80.71,117530
1324550580000,80.71,80.74,80.65,80.67,71070
1324550640000,80.69,80.78,80.69,80.78,349170
1324550700000,80.77,80.79,80.67,80.75,75600
1324550760000,80.73,80.75,80.65,80.72,44750
1324550820000,80.69,80.75,80.64,80.74,61840
1324550880000,80.74,80.78,80.72,80.76,81350
1324550940000,80.75,80.78,80.64,80.78,527640
1324551000000,80.77,80.8,80.73,80.73,218180
1324551060000,80.73,80.75,80.66,80.74,85420
1324551120000,80.72,80.72,80.64,80.65,25350
1324551180000,80.66,80.67,80.6,80.62,92920
1324551240000,80.62,80.62,80.49,80.53,460460
1324551300000,80.54,80.54,80.23,80.27,3262490
1324551360000,80.3,80.43,80.21,80.22,1737400
1324551420000,80.22,80.34,80.21,80.32,1293010
1324551480000,80.32,80.39,80.24,80.34,940430
1324551540000,80.36,80.39,80.33,80.39,135810
1324551600000,80.37,80.38,80.28,80.35,349310
1324551660000,80.36,80.37,80.29,80.3,142080
1324551720000,80.3,80.33,80.03,80.08,1855850
1324551780000,80.08,80.13,80.02,80.08,351990
1324551840000,80.08,80.08,79.96,80.08,843390
1324551900000,80.06,80.19,80.01,80.19,375970
1324551960000,80.19,80.22,80.1,80.17,159670
1324552020000,80.17,80.23,80.14,80.22,102880
1324552080000,80.22,80.22,79.99,80.0,594150
1324552140000,80.01,80.12,80.01,80.08,304500
1324552200000,80.08,80.08,80.0,80.07,497680
1324552260000,80.07,80.09,80.02,80.07,162560
1324552320000,80.09,80.16,80.05,80.11,177230
1324552380000,80.1,80.1,79.0,79.12,7988530
1324552440000,79.3,79.65,79.12,79.61,1594820
1324552500000,79.61,79.67,79.51,79.67,727750
1324552560000,79.64,79.7,79.62,79.65,945390
1324552620000,79.65,79.67,79.54,79.63,200990
1324552680000,79.67,79.67,79.41,79.55,720130
1324552740000,79.55,79.65,79.53,79.61,594990
1324552800000,79.65,79.75,79.61,79.74,835100
1324552860000,79.74,79.88,79.74,79.83,579210
1324552920000,79.83,79.92,79.8,79.9,949250
1324552980000,79.9,79.95,79.87,79.88,413180
1324553040000,79.88,79.93,79.75,79.75,1425230
1324553100000,79.76,79.92,79.75,79.88,588720
1324553160000,79.87,79.94,79.85,79.9,904860
1324553220000,79.89,79.9,79.86,79.86,292770
1324553280000,79.86,79.87,79.8,79.8,135960
1324553340000,79.8,79.84,79.71,79.76,354560
1324553400000,79.76,79.9,79.73,79.9,885430
1324553460000,79.9,79.96,79.89,79.95,814420
1324553520000,79.94,79.95,79.9,79.92,356530
1324553580000,79.92,79.98,79.91,79.93,450160
1324553640000,79.94,79.99,79.93,79.96,525830
1324553700000,79.94,80.16,79.94,80.16,958310
1324553760000,80.1,80.19,80.06,80.1,502450
1324553820000,80.12,80.26,80.06,80.19,542700
1324553880000,80.18,80.26,80.17,80.26,627430
1324553940000,80.22,80.28,80.15,80.21,576120
1324554000000,80.21,80.26,80.16,80.17,309040
1324554060000,80.19,80.19,80.05,80.11,953220
1324554120000,80.11,80.18,80.08,80.16,357250
1324554180000,80.16,80.26,80.12,80.19,270990
1324554240000,80.19,80.2,80.1,80.13,313680
1324554300000,80.14,80.17,80.05,80.06,243680
1324554360000,80.08,80.1,80.03,80.08,153190
1324554420000,80.04,80.2,80.04,80.2,262130
1324554480000,80.17,80.23,80.15,80.2,130890
1324554540000,80.22,80.29,80.18,80.29,620060
1324554600000,80.29,80.33,80.24,80.27,328070
1324554660000,80.26,80.28,80.19,80.19,249830
1324554720000,80.2,80.27,80.15,80.27,199730
1324554780000,80.23,80.33,80.23,80.33,378920
1324554840000,80.31,80.32,80.24,80.25,71410
1324554900000,80.24,80.29,80.23,80.26,25990
1324554960000,80.26,80.3,80.16,80.27,263900
1324555020000,80.27,80.36,80.26,80.35,240270
1324555080000,80.35,80.36,80.27,80.27,649580
1324555140000,80.27,80.3,80.2,80.25,347430
1324555200000,80.21,80.28,80.16,80.18,331920
1324555260000,80.18,80.18,80.02,80.05,529940
1324555320000,80.05,80.19,80.0,80.19,521320
1324555380000,80.2,80.25,80.17,80.25,55390
1324555440000,80.25,80.32,80.23,80.31,103610
1324555500000,80.3,80.33,80.25,80.28,157140
1324555560000,80.3,80.35,80.28,80.33,760470
1324555620000,80.33,80.34,80.28,80.3,333420
1324555680000,80.3,80.3,80.25,80.3,111170
1324555740000,80.27,80.3,80.25,80.29,80700
1324555800000,80.26,80.29,80.25,80.29,53520
1324555860000,80.28,80.28,80.27,80.28,12280
1324555920000,80.28,80.33,80.27,80.33,74050
1324555980000,80.33,80.59,80.31,80.58,1403770
1324556040000,80.55,80.75,80.53,80.74,773100
1324556100000,80.74,80.76,80.58,80.65,1278250
1324556160000,80.65,80.66,80.56,80.57,623990
1324556220000,80.59,80.62,80.57,80.6,215060
1324556280000,80.59,80.6,80.54,80.56,245270
1324556340000,80.55,80.56,80.51,80.54,98560
1324556400000,80.54,80.59,80.52,80.59,249420
1324556460000,80.59,80.6,80.53,80.54,147640
1324556520000,80.56,80.56,80.47,80.5,263000
1324556580000,80.5,80.5,80.46,80.5,68410
1324556640000,80.51,80.52,80.47,80.5,65040
1324556700000,80.5,80.57,80.49,80.56,229940
1324556760000,80.56,80.56,80.48,80.49,110460
1324556820000,80.49,80.49,80.41,80.43,394250
1324556880000,80.43,80.45,80.3,80.45,749090
1324556940000,80.46,80.5,80.37,80.4,155180
1324557000000,80.38,80.4,80.3,80.37,160300
1324557060000,80.37,80.4,80.32,80.4,44850
1324557120000,80.4,80.48,80.38,80.48,62600
1324557180000,80.48,80.49,80.41,80.45,48330
1324557240000,80.43,80.43,80.4,80.41,28030
1324557300000,80.41,80.45,80.4,80.43,24900
1324557360000,80.43,80.44,80.35,80.42,93510
1324557420000,80.41,80.44,80.37,80.37,53480
1324557480000,80.36,80.4,80.34,80.4,51840
1324557540000,80.4,80.44,80.35,80.44,153250
1324557600000,80.39,80.4,80.35,80.39,84160
1324557660000,80.39,80.42,80.33,80.35,120920
1324557720000,80.35,80.4,80.33,80.37,53810
1324557780000,80.38,80.4,80.36,80.36,17240
1324557840000,80.39,80.4,80.33,80.38,56820
1324557900000,80.38,80.49,80.36,80.49,195570
1324557960000,80.49,80.57,80.47,80.55,229470
1324558020000,80.55,80.55,80.47,80.49,92210
1324558080000,80.49,80.49,80.4,80.45,66080
1324558140000,80.44,80.48,80.44,80.46,14000
1324558200000,80.47,80.47,80.43,80.47,13870
1324558260000,80.46,80.46,80.38,80.41,154360
1324558320000,80.41,80.47,80.38,80.45,215160
1324558380000,80.47,80.48,80.38,80.41,167280
1324558440000,80.41,80.44,80.38,80.4,89350
1324558500000,80.38,80.46,80.38,80.45,97750
1324558560000,80.44,80.48,80.41,80.46,29990
1324558620000,80.46,80.46,80.41,80.43,7430
1324558680000,80.45,80.45,80.42,80.42,8540
1324558740000,80.44,80.45,80.38,80.4,104080
1324558800000,80.4,80.45,80.39,80.4,59100
1324558860000,80.4,80.42,80.38,80.4,31100
1324558920000,80.4,80.42,80.38,80.39,63890
1324558980000,80.38,80.5,80.38,80.45,132800
1324559040000,80.45,80.52,80.45,80.5,349500
1324559100000,80.5,80.5,80.46,80.5,65270
1324559160000,80.5,80.52,80.48,80.5,231660
1324559220000,80.5,80.5,80.48,80.49,16580
1324559280000,80.47,80.48,80.44,80.45,31020
1324559340000,80.47,80.47,80.4,80.47,62780
1324559400000,80.47,80.47,80.4,80.46,21520
1324559460000,80.46,80.5,80.46,80.5,89150
1324559520000,80.49,80.5,80.45,80.5,123320
1324559580000,80.5,80.5,80.45,80.5,41010
1324559640000,80.5,80.5,80.41,80.49,184140
1324559700000,80.48,80.53,80.45,80.48,226930
1324559760000,80.48,80.5,80.43,80.48,41930
1324559820000,80.45,80.5,80.44,80.49,101480
1324559880000,80.49,80.67,80.47,80.6,565190
1324559940000,80.6,80.6,80.55,80.59,58220
1324560000000,80.56,80.59,80.54,80.55,137470
1324560060000,80.55,80.58,80.52,80.55,90220
1324560120000,80.55,80.6,80.53,80.59,464580
1324560180000,80.59,80.65,80.57,80.57,432060
1324560240000,80.58,80.59,80.56,80.57,27420
1324560300000,80.59,80.6,80.57,80.59,390230
1324560360000,80.59,80.6,80.55,80.6,172900
1324560420000,80.59,80.6,80.55,80.55,212500
1324560480000,80.55,80.58,80.48,80.58,135190
1324560540000,80.58,80.6,80.55,80.58,111060
1324560600000,80.59,80.75,80.02,80.29,4167010
1324560660000,80.3,80.5,80.27,80.39,392880
1324560720000,80.39,80.5,80.22,80.34,596610
1324560780000,80.32,80.35,80.2,80.35,268210
1324560840000,80.31,80.39,80.21,80.26,369230
1324560900000,80.26,80.29,80.13,80.13,611200
1324560960000,80.14,80.14,79.84,79.87,1486120
1324561020000,79.87,80.04,79.84,79.96,301750
1324561080000,79.95,80.0,79.91,79.96,215310
1324561140000,79.95,80.06,79.92,79.92,450080
1324561200000,79.92,79.94,79.74,79.76,850160
1324561260000,79.76,79.85,79.7,79.76,1000600
1324561320000,79.79,79.96,79.76,79.96,411110
1324561380000,79.95,79.97,79.85,79.97,167840
1324561440000,79.96,80.1,79.92,79.93,1263140
1324561500000,79.96,79.96,79.7,79.77,607740
1324561560000,79.77,79.79,79.55,79.58,914750
1324561620000,79.58,79.77,79.58,79.75,598770
1324561680000,79.72,79.77,79.67,79.75,352330
1324561740000,79.76,79.85,79.71,79.72,379370
1324561800000,79.71,79.72,79.5,79.57,475130
1324561860000,79.57,79.84,79.55,79.8,219400
1324561920000,79.78,79.8,79.7,79.75,154090
1324561980000,79.75,79.84,79.73,79.75,200380
1324562040000,79.75,79.82,79.72,79.79,105220
1324562100000,79.78,79.78,79.67,79.71,128640
1324562160000,79.7,79.76,79.63,79.74,98460
1324562220000,79.77,79.99,79.75,79.95,368670
1324562280000,79.98,80.08,79.9,80.02,697790
1324562340000,80.02,80.06,79.92,79.99,736760
1324562400000,79.99,80.0,79.81,79.88,420350
1324562460000,79.88,80.02,79.86,79.91,480470
1324562520000,79.95,79.96,79.91,79.93,16180
1324562580000,79.95,79.96,79.91,79.91,87770
1324562640000,79.91,79.98,79.91,79.95,85980
1324562700000,79.95,80.0,79.92,79.97,240490
1324562760000,79.97,80.05,79.97,80.04,467390
1324562820000,80.04,80.07,80.0,80.06,260210
1324562880000,80.05,80.23,80.01,80.21,578800
1324562940000,80.21,80.23,80.11,80.11,350400
1324563000000,80.12,80.15,80.03,80.15,480710
1324563060000,80.15,80.15,80.05,80.07,81820
1324563120000,80.07,80.08,80.02,80.08,411450
1324563180000,80.06,80.09,80.03,80.07,307740
1324563240000,80.06,80.11,79.84,79.9,886720
1324563300000,79.89,79.98,79.84,79.91,131410
1324563360000,79.96,80.0,79.96,79.99,82440
1324563420000,79.99,80.04,79.9,80.04,219530
1324563480000,80.04,80.09,80.02,80.08,28990
1324563540000,80.06,80.09,80.03,80.03,94030
1324563600000,80.04,80.04,79.95,79.97,101570
1324563660000,79.96,79.99,79.91,79.91,117190
1324563720000,79.93,79.97,79.93,79.93,86210
1324563780000,79.93,79.96,79.9,79.93,154360
1324563840000,79.95,79.97,79.85,79.85,238400
1324563900000,79.86,79.95,79.85,79.9,74650
1324563960000,79.9,79.99,79.9,79.96,90010
1324564020000,79.92,80.0,79.88,79.9,203890
1324564080000,79.95,80.0,79.91,80.0,27800
1324564140000,79.99,80.08,79.96,80.08,198630
1324564200000,80.08,80.08,79.99,80.01,164490
1324564260000,80.0,80.0,79.88,79.99,277600
1324564320000,79.94,79.98,79.94,79.96,29510
1324564380000,79.98,80.0,79.79,79.83,384030
1324564440000,79.85,79.97,79.82,79.97,79570
1324564500000,79.98,80.22,79.97,80.22,1230340
1324564560000,80.22,80.22,80.04,80.04,1147600
1324564620000,80.04,80.05,79.96,80.02,412670
1324564680000,80.02,80.09,80.0,80.09,226730
1324564740000,80.09,80.21,80.0,80.19,1224780
1324564800000,80.18,80.19,80.08,80.1,659150
1324564860000,80.1,80.15,80.07,80.07,655780
1324564920000,80.08,80.1,80.01,80.1,554560
1324564980000,80.11,80.16,80.0,80.08,711130
1324565040000,80.06,80.08,79.9,79.99,1288260
1324620000000,80.61,80.75,80.22,80.28,839910
1324620060000,80.28,80.36,80.22,80.34,332400
1324620120000,80.34,80.36,80.25,80.25,394660
1324620180000,80.27,80.32,80.22,80.22,287740
1324620240000,80.22,80.27,80.2,80.23,92140
1324620300000,80.24,80.37,80.23,80.36,330190
1324620360000,80.36,80.48,80.35,80.46,164780
1324620420000,80.45,80.45,80.31,80.33,156880
1324620480000,80.31,80.38,80.2,80.24,822700
1324620540000,80.27,80.34,80.2,80.3,622420
1324620600000,80.29,80.37,80.28,80.37,459920
1324620660000,80.37,80.39,80.33,80.37,345300
1324620720000,80.38,80.38,80.35,80.38,178110
1324620780000,80.38,80.38,80.36,80.38,24200
1324620840000,80.38,80.38,80.35,80.36,163020
1324620900000,80.37,80.59,80.35,80.58,746000
1324620960000,80.58,80.6,80.51,80.53,92570
1324621020000,80.53,80.59,80.51,80.51,188090
1324621080000,80.5,80.51,80.46,80.48,228730
1324621140000,80.49,80.55,80.49,80.55,217210
1324621200000,80.55,80.58,80.49,80.5,156940
1324621260000,80.5,80.5,80.43,80.43,120940
1324621320000,80.42,80.46,80.4,80.45,87560
1324621380000,80.47,80.5,80.45,80.45,94070
1324621440000,80.45,80.49,80.42,80.45,128810
1324621500000,80.44,80.49,80.41,80.47,85390
1324621560000,80.46,80.5,80.41,80.41,137720
1324621620000,80.45,80.45,80.45,80.45,100840
1324621680000,80.45,80.47,80.45,80.45,88060
1324621740000,80.47,80.48,80.38,80.38,260970
1324621800000,80.38,80.4,80.3,80.35,858940
1324621860000,80.35,80.4,80.34,80.39,184970
1324621920000,80.39,80.41,80.38,80.39,104390
1324621980000,80.39,80.44,80.39,80.44,125320
1324622040000,80.45,80.45,80.4,80.43,78100
1324622100000,80.43,80.43,80.4,80.4,24700
1324622160000,80.41,80.43,80.39,80.43,51610
1324622220000,80.41,80.44,80.41,80.41,19550
1324622280000,80.41,80.44,80.39,80.44,111290
1324622340000,80.42,80.48,80.42,80.44,261340
1324622400000,80.47,80.47,80.44,80.46,33260
1324622460000,80.45,80.54,80.44,80.5,594610
1324622520000,80.55,80.55,80.44,80.44,136920
1324622580000,80.44,80.44,80.38,80.39,84810
1324622640000,80.39,80.41,80.37,80.39,33890
1324622700000,80.38,80.4,80.36,80.38,42990
1324622760000,80.38,80.42,80.38,80.39,50410
1324622820000,80.39,80.42,80.38,80.4,31980
1324622880000,80.38,80.4,80.36,80.39,36260
1324622940000,80.39,80.39,80.35,80.37,18780
1324623000000,80.37,80.38,80.3,80.31,380130
1324623060000,80.32,80.37,80.31,80.37,98070
1324623120000,80.37,80.4,80.36,80.37,47440
1324623180000,80.36,80.41,80.36,80.41,89480
1324623240000,80.42,80.5,80.42,80.48,119530
1324623300000,80.49,80.5,80.41,80.42,47120
1324623360000,80.42,80.43,80.4,80.43,35310
1324623420000,80.43,80.43,80.4,80.43,21540
1324623480000,80.43,80.44,80.42,80.44,8950
1324623540000,80.44,80.44,80.31,80.31,117250
1324623600000,80.31,80.36,80.3,80.32,992370
1324623660000,80.33,80.33,80.11,80.13,544830
1324623720000,80.15,80.15,80.05,80.09,347990
1324623780000,80.09,80.15,80.08,80.11,108370
1324623840000,80.11,80.15,80.06,80.1,101810
1324623900000,80.09,80.16,80.07,80.13,155270
1324623960000,80.12,80.12,80.08,80.12,52150
1324624020000,80.14,80.24,80.14,80.2,202090
1324624080000,80.2,80.2,80.17,80.19,21880
1324624140000,80.19,80.2,80.15,80.16,59930
1324624200000,80.16,80.19,80.16,80.18,54250
1324624260000,80.19,80.19,80.08,80.08,100610
1324624320000,80.08,80.1,80.05,80.08,155110
1324624380000,80.07,80.1,80.06,80.09,39830
1324624440000,80.08,80.1,80.05,80.06,78810
1324624500000,80.06,80.07,79.9,79.97,996780
1324624560000,79.97,80.08,79.97,80.07,284580
1324624620000,80.07,80.17,80.07,80.17,100570
1324624680000,80.16,80.2,80.15,80.17,146760
1324624740000,80.18,80.2,80.05,80.05,248740
1324624800000,80.04,80.13,80.02,80.1,81460
1324624860000,80.1,80.15,80.1,80.15,23620
1324624920000,80.15,80.18,80.12,80.18,57260
1324624980000,80.17,80.2,80.14,80.16,41510
1324625040000,80.16,80.16,80.09,80.09,76220
1324625100000,80.1,80.12,80.03,80.09,47890
1324625160000,80.1,80.25,80.09,80.22,238440
1324625220000,80.22,80.35,80.22,80.32,229440
1324625280000,80.32,80.36,80.25,80.25,77700
1324625340000,80.25,80.25,80.2,80.22,49060
1324625400000,80.22,80.39,80.22,80.37,169830
1324625460000,80.37,80.46,80.36,80.37,368000
1324625520000,80.37,80.37,80.33,80.35,90530
1324625580000,80.35,80.41,80.34,80.37,82340
1324625640000,80.4,80.42,80.37,80.39,61980
1324625700000,80.39,80.42,80.31,80.36,149050
1324625760000,80.35,80.4,80.32,80.32,25790
1324625820000,80.32,80.48,80.3,80.35,391680
1324625880000,80.34,80.41,80.33,80.41,57490
1324625940000,80.4,80.44,80.37,80.4,17500
1324626000000,80.41,80.41,80.34,80.35,198860
1324626060000,80.38,80.38,80.31,80.32,44230
1324626120000,80.34,80.35,80.26,80.27,188430
1324626180000,80.3,80.34,80.27,80.34,87050
1324626240000,80.34,80.45,80.31,80.4,392230
1324626300000,80.43,80.46,80.38,80.42,168740
1324626360000,80.4,80.43,80.34,80.35,64710
1324626420000,80.35,80.39,80.35,80.37,14060
1324626480000,80.37,80.38,80.29,80.3,57490
1324626540000,80.29,80.43,80.29,80.43,98720
1324626600000,80.4,80.45,80.37,80.4,195790
1324626660000,80.37,80.42,80.34,80.34,259050
1324626720000,80.34,80.4,80.34,80.36,54050
1324626780000,80.36,80.4,80.33,80.34,54660
1324626840000,80.39,80.4,80.2,80.2,724700
1324626900000,80.2,80.25,79.94,79.99,2515250
1324626960000,79.99,80.18,79.94,80.05,665110
1324627020000,80.08,80.11,80.05,80.11,40420
1324627080000,80.11,80.16,80.06,80.09,253250
1324627140000,80.07,80.13,80.06,80.13,202600
1324627200000,80.12,80.2,80.06,80.17,390320
1324627260000,80.17,80.25,80.11,80.21,229040
1324627320000,80.22,80.33,80.19,80.2,382260
1324627380000,80.2,80.3,80.17,80.28,367650
1324627440000,80.3,80.31,80.19,80.22,144860
1324627500000,80.22,80.24,80.14,80.16,115960
1324627560000,80.19,80.28,80.17,80.28,100120
1324627620000,80.29,80.3,80.2,80.2,103570
1324627680000,80.23,80.23,80.16,80.18,96660
1324627740000,80.22,80.28,80.16,80.16,108000
1324627800000,80.15,80.24,80.15,80.18,68330
1324627860000,80.16,80.2,80.13,80.13,123700
1324627920000,80.13,80.2,80.11,80.11,152800
1324627980000,80.11,80.13,80.03,80.08,420450
1324628040000,80.08,80.24,80.04,80.18,163830
1324628100000,80.16,80.16,80.05,80.05,136590
1324628160000,80.05,80.11,80.05,80.08,50740
1324628220000,80.08,80.11,80.04,80.1,98340
1324628280000,80.08,80.09,80.05,80.05,30170
1324628340000,80.08,80.14,80.03,80.06,343270
1324628400000,80.05,80.08,80.03,80.03,193010
1324628460000,80.05,80.08,79.85,79.87,729010
1324628520000,79.9,79.92,79.76,79.82,1210780
1324628580000,79.85,79.89,79.82,79.89,251410
1324628640000,79.89,79.92,79.86,79.88,168380
1324628700000,79.88,79.88,79.81,79.81,310060
1324628760000,79.81,79.85,79.79,79.82,227860
1324628820000,79.82,79.92,79.8,79.9,357970
1324628880000,79.9,79.9,79.85,79.89,147270
1324628940000,79.87,79.9,79.85,79.85,396630
1324629000000,79.85,79.85,79.65,79.69,942400
1324629060000,79.69,79.77,79.66,79.73,219550
1324629120000,79.73,79.74,79.68,79.71,263880
1324629180000,79.74,79.75,79.7,79.72,193430
1324629240000,79.75,79.9,79.72,79.9,901770
1324629300000,79.89,79.91,79.76,79.82,721780
1324629360000,79.81,79.89,79.81,79.85,86150
1324629420000,79.87,79.91,79.86,79.87,94590
1324629480000,79.87,79.88,79.83,79.84,26130
1324629540000,79.85,79.94,79.83,79.94,57230
1324629600000,79.94,79.95,79.86,79.94,57070
1324629660000,79.92,79.96,79.87,79.87,196080
1324629720000,79.87,79.9,79.84,79.9,203300
1324629780000,79.9,79.96,79.86,79.93,495730
1324629840000,79.9,79.92,79.87,79.92,13240
1324629900000,79.92,79.96,79.88,79.92,89690
1324629960000,79.92,79.95,79.88,79.95,123490
1324630020000,79.94,79.95,79.91,79.94,18550
1324630080000,79.94,79.95,79.84,79.89,103380
1324630140000,79.89,79.9,79.8,79.82,82010
1324630200000,79.82,79.89,79.79,79.8,120140
1324630260000,79.82,79.82,79.75,79.75,141780
1324630320000,79.75,79.76,79.65,79.65,270620
1324630380000,79.69,79.88,79.65,79.82,398030
1324630440000,79.78,79.87,79.78,79.84,89590
1324630500000,79.84,79.93,79.84,79.93,120520
1324630560000,79.93,80.08,79.93,80.02,352780
1324630620000,80.02,80.04,79.94,79.95,114360
1324630680000,79.96,79.99,79.95,79.96,18900
1324630740000,79.96,79.97,79.91,79.96,142160
1324630800000,79.97,80.12,79.92,80.06,416060
1324630860000,80.0,80.05,79.92,79.92,43760
1324630920000,79.94,80.0,79.94,79.97,36370
1324630980000,79.97,80.2,79.97,80.2,1116700
1324631040000,80.2,80.25,80.1,80.2,1072140
1324631100000,80.22,80.29,80.19,80.23,443990
1324631160000,80.23,80.28,80.19,80.25,284540
1324631220000,80.24,80.4,80.24,80.29,2630270
1324631280000,80.3,80.37,80.24,80.29,268780
1324631340000,80.29,80.3,80.2,80.28,86380
1324631400000,80.25,80.27,80.14,80.15,195350
1324631460000,80.15,80.15,79.93,80.0,426720
1324631520000,79.99,80.08,79.98,80.04,291660
1324631580000,80.08,80.08,80.01,80.05,58440
1324631640000,80.05,80.11,80.02,80.05,126530
1324631700000,80.05,80.06,79.89,79.99,160210
1324631760000,80.0,80.0,79.86,79.9,132950
1324631820000,79.92,79.96,79.88,79.93,49070
1324631880000,79.93,79.96,79.92,79.96,39880
1324631940000,79.94,80.09,79.91,80.09,274260
1324632000000,80.09,80.12,80.01,80.07,67580
1324632060000,80.07,80.09,80.02,80.09,81680
1324632120000,80.09,80.13,80.03,80.09,84250
1324632180000,80.06,80.12,80.01,80.09,207030
1324632240000,80.1,80.1,80.02,80.03,90540
1324632300000,80.03,80.09,80.01,80.05,19130
1324632360000,80.06,80.09,80.01,80.04,64290
1324632420000,80.07,80.09,80.02,80.06,18990
1324632480000,80.07,80.08,80.0,80.02,99030
1324632540000,80.02,80.05,79.95,80.0,154390
1324632600000,79.96,80.07,79.95,79.99,117980
1324632660000,80.0,80.08,79.99,80.06,246200
1324632720000,80.01,80.06,80.0,80.0,215730
1324632780000,79.99,80.03,79.98,80.0,68950
1324632840000,80.02,80.02,79.97,79.97,25400
1324632900000,79.99,79.99,79.91,79.98,645400
1324632960000,79.98,79.99,79.9,79.95,321150
1324633020000,79.95,80.0,79.94,79.94,73930
1324633080000,79.95,79.99,79.93,79.94,18180
1324633140000,79.94,79.99,79.94,79.95,146600
1324633200000,79.95,80.0,79.93,80.0,178200
1324633260000,80.0,80.04,79.96,80.04,637180
1324633320000,80.03,80.08,79.94,79.94,412200
1324633380000,79.95,80.0,79.9,79.95,175200
1324633440000,79.98,79.98,79.93,79.97,54890
1324633500000,79.98,80.0,79.94,79.99,191070
1324633560000,79.98,80.0,79.94,79.98,71740
1324633620000,79.98,79.99,79.94,79.94,94720
1324633680000,79.99,80.03,79.95,79.95,219290
1324633740000,79.99,79.99,79.89,79.9,88520
1324633800000,79.9,79.94,79.88,79.9,78130
1324633860000,79.9,79.95,79.87,79.88,134660
1324633920000,79.89,79.93,79.87,79.93,86900
1324633980000,79.93,79.95,79.9,79.95,98300
1324634040000,79.95,79.97,79.92,79.96,74220
1324634100000,79.92,79.95,79.88,79.9,147480
1324634160000,79.93,79.93,79.88,79.88,141050
1324634220000,79.9,79.97,79.87,79.96,152040
1324634280000,79.97,79.97,79.91,79.97,81890
1324634340000,79.97,79.99,79.93,79.95,65920
1324634400000,79.97,80.04,79.93,80.0,353490
1324634460000,80.0,80.0,79.96,79.96,57890
1324634520000,80.0,80.02,79.95,79.97,99500
1324634580000,79.99,80.0,79.95,80.0,70780
1324634640000,79.99,79.99,79.95,79.97,97640
1324634700000,79.97,80.09,79.97,80.09,430950
1324634760000,80.09,80.14,80.07,80.11,172370
1324634820000,80.14,80.14,80.06,80.12,223410
1324634880000,80.09,80.2,80.09,80.16,241590
1324634940000,80.16,80.17,80.1,80.11,189130
1324635000000,80.11,80.15,80.01,80.1,347810
1324635060000,80.1,80.12,80.05,80.07,92290
1324635120000,80.07,80.13,80.06,80.13,180140
1324635180000,80.12,80.17,80.08,80.17,175950
1324635240000,80.15,80.18,80.12,80.15,125860
1324635300000,80.15,80.18,80.11,80.14,237430
1324635360000,80.15,80.17,80.1,80.17,80890
1324635420000,80.17,80.18,80.12,80.13,159990
1324635480000,80.13,80.13,80.07,80.12,172160
1324635540000,80.12,80.19,80.09,80.14,213820
1324635600000,80.17,80.2,80.13,80.16,139720
1324635660000,80.16,80.17,80.13,80.17,70280
1324635720000,80.16,80.18,80.1,80.16,78670
1324635780000,80.16,80.18,80.14,80.15,202120
1324635840000,80.16,80.18,80.15,80.17,49720
1324635900000,80.17,80.19,80.15,80.18,130060
1324635960000,80.14,80.18,80.14,80.18,32210
1324636020000,80.16,80.19,80.13,80.19,32100
1324636080000,80.16,80.19,80.16,80.17,58540
1324636140000,80.18,80.27,80.18,80.24,368190
1324636200000,80.24,80.3,80.21,80.25,193710
1324636260000,80.22,80.27,80.21,80.25,128220
1324636320000,80.25,80.29,80.23,80.29,128750
1324636380000,80.29,80.29,80.22,80.27,159280
1324636440000,80.24,80.26,80.21,80.24,104520
1324636500000,80.23,80.25,80.21,80.24,56710
1324636560000,80.23,80.25,80.21,80.22,83550
1324636620000,80.22,80.3,80.2,80.3,384050
1324636680000,80.3,80.33,80.23,80.3,280080
1324636740000,80.29,80.32,80.25,80.32,191380
1324636800000,80.31,80.35,80.3,80.3,419500
1324636860000,80.31,80.38,80.26,80.3,182630
1324636920000,80.3,80.33,80.27,80.29,82700
1324636980000,80.28,80.3,80.25,80.27,140750
1324637040000,80.27,80.3,80.25,80.29,54580
1324637100000,80.27,80.3,80.25,80.29,92170
1324637160000,80.29,80.3,80.25,80.29,114850
1324637220000,80.26,80.31,80.26,80.31,104660
1324637280000,80.27,80.29,80.23,80.28,75530
1324637340000,80.28,80.3,80.24,80.29,152700
1324637400000,80.29,80.3,80.26,80.29,55260
1324637460000,80.29,80.3,80.2,80.27,223650
1324637520000,80.27,80.31,80.24,80.31,116670
1324637580000,80.3,80.31,80.26,80.26,69180
1324637640000,80.26,80.31,80.25,80.27,79340
1324637700000,80.27,80.29,80.25,80.27,180400
1324637760000,80.28,80.29,80.2,80.24,279360
1324637820000,80.24,80.24,80.21,80.22,44780
1324637880000,80.22,80.23,80.16,80.19,172110
1324637940000,80.17,80.19,80.16,80.18,63840
1324638000000,80.18,80.19,80.14,80.15,118230
1324638060000,80.15,80.18,80.14,80.18,130560
1324638120000,80.16,80.19,80.16,80.19,297840
1324638180000,80.19,80.21,80.18,80.21,76150
1324638240000,80.2,80.23,80.19,80.2,48260
1324638300000,80.23,80.24,80.18,80.23,58400
1324638360000,80.23,80.23,80.15,80.16,108620
1324638420000,80.16,80.19,80.14,80.19,316170
1324638480000,80.19,80.19,80.12,80.17,103170
1324638540000,80.17,80.18,80.12,80.15,120990
1324638600000,80.13,80.19,80.11,80.19,185580
1324638660000,80.16,80.19,80.16,80.18,47760
1324638720000,80.18,80.19,80.15,80.15,198810
1324638780000,80.14,80.19,80.13,80.18,81210
1324638840000,80.17,80.18,80.12,80.18,118590
1324638900000,80.19,80.2,80.14,80.15,196920
1324638960000,80.15,80.18,80.14,80.18,89480
1324639020000,80.18,80.19,80.11,80.17,155360
1324639080000,80.17,80.19,80.14,80.18,55410
1324639140000,80.19,80.19,80.15,80.16,38990
1324639200000,80.18,80.18,80.13,80.17,88830
1324639260000,80.16,80.17,80.14,80.17,42910
1324639320000,80.17,80.19,80.12,80.19,208250
1324639380000,80.19,80.2,80.12,80.19,186180
1324639440000,80.19,80.2,80.16,80.2,75450
1324639500000,80.19,80.22,80.14,80.22,151570
1324639560000,80.22,80.23,80.17,80.22,59420
1324639620000,80.23,80.25,80.2,80.22,428780
1324639680000,80.22,80.25,80.18,80.21,119670
1324639740000,80.22,80.24,80.17,80.21,94340
1324639800000,80.21,80.25,80.19,80.24,51260
1324639860000,80.23,80.25,80.22,80.24,51020
1324639920000,80.24,80.25,80.2,80.2,128010
1324639980000,80.22,80.25,80.18,80.2,141330
1324640040000,80.2,80.24,80.18,80.2,247200
1324640100000,80.23,80.25,80.2,80.25,36890
1324640160000,80.25,80.25,80.2,80.22,111810
1324640220000,80.25,80.25,80.2,80.24,42210
1324640280000,80.24,80.24,80.2,80.23,63750
1324640340000,80.23,80.25,80.21,80.25,131360
1324640400000,80.25,80.3,80.24,80.3,1092280
1324640460000,80.29,80.3,80.25,80.29,142710
1324640520000,80.26,80.3,80.25,80.27,251720
1324640580000,80.27,80.32,80.26,80.31,193030
1324640640000,80.31,80.32,80.25,80.26,60370
1324640700000,80.26,80.27,80.21,80.27,220640
1324640760000,80.28,80.35,80.23,80.35,387620
1324640820000,80.34,80.35,80.3,80.31,95740
1324640880000,80.32,80.36,80.25,80.31,343330
1324640940000,80.28,80.37,80.27,80.35,548640
1324641000000,80.34,80.35,80.28,80.35,155920
1324641060000,80.34,80.35,80.29,80.29,77730
1324641120000,80.3,80.32,80.25,80.3,121260
1324641180000,80.31,80.36,80.27,80.31,200280
1324641240000,80.33,80.36,80.27,80.34,185730
1324641300000,80.34,80.37,80.28,80.29,221430
1324641360000,80.29,80.37,80.28,80.35,683200
1324641420000,80.35,80.36,80.32,80.35,123020
1324641480000,80.35,80.35,80.26,80.33,126500
1324641540000,80.29,80.35,80.29,80.34,60340
1324641600000,80.34,80.37,80.3,80.35,132760
1324641660000,80.34,80.38,80.3,80.36,363940
1324641720000,80.38,80.45,80.35,80.42,542760
1324641780000,80.45,80.5,80.43,80.49,912570
1324641840000,80.48,80.49,80.43,80.47,107080
1324641900000,80.48,80.49,80.45,80.48,172470
1324641960000,80.48,80.49,80.4,80.4,318000
1324642020000,80.41,80.46,80.39,80.43,229820
1324642080000,80.45,80.45,80.4,80.43,153340
1324642140000,80.41,80.94,80.35,80.77,4260010
1324642200000,80.8,80.8,80.67,80.7,713050
1324642260000,80.72,80.73,80.62,80.65,278080
1324642320000,80.65,80.74,80.65,80.73,201460
1324642380000,80.74,80.88,80.7,80.77,1316330
1324642440000,80.78,80.9,80.74,80.76,1048390
1324642500000,80.75,80.79,80.73,80.75,276000
1324642560000,80.75,80.85,80.75,80.79,767730
1324642620000,80.78,80.8,80.7,80.72,348730
1324642680000,80.72,80.75,80.65,80.69,515260
1324642740000,80.69,80.7,80.66,80.67,422990
1324642800000,80.68,80.7,80.65,80.69,86610
1324642860000,80.69,80.7,80.65,80.69,57440
1324642920000,80.69,80.69,80.62,80.65,295710
1324642980000,80.64,80.69,80.64,80.69,171520
1324643040000,80.67,80.69,80.65,80.66,90600
1324643100000,80.66,80.69,80.65,80.67,64850
1324643160000,80.68,80.68,80.63,80.67,351070
1324643220000,80.67,80.67,80.56,80.62,335590
1324643280000,80.6,80.62,80.51,80.53,356410
1324643340000,80.53,80.55,80.46,80.53,355830
1324643400000,80.53,80.6,80.49,80.6,286810
1324643460000,80.56,80.63,80.5,80.63,290300
1324643520000,80.63,80.64,80.56,80.64,81250
1324643580000,80.65,80.75,80.65,80.67,481000
1324643640000,80.68,80.7,80.65,80.67,23440
1324643700000,80.65,80.69,80.55,80.55,84890
1324643760000,80.55,80.55,80.5,80.54,127980
1324643820000,80.55,80.6,80.55,80.6,168410
1324643880000,80.57,80.6,80.57,80.58,62130
1324643940000,80.58,80.65,80.58,80.64,88860
1324644000000,80.64,80.65,80.6,80.65,90260
1324644060000,80.65,80.65,80.55,80.6,119190
1324644120000,80.57,80.6,80.57,80.6,89790
1324644180000,80.59,80.6,80.56,80.56,40640
1324644240000,80.6,80.6,80.58,80.6,53110
1324644300000,80.6,80.6,80.56,80.58,77180
1324644360000,80.59,80.6,80.56,80.59,105490
1324644420000,80.6,80.64,80.6,80.61,49010
1324644480000,80.64,80.65,80.6,80.64,139100
1324644540000,80.64,80.65,80.62,80.65,19720
1324644600000,80.64,80.65,80.64,80.65,87110
1324644660000,80.64,80.68,80.63,80.68,219430
1324644720000,80.68,80.69,80.66,80.67,31920
1324644780000,80.68,80.69,80.64,80.68,44780
1324644840000,80.67,80.68,80.66,80.66,41850
1324644900000,80.68,80.69,80.64,80.68,45560
1324644960000,80.68,80.69,80.66,80.69,27540
1324645020000,80.68,80.7,80.67,80.68,152610
1324645080000,80.68,80.7,80.66,80.7,79690
1324645140000,80.69,80.71,80.68,80.7,85700
1324645200000,80.7,80.87,80.67,80.82,693200
1324645260000,80.8,80.85,80.8,80.81,84970
1324645320000,80.83,81.0,80.82,81.0,3098100
1324645380000,80.97,81.0,80.85,80.92,374480
1324645440000,80.94,80.95,80.86,80.89,393080
1324645500000,80.9,80.94,80.87,80.87,69130
1324645560000,80.87,81.0,80.87,80.99,267810
1324645620000,80.98,80.99,80.91,80.95,240200
1324645680000,80.95,80.97,80.88,80.94,73520
1324645740000,80.94,80.94,80.86,80.88,57460
1324645800000,80.86,80.89,80.82,80.82,335170
1324645860000,80.82,80.85,80.78,80.84,201560
1324645920000,80.84,80.85,80.82,80.83,17700
1324645980000,80.85,80.87,80.84,80.86,148150
1324646040000,80.85,80.87,80.81,80.85,53620
1324646100000,80.85,80.93,80.75,80.78,436620
1324646160000,80.75,80.78,80.71,80.71,189180
1324646220000,80.72,80.77,80.67,80.74,457440
1324646280000,80.73,80.81,80.73,80.79,162490
1324646340000,80.79,80.84,80.79,80.84,24570
1324646400000,80.82,80.84,80.8,80.82,82270
1324646460000,80.81,80.82,80.76,80.8,142750
1324646520000,80.8,80.88,80.74,80.81,218870
1324646580000,80.8,81.0,80.78,80.93,642960
1324646640000,80.93,80.95,80.86,80.86,96250
1324646700000,80.87,80.93,80.86,80.87,174800
1324646760000,80.88,80.91,80.87,80.9,88300
1324646820000,80.91,80.95,80.87,80.92,135210
1324646880000,80.93,80.95,80.87,80.87,160320
1324646940000,80.87,80.92,80.86,80.91,122520
1324647000000,80.92,81.1,80.71,80.86,2026000
1324647060000,80.81,80.85,80.62,80.71,543130
1324647120000,80.72,80.8,80.7,80.79,164310
1324647180000,80.79,80.87,80.7,80.8,205640
1324647240000,80.8,80.9,80.78,80.9,253300
1324647300000,80.88,80.94,80.86,80.9,169230
1324647360000,80.9,80.9,80.81,80.85,137650
1324647420000,80.87,80.89,80.74,80.81,209020
1324647480000,80.79,80.82,80.65,80.68,257330
1324647540000,80.7,80.75,80.67,80.69,47340
1324647600000,80.69,80.69,80.25,80.3,1729810
1324647660000,80.35,80.4,80.26,80.38,388480
1324647720000,80.38,80.4,80.18,80.23,713750
1324647780000,80.22,80.26,80.12,80.12,837960
1324647840000,80.13,80.29,80.07,80.29,512610
1324647900000,80.27,80.27,80.05,80.21,386080
1324647960000,80.22,80.25,80.15,80.25,366550
1324648020000,80.25,80.39,80.24,80.34,208690
1324648080000,80.33,80.34,80.09,80.09,357440
1324648140000,80.11,80.19,80.11,80.12,31580
1324648200000,80.16,80.23,80.12,80.22,74810
1324648260000,80.21,80.24,80.2,80.22,64780
1324648320000,80.22,80.27,80.19,80.25,174780
1324648380000,80.25,80.25,80.18,80.19,47170
1324648440000,80.19,80.23,80.18,80.18,30910
1324648500000,80.18,80.2,80.14,80.2,88460
1324648560000,80.2,80.31,80.18,80.31,185590
1324648620000,80.31,80.35,80.3,80.32,40450
1324648680000,80.33,80.35,80.32,80.32,82720
1324648740000,80.32,80.34,80.25,80.31,416430
1324648800000,80.3,80.34,80.14,80.18,403210
1324648860000,80.18,80.19,80.14,80.17,115220
1324648920000,80.17,80.2,80.16,80.17,34280
1324648980000,80.18,80.24,80.16,80.23,55080
1324649040000,80.23,80.24,80.18,80.19,30030
1324649100000,80.19,80.21,80.16,80.18,39860
1324649160000,80.2,80.2,80.16,80.18,15140
1324649220000,80.18,80.2,80.18,80.2,22080
1324649280000,80.2,80.2,80.16,80.2,58950
1324649340000,80.2,80.2,79.91,79.93,1061620
1324649400000,79.94,80.05,79.91,80.02,302990
1324649460000,80.05,80.1,80.01,80.07,162990
1324649520000,80.08,80.1,80.01,80.09,146070
1324649580000,80.1,80.1,80.06,80.07,35130
1324649640000,80.07,80.1,80.05,80.09,22300
1324649700000,80.09,80.09,79.98,80.05,209930
1324649760000,80.05,80.08,80.0,80.0,227250
1324649820000,80.0,80.02,79.99,80.02,32180
1324649880000,80.02,80.04,80.0,80.03,6970
1324649940000,80.04,80.06,80.02,80.06,159160
1324650000000,80.06,80.12,80.06,80.12,266030
1324650060000,80.14,80.25,80.13,80.25,247780
1324650120000,80.24,80.29,80.22,80.25,125520
1324650180000,80.23,80.24,80.15,80.15,43850
1324650240000,80.16,80.17,80.13,80.15,19640
1324650300000,80.16,80.16,80.07,80.07,56120
1324650360000,80.08,80.15,80.08,80.15,9410
1324650420000,80.11,80.16,80.1,80.16,31670
1324650480000,80.16,80.19,80.14,80.19,9090
1324650540000,80.17,80.23,80.12,80.12,126880
1324650600000,80.15,80.23,80.15,80.21,187600
1324650660000,80.21,80.35,80.21,80.3,253300
1324650720000,80.28,80.3,80.13,80.13,181900
1324650780000,80.13,80.19,80.13,80.17,65150
1324650840000,80.17,80.2,80.09,80.09,324550
1324650900000,80.1,80.17,80.07,80.14,145180
1324650960000,80.14,80.17,80.1,80.12,132310
1324651020000,80.15,80.18,80.11,80.12,109790
1324651080000,80.18,80.24,80.13,80.13,360420
1324651140000,80.14,80.14,79.97,80.0,850720
1324651200000,80.0,80.0,79.92,79.96,410880
1324651260000,79.96,79.96,79.8,79.9,1332760
1324651320000,79.9,79.9,79.69,79.75,1758860
1324651380000,79.76,79.95,79.72,79.83,494570
1324651440000,79.86,80.07,79.81,80.0,1006960
1324879200000,80.49,80.75,80.3,80.35,903180
1324879260000,80.39,80.45,80.2,80.35,418850
1324879320000,80.35,80.39,80.31,80.36,164060
1324879380000,80.35,80.45,80.33,80.45,83590
1324879440000,80.45,80.48,80.35,80.36,173980
1324879500000,80.35,80.39,80.27,80.28,400880
1324879560000,80.28,80.31,80.28,80.29,47490
1324879620000,80.29,80.3,80.25,80.27,48750
1324879680000,80.25,80.27,80.2,80.22,89870
1324879740000,80.21,80.23,80.13,80.18,240440
1324879800000,80.19,80.2,80.18,80.2,113270
1324879860000,80.2,80.22,80.16,80.22,249750
1324879920000,80.23,80.42,80.22,80.41,277470
1324879980000,80.41,80.45,80.33,80.35,160610
1324880040000,80.35,80.39,80.33,80.39,66510
1324880100000,80.39,80.68,80.36,80.59,878780
1324880160000,80.6,80.62,80.55,80.58,327100
1324880220000,80.58,80.6,80.49,80.53,734830
1324880280000,80.55,80.65,80.55,80.62,294840
1324880340000,80.62,80.65,80.58,80.6,158560
1324880400000,80.58,80.74,80.57,80.61,2128300
1324880460000,80.65,80.72,80.6,80.7,207140
1324880520000,80.68,80.68,80.56,80.56,139920
1324880580000,80.56,80.6,80.5,80.6,192060
1324880640000,80.56,80.6,80.54,80.6,52460
1324880700000,80.6,80.6,80.58,80.59,62140
1324880760000,80.59,80.59,80.56,80.57,55780
1324880820000,80.58,80.58,80.52,80.55,124150
1324880880000,80.55,80.56,80.53,80.55,32830
1324880940000,80.53,80.6,80.51,80.59,246910
1324881000000,80.6,80.6,80.59,80.6,311440
1324881060000,80.61,80.7,80.61,80.67,113520
1324881120000,80.69,80.69,80.54,80.65,189710
1324881180000,80.65,80.68,80.62,80.65,146990
1324881240000,80.64,80.67,80.52,80.56,140250
1324881300000,80.53,80.57,80.4,80.44,276500
1324881360000,80.43,80.5,80.4,80.49,146100
1324881420000,80.49,80.5,80.46,80.48,31460
1324881480000,80.5,80.55,80.47,80.55,366040
1324881540000,80.56,80.59,80.56,80.56,54950
1324881600000,80.57,80.58,80.57,80.57,5880
1324881660000,80.56,80.6,80.55,80.57,51820
1324881720000,80.57,80.58,80.55,80.55,5530
1324881780000,80.57,80.57,80.46,80.52,56070
1324881840000,80.55,80.56,80.48,80.55,58730
1324881900000,80.55,80.59,80.54,80.59,14210
1324881960000,80.57,80.64,80.49,80.63,260730
1324882020000,80.63,80.65,80.56,80.65,25550
1324882080000,80.61,80.66,80.61,80.66,73700
1324882140000,80.65,80.66,80.64,80.66,45240
1324882200000,80.66,80.66,80.62,80.64,16430
1324882260000,80.62,80.65,80.62,80.62,15970
1324882320000,80.62,80.65,80.62,80.64,59170
1324882380000,80.65,80.65,80.61,80.63,30430
1324882440000,80.62,80.62,80.57,80.57,35750
1324882500000,80.59,80.62,80.53,80.6,77310
1324882560000,80.63,80.7,80.6,80.69,579880
1324882620000,80.7,80.71,80.61,80.64,390240
1324882680000,80.68,80.74,80.64,80.7,863650
1324882740000,80.7,80.75,80.63,80.7,729560
1324882800000,80.7,80.77,80.69,80.7,541240
1324882860000,80.71,80.71,80.62,80.63,111180
1324882920000,80.63,80.66,80.62,80.66,25660
1324882980000,80.66,80.66,80.59,80.66,123010
1324883040000,80.64,80.65,80.55,80.62,349520
1324883100000,80.63,80.66,80.55,80.64,155660
1324883160000,80.64,80.65,80.53,80.64,387130
1324883220000,80.65,80.65,80.45,80.52,617900
1324883280000,80.55,80.55,80.44,80.55,205340
1324883340000,80.55,80.55,80.49,80.49,23140
1324883400000,80.49,80.52,80.47,80.52,39510
1324883460000,80.52,80.53,80.47,80.52,39790
1324883520000,80.53,80.56,80.5,80.55,48590
1324883580000,80.56,80.56,80.47,80.55,146630
1324883640000,80.48,80.55,80.47,80.55,115700
1324883700000,80.55,80.55,80.53,80.54,8440
1324883760000,80.54,80.54,80.52,80.54,6900
1324883820000,80.53,80.55,80.52,80.55,33490
1324883880000,80.53,80.66,80.53,80.62,167510
1324883940000,80.65,80.66,80.64,80.65,35360
1324884000000,80.65,80.66,80.61,80.64,60140
1324884060000,80.64,80.64,80.59,80.62,20960
1324884120000,80.62,80.65,80.61,80.65,69170
1324884180000,80.65,80.66,80.63,80.66,59990
1324884240000,80.65,80.68,80.64,80.65,35140
1324884300000,80.67,80.7,80.65,80.68,185490
1324884360000,80.7,80.7,80.5,80.56,815060
1324884420000,80.56,80.57,80.46,80.5,183240
1324884480000,80.5,80.52,80.48,80.52,48860
1324884540000,80.52,80.52,80.51,80.52,23060
1324884600000,80.52,80.59,80.49,80.59,196430
1324884660000,80.58,80.59,80.55,80.57,39630
1324884720000,80.58,80.63,80.58,80.6,73420
1324884780000,80.59,80.65,80.59,80.61,36670
1324884840000,80.64,80.64,80.55,80.61,51020
1324884900000,80.61,80.62,80.58,80.6,18940
1324884960000,80.62,80.63,80.57,80.63,18020
1324885020000,80.62,80.63,80.59,80.59,25960
1324885080000,80.58,80.59,80.56,80.59,19770
1324885140000,80.59,80.6,80.59,80.6,6010
1324885200000,80.58,80.6,80.58,80.59,8760
1324885260000,80.6,80.6,80.55,80.56,76100
1324885320000,80.56,80.6,80.55,80.57,54810
1324885380000,80.58,80.6,80.55,80.6,56690
1324885440000,80.56,80.63,80.56,80.6,79740
1324885500000,80.59,80.64,80.59,80.63,98450
1324885560000,80.64,80.64,80.62,80.63,23580
1324885620000,80.63,80.65,80.62,80.63,115370
1324885680000,80.64,80.65,80.47,80.52,386300
1324885740000,80.52,80.52,80.41,80.41,435080
1324885800000,80.41,80.51,80.41,80.5,108930
1324885860000,80.5,80.5,80.45,80.49,53310
1324885920000,80.49,80.51,80.47,80.5,29290
1324885980000,80.5,80.5,80.47,80.5,19690
1324886040000,80.5,80.54,80.49,80.54,53360
1324886100000,80.54,80.55,80.51,80.54,43630
1324886160000,80.54,80.65,80.52,80.65,193720
1324886220000,80.61,80.64,80.6,80.6,105570
1324886280000,80.6,80.6,80.56,80.57,24250
1324886340000,80.57,80.64,80.56,80.64,193630
1324886400000,80.64,80.69,80.4,80.59,1923860
1324886460000,80.6,80.63,80.52,80.58,65110
1324886520000,80.58,80.59,80.53,80.59,49310
1324886580000,80.59,80.67,80.58,80.67,384920
1324886640000,80.67,80.67,80.63,80.65,60660
1324886700000,80.63,80.65,80.58,80.58,27140
1324886760000,80.63,80.64,80.61,80.61,37500
1324886820000,80.62,80.64,80.61,80.64,27840
1324886880000,80.62,80.64,80.58,80.64,45890
1324886940000,80.61,80.64,80.61,80.63,17150
1324887000000,80.64,80.64,80.59,80.62,90800
1324887060000,80.62,80.64,80.62,80.64,26490
1324887120000,80.64,80.67,80.62,80.65,157760
1324887180000,80.65,80.66,80.62,80.65,34440
1324887240000,80.65,80.66,80.62,80.64,31490
1324887300000,80.64,80.65,80.62,80.64,35450
1324887360000,80.64,80.66,80.62,80.65,68400
1324887420000,80.66,80.67,80.63,80.67,66270
1324887480000,80.68,80.74,80.61,80.74,835820
1324887540000,80.73,80.75,80.7,80.72,61620
1324887600000,80.73,80.74,80.67,80.73,53020
1324887660000,80.71,80.73,80.7,80.72,269490
1324887720000,80.71,80.73,80.69,80.7,39930
1324887780000,80.7,80.72,80.66,80.7,41240
1324887840000,80.71,80.71,80.65,80.68,30850
1324887900000,80.69,80.7,80.65,80.7,67140
1324887960000,80.66,80.7,80.66,80.7,35230
1324888020000,80.7,80.7,80.68,80.68,33510
1324888080000,80.68,80.68,80.67,80.67,20410
1324888140000,80.66,80.68,80.66,80.68,19060
1324888200000,80.68,80.68,80.65,80.65,36620
1324888260000,80.67,80.68,80.65,80.67,21020
1324888320000,80.66,80.68,80.65,80.66,31110
1324888380000,80.68,80.71,80.65,80.65,155490
1324888440000,80.7,80.72,80.65,80.72,52500
1324888500000,80.71,80.72,80.68,80.71,43870
1324888560000,80.71,80.71,80.67,80.7,51650
1324888620000,80.71,80.71,80.66,80.7,43150
1324888680000,80.71,80.79,80.65,80.78,715270
1324888740000,80.78,80.93,80.77,80.89,907290
1324888800000,80.88,80.9,80.83,80.88,182950
1324888860000,80.88,80.9,80.84,80.88,202080
1324888920000,80.89,80.9,80.84,80.88,101580
1324888980000,80.85,80.85,80.75,80.77,223270
1324889040000,80.77,80.85,80.76,80.85,114500
1324889100000,80.85,80.87,80.85,80.86,73020
1324889160000,80.84,80.87,80.8,80.87,62960
1324889220000,80.87,80.87,80.83,80.86,32910
1324889280000,80.86,80.86,80.82,80.85,223860
1324889340000,80.84,80.85,80.76,80.83,112120
1324889400000,80.83,80.86,80.73,80.82,218410
1324889460000,80.82,80.83,80.62,80.8,491230
1324889520000,80.79,80.84,80.79,80.81,73410
1324889580000,80.82,80.83,80.82,80.83,14320
1324889640000,80.83,80.83,80.75,80.79,113560
1324889700000,80.8,80.82,80.78,80.82,25240
1324889760000,80.82,80.83,80.81,80.81,19490
1324889820000,80.81,80.82,80.8,80.82,47680
1324889880000,80.82,80.82,80.77,80.8,117860
1324889940000,80.8,80.8,80.65,80.76,376200
1324890000000,80.77,80.82,80.62,80.73,545290
1324890060000,80.75,80.78,80.71,80.74,81660
1324890120000,80.75,80.79,80.72,80.75,29330
1324890180000,80.78,80.78,80.75,80.78,126530
1324890240000,80.79,80.79,80.77,80.79,3180
1324890300000,80.78,80.8,80.78,80.8,471570
1324890360000,80.8,80.8,80.78,80.8,95460
1324890420000,80.8,80.8,80.78,80.78,16610
1324890480000,80.8,80.8,80.78,80.8,104720
1324890540000,80.8,80.8,80.79,80.79,162750
1324890600000,80.8,80.8,80.78,80.79,72480
1324890660000,80.79,80.8,80.78,80.79,124350
1324890720000,80.8,80.8,80.78,80.79,30850
1324890780000,80.79,80.79,80.78,80.79,42710
1324890840000,80.79,80.8,80.77,80.8,71690
1324890900000,80.79,80.8,80.77,80.8,64320
1324890960000,80.8,80.8,80.78,80.8,168260
1324891020000,80.8,80.81,80.79,80.79,112210
1324891080000,80.79,80.82,80.77,80.77,100730
1324891140000,80.8,80.87,80.8,80.86,181850
1324891200000,80.86,80.87,80.84,80.87,90490
1324891260000,80.87,81.2,80.86,81.15,2778980
1324891320000,81.13,81.15,81.04,81.1,311360
1324891380000,81.07,81.11,81.06,81.1,141230
1324891440000,81.1,81.16,81.07,81.12,290270
1324891500000,81.12,81.18,81.11,81.15,218460
1324891560000,81.12,81.16,81.08,81.1,197290
1324891620000,81.1,81.14,81.04,81.11,506140
1324891680000,81.12,81.14,81.05,81.1,342190
1324891740000,81.13,81.18,81.11,81.18,235370
1324891800000,81.18,81.35,81.18,81.32,967020
1324891860000,81.32,81.34,81.26,81.28,114410
1324891920000,81.28,81.28,81.2,81.21,141270
1324891980000,81.22,81.24,81.1,81.15,382270
1324892040000,81.15,81.16,81.07,81.1,207860
1324892100000,81.13,81.16,81.1,81.15,115930
1324892160000,81.14,81.23,81.11,81.21,235310
1324892220000,81.21,81.31,81.2,81.29,245940
1324892280000,81.3,81.74,81.27,81.61,2949250
1324892340000,81.61,81.79,81.43,81.51,835550
1324892400000,81.5,81.6,81.49,81.49,395360
1324892460000,81.52,81.58,81.45,81.49,299040
1324892520000,81.54,81.95,81.54,81.63,1602030
1324892580000,81.64,81.71,81.56,81.66,390200
1324892640000,81.65,81.74,81.6,81.63,338260
1324892700000,81.64,81.77,81.6,81.64,2622520
1324892760000,81.64,81.64,81.55,81.55,120010
1324892820000,81.55,81.59,81.52,81.54,127000
1324892880000,81.58,81.59,81.41,81.45,527700
1324892940000,81.44,81.52,81.43,81.5,247640
1324893000000,81.52,81.53,81.49,81.51,47700
1324893060000,81.51,81.64,81.5,81.59,142240
1324893120000,81.6,81.64,81.58,81.58,63880
1324893180000,81.56,81.6,81.52,81.6,75240
1324893240000,81.55,81.58,81.5,81.54,56060
1324893300000,81.52,81.55,81.47,81.52,107520
1324893360000,81.52,81.54,81.47,81.47,161750
1324893420000,81.5,81.53,81.38,81.38,468350
1324893480000,81.4,81.44,81.3,81.41,494130
1324893540000,81.4,81.45,81.32,81.34,738540
1324893600000,81.34,81.44,81.32,81.4,231350
1324893660000,81.37,81.44,81.37,81.42,54190
1324893720000,81.39,81.42,81.37,81.4,16710
1324893780000,81.41,81.41,81.33,81.33,100110
1324893840000,81.36,81.36,81.31,81.32,77190
1324893900000,81.32,81.34,81.28,81.3,115730
1324893960000,81.3,81.33,81.24,81.32,154480
1324894020000,81.33,81.34,81.29,81.34,59910
1324894080000,81.34,81.41,81.33,81.39,175040
1324894140000,81.4,81.44,81.39,81.4,70220
1324894200000,81.42,81.45,81.4,81.44,28500
1324894260000,81.43,81.47,81.42,81.44,150050
1324894320000,81.43,81.47,81.42,81.46,41310
1324894380000,81.43,81.5,81.43,81.49,54680
1324894440000,81.49,81.5,81.47,81.5,18780
1324894500000,81.47,81.55,81.47,81.51,262250
1324894560000,81.51,81.59,81.51,81.56,82820
1324894620000,81.57,81.58,81.5,81.56,33490
1324894680000,81.56,81.58,81.5,81.51,115320
1324894740000,81.54,81.54,81.48,81.51,92850
1324894800000,81.5,81.54,81.5,81.53,31930
1324894860000,81.53,81.6,81.5,81.52,275660
1324894920000,81.55,81.64,81.55,81.63,523100
1324894980000,81.64,81.7,81.64,81.68,229580
1324895040000,81.7,81.7,81.63,81.68,52580
1324895100000,81.64,81.69,81.64,81.65,39100
1324895160000,81.69,81.69,81.63,81.63,88530
1324895220000,81.64,81.65,81.6,81.6,28400
1324895280000,81.62,81.65,81.59,81.6,125330
1324895340000,81.62,81.63,81.59,81.62,37620
1324895400000,81.6,81.62,81.58,81.62,72430
1324895460000,81.62,81.65,81.61,81.64,57020
1324895520000,81.64,81.69,81.64,81.68,942990
1324895580000,81.69,81.69,81.65,81.68,291830
1324895640000,81.68,81.69,81.4,81.54,776430
1324895700000,81.55,81.56,81.5,81.53,74470
1324895760000,81.53,81.55,81.48,81.5,52130
1324895820000,81.49,81.5,81.41,81.41,103750
1324895880000,81.43,81.47,81.4,81.46,70450
1324895940000,81.48,81.49,81.47,81.49,29020
1324896000000,81.49,81.51,81.42,81.45,69710
1324896060000,81.49,81.53,81.44,81.52,49620
1324896120000,81.52,81.57,81.42,81.55,97670
1324896180000,81.57,81.58,81.54,81.58,35870
1324896240000,81.56,81.58,81.51,81.52,71110
1324896300000,81.52,81.56,81.52,81.55,21740
1324896360000,81.55,81.56,81.52,81.52,38010
1324896420000,81.55,81.56,81.47,81.47,24590
1324896480000,81.49,81.49,81.4,81.42,136510
1324896540000,81.46,81.47,81.42,81.45,27350
1324896600000,81.46,81.46,81.42,81.44,41020
1324896660000,81.43,81.44,81.42,81.44,56390
1324896720000,81.44,81.44,81.36,81.36,199060
1324896780000,81.39,81.4,81.33,81.35,82780
1324896840000,81.35,81.41,81.33,81.4,37650
1324896900000,81.4,81.44,81.4,81.43,33730
1324896960000,81.43,81.44,81.38,81.39,210540
1324897020000,81.39,81.4,81.35,81.38,31090
1324897080000,81.38,81.39,81.36,81.39,74660
1324897140000,81.39,81.44,81.38,81.43,57560
1324897200000,81.43,81.44,81.4,81.44,30060
1324897260000,81.44,81.45,81.4,81.44,39180
1324897320000,81.44,81.44,81.42,81.43,22290
1324897380000,81.44,81.44,81.4,81.44,39570
1324897440000,81.44,81.44,81.4,81.41,42500
1324897500000,81.41,81.45,81.41,81.44,53190
1324897560000,81.43,81.45,81.43,81.44,17080
1324897620000,81.45,81.55,81.42,81.54,250780
1324897680000,81.54,81.65,81.53,81.56,235230
1324897740000,81.59,81.61,81.57,81.58,36310
1324897800000,81.59,81.6,81.57,81.57,51870
1324897860000,81.59,81.6,81.57,81.57,35010
1324897920000,81.59,81.59,81.56,81.59,56130
1324897980000,81.58,81.6,81.57,81.59,37730
1324898040000,81.59,81.6,81.57,81.6,37210
1324898100000,81.58,81.6,81.58,81.6,75770
1324898160000,81.6,81.65,81.6,81.64,148740
1324898220000,81.64,81.65,81.61,81.61,72600
1324898280000,81.61,81.64,81.61,81.63,22580
1324898340000,81.64,81.64,81.62,81.64,22410
1324898400000,81.63,81.64,81.62,81.63,63190
1324898460000,81.63,81.64,81.62,81.62,49370
1324898520000,81.63,81.64,81.62,81.63,29760
1324898580000,81.64,81.64,81.62,81.63,30180
1324898640000,81.63,81.64,81.55,81.59,189850
1324898700000,81.59,81.6,81.58,81.6,6080
1324898760000,81.6,81.6,81.58,81.59,5570
1324898820000,81.59,81.59,81.55,81.55,71030
1324898880000,81.58,81.58,81.55,81.58,14690
1324898940000,81.58,81.58,81.55,81.56,16690
1324899000000,81.56,81.57,81.48,81.53,157700
1324899060000,81.55,81.57,81.52,81.57,17290
1324899120000,81.56,81.57,81.5,81.54,65450
1324899180000,81.54,81.57,81.5,81.57,35350
1324899240000,81.57,81.57,81.5,81.55,80110
1324899300000,81.55,81.57,81.54,81.57,15200
1324899360000,81.55,81.58,81.54,81.57,15620
1324899420000,81.56,81.59,81.54,81.57,116850
1324899480000,81.56,81.59,81.55,81.58,26770
1324899540000,81.57,81.59,81.51,81.55,110010
1324899600000,81.56,81.56,81.52,81.56,24130
1324899660000,81.56,81.58,81.53,81.58,32380
1324899720000,81.58,81.6,81.55,81.57,165160
1324899780000,81.59,81.6,81.56,81.6,422930
1324899840000,81.59,81.6,81.56,81.57,22290
1324899900000,81.6,81.6,81.58,81.58,35410
1324899960000,81.58,81.64,81.58,81.63,105890
1324900020000,81.63,81.69,81.6,81.67,372610
1324900080000,81.69,81.77,81.65,81.75,339590
1324900140000,81.77,81.77,81.7,81.71,514320
1324900200000,81.74,81.74,81.67,81.67,68870
1324900260000,81.7,81.7,81.67,81.7,14960
1324900320000,81.7,81.7,81.68,81.68,32340
1324900380000,81.7,81.72,81.68,81.68,43390
1324900440000,81.7,81.7,81.65,81.68,62250
1324900500000,81.67,81.72,81.67,81.72,37440
1324900560000,81.72,81.76,81.71,81.75,117310
1324900620000,81.75,81.75,81.73,81.73,11500
1324900680000,81.73,81.75,81.7,81.71,68390
1324900740000,81.74,81.74,81.7,81.73,131020
1324900800000,81.73,81.77,81.71,81.75,594480
1324900860000,81.77,81.85,81.75,81.82,462990
1324900920000,81.82,81.83,81.78,81.82,60370
1324900980000,81.8,81.85,81.79,81.82,125020
1324901040000,81.82,81.83,81.8,81.82,91780
1324901100000,81.81,81.83,81.8,81.82,132020
1324901160000,81.81,81.81,81.75,81.75,203140
1324901220000,81.75,81.78,81.75,81.75,58190
1324901280000,81.75,81.77,81.71,81.77,123080
1324901340000,81.75,81.78,81.75,81.77,44000
1324901400000,81.75,81.78,81.75,81.75,38010
1324901460000,81.76,81.78,81.75,81.77,62540
1324901520000,81.76,81.77,81.75,81.75,67950
1324901580000,81.75,81.76,81.71,81.74,61820
1324901640000,81.73,81.75,81.7,81.72,106870
1324901700000,81.71,81.72,81.67,81.68,250670
1324901760000,81.68,81.71,81.65,81.65,231410
1324901820000,81.65,81.66,81.5,81.5,397420
1324901880000,81.5,81.55,81.4,81.4,590210
1324901940000,81.43,81.54,81.4,81.52,76460
1324902000000,81.54,81.59,81.52,81.57,176640
1324902060000,81.56,81.59,81.55,81.56,93310
1324902120000,81.55,81.58,81.55,81.56,76420
1324902180000,81.55,81.57,81.55,81.57,229250
1324902240000,81.57,81.59,81.56,81.57,49850
1324902300000,81.57,81.62,81.56,81.61,72090
1324902360000,81.61,81.66,81.61,81.63,111390
1324902420000,81.63,81.67,81.62,81.66,97420
1324902480000,81.65,81.68,81.62,81.62,156950
1324902540000,81.64,81.66,81.62,81.62,11660
1324902600000,81.63,81.67,81.62,81.62,95010
1324902660000,81.67,81.67,81.6,81.61,119870
1324902720000,81.61,81.66,81.6,81.65,58680
1324902780000,81.65,81.67,81.6,81.63,112850
1324902840000,81.62,81.67,81.61,81.64,90830
1324902900000,81.61,81.65,81.57,81.59,101600
1324902960000,81.57,81.61,81.41,81.41,523830
1324903020000,81.43,81.47,81.4,81.47,138910
1324903080000,81.47,81.49,81.38,81.49,211040
1324903140000,81.5,81.55,81.48,81.49,264650
1324903200000,81.51,81.52,81.31,81.35,636040
1324903260000,81.35,81.46,81.35,81.44,255260
1324903320000,81.44,81.5,81.43,81.5,88240
1324903380000,81.49,81.56,81.43,81.55,138880
1324903440000,81.52,81.61,81.52,81.56,179550
1324903500000,81.56,81.58,81.45,81.45,262900
1324903560000,81.45,81.5,81.45,81.49,314790
1324903620000,81.48,81.49,81.47,81.49,11090
1324903680000,81.49,81.55,81.4,81.41,406830
1324903740000,81.45,81.49,81.41,81.44,81260
1324903800000,81.44,81.47,81.37,81.4,161200
1324903860000,81.42,81.43,81.4,81.43,25580
1324903920000,81.43,81.43,81.39,81.39,136200
1324903980000,81.39,81.41,81.36,81.4,77830
1324904040000,81.4,81.43,81.35,81.43,80980
1324904100000,81.43,81.5,81.42,81.48,303350
1324904160000,81.47,81.48,81.44,81.47,19930
1324904220000,81.47,81.54,81.46,81.5,80310
1324904280000,81.54,81.55,81.5,81.53,23130
1324904340000,81.53,81.53,81.5,81.5,55140
1324904400000,81.51,81.52,81.49,81.49,72160
1324904460000,81.49,81.49,81.38,81.39,158160
1324904520000,81.39,81.4,81.35,81.35,74060
1324904580000,81.36,81.39,81.35,81.39,15910
1324904640000,81.38,81.47,81.38,81.46,38370
1324904700000,81.46,81.46,81.42,81.42,17750
1324904760000,81.45,81.5,81.44,81.5,75960
1324904820000,81.49,81.5,81.45,81.49,21580
1324904880000,81.49,81.49,81.46,81.48,9480
1324904940000,81.48,81.48,81.46,81.47,21290
1324905000000,81.47,81.48,81.47,81.48,10920
1324905060000,81.48,81.49,81.47,81.47,91730
1324905120000,81.49,81.51,81.48,81.5,400530
1324905180000,81.51,81.51,81.48,81.48,65300
1324905240000,81.5,81.51,81.48,81.48,35740
1324905300000,81.49,81.49,81.48,81.48,49260
1324905360000,81.48,81.51,81.48,81.48,213440
1324905420000,81.5,81.5,81.47,81.47,80270
1324905480000,81.47,81.49,81.47,81.47,1180
1324905540000,81.47,81.5,81.47,81.5,79610
1324905600000,81.5,81.5,81.49,81.49,12940
1324905660000,81.49,81.5,81.49,81.49,15950
1324905720000,81.49,81.5,81.49,81.5,11350
1324905780000,81.5,81.5,81.49,81.49,22190
1324905840000,81.49,81.5,81.48,81.5,46660
1324905900000,81.5,81.5,81.49,81.5,167960
1324905960000,81.49,81.5,81.49,81.5,96690
1324906020000,81.5,81.5,81.49,81.49,129560
1324906080000,81.49,81.5,81.48,81.49,77410
1324906140000,81.49,81.5,81.48,81.5,28370
1324906200000,81.5,81.5,81.48,81.5,416130
1324906260000,81.5,81.6,81.5,81.59,172480
1324906320000,81.59,81.65,81.5,81.6,469610
1324906380000,81.59,81.61,81.56,81.6,121730
1324906440000,81.57,81.6,81.55,81.56,14890
1324906500000,81.57,81.6,81.55,81.57,21490
1324906560000,81.59,81.6,81.56,81.56,66820
1324906620000,81.58,81.59,81.54,81.56,38680
1324906680000,81.56,81.58,81.55,81.58,9110
1324906740000,81.58,81.58,81.55,81.56,23590
1324906800000,81.56,81.58,81.55,81.56,47560
1324906860000,81.56,81.58,81.55,81.56,16110
1324906920000,81.58,81.61,81.55,81.61,76560
1324906980000,81.6,81.65,81.6,81.65,41990
1324907040000,81.65,81.65,81.62,81.65,65170
1324907100000,81.64,81.65,81.56,81.62,59400
1324907160000,81.62,81.62,81.6,81.61,14480
1324907220000,81.61,81.62,81.6,81.6,16050
1324907280000,81.61,81.62,81.6,81.61,66290
1324907340000,81.61,81.63,81.6,81.62,28550
1324907400000,81.62,81.62,81.6,81.61,35290
1324907460000,81.6,81.62,81.56,81.58,134540
1324907520000,81.57,81.6,81.56,81.57,57030
1324907580000,81.59,81.61,81.56,81.56,62570
1324907640000,81.56,81.57,81.56,81.57,6530
1324907700000,81.57,81.57,81.56,81.57,36850
1324907760000,81.57,81.59,81.56,81.57,28350
1324907820000,81.58,81.6,81.44,81.45,384500
1324907880000,81.45,81.53,81.44,81.52,82160
1324907940000,81.53,81.55,81.52,81.55,16280
1324908000000,81.53,81.6,81.52,81.55,182540
1324908060000,81.55,81.56,81.52,81.55,15260
1324908120000,81.54,81.55,81.52,81.52,17320
1324908180000,81.55,81.62,81.52,81.53,154100
1324908240000,81.53,81.58,81.44,81.44,205140
1324908300000,81.45,81.5,81.44,81.46,268810
1324908360000,81.45,81.5,81.44,81.5,135330
1324908420000,81.48,81.5,81.44,81.45,110520
1324908480000,81.45,81.5,81.44,81.5,91990
1324908540000,81.5,81.5,81.48,81.5,142530
1324908600000,81.48,81.5,81.47,81.5,52610
1324908660000,81.5,81.5,81.48,81.5,83780
1324908720000,81.5,81.5,81.49,81.49,27960
1324908780000,81.5,81.5,81.48,81.5,31330
1324908840000,81.5,81.5,81.48,81.49,37980
1324908900000,81.48,81.51,81.48,81.51,152270
1324908960000,81.5,81.55,81.5,81.54,98010
1324909020000,81.55,81.55,81.52,81.55,381530
1324909080000,81.55,81.55,81.5,81.54,90410
1324909140000,81.5,81.55,81.5,81.54,17600
1324909200000,81.51,81.55,81.5,81.53,22980
1324909260000,81.54,81.54,81.52,81.54,204330
1324909320000,81.54,81.54,81.48,81.53,63370
1324909380000,81.53,81.53,81.47,81.47,32190
1324909440000,81.47,81.47,81.44,81.45,73170
1324909500000,81.45,81.45,81.41,81.44,49160
1324909560000,81.44,81.45,81.38,81.45,272170
1324909620000,81.41,81.45,81.41,81.41,21860
1324909680000,81.41,81.45,81.41,81.45,33590
1324909740000,81.46,81.48,81.45,81.48,50680
1324909800000,81.48,81.49,81.46,81.49,114620
1324909860000,81.48,81.49,81.45,81.47,117970
1324909920000,81.46,81.49,81.44,81.44,61490
1324909980000,81.44,81.48,81.42,81.43,33240
1324910040000,81.44,81.49,81.43,81.48,111910
1324910100000,81.48,81.49,81.46,81.46,193310
1324910160000,81.47,81.49,81.46,81.47,345390
1324910220000,81.48,81.49,81.46,81.49,231760
1324910280000,81.49,81.55,81.47,81.54,181290
1324910340000,81.52,81.55,81.52,81.55,82020
1324910400000,81.55,81.55,81.5,81.55,113630
1324910460000,81.54,81.55,81.49,81.54,120350
1324910520000,81.54,81.55,81.42,81.46,282600
1324910580000,81.46,81.5,81.42,81.48,459470
1324910640000,81.47,81.5,81.4,81.42,748160
1324965600000,81.35,81.54,81.35,81.43,210170
1324965660000,81.4,81.43,81.38,81.41,92080
1324965720000,81.43,81.5,81.4,81.47,54420
1324965780000,81.46,81.5,81.46,81.47,129710
1324965840000,81.47,81.51,81.47,81.47,163530
1324965900000,81.47,81.47,81.4,81.4,107140
1324965960000,81.4,81.42,81.35,81.42,328140
1324966020000,81.42,81.45,81.4,81.42,76850
1324966080000,81.42,81.43,81.4,81.42,75800
1324966140000,81.42,81.43,81.41,81.43,75160
1324966200000,81.43,81.45,81.42,81.45,8010
1324966260000,81.44,81.44,81.43,81.43,3320
1324966320000,81.43,81.47,81.41,81.45,71720
1324966380000,81.42,81.43,81.4,81.4,53540
1324966440000,81.4,81.42,81.4,81.42,6100
1324966500000,81.41,81.42,81.4,81.4,310800
1324966560000,81.4,81.4,81.36,81.37,97750
1324966620000,81.4,81.4,81.36,81.36,27370
1324966680000,81.38,81.44,81.36,81.41,173520
1324966740000,81.43,81.5,81.42,81.46,114770
1324966800000,81.46,81.49,81.41,81.43,248640
1324966860000,81.45,81.53,81.44,81.53,293600
1324966920000,81.53,81.59,81.52,81.59,74880
1324966980000,81.59,81.63,81.54,81.62,320300
1324967040000,81.6,81.66,81.58,81.66,131360
1324967100000,81.65,81.75,81.51,81.61,1093950
1324967160000,81.6,81.6,81.53,81.59,201390
1324967220000,81.59,81.59,81.46,81.46,314890
1324967280000,81.46,81.46,81.35,81.36,591900
1324967340000,81.37,81.4,81.02,81.02,892980
1324967400000,81.06,81.23,80.98,81.2,1070010
1324967460000,81.2,81.27,81.01,81.21,1137870
1324967520000,81.21,81.24,81.04,81.06,201640
1324967580000,81.06,81.19,81.06,81.17,108970
1324967640000,81.16,81.23,81.15,81.15,112350
1324967700000,81.18,81.23,81.13,81.15,362360
1324967760000,81.15,81.15,81.07,81.1,183630
1324967820000,81.1,81.1,81.06,81.1,34090
1324967880000,81.1,81.17,81.1,81.15,33980
1324967940000,81.15,81.2,81.15,81.18,126310
1324968000000,81.19,81.19,81.17,81.18,24220
1324968060000,81.17,81.18,81.13,81.17,106200
1324968120000,81.15,81.15,81.09,81.12,144630
1324968180000,81.12,81.15,81.11,81.11,29920
1324968240000,81.11,81.14,81.1,81.1,63340
1324968300000,81.11,81.12,81.1,81.11,32120
1324968360000,81.11,81.12,81.09,81.1,31310
1324968420000,81.11,81.11,81.09,81.09,76380
1324968480000,81.09,81.1,81.03,81.03,137310
1324968540000,81.06,81.1,81.0,81.03,444280
1324968600000,81.03,81.08,81.01,81.07,101670
1324968660000,81.06,81.07,81.01,81.05,53510
1324968720000,81.06,81.1,81.0,81.05,188710
1324968780000,81.01,81.07,81.0,81.07,160340
1324968840000,81.07,81.09,80.95,80.95,321850
1324968900000,80.96,80.96,80.77,80.77,797810
1324968960000,80.79,80.79,80.54,80.65,1183960
1324969020000,80.67,80.76,80.65,80.7,479810
1324969080000,80.7,80.74,80.68,80.73,256860
1324969140000,80.71,80.84,80.69,80.8,163690
1324969200000,80.8,80.8,80.6,80.61,425870
1324969260000,80.64,80.7,80.62,80.7,138260
1324969320000,80.66,80.7,80.58,80.58,223500
1324969380000,80.58,80.7,80.57,80.62,163870
1324969440000,80.61,80.61,80.46,80.49,859190
1324969500000,80.45,80.5,80.38,80.5,976410
1324969560000,80.5,80.69,80.5,80.57,183130
1324969620000,80.57,80.66,80.57,80.64,142360
1324969680000,80.64,80.67,80.62,80.65,76780
1324969740000,80.65,80.65,80.62,80.64,20200
1324969800000,80.62,80.65,80.59,80.63,136730
1324969860000,80.6,80.6,80.55,80.58,139830
1324969920000,80.58,80.63,80.57,80.63,140610
1324969980000,80.63,80.7,80.63,80.7,205270
1324970040000,80.7,80.74,80.68,80.7,287170
1324970100000,80.69,80.69,80.57,80.59,138260
1324970160000,80.58,80.66,80.58,80.6,110310
1324970220000,80.6,80.66,80.59,80.66,94260
1324970280000,80.66,80.68,80.59,80.68,151840
1324970340000,80.67,80.68,80.64,80.68,56460
1324970400000,80.68,80.69,80.65,80.69,15370
1324970460000,80.69,80.69,80.66,80.68,12580
1324970520000,80.68,80.69,80.51,80.65,404850
1324970580000,80.65,80.7,80.64,80.7,163210
1324970640000,80.7,80.7,80.65,80.69,28120
1324970700000,80.69,80.7,80.66,80.66,18650
1324970760000,80.66,80.76,80.65,80.76,221130
1324970820000,80.75,80.79,80.72,80.79,69210
1324970880000,80.75,80.84,80.75,80.84,224300
1324970940000,80.81,80.85,80.81,80.81,135000
1324971000000,80.81,80.85,80.75,80.75,80520
1324971060000,80.75,80.8,80.75,80.77,37660
1324971120000,80.77,80.81,80.75,80.77,104560
1324971180000,80.77,80.8,80.77,80.77,29230
1324971240000,80.77,80.84,80.77,80.83,55030
1324971300000,80.84,80.85,80.75,80.81,105350
1324971360000,80.8,80.84,80.78,80.84,22250
1324971420000,80.81,80.85,80.8,80.84,38320
1324971480000,80.85,80.87,80.85,80.86,49030
1324971540000,80.86,80.87,80.85,80.85,23740
1324971600000,80.86,80.87,80.8,80.85,76950
1324971660000,80.81,80.85,80.81,80.83,14760
1324971720000,80.82,80.83,80.8,80.8,84780
1324971780000,80.8,80.8,80.75,80.75,140000
1324971840000,80.75,80.78,80.73,80.75,46770
1324971900000,80.75,80.75,80.71,80.73,71670
1324971960000,80.75,80.77,80.75,80.76,3710
1324972020000,80.76,80.79,80.75,80.75,70650
1324972080000,80.76,80.78,80.73,80.76,28660
1324972140000,80.75,80.8,80.75,80.78,2060
1324972200000,80.78,80.8,80.73,80.79,26480
1324972260000,80.77,80.8,80.77,80.77,9630
1324972320000,80.77,80.8,80.77,80.8,4500
1324972380000,80.78,80.8,80.78,80.8,5890
1324972440000,80.79,80.79,80.76,80.76,11030
1324972500000,80.79,80.8,80.76,80.77,8500
1324972560000,80.78,80.8,80.76,80.8,25230
1324972620000,80.78,80.79,80.77,80.79,21030
1324972680000,80.78,80.8,80.77,80.78,18740
1324972740000,80.8,80.8,80.76,80.76,41280
1324972800000,80.76,80.79,80.75,80.79,114230
1324972860000,80.77,80.8,80.77,80.77,45480
1324972920000,80.77,80.82,80.76,80.76,37280
1324972980000,80.78,80.8,80.76,80.8,16770
1324973040000,80.8,80.86,80.8,80.84,170840
1324973100000,80.81,80.87,80.81,80.87,29790
1324973160000,80.86,80.89,80.79,80.81,133630
1324973220000,80.84,80.88,80.81,80.87,21070
1324973280000,80.86,80.88,80.81,80.86,151360
1324973340000,80.86,80.88,80.85,80.85,40030
1324973400000,80.85,80.88,80.84,80.84,41770
1324973460000,80.85,80.85,80.81,80.81,20000
1324973520000,80.84,80.85,80.82,80.83,6310
1324973580000,80.82,80.87,80.82,80.82,16640
1324973640000,80.82,80.85,80.82,80.83,41000
1324973700000,80.83,80.85,80.82,80.82,9500
1324973760000,80.84,80.85,80.82,80.85,37330
1324973820000,80.85,80.88,80.83,80.85,57090
1324973880000,80.87,80.88,80.85,80.88,24050
1324973940000,80.86,80.87,80.84,80.85,50410
1324974000000,80.85,80.86,80.84,80.84,46400
1324974060000,80.84,80.85,80.82,80.85,28130
1324974120000,80.85,80.85,80.8,80.82,28160
1324974180000,80.82,80.83,80.76,80.76,141460
1324974240000,80.77,80.81,80.61,80.64,349310
1324974300000,80.61,80.68,80.6,80.68,263410
1324974360000,80.62,80.67,80.54,80.63,443060
1324974420000,80.63,80.65,80.57,80.58,127990
1324974480000,80.62,80.64,80.58,80.64,16610
1324974540000,80.61,80.63,80.55,80.6,120190
1324974600000,80.57,80.6,80.57,80.59,13210
1324974660000,80.6,80.61,80.57,80.61,15650
1324974720000,80.61,80.63,80.59,80.6,23880
1324974780000,80.6,80.64,80.57,80.6,39260
1324974840000,80.64,80.65,80.62,80.65,36260
1324974900000,80.66,80.68,80.61,80.68,41740
1324974960000,80.68,80.69,80.66,80.66,45680
1324975020000,80.67,80.68,80.65,80.68,8830
1324975080000,80.66,80.69,80.65,80.69,41070
1324975140000,80.69,80.69,80.66,80.68,20920
1324975200000,80.68,80.71,80.66,80.71,72610
1324975260000,80.71,80.73,80.71,80.71,17320
1324975320000,80.71,80.71,80.7,80.7,1210
1324975380000,80.7,80.72,80.7,80.72,6140
1324975440000,80.73,80.73,80.7,80.73,9160
1324975500000,80.73,80.73,80.7,80.7,107700
1324975560000,80.72,80.72,80.66,80.7,82480
1324975620000,80.68,80.69,80.66,80.66,15200
1324975680000,80.65,80.67,80.65,80.67,13420
1324975740000,80.66,80.66,80.45,80.53,857190
1324975800000,80.52,80.58,80.39,80.46,624700
1324975860000,80.45,80.5,80.45,80.48,67950
1324975920000,80.49,80.59,80.48,80.59,88450
1324975980000,80.58,80.59,80.56,80.59,46690
1324976040000,80.59,80.66,80.59,80.66,75170
1324976100000,80.65,80.67,80.61,80.61,34340
1324976160000,80.61,80.61,80.54,80.58,53780
1324976220000,80.55,80.64,80.54,80.64,84050
1324976280000,80.64,80.65,80.57,80.57,32590
1324976340000,80.6,80.65,80.6,80.61,62050
1324976400000,80.61,80.65,80.5,80.52,124190
1324976460000,80.52,80.55,80.5,80.53,28140
1324976520000,80.56,80.56,80.47,80.49,191520
1324976580000,80.47,80.53,80.47,80.53,18520
1324976640000,80.53,80.61,80.5,80.61,400570
1324976700000,80.61,80.73,80.61,80.72,389880
1324976760000,80.73,80.75,80.72,80.75,165830
1324976820000,80.73,80.8,80.72,80.79,1211060
1324976880000,80.77,80.84,80.77,80.84,153490
1324976940000,80.83,80.83,80.77,80.83,136570
1324977000000,80.81,80.89,80.81,80.85,218730
1324977060000,80.83,80.85,80.78,80.84,20620
1324977120000,80.83,80.83,80.78,80.78,94510
1324977180000,80.78,80.8,80.75,80.79,86220
1324977240000,80.8,80.84,80.77,80.83,120720
1324977300000,80.83,80.83,80.79,80.8,22610
1324977360000,80.8,80.8,80.77,80.8,13780
1324977420000,80.8,80.8,80.75,80.75,63030
1324977480000,80.75,80.81,80.75,80.8,48770
1324977540000,80.8,80.8,80.74,80.78,38510
1324977600000,80.76,80.8,80.75,80.79,27290
1324977660000,80.79,80.79,80.74,80.78,25270
1324977720000,80.78,80.8,80.66,80.7,281600
1324977780000,80.71,80.71,80.6,80.71,280210
1324977840000,80.71,80.75,80.69,80.73,92460
1324977900000,80.74,80.75,80.72,80.75,58030
1324977960000,80.72,80.74,80.72,80.74,20450
1324978020000,80.74,80.75,80.71,80.73,38380
1324978080000,80.75,80.75,80.72,80.73,78320
1324978140000,80.75,80.75,80.73,80.75,67330
1324978200000,80.75,80.75,80.73,80.73,28920
1324978260000,80.73,80.75,80.72,80.74,30180
1324978320000,80.75,80.75,80.66,80.72,75690
1324978380000,80.73,80.73,80.66,80.7,15260
1324978440000,80.69,80.74,80.68,80.73,138130
1324978500000,80.75,80.75,80.74,80.74,5120
1324978560000,80.75,80.75,80.73,80.75,27040
1324978620000,80.75,80.75,80.72,80.75,14600
1324978680000,80.75,80.75,80.73,80.74,29760
1324978740000,80.75,80.8,80.74,80.79,157960
1324978800000,80.8,80.82,80.78,80.82,136230
1324978860000,80.82,80.83,80.78,80.83,49280
1324978920000,80.81,80.84,80.8,80.84,23140
1324978980000,80.84,80.84,80.81,80.84,20230
1324979040000,80.84,80.84,80.83,80.84,29540
1324979100000,80.84,80.85,80.82,80.84,51670
1324979160000,80.84,80.85,80.81,80.84,20130
1324979220000,80.84,80.84,80.8,80.8,109010
1324979280000,80.8,80.81,80.8,80.81,19400
1324979340000,80.81,80.82,80.8,80.8,90120
1324979400000,80.81,80.82,80.8,80.81,33030
1324979460000,80.81,80.81,80.79,80.79,135570
1324979520000,80.79,80.8,80.48,80.56,920420
1324979580000,80.56,80.69,80.56,80.69,238950
1324979640000,80.66,80.7,80.65,80.7,72300
1324979700000,80.67,80.69,80.66,80.67,18910
1324979760000,80.68,80.69,80.62,80.65,36940
1324979820000,80.65,80.67,80.62,80.66,91070
1324979880000,80.66,80.69,80.63,80.69,136230
1324979940000,80.65,80.69,80.65,80.69,52760
1324980000000,80.68,80.69,80.68,80.69,72880
1324980060000,80.69,80.69,80.67,80.69,11790
1324980120000,80.69,80.69,80.68,80.69,16880
1324980180000,80.69,80.69,80.65,80.68,41730
1324980240000,80.69,80.7,80.63,80.63,87430
1324980300000,80.63,80.64,80.56,80.61,121510
1324980360000,80.62,80.65,80.58,80.65,26200
1324980420000,80.65,80.74,80.65,80.74,43660
1324980480000,80.75,80.82,80.74,80.77,294710
1324980540000,80.78,80.82,80.72,80.79,179470
1324980600000,80.8,80.8,80.69,80.74,107710
1324980660000,80.73,80.79,80.71,80.79,42210
1324980720000,80.8,80.8,80.77,80.77,64810
1324980780000,80.78,80.78,80.73,80.75,36520
1324980840000,80.78,80.78,80.75,80.75,16910
1324980900000,80.75,80.79,80.72,80.73,77610
1324980960000,80.72,80.79,80.71,80.76,49220
1324981020000,80.77,80.8,80.7,80.72,122420
1324981080000,80.76,80.8,80.72,80.79,10960
1324981140000,80.79,80.8,80.61,80.68,366850
1324981200000,80.67,80.7,80.65,80.7,11500
1324981260000,80.69,80.76,80.69,80.74,41840
1324981320000,80.76,80.76,80.68,80.71,31880
1324981380000,80.71,80.75,80.67,80.74,11460
1324981440000,80.74,80.75,80.7,80.7,34310
1324981500000,80.7,80.74,80.7,80.71,19720
1324981560000,80.74,80.75,80.73,80.75,5770
1324981620000,80.75,80.76,80.72,80.76,10490
1324981680000,80.75,80.8,80.74,80.79,65660
1324981740000,80.79,80.8,80.68,80.68,57350
1324981800000,80.68,80.68,80.57,80.68,131810
1324981860000,80.7,80.72,80.67,80.68,28210
1324981920000,80.67,80.69,80.64,80.66,44190
1324981980000,80.66,80.67,80.61,80.65,23980
1324982040000,80.66,80.67,80.64,80.66,29450
1324982100000,80.68,80.69,80.59,80.62,112000
1324982160000,80.63,80.65,80.61,80.61,41120
1324982220000,80.65,80.72,80.64,80.72,37740
1324982280000,80.72,80.76,80.68,80.74,28390
1324982340000,80.74,80.77,80.69,80.77,162520
1324982400000,80.73,80.77,80.73,80.76,14320
1324982460000,80.76,80.77,80.73,80.76,16540
1324982520000,80.75,80.77,80.75,80.77,38660
1324982580000,80.77,80.78,80.75,80.76,16930
1324982640000,80.76,80.79,80.75,80.77,10400
1324982700000,80.79,80.8,80.78,80.79,34030
1324982760000,80.8,80.8,80.76,80.8,63850
1324982820000,80.79,80.8,80.78,80.78,31060
1324982880000,80.8,80.8,80.71,80.78,36400
1324982940000,80.78,80.79,80.75,80.79,10200
1324983000000,80.79,80.79,80.77,80.77,8520
1324983060000,80.79,80.79,80.76,80.77,16810
1324983120000,80.79,80.79,80.77,80.78,19020
1324983180000,80.75,80.78,80.71,80.78,29910
1324983240000,80.77,80.79,80.75,80.78,32650
1324983300000,80.78,80.79,80.77,80.77,54900
1324983360000,80.77,80.78,80.77,80.78,10220
1324983420000,80.78,80.78,80.71,80.78,75430
1324983480000,80.77,80.78,80.77,80.77,17350
1324983540000,80.78,80.78,80.74,80.75,23840
1324983600000,80.75,80.79,80.74,80.79,23080
1324983660000,80.78,80.78,80.73,80.78,21580
1324983720000,80.78,80.79,80.75,80.76,10100
1324983780000,80.77,80.78,80.75,80.78,7540
1324983840000,80.78,80.79,80.76,80.79,15430
1324983900000,80.76,80.8,80.76,80.79,137390
1324983960000,80.78,80.84,80.78,80.83,224420
1324984020000,80.84,80.84,80.83,80.84,224370
1324984080000,80.84,80.84,80.75,80.78,238620
1324984140000,80.8,80.81,80.64,80.64,249780
1324984200000,80.67,80.7,80.64,80.67,57720
1324984260000,80.67,80.73,80.64,80.7,79810
1324984320000,80.69,80.71,80.67,80.7,16570
1324984380000,80.7,80.72,80.67,80.72,9010
1324984440000,80.72,80.73,80.7,80.7,18700
1324984500000,80.7,80.74,80.69,80.72,54270
1324984560000,80.72,80.73,80.69,80.69,24330
1324984620000,80.69,80.73,80.68,80.73,23250
1324984680000,80.73,80.74,80.71,80.74,14320
1324984740000,80.74,80.75,80.72,80.75,30860
1324984800000,80.77,80.79,80.75,80.79,20760
1324984860000,80.79,80.8,80.77,80.79,9740
1324984920000,80.79,80.8,80.7,80.75,47100
1324984980000,80.76,80.77,80.68,80.75,28570
1324985040000,80.75,80.75,80.67,80.71,114240
1324985100000,80.74,80.78,80.71,80.78,44260
1324985160000,80.78,80.79,80.75,80.79,11660
1324985220000,80.77,80.78,80.75,80.77,12780
1324985280000,80.77,80.77,80.75,80.77,9220
1324985340000,80.77,80.77,80.69,80.73,80070
1324985400000,80.76,80.78,80.69,80.78,149400
1324985460000,80.77,80.78,80.77,80.77,26790
1324985520000,80.78,80.78,80.77,80.78,35010
1324985580000,80.78,80.82,80.77,80.8,183450
1324985640000,80.77,80.83,80.77,80.82,76760
1324985700000,80.83,80.83,80.75,80.8,72440
1324985760000,80.8,80.82,80.77,80.82,24150
1324985820000,80.82,80.83,80.81,80.82,26430
1324985880000,80.82,80.82,80.8,80.82,189660
1324985940000,80.83,80.83,80.8,80.82,24970
1324986000000,80.82,80.83,80.8,80.8,22390
1324986060000,80.81,80.83,80.8,80.83,30800
1324986120000,80.83,80.83,80.78,80.83,157800
1324986180000,80.84,80.84,80.65,80.74,298070
1324986240000,80.74,80.8,80.61,80.7,383590
1324986300000,80.66,80.72,80.61,80.68,150250
1324986360000,80.68,80.74,80.65,80.74,44420
1324986420000,80.74,80.75,80.69,80.71,19940
1324986480000,80.7,80.72,80.68,80.72,23120
1324986540000,80.72,80.74,80.72,80.73,11290
1324986600000,80.73,80.74,80.72,80.74,67550
1324986660000,80.73,80.74,80.66,80.74,45120
1324986720000,80.74,80.75,80.69,80.75,15330
1324986780000,80.71,80.74,80.69,80.73,39170
1324986840000,80.73,80.75,80.69,80.74,20050
1324986900000,80.72,80.74,80.69,80.74,16510
1324986960000,80.71,80.76,80.7,80.7,45570
1324987020000,80.73,80.76,80.7,80.76,27940
1324987080000,80.75,80.76,80.69,80.74,52930
1324987140000,80.74,80.76,80.65,80.65,95600
1324987200000,80.65,80.67,80.5,80.53,929840
1324987260000,80.55,80.65,80.53,80.63,256270
1324987320000,80.65,80.67,80.6,80.6,125280
1324987380000,80.61,80.7,80.6,80.64,93490
1324987440000,80.64,80.65,80.6,80.64,29850
1324987500000,80.64,80.64,80.56,80.57,74860
1324987560000,80.59,80.59,80.55,80.56,67360
1324987620000,80.56,80.56,80.45,80.48,547180
1324987680000,80.47,80.51,80.46,80.48,242720
1324987740000,80.47,80.57,80.47,80.55,360450
1324987800000,80.53,80.55,80.47,80.5,118810
1324987860000,80.47,80.55,80.46,80.5,172140
1324987920000,80.5,80.56,80.47,80.53,111640
1324987980000,80.53,80.6,80.5,80.56,164270
1324988040000,80.53,80.54,80.39,80.41,363090
1324988100000,80.43,80.44,80.1,80.12,1811130
1324988160000,80.11,80.16,80.1,80.14,601320
1324988220000,80.14,80.16,80.09,80.09,327940
1324988280000,80.11,80.13,80.03,80.1,593300
1324988340000,80.1,80.1,79.97,80.03,1192650
1324988400000,80.03,80.08,79.96,80.07,662650
1324988460000,80.05,80.15,80.01,80.12,312850
1324988520000,80.13,80.24,80.13,80.16,553220
1324988580000,80.16,80.17,80.12,80.14,75180
1324988640000,80.14,80.19,80.13,80.19,124200
1324988700000,80.18,80.18,80.12,80.12,128680
1324988760000,80.12,80.15,80.11,80.14,50290
1324988820000,80.14,80.15,80.08,80.13,207450
1324988880000,80.15,80.16,80.13,80.15,55420
1324988940000,80.16,80.16,80.11,80.15,53890
1324989000000,80.12,80.12,79.8,79.9,1464820
1324989060000,79.89,79.97,79.87,79.95,217500
1324989120000,79.91,79.99,79.9,79.99,216870
1324989180000,79.99,80.08,79.99,80.08,168650
1324989240000,80.08,80.13,80.07,80.09,59900
1324989300000,80.11,80.14,80.09,80.12,237010
1324989360000,80.12,80.12,80.03,80.08,66810
1324989420000,80.08,80.08,79.71,79.75,1164280
1324989480000,79.75,79.97,79.75,79.97,230270
1324989540000,79.97,79.97,79.9,79.9,109490
1324989600000,79.93,79.94,79.9,79.93,84500
1324989660000,79.93,79.97,79.93,79.97,86640
1324989720000,79.97,80.04,79.96,80.01,228940
1324989780000,80.01,80.04,79.96,80.0,56860
1324989840000,80.0,80.07,79.99,80.07,134850
1324989900000,80.07,80.07,79.92,80.04,178870
1324989960000,80.04,80.04,79.98,80.0,34510
1324990020000,79.97,80.02,79.96,79.97,39210
1324990080000,80.0,80.04,79.81,79.97,368010
1324990140000,79.94,79.98,79.73,79.94,460940
1324990200000,79.92,79.98,79.71,79.88,408040
1324990260000,79.89,79.89,79.83,79.85,28570
1324990320000,79.85,79.85,79.7,79.79,500430
1324990380000,79.78,79.84,79.76,79.83,143780
1324990440000,79.83,79.85,79.8,79.85,250380
1324990500000,79.85,79.97,79.85,79.94,444550
1324990560000,79.94,79.95,79.9,79.94,119460
1324990620000,79.92,79.97,79.9,79.97,69160
1324990680000,79.97,79.99,79.96,79.97,53880
1324990740000,79.97,79.98,79.9,79.93,69410
1324990800000,79.93,79.94,79.7,79.76,957150
1324990860000,79.76,79.85,79.64,79.69,1654870
1324990920000,79.7,79.73,79.63,79.71,456810
1324990980000,79.74,79.84,79.7,79.73,196180
1324991040000,79.73,79.76,79.7,79.74,138960
1324991100000,79.75,79.85,79.74,79.84,96240
1324991160000,79.83,79.85,79.6,79.7,872340
1324991220000,79.69,79.78,79.57,79.65,694350
1324991280000,79.65,79.76,79.65,79.76,127690
1324991340000,79.75,79.86,79.73,79.85,202860
1324991400000,79.85,79.85,79.59,79.7,675140
1324991460000,79.7,79.73,79.65,79.73,120460
1324991520000,79.73,79.77,79.71,79.74,66460
1324991580000,79.74,79.75,79.69,79.7,226830
1324991640000,79.7,79.73,79.68,79.7,133970
1324991700000,79.7,79.75,79.69,79.75,166840
1324991760000,79.75,79.77,79.72,79.76,88670
1324991820000,79.76,79.78,79.71,79.76,311520
1324991880000,79.75,79.8,79.72,79.73,163830
1324991940000,79.74,79.8,79.72,79.75,101920
1324992000000,79.8,79.83,79.7,79.8,888570
1324992060000,79.79,79.79,79.6,79.67,873250
1324992120000,79.65,79.74,79.57,79.57,953240
1324992180000,79.58,79.68,79.57,79.65,114620
1324992240000,79.65,79.65,79.57,79.6,147940
1324992300000,79.6,79.6,79.57,79.6,59020
1324992360000,79.6,79.64,79.53,79.58,356450
1324992420000,79.59,79.6,79.52,79.55,201480
1324992480000,79.55,79.68,79.52,79.68,454510
1324992540000,79.68,79.69,79.55,79.55,93850
1324992600000,79.59,79.63,79.59,79.6,96310
1324992660000,79.6,79.63,79.55,79.6,156380
1324992720000,79.57,79.65,79.55,79.61,168310
1324992780000,79.61,79.65,79.61,79.64,123870
1324992840000,79.65,79.74,79.64,79.71,221040
1324992900000,79.73,79.74,79.71,79.72,85920
1324992960000,79.7,79.74,79.65,79.66,131200
1324993020000,79.69,79.74,79.67,79.74,67930
1324993080000,79.74,79.78,79.65,79.71,112820
1324993140000,79.71,79.76,79.71,79.75,59190
1324993200000,79.72,79.77,79.65,79.69,103120
1324993260000,79.73,79.74,79.52,79.55,333200
1324993320000,79.56,79.6,79.53,79.57,181740
1324993380000,79.57,79.62,79.53,79.62,137290
1324993440000,79.6,79.66,79.6,79.65,78650
1324993500000,79.65,79.66,79.61,79.61,73900
1324993560000,79.61,79.64,79.61,79.61,71180
1324993620000,79.62,79.64,79.58,79.59,97200
1324993680000,79.62,79.64,79.57,79.59,78500
1324993740000,79.6,79.7,79.59,79.7,120350
1324993800000,79.7,79.72,79.63,79.65,89570
1324993860000,79.69,79.72,79.64,79.72,95830
1324993920000,79.72,79.73,79.68,79.69,32320
1324993980000,79.7,79.72,79.65,79.68,280180
1324994040000,79.7,79.72,79.65,79.67,43260
1324994100000,79.67,79.72,79.66,79.72,211660
1324994160000,79.72,79.72,79.67,79.68,96940
1324994220000,79.69,79.7,79.66,79.66,114140
1324994280000,79.67,79.73,79.66,79.72,81840
1324994340000,79.7,79.77,79.61,79.65,347070
1324994400000,79.65,79.66,79.53,79.65,315790
1324994460000,79.64,79.7,79.63,79.65,102420
1324994520000,79.68,79.69,79.65,79.66,45970
1324994580000,79.68,79.7,79.65,79.65,58270
1324994640000,79.69,79.73,79.66,79.69,54400
1324994700000,79.73,79.73,79.65,79.65,76670
1324994760000,79.66,79.73,79.64,79.71,103470
1324994820000,79.71,79.73,79.65,79.65,45130
1324994880000,79.66,79.72,79.64,79.7,86780
1324994940000,79.7,79.74,79.7,79.73,97940
1324995000000,79.73,79.76,79.72,79.75,131740
1324995060000,79.75,79.75,79.7,79.7,63900
1324995120000,79.71,79.75,79.7,79.73,82030
1324995180000,79.7,79.81,79.7,79.77,91380
1324995240000,79.8,79.82,79.74,79.76,220370
1324995300000,79.76,79.8,79.74,79.8,228050
1324995360000,79.8,79.9,79.79,79.87,294760
1324995420000,79.88,79.93,79.8,79.8,208570
1324995480000,79.81,79.84,79.79,79.79,50950
1324995540000,79.8,79.85,79.71,79.73,151770
1324995600000,79.73,79.78,79.72,79.75,50170
1324995660000,79.78,79.78,79.71,79.71,52740
1324995720000,79.75,79.75,79.7,79.71,33540
1324995780000,79.75,79.75,79.71,79.71,36120
1324995840000,79.71,79.74,79.68,79.68,60840
1324995900000,79.7,79.73,79.68,79.73,35490
1324995960000,79.7,79.74,79.7,79.7,93490
1324996020000,79.7,79.74,79.69,79.69,37920
1324996080000,79.73,79.76,79.69,79.76,82330
1324996140000,79.76,79.79,79.73,79.75,30450
1324996200000,79.75,79.75,79.68,79.71,180920
1324996260000,79.72,79.73,79.62,79.65,347780
1324996320000,79.65,79.69,79.62,79.64,110670
1324996380000,79.68,79.7,79.62,79.64,160290
1324996440000,79.63,79.66,79.56,79.57,193470
1324996500000,79.57,79.61,79.55,79.55,180250
1324996560000,79.55,79.6,79.55,79.57,203720
1324996620000,79.6,79.65,79.57,79.64,68170
1324996680000,79.62,79.68,79.58,79.64,150650
1324996740000,79.64,79.71,79.61,79.7,291120
1324996800000,79.71,79.79,79.66,79.78,159010
1324996860000,79.74,79.96,79.72,79.95,571150
1324996920000,79.91,79.99,79.91,79.94,277800
1324996980000,79.94,79.95,79.83,79.9,405410
1324997040000,79.91,80.2,79.9,80.0,1371790
1325052000000,79.91,79.91,79.63,79.9,208220
1325052060000,79.88,79.91,79.83,79.86,230020
1325052120000,79.89,79.99,79.83,79.9,245280
1325052180000,79.9,79.9,79.85,79.88,34620
1325052240000,79.88,79.9,79.83,79.85,51530
1325052300000,79.85,79.85,79.65,79.65,223850
1325052360000,79.65,79.68,79.54,79.63,361640
1325052420000,79.63,79.74,79.6,79.73,151650
1325052480000,79.73,79.77,79.7,79.75,68710
1325052540000,79.76,79.76,79.67,79.72,88670
1325052600000,79.72,79.74,79.64,79.66,92140
1325052660000,79.66,79.7,79.66,79.7,25260
1325052720000,79.67,79.72,79.65,79.7,54090
1325052780000,79.66,79.7,79.66,79.66,18320
1325052840000,79.67,79.71,79.66,79.7,122580
1325052900000,79.66,79.7,79.64,79.64,201160
1325052960000,79.64,79.68,79.6,79.61,337180
1325053020000,79.6,79.61,79.55,79.55,146380
1325053080000,79.55,79.6,79.54,79.6,296350
1325053140000,79.59,79.63,79.57,79.63,169000
1325053200000,79.65,79.68,79.61,79.68,84160
1325053260000,79.69,79.7,79.66,79.7,109170
1325053320000,79.7,79.75,79.69,79.75,71650
1325053380000,79.75,79.77,79.74,79.74,132040
1325053440000,79.76,79.93,79.75,79.93,278140
1325053500000,79.89,79.93,79.78,79.82,91280
1325053560000,79.8,79.87,79.79,79.86,42070
1325053620000,79.83,79.86,79.74,79.8,74780
1325053680000,79.77,79.8,79.71,79.76,28030
1325053740000,79.75,79.76,79.7,79.72,61170
1325053800000,79.75,79.77,79.63,79.76,244120
1325053860000,79.76,79.77,79.75,79.77,49880
1325053920000,79.77,79.8,79.76,79.8,60520
1325053980000,79.8,79.82,79.8,79.82,41560
1325054040000,79.82,79.82,79.77,79.77,21850
1325054100000,79.77,79.79,79.77,79.78,15330
1325054160000,79.78,79.89,79.78,79.87,86670
1325054220000,79.87,79.9,79.85,79.89,70550
1325054280000,79.86,79.9,79.86,79.87,49120
1325054340000,79.88,79.88,79.85,79.86,26980
1325054400000,79.85,79.87,79.85,79.85,39330
1325054460000,79.85,79.86,79.8,79.82,63660
1325054520000,79.8,79.8,79.78,79.78,42140
1325054580000,79.79,79.79,79.78,79.78,62230
1325054640000,79.78,79.87,79.78,79.81,112150
1325054700000,79.81,79.9,79.81,79.89,61650
1325054760000,79.89,79.89,79.86,79.86,13640
1325054820000,79.86,79.89,79.82,79.83,50800
1325054880000,79.83,79.88,79.83,79.84,14640
1325054940000,79.83,79.87,79.83,79.87,3330
1325055000000,79.85,79.87,79.8,79.8,90970
1325055060000,79.8,79.84,79.78,79.78,41810
1325055120000,79.78,79.86,79.78,79.82,122700
1325055180000,79.84,79.85,79.81,79.81,2250
1325055240000,79.83,79.88,79.83,79.84,30820
1325055300000,79.84,79.93,79.84,79.93,137440
1325055360000,79.93,80.17,79.93,80.09,381950
1325055420000,80.08,80.18,80.06,80.17,116640
1325055480000,80.17,80.17,80.06,80.1,203480
1325055540000,80.11,80.15,80.05,80.1,93480
1325055600000,80.11,80.2,80.06,80.06,474660
1325055660000,80.06,80.09,80.04,80.04,90940
1325055720000,80.05,80.05,79.95,79.95,215140
1325055780000,79.95,79.95,79.86,79.9,122900
1325055840000,79.94,79.95,79.86,79.88,44510
1325055900000,79.89,79.95,79.89,79.91,77140
1325055960000,79.91,80.02,79.9,80.01,256040
1325056020000,80.01,80.03,79.91,79.94,176010
1325056080000,79.93,79.97,79.91,79.97,63800
1325056140000,79.96,80.08,79.95,79.99,115370
1325056200000,79.99,80.12,79.98,80.0,192080
1325056260000,80.04,80.1,80.02,80.03,185810
1325056320000,80.03,80.09,80.0,80.07,67940
1325056380000,80.06,80.1,80.03,80.1,79500
1325056440000,80.09,80.09,80.0,80.06,122830
1325056500000,80.07,80.08,80.05,80.08,33610
1325056560000,80.07,80.07,79.99,80.04,85630
1325056620000,80.04,80.06,80.0,80.02,34090
1325056680000,80.02,80.06,80.01,80.04,42770
1325056740000,80.04,80.05,80.03,80.03,36830
1325056800000,80.05,80.05,79.91,80.02,175990
1325056860000,80.0,80.06,79.99,80.06,140260
1325056920000,80.04,80.08,80.01,80.06,118090
1325056980000,80.06,80.06,79.97,79.98,111090
1325057040000,80.02,80.02,79.9,79.91,144030
1325057100000,79.94,79.97,79.91,79.94,28390
1325057160000,79.94,79.97,79.94,79.97,3850
1325057220000,79.98,79.99,79.95,79.95,33500
1325057280000,79.95,79.98,79.8,79.8,347360
1325057340000,79.8,79.88,79.8,79.85,138870
1325057400000,79.85,79.94,79.85,79.93,86520
1325057460000,79.93,79.93,79.87,79.89,7790
1325057520000,79.9,79.92,79.88,79.88,16600
1325057580000,79.88,79.9,79.88,79.9,17360
1325057640000,79.9,79.96,79.9,79.96,19370
1325057700000,79.95,79.96,79.88,79.92,93650
1325057760000,79.88,79.97,79.88,79.95,12610
1325057820000,79.94,79.97,79.92,79.92,38470
1325057880000,79.95,79.95,79.91,79.94,22080
1325057940000,79.95,80.03,79.94,80.0,313590
1325058000000,79.98,80.0,79.95,79.96,15420
1325058060000,79.96,80.0,79.95,79.95,43880
1325058120000,79.96,79.96,79.91,79.95,220240
1325058180000,79.94,79.98,79.92,79.98,13330
1325058240000,79.96,80.0,79.91,79.98,92670
1325058300000,79.95,79.98,79.92,79.98,25110
1325058360000,79.95,80.0,79.94,79.97,77960
1325058420000,79.97,79.97,79.9,79.95,97870
1325058480000,79.95,79.97,79.94,79.94,6350
1325058540000,79.95,79.97,79.92,79.96,27380
1325058600000,79.97,79.97,79.96,79.97,22980
1325058660000,79.97,79.97,79.94,79.96,31140
1325058720000,79.97,79.97,79.95,79.96,7500
1325058780000,79.96,79.96,79.92,79.92,74880
1325058840000,79.93,79.97,79.92,79.93,62460
1325058900000,79.95,79.95,79.93,79.93,5470
1325058960000,79.95,79.98,79.93,79.95,75290
1325059020000,79.95,79.98,79.94,79.98,20970
1325059080000,79.98,79.99,79.97,79.98,53190
1325059140000,79.98,80.04,79.95,79.98,136970
1325059200000,79.98,80.04,79.86,80.0,199330
1325059260000,80.03,80.09,80.0,80.02,109110
1325059320000,80.05,80.09,80.0,80.0,71560
1325059380000,80.02,80.04,79.98,79.98,88730
1325059440000,79.97,80.0,79.93,79.93,47150
1325059500000,79.93,79.93,79.77,79.79,322890
1325059560000,79.79,79.85,79.79,79.83,73570
1325059620000,79.83,79.83,79.7,79.75,292230
1325059680000,79.75,79.8,79.74,79.76,62750
1325059740000,79.77,79.77,79.75,79.76,26860
1325059800000,79.76,79.77,79.75,79.77,57100
1325059860000,79.77,79.81,79.76,79.78,69660
1325059920000,79.78,79.79,79.65,79.65,456970
1325059980000,79.69,79.71,79.56,79.7,548700
1325060040000,79.72,79.72,79.65,79.66,67040
1325060100000,79.65,79.69,79.59,79.66,174580
1325060160000,79.69,79.71,79.67,79.7,81430
1325060220000,79.7,79.81,79.7,79.81,240990
1325060280000,79.81,79.83,79.74,79.8,225960
1325060340000,79.8,79.81,79.71,79.76,70100
1325060400000,79.78,79.79,79.76,79.76,18720
1325060460000,79.76,79.77,79.73,79.76,20930
1325060520000,79.77,79.77,79.72,79.77,27410
1325060580000,79.73,79.81,79.69,79.71,321180
1325060640000,79.76,79.77,79.75,79.76,26580
1325060700000,79.75,79.78,79.72,79.72,104140
1325060760000,79.72,79.78,79.72,79.73,66710
1325060820000,79.76,79.78,79.73,79.77,46210
1325060880000,79.77,79.77,79.71,79.71,103380
1325060940000,79.73,79.77,79.71,79.72,170200
1325061000000,79.73,79.77,79.64,79.73,350740
1325061060000,79.73,79.74,79.54,79.55,711300
1325061120000,79.58,79.6,79.35,79.4,1517760
1325061180000,79.42,79.5,79.29,79.33,1182710
1325061240000,79.32,79.42,79.29,79.39,244080
1325061300000,79.39,79.49,79.37,79.43,223760
1325061360000,79.43,79.48,79.43,79.45,57380
1325061420000,79.45,79.46,79.42,79.42,50120
1325061480000,79.43,79.45,79.39,79.41,228660
1325061540000,79.43,79.47,79.41,79.47,78120
1325061600000,79.45,79.48,79.36,79.36,243550
1325061660000,79.36,79.4,79.25,79.26,474040
1325061720000,79.26,79.31,79.13,79.23,838040
1325061780000,79.23,79.25,79.1,79.23,858820
1325061840000,79.24,79.28,79.2,79.25,217860
1325061900000,79.27,79.27,79.2,79.23,247710
1325061960000,79.23,79.24,79.13,79.22,328970
1325062020000,79.22,79.22,79.18,79.2,200640
1325062080000,79.19,79.23,79.12,79.2,322540
1325062140000,79.2,79.21,79.16,79.19,134380
1325062200000,79.19,79.32,79.18,79.3,196480
1325062260000,79.28,79.35,79.28,79.32,189350
1325062320000,79.31,79.38,79.31,79.36,140730
1325062380000,79.35,79.36,79.29,79.32,196420
1325062440000,79.31,79.34,79.3,79.32,55900
1325062500000,79.34,79.37,79.3,79.32,76140
1325062560000,79.32,79.38,79.3,79.37,140830
1325062620000,79.38,79.44,79.37,79.41,210060
1325062680000,79.41,79.43,79.39,79.39,92580
1325062740000,79.39,79.47,79.37,79.42,134470
1325062800000,79.41,79.41,79.3,79.35,317010
1325062860000,79.35,79.39,79.32,79.35,28940
1325062920000,79.34,79.42,79.33,79.38,111460
1325062980000,79.37,79.38,79.32,79.33,41860
1325063040000,79.33,79.52,79.33,79.47,320770
1325063100000,79.47,79.54,79.45,79.52,135660
1325063160000,79.53,79.55,79.46,79.49,75730
1325063220000,79.47,79.48,79.4,79.43,44570
1325063280000,79.43,79.47,79.41,79.43,75040
1325063340000,79.42,79.47,79.42,79.46,17930
1325063400000,79.45,79.5,79.39,79.47,173540
1325063460000,79.48,79.5,79.45,79.46,51070
1325063520000,79.46,79.52,79.46,79.48,66240
1325063580000,79.49,79.5,79.48,79.5,20370
1325063640000,79.48,79.48,79.45,79.47,61830
1325063700000,79.48,79.48,79.45,79.45,79700
1325063760000,79.45,79.46,79.42,79.46,245500
1325063820000,79.45,79.48,79.36,79.4,701200
1325063880000,79.4,79.4,79.25,79.37,719540
1325063940000,79.38,79.39,79.37,79.37,16270
1325064000000,79.37,79.39,79.37,79.39,33360
1325064060000,79.38,79.39,79.37,79.39,21150
1325064120000,79.4,79.4,79.39,79.39,44280
1325064180000,79.4,79.47,79.4,79.43,182270
1325064240000,79.43,79.51,79.2,79.28,1215950
1325064300000,79.29,79.39,79.18,79.35,435970
1325064360000,79.35,79.37,79.29,79.29,70050
1325064420000,79.33,79.38,79.29,79.37,80830
1325064480000,79.38,79.38,79.35,79.35,4300
1325064540000,79.38,79.38,79.35,79.37,19890
1325064600000,79.38,79.38,79.36,79.37,78260
1325064660000,79.38,79.38,79.31,79.31,77700
1325064720000,79.3,79.34,79.27,79.33,88660
1325064780000,79.34,79.37,79.3,79.35,5470
1325064840000,79.36,79.36,79.33,79.33,9930
1325064900000,79.35,79.4,79.3,79.35,94260
1325064960000,79.34,79.4,79.34,79.4,43470
1325065020000,79.4,79.44,79.39,79.42,97770
1325065080000,79.43,79.44,79.4,79.43,35390
1325065140000,79.43,79.46,79.4,79.41,41990
1325065200000,79.45,79.46,79.43,79.43,4640
1325065260000,79.42,79.42,79.3,79.37,40930
1325065320000,79.39,79.4,79.39,79.4,14350
1325065380000,79.4,79.42,79.39,79.41,29600
1325065440000,79.4,79.44,79.39,79.44,19470
1325065500000,79.43,79.43,79.4,79.4,26510
1325065560000,79.43,79.43,79.42,79.43,20290
1325065620000,79.44,79.44,79.4,79.44,11320
1325065680000,79.44,79.44,79.44,79.44,40
1325065740000,79.44,79.45,79.42,79.43,16570
1325065800000,79.44,79.45,79.42,79.43,27100
1325065860000,79.43,79.45,79.41,79.41,60000
1325065920000,79.41,79.43,79.4,79.41,62980
1325065980000,79.43,79.43,79.42,79.43,11490
1325066040000,79.43,79.45,79.42,79.45,134450
1325066100000,79.45,79.6,79.43,79.6,628390
1325066160000,79.59,79.64,79.51,79.52,238250
1325066220000,79.53,79.6,79.53,79.55,88760
1325066280000,79.59,79.59,79.55,79.58,63020
1325066340000,79.56,79.59,79.51,79.54,160240
1325066400000,79.53,79.57,79.53,79.55,14870
1325066460000,79.55,79.57,79.54,79.57,12440
1325066520000,79.57,79.57,79.54,79.57,14630
1325066580000,79.56,79.64,79.54,79.62,290340
1325066640000,79.6,79.64,79.6,79.64,50730
1325066700000,79.63,79.63,79.55,79.55,62160
1325066760000,79.55,79.55,79.49,79.53,176890
1325066820000,79.51,79.51,79.43,79.5,95230
1325066880000,79.48,79.54,79.47,79.54,39670
1325066940000,79.54,79.6,79.54,79.6,54760
1325067000000,79.61,79.61,79.57,79.6,79640
1325067060000,79.6,79.64,79.6,79.64,135070
1325067120000,79.61,79.71,79.61,79.67,322190
1325067180000,79.65,79.75,79.64,79.72,240030
1325067240000,79.72,79.74,79.63,79.65,153520
1325067300000,79.65,79.75,79.64,79.73,392550
1325067360000,79.71,79.83,79.67,79.75,705430
1325067420000,79.7,79.75,79.68,79.72,80780
1325067480000,79.73,79.75,79.72,79.75,50650
1325067540000,79.75,79.75,79.68,79.75,204080
1325067600000,79.74,79.75,79.72,79.72,210510
1325067660000,79.74,79.93,79.74,79.85,606060
1325067720000,79.84,79.94,79.84,79.91,154030
1325067780000,79.93,79.94,79.86,79.86,133770
1325067840000,79.86,79.88,79.79,79.84,167420
1325067900000,79.85,79.85,79.8,79.84,33320
1325067960000,79.82,79.82,79.71,79.71,218720
1325068020000,79.71,79.74,79.68,79.69,205090
1325068080000,79.69,79.7,79.68,79.68,67660
1325068140000,79.68,79.7,79.63,79.68,166280
1325068200000,79.69,79.7,79.65,79.65,273810
1325068260000,79.65,79.65,79.62,79.63,172200
1325068320000,79.63,79.65,79.63,79.63,100990
1325068380000,79.64,79.65,79.6,79.64,294240
1325068440000,79.65,79.65,79.64,79.65,47950
1325068500000,79.65,79.69,79.64,79.68,81930
1325068560000,79.68,79.72,79.65,79.72,148150
1325068620000,79.7,79.78,79.69,79.73,236430
1325068680000,79.75,79.78,79.75,79.78,16160
1325068740000,79.77,79.82,79.77,79.8,67930
1325068800000,79.8,79.8,79.74,79.79,36270
1325068860000,79.76,79.78,79.73,79.73,20450
1325068920000,79.7,79.7,79.58,79.59,249400
1325068980000,79.59,79.67,79.59,79.65,139200
1325069040000,79.65,79.74,79.61,79.72,105800
1325069100000,79.7,79.72,79.67,79.68,8000
1325069160000,79.7,79.75,79.6,79.6,100700
1325069220000,79.62,79.63,79.6,79.63,21410
1325069280000,79.62,79.63,79.58,79.62,84620
1325069340000,79.62,79.69,79.6,79.69,55600
1325069400000,79.69,79.7,79.64,79.66,23160
1325069460000,79.67,79.73,79.63,79.72,45650
1325069520000,79.72,79.73,79.69,79.69,2820
1325069580000,79.72,79.72,79.7,79.72,7120
1325069640000,79.7,79.73,79.69,79.69,74770
1325069700000,79.68,79.71,79.68,79.7,30480
1325069760000,79.72,79.75,79.7,79.72,145390
1325069820000,79.71,79.74,79.69,79.69,44200
1325069880000,79.69,79.7,79.68,79.69,19340
1325069940000,79.69,79.72,79.69,79.69,62020
1325070000000,79.69,79.78,79.69,79.71,123660
1325070060000,79.73,79.77,79.7,79.75,47970
1325070120000,79.75,79.75,79.71,79.71,890
1325070180000,79.73,79.73,79.7,79.7,29000
1325070240000,79.71,79.75,79.71,79.71,33600
1325070300000,79.71,79.73,79.69,79.69,52970
1325070360000,79.7,79.71,79.67,79.67,75780
1325070420000,79.67,79.68,79.63,79.63,105090
1325070480000,79.66,79.67,79.64,79.64,17320
1325070540000,79.65,79.66,79.64,79.66,19920
1325070600000,79.67,79.69,79.63,79.63,115150
1325070660000,79.63,79.66,79.63,79.64,71490
1325070720000,79.64,79.65,79.59,79.59,262930
1325070780000,79.59,79.6,79.52,79.55,171330
1325070840000,79.55,79.55,79.51,79.53,63030
1325070900000,79.51,79.55,79.47,79.47,385610
1325070960000,79.47,79.62,79.47,79.56,236650
1325071020000,79.56,79.62,79.54,79.54,165350
1325071080000,79.54,79.6,79.53,79.55,54490
1325071140000,79.55,79.58,79.52,79.56,63280
1325071200000,79.55,79.55,79.39,79.39,571680
1325071260000,79.4,79.47,79.31,79.39,449590
1325071320000,79.39,79.45,79.34,79.4,190240
1325071380000,79.41,79.42,79.37,79.38,59070
1325071440000,79.4,79.49,79.4,79.49,98860
1325071500000,79.49,79.51,79.46,79.5,43990
1325071560000,79.5,79.6,79.5,79.55,62850
1325071620000,79.55,79.62,79.54,79.61,93940
1325071680000,79.62,79.66,79.6,79.6,117640
1325071740000,79.62,79.62,79.53,79.59,50210
1325071800000,79.55,79.6,79.5,79.55,96550
1325071860000,79.53,79.59,79.5,79.59,106860
1325071920000,79.56,79.6,79.54,79.57,100860
1325071980000,79.54,79.59,79.54,79.59,50630
1325072040000,79.59,79.63,79.59,79.62,80580
1325072100000,79.62,79.63,79.57,79.6,7440
1325072160000,79.6,79.6,79.55,79.6,56120
1325072220000,79.57,79.64,79.57,79.63,119670
1325072280000,79.64,79.66,79.58,79.62,83250
1325072340000,79.62,79.62,79.46,79.46,176890
1325072400000,79.47,79.59,79.47,79.59,18420
1325072460000,79.56,79.57,79.5,79.5,108400
1325072520000,79.5,79.53,79.48,79.5,55250
1325072580000,79.52,79.59,79.47,79.48,108920
1325072640000,79.48,79.5,79.43,79.49,52840
1325072700000,79.49,79.5,79.45,79.48,16590
1325072760000,79.48,79.53,79.43,79.53,53240
1325072820000,79.51,79.56,79.51,79.56,14660
1325072880000,79.55,79.6,79.55,79.58,92430
1325072940000,79.58,79.58,79.55,79.55,68110
1325073000000,79.57,79.58,79.55,79.58,24430
1325073060000,79.58,79.65,79.57,79.61,234570
1325073120000,79.61,79.61,79.58,79.58,28520
1325073180000,79.57,79.57,79.5,79.53,166650
1325073240000,79.52,79.53,79.42,79.5,121330
1325073300000,79.5,79.54,79.47,79.54,42410
1325073360000,79.51,79.54,79.51,79.54,1900
1325073420000,79.54,79.54,79.5,79.5,15770
1325073480000,79.5,79.54,79.48,79.48,20230
1325073540000,79.48,79.52,79.48,79.48,3660
1325073600000,79.52,79.55,79.49,79.5,67340
1325073660000,79.54,79.54,79.47,79.47,11900
1325073720000,79.48,79.53,79.48,79.5,11250
1325073780000,79.52,79.59,79.52,79.54,102830
1325073840000,79.54,79.58,79.54,79.56,14230
1325073900000,79.56,79.57,79.52,79.52,34430
1325073960000,79.54,79.55,79.48,79.5,147020
1325074020000,79.54,79.54,79.5,79.51,41580
1325074080000,79.5,79.5,79.47,79.48,109880
1325074140000,79.48,79.49,79.47,79.48,46620
1325074200000,79.48,79.53,79.48,79.53,475250
1325074260000,79.53,79.53,79.51,79.51,15650
1325074320000,79.51,79.52,79.5,79.52,5250
1325074380000,79.52,79.53,79.51,79.53,27740
1325074440000,79.52,79.53,79.51,79.53,26910
1325074500000,79.53,79.54,79.51,79.54,126170
1325074560000,79.52,79.54,79.51,79.54,56710
1325074620000,79.54,79.54,79.51,79.53,12700
1325074680000,79.53,79.54,79.53,79.53,12480
1325074740000,79.54,79.55,79.53,79.54,85130
1325074800000,79.54,79.54,79.53,79.53,11750
1325074860000,79.55,79.55,79.55,79.55,770
1325074920000,79.55,79.55,79.53,79.53,13660
1325074980000,79.55,79.55,79.5,79.5,63310
1325075040000,79.5,79.51,79.42,79.44,138950
1325075100000,79.48,79.48,79.45,79.47,21900
1325075160000,79.47,79.47,79.45,79.46,21190
1325075220000,79.45,79.46,79.37,79.4,258180
1325075280000,79.38,79.45,79.38,79.4,87580
1325075340000,79.4,79.45,79.39,79.45,254650
1325075400000,79.43,79.51,79.4,79.47,45160
1325075460000,79.47,79.5,79.47,79.5,13350
1325075520000,79.47,79.5,79.47,79.5,8270
1325075580000,79.5,79.5,79.45,79.48,12610
1325075640000,79.48,79.48,79.46,79.46,19590
1325075700000,79.46,79.46,79.39,79.4,285090
1325075760000,79.4,79.4,79.32,79.36,479040
1325075820000,79.36,79.51,79.35,79.51,191830
1325075880000,79.52,79.53,79.43,79.45,116290
1325075940000,79.45,79.5,79.42,79.45,78880
1325076000000,79.45,79.5,79.43,79.5,34410
1325076060000,79.46,79.5,79.45,79.5,63670
1325076120000,79.49,79.53,79.45,79.45,107540
1325076180000,79.45,79.48,79.44,79.45,31100
1325076240000,79.46,79.47,79.44,79.44,12000
1325076300000,79.44,79.5,79.44,79.5,43730
1325076360000,79.5,79.54,79.45,79.52,165490
1325076420000,79.52,79.52,79.5,79.51,101270
1325076480000,79.52,79.52,79.51,79.52,15290
1325076540000,79.52,79.52,79.49,79.49,33700
1325076600000,79.5,79.54,79.49,79.49,226180
1325076660000,79.49,79.49,79.48,79.48,30900
1325076720000,79.47,79.49,79.45,79.49,26010
1325076780000,79.49,79.5,79.47,79.49,39570
1325076840000,79.49,79.5,79.45,79.49,65150
1325076900000,79.45,79.48,79.4,79.42,38400
1325076960000,79.45,79.5,79.4,79.43,51030
1325077020000,79.43,79.47,79.43,79.43,30110
1325077080000,79.44,79.46,79.43,79.43,17710
1325077140000,79.45,79.46,79.43,79.44,8110
1325077200000,79.43,79.45,79.35,79.38,599370
1325077260000,79.38,79.38,79.34,79.38,398600
1325077320000,79.37,79.38,79.3,79.3,870930
1325077380000,79.3,79.38,79.25,79.37,286490
1325077440000,79.38,79.38,79.36,79.37,57250
1325077500000,79.38,79.4,79.35,79.36,296610
1325077560000,79.36,79.41,79.3,79.36,238870
1325077620000,79.35,79.38,79.29,79.35,118640
1325077680000,79.37,79.4,79.34,79.39,10430
1325077740000,79.39,79.39,79.3,79.3,36220
1325077800000,79.31,79.38,79.31,79.36,29860
1325077860000,79.37,79.37,79.32,79.35,25400
1325077920000,79.35,79.35,79.34,79.34,2970
1325077980000,79.34,79.38,79.34,79.36,24640
1325078040000,79.38,79.47,79.35,79.45,285390
1325078100000,79.43,79.46,79.39,79.46,161040
1325078160000,79.46,79.53,79.44,79.47,284740
1325078220000,79.48,79.5,79.48,79.49,16220
1325078280000,79.49,79.54,79.46,79.54,222770
1325078340000,79.52,79.52,79.5,79.51,16340
1325078400000,79.52,79.52,79.51,79.52,24830
1325078460000,79.52,79.54,79.49,79.54,160240
1325078520000,79.54,79.54,79.5,79.52,46330
1325078580000,79.5,79.52,79.46,79.5,23530
1325078640000,79.52,79.52,79.5,79.5,56990
1325078700000,79.5,79.51,79.49,79.5,21350
1325078760000,79.5,79.5,79.43,79.44,43100
1325078820000,79.44,79.5,79.4,79.43,94630
1325078880000,79.41,79.43,79.37,79.4,87980
1325078940000,79.4,79.43,79.38,79.39,37180
1325079000000,79.39,79.44,79.38,79.41,77520
1325079060000,79.45,79.5,79.35,79.37,429550
1325079120000,79.41,79.43,79.36,79.43,102880
1325079180000,79.43,79.44,79.4,79.44,36520
1325079240000,79.44,79.45,79.41,79.41,58660
1325079300000,79.41,79.47,79.41,79.47,12600
1325079360000,79.47,79.47,79.44,79.47,9030
1325079420000,79.46,79.48,79.44,79.46,17260
1325079480000,79.45,79.47,79.45,79.45,5330
1325079540000,79.47,79.48,79.45,79.48,26270
1325079600000,79.48,79.49,79.46,79.49,16510
1325079660000,79.49,79.63,79.46,79.62,279160
1325079720000,79.62,79.63,79.5,79.6,241160
1325079780000,79.6,79.62,79.46,79.49,248080
1325079840000,79.47,79.5,79.46,79.49,43030
1325079900000,79.49,79.5,79.48,79.49,20830
1325079960000,79.48,79.49,79.47,79.47,7420
1325080020000,79.46,79.47,79.44,79.47,13710
1325080080000,79.47,79.49,79.45,79.48,6220
1325080140000,79.48,79.48,79.44,79.47,15600
1325080200000,79.47,79.49,79.46,79.47,13740
1325080260000,79.47,79.49,79.46,79.49,13730
1325080320000,79.48,79.49,79.47,79.47,15180
1325080380000,79.48,79.5,79.48,79.5,24850
1325080440000,79.5,79.5,79.48,79.5,174480
1325080500000,79.5,79.5,79.49,79.5,131060
1325080560000,79.5,79.5,79.43,79.43,115310
1325080620000,79.43,79.45,79.4,79.44,118180
1325080680000,79.4,79.45,79.35,79.37,277270
1325080740000,79.37,79.46,79.36,79.42,26660
1325080800000,79.4,79.46,79.3,79.42,293580
1325080860000,79.41,79.45,79.37,79.45,24970
1325080920000,79.45,79.45,79.41,79.41,32080
1325080980000,79.45,79.46,79.43,79.43,28040
1325081040000,79.43,79.46,79.42,79.46,21670
1325081100000,79.45,79.45,79.45,79.45,480
1325081160000,79.45,79.46,79.42,79.44,36190
1325081220000,79.44,79.44,79.41,79.42,41400
1325081280000,79.42,79.45,79.42,79.43,19810
1325081340000,79.45,79.45,79.43,79.45,8710
1325081400000,79.45,79.45,79.42,79.45,5070
1325081460000,79.44,79.44,79.39,79.39,167480
1325081520000,79.4,79.4,79.36,79.39,13690
1325081580000,79.39,79.4,79.37,79.4,31800
1325081640000,79.4,79.42,79.39,79.39,27090
1325081700000,79.38,79.41,79.36,79.4,127640
1325081760000,79.39,79.4,79.36,79.38,18650
1325081820000,79.37,79.42,79.3,79.34,715380
1325081880000,79.35,79.4,79.31,79.36,207480
1325081940000,79.38,79.39,79.32,79.32,72950
1325082000000,79.32,79.32,79.22,79.27,385810
1325082060000,79.27,79.39,79.25,79.31,347660
1325082120000,79.33,79.35,79.3,79.35,10550
1325082180000,79.35,79.35,79.32,79.33,16480
1325082240000,79.33,79.34,79.29,79.29,69530
1325082300000,79.29,79.34,79.13,79.2,1361180
1325082360000,79.19,79.25,79.18,79.25,319750
1325082420000,79.28,79.29,79.25,79.28,30050
1325082480000,79.27,79.29,79.12,79.13,537210
1325082540000,79.12,79.17,79.12,79.14,393180
1325082600000,79.14,79.15,79.07,79.11,1230050
1325082660000,79.11,79.24,79.09,79.24,342230
1325082720000,79.23,79.27,79.19,79.2,260910
1325082780000,79.2,79.22,79.03,79.11,1102700
1325082840000,79.12,79.14,79.08,79.09,430980
1325082900000,79.08,79.22,79.05,79.22,276600
1325082960000,79.18,79.23,79.12,79.21,167550
1325083020000,79.17,79.21,79.1,79.1,219600
1325083080000,79.15,79.4,79.1,79.35,641450
1325083140000,79.32,79.32,79.23,79.29,77070
1325083200000,79.27,79.3,79.2,79.2,48320
1325083260000,79.21,79.25,79.17,79.25,128990
1325083320000,79.25,79.29,79.2,79.24,207570
1325083380000,79.25,79.34,79.17,79.27,358000
1325083440000,79.27,79.44,79.2,79.28,583920
1325138400000,79.0,79.0,78.34,78.93,1658370
1325138460000,78.93,78.97,78.76,78.88,403160
1325138520000,78.86,78.88,78.76,78.85,383430
1325138580000,78.82,78.85,78.78,78.85,162260
1325138640000,78.84,78.9,78.82,78.88,196670
1325138700000,78.88,78.92,78.83,78.83,224850
1325138760000,78.89,78.9,78.82,78.89,81020
1325138820000,78.87,78.9,78.81,78.83,34460
1325138880000,78.84,78.9,78.83,78.86,60270
1325138940000,78.89,78.9,78.85,78.85,87710
1325139000000,78.86,78.89,78.83,78.85,90560
1325139060000,78.85,78.88,78.81,78.81,152270
1325139120000,78.81,78.84,78.75,78.79,347030
1325139180000,78.79,78.84,78.79,78.8,127320
1325139240000,78.79,78.85,78.79,78.84,231040
1325139300000,78.84,78.88,78.81,78.88,86650
1325139360000,78.86,78.88,78.81,78.81,64630
1325139420000,78.81,78.86,78.81,78.82,38230
1325139480000,78.82,78.84,78.82,78.83,13860
1325139540000,78.83,78.85,78.83,78.83,52960
1325139600000,78.84,78.85,78.79,78.79,171440
1325139660000,78.79,78.85,78.75,78.79,141510
1325139720000,78.75,78.84,78.75,78.75,144960
1325139780000,78.76,78.79,78.76,78.79,37780
1325139840000,78.76,78.85,78.76,78.85,101530
1325139900000,78.83,78.83,78.78,78.79,31460
1325139960000,78.78,78.8,78.7,78.7,151330
1325140020000,78.7,78.77,78.68,78.68,279340
1325140080000,78.68,78.72,78.65,78.7,94720
1325140140000,78.73,78.75,78.65,78.65,135300
1325140200000,78.64,78.7,78.63,78.63,103110
1325140260000,78.63,78.69,78.54,78.55,302400
1325140320000,78.57,78.59,78.53,78.54,131680
1325140380000,78.54,78.59,78.54,78.57,213370
1325140440000,78.57,78.58,78.5,78.55,1704900
1325140500000,78.51,78.55,78.51,78.54,62970
1325140560000,78.54,78.55,78.53,78.53,48220
1325140620000,78.54,78.54,78.52,78.53,91690
1325140680000,78.54,78.55,78.51,78.55,109550
1325140740000,78.55,78.55,78.5,78.54,100100
1325140800000,78.54,78.59,78.44,78.45,1337760
1325140860000,78.46,78.48,78.4,78.41,539800
1325140920000,78.41,78.51,78.4,78.4,278050
1325140980000,78.43,78.48,78.4,78.46,399150
1325141040000,78.44,78.5,78.44,78.46,175560
1325141100000,78.45,78.48,78.36,78.37,352330
1325141160000,78.36,78.42,78.35,78.4,289650
1325141220000,78.39,78.42,78.39,78.4,261700
1325141280000,78.4,78.43,78.4,78.4,302440
1325141340000,78.4,78.4,78.35,78.36,231000
1325141400000,78.39,78.39,78.35,78.39,83760
1325141460000,78.38,78.39,78.3,78.33,470800
1325141520000,78.37,78.39,78.3,78.35,136860
1325141580000,78.35,78.35,78.3,78.32,121750
1325141640000,78.31,78.33,78.3,78.31,113300
1325141700000,78.33,78.35,78.23,78.25,467870
1325141760000,78.29,78.35,78.2,78.25,863480
1325141820000,78.28,78.3,78.2,78.28,201620
1325141880000,78.29,78.3,78.15,78.16,687210
1325141940000,78.16,78.19,78.07,78.12,812960
1325142000000,78.12,78.12,77.8,77.82,2036910
1325142060000,77.82,77.96,77.8,77.84,699610
1325142120000,77.83,77.85,77.62,77.62,1384930
1325142180000,77.66,77.79,77.62,77.78,1043550
1325142240000,77.75,77.97,77.75,77.96,591290
1325142300000,77.94,77.97,77.81,77.9,734020
1325142360000,77.85,77.95,77.85,77.92,98560
1325142420000,77.92,77.94,77.85,77.92,101490
1325142480000,77.94,77.95,77.86,77.93,161340
1325142540000,77.94,78.05,77.92,78.02,760270
1325142600000,78.02,78.05,77.89,77.89,554370
1325142660000,77.89,77.9,77.81,77.85,169140
1325142720000,77.86,77.9,77.85,77.9,167510
1325142780000,77.87,77.94,77.87,77.94,347040
1325142840000,77.92,77.96,77.91,77.95,17390
1325142900000,77.94,77.95,77.85,77.87,192300
1325142960000,77.86,77.87,77.85,77.85,111870
1325143020000,77.85,77.88,77.81,77.83,134790
1325143080000,77.87,77.87,77.82,77.84,17000
1325143140000,77.84,77.87,77.82,77.87,56020
1325143200000,77.86,77.87,77.8,77.83,209930
1325143260000,77.83,77.95,77.81,77.9,347640
1325143320000,77.9,77.95,77.85,77.88,146960
1325143380000,77.88,77.91,77.86,77.88,93640
1325143440000,77.86,77.91,77.85,77.9,367640
1325143500000,77.9,77.94,77.88,77.92,200310
1325143560000,77.93,77.95,77.88,77.9,187530
1325143620000,77.91,77.96,77.87,77.92,75640
1325143680000,77.92,77.96,77.88,77.89,120490
1325143740000,77.9,77.92,77.84,77.92,130360
1325143800000,77.9,77.97,77.85,77.95,185880
1325143860000,77.95,77.96,77.91,77.95,67620
1325143920000,77.94,77.95,77.85,77.86,242230
1325143980000,77.87,77.9,77.83,77.84,460820
1325144040000,77.84,77.9,77.83,77.88,228270
1325144100000,77.89,77.9,77.87,77.9,13540
1325144160000,77.9,77.9,77.87,77.89,24530
1325144220000,77.88,77.9,77.84,77.86,95580
1325144280000,77.86,77.86,77.77,77.77,440800
1325144340000,77.77,77.8,77.76,77.8,81360
1325144400000,77.8,77.86,77.77,77.77,129820
1325144460000,77.77,77.8,77.77,77.8,22360
1325144520000,77.8,77.83,77.78,77.8,43730
1325144580000,77.79,77.84,77.79,77.83,50080
1325144640000,77.83,77.88,77.83,77.87,44910
1325144700000,77.85,77.87,77.83,77.83,45130
1325144760000,77.86,77.89,77.86,77.89,40520
1325144820000,77.87,77.9,77.87,77.89,49360
1325144880000,77.89,77.95,77.89,77.94,83060
1325144940000,77.94,77.95,77.9,77.94,55400
1325145000000,77.9,77.94,77.89,77.94,76920
1325145060000,77.94,77.94,77.9,77.94,101760
1325145120000,77.94,78.03,77.94,78.0,435720
1325145180000,78.01,78.05,77.97,77.97,157820
1325145240000,78.0,78.04,77.96,77.97,159310
1325145300000,77.97,78.0,77.96,77.99,33090
1325145360000,77.99,78.0,77.94,77.97,48080
1325145420000,77.97,78.0,77.94,77.94,104290
1325145480000,77.93,78.0,77.93,77.95,95560
1325145540000,77.95,78.03,77.95,77.99,169040
1325145600000,78.0,78.04,77.94,77.97,114890
1325145660000,77.95,78.02,77.95,78.0,60420
1325145720000,78.01,78.04,77.95,78.03,100420
1325145780000,78.03,78.04,77.97,77.97,131130
1325145840000,78.01,78.01,77.97,77.99,24710
1325145900000,77.99,78.0,77.95,77.95,55470
1325145960000,77.94,77.95,77.8,77.8,222180
1325146020000,77.82,77.85,77.8,77.84,241300
1325146080000,77.84,77.85,77.67,77.76,488830
1325146140000,77.73,77.9,77.72,77.81,121170
1325146200000,77.83,77.85,77.8,77.83,85550
1325146260000,77.83,77.84,77.81,77.84,104630
1325146320000,77.84,77.88,77.82,77.88,113260
1325146380000,77.88,77.9,77.83,77.88,79980
1325146440000,77.86,77.86,77.71,77.76,376860
1325146500000,77.74,77.87,77.72,77.87,185490
1325146560000,77.87,77.9,77.82,77.87,290690
1325146620000,77.86,77.86,77.65,77.65,480030
1325146680000,77.65,77.7,77.65,77.7,274100
1325146740000,77.67,77.71,77.66,77.68,85370
1325146800000,77.7,77.72,77.31,77.36,1663840
1325146860000,77.36,77.45,77.26,77.38,1268440
1325146920000,77.37,77.42,77.32,77.34,326940
1325146980000,77.39,77.4,77.27,77.34,525370
1325147040000,77.34,77.38,77.27,77.38,312540
1325147100000,77.38,77.38,77.25,77.3,563920
1325147160000,77.3,77.31,77.25,77.31,311720
1325147220000,77.31,77.31,77.22,77.25,178440
1325147280000,77.25,77.4,77.24,77.4,497570
1325147340000,77.4,77.49,77.31,77.31,411930
1325147400000,77.31,77.32,77.2,77.24,494600
1325147460000,77.22,77.25,77.2,77.22,210950
1325147520000,77.22,77.29,77.2,77.27,391260
1325147580000,77.29,77.35,77.24,77.27,351780
1325147640000,77.28,77.38,77.27,77.37,190730
1325147700000,77.33,77.45,77.32,77.38,206190
1325147760000,77.39,77.47,77.39,77.43,173200
1325147820000,77.42,77.42,77.33,77.35,82400
1325147880000,77.35,77.4,77.33,77.37,82950
1325147940000,77.38,77.4,77.32,77.39,307950
1325148000000,77.39,77.46,77.37,77.41,60180
1325148060000,77.46,77.49,77.45,77.47,125800
1325148120000,77.45,77.5,77.45,77.5,250610
1325148180000,77.5,77.54,77.45,77.5,184020
1325148240000,77.5,77.57,77.48,77.56,91080
1325148300000,77.56,77.69,77.55,77.63,303600
1325148360000,77.63,77.64,77.51,77.6,262860
1325148420000,77.57,77.64,77.55,77.58,52380
1325148480000,77.58,77.68,77.57,77.65,104850
1325148540000,77.65,77.67,77.63,77.64,113430
1325148600000,77.64,77.67,77.64,77.66,151530
1325148660000,77.67,77.68,77.64,77.65,115340
1325148720000,77.65,77.65,77.6,77.62,191760
1325148780000,77.63,77.63,77.58,77.58,59240
1325148840000,77.6,77.63,77.58,77.63,50960
1325148900000,77.63,77.65,77.62,77.64,66420
1325148960000,77.64,77.66,77.64,77.65,33350
1325149020000,77.64,77.66,77.62,77.63,24480
1325149080000,77.63,77.66,77.62,77.66,30690
1325149140000,77.66,77.66,77.62,77.63,47170
1325149200000,77.65,77.7,77.63,77.66,194050
1325149260000,77.65,77.74,77.64,77.7,131470
1325149320000,77.66,77.7,77.65,77.65,147100
1325149380000,77.65,77.65,77.55,77.62,360080
1325149440000,77.59,77.67,77.55,77.55,229020
1325149500000,77.57,77.61,77.55,77.61,140820
1325149560000,77.61,77.67,77.6,77.67,103040
1325149620000,77.67,77.69,77.62,77.62,48940
1325149680000,77.67,77.67,77.55,77.57,454900
1325149740000,77.57,77.6,77.55,77.55,58720
1325149800000,77.56,77.67,77.54,77.67,345020
1325149860000,77.64,77.68,77.6,77.67,59780
1325149920000,77.67,77.73,77.65,77.68,134950
1325149980000,77.7,77.74,77.69,77.71,176050
1325150040000,77.71,77.74,77.7,77.72,28070
1325150100000,77.72,77.77,77.71,77.77,135250
1325150160000,77.77,77.78,77.76,77.78,56950
1325150220000,77.77,77.77,77.7,77.72,60190
1325150280000,77.71,77.74,77.7,77.74,58660
1325150340000,77.73,77.74,77.65,77.7,120530
1325150400000,77.7,77.7,77.64,77.65,52620
1325150460000,77.63,77.65,77.4,77.44,341080
1325150520000,77.47,77.5,77.33,77.35,513710
1325150580000,77.36,77.45,77.31,77.43,211720
1325150640000,77.43,77.43,77.34,77.37,169000
1325150700000,77.37,77.4,77.35,77.4,202430
1325150760000,77.39,77.39,77.36,77.38,39520
1325150820000,77.38,77.39,77.32,77.33,95610
1325150880000,77.34,77.37,77.32,77.34,105580
1325150940000,77.36,77.38,77.33,77.34,96600
1325151000000,77.33,77.41,77.33,77.41,239050
1325151060000,77.4,77.41,77.35,77.41,73450
1325151120000,77.4,77.41,77.37,77.41,10910
1325151180000,77.4,77.44,77.37,77.44,139510
1325151240000,77.41,77.48,77.37,77.46,115020
1325151300000,77.43,77.43,77.37,77.37,137700
1325151360000,77.37,77.46,77.36,77.36,291930
1325151420000,77.36,77.4,77.36,77.37,145230
1325151480000,77.37,77.4,77.34,77.4,320430
1325151540000,77.39,77.4,77.35,77.36,119970
1325151600000,77.36,77.38,77.33,77.35,153500
1325151660000,77.34,77.35,77.32,77.32,96790
1325151720000,77.32,77.33,77.2,77.33,358540
1325151780000,77.3,77.3,77.27,77.27,145500
1325151840000,77.27,77.3,77.25,77.27,96470
1325151900000,77.26,77.29,77.26,77.29,72790
1325151960000,77.29,77.29,77.23,77.29,100560
1325152020000,77.27,77.3,77.27,77.28,57160
1325152080000,77.27,77.4,77.27,77.4,210030
1325152140000,77.4,77.45,77.37,77.38,88090
1325152200000,77.42,77.44,77.39,77.44,37580
1325152260000,77.42,77.44,77.37,77.37,72280
1325152320000,77.39,77.39,77.3,77.3,87670
1325152380000,77.3,77.3,77.22,77.25,133110
1325152440000,77.24,77.32,77.24,77.29,43320
1325152500000,77.29,77.34,77.29,77.34,46470
1325152560000,77.34,77.35,77.3,77.31,51600
1325152620000,77.33,77.38,77.3,77.35,95510
1325152680000,77.36,77.36,77.34,77.35,38660
1325152740000,77.36,77.4,77.35,77.4,67700
1325152800000,77.38,77.41,77.38,77.39,63330
1325152860000,77.41,77.41,77.31,77.38,145750
1325152920000,77.39,77.41,77.37,77.41,150320
1325152980000,77.38,77.49,77.36,77.42,593750
1325153040000,77.42,77.45,77.4,77.4,54990
1325153100000,77.4,77.43,77.38,77.4,337590
1325153160000,77.4,77.43,77.36,77.4,527150
1325153220000,77.41,77.45,77.4,77.4,275730
1325153280000,77.4,77.43,77.37,77.4,212680
1325153340000,77.4,77.45,77.38,77.45,143050
1325153400000,77.45,77.45,77.4,77.42,125300
1325153460000,77.4,77.42,77.38,77.4,57890
1325153520000,77.41,77.42,77.38,77.39,69850
1325153580000,77.4,77.4,77.38,77.4,77440
1325153640000,77.4,77.42,77.38,77.4,99210
1325153700000,77.41,77.45,77.4,77.4,196380
1325153760000,77.43,77.44,77.4,77.43,6560
1325153820000,77.42,77.5,77.4,77.5,104350
1325153880000,77.5,77.53,77.47,77.5,109160
1325153940000,77.5,77.52,77.46,77.47,59260
1325154000000,77.51,77.54,77.46,77.51,93830
1325154060000,77.52,77.56,77.48,77.55,112730
1325154120000,77.55,77.62,77.55,77.55,205420
1325154180000,77.57,77.62,77.5,77.62,550540
1325154240000,77.63,77.63,77.55,77.63,71000
1325154300000,77.61,77.66,77.57,77.63,81710
1325154360000,77.63,77.63,77.55,77.58,54600
1325154420000,77.56,77.6,77.55,77.56,30200
1325154480000,77.56,77.56,77.55,77.56,94780
1325154540000,77.56,77.58,77.55,77.56,16110
1325154600000,77.56,77.56,77.53,77.55,245640
1325154660000,77.55,77.56,77.52,77.52,166830
1325154720000,77.52,77.53,77.5,77.51,280600
1325154780000,77.51,77.6,77.51,77.51,149270
1325154840000,77.51,77.56,77.51,77.51,41610
1325154900000,77.53,77.62,77.52,77.6,212650
1325154960000,77.6,77.62,77.59,77.59,10420
1325155020000,77.58,77.61,77.56,77.61,30880
1325155080000,77.6,77.6,77.55,77.56,82240
1325155140000,77.57,77.62,77.56,77.6,26440
1325155200000,77.6,77.62,77.6,77.62,36600
1325155260000,77.61,77.65,77.55,77.65,155380
1325155320000,77.63,77.66,77.62,77.65,26230
1325155380000,77.65,77.65,77.62,77.63,26670
1325155440000,77.63,77.65,77.6,77.62,40010
1325155500000,77.65,77.66,77.6,77.6,115350
1325155560000,77.6,77.64,77.6,77.64,45800
1325155620000,77.64,77.64,77.6,77.64,61910
1325155680000,77.63,77.65,77.6,77.61,93780
1325155740000,77.61,77.61,77.58,77.59,139380
1325155800000,77.59,77.63,77.58,77.6,28720
1325155860000,77.63,77.63,77.6,77.6,19340
1325155920000,77.6,77.61,77.56,77.56,92610
1325155980000,77.57,77.6,77.55,77.6,36280
1325156040000,77.6,77.6,77.55,77.59,20990
1325156100000,77.59,77.6,77.58,77.58,100890
1325156160000,77.59,77.6,77.58,77.6,160930
1325156220000,77.6,77.61,77.58,77.58,51190
1325156280000,77.6,77.62,77.59,77.59,1970
1325156340000,77.6,77.63,77.58,77.63,14830
1325156400000,77.61,77.63,77.6,77.6,54170
1325156460000,77.6,77.63,77.58,77.62,42520
1325156520000,77.59,77.62,77.58,77.58,24810
1325156580000,77.6,77.6,77.58,77.58,1830
1325156640000,77.6,77.6,77.55,77.56,58020
1325156700000,77.57,77.57,77.55,77.55,69950
1325156760000,77.55,77.56,77.55,77.56,110610
1325156820000,77.55,77.6,77.55,77.59,61800
1325156880000,77.59,77.62,77.58,77.61,70530
1325156940000,77.61,77.66,77.61,77.65,74620
1325157000000,77.65,77.7,77.64,77.64,197280
1325157060000,77.63,77.71,77.62,77.71,110260
1325157120000,77.71,77.76,77.67,77.72,125030
1325157180000,77.76,77.76,77.7,77.74,36660
1325157240000,77.71,77.74,77.69,77.7,56980
1325157300000,77.72,77.72,77.66,77.67,34900
1325157360000,77.67,77.7,77.67,77.67,14390
1325157420000,77.67,77.7,77.67,77.69,9320
1325157480000,77.7,77.7,77.67,77.69,18300
1325157540000,77.7,77.7,77.65,77.65,34360
1325157600000,77.66,77.7,77.65,77.68,12730
1325157660000,77.68,77.78,77.68,77.75,275710
1325157720000,77.75,77.77,77.63,77.64,254520
1325157780000,77.63,77.65,77.6,77.65,337860
1325157840000,77.61,77.72,77.61,77.64,180010
1325157900000,77.65,77.67,77.6,77.6,252710
1325157960000,77.62,77.73,77.62,77.66,119910
1325158020000,77.65,77.79,77.64,77.74,304140
1325158080000,77.74,77.75,77.68,77.68,102250
1325158140000,77.72,77.73,77.68,77.68,39210
1325158200000,77.69,77.72,77.69,77.72,970
1325158260000,77.7,77.72,77.69,77.72,10420
1325158320000,77.72,77.73,77.7,77.73,10850
1325158380000,77.71,77.75,77.71,77.72,25810
1325158440000,77.74,77.76,77.69,77.72,66380
1325158500000,77.72,77.75,77.72,77.72,14140
1325158560000,77.74,77.75,77.7,77.7,12320
1325158620000,77.7,77.72,77.66,77.69,52050
1325158680000,77.69,77.7,77.65,77.65,89890
1325158740000,77.66,77.69,77.61,77.63,271040
1325158800000,77.63,77.66,77.61,77.63,125180
1325158860000,77.63,77.67,77.63,77.67,19950
1325158920000,77.65,77.7,77.64,77.68,46450
1325158980000,77.68,77.68,77.63,77.63,113670
1325159040000,77.64,77.65,77.63,77.65,18980
1325159100000,77.65,77.65,77.63,77.63,18520
1325159160000,77.63,77.64,77.62,77.63,62680
1325159220000,77.63,77.65,77.63,77.63,148410
1325159280000,77.65,77.65,77.61,77.62,11640
1325159340000,77.64,77.64,77.62,77.62,19660
1325159400000,77.61,77.64,77.55,77.58,268990
1325159460000,77.59,77.67,77.58,77.62,125910
1325159520000,77.62,77.62,77.61,77.61,4230
1325159580000,77.61,77.68,77.61,77.62,59840
1325159640000,77.65,77.65,77.62,77.62,18560
1325159700000,77.62,77.65,77.55,77.61,381160
1325159760000,77.58,77.6,77.55,77.55,41230
1325159820000,77.55,77.57,77.55,77.57,29470
1325159880000,77.56,77.59,77.53,77.55,322630
1325159940000,77.55,77.59,77.5,77.5,991200
1325160000000,77.5,77.55,77.37,77.45,345050
1325160060000,77.47,77.54,77.45,77.51,50740
1325160120000,77.51,77.54,77.5,77.53,150910
1325160180000,77.54,77.57,77.51,77.57,65240
1325160240000,77.53,77.77,77.53,77.61,514580
1325160300000,77.62,77.7,77.62,77.64,36640
1325160360000,77.68,77.69,77.64,77.68,17850
1325160420000,77.69,77.77,77.6,77.67,415110
1325160480000,77.69,77.95,77.69,77.91,764750
1325160540000,77.88,77.9,77.84,77.87,160620
1325160600000,77.84,77.97,77.77,77.95,628680
1325160660000,77.96,78.07,77.92,77.96,1636350
1325160720000,77.95,78.07,77.95,77.98,399890
1325160780000,78.0,78.0,77.95,77.95,59310
1325160840000,77.99,78.0,77.95,77.99,68080
1325160900000,78.0,78.17,77.99,78.17,358860
1325160960000,78.17,78.19,78.13,78.17,215740
1325161020000,78.17,78.19,78.11,78.16,142370
1325161080000,78.14,78.27,78.11,78.24,427540
1325161140000,78.23,78.31,78.23,78.3,408540
1325161200000,78.3,78.3,78.26,78.28,225640
1325161260000,78.29,78.32,78.26,78.26,208730
1325161320000,78.27,78.27,78.18,78.18,160360
1325161380000,78.18,78.21,78.12,78.15,188320
1325161440000,78.15,78.17,78.11,78.13,47530
1325161500000,78.13,78.16,78.12,78.12,37770
1325161560000,78.14,78.15,78.12,78.13,109200
1325161620000,78.14,78.25,78.12,78.15,301010
1325161680000,78.19,78.21,78.17,78.21,11570
1325161740000,78.21,78.3,78.21,78.28,153890
1325161800000,78.3,78.48,78.3,78.44,893020
1325161860000,78.43,78.43,78.35,78.38,221970
1325161920000,78.36,78.39,78.35,78.35,82160
1325161980000,78.36,78.39,78.35,78.37,154560
1325162040000,78.36,78.39,78.26,78.3,277490
1325162100000,78.26,78.27,78.17,78.2,139730
1325162160000,78.2,78.2,78.14,78.14,34590
1325162220000,78.13,78.19,78.13,78.17,11070
1325162280000,78.18,78.24,78.18,78.23,36890
1325162340000,78.24,78.3,78.24,78.29,64170
1325162400000,78.29,78.42,78.29,78.4,328780
1325162460000,78.4,78.4,78.36,78.4,65120
1325162520000,78.4,78.5,78.38,78.5,645370
1325162580000,78.46,78.55,78.45,78.45,312780
1325162640000,78.48,78.49,78.32,78.47,208820
1325162700000,78.43,78.53,78.43,78.52,208330
1325162760000,78.52,78.53,78.47,78.5,89470
1325162820000,78.5,78.5,78.47,78.49,88590
1325162880000,78.49,78.5,78.47,78.47,42290
1325162940000,78.48,78.49,78.47,78.47,20230
1325163000000,78.49,78.49,78.41,78.48,117840
1325163060000,78.44,78.45,78.38,78.38,38080
1325163120000,78.39,78.4,78.38,78.38,89380
1325163180000,78.4,78.4,78.31,78.31,89740
1325163240000,78.33,78.44,78.33,78.39,113740
1325163300000,78.4,78.48,78.4,78.48,104830
1325163360000,78.48,78.48,78.37,78.4,65110
1325163420000,78.4,78.4,78.34,78.35,77310
1325163480000,78.35,78.38,78.3,78.38,134310
1325163540000,78.38,78.38,78.28,78.34,305160
1325163600000,78.34,78.47,78.34,78.36,329900
1325163660000,78.39,78.4,78.31,78.34,179520
1325163720000,78.32,78.34,78.25,78.26,91430
1325163780000,78.28,78.38,78.26,78.34,212390
1325163840000,78.38,78.39,78.33,78.37,105500
1325163900000,78.36,78.37,78.34,78.35,27030
1325163960000,78.35,78.37,78.33,78.37,34990
1325164020000,78.37,78.37,78.33,78.33,42320
1325164080000,78.33,78.39,78.32,78.39,66110
1325164140000,78.39,78.45,78.37,78.45,103770
1325164200000,78.41,78.5,78.41,78.48,241970
1325164260000,78.48,78.49,78.4,78.41,226320
1325164320000,78.41,78.43,78.4,78.4,49720
1325164380000,78.38,78.39,78.33,78.33,39410
1325164440000,78.33,78.34,78.29,78.31,228460
1325164500000,78.32,78.34,78.29,78.33,57450
1325164560000,78.33,78.34,78.33,78.34,37660
1325164620000,78.33,78.34,78.3,78.32,22960
1325164680000,78.31,78.31,78.27,78.27,23990
1325164740000,78.27,78.31,78.27,78.28,19320
1325164800000,78.29,78.36,78.29,78.36,74770
1325164860000,78.34,78.36,78.31,78.34,15690
1325164920000,78.31,78.31,78.29,78.29,31510
1325164980000,78.31,78.34,78.31,78.34,14040
1325165040000,78.34,78.34,78.3,78.3,22600
1325165100000,78.29,78.3,78.28,78.29,20270
1325165160000,78.29,78.3,78.28,78.29,72600
1325165220000,78.28,78.29,78.23,78.28,42200
1325165280000,78.28,78.29,78.24,78.28,18040
1325165340000,78.27,78.29,78.25,78.29,37580
1325165400000,78.29,78.29,78.22,78.23,182580
1325165460000,78.23,78.24,78.06,78.06,210830
1325165520000,78.08,78.12,77.83,77.84,1081800
1325165580000,77.85,77.96,77.84,77.91,156510
1325165640000,77.91,78.05,77.91,78.02,162580
1325165700000,78.02,78.05,77.96,78.04,225680
1325165760000,78.04,78.07,78.01,78.05,37280
1325165820000,78.05,78.15,78.03,78.1,40740
1325165880000,78.14,78.17,78.09,78.14,110050
1325165940000,78.14,78.19,78.1,78.12,106210
1325166000000,78.12,78.16,78.12,78.14,30700
1325166060000,78.14,78.16,78.12,78.14,14590
1325166120000,78.12,78.14,78.05,78.05,44630
1325166180000,78.06,78.06,77.98,78.0,611960
1325166240000,78.0,78.09,77.98,78.08,59330
1325166300000,78.08,78.1,78.03,78.09,42580
1325166360000,78.06,78.1,78.06,78.06,56270
1325166420000,78.06,78.06,78.05,78.06,1160
1325166480000,78.06,78.13,78.01,78.07,176040
1325166540000,78.05,78.1,78.05,78.08,23660
1325166600000,78.08,78.25,78.07,78.25,285320
1325166660000,78.25,78.26,78.21,78.25,92110
1325166720000,78.25,78.28,78.25,78.28,87540
1325166780000,78.28,78.35,78.25,78.35,243610
1325166840000,78.35,78.4,78.31,78.35,108140
1325166900000,78.32,78.36,78.32,78.35,51350
1325166960000,78.36,78.4,78.36,78.36,187100
1325167020000,78.39,78.45,78.37,78.44,268080
1325167080000,78.44,78.5,78.43,78.46,394190
1325167140000,78.5,78.5,78.43,78.49,198940
1325167200000,78.49,78.59,78.38,78.59,968820
1325167260000,78.58,78.59,78.53,78.58,242040
1325167320000,78.53,78.57,78.46,78.46,116660
1325167380000,78.45,78.5,78.45,78.48,101000
1325167440000,78.49,78.53,78.46,78.53,55640
1325167500000,78.53,78.56,78.51,78.55,51050
1325167560000,78.56,78.56,78.51,78.55,19000
1325167620000,78.54,78.78,78.54,78.76,811230
1325167680000,78.76,78.77,78.65,78.69,262320
1325167740000,78.65,78.66,78.55,78.55,220090
1325167800000,78.57,78.57,78.48,78.51,165680
1325167860000,78.52,78.57,78.51,78.56,29750
1325167920000,78.57,78.66,78.57,78.66,76210
1325167980000,78.62,78.65,78.56,78.6,38140
1325168040000,78.58,78.6,78.55,78.55,22120
1325168100000,78.58,78.61,78.56,78.58,18430
1325168160000,78.58,78.62,78.58,78.58,38010
1325168220000,78.58,78.62,78.57,78.58,28210
1325168280000,78.58,78.6,78.57,78.6,12890
1325168340000,78.6,78.6,78.57,78.58,12230
1325168400000,78.57,78.58,78.51,78.52,86720
1325168460000,78.51,78.52,78.46,78.46,407990
1325168520000,78.46,78.49,78.41,78.44,68540
1325168580000,78.44,78.48,78.42,78.42,28070
1325168640000,78.43,78.45,78.4,78.41,332190
1325168700000,78.43,78.44,78.4,78.42,46800
1325168760000,78.41,78.48,78.4,78.42,316400
1325168820000,78.43,78.47,78.41,78.47,47010
1325168880000,78.45,78.53,78.42,78.53,297990
1325168940000,78.54,78.69,78.53,78.69,310580
1325169000000,78.67,78.77,78.66,78.73,358910
1325169060000,78.73,78.75,78.7,78.72,59790
1325169120000,78.72,78.89,78.69,78.89,887530
1325169180000,78.89,78.98,78.8,78.85,961740
1325169240000,78.83,78.88,78.8,78.8,116290
1325169300000,78.81,78.89,78.77,78.85,295280
1325169360000,78.83,78.92,78.83,78.85,268290
1325169420000,78.87,78.93,78.85,78.86,176760
1325169480000,78.9,78.9,78.84,78.84,138380
1325169540000,78.84,78.84,78.75,78.75,128480
1325169600000,78.76,78.84,78.75,78.83,135540
1325169660000,78.84,78.85,78.78,78.8,186600
1325169720000,78.84,78.98,78.84,78.9,649180
1325169780000,78.92,79.0,78.9,78.95,1164840
1325169840000,78.95,79.01,78.76,78.8,2162210
1325224800000,79.03,79.42,79.01,79.26,1133180
1325224860000,79.23,79.26,79.1,79.12,193120
1325224920000,79.11,79.2,79.1,79.19,223230
1325224980000,79.17,79.19,79.1,79.12,121410
1325225040000,79.13,79.17,79.1,79.13,193160
1325225100000,79.15,79.15,79.01,79.01,187760
1325225160000,79.01,79.03,78.9,78.95,411030
1325225220000,78.95,79.0,78.9,78.92,227760
1325225280000,78.92,78.99,78.91,78.92,83280
1325225340000,78.92,78.97,78.91,78.97,132170
1325225400000,78.97,79.0,78.91,78.95,230450
1325225460000,78.93,78.99,78.92,78.95,130270
1325225520000,78.97,78.97,78.92,78.92,43680
1325225580000,78.96,78.96,78.92,78.92,6360
1325225640000,78.92,78.95,78.92,78.95,26500
1325225700000,78.93,78.95,78.93,78.95,54290
1325225760000,78.94,78.94,78.92,78.92,199190
1325225820000,78.92,78.94,78.92,78.94,8070
1325225880000,78.93,78.94,78.92,78.93,36720
1325225940000,78.93,78.94,78.92,78.94,27060
1325226000000,78.94,78.99,78.93,78.99,146150
1325226060000,78.99,78.99,78.97,78.97,111420
1325226120000,78.99,78.99,78.94,78.94,126360
1325226180000,78.94,78.97,78.94,78.95,16340
1325226240000,78.96,78.99,78.96,78.97,12040
1325226300000,78.99,78.99,78.97,78.97,21990
1325226360000,78.99,79.0,78.97,78.99,119790
1325226420000,78.97,78.99,78.97,78.97,17820
1325226480000,78.99,78.99,78.96,78.99,13860
1325226540000,78.98,79.0,78.97,78.98,20950
1325226600000,79.0,79.0,78.97,79.0,41780
1325226660000,78.99,79.05,78.97,79.05,277530
1325226720000,79.05,79.1,79.05,79.1,125950
1325226780000,79.07,79.14,79.05,79.14,152610
1325226840000,79.14,79.25,79.11,79.2,300410
1325226900000,79.2,79.25,79.2,79.23,128150
1325226960000,79.23,79.25,79.21,79.21,157760
1325227020000,79.23,79.24,79.14,79.19,51980
1325227080000,79.17,79.2,79.15,79.18,27740
1325227140000,79.18,79.19,79.17,79.19,106870
1325227200000,79.19,79.25,79.19,79.24,71990
1325227260000,79.25,79.26,79.21,79.22,50170
1325227320000,79.22,79.23,79.14,79.14,36570
1325227380000,79.14,79.15,79.1,79.12,47200
1325227440000,79.12,79.13,79.0,79.01,168900
1325227500000,79.01,79.07,79.01,79.07,25990
1325227560000,79.06,79.06,79.01,79.01,11550
1325227620000,79.01,79.06,78.95,78.96,68890
1325227680000,78.98,79.04,78.95,79.04,56350
1325227740000,79.04,79.04,79.03,79.03,20890
1325227800000,79.03,79.04,79.01,79.02,27160
1325227860000,79.02,79.04,79.0,79.0,8190
1325227920000,79.04,79.07,79.01,79.05,94930
1325227980000,79.05,79.1,79.04,79.08,166570
1325228040000,79.08,79.11,79.07,79.11,67570
1325228100000,79.1,79.16,79.1,79.15,233470
1325228160000,79.16,79.19,79.09,79.1,146520
1325228220000,79.13,79.18,79.1,79.15,118620
1325228280000,79.15,79.18,79.12,79.16,81870
1325228340000,79.17,79.17,79.15,79.17,14500
1325228400000,79.17,79.19,79.16,79.19,141380
1325228460000,79.19,79.19,79.17,79.19,47450
1325228520000,79.19,79.24,79.15,79.24,357120
1325228580000,79.24,79.3,79.24,79.28,233640
1325228640000,79.29,79.3,79.22,79.24,143960
1325228700000,79.23,79.36,79.22,79.36,301080
1325228760000,79.34,79.35,79.3,79.35,171430
1325228820000,79.34,79.35,79.26,79.26,88790
1325228880000,79.27,79.28,79.23,79.24,18120
1325228940000,79.22,79.23,79.17,79.2,59510
1325229000000,79.2,79.24,79.2,79.24,45960
1325229060000,79.21,79.21,79.2,79.2,8280
1325229120000,79.2,79.22,79.2,79.2,28260
1325229180000,79.2,79.2,79.19,79.19,59650
1325229240000,79.17,79.19,79.15,79.19,19610
1325229300000,79.19,79.2,79.16,79.2,18760
1325229360000,79.19,79.19,79.15,79.15,33640
1325229420000,79.18,79.19,79.12,79.14,71170
1325229480000,79.15,79.15,79.1,79.12,55440
1325229540000,79.12,79.15,79.07,79.07,306100
1325229600000,79.08,79.08,79.05,79.08,47320
1325229660000,79.08,79.08,79.05,79.07,23020
1325229720000,79.07,79.08,79.07,79.08,25910
1325229780000,79.08,79.1,79.07,79.09,21940
1325229840000,79.09,79.1,79.08,79.1,35210
1325229900000,79.1,79.12,79.09,79.12,16430
1325229960000,79.12,79.12,79.07,79.09,50270
1325230020000,79.1,79.1,79.06,79.07,201940
1325230080000,79.09,79.1,79.07,79.08,44990
1325230140000,79.08,79.1,79.04,79.1,34390
1325230200000,79.1,79.1,79.05,79.08,15140
1325230260000,79.08,79.09,79.06,79.09,8290
1325230320000,79.08,79.1,79.08,79.1,47460
1325230380000,79.1,79.12,79.08,79.08,43670
1325230440000,79.09,79.1,79.08,79.08,10760
1325230500000,79.09,79.1,79.08,79.1,61350
1325230560000,79.09,79.1,79.09,79.09,7250
1325230620000,79.1,79.1,79.05,79.05,22930
1325230680000,79.08,79.09,79.05,79.09,23220
1325230740000,79.06,79.06,79.03,79.06,9830
1325230800000,79.06,79.06,79.04,79.04,15640
1325230860000,79.04,79.05,79.03,79.05,11190
1325230920000,79.05,79.06,79.04,79.05,8370
1325230980000,79.05,79.05,79.04,79.04,11280
1325231040000,79.04,79.04,78.94,78.94,348300
1325231100000,78.95,79.0,78.94,78.96,37180
1325231160000,78.96,78.99,78.95,78.99,56830
1325231220000,78.97,79.0,78.96,79.0,18300
1325231280000,79.0,79.06,78.97,79.0,98670
1325231340000,78.99,79.02,78.98,78.99,31430
1325231400000,79.0,79.02,78.99,79.02,87210
1325231460000,78.99,79.0,78.99,78.99,33340
1325231520000,78.99,79.0,78.97,78.98,23930
1325231580000,78.98,79.0,78.98,78.99,16200
1325231640000,78.99,79.0,78.69,78.73,608010
1325231700000,78.73,78.74,78.69,78.72,281150
1325231760000,78.72,78.82,78.72,78.8,95180
1325231820000,78.8,78.83,78.78,78.8,54940
1325231880000,78.82,78.9,78.82,78.9,130630
1325231940000,78.9,78.92,78.86,78.9,48490
1325232000000,78.91,78.94,78.9,78.93,107030
1325232060000,78.93,78.99,78.93,78.99,96190
1325232120000,78.96,79.03,78.96,79.03,78110
1325232180000,79.01,79.03,78.81,78.83,107890
1325232240000,78.83,78.9,78.81,78.89,133430
1325232300000,78.9,78.9,78.85,78.87,29050
1325232360000,78.87,78.9,78.86,78.87,11540
1325232420000,78.87,78.88,78.77,78.77,80590
1325232480000,78.77,78.79,78.74,78.75,85720
1325232540000,78.75,78.8,78.73,78.75,35450
1325232600000,78.75,78.77,78.74,78.77,29840
1325232660000,78.77,78.85,78.77,78.77,47430
1325232720000,78.77,78.83,78.75,78.81,40760
1325232780000,78.81,78.81,78.77,78.78,52370
1325232840000,78.8,78.83,78.78,78.8,276310
1325232900000,78.82,78.83,78.78,78.83,99510
1325232960000,78.81,78.83,78.8,78.83,60150
1325233020000,78.81,78.82,78.8,78.82,58160
1325233080000,78.81,78.83,78.8,78.82,30750
1325233140000,78.83,78.83,78.82,78.82,48440
1325233200000,78.83,78.83,78.75,78.77,130220
1325233260000,78.77,78.81,78.69,78.7,332850
1325233320000,78.7,78.72,78.41,78.41,532730
1325233380000,78.42,78.45,78.15,78.41,478880
1325233440000,78.41,78.56,78.4,78.52,229220
1325233500000,78.53,78.55,78.34,78.43,92090
1325233560000,78.4,78.45,78.33,78.33,72110
1325233620000,78.33,78.4,78.32,78.37,156050
1325233680000,78.37,78.4,78.32,78.32,76840
1325233740000,78.32,78.4,78.16,78.16,315120
1325233800000,78.16,78.16,78.0,78.14,588930
1325233860000,78.1,78.38,78.1,78.27,294750
1325233920000,78.25,78.3,78.22,78.3,60760
1325233980000,78.3,78.37,78.26,78.37,95170
1325234040000,78.35,78.4,78.29,78.4,332400
1325234100000,78.4,78.48,78.33,78.39,135270
1325234160000,78.39,78.39,78.28,78.3,82380
1325234220000,78.32,78.37,78.3,78.37,41940
1325234280000,78.35,78.39,78.34,78.34,31090
1325234340000,78.33,78.39,78.33,78.37,19030
1325234400000,78.39,78.39,78.32,78.36,48640
1325234460000,78.39,78.45,78.37,78.44,82600
1325234520000,78.44,78.44,78.36,78.36,106110
1325234580000,78.37,78.4,78.36,78.38,43040
1325234640000,78.38,78.4,78.37,78.4,21450
1325234700000,78.4,78.4,78.37,78.4,38870
1325234760000,78.4,78.44,78.39,78.4,153540
1325234820000,78.4,78.43,78.39,78.42,72090
1325234880000,78.44,78.44,78.42,78.44,146610
1325234940000,78.44,78.49,78.4,78.43,121020
1325235000000,78.45,78.46,78.41,78.46,38730
1325235060000,78.43,78.43,78.33,78.35,49750
1325235120000,78.35,78.37,78.32,78.32,31150
1325235180000,78.34,78.35,78.27,78.3,67620
1325235240000,78.28,78.31,78.26,78.3,21260
1325235300000,78.29,78.37,78.27,78.37,34140
1325235360000,78.37,78.48,78.33,78.45,100340
1325235420000,78.44,78.44,78.4,78.4,6720
1325235480000,78.42,78.48,78.37,78.44,27240
1325235540000,78.48,78.49,78.43,78.44,29020
1325235600000,78.44,78.46,78.38,78.44,78390
1325235660000,78.44,78.49,78.44,78.46,38800
1325235720000,78.46,78.55,78.45,78.55,106490
1325235780000,78.55,78.59,78.54,78.57,86790
1325235840000,78.57,78.59,78.56,78.58,143810
1325235900000,78.57,78.57,78.49,78.54,79880
1325235960000,78.54,78.56,78.5,78.56,47290
1325236020000,78.55,78.6,78.53,78.59,44930
1325236080000,78.59,78.62,78.55,78.6,36850
1325236140000,78.6,78.6,78.53,78.55,24250
1325236200000,78.56,78.58,78.53,78.57,25490
1325236260000,78.55,78.63,78.55,78.58,92710
1325236320000,78.57,78.59,78.55,78.55,14160
1325236380000,78.58,78.58,78.4,78.45,115840
1325236440000,78.49,78.51,78.46,78.46,12460
1325236500000,78.48,78.55,78.45,78.47,92630
1325236560000,78.45,78.45,78.33,78.43,203980
1325236620000,78.38,78.42,78.37,78.4,27670
1325236680000,78.38,78.4,78.33,78.35,32420
1325236740000,78.35,78.4,78.32,78.35,96690
1325236800000,78.4,78.4,78.36,78.36,24230
1325236860000,78.36,78.4,78.36,78.36,10290
1325236920000,78.4,78.44,78.37,78.44,67370
1325236980000,78.39,78.42,78.32,78.37,58810
1325237040000,78.38,78.39,78.35,78.39,3870
1325237100000,78.39,78.45,78.36,78.4,54030
1325237160000,78.41,78.41,78.4,78.4,3270
1325237220000,78.43,78.44,78.4,78.44,15880
1325237280000,78.44,78.45,78.42,78.45,36030
1325237340000,78.46,78.48,78.45,78.45,5110
1325237400000,78.45,78.45,78.4,78.43,66140
1325237460000,78.44,78.48,78.36,78.39,72520
1325237520000,78.37,78.37,78.31,78.33,43540
1325237580000,78.33,78.33,78.31,78.32,14350
1325237640000,78.35,78.35,78.2,78.26,281080
1325237700000,78.25,78.26,78.23,78.24,11780
1325237760000,78.25,78.29,78.24,78.29,31920
1325237820000,78.25,78.3,78.25,78.3,71830
1325237880000,78.3,78.35,78.3,78.35,52360
1325237940000,78.35,78.35,78.34,78.35,5820
1325238000000,78.34,78.38,78.34,78.37,20810
1325238060000,78.37,78.37,78.36,78.37,6380
1325238120000,78.37,78.46,78.37,78.4,34240
1325238180000,78.43,78.47,78.42,78.47,11040
1325238240000,78.46,78.49,78.43,78.46,16520
1325238300000,78.46,78.5,78.45,78.45,17190
1325238360000,78.48,78.49,78.45,78.47,8310
1325238420000,78.47,78.49,78.45,78.45,35860
1325238480000,78.45,78.46,78.43,78.46,4020
1325238540000,78.44,78.49,78.43,78.45,11990
1325238600000,78.43,78.54,78.42,78.54,40460
1325238660000,78.53,78.53,78.41,78.44,74800
1325238720000,78.44,78.52,78.4,78.49,74110
1325238780000,78.46,78.51,78.45,78.5,108130
1325238840000,78.5,78.51,78.47,78.5,21350
1325238900000,78.49,78.52,78.46,78.52,26280
1325238960000,78.53,78.54,78.47,78.47,7060
1325239020000,78.47,78.5,78.47,78.47,4520
1325239080000,78.46,78.5,78.46,78.5,12620
1325239140000,78.5,78.5,78.47,78.47,470
1325239200000,78.47,78.5,78.46,78.47,8020
1325239260000,78.47,78.49,78.45,78.45,28770
1325239320000,78.48,78.5,78.45,78.5,30260
1325239380000,78.46,78.46,78.45,78.45,12380
1325239440000,78.44,78.47,78.33,78.37,90850
1325239500000,78.37,78.45,78.34,78.39,32120
1325239560000,78.35,78.42,78.35,78.38,14370
1325239620000,78.38,78.44,78.37,78.41,38120
1325239680000,78.41,78.43,78.41,78.42,57810
1325239740000,78.44,78.44,78.42,78.42,31370
1325239800000,78.4,78.42,78.39,78.4,1950
1325239860000,78.42,78.45,78.41,78.41,52620
1325239920000,78.43,78.48,78.43,78.46,23570
1325239980000,78.46,78.51,78.46,78.51,29010
1325240040000,78.5,78.54,78.5,78.52,43680
1325240100000,78.52,78.54,78.52,78.53,25700
1325240160000,78.52,78.6,78.49,78.6,145650
1325240220000,78.58,78.61,78.55,78.56,118200
1325240280000,78.58,78.67,78.56,78.62,223390
1325240340000,78.62,78.77,78.62,78.72,141450
1325240400000,78.72,78.73,78.68,78.72,44350
1325240460000,78.72,78.77,78.68,78.7,75340
1325240520000,78.68,78.72,78.66,78.7,84690
1325240580000,78.73,78.74,78.68,78.68,112760
1325240640000,78.69,78.83,78.65,78.76,314560
1325240700000,78.8,78.83,78.72,78.77,26320
1325240760000,78.76,78.85,78.74,78.85,112070
1325240820000,78.81,78.83,78.78,78.78,11090
1325240880000,78.79,78.85,78.71,78.77,104800
1325240940000,78.79,78.84,78.77,78.82,40130
1325241000000,78.84,78.89,78.83,78.89,214120
1325241060000,78.89,78.9,78.85,78.89,38540
1325241120000,78.88,78.88,78.82,78.82,9490
1325241180000,78.82,78.88,78.82,78.88,69440
1325241240000,78.87,78.88,78.83,78.84,150170
1325241300000,78.88,78.88,78.83,78.86,29090
1325241360000,78.84,78.86,78.83,78.86,11430
1325241420000,78.85,78.86,78.85,78.85,13460
1325241480000,78.86,78.9,78.86,78.88,83710
1325241540000,78.87,78.9,78.86,78.9,83450
1325241600000,78.9,78.93,78.83,78.93,259420
1325241660000,78.93,78.93,78.85,78.93,66560
1325241720000,78.93,78.95,78.88,78.9,61970
1325241780000,78.91,78.96,78.89,78.94,68840
1325241840000,78.94,78.98,78.91,78.97,76590
1325241900000,78.96,78.99,78.92,78.99,196340
1325241960000,78.99,78.99,78.95,78.98,106710
1325242020000,78.98,79.0,78.93,78.99,188390
1325242080000,79.0,79.09,78.95,79.04,613430
1325242140000,79.07,79.11,79.04,79.08,498280
1325242200000,79.08,79.09,79.01,79.05,80030
1325242260000,79.01,79.1,79.0,79.09,123740
1325242320000,79.08,79.1,79.05,79.1,57370
1325242380000,79.08,79.2,79.07,79.19,531410
1325242440000,79.19,79.19,78.97,78.97,264500
1325242500000,78.98,78.98,78.88,78.9,130010
1325242560000,78.9,78.96,78.88,78.9,58140
1325242620000,78.88,78.94,78.88,78.9,42510
1325242680000,78.92,78.98,78.91,78.98,38190
1325242740000,78.97,79.05,78.97,79.05,76520
1325242800000,79.05,79.05,78.98,78.98,111310
1325242860000,79.0,79.03,78.98,78.98,130060
1325242920000,78.98,78.98,78.88,78.91,55220
1325242980000,78.93,78.93,78.88,78.9,32470
1325243040000,78.9,78.93,78.88,78.91,45540
1325243100000,78.88,78.91,78.87,78.89,28950
1325243160000,78.87,78.87,78.82,78.86,85480
1325243220000,78.85,78.97,78.84,78.91,156960
1325243280000,78.92,79.0,78.92,79.0,92440
1325243340000,78.98,79.03,78.98,79.02,100290
1325243400000,79.04,79.06,79.01,79.02,42770
1325243460000,79.01,79.06,79.0,79.0,41250
1325243520000,79.0,79.01,78.97,78.97,9620
1325243580000,78.97,78.97,78.96,78.96,4800
1325243640000,78.94,78.94,78.92,78.92,1360
1325243700000,78.92,79.04,78.92,79.04,60800
1325243760000,79.03,79.04,78.95,78.95,43260
1325243820000,78.95,79.01,78.95,79.0,20200
1325243880000,79.0,79.01,78.96,78.96,6500
1325243940000,78.98,79.03,78.96,79.03,9140
1325244000000,78.97,79.06,78.94,79.06,66990
1325244060000,79.06,79.33,79.05,79.21,1093310
1325244120000,79.21,79.33,79.21,79.31,246920
1325244180000,79.31,79.32,79.21,79.22,294400
1325244240000,79.22,79.22,79.21,79.22,47270
1325244300000,79.21,79.3,79.2,79.24,130130
1325244360000,79.26,79.27,79.21,79.24,39670
1325244420000,79.22,79.26,79.22,79.26,35040
1325244480000,79.26,79.28,79.24,79.24,63150
1325244540000,79.22,79.27,79.16,79.16,156010
1325244600000,79.16,79.18,79.16,79.17,81670
1325244660000,79.17,79.21,79.13,79.13,62530
1325244720000,79.13,79.13,79.06,79.09,64420
1325244780000,79.09,79.13,79.06,79.12,13500
1325244840000,79.1,79.22,79.1,79.18,54360
1325244900000,79.14,79.17,79.11,79.11,50860
1325244960000,79.15,79.15,79.1,79.1,14930
1325245020000,79.1,79.14,79.08,79.08,23000
1325245080000,79.08,79.1,79.06,79.1,7300
1325245140000,79.07,79.14,79.07,79.14,73700
1325245200000,79.1,79.13,79.1,79.1,4540
1325245260000,79.11,79.13,79.09,79.11,24330
1325245320000,79.11,79.18,79.11,79.17,32800
1325245380000,79.14,79.19,79.14,79.14,84160
1325245440000,79.15,79.16,79.14,79.14,10390
1325245500000,79.15,79.16,79.1,79.1,12240
1325245560000,79.1,79.14,79.07,79.07,90600
1325245620000,79.1,79.1,79.05,79.05,14260
1325245680000,79.07,79.1,79.03,79.1,63840
1325245740000,79.07,79.1,79.02,79.07,43410
1325245800000,79.06,79.1,79.06,79.07,5740
1325245860000,79.1,79.11,79.09,79.1,14960
1325245920000,79.1,79.1,79.05,79.1,82980
1325245980000,79.05,79.12,79.05,79.12,31000
1325246040000,79.12,79.12,79.09,79.1,960
1325246100000,79.1,79.11,79.06,79.09,5670
1325246160000,79.1,79.14,79.1,79.13,21860
1325246220000,79.13,79.14,79.13,79.13,10480
1325246280000,79.14,79.15,79.11,79.15,37250
1325246340000,79.15,79.2,79.13,79.19,148670
1325246400000,79.2,79.26,79.18,79.26,293750
1325246460000,79.25,79.29,79.23,79.23,222140
1325246520000,79.25,79.25,79.21,79.23,63030
1325246580000,79.22,79.25,79.21,79.21,54100
1325246640000,79.21,79.21,79.17,79.18,41430
1325246700000,79.17,79.25,79.17,79.2,27490
1325246760000,79.22,79.24,79.17,79.2,31030
1325246820000,79.17,79.29,79.17,79.29,178210
1325246880000,79.26,79.28,79.18,79.28,75910
1325246940000,79.28,79.39,79.22,79.36,476060
1325247000000,79.37,79.4,79.35,79.35,280240
1325247060000,79.35,79.38,79.29,79.3,152430
1325247120000,79.3,79.35,79.29,79.3,306910
1325247180000,79.3,79.37,79.3,79.37,76160
1325247240000,79.35,79.4,79.32,79.38,225880
1325247300000,79.39,79.42,79.38,79.42,161380
1325247360000,79.42,79.44,79.38,79.4,289730
1325247420000,79.45,79.57,79.36,79.43,1372210
1325247480000,79.43,79.45,79.38,79.38,34840
1325247540000,79.38,79.43,79.37,79.42,86500
1325247600000,79.42,79.44,79.36,79.44,135020
1325247660000,79.44,79.48,79.43,79.45,90910
1325247720000,79.48,79.6,79.48,79.55,464630
1325247780000,79.57,79.64,79.57,79.63,206410
1325247840000,79.63,79.69,79.62,79.66,305230
1325247900000,79.64,79.7,79.64,79.7,201530
1325247960000,79.69,79.73,79.68,79.7,115810
1325248020000,79.7,79.71,79.65,79.65,163830
1325248080000,79.65,79.65,79.55,79.61,130370
1325248140000,79.6,79.67,79.57,79.67,143500
1325248200000,79.66,79.71,79.66,79.7,133600
1325248260000,79.66,79.7,79.56,79.57,180260
1325248320000,79.56,79.59,79.44,79.56,332890
1325248380000,79.58,79.58,79.37,79.4,154820
1325248440000,79.4,79.44,79.36,79.44,229650
1325248500000,79.44,79.51,79.41,79.5,163550
1325248560000,79.51,79.56,79.49,79.5,161790
1325248620000,79.5,79.57,79.47,79.57,272610
1325248680000,79.56,79.68,79.56,79.67,234550
1325248740000,79.65,79.7,79.63,79.64,487970
1325248800000,79.64,79.67,79.64,79.67,23160
1325248860000,79.66,79.67,79.64,79.66,51490
1325248920000,79.66,79.66,79.62,79.62,92800
1325248980000,79.62,79.64,79.53,79.55,63410
1325249040000,79.54,79.59,79.52,79.55,41560
1325249100000,79.55,79.6,79.52,79.59,79670
1325249160000,79.58,79.6,79.53,79.54,17810
1325249220000,79.54,79.55,79.44,79.5,204410
1325249280000,79.52,79.62,79.51,79.62,91480
1325249340000,79.58,79.63,79.55,79.62,62900
1325249400000,79.62,79.63,79.55,79.55,34740
1325249460000,79.56,79.6,79.45,79.6,149690
1325249520000,79.6,79.64,79.59,79.64,95680
1325249580000,79.64,79.65,79.63,79.65,119370
1325249640000,79.65,79.65,79.59,79.59,73060
1325249700000,79.6,79.6,79.54,79.55,54860
1325249760000,79.56,79.6,79.52,79.55,96970
1325249820000,79.51,79.55,79.51,79.55,64500
1325249880000,79.54,79.6,79.54,79.58,61530
1325249940000,79.58,79.58,79.57,79.57,14010
1325250000000,79.57,79.59,79.51,79.59,131370
1325250060000,79.6,79.6,79.5,79.54,82360
1325250120000,79.58,79.59,79.55,79.55,29830
1325250180000,79.58,79.58,79.56,79.56,29040
1325250240000,79.56,79.58,79.52,79.55,71280
1325250300000,79.53,79.55,79.46,79.46,210440
1325250360000,79.46,79.48,79.4,79.42,283460
1325250420000,79.42,79.5,79.4,79.5,155290
1325250480000,79.5,79.5,79.48,79.48,6970
1325250540000,79.48,79.49,79.44,79.44,65840
1325250600000,79.43,79.44,79.32,79.38,247050
1325250660000,79.37,79.39,79.33,79.34,119770
1325250720000,79.36,79.39,79.35,79.35,21600
1325250780000,79.38,79.39,79.35,79.35,21360
1325250840000,79.36,79.39,79.34,79.39,62730
1325250900000,79.4,79.4,79.34,79.34,53230
1325250960000,79.35,79.38,79.32,79.32,59440
1325251020000,79.33,79.35,79.3,79.35,43530
1325251080000,79.35,79.42,79.31,79.32,145850
1325251140000,79.32,79.39,79.25,79.35,324900
1325251200000,79.35,79.35,79.32,79.35,3850
1325251260000,79.32,79.35,79.32,79.32,9800
1325251320000,79.32,79.35,79.32,79.35,20760
1325251380000,79.35,79.4,79.3,79.39,97870
1325251440000,79.37,79.41,79.35,79.35,41210
1325251500000,79.35,79.35,79.29,79.33,158500
1325251560000,79.34,79.38,79.31,79.34,37070
1325251620000,79.34,79.43,79.34,79.43,58960
1325251680000,79.42,79.46,79.4,79.44,65020
1325251740000,79.45,79.47,79.44,79.45,261920
1325251800000,79.45,79.45,79.41,79.43,23680
1325251860000,79.42,79.42,79.35,79.42,261480
1325251920000,79.4,79.42,79.39,79.42,13260
1325251980000,79.42,79.42,79.4,79.42,11450
1325252040000,79.39,79.47,79.35,79.41,175260
1325252100000,79.41,79.42,79.4,79.4,45220
1325252160000,79.41,79.48,79.41,79.41,53150
1325252220000,79.41,79.44,79.4,79.41,23810
1325252280000,79.41,79.43,79.4,79.43,43640
1325252340000,79.4,79.48,79.4,79.45,21000
1325252400000,79.44,79.5,79.42,79.5,128780
1325252460000,79.5,79.5,79.44,79.5,67180
1325252520000,79.5,79.5,79.43,79.43,31020
1325252580000,79.45,79.45,79.41,79.42,31470
1325252640000,79.44,79.45,79.41,79.44,60530
1325252700000,79.44,79.44,79.39,79.4,165350
1325252760000,79.4,79.5,79.38,79.48,104390
1325252820000,79.48,79.48,79.41,79.41,44030
1325252880000,79.41,79.45,79.41,79.42,31790
1325252940000,79.44,79.49,79.41,79.49,151920
1325253000000,79.48,79.48,79.42,79.45,10350
1325253060000,79.45,79.5,79.45,79.5,93730
1325253120000,79.49,79.5,79.45,79.49,61310
1325253180000,79.49,79.54,79.49,79.51,151500
1325253240000,79.54,79.59,79.51,79.54,261780
1325253300000,79.54,79.58,79.52,79.57,30070
1325253360000,79.55,79.6,79.55,79.59,158670
1325253420000,79.57,79.6,79.55,79.6,74990
1325253480000,79.55,79.55,79.44,79.44,225790
1325253540000,79.44,79.54,79.44,79.54,119280
1325253600000,79.55,79.6,79.51,79.6,287850
1325253660000,79.56,79.6,79.54,79.59,81650
1325253720000,79.55,79.6,79.53,79.55,131800
1325253780000,79.54,79.54,79.5,79.53,18490
1325253840000,79.5,79.5,79.45,79.45,101730
1325253900000,79.45,79.45,79.37,79.39,204370
1325253960000,79.37,79.47,79.35,79.37,186200
1325254020000,79.37,79.4,79.37,79.37,142750
1325254080000,79.37,79.43,79.35,79.39,252030
1325254140000,79.4,79.43,79.39,79.4,240340
1325254200000,79.39,79.44,79.39,79.4,126390
1325254260000,79.4,79.4,79.39,79.39,156340
1325254320000,79.39,79.41,79.39,79.41,374750
1325254380000,79.41,79.44,79.4,79.41,139870
1325254440000,79.41,79.45,79.4,79.41,147220
1325254500000,79.4,79.45,79.4,79.41,299880
1325254560000,79.4,79.45,79.4,79.41,106560
1325254620000,79.41,79.41,79.35,79.36,590730
1325254680000,79.36,79.36,79.33,79.36,314990
1325254740000,79.36,79.36,79.33,79.33,82820
1325254800000,79.33,79.33,79.23,79.23,490210
1325254860000,79.23,79.24,79.21,79.23,101340
1325254920000,79.24,79.24,79.14,79.16,272960
1325254980000,79.16,79.2,79.12,79.16,149570
1325255040000,79.2,79.25,79.2,79.25,172050
1325255100000,79.25,79.25,79.14,79.2,295510
1325255160000,79.21,79.32,79.21,79.32,187000
1325255220000,79.29,79.38,79.28,79.38,135520
1325255280000,79.38,79.48,79.35,79.48,481540
1325255340000,79.45,79.48,79.35,79.43,187490
1325255400000,79.35,79.45,79.35,79.4,134670
1325255460000,79.41,79.42,79.36,79.41,135910
1325255520000,79.41,79.41,79.3,79.3,145540
1325255580000,79.3,79.4,79.2,79.39,407350
1325255640000,79.39,79.42,79.35,79.39,172390
1325255700000,79.41,79.42,79.35,79.38,122640
1325255760000,79.38,79.4,79.36,79.4,225080
1325255820000,79.4,79.42,79.36,79.4,140610
1325255880000,79.4,79.42,79.35,79.42,222850
1325255940000,79.41,79.42,79.18,79.39,600900
1325256000000,79.39,79.41,79.36,79.38,329480
1325256060000,79.4,79.42,79.38,79.4,662020
1325256120000,79.4,79.42,79.35,79.38,873790
1325256180000,79.38,79.42,79.35,79.35,650490
1325256240000,79.35,79.4,79.2,79.4,1073680
