time,open,high,low,close,volume
1402261200000,144,146.2,143.03,144.4,40347300
1402347600000,144.31,144.76,142.67,144.75,41460990
1402434000000,145.2,146.4,143.9,146.4,39418520
1402866000000,144,145.27,142.58,145.2,77165360
1402952400000,145.3,146.37,143.72,144.77,44370530
1403038800000,144.79,146.19,144.43,145,33270240
1403125200000,146.4,147.69,145.04,145.2,44670940
1403211600000,145.05,145.88,144.28,145.6,33779020
1403470800000,146.2,147.27,145.07,147.17,33923270
1403557200000,147.65,153.42,147.56,153.25,87546740
1403643600000,152.48,154.21,149.01,149.26,65879300
1403730000000,149.63,150.44,147.02,147.44,53026000
1403816400000,148,149.88,147.22,149.39,34563280
1404075600000,149.81,150.18,146.58,148.96,35020610
1404162000000,148.51,149.5,146.65,148.97,39080070
1404248400000,149.09,151.95,148.9,151.95,48839500
1404334800000,152,153.66,151.41,152.3,48933580
1404421200000,153,153.09,148.25,149.13,38192290
1404680400000,149.1,151.4,149.09,150.31,34302070
1404766800000,150.53,153.53,150.52,151.43,50005770
1404853200000,151.11,151.77,149.01,150.4,44106880
1404939600000,150.8,151.52,147.1,148.79,58690960
1405026000000,148.85,149.25,146.91,148.15,36005010
1405285200000,148.42,148.8,146.51,147.5,38407230
1405371600000,147.8,148.37,146.52,146.52,55159950
1405458000000,140.35,143.1,140.1,142.5,55942320
1405544400000,140.23,141,138.23,140,61550720
1405630800000,138,139.41,136.5,139.26,53377680
1405890000000,140.3,140.44,135.2,136.01,46735750
1405976400000,136.82,138.87,136.05,137.75,35508000
1406062800000,138.2,139,135.2,136.29,35700000
1406149200000,136,137.36,135.15,136.9,23345280
1406235600000,136.5,136.83,134.22,135.12,35511270
1406494800000,134.54,134.73,130.9,132,44904250
1406581200000,132.08,133.73,130.55,131.31,36865680
1406667600000,130.47,135.41,130.1,133.4,42608490
1406754000000,134.12,135,131.21,132,41187230
1406840400000,130.95,131.99,130.21,131.5,31759700
1407099600000,132,132.79,128.25,129.5,44534400
1407186000000,129.99,130.1,126.28,126.57,46432510
1407272400000,126.11,126.5,123.23,124.7,68355310
1407358800000,124.02,128.77,122.79,126.92,64225030
1407445200000,126.48,129.37,126.33,126.55,56280080
1407704400000,128.01,130.45,127.84,128.61,42448970
1407790800000,128.62,129.95,127.24,128.52,37352200
1407877200000,127.8,131.84,127.7,130.9,56449800
1407963600000,131.2,132.49,130.34,131.8,42747400
1408050000000,131.28,133.47,130.62,132.95,41777190
1408309200000,132.82,134.4,132.11,134.21,28302350
1408395600000,134.29,136.4,134.28,135.8,38553790
1408482000000,136.2,136.8,135.16,136.37,21830800
1408568400000,136.58,137.69,135.55,135.96,33871240
1408654800000,136.52,137.2,134,135,37800620
1408914000000,135.06,136.46,135,136.1,16470480
1409000400000,136.25,136.99,134.71,135.28,26908460
1409086800000,135.9,136.67,135.12,135.51,24990540
1409173200000,135.51,135.74,131.94,133.8,47627370
1409259600000,133.5,134.17,131.81,131.95,35728900
1409518800000,132.71,134.75,131,132.32,41613580
1409605200000,132.68,133.32,131.34,133.32,25543730
1409691600000,133.42,139.63,133.33,138.26,64491970
1409778000000,138.3,139.29,136.8,138.15,43311610
1409864400000,137.28,140.13,136.36,139,37267050
1410123600000,138.79,139.38,136.87,139,31454520
1410210000000,139.29,140.82,138.86,139.02,26611960
1410296400000,138.39,139.4,137.62,139.2,20441450
1410382800000,139.69,140.28,136.51,136.65,34559170
1410469200000,136.5,138.56,136,137.56,34988310
1410728400000,137.26,138.12,135.35,136,40717130
1410814800000,136.01,139.58,135.26,138.56,40431640
1410901200000,138.5,139.34,136.05,137,39757700
1410987600000,137.25,138.4,136.51,138.2,29247410
1411074000000,138,138,134.48,135.99,45103990
1411333200000,135.76,136.83,134.6,135.05,27258240
1411419600000,135.55,137.2,135.47,136.5,29141830
1411506000000,136.99,138.65,136.88,137.8,32271690
1411592400000,138.28,138.96,136.52,136.92,31511120
1411678800000,136.51,137.95,135.71,137.11,34925980
1411938000000,138,138.57,135,135.77,36985740
1412024400000,136.27,139.13,135.14,137.9,50261030
1412110800000,137.5,139.86,137.12,137.26,37398300
1412197200000,136.8,137.44,133.7,134.25,42243810
1412283600000,134.97,138.07,134.87,135.8,32174540
1412542800000,136.61,139.63,136.61,138.9,41322460
1412629200000,139.01,139.5,136.8,137.1,28875580
1412715600000,136.19,137,134.61,134.61,34466460
1412802000000,136.2,137.26,134.55,135.64,37768210
1412888400000,134.3,134.6,132.09,133.21,42598080
1413147600000,133,136.4,132.32,135.25,30923230
1413234000000,135.3,136.92,134.51,135.5,35709120
1413320400000,134.9,136.48,134.25,134.5,32324170
1413406800000,135,135.59,131.93,132.41,47983260
1413493200000,133.5,135.4,133.01,134.6,30074200
1413752400000,135.2,136.18,133.14,134.1,32118700
1413838800000,134,134.95,132.94,134,24848020
1413925200000,134.51,134.66,132.25,133.5,32439110
1414011600000,132.51,134.15,131.42,133.5,36223010
1414098000000,133.5,134.3,132.35,133.99,24372990
1414357200000,135,136.05,133.5,134.07,31605210
1414443600000,134.62,136.14,134.1,135.75,27903910
1414530000000,136.21,139,135.67,138.5,47956500
1414616400000,138.09,139.9,137.62,139.5,54633270
1414702800000,140.5,141.5,139.49,141.5,71971660
1414962000000,141,144,140.26,143.39,19660650
1415134800000,143.01,143.82,141.11,143.2,47075250
1415221200000,143.35,146.25,143.05,144.1,55716700
1415307600000,143.5,147,142.73,144.5,87793540
1415566800000,145.45,146.46,144.35,145.22,32004800
1415653200000,145,145.69,143.01,143.71,40466110
1415739600000,144.14,145.6,143,143.57,31585430
1415826000000,143.7,144.45,141.51,141.84,34181920
1415912400000,141.5,143.35,141,142.49,34971670
1416171600000,142.47,143.48,141.91,142.67,21473850
1416258000000,143.1,144.01,141.53,143.2,30196660
1416344400000,143.21,144.38,142.67,143.98,20225140
1416430800000,144.22,145.11,143.22,144.48,31754200
1416517200000,144.51,145.99,143.61,145.01,34146350
1416776400000,145.76,146,143.82,144.7,29558390
1416862800000,144.5,145.39,143.59,144.13,25545000
1416949200000,144,145.5,143.68,145.5,27683500
1417035600000,145.33,145.89,143.12,143.19,44326410
1417122000000,143,144.2,142,142.86,43623690
1417381200000,142.4,146.12,142.37,144.1,74522900
1417467600000,144.41,146.41,143.55,144.91,44697870
1417554000000,145.53,146.4,144.42,146.23,48469440
1417640400000,146.5,147.95,144.5,144.5,51131510
1417726800000,144.5,144.91,140.5,140.5,33668820
1417986000000,141.23,142.76,134.02,135.05,50861010
1418072400000,135.15,136.83,133.54,135.24,32667510
1418158800000,135.91,139.3,135.67,136.09,34416870
1418245200000,136,136.9,133.6,134.01,36618580
1418331600000,133.17,137.53,130.51,134.49,40757920
1418590800000,135.19,135.87,127.55,130.29,64239030
1418677200000,129.5,134.21,113.73,131.4,100754700
1418763600000,130.05,139.96,125.25,131,85486950
1418850000000,132.36,139.7,132,137,66286900
1418936400000,137.15,139,131.3,138.7,44317130
1419195600000,138.92,140,135.7,136.49,48457080
1419282000000,136.8,137.77,132.51,133.4,31443660
1419368400000,133.4,135.25,132.66,134.28,17416130
1419454800000,133.43,135.12,133.1,134.8,11172590
1419541200000,135.2,136.28,134.51,134.6,13334570
1419800400000,134.8,139.43,133.08,135.5,28351300
1419886800000,134.5,134.79,129.74,130.31,24784040
1420405200000,129.5,133.95,129.15,133.95,18223370
1420491600000,133,138.92,132.71,138.92,25297090
1420664400000,140.05,147.5,140,146.46,32604900
1420750800000,146.48,147.08,139.9,141.7,29508430
1421010000000,141.34,143.44,139.72,140.22,25292180
1421096400000,140.01,143.81,139,142.64,32919420
1421182800000,142,147.5,141.99,146.3,37856670
1421269200000,147.51,149.89,145.5,147,32851540
1421355600000,146,150.2,145.5,149.6,32688170
1421614800000,149.55,152.83,147.59,148.11,53470440
1421701200000,148.2,149.72,145.72,145.75,32734660
1421787600000,146.9,149.51,145.92,148.8,29863590
1421874000000,149,152.69,148.65,151.5,55809050
1421960400000,152.44,152.93,150.36,152.83,37332960
1422219600000,151.93,152.46,146.75,148,28744250
1422306000000,146.51,152.45,146.11,150.9,37768110
1422392400000,151.4,154.47,147.5,147.7,34641630
1422478800000,147.14,149.2,144.49,145,33421900
1422565200000,145.75,146.82,142.13,143.82,41074470
1422824400000,144.7,145.2,137.43,138.18,59503010
1422910800000,139.2,142.3,138.25,140.35,40922430
1422997200000,141.2,143.8,139.43,142.6,29511370
1423083600000,141.99,147.74,140.34,147.6,46332730
1423170000000,148,152.2,147.13,151.6,54186930
1423429200000,151.78,153.95,147.7,149.3,52256270
1423515600000,148.56,151.9,148.07,149.31,31210650
1423602000000,150.31,153.83,149.88,150.55,41847390
1423688400000,152.5,157.98,149.5,157.7,91174060
1423774800000,158.2,162.75,158.16,162.4,89594590
1424034000000,162.4,163.44,158.2,160.19,29826710
1424120400000,160,164.2,156.3,159.2,59453940
1424206800000,160.62,166.94,160.4,163,54933190
1424293200000,163,165.44,157.07,160.9,50885770
1424379600000,161.5,162.39,156.61,158,32440500
1424725200000,154.82,155.75,152.82,154.99,28730540
1424811600000,154.99,155.15,149.22,150.7,41502390
1424898000000,151.08,153.77,149.1,151.65,48571440
1424984400000,151.48,153.4,149.76,152.95,36636440
1425243600000,152.5,155.83,152.5,155.5,27953010
1425330000000,155.3,160.6,153.5,159,47144370
1425416400000,159,160.14,153.82,154,31928730
1425502800000,154.89,157.75,152.63,154.8,43688360
1425589200000,155.47,156.13,151.47,152.12,27154750
1425934800000,151.31,151.7,148.05,148.05,35185430
1426021200000,148.05,149.6,145.95,145.99,37555110
1426107600000,147,147.47,144.7,144.7,26620170
1426194000000,145.03,146.12,141.14,141.8,32674100
1426453200000,141.06,142.89,139.75,139.75,36741180
1426539600000,140.67,141.63,138.55,139.7,27156360
1426626000000,140.1,141.45,138.7,140.25,25263770
1426712400000,141.11,142.62,136.8,136.81,41086070
1426798800000,137.68,138.59,134.51,136,56234950
1427058000000,137.01,137.57,133.43,134.61,30167060
1427144400000,134.05,138.14,133.41,137.15,30858700
1427230800000,137.22,138.33,133.81,134.9,29356120
1427317200000,136,136.69,131.7,132.2,37575090
1427403600000,132.67,134.98,132.2,134.88,32414170
1427662800000,134.5,137.88,134.24,137,26571490
1427749200000,136.85,139.19,136.6,138.9,34740300
1427835600000,138.45,143.2,137.57,143,46798830
1427922000000,143.83,144.88,142.32,143.9,35121700
1428008400000,144,145.65,143.02,143.94,18623200
1428267600000,144,145.7,143.36,145.7,23383910
1428354000000,145.4,147.35,144.8,146.2,38094250
1428440400000,145.83,147.3,145.13,147.27,31102640
1428526800000,147,148.74,143.72,148.1,67748960
1428613200000,148.17,151.9,147,148,55406350
1428872400000,148.06,150,146.3,148.8,34995850
1428958800000,148.13,148.4,143.9,144.4,40092440
1429045200000,144.49,150.1,144.25,150.1,38670940
1429131600000,150.62,152.87,149.12,152.4,42835980
1429218000000,152.41,153.55,149.3,149.3,57089260
1429477200000,150,154.7,148.73,153.96,40542190
1429563600000,153.5,156.2,153.47,155.35,29331080
1429650000000,155.22,155.27,150.08,150.8,37562510
1429736400000,151,151,146.62,150.15,39578500
1429822800000,150,154.14,149.67,153.89,35747130
1430082000000,153.98,155.18,152.05,152.05,22004600
1430168400000,151.77,153.14,149.7,152.79,25942650
1430254800000,152.8,154.99,151.75,152.5,32127150
1430341200000,152.54,154.2,151.06,153.5,28723340
1430773200000,154.52,158.7,153.32,156.33,33638700
1430859600000,156.35,156.39,153.3,155.25,29799390
1430946000000,154.52,154.59,150.81,152.1,29201660
1431032400000,152,155.65,151.7,155.52,22300590
1431378000000,155.51,157,152.1,154.2,35162100
1431464400000,154.3,154.5,151.6,151.74,23735400
1431550800000,151.78,153.68,151.05,151.8,19561270
1431637200000,152.49,154.1,151.5,152.98,20562190
1431896400000,153.01,154.28,151.64,151.9,17709240
1431982800000,151.71,152.4,148.62,149.85,25123260
1432069200000,150,150,146,146.35,20494720
1432155600000,146.35,148.28,144.45,147.16,23101260
1432242000000,147.19,149.85,146.95,148.8,22212800
1432501200000,148.76,148.8,145.22,146.69,16151440
1432587600000,147.3,147.85,144.87,145.25,22484990
1432674000000,145.58,147.7,144.19,147.66,27887970
1432760400000,147.61,149.5,146.11,146.11,27132390
1432846800000,146.3,148.9,139,139,55832110
1433106000000,140.13,141.79,139.25,139.4,30804210
1433192400000,139.89,141.75,138.23,140.75,36308440
1433278800000,141,144,138.8,140.71,41054380
1433365200000,140.95,142.39,139.3,140.2,28168930
1433451600000,140.38,142.52,139.4,142.4,26887100
1433710800000,142.55,144.49,141.5,142.66,22878860
1433797200000,142.99,146.4,141.8,146.17,24963390
1433883600000,146.44,147.7,145.31,145.6,27929430
1433970000000,146,146,144.05,145.4,18761030
1434315600000,144.5,145.8,142.35,144.95,30948960
1434402000000,144.95,147.15,144.87,146,22745150
1434488400000,146.31,148.48,145.56,147.6,24445210
1434574800000,147.9,149.17,146.2,147.15,26805520
1434661200000,147.2,148.7,146.33,147.15,26388000
1434920400000,147.74,149.2,146.91,148.5,19550650
1435006800000,148.75,149.39,145.82,146.25,25619260
1435093200000,146.7,148.11,145.83,146.68,18398930
1435179600000,146.28,147.66,143.7,143.7,21533170
1435266000000,143.7,145.49,142.61,145.18,16800750
1435525200000,143.69,144.5,142.51,143.59,15537420
1435611600000,143.5,145.95,142.25,145.85,26523160
1435698000000,145.7,146.95,144.68,145.5,16186130
1435784400000,145.51,146.9,144.8,145.8,16017460
1435870800000,145.96,146.05,144,144.33,11657320
1436130000000,143.51,144.06,141.25,143,18819930
1436216400000,142.77,144.86,142.03,142.5,28941760
1436302800000,142.45,142.94,139.55,141.5,28942780
1436389200000,141.9,143.85,141.37,143.77,22499230
1436475600000,144,144.7,143.5,143.9,19964070
1436734800000,143.7,145.35,143.4,145.27,23801640
1436821200000,145.3,146.5,144.16,146.5,26939550
1436907600000,141.5,143.38,141,142.7,29020430
1436994000000,142.51,144.2,142.01,144.2,15387510
1437080400000,143.66,145.64,143.4,143.6,21119450
1437339600000,143.9,144.2,140.5,141.78,19869060
1437426000000,141.5,142.45,139.96,141.41,22579210
1437512400000,140.7,141.01,138.71,140.8,27947150
1437598800000,140.55,140.8,138.32,138.37,20548470
1437685200000,138.1,138.34,135.85,136.41,30632020
1437944400000,136.1,136.37,133.13,134.51,31642430
1438030800000,134.5,136.36,132.77,135.05,29397710
1438117200000,135.38,138.7,134.35,138.7,26500120
1438203600000,138.5,140.44,138.04,139.8,24092880
1438290000000,139.4,142.6,137.85,142.5,31362610
1438549200000,142,143.15,139.9,141.45,26294150
1438635600000,141.1,142.75,140.15,141.89,26554060
1438722000000,142.24,143.95,140.75,143.78,25643100
1438808400000,143.01,143.74,140.23,140.88,36117180
1438894800000,141.01,142.2,140.5,141.34,20843610
1439154000000,141.25,141.6,138,141.5,41630180
1439240400000,141.5,143.3,141.05,141.97,32854520
1439326800000,141.22,143.2,140.1,142.99,26189320
1439413200000,143.3,144.5,142.72,143.7,25378510
1439499600000,143.7,145.45,142.9,144.8,25171590
1439758800000,144.5,144.89,142.76,144.25,24269970
1439845200000,143.61,143.9,141.7,142.65,20539560
1439931600000,142.5,143.6,139.8,140.8,30855920
1440018000000,140.1,143,139.82,142.64,35561070
1440104400000,141.55,143,140.21,140.29,25997790
1440363600000,139,139,134.1,135.35,51703930
1440450000000,135.72,141,135.72,140.4,44157570
1440536400000,140.29,141.95,138.51,140.51,34517760
1440622800000,141.9,144.8,141.59,144.6,32676500
1440709200000,145.3,147.35,143.04,146.6,38427870
1440968400000,145.89,148.19,145.16,148.19,28847750
1441054800000,148.19,148.2,143.7,144.5,35291020
1441141200000,144.1,145.5,142.25,142.57,33617350
1441227600000,143.61,145.95,142.7,145.3,28149840
1441314000000,144.9,145.13,142.17,142.8,26002300
1441573200000,142.51,143.4,141.32,141.67,17931450
1441659600000,142.27,144.39,142.23,143.21,22317250
1441746000000,144.5,145.4,144.11,144.22,21136180
1441832400000,143.6,144.78,142.35,142.99,24778540
1441918800000,143.26,143.5,141.2,142.4,25381150
1442178000000,142.25,143.87,142.1,143.58,20561300
1442264400000,143.51,143.8,141.45,141.95,24405380
1442350800000,142.45,143.17,141.6,142.91,27476410
1442437200000,143,143.27,142.31,142.8,14288750
1442523600000,143.34,143.4,139.1,139.5,44194850
1442782800000,140.13,140.84,138.82,139.45,20745480
1442869200000,139.76,139.76,135.68,136.4,36500060
1442955600000,136.5,136.88,133.38,134.3,45316880
1443042000000,134.67,134.78,131.5,132.2,37783580
1443128400000,132.61,134.55,132.54,133.85,35648680
1443387600000,134.1,134.27,130.37,130.9,30738740
1443474000000,130.42,134.06,130.36,133.2,30547740
1443560400000,133.8,135.73,132.8,134.55,43444970
1443646800000,134.7,135.6,131.51,132.9,34119000
1443733200000,132.47,133.17,131.02,131.5,26899830
1443992400000,132.5,136.8,132.27,136.8,38869020
1444078800000,137,137.9,135.17,137.87,38694750
1444165200000,138.16,140,136.75,140,42744810
1444251600000,139.35,141.15,138.35,139.8,41786950
1444338000000,140.6,145.32,140.6,143.81,64777620
1444597200000,143.89,144.99,140.72,141.7,29331570
1444683600000,141,141.8,138.81,141.8,31623180
1444770000000,141.11,143.36,140.5,142.01,25524780
1444856400000,142.39,144.16,142.21,142.61,22747440
1444942800000,143.97,144.16,140.2,141,28994190
1445202000000,140.77,141.52,138.62,140.27,27865630
1445288400000,140.74,140.77,138.6,140.4,28930580
1445374800000,140.36,140.64,138.2,139.49,32447530
1445461200000,139.39,140.17,138.88,139.25,25033350
1445547600000,139.71,140.19,138.5,138.94,30182580
1445806800000,139.1,139.99,136.65,138.5,32928060
1445893200000,137.39,138.5,135.66,138.5,35949430
1445979600000,138.35,138.35,135.8,138.1,36173100
1446066000000,138.25,138.3,135.52,136.11,27973160
1446152400000,136.11,136.66,135.18,135.75,23791590
1446411600000,135.49,137.8,135.12,137.8,23047740
1446498000000,137.6,142,137.41,141.75,38388870
1446670800000,141.9,142.94,140.48,140.97,36802170
1446757200000,140.91,142.3,137.3,137.75,34931350
1447016400000,138.1,138.34,135.7,136.5,26035830
1447102800000,136.49,136.95,135.32,135.58,27182510
1447189200000,136,136.65,134.6,135,30604530
1447275600000,135.02,138.87,134.53,136.6,50100910
1447362000000,136.44,137.36,135.7,136,28863030
1447621200000,136.45,139.2,135.6,137.21,35805200
1447707600000,138.27,143.5,137.82,142.75,61489770
1447794000000,142.84,147.95,141.78,147.47,51723210
1447880400000,148.14,149.98,145.17,147.5,61650450
1447966800000,146.11,148.91,144.74,148.05,30783620
1448226000000,147.87,152,145.88,152,42929680
1448312400000,151.82,152.84,144.7,145.65,60240380
1448398800000,146,147.07,142.26,143.99,43594760
1448485200000,144.27,146.21,141.86,143.2,31481580
1448571600000,143,143.1,140.62,140.65,29718120
1448830800000,140.35,142.47,138,138,39800140
1448917200000,140,140,136.88,137.42,25380730
1449003600000,137.51,139.45,136.3,136.85,28341350
1449090000000,136.56,140.66,136.53,140,41873610
1449176400000,140.4,141.6,137,137.7,37016790
1449435600000,137.51,138.58,134.3,134.5,37356040
1449522000000,134.31,135.56,133.28,134.65,35664680
1449608400000,134.93,136.2,134.4,135.81,25660130
1449694800000,135.65,136.82,135,135.6,25913580
1449781200000,135.17,135.6,132.5,133.8,27473980
1450040400000,133.09,133.18,130.9,131.59,34282190
1450126800000,132.24,134.9,132.1,134.4,31392380
1450213200000,134.5,135.17,133.95,134.5,20568260
1450299600000,134.65,138.69,134.65,137.9,45419720
1450386000000,137.29,137.39,132.25,132.25,38544860
1450645200000,132,133.94,131,131.5,28393100
1450731600000,132,133.54,131.81,133.2,20022420
1450818000000,133.55,135.3,133.35,135.3,26760910
1450904400000,135.85,138.08,134.45,136,36828650
1450990800000,136.49,136.49,134.03,134.48,14866310
1451250000000,134.35,135.4,133.76,134.97,11795110
1451336400000,135.26,137.55,134.74,137.49,21516980
1451422800000,137.49,137.49,135.45,136.09,17586600
1451854800000,135.89,136.65,134.42,134.91,12409380
1451941200000,134.66,137.28,134.61,136.45,14285210
1452027600000,136.31,136.93,135.3,135.94,10393910
1452459600000,133,133.65,131.1,131.38,34008830
1452546000000,130.4,135.25,130.1,133.54,39697670
1452632400000,134.17,134.48,131.2,131.3,30807200
1452718800000,130.99,131.49,129.01,130.86,43969320
1452805200000,130.31,132.43,125.05,125.1,62125020
1453064400000,124.8,126.3,122.75,124.6,36024930
1453150800000,125.52,128.4,125.3,125.98,36452020
1453237200000,123.6,125.83,122.8,125.83,35375480
1453323600000,126.01,128.09,125.55,127.75,34296460
1453410000000,129.99,132.98,128.34,132.4,57511540
1453669200000,133.14,133.19,130.68,133,30428580
1453755600000,131,132.45,130.34,131.89,26161430
1453842000000,132.14,134,131.85,134,28642080
1453928400000,133.9,136.5,133.15,136.5,40288270
1454014800000,137,137.2,133.33,136.6,41603070
1454274000000,136.01,136.34,132.82,133.9,31931470
1454360400000,133.05,135.28,132.09,132.5,36229240
1454446800000,131.9,133,130.91,131.01,30520610
1454533200000,133.16,135.25,132.62,135.07,38500510
1454619600000,134.5,136.2,133.91,134.43,24348950
1454878800000,134.3,134.97,132.15,133.5,30581080
1454965200000,132.98,135.19,132.45,132.7,30994180
1455051600000,132.06,133.92,131.8,133.03,26628310
1455138000000,132.87,133.08,129.31,130.49,44068540
1455224400000,131.17,132.23,130.71,131.3,27049420
1455483600000,132.01,133.9,132.01,133.43,24469030
1455570000000,134.5,136.45,133.95,135.85,49326570
1455656400000,135.5,137.2,135.05,137.1,31349980
1455742800000,137.4,138.9,137.11,138,31976900
1455829200000,137.29,137.29,135.62,136.9,25520350
1455915600000,136.51,137.55,136.31,136.59,6036300
1456088400000,136.99,139.95,136.62,139.9,19289610
1456261200000,138.56,138.75,136.25,137.15,27752530
1456347600000,137.7,139.46,135.55,137.97,35448000
1456434000000,138.8,139.98,138,138.67,32716070
1456693200000,137.89,141.52,137.5,141.4,37875470
1456779600000,141.89,142.75,140.85,142,30244550
1456866000000,142.6,143.07,139.75,140.14,27393890
1456952400000,140.61,144.5,140.5,144.5,48742420
1457038800000,144.6,146.16,143.76,146.16,33613690
1457298000000,146.86,150.15,146.64,150.15,28025460
1457470800000,149.02,149.93,146.07,147.43,47120710
1457557200000,148.04,148.56,146.16,146.94,31374500
1457643600000,147.01,147.2,143.6,144.3,36112430
1457902800000,144.47,144.71,141.91,143.2,28152680
1457989200000,143.4,144.45,142.06,142.54,46960220
1458075600000,142.99,144.75,142.72,144.75,23949860
1458162000000,145.61,147.4,145.08,147.27,47202490
1458248400000,147.22,150.74,146.56,150.65,52467360
1458507600000,149.57,149.92,147.75,149.9,40916030
1458594000000,149.99,150.64,147.8,149.62,37412010
1458680400000,149.14,149.53,145.07,146,32433570
1458766800000,145.2,145.95,144.49,145.8,24605060
1458853200000,146.3,146.89,145.82,146.04,7642310
1459112400000,146.52,147.5,144.6,145.1,13124070
1459198800000,144.75,145.16,142.86,144.7,24668120
1459285200000,145.21,149.09,144.52,147.8,34382560
1459371600000,147.5,148.17,146.05,147.75,35076790
1459458000000,147.02,147.5,143.93,147.2,36517160
1459717200000,147.2,147.5,145.35,146.38,29017600
1459803600000,145.1,145.35,143.57,144.34,23255740
1459890000000,144.87,145.5,144.03,144.2,24087740
1459976400000,144.93,145.5,143.05,143.89,21781240
1460062800000,144.22,146,144.1,145.7,23591440
1460322000000,145.7,147.5,145.1,147.3,32151830
1460408400000,147.3,149.35,146.04,148.9,37601070
1460494800000,149.1,154.75,148.88,153.12,59208980
1460581200000,153.34,154.9,149.16,150.43,50122630
1460667600000,150.69,150.71,147.02,147.99,29369920
1460926800000,146,146.77,143.28,146.3,42012940
1461013200000,146.5,156.14,146.2,155.95,105794140
1461099600000,155.88,162.3,155.82,161.95,97396080
1461186000000,164.76,164.76,157.61,161.8,64666780
1461272400000,162.11,162.45,158.25,161.2,35869160
1461531600000,160.81,161.75,158.61,160.3,32046440
1461618000000,159.82,163.32,159.31,163,34849710
1461704400000,163.88,164.8,159.3,160.99,39136260
1461790800000,161.03,164.75,158.9,164.75,52034560
1461877200000,164.6,169.47,163.42,168.47,71095120
1462309200000,166.37,170.43,158.25,162.4,68632160
1462395600000,161.3,163.24,160.07,160.5,30108940
1462482000000,160.7,160.9,158.55,159.27,26293500
1462827600000,158.78,161.15,156.15,156.85,28797150
1462914000000,157.24,160.49,156.7,159.45,29597260
1463000400000,160.95,162.34,159.03,159.03,26356750
1463086800000,159.3,160.18,157.32,159.85,20352970
1463346000000,159.98,162.54,157.5,158.07,32878210
1463432400000,155.1,156,150.6,153.58,65014110
1463518800000,153.5,153.5,151.8,152.1,23076220
1463605200000,151.25,155.55,148.33,148.33,68045200
1463691600000,149.37,149.56,145.64,146.7,40182780
1463950800000,145.99,146.47,143.83,144.31,27115610
1464037200000,144.95,146.8,144.46,146.35,23818470
1464123600000,146.9,148.37,146.34,146.55,31261980
1464210000000,147.34,149.88,146.63,148.87,34524860
1464296400000,148.8,149.88,147.58,149.88,30197220
1464555600000,149.97,150.15,147.76,149.6,14857530
1464642000000,149.74,150.29,145.5,145.5,41566130
1464728400000,145.9,146.71,143.63,144.7,28993730
1464814800000,144.86,145.64,142.85,144,23755310
1464901200000,144.35,145.43,142.7,143.41,33546300
1465160400000,144.33,147,144.23,146.4,21152730
1465246800000,146.43,148.9,146,147.75,25129620
1465333200000,148.04,149.14,145.43,146.95,29358010
1465419600000,147,147,144.25,144.98,18917400
1465506000000,144.7,144.75,142.44,142.44,22263610
1465851600000,142.35,143.13,140.38,141.84,24082020
1465938000000,141.9,142.6,140.19,141.57,31129560
1466024400000,141,141.55,138.4,139.5,30703770
1466110800000,140.28,142.25,139.32,139.32,32467330
1466370000000,141.14,143.64,141.07,142.97,20521080
1466456400000,142.98,143.85,141.2,143.54,22044020
1466542800000,143.7,144.2,142.69,143,19383470
1466629200000,143,144.2,141.34,144.2,19912990
1466715600000,139.81,141.29,136.87,141.25,46794930
1466974800000,141.03,141.74,138.52,138.52,23927190
1467061200000,139.2,140.12,138.55,139.24,22658400
1467147600000,139.6,140.83,139.2,140,17156160
1467234000000,140.01,141.89,139.43,139.51,24651670
1467320400000,139.81,140.79,138.92,140.05,15593930
1467579600000,140.75,142.35,140.09,141.6,19175690
1467666000000,141.7,141.8,139.9,140.95,16935850
1467752400000,140.94,141.15,139.2,139.99,19126440
1467838800000,140.31,141.85,139.75,140.37,23355290
1467925200000,139.52,140.9,138.84,140.27,21914480
1468184400000,140.8,141.5,140.33,141.4,16687140
1468270800000,141.6,142.9,141.38,142.12,30379740
1468357200000,142.01,144.14,141.8,143.6,28019780
1468443600000,143.51,144.24,142.52,144.2,24796100
1468530000000,143.95,147.37,143.7,147.37,39498930
1468789200000,147.4,148.25,145.12,145.84,32925040
1468875600000,139.01,140,138.18,139.48,39283560
1468962000000,139.48,139.95,137.82,139.26,23904470
1469048400000,140,140.95,139.11,140.1,17372670
1469134800000,139.7,141.3,139.7,140.6,14583890
1469394000000,140.6,141.98,139.9,140.7,17780960
1469480400000,140.94,141.11,139.53,140.69,17813320
1469566800000,140.2,140.85,138.35,139.5,25875420
1469653200000,139.05,140.46,138.61,139.9,24843310
1469739600000,139.5,139.64,136.54,137.3,35665920
1469998800000,137.73,138.69,136.65,136.93,20364090
1470085200000,137,137.1,134.2,134.5,26031460
1470171600000,134.5,134.9,133.2,134.04,25417550
1470258000000,134.9,136.7,134.89,136.7,25755030
1470344400000,136.6,137.33,134.65,135.5,23427500
1470603600000,136,137.5,135.72,137.47,22224000
1470690000000,137.11,138.39,136.93,137.34,22343320
1470776400000,137.39,138.65,137,137.4,21443520
1470862800000,137.04,137.49,136.05,137.19,23170070
1470949200000,137.4,138.4,137.03,137.83,20691860
1471208400000,138.04,138.7,137.37,138,20766230
1471294800000,138,139.37,137.18,137.99,28998930
1471381200000,137.99,137.99,136.26,137.68,18190650
1471467600000,137.5,138.49,137.33,138.4,19280130
1471554000000,138.49,138.78,136.8,136.8,15219750
1471813200000,136.78,137.81,136.04,137.8,13095310
1471899600000,137.3,137.9,136.76,137.37,14107540
1471986000000,137.24,137.43,136.26,137,13517300
1472072400000,136.5,136.74,134.5,135.42,21017260
1472158800000,135.2,136.4,134.32,136.2,20889750
1472418000000,135.43,136.2,134.5,136.2,10447260
1472504400000,136.2,136.84,135.5,135.59,16268490
1472590800000,135.55,135.81,134,134.95,30193350
1472677200000,135.01,135.87,134.27,134.99,21063240
1472763600000,135.29,136.35,134.8,135.55,15681030
1473022800000,136.28,137.19,135.76,136.05,23213580
1473109200000,136.87,141.4,136.61,141.4,60304240
1473195600000,141.8,143.45,141.42,143.08,49380140
1473282000000,143.66,143.83,140.77,141.45,29185840
1473368400000,140.9,140.9,138.54,138.54,24777160
1473627600000,137.5,139.59,136.53,138.93,26235340
1473714000000,138.76,139.72,138,138.45,16246740
1473800400000,138.17,139.57,137.64,139.35,22830160
1473886800000,139.25,139.25,136.55,137.6,24149280
1473973200000,137.7,138,134.73,136.47,28905820
1474232400000,136.87,138.15,136.12,136.59,16821930
1474318800000,136.2,137.02,135.18,137,18103450
1474405200000,137.21,137.48,135.5,136.25,15958010
1474491600000,136.89,137.05,135.23,136.7,29027950
1474578000000,136.2,137.84,135.26,136.7,29107680
1474837200000,136.39,136.39,134.8,135.26,25534270
1474923600000,135.51,135.58,133.88,133.92,24102940
1475010000000,134.58,134.9,133.57,134.09,19264280
1475096400000,135.4,136.8,135,135.31,23908790
1475182800000,135,135.95,134.26,134.9,23734570
1475442000000,135.1,136.69,134.8,135.37,19622730
1475528400000,135.5,136.75,135.05,136.23,19669310
1475614800000,136.31,136.32,134.25,134.8,21501020
1475701200000,134.88,136.24,134.1,135.9,19696440
1475787600000,135.89,136.75,135.2,136.1,20473480
1476046800000,136.17,139.5,135.75,139.1,34397090
1476133200000,139.14,139.8,138.18,138.98,32335640
1476219600000,138.52,140.23,137.55,138.07,31976170
1476306000000,137.7,137.88,136.57,137.47,15129820
1476392400000,137.55,137.86,135.83,136.2,12933780
1476651600000,136.1,136.43,135.3,135.57,14806360
1476738000000,136,136.46,135.41,135.81,19038940
1476824400000,136.11,136.16,134.7,135.49,11824310
1476910800000,135.79,135.79,134.7,134.72,12396890
1476997200000,135.1,135.35,133.95,134.96,15520990
1477256400000,135.24,136.14,134.75,135.05,15312220
1477342800000,135.25,135.97,134.88,135.3,15474750
1477429200000,135.11,135.7,134.55,135.32,11935260
1477515600000,135.32,135.64,134.62,135.04,12333740
1477602000000,135,135.04,134.4,135,9973340
1477861200000,136.3,139.44,136.16,138.84,42989200
1477947600000,139.12,142.44,139.01,141.98,49424650
1478034000000,141.49,143.64,140.03,140.81,43150330
1478120400000,140.5,141.3,139.3,139.9,24879410
1478466000000,140.5,140.96,138.5,138.5,23566970
1478552400000,138.86,140.98,138.81,139.32,20844700
1478638800000,138,145.62,137.55,145.62,79384800
1478725200000,146.45,151.3,145.75,147.4,103218440
1478811600000,147.4,149.5,145.79,147.88,45421760
1479070800000,148.6,149.67,145.96,146.26,31655130
1479157200000,146.5,148,145.6,145.9,23781420
1479243600000,147.07,148.8,145.14,145.5,40902380
1479330000000,145.82,147.78,145.32,147.7,28348820
1479416400000,147.51,148.29,146.74,146.96,14647970
1479675600000,147.6,149.85,147.6,149.6,26159040
1479762000000,150.2,150.83,149.06,150,26583940
1479848400000,150.24,150.38,148.56,149.49,19329900
1479934800000,149.53,152.25,149.35,151.11,26216000
1480021200000,150.94,151.6,149.5,151.31,17903950
1480280400000,151.18,151.48,148.39,148.94,24402370
1480366800000,148.83,149.49,147.34,147.75,21155580
1480453200000,148,151.12,147.6,148.8,44343150
1480539600000,149.54,153.7,149.54,152.81,57550290
1480626000000,152.81,153.64,151.8,152.35,27081770
1480885200000,152.17,153.99,152.09,153.78,35074550
1480971600000,153.97,154.55,151.27,151.5,35498600
1481058000000,151.56,152.61,150.92,151.95,23411240
1481144400000,152.49,153.7,151.89,153.05,31381700
1481230800000,153.5,153.83,152.18,152.99,26792910
1481490000000,154.15,159.82,154.03,158.63,83797990
1481576400000,158.35,159.2,157.72,158.95,43179500
1481662800000,159.01,160.62,155.3,157.2,45524980
1481749200000,155.77,158.3,155.77,158.25,52385610
1481835600000,158.48,158.88,156.2,156.2,31710640
1482094800000,157.18,157.75,154.6,154.6,17558190
1482181200000,154.51,155.95,153.76,155.3,28013210
1482267600000,155.69,156.73,153.01,153.06,22599140
1482354000000,153.49,153.49,149.72,150.27,29733560
1482440400000,150.28,151.19,147.22,149.05,24977800
1482699600000,149,149.86,148.8,148.95,7017140
1482786000000,149.05,151.03,149.05,150.38,9643110
1482872400000,150.74,152.6,149.6,151,17025510
1482958800000,150.74,153.29,149.9,152.62,14812890
1483045200000,153,154.55,152.6,154.55,15714590
1483390800000,154.46,158.2,154.12,157.7,24763380
1483477200000,156.84,157.44,155.76,157.44,15503920
1483563600000,157.44,158.7,153.17,154,25449570
1483650000000,154.15,154.47,152.05,154.1,12310510
1483909200000,154.2,155.5,153.3,154.4,12955890
1483995600000,154.01,158.02,154,157.97,26146750
1484082000000,157.5,158.5,155.81,157.01,20658180
1484168400000,158.48,158.48,155.53,157.25,24140250
1484254800000,157.48,158.3,155.77,157.95,23323000
1484514000000,157.99,158.2,155.58,155.81,16952610
1484600400000,155.6,156.5,153.01,153.65,25918410
1484686800000,154.2,154.59,152.65,152.86,16216270
1484773200000,153.3,153.56,148.23,150.85,41963880
1484859600000,150.85,151.2,147.7,149.7,33241970
1485118800000,149.9,149.9,147.1,148.1,22491250
1485205200000,148.25,150.5,148.25,150.15,22354380
1485291600000,150.5,150.87,147.15,147.65,30645880
1485378000000,147.74,151.28,147.16,150.49,26471140
1485464400000,150.4,154.53,149.91,154.09,37170230
1485723600000,153.8,153.9,150.35,150.8,21533720
1485810000000,150.54,151.42,149.15,149.8,28260880
1485896400000,150,150.38,148.32,149.65,20916550
1485982800000,149.8,150.45,148.15,148.8,20525750
1486069200000,148.85,150.2,148.37,149.35,20817240
1486328400000,149.4,149.7,147.63,148.5,22092270
1486414800000,148.5,148.7,147.6,148.7,13853050
1486501200000,148.12,148.22,143.9,145.2,64448030
1486587600000,145.35,145.6,141.57,142.11,52192900
1486674000000,142.87,143.14,140.5,140.5,41132510
1486933200000,141.1,142.67,140.02,141.2,25982140
1487019600000,141.25,141.49,139.85,140.62,20232140
1487106000000,140.49,141.5,138.92,139.72,36931590
1487192400000,139.92,140.3,138.01,139.16,33195280
1487278800000,139.27,139.42,137.23,138.12,32115980
1487538000000,138.57,140.13,137.4,138.5,24730050
1487624400000,138.6,139.6,138,138.35,21706790
1487710800000,138.66,138.78,136.05,136.68,27406280
1487883600000,136.51,137.2,135.6,136.75,17165850
1488142800000,137.17,137.48,135.07,135.07,24036150
1488229200000,135.7,135.89,132,134,98611670
1488315600000,133.5,134.99,133,133.85,38131650
1488402000000,134.05,135.1,131.3,131.3,42664710
1488488400000,131.15,134.9,130.64,134.8,39971050
1488747600000,134.84,135.97,134.32,134.6,28047110
1488834000000,135.8,135.8,131.9,132.89,28976030
1489006800000,132.05,133.26,128.81,129,53141410
1489093200000,129.2,130.88,127.8,128.78,33659510
1489352400000,128.51,130.55,127.82,129.93,34301020
1489438800000,130,131.34,128.32,128.8,39444410
1489525200000,129.22,129.69,127.2,127.6,31019370
1489611600000,128.5,129.3,127.61,128.05,51357870
1489698000000,128.19,130.42,128.01,128.94,42883560
1489957200000,129.3,130.13,128.02,128.79,30333260
1490043600000,129.02,130.42,128.51,129.3,37868660
1490130000000,129.05,131.65,128.9,131.65,36244000
1490216400000,131.8,132.94,130.22,130.99,39623660
1490302800000,130.79,131.48,129.72,130.05,20547890
1490562000000,129.41,129.47,127.41,128.8,28951210
1490648400000,129,129.6,128.1,129.2,23674580
1490734800000,129.12,129.78,128.55,128.81,15808600
1490821200000,129.15,129.99,128.2,128.49,28700450
1490907600000,128.49,128.64,126.8,127.9,29060280
1491166800000,128.09,128.5,127.02,127.21,19870230
1491253200000,127.5,128.9,126.8,128.81,26349010
1491339600000,128.85,131.25,128.82,130.69,34545900
1491426000000,130.18,130.93,129.55,130.5,23606630
1491512400000,129.5,129.89,127.84,128.72,27579920
1491771600000,128.06,128.4,125.81,126.16,29853980
1491858000000,125.98,127.69,125.5,126,32664280
1491944400000,127.05,127.45,124.62,125.05,28978480
1492030800000,125.95,125.95,123.5,124.54,42266220
1492117200000,124.29,124.37,122.63,122.85,14731590
1492376400000,123,124.03,122.25,123.7,21674610
1492462800000,124.1,124.39,122.03,122.22,22108400
1492549200000,122.74,123.15,121.25,121.55,28941930
1492635600000,121.3,121.99,120.55,121.99,32985470
1492722000000,122.13,123.64,122.13,123,29514120
1492981200000,123.56,128.4,123.38,128,66796940
1493067600000,128.5,131.75,127.98,130.2,57536860
1493154000000,130.2,134,130.01,133.43,57713060
1493240400000,133.35,136.6,132.22,133.41,99565980
1493326800000,136,137.77,135.05,136.75,52898790
1493672400000,137.29,138.43,136.28,136.52,33849840
1493758800000,136.46,138.09,135.1,135.81,33150870
1493845200000,135.8,136.41,134.3,134.93,31968840
1493931600000,133.68,134.94,132.91,134.41,26287190
1494363600000,134.98,135.43,133.51,134.19,23775320
1494450000000,134.56,134.75,130.37,131.1,36624840
1494536400000,131.41,132.5,130.2,132.5,23895330
1494795600000,132.79,133.92,129.28,131.5,46409680
1494882000000,131.41,133.07,130.27,131.13,22535600
1494968400000,130.98,132.18,130.6,132.07,17640940
1495054800000,131.37,132.84,125.85,126.9,80144010
1495141200000,127.32,127.4,124,124.19,57694830
1495400400000,124.47,124.49,122.17,122.52,39237650
1495486800000,122.6,123.71,121.96,123.23,34384060
1495573200000,123.36,123.67,120.92,122,32263320
1495659600000,122.39,122.47,120.75,121.61,24572020
1495746000000,121.48,122.2,120.54,122.2,22658570
1496005200000,122.4,123.83,122.11,123.11,24491100
1496091600000,122.72,122.91,121.79,122.1,16159700
1496178000000,122.21,122.78,119.4,120.28,55411890
1496264400000,120.29,120.98,117.24,118,48654070
1496350800000,117.86,119.69,116.55,119.69,38326830
1496610000000,119.57,120.99,118.55,119,24798770
1496696400000,119,120.24,118.66,119.05,18204960
1496782800000,119.34,121.44,118.85,118.92,27874070
1496869200000,119.15,120.11,117.82,119.3,27524480
1496955600000,119.39,120.5,118.95,120.5,21304350
1497301200000,120.08,120.38,118.15,118.15,31098720
1497387600000,118.18,118.54,115.1,115.35,47015150
1497474000000,115.29,115.75,111.46,115.49,120746990
1497560400000,115.81,117.25,114.6,116.02,40352310
1497819600000,116,117.45,115.79,117.33,21758090
1497906000000,117.51,119,116.56,117.44,29974620
1497992400000,117.5,118.32,116.84,117.97,23627700
1498078800000,117.78,119.78,116.86,119.55,31575330
1498165200000,119.52,120.09,118.66,119.1,23310370
1498424400000,119.5,119.97,118.26,118.67,18290680
1498510800000,118.36,119.75,118.02,119.35,18379600
1498597200000,118.72,119.7,118.19,119.7,21203010
1498683600000,120.17,120.88,118.8,119.16,26473500
1498770000000,118.86,120.22,118.18,118.49,22483610
1499029200000,119.16,119.93,118.75,119.86,18244530
1499115600000,120,123.29,119.72,122.73,37722830
1499202000000,122.95,123.75,122.32,122.7,26076210
1499288400000,122.81,123.65,121.44,122.68,25182000
1499374800000,122.19,123,121.4,123,24747890
1499634000000,123.26,124.62,123.03,124.25,27181370
1499720400000,124.36,124.94,123.85,124.78,20664840
1499806800000,125.01,125.3,124.19,124.87,22747050
1499893200000,124.81,125.89,124.66,125.55,29413000
1499979600000,125.67,126.35,125,125,21567110
1500238800000,125.39,125.7,124.3,125.14,23844290
1500325200000,125.1,125.75,124.49,124.49,39563600
1500411600000,118.48,120.11,118.11,120.11,43182860
1500498000000,120.43,121.27,119.81,120.6,21833190
1500584400000,120.21,120.26,118.65,118.95,20858610
1500843600000,118.53,119.4,117.92,119.17,22839940
1500930000000,119.13,119.7,117.67,118.4,23692640
1501016400000,118.35,119.12,118.25,119,22322480
1501102800000,119.11,119.35,117.83,118.68,25785070
1501189200000,118.16,118.18,115.41,116.9,34585480
1501448400000,116.7,118.18,115.08,116.1,40317370
1501534800000,116.82,118.65,116.82,117.99,29024700
1501621200000,118,119.09,117.9,119.09,20798890
1501707600000,119.15,119.99,118.85,119.58,22387790
1501794000000,119.3,119.88,118.68,119.45,17281160
1502053200000,119.32,120.38,118.9,119.5,21811380
1502139600000,119.47,119.89,119.25,119.67,14908830
1502226000000,119.4,119.46,118.02,118.68,20303410
1502312400000,118.7,119.4,118.03,118.05,18203840
1502398800000,117.55,117.85,116.34,116.93,24908370
1502658000000,117.15,117.99,117.15,117.4,13556190
1502744400000,117.12,117.7,116.51,117.59,16710620
1502830800000,117.8,117.87,116.63,116.75,19162940
1502917200000,116.65,116.95,115.92,116.22,16609980
1503003600000,115.86,116.09,115.15,116,22345050
1503262800000,116.07,116.47,115.39,115.92,16516080
1503349200000,115.97,116.73,115.68,116,16101280
1503435600000,116.09,116.27,115.07,115.75,22786650
1503522000000,115.75,116.89,115.42,116.56,18580360
1503608400000,116.82,118,116.56,117.85,21099190
1503867600000,117.8,118.75,117.54,118.75,16227150
1503954000000,118.5,118.63,116.5,118.3,27644330
1504040400000,118.4,118.9,116.88,118.2,32071140
1504126800000,117.99,119.21,117.35,117.97,41045540
1504213200000,118.05,118.26,117.04,117.4,22711530
1504472400000,117,117.65,116.56,117,16056300
1504558800000,117.55,117.89,115.9,116,26653500
1504645200000,116,117.58,115.66,117.14,24521460
1504731600000,117.62,119.03,117.38,117.95,37116310
1504818000000,118.15,120.45,118.15,120.34,41838310
1505077200000,120.85,121.94,119.63,121,40349270
1505163600000,121.29,122,120.16,121.99,27281490
1505250000000,122,124.38,121.99,123.55,51220320
1505336400000,123.55,124.19,122.79,123.33,29487230
1505422800000,122.89,123,121.59,122.5,41842120
1505682000000,122.48,123.35,122.07,122.72,27035140
1505768400000,122.61,122.8,121.05,121.75,32122850
1505854800000,121.89,122.43,121.52,122.25,26061680
1505941200000,122.19,123.2,121.61,122.34,35217020
1506027600000,122.34,122.46,121.3,121.95,19192330
1506286800000,121.97,123.6,121.9,123.03,28221700
1506373200000,123.25,124.19,122.84,123.03,25836740
1506459600000,123.15,123.68,122.46,123.36,22511050
1506546000000,123.28,123.62,122.11,122.5,22612850
1506632400000,122.58,122.81,121.7,122.2,17242640
1506891600000,122.29,122.44,121.4,121.9,14227260
1506978000000,121.85,122.11,120.47,120.78,26880600
1507064400000,120.68,121.95,119.7,121.76,24264960
1507150800000,121.75,123.97,121.51,123.5,39985900
1507237200000,123.54,124.48,123.27,123.47,30315270
1507496400000,123.7,124.9,123.41,124.81,22044990
1507582800000,125,125.33,124.17,124.44,20115940
1507669200000,124.54,126,124.38,126,30336230
1507755600000,126.05,126.79,125.45,125.93,18077300
1507842000000,126.18,127.39,125.8,126.86,23710380
1508101200000,127.1,127.8,126.68,127.17,23829380
1508187600000,127.1,127.2,125.05,125.15,28319580
1508274000000,125.44,127.09,125.26,126.7,29595400
1508360400000,126.75,127.39,125.17,125.5,22525620
1508446800000,125.85,127.05,125.6,126.7,21055440
1508706000000,127.05,127.47,126.37,126.8,17308800
1508792400000,126.97,126.97,125.61,126.02,20451320
1508878800000,126.58,126.75,124.28,125,24168190
1508965200000,124.99,125.39,124.07,124.2,14734860
1509051600000,124.55,125.94,123.64,125.94,28588870
1509310800000,125.96,126.93,125.53,125.98,19263340
1509397200000,126.14,126.6,125.57,125.9,11857510
1509483600000,126.4,126.89,125.97,126.5,18232550
1509570000000,125.88,126,124.87,125.67,15593170
1509656400000,125.7,126.84,125.7,125.9,22633490
1510002000000,127.06,132.55,127.05,132.28,82333460
1510088400000,132,133.94,131.58,132.3,39381960
1510174800000,132.31,132.82,131.14,131.5,33869650
1510261200000,131.03,133.84,130.51,132.5,47147150
1510520400000,132.64,134.18,131.71,133.32,29457680
1510606800000,133.02,134.28,132.35,132.93,42200310
1510693200000,132.01,132.79,131.21,131.21,23349160
1510779600000,131.65,132.7,127.74,129.2,42122000
1510866000000,129.65,130.87,129.06,129.65,18126930
1511125200000,129.97,130.49,128.63,129.96,15667470
1511211600000,130.45,133.05,130.35,132.49,35532230
1511298000000,133,133.65,132.2,132.57,25211140
1511384400000,132.69,133.1,131.3,131.6,29106430
1511470800000,131.56,134.19,131.31,133.57,29043690
1511730000000,133.69,135.19,132.8,133.5,27713150
1511816400000,133.23,135.18,132.55,135.18,26663710
1511902800000,134.85,134.86,132.97,133.55,27263040
1511989200000,133,134.31,132,132.15,40024830
1512075600000,132.49,133.32,131.72,133.02,24755830
1512334800000,133.01,134,131.93,133.77,17818980
1512421200000,133.48,133.99,132.78,133.65,12684800
1512507600000,133.33,134.29,132.91,134,14641730
1512594000000,133.7,133.87,132.81,133.02,18198430
1512680400000,133.43,133.9,132,132.6,16037970
1512939600000,132.21,134.65,132.21,134.65,22735310
1513026000000,134.7,135.6,133.65,135.5,25185700
1513112400000,135.19,136.42,134.6,135.56,23298750
1513198800000,135.38,136.2,134.9,135.91,22537890
1513285200000,135.79,136.16,135,135.5,25112100
1513544400000,135.64,136.35,132.94,134.25,31035330
1513630800000,134.02,134.74,133.5,133.96,16465730
1513717200000,133.96,134.33,132.35,132.5,23879400
1513803600000,133,133.47,130.2,131.7,39294830
1513890000000,132.14,133.48,131.05,132.42,16649530
1514149200000,132.7,133.19,131.8,131.96,5672280
1514235600000,131.83,132.44,129.62,131.2,12778220
1514322000000,131.2,132.23,130.45,130.99,15959620
1514408400000,130.88,131.2,129.81,130.53,16273900
1514494800000,130.56,130.93,128.86,130.5,16295360
1514926800000,131.03,132.2,130.63,132.2,10533920
1515013200000,132.5,136.2,132.3,135.89,32096510
1515099600000,135.6,137.12,135.08,137.12,19981160
1515445200000,138,141.35,137.6,140,52493430
1515531600000,140.49,143.43,139.58,143.43,51773200
1515618000000,143.21,144.8,142.31,144.58,38582520
1515704400000,144.21,144.54,141.64,143.99,36776240
1515963600000,144.32,145.5,142.6,142.99,30052200
1516050000000,143.17,145.35,141.89,145.29,36991010
1516136400000,144.51,149.2,143.31,148.7,64093180
1516222800000,148.79,150.35,148.13,150.35,53941270
1516309200000,149.82,151,148.4,149.13,39015810
1516568400000,149.1,150.3,148.85,150.3,22751050
1516654800000,150.91,151.65,147.71,148.8,35791450
1516741200000,148.59,149.7,146.6,149.7,24841860
1516827600000,150,151.39,149.27,149.8,41958600
1516914000000,149.37,149.55,146.01,147.19,35282020
1517173200000,146.67,147.29,144.15,144.75,36079000
1517259600000,143.9,146.43,142.37,143.5,51325700
1517346000000,142.98,144.5,141.8,143.36,44270320
1517432400000,143.4,146.17,143.13,145.39,37517540
1517518800000,145.68,146.78,142.88,144,39088200
1517778000000,142.87,145.2,142.3,144.53,33108270
1517864400000,141.51,142.82,140.4,141.59,52073080
1517950800000,142.43,143.39,141,141,32948170
1518037200000,140.48,140.85,137.14,137.2,42717220
1518123600000,135.99,136.7,132.8,135.56,53423820
1518382800000,136.95,138.1,136.03,137.3,29441900
1518469200000,138.12,140.1,137.45,139.85,36439250
1518555600000,140.01,140.57,137.02,138.89,34125140
1518642000000,139.77,140.99,137.06,137.06,29141610
1518728400000,137.84,139.49,136.77,137.06,24646990
1518987600000,137.36,138.7,137.13,138.31,14462230
1519074000000,138.78,144.29,138.78,141.32,62791120
1519160400000,140.9,144,140.53,144,24899470
1519246800000,143.49,145.97,142.63,145.97,29893120
1519592400000,148.5,149.98,146.42,147,37279400
1519678800000,147.2,147.49,144.85,146.5,24777520
1519765200000,145.5,145.75,142.25,143.16,36284260
1519851600000,141,142,139.39,140.1,47451210
1519938000000,139.65,140.59,137.77,138.57,26835570
1520197200000,138.83,141.83,138.57,141.6,23254990
1520283600000,142.25,143.49,140.47,140.59,24404580
1520370000000,139.98,139.98,137.38,138.56,28244930
1520542800000,138.88,139.81,137.79,139.81,12102430
1520802000000,140.44,141.96,140.11,141.35,16945720
1520888400000,141,142.93,139.95,142.75,22920910
1520974800000,141.82,141.98,138.8,138.8,31802960
1521061200000,138.59,140.06,138,138.25,34272770
1521147600000,138.66,141,137.11,141,42461100
1521406800000,141.45,141.77,139.43,139.91,21717760
1521493200000,140.3,142.7,139.31,142.45,25944520
1521579600000,142.7,144,140.84,141.51,31152980
1521666000000,141.7,142.08,139.2,139.5,20685050
1521752400000,138.79,142.49,137.82,142,33583510
1522011600000,142.02,142.08,138.27,138.27,27593660
1522098000000,139.21,141.7,139.01,140.8,25464160
1522184400000,140,141.67,139.13,140.47,21345590
1522270800000,140.7,142.8,140.7,142.8,23774420
1522357200000,143,143.31,142.05,142.33,8377570
1522616400000,142.4,143.7,140.32,140.32,18502270
1522702800000,140.3,141.3,139.7,141.13,13870980
1522789200000,140.82,141.52,139.02,140.18,22250100
1522875600000,140.66,141.35,139.8,140.5,20473660
1522962000000,140.14,141.97,139.45,141.5,27364690
1523221200000,140.94,141.22,128.19,135.01,91014600
1523307600000,135,141.97,133.5,141.8,64076590
1523394000000,141,146.29,140.71,145.27,62149010
1523480400000,145.7,146.89,142.13,145.99,40747400
1523566800000,146,146.75,142.09,142.58,26404410
1523826000000,141.03,142.83,139.87,141.5,26735310
1523912400000,142.45,143.18,140.66,142.4,26716430
1523998800000,142.64,145.31,142.04,144.75,28083940
1524085200000,145.2,145.75,142.57,143.4,20535220
1524171600000,143.39,145.5,142.9,144.4,21150190
1524430800000,144.3,144.48,142,143.99,32656540
1524517200000,144,146.52,143.52,144.14,29047550
1524603600000,143.5,143.89,141.41,142.7,23808600
1524690000000,143.07,145.75,142.6,145.48,22295800
1524776400000,146,146,143.77,144.5,19544860
1524862800000,144.5,144.5,143.83,144.3,2258670
1525035600000,144.3,147.29,143.7,145.93,15280790
1525208400000,145.35,145.77,143.96,144.94,16016740
1525294800000,144.44,146.15,142.7,142.7,24049590
1525381200000,143.39,144.2,143.09,143.73,11728700
1525640400000,144.75,145.1,143.45,144.05,9431820
1525726800000,143.8,145.48,143.16,145.48,18302910
1525899600000,145.98,147.15,145.57,146.38,24255510
1525986000000,146.4,151.1,146.4,150.7,44794480
1526245200000,151.25,151.27,148.03,150.98,27957030
1526331600000,150.5,150.7,148,149.2,29101470
1526418000000,148.6,150.7,148.11,148.59,43781450
1526504400000,149.23,149.36,147.15,147.15,19176990
1526590800000,147.2,147.88,145.19,145.65,21448430
1526850000000,146,148.2,145.9,146.76,16218790
1526936400000,146.97,147.6,146.42,146.5,13146640
1527022800000,146.2,146.94,144.88,146.06,19449120
1527109200000,146.29,147.15,144.93,145.27,20563940
1527195600000,145.62,146.3,144.36,145.09,18126630
1527454800000,145.65,145.75,144.75,145.09,6690610
1527541200000,145.58,145.61,142.88,143.9,17599120
1527627600000,144,144.82,142.52,143.26,21857180
1527714000000,143.26,145.21,143.26,145,33905170
1527800400000,144.58,145.5,143.55,144,17540300
1528059600000,144.51,146.9,144.51,146.44,12818540
1528146000000,146.51,146.54,145.22,146,12717550
1528232400000,146.44,146.9,145.53,146.9,17197640
1528318800000,147.1,147.5,146,146.05,12320600
1528405200000,145.98,146.75,143.05,143.05,24412340
1528491600000,143.31,144.15,143.3,144.08,1581110
1528664400000,143.8,144.18,141.56,142.28,12697960
1528837200000,142.7,142.78,140.63,141,23515540
1528923600000,140.9,141.44,139.14,139.4,24991210
1529010000000,139.7,140.87,137.64,137.73,42413220
1529269200000,138.05,138.3,136,136.52,23081990
1529355600000,136,136.28,132.86,135.5,36396760
1529442000000,136.5,138.5,136,136.91,27065540
1529528400000,136.51,137.9,134.04,134.4,28725430
1529614800000,135,137.55,135,136.76,23963780
1529874000000,136.5,138.44,136.5,137.1,17181930
1529960400000,137.44,138.88,137.36,138.07,13716210
1530046800000,138.01,139.85,137.07,139,18948070
1530133200000,139,140.33,138.35,138.76,22689590
1530219600000,139.3,141.01,139.17,141.01,25811520
1530478800000,140.82,144.2,140.07,144,25205320
1530565200000,144.11,144.2,141.95,142.49,15043700
1530651600000,142.4,143.13,141.87,142.24,6352500
1530738000000,142.15,145.55,141.64,145.55,19509440
1530824400000,145.8,145.8,143.57,144.96,17188580
1531083600000,145.75,148.1,145.53,148,17774160
1531170000000,148.27,148.37,146.42,147.3,18128720
1531256400000,146.78,146.78,143.85,144.77,23494310
1531342800000,144.76,145.7,143.5,145.08,19726940
1531429200000,145.3,146.87,144.87,146.87,13538600
1531688400000,146.8,148.98,146.13,147,25868480
1531774800000,146.6,146.73,144.15,145.31,25693830
1531861200000,138.89,138.99,137.45,138.29,28745490
1531947600000,138.39,138.66,136.85,137.58,18369120
1532034000000,137.58,138,136.42,136.47,18702320
1532293200000,136.59,139.22,136.58,138.37,17910570
1532379600000,138.78,139.7,137.92,138.85,13399380
1532466000000,138.1,138.88,137.64,138.21,13716750
1532552400000,138.84,139.17,137.74,138.18,10804920
1532638800000,138.45,138.7,137.13,137.99,9518030
1532898000000,137.59,138.9,137.12,138.9,13226820
1532984400000,138.89,143.79,138.46,143.79,31493220
1533070800000,143.01,143.31,141.48,142.14,18311040
1533157200000,141.75,142.89,139.76,140.36,12668090
1533243600000,140.2,142.39,139.5,142.39,21848060
1533502800000,142.44,142.58,140.32,141.34,15235390
1533589200000,141.35,143.04,140.95,142.74,14053840
1533675600000,142.71,144.19,142.2,144.1,27009480
1533762000000,143.26,145.46,143.26,145.2,29204720
1533848400000,144.69,146.2,144.01,144.8,27202730
1534107600000,143.9,145.15,142.54,142.9,22819270
1534194000000,143.49,143.49,139.85,141.24,22375400
1534280400000,141,141.68,139.5,141.5,20930090
1534366800000,141.5,142.09,139.95,140.88,14328100
1534453200000,140.88,141.76,140.03,141.01,15079520
1534712400000,141.97,142.22,140.61,141.51,8230910
1534798800000,141.55,143.49,140.12,143.3,13670280
1534885200000,143.5,144.41,142.3,144.16,16249580
1534971600000,143.85,145,141.5,141.5,21391470
1535058000000,141.5,143.98,141.5,143.6,19001230
1535317200000,143.51,144.52,143.25,144.52,12771200
1535403600000,144.57,146.73,144.57,145.6,19609130
1535490000000,145.95,147.88,145.4,147.88,19151390
1535576400000,147.82,148.34,145.66,145.98,17216530
1535662800000,145.7,150.2,144.78,149.95,32957180
1535922000000,149.99,151,148.52,148.73,15003280
1536008400000,148.87,149.41,146.39,147.4,17077860
1536094800000,147.28,148.5,146.85,147.06,15867870
1536181200000,147,149.5,146.89,147.06,22086270
1536267600000,146.99,148.99,146.54,148.8,16286610
1536526800000,149,150.75,148.15,150.75,18680680
1536613200000,150.75,152.95,150.17,152.36,44754260
1536699600000,153,156,152.54,155.05,34189360
1536786000000,154.53,155.79,153,153.5,21634590
1536872400000,153.38,154,151.77,152.15,14183810
1537131600000,151.99,155.74,151.41,155.46,33791050
1537218000000,155.5,157.87,154.74,157.08,27158630
1537304400000,157.5,159.79,156.65,157.39,43387520
1537390800000,157.1,158.89,154.35,154.35,52197840
1537477200000,154.69,158.95,154.52,158.64,48187060
1537736400000,158.5,159.5,157.6,159,21610270
1537822800000,159.48,160.94,157.8,160.84,21988690
1537909200000,161.26,162,158.64,159.27,25677440
1537995600000,159.38,162.45,158.57,161.8,41268810
1538082000000,162.05,163.19,160.5,162.61,18920760
1538341200000,163.45,163.93,161.2,161.89,15844690
1538427600000,162.02,163.47,160.97,162.59,22824040
1538514000000,163,170.15,162.77,169.47,65151350
1538600400000,169.6,171.95,167.15,168.5,54270010
1538686800000,167.8,171.14,166.52,170.5,30151290
1538946000000,171.99,173.95,170.55,171.81,24417310
1539032400000,172.53,176.95,172.11,172.11,45948310
1539118800000,172.05,172.95,165.9,166.2,40752400
1539205200000,162.4,163.8,160.6,161.92,43976720
1539291600000,163.2,167.59,163.1,167,32124770
1539550800000,167.5,168.6,163.18,164,20215250
1539637200000,163.97,166,161.61,165.99,19278940
1539723600000,167.11,167.38,163.3,164.56,19432110
1539810000000,163.55,164.55,159.7,160.18,27096090
1539896400000,160.7,161.32,158.19,161.32,31882980
1540155600000,161.5,162.5,155.42,155.7,26198900
1540242000000,154.5,155.2,151.76,153.61,31883210
1540328400000,154.83,156.58,152.31,154.7,38421740
1540414800000,152.7,156.87,152.5,155.65,35221310
1540501200000,155.01,155.24,151.21,152.5,24340680
1540760400000,152,153.76,151.56,152.52,15752210
1540846800000,151.99,153.74,149.9,151.3,18657270
1540933200000,152,155.47,152,155.47,24376660
1541019600000,155.02,155.1,153.17,153.5,17070520
1541106000000,154.2,154.99,153.32,153.71,15940810
1541451600000,154.77,156.65,154.38,156,17925090
1541538000000,156.05,157.89,154.7,157.85,34098690
1541624400000,158,159,156.71,157.51,19911820
1541710800000,156.6,156.86,151.8,153.19,34567940
1541970000000,153.34,153.9,150.8,150.89,18238900
1542056400000,150.48,151.5,148.8,148.83,28458420
1542142800000,148.3,152.18,147.55,151.85,29952550
1542229200000,152.77,155.21,152.6,154.14,29421030
1542315600000,154.48,154.76,151.54,153.16,22635390
1542574800000,153.5,155,153.42,154.1,18735400
1542661200000,153.8,154,150.3,151.51,17166070
1542747600000,151.23,152.75,151.13,152.4,15580260
1542834000000,152.44,154.4,152.02,153.91,11610190
1542920400000,153.43,153.67,150.3,151.79,19149700
1543179600000,151.51,151.79,146.3,149.53,30533530
1543266000000,149.92,154.27,149.8,153.8,20109390
1543352400000,154.21,166.1,154,165.58,75585160
1543438800000,166.6,167.36,163.6,164.99,43338020
1543525200000,164.4,164.65,160.25,161.29,34059130
1543784400000,164.27,166.65,163.81,165.4,39357520
1543870800000,164.94,165,162.3,164.2,21850990
1543957200000,161.23,164.57,160.31,164.57,23408490
1544043600000,162.9,163,159,160.62,30372710
1544130000000,160.81,163.15,159.67,163,29919000
1544389200000,161.5,162.5,160.68,161,13642680
1544475600000,160.8,161.27,157.69,158.6,24945670
1544562000000,158,158.09,154,155.79,32725760
1544648400000,154.95,156.49,153.25,156.49,19682560
1544734800000,155.91,155.98,153.51,155.4,13738740
1544994000000,155.4,156.41,152.93,153.53,18355910
1545080400000,152.4,152.42,150.05,151.89,30096270
1545166800000,151.01,153.79,150.71,152.98,19869180
1545253200000,150.22,152.38,149.7,152.27,27345080
1545339600000,151.45,152.27,150.32,151.12,24620270
1545598800000,150.66,151.15,148.93,149.73,10711690
1545685200000,148.36,148.49,145.02,147.01,13181810
1545771600000,147.47,149.66,147.36,148.41,8585580
1545858000000,151,152.4,150.06,150.68,16358270
1545944400000,151.68,153.8,151.16,153,14223410
1546030800000,153.69,153.73,152.82,153.5,2904860
1546462800000,154.13,157.3,154.11,156.28,14178500
1546549200000,156.71,159.15,156.71,159.15,14563370
1546894800000,158.75,158.94,156.55,158.26,17041340
1546981200000,158.88,160.4,158.4,160.24,19149630
1547067600000,159.75,160.2,157.56,160.2,19950220
1547154000000,160.2,161.13,159.8,161,17607210
1547413200000,159.7,160.75,159.2,160.48,12593250
1547499600000,160.97,161.5,157.35,158.15,20870220
1547586000000,158.5,158.75,155.8,156.9,20866610
1547672400000,157.4,157.4,155.6,157.1,16244460
1547758800000,158.16,159.2,157.43,159.2,18270390
1548018000000,159.02,160.07,158.01,158.3,11919340
1548104400000,157.86,158.5,156.57,158.5,18842130
1548190800000,158.24,159.9,158.02,159.9,14567930
1548277200000,159.78,162.78,158.86,160.9,35655300
1548363600000,161.61,162.82,160.18,162.82,19765260
1548622800000,162.4,163.58,159.82,160.56,23896920
1548709200000,160.1,162.98,159,162.95,22819740
1548795600000,162.51,165.84,162.26,165.4,25112890
1548882000000,166,166.49,162.55,162.82,30703160
1548968400000,162.49,164.37,161.75,163.33,23094500
1549227600000,163.49,165,162.81,163.2,11463210
1549314000000,163.45,165.43,162.54,164.25,13709520
1549400400000,164.41,164.67,163.07,163.21,9553310
1549486800000,162.89,163.44,159.1,160.39,23537340
1549573200000,159.16,161.36,158.11,159.8,19420820
1549832400000,160.4,162.3,160.18,161.29,19127420
1549918800000,161.5,163.68,160.75,163.68,14992630
1550005200000,164,164.28,159.27,159.27,22006440
1550091600000,157.35,158.74,155.15,155.15,38381690
1550178000000,155.99,159.04,155.89,159.04,24570310
1550437200000,159.25,159.9,156.14,156.43,17780780
1550523600000,156.41,157.14,153.36,154.03,20054660
1550610000000,154.65,155.66,153.67,154.43,21149620
1550696400000,154.84,155.41,153.01,153.5,15215880
1550782800000,153.51,155.65,153.49,154.64,13198300
1551042000000,155.01,155.37,153.56,154.6,14809350
1551128400000,153.95,155.36,152.82,155.36,18295430
1551214800000,155.7,157.15,154.82,156.4,19720690
1551301200000,156.22,159.25,156.02,158.99,34679960
1551387600000,158.92,159.55,156.31,156.71,21894710
1551646800000,156.75,156.76,154.4,154.4,17198890
1551733200000,154.05,154.65,153.11,153.2,20125620
1551819600000,153.31,154.45,153.07,154.2,17139850
1551906000000,154.01,154.19,151.58,151.9,19671250
1552251600000,151.9,152.47,150.51,151.6,19515830
1552338000000,152.24,152.95,150.84,151.64,15491920
1552424400000,151.1,153.3,150.66,153.3,18551950
1552510800000,153.39,154.4,152.53,152.68,19960690
1552597200000,152.98,154.56,152.11,154.56,33331220
1552856400000,154.2,156.48,153.6,155.84,22071630
1552942800000,155.84,156.45,154.6,155.5,17535580
1553029200000,155.51,156.14,154,156.09,20097310
1553115600000,156.4,156.7,154.52,155.33,28155760
1553202000000,155.02,155.02,151.85,152.29,23207060
1553461200000,151.21,152.29,150.72,152.29,22540820
1553547600000,151.99,152.91,150.83,151.12,21637080
1553634000000,150.88,151.44,149.03,149.49,23937950
1553720400000,149.79,150.75,148.83,149.98,16389010
1553806800000,150.17,151.64,149.13,149.61,26452680
1554066000000,150.28,154.81,149.92,154.53,37031090
1554152400000,154.85,155.8,153.3,155,30986760
1554238800000,155.3,157.58,155.3,156.99,33850470
1554325200000,156.75,158.89,156.4,158.89,23000460
1554411600000,158.33,159.5,157.87,158.6,22889490
1554670800000,158.81,160.88,158.81,160.5,25829350
1554757200000,160.41,163.35,159.8,162.7,40151930
1554843600000,162.4,164.95,162.12,162.88,38962470
1554930000000,162.38,162.95,158.04,158.04,44982590
1555016400000,158.51,160.46,157.9,159.12,29337220
1555275600000,160,160.6,157.62,158.33,18387600
1555362000000,158.99,163.42,158.21,162.24,27281030
1555448400000,163.4,165.4,162.4,164,28490270
1555534800000,163.75,163.79,160.85,161.79,19650680
1555621200000,161.95,162.57,161.5,162.57,3853890
1555880400000,163.21,164.34,162.76,163.5,8947560
1555966800000,163.5,163.85,160.91,162.42,15162420
1556053200000,162.91,163.07,159.18,160.57,25761060
1556139600000,160.25,160.95,158.8,159.31,21709460
1556226000000,159.03,161,158.58,161,17625590
1556485200000,161.2,164.74,160.68,163.93,31199480
1556571600000,164.1,165.4,163.01,163.95,31329810
1556744400000,163.67,166.85,163.67,165.71,20693350
1556830800000,166.2,166.98,165.83,166.31,13233680
1557090000000,165,165.45,163.34,165.45,15573440
1557176400000,165,166.27,164.21,164.21,19346120
1557262800000,164.5,165.44,163.55,163.57,17903390
1557435600000,163.6,164.9,162.62,163.61,16160090
1557694800000,163.48,164.34,163,163,16948030
1557781200000,163,190.9,162.65,189.67,182194370
1557867600000,193,198.4,192.29,195.61,135542910
1557954000000,194.31,203.45,194.24,202.7,100057930
1558040400000,201.8,202.3,197.71,198.89,49619100
1558299600000,200.2,201.48,198.3,200.8,27298770
1558386000000,201.3,210.98,199.01,207.8,90773870
1558472400000,208.92,210.11,206.33,208.1,35097660
1558558800000,207,212.18,205.84,208.86,54534000
1558645200000,209.49,210.2,203.76,204.5,29041460
1558904400000,204.25,206.6,200.84,206.2,28126330
1558990800000,206,206,201,203.13,61173390
1559077200000,202.11,207.69,201.11,207.14,42936640
1559163600000,207.9,216.45,207.57,213.1,77206560
1559250000000,212,215.27,210.05,215.1,43760000
1559509200000,214.41,251.65,213.5,235.51,218660620
1559595600000,233.5,235.59,223.52,230.16,109611180
1559682000000,230.24,233.3,228.04,230.01,40242790
1559768400000,230,236.62,228.71,231.45,55262120
1559854800000,233.77,233.77,230,230.5,42249090
1560114000000,230.85,234.3,230.4,232.1,30618070
1560200400000,232.32,237.63,231.13,234.86,44886080
1560373200000,233.74,237.35,233.01,234.44,35414740
1560459600000,234.13,235.44,231.26,231.51,25405530
1560718800000,231.58,234.44,229.63,229.81,32355090
1560805200000,229.67,232.3,228.3,232.13,32231160
1560891600000,232.5,235.42,232,232.46,31840230
1560978000000,234,234.45,231.45,232.52,44885210
1561064400000,232.52,232.52,228.85,229.09,47097870
1561323600000,229.54,233.04,229.47,232.38,22084750
1561410000000,232.01,232.19,229.64,232.09,21536080
1561496400000,232.51,233.6,232,233.1,19243490
1561582800000,233,234.93,232.6,232.6,22243370
1561669200000,233.2,235.47,232.35,232.83,42491870
1561928400000,234.1,248.43,234.1,245.5,79850910
1562014800000,246.25,249.26,243.7,246.65,31530740
1562101200000,246,251.6,245.55,251.6,44795180
1562187600000,251.6,256.4,250.61,255.35,43487300
1562274000000,255.32,255.96,250.12,250.89,36241080
1562533200000,250.09,250.96,245.2,248.51,39346300
1562619600000,248.69,252.93,247.71,250.17,32460070
1562706000000,250.75,251.48,248.8,250.21,33020790
1562792400000,250,250.69,245,247.2,43055510
1562878800000,247,247.8,244,245.5,21628190
1563138000000,246.98,248.08,240.1,240.3,35980810
1563224400000,240.01,240.4,235.83,238.01,40882900
1563310800000,223.56,224.03,218.63,220.19,49433790
1563397200000,219,219.8,215.77,218.3,30865690
1563483600000,219.5,220.43,215.37,216,20030360
1563742800000,215.97,220,214.1,217.12,33706200
1563829200000,217.5,221.17,216.76,217.39,34741150
1563915600000,218.47,218.47,210.51,212,44516010
1564002000000,208,228.94,206,219,168789670
1564088400000,217,236,217,234.23,181110520
1564347600000,234.12,238.7,231.83,236.73,50480020
1564434000000,236.1,237.13,232.37,237.1,44064660
1564520400000,237.41,239.64,234.44,236.9,45442560
1564606800000,234.54,237.34,233.29,234.28,31278900
1564693200000,231.1,233.17,227.91,227.91,59295740
1564952400000,226,228,222.3,223.61,53368340
1565038800000,223.62,227.78,223.62,226.76,30463070
1565125200000,226.9,232.67,225.5,227.67,49728560
1565211600000,230.51,233.54,230.43,231.21,29630530
1565298000000,231.45,232.26,228.91,229.96,18560360
1565557200000,231.06,232.97,229.29,230.24,15933290
1565643600000,229.88,232.16,226.46,229.87,35154020
1565730000000,231.1,231.19,224.58,227.1,35835210
1565816400000,227.69,229.7,224.89,227.15,32300710
1565902800000,228.48,229.38,224.08,224.71,25162920
1566162000000,225.99,227.2,223.65,226.8,19131930
1566248400000,226.58,232.32,226.15,231.54,34636220
1566334800000,231.8,232.32,230.5,231.22,20502100
1566421200000,230.9,233.98,230.21,232.06,26486570
1566507600000,232.7,233.04,228.93,229.35,29021720
1566766800000,228.88,230.6,228.05,228.9,11237140
1566853200000,228.92,229.28,223,227,55774330
1566939600000,226.56,228.64,224.88,228.48,32524180
1567026000000,228.85,235.25,228.67,233.2,47577710
1567112400000,233.69,233.85,231.07,232.15,22031170
1567371600000,231.75,234.22,230.5,233.67,19262350
1567458000000,233.4,233.6,229.96,231.02,20658530
1567544400000,232.7,234.78,232.18,233.71,27528260
1567630800000,234.7,238.17,234.64,236.18,29869370
1567717200000,235.66,235.97,232.38,234.49,24966640
1567976400000,235,235.62,233,234.85,16643150
1568062800000,234.32,235.1,232.02,233,24064830
1568149200000,233.03,235.38,232.2,235.07,27122090
1568235600000,234.3,235.28,231.51,232.88,28998480
1568322000000,232.51,233.41,230.8,232.5,17968340
1568581200000,233.98,234.88,232.57,234.88,29135720
1568667600000,234.53,235.17,232.36,233.58,28339540
1568754000000,233,233.96,232.3,233.46,12275290
1568840400000,233.11,233.28,230.06,230.52,31662990
1568926800000,230.75,231,228.5,230.41,34652120
1569186000000,230.5,231.25,228.87,230.36,16889390
1569272400000,230.36,230.68,227.19,227.7,22369470
1569358800000,227.04,228.7,225.76,228.43,22046400
1569445200000,228.74,233.7,228.31,231.97,40417870
1569531600000,231.92,232.14,229.01,229.01,13568600
1569790800000,229.05,229.46,225.9,225.9,26483850
1569877200000,226,227.7,225.17,226.49,16748700
1569963600000,226.16,226.65,223.25,223.6,31876570
1570050000000,223.5,224.89,220.79,223.1,29978410
1570136400000,224.3,224.65,221.24,221.66,22029190
1570395600000,221.9,226.81,220.68,226.36,22387030
1570482000000,226.53,227.7,222.71,223.2,22262970
1570568400000,223.1,224.71,221.72,223.18,14915050
1570654800000,223,224.93,222.27,224.5,14673550
1570741200000,225,227.5,224.82,227.37,18387940
1571000400000,227.37,228.61,225.5,226,14701580
1571086800000,226,227.15,224.06,226,18157400
1571173200000,226,227.9,225.11,227.7,17802690
1571259600000,227.66,228.6,226,228,21411670
1571346000000,227.88,228.9,227.2,228,16563990
1571605200000,228.49,229.11,227.31,228.54,14412970
1571691600000,228.58,235.36,228.28,235.36,42876290
1571778000000,234.86,237.67,233.16,236.2,39604070
1571864400000,236.41,244,236.41,243.94,47639670
1571950800000,244.1,247.4,239.5,246.71,43914810
1572210000000,247.3,249.96,242.7,244.4,34941430
1572296400000,244.03,253.69,241.4,253.1,70834920
1572382800000,252.9,265.26,252.01,261.6,97828440
1572469200000,262.25,267.4,257,260,89675720
1572555600000,260.1,264.28,256.35,263.79,51033540
1572901200000,266,267.53,261.31,263,36854690
1572987600000,263.14,266.98,258.91,266.98,37700330
1573074000000,266.01,272.68,264.66,270.74,56180950
1573160400000,269.92,270.2,264.45,266,33445000
1573419600000,265,265.45,259.8,260.4,42793340
1573506000000,260.81,264.57,256.13,257.25,61520830
1573592400000,256.11,257.19,250.79,251.8,87796850
1573678800000,252.56,253.46,244.8,248.34,127687870
1573765200000,248.5,250.47,245,248.01,89352610
1574024400000,250,250.4,245.62,246.15,52848250
1574110800000,246.5,248.7,244.32,248.01,66068080
1574197200000,246.64,254.89,245.58,248,199413540
1574283600000,252,259.8,250.01,254.35,222757490
1574370000000,253.1,257.72,250.13,251.99,92529420
1574629200000,252.12,256.17,251.46,255.2,47772320
1574715600000,255.53,257.41,252.01,254,70144950
1574802000000,253.8,255.85,252.25,253.89,37679110
1574888400000,253.46,254.43,251.35,254,29777340
1574974800000,253.89,257.54,251.86,257.54,53291690
1575234000000,258.45,263.4,254.05,254.05,70270330
1575320400000,253.2,254.14,247.09,247.93,75446030
1575406800000,248.5,251.96,246.4,248.93,59289500
1575493200000,249.5,250.3,244.77,246.36,61692020
1575579600000,246.5,248.25,245.39,247.83,44852270
1575838800000,247.9,250.22,247.4,248.7,32397460
1575925200000,248.99,250.15,246.5,246.9,34816930
1576011600000,246.84,248.69,246.84,247.34,31256130
1576098000000,247.64,254.66,247.35,250.48,78725180
1576184400000,251.11,252.48,248.8,249.5,41799820
1576443600000,249.6,252.22,249.2,250.78,29618770
1576530000000,251.23,252.86,250.8,252.05,31637520
1576616400000,252,252.71,250.85,251.29,29208640
1576702800000,250.96,252.3,249.4,251.4,37390530
1576789200000,252.75,256.58,252.22,255.5,60308100
1577048400000,251.5,255.2,251.11,255,38331200
1577134800000,255.61,257.71,254.26,254.87,22780930
1577221200000,255,255.49,253.02,253.25,12310410
1577307600000,253.31,254.24,252.5,254.1,10879770
1577394000000,254.31,257.49,254,257.11,24226140
1577653200000,257.1,258.3,254.71,256.4,23498030
1577998800000,259.18,261.9,257.77,259,34484710
1578258000000,259,259,254.8,256.55,28148270
1578430800000,256.25,257.32,254.77,255.79,25611080
1578517200000,255.69,256.68,251.82,254.07,33224310
1578603600000,254,254.6,251.2,251.9,28567810
1578862800000,252.5,252.5,248.4,251.5,41352670
1578949200000,252,253.2,249,250,32936950
1579035600000,249.5,252.5,247.75,251.3,43981200
1579122000000,251.9,254.54,251.5,254.26,38437850
1579208400000,254.75,256.6,253.8,255.39,42158800
1579467600000,255.66,256.1,253.01,253.5,29970260
1579554000000,253.25,253.4,250.88,252.99,27027840
1579640400000,252.81,253.39,248.1,248.1,38885020
1579726800000,246.71,247.66,239.01,239.3,73879000
1579813200000,240.12,243.25,235.28,237.95,69052730
1580072400000,235,235.4,229.65,230.96,105334120
1580158800000,232.6,237.59,229,235,85537270
1580245200000,236.95,237.36,231.3,232,52810870
1580331600000,230.71,232.49,229.45,231.53,41538100
1580418000000,232.53,233.79,226.57,226.7,70290180
1580677200000,223.8,229.98,223.8,227.64,54239810
1580763600000,228.49,231.08,226.65,230.5,45438970
1580850000000,230.89,235.73,228.8,232.56,61997310
1580936400000,234,236,230.15,231.38,42622260
1581022800000,232.38,233.39,227.14,229.11,49942780
1581282000000,228.5,229.75,224.41,225.2,50876040
1581368400000,226.55,236.18,226.01,233.9,95633710
1581454800000,235.3,239.8,234.56,238.03,83198650
1581541200000,236.9,237.98,233.55,233.55,42016750
1581627600000,233.79,235.4,230.91,232.5,34354000
1581886800000,233.5,234.56,231.91,233.75,20559370
1581973200000,233,233.28,229.8,230.5,30861790
1582059600000,231.81,233.5,230.71,231.9,24431430
1582146000000,232.51,235.75,232,234.6,33584770
1582232400000,233.05,233.77,231.61,232,29658690
1582578000000,228,230.06,224.68,224.68,52755480
1582664400000,223.32,225.47,220.81,224.76,63752240
1582750800000,220.99,223.4,216.8,217.5,83027740
1582837200000,210,211.97,200.57,202.65,169597740
1583096400000,208,211.99,195.51,198.78,151645690
1583182800000,204.96,205.27,198,201.48,104454600
1583269200000,199.95,204.42,198.28,200,78739260
1583355600000,203,203.43,197.5,198,65974580
1583442000000,193.5,194.23,185.13,188.27,131693770
1583787600000,169.45,185.84,161.01,171,205229880
1583874000000,174,175.87,167.39,172.03,108626860
1583960400000,163,167.8,161.2,163.73,151374170
1584046800000,164,175.69,164,166.1,143374770
1584306000000,163,169.99,158.17,168.07,116002590
1584392400000,169,175.5,164.56,167,108151410
1584478800000,164.9,170.45,162,166.34,106165420
1584565200000,168.58,175.2,164.05,174.56,122161140
1584651600000,180,184.69,176.1,176.26,139849740
1584910800000,171,172.28,168.04,168.35,109203830
1584997200000,174.39,179.99,172.61,177.95,89479940
1585083600000,183,186.9,175.26,180.2,114693850
1585170000000,179.45,184.9,177.28,181.5,54021680
1585256400000,181.24,181.37,172,174.5,55620780
1585515600000,171.99,177.63,170.5,176.44,47976360
1585602000000,178.5,184.64,178.01,181.41,69815770
1585688400000,178.03,181.38,177.5,180.06,40436820
1585774800000,183.8,190,180.25,187.04,87825820
1585861200000,187.01,193.85,185.72,189.77,92363620
1586120400000,192.24,193.44,189.44,191.1,62933570
1586206800000,192.9,195.13,189.8,191.22,67000260
1586293200000,189.7,194.11,188.1,194.11,49266950
1586379600000,195.69,196.26,189.88,193.86,84342040
1586466000000,191.89,192.44,190.51,192,17045220
1586725200000,192.26,192.36,186.07,188.07,28546290
1586811600000,189.73,191.76,188.3,190.11,50623330
1586898000000,189.15,189.48,182.56,184.25,53713660
1586984400000,185.15,189.16,182.75,184.3,56389560
1587070800000,187.06,187.87,183.54,184.68,38784010
1587330000000,184.12,186.25,183,185.51,34294290
1587416400000,183.15,184.5,179.05,181.92,66952420
1587502800000,181.08,188.55,180.33,188.36,48272330
1587589200000,189.98,191.59,187.5,188.73,39982360
1587675600000,187.95,187.95,185.1,185.71,36735480
1587934800000,186.53,188.47,185.69,186.29,23621520
1588021200000,185.93,190.65,185.76,188.5,44188440
1588107600000,189.9,195.23,188.53,193.87,56262660
1588194000000,195.44,196.2,189.62,190,72119050
1588539600000,188,188.17,184.52,185.7,42975340
1588626000000,188.39,190.39,187.3,190,39660510
1588712400000,190.53,191.05,187.05,187.05,46399120
1588798800000,187.5,190.3,185.5,185.85,67276440
1588885200000,186.33,186.64,183.1,185.34,61002120
1589230800000,184.89,187.2,183.2,186.17,49979790
1589317200000,185.55,185.55,183.8,184.2,33279780
1589403600000,183.23,184.85,181.68,183.91,49406140
1589490000000,185.61,186.98,183.85,183.85,47922970
1589749200000,185.5,192.5,185.14,192.5,60172310
1589835600000,193,194.39,191.1,194.2,60404850
1589922000000,193.57,197.27,192.79,196.74,73863280
1590008400000,196.05,199.26,191.4,194.74,90166480
1590094800000,194,195.76,192.21,194.35,42413090
1590354000000,195.1,197.55,195.1,197.55,20064420
1590440400000,198.95,202.3,196.3,196.86,66178490
1590526800000,196.05,197.75,193.15,194.73,55321300
1590613200000,194.36,196.98,194.17,196.86,39984510
1590699600000,196.25,199.95,193.2,199.95,172681620
1590958800000,200.25,202.47,197.15,198.72,54257280
1591045200000,199.44,202.19,198.72,201.97,45344620
1591131600000,203.07,208.15,202.01,208,65274590
1591218000000,207.99,207.99,200.6,201.46,72250330
1591304400000,202.69,204.84,201.51,203.05,44836180
1591563600000,204.98,206.5,202.97,204.91,40152350
1591650000000,205.44,206.1,201.57,204.84,35378400
1591736400000,204.84,205.27,200.53,201.75,41521810
1591822800000,200.2,200.2,195.15,196.74,48984730
1592168400000,193.86,196.15,191,194.2,54400610
1592254800000,196,199.59,195.2,196.59,43444120
1592341200000,197.98,199.08,195.21,195.86,34495740
1592427600000,195.45,195.57,191.85,193,45813580
1592514000000,194.17,196.07,193.82,195.81,45220860
1592773200000,195.35,195.35,192.62,194.3,36799990
1592859600000,194.8,196.32,194,194.83,33831430
1593032400000,191.72,192.48,190.55,192.25,49036370
1593118800000,192.83,195.69,190.51,193,60445170
1593378000000,192.64,198.1,192.58,197.94,45837860
1593464400000,197.9,198.48,193.24,194.31,52319960
1593637200000,195.39,195.84,194.4,195.28,34180240
1593723600000,195.64,197.48,194.77,197.2,26437660
1593982800000,199.21,201.75,198.53,199.99,46530930
1594069200000,199.7,199.94,197.75,197.96,35189640
1594155600000,197.98,201.19,197.55,201.17,30744910
1594242000000,201.48,202,198.4,199.44,40528750
1594328400000,198.22,201.7,197.22,200.94,39060000
1594587600000,201.6,202.33,195.5,195.7,63039880
1594674000000,195.02,196.65,192.48,193.6,83198180
1594760400000,180.6,184.27,179.8,182.26,73993160
1594846800000,181.06,183.8,181.06,183.32,29446890
1594933200000,183.8,184.93,182.87,184.65,25485050
1595192400000,184.68,188.41,183.88,188.36,30025150
1595278800000,189,189.77,186.25,186.78,44428780
1595365200000,187.03,188.59,186.07,187.15,22774280
1595451600000,187.5,188.3,184.4,184.69,29810820
1595538000000,184.86,186.45,184.12,185.45,30444550
1595797200000,185.52,185.92,184.2,185.03,22787280
1595883600000,185.1,185.46,183.6,184.3,26644520
1595970000000,184.5,185.35,183.42,184.69,27906170
1596056400000,184.44,184.73,180.91,182.52,34046830
1596142800000,182.6,184.84,181.61,182.59,44968290
1596402000000,182.5,184.03,181.72,183.6,28662180
1596488400000,184.05,184.68,182.17,183.31,32447880
1596574800000,183.58,189.98,183.35,189.15,75449690
1596661200000,189.58,189.92,187.13,189.07,42874410
1596747600000,188.45,188.57,185.81,187.23,28835690
1597006800000,187.49,188.85,186.83,187.7,24237870
1597093200000,187.88,192.4,187.88,189.7,51928900
1597179600000,190.5,193.29,189.32,192.8,35624280
1597266000000,192.51,194.44,191.25,193.76,37890900
1597352400000,194.27,194.27,190.71,192.83,29788920
1597611600000,193.83,194.68,189.2,190.47,55761900
1597698000000,190.07,191.95,189.25,190.3,27793010
1597784400000,190.48,191.99,189,189.26,31486780
1597870800000,188.78,188.94,185.58,186.95,37700610
1597957200000,187.25,187.79,183.5,184.51,33845750
1598216400000,185.4,187.44,184.84,187.1,24295200
1598302800000,187.45,187.99,184.73,186.25,19562590
1598389200000,186.22,188,185,187.48,25461430
1598475600000,187.5,188.01,182.62,184.58,38191360
1598562000000,184.95,185.22,182.48,182.9,34312740
1598821200000,183.11,184.28,180.51,181.01,47470180
1598907600000,181.4,184.87,181.01,184.22,48042850
1598994000000,184.8,186.29,181.1,181.95,50328430
1599080400000,182.48,182.59,178.6,179.13,62964070
1599166800000,178.98,180.56,178,179.55,43042720
1599426000000,178.63,179.75,175.94,177.04,38997650
1599512400000,176.99,177.43,172.4,172.95,63849810
1599598800000,172.72,175.35,172.33,173.69,41984320
1599685200000,173.9,174.64,171.11,173.8,34024710
1599771600000,174.43,178.27,173.1,178.05,36949100
1600030800000,178.44,180.8,177.52,178.19,37721940
1600117200000,178.03,182.95,178.01,182.22,42494160
1600203600000,182.67,184.16,181.35,183.26,37431070
1600290000000,181.8,184.84,180.34,183.9,49875980
1600376400000,184.4,184.7,181.34,181.52,45239980
1600635600000,181.37,181.37,175.36,177.17,41362910
1600722000000,176.51,180.9,176.42,179,36413920
1600808400000,179.82,180.37,176.81,177,31918090
1600894800000,176,178.49,171.9,174.23,49893020
1600981200000,175.1,175.17,169.6,173.77,96326410
1601240400000,174.2,175.38,171.29,172.74,50545940
1601326800000,172.75,173.47,170,171.44,48790750
1601413200000,171.04,171.98,169.8,169.97,48630880
1601499600000,171.16,171.4,167.97,168.4,60359030
1601586000000,167.38,169.95,167.22,169.47,40347360
1601845200000,170.11,170.88,168.58,170.64,37440350
1601931600000,170.7,173.41,170.5,171.35,64134630
1602018000000,171.75,172.26,167.04,168.23,65840210
1602104400000,168.19,168.86,166.15,167.43,36673250
1602190800000,167.8,168.19,165.77,166.97,41538260
1602450000000,167.5,169.8,166.87,169.05,38968420
1602536400000,169.13,169.47,165.82,166.37,34698350
1602622800000,166.68,167.63,165.71,167.24,26685620
1602709200000,166.87,168.85,166,167.16,39904910
1602795600000,167.24,167.25,163.56,163.98,50415600
1603054800000,165,165.6,163,163.6,34057190
1603141200000,163.74,167.12,162.8,166.53,50479100
1603227600000,166.8,167.3,163.87,164.37,36692530
1603314000000,163.87,166.53,163.66,165.27,39965630
1603400400000,165.15,165.88,164.39,164.96,32927650
1603659600000,164.44,164.96,161.1,162.17,53503300
1603746000000,162.11,162.62,158.21,159.21,58290360
1603832400000,158.98,158.99,153.7,154.3,86900330
1603918800000,155.01,157.3,154.2,156.74,52782610
1604005200000,155,156.2,154.08,154.28,42721140
1604264400000,153.98,157.98,151.9,157.74,69727760
1604350800000,158.21,161.92,157.44,161.09,71122150
1604523600000,163.8,165.25,161.99,163.7,73279220
1604610000000,163,165.84,161.52,164.92,51681030
1604869200000,166.72,171.5,164.9,170.13,103450630
1604955600000,169.03,173.64,167.63,172.92,76691660
1605042000000,173.5,175.15,170.26,170.53,72044740
1605128400000,170,175.3,169.75,172.91,71999190
1605214800000,172.9,181.27,172.42,180.3,104617540
1605474000000,181.01,185.62,180.3,185.32,89649230
1605560400000,185.05,185.31,178.83,182.9,99345370
1605646800000,182.2,187.69,180.8,185,69125570
1605733200000,185.2,185.88,181.92,184.16,53232210
1605819600000,184.1,184.36,182.1,183.21,31876920
1606078800000,183.62,185.63,182.77,184.15,41077210
1606165200000,185.09,187.3,183.97,186.76,60743160
1606251600000,187,188.76,185.85,188.03,51148420
1606338000000,188.24,189.1,184.6,185.52,45757740
1606424400000,185.04,186.75,182.56,185.9,50011450
1606683600000,185.13,185.14,180.04,181.89,73295130
1606770000000,182.6,188.09,181.78,185.34,67290280
1606856400000,185,187.24,183.12,187.22,40251760
1606942800000,186.99,187.58,184.37,185.12,35903910
1607029200000,186.21,189.42,185.85,188.79,50721800
1607288400000,188.22,192.85,187.8,190.76,53541370
1607374800000,190.35,191.45,187.8,190,48446440
1607461200000,190.3,193.09,189.05,189.35,52697850
1607547600000,189.55,193.51,188.67,192.95,54365050
1607634000000,193.01,201.63,192.31,201.5,103071320
1607893200000,203.5,207.85,198.78,199.91,123347920
1607979600000,199.01,202.29,197.05,201,65566700
1608066000000,201,206.2,199.54,206.2,75249280
1608152400000,206.69,215.38,206.51,214.52,159625790
1608238800000,214,214.5,207.22,212.69,133803690
1608498000000,209.97,209.99,200.8,203.46,123672020
1608584400000,200.7,210.68,199.19,208.4,109993910
1608670800000,209,212.78,206.2,207.63,78924440
1608757200000,208.52,209.96,203.15,206.24,59174500
1608843600000,206.2,206.73,204.01,205.03,16533260
1609102800000,205.53,207.86,205.15,206.11,35056750
1609189200000,206.98,210,206.61,208.75,42372300
1609275600000,209.88,213.38,209.5,212.98,74736890
1609707600000,212.71,216.63,211.64,212.71,55458730
1609794000000,213.2,215.38,210.22,215.32,48937810
1609880400000,215.5,216.8,213.07,214.38,47945190
1610053200000,217.12,226.24,217,225.49,101044690
1610312400000,225.17,231,221.81,227.6,112708870
1610398800000,229,231.44,225.66,228.69,64400230
1610485200000,229.29,230.35,225.2,226.8,61137970
1610571600000,226.15,229.57,223.2,228.86,60219960
1610658000000,227.5,230.7,226,226.5,54810260
1610917200000,225.55,228.5,221.34,226.88,69177560
1611003600000,227.65,228.85,223,223.15,66678920
1611090000000,223,225.78,221.55,224.3,51387730
1611176400000,224.38,224.96,217.22,217.28,76728280
1611262800000,216.5,216.5,210.5,215.49,94814510
1611522000000,216.9,219.66,214.53,218.68,74569300
1611608400000,216.52,220.29,215.71,218.8,45214780
1611694800000,219.49,222,216.44,217.4,59298790
1611781200000,215.99,219.49,214.26,217.7,52428850
1611867600000,216.7,216.75,212.47,212.83,66780470
1612126800000,214.7,214.87,212.24,214.66,39370050
1612213200000,215.6,219.74,213.25,214.42,78073300
1612299600000,215.42,218.42,213.79,218.1,46028500
1612386000000,218.7,221.4,216.88,219.79,47943720
1612472400000,220.68,222.21,219,222.01,42219420
1612731600000,223.04,228,223,228,67207330
1612818000000,229,229.49,225.8,227.73,60643590
1612904400000,227.98,228.29,221.8,223.24,41902370
1612990800000,223.49,223.67,220.73,221.35,34551030
1613077200000,220.6,227.47,216.77,226.71,69245440
1613336400000,228.49,230,226.7,229.22,59946680
1613422800000,230,233.22,227.57,232.46,86023550
1613509200000,232.32,233.35,225.33,229.14,64553410
1613595600000,229,229,224.01,224.47,43788250
1613682000000,224.01,226.26,221.1,226,44899380
1613768400000,226.4,227.1,225,225.84,6060530
1613941200000,226.46,227.3,223.04,225.63,31459520
1614114000000,224.42,225.64,220.85,222.55,40872710
1614200400000,223.47,225.5,221.22,221.7,42751740
1614286800000,220.56,221.68,217.2,217.56,63838480
1614546000000,219.33,222.01,218.25,221.47,28412480
1614632400000,220,224.11,219.76,222.74,34204970
1614718800000,224.2,226.79,221.7,222.15,33273090
1614805200000,221.9,226.69,219.5,221.14,46450100
1614891600000,222.01,228.42,220.02,227,55804810
1615237200000,227.5,233.07,226.05,232.1,73810410
1615323600000,231.87,235.5,230.66,231.69,55391920
1615410000000,232.89,233.53,230.07,232.47,32160630
1615496400000,232,234.39,230.6,233.8,28836880
1615755600000,234.98,238.09,234.46,237.79,46193890
1615842000000,237.3,238.23,233.8,234.02,38088000
1615928400000,233.85,234.56,227.21,229.9,62112040
1616014800000,230,231.79,223.7,224.35,67606510
1616101200000,222.75,226.64,222.37,225.4,58806150
1616360400000,225.14,225.34,220.79,221.88,58497810
1616446800000,221.2,224.44,219.81,221.62,43130740
1616533200000,222.35,225.45,220.53,223.65,36717810
1616619600000,224.2,225.38,222.7,224.84,29768500
1616706000000,225.7,227.6,225.13,227.3,26765780
1616965200000,226.79,229.15,226.31,228.74,23773400
1617051600000,228.95,230.1,225.04,225.93,26821160
1617138000000,226.4,228.4,223.32,227.24,38853480
1617224400000,228.4,231.67,225.75,226.94,43834500
1617310800000,227,229.2,226.54,228.4,12639110
1617570000000,227.92,227.92,224.13,225.06,23956590
1617656400000,226,226.55,221.91,222.95,36300060
1617742800000,222.31,226.01,220.68,224.51,29509280
1617829200000,224.84,226.3,222.88,224.3,19421940
1617915600000,224.2,224.3,221.48,222.15,20915750
1618174800000,220.98,224.25,219.6,222.87,29320420
1618261200000,223,228.33,221.1,227.99,39097660
1618347600000,230.58,236.58,229.31,235.32,92446640
1618434000000,230.1,236.39,228.23,234.63,63090250
1618520400000,235.49,237.45,232.7,235.1,46274480
1618779600000,234.5,234.9,230.28,231.17,39740240
1618866000000,231.56,233.17,229,230,43935840
1618952400000,230,231.8,228.37,230.84,35499700
1619038800000,230.68,232.15,227.14,230.93,60354570
1619125200000,231.29,233.3,230,232.62,35452910
1619384400000,233,234.91,232.16,233.23,28722530
1619470800000,233.41,235.14,231.21,232,29292630
1619557200000,232.55,233.24,230.2,232.96,37522280
1619643600000,234.07,236.18,229,230.51,55649060
1619730000000,230.11,231.6,228.86,231.38,32114120
1620075600000,232.2,234.3,230.96,233.8,37971060
1620162000000,234.21,237.77,233.69,237.5,38151660
1620248400000,237.9,243.32,237.75,243,50392530
1620334800000,243.49,243.99,240.78,241.7,37202190
1620594000000,242.35,244.3,240.52,241.41,32419730
1620680400000,240.24,243.17,239.05,242.5,35851190
1620766800000,242.01,244.42,241.56,241.79,33301670
1620853200000,242.3,247.29,242.05,247.16,64223010
1620939600000,248,250.4,247.53,249.55,50360050
1621198800000,250,255.25,249.45,255.15,41131010
1621285200000,256.1,268.38,254.54,266.22,86426350
1621371600000,263.9,264.5,256,260.9,93580930
1621458000000,260.8,262.78,256.9,259.16,46561170
1621544400000,260.04,260.7,257.12,258,29121200
1621803600000,258.58,261.47,257.12,261.24,24679160
1621890000000,262.31,262.72,258.31,259.79,30710070
1621976400000,260.52,263.33,260.01,263.09,34679380
1622062800000,261.98,263.75,261.22,262.96,57622500
1622149200000,263.79,265.93,261.35,262,35300830
1622408400000,261,261.6,259.3,261.03,21501820
1622494800000,261.97,264.76,261.58,263.86,32763300
1622581200000,264.05,271.36,263.55,271.15,53358040
1622667600000,272.31,274.3,268.2,272.1,52911460
1622754000000,271.99,276.22,269.58,274.3,54413780
1623013200000,274.01,276.7,273.85,275.67,34319270
1623099600000,275.35,277.58,272.91,275.36,53123740
1623186000000,275.98,276.39,273.76,275.65,28265930
1623272400000,275.49,277.77,274.32,276.1,37264440
1623358800000,276.58,278,274.85,277.05,26621830
1623618000000,277.56,280.45,277.22,279.5,28193270
1623704400000,279.92,280.14,272.63,272.72,52232300
1623790800000,272.9,275.23,270.12,271.8,67263730
1623877200000,270.9,273.89,269.1,272.5,43674630
1623963600000,271.54,273.18,268.65,270.06,52728780
1624222800000,269.78,272.86,268.09,272.62,27454560
1624309200000,273.5,277,272.89,277,36984070
1624395600000,277.89,279.56,276.67,277.35,33618550
1624482000000,278.2,279.47,275.5,277.47,42585400
1624568400000,277.8,277.92,276.12,277.19,29722970
1624827600000,277.22,279.61,276.43,276.99,28099160
1624914000000,276.12,277.5,273.17,276.8,37633800
1625000400000,277.27,281.82,276.5,281.8,60396020
1625086800000,281.85,286.25,281.85,285.74,50115210
1625173200000,285.59,286.19,282.8,285.65,29339980
1625432400000,286,291.49,285.78,291.1,34243600
1625518800000,292.08,295.97,291.34,293.45,80381100
1625605200000,293.89,297.48,293.47,297.39,67079280
1625691600000,296.45,297,290.33,292.86,52744990
1625778000000,293.5,295.58,292,295.22,40986480
1626037200000,295.51,298.48,294.9,297.39,43364640
1626123600000,297.75,297.77,293,293.83,49315260
1626210000000,282.89,286.93,282.88,284.6,52948770
1626296400000,284.58,285.11,278.96,280.01,41728020
1626382800000,279.22,282,278,279.65,27987640
1626642000000,277.11,279.51,273.15,275.51,42832990
1626728400000,276.78,278.68,273.1,277.3,31048390
1626814800000,277.5,285.01,276,282.9,41101790
1626901200000,283.5,285.09,281.21,283.28,40285560
1626987600000,283.2,285,279.05,279.51,38272140
1627246800000,277.37,281.37,276.7,281.05,27439580
1627333200000,280.18,280.83,276.84,278.08,28471230
1627419600000,277.88,282.98,277.7,282.2,32860920
1627506000000,283.97,287.75,283.58,287,41353890
1627592400000,285.02,287.58,283.28,287.35,46773520
1627851600000,287.88,289.48,285.21,286.75,38392570
1627938000000,286.75,288.05,284.34,287.09,27070670
1628024400000,287.88,288.8,286,287.94,23631110
1628110800000,287.33,288.28,285.16,285.95,47269220
1628197200000,285.26,285.72,277.87,282.27,90792250
1628456400000,282.25,287.9,280.8,286.68,68957480
1628542800000,288,288.8,285.7,288.61,28927610
1628629200000,288.97,291.49,287.12,290.35,37960320
1628715600000,290.3,293.81,290.25,293.23,37650060
1628802000000,292.7,293.9,291.75,292.7,21917770
1629061200000,291.47,295.48,290.95,295.1,32411920
1629147600000,295.13,299.5,290.32,298.32,50524670
1629234000000,299,299.95,295,295.05,35618640
1629320400000,293.46,294.72,289.68,293.68,56275610
1629406800000,293.8,294.9,289.5,292.57,38649700
1629666000000,294.7,297.94,294.1,297.69,38100520
1629752400000,299,301,295.95,298.7,49067610
1629838800000,298.7,299.2,294.37,296.7,30922290
1629925200000,296,296,293.04,294.34,25006370
1630011600000,295.8,300,294.81,299.66,34147490
1630270800000,301.7,305.5,299.97,305.17,69972550
1630357200000,305.83,307.67,304.1,305.65,64372840
1630443600000,306.6,313.95,306.19,312.89,79523870
1630530000000,313.59,314.8,310.3,312.3,53414130
1630616400000,312.7,317.96,311.16,317.94,63678420
1630875600000,319,329.35,318.6,328.93,80210780
1630962000000,329.93,333,325.5,327.73,72178370
1631048400000,328.49,328.5,322.22,327.6,58863620
1631134800000,326,328.14,323.5,324.57,40571600
1631221200000,327,330,325.5,326.43,41485730
1631480400000,328,333,327.3,332.75,55444990
1631566800000,333.1,339.92,332.36,338.98,97274480
1631653200000,339.39,344.2,337.72,343.34,108867890
1631739600000,342,342.99,337.03,338.5,94886460
1631826000000,338.72,339.29,333.3,334.5,61479080
1632085200000,329.72,332,321.26,325.7,73276540
1632171600000,328.7,336.78,328.44,335.3,77509780
1632258000000,338.4,341.49,337.4,340.59,61109370
1632344400000,342,345.2,339.43,343.47,63892160
1632430800000,343.6,344.9,340,344.29,40191890
1632690000000,347.95,355.19,347,355.19,81133200
1632776400000,359,361.8,353.68,354.07,94125920
1632862800000,354.05,360.94,352.3,360.88,60264350
1632949200000,363.25,364.53,359.53,360.8,70092520
1633035600000,358.45,363.78,356,363.25,47659550
1633294800000,364.67,378.33,364.3,376.06,102362800
1633381200000,378.02,389.82,378.02,389.82,134614700
1633467600000,395,397.64,370.25,381.3,216502410
1633554000000,382.18,384.3,361.61,370.7,160554040
1633640400000,371.5,373,364.77,366.17,70261940
1633899600000,369,372.61,363.7,369.81,78177900
1633986000000,367.27,368.85,362.25,364.1,56815900
1634072400000,365.24,365.44,352.71,362.77,102186900
1634158800000,366.4,369.7,364.35,367,59934070
1634245200000,368.4,369.35,366.61,367.76,35905630
1634504400000,365.01,366.45,360.15,363.5,43094820
1634590800000,364.98,368.83,362.24,368.83,51542530
1634677200000,367.99,370.75,365.5,369.97,39499280
1634763600000,368,370.19,360.88,363.37,46503390
1634850000000,361.4,364.19,357.48,358.12,48431440
1635109200000,359.99,365.84,356.69,364.84,57341870
1635195600000,365,369.33,362.54,364.82,51744950
1635282000000,363.29,365.49,361.18,362.17,30679710
1635368400000,360.98,362.02,351.62,353.21,86591740
1635454800000,351.1,352.6,345.4,350.18,75024390
1635714000000,350.2,359.3,350.2,359.1,46501290
1635800400000,359.24,360,351.24,352.48,43005590
1635886800000,350.56,353.86,346.62,353.02,37903170
1636059600000,352,354.8,349.23,350.6,25727240
1636318800000,353,356.34,348.34,351.47,39809120
1636405200000,351.06,353.61,346.99,349.46,31042610
1636491600000,349.99,351.25,344.2,345.8,35473970
1636578000000,346.94,348.43,343.8,347.44,40279860
1636664400000,347,347.15,331,333.6,127208680
1636923600000,333.8,341.81,333.67,340.3,64250540
1637010000000,341.48,342.85,331.61,336.79,64668540
1637096400000,336,351.82,334.83,349.98,79029610
1637182800000,350.05,359.32,342.28,345.56,102199020
1637269200000,348.47,350.73,334.2,337.62,96027860
1637528400000,334.99,335.68,316.66,319.2,151496580
1637614800000,316.09,341.77,310.62,341.77,150584250
1637701200000,343.87,348,332.75,338.3,93699350
1637787600000,340,343,335.7,337.55,48788260
1637874000000,325,332,320.1,326,104012060
1638133200000,335,345.33,331.96,339.2,99631910
1638219600000,332.5,342.55,331.5,334.24,130559830
1638306000000,338.51,350.37,337.61,345.21,93124760
1638392400000,347.3,352.67,344.8,350.3,75484820
1638478800000,351.5,353.13,343.21,345.99,51710280
1638738000000,347.21,349.36,333.35,338.94,71017940
1638824400000,339.25,346,333.43,344.96,75514200
1638910800000,346,348.47,336.53,340.5,78326320
1638997200000,341.28,344.2,335.72,336.6,61413030
1639083600000,337.36,338.31,329.98,332,44649420
1639342800000,333.08,334.88,305.76,307.26,140582280
1639429200000,307,320,289.78,319.35,168689260
1639515600000,319.58,325.83,316.5,324.09,79752150
1639602000000,326.17,332.3,325.38,328.39,95509910
1639688400000,327.98,329.7,323.03,327.3,72102360
1639947600000,323.97,326,316.11,325.9,70846810
1640034000000,326.61,339.88,326.5,339.88,80085260
1640120400000,340,349.59,339.29,345.55,96838060
1640206800000,346.1,348.32,337,339.81,72151400
1640293200000,339.26,340.98,334.55,338.79,39008160
1640552400000,339.7,343.97,339.33,343.97,29930500
1640638800000,344,346.6,342.55,343.23,34857640
1640725200000,343.43,344.48,337.13,340.33,43011360
1640811600000,340.75,344,337.4,342.39,40856900
1641157200000,345,353.88,344.3,353.73,40118360
1641243600000,353.98,358.1,348.35,352.55,52707650
1641330000000,351.9,353.5,331.55,335,80976450
1641416400000,335.9,347.67,330.11,346.13,74599950
1641762000000,348.56,351,340.51,344,51090750
1641848400000,344.68,347,341.27,343.74,41969410
1641934800000,344.48,348.64,339.57,347.43,53456250
1642021200000,347.01,347.5,333.49,337.6,118269470
1642107600000,338.59,340.96,321.51,335.76,120568340
1642366800000,335.9,338.95,319.17,327.81,96946290
1642453200000,329.11,329.3,296.7,301.11,220122140
1642539600000,299,320.42,282.72,318.36,220090450
1642626000000,318.4,326.69,310.07,310.42,130272450
1642712400000,309.49,321.99,303.5,311.6,119138170
1642971600000,310.8,314,280.6,294.59,236552480
1643058000000,293.94,305,289.62,302.96,143186690
1643144400000,302.9,307.7,293.7,299.6,125078000
1643230800000,296.93,330,294,325.25,216081130
1643317200000,325.5,334.9,322.05,329.58,116239740
1643576400000,330.9,336.41,330.52,334.8,69919140
1643662800000,334.95,336.63,325.3,330.95,68010800
1643749200000,332.39,333.7,325.7,331.7,54760820
1643835600000,330,331,322.3,323.75,57601360
1643922000000,325.5,334.5,320.88,324.6,88655550
1644181200000,324.51,327.44,316.64,321.25,56310540
1644267600000,321.45,331.87,319,331.7,77966650
1644354000000,332.3,336,330.18,335.08,63273270
1644440400000,335.41,335.47,328.1,328.93,61934110
1644526800000,328.97,328.97,316.2,318.1,100771640
1644786000000,314.1,324.9,303.25,321.85,121315290
1644872400000,322.43,335.5,322.43,333.6,96884740
1644958800000,335.86,339.98,331.62,336.5,77190530
1645045200000,336.37,336.37,322.04,323.51,102164080
1645131600000,325.51,329.32,306.7,309.48,125466600
1645390800000,309.48,318.9,241,257.3,413310930
1645477200000,253.95,284.07,246.7,283.51,324950590
1645650000000,255.02,255.02,126.53,210,414024040
1645736400000,208.01,244.94,191.6,228,211877250
1648069200000,251.41,278.9,232,258.51,85870120
1648155600000,263.99,269.33,225.6,227,67384870
1648414800000,225,229.45,213.03,218.6,25249730
1648501200000,220,226,206,208,40380090
1648587600000,211,219.41,210.52,216,38680160
1648674000000,218.98,249,217.1,242.48,84081100
1648760400000,245.9,258.7,242.48,251.4,50666270
1649019600000,254.03,259.99,237.31,252.9,41058980
1649106000000,254,256.39,231.45,243.5,39973220
1649192400000,238.41,247.8,234.41,239.7,20595350
1649278800000,240.04,246.8,239.13,245,22416890
1649365200000,246.79,246.79,240,241.07,14845610
1649624400000,241.9,242.78,234.16,234.55,15676960
1649710800000,234,236.63,223,236.3,26676990
1649797200000,238,239.64,232.13,234.87,12702160
1649883600000,235,235.5,221.1,222.11,21964490
1649970000000,222,226.65,215.74,224,19981170
1650229200000,224.1,226,216.6,216.99,15632330
1650315600000,216.9,222,207,220.72,30711040
1650402000000,221.43,229.84,215.63,218.92,33617060
1650488400000,220,221,210.29,210.29,24332810
1650574800000,210.5,215,207.01,208,28813400
1650834000000,209.95,209.95,201.12,206.35,18864290
1650920400000,207.97,229.74,206.54,225.85,46546720
1651006800000,226.01,237.5,221.61,237.15,48324930
1651093200000,239.4,249,235.5,237.53,69099750
1651179600000,238.55,245.43,238,240.4,43469200
1651611600000,241,244.39,233.12,234.16,20992990
1651698000000,235.54,239.4,235.08,238.6,14822190
1651784400000,238.5,242.92,235.1,240.1,18010420
1652216400000,239.8,243.35,237.58,241.99,16603030
1652302800000,241.89,241.89,227.22,230.56,24430110
1652389200000,232.5,237.2,229.02,235.52,17353200
1652648400000,234,246.95,233.11,244.2,28311920
1652734800000,246.01,260,245.3,258.8,60032370
1652821200000,261.1,269.42,261,264.84,51227600
1652907600000,268,269.78,262.65,266.68,24980910
1652994000000,268.46,268.9,260.41,263,27615130
1653253200000,265.44,273,263,263,30637540
1653339600000,263,267.29,250.4,265.8,52381290
1653426000000,268.48,271.66,263.8,271.4,37552300
1653512400000,273,298.31,245,295.89,146408540
1653598800000,300,305,293.53,294.5,54310020
1653858000000,298.61,302,296.28,300.8,30930880
1653944400000,302,302,293.51,293.75,19592220
1654030800000,293.5,299.5,290.25,297.69,22582050
1654117200000,297.69,299.33,294.9,296,16707880
1654203600000,296.05,297.24,291,297,18775010
1654462800000,298,299,295.12,296.5,14848710
1654549200000,297.42,298.69,294.52,297.99,15684380
1654635600000,298.8,309.6,298.16,308,40392440
1654722000000,310,310.52,303.2,306.5,26451350
1654808400000,306.48,310.98,305.06,309.2,20352100
1655154000000,308.98,322.77,307,317.69,47542290
1655240400000,319,322.99,314.11,316.2,33734980
1655326800000,316.5,318.25,314.5,316.99,23547120
1655413200000,317.54,317.7,313.5,315.5,13129490
1655672400000,316.06,318,311,311.98,21076640
1655758800000,312.31,312.86,300.77,301.58,50661420
1655845200000,300.1,301.91,294.36,295.8,48837190
1655931600000,295.81,304.6,291.1,303.5,46762610
1656018000000,304,307.45,295.55,296,35940500
1656277200000,296,299.8,295.1,296.2,22197920
1656363600000,296.9,303.88,293.22,297.2,39961760
1656450000000,297.91,300.78,293.8,297.65,34170360
1656536400000,299.5,310.82,200,207,308032430
1656622800000,200.48,201.85,186.2,192.5,114378500
1656882000000,191.99,195.44,181.2,186.25,82969140
1656968400000,186.25,199.87,185.2,197.3,76016250
1657054800000,197.78,205.78,194.44,195.42,82419920
1657141200000,195.42,199.47,192.36,197.92,43747570
1657227600000,200,201.87,196.57,198,28893760
1657486800000,198,199.43,188.79,188.9,46550690
1657573200000,189.15,193,184,191.4,46890990
1657659600000,191.22,194,185.3,186,33253510
1657746000000,186.37,188.1,183.11,184.55,29125140
1657832400000,184.6,188.9,183.22,187.61,23052570
1658091600000,189,189.5,185.52,186.7,16988830
1658178000000,186,189.6,184.6,189.51,22601570
1658264400000,190,195.8,190,193.3,44078600
1658350800000,194.65,195.45,188,189.59,27814900
1658437200000,189,192.95,188.6,192.25,17869300
1658696400000,192.6,194.65,190.56,192,22138550
1658782800000,192,194.49,191.2,193.95,20004890
1658869200000,194.5,197.5,194.1,196.49,28393430
1658955600000,198,198.79,195,196.25,22017040
1659042000000,196.25,196.8,193.5,195.26,14151520
1659301200000,194.5,194.69,192,192,13080650
1659387600000,191.56,191.68,186.8,187.16,24300060
1659474000000,187.51,188.97,186.31,187.04,12063310
1659560400000,187,187.22,184.3,184.9,13353850
1659646800000,184.7,185.62,175.75,176.58,49095300
1659906000000,180,181.82,177.25,177.86,33176870
1659992400000,178,181.38,175.2,181.04,24425460
1660078800000,181.04,182.33,178.53,178.81,20457670
1660165200000,179.49,180.63,173.51,174.1,26791740
1660251600000,174.5,175.88,172.29,174.36,20504730
1660510800000,174.01,175.5,172.4,174.8,18502690
1660597200000,175.5,181.61,174.7,181.3,33089780
1660683600000,181.9,182.49,176.4,176.5,24237120
1660770000000,176.3,179.37,175.5,178.87,16035660
1660856400000,178.78,178.9,176.6,177.6,9218560
1661115600000,177.4,182.2,176.88,181.7,22797150
1661202000000,182.39,185.8,182.1,184.3,26932120
1661288400000,184.7,186.66,182.19,182.83,17562350
1661374800000,183,184.6,180.8,181.9,14907210
1661461200000,181.7,184.2,180.5,183.62,13018100
1661720400000,183.15,190,182.65,190,30577150
1661806800000,190.45,204.2,190.45,204,112562060
1661893200000,224.4,275.96,224.4,254.9,239413560
1661979600000,258,259.85,247.62,249.11,83676830
1662066000000,249.68,253.95,246.22,252.8,37791570
1662325200000,251,252.11,248.55,250,30359680
1662411600000,249.99,250.2,241,246,51580940
1662498000000,245.8,245.8,241.55,241.55,31496650
1662584400000,241.55,245.3,237.84,243.95,39144110
1662670800000,244.48,247.2,242.16,245.34,27284440
1662930000000,243.99,247,241.06,243.3,31291710
1663016400000,243.9,245.29,241.8,242.64,21638060
1663102800000,242.29,243.39,240,243.32,19834970
1663189200000,243.32,244.3,241.91,243.68,22166490
1663275600000,243.67,248.2,241.83,243.8,37380700
1663534800000,243.19,245.91,242.71,244.21,21338940
1663621200000,242.4,243.45,200.01,221.15,213251680
1663707600000,196.5,218.78,192,214.07,100156140
1663794000000,215.01,237.77,215.01,231.45,126460980
1663880400000,233.4,234.5,222.22,224.84,62916290
1664139600000,219,221.9,200.62,206,103858500
1664226000000,211.36,217.36,207.12,217.3,81350390
1664312400000,217,223.7,208.66,217.38,83423270
1664398800000,219.5,226.8,210.51,226.46,70257170
1664485200000,231.68,238.72,189.42,217.7,245888420
1664744400000,219,220.55,213.63,215.83,50702010
1664830800000,216.48,216.7,208.8,210.72,49758590
1664917200000,211.5,211.5,202.85,209.05,53221220
1665003600000,210,216.88,209.06,212.86,51655640
1665090000000,212.84,212.84,195.01,195.15,101567600
1665349200000,181.26,181.26,137.1,163.89,117002020
1665435600000,163.89,165.2,159.62,162.89,33263090
1665522000000,163.5,164,160.31,161.8,18207590
1665608400000,161.69,162.45,159.48,160.84,19844500
1665694800000,161,161.16,158.64,159.6,15405020
1665954000000,160,163.8,159.6,163.24,26848530
1666040400000,164,164.64,159.1,160.2,20793190
1666126800000,159.1,161.5,157.4,161.29,23659150
1666213200000,161.69,162.48,160.15,160.75,14362750
1666299600000,160,169.96,159.03,166.99,35542660
1666558800000,168,168.88,164.82,165.47,25935680
1666645200000,166,174.69,164.22,172.38,47641350
1666731600000,173.16,173.42,168.7,171.98,34577420
1666818000000,172.5,173.98,171.3,172.47,23317060
1666904400000,171.89,172.35,169.41,170.73,29765070
1667163600000,170.73,171.5,169.21,170.27,16029910
1667250000000,170.9,171.29,169.75,169.92,16818990
1667336400000,169.92,170.45,167.1,167.72,18473590
1667422800000,167.01,169.65,166.68,169.14,18183990
1667768400000,171.01,171.59,169.52,169.85,22049230
1667854800000,170.05,172,169.17,169.97,25270830
1667941200000,169.84,170.32,166.15,167.1,19094240
1668027600000,167.5,170.18,167.18,168.9,23976360
1668114000000,169.27,170.6,167.51,169.86,16602030
1668373200000,170.84,171.92,166.51,169.6,30081630
1668459600000,171.08,171.3,161.79,166.25,33224560
1668546000000,166.6,169.15,166.6,168.76,14139420
1668632400000,168.8,169.8,168.01,168.99,10921310
1668718800000,169.2,169.25,167.51,168.79,10143350
1668978000000,168.55,168.67,167,168.13,10291110
1669064400000,167.89,168.5,167.45,168.08,9949620
1669150800000,168.2,170.6,167.5,169.15,18366230
1669237200000,169.41,170.87,168.6,168.96,10807160
1669323600000,169.48,169.53,168.1,169.03,10192570
1669582800000,168,168.67,167.52,168.1,9571790
1669669200000,168.59,169,167.92,168.1,9804330
1669755600000,167.99,168.19,167.6,167.7,11838510
1669842000000,167.99,168.76,166.31,166.98,11990650
1669928400000,167,167.19,164.18,165.86,20380560
1670187600000,165.59,167.2,164.58,165.03,12272960
1670274000000,165.02,165.68,163.12,164.3,13489070
1670360400000,164.3,164.33,162.7,163.7,11225820
1670446800000,163.56,163.99,162.71,163,8847010
1670533200000,163,163.48,162.4,162.75,8318520
1670792400000,163.24,163.81,161.85,162.89,13175480
1670878800000,162.96,163.44,162,162.4,8494600
1670965200000,162.26,162.49,160.25,160.74,13893850
1671051600000,160.74,161.25,157.72,160.31,22023150
1671138000000,160.21,162.48,159.95,160.24,13726830
1671397200000,159.9,160.12,157,157.61,19335040
1671483600000,157.49,159.45,157.38,158.94,15671170
1671570000000,159.44,160,156.5,157.59,16525360
1671656400000,157.69,159,157.12,157.95,10571570
1671742800000,157.95,162.5,157.22,160.89,23300170
1672002000000,161.73,163.1,160.8,162.12,15149270
1672088400000,162.46,164.98,161.98,164.07,20333960
1672174800000,164.25,164.79,161.81,161.82,13612100
1672261200000,161.8,163.38,161.74,162.91,9234560
1672347600000,162.91,164,161.8,162.56,11643310
1672693200000,163,164.36,162.33,163.52,6386140
1672779600000,163.48,163.48,162.06,162.51,6677170
1672866000000,162.5,162.85,160.71,161.2,7605990
1672952400000,161.2,162.59,161.1,162.1,5247160
1673211600000,162.99,163.49,161.88,162.71,9747070
1673298000000,162.71,162.98,161.44,162.1,7348430
1673384400000,162.05,167.19,161.7,165.83,25247100
1673470800000,165.71,165.79,163.75,164.17,11374610
1673557200000,164.3,165.73,163.5,164.56,12251190
1673816400000,165.1,166.8,164.9,165.8,14684580
1673902800000,165.8,165.92,162,162.33,18071260
1673989200000,162.52,163.96,160.81,162.18,14474410
1674075600000,161.99,162.49,160.01,160.53,15637850
1674162000000,160.56,161.45,158.55,158.85,16523360
1674421200000,158.85,160.49,158.2,160.06,15094450
1674507600000,160.3,160.83,157.44,157.88,16620430
1674594000000,157.9,159.13,156.71,158.99,15570640
1674680400000,159.12,159.43,157.13,157.58,12385230
1674766800000,157.58,159.33,156.91,159.08,12293860
1675026000000,159.08,159.67,157.7,158.41,10740220
1675112400000,158.41,160,158,158.1,15129060
1675198800000,158.3,158.66,157.54,158.12,14240340
1675285200000,158.44,158.59,157.31,158.1,11991300
1675371600000,158.09,163.96,156.76,160.87,69539880
1675630800000,160.68,161.76,158.91,160.14,28144330
1675717200000,160.5,161.35,159.51,159.87,13954930
1675803600000,160.01,160.42,157.82,158.18,16688290
1675890000000,158.5,160.44,157.6,159.19,27661050
1675976400000,159.07,159.46,158.32,158.68,9874270
1676235600000,159.47,159.47,158,158.01,11418540
1676322000000,157.9,158.1,155.13,156.52,18614580
1676408400000,156.05,156.07,150.6,153.09,27565120
1676494800000,154.01,154.5,151.62,153.56,17324800
1676581200000,153.4,155.08,152.83,153.62,13264910
1676840400000,153.62,154.3,151.62,153.24,15317010
1676926800000,153.61,156.43,153.61,154.97,21395970
1677013200000,154.89,156.4,153.5,155.31,11653990
1677186000000,155.53,156.98,153.72,154.22,9977840
1677445200000,153.9,157.3,153.5,156.34,17130630
1677531600000,156.49,158.09,155.56,157.66,18437840
1677618000000,158,164.56,157.99,164.5,67730800
1677704400000,164.18,164.34,159.5,160.9,53198820
1677790800000,161.2,163.3,160.9,162.27,21331010
1678050000000,163.2,164.3,162.52,163.35,19513700
1678136400000,163.8,163.85,162,162.57,13857120
1678309200000,162.21,163.18,161.12,161.21,13951080
1678395600000,160.5,161.29,159.51,160.04,17242280
1678654800000,160.35,161.62,158.3,159.03,20242370
1678741200000,158.89,161.4,158.55,161,17511280
1678827600000,161.69,162.48,158.05,159.68,24955980
1678914000000,159.85,160.83,158.5,159.71,20918470
1679000400000,160.19,164.41,159.85,163.29,41756740
1679259600000,164.4,176.86,164.14,175.7,128096680
1679346000000,176,177.25,168.66,170.55,107470840
1679432400000,170,171.38,167.7,168.72,38941190
1679518800000,168.72,169.71,167.82,168.84,18755770
1679605200000,169.23,169.49,168.01,169.03,14775980
1679864400000,170.2,173.25,169.74,172.33,36031430
1679950800000,172.94,172.94,169.1,171.07,27050730
1680037200000,171.58,172.5,169.41,170.95,22448680
1680123600000,170.78,171.8,170.02,171.71,14713810
1680210000000,172,172.71,168.14,169.83,31382430
1680469200000,170.99,171.5,169,170.38,22791210
1680555600000,171,176,170.14,172.55,73197080
1680642000000,172.55,174.48,170.58,173.86,32905650
1680728400000,174.02,175,171.3,171.6,30250960
1680814800000,171.5,173.18,171.29,173.09,17927510
1681074000000,173.55,175.2,173.23,174.54,23369990
1681160400000,175.5,182.5,175.2,177.18,118205120
1681246800000,178.32,179.78,175.55,178.75,37417720
1681333200000,179.1,180.59,176.8,178.73,30771170
1681419600000,179,180.1,177.1,179.5,20380880
1681678800000,180.85,182.15,180.08,181.99,28695010
1681765200000,182.41,184.97,182,184.39,41506690
1681851600000,184.33,185.32,180.3,182.01,47950670
1681938000000,182.03,182.72,178.64,181.74,38613080
1682024400000,182,183.49,181.21,181.72,20942550
1682283600000,181.48,183.88,170.63,181.56,44375970
1682370000000,181.5,182.11,178,178.93,29273380
1682456400000,179.05,179.84,178.03,178.38,16609200
1682542800000,178.24,184.87,177.62,183.95,49286970
1682629200000,184.4,185,179.64,181.13,38845710
1682974800000,181,181.86,175.8,177.97,33096090
1683061200000,177.76,177.79,172.15,172.87,37664120
1683147600000,173.23,174.24,172.01,173.66,20471210
1683234000000,173.66,175.48,171.16,172.09,22696940
1683493200000,172.6,172.91,170.65,170.84,11491060
1683666000000,171.3,176.74,171.12,175.53,50981740
1683752400000,176.19,178.11,171.61,174.13,50340780
1683838800000,174.3,175,172.61,173.95,23451420
1684098000000,174.69,179.83,173.2,179.04,56172480
1684184400000,179.9,181.8,176.73,177.05,51242280
1684270800000,176.9,178.38,174.72,176.3,37026420
1684357200000,176.45,177.62,174.6,175.26,34013060
1684443600000,174.95,175.09,172.86,174.43,31830910
1684702800000,175.22,175.5,170.85,172.47,43986730
1684789200000,172.88,179.6,165.1,166.59,180771400
1684875600000,165.51,166.3,161.84,162.96,65947320
1684962000000,163,163,160.47,162.3,39403460
1685048400000,162,165.4,161.69,164.48,37679970
1685307600000,165.9,167.05,162.45,163.6,34102090
1685394000000,162.15,165.4,161.5,161.9,40687470
1685480400000,161.51,163.3,160.9,162.94,22984880
1685566800000,162.9,163.47,161.5,161.55,18719310
1685653200000,161.01,163.4,161.01,162.58,16843170
1685912400000,162.58,164.6,161.6,162.47,29606900
1685998800000,162,163.85,161.69,163.16,18296880
1686085200000,163.2,165.87,162.67,164.65,32420190
1686171600000,164.65,166.6,164.14,166.18,21633750
1686258000000,166.48,167.81,164.94,165.58,20740950
1686603600000,165.62,168.54,165.62,168.43,23323940
1686690000000,168.63,169.38,167.01,167.88,18772800
1686776400000,168,172,166.66,171.86,45115400
1686862800000,171.85,172.46,169.22,169.87,25354110
1687122000000,170.48,171.5,168.3,170.19,23524920
1687208400000,170.08,170.97,168.42,169.64,18394650
1687294800000,170.18,171.78,169.16,170.2,19263530
1687381200000,170,170.55,167.73,168.41,17241690
1687467600000,168.19,168.94,165.21,165.8,31230930
1687726800000,167.52,168.6,165,166.91,27845180
1687813200000,167.42,167.45,166,166.45,13933250
1687899600000,166.7,168.64,166.05,168.05,16798010
1687986000000,168.05,169.89,167.5,167.88,18384430
1688072400000,167.2,167.7,166.3,166.86,15690440
1688331600000,167.29,167.8,166.7,166.82,10691490
1688418000000,166.9,167,165.26,165.5,14891330
1688504400000,166.01,166.65,165.02,165.71,14587340
1688590800000,166,167.28,165.91,166.36,15375700
1688677200000,166.5,166.81,165.8,166.34,10246700
1688936400000,167.6,168.75,166.93,167.59,19521720
1689022800000,167.6,169,167.12,168.85,16276140
1689109200000,168.99,170.79,168.93,170.3,24651530
1689195600000,170.51,170.93,168.12,168.96,19970470
1689282000000,168.56,170,168.3,169.7,12111020
1689541200000,169,171.6,168.61,170.63,24594290
1689627600000,171,175.27,170.67,174.89,47642660
1689714000000,175.5,175.7,172.51,173.04,32568590
1689800400000,172.68,173.19,168.55,169.92,29217050
1689886800000,170.31,171.97,169.77,171.19,16817830
1690146000000,171.3,172.5,170.69,171.98,15265810
1690232400000,172.2,172.7,171.4,171.86,13979060
1690318800000,171.86,171.93,170.31,171.35,14922820
1690405200000,171.64,173.1,171.35,172,16977850
1690491600000,171.9,172.4,170,171.44,15616780
1690750800000,171.98,175.14,171.8,174.33,40474660
1690837200000,175.1,175.44,172.38,173.21,35445070
1690923600000,172.9,175.21,172.5,174.07,34736230
1691010000000,173.94,177.35,173.15,177.1,60808220
1691096400000,177,177.88,172.8,173.46,65999320
1691355600000,174.25,175.3,171.05,172.52,31870860
1691442000000,172.2,173.64,170.6,172.71,29094830
1691528400000,173.5,175,171.69,174.51,31584180
1691614800000,175.22,177.1,175,176.65,50886330
1691701200000,176.79,177,175.21,176.35,23562150
1691960400000,178,183.89,175.53,177.09,163423360
1692046800000,175.53,179.35,175.02,176.16,70539510
1692133200000,176.23,177.1,172.9,174.14,48782530
1692219600000,174.71,174.95,172.8,174.14,25823720
1692306000000,174.3,175.71,173.12,175.48,19434880
1692565200000,176.23,177.7,175.76,176.36,27050170
1692651600000,176.4,177,175.18,176.48,18200810
1692738000000,176.79,176.93,173.02,173.65,29092300
1692824400000,174.05,175.92,173.62,174.97,16660510
1692910800000,175.05,175.35,174.11,174.7,16900260
1693170000000,174.75,176.8,174.75,176.2,25295280
1693256400000,176.39,181.37,175.5,178.69,100349910
1693342800000,178.9,178.9,176.77,177.47,37475940
1693429200000,178,179.14,177.15,177.99,26372180
1693515600000,178,178.85,177.6,178.22,17217010
1693774800000,179.31,181.81,178.84,181.11,46306690
1693861200000,181.2,182.8,179,182.48,57327070
1693947600000,183.19,184,180.63,180.96,45647780
1694034000000,180.95,181.68,176.5,177.64,51507780
1694120400000,177.94,178.17,175.51,175.95,30580330
1694379600000,176.02,177.44,174.02,174.64,26939270
1694466000000,175.23,177.7,174.8,177.62,23280280
1694552400000,177.8,178,174.3,174.94,23907000
1694638800000,175.25,175.39,173.06,173.52,35295220
1694725200000,173.5,174.76,173.25,173.79,18926830
1694984400000,174.48,174.66,172.05,172.8,20549190
1695070800000,172.99,173.94,168.6,168.93,43228590
1695157200000,169.3,170.25,167.1,169.11,34236440
1695243600000,168.5,169.38,165.72,165.85,30389420
1695330000000,166.12,167,165.1,166.7,22550620
1695589200000,166.7,168.05,165.2,165.87,24330710
1695675600000,165.83,165.85,163.51,165.36,26742780
1695762000000,165.8,166.92,165.11,165.53,18538940
1695848400000,165.93,169.77,165.31,169.58,28834110
1695934800000,169.2,170.39,166.6,167.09,35987790
1696194000000,167.83,168.86,165.51,166.08,24391830
1696280400000,166,167.25,164.81,166.75,17376720
1696366800000,166.61,167.59,165.15,165.4,20157430
1696453200000,165.7,166.1,164.84,166.06,15310360
1696539600000,166.29,166.86,165.1,166.59,18321670
1696798800000,167.3,167.97,166.62,167.06,21747660
1696885200000,167.37,168.8,166.86,168.03,18583580
1696971600000,168.5,171.4,167.3,167.89,59982320
1697058000000,167.9,169.8,167.4,169.5,31850340
1697144400000,169.9,170.79,167.15,170.2,38618230
1697403600000,170.5,172.91,170.5,172.55,41588030
1697490000000,172.75,173.3,171.03,171.97,26755630
1697576400000,172.67,172.68,168.7,170.18,31942840
1697662800000,169.97,171,168.3,170.38,31739180
1697749200000,170.38,172.15,169.12,171.39,25370360
1698008400000,171.8,172.44,169.9,170.39,19946320
1698094800000,170.4,171.24,169.76,170.19,16175990
1698181200000,170.2,170.5,169,169.62,18127820
1698267600000,169.99,170.47,168.4,168.45,21080880
1698354000000,168.36,169.45,167.17,167.26,21573910
1698613200000,167.26,168.44,166.35,167.16,16443790
1698699600000,167,168.42,166.7,167.88,17254470
1698786000000,167.88,170.23,167.83,170.08,21107710
1698872400000,170.44,171.31,168,168.18,26482540
1698958800000,168.2,170,167.5,169.19,16647470
1699218000000,169.05,170.29,168.83,169.48,9341830
1699304400000,169.1,169.98,167.2,168.53,21854410
1699390800000,168.8,169.44,168.47,168.49,15410210
1699477200000,168.5,169.63,167.58,168.16,21016130
1699563600000,168.23,168.48,167.62,168.25,12991180
1699822800000,168.25,168.89,167.7,167.85,13608990
1699909200000,167.27,167.29,165.62,165.86,25406310
1699995600000,165.8,167,165.52,166.46,12828590
1700082000000,166.26,166.81,165.2,165.48,12945550
1700168400000,165.4,165.74,163.48,165.31,24194180
1700427600000,165.2,166.64,164.64,165.51,12648660
1700514000000,165.4,165.68,164.5,165.15,11427460
1700600400000,165.3,166.2,164.82,165.37,11543230
1700686800000,165.37,165.69,164.02,164.11,10824190
1700773200000,164.2,165.19,164.1,164.71,13584670
1701032400000,165.19,165.37,162.01,162.79,23704520
1701118800000,162.91,164.83,161.55,164.21,16819340
1701205200000,164,165.63,162.71,163.17,17322090
1701291600000,163.17,164.62,162.12,163.23,12315690
1701378000000,163.22,164.22,162.56,162.61,10935260
1701637200000,162.48,162.48,159.81,160.01,22003990
1701723600000,160.17,161.44,159.1,160.46,15034370
1701810000000,160.73,161.41,158.5,158.74,15554310
1701896400000,158.8,164.77,157.26,163.38,48532400
1701982800000,163.9,164.17,160.5,161.5,20195940
1702242000000,161.47,167.14,160.19,164.87,53056350
1702328400000,164.87,165.54,161.82,162.46,25407880
1702414800000,161.99,164.5,161.82,163.92,13393230
1702501200000,164.05,164.76,160.81,160.89,16996980
1702587600000,161.05,164.42,161.02,164.2,23929260
1702846800000,164.99,167.32,164.99,167,33132260
1702933200000,167.17,168.89,165.12,165.48,38430430
1703019600000,165.33,165.33,163.12,163.56,27649170
1703106000000,163.32,163.71,161.19,161.57,26473840
1703192400000,161.91,163.2,161.62,162.09,15417240
1703451600000,162.49,162.77,160.4,161.09,22398910
1703538000000,161.45,161.8,160.77,161,18585180
1703624400000,161.2,161.4,159.81,159.86,23733870
1703710800000,159.98,160.38,158.22,159.14,24873460
1703797200000,159.49,160.79,159.14,159.52,19270880
1704229200000,159.73,161.58,159.73,161.44,8117860
1704315600000,161.51,161.64,161,161.25,4888930
1704402000000,161.2,162.3,161.07,161.94,8784940
1704661200000,162.44,163.2,162,163.05,11173290
1704747600000,163.01,163.06,161.77,162.41,9608200
1704834000000,162.41,163.7,162,162.87,10752210
1704920400000,162.96,162.96,161.93,162.5,13102580
1705006800000,162.52,163.98,162.2,163.37,14760600
1705266000000,163.8,164.4,163.26,163.34,11074540
1705352400000,163.2,164.18,162.37,163.22,12202210
1705438800000,163.48,164.2,163,164.04,8673260
1705525200000,164.12,167.55,164.12,166.52,39396100
1705611600000,166.52,167.62,165.2,165.9,23573690
1705870800000,165.98,167,165.26,166.06,13014740
1705957200000,166.49,168.96,165.6,168.31,29371870
1706043600000,168.36,168.63,166.2,166.36,18385460
1706130000000,166.36,166.94,165.36,165.42,16186240
1706216400000,165.65,165.95,163.65,163.99,21001700
1706475600000,164,164.49,162.85,163.5,17106520
1706562000000,163.31,163.79,162.71,163.22,17847070
1706648400000,163.42,166.48,162.9,166.33,39753230
1706734800000,166.75,166.75,164.8,165.25,20908970
1706821200000,165.15,167.85,164.4,164.4,32746310
1707080400000,164.42,165.22,163.55,164.87,18001250
1707166800000,164.87,165.12,164.04,164.56,13180720
1707253200000,164.56,165.59,164.34,164.62,16397610
1707339600000,164.62,164.96,163.1,163.21,17761670
1707426000000,163.48,163.97,163.2,163.23,12339840
1707685200000,163.28,163.5,162.21,162.49,17911680
1707771600000,162.6,163.9,162,162.29,15099210
1707858000000,162.38,162.88,161.07,161.92,22048780
1707944400000,162.09,162.61,161.31,161.59,16636650
1708030800000,161.98,162,161.1,161.19,17152230
1708290000000,161.34,162.2,160.84,161.24,13029740
1708376400000,161.21,161.64,159.16,159.5,21865050
1708462800000,159.6,160.23,158.3,158.64,22520820
1708549200000,159,159.1,158,158.12,17683620
1708894800000,158.92,160.56,158.85,160.09,16627580
1708981200000,160.15,160.15,158.81,159.04,12124860
1709067600000,159.19,162.27,159.05,160.65,33721440
1709154000000,160.65,162.3,160,161.82,18118980
1709240400000,161.82,163.1,161.18,161.34,18294730
1709499600000,161.49,162,160.86,161.24,16580320
1709586000000,161.24,161.8,160.23,160.98,14143780
1709672400000,160.98,162,160.5,161.65,13620420
1709758800000,161.65,162.3,160.75,160.91,14213540
1710104400000,161.03,161.28,160.51,160.56,15911070
1710190800000,160.79,163.31,160.56,162.99,26531930
1710277200000,163.2,163.22,161.1,161.77,19204640
1710363600000,161.8,161.81,160.53,161.1,14016060
1710450000000,161.1,161.42,160.04,160.86,14155970
1710709200000,161.1,161.43,160.31,160.58,14279600
1710795600000,160.5,161.25,158.04,158.55,38302470
1710882000000,158.6,158.98,157.75,158.42,21082210
1710968400000,158.79,159.16,157.87,158.28,18125670
1711054800000,158.33,158.69,156,156.44,28164310
1711314000000,157.19,158.97,155.75,158.84,26977690
1711400400000,159.1,159.45,156.9,157.94,28042540
1711486800000,158,158.6,157.2,157.79,11874900
1711573200000,157.79,157.95,157.04,157.05,10233230
1711659600000,157.02,157.9,156.51,157.22,16069360
1711918800000,157.63,158.25,157.43,158.06,16774670
1712005200000,158.11,164.98,157.51,164.18,72249810
1712091600000,164.05,165.36,162.12,162.63,43058980
1712178000000,162.76,164.3,161.52,162.69,30264090
1712264400000,162.75,164.63,162.1,163.59,22832950
1712523600000,164,164.9,163.57,163.89,16501080
1712610000000,164,165.79,163.49,164.08,29074240
1712696400000,164.1,165.94,163.59,164.74,23220690
1712782800000,164.97,166.33,164.15,166.24,30798110
1712869200000,166.52,166.8,164.69,164.83,26345100
1713128400000,165,165.66,163.27,163.33,21614160
1713214800000,163.34,164.78,162.65,164.38,19294750
1713301200000,164.52,165.68,163.78,164.62,20072810
1713387600000,164.71,166.1,163.85,165.4,17628510
1713474000000,165.52,168.15,165,167.03,36227630
1713733200000,167.2,167.89,165.55,166.77,26962760
1713819600000,166.59,167.43,162.62,163.7,34991960
1713906000000,163.7,164.41,162.62,162.86,20812190
1713992400000,163,164.2,162.67,163.35,14602630
1714078800000,163.49,164.19,162.11,162.46,23118270
1714165200000,162.69,166.49,161.7,164.06,31254970
1714338000000,164.1,165.24,163.83,164.03,7827440
1714424400000,164.35,164.55,163.22,163.22,7189500
1714597200000,163.29,165.36,156.38,157.75,117419850
1714683600000,157.4,157.74,154,155.2,66285240
1714942800000,155.31,155.76,153,153.64,27052990
1715029200000,154,154.96,153.5,154.16,16599840
1715115600000,154.21,154.75,154.16,154.22,9624330
1715288400000,154.22,154.89,154.22,154.58,5027180
1715547600000,155.2,158.65,154.91,157.9,36528160
1715634000000,157.98,158.4,155.82,156.16,18712660
1715720400000,156.31,157.29,154.91,156.97,27244510
1715806800000,157,158.1,156.67,157.88,24806910
1715893200000,158.35,158.35,154.75,155.17,40725570
1716152400000,155.31,155.69,145.01,145.03,138805570
1716238800000,144.24,145.68,137.35,139.54,177488970
1716325200000,139.8,142.2,138.67,139.25,54149780
1716411600000,139.08,139.08,133.17,134.69,110788890
1716498000000,134.9,136.45,133,133.34,58821300
1716757200000,134.2,134.69,127.56,128.42,89295170
1716843600000,128.77,131.75,126.82,128.47,63491780
1716930000000,129,129.82,127.12,128.89,45104880
1717016400000,129.5,129.53,123.26,124.93,45410680
1717102800000,125,127.92,123.81,126.46,75228150
1717362000000,126.68,128.61,122.09,124.14,70714210
1717448400000,124.22,125.16,122.75,125.1,34773460
1717534800000,125.72,126.5,123.63,124.02,37352190
1717621200000,124.1,124.94,123.38,123.6,20684110
1717707600000,123.8,125.82,122.16,122.78,47549190
1717966800000,123.05,123.64,117.54,119,85242800
1718053200000,119.15,119.34,116.33,117.53,62511320
1718226000000,113,119.93,112.07,119.63,70245160
1718312400000,119.96,122.01,118.89,121.65,50038450
1718571600000,122.34,122.68,120.79,121.54,28884630
1718658000000,121.54,122.04,117.18,118.02,40921970
1718744400000,118.02,118.5,112.54,113.85,74701120
1718830800000,114.3,116.39,110,115.92,176304340
1718917200000,116,117.25,114.14,115.4,45955860
1719176400000,115.4,116.35,113.2,113.67,27459870
1719262800000,114.01,115.09,112.46,114.97,32091500
1719349200000,115.02,117.25,114.65,117,39678830
1719435600000,117.05,118.37,115.4,115.65,30930680
1719522000000,116.33,116.65,114.88,115.94,23970340
1719781200000,116,121.82,116,121.4,59999040
1719867600000,121.4,127.25,120.76,126.2,130099950
1719954000000,126.22,129.45,124.14,124.96,165369260
1720040400000,125,126.8,121.7,122.17,80922630
1720126800000,122.01,127,121.2,126.74,124619040
1720386000000,127.5,128.84,125.25,127.74,89852870
1720472400000,128,128.97,123.15,124.05,90409910
1720558800000,123.98,125,117.75,117.81,99730430
1720645200000,117.6,122.7,117.6,121.75,72196900
1720731600000,121.9,122.47,118.23,119.65,48210120
1720990800000,120,120.99,118.52,119.28,40528050
1721077200000,119.28,126.01,118.61,124.74,93665430
1721163600000,125.23,126.83,123.21,124.46,67304690
1721250000000,124.46,129.85,123.38,129.81,89804920
1721336400000,130.1,132.47,128.79,130.88,92987450
1721595600000,131.96,132.81,130.28,131.61,53280240
1721682000000,131.65,135,129.57,134.07,69161410
1721768400000,134.07,137.28,133.42,136.73,64078490
1721854800000,136.75,137.14,134.87,135.1,41046810
1721941200000,135.1,136.68,132.59,135,82134230
1722200400000,134.49,134.77,130.12,130.99,64635080
1722286800000,130.8,134.07,130.46,132.4,53203780
1722373200000,132.32,134.49,132.01,133.31,48397120
1722459600000,133.48,134.35,131.51,132.05,29614440
1722546000000,132.05,132.6,129.66,131.45,40721860
1722805200000,129.05,130.54,127,127.25,59664760
1722891600000,128.39,129.6,127.34,128.7,37177160
1722978000000,128.87,130.34,126.18,129.84,61768160
1723064400000,130.01,130.91,127.36,128.14,39306320
1723150800000,128.01,129.76,127.27,128.64,29420480
1723410000000,128.39,129.35,127.11,128.71,25827740
1723496400000,128.72,130.8,128.72,130.49,23818940
1723582800000,130.8,131.49,129.51,129.84,21740580
1723669200000,129.99,130.31,127.01,127.6,25727960
1723755600000,127.6,128.24,125.26,126.36,30450500
1724014800000,126.4,127.69,125.21,126.29,30525030
1724101200000,126.29,127.64,125.33,125.85,28180250
1724187600000,125.46,126.4,123.03,123.38,35983860
1724274000000,123.39,123.97,117.84,118.51,56198040
1724360400000,118.2,119.24,115,116.81,60663060
1724619600000,119.5,128.01,119.49,126.8,123258220
1724706000000,127.3,127.98,122.52,124.47,92790430
1724792400000,124.34,125.67,121,124.51,71155350
1724878800000,124.5,130.91,123.55,130.27,165047240
1724965200000,130.89,131.3,122.6,122.97,121617930
1725224400000,122.9,124.73,121.43,123.86,82918950
1725310800000,124.2,125.5,118.6,120.6,84484940
1725397200000,120.6,122.9,119.66,122.46,45807220
1725483600000,123.5,124.95,121.54,123.76,50102670
1725570000000,123.76,124.6,122.26,123,24886060
1725829200000,123.62,125.48,123.2,125.04,31700150
1725915600000,125.5,125.96,122.82,123.44,28019560
1726002000000,123.4,123.67,121.35,121.62,22183380
1726088400000,121.6,121.84,117.32,118.78,46788690
1726174800000,118.79,119.97,116.01,119.91,55825340
1726434000000,120.6,122.62,119.52,121.73,38854810
1726520400000,121.91,123.47,120.17,123.1,36877510
1726606800000,122.53,123.9,121.9,122.18,30649560
1726693200000,121.9,123.39,121.21,122.24,43382140
1726779600000,122.3,123.18,121.86,122.4,28518020
1727038800000,122.65,130.8,122.62,130.35,138227980
1727125200000,130.9,139.9,130.66,139.71,296528780
1727211600000,140.5,140.99,134.29,135.44,150051920
1727298000000,134.91,138.48,133.64,137.35,131197240
1727384400000,137.55,141.77,136.4,140.5,86225140
1727643600000,140.5,144.2,136.82,138.19,237070920
1727730000000,137.9,139.2,134.44,136.21,98557620
1727816400000,136.22,137.16,131.7,132.12,66820150
1727902800000,131.6,134.16,130.32,133.87,57363130
1727989200000,134.06,134.49,132.03,133.32,28796380
1728248400000,133.32,133.66,131.6,133.5,25456730
1728334800000,133.11,134.88,132.9,133.83,32048400
1728421200000,133.77,133.92,131.5,132.51,19471090
1728507600000,132.5,133.49,132.15,132.69,17588930
1728594000000,132.94,132.94,131.52,131.82,21593520
1728853200000,131.5,133.35,130.51,131.92,34766880
1728939600000,131.85,134.4,131.43,133.97,28313540
1729026000000,134.03,138.8,133.96,137.24,78152550
1729112400000,137.49,138.29,134.8,136.05,49328930
1729198800000,136.27,137.3,134.8,135.67,26454740
1729458000000,135.68,136.6,135.11,135.97,19256570
1729544400000,136.12,140.08,135.51,136.24,55318450
1729630800000,136,137.5,134.13,134.76,35901510
1729717200000,134.94,135.2,132.15,134.12,28816490
1729803600000,134.15,136.5,132,133,55157550
1730062800000,131.98,132.26,123.5,124.87,80459410
1730149200000,125.12,126.96,121.85,125.97,67274150
1730235600000,126.16,127.2,123.52,123.8,35262440
1730322000000,123.16,124.94,122.25,123.44,34777610
1730408400000,123.8,125.67,122.71,125.6,24664670
1730494800000,125.74,129.3,125.01,128.7,32521880
1730754000000,129,129.37,127.37,128.77,23073860
1730840400000,133.11,136.59,130.4,131.92,109221520
1730926800000,131.85,135.54,129.65,135.52,52608800
1731013200000,135.8,137,133.64,135.9,64515570
1731272400000,137.2,138.33,135.24,138.12,45791540
1731358800000,137.82,137.82,134.64,135.16,33078360
1731445200000,134.9,136.65,132.27,132.6,32556660
1731531600000,132.02,133.34,130.67,131.61,40544900
1731618000000,131.61,134,131.02,133.37,48146470
1731877200000,129.5,130.73,128.75,129.12,60407760
1731963600000,128.98,129.38,123.8,125.49,59160940
1732050000000,126,126.78,120.36,121.89,61761810
1732136400000,122.2,124.35,119.62,124.1,77481690
1732222800000,124.25,124.32,118.4,119.47,72089820
1732482000000,119.5,120.45,116.06,117.44,53827410
1732568400000,117.25,119.43,114.01,114.5,58959310
1732654800000,115,119.81,112.34,119.41,93159920
1732741200000,120,121.5,118.25,120.29,54425530
1732827600000,120.29,124.9,119.6,124.29,73153340
1733086800000,125,125.45,123.51,123.9,42710420
1733173200000,123.9,124,120.71,121.48,34810040
1733259600000,121.5,123.46,114.13,115.3,87366410
1733346000000,115.8,117.46,113,116.63,94830050
1733432400000,117.17,117.32,113.9,114.99,48053970
1733691600000,115.76,117.86,115,117.06,41851750
1733778000000,117.4,117.47,114.5,114.7,38672000
1733864400000,114.6,116,113.75,115.16,47568650
1733950800000,115.16,115.4,113,113.1,40241950
1734037200000,113,114.2,112.46,112.86,34353520
1734296400000,112.69,112.8,108.11,108.71,78161020
1734382800000,108.72,109.47,106.1,107.26,67650770
1734469200000,107.46,108.57,105.22,108.05,79060770
1734555600000,108,111.16,106,107.16,164458790
1734642000000,107.16,116.42,106.88,115.24,155013740
1734901200000,117.18,120.99,116.58,119.75,96363630
1734987600000,119.97,123.25,118.48,121.7,109011190
1735074000000,121.71,128.71,121.12,128.11,168881530
1735160400000,128.4,129.6,125.72,126.89,103442830
1735246800000,126.89,128.3,126.41,127.79,49876270
1735333200000,127.79,130,127.7,129.6,53033190
1735506000000,130.05,133.36,130.05,133.12,52862990
1735851600000,132.9,133,128.2,128.66,45077800
1736110800000,128,128.44,126.53,128.34,23704570
1736283600000,128.24,129.89,128.14,129.45,21526650
1736370000000,129.68,129.68,123.51,124.01,66156670
1736456400000,124.51,127.37,121.31,126.6,102667730
1736715600000,127.96,132.68,127.72,131.47,102891820
1736802000000,131,134.82,130,132.99,91468470
1736888400000,133.1,136.52,131.85,136.36,75606700
1736974800000,136.36,137.66,134.11,135.33,72504860
1737061200000,135.33,139.17,134.7,138.76,68351940
1737320400000,140.14,140.96,136.55,137.1,79485480
1737406800000,137.1,138.89,135.22,138.01,51049100
1737493200000,138.15,139.59,136,136.83,56189470
1737579600000,136.79,138,135.55,137.84,37353350
1737666000000,138.31,139.31,137.07,138.43,40997950
1737925200000,138.43,138.96,133.82,134.26,46261010
1738011600000,134.03,138.75,132.77,137.54,74617870
1738098000000,137.78,139,136,137.05,32928780
1738184400000,137.05,140.77,136.79,140.47,67516680
1738270800000,140.55,144.29,139.6,140.84,104745440
1738530000000,140.45,142.15,138.4,139.63,61419880
1738616400000,139.95,140.58,136.6,136.84,50420110
1738702800000,136.85,140.49,136.1,140.45,67187500
1738789200000,140.52,143.43,139.1,141.98,73238430
1738875600000,142.2,143.13,141.01,141.9,39550870
1739134800000,142.67,144.62,141.93,142.46,62348530
1739221200000,142.28,143.9,140.77,142.97,46769990
1739307600000,143.03,154.6,143.03,154.6,233150190
1739394000000,159.1,175.19,156.33,166.32,533021120
1739480400000,169.94,173.93,163.07,168.1,325611890
1739739600000,172.02,180.05,171.1,180.05,214122040
1739826000000,181,184.8,169,171.2,319221210
1739912400000,172.22,177.8,169.12,176.25,140445300
1739998800000,176.26,176.44,172.23,173,84843560
1740085200000,173,174.38,167.61,171.09,101892300
1740344400000,170.47,177.2,169.22,177.16,115933550
1740430800000,177.2,179.77,173.74,175.1,101106090
1740517200000,175.7,175.7,168.75,169.26,102026480
1740603600000,169.26,171.84,166.22,166.7,115618730
1740690000000,166.34,172,163.53,170.87,146393550
1740776400000,171.5,171.61,170.15,170.64,2357800
1740862800000,170.82,172.73,170.25,170.96,11997300
1740949200000,171.09,171.48,163.35,169.26,140561440
1741035600000,170,175.3,169.55,173.92,99290710
1741122000000,173.55,178,170.26,170.95,131050640
1741208400000,171,175.71,170,172.93,86510360
1741294800000,172.6,174.79,168.13,171.56,85018390
1741554000000,171.97,172.78,170.15,171.09,35410310
1741640400000,171.09,172.5,169.15,170.42,61143390
1741726800000,170.42,171.14,167.7,168.29,46487190
1741813200000,168.3,171.7,160.71,168.11,214675050
1741899600000,167.22,171.47,164.38,170.45,110594810
1741986000000,170.45,170.99,170.34,170.45,2231370
1742072400000,170.4,173.16,170.37,172.81,8259930
1742158800000,172.85,174.84,171.47,172.73,105485100
1742245200000,173.39,174.48,167.55,168.52,141726140
1742331600000,169,169.78,165.57,168.33,74132780
1742418000000,168.7,169,165.67,168.09,83481470
1742504400000,167,168.94,166.02,166.61,54323230
1742763600000,166.4,166.63,163.11,164.56,44708200
1742850000000,164.95,166.33,160.25,164.46,84616820
1742936400000,165.2,167.26,161.21,161.85,58679870
1743022800000,161.5,162.4,154.9,155.25,90863590
1743109200000,155,156.11,145.2,145.43,169580410
1743195600000,145.41,145.72,143.99,143.99,8751830
1743282000000,143.99,143.99,143.99,143.99,653380
1743368400000,142.45,147.49,140.5,145.69,104404550
1743454800000,146.09,147.82,136.7,137.5,156100030
1743541200000,137.5,139.98,135.44,139.23,107535040
1743627600000,139.8,143.01,130.73,134.54,150937530
1743714000000,136,136.66,126.4,126.7,178689570
1743800400000,126,126.51,124.16,126.28,20162940
1743886800000,126.05,128.92,125.56,128.54,14999620
1743973200000,126,129.69,118.1,125.57,211615400
1744059600000,126.6,128.94,121.36,121.91,110693830
1744146000000,120.77,128.62,116.6,127.76,213129370
1744232400000,128.48,131,124.64,127.44,119247830
1744318800000,127.76,133.59,127.38,132.91,126458420
1744405200000,134.36,135.95,133.91,135.94,21384600
1744491600000,135.8,135.95,135.05,135.95,9681420
1744578000000,136.11,137,130.66,132.05,96395630
1744664400000,132,134.3,129.74,131.6,80694900
1744750800000,131.6,134,129.02,132,84950240
1744837200000,132.52,137.48,132.4,136.79,110560710
1744923600000,134.6,136.31,133.03,134.77,96727500
1745182800000,136.4,140,135.29,139.53,95448040
1745269200000,139.8,146.79,138.51,145,182226180
1745355600000,145.25,145.97,138.58,143.38,198410840
1745442000000,144,146.78,143.54,144.29,105241790
1745528400000,145.03,150.8,144.64,150.23,170697220
1745614800000,152,154.6,151.1,152.76,54548370
1745701200000,153,153.9,152.41,153.72,16024960
1745787600000,152.37,157.45,149.05,153.27,205974520
1745874000000,153.27,154.5,147.21,149.25,132410920
1745960400000,149.34,153.95,147.11,149.89,203045570
1746133200000,149.7,149.7,138.15,138.89,105845280
1746219600000,138.98,141.18,137.81,139.58,22125740
1746306000000,139.8,141.85,139.55,141.1,18460450
1746392400000,140.25,141.57,131.53,135.09,180794130
1746478800000,134.92,139.5,132.33,137.71,204858750
1746565200000,137.76,140.38,136.76,139.9,112962170
1746651600000,140.06,144.77,140.03,142.9,145783600
1746824400000,144.05,145.07,143.1,143.87,23189660
1746910800000,147.27,147.27,145.06,145.88,37314220
1746997200000,147.1,149.39,144.71,146.73,149538040
1747083600000,146.98,147.5,144.83,145.64,80206180
1747170000000,145.93,146.8,141.59,141.74,101414090
1747256400000,141.65,143.18,137.86,139.44,154679680
1747342800000,139.89,140.82,133.5,139.1,186039790
1747429200000,139.4,142.45,139.23,141.83,25225550
1747515600000,143,143.26,142,143.26,23483340
1747602000000,143.49,143.64,138.88,139.72,142355010
1747688400000,140.02,140.5,134.99,137.1,95710800
1747774800000,137,141.99,135.25,136.5,136285100
1747861200000,136.2,136.84,130.07,130.87,188984160
1747947600000,131,131.5,128.81,131.13,76880440
1748206800000,130.67,130.98,124.18,125.52,119026370
1748293200000,125.38,127.82,122.57,127.41,106322530
1748379600000,127.41,132.4,127.05,131.95,98404920
1748466000000,132.3,132.4,129.21,129.42,66316700
1748552400000,129.35,133.05,128.33,132.26,84542380
1748638800000,132.37,132.95,132,132.15,6867220
1748725200000,131.72,131.76,128.16,128.16,31889750
1748811600000,127.4,131.68,126.8,129.87,113701680
1748898000000,130.05,131.18,128.64,130.56,56516870
1748984400000,130.57,132.43,128.72,129.58,76519600
1749070800000,129.9,130.46,128.91,129.48,39116740
1749157200000,129.4,132.4,125.51,125.56,112797100
1749243600000,125.67,126.5,125.67,126.17,4185540
1749330000000,126.18,126.27,124.81,125.4,5538230
1749416400000,125.6,126.1,122.67,123.5,58367100
1749502800000,123.88,124.27,121.85,122.8,47777960
1749589200000,123.06,123.59,122.22,122.84,29945840
1749762000000,124.1,124.49,123.06,123.39,20278100
1749848400000,123.85,125.52,123.57,125.5,9766920
1749934800000,126.26,126.75,123.59,125.15,14726220
1750021200000,125.7,125.85,122.66,123.05,36743120
1750107600000,123.18,128,122.68,127.17,70981050
1750194000000,127.44,127.87,125.51,126.67,51366530
1750280400000,126.94,127.35,125,125.92,47831440
1750366800000,125.82,126.66,123.4,124.27,46445250
1750626000000,124.88,125.82,123.51,124.28,42578240
1750712400000,124.25,125.4,122.86,125.13,39648080
1750798800000,125.01,126.99,124.53,126.35,42176260
1750885200000,126.4,128.24,125.43,126.69,36709800
1750971600000,126.76,128.19,125.57,127.59,53371930
1751058000000,127.62,128.15,127.2,127.48,3494040
1751144400000,127.4,128,126.73,127.1,5101930
1751230800000,127.08,130.55,126.3,129.89,65986930
1751317200000,129.98,131.17,127.9,128.26,53430410
1751403600000,128.45,129.2,126.26,127.11,45445110
1751490000000,127.12,129.4,126.3,127.85,48314630
1751576400000,127.39,128.8,126.6,127.83,35326400
1751662800000,127.72,127.91,127.41,127.7,896090
1751749200000,127.53,127.78,127.31,127.53,835850
1751835600000,127.83,127.83,123.33,124.02,49760980
1751922000000,123.7,124.7,120.89,121.03,48836530
1752008400000,121.02,122.16,118.11,119.67,59248710
1752094800000,120,121.42,119.37,120.32,37475380
1752181200000,120.33,120.59,116.02,116.24,61242280
1752267600000,116.39,116.9,116.26,116.69,3068580
1752354000000,116.9,116.9,115,116.37,8661120
1752440400000,116.24,122.5,115.15,122.3,92914450
1752526800000,122.5,122.8,121.17,121.63,41481520
1752613200000,121.79,123.8,120.85,122.83,55391840
1752699600000,122.85,123.6,120.63,120.8,38041300
1752786000000,120.76,126.85,120.11,126.75,90816870
1752872400000,126.76,129.58,126.58,128.21,15567430
1752958800000,129.39,129.81,127.77,128.23,7479500
1753045200000,128.39,128.89,126.67,128.34,50912780
1753131600000,128.15,129.63,127.3,129.07,44261960
1753218000000,129.1,130.3,128.8,129.2,50133820
1753304400000,129.01,129.69,127.01,128.04,32916610
1753390800000,128.25,129.15,125.67,126.5,56385550
1753477200000,126.63,126.82,126.19,126.44,1929200
1753563600000,126.25,126.42,125.8,125.87,1849900
1753650000000,126.05,126.05,122.02,122.86,65986270
1753736400000,123.28,123.91,122.05,122.69,39206960
1753822800000,122.7,122.89,121,121.34,27774960
1753909200000,121.48,122.84,120.7,122.57,28338610
1753995600000,123.01,124.84,120.12,121.63,48907340
1754254800000,122.33,126.05,121.75,125.94,65248890
1754341200000,125.9,126.82,124.8,125.98,49613660
1754427600000,126.29,132.9,123.73,130.11,186385460
1754514000000,130.2,136,129.4,134.24,295955340
1754600400000,134.74,141.58,132.6,141.16,211552510
1754859600000,144.1,144.4,137.9,140,190876130
1754946000000,140,141.43,138.52,140.8,77423880
1755032400000,141,141.94,138.95,139.39,95113520
1755118800000,139.37,140.79,137.16,140.26,106670580
1755205200000,140.4,143.45,139.67,142.53,117191480
1755291600000,138.14,138.85,138.14,138.14,37095400
1755378000000,138.14,138.14,138.14,138.14,1755120
1755464400000,136.4,141.98,135.69,139.5,151934350
1755550800000,140.5,140.8,136.88,137.81,101884930
1755637200000,137.82,138.44,134.7,135.31,76288910
1755723600000,135.21,135.48,130.34,131.13,117557300
1755810000000,131.15,132.73,130.38,132.57,63726330
1755896400000,132.56,132.9,132.39,132.76,2851100
1755982800000,132.59,132.83,131.61,132.13,4995600
1756069200000,132.13,132.77,129.7,132.38,58964710
1756155600000,132.24,134.44,132.1,133.69,56329870
1756242000000,133.32,136.26,132.83,135.51,63420020
1756328400000,135.86,135.89,131.52,133.25,76666090
1756414800000,133.7,136.47,131.89,135.88,93599280
1756501200000,135.86,136.28,135.15,135.64,8299500
1756587600000,135.69,136.47,135.68,136.37,8944320
1756674000000,136.37,137.45,133.85,134.91,53861360
1756760400000,135.03,136.41,130.45,132.18,122662420
1756846800000,132.34,132.68,130.68,132.18,48140000
1756933200000,132.17,132.59,129.83,130.8,57063950
1757019600000,131,132.5,130.91,131.87,39869800
1757106000000,132,132.17,131.6,131.92,2030260
1757192400000,131.92,132.57,131.75,132.3,2608750
1757278800000,132.33,134,131.95,133.48,43684950
1757365200000,133.65,133.96,132.52,133.52,33873600
1757451600000,133.48,133.58,130.07,130.73,62725880
1757538000000,130.96,131.33,128.88,130.02,49394930
1757624400000,130.33,130.45,125.15,125.44,84610920
1757710800000,125.43,125.69,125,125,4842760
1757797200000,125.06,126.6,125.03,126.19,8143990
1757883600000,126.26,126.59,123.5,124.07,60002080
1757970000000,124.07,125.33,121.81,122.58,68568340
1758056400000,122.62,125.44,121.87,125,52979900
1758142800000,125.28,125.28,122.16,122.77,74130390
1758229200000,122.85,123.8,120,120.44,74312600
1758488400000,120.5,120.97,117.72,119.5,85770530
1758574800000,119.52,121.5,116.86,117.11,74457750
1758661200000,117.66,119.66,115.88,118.9,73704390
1758747600000,118.95,119.4,116.68,117.66,36809930
1758834000000,117.6,120.55,117.06,120.15,56771260
1758920400000,119.95,120.29,119.63,120.11,1979880
1759006800000,120,120.15,119.55,119.8,2437660
1759093200000,120.1,120.59,116.36,117.05,65355770
1759179600000,117.07,118.49,116.11,118.19,49803700
1759266000000,118.24,118.99,115.5,116.43,65042000
1759352400000,116.37,117.45,115.26,116.07,43987840
1759438800000,116.11,117.11,114.85,115.09,41513210
1759525200000,115.24,115.48,113.49,114.14,16607850
1759611600000,114.14,115.07,113.66,114.98,5557650
1759698000000,115.1,119.44,114.33,119.17,83914670
1759784400000,118.76,120.22,117.74,118.74,57025760
1759870800000,118.74,119.33,113.39,114.22,85323350
1759957200000,114.94,117.8,111.81,116.83,102488900
1760043600000,116.84,118.08,115.11,115.18,57570610
1760130000000,115,115.72,114.52,115.71,4391750
1760216400000,115.52,116.46,115.52,116.11,3713620
1760302800000,116.26,117.46,114.34,115.84,59438990
1760389200000,116.04,116.39,114.27,115.27,39482640
1760475600000,115.31,117.26,114.5,115.13,46640120
1760562000000,115.13,124.64,114.79,124.36,169825180
1760648400000,124.36,126.75,122.55,124.74,102807290
1760734800000,126,126.9,125.3,126.39,15487510
1760821200000,126.39,126.76,125.1,125.7,11158820
1760907600000,125.8,127.78,125.15,126.02,64791340
1760994000000,126,126.19,117.5,120.9,167947320
1761080400000,121.23,122.2,117.61,119.14,84718710
1761166800000,116,118.79,115,117.8,62241710
1761253200000,117.9,119.09,115.73,116.94,57038810
1761512400000,116.94,116.98,115.1,115.16,44070553
1761598800000,115.3,117.46,114.35,116.43,48131180
1761685200000,116.6,117.35,115.85,116.37,30684620
1761771600000,116.35,118.29,116.03,117.25,49775350
1761858000000,117.1,117.59,115.48,116.11,32105100
1761944400000,116.35,116.6,115.95,116.2,9047650
1762117200000,116.65,118.1,116.43,117.52,18724960
1762290000000,117.39,117.51,116.15,116.46,33692050
1762376400000,116.59,117.4,116.23,117.12,23007810
1762462800000,117,121.29,116.86,120.45,83253630
1762549200000,120.52,121.27,120.31,120.6,5723920
1762635600000,120.59,121.1,120.38,121.06,2865990
1762722000000,121.18,122.84,119.26,119.34,62608290
1762808400000,119.6,121.8,119.01,121.53,36726630
1762894800000,121.55,121.9,118.42,119.14,41179240
1762981200000,119.14,120.13,118.65,119.28,26770470
1763067600000,119.25,119.91,117.63,118.16,30982730
1763154000000,118.33,118.45,117.88,118.16,1579840
1763240400000,118,118.19,117.74,118,1865320
1763326800000,117.99,119.71,117.02,118.14,41264420
1763413200000,118.15,122.5,117.7,121.06,95132540
1763499600000,121.62,127,121.42,124,147439850
1763586000000,124.23,129.29,122.64,128.11,129960600
1763672400000,128.19,128.82,125.35,127.06,95214780
1763931600000,128.01,130,124.53,126,89431820
1764018000000,126.03,128.8,125.1,127.6,95219070
1764104400000,127.58,127.58,126.3,126.6,27804640
1764190800000,126.6,127.34,123.07,124.06,67947950
1764277200000,124.04,128.32,123.62,127.7,69162180
1764363600000,127.7,127.8,127.11,127.43,3862440
1764450000000,127.45,128.8,127.45,128.5,9300240
1764536400000,128.4,129.21,127.34,127.8,63912050
1764622800000,127.78,128.89,126.1,127.02,54932090
1764709200000,125,125.6,123.71,125.01,68542370
1764795600000,125.39,126.46,125.17,125.32,30008300
1764882000000,125.35,128.8,125.22,128.67,61368000
1765141200000,128.71,130.85,126.85,127.12,86621220
1765227600000,127.5,130.11,126.7,129.28,67549450
1765314000000,129.3,129.4,128.11,128.32,30848250
1765400400000,128.35,131.85,128.35,130.3,106022220
1765486800000,130,130.94,127.16,127.44,72735320
1765573200000,128,128.34,127.81,128.14,4319280
1765659600000,128.13,128.2,127.2,127.88,6617360
1765746000000,128.76,129.54,127.67,129.12,55403280
1765832400000,129.4,131.17,128.77,130.51,50606070
1765918800000,130.53,131.48,127.85,129.11,81349920
1766005200000,129.48,129.6,128.31,128.76,53106650
1766091600000,128.97,130.76,126.11,127.46,113864940
1766178000000,127.63,127.71,127.23,127.55,3107340
1766264400000,127.55,127.69,127,127.25,3273030
1766350800000,127.31,127.59,124.4,124.6,63650600
1766437200000,124.71,125.77,123.43,125.32,50232570
1766523600000,125.5,125.7,124.36,125.04,27637610
1766610000000,125.04,125.19,124,124.2,23791600
1766696400000,124.15,127.44,124.01,127.37,60013930
1766782800000,127.5,127.95,127.37,127.65,9071690
1766869200000,127.88,128.07,126.8,127.83,8245610
1766955600000,127.83,129.71,124.75,125.29,106661060
1767042000000,125.21,126.1,124.86,125.36,34516270
1767560400000,124.83,125.29,122.01,123.72,41376700
1767646800000,123.75,124.32,123.24,123.64,15357810
1767819600000,122.62,123,121.81,122.21,24200750
1767906000000,122.27,123.95,122.25,123.23,20409550
1768165200000,123.15,124.38,120.42,120.81,78290730
1768251600000,120.89,121.5,119.65,120.27,39373830
1768338000000,120.55,123.46,119.52,121.47,66192040
1768424400000,121.31,122.5,120.77,122,32861230
1768510800000,122.02,123.82,121.8,123.63,41152650
1768597200000,123.63,123.99,123.31,123.5,2956470
1768683600000,123.49,123.87,123.32,123.85,2544850
1768770000000,123.94,124.37,122.88,123.14,35650750
1768856400000,123.2,123.83,122.3,123.42,36063100
1768942800000,123.67,126.74,122.75,126.62,79381680
1769029200000,126.7,127,125.1,125.74,62263490
1769115600000,125.3,127.99,125.03,127.6,53033020
1769202000000,127.59,127.9,125.81,126.6,21023840
1769288400000,126.85,127.29,126.71,127.2,5395030
1769374800000,126.8,126.9,125.01,125.6,46486980
1769461200000,125.74,129.1,125.15,128.27,71763370
1769547600000,128.52,128.92,126.8,127.07,43809330
1769634000000,127.47,130.39,127.13,129.35,109249710
1769720400000,129.22,129.68,126.6,127.6,58841630
1769806800000,127.79,128.07,127.36,127.68,2117520
1769893200000,127.68,128.53,127.22,128,6764780
1769979600000,127.7,127.98,126.1,127.84,50415660
1770066000000,128.02,128.34,126.76,127.27,33552410
1770152400000,127.21,128.35,126.15,126.8,43307740
1770238800000,126.75,127.09,124.56,125.59,46983390
1770325200000,125.5,126.14,124.89,125.53,18745070
1770411600000,125.56,125.95,125.48,125.65,2262800
1770498000000,125.65,125.95,125,125.33,3473910
1770584400000,125.1,125.28,123.8,124.14,26968280
1770670800000,124.25,124.67,122.8,122.95,32765160
1770757200000,123.22,125.9,123,124.76,53288850
1770843600000,124.7,125.88,124.31,125.2,28232240
1770930000000,125.31,127.59,124.62,127.5,57899300
1771189200000,127.6,128,126.5,126.74,28357350
1771275600000,126.8,127.44,125.67,126.18,31422560
1771362000000,126.1,126.58,125.29,126.18,26091000
1771448400000,126.5,126.91,125.53,125.7,18609920
1771534800000,125.73,126.4,125.04,125.93,21991430
1771621200000,125.93,126.01,125.7,125.74,937550
1771707600000,126.78,128.5,126.5,127.85,19748160
1771794000000,127.9,128.16,127.63,127.87,3645630
1771880400000,128.02,128.99,126.05,126.89,55067010
1771966800000,126.8,127.44,126.5,127.1,22805980
1772053200000,127.43,128.04,126.36,126.6,24679620
1772139600000,126.51,127.39,126.4,127.03,18667730
1772226000000,127.3,128.8,127.03,128.68,30441740
1772312400000,128.9,130,128.34,129.83,45249070
1772398800000,129.56,131.55,128,130.26,147768600
1772485200000,130.52,131.7,128.16,128.49,101489020
1772571600000,128.86,130.04,126.9,127.5,62661560
1772658000000,127.6,128.91,127.07,128.49,49797480
1772744400000,128.52,132.51,127.76,132.17,121157700
1773003600000,136,139.9,129.6,130.22,177679550
1773090000000,130.82,132.65,129,130.27,92849080
1773176400000,130.09,131.33,129.52,130.14,42040520
1773262800000,131.5,131.57,129.69,130.32,40798530
1773349200000,130.37,131.42,128.77,129.38,54022530
1773435600000,129.53,130.15,129.3,129.82,4451510
1773522000000,129.94,130.23,129.81,130.21,2613920
1773608400000,130.12,131.39,127.77,128.28,74683710
1773694800000,128.39,128.76,127.17,127.64,37578620
1773781200000,127.5,129.88,126.6,129.76,78692820
1773867600000,129.88,132.14,129.16,130.74,114510120
1773954000000,130.74,132.13,130.53,131.89,64854220
1774213200000,132.1,136.07,128.64,131.67,183443580
1774299600000,131.67,137.2,131.5,134.28,143850600
1774386000000,134,136.8,133.74,136.4,81483480
1774472400000,136.53,137.79,134.75,136.79,124219640
1774558800000,137.15,139.07,135.22,137.49,116958630
1774645200000,137.5,137.57,136.55,137.09,5431630
1774731600000,136.66,138.14,136.66,138.03,6655240
1774818000000,138.16,138.38,134.1,136.49,89072230
1774904400000,136.32,136.49,132.66,133.27,83040270
1774990800000,133.32,135.15,132.28,134.95,43686280
1775077200000,135.12,135.59,133.21,133.99,34215660
1775163600000,134,134.89,132.57,133.02,35450750
1775250000000,133.1,133.4,131.57,132.8,4871740
1775336400000,132.8,132.99,132.02,132.12,3223960
1775422800000,132.2,134.01,130.6,133.32,53245100
1775509200000,133.6,135.41,132.81,133.3,47119850
1775595600000,130.93,131.88,129.57,131.08,60066430
1775682000000,131.28,131.5,128.05,128.74,82628080
1775768400000,128.98,129.68,127.24,127.84,48810840
1775854800000,127.9,128.33,127.7,128.09,1907110
1775941200000,128.99,131.47,128.61,131.3,22782810
1776027600000,131.3,131.45,127.9,128.05,37882260
1776114000000,128.46,129.78,127.18,127.9,32550290
1776200400000,128.1,129.11,126.96,128.5,27746190
1776286800000,128.5,129.34,127.41,127.56,29049840
1776373200000,127.85,128.64,123.9,124.68,65666230
1776459600000,125.12,125.94,124.87,125.51,6302930
1776546000000,125.9,125.9,125.56,125.78,3029550
1776632400000,126.2,126.42,124.25,125.83,37582530
1776718800000,125.91,126.14,124,125.35,39362000
1776805200000,125.28,125.69,124.48,125.15,20741160
1776891600000,125.25,125.83,124.75,125.17,24634720
1776978000000,125.01,125.66,123.11,123.25,34197150
1777064400000,123.28,123.58,123.15,123.37,1251000
1777150800000,123.37,123.5,123.13,123.31,1434840
1777237200000,123.27,124.44,123,123.29,23079740
1777323600000,123.29,123.89,119.83,120.51,51435840
1777410000000,120.85,121.2,117.07,119.04,69599450
1777496400000,119.46,122.14,117.92,121.13,74247500
1777582800000,121.12,121.13,120.32,120.69,2860450
1777669200000,120.7,120.79,120.09,120.39,1614020
1777755600000,120.4,120.79,120.39,120.66,1305520
1777842000000,120.51,121.18,118.35,118.97,34879240
1777928400000,119.33,120.54,117.42,119.54,32333450
1778014800000,119.74,120.18,117.8,118.24,23949700
1778101200000,118.24,118.62,117,117.29,22627130
1778187600000,117.5,118.87,116.5,118.42,30938000
1778446800000,120,120.8,119.13,120.68,24970860
1778533200000,120.7,124.5,120.12,123.94,80085420
1778619600000,124,125.76,123.13,124.24,48027090
1778706000000,124.24,124.3,121.04,121.27,36839340
1778792400000,121.47,122.37,120.06,120.6,29859340
1778878800000,120.81,121.64,120.81,121.45,3292400
1778965200000,121.31,121.58,121.01,121.26,2384490
1779051600000,121.5,121.55,120.12,120.23,5307880
