time,open,high,low,close,volume
1272402000000,54.75,55.58,54.11109999999999,54.52,988059
1272488400000,54.9,57.305,54.35,57.27,1202918
1272574800000,57.2,57.88,56.1,56.528999999999996,1027008
1272920400000,56.8,57,53.0269,53.0508,1286239
1273006800000,52.842600000000004,53.71,50.1357,50.75,2092359
1273093200000,50.3313,51.67,49.516400000000004,50.04,1416917
1273179600000,48.4999,49.2999,45.32,46.249399999999994,1328740
1273525200000,49,49.7874,47.7523,48.29600000000001,1541754
1273611600000,47.75,50.7609,47.5512,50.3493,1815853
1273698000000,50.975,51.7999,49.75,50.586400000000005,1242522
1273784400000,50.154799999999994,50.93,49.33,49.75,1381260
1274043600000,48.4,52.04,47.95,51.868199999999995,1949501
1274130000000,52.1,52.77,50.61,51.369099999999996,1373000
1274216400000,50.44,51.1887,49.37,50.5,1273156
1274302800000,50.3949,51.5,48.2112,48.9548,1642150
1274389200000,49.495,50,48.3175,49.8,1264714
1274648400000,49.2,49.37,46.9753,48.3008,1019071
1274734800000,46.18,47.61,46.11,46.8615,1251662
1274821200000,48,48.38,46.6002,46.9497,1264909
1274907600000,47.49,49.43,46.5,49.1784,1581455
1274994000000,49.2,50.49979999999999,48.11,50.3393,1126023
1275253200000,50.4525,50.9275,49.53,50.188900000000004,573460
1275339600000,49.7655,51.93,49.2006,51.610200000000006,1166327
1275426000000,50.6971,52.05,50.4142,51.68,1145615
1275512400000,52.45,52.77,50.6,50.6,1331775
1275598800000,50.59,51.5,48.93,49.21,1075687
1275858000000,48,49.07,47.1156,48.678599999999996,912311
1275944400000,49,49.5,47.399499999999996,48.1278,949462
1276030800000,48.7,49.75,48.27,49.15,852850
1276117200000,49.3751,50.25,48.41,50.181000000000004,884163
1276203600000,50.2,50.37,49.2523,50.03,671601
1276549200000,50.21,51.4,49.9501,51.239799999999995,663381
1276635600000,51.6,51.929700000000004,50.17,50.86,757540
1276722000000,50.755,51.3,49.1608,49.4,801606
1276808400000,49.5816,50.08,48.9,49.1013,584690
1277067600000,50.3,51,50.033,50.95,752929
1277154000000,50.39,51.0804,49.63,49.89,679234
1277240400000,49.490500000000004,50.3,49.224799999999995,49.406000000000006,546979
1277326800000,49.8001,50.095600000000005,48.552600000000005,48.9001,621167
1277413200000,48.7001,49,47.900299999999994,48.0004,515573
1277672400000,48.0602,49.169,47.9305,48.765699999999995,481520
1277758800000,48.100100000000005,48.1819,46.9212,47.2,638907
1277845200000,47.100500000000004,47.5,44.95,44.95,987148
1277931600000,44.57,44.9978,43.5,43.688500000000005,1059772
1278018000000,44.3,45.3724,43.5512,45.05,823539
1278277200000,45.325,46.29,44.501000000000005,46.18,761826
1278363600000,46.5,47.53,46.2707,47.398999999999994,689677
1278450000000,47,47.94,45.94,47.8562,920112
1278536400000,48.4,48.69,47.211499999999994,47.5826,761910
1278622800000,47.9991,48.385,47.3137,48.15,587220
1278882000000,48,49.5,47.5717,49.1409,874598
1278968400000,48.95,50.2998,48.65,49.4979,819785
1279054800000,49.991499999999995,50.099700000000006,49.0202,49.17,595214
1279141200000,49.067,50.1975,48.260600000000004,48.4022,653308
1279227600000,48.65,49.25,47.85,48.15,650941
1279486800000,47.8855,49.449,47.806999999999995,48.52,571047
1279573200000,48.955,49.18,47.73,48.2931,598015
1279659600000,48.62,49.63,48.600100000000005,48.93,789014
1279746000000,48.455,50.25,48.351400000000005,50.05,1021541
1279832400000,50.185100000000006,51.8,49.62,50.73,1048039
1280091600000,51.35,51.65,50.03,51.1,1114747
1280178000000,51.1,51.74,50.51,50.52,884814
1280264400000,50.89,51.33,49.6201,49.89939999999999,723929
1280350800000,50.3742,51.17,49.9001,50.7448,512085
1280437200000,50.4189,50.65,48.842299999999994,49.7,807784
1280696400000,50.1839,51.24,50.1133,51.2,599743
1280782800000,51.255,51.444399999999995,50.0999,50.399899999999995,601608
1280869200000,50.025,51.27,49.7525,50.69,600308
1280955600000,50.7712,51.389399999999995,50.3001,51,496996
1281042000000,51.1,51.37,49.9111,50.25,541797
1281301200000,50.625,52.0304,50.516000000000005,51.8301,967741
1281387600000,51.6501,52.09,51.03,51.5408,751944
1281474000000,51.1609,51.4837,50.37,50.489399999999996,690512
1281560400000,50.2,51.2,49.5,49.9,802120
1281646800000,50.4,50.5,49.641999999999996,50.1,588429
1281906000000,50.1,50.99,49.7891,50.85,676604
1281992400000,50.9789,52.07,50.703500000000005,52.02,820342
1282078800000,51.95,52.3499,51.61,52.28,617432
1282165200000,52.4427,52.8697,51.4,51.55,736211
1282251600000,51.5,51.84,51.05,51.7,509963
1282510800000,51.8,52.2,51.220600000000005,51.8491,445589
1282597200000,51.407799999999995,51.5,50.3,50.67,545575
1282683600000,50.7,50.988,49.9001,50.18,511638
1282770000000,50.705,51.46,50.4127,51.2399,520614
1282856400000,51.0001,52.01,50.55,51.98,587036
1283115600000,52.2925,53.0162,52.1777,52.7645,522537
1283202000000,52.1,52.3787,51.22,51.9,664023
1283288400000,52.2002,53.15,51.8549,53.0513,557802
1283374800000,52.99,53.4999,52.3125,52.3125,547358
1283461200000,52.594899999999996,53.25,52.29,52.68,475850
1283720400000,53.2252,53.2252,51.970200000000006,52.25,309734
1283806800000,51.8,52,51.3,51.777,507226
1283893200000,51.5,53.326499999999996,51.5,52.6399,770526
1283979600000,52.6,53.092,52.2913,52.3313,615210
1284066000000,52.14,53.0992,51.75,52.0888,749123
1284325200000,52.7525,52.9497,51.977,52.1198,414211
1284411600000,51.8749,52.1291,50.7,50.8,823917
1284498000000,50.75,51.05,49.48,49.76689999999999,1290568
1284584400000,49.65,50.3,49.3,50.088699999999996,568449
1284670800000,50.49,50.62350000000001,49.4,49.45,440636
1284930000000,49.5,49.85,49.038000000000004,49.34,440471
1285016400000,49.49,50.087700000000005,49.4111,49.695,513170
1285102800000,49.91,49.988,48.9172,49.828,612921
1285189200000,49.851000000000006,50.55,49.570100000000004,50.12,761604
1285275600000,49.97,50.7,49.6,50.579499999999996,529054
1285534800000,50.8,50.97,50.25,50.318999999999996,477289
1285621200000,50.135,50.5,49.736999999999995,50.04859999999999,505365
1285707600000,50.3,51.341,50.170100000000005,51.25,829713
1285794000000,51.0305,52.044,51.03,51.9604,662184
1285880400000,51.89,52.7734,51.71,52.547,776136
1286139600000,52.75,53.4,52.5,53.15,716388
1286226000000,53.05,53.55,52.71,52.9482,720130
1286312400000,53.383900000000004,53.9418,52.88,53.38,878669
1286398800000,53.475,53.869499999999995,53.220600000000005,53.535,598026
1286485200000,53.255,53.5467,52.4335,53.049,685690
1286744400000,53.3,54.149899999999995,53.2705,53.6995,471522
1286830800000,53.088,54.0888,53.07,53.8865,487760
1286917200000,54.1501,54.5,53.7501,54,601302
1287003600000,54.5,54.595,54.02,54.329499999999996,693206
1287090000000,54.25,55.4,54.2219,54.92,870901
1287349200000,54.48,55.3208,54.47,55.16,354951
1287435600000,54.7923,55.3601,54.16,54.2501,567146
1287522000000,54,54.98,53.7,54.7696,436079
1287608400000,54.7,55.6999,54.6,55.5008,535180
1287694800000,55.4,55.6,54.18,54.552299999999995,1105105
1287954000000,55.1,56.59,54.95,56.09,968646
1288040400000,55.9,56.48,55.5555,55.75,560750
1288126800000,55.5,55.899899999999995,55.03,55.12,429229
1288213200000,55.3006,56.2155,55.3,55.7367,491095
1288299600000,55.51,55.934,55.08,55.843,406554
1288558800000,56.2,56.6,56,56.1297,452882
1288645200000,56.095,56.6,55.9246,56.4,307691
1288731600000,56.4244,56.68,55.9,56.049499999999995,546071
1289163600000,57.5,58.7594,57.45,58.7003,838444
1289250000000,58.6,60.891000000000005,58.5612,60.8,1045548
1289336400000,60.3,60.95,59.81100000000001,60.2,691742
1289422800000,60.7,61.33,59.1,59.169700000000006,950757
1289509200000,58.5,59.3493,58.100100000000005,59.0629,663421
1289595600000,58.7501,58.9,58.2,58.6,200179
1289768400000,58.938599999999994,59.49,57.9125,59.1995,609565
1289854800000,58.8751,58.8751,57.4301,57.51,610930
1289941200000,57.37,57.95,56.3,57.91,880757
1290027600000,58.395,58.618599999999994,57.8,58.41,465834
1290114000000,58.5,59.3817,58,59.2604,651648
1290373200000,59.8,60.2,59.0559,59.0995,550723
1290459600000,58.725,59.23,58.2,58.6505,552760
1290546000000,58.9,60.6,58.247600000000006,60.44,790503
1290632400000,60.5551,61.8253,60.3636,61.4008,1246220
1290718800000,61.0999,61.8,60.3,60.45,820323
1290978000000,60.88,61.19,59.53,59.73,548808
1291064400000,59.852799999999995,60.8888,59.255,60.5303,625877
1291150800000,60.9,61.61,60.55,61.61,658239
1291237200000,61.8,65,61.5117,64.5,1134527
1291323600000,64.4,67.288,64.171,66.7,1511210
1291582800000,66.7,67.45,65.54979999999999,66.5527,722315
1291669200000,66.8894,67.5,65.84020000000001,66.1,875818
1291755600000,65.38,66.5555,64.71,64.79,817075
1291842000000,65.68,66.1,65.0637,65.665,568439
1291928400000,65.8,66.9888,65.0218,66.9888,742244
1292187600000,67.255,67.48,66.17,66.18,875490
1292274000000,66.135,67.5838,65.89,67.25,1077113
1292360400000,66.8,68.19,66.35,67.9,1253705
1292446800000,67.51,68.68,66.95,67,1230320
1292533200000,67.455,67.8399,66.7,66.98,567344
1292792400000,66.9,67.4962,66.63,66.78,474992
1292878800000,67.35,67.3998,66.7079,66.955,490127
1292965200000,67.1551,67.969,67.05,67.8,433378
1293051600000,67.795,68.25,67.5,68.24,390585
1293138000000,68.745,68.745,67.8,68.12,355126
1293397200000,68.12,68.42,67.5122,67.55189999999999,177236
1293483600000,67.60979999999999,68.25,67.3,68,227566
1293570000000,68.725,72.19,68.2,71.95,1081134
1293656400000,72.005,72.45,71.4125,71.65,498063
1294693200000,70,73.09899999999999,70,72.87,681898
1294779600000,73,75.76,72.96,74.98989999999999,1546836
1294866000000,75,75.3784,73.808,73.95,548864
1294952400000,73.945,74.6,73.12,74,621390
1295211600000,74.0002,75.17,74.0002,74.6284,472898
1295298000000,75.0874,75.0874,74.2278,74.9012,378663
1295384400000,75.1319,75.3398,74.4,74.64,308826
1295470800000,74,74.54,73.52,74.21,497118
1295557200000,74.1,75.27,73.31,75,576728
1295816400000,74.995,75.4,74.15,75.4,463774
1295902800000,75.4,75.7,74.7125,75.02,433331
1295989200000,75.385,75.7,74.48,75.1519,407507
1296075600000,75.4,76.39,74.6243,76.02,957715
1296162000000,75.8,77,75.4,77,406190
1296421200000,76.2,76.4,74.51,74.7,771676
1296507600000,75.4,75.4,74.31909999999999,75.13,363698
1296594000000,75.45,76.6,75.22579999999999,75.9,499736
1296680400000,75.85,76.21,74.6293,74.74,358104
1296766800000,74.8622,75.2,73.7,74.41,437801
1297026000000,74.7754,74.964,72.25,73.71,592255
1297112400000,73.48899999999999,73.85,72.16,72.31,537549
1297198800000,72.31,72.80189999999999,70.4,70.52,428320
1297285200000,70.52,70.5693,68.35,68.3998,698041
1297371600000,68.39489999999999,72.14,68.11,71.48270000000001,994261
1297630800000,72.185,72.8647,70.41,71.1,498590
1297717200000,71.2997,71.9,70.25,70.65,386185
1297803600000,70.5278,70.94,69.0271,69.65,442011
1297890000000,70.3679,70.3679,67.8,68.17,466514
1297976400000,68.3,68.3791,66.81,67.01140000000001,370229
1298235600000,67.1111,69.1,66.55,68.15,594874
1298322000000,67.7,68.2374,66.8002,67.85470000000001,506853
1298494800000,66.79,66.9999,65.1125,65.7996,679933
1298581200000,65.995,68.65,65.9601,68.5776,669698
1298840400000,69.0265,70.465,68.40090000000001,69.93,718892
1298926800000,70.53,71.67,69.75,70.21,793224
1299013200000,69.75,71.46,69.14,71.35,607049
1299099600000,71.6,72.08,70.82,71.01,434824
1299186000000,71.47,72.46,71.05,71.3,563233
1299272400000,71.25,72.19,71.11,71.98,147267
1299618000000,71.47,71.85,70.9,71.16,532362
1299704400000,70.8,70.85,68.48,68.8,741178
1299790800000,68.3,69.77,67.57,67.66,639144
1300050000000,67.51,70,67.23,69.36,685427
1300136400000,68.01,70.8,67.7,70.16,1352796
1300222800000,70.7,71.48,69.55,69.95,664713
1300309200000,69.95,71.65,69.65,71.65,577155
1300395600000,72,72.29,70.75,71.4,438426
1300654800000,71.89,72.28,71.55,72,288904
1300741200000,71.8,71.8,69.91,71.05,491774
1300827600000,70.8,72.37,70.51,72.35,597901
1300914000000,72.5,73.35,71.66,72.91,761144
1301000400000,73,75.14,72.44,74.95,957023
1301259600000,74.7,75.8,74.53,75.55,356025
1301346000000,75.8,76.25,73.65,74.32,672381
1301432400000,74.8,75.98,74.64,75.14,447168
1301518800000,75.1,75.37,73.82,74.63,464657
1301605200000,74.47,76.96,74.31,76.71,765765
1301864400000,76.61,78.2,76.4,78.18,860597
1301950800000,79,79.8,77.3,77.31,893929
1302037200000,78,78.28,76.93,77.51,526507
1302123600000,77.07,77.6,76.21,76.49,469593
1302210000000,76.97,77.11,75.77,76.09,479358
1302469200000,76.3,77.09,75.78,76.15,313484
1302555600000,75.37,76.16,74.52,75.6,633177
1302642000000,75.28,77.75,75.1,77.72,711249
1302728400000,77.72,77.79,75.8,76.68,534255
1302814800000,76.68,77.73,75.72,77.05,812394
1303074000000,77.05,77.31,73.25,73.6,939496
1303160400000,74.1,75.3,73.57,74.74,685882
1303246800000,75.51,76.98,74.95,76.94,605618
1303333200000,77.5,77.69,76.1,76.7,415226
1303419600000,76.9,77.23,76.51,77,171570
1303678800000,77.23,77.5,75.33,75.33,416439
1303765200000,75.18,76.98,74.82,76.79,613830
1303851600000,77.23,77.45,75.5,76.25,521718
1303938000000,76.99,77.15,75.52,76.25,386764
1304024400000,76.1,76.64,75.22,76.56,234805
1304370000000,76.56,76.98,72.2,72.3,675532
1304456400000,72.4,73.39,70,71.7,907900
1304542800000,72,72.65,70.01,70.81,776640
1304629200000,70.11,72.6,69.2,72.28,727078
1304974800000,72.17,74.39,71.59,73.65,704293
1305061200000,73.71,74.1,71.39,71.68,525672
1305147600000,71,73.3,70.55,73.05,970508
1305234000000,73.66,74.2,72.27,72.89,538730
1305493200000,72,73.05,71.32,71.7,445732
1305579600000,70.2,71.07,69.52,69.99,717515
1305666000000,70.91,71.27,70.01,70.95,411371
1305752400000,71,72.65,70.27,71.98,745883
1305838800000,72,72.64,70.06,70.1,444350
1306098000000,69.4,70,68.88,68.99,580067
1306184400000,69.3,70.77,69.08,70.3,500744
1306270800000,69.85,71.23,69.41,70.89,422959
1306357200000,71.23,71.5,70.01,70.31,445248
1306443600000,70.8,71.94,70.36,71.2,512029
1306702800000,71.5,71.75,70.8,71.52,198728
1306789200000,71.74,72.18,69.76,70.01,891923
1306875600000,70.49,71.25,69.8,70.36,516267
1306962000000,69.75,70.55,69.55,70.2,373989
1307048400000,70.33,70.42,69.05,69.09,423809
1307307600000,69.03,69.39,67.93,68.4,499129
1307394000000,68.32,69.96,68.2,69.67,492592
1307480400000,69.48,70.29,68.55,70.01,649823
1307566800000,70.2,70.6,69.5,70.3,375599
1307653200000,70.3,71.44,70.2,71.15,482087
1307998800000,71.15,71.25,70.21,70.45,361687
1308085200000,70.61,71.69,70.1,70.3,742933
1308171600000,69.63,70.5,69.5,70.13,463860
1308258000000,70,71.4,69.95,70.2,833205
1308517200000,70.01,70.35,68.71,69.01,523874
1308603600000,69.5,69.75,69.04,69.19,311422
1308690000000,69.3,70.63,68.38,70.4,556162
1308776400000,70.11,70.9,69.3,70.26,559457
1308862800000,70.75,71.4,70.36,71.35,512331
1309122000000,70.86,71.6,70.63,71.27,302307
1309208400000,71.5,73.55,71.28,73.16,760262
1309294800000,73.3,73.55,72.6,73.1,373318
1309381200000,73.2,73.6,72.43,72.95,386428
1309467600000,72.95,74,72.52,73.53,526736
1309726800000,73.81,74.18,73.6,73.98,231996
1309813200000,73.98,75.03,73.77,74.87,484919
1309899600000,75.37,75.37,74.48,74.91,298675
1309986000000,75.27,75.7,75.04,75.45,391834
1310072400000,75.5,75.56,74.6,74.99,311900
1310331600000,74.56,75.6,74.42,75.42,590903
1310418000000,75.3,76.5,74.8,76.32,676340
1310504400000,76.32,76.75,75.31,75.79,456751
1310590800000,75.5,76.05,75.15,75.6,405346
1310677200000,75.3,76,75.06,75.5,276115
1310936400000,73.64,75.8,73.64,75,316709
1311022800000,75.09,75.68,75.09,75.59,283444
1311109200000,75.9,76.4,75.48,75.5,251102
1311195600000,75.48,76,74.1,75.9,583429
1311282000000,75.99,76.28,75.1,75.3,311550
1311541200000,74.99,75.55,74.63,75.04,253694
1311627600000,75.01,75.4,74.14,74.63,216215
1311714000000,74.7,75.22,73.55,73.7,316206
1311800400000,73.51,74.25,73.16,73.65,270056
1311886800000,73.3,74.19,73.01,74.01,372513
1312146000000,74.88,75.3,74.41,74.67,358941
1312232400000,74.31,74.9,73.9,74.25,333538
1312318800000,73.51,73.92,72.15,72.59,354486
1312405200000,73.21,73.22,71.29,71.3,529350
1312491600000,69.8,71.25,69.15,70.66,609446
1312750800000,68.5,70.18,66.5,67.17,877881
1312837200000,65.05,67.94,61.95,64.89,1123425
1312923600000,66.5,67.8,61.95,66.09,1922251
1313010000000,66.9,68.48,62.46,64.6,1051002
1402261200000,69.74,70.76,69.71,70.29,212826
1402347600000,70.69,70.69,69,69,207612
1402434000000,68.95,69.4,68.61,69.4,207715
1402866000000,67,67,65.48,66.49,520423
1402952400000,66.4,66.82,65.5,66.22,219261
1403038800000,66.14,68.01,65.86,67.8,276596
1403125200000,68.45,68.95,67.97,68.39,188079
1403211600000,68.55,69.24,68.05,68.65,247349
1403470800000,68.87,69.4,68.21,68.99,195573
1403557200000,69.09,69.25,68.48,68.95,191568
1403643600000,68.63,69.06,67.63,67.66,191597
1403730000000,67.73,68.19,66.78,67.2,228827
1403816400000,68.05,68.05,66.55,67.15,120365
1404075600000,67.17,67.58,66.6,67.19,163975
1404162000000,67.21,67.99,66.69,67.98,132268
1404248400000,67.91,69.2,67.91,69.2,204711
1404334800000,69.48,70.2,69.08,70.05,231628
1404421200000,69.95,70.32,69.41,69.71,148269
1404680400000,69.77,71.49,69.48,71.49,184810
1404766800000,71.06,73.19,71.06,72.8,381218
1404853200000,72.54,73.25,72.15,73.16,167278
1404939600000,73.2,74.02,71.84,72.1,317565
1405026000000,72.18,72.75,71.62,72.6,158768
1405285200000,72.65,73.05,72.32,72.63,124991
1405371600000,72.67,73.19,72.2,73,204730
1405458000000,73.1,73.9,71.42,71.6,274249
1405544400000,70.25,71.48,69.77,71.35,342601
1405630800000,70.6,71.32,69.68,70.1,280507
1405890000000,70.1,70.1,68.18,68.19,254739
1405976400000,68.71,70.29,68.5,70.09,220574
1406062800000,69.99,71.93,69.94,71.45,206070
1406149200000,71.43,72.2,70.92,72.19,130980
1406235600000,71.86,72,69.8,70.39,275582
1406494800000,69.88,70.38,69.01,69.81,194139
1406581200000,70,71.16,69.9,70.3,186122
1406667600000,70,72,69.91,70.83,207320
1406754000000,70.91,71.8,70.17,70.6,163860
1406840400000,70.21,70.72,68.76,69.53,202172
1407099600000,69.65,70.29,69.1,70,178477
1407186000000,70.24,70.67,68.51,68.56,217880
1407272400000,68.4,69.37,67.09,67.33,273368
1407358800000,66.64,68.58,66.31,68,220177
1407445200000,67.66,69.5,67.5,68.83,189087
1407704400000,69.4,70.28,69.4,69.95,152380
1407790800000,69.95,70.1,68.98,69.43,138671
1407877200000,69.17,70.14,68.89,70.1,233434
1407963600000,70.08,70.44,69.33,69.95,179525
1408050000000,69.67,70.76,69.32,70.34,147880
1408309200000,70.33,70.64,69.96,70.59,90299
1408395600000,70.71,73.13,70.7,72.97,230589
1408482000000,73.06,74.29,72.79,74.11,220564
1408568400000,74.49,75.35,73.82,73.92,243054
1408654800000,74.29,74.38,72.87,73.02,171859
1408914000000,72.9,73.84,72.9,73.42,68174
1409000400000,73.43,73.76,72.25,72.51,147246
1409086800000,72.76,73.2,72.43,73,114514
1409173200000,72.95,72.95,71.53,72.8,225254
1409259600000,72.6,73.5,72.3,72.3,221671
1409518800000,72.81,73.57,72.13,72.4,192938
1409605200000,72.75,73,71.55,71.77,150051
1409691600000,71.82,73.65,70.86,73.31,392697
1409778000000,73,74,72.8,73.09,217143
1409864400000,73.04,75.35,72.15,75.21,433199
1410123600000,74.71,75.8,74.71,75.1,232197
1410210000000,74.95,75.33,73.84,73.93,165841
1410296400000,73.75,74.53,73.44,73.8,174874
1410382800000,74,74.49,73.3,73.34,180003
1410469200000,73.39,74.95,73.1,74,173654
1410728400000,74,74.65,73.3,74.6,270268
1410814800000,74.59,76.7,74.4,76.25,294756
1410901200000,76,77.06,75.31,76.47,276647
1410987600000,76.43,76.94,75.88,76.47,140846
1411074000000,76.43,76.46,74.04,74.85,270483
1411333200000,74.44,74.5,71.5,71.6,384981
1411419600000,71.63,72.98,71.63,72.79,177359
1411506000000,73.01,73.95,72.83,73.25,145576
1411592400000,73.57,74.69,73.51,74.25,242803
1411678800000,74.01,75.3,73.96,74.98,192481
1411938000000,74.95,75.39,73.2,73.2,212698
1412024400000,73.5,74.28,72.39,73.2,276646
1412110800000,73.03,74.19,72.58,72.6,266081
1412197200000,72.5,72.9,69.5,69.96,460432
1412283600000,70.85,70.99,68.93,69.37,211614
1412542800000,69.8,70.97,69.75,70.48,236392
1412629200000,70.25,70.9,69.14,70.15,312758
1412715600000,69.68,69.77,68.11,68.11,304818
1412802000000,68.98,69.89,68.57,69.11,320325
1412888400000,68.5,69.28,67.8,68,255162
1413147600000,67.99,70.83,67.66,69.47,278355
1413234000000,69.46,70.84,69.46,69.56,266850
1413320400000,69.85,70.8,68.66,70.3,248460
1413406800000,70.4,71.26,69.57,69.9,375968
1413493200000,70.58,71.66,70.23,71.15,261141
1413752400000,71.28,71.88,70.84,71.65,229162
1413838800000,71.29,75.5,70.9,75.01,661987
1413925200000,75.18,76.75,75.11,76.3,594555
1414011600000,76.15,78.86,75.98,77.6,596971
1414098000000,77.5,78.05,76.55,77.4,261652
1414357200000,78,78.9,75.05,75.9,410515
1414443600000,76.11,77.49,75.1,75.8,307982
1414530000000,76.24,78.06,76.11,77.6,392153
1414616400000,77.45,78.4,76,76.89,400597
1414702800000,77.4,80.33,76.95,80.33,531951
1414962000000,80.32,81.38,79.78,79.96,169555
1415134800000,79.19,79.97,78.76,79.54,238669
1415221200000,79.8,81.87,79.8,80.41,304794
1415307600000,80.66,82.17,79.2,80,523243
1415566800000,80.5,80.9,79.12,80.48,280324
1415653200000,80.48,81.27,80.2,80.84,214554
1415739600000,80.83,81.4,80.23,81.03,164723
1415826000000,81.1,81.63,80.25,80.3,230497
1415912400000,80.24,81.55,79.82,81.52,197362
1416171600000,81.11,83,81.11,82.8,225287
1416258000000,83,84.13,82.16,83.95,297264
1416344400000,83.95,84.93,83.6,84.83,169193
1416430800000,84.8,86.25,84.16,85.1,195057
1416517200000,85.23,85.7,82.66,84.22,282497
1416776400000,84.23,84.56,83.06,84.3,190143
1416862800000,84.2,85.62,83.65,85.02,178720
1416949200000,84.99,85.75,84.84,85.61,243859
1417035600000,85.5,86.95,85,86.05,279672
1417122000000,85.89,88.73,85.88,88.2,351972
1417381200000,88.5,97.02,88.32,96.4,816016
1417467600000,96.45,99.75,95.8,98.14,569154
1417554000000,98.78,100.27,97.1,99,399438
1417640400000,99.01,100.35,98.15,98.35,390661
1417726800000,98.35,99.85,97.77,98.51,251072
1417986000000,98.67,99.39,95.12,95.96,323060
1418072400000,95.92,96.9,94.5,94.63,255282
1418158800000,95.49,97.59,94.89,95.28,248449
1418245200000,95.21,96.31,93.29,93.68,294431
1418331600000,93.68,96.5,92.55,94.7,332776
1418590800000,95,97.66,93.53,95.75,647229
1418677200000,95,113.19,89,108.05,789005
1418763600000,108.71,112.95,92.01,92.16,618678
1418850000000,92.5,97.36,89.11,91.93,435792
1418936400000,87.5,92.2,86,88.6,297031
1419195600000,88.68,91,86.1,87.99,265270
1419282000000,87.32,87.87,79.93,80.49,289189
1419368400000,80,82.75,79.62,81.68,143963
1419454800000,81,81.75,79.89,80.05,63199
1419541200000,80.19,80.95,79.89,79.9,86546
1419800400000,79.93,86,79.75,83.6,217699
1419886800000,84.05,85.53,80.11,80.8,155255
1420405200000,81.11,85.9,80.5,85.9,132143
1420491600000,85.11,92.7,85.11,91.01,267759
1420664400000,92,95.65,91.51,95.5,233721
1420750800000,96,97.98,95.05,97.4,166479
1421010000000,97.78,99.27,96.51,98.39,124626
1421096400000,98.5,101.77,97.55,100.25,188403
1421182800000,100.11,101.25,94.82,96,369929
1421269200000,96.31,97.77,92.2,92.9,268153
1421355600000,92.7,96.2,91.77,95.61,171825
1421614800000,95.7,97,94.15,94.17,200594
1421701200000,94.19,96.4,93.01,94.7,235269
1421787600000,95,97.17,94.56,96.75,157702
1421874000000,96.99,104.5,96.85,103.86,398201
1421960400000,104.85,106.48,102.61,104,265557
1422219600000,103,107.55,101.47,107.55,246195
1422306000000,106.5,114,106.5,111.79,369558
1422392400000,111.8,116.42,111.8,115.34,283878
1422478800000,116.2,117.8,113.19,114.5,253431
1422565200000,114.99,117,113.72,116.1,245536
1422824400000,116.63,116.8,112.52,112.8,162507
1422910800000,112.82,114.32,109.77,109.9,150645
1422997200000,109.9,110.79,107,107.5,145151
1423083600000,109.01,112.15,107.96,111,331036
1423170000000,111.78,114.58,110.61,113.94,262558
1423429200000,114.48,120,112.71,113.52,295663
1423515600000,113,116.39,112.01,113.45,184783
1423602000000,115,117.78,113.8,116.97,208227
1423688400000,117.45,121.34,114.21,120.37,396436
1423774800000,121.04,122.47,119.6,121.06,239534
1424034000000,120.74,121.68,116.77,119,142184
1424120400000,119,121.21,113.5,113.75,229229
1424206800000,114.98,116,110.72,111.4,224242
1424293200000,111.5,113.6,108.9,113.55,209931
1424379600000,114.2,114.79,111.52,113.3,119680
1424725200000,111.36,114.47,111.36,113.48,110812
1424811600000,113.5,114.17,109.06,110.61,154312
1424898000000,111,111.7,107.55,110.93,176454
1424984400000,110.3,112.74,108.95,111.82,149551
1425243600000,112.21,113.4,111.3,112.69,119146
1425330000000,112.42,116.32,110.81,114.8,205261
1425416400000,115,115.03,110.5,111.4,141874
1425502800000,111.42,112.79,108.8,111.8,219284
1425589200000,111.54,112.38,108.53,109.9,128945
1425934800000,108.49,109.27,103.33,104.25,223751
1426021200000,104,107.5,103.82,105.88,175233
1426107600000,106,109.18,104.1,107.3,213017
1426194000000,107.31,107.31,102.8,103.8,224814
1426453200000,103.98,104.55,102.3,102.98,173739
1426539600000,103.52,107.11,102.93,105.95,200705
1426626000000,106,107.99,105.63,106.92,148046
1426712400000,107.5,108.7,104.1,104.1,285067
1426798800000,104.05,106.17,103.07,105.01,166255
1427058000000,105.55,106.37,103.6,104.2,138655
1427144400000,103.6,105,102.76,103.3,144495
1427230800000,103.46,105.3,102.94,105,143884
1427317200000,105.18,105.6,103,103.1,151642
1427403600000,103.08,103.39,97.6,99.05,232803
1427662800000,99.5,105.49,99.5,105.3,276497
1427749200000,105.4,107.89,103,103.99,361265
1427835600000,103.83,106.94,102.23,105.39,234662
1427922000000,105,105,100.81,100.9,364940
1428008400000,102.69,102.97,101.02,102.37,136662
1428267600000,102.45,103.85,101.51,102,148006
1428354000000,102.3,102.42,100.35,101.25,182283
1428440400000,101,101,98.76,99.86,190501
1428526800000,99.7,99.7,95.1,97.4,463092
1428613200000,97,99.77,95.25,99.36,443117
1428872400000,99.92,100.97,98.02,98.39,371322
1428958800000,98.13,98.18,93.52,95.2,396720
1429045200000,94.01,97.12,92.75,96.32,509307
1429131600000,97,97.33,93.3,94.8,393509
1429218000000,94.05,95.9,93.77,94.6,353862
1429477200000,95.01,97.14,94.45,95.9,276138
1429563600000,94.37,97.6,94.37,97,241349
1429650000000,97.2,98.87,95.19,96,369069
1429736400000,96,96.1,93.22,95.3,400008
1429822800000,95.3,97.64,94.22,97.19,271073
1430082000000,96.63,98.43,96.63,96.65,244327
1430168400000,96.71,97.39,96.24,96.73,178911
1430254800000,96.82,97.42,95.51,95.52,104444
1430341200000,95.61,97.33,95.3,96.4,160761
1430773200000,98.67,102.33,98.11,101.7,502485
1430859600000,102.28,105.33,101.24,105,376904
1430946000000,105,105,101.56,102.01,232788
1431032400000,102.1,106.2,102.1,105.4,213072
1431378000000,106.53,107.9,105.1,106.8,279781
1431464400000,106.95,107.5,104.06,104.35,211361
1431550800000,104.53,105.3,102.45,102.45,211905
1431637200000,102.6,103.36,101.66,102.88,154760
1431896400000,103.01,103.4,101.41,102.48,136781
1431982800000,102.29,103,99.61,100.39,195075
1432069200000,100.39,102.5,98.45,101.8,221352
1432155600000,101.9,102.7,101.06,102.1,377967
1432242000000,97,98.2,94.55,95.34,347332
1432501200000,95.34,95.76,93.25,95.15,114308
1432587600000,95.15,96.46,92.5,92.5,243382
1432674000000,92.88,94.36,90.9,93.8,242869
1432760400000,94,95.29,93.29,93.97,139475
1432846800000,94.09,95.75,90.05,90.05,228910
1433106000000,90.76,94.37,90.62,93.03,195015
1433192400000,93.9,96.4,93.51,96.19,259105
1433278800000,96.5,97.87,95.8,97.04,338782
1433365200000,97.35,98.4,96,97.42,253811
1433451600000,97.82,99.98,97.36,99.86,324237
1433710800000,99.99,100.98,99.3,99.54,173376
1433797200000,99.5,100.24,96.99,97.01,213760
1433883600000,96.97,97.01,95.56,95.95,155098
1433970000000,95.9,97.04,95.5,96.55,149045
1434315600000,95.8,97.67,95.8,97.58,160054
1434402000000,97.5,98.2,96.67,96.95,112721
1434488400000,97.05,97.5,96.13,96.8,117303
1434574800000,97,97,95.14,95.79,134578
1434661200000,95.79,96.99,95.5,96.85,125880
1434920400000,96.73,97.5,96.23,96.7,126734
1435006800000,96.71,96.81,94.61,95.03,198467
1435093200000,95.38,95.67,93.26,94.5,204470
1435179600000,94.42,94.95,93.58,94,113282
1435266000000,94.2,96.34,93.94,95.75,135945
1435525200000,94.97,96.2,94.52,95.4,81297
1435611600000,95.73,95.8,93.68,95,180425
1435698000000,94.98,94.98,92,92.15,331069
1435784400000,92.25,93.49,92.2,92.5,179563
1435870800000,92.7,93.14,92.6,92.63,71100
1436130000000,92.45,92.99,91.27,92.77,163889
1436216400000,92.51,94.14,92.51,93.4,229635
1436302800000,93,93.1,89.77,91,341656
1436389200000,91.64,91.64,90.06,91.01,197824
1436475600000,91.5,91.96,90.21,91.47,151578
1436734800000,91.35,93.92,91.17,93.66,244149
1436821200000,93.9,95.09,93.75,94.5,210123
1436907600000,94.6,95.63,94.35,94.88,159726
1436994000000,95.1,96,94.88,96,115116
1437080400000,95.98,96.8,95.02,95.36,134981
1437339600000,95.4,95.4,93.4,93.93,148473
1437426000000,93.6,94.65,93.6,94.28,117927
1437512400000,94.15,94.15,92.33,93.2,168551
1437598800000,93.04,93.16,90.75,91.19,233729
1437685200000,91,91.63,90.21,90.25,237591
1437944400000,90.09,90.99,89.55,90.22,297298
1438030800000,90.49,92.95,90.31,92.31,305743
1438117200000,92.9,93.75,92.5,93.59,271246
1438203600000,93.24,93.85,92.38,93.65,200307
1438290000000,93.67,94.46,92.31,94.27,230481
1438549200000,94.17,95.92,94.07,95.14,236751
1438635600000,95.18,98.95,95,98.89,384431
1438722000000,99.15,101.07,97.62,100.9,292005
1438808400000,101,102.49,100.5,101.25,257521
1438894800000,101.6,101.81,100.52,101.12,142649
1439154000000,101.97,102.4,100.75,102.22,163907
1439240400000,101.99,104.5,101.4,101.66,261083
1439326800000,101,101.26,97.9,98.5,390380
1439413200000,98.9,99.79,97.6,98.7,230268
1439499600000,98.71,101.14,98.41,100.61,268481
1439758800000,100.6,101.91,99.29,100,259344
1439845200000,100,100,98,98.1,210517
1439931600000,98.49,98.6,96.83,97.25,205965
1440018000000,97.44,100.47,97.2,100.47,321159
1440104400000,99.99,101.5,99.3,100.6,306897
1440363600000,99.1,103.21,98.6,102.15,440007
1440450000000,102.1,103.88,100.65,100.71,225649
1440536400000,101,103.5,100.03,102.9,199544
1440622800000,103.1,104.76,103,103.71,221430
1440709200000,104.1,105.4,103.34,104.3,159214
1440968400000,104.5,105.75,103.7,105.69,161662
1441054800000,105.48,105.5,102.52,103.29,209669
1441141200000,103.19,105.05,102.5,103.5,175476
1441227600000,103.71,106.5,103.61,106,210005
1441314000000,105.66,106.7,104.72,105.7,158831
1441573200000,106,107.3,106,107.16,108669
1441659600000,107.39,108.89,106.83,107.46,179182
1441746000000,108,112.05,107.84,110.99,288091
1441832400000,110.42,111,109.03,109.31,173363
1441918800000,109.4,110.5,108,108.7,190998
1442178000000,108.4,110.35,108.4,109.24,108177
1442264400000,109.47,110.38,109.2,110.09,130899
1442350800000,110.39,111.57,110.11,111.19,168699
1442437200000,111.19,112.12,110.41,112.06,101362
1442523600000,112.4,112.84,110.12,111,198955
1442782800000,111.49,111.9,110.11,110.8,124399
1442869200000,111,111.21,106.14,106.93,290896
1442955600000,106.25,106.53,100.7,102,491661
1443042000000,99.4,99.84,96.01,96.62,545136
1443128400000,97.2,98.15,95.15,95.65,274145
1443387600000,95.89,96.69,93.4,93.82,260933
1443474000000,92.74,94.94,92.14,93.25,246301
1443560400000,93.93,95,93,95,248002
1443646800000,95,95.44,93.25,93.94,237317
1443733200000,93.97,94.75,93.01,94.7,162207
1443992400000,95.25,96.03,93.9,94.5,276512
1444078800000,94.78,95.3,92.41,93.46,340485
1444165200000,93.3,93.48,90.46,92.1,551922
1444251600000,92.25,92.26,90.25,91.49,384739
1444338000000,91.6,96.25,91.01,95.6,603133
1444597200000,96,97.6,95,96.2,364708
1444683600000,96.01,97.15,95.03,97.15,230631
1444770000000,96.97,99.2,96.55,97,406961
1444856400000,97.44,98.89,96.86,97.83,248952
1444942800000,98.17,98.87,95.91,96.01,240822
1445202000000,96.1,97.84,95.96,97.61,183044
1445288400000,97.6,98.32,96.06,96.58,202091
1445374800000,96.9,96.9,93.12,93.9,270598
1445461200000,94.07,95.5,92.32,95.45,288138
1445547600000,95.8,98.14,94.87,97.35,320133
1445806800000,97.3,97.79,95.71,97,226019
1445893200000,96.9,97.1,95.25,97.1,195339
1445979600000,97.39,97.39,95.39,96.7,237681
1446066000000,96.8,96.8,95.02,95.03,172612
1446152400000,95.2,96.11,94.65,94.87,118637
1446411600000,94.75,95.9,94.55,95.85,89803
1446498000000,95.89,97.4,95.4,95.46,216300
1446670800000,95.47,96.54,95.34,95.8,177461
1446757200000,96.25,97.25,93.89,95.13,271005
1447016400000,95.5,95.93,94,94.99,138208
1447102800000,95,95.4,94.4,94.74,171694
1447189200000,94.75,94.98,93.28,93.71,143117
1447275600000,93.75,94.77,93.4,94.75,178182
1447362000000,94.7,95.37,93.51,94.69,201289
1447621200000,94.79,94.99,93.3,93.35,215008
1447707600000,93.59,94.85,93.35,93.64,237973
1447794000000,94,96.5,93.45,96.4,346105
1447880400000,96.5,97.63,95.6,96.7,314360
1447966800000,97.03,97.45,95.68,96.5,135060
1448226000000,95.72,95.98,94.4,94.92,250504
1448312400000,94.99,95.24,92.2,93.44,358995
1448398800000,93.6,94.59,93.52,94.27,142363
1448485200000,94.54,95.9,93.8,93.9,246435
1448571600000,93.8,94.46,92.2,92.2,244912
1448830800000,92.31,93.37,89.2,89.2,479024
1448917200000,89.75,91.75,89.75,90.54,318415
1449003600000,91,91.6,88.63,89.39,315454
1449090000000,89.37,91.75,89.03,91.13,345356
1449176400000,91.5,92.2,88.22,88.51,364262
1449435600000,88.98,89.7,87.34,89.25,252046
1449522000000,89.18,90.19,88.11,89.7,240337
1449608400000,89.98,90.75,89.33,89.35,189847
1449694800000,89.3,90.5,88.82,89.25,204236
1449781200000,89.35,89.8,88.43,89,179232
1450040400000,88.84,89.19,87.77,87.8,209934
1450126800000,88,90.55,88,89.65,286441
1450213200000,89.99,91.75,89.63,91.08,232048
1450299600000,91.4,94.5,91.01,94.5,377720
1450386000000,94.03,94.89,92.25,92.29,289906
1450645200000,92.49,93.45,89.8,90.48,260833
1450731600000,90.51,92.24,90.42,92.2,148817
1450818000000,92.1,94.43,92.1,94.1,207861
1450904400000,94.15,94.5,92.35,93.44,173300
1450990800000,93.6,93.75,92.92,93.44,74062
1451250000000,93.03,93.74,92.99,93.5,132303
1451336400000,90.55,91.99,90.51,91.89,165960
1451422800000,92.1,92.31,91.24,91.5,100636
1451854800000,90.9,91.4,88.92,89.22,117655
1451941200000,89.42,91.2,88.91,90.85,137855
1452027600000,91,91.48,89.9,89.9,139221
1452459600000,88,88,85.07,86,351544
1452546000000,85.5,87.18,85,85.53,229716
1452632400000,85.9,87.88,85.44,86.14,285791
1452718800000,85.75,87.33,84,84.64,305353
1452805200000,84.7,84.73,80.4,80.5,452033
1453064400000,80.51,83.85,78.4,82.9,382879
1453150800000,83.99,86.22,83.7,85.4,364563
1453237200000,84.75,87.09,83.25,86.49,399239
1453323600000,86.5,92.16,86.5,91.3,579900
1453410000000,92.5,93,89.51,91,513792
1453669200000,91.39,91.39,89.8,90.5,288149
1453755600000,89.5,91.65,88.33,88.8,315883
1453842000000,89.01,90.49,89,89.91,189513
1453928400000,90.15,90.47,88.63,89.7,241141
1454014800000,89.6,89.84,87.3,88.5,386637
1454274000000,88.45,89.06,86.25,86.98,200585
1454360400000,87.02,89.24,86.47,89.24,288525
1454446800000,89.25,89.5,87.7,87.7,124768
1454533200000,88.5,90.14,87.95,89.99,276021
1454619600000,89.44,90.79,89.13,90.05,166548
1454878800000,89.68,89.95,88.12,88.7,155959
1454965200000,88.5,89,86.2,86.5,232888
1455051600000,86.15,86.83,85.1,85.1,220355
1455138000000,85,85.37,82.51,83.76,322844
1455224400000,84.25,84.6,83.29,83.5,164454
1455483600000,84.65,85.09,82.8,83.45,249334
1455570000000,83.8,84.86,83.25,84.86,221273
1455656400000,85,86.56,85,86.33,236409
1455742800000,86.5,88.88,86.44,88.8,305310
1455829200000,88.01,88.35,86.6,87.45,213865
1455915600000,87.47,88.2,87.1,87.2,38125
1456088400000,87.5,88,86.8,87.5,89465
1456261200000,86.9,87.8,86.25,87.5,202066
1456347600000,87.5,88.7,86.71,87.5,174842
1456434000000,88,90.09,87.7,89.35,276916
1456693200000,89.29,91.7,88.6,91.42,288073
1456779600000,91.02,91.97,90.43,91.05,182576
1456866000000,91.6,91.66,90.42,90.93,115691
1456952400000,90.8,92.48,90.75,91.9,237028
1457038800000,92.31,93.12,91.81,93,312266
1457298000000,93.3,94.94,93.2,94.94,217966
1457470800000,93.79,94.12,92.77,93,206262
1457557200000,92.97,93.5,92.28,92.81,167321
1457643600000,92.85,93.26,90.8,92.21,248826
1457902800000,92.26,92.62,91.14,91.5,160747
1457989200000,91.86,92.56,91.12,92.02,293831
1458075600000,92.02,92.29,90.21,91.19,249577
1458162000000,91.5,92.48,91.13,92.43,294714
1458248400000,92.52,94.9,92.12,94.9,366142
1458507600000,94.1,94.7,93.03,93.9,234918
1458594000000,93.85,94.55,93.2,94.4,183055
1458680400000,94.27,94.5,91.78,92.4,196922
1458766800000,92,92.68,89.43,90.2,297323
1458853200000,90.45,90.76,90.01,90.46,57492
1459112400000,90.96,91.19,89.23,89.95,131811
1459198800000,90.08,90.3,87.87,89.35,269849
1459285200000,89.63,90.8,89.05,89.5,209004
1459371600000,89.51,90.1,86.6,87,475477
1459458000000,86.4,86.5,83.96,84.6,463312
1459717200000,84.5,85.41,83.3,84.59,402596
1459803600000,84.75,87.19,84.51,87,435472
1459890000000,87.4,88.43,87.18,87.99,356608
1459976400000,88.37,88.49,86.05,86.88,282850
1460062800000,86.99,87,85.5,86.29,219081
1460322000000,86.16,87.88,85.82,87.83,256254
1460408400000,87.9,88.4,86.52,87.3,284795
1460494800000,87.84,91.83,87.51,91.21,664689
1460581200000,91.2,92.4,91.07,91.5,418710
1460667600000,91.32,91.9,90,91.2,207340
1460926800000,89.91,92.7,89.91,92.7,296338
1461013200000,92.6,93.3,91.51,92.41,266485
1461099600000,92,93.64,91.56,92.59,336016
1461186000000,93.09,93.78,92.1,93.68,355278
1461272400000,93.68,97.5,93.36,97.5,640550
1461531600000,97.42,97.76,95.83,96.31,253652
1461618000000,96.19,97.5,95.9,97.5,201917
1461704400000,97.5,98.41,96.05,97,192929
1461790800000,96.49,97.09,94.11,97.09,338967
1461877200000,97,97,93.26,94.09,247396
1462309200000,93.5,94.79,90.1,91,302247
1462395600000,90.71,90.75,88.09,88.09,315704
1462482000000,88,89,87.2,87.6,248576
1462827600000,87.3,88.68,86.34,88.15,206973
1462914000000,88.2,89.91,88.2,88.5,196444
1463000400000,88.87,90.7,88.65,89.11,240392
1463086800000,89,89.86,88.11,89.86,197165
1463346000000,90,91.14,89.29,89.3,150736
1463432400000,89.55,89.94,88.28,89.3,117256
1463518800000,89.12,91.65,88.8,90.95,204083
1463605200000,90.7,92.45,90.52,91.9,263775
1463691600000,92.2,93.04,90.84,91.2,176586
1463950800000,91.2,91.33,89.8,90.31,118604
1464037200000,90.2,91.45,89.82,90.85,88587
1464123600000,91.17,91.94,90.65,90.79,139208
1464210000000,91,92.3,90.54,91.52,164819
1464296400000,91.7,92.29,91.23,91.4,93228
1464555600000,91.9,92,91.33,92,37433
1464642000000,92,92.84,89.9,89.9,209379
1464728400000,90.01,91.06,88.89,90.29,148344
1464814800000,90.28,90.73,88.99,89.25,85848
1464901200000,89.78,91,88.29,88.59,148400
1465160400000,88.51,90.67,88.51,89.68,130633
1465246800000,89.81,90.48,89.2,89.74,138837
1465333200000,89.8,89.89,87.55,88.73,173306
1465419600000,88.7,88.97,86.2,86.99,203212
1465506000000,86.89,88.46,86.75,86.96,117210
1465851600000,87.01,87.49,86.11,86.7,165917
1465938000000,86.7,86.73,85.02,85.53,227509
1466024400000,85.5,85.5,83.55,84.98,230085
1466110800000,85.18,86.05,84.25,84.48,317544
1466370000000,83.02,84.3,82.75,83,236568
1466456400000,83.28,84.24,81.97,84.13,219254
1466542800000,84.4,84.65,82.91,83.49,156594
1466629200000,83.05,84.07,82.26,84.07,122829
1466715600000,80.64,83.8,80.64,83.8,255505
1466974800000,83.53,83.98,82.32,82.85,142053
1467061200000,83,84.8,82.85,84.8,181207
1467147600000,84.88,85.79,84.24,84.85,172811
1467234000000,84.62,85.45,84.25,85.4,107868
1467320400000,85.41,85.56,83.77,84.96,125541
1467579600000,85.4,88.87,85.07,88.61,350901
1467666000000,88.65,89.79,87.59,88.09,247559
1467752400000,87.51,88.29,87.24,87.72,122039
1467838800000,88.47,88.88,86.53,87.2,153952
1467925200000,86.9,86.94,85.19,86.72,158932
1468184400000,87.19,88.75,87.15,88.55,135158
1468270800000,88.8,90.4,88.52,90.25,223930
1468357200000,90.49,93,89.61,93,417127
1468443600000,93,93.3,90.9,92.97,210343
1468530000000,92,93,91.93,92.9,120553
1468789200000,92.62,93.75,92.44,93.08,144390
1468875600000,93.19,93.39,92.2,93.1,116093
1468962000000,92.95,93.15,90.41,92.97,164828
1469048400000,92.52,94,91.55,93.9,141189
1469134800000,93.49,94.57,93.22,94,144405
1469394000000,94.44,94.5,92.73,93.06,117792
1469480400000,93.08,93.56,91.75,93.39,113113
1469566800000,93.45,94.45,92.51,94.45,114158
1469653200000,94.22,95.35,93.21,95.35,182633
1469739600000,95.2,96,94.44,94.44,148807
1469998800000,94.97,96.74,94.97,96.37,149355
1470085200000,96.37,97,95.63,95.81,194069
1470171600000,95.8,97.17,95.8,96.6,115788
1470258000000,96.82,97.75,96.1,97.34,125603
1470344400000,97.32,97.92,96.88,97.78,114885
1470603600000,97.9,98.5,97.57,98.3,73244
1470690000000,98.2,98.89,97.91,98.5,96258
1470776400000,98.95,99.35,97.84,99.27,145964
1470862800000,99.22,100.67,99,99.89,202058
1470949200000,99.89,100.07,97.9,98.6,145454
1471208400000,98.75,100.3,97.3,99.67,136529
1471294800000,99.7,100.15,98.1,99.75,121293
1471381200000,99.28,99.47,97.1,97.7,88392
1471467600000,97.7,98.46,95.55,96.01,146014
1471554000000,96.08,98.62,96.05,97.88,139985
1471813200000,97.87,98.9,97.36,98.9,128831
1471899600000,99.14,99.45,98.37,98.79,69367
1471986000000,98.63,99.2,97.4,98.53,78650
1472072400000,98.22,98.47,96.49,97.6,101494
1472158800000,97.39,97.55,95.42,95.97,146965
1472418000000,95.56,96.5,94.54,96.4,107959
1472504400000,96.52,97.49,96.05,96.28,90201
1472590800000,96.59,96.59,95,95.71,83316
1472677200000,96.4,96.89,95.82,96.31,114787
1472763600000,96.5,97.54,96.22,97.17,97744
1473022800000,97.64,98.09,96.71,97.1,103040
1473109200000,97.19,99.26,97.06,99.26,113354
1473195600000,99.47,99.47,98.45,98.71,77304
1473282000000,98.95,99.1,97.6,97.8,79606
1473368400000,97.8,98.75,97.2,97.2,90956
1473627600000,96.6,97.35,96.25,96.9,95812
1473714000000,97.15,98.4,96.27,97.5,87158
1473800400000,97.5,97.57,95.46,95.46,121448
1473886800000,95.5,95.84,94.05,95.2,199516
1473973200000,95.2,95.72,93.6,94.7,120670
1474232400000,95,95.78,94.36,95.05,126637
1474318800000,95.26,95.98,94.64,95.62,91289
1474405200000,95.79,95.95,94.04,94.2,74578
1474491600000,94.83,97.15,94.32,97.15,230999
1474578000000,97,97.36,95.26,97.3,148558
1474837200000,96.79,97.35,96.07,96.67,81463
1474923600000,96.79,98.67,96.67,97.8,164399
1475010000000,98,100.35,98,99.52,233262
1475096400000,100.06,100.6,98.77,99.18,111084
1475182800000,99,99.97,97.65,98.12,135575
1475442000000,97.88,98.35,96.05,96.48,102362
1475528400000,96.49,97.27,95.19,96.39,96634
1475614800000,96.28,96.32,94.2,95.3,146116
1475701200000,94.78,96.11,94.3,94.75,124652
1475787600000,94.77,95.58,93.67,94.01,148758
1476046800000,94.35,94.9,93.97,94.06,116308
1476133200000,94.07,94.7,93.84,94.5,99602
1476219600000,94.55,94.98,93.7,94.32,119412
1476306000000,94.25,94.42,93.05,94,129183
1476392400000,94.29,94.58,93.5,93.9,56938
1476651600000,93.9,94.16,92.06,92.5,148919
1476738000000,93,94.04,92.63,93.64,102454
1476824400000,93.99,93.99,92.2,92.69,104303
1476910800000,92.63,92.97,92,92,61777
1476997200000,91.85,93.8,91.54,93.76,88954
1477256400000,93.87,93.96,92.1,92.5,89931
1477342800000,92.5,94.06,92.31,93.04,96267
1477429200000,93.02,93.77,92.5,93.07,89174
1477515600000,93.47,95.09,93.19,94.51,133695
1477602000000,94.21,94.59,93.11,93.45,80713
1477861200000,93.89,93.89,92,93.44,169413
1477947600000,93.5,94.22,93.1,93.1,114459
1478034000000,92.99,93.09,92,92,96932
1478120400000,91.9,92.49,91.37,91.57,103409
1478466000000,92.3,93.88,92.17,92.3,168331
1478552400000,93.2,94.42,93.09,94,131010
1478638800000,92.9,96.21,92.9,95.9,209454
1478725200000,96.4,104.25,96.4,100.46,557404
1478811600000,102,103.79,100.52,101.5,444078
1479070800000,102,104.18,101.24,103.8,226656
1479157200000,103.79,105.35,102.29,103.67,248042
1479243600000,104.17,105.4,102.12,102.7,217581
1479330000000,102.51,103.48,101.5,102.89,138841
1479416400000,103,103.4,100.72,101.44,146996
1479675600000,102.27,102.45,100.55,101.37,92165
1479762000000,101.75,103.27,101.15,102.77,135931
1479848400000,103,104.99,102.94,104.9,141062
1479934800000,105.29,105.91,104,104.98,111211
1480021200000,104.78,105.47,103.7,104.5,71964
1480280400000,105.1,105.95,104.7,105.5,126652
1480366800000,105,105.89,104.19,104.68,135039
1480453200000,104.01,105.09,102.8,103.71,216540
1480539600000,104.15,106.31,103.9,106.2,182307
1480626000000,106,107.05,105.32,106.8,98071
1480885200000,106.58,109.17,106.54,108.3,128758
1480971600000,108.34,109.66,108.08,109,90388
1481058000000,109.1,111.11,108.6,109.9,126732
1481144400000,110,110.9,109.01,110.7,134676
1481230800000,110.87,111.99,109.03,109.96,112004
1481490000000,110.28,110.53,107.16,109.09,233932
1481576400000,109,109.27,107.2,108.04,166882
1481662800000,108.25,108.88,105.07,105.9,210673
1481749200000,105.1,106.08,102.14,105.12,403588
1481835600000,105.55,105.88,103.63,105.25,167041
1482094800000,105.45,105.45,102.37,102.6,135562
1482181200000,103,104,101.7,102.49,251355
1482267600000,102.88,103.3,101.5,101.94,228257
1482354000000,101.97,102.8,101.65,101.9,204236
1482440400000,101.9,102.48,101.05,101.7,211435
1482699600000,101.99,102.96,101.33,102.02,168795
1482786000000,98.1,99.25,98,98.96,184247
1482872400000,98.9,99.98,97.74,97.9,138251
1482958800000,97.81,99.67,96.65,99.51,141386
1483045200000,99.6,101.27,99.35,101.22,115066
1483390800000,101.23,103.5,101.23,102.45,187145
1483477200000,102.45,102.86,99.9,101.95,150167
1483563600000,102.05,102.5,99.18,100.25,113456
1483650000000,100.25,100.6,99.37,100.4,76996
1483909200000,100.63,101.31,100.38,101.15,59446
1483995600000,101.34,103.98,101.16,103.97,155362
1484082000000,103.25,104.57,102.81,104.39,127176
1484168400000,103.99,104.35,98.32,99.94,611509
1484254800000,100.19,100.9,96.42,97.56,346521
1484514000000,97.79,98.54,97.02,97.61,136911
1484600400000,97.49,97.8,96,96.15,169780
1484686800000,96.25,96.5,95.1,95.49,157984
1484773200000,95.5,96.38,95.15,95.9,135387
1484859600000,95.65,95.7,93.41,93.6,207962
1485118800000,93.9,94.82,93.26,94.24,135490
1485205200000,94.4,95.19,93.55,94.86,251091
1485291600000,94.98,95.45,94.42,95.35,182688
1485378000000,95.55,98.39,95.4,97.9,275406
1485464400000,97.1,98.37,97,97.92,148086
1485723600000,97.91,98.89,97.1,97.72,112137
1485810000000,97.6,98.27,96.22,96.29,137944
1485896400000,96.62,98.6,96.46,98.48,163459
1485982800000,98.62,102.88,98.23,102.55,503321
1486069200000,102.11,102.35,100,100.89,252133
1486328400000,101,101.55,98.8,99.22,174682
1486414800000,99.3,101.43,98.8,101.36,170697
1486501200000,101.55,102.38,100.51,101.35,181642
1486587600000,101.37,101.64,99.4,99.99,118463
1486674000000,100.19,100.72,99.02,100.72,118992
1486933200000,101.11,101.35,98.05,98.9,176477
1487019600000,98.7,99,96.83,97.4,141314
1487106000000,97.43,99.96,95.74,99.4,248021
1487192400000,99.65,100.45,98.3,99.57,168824
1487278800000,99.57,99.57,96.8,97.2,266672
1487538000000,97.85,97.85,95.2,95.85,196375
1487624400000,95.49,96.98,95.05,96.77,104620
1487710800000,96.93,96.93,95.23,96,79924
1487883600000,95.78,95.8,93.5,94.98,183937
1488142800000,95.19,95.36,93,93.41,175139
1488229200000,93.5,93.76,86.97,93.11,248696
1488315600000,93.25,94.64,92.81,93.71,155841
1488402000000,93.99,95.05,92.65,93.06,160221
1488488400000,92.85,93.78,92.03,93.36,97166
1488747600000,93.15,94.15,92.32,93.24,83142
1488834000000,93.24,93.24,89.8,90.61,341783
1489006800000,88.98,89.95,88,88.07,290185
1489093200000,88.4,89,87.01,88.55,168332
1489352400000,88.55,90.73,88.18,89.65,133556
1489438800000,89.95,91.08,89.67,90.97,113755
1489525200000,91.14,91.89,90.05,90.57,180248
1489611600000,91.45,92.19,90.01,90.54,274194
1489698000000,90.46,92.72,90.27,91.69,241489
1489957200000,91.63,92,89.89,90.11,196243
1490043600000,90.4,91.5,90,91.09,162165
1490130000000,90.9,91.8,89.2,91.8,188896
1490216400000,91.85,92.35,91.08,91.82,100883
1490302800000,91.66,92.07,90.5,91.65,78961
1490562000000,91.17,91.17,88.65,88.91,193036
1490648400000,89.3,90.11,88.85,90.11,103265
1490734800000,90.11,90.49,89.31,89.85,80644
1490821200000,89.74,90.09,88.85,89.89,89989
1490907600000,89.8,89.98,88.39,89.29,95153
1491166800000,89.36,90.5,88.65,89.74,114662
1491253200000,89.59,90.5,89.46,90,105121
1491339600000,90.44,91.91,90.21,91.86,124549
1491426000000,91.8,91.81,90.91,91.33,123348
1491512400000,90.99,91.41,89.35,90.25,196681
1491771600000,90.04,90.39,88.85,89.56,155514
1491858000000,89.52,90.65,89.39,89.64,109699
1491944400000,90.11,90.15,88.75,89.24,111974
1492030800000,89.48,89.48,86.84,87.75,208100
1492117200000,87.5,88.27,87.08,87.1,42964
1492376400000,87.42,88.66,86.5,88.41,77081
1492462800000,88.47,88.58,85.51,85.56,190006
1492549200000,85.94,86.5,84.92,85.53,135979
1492635600000,85.5,86.2,84.71,86.2,130915
1492722000000,86.12,86.45,84.62,85.38,145299
1492981200000,85.63,87.05,84.67,86.85,176727
1493067600000,87.21,89.04,86.15,88.73,149714
1493154000000,88.97,89.4,87.21,88.9,171795
1493240400000,88.18,89.78,86.77,87.5,193810
1493326800000,87.8,88.93,87.4,87.47,160861
1493672400000,87.86,89.4,87.7,88.09,153926
1493758800000,88,88,86.75,86.88,152566
1493845200000,86.69,87.42,85.76,87.01,165870
1493931600000,86.53,87.69,85.66,87.65,131504
1494363600000,88,88.15,85.71,86.58,200296
1494450000000,86.36,86.59,84.78,85,207810
1494536400000,85.04,85.11,83.52,84.05,153250
1494795600000,84.23,85.3,83.51,85.3,164624
1494882000000,85.19,85.2,83.65,84.02,113969
1494968400000,83.88,84.51,83.6,83.72,135495
1495054800000,83.53,84.44,82.48,84.2,241348
1495141200000,84.25,84.95,83.05,83.05,122602
1495400400000,83.05,83.75,82.51,82.75,112447
1495486800000,82.61,83.89,82.09,83.59,109666
1495573200000,83.07,83.99,82.92,83.99,82265
1495659600000,84.08,84.48,82.27,82.27,144919
1495746000000,82.5,82.64,81.65,82,126080
1496005200000,82.2,82.47,81.43,81.43,70486
1496091600000,81.5,81.6,80.35,80.5,154345
1496178000000,80.38,80.67,79.02,79.02,314631
1496264400000,79.49,79.58,77.5,77.91,283785
1496350800000,78,78.9,76.77,78.29,233230
1496610000000,78.53,79.75,77.91,78.87,159842
1496696400000,79.29,79.55,78,78.98,124799
1496782800000,78.75,79.54,78.54,78.65,122570
1496869200000,78.71,80.2,78.71,80.13,149621
1496955600000,79.91,81.41,79.89,81,193627
1497301200000,80.57,81.45,80.22,80.58,158695
1497387600000,80.6,81.46,80.59,81.13,152743
1497474000000,80.75,81.09,78.62,80.11,473032
1497560400000,80.3,81.94,80.3,81.54,248522
1497819600000,81.9,82.73,81.62,82.5,171048
1497906000000,82.67,83.76,82.31,83.11,212940
1497992400000,83,83.59,81.73,82.9,248295
1498078800000,79.21,79.49,77.91,78.5,444514
1498165200000,78.75,80.95,78.26,80.15,379595
1498424400000,80.54,81.23,79.91,79.99,133668
1498510800000,79.77,81.45,79.67,81.26,163095
1498597200000,81.05,82.46,80.75,81.75,160350
1498683600000,82.01,82.38,81.31,81.8,127313
1498770000000,81.7,82.88,80.68,80.68,195603
1499029200000,81.07,82.47,80.9,82.46,120868
1499115600000,82.25,82.45,81.61,81.97,96847
1499202000000,82.17,82.98,81.65,82.88,151838
1499288400000,82.75,83.86,82.75,83.43,136882
1499374800000,82.58,84.05,82.4,83.73,151915
1499634000000,83.99,85.15,83.82,85.15,193488
1499720400000,85.5,85.99,85.1,85.91,119772
1499806800000,85.96,86.4,85.12,86,198692
1499893200000,86,86.2,84.2,84.96,178759
1499979600000,84.78,84.91,83.91,84.8,135168
1500238800000,85.08,85.93,84.5,85.93,178398
1500325200000,85.75,86.15,85.32,85.74,153118
1500411600000,85.65,86.93,85.58,86.93,126311
1500498000000,86.89,87.46,82.6,84.1,294050
1500584400000,83.99,84.51,82.91,83.88,420458
1500843600000,83.7,85.85,83.7,85.85,348803
1500930000000,85.95,87.13,85.73,86.75,790335
1501016400000,86.61,87.24,86.12,86.46,291899
1501102800000,86.75,88.67,86.55,88.65,253874
1501189200000,88.4,88.96,87.18,88.31,278590
1501448400000,88.26,89.6,88.26,89.3,201926
1501534800000,89.6,90.9,89.11,90.55,226209
1501621200000,90.2,91.77,90.2,91.42,236716
1501707600000,91.6,91.97,90.44,90.95,226345
1501794000000,90.83,91.15,90.1,90.99,115889
1502053200000,91,92.7,90.99,92.7,209361
1502139600000,92.6,92.8,91.31,92,168632
1502226000000,92.48,92.95,92.1,92.69,155444
1502312400000,92.53,92.88,91.33,91.8,148627
1502398800000,90.65,90.99,89.2,90,249329
1502658000000,90.36,91.15,89.84,90.5,115590
1502744400000,90.5,90.86,88.4,89.19,298141
1502830800000,88.9,88.94,86.16,87.25,602613
1502917200000,87.2,88.44,87.02,87.68,166826
1503003600000,87.33,89.19,87.01,88.99,261692
1503262800000,89.24,90.28,89.1,90.05,198361
1503349200000,90.59,90.98,90.25,90.71,162598
1503435600000,90.7,91.3,90.54,91.3,250141
1503522000000,91.43,92.2,90.97,92.2,214775
1503608400000,90.84,92.09,89.23,91.5,358990
1503867600000,91.5,92.89,91.05,92.89,135800
1503954000000,92.95,94.73,92.21,94.73,305359
1504040400000,94.92,96.2,94.1,95,279574
1504126800000,94.99,98.16,94.71,97.9,556145
1504213200000,98.2,99.2,97.07,98.03,357581
1504472400000,98,98.5,96.74,97.46,130404
1504558800000,97.59,97.87,96.5,96.92,146196
1504645200000,96.82,98.6,96.81,98.25,262020
1504731600000,98.6,98.68,96.6,96.6,228305
1504818000000,96.63,98.15,96.12,96.75,172956
1505077200000,96.9,97.98,96.01,96.67,229219
1505163600000,96.5,98.67,96.44,98.67,186130
1505250000000,98.55,98.74,96.5,96.5,195287
1505336400000,96.29,96.5,94.7,95.6,249580
1505422800000,95.67,95.78,94.27,95.35,208815
1505682000000,95.69,96.91,95.35,95.47,168612
1505768400000,95.29,96.29,95.25,96.13,143530
1505854800000,96.41,96.79,95.32,96.73,199277
1505941200000,96.39,97.32,95.71,97.1,243144
1506027600000,96.3,96.4,95.03,95.93,264969
1506286800000,95.91,96.85,95.24,96.5,187771
1506373200000,96.73,97.73,95.94,96.07,163477
1506459600000,96.07,97.15,96,96.49,158356
1506546000000,96.5,96.63,95.82,96.48,109981
1506632400000,96.5,99.45,96.45,99.2,397140
1506891600000,99.2,101.4,99.04,101.34,344316
1506978000000,101.68,102.91,101.45,102.53,291371
1507064400000,102.9,103.06,101.35,102.13,219816
1507150800000,102.03,103.58,101.71,103.28,187774
1507237200000,103.8,104,102.86,103.13,118414
1507496400000,103.32,104.38,103.32,104.38,139197
1507582800000,104.47,104.47,101.8,102.54,192315
1507669200000,102.54,103.06,101.52,102.75,176748
1507755600000,102.78,102.92,100.68,101.55,279010
1507842000000,101.55,104.96,101.55,104.9,492230
1508101200000,105,108.34,104.9,107.8,587617
1508187600000,107.49,107.74,106.5,107.3,269508
1508274000000,105.7,109.18,105.3,107.56,406090
1508360400000,107.59,108.2,105.27,105.27,274876
1508446800000,106.11,107.42,106.04,106.96,209763
1508706000000,107.25,107.5,106,106.73,128935
1508792400000,106.75,107.34,104.92,106.66,133852
1508878800000,106.69,106.85,103.5,103.9,239577
1508965200000,103.9,105.65,102.89,104.25,210995
1509051600000,104,105.57,103.83,105.32,151263
1509310800000,104.83,106.56,104.2,105.9,143267
1509397200000,106.5,107.89,105.92,105.92,181392
1509483600000,107.5,110.7,107.4,110.5,416048
1509570000000,110.7,114.6,109.22,113.5,505046
1509656400000,113.99,117.87,113.47,115.51,516509
1510002000000,116.76,119.38,113.18,116.1,424677
1510088400000,115.38,115.38,113.54,114.55,221535
1510174800000,113.2,115.27,112.2,114.65,243940
1510261200000,114.01,115.89,113.64,114,146370
1510520400000,114.41,115.5,113.6,114.7,134447
1510606800000,114.24,115.03,110.8,111.51,173877
1510693200000,110.59,111.5,108.03,108.03,216146
1510779600000,108.03,111.77,108.03,110.44,176537
1510866000000,110.44,110.99,108,108.13,112440
1511125200000,108.35,110,104.1,105.44,313993
1511211600000,104,107,102.12,105.15,472976
1511298000000,105.45,107.84,104.31,107.68,166614
1511384400000,107.5,107.51,104.85,106.09,113933
1511470800000,106.5,107.69,106.16,107.5,104314
1511730000000,106.5,106.59,104.5,105.5,101322
1511816400000,104.3,104.31,101.25,102.2,213459
1511902800000,102.7,103.76,100.82,101.07,157080
1511989200000,100.71,101.47,98.76,98.76,267827
1512075600000,99.25,100.8,98.9,100.8,137706
1512334800000,101.24,102.8,100.3,101.66,117134
1512421200000,101.25,101.28,99.31,100.77,135953
1512507600000,100.22,101.87,99.36,101.66,131809
1512594000000,100,101.5,99.69,100.63,109272
1512680400000,100.88,101.84,100.24,100.77,97607
1512939600000,100.55,104.23,100.35,104.23,134271
1513026000000,104.01,107.87,103.8,107.87,269204
1513112400000,107.7,107.7,104.4,105.12,142050
1513198800000,105.1,106.89,104.77,106.69,129846
1513285200000,106.5,107.39,104.42,105.95,173166
1513544400000,106.2,107.59,105.12,106.8,137850
1513630800000,106.8,106.99,105.3,106.53,93132
1513717200000,105.6,107,105.6,106.13,108259
1513803600000,106.22,107.17,104.51,105.31,137375
1513890000000,105.3,107.29,104.03,107.1,105756
1514149200000,107.1,107.1,106.2,106.55,26935
1514235600000,106.38,106.84,105.3,106.29,35289
1514322000000,105.64,107,105,106.21,124848
1514408400000,106.48,107.18,105.86,106.94,69933
1514494800000,106.88,108.55,106.08,108.5,92951
1514926800000,108.8,113.02,108.8,113.02,152990
1515013200000,113.1,116,112.69,115.85,200891
1515099600000,116.06,116.39,114.56,115.65,191238
1515445200000,116.1,117.94,115.9,116.75,244866
1515531600000,116.7,116.97,114.82,116.55,231328
1515618000000,116.14,118.5,115.4,116.62,225195
1515704400000,116.6,117.22,114.81,116,129018
1515963600000,116.61,117.5,115.8,117.5,136249
1516050000000,116.95,117,113.2,113.75,214015
1516136400000,113.28,114.98,111.35,114.98,263552
1516222800000,114.98,116.3,114.16,115.6,199705
1516309200000,115.67,116,113.84,114.7,155913
1516568400000,114.5,115.69,113.9,114.88,157334
1516654800000,115.35,115.35,111.06,111.98,279554
1516741200000,111.9,113.78,109.65,113.25,247870
1516827600000,114.2,115.37,113.5,115.37,262730
1516914000000,115.25,115.25,112.21,114.2,174245
1517173200000,115,117.09,114.21,115.39,208116
1517259600000,114.17,115.19,113.66,114.83,166658
1517346000000,114.5,116.64,114.04,116.08,174668
1517432400000,116.07,117.5,115.47,116.39,172681
1517518800000,116.48,116.95,114,114.96,193577
1517778000000,114.5,116.7,112.5,115.81,169438
1517864400000,112.9,114.91,112.65,113.08,305995
1517950800000,114.7,115.12,112.05,112.68,190000
1518037200000,112.39,112.5,110.2,111.1,163176
1518123600000,109.41,113.49,109.06,111.01,213171
1518382800000,112.55,112.91,111.22,111.47,133347
1518469200000,111.96,115,111.22,115,213964
1518555600000,115.01,117.61,114.6,117.61,264873
1518642000000,118,119.7,117.6,117.85,315490
1518728400000,117.9,117.99,104.22,108.1,1140685
1518987600000,108.1,112.81,105.1,111.71,580491
1519074000000,111.9,112.44,109.5,110.6,362250
1519160400000,110,116.4,109.99,113,516332
1519246800000,112.51,114,111.07,113.8,260419
1519592400000,115.7,119.26,114.37,118.74,402976
1519678800000,118.9,118.98,115.05,115.5,265654
1519765200000,115,115,111.35,111.59,347007
1519851600000,110.98,112.78,110.21,111.73,196345
1519938000000,111.51,112.49,110.37,112.48,138150
1520197200000,112.7,113.94,111.31,111.99,158462
1520283600000,112.1,113.96,107.6,111.61,534687
1520370000000,111.36,111.76,110.11,111.6,155791
1520542800000,111.3,112.87,109.13,110.77,166640
1520802000000,111.46,112.09,110.25,111.57,110478
1520888400000,110.93,111.47,110.35,111.01,99039
1520974800000,110.64,110.79,108,108.81,212369
1521061200000,108.4,109.33,107.25,108.9,182542
1521147600000,108.3,109.93,107.62,109.27,211891
1521406800000,109.4,110.21,108.93,109.11,82011
1521493200000,109.41,109.66,107.6,109.5,147443
1521579600000,109.36,110.44,108.6,109.32,110234
1521666000000,109.43,110.67,108.75,110.03,93711
1521752400000,109.3,109.98,107.6,109.98,138654
1522011600000,109.53,109.53,107.5,107.5,106859
1522098000000,108,108.45,106.69,107.28,122646
1522184400000,106.99,107.82,106.28,106.95,96600
1522270800000,107.29,107.95,106.6,107.95,120855
1522357200000,107.79,108,107.4,107.6,28302
1522616400000,107.86,110.11,107.61,108,95784
1522702800000,108.1,108.74,107.18,108.3,119362
1522789200000,108.29,108.87,106.8,107.35,163314
1522875600000,107.75,108.19,106.62,107.44,142517
1522962000000,106.9,107.53,106.2,107.33,129463
1523221200000,106.23,106.25,88.24,91.7,1298445
1523307600000,92.41,99.98,91,98.1,704827
1523394000000,98.1,103.43,96.61,98.88,412500
1523480400000,99.04,103.76,96.59,103.76,421598
1523566800000,103.66,105.7,102.5,104.9,319193
1523826000000,102.57,106.78,97.78,99,579958
1523912400000,102.9,103.7,100.61,102.29,280568
1523998800000,102.55,106.72,102.1,106.72,369132
1524085200000,107.5,110.75,105.2,106.85,419353
1524171600000,106.8,107.3,105.25,106.15,130200
1524430800000,106.06,108.9,104.05,108.75,333633
1524517200000,109.1,109.32,107.27,108.6,127826
1524603600000,108,108.88,107.2,108.03,126880
1524690000000,108,109.88,107.57,109.88,177613
1524776400000,109.8,110,107.77,109.89,140218
1524862800000,109.15,109.5,108.81,109.49,22800
1525035600000,109.64,109.85,108.06,108.14,78840
1525208400000,108.34,111.15,108.01,110.4,149927
1525294800000,110.1,110.98,108.56,108.56,129166
1525381200000,109.04,110.3,108.75,109.96,107509
1525640400000,110.45,112.1,110.35,111.5,99572
1525726800000,111.52,111.54,108.73,110.94,226038
1525899600000,110.52,110.65,106.65,107.3,346173
1525986000000,107.6,108.28,106.64,107.29,113787
1526245200000,107.53,107.89,106.28,107.78,117470
1526331600000,107.78,109.35,106.65,109.15,207128
1526418000000,109,110.1,107.8,108,170440
1526504400000,108.34,108.39,107.32,107.9,195561
1526590800000,107.96,108.46,107.06,107.32,130733
1526850000000,107.54,110.47,107.54,109.22,170146
1526936400000,109.2,110.75,108.32,109.98,138432
1527022800000,109.34,110.19,108.5,108.5,124678
1527109200000,108.86,109.77,108.21,108.8,90659
1527195600000,110,111.09,109.41,110.9,191996
1527454800000,110.52,111.74,110.52,111.7,51596
1527541200000,111.68,111.97,110.43,111.44,105257
1527627600000,111.43,112.59,110.12,110.66,171748
1527714000000,111,111.82,110.23,111.11,246035
1527800400000,111.42,113.63,110.75,111.5,166033
1528059600000,111.97,114.74,111.97,114.74,116148
1528146000000,114.8,115.9,114.18,115.51,97779
1528232400000,115.44,116.4,114.21,116.4,131771
1528318800000,116.14,117.39,115.2,116.44,103493
1528405200000,116.4,117.35,113.55,113.55,182587
1528491600000,114,114.9,113.91,114.84,17569
1528664400000,114.58,115.9,113.8,115,54759
1528837200000,114.9,115.65,112.73,112.75,140290
1528923600000,112.68,112.95,110.85,111.61,135422
1529010000000,111.73,112.52,110.58,110.66,188707
1529269200000,110.5,111.65,110.11,110.51,99711
1529355600000,110.28,112,108.61,111.26,185359
1529442000000,111.47,113.5,111.47,112.43,176729
1529528400000,112.5,113.42,112.1,112.24,113834
1529614800000,112.7,113.83,112,112.22,121710
1529874000000,112.02,114.87,112.01,112.85,126424
1529960400000,113.05,114,112.07,112.22,60294
1530046800000,112.07,112.7,110.53,111,229682
1530133200000,112.6,113,110.8,111.15,160038
1530219600000,111.71,113.99,111.51,113.99,160841
1530478800000,113.49,116.24,113.04,116,159066
1530565200000,116.23,116.45,114.64,115.4,106325
1530651600000,115.5,116.02,114.38,114.58,110518
1530738000000,114.79,116,113.81,115.66,241193
1530824400000,115.6,117.47,115.31,116.98,149735
1531083600000,117.5,118.84,116.5,117.99,181814
1531170000000,118.07,118.68,116.5,117.25,174576
1531256400000,116.48,116.48,112.6,112.6,355172
1531342800000,113.5,113.89,112.01,113.59,207277
1531429200000,113.49,114.8,113.01,113.98,298366
1531688400000,109.28,109.69,106.31,106.8,283577
1531774800000,106.76,106.76,104.7,106.1,183005
1531861200000,106.21,106.67,104.75,105.74,192873
1531947600000,105.6,105.9,102.8,103.5,162950
1532034000000,103.5,104.47,101.74,102.55,178627
1532293200000,102.78,104.34,102.2,103.14,99215
1532379600000,103.53,107.9,103.39,107.6,281521
1532466000000,106.99,108.82,105.69,108.45,149453
1532552400000,108.7,109.39,107.37,108.27,146296
1532638800000,108,108.71,106.69,108.48,107176
1532898000000,108.15,109.35,107.4,108.66,98438
1532984400000,108.5,109.39,107.25,108.82,136221
1533070800000,108.79,109.03,107.6,107.82,80940
1533157200000,107.46,107.81,105.92,107,125542
1533243600000,106.69,108.14,105.17,108.14,110346
1533502800000,107.81,108.4,106.52,107.7,77641
1533589200000,107.8,108.47,107.15,108.3,84244
1533675600000,108.3,108.5,106.5,108.3,183061
1533762000000,108.2,109.99,107.35,109.99,276646
1533848400000,106,108,104.86,108,438241
1534107600000,107.5,111,107.37,110.05,295847
1534194000000,111.05,111.91,109.26,109.9,246374
1534280400000,109.72,110,108.61,110,251786
1534366800000,110,110.67,108.44,109.01,143735
1534453200000,109.28,109.78,107.8,108.21,152735
1534712400000,108.61,110,108.39,109.5,154134
1534798800000,109.74,110.15,108.91,109.3,120879
1534885200000,109.46,110.74,108.96,110.74,199744
1534971600000,110.33,111.37,109.21,109.5,149341
1535058000000,109.32,110.35,109.1,110.15,93237
1535317200000,110.3,110.72,109.86,110.72,66020
1535403600000,110.62,113.37,110.6,112.5,279584
1535490000000,112.5,113.82,112.3,113.38,127005
1535576400000,113.79,113.85,112.14,112.62,136298
1535662800000,112.4,113.09,111.82,112.2,124634
1535922000000,112.23,113.23,112,112.87,63303
1536008400000,112.7,113.24,111.57,112.5,92994
1536094800000,112.35,112.39,111.36,111.36,94281
1536181200000,111.55,113.05,111.25,112.06,101802
1536267600000,112.09,112.98,111.18,112,100714
1536526800000,112.2,113.68,112.11,113.65,113217
1536613200000,113.33,114.8,112.9,114.56,176167
1536699600000,114.49,115.68,114.21,115.65,115130
1536786000000,115.61,116.7,115.26,116.37,99802
1536872400000,116.5,116.5,115.05,115.25,92199
1537131600000,115.2,115.4,113.53,115.4,116783
1537218000000,115.2,116.3,115.1,115.87,106280
1537304400000,116,117.9,115.4,116.51,225489
1537390800000,116.6,118.38,115.94,117.05,277405
1537477200000,117.4,120.73,117.3,120.73,331882
1537736400000,120.65,121.44,117.57,119.16,218705
1537822800000,119,119.79,118.01,119.57,166883
1537909200000,119.57,119.97,118.8,118.86,105311
1537995600000,118.75,119.3,117.57,118.3,325272
1538082000000,111.7,114.59,111.01,113.88,319711
1538341200000,114.3,115.29,112.51,113.07,157040
1538427600000,113.39,113.93,111.56,112.29,124820
1538514000000,112.01,115.06,112.01,113.65,168263
1538600400000,114.1,114.44,113.07,114.16,100227
1538686800000,114.09,114.1,112.47,112.92,89003
1538946000000,113.28,113.99,112.9,113.21,78365
1539032400000,113.42,115.09,113.26,114.03,89928
1539118800000,114.2,116.5,113.51,113.76,183574
1539205200000,112.2,112.85,111.14,112.53,180587
1539291600000,112.9,113.26,111.43,111.7,150419
1539550800000,111.5,111.76,110.11,110.88,169603
1539637200000,110.99,112.64,110.55,112.64,135591
1539723600000,112.66,114.7,112.54,114.3,110894
1539810000000,114.23,114.23,112.57,113.6,107482
1539896400000,113.67,114.86,112.85,113.78,140920
1540155600000,114,115.8,112.8,112.91,136901
1540242000000,112.75,112.89,110.61,110.61,129644
1540328400000,111.11,112.3,110.25,110.25,168742
1540414800000,109.98,110.75,108.7,109.02,191301
1540501200000,108.71,109.14,105.7,106.5,203007
1540760400000,106.39,107.7,105.55,106.79,97835
1540846800000,106.57,107.67,106.11,107.02,110161
1540933200000,107.49,110,107.4,110,154248
1541019600000,109.5,112.5,109.1,112.5,188803
1541106000000,112.61,114.7,112.35,114.7,284532
1541451600000,114.3,115.88,113.22,115.65,134997
1541538000000,115.42,116.95,114.61,116.95,149226
1541624400000,116.63,117.5,115.71,116.98,121490
1541710800000,116.33,116.93,115.3,116.89,169263
1541970000000,117,117.05,115.95,116.08,74889
1542056400000,116.1,117.17,115.6,116.08,96614
1542142800000,115.73,116.85,115.21,116.83,93587
1542229200000,116.92,118.69,116.33,117.01,135387
1542315600000,117.44,118.12,115.78,117.14,117392
1542574800000,117.2,118.49,116.91,117.46,106234
1542661200000,117.1,117.6,115.95,117.42,103815
1542747600000,116.89,118.4,116.61,118.2,111062
1542834000000,118.2,119,117.5,118.76,105446
1542920400000,118.49,119.84,117.88,119.54,129948
1543179600000,119.54,120.26,116.17,119.59,214972
1543266000000,119.55,123.79,119.47,123.79,260687
1543352400000,123.51,127.95,123.21,127.7,247852
1543438800000,127.81,129.7,126.51,126.91,219933
1543525200000,126.7,127.89,125.53,127.38,233490
1543784400000,127.88,129.92,127.02,128.17,132646
1543870800000,127.97,128.87,124.72,126.66,205111
1543957200000,125.71,128.2,124.79,128.2,143467
1544043600000,127.11,127.74,125.72,126.99,92203
1544130000000,127.2,127.54,126.5,127.45,96898
1544389200000,127,128.11,126.22,126.3,101237
1544475600000,126.3,127.83,125.31,127.38,120684
1544562000000,127.99,129.34,127.03,128.9,130243
1544648400000,129.02,132.32,128.75,132.2,203228
1544734800000,132.19,132.2,130.54,131.6,101435
1544994000000,131.11,134.9,131.11,133.49,144401
1545080400000,132.1,133.24,131.33,132.12,135896
1545166800000,132.29,132.29,129.41,131.25,154270
1545253200000,131,132.17,129.05,132.17,169667
1545339600000,131.6,131.77,129.13,130.14,157198
1545598800000,129.97,130.1,127.21,127.83,61743
1545685200000,127.01,127.02,124.61,125.55,58631
1545771600000,125.62,128.93,125.62,128.67,69071
1545858000000,129.96,129.96,128.16,128.89,99165
1545944400000,129.53,131.55,128.94,130.73,83656
1546030800000,131.31,131.31,129.51,130.39,18666
1546462800000,129.78,130.43,128.51,129.93,63500
1546549200000,130.21,130.75,129.34,130.7,57889
1546894800000,130.94,131.28,130.3,131.28,79771
1546981200000,131.75,133.17,131.63,132.29,90514
1547067600000,132.35,133.43,131.37,133.43,106387
1547154000000,133.53,135.45,133.08,134.37,129198
1547413200000,133.55,134.35,132.77,133.89,86132
1547499600000,134,134.61,132.23,133.89,140167
1547586000000,133.87,133.87,131.42,131.8,83212
1547672400000,132,133.09,130.69,132.82,144099
1547758800000,133.34,133.79,132.11,133.59,86962
1548018000000,133.75,133.75,133.09,133.53,46764
1548104400000,133.17,133.38,132.33,133.06,105402
1548190800000,133.19,134.02,132.56,133.78,108996
1548277200000,133.65,134.44,132.85,133.69,114448
1548363600000,133.75,134.72,132.72,133.12,123274
1548622800000,133.15,133.36,130.61,130.89,104404
1548709200000,131,132.6,130.01,132.6,117525
1548795600000,132.59,136.39,131.92,136.39,236099
1548882000000,136.65,139,135.96,135.96,227174
1548968400000,136,137.58,135,135.34,133178
1549227600000,135.34,136.26,134.8,135,76455
1549314000000,135.7,136.94,135,135.88,89284
1549400400000,135.9,137.88,135.86,136.9,117511
1549486800000,136.8,137.16,135.64,136.5,91653
1549573200000,136.08,137.38,135.84,137.32,66037
1549832400000,137.2,137.88,136.84,137.02,91234
1549918800000,137.54,137.9,137.2,137.8,85666
1550005200000,137.98,137.98,135.42,135.52,97090
1550091600000,134.68,137.58,134.68,137.4,128354
1550178000000,137.52,138.88,136.76,137.5,135615
1550437200000,137.5,137.5,135.56,136.6,97459
1550523600000,136.68,138,135.84,138,106316
1550610000000,138.2,142.58,138.04,142.5,218195
1550696400000,142.6,142.6,139.64,140.52,132272
1550782800000,140.5,141.82,139.96,141.22,94813
1551042000000,141.4,146.06,141.4,145.94,245286
1551128400000,145.78,146.58,143.7,144.2,202346
1551214800000,144.4,145.3,141.82,143.02,127092
1551301200000,143,143.22,140.9,141.14,177201
1551387600000,141.74,142.4,140.66,141,102022
1551646800000,141.16,141.16,137.88,137.94,162320
1551733200000,137.2,138.04,136.32,137.7,114161
1551819600000,138.32,145.26,138.32,144.42,318763
1551906000000,144.5,145.96,143.5,144.42,241602
1552251600000,143.7,144.34,140.46,141,342661
1552338000000,142.26,144.68,141.76,143.8,262723
1552424400000,137.8,140.02,137.56,138.5,1373068
1552510800000,138.72,140,138.5,139.52,367362
1552597200000,139.9,142.26,139.9,142.26,297592
1552856400000,142.26,143,141.04,142.84,249663
1552942800000,143.1,144.2,142.5,143.5,233372
1553029200000,143.92,144.34,142.26,143.16,244040
1553115600000,143.16,143.5,141.56,142.9,220577
1553202000000,143,143.28,141.76,142.8,155512
1553461200000,142.24,143.36,141.06,142.8,173100
1553547600000,143.34,144,142.4,143,245623
1553634000000,141,141.54,137.76,138.74,442842
1553720400000,138.46,138.98,134.02,134.36,375900
1553806800000,134.56,137.3,134.2,137.2,217769
1554066000000,137.2,140.64,137.12,139.94,168977
1554152400000,139.98,141.94,139.9,141.6,185077
1554238800000,142,142.9,140.7,141.86,233583
1554325200000,141.72,142.88,141.24,142.88,130839
1554411600000,142.8,144,142.66,143.32,160356
1554670800000,143.4,144.2,142.58,143.48,94575
1554757200000,143.48,144.16,142.58,144,131574
1554843600000,143.92,145.28,143.32,144.4,96599
1554930000000,144.48,144.48,141.52,142.3,107842
1555016400000,142.3,144.58,141.72,144.18,115388
1555275600000,144.18,144.38,143.26,143.92,56811
1555362000000,144.06,146,143.54,145.58,144893
1555448400000,145.3,146.3,144.76,146,90210
1555534800000,146,146,143.82,145.1,113999
1555621200000,144.84,145.48,144.74,145.1,23758
1555880400000,145.5,145.88,145.24,145.28,23662
1555966800000,145.28,145.44,143.34,144.3,84440
1556053200000,144.28,144.44,141.98,143.16,105596
1556139600000,142.88,144.8,141.82,144.7,122181
1556226000000,144.48,147.26,143.82,147.2,137838
1556485200000,146.8,147.96,144.5,144.9,79816
1556571600000,145.4,145.4,142.12,143.42,155974
1556744400000,143.16,143.2,142,142.8,63089
1556830800000,143,143.8,142,142.38,100897
1557090000000,141.9,144,140.8,144,84374
1557176400000,143.6,144.38,141.52,141.52,118566
1557262800000,141.6,142,140.9,141.08,144960
1557435600000,140.98,141.34,138.68,139.22,123254
1557694800000,139,140.64,138.96,139.7,115260
1557781200000,140.6,141.64,139.3,139.54,127003
1557867600000,139.8,140.14,138,138,134528
1557954000000,138.3,138.98,135.6,135.6,132025
1558040400000,135.98,137.8,135.68,135.9,118662
1558299600000,136.1,136.34,133.52,133.58,156682
1558386000000,134,135.98,134,135.48,168817
1558472400000,135.5,138.84,135.24,137.82,159960
1558558800000,137.52,137.52,134.66,135.2,140682
1558645200000,135.64,137.24,135.64,136.02,107275
1558904400000,136.48,137.26,136.42,137.1,36823
1558990800000,137.58,138.46,136.38,136.4,281547
1559077200000,136.6,137.66,136.5,137.08,118416
1559163600000,137.5,137.62,136.36,137,121323
1559250000000,136.7,137.18,136.1,137.18,146326
1559509200000,137.04,138.08,136.76,137.7,128218
1559595600000,137.56,138.18,137,137.96,190569
1559682000000,138,138.18,136.94,137.72,156504
1559768400000,137.72,138.5,137.28,138.5,150923
1559854800000,138.9,139.4,137.7,138.02,194939
1560114000000,138.3,138.52,135.16,138.52,404887
1560200400000,138.66,143.92,138.08,143.04,326304
1560373200000,143.54,146.76,143.42,146.76,224066
1560459600000,146,147.36,145.64,146.02,128458
1560718800000,145.96,147,144.58,145.06,121266
1560805200000,145.06,147.5,145.04,147.5,147049
1560891600000,147.7,148.68,146.54,148.68,184590
1560978000000,143,143.1,141.12,142.24,332840
1561064400000,142.38,144.26,141.8,141.8,268112
1561323600000,142.18,143.32,141.8,142.72,80951
1561410000000,142.44,142.56,138.7,140.6,152956
1561496400000,140.2,141.98,140.2,141.48,115469
1561582800000,141.48,141.9,140.16,141.68,80314
1561669200000,141.72,143.74,141.14,143.08,105438
1561928400000,143.5,144.52,142.08,142.36,102008
1562014800000,142.3,144.2,141.4,144.2,109210
1562101200000,143.62,145.24,143.24,144.32,115920
1562187600000,143.7,144.56,142.62,142.8,90254
1562274000000,142.92,144.5,142.4,144.5,101201
1562533200000,143.88,144.3,143.12,143.66,64111
1562619600000,143.56,144,142.54,142.92,84789
1562706000000,143.08,144.14,141.06,142.7,136616
1562792400000,143.14,143.18,140.86,141.46,73271
1562878800000,141.22,141.98,140.3,141.94,51841
1563138000000,142.64,142.84,141.34,142.66,52839
1563224400000,142.1,144.46,141.9,144.4,127211
1563310800000,144.04,146.88,143.54,144.8,135347
1563397200000,144.52,147.7,144.32,147.7,188174
1563483600000,147.7,152.18,147.42,149.02,230709
1563742800000,149.5,149.64,146.52,146.52,99953
1563829200000,146.8,147.98,145.74,146.68,85032
1563915600000,147.38,147.38,145.34,146.48,78683
1564002000000,146.42,146.42,145.08,145.9,105295
1564088400000,145.9,145.9,143.4,143.92,186563
1564347600000,143.96,145.44,143.8,144.16,65460
1564434000000,144.5,145.1,143.26,145.1,97139
1564520400000,145.02,146.96,144.24,146.46,109089
1564606800000,145.82,146.28,143.82,144.48,91505
1564693200000,143.4,145.32,142.62,143.2,127956
1564952400000,143.3,143.66,140.72,141.92,168590
1565038800000,142.06,145.3,141.96,144.82,165452
1565125200000,144.54,148.2,144.22,147,191697
1565211600000,148.42,151.36,148.42,150.84,325201
1565298000000,150.4,151.8,147.9,148,179733
1565557200000,148,150.8,147.18,150.24,182642
1565643600000,149.82,151.4,148.5,148.58,161466
1565730000000,148.88,149.84,147.32,148.04,141560
1565816400000,148.48,149.56,147.52,149.24,151243
1565902800000,149.78,150.14,146.52,146.52,130367
1566162000000,147.2,148.84,147.04,147.58,110333
1566248400000,148.38,151.9,147.8,151.5,230916
1566334800000,151.88,151.88,150.52,151.2,127368
1566421200000,151.44,155,150.56,154.6,238959
1566507600000,154.72,155.58,153.82,153.82,157237
1566766800000,152.6,154.66,152.32,153.4,117676
1566853200000,153.8,154.44,152.68,153.86,248236
1566939600000,154.5,154.68,153.5,154.3,257618
1567026000000,154.8,155.86,154.34,155.58,189931
1567112400000,155.48,162.5,155.22,160.88,757684
1567371600000,162.5,165.88,162.5,165,366664
1567458000000,165,165.88,162.6,163.4,250675
1567544400000,164.48,165.44,164,165,162851
1567630800000,165.5,165.72,161.9,163.9,221273
1567717200000,164,164,161.14,161.98,155239
1567976400000,162.18,162.3,159.34,159.4,174599
1568062800000,159.6,160,158.06,159.44,185697
1568149200000,159.54,160.5,158.58,160.04,191094
1568235600000,160.1,160.62,158.02,159.5,207615
1568322000000,159.64,159.64,156.5,156.5,175111
1568581200000,156.86,158.66,154.98,158.46,195133
1568667600000,158.02,159.38,157.36,158.3,132418
1568754000000,158.26,161,157.88,161,149903
1568840400000,161,161.48,159.08,159.54,159671
1568926800000,159.88,161.28,159.08,161.28,131404
1569186000000,161.1,163.5,160.94,163.08,161246
1569272400000,163.2,163.28,160.76,160.96,131085
1569358800000,160.9,162.72,160.22,162.72,125095
1569445200000,163,164.26,162.46,163.88,110627
1569531600000,164,165.64,163.46,164.68,116188
1569790800000,165.3,166.96,164.56,166.86,181392
1569877200000,167.38,167.5,164.92,167.2,151765
1569963600000,167.2,167.22,165.7,166.7,163279
1570050000000,166.5,167.16,165.02,166.02,188585
1570136400000,158.26,159.4,157.84,158.94,174522
1570395600000,158.94,161.74,158.22,160.48,159249
1570482000000,160.02,160.62,159.02,160.3,102244
1570568400000,160.34,162.64,160.06,161.04,167833
1570654800000,161.06,161.88,160.02,161.4,115085
1570741200000,161.42,161.62,160.26,160.78,90645
1571000400000,160.3,160.8,159.08,159.4,100874
1571086800000,159,160.34,158.34,160.22,127726
1571173200000,160.88,161.92,160.24,161.56,112887
1571259600000,161.52,161.9,160.52,161.7,86758
1571346000000,161.6,162.74,160.9,162.5,84205
1571605200000,162.5,163.44,161.52,163.06,82409
1571691600000,162.84,165.3,160.82,164.62,306316
1571778000000,165,165.44,163.72,165.44,92973
1571864400000,165.42,171.3,164.9,171.3,199042
1571950800000,171.5,172.9,169.52,172,185156
1572210000000,172,184,172,177.14,473057
1572296400000,177.56,179.5,175.04,179.48,195041
1572382800000,179,181.92,178.3,181.92,193096
1572469200000,182.42,183.36,177.8,178.88,244270
1572555600000,178.98,182.2,177.2,181.86,196446
1572901200000,182,182.44,179.8,181.4,114110
1572987600000,181.02,183.04,180.04,183.04,178622
1573074000000,185,187.36,183.04,187.06,294082
1573160400000,187.76,187.98,184.02,185.2,185053
1573419600000,185.02,186.38,179.94,181.12,318654
1573506000000,180.22,180.88,175.3,176.42,330909
1573592400000,176,176.12,173.64,174.22,183983
1573678800000,173.9,177.7,172.3,174.26,235993
1573765200000,174.5,177.26,174.5,176.8,137495
1574024400000,176.92,178.38,173.18,173.58,236018
1574110800000,172.52,176.36,172.12,175.92,190906
1574197200000,175.4,176.46,173.82,176.46,111228
1574283600000,176.34,177.44,175.02,176.58,126398
1574370000000,176,177.58,174.14,174.76,144022
1574629200000,175,175.68,172.6,173.44,150323
1574715600000,173.56,174.82,172.2,172.4,294792
1574802000000,172.3,173.2,171.06,172.12,101906
1574888400000,171.88,172.7,165.08,171.72,151293
1574974800000,171.04,171.52,170,170.46,107488
1575234000000,170.2,172.4,169.1,170.94,214750
1575320400000,171.22,174.6,170.66,173.04,222003
1575406800000,173.04,174.46,172,172.46,120291
1575493200000,173.18,176.32,172.62,176.22,169577
1575579600000,176.48,180.48,176.36,180.48,221275
1575838800000,180.56,184.68,180.06,184.2,201556
1575925200000,184.4,184.78,180.24,184.78,207787
1576011600000,184.82,187.12,183.76,186.78,196400
1576098000000,187.2,191.58,186.64,189.28,272946
1576184400000,189.88,194.94,189.4,194.74,276159
1576443600000,195,199.78,194.18,197.22,319268
1576530000000,197.5,197.96,194.12,195.04,290111
1576616400000,195,196.26,192.22,196.26,275874
1576702800000,196.1,198.5,196,197.96,209622
1576789200000,198.14,199.26,197.58,197.76,157717
1577048400000,196.76,197.48,194.9,196.76,187227
1577134800000,196.28,196.8,195.24,196.3,88870
1577221200000,196.8,198.9,193.78,198.9,114177
1577307600000,193.46,193.56,191.06,192.2,193910
1577394000000,192.02,193.5,192.02,192.92,110995
1577653200000,193.24,193.88,191.02,191.02,124532
1577998800000,192.4,194.72,191.4,194.48,131051
1578258000000,194.62,196.2,193.72,195.88,96811
1578430800000,195.84,198.5,194.68,198.5,139570
1578517200000,198.6,199.06,196.42,198.38,173503
1578603600000,198.3,199.06,196.68,198.78,104750
1578862800000,199.2,203.8,198.5,203.62,234749
1578949200000,204.02,205.46,199.18,200,288599
1579035600000,200.4,204.58,200.12,203.96,230589
1579122000000,205.24,209,204.24,209,208562
1579208400000,209,215.38,208.38,215.24,350024
1579467600000,217.96,221,216.5,218.5,270709
1579554000000,217.5,217.68,214.5,214.5,180180
1579640400000,216,216.86,211.76,213.1,198071
1579726800000,213.1,216.22,210.1,211.46,203209
1579813200000,212.06,215.52,211.5,211.88,154267
1580072400000,209.38,211.68,208.2,211,222224
1580158800000,211.42,214.16,210.04,212.82,197248
1580245200000,213.74,214.68,212,212.3,190616
1580331600000,211.28,212.4,208.7,208.8,165825
1580418000000,210.84,211.86,205.84,208,195058
1580677200000,207.18,207.78,203.66,204.1,225292
1580763600000,205.4,211.24,205.4,208.98,398839
1580850000000,210.68,214,208.7,213.16,304157
1580936400000,215.02,216.66,212.3,212.4,211770
1581022800000,211.18,213.62,210.54,212,199490
1581282000000,213.34,214.56,211.62,214.42,184448
1581368400000,215.58,219.42,214.8,219.1,186679
1581454800000,219.6,219.94,217.54,219.66,161456
1581541200000,219.16,220,214.7,215.1,234826
1581627600000,215.5,216.28,212.04,215.3,151091
1581886800000,216.12,218.18,215.62,217.9,96350
1581973200000,217.8,219.46,217.02,218.18,143826
1582059600000,221.3,226.98,221.3,225.2,312185
1582146000000,226,226.22,221.8,223.42,235282
1582232400000,222,224.34,221.84,222.2,119480
1582578000000,217.02,220.88,215.5,215.54,278760
1582664400000,215.02,222,213.22,218.26,394548
1582750800000,217,220.28,211.6,212.38,344212
1582837200000,207.1,211.18,199.6,202.5,641310
1583096400000,206.5,209.94,196.6,201.6,526810
1583182800000,205.68,209.4,203,207.14,363884
1583269200000,206.7,208.98,205.02,207.56,243363
1583355600000,208.7,209.98,205.24,207.8,257397
1583442000000,204.76,218.86,197.14,217.62,812696
1583787600000,211,236.56,205,212.3,898046
1583874000000,217.18,224.74,200.66,202.38,597040
1583960400000,197.7,200,177.76,185,850059
1584046800000,181.94,195.88,176.52,180.38,776903
1584306000000,182,182.18,160.14,170.9,706409
1584392400000,168.9,174.18,162.24,171.8,616208
1584478800000,168.52,169.16,155,155,590262
1584565200000,156,162.98,142,162.52,789106
1584651600000,168.38,177.32,163.12,163.58,715550
1584910800000,157.2,165.8,152.78,162.4,450423
1584997200000,173.36,199.84,171,190.28,1223350
1585083600000,196,203.5,185.22,199.3,865514
1585170000000,203,203,190,201,499255
1585256400000,201,202.74,190.2,193.06,459509
1585515600000,191,195.2,187.96,194.62,286741
1585602000000,197.88,199,191.62,195.18,430178
1585688400000,191.28,192.44,188.3,189.52,273411
1585774800000,194.2,194.92,185.66,189.98,466083
1585861200000,189,192.6,187.56,190.32,246728
1586120400000,192.02,195.9,190.8,195.9,248124
1586206800000,198.3,201.32,196.16,197.8,378180
1586293200000,195.92,201.64,195.04,201.64,299632
1586379600000,203.5,212.54,202.84,211.38,354186
1586466000000,209.1,209.98,205.3,206.5,136845
1586725200000,206.5,208.98,199.8,201,188661
1586811600000,203.02,208.72,202.46,207.02,262152
1586898000000,205.66,207.32,193.8,196.46,341963
1586984400000,198,200.34,193,195.2,348517
1587070800000,199.1,199.36,196.06,197.18,199965
1587330000000,197.42,201.12,196.08,200.36,151454
1587416400000,197.36,199.24,185.2,192.4,427040
1587502800000,190,197.9,189.38,196.14,313052
1587589200000,199,204.86,195.16,202.16,317503
1587675600000,200.7,205.2,198.7,201.5,272259
1587934800000,203,204.7,199.12,200.34,192937
1588021200000,200.66,203.3,198.74,200.54,259085
1588107600000,201.8,208.48,200.3,205.96,234624
1588194000000,207.9,208.76,203.06,204.78,227644
1588539600000,202.36,202.92,198.66,201.26,192882
1588626000000,203,204.52,199.58,200.34,145273
1588712400000,201.28,203.34,199.2,199.4,207039
1588798800000,199.86,203.24,199.62,202.24,251864
1588885200000,203.2,203.7,201.3,201.44,128791
1589230800000,203.5,211.26,202.76,210.16,416096
1589317200000,209.12,209.74,206.5,207.62,228747
1589403600000,206.98,208.62,200,201.04,285821
1589490000000,203.76,207.54,202.06,202.06,239403
1589749200000,206.5,215,205.5,214.74,354714
1589835600000,215.52,219.7,213.6,219.2,349061
1589922000000,219.2,231.58,218.02,229.52,419784
1590008400000,229.52,231.5,224.52,225.36,373584
1590094800000,218,223.88,215.24,220.02,344113
1590354000000,220,224.18,217.86,223.94,187051
1590440400000,226.2,228.4,220.34,221.18,226211
1590526800000,220.98,226.8,217.24,221.1,313626
1590613200000,222.72,226.14,221.88,225.44,243647
1590699600000,224.76,224.78,220.12,221.1,333257
1590958800000,223.78,224.12,218.26,220.26,235072
1591045200000,221.2,223.6,219.12,222.2,293054
1591131600000,223.98,223.98,217,218.24,377419
1591218000000,215.1,216.14,197.38,200,1704387
1591304400000,201,208.16,199.5,204,1205826
1591563600000,205,208.44,201.5,205.02,498469
1591650000000,205.2,206.42,201.02,202.48,283853
1591736400000,203.04,203.6,198.7,202.4,416696
1591822800000,199.48,200,191.34,194.82,817247
1592168400000,191.88,191.88,187.12,190.58,468993
1592254800000,193.6,199.12,193,194.72,443775
1592341200000,195.46,196.32,191.74,192.56,285786
1592427600000,192.56,192.56,187.8,189.26,371562
1592514000000,190.5,194.14,189.2,190.04,393392
1592773200000,189.8,191.5,186.44,191.22,245623
1592859600000,190.12,197.5,190.12,196.36,369226
1593032400000,194.02,198.92,192.34,198.5,352108
1593118800000,198.94,201.42,195.46,196.78,272371
1593378000000,196,196,189.86,191.96,451927
1593464400000,191.9,192.38,186.5,187.84,454814
1593637200000,187,188.98,185.3,187.54,370186
1593723600000,187.54,191.18,187.26,190,238636
1593982800000,192.02,193.78,178.96,182.6,872985
1594069200000,179.52,187.1,179.26,185.74,526365
1594155600000,186.18,190.36,185.7,189.7,350906
1594242000000,190.02,190.78,184.22,185.96,417504
1594328400000,184.66,187.12,184.02,185.5,234251
1594587600000,184.5,185.22,179.02,179.46,508191
1594674000000,178.72,178.9,173.5,178.26,545214
1594760400000,178.62,181.94,176.92,179.78,344271
1594846800000,178.38,182.22,177.28,181.12,255040
1594933200000,181.2,183.78,181.02,183.5,196249
1595192400000,183.5,184.64,181.42,183.94,227940
1595278800000,184.3,186.86,183.2,183.8,358249
1595365200000,184,184,180.78,182.34,283860
1595451600000,182.94,189.78,182.36,187.24,468996
1595538000000,187,190.94,184.88,190.6,360960
1595797200000,191.96,197.96,191.28,197.9,421498
1595883600000,198,198.26,195.1,196.18,257074
1595970000000,196.18,199.32,194.02,198.08,310938
1596056400000,197,198.08,195.1,196.2,261390
1596142800000,196.82,199.24,195.3,196.5,202215
1596402000000,196.06,201.28,194.56,200.18,284199
1596488400000,200.7,204.14,199.36,203.98,265632
1596574800000,204.5,209.44,203.9,208.86,352402
1596661200000,209.2,210,207.12,208.42,225282
1596747600000,207.8,208,202.32,204.38,292938
1597006800000,204,206.98,202.96,206.12,211014
1597093200000,205.7,208.34,203.52,204.26,423761
1597179600000,204.18,208.22,203.08,207.7,335358
1597266000000,207.9,211.36,206.78,209.3,385986
1597352400000,208.64,209.3,206.1,207.86,173887
1597611600000,208.5,210.98,205.4,207.1,289274
1597698000000,206.9,209.18,205.04,207.98,214398
1597784400000,207.52,208.2,204.5,205,286291
1597870800000,204.4,204.4,198.08,199.88,439094
1597957200000,200.48,201.34,195.7,199.42,310171
1598216400000,200.48,201.72,198.18,200,214052
1598302800000,200.5,201.3,196.92,198.3,189389
1598389200000,198.04,200.7,196,199.76,269592
1598475600000,200,200.2,196.02,196.7,249050
1598562000000,197.12,197.7,193,193.64,285183
1598821200000,194.42,196.72,192.5,193.94,402696
1598907600000,194.5,199.44,193.32,199.3,379657
1598994000000,199.68,202.38,195.26,199.16,642620
1599080400000,199.16,201.42,197.86,198.38,276757
1599166800000,198.12,200.04,196.28,199.24,269139
1599426000000,199.1,200.52,198.14,200.06,116644
1599512400000,200.5,201.78,196.8,198.9,285593
1599598800000,198.42,199,196.02,197.08,172050
1599685200000,197.04,198.04,193.78,195.28,250528
1599771600000,195,195.2,191.74,193.54,309456
1600030800000,194.46,196.2,194.1,194.92,245148
1600117200000,195.02,197.76,194.5,196.34,470620
1600203600000,195.7,195.88,190.86,192.7,687266
1600290000000,191.68,194.98,190.54,193.7,373103
1600376400000,194.32,195.12,192.52,193,263142
1600635600000,192.76,193.36,185.42,186.94,449898
1600722000000,186.9,188.68,184.9,187.58,291365
1600808400000,187.5,192.86,186.82,188.6,328750
1600894800000,187.8,188.8,185.92,187.8,258004
1600981200000,188.5,189.3,185.56,188.88,224679
1601240400000,189,190.1,187.16,188.26,178182
1601326800000,188,188.68,185.7,188,171856
1601413200000,187.16,189.16,186.48,187.62,158029
1601499600000,188.5,189.42,187.08,187.26,149732
1601586000000,186.98,189.16,184.2,188.4,286641
1601845200000,189.04,192.88,187.68,192.82,320850
1601931600000,193,194.8,187.46,187.82,363433
1602018000000,188.08,189,185.54,186.54,261206
1602104400000,186.64,189.96,185.62,189.24,203877
1602190800000,189.88,194.88,188.2,194.5,410354
1602450000000,194,198.22,192.84,195.34,323827
1602536400000,195.68,198.18,194.4,196.04,250932
1602622800000,196.58,198.8,195.8,197.92,165700
1602709200000,197.32,197.86,195,196.8,206074
1602795600000,196.74,198.26,196.04,196.82,219166
1603054800000,197.02,199.88,196.72,198.58,224030
1603141200000,199.2,202.76,198.32,201.92,318773
1603227600000,202,203.68,197.54,198.28,289889
1603314000000,197.88,198.5,195.04,196.72,251576
1603400400000,197.16,199.66,195.4,198.38,198873
1603659600000,197.8,198.38,194.2,195.14,280464
1603746000000,195.02,195.26,191,191.5,293322
1603832400000,191.04,192.1,184,185.48,377209
1603918800000,187,190.82,184.86,189.98,253387
1604005200000,188.98,191.12,186.54,188.64,234711
1604264400000,188.92,193.74,187.34,193.34,225672
1604350800000,193.6,195.98,191.5,195.12,347173
1604523600000,196.12,198.18,195.26,196.84,267176
1604610000000,196.7,202,195.84,201.38,341673
1604869200000,203.48,208.88,202.72,205.9,558981
1604955600000,206.2,207.88,203.12,206.26,361480
1605042000000,206.6,207.58,203.82,205.1,328004
1605128400000,205,206.1,204.02,204.48,154165
1605214800000,205.3,205.38,201.56,204.86,247144
1605474000000,206,208.32,205.8,207.8,242439
1605560400000,207.72,207.9,204.2,206.02,214306
1605646800000,205.7,208.5,204.8,207.2,193063
1605733200000,207,207.88,206.06,206.6,169828
1605819600000,206.4,207.84,205.68,207.34,114727
1606078800000,207.64,210.94,207.64,210.28,342647
1606165200000,211,215.92,210.5,215.78,279916
1606251600000,215.5,216.3,212.48,214.6,260985
1606338000000,215,216.6,214.5,215.7,203314
1606424400000,216.04,218.52,214.58,217.2,215054
1606683600000,216.38,218.4,213.18,214.76,407664
1606770000000,215.76,220.64,215.52,219.08,372752
1606856400000,219.02,229.96,218.64,229.06,566725
1606942800000,229.38,232.2,227.2,231.36,372246
1607029200000,231.5,234,228.1,231.88,304778
1607288400000,231.46,233.48,229.52,230.84,185994
1607374800000,230.92,230.92,225.52,228.42,263926
1607461200000,228,234.26,227.86,231.7,256129
1607547600000,231.86,240.5,231,240.48,392713
1607634000000,240.84,244.88,238.28,240.56,401829
1607893200000,241.22,244.68,238.12,239.44,277172
1607979600000,239,240,233.82,236.92,243395
1608066000000,235.96,237.72,232.6,233.78,227105
1608152400000,234.3,239.8,233.12,234.72,372410
1608238800000,234.98,235.74,230.1,234.38,341673
1608498000000,233.54,236.42,229.38,234,335995
1608584400000,232.8,239.48,231.86,237.6,264654
1608670800000,232,235.96,231.42,233.86,221917
1608757200000,233.8,234.42,231.26,232.2,108829
1608843600000,232.18,233.72,231.52,233.4,48444
1609102800000,233.88,237.3,233.72,236.2,136335
1609189200000,237,238.48,235.08,235.28,155817
1609275600000,236.4,237.94,233.52,236.82,122370
1609707600000,238.2,245.84,238.12,243.14,267047
1609794000000,243.04,246.98,241.16,246.76,211539
1609880400000,246.6,250.88,245.9,250.24,239292
1610053200000,256.08,267.08,255.52,265.44,621784
1610312400000,263,271.44,260.08,262.9,597993
1610398800000,264.6,266.2,256.36,259.34,390870
1610485200000,259.34,261.42,254.3,259.76,256299
1610571600000,259.04,265.4,257.28,264.32,318172
1610658000000,261.54,263.32,256.12,257.96,233413
1610917200000,257,259.8,254.58,258.74,216668
1611003600000,260,261.9,257.28,258.26,193506
1611090000000,259.5,266.54,258.14,265.5,242917
1611176400000,267.82,269.36,260.6,265.38,329399
1611262800000,263.78,263.78,256.7,261.72,338659
1611522000000,263,264.24,257.4,259.82,261504
1611608400000,257.52,260.24,256.14,257.68,179508
1611694800000,259,259.18,248.26,249.96,423721
1611781200000,248.82,252.8,247.76,252.3,280564
1611867600000,250.5,251.12,242.5,243.64,354521
1612126800000,245.88,249.48,244.38,248.66,288509
1612213200000,249.94,251.94,246.82,247.7,222485
1612299600000,248.2,254.88,245.64,253.12,318413
1612386000000,253.5,258.62,252.4,257.66,285893
1612472400000,258.2,259.4,248.28,254.78,601830
1612731600000,254.78,258.2,254.66,258.04,207758
1612818000000,258.34,259.9,252.26,254.58,285889
1612904400000,253.76,257.4,250.28,253.42,308827
1612990800000,253.66,256.94,251,254.32,212661
1613077200000,253.88,254.44,248.78,253.9,227908
1613336400000,254.36,263.7,254.36,263.28,303494
1613422800000,263.7,265.2,259.72,262.08,284086
1613509200000,261.82,266.82,261.3,264.88,300735
1613595600000,265.28,268.24,263.32,267.02,321684
1613682000000,266.42,282.24,265.3,281.3,576662
1613768400000,278.68,280,267.3,270.88,495926
1613941200000,269,270.38,258,261.56,1026319
1614114000000,258.02,263.08,242.24,248.46,1030385
1614200400000,248,251.32,232,232.04,1718063
1614286800000,230.82,238.7,227.6,235.02,1087035
1614546000000,237.78,243.92,233.28,242.68,740109
1614632400000,241.88,243.78,235.5,237.74,579228
1614718800000,238.12,239.32,231.56,233.04,727473
1614805200000,231.52,231.8,221.32,221.72,1096690
1614891600000,223.16,224.5,218.66,223.48,777434
1615237200000,223.42,232.48,222.7,229.54,802826
1615323600000,228.46,235.58,227.14,231.64,590705
1615410000000,233.28,234.56,230.92,233.96,408840
1615496400000,234.48,237.5,232.24,237.46,407833
1615755600000,237.3,244.98,237.3,241.14,618546
1615842000000,240.84,241.38,222.76,228.46,1627466
1615928400000,228.2,231,223.04,228.78,809215
1616014800000,229.6,232.4,225.02,225.96,634176
1616101200000,226,229,224.32,226.86,364317
1616360400000,226.9,227.94,224.92,227.66,202295
1616446800000,226.98,227.7,222.1,222.38,385657
1616533200000,222,222.56,212.14,213.26,994648
1616619600000,212.6,214.74,209.74,212.52,519680
1616706000000,213.6,222.36,213.14,222.06,600725
1616965200000,222.22,235.4,222.22,231.16,1240474
1617051600000,232.5,234.98,227.84,231.72,532021
1617138000000,232.84,238.44,231.82,237.04,652244
1617224400000,238.04,241.36,236.5,237.76,486770
1617310800000,238.94,239.44,237.4,238.6,136955
1617570000000,239,239.12,233.62,237.36,291564
1617656400000,238,238.78,231.72,231.8,380921
1617742800000,230.3,238.2,228.52,236.02,545222
1617829200000,236.7,239.8,235.8,239.24,378770
1617915600000,239.24,245.68,238.02,244.1,1018068
1618174800000,244,255.78,242.46,254.32,958864
1618261200000,255.38,256.78,251.2,253.84,497190
1618347600000,254.7,255.24,247.9,248.86,395273
1618434000000,247.5,251.98,245.62,251.12,447158
1618520400000,251.9,255.36,251.24,254.8,343326
1618779600000,255.46,256.5,251.86,252.4,270607
1618866000000,252.62,254.58,250.22,252.02,347344
1618952400000,253.26,254.3,250.38,253.08,299617
1619038800000,253.3,259,252.62,256.9,478523
1619125200000,257.5,259.32,255.9,257.7,321638
1619384400000,258,264.76,257.64,264.44,432685
1619470800000,264.98,270.38,259,269.52,953978
1619557200000,269.98,271.8,260.78,263.26,605894
1619643600000,264.44,266.5,260.8,263.34,332875
1619730000000,262.38,264.58,255.9,257.32,470031
1620075600000,258.28,263.98,258,262.02,319208
1620162000000,263,266.86,262.32,266.46,242275
1620248400000,266.98,269.08,264.9,268.24,284179
1620334800000,268.68,271.74,268.28,270,292769
1620594000000,270.9,273.5,269.46,270.46,238636
1620680400000,270,273.5,268.24,273.38,338030
1620766800000,273.9,275.8,272.04,272.66,304199
1620853200000,273.22,274.18,269.3,273.88,314425
1620939600000,274.86,275.4,271.2,273.9,166036
1621198800000,274.02,274.86,270.64,273.52,221781
1621285200000,274,275.7,273.04,273.52,189074
1621371600000,273.5,273.74,268.08,271.1,310746
1621458000000,271.6,272.18,269.02,271.56,175291
1621544400000,271.34,272.36,269.4,270.64,179407
1621803600000,271.4,272.2,268.1,269.82,197803
1621890000000,270.2,270.64,266.16,267.3,271163
1621976400000,267.8,269.98,266.6,269.86,222691
1622062800000,269.86,270.32,266.72,269.94,375453
1622149200000,270.64,272.98,268.66,271.34,355211
1622408400000,262.58,266,262.2,264.04,257224
1622494800000,265.2,268.46,264.56,267.5,198936
1622581200000,267,269.48,266.46,269.44,185952
1622667600000,269.72,270.3,264.38,266.3,249236
1622754000000,266.2,266.32,263,264,218620
1623013200000,263.1,264.24,262.02,262.46,188756
1623099600000,262,262.9,259.6,260.72,208488
1623186000000,260.72,265.6,259.22,265.02,259612
1623272400000,264.98,265.18,261.2,261.92,172210
1623358800000,262.24,263.46,260.42,261.78,148672
1623618000000,262,264.56,261.8,263.14,95555
1623704400000,263.08,264.48,260.18,260.54,136476
1623790800000,260.22,260.22,256.52,256.64,282828
1623877200000,255.5,256.14,248.2,249.7,530860
1623963600000,249,251.18,246.78,250,370346
1624222800000,249.76,253.88,247.54,253.72,252143
1624309200000,254.4,254.82,249.14,250.78,211658
1624395600000,251.64,254.66,249.5,253.36,260549
1624482000000,253.88,253.88,237.86,243.58,690867
1624568400000,244.02,247.96,241.82,247.34,231782
1624827600000,247.52,250.84,247,249.48,172389
1624914000000,248.9,249.06,244,247.02,216145
1625000400000,247.08,250.18,244.8,248.12,260692
1625086800000,248.12,249.48,245.1,246.12,175388
1625173200000,246.12,250.8,244.94,250.14,198160
1625432400000,250.9,252.24,247.38,249.24,167698
1625518800000,249.48,249.5,244,244.62,241787
1625605200000,244.98,249.5,244.62,246.58,177381
1625691600000,247.38,247.6,243.12,245.14,235460
1625778000000,244.8,249.4,244.28,247.8,212555
1626037200000,248.1,251.9,246.24,251.12,220349
1626123600000,251.32,257.28,249.88,256.62,321867
1626210000000,256.5,258.48,253,257.34,248944
1626296400000,257.12,259.5,255.24,256.24,210519
1626382800000,257.62,257.62,251.14,252.48,193730
1626642000000,251.26,252.5,247.8,250.46,240667
1626728400000,251.5,253.9,249.16,251.38,168463
1626814800000,251.08,252.82,249.12,250.5,116640
1626901200000,251.4,251.74,248.48,250.8,112322
1626987600000,251.32,252,249,249.9,129976
1627246800000,248.5,251.84,248.06,251.8,123652
1627333200000,251.26,256.26,249.72,254.32,290674
1627419600000,254.52,257.78,253.8,256.9,183816
1627506000000,257.64,258.1,248.86,251.78,542880
1627592400000,250.9,253.32,249.5,253.18,248990
1627851600000,254,255.8,252.22,252.9,146846
1627938000000,253.38,256,252.34,255.82,154292
1628024400000,255.82,257.46,253.32,254.46,149437
1628110800000,254.08,256,253.14,254.96,147324
1628197200000,255.8,255.86,250.8,251.02,136641
1628456400000,250.98,251.28,246.84,248.7,244563
1628542800000,249.02,250.4,245.04,246.5,246776
1628629200000,246.5,247.36,244.72,245.28,178658
1628715600000,246.46,248.14,245.3,247,163428
1628802000000,246.8,247.38,244.14,244.6,106597
1629061200000,244.04,245.54,242.1,244.26,180039
1629147600000,244,247.86,243.62,245.72,196306
1629234000000,247,247,241.22,241.46,170794
1629320400000,240.84,241.9,236,237.36,293138
1629406800000,237.3,238.78,234.8,235.5,232002
1629666000000,237.66,238.96,235.9,238.58,177105
1629752400000,239.92,240.92,236.6,240.66,178841
1629838800000,240.6,240.72,237.98,239.32,124541
1629925200000,238.5,240.14,236.8,237.12,146891
1630011600000,237.46,239.9,236.9,239.86,125267
1630270800000,240.16,243.98,239.98,242.66,165111
1630357200000,243.96,245.62,239.54,240.32,271845
1630443600000,241.2,242.5,238.8,242.28,198107
1630530000000,241.56,242,238.68,238.8,248124
1630616400000,239.3,244.9,239.3,244.42,314419
1630875600000,245.08,247.84,245,246.58,212258
1630962000000,246.6,246.84,242.96,243.76,140720
1631048400000,243.04,244.74,241.34,242.6,223978
1631134800000,242.02,243.08,239.78,239.8,185592
1631221200000,241,245.44,240.6,245.08,186099
1631480400000,245.54,247.1,243.3,244.92,232597
1631566800000,244.1,244.28,239,240.44,302250
1631653200000,240,241.2,236.82,239.78,278893
1631739600000,239.1,239.72,232.96,234.84,416906
1631826000000,234.32,238.2,229.7,232.56,638905
1632085200000,230.5,231.62,224.9,225.1,385467
1632171600000,226.06,229.4,225.12,226.62,226329
1632258000000,227.84,231.7,227.24,231.5,201842
1632344400000,233,233.82,227.44,230.96,366490
1632430800000,231.2,232.56,227.76,228.56,206448
1632690000000,229.38,229.84,226,227.12,162629
1632776400000,227.3,227.72,223.02,223.24,273134
1632862800000,223,226.4,221.5,222.18,386106
1632949200000,222.5,222.9,215.86,218.3,423927
1633035600000,217,222.22,216.24,221.22,235515
1633294800000,220.9,221.36,215.42,216.36,216292
1633381200000,215.48,218.7,211.8,218.18,387070
1633467600000,218.14,218.14,212.74,215.24,285877
1633554000000,215.8,224.1,215.54,222.72,465287
1633640400000,225,227.68,223.74,227.66,360164
1633899600000,228.9,232.44,225.76,226.44,482215
1633986000000,225.76,227.68,223,225.28,196207
1634072400000,226,227.72,223.28,227.18,265861
1634158800000,228.2,230,226.5,229.28,318354
1634245200000,229.58,231.24,227.62,231.08,244716
1634504400000,231.02,231.78,229.74,231.2,151550
1634590800000,232,237,231.66,236.72,344876
1634677200000,237,237,231.9,235.3,266936
1634763600000,234.94,235.18,231.48,232.1,167267
1634850000000,232.1,233,228,228.64,186593
1635109200000,229.64,230.7,226.5,230.24,168546
1635195600000,230.14,231.36,226.88,226.88,162867
1635282000000,226.36,226.46,221.7,222.5,296248
1635368400000,222.58,224.88,220.1,223.62,242931
1635454800000,223.02,223.16,219.74,221.7,195174
1635714000000,221.8,224,221.6,223.96,171418
1635800400000,223.6,224.88,220.72,221.34,147179
1635886800000,221.3,221.92,218.74,220.38,146261
1636059600000,220.2,220.22,215.6,216.64,218867
1636318800000,217.64,219.62,216.62,218.72,179141
1636405200000,218.72,225.38,218.04,221.88,289073
1636491600000,222.32,225.2,216,216.94,304501
1636578000000,217.34,220.94,217.32,220.5,190832
1636664400000,220.5,223.2,217.56,221,251803
1636923600000,220.02,224.74,219,223.58,249959
1637010000000,224.04,231.26,224.04,226.26,501616
1637096400000,227.68,228.98,223.54,225.32,247847
1637182800000,225.22,226.4,221.78,222.92,238149
1637269200000,223.88,224.94,218.72,221.44,273845
1637528400000,221.38,224.54,214,218.5,530192
1637614800000,218.36,224.48,212.76,224,421947
1637701200000,224.62,225.26,219.68,221.82,251923
1637787600000,222.2,223.78,219.68,221.28,112233
1637874000000,217.5,218.98,214,215.6,332835
1638133200000,218.4,219.98,214.42,216.86,261991
1638219600000,213.9,217.6,212.8,215.38,415126
1638306000000,219.98,222.8,217.08,219.52,317814
1638392400000,219.12,221.74,218.68,221.1,224169
1638478800000,222,222.3,217.78,218.26,151573
1638738000000,218.98,220.44,215.62,218.86,153710
1638824400000,219,220.38,217.34,219.2,163783
1638910800000,219.72,221.88,218.64,218.88,264488
1638997200000,219.98,221.08,217.04,220.06,171185
1639083600000,220.16,220.54,218,218.88,128356
1639342800000,219.38,220.2,208.32,208.5,349787
1639429200000,208.5,212.98,188.54,209.58,650571
1639515600000,209.58,213.26,207.3,212.96,301821
1639602000000,214.2,217.46,211.84,213.1,363333
1639688400000,212.8,218.48,210.54,217.38,329662
1639947600000,216.08,217.38,213.34,216.44,215335
1640034000000,216.98,218.82,215.5,216.62,210789
1640120400000,216.62,219.24,216.22,218.34,187528
1640206800000,218.3,220.2,217.5,218.72,191362
1640293200000,218.1,219.18,216.5,218.24,107428
1640552400000,219,225.5,218.54,225.28,215858
1640638800000,226,229.3,225.1,226.42,239964
1640725200000,226.5,228.34,225.34,226.28,165375
1640811600000,226.28,229.24,225.9,229,181185
1641157200000,229.98,234.5,229.62,233.78,195400
1641243600000,234,234.5,231.32,233.14,201976
1641330000000,232.66,236.2,226.04,230.1,331791
1641416400000,229.4,233.88,228.5,232.8,201080
1641762000000,234.98,237.3,233.74,235.08,331349
1641848400000,235.1,237.94,234.2,237.34,428761
1641934800000,237.02,240.82,235.34,240.4,541879
1642021200000,227,233.36,222.5,228.36,896743
1642107600000,228,230.44,221.9,226.48,571577
1642366800000,227,227.56,215.52,218.2,417280
1642453200000,218.38,219.3,197.06,206.94,989092
1642539600000,207.04,221.88,198,220.24,765089
1642626000000,221.46,226.66,217.82,223,470678
1642712400000,220,224.36,216.82,221,443509
1642971600000,221.98,222.4,204.72,212.5,737719
1643058000000,212.74,216.3,208.58,214.66,425526
1643144400000,214,223.1,210.7,217.88,457164
1643230800000,217,225.64,214.42,220.66,428523
1643317200000,221,223.64,219.58,220.82,250898
1643576400000,220,224.94,216.62,219.16,311456
1643662800000,220,221.28,216.22,219.48,238136
1643749200000,219.6,220.34,214.68,216.7,260598
1643835600000,216.48,217.5,212.2,213.92,190119
1643922000000,214.4,217.7,212.34,214,203390
1644181200000,214.02,217.2,212.5,215.8,137064
1644267600000,215.8,224.48,214.7,223.72,320978
1644354000000,224.5,228.3,223.24,226.74,316957
1644440400000,226.7,228.72,222.52,224.54,307612
1644526800000,224.5,225.22,215.26,216.88,336955
1644786000000,216.58,221.94,212.64,220.82,381293
1644872400000,221.44,225.1,220,223.24,277735
1644958800000,223.24,225.6,220.2,223.04,273628
1645045200000,223.3,223.4,216.48,217.74,292855
1645131600000,218.78,221,213.04,214.5,299689
1645390800000,214.5,219.22,181.58,192.52,1003501
1645477200000,192.38,213.06,188,211.5,1127953
1645650000000,190.32,198.22,145,182,827202
1645736400000,185.64,206.4,185.64,190.52,469789
1648069200000,210.34,237,208.12,209.9,313933
1648155600000,213.04,219.32,205.72,210.7,107412
1648414800000,210.7,210.7,205.64,208.5,78765
1648501200000,208.5,209.7,195,200.28,134735
1648587600000,204.5,208.4,201,204.62,58726
1648674000000,205.5,211,204.66,209.74,101431
1648760400000,210.76,217.34,209.84,215,116048
1649019600000,217.48,225.82,211.5,217.5,79607
1649106000000,216.16,217.44,202.14,209.86,76180
1649192400000,209.82,215,206,211.5,47779
1649278800000,212.58,214.16,207,210.5,39437
1649365200000,210.6,212.02,206.64,211.12,42417
1649624400000,211.96,213.92,209,210.06,32278
1649710800000,210.06,211.84,208.16,209.9,37228
1649797200000,209,209.84,207.2,207.94,18909
1649883600000,208,208.48,198.3,200.04,42975
1649970000000,200.04,203,196,202.4,44704
1650229200000,203.12,205,197.72,198.86,26620
1650315600000,198.88,200.84,192.88,196.76,49131
1650402000000,197.06,205.9,194.5,205.9,66096
1650488400000,205.7,205.7,198.3,204.54,56470
1650574800000,203,203,196.52,197,70627
1650834000000,201.88,202,197.08,199,54059
1650920400000,199,210.88,199,209.94,66266
1651006800000,209.88,212.84,207.1,212.72,57687
1651093200000,213,214.86,209,210,53737
1651179600000,210,215.64,210,215.5,52202
1651611600000,215.5,216,213,213.52,36162
1651698000000,215.02,215.5,213.58,215.44,21552
1651784400000,215,218.5,214.3,217.66,43077
1652216400000,217.46,217.48,210.5,213.3,55959
1652302800000,213,214.2,210.5,212.38,35515
1652389200000,213,214.1,211.04,212,21884
1652648400000,212.64,214.18,212.1,213.64,28478
1652734800000,213.72,214.88,213.4,213.48,48171
1652821200000,213.56,217,213.5,214.16,46836
1652907600000,214.5,214.92,212.12,213,24378
1652994000000,213.02,214,206.5,207,64363
1653253200000,206.5,207.48,197.08,198,74265
1653339600000,198.82,202.22,196,200.1,59184
1653426000000,201,202.46,199.06,200.8,27012
1653512400000,201.46,205,200.72,201.98,56925
1653598800000,202,204.5,200.5,201.62,53243
1653858000000,202.22,202.86,199.36,201.32,46033
1653944400000,201.32,202,200.02,201.9,37712
1654030800000,202.52,204.28,200.7,204.16,37658
1654117200000,204.3,205,199.54,201.54,69430
1654203600000,202,204.8,201.06,203.14,58922
1654462800000,203.2,207.2,202.5,202.94,56776
1654549200000,203,203.7,198.1,202,55936
1654635600000,202,202.62,200.52,201.34,49493
1654722000000,201.4,203.48,199,203.1,86579
1654808400000,193.5,195.54,192.66,194.9,95767
1655154000000,193.98,193.98,190.02,191.02,51259
1655240400000,191.02,191.56,188.18,190.4,68979
1655326800000,190.4,194.78,189.72,193.7,69646
1655413200000,193.68,193.68,191,191.94,38612
1655672400000,191.9,192.24,190.44,191.8,46260
1655758800000,191.78,192.18,188.2,188.2,53423
1655845200000,188,189.4,186,189.4,58880
1655931600000,188.9,192.3,186.52,191,69725
1656018000000,190.9,191.98,187.4,189.34,38312
1656277200000,188.66,188.86,184.5,185.86,75438
1656363600000,185.86,185.88,181.12,182.52,73929
1656450000000,182.14,182.5,175.6,176.52,130081
1656536400000,177,179.44,170.14,174,139501
1656622800000,174,177.42,170,171,91572
1656882000000,170.5,173.5,168.4,170.24,66778
1656968400000,172.02,178.22,158.26,167,268584
1657054800000,165,169.8,162.82,164.52,89864
1657141200000,164.6,166.96,163.2,165.5,52066
1657227600000,166,168,165.16,167.2,38231
1657486800000,166.98,168.98,161.12,162.7,52507
1657573200000,162,162.54,159,159.22,53999
1657659600000,159.52,160.2,150.6,152,126660
1657746000000,152.9,154.8,150,153.02,111162
1657832400000,153.9,156.26,151.6,156,76027
1658091600000,158.98,158.98,151.02,152.82,80494
1658178000000,152.5,153,148,149.14,78102
1658264400000,149.3,150.5,148.54,150.5,50140
1658350800000,150.12,150.84,146.26,148,71852
1658437200000,148.08,149.8,146,147.3,86712
1658696400000,148.62,148.62,146.8,147.94,90743
1658782800000,148.5,158.76,148.38,158.5,173656
1658869200000,158.56,162.7,153.68,156.4,205706
1658955600000,157.4,158.66,153.16,155,118616
1659042000000,154,162.3,153.26,161.5,138550
1659301200000,162,163.88,155.74,155.9,123364
1659387600000,155.9,156.46,151.16,151.4,120336
1659474000000,151.4,154.34,147.52,147.54,146107
1659560400000,147.44,148.68,146.06,147.1,100134
1659646800000,147.24,148.2,143,143.94,109273
1659906000000,147.9,147.9,144.5,144.58,63990
1659992400000,144.82,151.74,143.72,151.5,95289
1660078800000,151.48,153.38,148.22,149.7,120068
1660165200000,150.22,151.6,148.36,149.08,60394
1660251600000,149,149.6,147.2,148.26,42094
1660510800000,148.2,151.42,147.02,151.42,70749
1660597200000,151.42,154.9,151.02,154.44,75389
1660683600000,154.9,155.98,151.62,153.7,61564
1660770000000,153.48,153.88,150.6,151.6,53861
1660856400000,151.6,153.56,149.8,153.3,49696
1661115600000,152.96,155.42,152.68,154.3,72342
1661202000000,154.3,157.88,153.28,155.92,92705
1661288400000,156,156.66,153.8,154.58,48693
1661374800000,154.6,155.98,153.02,153.84,57593
1661461200000,154.34,154.36,152.02,153.92,40783
1661720400000,153.9,156.04,153.4,155.94,41285
1661806800000,155.94,157.66,154.2,156.5,79530
1661893200000,157.5,161.4,157.04,161.4,114195
1661979600000,161.64,166.7,159.1,166,110924
1662066000000,165.08,169.78,165.08,167.46,106161
1662325200000,167.7,170,164.32,170,68877
1662411600000,170.02,172.24,164.5,166.04,127188
1662498000000,166.18,167.48,162.22,162.22,70050
1662584400000,162.3,163.98,160.8,162.44,61415
1662670800000,162.5,167.42,162.46,167.4,64175
1662930000000,167.4,169.6,165.68,167.56,61868
1663016400000,168,168.1,164,164.32,52581
1663102800000,164.2,164.38,159.5,162.14,157874
1663189200000,162.2,164.44,161.52,162.12,121007
1663275600000,162,163.9,160.28,162.28,80271
1663534800000,162.58,162.94,159.54,160.16,91417
1663621200000,159.8,160.54,150.5,152.6,250224
1663707600000,145.6,151.3,140.96,147.76,199285
1663794000000,147.52,151.34,147.02,147.94,95435
1663880400000,148.22,148.3,141.06,141.48,140731
1664139600000,140,140,123.6,128.5,281982
1664226000000,131,134,128,132.78,124675
1664312400000,132.34,133.72,127.5,129.3,104895
1664398800000,129.98,132,120.12,123.38,214600
1664485200000,123.88,127.88,119.44,124.58,205755
1664744400000,124.58,132.5,122.9,131.86,124794
1664830800000,132.4,133,127.14,129.56,116589
1664917200000,129.32,129.32,123.18,125.16,149842
1665003600000,125.2,126.4,123.42,124,85992
1665090000000,123.5,123.5,119,119.32,96109
1665349200000,116,125.08,115,125,167419
1665435600000,124.98,129.38,122.5,127.94,120463
1665522000000,128.6,130.36,124.62,126.98,101538
1665608400000,126.68,128.88,125.24,126.16,71997
1665694800000,126.5,126.88,123.4,126.4,66312
1665954000000,126.46,132.7,126.32,132.46,104565
1666040400000,133.4,135.3,129.7,132.22,138848
1666126800000,131.7,132.7,127.5,130.18,113025
1666213200000,130.5,132.46,129.4,130.84,103923
1666299600000,130.7,131.84,128,131.6,112478
1666558800000,132.02,133.92,130.26,131.52,131517
1666645200000,131.62,135.5,130.64,134.7,121921
1666731600000,135,136.5,129.9,131.36,206039
1666818000000,131.56,133.8,130.5,132.66,160038
1666904400000,132.02,135.66,130.92,135.48,165253
1667163600000,136,138.3,134.26,137.58,158543
1667250000000,138,138.48,135.7,136.24,69335
1667336400000,136.4,136.8,132.5,134.04,69717
1667422800000,134.1,134.94,132.6,134.06,64061
1667768400000,135.42,140.9,134.94,140.7,131430
1667854800000,140.94,141.44,138.3,139.68,104613
1667941200000,139.5,141.38,135.72,137.2,131376
1668027600000,137.58,140.7,136.52,140.44,101022
1668114000000,140.5,147.64,140.5,147.64,211967
1668373200000,148.4,155,146.84,154.56,219660
1668459600000,155,155,145.4,149.84,238854
1668546000000,150.38,154.2,149.68,152.24,129062
1668632400000,152,153.2,147.74,149.46,117647
1668718800000,149.38,150.18,146.62,149.86,97475
1668978000000,149.7,149.94,144.74,146.54,135595
1669064400000,146.12,148.9,145.42,148.02,114637
1669150800000,148.08,148.8,146.7,147.52,75555
1669237200000,147.6,148.44,146.9,147.66,49639
1669323600000,147.66,147.66,145.7,146.32,50594
1669582800000,145.58,146.92,144.78,145.7,82724
1669669200000,146.06,147.44,143.14,144.64,109404
1669755600000,144.62,144.84,142.18,143.84,81997
1669842000000,143.98,147,143.06,146.5,116381
1669928400000,146.66,146.7,144.04,144.84,78047
1670187600000,145.2,149.78,144.3,148.24,131599
1670274000000,148.6,149.48,146.56,147.18,91024
1670360400000,147,150.98,145.56,150.38,129920
1670446800000,150.8,151.5,147.9,148.86,108861
1670533200000,149,150.66,148.2,149.4,81228
1670792400000,149.4,150,147,147.6,78297
1670878800000,147.86,149.98,147.14,149.24,86562
1670965200000,149.3,150.48,147.1,147.18,88131
1671051600000,146.48,146.9,142.2,142.8,171267
1671138000000,142.7,145.88,141.3,144.98,98072
1671397200000,144.98,148.8,143.4,146.52,127266
1671483600000,146.04,149.32,146.04,148.16,92242
1671570000000,148.98,149.8,147.16,148.7,83837
1671656400000,148.72,150.84,148.06,149.58,88908
1671742800000,149.58,149.58,148.12,149.04,39410
1672002000000,149.46,150.9,149.06,150.5,56222
1672088400000,150.76,153.2,150.6,152.82,98781
1672174800000,152.02,153.48,151,151.4,69882
1672261200000,151.2,152.8,150.12,152.42,44166
1672347600000,152.46,153,151.6,153,42216
1672693200000,153.46,155.5,153.18,155.2,44503
1672779600000,155.5,156.82,155.1,155.74,40812
1672866000000,155.9,155.9,153.24,153.4,39304
1672952400000,153.4,154.9,152.5,154.38,36054
1673211600000,154.38,155.58,152.88,153.7,55382
1673298000000,153.02,153.48,152.02,153.24,35102
1673384400000,153.34,154.78,153.2,154.1,40572
1673470800000,153.82,155.88,152.74,154.4,63802
1673557200000,154.38,154.4,152.8,153.34,57354
1673816400000,153.7,155.7,153.4,154.88,72297
1673902800000,154.96,156.4,152.5,152.94,88577
1673989200000,152.94,153.98,151.7,153.16,65334
1674075600000,153.1,153.5,151.02,152,47957
1674162000000,152.1,152.44,150.16,151.54,48598
1674421200000,146.98,149.96,145.8,149.8,139258
1674507600000,150.02,150.84,147.24,147.76,95630
1674594000000,147.6,149.54,146.3,148.82,84182
1674680400000,149.04,149.42,146.92,148,65531
1674766800000,148,150.88,147.2,150.32,93490
1675026000000,150.36,152,150.36,151.5,58518
1675112400000,151.8,153.1,150.34,151.44,65002
1675198800000,151.48,153,150.8,152.58,66565
1675285200000,152.9,153.86,151.1,151.64,57173
1675371600000,151.44,151.56,149.2,149.9,73552
1675630800000,150.18,150.18,148.4,149.42,102955
1675717200000,149.54,150,148.02,149.6,80472
1675803600000,149.62,151.38,148.16,148.52,90138
1675890000000,148.78,149.98,148.14,149.18,68526
1675976400000,148.9,149.38,146.22,148.4,130208
1676235600000,148.4,149.86,147.94,148.92,50960
1676322000000,148.7,149.52,147.6,147.6,51179
1676408400000,147.56,148.44,144.02,145,110582
1676494800000,145.98,147.38,143.16,143.98,87232
1676581200000,143.5,145.1,142.82,144.78,52750
1676840400000,144.78,146.28,142.6,145.4,59861
1676926800000,145.88,147.3,145.34,147.1,51520
1677013200000,147.4,147.92,144.44,144.74,63106
1677186000000,144.72,145.3,143.5,143.9,51427
1677445200000,143.74,145.98,143.18,145.78,64664
1677531600000,146.24,146.28,144.18,144.98,50525
1677618000000,145.2,148,144.62,147.34,77509
1677704400000,147.18,147.34,144.6,145.1,68563
1677790800000,145.1,145.84,144.5,145.62,32816
1678050000000,145.96,146.5,145,145.6,67473
1678136400000,145.8,147.84,145.22,146.76,75736
1678309200000,146.76,147.6,145.02,145.86,78141
1678395600000,145.5,146.6,144.7,145.76,43693
1678654800000,146.1,147.2,145.04,145.54,51419
1678741200000,145.38,146.08,145.1,145.56,40696
1678827600000,145.56,145.92,143.7,144.64,52754
1678914000000,144.78,145.36,143,144.42,78817
1679000400000,144.92,146.16,143.34,145.6,82971
1679259600000,145.74,150.44,144.82,150.44,148583
1679346000000,150.5,151.08,148.12,148.64,80632
1679432400000,148.64,150.2,147.5,149.7,60285
1679518800000,150.2,150.4,149,149.32,52586
1679605200000,149.02,150.96,149.02,150.8,57801
1679864400000,150.96,152,150.9,151.84,70854
1679950800000,152.02,152.9,151.02,151.86,53345
1680037200000,151.92,152.06,149.02,150.84,82882
1680123600000,150.84,150.84,149.04,150.24,45192
1680210000000,150.5,150.56,149.1,150.1,48393
1680469200000,150.28,151.5,150.28,150.84,61198
1680555600000,151.08,153.5,150.86,152.14,97117
1680642000000,152.2,152.4,150.5,152,63321
1680728400000,152.02,154.88,152,153.8,119950
1680814800000,154.44,154.8,153.5,154.3,61396
1681074000000,154.6,156.06,154,155,80635
1681160400000,155.48,156.72,153.14,153.6,108009
1681246800000,153.6,154.76,151.8,154.04,69551
1681333200000,154.14,154.76,153.08,154.04,48087
1681419600000,154.48,158.9,153.8,157.86,235196
1681678800000,158.88,159.94,157.7,159,102042
1681765200000,159.48,159.68,157.12,159.08,96948
1681851600000,159.04,161.04,157.9,159.18,152444
1681938000000,159.16,159.48,157.28,158.02,94889
1682024400000,157.4,159.7,154.2,157.98,134644
1682283600000,157.96,158.5,156,157,80604
1682370000000,157,157,155,155.38,67386
1682456400000,155.88,155.88,153.02,153.3,107861
1682542800000,153.3,153.88,152.02,153.7,151079
1682629200000,153.68,153.7,145.6,145.72,468546
1682974800000,145.06,146.84,143,145.42,314025
1683061200000,145.52,146.82,144,144.4,177531
1683147600000,144.7,145.74,143.8,144.7,78894
1683234000000,144.8,145.42,143.28,143.52,67997
1683493200000,143.46,143.96,142.02,142.18,50273
1683666000000,142.4,146.88,142.02,146.04,120081
1683752400000,146.5,147.54,143.4,144.76,131390
1683838800000,144.84,146.42,143.82,145.44,84453
1684098000000,146.5,147.96,145.5,147.68,94367
1684184400000,148.16,148.48,146.2,147.62,63808
1684270800000,147.62,148.5,146.82,147.78,55399
1684357200000,147.82,149.32,147,147.36,66996
1684443600000,146.94,147.4,145.2,147.3,72821
1684702800000,147.4,147.84,145.8,146.02,38625
1684789200000,146.2,146.84,145.26,146.48,55576
1684875600000,146.4,147.58,145.64,146.96,53631
1684962000000,147.36,147.36,145.5,145.62,48575
1685048400000,145.62,147.28,145.52,146.7,52811
1685307600000,146.84,147.96,145.62,146.54,66642
1685394000000,145.86,147.5,145.26,145.74,64190
1685480400000,145.38,145.88,144,145.8,52560
1685566800000,146.2,146.38,144.8,145.76,45569
1685653200000,146.28,147.94,145.8,147.82,61335
1685912400000,148.02,151.82,147.06,147.64,138172
1685998800000,147.66,148.14,145.16,146.44,93684
1686085200000,146.52,147.16,145.8,146.28,42766
1686171600000,146.28,147.6,145.84,147.38,33575
1686258000000,147.84,150.74,147.5,148.4,90487
1686603600000,148.5,150.98,148.5,150.94,68521
1686690000000,151.08,152.88,150,150.52,112853
1686776400000,150.52,153.44,150.06,152.86,111985
1686862800000,153.1,154.34,151.78,153.62,81204
1687122000000,153.48,155.48,153.3,155.1,101992
1687208400000,155.1,155.1,152,153.32,81065
1687294800000,153.32,154.46,152,153.06,71954
1687381200000,153.16,153.4,151.22,151.78,47088
1687467600000,151.76,152.8,149.38,149.88,72317
1687726800000,150.52,152,147.62,148.62,106430
1687813200000,149.02,149.44,146.92,148.42,128947
1687899600000,149.2,149.88,148.76,149.34,92839
1687986000000,149.62,150.62,147.86,148.82,104237
1688072400000,149.26,149.46,146.7,147.26,120764
1688331600000,148.34,148.7,146.06,147.02,137293
1688418000000,147.3,148.4,146.54,147.44,113403
1688504400000,148.24,149.16,147.48,148.68,115400
1688590800000,149.3,152.9,149.28,151.62,260625
1688677200000,152.08,152.4,150.24,150.8,80615
1688936400000,152.3,153.38,151.02,152.64,126679
1689022800000,152.78,153.02,151.8,153.02,69045
1689109200000,153.12,155.14,152.6,154.54,105875
1689195600000,154.98,156.98,153.36,155.4,192072
1689282000000,155.32,155.5,153.76,155.04,77456
1689541200000,154.38,158.18,154.04,157.74,146897
1689627600000,157.8,163.44,157.2,163.36,239740
1689714000000,163.48,168.8,161,165.46,290628
1689800400000,166.22,166.22,158.5,159.04,282228
1689886800000,159,162.48,158.82,160.82,173110
1690146000000,161.98,162.82,158.84,161.26,171356
1690232400000,161.36,163.2,160.5,162.6,105846
1690318800000,162.7,163.74,161.08,161.7,111109
1690405200000,161.9,163.44,161.8,161.9,78541
1690491600000,161.9,162.96,161.52,162.36,81465
1690750800000,163,167.3,162.94,167.12,204243
1690837200000,168,171.24,166.76,170,256835
1690923600000,169.8,169.8,165.2,165.6,301025
1691010000000,165.6,166.76,162.5,166.5,207015
1691096400000,166.5,168.74,162.72,163.38,246691
1691355600000,163.5,165.38,160.1,161.54,168218
1691442000000,161.5,162.74,158.62,161.06,158528
1691528400000,161.06,162.42,160.12,161.92,96196
1691614800000,162.22,164.94,162.22,164.64,106262
1691701200000,164.7,165.8,163.7,164.6,92587
1691960400000,165.58,168.52,161.9,162.8,221914
1692046800000,161.98,165.06,160.4,161.7,143947
1692133200000,162,162.9,158.3,159.08,154406
1692219600000,160,160.98,157,159.24,153473
1692306000000,159.42,162.84,157.48,161.98,139737
1692565200000,162.78,163.34,160.72,162.62,91646
1692651600000,163.08,163.98,161.7,162.7,93445
1692738000000,163,163.4,159.36,160.1,150788
1692824400000,160,161.48,159.64,160.82,102795
1692910800000,160.82,161.46,159.8,161.44,66705
1693170000000,162.02,168.42,161.94,167.8,259126
1693256400000,167.98,168.48,165.22,166.28,146648
1693342800000,166.28,168.5,165.06,166.8,107444
1693429200000,166.82,169.7,166.54,168.32,137407
1693515600000,168.8,169.46,167.38,167.86,78140
1693774800000,168.5,171.68,168.16,171.12,151599
1693861200000,171.38,172.4,169.04,170.6,135911
1693947600000,170.6,170.72,168.68,169,85028
1694034000000,169,171.96,163.76,164.66,307678
1694120400000,164.98,165.04,161.7,163.2,141974
1694379600000,163,163.76,161.44,162.5,133294
1694466000000,163.38,165.48,162.76,164.7,138696
1694552400000,165.28,166,163.12,163.92,62993
1694638800000,163.92,163.92,160.26,163,116590
1694725200000,163.02,165.5,162.66,164.36,104381
1694984400000,165,165.4,162.4,163.08,92279
1695070800000,162.4,163.54,159.5,159.98,137973
1695157200000,160.02,165,158.96,161.9,163271
1695243600000,161.48,163.6,159.58,160.18,158764
1695330000000,159.8,161.2,158.26,159.92,118739
1695589200000,160,160.42,158.5,158.72,54169
1695675600000,158.7,160.96,157.3,159.46,112316
1695762000000,160,160.92,159.2,160.74,58409
1695848400000,160.9,163.92,160.3,163.04,106837
1695934800000,163.28,163.28,160.34,161.88,91381
1696194000000,162.44,163.48,161.5,161.72,46201
1696280400000,161.72,161.86,160.12,161.68,43988
1696366800000,161.12,162.7,160.3,160.3,70268
1696453200000,161,161.86,160.04,161.72,59549
1696539600000,161.74,162.76,160.56,162.68,61742
1696798800000,162.5,164.2,161.88,162.56,77842
1696885200000,162.58,163.12,161.56,162.94,42328
1696971600000,163.2,164.2,160.34,161.26,76350
1697058000000,160.94,163.3,160.08,162.78,60861
1697144400000,162.84,163.48,162.16,162.84,36679
1697403600000,163.26,164.7,162.9,164.32,69829
1697490000000,164.6,165.48,163.78,165.2,73934
1697576400000,165.34,165.38,163.08,164.72,84470
1697662800000,164.18,168.5,164.02,167.88,112166
1697749200000,169.2,174.84,168.06,171.22,372170
1698008400000,172,173,168.52,171.08,190408
1698094800000,171.1,172.66,169.54,171.96,85612
1698181200000,171.98,175.34,170.8,174.6,120964
1698267600000,174.66,177.76,172.5,172.5,199786
1698354000000,172.6,175.98,171,175.06,213709
1698613200000,175.6,178.88,175.3,175.72,160279
1698699600000,175.5,176.4,173.52,175.74,107614
1698786000000,175.9,178.28,175.3,178.04,69255
1698872400000,178,181.86,177.68,180.78,217308
1698958800000,181.58,183.36,178.16,178.98,360938
1699218000000,179.9,180.02,176,177.64,144212
1699304400000,177.88,178.14,176,176.9,92209
1699390800000,176.88,177.44,174.12,174.6,155743
1699477200000,174.6,174.94,172.9,174.12,97343
1699563600000,174.04,174.1,172.62,173.44,97274
1699822800000,173.46,175.7,172.94,174.1,93529
1699909200000,174,174.36,171.12,171.78,111450
1699995600000,171.78,172.1,169.08,171.36,112272
1700082000000,171.1,172.4,169.84,170.08,67011
1700168400000,169.9,172.36,168.5,171.68,80309
1700427600000,171.64,173.34,170.12,170.98,49991
1700514000000,170.8,172.5,170.16,172.5,58494
1700600400000,172.82,174.36,171.5,172.18,68714
1700686800000,172.2,173.86,171.68,173.04,61821
1700773200000,173.5,174,170.5,170.96,69721
1701032400000,170.96,172.4,170.24,170.52,64085
1701118800000,170.62,171.12,168.76,170.56,77436
1701205200000,170.72,170.72,169.1,169.22,46549
1701291600000,169.22,169.5,166.8,167.36,78108
1701378000000,167.24,168.46,166.16,166.46,62349
1701637200000,166.44,168.24,166.1,166.68,72435
1701723600000,167.12,168.6,166.76,168.04,69628
1701810000000,168.2,168.9,164.04,164.12,91147
1701896400000,164.74,169.68,163.84,169.12,127989
1701982800000,169.38,172.4,167.5,167.76,89198
1702242000000,168.22,168.3,166,166.6,59780
1702328400000,166.6,167.98,164.2,164.78,85850
1702414800000,164.04,167.2,163.44,166,75366
1702501200000,166.8,167.56,165.82,166.46,56309
1702587600000,166.56,169.98,166.56,169.88,124484
1702846800000,170.02,172.46,169.54,171.5,118119
1702933200000,172,172.34,170.3,172.02,75589
1703019600000,172,173.46,170.6,171.14,120208
1703106000000,171.4,171.4,169,170.82,116056
1703192400000,171.06,171.5,170.08,171.22,110719
1703451600000,170.74,171.86,169.2,171.3,224046
1703538000000,163.6,164.34,162.9,163.6,241265
1703624400000,164,164.16,162.82,163.1,102528
1703710800000,163.1,163.2,161.52,161.56,76532
1703797200000,161.52,162.4,161.5,161.72,43692
1704229200000,161.64,163.7,161.4,163.56,34733
1704315600000,163.6,163.94,162.74,162.96,28257
1704402000000,163.02,163.3,162.18,162.8,21158
1704661200000,163.5,165.5,162.6,164.26,45032
1704747600000,164.5,165.02,163.22,163.84,49999
1704834000000,164,164.56,163.52,163.76,57351
1704920400000,164.12,164.24,160.72,162.76,160309
1705006800000,162.96,163.12,161.7,162.34,60738
1705266000000,162.34,163.5,161.74,162.26,76288
1705352400000,162.24,162.7,161.36,161.92,55230
1705438800000,161.9,163,161.4,162.02,85474
1705525200000,162.14,162.4,161.42,161.56,40011
1705611600000,161.56,161.74,160.5,160.52,53610
1705870800000,160.82,161.3,160.16,160.76,52747
1705957200000,160.76,161.98,160.44,160.78,57947
1706043600000,160.82,161.74,158.38,160.02,105594
1706130000000,160.02,160.48,159.02,159.86,75807
1706216400000,159.86,160.8,159.64,160.56,58514
1706475600000,160.9,161.4,159.96,160.26,78220
1706562000000,160.26,161.1,159.2,160.36,101223
1706648400000,160.82,160.82,159.4,159.46,78085
1706734800000,159.46,160.2,159.1,159.92,74228
1706821200000,159.92,159.92,159.2,159.5,56293
1707080400000,159.5,159.7,159.16,159.5,55016
1707166800000,159.56,160.48,159.12,159.44,64979
1707253200000,159.4,160.42,159.38,159.6,86017
1707339600000,159.6,159.74,157.3,157.42,109476
1707426000000,157.42,158.1,155.7,157.28,170301
1707685200000,157.3,157.72,154.22,155.46,147206
1707771600000,155.5,155.96,153.66,153.8,102963
1707858000000,154.12,154.68,151.24,151.86,153647
1707944400000,152.18,152.32,150.06,151.72,164082
1708030800000,151.9,152.92,150.1,150.36,152081
1708290000000,150.4,150.86,148.46,149.24,125779
1708376400000,149.24,149.58,144.28,144.8,255581
1708462800000,144.8,145.76,143.28,144.38,177810
1708549200000,144.94,145.56,143.3,143.72,109236
1708894800000,145.2,147.46,144.66,147.44,111504
1708981200000,147.4,147.4,144.8,145.14,95955
1709067600000,145.44,146.34,144.82,146.02,87519
1709154000000,146.44,147.22,145.54,145.68,83187
1709240400000,146,146.2,144.86,146.02,67207
1709499600000,146.1,150.16,146.1,150.08,189422
1709586000000,150.06,150.06,148.32,149.46,109695
1709672400000,149.54,151.34,148.64,150.84,155469
1709758800000,150.9,151.82,150.26,150.98,88331
1710104400000,151.46,152.28,149.74,150.28,139984
1710190800000,150.2,150.78,148.6,150.28,83587
1710277200000,150.68,151.68,149.5,149.98,87604
1710363600000,150,151.5,149.02,150.18,108426
1710450000000,150.2,151.2,149.86,150.7,59683
1710709200000,151.06,151.5,149.5,149.64,97411
1710795600000,149.6,150,147.08,147.76,143613
1710882000000,147.76,148.84,145.16,148.04,136510
1710968400000,148.42,150.52,146.84,149.3,156630
1711054800000,149.3,149.98,147.62,147.98,152192
1711314000000,148,152.7,146.88,151.38,159192
1711400400000,151.56,153.14,150.16,151.36,121607
1711486800000,151.64,153.22,151.24,153,98836
1711573200000,153.3,153.58,151.2,152.08,75421
1711659600000,152.5,152.5,151,151.1,69301
1711918800000,151.2,152.08,150.48,150.54,61520
1712523600000,152.5,156.38,152.12,152.96,22218400
1712610000000,152.62,164,152.54,164,57201890
1712696400000,164,165.8,161.1,163.3,35830020
1712782800000,163.56,164.6,160.3,161.48,14837680
1712869200000,162,167.48,161.64,164.8,34549580
1713128400000,164.8,164.98,160.42,162.34,24510040
1713214800000,162.04,162.3,158.24,158.92,19759020
1713301200000,158.4,160.38,158.4,159.42,8986270
1713387600000,159.42,160.76,157.44,158.62,5677860
1713474000000,158.62,160.4,158.4,158.66,7120120
1713733200000,158.4,160.88,157.64,159.3,9169860
1713819600000,159.4,159.74,156.4,156.58,9062310
1713906000000,156.5,157.84,155.14,155.82,7821080
1713992400000,155.5,158,155.28,157.52,5805770
1714078800000,157.56,157.86,155,156.54,5167340
1714165200000,156.9,157,155.8,156.04,3348480
1714338000000,156.22,156.9,153.9,155.16,4601850
1714424400000,155.2,155.26,153.12,153.9,2887140
1714597200000,153.9,156.88,153.68,154.48,5687970
1714683600000,154.34,155.38,153.4,154.4,5298790
1714942800000,154.4,156.8,153.1,155.8,8655310
1715029200000,155.8,156.46,153.7,154.44,5892320
1715115600000,154.44,154.7,153.5,153.82,4694100
1715288400000,153.96,154.64,152.46,152.78,6042260
1715547600000,152.78,152.9,151.58,152.04,5795720
1715634000000,152.06,152.66,151.82,152.48,6625530
1715720400000,152.6,152.98,151.04,152.68,8989780
1715806800000,152.74,153.78,152.22,152.6,8655950
1715893200000,152.9,157.3,152.6,156.3,27934490
1716152400000,157.5,159.44,151.52,151.88,18596160
1716238800000,151.6,153.38,148.12,148.92,23763240
1716325200000,149,153,148,150,17931440
1716411600000,149.96,155.76,146.7,154.06,45476250
1716498000000,154.06,157.7,151.5,153.04,25458600
1716757200000,153.04,153.88,148.62,149.8,14149960
1716843600000,149.82,152.1,148.82,149.62,11347550
1716930000000,149.6,153.04,149.26,152,7013290
1717016400000,152.3,153,145.32,146.5,10653000
1717102800000,146.4,147.94,138.14,139.98,16224310
1717362000000,140.9,142.64,133.76,138.52,18412190
1717448400000,138.54,143.02,136.4,140.8,14225020
1717534800000,141.36,141.76,138.1,139.24,8079360
1717621200000,139.26,141.8,138.72,141.8,6697570
1717707600000,141.84,145.36,140.6,143.28,10190370
1717966800000,143.42,143.96,138.12,139.14,7008820
1718053200000,138.66,140.54,136.94,138.86,13275380
1718226000000,135.48,140.18,132.62,139.18,9501670
1718312400000,139.5,141.6,138.3,140.3,5618010
1718571600000,140.7,140.86,138.52,138.54,4875850
1718658000000,138.62,139.6,135.76,136.26,7221330
1718744400000,135.92,136.26,130.6,134,13025050
1718830800000,134.04,136.66,130.4,136.32,37105090
1718917200000,136.6,138.88,133.7,134,9661210
1719176400000,134,134.7,130.2,130.24,6876280
1719262800000,130.24,131.82,128.2,131.18,14615210
1719349200000,131.54,132.42,130.4,130.8,7654700
1719435600000,130.82,131.26,129,129.32,8164620
1719522000000,129.04,130.44,129,129.92,3937260
1719781200000,130,132.66,128.84,132.5,10159430
1719867600000,132.5,135.28,131.3,134.38,12622780
1719954000000,134.98,135.52,132.22,132.66,12081330
1720040400000,132.98,133.54,129.9,130.38,8414170
1720126800000,130.5,134.46,129.6,134.34,9428990
1720386000000,134.34,135,132.16,132.52,8092480
1720472400000,132.52,133.08,128.52,129.14,7917220
1720558800000,129.7,129.7,124.02,124.3,15489150
1720645200000,124.68,126.88,124.58,126.1,13802910
1720731600000,125.74,126.46,123.64,125.26,14387230
1720990800000,125.22,125.84,122.24,122.76,7308020
1721077200000,123.34,127.08,122.6,126.1,10423730
1721163600000,126.6,127.44,124.24,125.26,8788200
1721250000000,125.36,129.36,124.42,128.3,9013780
1721336400000,128.94,129.5,127.2,128.5,12152820
1721595600000,129,130.46,128.36,129.88,6304550
1721682000000,130,130.34,127.62,128.08,5417480
1721768400000,129,131.92,127.9,130.86,10355280
1721854800000,130.46,131.1,129.28,129.56,4500390
1721941200000,129.5,131.58,124.76,126.46,14251010
1722200400000,126.08,127.98,124.5,125.2,7246500
1722286800000,125.26,128,124,127.92,8866400
1722373200000,128.18,130.72,127,130.16,6106570
1722459600000,130.22,130.56,128.12,128.64,3661320
1722546000000,128.6,128.86,127.28,128,3475450
1722805200000,126,126.62,122.92,123.92,10357170
1722891600000,124.22,125.78,124.22,124.88,4586030
1722978000000,125.28,125.88,122.4,124.6,10413560
1723064400000,124.9,125.52,122.64,122.88,5874700
1723150800000,122.88,124.44,122.5,123.46,3485140
1723410000000,123,126.08,122.62,125.7,6213060
1723496400000,125.3,129.54,125.1,127.82,11204340
1723582800000,127.84,128.42,125.38,125.76,7540300
1723669200000,125.72,126.2,124.66,125,3062090
1723755600000,125.02,127.8,124.22,125.88,5138590
1724014800000,126,127.32,124,126,8437770
1724101200000,125.96,126.2,124.02,124.18,5617010
1724187600000,124,124.9,120.56,121.44,13780990
1724274000000,121.38,122.28,117,118.9,12536220
1724360400000,118.74,119.06,109.7,113.04,32476810
1724619600000,114.26,118.48,114.24,118.44,13888710
1724706000000,118.44,118.44,111.56,112.9,20180700
1724792400000,112.82,113.34,110.04,112.1,16375610
1724878800000,112.1,113.2,108.7,111.34,14500390
1724965200000,112.04,112.06,104.62,108.58,22684910
1725224400000,108,109.86,102.12,103.12,18182150
1725310800000,103.18,107.5,102.24,104.02,18487270
1725397200000,104.5,107,103.1,106.72,13677770
1725483600000,107.24,107.28,104.06,104.88,12165030
1725570000000,104.86,107.16,104.5,107.04,7663410
1725829200000,107.28,108.9,105.86,108.1,13453150
1725915600000,108.5,108.88,104.9,105.96,8895020
1726002000000,105.96,106.38,103.06,103.6,11498620
1726088400000,103.8,104.18,100.26,101.5,13896150
1726174800000,101.28,102.88,99,102.62,20049430
1726434000000,102.82,106.46,102.76,106.44,11682170
1726520400000,106.58,107,104.78,106.82,9348380
1726606800000,106.76,107.96,106.1,106.22,13642520
1726693200000,106.32,111.42,105.72,111.2,26038020
1726779600000,111.22,112.94,109.06,109.42,21763930
1727038800000,110.3,110.76,108.6,110.34,15336740
1727125200000,111,116,110.06,115.22,31469730
1727211600000,115.86,118.2,112.54,114.02,38585390
1727298000000,114,116.82,113.34,115.48,24466590
1727384400000,115.68,116.46,112.68,115.4,34610030
1727643600000,115.8,117.66,113.04,113.04,19369170
1727730000000,112.76,113.96,109.92,110.6,30705600
1727816400000,110.64,111.5,107.62,107.84,23646560
1727902800000,107.84,107.98,105,106.46,30183310
1727989200000,106.8,108,106.5,106.96,11583130
1728248400000,107,107.38,104.62,106.22,19627980
1728334800000,105.88,107,104.9,106.4,10445690
1728421200000,106.36,106.82,103.36,103.82,19387680
1728507600000,103.84,104.46,103.16,103.48,14764430
1728594000000,103.5,103.86,101.5,101.56,16185450
1728853200000,101.56,105.74,100.3,105.5,34081820
1728939600000,105.5,108.78,104.5,108.5,33499330
1729026000000,108.44,109.98,105.82,106.82,40731890
1729112400000,106.7,107.24,103.54,104.2,26579390
1729198800000,104.1,105.8,102.74,104.26,29980090
1729458000000,104.4,107.58,104.1,106.14,22161340
1729544400000,106.4,107.9,105.52,105.82,25320210
1729630800000,105.5,107.44,103.68,104.16,22799730
1729717200000,104.08,105.7,103.26,105.12,16360910
1729803600000,105.2,106.28,100.5,101.34,28885680
1730062800000,100.5,101.6,94.22,96.1,46073070
1730149200000,96.1,100.7,95.08,99.74,28831080
1730235600000,100,100.42,97.04,97.54,19603210
1730322000000,97.06,99.46,96.76,99,20639200
1730408400000,99.4,100,97.22,99.16,18711470
1730494800000,99,100.88,98.32,100.8,7061470
1730754000000,100.8,105,100.28,104.2,21128940
1730840400000,105.5,108.48,105.1,105.9,36581760
1730926800000,105.78,110.48,104.66,109.42,38567780
1731013200000,109.02,112.4,108.08,111.58,41605700
1731272400000,112.38,113.26,110.64,112.64,28602310
1731358800000,112.38,114.84,111.12,113.5,27300060
1731445200000,113.22,115.8,112.7,112.98,38609690
1731531600000,112.98,114.6,110.56,111.68,22584130
1731618000000,111.52,115.5,111.28,115.16,19906940
1731877200000,112.2,115.8,111.7,114.46,35026610
1731963600000,114.64,116.1,109.52,111,39994590
1732050000000,111.2,112,106,108.28,29177360
1732136400000,108.3,109.78,106.6,109.32,29964420
1732222800000,109.48,109.96,106.76,108.52,24628480
1732482000000,108.5,108.8,103.1,103.94,22360820
1732568400000,103.6,106.5,101.86,104.08,26895910
1732654800000,104.4,111.4,102.74,110.96,45817670
1732741200000,111.42,112.24,108.08,110.08,33233240
1732827600000,110.62,114,109.68,112.96,23186570
1733086800000,113.16,114.9,112.72,114.1,17187230
1733173200000,113.96,114.34,109.3,110.4,22921070
1733259600000,110.88,110.88,104.1,104.2,30705620
1733346000000,104.6,108.7,102.8,108.16,33511420
1733432400000,108.16,109.84,106.72,107.8,24489420
1733691600000,108.5,109,106.38,106.86,21160630
1733778000000,106.9,106.9,103.5,103.6,23476000
1733864400000,103.6,104.84,101.5,104.1,23604160
1733950800000,104.36,104.54,100.1,100.3,23815140
1734037200000,100.28,102.2,99.68,99.9,20063730
1734296400000,98.2,99.1,95.3,95.9,32093630
1734382800000,96.04,96.7,94.8,94.98,22758560
1734469200000,95.38,95.86,93.04,95.66,25839530
1734555600000,95.9,99.16,95,95.7,45552700
1734642000000,95.7,105.96,95.7,105.08,53274670
1734901200000,107,108.4,104,105,53047870
1734987600000,105,106.9,103.78,104.96,37285330
1735074000000,104.7,108.72,103.54,108,42665540
1735160400000,108.48,111.1,106.54,109.66,48210720
1735246800000,109.92,111.66,109.26,111.04,21210260
1735333200000,111.48,114.4,111.1,113.8,24511230
1735506000000,114.54,115.8,114.36,115.5,16450590
1735851600000,115.7,115.8,111.82,112.68,10306740
1736110800000,112.38,113.82,110.66,113.42,9577910
1736283600000,113.6,114.34,112.82,114,6827610
1736370000000,114,114.82,111.02,111.8,18700190
1736456400000,111.92,116.5,111.02,116.26,30019800
1736715600000,116.9,120.22,116.8,118.38,39084140
1736802000000,118.42,120.82,117.44,119.98,24648890
1736888400000,119.98,121.22,117.16,119.46,26289270
1736974800000,119.8,120.76,118.4,119.12,20477000
1737061200000,119.4,125,118.7,124.88,36137150
1737320400000,126.4,128.86,123.2,123.4,40312850
1737406800000,124.4,124.66,121.34,124.56,20094130
1737493200000,125,127.28,121.94,123.74,24584330
1737579600000,123.68,125,121.58,124.96,14828320
1737666000000,125.2,127.98,123,124.14,29745030
1737925200000,124.7,124.98,118.74,119.46,23334450
1738011600000,119.3,121.94,117.12,121.2,30176910
1738098000000,121.22,123,120.84,121.78,14893220
1738184400000,121.78,123.24,121.6,122.76,13351190
1738270800000,122.7,124.6,119.54,121.18,24647190
1738530000000,121,121,117.02,118.3,24785600
1738616400000,118.3,120,116.5,117.16,17713020
1738702800000,117.12,121,116.02,120.4,23750850
1738789200000,120.8,123,120.08,121.5,21595940
1738875600000,121.86,123.62,120.48,122.28,21759600
1739134800000,122.3,127,119,120.82,99953840
1739221200000,120.6,122.1,119.62,121.12,36308370
1739307600000,121.2,128,119.24,127.26,61397220
1739394000000,127.34,129.94,123.5,128.1,49133510
1739480400000,129,133.98,125,131.5,71277920
1739739600000,134,139,132.64,138.2,57217780
1739826000000,138.6,138.8,133.2,134.6,36446900
1739912400000,134.8,139,132.68,138.52,28700070
1739998800000,139.06,139.68,136,137.74,25642640
1740085200000,138,140.3,135.14,137.18,27906160
1740344400000,137.58,147.26,135.72,146.94,56679800
1740430800000,147.2,150.14,141.3,143.04,111298520
1740517200000,145.02,145.14,136.54,138.02,43200150
1740603600000,138.34,139.26,134.2,134.34,38502380
1740690000000,134.36,141,133.52,140.32,47182680
1740776400000,140.5,140.76,139.58,139.92,528330
1740862800000,140.06,140.32,138.5,139.04,1111330
1740949200000,139.04,139.42,133.04,135.92,45749040
1741035600000,136.08,142.26,136.08,140.92,47783880
1741122000000,141.16,142,136.62,136.98,34532590
1741208400000,137,138.64,134.14,136.46,22005120
1741294800000,136.46,139.2,133.02,135.7,27918390
1741554000000,136.4,137.5,134.42,137.14,27175260
1741640400000,137.38,138.88,135.06,135.72,24234320
1741726800000,135.82,136.42,133.8,134,14993010
1741813200000,133.8,135.5,128.16,131.9,51653030
1741899600000,132,132.46,129,130.54,28175460
1741986000000,130.92,131.8,130.86,131.2,690760
1742072400000,131.2,132.28,130.68,131.96,2175110
1742158800000,132,134.68,131.58,134.06,29416160
1742245200000,134.46,136.4,131.5,132.08,42256390
1742331600000,132.1,133.16,130.22,132.04,17796760
1742418000000,132.04,133.04,129.46,131.16,24120920
1742504400000,131,132.34,128.58,129.8,18916750
1742763600000,129.78,129.78,125.32,125.88,19710160
1742850000000,126,130,123.22,129.58,28991740
1742936400000,129.7,130.52,124.5,125.8,22155510
1743022800000,126,126.3,122.5,122.98,23942460
1743109200000,123,124.1,120.5,121.56,27845450
1743195600000,120.7,121.28,119.42,119.42,3104970
1743282000000,119.42,119.98,119.42,119.42,1177640
1743368400000,119,124.5,118.42,123.3,23239080
1743454800000,123.3,125.3,120.12,120.8,26638310
1743541200000,120.54,121.98,117.52,120.1,31937130
1743627600000,120.2,121.8,114.02,116.42,34705210
1743714000000,118,118,110.5,110.9,42757440
1743800400000,108.8,111,108.68,110.7,4545980
1743886800000,110.26,112.6,109.82,111.94,5139510
1743973200000,109.7,113.66,102.68,111.32,60087170
1744059600000,112,113.98,105.66,106.8,29746380
1744146000000,106.6,117.3,105.52,116.08,67859580
1744232400000,115.98,116.84,112.72,114.4,33033480
1744318800000,114.14,117.5,113.98,117.1,22568590
1744405200000,117.22,118.98,117.22,118.38,2618140
1744491600000,118.38,118.96,118.06,118.56,1712030
1744578000000,118.7,118.7,113.18,114.5,18252380
1744664400000,114.6,115.7,111.48,112.2,20560130
1744750800000,112,114.58,110.2,113.04,24949190
1744837200000,113.5,116.02,112.3,115.56,21862320
1744923600000,113.3,114.44,110.8,111.62,28037380
1745182800000,112.9,114.96,112.24,113.92,15095590
1745269200000,114.5,118.3,112.64,116.7,29501310
1745355600000,117.36,117.48,112.66,114.44,23851670
1745442000000,114.2,116.28,113.16,113.84,15308950
1745528400000,114.18,117.76,114.06,117.7,20210340
1745614800000,118,120.36,117.84,118.42,5763280
1745701200000,118.78,119.5,118.7,119.48,1154790
1745787600000,119.48,120,116.5,117.3,20196230
1745874000000,117.5,117.54,112.7,113.62,15263770
1745960400000,113.04,115.2,111.34,114.38,25856500
1746133200000,114,114.1,108.56,109,14570650
1746219600000,109,109.76,108.36,109.26,1391480
1746306000000,109.26,110.04,109,109.4,1175420
1746392400000,109.24,109.82,106.5,107.26,16295220
1746478800000,107.76,109.58,106.56,107.7,13387030
1746565200000,107.9,109.8,107.26,108.86,12124810
1746651600000,108.98,111.88,108.86,111.6,11037050
1746824400000,111.94,112.16,111.2,111.8,1652500
1746910800000,113,114.5,112.5,112.88,3288000
1746997200000,113.2,114.64,112.74,114.48,13489100
1747083600000,114.56,114.98,112.72,112.98,13230140
1747170000000,112.82,114.72,110.58,110.6,13636550
1747256400000,111.12,111.8,108.98,110.52,13478020
1747342800000,110.52,111.2,107.74,110.6,12244100
1747429200000,110.6,112.6,110.22,112.3,1735140
1747515600000,112.7,113,112.1,112.7,1922200
1747602000000,112.5,112.84,109.6,109.92,12277630
1747688400000,110.38,110.6,107.04,107.82,10917360
1747774800000,107.98,108.1,105.02,105.56,15437630
1747861200000,105.56,106.3,103.54,105.02,19692580
1747947600000,105.02,105.34,103.1,103.68,8905940
1748206800000,103.66,103.66,99,100.04,17999910
1748293200000,100.04,101.9,98.5,101.34,15851390
1748379600000,101.64,107.58,101.34,107.2,23651150
1748466000000,107.26,107.4,104.5,104.84,13092710
1748552400000,104.5,106.96,104.1,106.42,14139890
1748638800000,106.44,108.18,106.4,107.08,1383310
1748725200000,106.78,106.78,103.24,103.24,4240570
1748811600000,103.3,106.46,103.02,105.68,13031300
1748898000000,105.68,110.42,105.68,110.4,17815500
1748984400000,110.4,113.36,109.58,111.38,29168310
1749070800000,111.38,112.4,109.02,109.82,14332730
1749157200000,109.5,112.86,108.2,108.2,25141690
1749243600000,108.2,108.72,108.2,108.48,532450
1749330000000,108.48,108.68,107.1,107.68,1040710
1749416400000,107.8,111.2,106.6,110.7,32359310
1749502800000,111,111.92,105.62,106.24,37370160
1749589200000,106.38,108.46,104.56,106.8,23136040
1749762000000,107.04,108.14,104.82,105.5,7713420
1749848400000,105.52,106.3,105.5,106.16,1240270
1749934800000,106.32,106.66,105.42,106.18,1037710
1750021200000,106.18,106.22,104.1,104.42,11121300
1750107600000,104.6,107.98,103.66,107.52,16389770
1750194000000,107.52,108.6,106.26,107.28,12430340
1750280400000,107.38,108.36,105,106.72,15862850
1750366800000,106.98,107.2,104.48,104.5,9068350
1750626000000,104.7,105.3,102.7,103.9,14308720
1750712400000,103.96,105.26,103.22,104.98,12891790
1750798800000,105.2,107.5,105.02,107.18,14962880
1750885200000,107.62,110.68,107.3,110.4,29917830
1750971600000,110.5,111.58,109.56,111.58,29920600
1751058000000,111.78,111.96,111.2,111.4,961120
1751144400000,111.28,111.6,111.06,111.06,1050370
1751230800000,111.28,112.62,109.78,111.22,28623560
1751317200000,111.42,112.82,110,110.48,28611490
1751403600000,110.7,112.46,110.2,112.02,22139480
1751490000000,112,112.7,108.82,109.4,31165150
1751576400000,109.38,110.5,108.08,109.48,17264540
1751662800000,109.68,109.7,109.22,109.38,208420
1751749200000,109.38,109.38,108.74,109.02,329880
1751835600000,109.02,109.1,106.36,106.4,13620190
1751922000000,106.38,107.7,103.1,103.72,26470470
1752008400000,103.72,104.7,102.2,104.16,27255480
1752094800000,104.22,105.42,103.12,104.42,13092960
1752181200000,104.6,104.88,101.08,101.5,17065580
1752267600000,101.96,102.44,101.5,102,887360
1752354000000,101.98,102.18,100.86,101.74,1395090
1752440400000,101.58,109.52,100.62,109.26,51537570
1752526800000,109.52,110.9,108.76,110.1,29616940
1752613200000,110.1,112.3,109.04,110.04,32044850
1752699600000,110.36,111.18,108.46,108.68,17973090
1752786000000,108.68,115.44,108.1,115.36,50155960
1752872400000,115.36,118.84,114.8,117.3,8765640
1752958800000,118.18,118.46,117.02,117.4,2589590
1753045200000,117,118.14,114.74,116.54,31277080
1753131600000,116.46,120.1,115.46,119.5,28885100
1753218000000,119.52,120.76,117.42,118.24,23881490
1753304400000,118.18,119.38,117.48,118.26,17217360
1753390800000,118.46,118.9,113.2,114.68,30439060
1753477200000,114.68,114.9,114.06,114.46,685470
1753563600000,114.44,114.6,114,114.3,457380
1753650000000,114.08,117.68,113.42,117,45130920
1753736400000,117.06,123.32,116.14,122.9,75496420
1753822800000,122.9,123.2,119.16,119.46,34012110
1753909200000,119.76,121.6,117.82,120.86,29053530
1753995600000,121.38,121.9,118.7,120.12,14524970
1754254800000,119.54,121.96,118.42,120.68,14248820
1754341200000,121.04,122.36,120.12,122.16,11836210
1754427600000,122.4,126.48,119.7,123.7,37809550
1754514000000,123.7,127.8,122.92,125.5,37266360
1754600400000,126,128.8,124.1,128.3,20464710
1754859600000,130,130.96,126.9,128.1,30705820
1754946000000,128.2,128.68,126.54,128.2,12096860
1755032400000,128.32,129.5,127.58,128.2,13315860
1755118800000,127.72,131.64,127.08,131.46,25471320
1755205200000,131.64,132.64,130.1,130.58,26485210
1755291600000,128.84,128.84,126.6,126.98,6220990
1755378000000,127.02,127.18,126.6,126.6,1579670
1755464400000,126.38,131.4,125.44,129.88,21130310
1755550800000,130.02,131,127.8,128.34,17584330
1755637200000,128.34,129.08,125.3,125.72,12848720
1755723600000,125.72,126.12,121.5,121.8,22046210
1755810000000,121.96,124.52,120.98,122.94,15463050
1755896400000,123.02,123.3,122.92,123.1,305490
1755982800000,123.1,123.38,121.94,122.12,630270
1756069200000,121.88,123.66,120,123.42,12455480
1756155600000,123.5,125.16,121.86,122.96,10236960
1756242000000,123,127.54,122.16,127.1,17141350
1756328400000,127.16,127.16,123.84,124.32,15706360
1756414800000,124.52,125.78,124,125.44,8749820
1756501200000,125.44,125.68,125.04,125.18,403460
1756587600000,125.2,125.9,125.18,125.48,567190
1756674000000,125.54,126.58,122.7,123.2,7441570
1756760400000,123.18,123.86,121.22,123.36,11377110
1756846800000,123.3,125.3,122.08,124.88,9821960
1756933200000,124.96,125.7,123.34,124.7,11231580
1757019600000,124.8,126.24,123.5,126,10554290
1757106000000,126,126.32,125.7,126.14,321620
1757192400000,126,127,126,126.6,859260
1757278800000,126.5,129.28,125.66,129.18,13595130
1757365200000,129.28,130.5,128.64,130.2,18752630
1757451600000,130.1,131.76,128.5,129.66,21523820
1757538000000,129.66,130.32,127.5,129.44,19281990
1757624400000,129.7,130.02,124,124.04,35548180
1757710800000,124.2,124.5,123.32,123.42,1180130
1757797200000,123.44,124.62,123,124.6,1035960
1757883600000,124.4,125.04,122.44,123.56,15037630
1757970000000,123.7,125.12,121.38,124.12,17434070
1758056400000,124.46,126.36,122.5,126.3,11720530
1758142800000,126.4,126.7,122.7,122.88,20667790
1758229200000,122.88,124.48,119.06,119.28,23014240
1758488400000,119.4,122.32,117.42,121.8,22541230
1758574800000,121.7,123.9,118.08,119.34,22833810
1758661200000,119.4,123.7,117.66,123.7,20348270
1758747600000,123.82,123.86,120.1,120.56,14939840
1758834000000,120.6,123.68,119.84,122.78,16976630
1758920400000,122.78,123.8,122.6,123.56,891990
1759006800000,123.54,123.72,122.88,122.9,492130
1759093200000,123,127.2,122.66,125.96,46155010
1759179600000,125.96,125.98,122.42,123.88,22833480
1759266000000,123.98,124.58,120.46,121.1,15295860
1759352400000,121.22,122.12,120.2,121.4,15221890
1759438800000,121.5,122.7,119.5,120.08,12249780
1759525200000,120,120.64,118.02,118.66,2671140
1759611600000,118.68,120.2,118.3,120.14,1188690
1759698000000,120.4,124.66,119.32,124.02,19252860
1759784400000,124,126,123.04,125.96,26754760
1759870800000,125.94,126.76,121,121.86,36517380
1759957200000,122.46,130.5,120,128.68,77439860
1760043600000,129,129.78,125.5,125.64,41786980
1760130000000,125.48,126.24,124.96,126.24,1260300
1760216400000,126.2,126.9,125.52,126.6,1158170
1760302800000,126.84,129.8,126.72,129.04,42791870
1760389200000,129.04,129.34,125.78,126.56,30608660
1760475600000,126.7,127.9,125,125.22,21567760
1760562000000,126.08,135,124.58,134.34,51869050
1760648400000,134.3,134.32,130.8,131.52,32810870
1760734800000,132.34,133.68,131.94,133.24,2612390
1760821200000,133.28,133.62,132.3,132.88,1437770
1760907600000,133.2,133.9,131.8,133.54,13660620
1760994000000,133.68,133.68,126.52,128,36004060
1761080400000,128.1,130.86,125.7,127.3,21988170
1761166800000,126,128.38,125.5,127.36,18521680
1761253200000,127.42,128.36,125,126.18,15606790
1761512400000,125.8,126,118.22,118.5,28347576
1761598800000,118.42,123.3,117.9,122.6,25199660
1761685200000,122.58,125.9,122.18,125.3,22874910
1761771600000,125.3,126.72,124.42,126.7,16330990
1761858000000,126.36,126.7,123.52,123.94,11621130
1761944400000,123.92,125.5,123.88,125.12,3362380
1762117200000,125.34,127.38,125.18,127,4260620
1762290000000,126.94,126.94,124.36,125.02,10686430
1762376400000,124.72,125.44,123.82,124.74,5531470
1762462800000,124.3,127.5,123.66,126.52,9359250
1762549200000,126.52,126.7,126.2,126.34,441670
1762635600000,126.34,126.98,126.2,126.98,496920
1762722000000,127,127.72,125.82,126.56,9226000
1762808400000,126.56,128.1,126,126.82,12876870
1762894800000,126.96,127.28,123.92,124.7,15541950
1762981200000,124.7,126.3,124.04,125.38,10535760
1763067600000,125.38,125.74,122.66,123.9,7258620
1763154000000,123.9,124.1,123.74,123.84,246810
1763240400000,123.9,124.08,123.38,123.48,424750
1763326800000,123.1,124.38,122.24,123.02,8041610
1763413200000,123.3,127.7,122.38,127,21962450
1763499600000,127.4,131.94,126.42,129.8,27813210
1763586000000,129.82,134.5,128.72,133.38,19808590
1763672400000,133.32,133.86,130.22,132.62,19349510
1763931600000,132.62,134.36,128.74,129.8,20853250
1764018000000,129.7,133.34,128.8,132.34,17867370
1764104400000,132.64,132.64,130.88,131.36,5116640
1764190800000,131.5,132.12,126.9,127.86,16781380
1764277200000,128.08,131.4,127.54,130.96,10777430
1764363600000,130.86,131.18,130.36,130.76,451090
1764450000000,130.62,131.54,130.46,131.48,978190
1764536400000,131.7,132.24,130.02,131.1,10576910
1764622800000,131.26,131.78,130.42,130.96,10272730
1764709200000,129.6,130.14,128.1,129.96,15771220
1764795600000,130,130.66,128.9,128.94,7912390
1764882000000,128.9,134.5,128.9,134.02,24123770
1765141200000,134,135.52,133,133.02,19235930
1765227600000,133.1,138.88,132.74,137.8,31312190
1765314000000,137.98,138.12,135.56,136.9,16534620
1765400400000,136.9,139.44,135.84,136.36,22972410
1765486800000,136.4,138.5,135.6,136.78,18289030
1765573200000,136.8,137.36,136.38,136.82,1148530
1765659600000,136.82,136.98,136.02,136.12,877530
1765746000000,137.08,139.46,136.16,139,17239880
1765832400000,139.2,141.24,138.44,140.48,17542630
1765918800000,140.5,141.48,139.2,140.44,15036180
1766005200000,140.48,143.44,140.02,142.68,28855610
1766091600000,142.78,144.58,141,142.2,24671850
1766178000000,142.2,142.54,142.06,142.28,473940
1766264400000,142.3,142.64,141.88,141.98,502520
1766350800000,142.02,144.2,141.94,143.42,29617610
1766437200000,143.58,148.12,143.48,148.08,35146210
1766523600000,148.34,148.6,144.6,145.72,35143490
1766610000000,145.62,147.54,144.64,147.16,16335290
1766696400000,147.4,152,147.3,152,31280500
1766782800000,152.26,152.76,151.94,152.56,3495290
1766869200000,152.7,152.98,151.3,152.72,3308550
1766955600000,152.68,153.1,148.08,148.7,35374120
1767042000000,148.7,149.92,148.32,149.46,16907270
1767560400000,149.08,150.84,147.4,150.62,10708630
1767646800000,150.7,153,150.68,152.64,9874820
1767819600000,151.44,151.44,149,149.46,10119260
1767906000000,149.46,150.72,149.38,149.9,6327590
1768165200000,150.28,156.78,150,156.52,48546160
1768251600000,156.22,158.52,154.28,156.5,37512090
1768338000000,159,159,155.86,157.06,23921080
1768424400000,156,157.16,155.08,156.4,15319860
1768510800000,155.88,156.9,155.3,156.36,18110290
1768597200000,156.16,156.6,156.16,156.38,543170
1768683600000,156.32,156.9,156.1,156.66,620300
1768770000000,157.2,159.54,157.1,158.72,20035340
1768856400000,158.42,159.66,157.92,158.84,14590700
1768942800000,159.1,163.08,158.84,162,26608880
1769029200000,162.08,162.42,159.38,161.88,18126140
1769115600000,161.32,165.38,161.32,165.36,21661760
1769202000000,165.5,166.72,165.1,166.04,4415060
1769288400000,166.06,169.34,166.04,169.04,8996520
1769374800000,169.8,170.4,165.72,166.48,41207470
1769461200000,166.8,167.5,163.68,165.94,36699270
1769547600000,166.78,169.3,166.58,168.3,23706600
1769634000000,168.82,173.2,166.68,170.52,56873430
1769720400000,168.18,169.22,159.12,160,47159840
1769806800000,160.12,161.64,159.88,160.2,2942940
1769893200000,160.48,161.52,160.06,160.86,1772400
1769979600000,159.5,162.28,155.92,160.44,43284410
1770066000000,161.06,163.84,161.04,162.08,23628560
1770152400000,162.7,163.74,156.5,158.1,25712970
1770238800000,156.88,157.24,152.96,153.04,29841770
1770325200000,152.8,157.34,152.3,156.92,19705500
1770411600000,157.36,158.22,157,157.88,1660180
1770498000000,157.7,157.88,156.4,156.7,1655700
1770584400000,156.6,158.12,154.84,157.6,12367890
1770670800000,157.1,157.44,155.28,155.96,8917670
1770757200000,156.52,162.62,156.3,161.74,31371000
1770843600000,161.12,161.48,158,158.22,23387390
1770930000000,158.4,159.96,153.1,154.7,38995670
1771189200000,154.56,156.4,151.98,155.82,19310110
1771275600000,155.84,155.92,153.42,154,11591870
1771362000000,154.6,156.18,153.2,155.08,12932610
1771448400000,155.74,157.38,152.66,153.28,16339090
1771534800000,153.76,155.14,151.52,154.66,12309540
1771621200000,154.72,155.16,154.54,154.68,442470
1771707600000,154.68,154.94,154.36,154.72,424840
1771794000000,155.1,155.38,154.5,155.22,683760
1771880400000,155.36,158.28,155.34,156.42,15979060
1771966800000,156.74,161.58,156.28,160.9,23416530
1772053200000,160.44,162.18,160,161.86,14832960
1772139600000,161.88,165.74,161.88,165.2,25293040
1772226000000,164.94,166.16,163.34,164.5,6050520
1772312400000,164.52,165.62,164.22,165.2,2432320
1772398800000,165.2,165.2,160.82,161.3,20853650
1772485200000,161.3,163.14,156.62,157.78,22171770
1772571600000,158.1,162.42,157.6,161.4,14601340
1772658000000,161.88,162,159.36,160.46,12875980
1772744400000,160.96,160.98,158.14,159.3,12907480
1773003600000,159.4,159.5,154.2,157.8,13860100
1773090000000,157.8,160.32,155.8,157.06,15212230
1773176400000,157.2,158.9,155.8,156.4,7878340
1773262800000,156.4,157.02,154.58,155.46,9081980
1773349200000,155.8,158.32,154.74,155.24,8841350
1773435600000,155.56,155.68,155.14,155.46,467740
1773522000000,155.12,155.98,155,155.98,600970
1773608400000,155.98,155.98,153.5,154.16,11176070
1773694800000,154.22,155.1,153.7,153.98,6166830
1773781200000,154,156.14,152.12,152.14,15412810
1773867600000,152.16,153.5,150.8,152.52,17543230
1773954000000,152.5,154.5,152.32,152.54,9283310
1774213200000,151.38,151.44,146.8,147.84,31415700
1774299600000,147.32,148.72,144.78,145.98,13675710
1774386000000,146.72,148.18,146.1,146.72,14736390
1774472400000,146.96,146.96,142.48,143.68,12800310
1774558800000,143.88,145,139.98,140.2,21644630
1774645200000,140.02,140.34,139.44,139.9,838030
1774731600000,139.9,142.72,139.26,141.98,4235330
1774818000000,142.3,144.74,139.84,141.16,23448200
1774904400000,141.84,142.98,138.66,139.9,18120640
1774990800000,140.34,142.24,138.7,140.02,18884850
1775077200000,139.78,139.8,136.62,137.02,19202910
1775163600000,137.34,137.82,133.9,133.9,21682640
1775250000000,133.9,134.44,133.34,133.92,1873530
1775336400000,133.98,134.56,133.36,134.48,883820
1775422800000,134.5,137.88,133.66,137.3,23578270
1775509200000,137.6,137.8,134.52,135,14013310
1775595600000,136.5,138.9,135.4,136.54,29204880
1775682000000,136.12,136.94,134.54,135.48,10548960
1775768400000,135.5,136.08,133.82,134.24,7684480
1775854800000,134.24,134.6,133.88,134.26,560370
1775941200000,134.26,134.5,131,131.9,6699010
1776027600000,132.98,133.06,129.16,131.36,18429530
1776114000000,131.34,134.34,129.8,132.02,20713940
1776200400000,132.12,135.12,131.52,134.2,17431760
1776286800000,134.64,137.38,134.24,136.16,19658790
1776373200000,136.16,138.48,135.2,137.68,17935680
1776459600000,137.7,137.96,135.78,136.26,2470900
1776546000000,136.36,136.44,135.8,136.32,786890
1776632400000,136.38,139.68,134.54,139.22,20136060
1776718800000,139.22,141.68,138.5,141.22,24786900
1776805200000,142,142.96,139.24,140.82,17718380
1776891600000,140.8,141.18,138.82,139.6,12305030
1776978000000,140.2,140.72,137.34,137.76,11264890
1777064400000,137.76,138,136.76,137.16,944790
1777150800000,137.14,137.54,136.82,136.98,418350
1777237200000,137.1,139.86,136.4,137.1,13920720
1777323600000,137.46,137.46,134.22,135.22,13720670
1777410000000,134.88,135.58,128.18,128.62,33047570
1777496400000,129.24,130.78,127.12,129.54,19715870
1777582800000,129.64,129.9,128.86,129.1,784520
1777669200000,129.52,129.6,128.72,128.96,346290
1777755600000,129.48,129.48,128.8,128.96,194030
1777842000000,129,130.24,124.02,124.7,25829290
1777928400000,124.96,127.58,121.14,126.86,30345000
1778014800000,127.26,130.18,126.34,128.06,36714130
1778101200000,128.08,130,127.1,128.98,13832300
1778187600000,128.98,131.82,126.22,130.28,14402250
1778446800000,130.98,134.44,130.7,133.36,9257990
1778533200000,133,134.22,131.96,133.98,16671800
1778619600000,133.98,134.7,132.28,133.68,11148820
1778706000000,133.48,134,130.38,130.6,10863350
1778792400000,130.58,130.92,127.64,127.94,15140220
1778878800000,128.2,128.32,127.34,127.82,460710
1778965200000,127.82,128.24,127.66,127.92,437300
1779051600000,127.5,127.66,126.56,126.76,1929740
