time,open,high,low,close,volume
1263157200000,1744,1771,1736.6,1750.98,2149066
1263243600000,1740,1756.88,1707.5,1719.82,1927569
1263330000000,1704.48,1734,1698.6,1709.44,1779730
1263416400000,1720.37,1732,1703.03,1726.8,1998774
1263502800000,1710.55,1754.13,1710.55,1731.95,2007651
1263762000000,1720,1755,1715,1745,1480561
1263848400000,1742.55,1752.4,1722.01,1749,1724153
1263934800000,1745.5,1781.84,1721.01,1726.9,2882814
1264021200000,1740,1741.5,1695.12,1699.98,2664910
1264107600000,1690.99,1692.88,1640,1675.99,2837422
1264366800000,1656.75,1689.5,1651.6,1675,2318422
1264453200000,1655,1659.8,1619,1631.37,2380982
1264539600000,1628.11,1662.87,1598.5,1638.96,2826151
1264626000000,1653,1679.9,1641,1656.1,2359242
1264712400000,1635,1686.73,1632.9,1686.73,2166497
1264971600000,1670,1689.79,1643,1685.3,1639266
1265058000000,1699.8,1711.71,1687.01,1711,2033955
1265144400000,1727.89,1733.38,1691.03,1694.88,2425432
1265230800000,1690.5,1700.86,1645.51,1661.06,2150472
1265317200000,1630,1644,1600.02,1617.04,3108495
1265576400000,1616.24,1634.61,1575,1580.06,2856928
1265662800000,1620,1627,1577.3,1594.29,2503579
1265749200000,1609.48,1611.99,1556.36,1563.04,2255697
1265835600000,1584.66,1584.66,1543.02,1554,2147734
1265922000000,1569.95,1576,1515,1517,2336844
1266181200000,1518,1554,1515.11,1547.55,1272249
1266267600000,1561,1588,1558.7,1583.75,2120024
1266354000000,1591,1595.1,1563.33,1566.01,1712848
1266440400000,1566.04,1575,1534.8,1563.09,2350312
1266526800000,1537,1590,1535,1589.88,2213068
1266958800000,1579,1589,1551.11,1566.83,1445635
1267045200000,1555.15,1572.76,1530.77,1548.88,1427884
1267131600000,1570,1585,1545.31,1579.85,1710068
1267218000000,1589.5,1589.5,1573,1574,466568
1267390800000,1590,1610,1571,1602.37,2221187
1267477200000,1598,1624,1591.5,1622.5,2126069
1267563600000,1616.7,1637.06,1596,1624.16,2232956
1267650000000,1619.2,1650.23,1613.01,1626,2110955
1267736400000,1633.3,1648,1624,1641.86,2014108
1268082000000,1634.12,1639.47,1593,1603,2678156
1268168400000,1598.94,1619.02,1575.25,1576,3256584
1268254800000,1571.96,1597.3,1566.04,1580,2012575
1268341200000,1589.96,1613.33,1583.07,1603.66,1901358
1268600400000,1595,1607.77,1586.3,1590.88,1497132
1268686800000,1596.03,1636,1591.22,1633.14,2322850
1268773200000,1649.29,1715.02,1645,1690.75,5911978
1268859600000,1680.26,1727.41,1672.5,1704.1,3635863
1268946000000,1709.45,1717.37,1678.5,1688.25,2510091
1269205200000,1670.5,1696,1650.17,1689.96,2575661
1269291600000,1699.9,1719.03,1650.03,1664,4120470
1269378000000,1664,1670,1631,1648.95,4428629
1269464400000,1638.14,1653,1624.44,1631.1,2988057
1269550800000,1631.55,1657.6,1622.5,1646,1762750
1269810000000,1645,1680,1636.94,1674.1,1200905
1269896400000,1680.5,1686.04,1658.22,1665,2028501
1269982800000,1660.13,1688.15,1659.06,1670.5,2042513
1270069200000,1689.5,1700.8,1675.49,1696,1570261
1270155600000,1700.03,1713.49,1689,1701,1031995
1270414800000,1712.02,1729.75,1693.61,1729.5,1357940
1270501200000,1729,1777,1725.01,1767.67,3735323
1270587600000,1770,1773.2,1735,1750.63,2361881
1270674000000,1736,1747.84,1720,1728.83,1956372
1270760400000,1742.05,1754,1733.2,1740.06,1231438
1271019600000,1750.01,1754,1730,1745.74,1335610
1271106000000,1727.95,1744.77,1715.22,1728.91,1644440
1271192400000,1740,1751,1734.02,1745.96,1799429
1271278800000,1757.31,1772.15,1738.05,1765.05,2331732
1271365200000,1751.01,1760.99,1724.31,1730,2697191
1271624400000,1707,1710,1667.25,1684.18,3102982
1271710800000,1697,1710,1685.25,1689.2,1760646
1271797200000,1704,1714,1690,1698.89,1652569
1271883600000,1695.89,1709.93,1671.26,1682.22,2367753
1271970000000,1682.22,1711.84,1682,1702.89,1516091
1272229200000,1716,1729,1705,1726,1326696
1272315600000,1716.01,1719.89,1692,1705,1424488
1272402000000,1680,1697.2,1667.5,1673.11,2696083
1272488400000,1680,1690,1668,1682,1715942
1272574800000,1685,1685,1665,1670.48,1680077
1272920400000,1672.74,1687.47,1645.25,1650,2329070
1273006800000,1649.49,1678,1632.22,1677,2229407
1273093200000,1660.03,1672,1645.25,1656.52,1813271
1273179600000,1619.98,1637.54,1590,1600.02,2295188
1273525200000,1615,1620.6,1591.25,1605.01,1883805
1273611600000,1594.88,1633.99,1587.01,1625.9,2111640
1273698000000,1635.01,1652,1590.11,1605.72,2350880
1273784400000,1594,1615.84,1584.01,1589.96,1934323
1274043600000,1572,1604,1551.11,1580,1766210
1274130000000,1581.05,1589,1555.25,1558.12,1899931
1274216400000,1543.39,1551,1519.11,1523.5,2291126
1274302800000,1530.99,1549.77,1470.25,1475,3137676
1274389200000,1476.51,1498,1450,1474.93,3039964
1274648400000,1485,1502.73,1463.5,1477.11,1383107
1274734800000,1435.06,1447,1400.01,1400.93,1936826
1274821200000,1428.02,1468,1421.01,1451.31,2083905
1274907600000,1460,1515.96,1453.11,1503.99,2607803
1274994000000,1509.99,1514,1461.1,1476.78,2083302
1275253200000,1484.62,1527.44,1474,1523.06,1044749
1275339600000,1508,1517.9,1476.1,1508.1,2119058
1275426000000,1492.22,1552,1486.83,1549.93,2583350
1275512400000,1572,1603.99,1565.56,1591,2334772
1275598800000,1591.25,1653,1584,1621.97,4274283
1275858000000,1572,1630,1570.15,1615,2296516
1275944400000,1634.5,1641.98,1576,1595,2674795
1276030800000,1610.28,1626.35,1594,1605.7,1912549
1276117200000,1605.7,1673.8,1592.22,1671.95,3976084
1276203600000,1672.25,1690,1650.3,1680,2629012
1276549200000,1674.78,1699.69,1654.4,1697.18,2016896
1276635600000,1701.07,1734,1691.25,1713,3118846
1276722000000,1706.5,1733,1657.5,1662.95,3361388
1276808400000,1670,1673.68,1635,1653.11,2219434
1277067600000,1683.06,1705,1678.1,1695.2,1594513
1277154000000,1679.9,1699.86,1673.3,1685,1318460
1277240400000,1675,1723.89,1670.43,1700,1955720
1277326800000,1710,1715,1682,1685.99,1521120
1277413200000,1688.94,1713,1676.01,1701.34,1947949
1277672400000,1710,1725,1676.2,1685,1629620
1277758800000,1675,1680,1642,1648.35,2051374
1277845200000,1654.66,1662.02,1611.62,1615,1776044
1277931600000,1604,1604,1550,1550.09,2399006
1278018000000,1572,1595,1546.3,1586.4,1570253
1278277200000,1580,1608.5,1573.23,1584.79,1059601
1278363600000,1606.8,1611.87,1590.12,1604,1308412
1278450000000,1590,1605.25,1581,1600.7,1520135
1278536400000,1627.5,1628,1593.92,1596.94,1251458
1278622800000,1605.28,1612.95,1578,1591.94,813841
1278882000000,1591,1638.3,1581.12,1625.23,1194028
1278968400000,1620.01,1664.99,1616.01,1659,1053467
1279054800000,1670,1674,1623,1631.82,1453297
1279141200000,1651.5,1651.5,1607,1609.7,1467977
1279227600000,1618.83,1628.37,1588.15,1592,1152387
1279486800000,1587.52,1616.16,1584.31,1593.04,963250
1279573200000,1600.99,1610.64,1576,1593,1174077
1279659600000,1601.99,1643.8,1601.99,1637.04,1429522
1279746000000,1626.19,1672,1619.6,1670,1323263
1279832400000,1674.33,1690,1662.37,1680,1070652
1280091600000,1690,1701.94,1678.56,1694.98,1072807
1280178000000,1694.98,1718.85,1686.92,1690.24,1295524
1280264400000,1700.5,1754,1675.2,1749.99,4743947
1280350800000,1760,1782.59,1748.2,1759.05,2388499
1280437200000,1750,1758.95,1711.11,1720,1505919
1280696400000,1740,1749.75,1716.65,1724.92,1539396
1280782800000,1738.75,1738.75,1684.37,1693.5,1892530
1280869200000,1689,1701.89,1677.01,1684.47,1443161
1280955600000,1689,1717.34,1681.6,1700,1345880
1281042000000,1707.49,1715,1687.12,1696,1171121
1281301200000,1707.57,1724.9,1700.4,1706.05,1075557
1281387600000,1695.9,1704,1665.01,1674.67,1371573
1281474000000,1660,1669.5,1647.12,1657,1513795
1281560400000,1650,1679,1647.02,1660,1242212
1281646800000,1669.95,1671.95,1650,1650.09,1215218
1281906000000,1662.63,1662.63,1636,1650,971283
1281992400000,1655,1664.49,1645.04,1652.01,1141360
1282078800000,1655,1655,1640.16,1650,796024
1282165200000,1660.03,1675.2,1637,1637.07,1437767
1282251600000,1646.46,1650,1621,1645.87,1742015
1282510800000,1646.94,1654,1629.45,1644,1112641
1282597200000,1630.52,1640,1625,1630,984131
1282683600000,1627.77,1649.68,1627.77,1638.3,993960
1282770000000,1654.06,1664,1644,1652.99,832248
1282856400000,1648,1673.99,1641.13,1668,1015630
1283115600000,1680,1682.99,1651,1655.08,730210
1283202000000,1635.5,1647.84,1626.18,1629.99,1315507
1283288400000,1635.65,1659,1616.77,1656.18,1631605
1283374800000,1655,1676.57,1650.05,1676,1202877
1283461200000,1677,1686.92,1660.78,1674.01,1121301
1283720400000,1680,1683.99,1661.8,1669.94,521050
1283806800000,1662.01,1677.77,1655.19,1671,1106158
1283893200000,1661.62,1691,1661.62,1678,1032035
1283979600000,1692.5,1723.89,1676.61,1715,1566753
1284066000000,1714.84,1720,1700,1713,869049
1284325200000,1726.8,1733.71,1705,1713.51,1026754
1284411600000,1706.06,1718.98,1697.39,1703,1209549
1284498000000,1699.5,1724,1690.32,1720.98,1409308
1284584400000,1715.04,1733,1707,1721.2,1156789
1284670800000,1739.75,1739.75,1697.01,1702,1092330
1284930000000,1705.93,1728.5,1703.03,1728.27,816905
1285016400000,1730.03,1753,1721.05,1743.3,1649533
1285102800000,1742,1809.98,1734,1798.05,4370964
1285189200000,1803,1814.94,1773.26,1797,2394896
1285275600000,1799,1808.28,1775,1802,1851089
1285534800000,1820,1821,1723.12,1728.96,3417101
1285621200000,1720,1755,1692,1724.85,3831718
1285707600000,1731.95,1738.06,1706.02,1708.17,1255272
1285794000000,1714,1740.31,1708.13,1733.04,1668922
1285880400000,1729.87,1765,1725.06,1749,1824333
1286139600000,1750,1761,1727.5,1740.01,1288714
1286226000000,1740.01,1758.43,1725.25,1754.1,1445985
1286312400000,1764.19,1784,1747.5,1760.58,1881951
1286398800000,1766.83,1766.83,1741.3,1742.95,1042886
1286485200000,1740,1748,1714.02,1728.5,1462195
1286744400000,1740,1752,1734.24,1750,965194
1286830800000,1735.01,1766.99,1731.5,1757.5,1161530
1286917200000,1765,1791,1764,1785,1957213
1287003600000,1794.5,1798,1781.01,1797,1289008
1287090000000,1790.1,1826.7,1777,1785,2897146
1287349200000,1771.15,1783.92,1760.03,1780.1,1499069
1287435600000,1780,1792.99,1740,1751.13,1545027
1287522000000,1748.12,1754,1726.69,1745.81,1323145
1287608400000,1750.01,1774.94,1732.4,1758.49,1770290
1287694800000,1750.15,1769,1734,1735,1507700
1287954000000,1750.4,1756.8,1739,1740.73,975407
1288040400000,1740.26,1754,1730,1740.85,1067615
1288126800000,1737.95,1753.29,1727.75,1730.99,1263872
1288213200000,1736.48,1740.05,1707.5,1709.05,1387148
1288299600000,1708.84,1735.15,1706.21,1734.13,1052411
1288558800000,1738.5,1756.66,1730.1,1750,1289153
1288645200000,1750,1765,1742.12,1758,837009
1288731600000,1761.25,1776,1746.01,1754.88,1279983
1289163600000,1777.77,1790.15,1765.05,1772,1170071
1289250000000,1770,1802.58,1769.28,1800,1610028
1289336400000,1790.35,1795.47,1761.55,1769.07,1212049
1289422800000,1779.5,1780.12,1749.88,1756,1025214
1289509200000,1743.45,1756.1,1736.88,1741.54,1277417
1289595600000,1740,1740,1727.27,1731.1,380120
1289768400000,1739,1763,1722.97,1748.34,1554273
1289854800000,1736.2,1742.95,1719,1719,1129279
1289941200000,1717,1730.12,1710,1724.9,1530445
1290027600000,1733.15,1734.6,1721.59,1732,1430788
1290114000000,1732,1749,1723,1745.64,1098222
1290373200000,1746.5,1760.23,1717.7,1722,1475826
1290459600000,1717,1718.94,1697,1701,1927210
1290546000000,1707.75,1733,1691,1727,2011208
1290632400000,1730,1740,1719.81,1723,1101881
1290718800000,1720.94,1732.23,1702.29,1713.35,1467702
1290978000000,1717.53,1722,1680.01,1682.9,1828943
1291064400000,1695.03,1744.9,1694.98,1735,3130403
1291150800000,1741,1797,1738,1790.03,3395172
1291237200000,1801,1813.97,1784.3,1798.01,2233700
1291323600000,1787.5,1835.07,1787.5,1812,2123559
1291582800000,1818,1851.01,1813.01,1846.78,2332286
1291669200000,1850,1874,1812.9,1816,2402847
1291755600000,1809,1830.99,1775,1779.49,1961142
1291842000000,1801,1801,1747,1785.23,4544810
1291928400000,1783,1789.67,1765.44,1770,1823048
1292187600000,1776.99,1787,1757.44,1761.88,1838830
1292274000000,1765,1765,1728,1743.4,2381997
1292360400000,1738.8,1768.63,1733.33,1757.8,2527635
1292446800000,1746,1755,1737,1753.09,1048565
1292533200000,1756.08,1766.88,1747,1761.9,1228914
1292792400000,1761,1765.24,1738,1743,1221770
1292878800000,1750,1755,1736.01,1751.05,1666409
1292965200000,1755,1764.9,1745,1762.05,1140383
1293051600000,1765,1768.5,1754.61,1760.86,824544
1293138000000,1762.5,1762.5,1746.11,1752,726243
1293397200000,1748,1750.44,1734.68,1735.7,429189
1293483600000,1735.69,1749.77,1735.01,1742.18,535703
1293570000000,1742.78,1753.53,1742.34,1745,611355
1293656400000,1750,1750.99,1729.1,1742,1116631
1294693200000,1753.53,1800.51,1753.53,1798,2381396
1294779600000,1800,1870,1788,1866,3266128
1294866000000,1866,1916.76,1851.06,1903,3863292
1294952400000,1894.73,1908.64,1873.2,1893,2139296
1295211600000,1893,1947,1893,1924.97,2228373
1295298000000,1925,1944.9,1895,1907,2201809
1295384400000,1918,1942.96,1905.1,1932.7,2361071
1295470800000,1918,1918.4,1883.67,1894,2081448
1295557200000,1894,1936.84,1875.16,1931,2030951
1295816400000,1932.05,1932.99,1869.04,1884,1951711
1295902800000,1891.53,1908.8,1875.41,1889.88,1657874
1295989200000,1898.39,1925.52,1892.11,1896.78,1844150
1296075600000,1909.01,1920.15,1859,1880.04,3445194
1296162000000,1879.71,1886,1844,1849.05,2016087
1296421200000,1835,1849.97,1813.88,1834.99,2243738
1296507600000,1850,1910,1835.14,1904,3028843
1296594000000,1915,1961.23,1912.88,1955,3863256
1296680400000,1960,1981.57,1936.94,1951,2342425
1296766800000,1961,1980,1941,1965,1922580
1297026000000,1969.99,1977.78,1944.31,1977.48,1492519
1297112400000,1974,1980.98,1933,1933.07,2644818
1297198800000,1947,1948.8,1913.16,1932,1810058
1297285200000,1932,1932,1885,1893.98,2148437
1297371600000,1893.98,1933,1880.19,1932.86,1533183
1297630800000,1940.4,1943.7,1904.23,1912.99,1274448
1297717200000,1909,1929.89,1884.42,1894.9,1492186
1297803600000,1902.11,1920,1884,1915.96,1169009
1297890000000,1919.79,1933,1902.83,1908.8,1653562
1297976400000,1910.51,1926.83,1905.02,1923.17,1123356
1298235600000,1924.13,1966,1916,1956.71,1589051
1298322000000,1957.1,1976,1935.21,1948.86,1845449
1298494800000,1973.02,2019.18,1955.56,1993,4343636
1298581200000,2000,2007,1975.29,2006.01,2230259
1298840400000,2003.61,2047.99,1991.23,2038.03,2507593
1298926800000,2049.5,2055.3,2017.5,2030,1790098
1299013200000,2019.3,2039.5,2002,2017,1672472
1299099600000,2030,2068,2022,2035,2061609
1299186000000,2046,2049.8,2013.8,2049.1,1803830
1299272400000,2049,2068.7,2045.5,2065.5,548876
1299618000000,2075,2090,2026.2,2042.1,2373862
1299704400000,2044.9,2044.9,1980,1983.5,2952047
1299790800000,1973,2019,1970.2,1991.5,2073647
1300050000000,1980.1,2015,1971,1975.4,2041373
1300136400000,1950,1972,1921.9,1927.7,3290448
1300222800000,1945,1979,1929,1934.8,2996375
1300309200000,1939.6,2002,1935,1989,2997037
1300395600000,2005,2023,1990,2012,2580121
1300654800000,2028.9,2029.8,2005.2,2012,1206878
1300741200000,2010,2010.1,1958.6,1971,2429270
1300827600000,1963.9,2019,1961.5,2016.3,1963076
1300914000000,2022,2051,2017.6,2051,3173473
1301000400000,2051,2051,2025.3,2046.3,1708989
1301259600000,2044.6,2049,2014.1,2027.5,1130427
1301346000000,2022,2025.5,1976.7,1995,2549640
1301432400000,2009.5,2035,2005,2032.5,2354012
1301518800000,2034,2036.9,2011.5,2032.7,1659359
1301605200000,2030,2065.8,2025.1,2057,2377519
1301864400000,2062.3,2068,2045,2059.9,2542926
1301950800000,2062.1,2076.9,2027.2,2050.1,2057113
1302037200000,2050,2084.1,2043.1,2070,2590630
1302123600000,2059.4,2061.1,2034.8,2035.2,1958544
1302210000000,2055,2061.9,2038,2047.1,1828526
1302469200000,2050,2054.9,2012,2027.6,1591595
1302555600000,2009,2009,1971.1,1980,2174607
1302642000000,1980.2,1995.4,1961.6,1992.1,1729335
1302728400000,1990,1990,1938.1,1951.2,2012427
1302814800000,1951,1986.3,1942.3,1965,1608385
1303074000000,1959.8,1969,1883.1,1899.9,2318395
1303160400000,1910.1,1950,1905.4,1949.9,1688635
1303246800000,1959,1978,1951.1,1973,1879964
1303333200000,1985,1990,1945.3,1953.9,1616530
1303419600000,1967,1971.1,1947.2,1954.1,912870
1303678800000,1960,1984.3,1935,1939.6,1949472
1303765200000,1927.3,1943.6,1903.5,1918,1853465
1303851600000,1935,1935.8,1883.7,1900,1757426
1303938000000,1923.4,1923.7,1891.4,1904,1341317
1304024400000,1906.8,1906.8,1883,1895.1,799669
1304370000000,1888.5,1909.9,1862,1868,1586665
1304456400000,1868,1879.5,1817.1,1828.7,2482056
1304542800000,1838.3,1842.6,1798,1806.7,2171913
1304629200000,1789,1863.5,1773.6,1863.5,2496706
1304974800000,1823.1,1850,1792.1,1803.3,3342680
1305061200000,1812,1826.8,1774,1777.5,2436817
1305147600000,1767,1767.2,1715,1723.8,2861290
1305234000000,1739.9,1751.3,1719.1,1733.4,1654759
1305493200000,1716.2,1740.6,1697.1,1738.9,2020570
1305579600000,1751.1,1764,1730,1742,2140645
1305666000000,1761.8,1768.7,1723.1,1744.9,1922192
1305752400000,1751,1768.1,1736.1,1747,1396726
1305838800000,1747,1757.6,1702.4,1711.2,1845897
1306098000000,1695,1709.5,1680,1702.9,1901075
1306184400000,1716.5,1734.6,1699.3,1720,1463146
1306270800000,1702.9,1750,1685,1749.5,1774127
1306357200000,1760,1762,1721.4,1728.4,1809372
1306443600000,1744.9,1766.3,1731.3,1757.4,1958836
1306702800000,1761.7,1764,1750.4,1753,716743
1306789200000,1765,1899,1762.5,1850,2659387
1306875600000,1813.2,1827.8,1766.1,1768.5,3250740
1306962000000,1752,1785,1745.1,1785,1928994
1307048400000,1777.9,1802,1743.2,1744.5,2365830
1307307600000,1750,1765.5,1723.3,1759,1582842
1307394000000,1769.6,1796,1746.1,1795.8,1630944
1307480400000,1782.5,1802,1749.2,1788,2331463
1307566800000,1795,1809,1768.1,1800,2142206
1307653200000,1800.4,1808,1782,1785.1,1966327
1307998800000,1798.5,1799.6,1771,1771.9,1353197
1308085200000,1781.4,1797.3,1761,1774,2616840
1308171600000,1758,1774,1745.9,1773,1787346
1308258000000,1770,1773.9,1738.1,1740,1588758
1308517200000,1734.8,1739,1725.3,1737.9,1455374
1308603600000,1749,1755.7,1733.5,1738,1100419
1308690000000,1738,1764,1730,1754,1438136
1308776400000,1743.5,1750,1711.5,1720,1995042
1308862800000,1732,1767.6,1727.3,1745.9,1547665
1309122000000,1735,1749.4,1720,1746.5,1468878
1309208400000,1755,1777.7,1747,1762,1711059
1309294800000,1769.4,1774.5,1756,1757,1155556
1309381200000,1765,1777.3,1747.7,1777.3,1382474
1309467600000,1778,1800.9,1769,1793,1914435
1309726800000,1799.9,1810,1781,1803.9,908677
1309813200000,1796.5,1820.9,1791.5,1804.7,1109779
1309899600000,1808.8,1816.4,1781.3,1789.8,1215458
1309986000000,1804.4,1847.5,1790.4,1837.5,1981895
1310072400000,1840,1860,1819.3,1827.1,1821017
1310331600000,1823,1848.8,1802.5,1803.9,1443198
1310418000000,1800,1817.8,1785.1,1808.4,2537456
1310504400000,1810,1823,1797.1,1822,1588553
1310590800000,1814.9,1848,1801,1837,1766225
1310677200000,1827,1846.1,1812.7,1838.1,1671165
1310936400000,1838.1,1855,1805,1810,1504461
1311022800000,1815.1,1834.6,1806.2,1826.1,1419105
1311109200000,1835,1843.7,1820.7,1823,1050059
1311195600000,1825,1873,1810.3,1872,2327664
1311282000000,1875.1,1880,1860,1875,1617906
1311541200000,1861,1884.4,1846,1878,1439592
1311627600000,1878,1888,1858.8,1871.4,1080094
1311714000000,1909.2,1909.2,1842,1846.4,1352730
1311800400000,1925.1,1925.1,1842.1,1858.7,1116259
1311886800000,1855,1855,1825,1848,1608554
1312146000000,1872,1887.5,1854.4,1860,1674797
1312232400000,1855.1,1866.1,1827.1,1835,1701700
1312318800000,1815,1818.1,1770.8,1785,2531705
1312405200000,1794,1794,1737.2,1740,2690810
1312491600000,1700,1736.1,1675,1710.1,3674383
1312750800000,1663.1,1712.5,1655,1669,3561427
1312837200000,1632,1705,1565,1674.9,5234081
1312923600000,1700,1703,1570,1590,3428757
1313010000000,1619.5,1648.6,1505.1,1615,4259195
1313096400000,1634.4,1659,1591,1619.7,3226654
1313355600000,1639.9,1667.9,1625.5,1667,1549812
1313442000000,1638,1640,1595.2,1628,2088098
1313528400000,1631,1661,1606.1,1652.9,1883878
1313614800000,1629.9,1637,1600,1632,2732808
1313701200000,1600,1636.5,1568,1630,3591560
1313960400000,1608.8,1647.8,1600.2,1626.2,1819800
1314046800000,1643,1673.8,1630.2,1672,2544002
1314133200000,1676.2,1693,1654.2,1686,2056339
1314219600000,1685.1,1704,1645,1652.8,2165082
1314306000000,1659.3,1680,1635,1680,2274984
1314565200000,1697.5,1749,1696.4,1738.9,2475757
1314651600000,1740.8,1741.4,1710,1728.7,2136380
1314738000000,1743.9,1747,1725.9,1739.2,2039365
1314824400000,1739.1,1741.5,1708,1738,2120055
1314910800000,1703,1733.9,1701,1706.5,1654959
1315170000000,1694.9,1724.4,1685,1697.8,1774687
1315256400000,1694,1726.5,1686.5,1722.1,1907420
1315342800000,1740,1775.7,1736.6,1770.3,2072671
1315429200000,1772.7,1776.5,1736.5,1760,2367246
1315515600000,1753.3,1753.3,1709.6,1727,2139635
1315774800000,1699.5,1723.9,1681.3,1723.8,2265893
1315861200000,1730.6,1739.9,1705.2,1708.4,2496462
1315947600000,1700.5,1751,1696.3,1727,2179612
1316034000000,1743.9,1782.4,1733,1733,4735424
1316120400000,1740.7,1753.4,1715.4,1725.3,2157507
1316379600000,1716.3,1748,1702.2,1741.7,2000445
1316466000000,1754.6,1776.9,1736,1770.2,1853152
1316552400000,1770.1,1781.4,1756.9,1767.8,1563826
1316638800000,1741.1,1748.9,1591.2,1595.1,5605947
1316725200000,1595,1616.7,1500.1,1537.1,5904063
1316984400000,1510,1610,1500,1575.6,4121625
1317070800000,1622.9,1634,1600.1,1606.3,2800240
1317157200000,1591.1,1634,1590.2,1617.3,2676973
1317243600000,1600,1672,1595,1653.8,2844870
1317330000000,1649.5,1668.7,1574.8,1637.6,3232083
1317589200000,1601.6,1647.8,1591.5,1605,3013290
1317675600000,1590,1616.5,1517,1550,3466412
1317762000000,1590.5,1599.7,1530,1547.1,2849668
1317848400000,1570,1614,1565.9,1591.4,2486069
1317934800000,1609.2,1638.3,1594,1618.7,2609555
1318194000000,1631.6,1673.8,1605,1670,2263394
1318280400000,1678.1,1678.1,1640.2,1664,2242949
1318366800000,1667.5,1698,1655,1686.5,2233847
1318453200000,1690.5,1699.5,1651.4,1666.8,2969123
1318539600000,1670.8,1712.2,1653.8,1712,2378292
1318798800000,1720.5,1724.3,1658.4,1675,3064309
1318885200000,1669,1727,1649.7,1725.7,3035805
1318971600000,1725.1,1730,1689,1707.4,2586547
1319058000000,1685,1712.8,1676.4,1701.3,1939877
1319144400000,1705.7,1746.9,1690,1746,1959184
1319403600000,1750,1783.6,1734.2,1777.9,2367178
1319490000000,1775,1779.6,1742,1756.7,1979449
1319576400000,1765.5,1794.6,1750.1,1770,2586061
1319662800000,1793,1804,1751.2,1759,3339792
1319749200000,1775.3,1780,1741.2,1761,2569042
1320008400000,1747.8,1771.7,1745,1758.1,1750173
1320094800000,1742,1766,1732.4,1740,2705636
1320181200000,1741,1769.2,1741,1760,2141080
1320267600000,1750,1770,1717.5,1766,2572933
1320613200000,1772.5,1809,1758.2,1805,1845253
1320699600000,1804.5,1818.5,1783.8,1800,2268209
1320786000000,1810,1810,1755,1764.7,2862798
1320872400000,1753,1786.7,1737,1785.7,2550717
1320958800000,1790,1795,1726.3,1735.3,3376887
1321218000000,1754.5,1762,1720,1720.3,1777325
1321304400000,1721,1751,1696.1,1742.1,3005163
1321390800000,1731.2,1759.7,1726.4,1741.1,2213485
1321477200000,1742.1,1758,1714,1742.6,2190486
1321563600000,1720,1739.1,1700.5,1713.9,2268542
1321822800000,1700.1,1701.7,1640.2,1647.5,2711630
1321909200000,1636.2,1670,1636.2,1653.6,2000864
1321995600000,1640.1,1682.3,1623.7,1661.5,2034022
1322082000000,1650.3,1667,1565.8,1565.8,1356198
1322168400000,1625,1649,1585.1,1644.8,2266752
1322427600000,1665,1715.1,1650.9,1714,2206816
1322514000000,1717.5,1729.5,1685.6,1704.5,1579825
1322600400000,1700.1,1729.4,1692.6,1725,3110299
1322686800000,1734.7,1749,1695.3,1705,2795382
1322773200000,1708,1714,1690,1704,2423987
1323032400000,1713.2,1734.5,1706.2,1727,1535881
1323118800000,1719.2,1737,1658.4,1666,2776445
1323205200000,1679.4,1679.4,1640,1659.5,2346165
1323291600000,1666.5,1714.3,1662.8,1687.7,2806108
1323378000000,1651.2,1662.3,1593.1,1613.4,3281550
1323637200000,1624,1644,1576,1595.7,2136039
1323723600000,1590,1628.5,1569.7,1628.5,2669387
1323810000000,1610,1641.5,1601,1610.8,2602024
1323896400000,1592.6,1630,1586,1623.4,3526712
1323982800000,1630,1648,1601.6,1610,1861363
1324242000000,1600.7,1642.7,1591.6,1633,1645810
1324328400000,1629,1654,1618.5,1654,1280656
1324414800000,1660,1667,1622.7,1634.9,2328046
1324501200000,1640.4,1648,1609.6,1635,1093129
1324587600000,1640,1664,1619.1,1641.1,1413022
1324846800000,1647.4,1656.5,1642,1650,393220
1324933200000,1653,1660,1632,1655.1,742120
1325019600000,1655,1678.9,1640,1673.1,1568482
1325106000000,1660,1686,1658.6,1685.1,1123579
1325192400000,1695,1710,1680.1,1701,978361
1325538000000,1711.6,1732,1711.6,1731,1135316
1325624400000,1731,1735,1711,1722.1,659158
1325710800000,1732.5,1734.8,1711.5,1723.2,744663
1325797200000,1722,1747,1719,1738.4,812635
1326056400000,1732.2,1759.5,1726,1754.3,646243
1326142800000,1759.5,1797,1757.5,1783.7,1803519
1326229200000,1780,1793.1,1772.6,1782,1339737
1326315600000,1782,1792.6,1761.1,1761.1,1252628
1326402000000,1761.2,1771,1744.5,1751.2,1705811
1326661200000,1743.3,1772,1730.6,1768.2,1074501
1326747600000,1780,1802.5,1778,1795,1726526
1326834000000,1794.5,1815,1781.3,1808,1521323
1326920400000,1818,1824.7,1801,1820,1475998
1327006800000,1820.5,1824.2,1796.3,1806,1252378
1327266000000,1806.1,1815.8,1796.9,1815.4,1366614
1327352400000,1810,1811,1779,1783,1883062
1327438800000,1796,1796,1773,1780,1732540
1327525200000,1790,1793.9,1766.4,1768,1966472
1327611600000,1765,1775.9,1761.3,1765,1237658
1327870800000,1756.3,1779,1756.3,1769.1,1338371
1327957200000,1774.9,1787.7,1756.5,1766.3,2200180
1328043600000,1767,1794.6,1763.2,1784,1764986
1328130000000,1790,1799,1780.1,1797.5,1804361
1328216400000,1794.5,1815.2,1787,1814.9,1267522
1328475600000,1814.4,1819.4,1802.5,1812,1151104
1328562000000,1810,1816,1790.5,1793.5,1060193
1328648400000,1800.5,1823.5,1800.5,1817.1,2234653
1328734800000,1825,1830,1788.4,1806,2090874
1328821200000,1803.1,1813.3,1795.2,1810.6,1689500
1329080400000,1820,1849,1817.8,1842.7,1504176
1329166800000,1840,1866.9,1839.9,1865,1481776
1329253200000,1875,1887,1870.3,1880,1672746
1329339600000,1868.3,1879.9,1850.9,1879.9,1718252
1329426000000,1889,1889,1865,1875.1,1552273
1329685200000,1881,1894.2,1878.3,1879,981401
1329771600000,1882.9,1883.6,1834.8,1838,1760446
1329858000000,1840,1848.3,1775.3,1777.2,3480838
1330030800000,1795.7,1877,1795.7,1872.1,3753326
1330290000000,1865,1888,1854.8,1865.9,2015913
1330376400000,1873.7,1877,1828,1831,2075166
1330462800000,1841.4,1878,1836.4,1875.1,1898863
1330549200000,1865,1883.2,1845,1870.5,3024559
1330635600000,1877.8,1898.7,1859.2,1892,2070179
1330894800000,1894.4,1922.9,1890,1909,2035775
1330981200000,1900.3,1906,1841.1,1843.9,2302277
1331067600000,1840,1858.8,1825.5,1850,1809983
1331413200000,1880,1889,1862.9,1883.1,809937
1331499600000,1874,1916.4,1862.8,1895.9,2282379
1331586000000,1901.4,1924.5,1892,1915.4,1768433
1331672400000,1935,1937,1911.2,1921.8,2074121
1331758800000,1920.4,1943.6,1906,1924.9,3825552
1331845200000,1917,1924.4,1893.4,1898.2,1765975
1332104400000,1913.6,1914.7,1858.5,1862.1,1913417
1332190800000,1870,1874.4,1840.3,1848.9,1882527
1332277200000,1851,1863.4,1834,1842.2,2012226
1332363600000,1845.5,1854.9,1810,1820.1,2261119
1332450000000,1825.4,1837.7,1794.4,1834.7,1491955
1332709200000,1835.5,1866.4,1820,1850,1720502
1332795600000,1858.6,1859.8,1839.1,1846.5,1534020
1332882000000,1840,1847.9,1800,1803,2270838
1332968400000,1802.5,1807,1760,1778.6,2122170
1333054800000,1783.1,1803.1,1772,1781.4,2286118
1333314000000,1792,1799.7,1768.5,1775,1794475
1333400400000,1787,1829,1782.6,1820.4,2021344
1333486800000,1810,1818.1,1764.2,1783.2,2420646
1333573200000,1787,1809,1772,1801.4,1863098
1333659600000,1802.7,1809,1759.6,1771,1324513
1333918800000,1770,1799.8,1751.3,1790,1671967
1334005200000,1798.8,1813.8,1779,1785,2082095
1334091600000,1777.1,1835,1774,1814.1,2779157
1334178000000,1825,1825,1791,1812,2303411
1334264400000,1842.1,1842.1,1807.5,1811,2182309
1334523600000,1803.1,1824,1778.1,1785.1,2411229
1334610000000,1789.5,1798.2,1770.5,1777.7,1969402
1334696400000,1785.4,1793.4,1771,1775.8,1413262
1334782800000,1775.8,1807.5,1772,1799,2580257
1334869200000,1792.9,1815,1773.6,1812.7,2345426
1335128400000,1806.8,1807,1765,1775,2343900
1335214800000,1778,1782,1755,1768.5,1428628
1335301200000,1774,1777.7,1765.2,1766,1246162
1335387600000,1774,1774.7,1750.2,1756,1337338
1335474000000,1752,1792,1751.1,1791.7,1577009
1335560400000,1790.3,1800,1787.2,1794.3,189580
1335906000000,1801.5,1819.5,1768.7,1771.8,1449028
1335992400000,1781.1,1787.8,1766.5,1775.4,913107
1336078800000,1770,1770.1,1710,1720,2219132
1336165200000,1720,1726,1711,1712.2,320477
1336338000000,1700,1733.6,1666.7,1716.4,794055
1336424400000,1724.9,1734,1671,1705,948835
1336597200000,1691.2,1767.8,1691.2,1745,2517698
1336683600000,1730,1738.5,1715.1,1735,1840136
1336770000000,1670,1691,1661.7,1687,787212
1336942800000,1683.4,1687,1633.9,1643,1684973
1337029200000,1647.2,1689.7,1635.3,1688.9,2308507
1337115600000,1672.5,1681,1646.1,1657,1643098
1337202000000,1660,1668,1590,1590.8,2497769
1337288400000,1560,1627,1546.5,1593.7,2343199
1337547600000,1605,1640.6,1581,1640,1640387
1337634000000,1650,1651,1611.3,1629,1743123
1337720400000,1610,1622,1585.5,1601,2015454
1337806800000,1605.1,1654.9,1600,1645.8,1811104
1337893200000,1645,1657,1633.7,1639.4,1417665
1338152400000,1649.3,1678.6,1646,1667,1230341
1338238800000,1682,1739.3,1681,1724.9,2288652
1338325200000,1720,1720,1685.6,1702.6,1852678
1338411600000,1698.6,1735.2,1698,1720,1844487
1338498000000,1720.8,1753.9,1715,1741.9,2841527
1338757200000,1730,1758.5,1720,1733,2058855
1338843600000,1741.1,1748.4,1695.1,1714.8,1928874
1338930000000,1720.5,1736.2,1691.3,1730.5,2517298
1339016400000,1736.5,1739.9,1689.2,1709,3404348
1339102800000,1698,1726.3,1693.6,1711.7,2684836
1339189200000,1712.3,1719.7,1705,1710.2,571424
1339534800000,1725.4,1725.4,1702,1708.3,1742570
1339621200000,1708.6,1720,1698,1714,982561
1339707600000,1720,1743,1710,1737,3421445
1339966800000,1748,1756.2,1731,1749.1,2584891
1340053200000,1745,1765,1742.1,1746.3,2068513
1340139600000,1748,1752,1739.1,1746.2,1149204
1340226000000,1740,1748.8,1725.1,1737,1352207
1340312400000,1720,1740.8,1713.2,1715,1564398
1340571600000,1718.8,1719.7,1701.4,1706.8,1055589
1340658000000,1734.6,1744.9,1709,1733.9,1062624
1340744400000,1740,1775.8,1733.1,1773.1,1662905
1340830800000,1775,1778.8,1758.4,1767.7,1581261
1340917200000,1780,1805,1777.7,1801.7,2439315
1341176400000,1802,1817,1795.8,1805,1360043
1341262800000,1811.1,1838.4,1807,1831.7,2262747
1341349200000,1782.1,1842.4,1782.1,1840,848263
1341435600000,1832,1856.8,1820.6,1838.5,1610017
1341522000000,1830.7,1843.9,1804.6,1825.4,1287993
1341781200000,1825.4,1849.8,1814.5,1829.8,1218880
1341867600000,1818.6,1830.4,1808,1823.8,1233815
1341954000000,1819.9,1819.9,1789.4,1803.1,1442536
1342040400000,1800,1808,1774,1803,1142481
1342126800000,1811.4,1820,1800.8,1818,1381423
1342386000000,1819,1841,1812.3,1841,930672
1342472400000,1843.3,1858.7,1831.5,1855.4,1420389
1342558800000,1859,1860,1833.6,1835,973643
1342645200000,1848.1,1849.7,1820,1820,1675062
1342731600000,1816.1,1819.1,1802,1804.9,1027491
1342990800000,1799,1807,1783.6,1801.6,2024431
1343077200000,1808.5,1808.5,1780.6,1781,1352781
1343163600000,1781.1,1800,1773.2,1774.8,1318801
1343250000000,1779.6,1796.5,1763.7,1789.9,1708289
1343336400000,1795.2,1818.2,1788.7,1816.6,1125686
1343595600000,1820,1845,1819.5,1834.8,1302216
1343682000000,1832.5,1841.8,1812.2,1828,1248240
1343768400000,1820.1,1839.5,1820.1,1836.8,877678
1343854800000,1875.5,1875.5,1813,1820,1716091
1343941200000,1808.6,1833.8,1808,1831.5,1357047
1344200400000,1831.5,1864,1816.6,1847,1769129
1344286800000,1842,1875,1836,1873.4,1266807
1344373200000,1866.5,1879.9,1858.3,1875,849587
1344459600000,1877,1884.5,1852,1877,1072654
1344546000000,1870.1,1875,1850.8,1859.3,1098717
1344805200000,1867.5,1894,1865.2,1882,1155774
1344891600000,1899.5,1899.5,1878.2,1889,836115
1344978000000,1882,1884.9,1852.4,1866,1545556
1345064400000,1871.3,1878.1,1854,1866.2,920249
1345150800000,1872.4,1885,1859,1871.9,906009
1345410000000,1875.1,1878.6,1845.5,1856.1,1006129
1345496400000,1864.9,1889.7,1862,1875,1360879
1345582800000,1860,1874.1,1855,1871.2,964311
1345669200000,1879,1897.3,1878,1883.6,1507064
1345755600000,1875,1885.2,1867.7,1885,1078835
1346014800000,1887.8,1888.9,1872.5,1883,708521
1346101200000,1878.1,1890,1873.5,1881,1395706
1346187600000,1885.9,1892,1860.6,1872,1205423
1346274000000,1872,1879.7,1858,1872.8,1291994
1346360400000,1872.9,1884.6,1829,1837.4,2094619
1346619600000,1839.9,1864.3,1831,1858.6,969506
1346706000000,1864.5,1877,1856.4,1873.9,963588
1346792400000,1868,1878.3,1858.7,1861.6,931254
1346878800000,1860.1,1899,1860.1,1891.1,1362344
1346965200000,1896,1929.7,1892,1926,1859131
1347224400000,1916.6,1940,1916.6,1929.1,1300838
1347310800000,1924.4,1930.8,1916.1,1929,843290
1347397200000,1932,1946.8,1921,1945,1120512
1347483600000,1936.2,1941.8,1927,1938,832918
1347570000000,1970.5,2023.9,1970.1,2011.2,2815587
1347829200000,2001.1,2040.3,2001.1,2033.6,2507711
1347915600000,2026.2,2045.9,1988.9,1990,1651881
1348002000000,1997,2010,1956,1962.5,1658110
1348088400000,1908.5,1973.8,1908.5,1961.8,1352824
1348174800000,1976.5,1986,1943.1,1943.5,1151444
1348434000000,1921.2,1951.5,1921.2,1943.5,886045
1348520400000,1945.9,1962.3,1938.5,1940.2,791074
1348606800000,1928,1935.2,1897,1914.5,1544196
1348693200000,1920,1923.7,1891.8,1912.7,1023003
1348779600000,1925.1,1937,1917.1,1922.3,1117970
1349038800000,1920,1960,1918.2,1953.6,1117925
1349125200000,1953,1973.7,1941.5,1961.5,881641
1349211600000,1957,1965.7,1945,1955,798261
1349298000000,1949,1960,1911.2,1916.8,1212777
1349384400000,1928.8,1953.9,1924.4,1935.2,1205842
1349643600000,1923,1939.9,1921,1933.6,720788
1349730000000,1939,1961.3,1935.1,1947.7,1129053
1349816400000,1942.9,1959.9,1937,1937,910050
1349902800000,1934,1949.5,1930.7,1941.2,780975
1349989200000,1943.9,1943.9,1916.6,1923,1137750
1350248400000,1923,1940,1920.2,1926.1,707528
1350334800000,1935,1953,1923.6,1953,1208515
1350421200000,1953,1990,1946.6,1980.6,1600371
1350507600000,1983.3,1992.7,1964.6,1988,1673250
1350594000000,1988,1990,1967.6,1970.2,891389
1350853200000,1970,1986,1961,1985.9,955442
1350939600000,1968.9,1984.2,1931,1940.7,1707330
1351026000000,1948,1950.7,1901.9,1919.6,1974477
1351112400000,1920,1933,1903.6,1921.8,833294
1351198800000,1906,1914.4,1874.8,1880.3,1631078
1351458000000,1879.9,1902.9,1865.2,1902.9,650102
1351544400000,1902,1912.1,1890,1899,727553
1351630800000,1949.5,1949.5,1897,1904,827818
1351717200000,1899,1926.8,1880,1922,1161622
1351803600000,1931.4,1949.3,1921.4,1944,1145127
1352149200000,1944,1962,1935.1,1954,1119906
1352235600000,1960,1964.9,1920.2,1923,1244656
1352322000000,1911,1936.8,1905.8,1936.4,1535213
1352408400000,1926.5,1933.8,1907,1918.7,949790
1352667600000,1908,1930,1908,1919,754393
1352754000000,1877.7,1880,1845.1,1856.8,1730106
1352840400000,1860.5,1868,1837.6,1863,1233440
1352926800000,1846.5,1903.6,1846.5,1895.2,916513
1353013200000,1889,1899,1865.7,1885.5,1098718
1353272400000,1896.1,1910,1892.1,1901.3,544431
1353358800000,1907,1913.8,1888.6,1910,1158689
1353445200000,1900.5,1922,1900.5,1915.4,970570
1353531600000,1915,1923.6,1906.3,1913.3,655293
1353618000000,1913.5,1928,1908.5,1923.7,714692
1353877200000,1923.4,1928.4,1909.1,1923.2,829381
1353963600000,1930.5,1938,1907.2,1912.5,1257178
1354050000000,1910,1921.4,1887.2,1890,929954
1354136400000,1905.8,1907.5,1890.2,1897.1,779038
1354222800000,1897.1,1945.6,1893,1939.4,1369299
1354482000000,1946,1955.9,1936.9,1955.7,862707
1354568400000,1947,1951.1,1928.2,1938,861047
1354654800000,1937,1979.2,1937,1973.1,969885
1354741200000,1969.3,1995.1,1969.3,1979.9,1133092
1354827600000,1982,1995.5,1968.1,1993.7,826165
1355086800000,1995.3,2009,1982.5,1982.7,950208
1355173200000,1980,2000.4,1971.8,1998.9,959103
1355259600000,2000.2,2021.9,1996.3,2014.4,1304308
1355346000000,2011,2030.3,1982.5,1995,2180327
1355432400000,1992.5,2008.6,1989,2003.6,831509
1355691600000,2005,2013.2,1990,2013.2,1249900
1355778000000,2021.1,2028,1997.8,2007.6,1179836
1355864400000,2015.2,2023.1,2002,2007.4,1304651
1355950800000,1999.8,2040,1991.8,2039.9,954433
1356037200000,2020,2033.1,2015,2025,965176
1356296400000,2022.5,2025,2005,2007,564526
1356382800000,2007.5,2019,2002,2017,496327
1356469200000,2017,2022.2,2012.6,2015.6,1945486
1356555600000,2015,2020.7,2008,2011,567838
1356642000000,2008.7,2011.1,1996.2,2000.2,922894
1357592400000,2020,2038.9,2014.6,2024.6,956126
1357678800000,2020,2031.4,2015.4,2026.7,1022746
1357765200000,2030.5,2030.5,2004.7,2008.5,635805
1357851600000,2004.8,2016.6,1997.2,2006.1,836562
1358110800000,2010.9,2021.4,2001.9,2020,1165419
1358197200000,2018.3,2018.6,2000.2,2006,559970
1358283600000,2006.5,2011,1990.5,2007.6,708557
1358370000000,2013.3,2020,1996,2012.7,942602
1358456400000,2016,2022,2012.4,2017,655187
1358715600000,2028.6,2028.6,1998,2003,413956
1358802000000,2004.7,2006.3,1974.1,1983.1,872314
1358888400000,1983.6,1990,1968,1986,677100
1358974800000,1984.6,1999.3,1958.6,1999.3,1131501
1359061200000,1991.6,2019,1991.4,2018.8,773366
1359320400000,2019.1,2022.5,2008.4,2020,842165
1359406800000,2020,2022,1994.3,1995.5,879559
1359493200000,2003.3,2012.5,1986.6,1998.2,640633
1359579600000,1995.2,2024.7,1994,2020.1,1005936
1359666000000,2020.1,2026.3,2010,2014.5,829526
1359925200000,2014.9,2021,2000.7,2007.2,646988
1360011600000,1998.5,2018,1995.1,2016.1,454113
1360098000000,2020.1,2022.9,1998.3,2004.7,821383
1360184400000,2005.1,2009.9,1995,2000.4,671802
1360270800000,2002,2003.7,1977.5,1991.2,885586
1360530000000,1994.9,2008,1987,1994.3,511610
1360616400000,1995,1999,1987.5,1990.1,375143
1360702800000,1991.1,2026.9,1989,2010.2,1469245
1360789200000,2011.5,2019.8,1992.1,2005,1081691
1360875600000,2005.1,2009,1992.3,1999.6,722136
1361134800000,2002.9,2003.2,1981.5,1990.8,584811
1361221200000,1991.5,1993.1,1980.4,1984,480917
1361307600000,1989.9,1989.9,1967.8,1980,757923
1361394000000,1970,1974.8,1945,1974.2,1072666
1361480400000,1977.8,1994.4,1966.5,1980,444244
1361739600000,1980,1993.5,1973,1988.1,439459
1361826000000,1973.9,1979,1964,1970,588770
1361912400000,1971,1982,1965.5,1980,369472
1361998800000,1986,1988.8,1950,1963,1177905
1362085200000,1963,1974,1941.9,1958.6,1133884
1362344400000,1949,1968.7,1949,1965.5,658973
1362430800000,1971.1,1982.9,1958.5,1974.5,780004
1362517200000,1975.6,1995,1970.5,1992,809589
1362603600000,1992,2027.7,1992,2010,1230456
1362949200000,2028.1,2063.5,2010,2015.7,1820244
1363035600000,2018,2020.8,2004.2,2014.9,778878
1363122000000,2007.9,2024.1,1996.3,2003,1125953
1363208400000,2003,2006.4,1993.3,1996.1,906333
1363294800000,2005.3,2017.8,1983.8,1994,1263652
1363554000000,1970.2,1984,1940.4,1962.5,1641014
1363640400000,1963,1969.8,1937.8,1939.2,1135523
1363726800000,1939.2,1960,1933.6,1948.6,989835
1363813200000,1962.8,1962.8,1935,1940,855047
1363899600000,1939.4,1953.5,1934.5,1943,737025
1364158800000,1947.6,1964.9,1916.7,1923,769311
1364245200000,1927,1949.1,1917.4,1938,993355
1364331600000,1955,1972.5,1928.8,1969.5,1222104
1364418000000,1956.1,1997.4,1953,1996.9,759756
1364504400000,1998.6,2004.5,1993.6,1998.5,268570
1364763600000,1952.3,1998.2,1952.3,1975,474839
1364850000000,1975,1994.6,1972.3,1990.5,448231
1364936400000,1989.8,2001.7,1972.5,1973.9,756899
1365022800000,1964.6,1983.7,1958.2,1967.6,727079
1365109200000,1963.8,1977,1933.3,1935.6,1290480
1365368400000,1937.6,1959.6,1918.4,1920.1,891218
1365454800000,1924.6,1964,1924.6,1961.1,834555
1365541200000,1961.7,1969.2,1937.8,1948.8,637288
1365627600000,1950,1951,1906.5,1927.3,1023077
1365714000000,1918.5,1937.8,1915.4,1929.4,614627
1365973200000,1910,1932,1878.9,1898.8,1007560
1366059600000,1886.7,1911.2,1879,1901,589453
1366146000000,1905.5,1905.5,1873.9,1902,792032
1366232400000,1913.9,1922.6,1892.5,1892.8,771289
1366318800000,1904.5,1905.5,1856,1882,924531
1366578000000,1885.6,1907.1,1850,1868.7,944335
1366664400000,1870.7,1900,1846.7,1898.1,1051191
1366750800000,1900.1,1965.3,1900.1,1964.1,1133899
1366837200000,1968,1971.9,1935.3,1959,1026080
1366923600000,1968.7,1977.7,1942.2,1950,793779
1367182800000,1953.1,1974,1926,1932,440174
1367269200000,1923,1973,1923,1972.5,789291
1367442000000,1978.4,1991.1,1959,1973.6,478245
1367528400000,1991.1,2006.3,1965.1,2006,467906
1367787600000,2006,2020,2001.7,2013.4,573584
1367874000000,2008,2040,2005,2036.8,1386975
1367960400000,2031,2042,2006.1,2037,896733
1368133200000,2022.5,2061.8,2022.5,2039.7,496989
1368392400000,2039.7,2055.5,2012.1,2049.4,991797
1368478800000,2010,2039.4,2006.1,2024,1010578
1368565200000,2020.1,2031,1997.6,2020.2,568847
1368651600000,2025,2025,1995,1998.3,548325
1368738000000,1998.4,2037.8,1993.7,2025.3,613458
1368997200000,2026.2,2034,2005,2025.1,481014
1369083600000,2025.1,2049.6,2013.5,2041.9,543087
1369170000000,2042,2088.4,2042,2080,1199496
1369256400000,2055.3,2059.9,2025,2031.5,1295008
1369342800000,2032.4,2044.4,1998,2009,905410
1369602000000,2020,2022.2,1991.3,1993,498622
1369688400000,1993,2025,1993,2012.3,976859
1369774800000,2005,2005.3,1935.1,1940.2,1503662
1369861200000,1947.3,1964,1915.5,1919.4,1167286
1369947600000,1929,1942.5,1871.1,1878,1591149
1370206800000,1874.2,1914.8,1852,1883.3,1553086
1370293200000,1896,1917.8,1875,1878.4,854933
1370379600000,1875,1908,1851.1,1880.1,1411578
1370466000000,1880,1893.1,1866.4,1868,901870
1370552400000,1885,1941.9,1875.1,1918,1277909
1370811600000,1914.8,1944.6,1876.2,1890,1000061
1370898000000,1884.9,1908,1850,1860,1363817
1371070800000,1850,1871.9,1822,1842.5,1436603
1371157200000,1856,1875,1835,1859,1334355
1371416400000,1860,1900,1856,1883.7,1684492
1371502800000,1883.4,1904.3,1876.5,1891.5,1043300
1371589200000,1895,1903.3,1868.8,1878.5,866387
1371675600000,1852.5,1898.8,1847,1865.1,1110321
1371762000000,1865,1879.7,1792.6,1798.3,1871921
1372021200000,1797.2,1815.9,1781.3,1787.9,1360808
1372107600000,1790,1838,1788,1815.4,1222430
1372194000000,1820.5,1875,1816.5,1866.7,1347576
1372280400000,1862.3,1869.6,1835.5,1857.9,1042712
1372366800000,1860,1894.9,1856.2,1890.4,1224509
1372626000000,1902.1,1914,1881.3,1913.1,709099
1372712400000,1942.3,1942.3,1901.6,1914.8,665159
1372798800000,1914,1942.8,1900,1927.6,840200
1372885200000,1930.1,1939.8,1915,1929.8,412594
1372971600000,1929.8,1947,1911,1914.8,620889
1373230800000,1918.9,1937,1907.2,1920.9,447476
1373317200000,1919.7,1924.2,1905,1913.1,494222
1373403600000,1924.6,1924.6,1886,1894.7,684129
1373490000000,1905,1958.4,1904,1954.5,1303436
1373576400000,1955.5,1994,1955.5,1989.2,1186136
1373835600000,1995.9,2003.5,1986.3,1994,645828
1373922000000,2044.9,2044.9,1982.2,1995,1157641
1374008400000,1990,2006.3,1980,1992,1101218
1374094800000,2000,2018.8,1971.8,2003,1269380
1374181200000,2001.4,2020,1986.2,2019.6,842723
1374440400000,2021,2026.5,1995.5,2002.5,589611
1374526800000,2013.9,2029.8,2005.6,2016.6,569234
1374613200000,2015.9,2023.6,1985,2005.3,882024
1374699600000,1998.3,2008.5,1984,1994.1,935804
1374786000000,1994.6,2006.8,1976.5,1987,444003
1375045200000,1990.5,1998.9,1975.7,1975.8,452430
1375131600000,1981.6,1997.7,1970.1,1974.9,688158
1375218000000,1975.5,1979.7,1948.2,1950,728342
1375304400000,1960,1981.5,1960,1966.2,1237393
1375390800000,1978.5,1982.1,1951.3,1957.1,600624
1375650000000,1959.3,1969.9,1951,1958.9,538077
1375736400000,1956.5,1965,1900,1901,1063388
1375822800000,1901,1921.7,1891.6,1906.8,625882
1375909200000,1906.5,1919,1895,1903.6,1451344
1375995600000,1912.8,1928.6,1900,1922,1157861
1376254800000,1927,1938,1917.5,1921.9,947942
1376341200000,1937.2,1958.9,1923.3,1950,1090362
1376427600000,1964.7,1985.9,1939,1980,1078463
1376514000000,1975,1988.1,1940.1,1944.1,1269259
1376600400000,1909.9,1930,1900.1,1917.5,1107553
1376859600000,1917.5,1921,1903,1907.8,654213
1376946000000,1894,1907,1883.5,1906,799230
1377032400000,1905.9,1922,1887.4,1907.9,803532
1377118800000,1903.1,1959.9,1892.3,1944.9,1245159
1377205200000,1946.1,1968.2,1945.1,1946,934751
1377464400000,1954,1967.2,1937.6,1945.5,384689
1377550800000,1938,1957.5,1918.3,1948.4,714078
1377637200000,1945,1968.4,1923.5,1959.1,1184290
1377723600000,1961,1974.3,1949,1950,761840
1377810000000,1952.6,1964.1,1920,1924.5,870308
1378069200000,1930.5,1949.8,1924,1945.1,379052
1378155600000,1950.5,1961.5,1932.1,1942.5,766330
1378242000000,1943,1948,1922,1929.9,487836
1378328400000,1935.1,1997.8,1930.6,1993,1148021
1378414800000,1990,2043,1981.1,2000.2,1660317
1378674000000,2002.5,2044.4,2002.5,2020,1300434
1378760400000,2025.1,2042.7,1991.1,2002,1448134
1378846800000,2004.5,2026.3,2000.5,2023.1,936221
1378933200000,2025,2035,2000.1,2008.8,1297804
1379019600000,2005.6,2018,1997.3,2006.6,730136
1379278800000,2013.3,2030.9,2010.1,2029,1409337
1379365200000,2020.3,2031,2014.9,2029.9,790905
1379451600000,2036.4,2036.4,2010,2017.5,823072
1379538000000,2043.1,2069.8,2025,2036.7,1889065
1379624400000,2025.6,2044.5,2023.5,2025,2298198
1379883600000,2026.1,2044.2,2026.1,2042.1,1030581
1379970000000,2038.5,2057.8,2030.1,2043,1201384
1380056400000,2044.5,2079.3,2040,2079,1285304
1380142800000,2081,2089.2,2067.2,2082,1368558
1380229200000,2071.8,2085.2,2062.6,2083,1240883
1380488400000,2069,2085,2045.8,2054.9,921414
1380574800000,2062.4,2062.4,2040.1,2046.1,632499
1380661200000,2046.5,2054.9,2022.3,2029.3,896842
1380747600000,2035,2043.8,2021.5,2037.9,885382
1380834000000,1983.6,2056.9,1983.6,2055,937570
1381093200000,2044.6,2067,2040.5,2062.5,974214
1381179600000,2064.5,2112,2061.1,2112,2465991
1381266000000,2107.9,2122.6,2103.1,2111.6,1295918
1381352400000,2119,2131.3,2112.4,2120,988567
1381438800000,2140,2140,2107,2119,815754
1381698000000,2073,2114.7,2073,2107,701378
1381784400000,2082.5,2137,2082.5,2136,842506
1381870800000,2130.2,2136.8,2119.6,2125.1,681596
1381957200000,2125.5,2133.9,2084,2092.3,1166535
1382043600000,2099.9,2124,2088,2122.1,987387
1382302800000,2121.6,2126.3,2104.4,2117.6,632755
1382389200000,2106,2120.1,2096.6,2108,864957
1382475600000,2099.1,2103.8,2078.2,2087.5,783742
1382562000000,2088.3,2090,2067,2071.1,749261
1382648400000,2071,2094,2060,2094,772877
1382907600000,2096,2117,2090.3,2097.9,684466
1382994000000,2097.5,2121,2093.4,2107.2,739828
1383080400000,2112.9,2122,2081.7,2089.9,779637
1383166800000,2080.5,2104,2072.1,2102.4,1102259
1383253200000,2108.5,2120.6,2097.9,2112,626528
1383598800000,2119.9,2120.9,2088,2093.9,935068
1383685200000,2100,2106.4,2082,2087.4,992085
1383771600000,2087.9,2103.7,2084.8,2093,996787
1383858000000,2070,2085,2060.2,2064.1,1145339
1384117200000,2070,2081,2057.5,2059.6,759973
1384203600000,2070.3,2079.6,2056.5,2079,1027425
1384290000000,2066.9,2071,2043,2048.5,1374831
1384376400000,2066,2087.9,2053.7,2078.2,1167906
1384462800000,2081.5,2095,2067.2,2071,666132
1384722000000,2020.2,2092,2020.2,2092,952160
1384808400000,2090,2102.5,2082.5,2087,795019
1384894800000,2073.6,2084.1,2063,2084.1,721086
1384981200000,2075.2,2076,2057.3,2066.4,772239
1385067600000,2077,2087,2063.5,2084.3,928183
1385326800000,2082.1,2092.2,2078,2080.2,943766
1385413200000,2085,2086.4,2055,2070.1,1691164
1385499600000,2070,2075,2039,2054.1,1596412
1385586000000,2054.6,2072.6,2048,2050.1,799603
1385672400000,2067,2067,2034.8,2042.8,1127125
1385931600000,2047.5,2056.3,2033,2033.6,767744
1386018000000,2031.6,2035.4,1989.6,2000.1,2201521
1386104400000,2001,2004,1973.7,1982.5,2290382
1386190800000,1984.5,1996,1957.7,1961.1,1732547
1386277200000,1964,1979.9,1953,1970,1135676
1386536400000,1975,1998.7,1962.3,1994.6,1402295
1386622800000,1994.8,2005.4,1986.5,1999.7,1246750
1386709200000,1995.3,2005,1979.4,2002.5,1223294
1386795600000,1985.8,2002.9,1979.3,1997.5,1346929
1386882000000,1999.9,2014,1991,1998.3,1612573
1387141200000,1994.9,2013.3,1988,2011.6,1419136
1387227600000,2010.3,2025.8,2009,2022.3,1145732
1387314000000,2021,2032.6,2010,2018.3,1062311
1387400400000,2030,2047.5,2019,2037.6,1375996
1387486800000,2037.6,2040.1,2019.3,2033,816947
1387746000000,2035.1,2043.3,2018,2025.8,890414
1387832400000,2026.2,2026.8,2012.1,2014.8,575745
1387918800000,2014.8,2020.9,2005.3,2006.5,559784
1388005200000,2006.5,2019.6,2002.1,2016.2,268172
1388091600000,1984.1,2016.6,1984.1,2007.3,324183
1388350800000,2005.9,2040,2003.9,2039.7,467116
1388955600000,2007.5,2023,1990,1990.2,809076
1389128400000,1994.9,1994.9,1953.4,1959.1,665615
1389214800000,1961.1,1979.9,1952.3,1979.1,1209783
1389301200000,1977,1998,1965.4,1991.6,1087232
1389560400000,1982.7,2016.5,1981,2001.1,1104271
1389646800000,1988.3,1993.7,1965.3,1980,1258339
1389733200000,1988.5,2000.2,1981,1999.9,1106670
1389819600000,1998.6,1998.6,1975.9,1979.6,924031
1389906000000,1979.6,2001,1972.6,1978.4,921576
1390165200000,1980.2,1999,1970.7,1998.5,775057
1390251600000,2000.5,2007.6,1996,2000.5,871950
1390338000000,2000.5,2005.5,1990.5,2001.4,1081239
1390424400000,2000.5,2015.9,1976.4,1978.1,1125377
1390510800000,1970,1979.3,1952,1956.9,2479538
1390770000000,1950,1982.3,1946,1961.9,1859619
1390856400000,1961.9,1988,1957,1973.3,1386287
1390942800000,1984,2001.7,1951,1960,1974169
1391029200000,1965.1,2001,1962.3,1997.9,2090335
1391115600000,1997.9,2009,1981,1989,1453464
1391374800000,1993.1,2007.5,1966.4,1966.8,1167340
1391461200000,1961.1,1983.5,1957.2,1970.1,1076237
1391547600000,1972,1979.7,1960.5,1965,1013161
1391634000000,1970.7,1974.9,1960.7,1969.1,977121
1391720400000,1979,1992.4,1966.5,1975.1,1144232
1391979600000,1979,1997.1,1973.4,1988.1,733515
1392066000000,1989.1,2018.3,1981.4,2015.5,1142727
1392152400000,2024.1,2038,2013.6,2028.2,722540
1392238800000,2021,2032.5,2014,2023,1175613
1392325200000,2030.3,2043.7,2021.1,2039.3,1339871
1392584400000,2039.3,2067.6,2039.3,2049,983005
1392670800000,2051,2063.4,2030.4,2040.7,1316563
1392757200000,2033.7,2052.7,1997.7,2029.1,2933248
1392843600000,2019,2043.8,2001.1,2042,1903901
1392930000000,2045.5,2055,2029.3,2030.9,745743
1393189200000,2030.3,2037.8,2015.6,2030.3,460421
1393275600000,2033,2036.9,2000.2,2010.9,791773
1393362000000,2012.3,2023.5,2000,2009,913025
1393448400000,2010.2,2020,1962.9,2002,1350236
1393534800000,1995.7,2025.9,1963,1963,2899146
1393794000000,1932,1939.9,1715,1817.2,5355859
1393880400000,1839,1933.2,1836.4,1899.7,3795207
1393966800000,1911,1939.9,1871,1920,2094544
1394053200000,1921,1939.8,1826.2,1890,3287296
1394139600000,1880.4,1970.3,1871,1959.5,2372456
1394485200000,1950,1968.9,1934,1938.4,1746609
1394571600000,1921.1,1934,1881.5,1888.5,2454902
1394658000000,1947,1947,1831,1842,2204854
1394744400000,1820,1882.4,1762.6,1882,3769591
1395003600000,1885,1929,1843,1897.1,4816951
1395090000000,1900,1919.5,1853,1914.7,2280738
1395176400000,1910,1936.9,1872.3,1886,1750821
1395262800000,1871,1902.4,1862.6,1892,1233431
1395349200000,1850,1925.4,1821,1910,2777338
1395608400000,1904.9,1945,1863.8,1869.4,1364289
1395694800000,1875.1,1904.9,1853.6,1879.5,1502134
1395781200000,1889,1935,1881.1,1920,1361075
1395867600000,1912,1919,1881.4,1909,1021222
1395954000000,1915,1928.4,1900.4,1906,1153487
1396213200000,1922.3,1961.9,1900,1960,1276576
1396299600000,1955.1,1973.5,1943.3,1965.6,1362683
1396386000000,1960,1969.9,1923.9,1954,992362
1396472400000,1956,1964.9,1940.2,1954,812864
1396558800000,1959.3,1982,1938,1966,1020976
1396818000000,1950,1954.8,1901.1,1920,1677094
1396904400000,1920,1937.7,1894.6,1920,1649508
1396990800000,1922.9,1926.4,1888.8,1900,1384686
1397077200000,1910,1915.2,1890.1,1914.3,1667895
1397163600000,1898.1,1922.9,1883.2,1898.1,1271930
1397422800000,1881.9,1902.7,1873.3,1880,1287347
1397509200000,1880,1885.3,1843.3,1850,1020387
1397595600000,1895.8,1895.8,1833,1865,1361424
1397682000000,1873.6,1883,1841,1872,883479
1397768400000,1900,1923,1895,1899.9,817876
1398027600000,1906,1923,1881,1889,766651
1398114000000,1890,1890.5,1862.6,1873.4,882642
1398200400000,1879.1,1882.9,1863.3,1880.1,692986
1398286800000,1885,1895.5,1842.3,1856.7,1449802
1398373200000,1856.2,1866.5,1828.2,1838,1478607
1398632400000,1818.1,1876,1815.6,1865,1183596
1398718800000,1884,1899.9,1871,1889.3,1070149
1398805200000,1891.9,1895,1860.5,1880.1,730257
1398978000000,1865,1889.9,1862.5,1884.1,454313
1399237200000,1874.3,1884,1850.5,1866,555026
1399323600000,1870,1898,1860.3,1878.9,930030
1399410000000,1870,1938,1869,1919,1618829
1399496400000,1920,1956.4,1909.3,1942.8,1220582
1399842000000,1935,1967,1923.1,1950,1003047
1399928400000,1951.6,1964.5,1921.7,1931.3,962696
1400014800000,1931.4,1931.6,1908.5,1910.9,1339659
1400101200000,1911.3,1929.5,1889,1890,1219578
1400187600000,1894.9,1919,1881,1919,966261
1400446800000,1915,1954.8,1914.6,1938,1368914
1400533200000,1939.5,1979,1938,1979,1474751
1400619600000,1989.7,2005.3,1962,1995,1506062
1400706000000,1995.3,1999.7,1953,1965.2,1048420
1400792400000,1967,1975,1947.7,1957,845473
1401051600000,1960.8,1984.2,1958.5,1972,486429
1401138000000,1972,1972,1922.3,1930.3,1421152
1401224400000,1937,1949.4,1923,1944.9,759673
1401310800000,1949.8,1977.9,1943.1,1977.7,1115359
1401397200000,1978,1989.9,1965.5,1968,1351881
1401656400000,1978.5,2041.7,1977.1,2037,1273242
1401742800000,2027,2052,2020,2050,1119187
1401829200000,1992.6,2058.5,1992.6,2047,870770
1401915600000,2039.1,2059.9,2028.7,2035,844652
1402002000000,2035.5,2045.5,2015.3,2030.6,1127201
1402261200000,2030.8,2045,2018,2025,716361
1402347600000,2028.1,2069.5,2017.6,2061.4,968280
1402434000000,2051.1,2097.9,2051.1,2097.9,1128673
1402866000000,2092.2,2153.3,2067.3,2149,3720757
1402952400000,2205.1,2205.1,2122.5,2130,1494451
1403038800000,2135,2152.3,2121.8,2126.9,1129635
1403125200000,2140,2147.9,2112,2112.1,1140105
1403211600000,2119,2127.3,2086.1,2100,1067446
1403470800000,2122.6,2122.6,2073.5,2082.6,1145096
1403557200000,2084.3,2105,2078,2099.1,1140093
1403643600000,2087.2,2103.9,2035.1,2037.4,1263150
1403730000000,2049,2061.4,2021.6,2028.6,1666665
1403816400000,2030.7,2036.5,2007,2021,760846
1404075600000,2020.5,2036,2012,2036,720849
1404162000000,2035.1,2065.4,2022.3,2063.9,986895
1404248400000,2065.9,2110.3,2060.9,2110,1034589
1404334800000,2113,2114.3,2086,2089.9,644019
1404421200000,2095,2100.9,2048.2,2062.9,809144
1404680400000,2062,2126,2055.9,2113,1080900
1404766800000,2112.6,2143,2112.6,2122.9,1080527
1404853200000,2120.5,2120.9,2075.2,2104.9,927449
1404939600000,2104.8,2115.4,2065,2093.2,1196359
1405026000000,2100.1,2113.9,2082.1,2105,1292720
1405285200000,2055,2073.1,2015.3,2016.5,1447650
1405371600000,2017.8,2043,2006,2018,1299149
1405458000000,2018,2054.9,2009.7,2050.8,1341344
1405544400000,2030,2045,1975.4,2004.8,2070446
1405630800000,1971,1996,1963,1990,1676898
1405890000000,1986.6,1991.5,1936.2,1940,1234420
1405976400000,1954,1978.8,1951,1970,1393861
1406062800000,2006.4,2006.4,1964.6,1980.5,884278
1406149200000,1965.6,2005,1965.6,2005,1001003
1406235600000,2000.1,2004,1970.1,1976.7,1056643
1406494800000,1967.5,1979.7,1948,1957,843184
1406581200000,1963.4,1985,1951.5,1975,844187
1406667600000,1966,2040,1962.2,2005.3,1591992
1406754000000,2007.5,2025,1990.5,2000.9,1053071
1406840400000,1998,2004.3,1973.5,1995.3,741881
1407099600000,2001.8,2009.9,1966,1984.9,735068
1407186000000,1985.3,1986.9,1957,1957,708207
1407272400000,1957,1983.9,1926.7,1929.8,1208890
1407358800000,1921,1949,1911.5,1932.7,971939
1407445200000,1935,1974,1924.9,1928.3,1281580
1407704400000,1961,1963,1941.1,1951,969102
1407790800000,1953,1973.7,1944.2,1959,835408
1407877200000,1957.7,1988.2,1957.6,1978.2,1054023
1407963600000,1975,2002.1,1966.5,1999.9,987556
1408050000000,1992.6,2026.2,1988,2020.1,976658
1408309200000,2013.4,2042,2009.1,2040,332108
1408395600000,2044,2076.7,2043.1,2062.4,782050
1408482000000,2063.9,2086.5,2053,2080,927984
1408568400000,2081.3,2108.7,2080,2089.5,751976
1408654800000,2100,2100.5,2058.3,2084.6,664899
1408914000000,2075.5,2092,2075,2085.3,274882
1409000400000,2086,2096.8,2062.4,2069.5,650272
1409086800000,2073.2,2107.1,2067.4,2096.5,586592
1409173200000,2052.5,2096.1,2052.5,2083,1194636
1409259600000,2074.1,2094.2,2054.9,2055,1009544
1409518800000,1985.3,2097.3,1985.3,2034.9,1071060
1409605200000,2016.1,2050.9,2016.1,2042.1,670447
1409691600000,2044,2127,2041.1,2115,1962280
1409778000000,2115.5,2134.9,2106.5,2131.5,993246
1409864400000,2120,2169.4,2114.1,2163,955277
1410123600000,2157,2179,2146,2153.3,1072894
1410210000000,2153,2172,2150.7,2163.6,558755
1410296400000,2157,2169,2151.2,2163,602117
1410382800000,2174.8,2174.8,2148.7,2149.2,890331
1410469200000,2151.1,2194.7,2143.2,2163.1,1150537
1410728400000,2156.9,2183,2154,2174.9,1790034
1410814800000,2169.5,2199,2166.2,2185,1004336
1410901200000,2185,2197.7,2130,2141.5,1360520
1410987600000,2142.1,2155,2117.4,2130,778862
1411074000000,2129.9,2130.8,2065,2071,1895677
1411333200000,2069.4,2090,2047.7,2050,833702
1411419600000,2058.6,2068.6,2030.1,2049.6,1516474
1411506000000,2055,2072.6,2046.6,2059.1,1011822
1411592400000,2065.7,2087.8,2043.5,2043.5,1242759
1411678800000,2040,2074.8,2033.7,2064.9,991570
1411938000000,2066,2085,2004,2007.9,1207236
1412024400000,2016.9,2049.1,1999.3,2015,1218547
1412110800000,2010,2028.3,1990,1993.5,1070123
1412197200000,1988,2003.7,1960.5,1964,1444474
1412283600000,1975,2010,1972.4,1990,1008988
1412542800000,2000.2,2052,2000.2,2042,852036
1412629200000,2042,2045,2004.4,2007.6,804431
1412715600000,1995,2009.5,1976,1976,1342358
1412802000000,1999.1,2024,1971.1,1980,1267299
1412888400000,1965,1971.7,1921,1925.1,1502941
1413147600000,1916,1995,1913,1978,1290556
1413234000000,1982.9,2040.2,1978.4,2005.4,1598011
1413320400000,2004,2009,1970.4,1980,1347161
1413406800000,1982,2005,1945.7,1955,1504249
1413493200000,1974,2003,1965.6,1986.6,1226169
1413752400000,1994.7,2003,1972,1978,1139845
1413838800000,1926.1,1998.3,1926.1,1990,1275039
1413925200000,1994.9,2009,1958.5,1964.9,1706310
1414011600000,1963,1968.3,1916.7,1932.3,1602278
1414098000000,1930.4,1957.5,1917.8,1948.5,932438
1414357200000,1960,2003.8,1960,1991.9,1385211
1414443600000,1995.5,2034.6,1995.5,2014,1200225
1414530000000,2020,2042.5,1993,2042.5,1669036
1414616400000,2034.1,2069.9,2011,2055,2035665
1414702800000,2064.2,2120,2051,2120,2829582
1414962000000,2116.4,2124.7,2100.2,2117,649159
1415134800000,2102.9,2133.5,2072.2,2127.7,1820616
1415221200000,2120.5,2169,2120.5,2132.7,1685405
1415307600000,2139.5,2178,2120,2126.5,2796778
1415566800000,2145,2160,2122,2139.9,1755155
1415653200000,2145.5,2163.7,2125.1,2125.1,930388
1415739600000,2127.9,2149.6,2113.2,2126,1075546
1415826000000,2132.2,2147.9,2078.2,2083.6,1211441
1415912400000,2076,2099,2065,2084,1281024
1416171600000,2081.7,2102.7,2071.4,2085,753096
1416258000000,2097.4,2144.7,2065.1,2132.3,1633097
1416344400000,2134,2180,2128.1,2180,1086397
1416430800000,2180,2233.8,2180,2230,1270047
1416517200000,2236,2291,2205.2,2280.4,1519743
1416776400000,2280.5,2293.9,2245.2,2261.3,932560
1416862800000,2259.2,2281.5,2232.9,2259.1,985441
1416949200000,2253.5,2280,2245.2,2280,1240385
1417035600000,2273.6,2331.6,2260,2295,1885996
1417122000000,2281.6,2324.7,2270.6,2291.7,1884628
1417381200000,2280,2462,2278.1,2418.1,2774453
1417467600000,2425,2467.7,2373.8,2449.9,1925110
1417554000000,2455.2,2578.5,2434,2573,2224086
1417640400000,2550,2593.8,2477,2490.1,2555646
1417726800000,2486.5,2518.9,2391.1,2391.1,1573522
1417986000000,2390,2439,2340,2355,1763842
1418072400000,2340.4,2373.5,2315.5,2318,1287687
1418158800000,2325.1,2365,2292.4,2296,1161686
1418245200000,2297,2309,2202.5,2223.4,1950868
1418331600000,2219,2319,2146.6,2292.3,2541740
1418590800000,2230.3,2366.8,2173.3,2264,2868241
1418677200000,2245,2479.7,2053.6,2359,3188712
1418763600000,2360.8,2480,2211,2263,2945815
1418850000000,2299.5,2474.1,2239,2370,2522668
1418936400000,2369.5,2385,2229,2300,1276066
1419195600000,2310,2419.4,2280.5,2363.5,1575158
1419282000000,2368,2456.9,2231,2260,1327571
1419368400000,2250.5,2270,2214.3,2236,691724
1419454800000,2179.9,2210,2145,2205.7,571112
1419541200000,2307.4,2307.4,2202.3,2264,525389
1419800400000,2261.7,2460,2236.1,2298.9,1151529
1419886800000,2285.5,2296.1,2183.6,2225,852338
1420405200000,2201,2317,2200.9,2295,567928
1420491600000,2290.1,2376,2281.5,2345,811259
1420664400000,2371,2595.1,2361,2572,1100028
1420750800000,2565,2579,2452.5,2461,1204061
1421010000000,2460.1,2519,2441.4,2477,909352
1421096400000,2515,2553,2461.9,2522,1316805
1421182800000,2520,2588,2502.2,2588,764796
1421269200000,2599,2653,2573,2618.9,1286474
1421355600000,2614,2748.5,2590,2736,1096152
1421614800000,2732,2828.1,2631.6,2640,1694747
1421701200000,2652.5,2675.5,2596.2,2628.7,1060901
1421787600000,2640,2765,2615.7,2752,1123626
1421874000000,2760,2937.9,2744.6,2820,2056100
1421960400000,2849.5,2938,2835.5,2849,1630521
1422219600000,2820,2869,2757,2864.9,1421534
1422306000000,2830.3,2943.2,2830.3,2925.1,1160516
1422392400000,2939.1,2998.5,2849.1,2865.2,1319361
1422478800000,2853.1,2914.9,2840,2845.2,1307404
1422565200000,2864,2885,2759,2789.9,1206070
1422824400000,2809.5,2819.9,2697.6,2750.1,1677028
1422910800000,2761.4,2903.9,2761.1,2851.5,1241930
1422997200000,2875.8,2933,2840.7,2910,1258315
1423083600000,2900,3030,2885.4,2996,2085778
1423170000000,3019.9,3150,2988,3120.1,2153379
1423429200000,3118.1,3297.7,3015.5,3016,2682117
1423515600000,3004,3058,2956,3000,1268918
1423602000000,3040,3123.9,3020.2,3069.1,1420664
1423688400000,3099.9,3207.8,3023,3120,2335825
1423774800000,3162.5,3199,3102.3,3135,1042826
1424034000000,3136.6,3143.9,2995.2,3020,909061
1424120400000,3030,3094.5,2990.1,3010,1106891
1424206800000,3043.5,3071.2,2995.2,3000,1174351
1424293200000,3000,3024.5,2917,2994.8,1067331
1424379600000,3013,3019,2950,2990,774018
1424725200000,2941.7,3001,2931.4,3001,705628
1424811600000,3000.5,3001.6,2907,2933.4,1496232
1424898000000,2950,2967,2895.2,2935,1029949
1424984400000,2918.9,2995.5,2905,2981.2,1050780
1425243600000,2990.5,3045.4,2976,3027.2,932968
1425330000000,3015.4,3099.5,2988,3009.5,1156669
1425416400000,3009.5,3037,2937,2955,1053466
1425502800000,2960,2977.2,2902,2915,1138327
1425589200000,2925.5,2925.5,2800,2800,1006521
1425934800000,2780,2800.9,2687.1,2699,1569223
1426021200000,2721.2,2784.3,2699,2726.9,1278719
1426107600000,2739.5,2765,2705,2733.9,892449
1426194000000,2734,2754,2651,2659,1164574
1426453200000,2653.5,2696.7,2625,2666,1597555
1426539600000,2680,2710,2667,2689,1098842
1426626000000,2694.2,2742.9,2683.9,2735,933337
1426712400000,2760,2773.9,2673.4,2689.8,1189007
1426798800000,2688.4,2766.4,2672.3,2710,1497453
1427058000000,2725,2746.9,2667.3,2679.9,906908
1427144400000,2689.3,2715.2,2647.6,2709.7,818921
1427230800000,2833.8,2833.8,2630,2697.3,1221540
1427317200000,2716.5,2753,2622.7,2623,1587218
1427403600000,2629.5,2655,2577,2577,706896
1427662800000,2577,2668.4,2577,2657,577308
1427749200000,2657,2705,2645.1,2705,828403
1427835600000,2690.1,2759.5,2675.2,2755,1136471
1427922000000,2755,2790.1,2723.8,2780.5,899208
1428008400000,2782.3,2831.1,2772.7,2824.8,446970
1428267600000,2816.2,2850.1,2791,2823.3,633687
1428354000000,2819.5,2826.9,2760,2790,1369080
1428440400000,2780,2780,2727,2755,813328
1428526800000,2744.2,2744.9,2660.5,2707.8,1398314
1428613200000,2706,2706.9,2600,2634.9,1465527
1428872400000,2655,2683,2612,2617,1242925
1428958800000,2622.6,2639.8,2546,2559,1307341
1429045200000,2559,2600,2532.1,2595,1091308
1429131600000,2599.5,2609,2541.1,2580,1375315
1429218000000,2580,2616.6,2562,2576,1516805
1429477200000,2593.3,2697,2563.7,2670,1390956
1429563600000,2675,2738,2675,2728.2,1057609
1429650000000,2729.1,2745,2625.6,2639.5,1163130
1429736400000,2637.5,2644,2570,2592,1528100
1429822800000,2598.6,2675,2576,2645,1199252
1430082000000,2640,2700,2633.1,2662,875427
1430168400000,2658.5,2688.1,2635.5,2644.9,1049784
1430254800000,2644.9,2683.4,2605.5,2610,952186
1430341200000,2611,2658,2601,2645.6,810185
1430773200000,2657,2699.6,2645.8,2655,1395540
1430859600000,2647,2667,2611.6,2660,796720
1430946000000,2649.9,2674.7,2621.1,2650.5,951128
1431032400000,2655,2698,2637.1,2691.6,667130
1431378000000,2691.6,2712,2665,2698.6,859923
1431464400000,2699.6,2708,2611.7,2620,1263777
1431550800000,2635.9,2652.3,2605.6,2610.1,699893
1431637200000,2624,2627.6,2563.7,2595,679576
1431896400000,2594,2598,2550,2550,671831
1431982800000,2554,2559,2503.3,2530,920057
1432069200000,2526.7,2540.7,2473.1,2481.1,897223
1432155600000,2485.4,2527,2471.1,2523,921942
1432242000000,2520,2543,2507.1,2537,637123
1432501200000,2537.4,2537.8,2480.4,2502.2,457917
1432587600000,2505.5,2527,2496.4,2508,607078
1432674000000,2510.8,2550,2462,2541.8,1108269
1432760400000,2539,2593.5,2523.1,2563.8,1004535
1432846800000,2571,2596,2461.3,2461.3,1627997
1433106000000,2485,2515,2446.5,2447.5,1019662
1433192400000,2453,2522.9,2440.1,2515,1127312
1433278800000,2515.1,2521.9,2426.7,2480.3,1133223
1433365200000,2486,2534,2471.4,2525,1217597
1433451600000,2525,2577.3,2517.2,2570,877209
1433710800000,2575,2597.6,2546.8,2551.9,860993
1433797200000,2560.5,2617,2535.5,2606,904776
1433883600000,2611,2612.9,2538,2551.3,1089907
1433970000000,2564.9,2565,2491.3,2506.9,1092966
1434315600000,2498,2498,2427.5,2481.7,1529652
1434402000000,2484.8,2511.8,2452.1,2500.3,875719
1434488400000,2500.6,2513.9,2471,2475,753748
1434574800000,2480,2492.7,2458.1,2476,657723
1434661200000,2474,2495.5,2467.1,2474.4,717369
1434920400000,2485,2512.3,2481.7,2487,580051
1435006800000,2491,2497.1,2465,2469,564290
1435093200000,2477,2482.4,2426.9,2445,833965
1435179600000,2437,2454.6,2406,2406,643011
1435266000000,2408,2417,2391.8,2401.7,767043
1435525200000,2365,2432,2361.2,2408,603439
1435611600000,2413,2473,2401.8,2469.9,1226106
1435698000000,2469.9,2485.7,2425,2429.2,686606
1435784400000,2431,2465.2,2428.4,2455,432312
1435870800000,2458.4,2461.5,2418.3,2425.3,417292
1436130000000,2409,2462,2400.1,2460,569008
1436216400000,2460,2481.4,2446,2465,1051834
1436302800000,2465,2479.8,2431.6,2470,829767
1436389200000,2475,2488.8,2456.5,2484.6,1029639
1436475600000,2483.1,2486.8,2460,2465,940885
1436734800000,2397,2436.7,2374.1,2435.6,964596
1436821200000,2425.3,2439,2390,2421.9,1044877
1436907600000,2424.5,2460,2409.4,2460,972932
1436994000000,2457.9,2467.7,2436.1,2461.6,546084
1437080400000,2455,2483,2450,2465.4,752303
1437339600000,2459.2,2467.1,2410,2428.2,588193
1437426000000,2415.2,2447,2401.1,2442,747806
1437512400000,2432.1,2465,2424.1,2465,908548
1437598800000,2454.9,2473,2436.4,2462.5,604880
1437685200000,2462,2493,2442.5,2468.9,796053
1437944400000,2472.1,2472.1,2385,2398.9,1220718
1438030800000,2400.9,2458.2,2395.1,2433.4,1269812
1438117200000,2439,2460,2407,2430.9,840755
1438203600000,2433,2458.4,2416.1,2441,647407
1438290000000,2439.7,2537.6,2429.4,2537.6,1296128
1438549200000,2527,2564.8,2491,2509.1,1138985
1438635600000,2510,2526,2478,2507.4,1204286
1438722000000,2514,2546.5,2487.9,2529,1003339
1438808400000,2524.9,2539,2474,2491.6,1124821
1438894800000,2492.1,2525.7,2481,2520,719432
1439154000000,2520.5,2531.4,2490,2531,810124
1439240400000,2533,2569,2503.9,2519.7,990668
1439326800000,2509.8,2544,2470,2539.5,942675
1439413200000,2541,2570,2520,2548.2,1136489
1439499600000,2546.9,2584.3,2536,2561.1,1165619
1439758800000,2562.9,2564,2526.1,2554.9,820828
1439845200000,2545,2546,2488.4,2491,905200
1439931600000,2493.8,2500,2451.5,2468.5,1192388
1440018000000,2470.1,2490,2446.7,2487.1,1171990
1440104400000,2465.3,2475.4,2411,2412,1017674
1440363600000,2380,2425.6,2288.7,2347,2259415
1440450000000,2355,2405.5,2350.2,2381,1359877
1440536400000,2379.9,2379.9,2332.5,2355,1269988
1440622800000,2375,2424,2365,2424,1397267
1440709200000,2438,2520,2409.1,2520,2225420
1440968400000,2505.3,2545,2483.4,2531,1038504
1441054800000,2535.4,2537.9,2436,2455,1455375
1441141200000,2439,2469.9,2425.2,2440,1117125
1441227600000,2454,2506.4,2450.2,2503,1093005
1441314000000,2493.9,2498.4,2448.2,2458,841609
1441573200000,2458,2472.9,2441,2446.7,414028
1441659600000,2455.9,2499,2455.9,2462.1,777502
1441746000000,2475,2513.7,2471,2501.2,885589
1441832400000,2489,2514.7,2477.7,2489,862966
1441918800000,2500,2503,2475,2487.6,533508
1442178000000,2492.7,2542.5,2484.6,2524.5,899746
1442264400000,2524.6,2528.7,2464,2478.1,976141
1442350800000,2485.1,2495.8,2462.9,2475,794854
1442437200000,2481.5,2481.5,2425,2439,844088
1442523600000,2443,2450.7,2393.5,2403.8,1301250
1442782800000,2410,2412.8,2308,2331.1,2198077
1442869200000,2335,2337,2208.1,2225.9,2797278
1442955600000,2230,2248.9,2202.2,2203,1882671
1443042000000,2210,2232,2151,2185,2544145
1443128400000,2200,2247,2200,2240,1355556
1443387600000,2243,2286,2205.6,2241.9,1686102
1443474000000,2234.6,2268.4,2211.7,2261,1274254
1443560400000,2262.2,2292,2215.5,2242.9,1486011
1443646800000,2251,2257.9,2161,2184,1788846
1443733200000,2183.8,2200,2126,2140,1649497
1443992400000,2159.9,2205,2155,2196,1608915
1444078800000,2201.8,2244.4,2200,2238,1407480
1444165200000,2244,2280,2225.1,2279,1953796
1444251600000,2263,2307.8,2257.3,2294,1783590
1444338000000,2310,2421.9,2310,2400.1,3491241
1444597200000,2405,2429.1,2315.7,2340.2,1705942
1444683600000,2329.8,2366.5,2320,2350,1239065
1444770000000,2343.5,2372.6,2316,2341,1267497
1444856400000,2355,2363,2320,2320,1034149
1444942800000,2344.9,2344.9,2292.7,2303.8,1218646
1445202000000,2307,2323.3,2287.3,2315,856408
1445288400000,2314.9,2336.5,2301,2332.9,854469
1445374800000,2326,2346.7,2303.1,2310.9,883285
1445461200000,2311.9,2347.3,2306,2334.5,793596
1445547600000,2343,2363.4,2318.4,2336.7,1471431
1445806800000,2337,2340.7,2280.4,2298,1191229
1445893200000,2280,2350.6,2254.2,2350.6,1622345
1445979600000,2345,2366,2323.3,2357,1032963
1446066000000,2353.5,2367.5,2325.9,2341.5,870026
1446152400000,2336,2365,2319,2320,816553
1446411600000,2319.8,2412,2305.1,2412,1377711
1446498000000,2418,2489.5,2404,2483.9,1676322
1446670800000,2495,2536.2,2466.3,2489.6,1721004
1446757200000,2490,2539.3,2476,2511.8,1573645
1447016400000,2514.9,2549.4,2499.2,2530,826181
1447102800000,2534.9,2534.9,2500.2,2520,869955
1447189200000,2512.1,2572.3,2502.7,2548,952891
1447275600000,2538,2569.9,2537,2555,803212
1447362000000,2540.5,2561,2477.2,2485,1264295
1447621200000,2480,2512.6,2474,2476,872459
1447707600000,2490,2541.9,2485.5,2524.5,1238385
1447794000000,2530,2546.3,2500,2526,1232323
1447880400000,2539.9,2568.8,2515.5,2534,1303734
1447966800000,2525.2,2552,2511,2540,701838
1448226000000,2537,2654,2515,2652.8,1774721
1448312400000,2655,2664.5,2546.9,2576.9,1818501
1448398800000,2573.5,2622,2571.2,2606.9,941355
1448485200000,2611.7,2625.8,2576.4,2598.6,791621
1448571600000,2590.2,2592.8,2534.4,2539.4,1297859
1448830800000,2531.6,2573.3,2506.4,2534.1,1166769
1448917200000,2549,2563.9,2518,2559,651235
1449003600000,2559,2575,2520,2535.4,608502
1449090000000,2525.5,2570,2525.3,2559,668360
1449176400000,2560,2579.6,2478.8,2489.9,1429326
1449435600000,2490.5,2503,2405.5,2410,1135320
1449522000000,2409.8,2424,2350,2377.9,1102444
1449608400000,2384.9,2409.5,2360,2385.1,931029
1449694800000,2380,2445,2370,2445,1071891
1449781200000,2439,2461.1,2428.2,2450,692622
1450040400000,2430,2456,2399.8,2432.8,955044
1450126800000,2435.1,2468.6,2426,2446.8,1052408
1450213200000,2451.2,2456.9,2400,2415,1080827
1450299600000,2420.1,2453.7,2380.4,2427,1227327
1450386000000,2414,2418,2327.1,2327.1,1367160
1450645200000,2333.6,2343.9,2317.4,2338.7,659634
1450731600000,2340,2348.6,2293.1,2327,1037796
1450818000000,2270.7,2338,2270.1,2317,1044237
1450904400000,2330,2357,2317,2325.3,614452
1450990800000,2334.8,2340,2305.7,2310.2,211907
1451250000000,2308,2317.4,2294.4,2309.9,291641
1451336400000,2309.9,2353.6,2303.9,2353.6,624311
1451422800000,2353,2375.9,2335.1,2345.9,590371
1451854800000,2354,2356,2309.3,2310.2,445334
1451941200000,2310.2,2386.7,2304.1,2380,640945
1452027600000,2375.2,2403.4,2364.6,2378,608554
1452459600000,2319.8,2342.7,2257.1,2257.9,989720
1452546000000,2225,2269.2,2217.2,2223.5,1172810
1452632400000,2235.7,2276.7,2221,2225,910835
1452718800000,2213.8,2231.4,2160,2188.9,1475496
1452805200000,2186,2194.9,2040.1,2098,2420236
1453064400000,2070,2155.8,2062.3,2112.1,1307910
1453150800000,2123,2198,2121,2150,1436608
1453237200000,2115,2147,2088,2145.3,1604686
1453323600000,2140,2233.8,2140,2212.8,1436923
1453410000000,2269,2367.1,2228.8,2340.9,2039578
1453669200000,2360,2360,2297.9,2349,1150632
1453755600000,2302.5,2358.9,2302.2,2320,1194746
1453842000000,2331,2400.5,2318,2400.5,1242181
1453928400000,2398,2495,2383.2,2495,1813596
1454014800000,2508.2,2569,2466.3,2569,1915980
1454274000000,2560.5,2562,2491.5,2547,1306024
1454360400000,2505,2559,2477.5,2491,1209025
1454446800000,2479,2502,2462.5,2475.5,836850
1454533200000,2538,2575,2520.5,2553.5,1235767
1454619600000,2538.5,2600,2524.5,2594,964690
1454878800000,2585,2597.5,2465.5,2482.5,1296329
1454965200000,2457,2486.5,2376,2387.5,1745333
1455051600000,2375.5,2413.5,2357,2382.5,1101497
1455138000000,2375.5,2398,2334,2392,1325056
1455224400000,2407,2427,2386.5,2396,933618
1455483600000,2421,2451.5,2396,2429,727531
1455570000000,2450,2476.5,2433.5,2450,984012
1455656400000,2450,2489.5,2434,2467,858367
1455742800000,2481.5,2586,2480,2565,1478740
1455829200000,2540,2546.5,2490,2540,1085733
1455915600000,2532,2545.5,2521,2529,118108
1456088400000,2535.5,2624,2534,2610,686933
1456261200000,2579,2592,2535,2550,1227478
1456347600000,2569,2600,2502.5,2551.5,1540048
1456434000000,2572,2618,2572,2587,1251720
1456693200000,2578.5,2686,2552,2686,1563750
1456779600000,2686.5,2718,2680,2699,839604
1456866000000,2720,2721.5,2627,2640,1573855
1456952400000,2645,2700,2640,2700,1339148
1457038800000,2709.5,2775,2687,2775,1019660
1457298000000,2810,2840,2781,2840,857679
1457470800000,2819,2832,2715,2744,1212375
1457557200000,2745,2750,2669,2692,1243573
1457643600000,2701,2706.5,2651,2669,1058947
1457902800000,2679.5,2679.5,2630,2658.5,940331
1457989200000,2667.5,2689,2639.5,2647.5,1799226
1458075600000,2656.5,2703,2642,2703,845050
1458162000000,2715,2765.5,2715,2750,1700513
1458248400000,2764.5,2833.5,2740,2810,1884889
1458507600000,2785,2802.5,2737,2784.5,1321289
1458594000000,2790,2816,2720.5,2740,1507841
1458680400000,2732,2732,2665,2687.5,1220474
1458766800000,2670,2687,2603,2615,969682
1458853200000,2629,2647,2605,2607.5,325868
1459112400000,2622,2638,2558.5,2570,610857
1459198800000,2574,2614.5,2547.5,2614.5,1061009
1459285200000,2632,2639.5,2580.5,2610,1246754
1459371600000,2608,2622,2576,2622,1690529
1459458000000,2603.5,2635,2575,2625,1346763
1459717200000,2612,2707,2612,2692,1058151
1459803600000,2676,2703,2665.5,2698.5,1067047
1459890000000,2716,2732,2690,2715,1069410
1459976400000,2725.5,2743.5,2700,2722,945307
1460062800000,2727,2783,2720,2777.5,997773
1460322000000,2765,2830,2759,2798,1228476
1460408400000,2798.5,2800,2757,2775,1197407
1460494800000,2785,2850,2784.5,2824,1231961
1460581200000,2818.5,2892,2790.5,2814.5,1508331
1460667600000,2820,2835,2801.5,2822.5,626066
1460926800000,2771,2790,2719.5,2777,1943394
1461013200000,2775.5,2825,2770,2815.5,1342001
1461099600000,2797.5,2884.5,2787,2870,1499483
1461186000000,2885,2902,2832,2890,1384380
1461272400000,2885,2901.5,2851.5,2890,894934
1461531600000,2883,2885,2827,2853,886662
1461618000000,2857,2860,2781,2796,766587
1461704400000,2809,2811.5,2704,2733,1113251
1461790800000,2736,2800,2662.5,2800,996117
1461877200000,2804,2808.5,2707.5,2752,870460
1462309200000,2716,2750.5,2645,2698.5,950567
1462395600000,2698.5,2698.5,2615.5,2630,816027
1462482000000,2624.5,2648,2601,2629,1059266
1462827600000,2624.5,2655.5,2563,2585.5,1074024
1462914000000,2598,2667.5,2597,2642.5,1213150
1463000400000,2653,2725,2640,2673.5,1401848
1463086800000,2674,2699.5,2616.5,2699.5,1316183
1463346000000,2705,2722,2658,2662,843887
1463432400000,2655.5,2684,2606.5,2671.5,1024347
1463518800000,2669,2707,2647,2707,1051571
1463605200000,2687,2721,2650,2695.5,1217199
1463691600000,2716,2736.5,2683,2712,1044311
1463950800000,2702,2715.5,2646.5,2647,893454
1464037200000,2649,2682,2646,2656.5,775256
1464123600000,2668,2705,2650.5,2650.5,1004642
1464210000000,2680,2708,2634,2678,1194150
1464296400000,2680.5,2715,2663,2682,771387
1464555600000,2682,2711,2682,2695.5,318569
1464642000000,2690,2700.5,2523,2570,5606321
1464728400000,2597,2612,2556,2580,2536457
1464814800000,2589,2607.5,2572,2597,976492
1464901200000,2611,2629,2565,2587,1267024
1465160400000,2598,2625,2560,2613,995653
1465246800000,2622,2692,2617,2681.5,1246032
1465333200000,2669.5,2690,2645,2680.5,914961
1465419600000,2676,2680.5,2629.5,2635,557060
1465506000000,2635,2662,2610,2636,670439
1465851600000,2633.5,2684,2615,2670,796416
1465938000000,2670,2688.5,2633,2637.5,969431
1466024400000,2627,2636.5,2577,2624,836357
1466110800000,2630.5,2652.5,2611,2647,892109
1466370000000,2655,2672,2624,2643.5,612729
1466456400000,2644.5,2658,2602,2658,754288
1466542800000,2654,2664.5,2631.5,2660,550592
1466629200000,2659,2730,2642,2730,813683
1466715600000,2667,2728,2585,2725,1364638
1466974800000,2707,2712,2631,2631,802595
1467061200000,2647,2669.5,2612,2628,605211
1467147600000,2640,2670,2629.5,2668,515088
1467234000000,2669.5,2703,2657,2684,577657
1467320400000,2690,2708,2654.5,2707,382171
1467579600000,2714,2763,2707,2745,467632
1467666000000,2733.5,2774.5,2717,2769.5,517505
1467752400000,2760,2767,2724.5,2732,564295
1467838800000,2759.5,2786,2736,2748,591366
1467925200000,2755,2788.5,2707,2788,1937256
1468184400000,2714.5,2757.5,2693,2752,808439
1468270800000,2750,2791,2736,2777,731785
1468357200000,2775,2786,2721.5,2741,684206
1468443600000,2740.5,2787,2717,2770,614219
1468530000000,2758,2798,2756.5,2792.5,599615
1468789200000,2780.5,2810,2757,2799,502269
1468875600000,2786,2831.5,2786,2828,608813
1468962000000,2816,2857,2777,2840.5,572288
1469048400000,2852.5,2870,2827.5,2858,346681
1469134800000,2850,2870,2836,2855,281023
1469394000000,2850.5,2882,2801,2829,607725
1469480400000,2825.5,2834.5,2780,2821,498841
1469566800000,2812,2853,2808,2836.5,489521
1469653200000,2831.5,2887,2820.5,2887,581680
1469739600000,2880,2897,2850,2867,708612
1469998800000,2877,2910,2865,2886,484536
1470085200000,2878.5,2885,2764,2781,817323
1470171600000,2780.5,2808.5,2740,2797,681765
1470258000000,2809.5,2839.5,2795,2839.5,612162
1470344400000,2831,2848,2787,2815,424341
1470603600000,2817.5,2842.5,2808.5,2842.5,346204
1470690000000,2832.5,2842.5,2804,2806,484626
1470776400000,2805,2813,2731.5,2738,856421
1470862800000,2730,2785,2730,2785,593550
1470949200000,2787,2877,2779.5,2870,821270
1471208400000,2874.5,2949,2858,2922.5,806538
1471294800000,2924.5,2979,2895,2932.5,794458
1471381200000,2921,2937.5,2883.5,2932,590676
1471467600000,2935,2964.5,2925.5,2956.5,367848
1471554000000,2960,2969,2942,2948,285476
1471813200000,2941,2985,2901.5,2985,513199
1471899600000,2970,3024,2967,3014,647160
1471986000000,3003.5,3035,2997.5,3035,401264
1472072400000,3028,3049.5,3005,3049,578625
1472158800000,3031,3044,2994.5,3025,656805
1472418000000,3000.5,3003,2964,2990.5,453685
1472504400000,2990,3014.5,2980,2989.5,323096
1472590800000,2978.5,2991,2913,2913,719038
1472677200000,2939,2964,2923,2938,469821
1472763600000,2944.5,3008.5,2940,3003,581512
1473022800000,3010,3064,2996,3053,686176
1473109200000,3065,3090,3037,3085,607023
1473195600000,3085.5,3102,3068.5,3084,520921
1473282000000,3100,3108.5,3073,3108,679252
1473368400000,3092,3100.5,3060.5,3060.5,377995
1473627600000,3031.5,3060,3012.5,3045.5,724133
1473714000000,3045,3064.5,3018,3037.5,434671
1473800400000,3038,3070.5,3011,3054,546107
1473886800000,3054,3068,3023.5,3057,628191
1473973200000,3056,3056,2900,3028,1255799
1474232400000,3029,3036,3000,3018,603122
1474318800000,3011,3055,2990.5,3055,476151
1474405200000,3056.5,3069.5,3033,3048.5,422408
1474491600000,3065,3125,3045,3125,715735
1474578000000,3114.5,3118,3055,3085.5,603365
1474837200000,3061,3067.5,3041,3060,540043
1474923600000,3050.5,3058.5,3018,3028,632561
1475010000000,3038.5,3045.5,3005,3010.5,435058
1475096400000,3050,3093,3043,3082,498494
1475182800000,3066,3093,3056.5,3068,635003
1475442000000,3062,3085,3050.5,3075,326747
1475528400000,3062.5,3084,3055,3077,376552
1475614800000,3070,3082,3042,3076,462447
1475701200000,3066.5,3073.5,3040,3070,355323
1475787600000,3070.5,3082,3036,3050,451698
1476046800000,3037,3092.5,3037,3077.5,405956
1476133200000,3068,3110,3059,3104,406788
1476219600000,3100,3125,3091,3117.5,474283
1476306000000,3120,3124,3060,3084.5,476473
1476392400000,3083.5,3087,3057.5,3064,294522
1476651600000,3070,3070,3027,3030,438454
1476738000000,3049.5,3069,3031,3050,391716
1476824400000,3052,3056,3014,3048,355414
1476910800000,3040.5,3054,3011,3037.5,430151
1476997200000,3030,3078.5,3017.5,3071,362148
1477256400000,3071.5,3100,3057,3094.5,414211
1477342800000,3093,3110,3071.5,3098,495070
1477429200000,3096,3097.5,3044,3081.5,518331
1477515600000,3080,3104.5,3074.5,3099,410098
1477602000000,3085,3104,3073,3104,292011
1477861200000,3089,3104.5,3078,3100,456204
1477947600000,3095,3127,3095,3106,617121
1478034000000,3080.5,3091.5,2962,2983,1278851
1478120400000,2994,3013,2952.5,2984,531414
1478466000000,2986,3025,2965,2991,687607
1478552400000,3011,3055,3006,3030,533127
1478638800000,2968,3093,2967,3058.5,970089
1478725200000,3091,3218.5,3052.5,3145,1386702
1478811600000,3140.5,3189,3092,3092,999147
1479070800000,3110,3123.5,3048,3064,717214
1479157200000,3070.5,3079.5,3030,3043,576443
1479243600000,3059.5,3103,3041,3063,561262
1479330000000,3060,3113,3055,3105,453544
1479416400000,3097,3121,3082.5,3084.5,397201
1479675600000,3109.5,3135.5,3085.5,3127,386958
1479762000000,3139,3150,3109,3112,483846
1479848400000,3113,3175,3113,3175,500486
1479934800000,3173,3189.5,3158.5,3176.5,236729
1480021200000,3173,3180,3146.5,3154.5,313760
1480280400000,3154.5,3165.5,3100,3145.5,552483
1480366800000,3141.5,3169.5,3124.5,3147,940061
1480453200000,3150,3197,3149,3188,1121074
1480539600000,3189,3219.5,3183,3210,755172
1480626000000,3199,3312.5,3192,3286,1040571
1480885200000,3285,3329.5,3280,3300,761077
1480971600000,3295,3337,3256,3267.5,692432
1481058000000,3271.5,3299,3268,3287,353280
1481144400000,3298,3362,3295.5,3359.5,784849
1481230800000,3364,3385,3343.5,3371,531970
1481490000000,3385,3430,3347,3375,823375
1481576400000,3357,3406,3317,3328.5,837393
1481662800000,3330,3360,3303.5,3352,601464
1481749200000,3325.5,3399,3297,3383.5,1674025
1481835600000,3404,3414,3352,3352,1060633
1482094800000,3357,3374,3335,3350.5,444346
1482181200000,3350.5,3425,3343,3415,596560
1482267600000,3411,3477.5,3390,3439,796676
1482354000000,3370,3379.5,3343.5,3368,653986
1482440400000,3347.5,3415,3347.5,3396,456823
1482699600000,3405,3423,3385,3418,100713
1482786000000,3418.5,3433,3403.5,3428.5,214802
1482872400000,3432.5,3435,3343.5,3344,544308
1482958800000,3345,3432.5,3334,3424.5,447985
1483045200000,3420,3449,3402.5,3449,645685
1483390800000,3445,3582,3442.5,3575,700138
1483477200000,3560,3560,3456,3479.5,503239
1483563600000,3484,3494,3367.5,3379,648238
1483650000000,3380.5,3404.5,3337,3365,336808
1483909200000,3373,3392.5,3353,3384.5,303953
1483995600000,3372,3406.5,3368.5,3399,512965
1484082000000,3387.5,3404,3380.5,3394.5,302371
1484168400000,3404,3410,3287.5,3300,777973
1484254800000,3300,3319.5,3243.5,3290,631637
1484514000000,3295,3298,3236.5,3240,530947
1484600400000,3240,3259.5,3208,3233,589385
1484686800000,3240,3266,3202,3224,627609
1484773200000,3233,3239,3183.5,3195,632244
1484859600000,3192,3241.5,3177,3180,628003
1485118800000,3196,3196,3146.5,3176.5,420621
1485205200000,3185,3203,3147.5,3190,876239
1485291600000,3194,3219,3154,3215,751933
1485378000000,3218.5,3378.5,3218,3376.5,1450895
1485464400000,3372.5,3494,3335.5,3486,1409010
1485723600000,3470.5,3479.5,3397.5,3408,657283
1485810000000,3406,3424.5,3360,3370,731667
1485896400000,3375,3394,3346.5,3375,622620
1485982800000,3380,3405,3345,3364.5,606159
1486069200000,3372,3387,3347.5,3370.5,480672
1486328400000,3380.5,3384.5,3316.5,3338,704151
1486414800000,3337,3380,3308,3379,441264
1486501200000,3370,3377.5,3271,3299,891223
1486587600000,3311,3328,3256,3266.5,739024
1486674000000,3275,3298,3233,3245.5,668104
1486933200000,3261.5,3279,3221,3279,650494
1487019600000,3279,3279.5,3239,3250,510783
1487106000000,3242,3248,3173,3211,778957
1487192400000,3202.5,3233,3180,3232,397994
1487278800000,3239,3244,3168,3198.5,658816
1487538000000,3208,3217.5,3157,3180,477667
1487624400000,3175,3218.5,3161,3199.5,434554
1487710800000,3209.5,3215,3149,3175.5,637961
1487883600000,3165.5,3185,3127.5,3184,294854
1488142800000,3179.5,3189,3115,3135,547910
1488229200000,3140,3145,3077.5,3086,884754
1488315600000,3090,3137,3076.5,3120,569160
1488402000000,3125,3130.5,3080.5,3086,553071
1488488400000,3086.5,3090,3033,3085,654728
1488747600000,3073,3108.5,3055,3078.5,376471
1488834000000,3080,3099,3045,3070,678348
1489006800000,3025,3049,2937,2970,1224984
1489093200000,2970.5,3054,2955,3028,617101
1489352400000,3020,3085,3014.5,3051,409317
1489438800000,3063.5,3118,3043,3080,697452
1489525200000,3095,3122,3067.5,3088,758775
1489611600000,3121,3147.5,3075.5,3095,1012186
1489698000000,3090,3158.5,3082,3130,1105956
1489957200000,3132.5,3145,3056,3092.5,638473
1490043600000,3092.5,3120,3080,3101,553481
1490130000000,3082,3120.5,3069,3120.5,782131
1490216400000,3121,3139,3052,3066,749708
1490302800000,3067.5,3082,3014,3017.5,517876
1490562000000,3000,3017,2954.5,3003,427673
1490648400000,3005,3055,2985.5,3055,519223
1490734800000,3054.5,3066,3022.5,3061,468846
1490821200000,3061,3064.5,2977,2982,780406
1490907600000,2990,3003.5,2969,2981,532916
1491166800000,2991,3027,2979.5,3026.5,356462
1491253200000,3014,3063,3014,3050,455535
1491339600000,3058.5,3063.5,3030,3057,538141
1491426000000,3045,3065,3026,3057.5,471903
1491512400000,3037,3057.5,2955,2991,800567
1491771600000,2980,2989,2923.5,2956,694880
1491858000000,2953.5,2996.5,2941,2968,493902
1491944400000,2980,2985,2908,2949.5,570820
1492030800000,2952,2958,2866,2910,689840
1492117200000,2915,2915,2856,2864.5,137148
1492376400000,2846,2890,2835,2880,261646
1492462800000,2881,2893.5,2816.5,2828.5,478019
1492549200000,2839,2892,2822.5,2859,804330
1492635600000,2843,2871.5,2805,2858,700369
1492722000000,2864,2870,2826,2850,418180
1492981200000,2876,2924.5,2865,2919,729191
1493067600000,2928,2957.5,2887,2957,591054
1493154000000,2964,2984.5,2922,2970,525392
1493240400000,2960,2964.5,2878,2885,691682
1493326800000,2897,2902.5,2814,2818,1038657
1493672400000,2835.5,2900,2820.5,2864,878683
1493758800000,2858.5,2868,2753.5,2770,1349296
1493845200000,2778,2818,2768.5,2780,771128
1493931600000,2771,2816,2764,2811.5,615162
1494363600000,2851,2917,2846.5,2917,863318
1494450000000,2908,2911,2824,2840,693595
1494536400000,2845,2856,2796.5,2856,558606
1494795600000,2866,2890,2850,2876,470352
1494882000000,2868.5,2907.5,2860.5,2890.5,682286
1494968400000,2880,2900,2841,2870,544110
1495054800000,2861,2877,2822.5,2877,816708
1495141200000,2882,2891,2845,2850,637181
1495400400000,2850,2850,2800,2811,595265
1495486800000,2805,2830,2800,2825,497572
1495573200000,2820.5,2830,2772,2804,580285
1495659600000,2810,2847,2781,2798,623073
1495746000000,2800,2800,2757,2796.5,621558
1496005200000,2780,2810,2777.5,2794.5,281068
1496091600000,2791,2840,2763,2825,685567
1496178000000,2820,2831,2715,2753,1040753
1496264400000,2753,2760,2680,2700,1105587
1496350800000,2700,2745,2674,2734,919258
1496610000000,2748,2755,2713,2734.5,320853
1496696400000,2732.5,2743,2690.5,2721.5,621846
1496782800000,2725,2753,2700,2705,530508
1496869200000,2712,2740.5,2695,2735,572620
1496955600000,2732,2774,2717,2774,598565
1497301200000,2760,2784,2739,2760.5,598743
1497387600000,2762.5,2773,2713,2730,772008
1497474000000,2703.5,2721,2601,2712,2615524
1497560400000,2712,2728,2685,2685,948446
1497819600000,2699.5,2782,2699.5,2779.5,814465
1497906000000,2771,2804,2748,2769,613907
1497992400000,2761.5,2761.5,2705,2728.5,1077654
1498078800000,2717,2760.5,2701,2760.5,834600
1498165200000,2750,2800,2727.5,2775,628486
1498424400000,2789,2812,2756.5,2767,526270
1498510800000,2764.5,2815,2740.5,2800,561896
1498597200000,2772.5,2875,2770.5,2874.5,663282
1498683600000,2876,2904,2860,2873,720328
1498770000000,2879,2915.5,2860,2872.5,721101
1499029200000,2882.5,2921,2853.5,2920,598099
1499115600000,2928,2945,2895.5,2933,522116
1499202000000,2928,2952,2916,2951.5,588898
1499288400000,2952.5,2985,2944.5,2985,712894
1499374800000,2885,2885,2835,2856,1092060
1499634000000,2859,2883,2843.5,2859,493249
1499720400000,2861,2875,2830,2875,486536
1499806800000,2882,2917,2877,2914.5,717409
1499893200000,2920,2931,2893.5,2908.5,554946
1499979600000,2914,2935,2901,2923,516598
1500238800000,2930,2941,2857.5,2880,750679
1500325200000,2866.5,2894,2831.5,2840,524675
1500411600000,2834.5,2896,2834.5,2896,493217
1500498000000,2896.5,2910,2875.5,2896,403590
1500584400000,2881.5,2887.5,2837.5,2842,380327
1500843600000,2838,2853.5,2793,2826.5,683267
1500930000000,2826.5,2835,2799.5,2835,567795
1501016400000,2846,2860,2806.5,2833,612043
1501102800000,2834.5,2851.5,2825,2851.5,416584
1501189200000,2835,2837.5,2771.5,2794,562763
1501448400000,2803,2833.5,2752,2797.5,787483
1501534800000,2811.5,2884.5,2801,2864.5,755748
1501621200000,2865,2945,2861.5,2938,754761
1501707600000,2940,2960.5,2911.5,2930,463532
1501794000000,2915.5,2924.5,2885,2903,437426
1502053200000,2901,2944.5,2900.5,2917.5,387768
1502139600000,2923.5,2974.5,2911,2974,559899
1502226000000,2957.5,2968,2936.5,2939,404508
1502312400000,2944,2953,2896,2901.5,470067
1502398800000,2890,2906,2860,2860,560718
1502658000000,2879.5,2912.5,2872,2883.5,365787
1502744400000,2875,2888,2846.5,2874,504860
1502830800000,2885,2894,2842,2846.5,469112
1502917200000,2847,2862.5,2841,2841,376579
1503003600000,2835.5,2842,2803.5,2829,475687
1503262800000,2831,2862,2824,2854.5,371041
1503349200000,2860,2897,2835,2897,511325
1503435600000,2890,2893.5,2860,2893.5,440121
1503522000000,2889,2903.5,2867.5,2894,319413
1503608400000,2910,2940,2897,2915,305830
1503867600000,2915,2929.5,2888,2920,347692
1503954000000,2911.5,2914.5,2860,2894,651423
1504040400000,2900,2915.5,2885,2905,582751
1504126800000,2894.5,2952,2890.5,2940.5,913810
1504213200000,2940.5,2954.5,2914,2915,441761
1504472400000,2908,2922.5,2878.5,2895,381970
1504558800000,2907,2915.5,2863.5,2883.5,528220
1504645200000,2888,2919,2855.5,2919,761368
1504731600000,2915,2919,2876,2876,554329
1504818000000,2887.5,2928,2884,2925,535898
1505077200000,2931,2939,2906.5,2909,463153
1505163600000,2913,2965,2913,2961.5,455251
1505250000000,2961.5,2975,2938,2938,809541
1505336400000,2940,2983,2926.5,2970,693934
1505422800000,2966,2995.5,2950,2978.5,1095633
1505682000000,2986,3048,2975,3032.5,1399657
1505768400000,3025,3060,3016,3025,626204
1505854800000,3022,3030,2975,2985,882295
1505941200000,2996.5,3018.5,2987,2991.5,871434
1506027600000,2994,2994,2948,2970,779297
1506286800000,2977,3041,2962.5,3039.5,818676
1506373200000,3047,3065.5,3017,3022,664068
1506459600000,3020,3065,3019.5,3064.5,558882
1506546000000,3060,3085,3050,3065,547322
1506632400000,3055.5,3072.5,3049.5,3064,430627
1506891600000,3064,3068,3025,3044.5,403613
1506978000000,3042,3058,3031,3054,391559
1507064400000,3045,3054,3035,3038.5,418492
1507150800000,3032.5,3064,3032.5,3054,451583
1507237200000,3052.5,3075.5,3052.5,3060,436330
1507496400000,3060,3069.5,3039.5,3052.5,427875
1507582800000,3053.5,3053.5,3007,3037.5,539005
1507669200000,3042,3059,3036,3040,409609
1507755600000,3040.5,3046,3016.5,3035,233850
1507842000000,3040,3040,3009,3018,479870
1508101200000,3033.5,3033.5,3002,3020,425762
1508187600000,3023.5,3028,2977,3003,547548
1508274000000,3008,3021.5,2997,3011,406363
1508360400000,3018.5,3018.5,2975.5,2985,419568
1508446800000,2994,3007,2980.5,2994,427034
1508706000000,3000.5,3008,2983,2997,394546
1508792400000,2995,3026,2995,3018,338777
1508878800000,3029,3046,3005,3005,622707
1508965200000,3005,3025,2990.5,2996,523980
1509051600000,3009.5,3067,3009.5,3064.5,723515
1509310800000,3067.5,3097.5,3041,3058,819778
1509397200000,3063.5,3134,3060,3096,1026700
1509483600000,3110,3157,3101.5,3144.5,733533
1509570000000,3142,3150,3125,3150,386101
1509656400000,3155,3203,3155,3168.5,633299
1510002000000,3211,3365,3210,3325,1602026
1510088400000,3317,3386,3311,3336,606331
1510174800000,3346,3373,3286,3368,872736
1510261200000,3361.5,3368,3322,3344.5,569553
1510520400000,3344.5,3415,3323.5,3326,878871
1510606800000,3318.5,3359,3305,3325,878920
1510693200000,3322,3330,3276.5,3296,604362
1510779600000,3325.5,3368,3289,3304,582493
1510866000000,3293.5,3360,3293,3304.5,331874
1511125200000,3296.5,3316.5,3262.5,3281,226458
1511211600000,3290,3327.5,3279.5,3319.5,361075
1511298000000,3330,3369,3311.5,3369,471462
1511384400000,3374.5,3380,3334.5,3380,341392
1511470800000,3388,3420,3371.5,3395,355911
1511730000000,3389.5,3413.5,3353.5,3365,396195
1511816400000,3368.5,3370,3298.5,3343,495486
1511902800000,3342,3345,3271,3308.5,683420
1511989200000,3305.5,3335,3262.5,3292.5,783625
1512075600000,3290,3353,3267,3344,398612
1512334800000,3344,3392.5,3303.5,3390.5,612226
1512421200000,3378,3405,3352,3403,413929
1512507600000,3390,3403.5,3372,3403,442898
1512594000000,3390,3396,3360,3374.5,421846
1512680400000,3374.5,3393,3370.5,3388.5,377371
1512939600000,3395,3440,3390,3432.5,604251
1513026000000,3445,3473.5,3426.5,3473.5,509866
1513112400000,3463,3467.5,3440.5,3458,326642
1513198800000,3452,3467.5,3424,3453.5,364791
1513285200000,3447,3457,3391.5,3420,758576
1513544400000,3420,3445.5,3362.5,3395.5,404964
1513630800000,3400.5,3421.5,3371.5,3402,424432
1513717200000,3408,3419,3373,3373,535501
1513803600000,3311,3332.5,3285,3332.5,711628
1513890000000,3332.5,3356,3318,3347,210614
1514149200000,3350.5,3359.5,3320,3320,96715
1514235600000,3315,3324.5,3283.5,3288,148820
1514322000000,3297,3312,3269,3283.5,651458
1514408400000,3283.5,3317,3262.5,3317,229654
1514494800000,3308,3334.5,3278.5,3334.5,286272
1514926800000,3340,3421.5,3340,3421.5,395934
1515013200000,3428,3501,3392.5,3501,702060
1515099600000,3499.5,3569.5,3491,3569.5,597634
1515445200000,3575,3647.5,3575,3628.5,852342
1515531600000,3640,3649,3594.5,3641,1025327
1515618000000,3644.5,3689.5,3610,3687.5,665221
1515704400000,3677,3942,3650,3908,2678400
1515963600000,3932,3985,3876.5,3876.5,928147
1516050000000,3887,3897,3767.5,3862,1158201
1516136400000,3846.5,3868.5,3811,3851.5,808217
1516222800000,3866,3890,3842.5,3855,979560
1516309200000,3850,3885.5,3801,3825.5,662931
1516568400000,3830,3871,3812,3870,611168
1516654800000,3870,3870,3791,3841.5,828465
1516741200000,3841,3852.5,3808,3850,524751
1516827600000,3860,3860,3808,3825,1089571
1516914000000,3824.5,3828,3780.5,3821,628670
1517173200000,3825,3830.5,3759,3778,727704
1517259600000,3753,3816,3703,3713,827378
1517346000000,3700,3759,3697,3728,1036121
1517432400000,3733,3762.5,3722.5,3760.5,506782
1517518800000,3754,3798,3741,3797,692059
1517778000000,3770,3787.5,3746,3752,724635
1517864400000,3677,3718,3611.5,3655.5,1801395
1517950800000,3686.5,3754,3675,3735,862033
1518037200000,3715.5,3750.5,3681,3686,1006162
1518123600000,3650,3679.5,3615,3617.5,1284861
1518382800000,3639,3682.5,3621,3656.5,746034
1518469200000,3662.5,3737,3650,3729.5,830901
1518555600000,3735,3751.5,3685,3709,680598
1518642000000,3735,3767,3726.5,3730,850067
1518728400000,3745,3819,3735,3751,795779
1518987600000,3755,3778,3705.5,3715,394167
1519074000000,3711,3744,3686.5,3744,362064
1519160400000,3732,3819,3731.5,3808.5,584030
1519246800000,3795,3836,3772,3836,772462
1519592400000,3870,3899,3814,3839.5,681081
1519678800000,3835,3855.5,3786,3838.5,659167
1519765200000,3817.5,3832.5,3775,3776.5,793371
1519851600000,3767.5,3790,3741,3754,580995
1519938000000,3749.5,3769,3675.5,3749.5,562008
1520197200000,3752.5,3786,3726.5,3730,374161
1520283600000,3740.5,3766,3727.5,3744,645004
1520370000000,3725,3726,3690,3721,677931
1520542800000,3710,3789,3706,3789,325236
1520802000000,3785,3794,3740,3770,373705
1520888400000,3767,3776,3742,3773,507869
1520974800000,3757.5,3776,3735,3742,502987
1521061200000,3743.5,3800,3718.5,3800,943034
1521147600000,3798,3874.5,3773.5,3874.5,1187540
1521406800000,3873.5,3880,3807.5,3815,582051
1521493200000,3827.5,3869.5,3792,3860,745211
1521579600000,3865,3937,3849,3874,783536
1521666000000,3889.5,3903,3829,3857,606156
1521752400000,3838,3915,3818,3874.5,1101805
1522011600000,3875,3889,3800,3800,638825
1522098000000,3831,3909,3820,3878,889949
1522184400000,3858,3947,3850.5,3927,710820
1522270800000,3936.5,3991.5,3916.5,3991.5,861187
1522357200000,3988,4004,3961,3961,265745
1522616400000,3963.5,4005,3955.5,3955.5,434373
1522702800000,3960,3975,3920.5,3951,460652
1522789200000,3945,3966,3897,3939,644640
1522875600000,3940.5,3990,3940.5,3990,617054
1522962000000,3967.5,3972.5,3918.5,3939,570606
1523221200000,3919.5,3920.5,3532.5,3620,2908801
1523307600000,3646.5,3935,3621,3900,2183915
1523394000000,3872,4077,3865,4070,2053395
1523480400000,4077,4098,3944.5,3979,1184424
1523566800000,3990,3990,3882.5,3902,1187189
1523826000000,3877,3935.5,3851.5,3892,755970
1523912400000,3912.5,3951,3905,3940,1015039
1523998800000,3935.5,4033.5,3927.5,4030,1087745
1524085200000,4030,4056,3994,4015,705236
1524171600000,4008,4029,3965,3985,433760
1524430800000,3981.5,4019,3933,3974,819372
1524517200000,4000.5,4063,3980,3999.5,732044
1524603600000,3973.5,4029,3950.5,4029,506747
1524690000000,4029.5,4157,4016.5,4140,957780
1524776400000,4140.5,4215,4140.5,4212,796268
1524862800000,4202,4202,4170,4178.5,84288
1525035600000,4171,4243,4156.5,4156.5,537010
1525208400000,4155,4206,4141,4141,578521
1525294800000,4137.5,4160.5,4068,4068,712980
1525381200000,4089.5,4128,4080.5,4108,560144
1525640400000,4111,4176,4111,4121,298539
1525726800000,4110.5,4180,4086.5,4180,693559
1525899600000,4225,4288,4209.5,4235,903164
1525986000000,4250,4383,4236,4383,950563
1526245200000,4372.5,4407.5,4322.5,4407.5,814988
1526331600000,4379.5,4404,4355,4392,862316
1526418000000,4380,4418,4347.5,4410,759144
1526504400000,4409,4430.5,4354,4354,672983
1526590800000,4364,4450,4354.5,4450,765743
1526850000000,4449,4453.5,4398.5,4398.5,498242
1526936400000,4407.5,4414.5,4337,4360,750105
1527022800000,4338.5,4338.5,4251.5,4263,790126
1527109200000,4283,4298.5,4230,4230,566530
1527195600000,4246,4281.5,4206,4248,767247
1527454800000,4253.5,4300.5,4217,4290,301323
1527541200000,4292,4298.5,4163,4224,839253
1527627600000,4224,4268,4181.5,4246.5,695454
1527714000000,4255,4262,4157.5,4209,1514571
1527800400000,4210,4258,4180.5,4205.5,750947
1528059600000,4224.5,4304.5,4224.5,4299,747686
1528146000000,4297.5,4313.5,4248.5,4278,1061259
1528232400000,4285,4285,4212.5,4264.5,524848
1528318800000,4270,4292,4250,4250,518073
1528405200000,4235,4282.5,4159.5,4159.5,939857
1528491600000,4172.5,4198,4168.5,4191,54043
1528664400000,4194,4199.5,4140,4159.5,301390
1528837200000,4181.5,4208.5,4140,4140,778022
1528923600000,4120,4136,4083,4090,565773
1529010000000,4102.5,4137,4053,4055,1592602
1529269200000,4039,4082,4018,4045.5,576993
1529355600000,4035,4108.5,4006,4091,834287
1529442000000,4100,4161.5,4097.5,4132,793363
1529528400000,4138.5,4171.5,4117.5,4135,693440
1529614800000,4155,4189,4125,4125,673234
1529874000000,4110,4167.5,4110,4140,489461
1529960400000,4151,4173,4128,4154,420499
1530046800000,4173.5,4259,4172,4222,593532
1530133200000,4220,4272,4212.5,4230.5,678883
1530219600000,4255,4355,4250.5,4350,1011525
1530478800000,4335,4401,4319.5,4376,854184
1530565200000,4366,4393,4322,4325,549601
1530651600000,4335,4349.5,4326.5,4334.5,152697
1530738000000,4331,4462,4326,4462,693251
1530824400000,4452,4452,4351.5,4415.5,741241
1531083600000,4406,4460,4406,4452,656440
1531170000000,4369,4409.5,4336,4355,1019915
1531256400000,4346,4350,4280,4280,595247
1531342800000,4272,4302.5,4223,4236,706179
1531429200000,4231.5,4333.5,4231.5,4319,560147
1531688400000,4320,4347,4265,4300.5,460429
1531774800000,4287.5,4287.5,4200,4262.5,564322
1531861200000,4269,4308.5,4240,4299,605500
1531947600000,4295,4334,4269.5,4334,577713
1532034000000,4341.5,4357.5,4286,4300,583727
1532293200000,4295,4382.5,4276.5,4340,441943
1532379600000,4360,4360,4317.5,4322,335070
1532466000000,4313,4396,4305,4385,473223
1532552400000,4400,4421,4387.5,4420,526688
1532638800000,4417.5,4426,4383,4425,359062
1532898000000,4400.5,4430,4370.5,4410,446564
1532984400000,4400.5,4488,4377.5,4451.5,804159
1533070800000,4460,4509,4454.5,4494,513113
1533157200000,4480,4527,4478,4501.5,442911
1533243600000,4494.5,4529,4467.5,4499.5,479872
1533502800000,4500,4517,4450,4479,410588
1533589200000,4479.5,4539,4472,4520,428396
1533675600000,4520,4525,4448,4499,536737
1533762000000,4490,4598,4490,4598,703235
1533848400000,4594,4648,4546,4577,672844
1534107600000,4560,4601.5,4521.5,4541,728393
1534194000000,4560,4579,4452.5,4460,755229
1534280400000,4448,4465,4361.5,4428.5,886845
1534366800000,4428,4440,4351.5,4396,435882
1534453200000,4382,4418,4358,4375,435110
1534712400000,4395,4425,4370,4386,268812
1534798800000,4395,4466.5,4353,4465,511221
1534885200000,4472,4512.5,4449,4512.5,507810
1534971600000,4515,4541,4421,4450,656777
1535058000000,4450,4531.5,4423,4500.5,629549
1535317200000,4502,4577,4492,4577,249917
1535403600000,4580.5,4598,4545,4587.5,405787
1535490000000,4590,4687.5,4585,4638.5,641159
1535576400000,4663,4738,4640.5,4702,687858
1535662800000,4695,4719.5,4663,4700.5,711666
1535922000000,4698,4749,4685.5,4728,287508
1536008400000,4747,4762.5,4704.5,4717,352050
1536094800000,4704,4710.5,4637,4637,529456
1536181200000,4628,4650,4594,4610.5,581929
1536267600000,4620,4649,4547,4623,603403
1536526800000,4648.5,4715,4643,4688.5,413242
1536613200000,4677,4746.5,4665.5,4706.5,766622
1536699600000,4705,4744.5,4622.5,4622.5,587167
1536786000000,4621,4688.5,4608,4659,588717
1536872400000,4650,4670,4603,4604,442226
1537131600000,4619,4643,4572,4631,454385
1537218000000,4630,4697,4601.5,4685,698734
1537304400000,4692,4726.5,4673.5,4719,609508
1537390800000,4709.5,4735,4676.5,4701,1677197
1537477200000,4686.5,4755,4678.5,4737.5,1411763
1537736400000,4747,4798,4724.5,4780,615869
1537822800000,4800,4900,4780,4900,721203
1537909200000,4899,4908.5,4777,4828.5,934054
1537995600000,4821,4952.5,4813,4952,1133318
1538082000000,4945,5042.5,4930.5,5022,761477
1538341200000,5045,5115,4980,5016,944915
1538427600000,5033,5037.5,4877,4898.5,842901
1538514000000,4912.5,5055,4905,5035,1027078
1538600400000,5024,5035,4956,4990,804543
1538686800000,4989,5043.5,4962.5,4987,503118
1538946000000,4982.5,5015,4941.5,4966,381963
1539032400000,4981.5,5031,4970.5,4971.5,436837
1539118800000,4993.5,4993.5,4901.5,4901.5,395030
1539205200000,4840,4883,4770.5,4804,947246
1539291600000,4850,4880.5,4806,4806,478564
1539550800000,4837,4837,4733,4747,435853
1539637200000,4755,4797,4721.5,4795,468178
1539723600000,4820,4832.5,4732,4773,395161
1539810000000,4749,4770,4682,4694.5,457730
1539896400000,4709.5,4750,4665.5,4693,662876
1540155600000,4710,4725,4635.5,4673.5,383719
1540242000000,4691,4896,4691,4770,2808341
1540328400000,4825,4995,4798,4995,6612873
1540414800000,4940,4968,4886,4943,1790415
1540501200000,4921,4924.5,4806,4888.5,1085876
1540760400000,4885,4926.5,4856,4872.5,624901
1540846800000,4841,4855,4726,4778.5,840102
1540933200000,4800.5,4946,4800.5,4945,799085
1541019600000,4910,5004,4861.5,4937,695196
1541106000000,4948,5004.5,4910,4980,895847
1541451600000,5000,5083,4976,5055,910145
1541538000000,5054.5,5174.5,5016,5174.5,732623
1541624400000,5176,5192.5,5130,5160,588944
1541710800000,5136,5147.5,4996.5,5094.5,896172
1541970000000,5101.5,5191,5101.5,5129,521518
1542056400000,5119,5126.5,4941,4959.5,1246408
1542142800000,4923,4933,4831.5,4856.5,964537
1542229200000,4864.5,4914,4835,4854,569079
1542315600000,4860.5,4915,4813,4824,655941
1542574800000,4850,4912,4820,4845.5,595428
1542661200000,4820,4830,4743,4809.5,620325
1542747600000,4799,4835,4766,4800,632581
1542834000000,4791.5,4819,4755,4813.5,435668
1542920400000,4800,4800,4624.5,4670,1188339
1543179600000,4699.5,4699.5,4555,4623,1165029
1543266000000,4632,4703,4609,4689,1042648
1543352400000,4699,4758,4655.5,4717.5,778668
1543438800000,4729,4796,4659,4766,1277988
1543525200000,4771,4900,4765,4896,1412897
1543784400000,4995,5098.5,4952,5098.5,1399629
1543870800000,5100,5221,5030,5209,1270270
1543957200000,5156,5260,5129.5,5260,943848
1544043600000,5220,5325,5084,5162.5,1361884
1544130000000,5170,5321.5,5103,5266.5,1471855
1544389200000,5249,5342,5149,5173.5,1073265
1544475600000,5151,5289.5,5114,5267,884766
1544562000000,5250,5270,5102,5102,833397
1544648400000,5105,5156,5040.5,5131.5,901995
1544734800000,5119.5,5141.5,5079,5100,734502
1544994000000,5091,5137.5,5071,5100,629951
1545080400000,5049,5049.5,4900,4925,1405909
1545166800000,4890,4928.5,4865,4910,936443
1545253200000,4830,4838.5,4716.5,4808.5,1557668
1545339600000,4789.5,4954,4745,4930,2283579
1545598800000,4900,4966,4842.5,4909,623396
1545685200000,4841,4842.5,4744.5,4810,269077
1545771600000,4829,4859,4803,4829.5,182587
1545858000000,4901,4925.5,4858,4884,494744
1545944400000,4911,5009.5,4901.5,4955.5,662664
1546030800000,4975,5000,4965,4997,57279
1546462800000,4984,5050,4886.5,5007,632153
1546549200000,5021,5083,5021,5074.5,350743
1546894800000,5037,5056,4964.5,5039,989453
1546981200000,5050,5077,5025,5060,820940
1547067600000,5048.5,5152,5004,5152,807655
1547154000000,5153.5,5212,5135.5,5200,682434
1547413200000,5187,5200,5134.5,5200,418371
1547499600000,5213.5,5237.5,5125,5195,611109
1547586000000,5197,5209.5,5114,5129,507299
1547672400000,5120,5187,5060,5184.5,704441
1547758800000,5194,5206,5143,5193.5,585467
1548018000000,5207,5224,5180.5,5200,279987
1548104400000,5187,5212,5158.5,5186,651497
1548190800000,5190.5,5222,5176.5,5205.5,593066
1548277200000,5185.5,5196.5,5143.5,5196.5,640887
1548363600000,5196,5246,5183.5,5215,667326
1548622800000,5212,5215,5143,5165,659844
1548709200000,5150,5215,5136,5196.5,515004
1548795600000,5184.5,5227,5184,5227,456853
1548882000000,5240,5300,5228,5272.5,791137
1548968400000,5267.5,5329.5,5241,5319.5,546468
1549227600000,5333,5406,5314.5,5350,489423
1549314000000,5363.5,5435,5363,5435,395021
1549400400000,5439,5488.5,5402.5,5461,569203
1549486800000,5444,5464.5,5385,5385,560613
1549573200000,5369.5,5403,5334.5,5386,517950
1549832400000,5381.5,5440,5380,5419.5,425813
1549918800000,5421.5,5475.5,5391.5,5439,438101
1550005200000,5434,5435.5,5313,5351,750434
1550091600000,5312,5395,5291,5360.5,811821
1550178000000,5388,5448,5361.5,5426,455541
1550437200000,5454,5485.5,5404,5483.5,505508
1550523600000,5483.5,5496,5428.5,5443.5,518735
1550610000000,5454,5495,5438.5,5445,583804
1550696400000,5438,5465.5,5416,5447.5,473013
1550782800000,5452,5527,5445.5,5527,570935
1551042000000,5531,5587.5,5496.5,5533,548742
1551128400000,5510,5551,5455.5,5551,595094
1551214800000,5561,5581,5526.5,5580,472896
1551301200000,5574,5587.5,5501,5501,852105
1551387600000,5517,5535,5488,5500.5,486945
1551646800000,5502.5,5550,5467,5546.5,425266
1551733200000,5535,5660,5530,5622.5,649004
1551819600000,5603,5730,5603,5713,770123
1551906000000,5690,5719.5,5642.5,5677,621335
1552251600000,5649,5669,5561,5561,664261
1552338000000,5584,5618.5,5571,5576,558181
1552424400000,5574,5609,5542.5,5609,530205
1552510800000,5616,5627,5580,5608,451468
1552597200000,5608,5662.5,5575.5,5662.5,988959
1552856400000,5625.5,5674.5,5600,5610,482950
1552942800000,5615,5682.5,5595,5682.5,552152
1553029200000,5682.5,5770,5664,5770,682158
1553115600000,5773,5793.5,5730,5759,1114265
1553202000000,5759,5799,5732,5793.5,700914
1553461200000,5760,5775,5729,5740,688816
1553547600000,5749,5819.5,5728.5,5809,486415
1553634000000,5805,5859.5,5802.5,5850,542224
1553720400000,5840,5890,5809,5880,646392
1553806800000,5881.5,5895,5841,5894,708494
1554066000000,5893,5942.5,5878.5,5909,435156
1554152400000,5919,5958,5902,5958,579149
1554238800000,5961,5996,5926,5926,596004
1554325200000,5929,5942.5,5863,5865,623610
1554411600000,5865,5905,5822,5822,473476
1554670800000,5851.5,5866.5,5800.5,5826,619901
1554757200000,5851,5851,5695,5736,1067819
1554843600000,5736,5738.5,5685.5,5692,763177
1554930000000,5689.5,5695,5627.5,5630,710264
1555016400000,5632,5647.5,5573.5,5600,610130
1555275600000,5601,5637.5,5586,5590,435112
1555362000000,5603,5662,5563,5609.5,733561
1555448400000,5630,5650,5548,5584,654558
1555534800000,5584,5610,5570,5610,469684
1555621200000,5620,5632.5,5600,5602,83771
1555880400000,5625,5696.5,5621.5,5690,276852
1555966800000,5700,5833.5,5700,5780,814827
1556053200000,5778,5800,5713.5,5760,637310
1556139600000,5768,5787,5648.5,5648.5,813292
1556226000000,5648,5648,5585,5588,671743
1556485200000,5612,5650,5545.5,5552,461635
1556571600000,5560,5581,5475,5511,924698
1556744400000,5510,5574,5506.5,5551,551551
1556830800000,5571.5,5599.5,5444,5453,729286
1557090000000,5421,5478,5369,5478,439246
1557176400000,5470.5,5479.5,5362,5405.5,1172134
1557262800000,5400.5,5406.5,5331,5331,802222
1557435600000,5315.5,5349.5,5258,5290,686582
1557694800000,5300,5378,5287.5,5350,821742
1557781200000,5330.5,5340,5165,5188.5,2213843
1557867600000,5206.5,5206.5,5000,5000,1739424
1557954000000,5000,5297.5,4980,5200,2899451
1558040400000,5170,5292.5,5170,5260,1404659
1558299600000,5254.5,5289,5172.5,5172.5,984747
1558386000000,5190,5329.5,5173,5300,1132972
1558472400000,5299.5,5364.5,5281,5317.5,747069
1558558800000,5300,5308,5260,5275,869165
1558645200000,5289,5313,5227.5,5240,848174
1558904400000,5250,5277,5198,5220,511953
1558990800000,5245,5272,5055,5100,6565822
1559077200000,5094,5249,5064.5,5240,1640216
1559163600000,5260,5324,5205,5230,1040325
1559250000000,5200,5268.5,5185,5268.5,877247
1559509200000,5256,5287,5226,5254.5,891610
1559595600000,5250.5,5276.5,5142.5,5170,1120517
1559682000000,5179.5,5184.5,5090,5103,912447
1559768400000,5105,5157,5095,5156.5,800241
1559854800000,5170,5184,5115,5133,1285920
1560114000000,5140,5186,5140,5181,602248
1560200400000,5175,5247,5165,5237,1054336
1560373200000,5210,5229,5155,5210.5,1000055
1560459600000,5192,5236.5,5178.5,5178.5,744740
1560718800000,5178,5220.5,5163,5190,776446
1560805200000,5183,5230,5157.5,5230,936099
1560891600000,5231,5255.5,5169,5245,857438
1560978000000,5267,5357.5,5258.5,5320,1663692
1561064400000,5307,5338,5268.5,5338,1544936
1561323600000,5338,5349,5270,5270,568356
1561410000000,5264,5311.5,5252.5,5309.5,596594
1561496400000,5307.5,5379,5307.5,5358.5,679718
1561582800000,5365,5417,5344,5380,555938
1561669200000,5380,5401.5,5292.5,5305,777518
1561928400000,5358,5414,5352.5,5378.5,576904
1562014800000,5388,5409.5,5359,5372,534736
1562101200000,5378,5387.5,5326.5,5345.5,611671
1562187600000,5346,5479.5,5340.5,5464.5,743542
1562274000000,5469,5530,5431,5460,1034667
1562533200000,5326,5379,5310,5357.5,678262
1562619600000,5357.5,5389,5353,5374,471887
1562706000000,5374,5376,5312,5365,624830
1562792400000,5368.5,5374.5,5250,5270,717382
1562878800000,5266,5287,5210.5,5263,509042
1563138000000,5254,5263.5,5151.5,5178.5,670344
1563224400000,5177,5200.5,5125,5190.5,659691
1563310800000,5190,5243,5172,5206,579687
1563397200000,5197.5,5223.5,5166,5166,364670
1563483600000,5185,5235,5185,5200.5,284084
1563742800000,5215.5,5240,5165.5,5165.5,359312
1563829200000,5175,5215,5166.5,5202.5,298386
1563915600000,5204.5,5205,5117,5134.5,538083
1564002000000,5147,5155,5062,5096.5,838535
1564088400000,5094,5150.5,5065,5075,881244
1564347600000,5076,5118,5070,5094.5,390034
1564434000000,5085.5,5106.5,5056,5105,685392
1564520400000,5111,5262,5102.5,5226.5,1160288
1564606800000,5205.5,5288.5,5194,5220.5,738210
1564693200000,5168.5,5245,5110,5130,1026138
1564952400000,5130,5169,5073.5,5139,1082766
1565038800000,5135,5234.5,5120.5,5234.5,1314452
1565125200000,5234,5262.5,5160,5210,1157490
1565211600000,5236.5,5302.5,5236.5,5268,1010794
1565298000000,5275,5287,5230.5,5287,766914
1565557200000,5319.5,5344,5292,5320,721090
1565643600000,5329.5,5330,5263.5,5276,796943
1565730000000,5265.5,5283,5090.5,5106.5,944164
1565816400000,5115,5123.5,5023.5,5023.5,888302
1565902800000,5048,5125,4982,5000,1041926
1566162000000,5030,5298,4996,5240,1904327
1566248400000,5260,5326.5,5203,5326.5,1053295
1566334800000,5335,5336,5254,5278,790942
1566421200000,5287.5,5305,5231,5275,601288
1566507600000,5278,5286.5,5158.5,5183.5,742478
1566766800000,5147,5210,5097.5,5115,566049
1566853200000,5124,5124,5035,5086.5,2851824
1566939600000,5095.5,5242.5,5055.5,5195,1911636
1567026000000,5219.5,5391,5199,5356,1905558
1567112400000,5356,5395,5327,5379.5,740271
1567371600000,5366,5506,5342,5475,843920
1567458000000,5452,5469,5371,5419,667867
1567544400000,5434.5,5476,5426.5,5450,683721
1567630800000,5460,5549.5,5460,5524.5,794565
1567717200000,5525.5,5555,5465,5526.5,692582
1567976400000,5537,5568,5471,5500,393729
1568062800000,5500.5,5504.5,5427,5476,485280
1568149200000,5478.5,5540,5437,5540,698686
1568235600000,5525,5536.5,5387.5,5429.5,853194
1568322000000,5406.5,5409.5,5340.5,5377.5,638231
1568581200000,5484,5582.5,5479.5,5559,1877393
1568667600000,5560,5600,5416,5472.5,1006856
1568754000000,5465,5480.5,5420,5467,573525
1568840400000,5455,5470.5,5382,5391,1113944
1568926800000,5389,5489,5371,5489,1578781
1569186000000,5460,5460,5403,5420,622325
1569272400000,5424,5438.5,5317.5,5337.5,688395
1569358800000,5326.5,5343.5,5265.5,5343.5,628849
1569445200000,5345,5399,5321,5387.5,619344
1569531600000,5383,5439.5,5370,5405,414147
1569790800000,5406,5435,5375.5,5387.5,477623
1569877200000,5390,5750,5385,5530,1695589
1569963600000,5530,5560,5405,5410,900852
1570050000000,5411,5450,5354,5362.5,666857
1570136400000,5384,5413.5,5300,5335,626907
1570395600000,5341,5388.5,5321,5367,420486
1570482000000,5376,5382,5315,5320,547392
1570568400000,5319,5337.5,5290,5304,532105
1570654800000,5308,5347,5261,5318.5,413506
1570741200000,5350,5466.5,5335,5425,827177
1571000400000,5448.5,5466,5387,5450,657236
1571086800000,5446,5622.5,5413.5,5601.5,1786560
1571173200000,5618,5803.5,5578,5710,3832134
1571259600000,5730,5817,5697,5715,1746329
1571346000000,5716,5748,5698,5720,717802
1571605200000,5722,5808.5,5705.5,5768,1074335
1571691600000,5800,5860.5,5771,5860.5,1208186
1571778000000,5849.5,5976,5828,5976,1070604
1571864400000,5960,6156,5957,6150,1730214
1571950800000,6121,6150,6026.5,6117.5,892202
1572210000000,6128.5,6194,5881,5916,1870618
1572296400000,5920,5950,5775.5,5820,1880721
1572382800000,5808,5896,5775,5850,1273087
1572469200000,5854,5977,5854,5919.5,1293941
1572555600000,5933.5,6045,5923,6021,797741
1572901200000,6066.5,6098,5955,6008,821452
1572987600000,6003.5,6140,5971,6140,1021395
1573074000000,6105,6144,6081,6133.5,1047562
1573160400000,6120,6135,6000,6040,729133
1573419600000,6000,6048,5958.5,6048,619945
1573506000000,6044,6098.5,5991,6033,633653
1573592400000,6004.5,6053,5976,6050,529921
1573678800000,6062,6165,6005.5,6084.5,1035327
1573765200000,6096,6170,6073.5,6161,862770
1574024400000,6177.5,6194,6066.5,6077,674965
1574110800000,6090,6137,6071,6090,536467
1574197200000,6066.5,6110,6025.5,6084.5,528908
1574283600000,6050,6088,6035,6087.5,437969
1574370000000,6062,6155,6062,6120,636349
1574629200000,6135,6137.5,6090,6103,394176
1574715600000,6105,6150,6060,6060,2320007
1574802000000,6069,6125.5,6060,6065,839412
1574888400000,6078,6133,6034,6120,724816
1574974800000,6120,6159.5,6084.5,6137.5,700302
1575234000000,6150,6227.5,6121.5,6159.5,946654
1575320400000,6159.5,6181,6031.5,6040,912501
1575406800000,6051.5,6106.5,6025.5,6073,682503
1575493200000,6082,6128.5,6054.5,6121.5,667172
1575579600000,6126,6220,6112.5,6220,714458
1575838800000,6236,6254.5,6182,6182,774803
1575925200000,6176,6191.5,6090,6095,844629
1576011600000,6088.5,6169,6080,6110,917654
1576098000000,6152,6165,6100,6136,1810421
1576184400000,6164.5,6197,6145,6168,1142550
1576443600000,6170,6212.5,6170,6190,704074
1576530000000,6193,6238.5,6187.5,6226,876963
1576616400000,6227,6258.5,6224.5,6250.5,1007116
1576702800000,6090,6150,6048.5,6079,1621047
1576789200000,6090,6097,6046,6079.5,2327379
1577048400000,6075.5,6095,6068.5,6082,767139
1577134800000,6084.5,6084.5,6050,6080.5,375764
1577221200000,6082.5,6089.5,6073,6081,236162
1577307600000,6080,6090,6076,6085,252200
1577394000000,6091,6155,6086.5,6150,459574
1577653200000,6153,6174.5,6144,6169,397600
1577998800000,6203.5,6294,6185,6294,795869
1578258000000,6300,6382,6284.5,6382,754518
1578430800000,6400,6513,6350.5,6496.5,976346
1578517200000,6450,6523.5,6393.5,6430,885962
1578603600000,6430.5,6505,6395,6490,499118
1578862800000,6492,6541.5,6465,6530,578058
1578949200000,6541.5,6566.5,6459.5,6520.5,719815
1579035600000,6519,6574,6480,6552.5,1053456
1579122000000,6558,6596,6542,6590,1021851
1579208400000,6590,6714.5,6581,6685,1209943
1579467600000,6700,6770,6684.5,6717,446766
1579554000000,6689,6716,6611,6708.5,548726
1579640400000,6719,6810,6655.5,6655.5,868105
1579726800000,6611,6633.5,6536.5,6590,1219853
1579813200000,6604,6650,6592.5,6620,507801
1580072400000,6540,6569.5,6413,6545,1078056
1580158800000,6565,6657,6503.5,6650,770628
1580245200000,6695.5,6726,6601.5,6633,948595
1580331600000,6499,6535,6415,6443.5,1606076
1580418000000,6635,6670,6540.5,6550.5,1766739
1580677200000,6517,6600,6517,6594.5,2677679
1580763600000,6602.5,6633,6490,6500,1671202
1580850000000,6517.5,6595,6452,6550.5,1105363
1580936400000,6587.5,6605,6501,6506.5,686416
1581022800000,6506.5,6529,6405,6450.5,946056
1581282000000,6450.5,6451.5,6350,6410,958337
1581368400000,6423,6441.5,6324.5,6397.5,1293245
1581454800000,6397,6466,6384.5,6466,950696
1581541200000,6455,6500,6388,6470.5,713241
1581627600000,6486,6498,6410,6451,484610
1581886800000,6439,6483.5,6431,6463,350713
1581973200000,6441,6442,6350.5,6378.5,714080
1582059600000,6407,6516,6405,6509,636803
1582146000000,6522,6560,6492.5,6543.5,741578
1582232400000,6519,6527.5,6450,6450,613524
1582578000000,6300,6348.5,6150.5,6165,1443783
1582664400000,6150,6268,6105.5,6256.5,1646844
1582750800000,6140,6186,6000,6000,1509864
1582837200000,5840,5870,5607,5699.5,3136177
1583096400000,5815,5897.5,5540,5550,2913732
1583182800000,5700,5900,5661,5782,1955344
1583269200000,5740.5,5928.5,5701.5,5908.5,1603921
1583355600000,5980,5996,5830,5862.5,1533383
1583442000000,5744.5,5775,5534.5,5592,2270105
1583787600000,5033,5083,4450,4549,7526760
1583874000000,4651,4988,4520,4908,4816839
1583960400000,4625,4745.5,4487.5,4511.5,3688507
1584046800000,4500,4760,4414,4414,3674323
1584306000000,4414,4414,4102,4251,2584084
1584392400000,4215,4326.5,4030,4168.5,2247349
1584478800000,4050.5,4145,3744,3754,3646263
1584565200000,3830,4484.5,3663,4333,4777045
1584651600000,4501,4745,4408,4472.5,5026033
1584910800000,4250,4409,4122,4175.5,3410036
1584997200000,4500,4550,4362.5,4494,2409326
1585083600000,4596,4725,4400,4590,2900489
1585170000000,4555,4700,4484.5,4700,2001929
1585256400000,4699,4745,4401.5,4430,2095726
1585515600000,4355,4459,4313,4459,1725236
1585602000000,4550,4715,4501,4715,2433310
1585688400000,4596,4734.5,4564,4674.5,1919728
1585774800000,4865,5229.5,4787.5,5050,3860103
1585861200000,5050,5364,4927,5204.5,3133078
1586120400000,5212,5270,5064,5163,2296193
1586206800000,5260,5260,5052.5,5118,1842884
1586293200000,5063,5175,5036.5,5140,1926786
1586379600000,5198,5275,5052,5201,2296255
1586466000000,5120,5139.5,5064,5130,716521
1586725200000,5118.5,5125,4933,5040,941577
1586811600000,5088,5119.5,4825,4844,2050966
1586898000000,4800,4800,4453,4484,2653586
1586984400000,4501.5,4631,4365,4561.5,3418181
1587070800000,4696,4697,4545,4620,1691455
1587330000000,4559.5,4637,4455,4522.5,1901928
1587416400000,4402,4533.5,4281,4475,3803184
1587502800000,4416.5,4810.5,4385.5,4810.5,3441491
1587589200000,4894.5,4979.5,4730,4902.5,2564752
1587675600000,4874.5,4876,4720,4745.5,1849964
1587934800000,4745,4790,4620,4650,1687755
1588021200000,4624,4808,4621,4738.5,2736525
1588107600000,4779,4940,4750,4897,2888562
1588194000000,4940,5040,4816.5,4826.5,3034509
1588539600000,4787,4909.5,4751.5,4848.5,1261445
1588626000000,4950,4985,4880,4975,1430540
1588712400000,5000,5014.5,4825,4857.5,1867699
1588798800000,4865,4950,4825,4839,1713477
1588885200000,4862.5,4879,4733,4832,1618465
1589230800000,4841,4928,4824,4897.5,1312203
1589317200000,4877.5,4896,4815.5,4819,1151391
1589403600000,4800,4870,4773,4870,1474143
1589490000000,4933,4968,4874.5,4874.5,1659668
1589749200000,4978.5,5191.5,4935,5170.5,2517559
1589835600000,5193,5285,5178.5,5272,2107046
1589922000000,5275,5471,5238,5450,2241360
1590008400000,5459,5548,5227,5286,2659586
1590094800000,5190.5,5348,5166,5317,1591595
1590354000000,5349.5,5420,5344,5412.5,619003
1590440400000,5500,5539.5,5435,5445,1608166
1590526800000,5424,5515.5,5285,5352.5,1740887
1590613200000,5355,5484.5,5309,5392,1392948
1590699600000,5380,5380,5224,5242.5,2452558
1590958800000,5349.5,5412.5,5269,5318,1315398
1591045200000,5357,5433,5340,5400,1356984
1591131600000,5450,5566.5,5424,5549.5,2084320
1591218000000,5530.5,5553,5430,5430,1480863
1591304400000,5475,5511.5,5434,5460,1219880
1591563600000,5490,5527.5,5351,5372,1556899
1591650000000,5400,5428.5,5305.5,5425,1389731
1591736400000,5410,5432,5314,5342,1522348
1591822800000,5305,5355.5,5269,5350,1439733
1592168400000,5220,5278,5120,5264,1755519
1592254800000,5327,5474.5,5310,5392,1603882
1592341200000,5418,5441.5,5301,5343,1356719
1592427600000,5330,5376,5290,5347,1228987
1592514000000,5411.5,5490,5389,5460,1875155
1592773200000,5436.5,5504.5,5392,5469,953886
1592859600000,5480,5507,5437.5,5452,955678
1593032400000,5325,5402,5310.5,5394,1556993
1593118800000,5388,5407,5303,5321.5,768876
1593378000000,5303,5327,5266.5,5315,976763
1593464400000,5310,5355,5279.5,5313,918107
1593637200000,5339.5,5422,5322.5,5416,1035932
1593723600000,5415.5,5431,5375.5,5416.5,481273
1593982800000,5451.5,5512,5450,5483.5,1127200
1594069200000,5475,5492.5,5429.5,5464,1013493
1594155600000,5465,5479,5405,5457,1425218
1594242000000,5157.5,5175,5061,5087,1707338
1594328400000,5048.5,5103,5026.5,5098,1016953
1594587600000,5116,5133.5,4909,4926.5,1215943
1594674000000,4933.5,4933.5,4784,4884,2045003
1594760400000,4901.5,4997,4865,4949.5,2058939
1594846800000,4929,4974,4895,4944.5,795472
1594933200000,4950.5,4972,4911,4946.5,558511
1595192400000,4948,4970,4910,4937,852694
1595278800000,4955,5005,4932.5,4953,1544015
1595365200000,4964.5,5063,4953,5037,1301767
1595451600000,5060,5089.5,4963.5,4974,1037388
1595538000000,4968,5010,4941.5,4987,1137981
1595797200000,4992.5,5039,4978,5013.5,962018
1595883600000,5021.5,5050,4976.5,5023,1101369
1595970000000,5034,5193,5022,5184.5,1821741
1596056400000,5170,5178,5055,5115,1138124
1596142800000,5114,5130,5051,5087.5,863152
1596402000000,5071,5087,5028,5037,827349
1596488400000,5052.5,5060,5002,5038.5,781024
1596574800000,5051,5155,5042,5136,1200589
1596661200000,5150.5,5174,5091,5130,882244
1596747600000,5112.5,5125.5,5066,5088,555614
1597006800000,5100,5153,5090,5112,649398
1597093200000,5115,5210,5113,5170,1302635
1597179600000,5188.5,5303.5,5188,5303,1089062
1597266000000,5300,5387,5252.5,5312,1023846
1597352400000,5323,5324,5234.5,5284.5,716916
1597611600000,5303,5321.5,5235,5281.5,678496
1597698000000,5255,5296,5231,5268.5,708172
1597784400000,5266,5313,5233,5246.5,629903
1597870800000,5220,5231,5088,5137.5,1222612
1597957200000,5150.5,5158,5027,5092.5,1040443
1598216400000,5110,5198,5103.5,5186,880228
1598302800000,5199.5,5228,5145,5220,972995
1598389200000,5230,5288,5197,5278,796121
1598475600000,5286,5292.5,5154,5174,1030676
1598562000000,5170,5178.5,5056.5,5082,777889
1598821200000,5095.5,5128.5,4960,4991,1417013
1598907600000,5010,5016,4917,4949,1287005
1598994000000,4952.5,4978.5,4828.5,4852,1545931
1599080400000,4840,4898,4795.5,4814,1514280
1599166800000,4802,4888,4802,4858,964480
1599426000000,4829,4850,4790,4795,647618
1599512400000,4801,4822,4684.5,4719.5,1302271
1599598800000,4701,4758.5,4664,4709,1082040
1599685200000,4716,4736,4631.5,4661,1072846
1599771600000,4667.5,4749,4645.5,4725.5,822491
1600030800000,4749.5,4804.5,4733,4752.5,946469
1600117200000,4755,4884,4735,4876,1499032
1600203600000,4893,4929.5,4821.5,4863.5,1354314
1600290000000,4813.5,4821,4750.5,4793.5,1540812
1600376400000,4805,4815.5,4655,4677,2915521
1600635600000,4664,4665,4462,4511,2314832
1600722000000,4504,4560,4458,4529,1449534
1600808400000,4525,4542,4443.5,4456,1339531
1600894800000,4459.5,4584.5,4410,4563,1625362
1600981200000,4578.5,4600.5,4478,4560,1163926
1601240400000,4574.5,4634.5,4552,4627,1053803
1601326800000,4629,4644.5,4484,4508.5,1596613
1601413200000,4487,4520.5,4457,4470,1018573
1601499600000,4489,4506.5,4390.5,4408.5,1025318
1601586000000,4376.5,4382.5,4313,4379,1220040
1601845200000,4405.5,4487,4363.5,4479,1229441
1601931600000,4492,4563.5,4486.5,4519.5,1156151
1602018000000,4504,4527,4398.5,4474,1172361
1602104400000,4481.5,4503,4431,4498,954794
1602190800000,4510,4510.5,4411,4451.5,853414
1602450000000,4444,4493.5,4428,4445,612369
1602536400000,4440,4473,4364,4374.5,798784
1602622800000,4371.5,4385.5,4326,4364.5,932158
1602709200000,4352,4362.5,4231,4271,1447902
1602795600000,4260,4301,4200.5,4253,1483662
1603054800000,4280,4296,4171,4194,824375
1603141200000,4185,4289,4164,4270,951566
1603227600000,4297,4297,4202,4211.5,875044
1603314000000,4190,4318,4182,4307.5,1087150
1603400400000,4305,4374.5,4287.5,4325,1004104
1603659600000,4289.5,4301.5,4205,4223,884878
1603746000000,4235,4249.5,4111,4123.5,1238276
1603832400000,4095,4109.5,3961,4012.5,2009306
1603918800000,4035.5,4080,3996,4057.5,1375834
1604005200000,4001,4089,3970,4050,1228320
1604264400000,4020,4165,3992,4162,1698996
1604350800000,4160,4269.5,4160,4252,1530896
1604523600000,4300.5,4379,4279.5,4321.5,1398804
1604610000000,4306,4418.5,4272,4396,1366027
1604869200000,4455,4820,4420,4755,4572008
1604955600000,4750,4950,4702,4884.5,3271228
1605042000000,4920.5,4996,4916.5,4945,2667838
1605128400000,4900,4939.5,4821.5,4853,1865295
1605214800000,4830,4900,4795,4879,947188
1605474000000,4901,4949.5,4861,4932.5,1404218
1605560400000,4943,4954,4796.5,4864,1513399
1605646800000,4841,4972,4818,4890,1367818
1605733200000,4880,4937,4850,4916,1214118
1605819600000,4915,4952,4877.5,4948.5,767359
1606078800000,4962,5046.5,4945.5,5026.5,1805934
1606165200000,5056,5179.5,5050,5179.5,2122623
1606251600000,5192,5395,5141.5,5392.5,3141954
1606338000000,5396,5400,5236,5243,1827082
1606424400000,5230,5269.5,5164.5,5260,1650507
1606683600000,5200,5250,4982,5063,3722676
1606770000000,5072,5121,5022,5058.5,1507829
1606856400000,5034,5199,5024,5167,1544646
1606942800000,5172,5184.5,4988,5053,2013518
1607029200000,5122,5195,5090.5,5122,1514440
1607288400000,5103.5,5143,5035.5,5039.5,1185738
1607374800000,5015.5,5059,4953,4994,1265912
1607461200000,5004,5128,4980,5023,1549389
1607547600000,5006.5,5338,5005.5,5287,2582921
1607634000000,5298.5,5420,5275,5380,2278053
1607893200000,5420,5494,5262,5325,2110358
1607979600000,5306.5,5399.5,5220,5297.5,1487749
1608066000000,5299.5,5307,5105,5174,2286551
1608152400000,5180,5244.5,5104,5188,2016282
1608238800000,5173,5176.5,5075,5140,2725306
1608498000000,5061.5,5115,4938.5,5095.5,2458741
1608584400000,5040.5,5138,5040.5,5073,1160624
1608670800000,5070,5130,5047.5,5107,659202
1608757200000,5128.5,5148,5082.5,5105.5,434562
1608843600000,5114.5,5114.5,5087.5,5106,134720
1609102800000,5114,5175.5,5101,5101.5,688228
1609189200000,5115.5,5170,5114,5143,661210
1609275600000,5149.5,5204,5146,5169.5,790048
1609707600000,5238.5,5274.5,5186.5,5212.5,778343
1609794000000,5214.5,5359,5180,5358.5,1178943
1609880400000,5375,5401,5304,5376.5,1394998
1610053200000,5450,5557.5,5425,5556.5,2070143
1610312400000,5510,5639,5451,5599,2047794
1610398800000,5616,5724.5,5615,5721,1747049
1610485200000,5750,5827,5706,5755,2045581
1610571600000,5750,5957.5,5715,5937,2106542
1610658000000,5882.5,5995,5852,5888.5,1915743
1610917200000,5865,5902,5802.5,5873,1308036
1611003600000,5913,5968,5854,5892,1243631
1611090000000,5907,5962,5843,5864,966472
1611176400000,5884.5,5921.5,5710,5771,1832271
1611262800000,5701,5787,5626,5740.5,1639101
1611522000000,5755,5797.5,5675,5722,1320901
1611608400000,5681,5703.5,5553,5595.5,1622050
1611694800000,5619.5,5631,5484,5499.5,1733280
1611781200000,5467,5617,5442.5,5575,1686020
1611867600000,5552,5561.5,5365.5,5377,2021903
1612126800000,5420,5426,5296.5,5406,2113706
1612213200000,5427.5,5577,5407.5,5516,2451039
1612299600000,5554,5642,5491.5,5555,1799457
1612386000000,5565,5728.5,5529,5699.5,2271731
1612472400000,5742,5770.5,5644,5715,1126362
1612731600000,5750,5797.5,5698,5758,963993
1612818000000,5780.5,5796,5654,5695,1051082
1612904400000,5699.5,5712.5,5560,5594.5,1340820
1612990800000,5581,5690,5546,5641.5,705999
1613077200000,5624.5,5756.5,5501,5756,1265401
1613336400000,5820,5910,5772,5909.5,1142351
1613422800000,5918,5930,5805.5,5868.5,933839
1613509200000,5865,5876.5,5682,5768.5,1285106
1613595600000,5761,5784,5588.5,5615,1263225
1613682000000,5576,5697,5561,5656,1243506
1613768400000,5657,5659,5602.5,5633,123120
1613941200000,5650.5,5797,5592,5786,1191981
1614114000000,5751,5791,5676.5,5788.5,1138744
1614200400000,5804.5,5888,5731,5740.5,1650247
1614286800000,5707,5794.5,5545,5575.5,2508179
1614546000000,5623,5660,5590.5,5634,1041586
1614632400000,5610,5676,5592,5648.5,771443
1614718800000,5682,5747.5,5631.5,5701,889035
1614805200000,5719,5955,5690,5806,1944534
1614891600000,5852,6245,5852,6236,3839237
1615237200000,6200,6405,6167,6305,1978806
1615323600000,6276,6300.5,6084,6127.5,1644012
1615410000000,6150,6339,6109.5,6339,1526249
1615496400000,6310.5,6377,6267,6356,950677
1615755600000,6381,6480,6360,6472.5,1704619
1615842000000,6451,6470.5,6314,6445,1911379
1615928400000,6450,6475,6294,6363,1610167
1616014800000,6369,6373.5,6059,6083,2135207
1616101200000,6073,6149,5960,6078,2907248
1616360400000,6063,6167,5980,6118,1218133
1616446800000,6088,6098,5951,5961,1731389
1616533200000,5999.5,6231,5976,6162.5,1527101
1616619600000,6155,6195.5,6056,6182,1161877
1616706000000,6200,6289,6194,6283,1197568
1616965200000,6233,6278,6174,6257.5,818553
1617051600000,6268,6316.5,6125.5,6155,945193
1617138000000,6172.5,6188,6097.5,6111.5,833984
1617224400000,6152.5,6189,6015,6112,1143940
1617310800000,6120.5,6137,6076.5,6108.5,236119
1617570000000,6095,6095,5951,5990.5,856536
1617656400000,6008,6024,5871.5,5891,1171924
1617742800000,5893.5,6001,5842,5978,1424539
1617829200000,5990,6068,5945,6008.5,768587
1617915600000,6001,6006,5867,5933,1148067
1618174800000,5900,6037,5886.5,6020,1271608
1618261200000,6003.5,6055,5946.5,6044.5,752392
1618347600000,6080,6168.5,5975,6134,1343550
1618434000000,6088.5,6118.5,6017,6054.5,1194216
1618520400000,6089,6104,6025,6066,761537
1618779600000,6059,6087,5986,6007,555681
1618866000000,6021.5,6061,5840,5897,1450363
1618952400000,5882,5966.5,5876.5,5946,850747
1619038800000,5945,6057,5886.5,5999,1305530
1619125200000,6020,6027.5,5931,5950,855974
1619384400000,5952,5971,5892.5,5919,841031
1619470800000,5917,5966.5,5870.5,5903.5,763487
1619557200000,5906,5945,5844,5901,891582
1619643600000,5931,5945,5875,5926,1023222
1619730000000,5917.5,5945,5760,5805,1379074
1620075600000,5824,5999,5815,5991,1373584
1620162000000,6010,6156,5985.5,6122,1341451
1620248400000,6122,6185,6061,6087,1017307
1620334800000,6104,6122.5,6042.5,6088,726508
1620594000000,6097,6203,6093,6118,1043015
1620680400000,6093.5,6093.5,5948,6021,1247646
1620766800000,6028,6205,6003.5,6119,1425406
1620853200000,6100,6127,5999.5,6040,1174685
1620939600000,6052.5,6077,6002,6050,506014
1621198800000,6020,6026,5868.5,5976,1721230
1621285200000,6000,6043,5962.5,5994,1805082
1621371600000,5969,5978,5767.5,5862.5,1734941
1621458000000,5855,5863.5,5681,5711,1350818
1621544400000,5719,5852,5697,5800.5,1123385
1621803600000,5831.5,5859.5,5774,5818,572345
1621890000000,5835,5975.5,5823,5913,1086511
1621976400000,5923,6019.5,5918,6016.5,1173581
1622062800000,6000,6012,5915,5992,1612395
1622149200000,6012,6030,5936,5955,734305
1622408400000,5957,6010.5,5951,5993,393169
1622494800000,6021,6223,6017,6210,2081713
1622581200000,6222,6430,6215,6428,2239304
1622667600000,6460,6499,6327,6474.5,1956653
1622754000000,6472,6570,6442,6511,1523774
1623013200000,6489.5,6590,6460,6555,919194
1623099600000,6530,6564.5,6400,6504.5,1372864
1623186000000,6525,6595.5,6487,6587,942956
1623272400000,6575.5,6660.5,6548,6570,1088751
1623358800000,6570,6607.5,6488,6518.5,578710
1623618000000,6528,6547.5,6447,6515,581598
1623704400000,6530,6530,6431,6504.5,827998
1623790800000,6524,6637.5,6522.5,6591.5,1181404
1623877200000,6570,6746,6560.5,6669.5,1678653
1623963600000,6640,6710,6606,6653,1865165
1624222800000,6645,6700,6603,6697,687141
1624309200000,6737.5,6769,6663,6715.5,1072490
1624395600000,6733,6741.5,6621,6633,1062165
1624482000000,6632.5,6759,6620,6725,1483768
1624568400000,6712,6813,6710.5,6810,882066
1624827600000,6810,6867,6744,6759,805119
1624914000000,6730.5,6749,6642.5,6685,1285234
1625000400000,6686,6804.5,6617,6762.5,1145816
1625086800000,6770,7013,6762,7010,1490962
1625173200000,6827,6920,6810.5,6849,999683
1625432400000,6878,6878,6767,6845,387183
1625518800000,6870,6939,6824,6829,1543291
1625605200000,6825,6904.5,6732.5,6782,935129
1625691600000,6740,6750,6597,6684,1030130
1625778000000,6668,6717,6618,6655,844390
1626037200000,6650,6650,6573,6611,539896
1626123600000,6625,6646,6580,6637,650198
1626210000000,6631,6750,6562,6566,1139931
1626296400000,6550,6552,6403,6430.5,974161
1626382800000,6397,6479.5,6327.5,6362,783182
1626642000000,6303.5,6339,6213.5,6228,927952
1626728400000,6270,6330,6205,6307.5,1050384
1626814800000,6291,6408.5,6265.5,6393,910007
1626901200000,6401.5,6467,6330.5,6456,866931
1626987600000,6467.5,6477.5,6380.5,6433.5,737085
1627246800000,6371,6408,6315,6405,646238
1627333200000,6375,6401.5,6292,6332.5,648657
1627419600000,6346,6427,6342,6415,687712
1627506000000,6445,6455.5,6382.5,6416,675045
1627592400000,6395,6402,6266.5,6299,1129971
1627851600000,6308.5,6380,6260,6308,893449
1627938000000,6302,6330,6205.5,6297,999608
1628024400000,6310,6333.5,6226,6235,755593
1628110800000,6215,6312,6211.5,6312,578500
1628197200000,6319,6328.5,6227,6236,727805
1628456400000,6198,6310,6110.5,6290,790810
1628542800000,6324.5,6427.5,6322,6423.5,997680
1628629200000,6438,6487.5,6400,6450,918499
1628715600000,6450,6530,6431.5,6504.5,621417
1628802000000,6490,6512,6406,6429.5,572572
1629061200000,6400,6503,6369.5,6495.5,622022
1629147600000,6475,6615,6441.5,6567.5,1150414
1629234000000,6605,6615,6444.5,6445,757476
1629320400000,6401,6424.5,6255,6332,1237533
1629406800000,6315,6348,6262.5,6339.5,561424
1629666000000,6394,6489,6371,6475.5,752252
1629752400000,6500,6521.5,6408,6488,634445
1629838800000,6462,6483,6420.5,6431,407057
1629925200000,6420,6430,6308,6343.5,610562
1630011600000,6373,6443,6325.5,6429.5,770489
1630270800000,6445,6471.5,6403.5,6439,504822
1630357200000,6438,6449,6221,6283.5,2057150
1630443600000,6300,6351,6264,6334,1106990
1630530000000,6330,6408,6278.5,6350.5,1129794
1630616400000,6364,6366,6301,6330,653649
1630875600000,6327,6372,6314.5,6325,561608
1630962000000,6335,6338.5,6268.5,6280,791767
1631048400000,6282,6354,6246.5,6341.5,1079330
1631134800000,6330,6354.5,6261,6269.5,828093
1631221200000,6300,6339,6272,6300,749569
1631480400000,6321,6423.5,6308,6420.5,806702
1631566800000,6441,6600,6428.5,6570,1833739
1631653200000,6600,6767,6583.5,6724.5,1492013
1631739600000,6693,6800,6565,6664,1763382
1631826000000,6670.5,6673,6565,6600.5,1333070
1632085200000,6540,6596.5,6494,6551,869585
1632171600000,6579,6660,6557,6605,917997
1632258000000,6652.5,6721.5,6622,6702,669169
1632344400000,6750,6801,6707,6801,968046
1632430800000,6800,6859.5,6740.5,6825,825317
1632690000000,6900,7003,6871,6986,1414529
1632776400000,7015,7141.5,6964,6968,1474733
1632862800000,6929,7030,6900.5,6992,1055481
1632949200000,7010,7039,6850.5,6903.5,1428208
1633035600000,6866,6990,6835,6987.5,698375
1633294800000,7000,7160.5,6940.5,7134.5,1571166
1633381200000,7160,7417,7123,7346.5,1668884
1633467600000,7410,7417,7030,7096,1551968
1633554000000,7132,7189.5,6984.5,7165,1283224
1633640400000,7205,7279,7170.5,7220,923158
1633899600000,7299.5,7320,7253,7264,741966
1633986000000,7210,7332,7192,7306,818744
1634072400000,7333,7333.5,7070.5,7252,1258068
1634158800000,7285.5,7319,7172,7215,805588
1634245200000,7252,7318,7195,7306.5,951697
1634504400000,7320,7364,7271.5,7319,712413
1634590800000,7336,7373,7240.5,7373,761337
1634677200000,7363,7460,7320,7439,855926
1634763600000,7400,7429,7202.5,7232,930442
1634850000000,7213,7314.5,7172,7200,818275
1635109200000,7239,7483,7215,7441.5,1354312
1635195600000,7449,7525,7381,7440.5,1135365
1635282000000,7405,7486.5,7322,7323.5,747021
1635368400000,7286,7320,7190,7288.5,1384419
1635454800000,7260,7315,7118,7272.5,1312102
1635714000000,7265,7327.5,7242,7293,595251
1635800400000,7304,7394,7193.5,7214,947121
1635886800000,7190,7202.5,7125,7175,595460
1636059600000,7132,7205,7082,7199,593784
1636318800000,7240,7275,7202,7208.5,511334
1636405200000,7200,7255,7117.5,7188,792617
1636491600000,7209,7266,7120,7137.5,656157
1636578000000,7158,7171,6969,7094.5,1091134
1636664400000,7061.5,7067,6835,6878,1938669
1636923600000,6852,6979.5,6815,6918.5,910006
1637010000000,6956,7006,6905,6946.5,847550
1637096400000,6945,6950,6840,6884.5,1145790
1637182800000,6832,6887,6783.5,6840,815008
1637269200000,6897,6902.5,6660,6709,1373425
1637528400000,6690,6756.5,6532,6575.5,1753618
1637614800000,6551,6837,6490,6829.5,1589865
1637701200000,6850.5,6891,6686.5,6814.5,1373375
1637787600000,6814.5,6890.5,6655,6661.5,1077941
1637874000000,6462,6516.5,6335.5,6374,2178016
1638133200000,6510,6713,6480,6616,1810788
1638219600000,6502,6688.5,6418.5,6513,2729250
1638306000000,6600,6740.5,6543,6576.5,1741752
1638392400000,6611,6768,6558,6732,1462843
1638478800000,6751,6770,6571.5,6639.5,843400
1638738000000,6690,6740,6500,6650,1174784
1638824400000,6664,6766.5,6645,6720.5,2165697
1638910800000,6721,6784.5,6510,6574.5,2076631
1638997200000,6594,6636,6501.5,6619,1226562
1639083600000,6624.5,6673,6568.5,6619.5,675348
1639342800000,6630,6700,6352,6376,1539832
1639429200000,6399.5,6628,5912.5,6592,2086361
1639515600000,6591,6625,6447,6595,1122112
1639602000000,6604.5,6779,6595,6729,1752948
1639688400000,6737.5,6765,6603.5,6670,2014454
1639947600000,6344,6368,6237,6328.5,1725550
1640034000000,6350,6428,6285,6348.5,1119668
1640120400000,6368.5,6393.5,6319.5,6349.5,838937
1640206800000,6359,6380,6285,6304.5,665462
1640293200000,6300,6328,6220.5,6313.5,385833
1640552400000,6321.5,6398.5,6315,6397.5,515599
1640638800000,6395,6559.5,6377,6478,994800
1640725200000,6488,6525,6421,6516,842308
1640811600000,6516.5,6597,6480,6573,768283
1641157200000,6592,6705.5,6586,6683,610921
1641243600000,6688,6741,6627,6728,551239
1641330000000,6715.5,6755,6501,6522,972892
1641416400000,6530,6706,6459,6699,906403
1641762000000,6730,6880,6650.5,6775,1238121
1641848400000,6799,6850,6732.5,6816,926296
1641934800000,6814.5,6969,6770,6960,1268243
1642021200000,6927,6951.5,6610,6665,1767811
1642107600000,6699,6791,6469,6659,2077166
1642366800000,6668,6734,6445,6516,1581542
1642453200000,6548,6587,6132,6250,3676435
1642539600000,6250,6670,6020,6494,3237227
1642626000000,6549,6683,6324,6430,2237789
1642712400000,6400,6514,6310,6420,1940586
1642971600000,6445,6479,6078,6293,2935738
1643058000000,6270,6562.5,6177.5,6543,2082348
1643144400000,6542,6690,6405,6525.5,2225385
1643230800000,6498,6900,6432,6811.5,2117689
1643317200000,6784,6945,6755,6775,1584821
1643576400000,6810,6910,6780,6878,1296194
1643662800000,6884,7013.5,6826,6976,1229137
1643749200000,6975,7050,6936,7040,983000
1643835600000,7026.5,7030,6794.5,6865.5,1321908
1643922000000,6897,7110,6892,7010,1754048
1644181200000,7047,7060,6825.5,6988,977367
1644267600000,6985,7044,6938,6957.5,931306
1644354000000,6966.5,7009,6900,6973.5,1547296
1644440400000,6970,7084,6894,6984.5,1378641
1644526800000,6960,7000,6624.5,6707.5,1888816
1644786000000,6684,6885,6524.5,6796,1950018
1644872400000,6840,7077.5,6783,6979,1778946
1644958800000,7028,7068,6902.5,6970,1180028
1645045200000,6956.5,6968,6650,6733,1740140
1645131600000,6739,6832,6415,6456.5,1700147
1645390800000,6480,6649,5609.5,5810,4538212
1645477200000,5805,6050,5479,6020,5901625
1645650000000,5410.5,5410.5,3019.5,4650,4692673
1645736400000,4400,5360,4400,4915,2013374
1648069200000,5302.5,5993,5300,5525,1203273
1648155600000,5600,5761,5022,5206,875180
1648414800000,5200,5200,4915,5118,228856
1648501200000,5118,5350,4800,4922,642270
1648587600000,5050,5140,5000,5140,287528
1648674000000,5120,5680,5100,5680,469075
1648760400000,5660,5868,5450,5601,385732
1649019600000,5698,5750,5395,5557,304176
1649106000000,5574,5590,5220,5314,245013
1649192400000,5314,5514,5224.5,5266,195342
1649278800000,5260,5356,5240,5280,264677
1649365200000,5299.5,5319.5,5087,5226.5,199667
1649624400000,5225,5385,5184,5190,144622
1649710800000,5200,5250,5026,5145,219888
1649797200000,5179.5,5209,5056,5106,160929
1649883600000,5115.5,5120,4862,4879.5,199123
1649970000000,4879,4956,4800,4893,151321
1650229200000,4913,4948,4524,4549,407463
1650315600000,4592,4592,4108,4485,708763
1650402000000,4498.5,4536,4215.5,4310,726085
1650488400000,4331.5,4340,3910,3974,1217428
1650574800000,3974,4044,3682,3828,1648909
1650834000000,3828,3994,3710.5,3931,560388
1650920400000,3970.5,4587.5,3960.5,4292,1354489
1651006800000,4325,4559,4276,4550,783960
1651093200000,4551,4740,4318,4381,923456
1651179600000,4410,4717,4380,4699.5,865620
1651611600000,4747,4772.5,4526,4552,443415
1651698000000,4602,4689.5,4600.5,4675,230329
1651784400000,4689,4690,4568,4635.5,376027
1652216400000,4640,4699,4539,4600,242217
1652302800000,4550,4581,4325.5,4362.5,525898
1652389200000,4400,4439,4300,4380,272066
1652648400000,4380,4669.5,4380,4523.5,1136184
1652734800000,4543,4589,4400,4500,388536
1652821200000,4520,4565,4480,4483.5,273956
1652907600000,4483.5,4509.5,4381.5,4415.5,229822
1652994000000,4419,4449,4258,4279,304795
1653253200000,4305,4350,4031,4050,332955
1653339600000,4050,4062.5,3882,3942,501949
1653426000000,3999,4148,3975,4148,339337
1653512400000,4160,4298.5,4085,4263,488502
1653598800000,4285,4359.5,4255,4290,475101
1653858000000,4351,4380,4100,4220,415915
1653944400000,4180,4199,4043,4061.5,305244
1654030800000,4050,4125,4003,4074,373116
1654117200000,4078,4085.5,3993,4035,314254
1654203600000,4040,4070,3930,3980.5,339606
1654462800000,3985,4028,3927,3940,291266
1654549200000,3940,3970,3816,3959.5,457704
1654635600000,3968,4050,3864,3945.5,437125
1654722000000,3954,3956.5,3865,3876,289287
1654808400000,3865,3903,3830,3898,362443
1655154000000,3881,3927.5,3846,3891.5,299314
1655240400000,3880,4125,3880,4115,725308
1655326800000,4116.5,4300,4105,4261.5,1089748
1655413200000,4289.5,4326,4137,4182,499050
1655672400000,4202,4245,4128,4209.5,461006
1655758800000,4239,4279.5,4031.5,4045,590551
1655845200000,3990,4179.5,3932.5,4139,745924
1655931600000,4140.5,4207,4076.5,4150,657194
1656018000000,4149,4160,4044.5,4100,314432
1656277200000,4100,4120,4056,4100,223537
1656363600000,4109.5,4109.5,3983,3989.5,394209
1656450000000,3980,4078,3920.5,4015,442797
1656536400000,4000,4056.5,3865,3905,751500
1656622800000,3915,4002.5,3876,3944,504465
1656882000000,3946,4095,3944,3949.5,421077
1656968400000,3950.5,4048,3905,4015,442662
1657054800000,4000,4150,3945,3962,603617
1657141200000,3963,4010,3940,3956,339571
1657227600000,3959.5,3980,3902.5,3911,359490
1657486800000,3900,3920,3802.5,3848.5,539588
1657573200000,3830,3846,3713,3752,502248
1657659600000,3757,3767,3619,3645.5,585484
1657746000000,3645.5,3710,3551,3608,610142
1657832400000,3643.5,3710,3580,3709,461637
1658091600000,3721,3777,3613,3645,386000
1658178000000,3645,3654.5,3567,3600,306816
1658264400000,3601,3664,3556.5,3580,350246
1658350800000,3577,3577.5,3482.5,3539.5,485936
1658437200000,3552,3688,3551,3688,575224
1658696400000,3672,3709.5,3637,3669,369717
1658782800000,3694,3825,3675.5,3825,544414
1658869200000,3850,3878,3810,3847.5,488725
1658955600000,3870,3885,3770,3831,423004
1659042000000,3830,3880,3809.5,3877,275990
1659301200000,3883,4030,3825.5,3931,1010266
1659387600000,3930.5,3965.5,3795,3823,585713
1659474000000,3823,3855,3784,3799,398600
1659560400000,3800,3816,3712,3720,374530
1659646800000,3720,3746,3659.5,3679.5,379687
1659906000000,3779,3819,3720,3720,356659
1659992400000,3720,3895,3701.5,3895,456809
1660078800000,3895,3910,3825,3890,452727
1660165200000,3899,3963,3875,3925,500967
1660251600000,3935,3979,3901,3940.5,399401
1660510800000,3945,4005,3904.5,3959,344898
1660597200000,3977,4025,3936,4018,431901
1660683600000,4020,4044,3907,3907,504381
1660770000000,3906.5,3942,3878,3920,321619
1660856400000,3945,3974,3894,3972,380080
1661115600000,3968,4028.5,3944.5,4017,396278
1661202000000,4022,4099,4016,4098,400484
1661288400000,4103,4128,4066,4117,306254
1661374800000,4125,4143.5,4047,4055,402471
1661461200000,4056,4115,4046.5,4115,280373
1661720400000,4114,4207,4088.5,4186,451999
1661806800000,4198,4220,4120,4140,492812
1661893200000,4300,4300,4161.5,4270,1290069
1661979600000,4250,4773,4221,4722,2450494
1662066000000,4660,4714.5,4556,4595,1760288
1662325200000,4619.5,4690,4483,4658,1126019
1662411600000,4660,4666.5,4410.5,4545,1090840
1662498000000,4545,4545,4420,4420,805982
1662584400000,4400,4432.5,4376,4410,426722
1662670800000,4437,4500,4401.5,4470,515383
1662930000000,4460,4591.5,4426.5,4560,620069
1663016400000,4570,4588.5,4510,4542.5,411138
1663102800000,4531,4548,4403.5,4472,795168
1663189200000,4471,4558,4436,4530,603939
1663275600000,4539,4580,4475,4519,477748
1663534800000,4524.5,4548,4445,4496,350560
1663621200000,4478,4494,3830,4055,2618662
1663707600000,3622.5,4044,3622.5,3955,1492869
1663794000000,3955,4095.5,3951.5,4011,730068
1663880400000,4014,4037,3875,3948.5,952665
1664139600000,3856,3882,3605.5,3708,1476193
1664226000000,3800,3924,3715,3865,819062
1664312400000,3840,3967,3806.5,3907.5,659396
1664398800000,3948,3958,3809,3882.5,755528
1664485200000,3891,4088,3750,3965,851752
1664744400000,3971,4092,3912.5,4077,544909
1664830800000,4100,4140,3961.5,4094,673711
1664917200000,4088.5,4189,4000,4102.5,827581
1665003600000,4123,4158,4010,4041,473225
1665090000000,4025,4030,3850,3875,577138
1665349200000,3778,4069,3757,4035,827969
1665435600000,4040,4188,4012.5,4170,665088
1665522000000,4181,4280,4135,4149,797244
1665608400000,4150,4261.5,4118,4185.5,636889
1665694800000,4199,4203,4090,4139,485061
1665954000000,4150,4220,4113,4212.5,515655
1666040400000,4255,4359,4207,4240,761617
1666126800000,4210.5,4277,4106.5,4204.5,932503
1666213200000,4220,4400,4180.5,4380.5,1049531
1666299600000,4399,4462,4350.5,4433,855199
1666558800000,4474,4491,4385.5,4439.5,633248
1666645200000,4465,4579.5,4436,4569.5,651312
1666731600000,4574,4624,4512.5,4613.5,668598
1666818000000,4623.5,4746.5,4592,4724,789173
1666904400000,4712,4800,4516,4700.5,2324509
1667163600000,4730,4765,4659,4695.5,645169
1667250000000,4725,4729.5,4660,4700,343265
1667336400000,4710,4788,4626.5,4670,999931
1667422800000,4670,4687,4620,4687,557486
1667768400000,4718,4732,4695,4723.5,679575
1667854800000,4723.5,4725,4688,4697.5,342418
1667941200000,4698,4713,4600,4632,483762
1668027600000,4633,4694.5,4625.5,4681,484272
1668114000000,4690.5,4694,4648.5,4670,368320
1668373200000,4680,4684.5,4654,4658.5,370000
1668459600000,4660,4676,4427,4565,858460
1668546000000,4596,4670,4576.5,4661.5,416935
1668632400000,4662,4666,4602,4621,260762
1668718800000,4583,4641,4583,4623,252615
1668978000000,4623,4625,4555,4605.5,419865
1669064400000,4608,4646.5,4581,4618,325156
1669150800000,4628,4719,4610,4679,611651
1669237200000,4680,4707,4653,4664,221070
1669323600000,4668,4678.5,4635,4669,234262
1669582800000,4647,4657,4590,4624,457960
1669669200000,4631,4648,4595,4602,458143
1669755600000,4603,4618,4584,4614.5,335624
1669842000000,4618,4623.5,4572.5,4599.5,323109
1669928400000,4590,4598,4574,4577.5,320743
1670187600000,4589.5,4649,4575,4619,915566
1670274000000,4632.5,4633,4586,4603.5,437627
1670360400000,4610,4612,4580,4592.5,264166
1670446800000,4600,4602,4565,4578,284671
1670533200000,4583,4586,4570,4583,224466
1670792400000,4595,4607,4575,4583.5,325265
1670878800000,4596,4596,4560,4577.5,411496
1670965200000,4580,4604,4560,4590.5,557598
1671051600000,4591,4599.5,4511,4521,722358
1671138000000,4526.5,4590,4501,4580,633257
1671397200000,4585,4625,4530.5,4625,1255747
1671483600000,4146,4146,3883.5,4076,1893759
1671570000000,4085,4095,3997,4040.5,700517
1671656400000,4050,4058.5,4017,4027.5,428577
1671742800000,4022,4024.5,3985,4010.5,413409
1672002000000,4014,4047,4000,4010,380715
1672088400000,4020,4035,4011,4028.5,392368
1672174800000,4032.5,4040,4010,4015.5,374999
1672261200000,4017,4035,4015.5,4022,274674
1672347600000,4030.5,4088,4022.5,4069.5,454463
1672693200000,4082,4139,4075.5,4123.5,321492
1672779600000,4124,4165.5,4090,4116,405820
1672866000000,4121.5,4127,4081.5,4087,176209
1672952400000,4088,4118,4085,4089,239862
1673211600000,4105,4123,4093,4110,356313
1673298000000,4100,4104,4063.5,4079,287625
1673384400000,4080,4099,4065.5,4090.5,264357
1673470800000,4091,4094,4071,4078.5,175454
1673557200000,4080,4090,4068,4074,222760
1673816400000,4078,4096.5,4045,4052,463287
1673902800000,4052.5,4060.5,4015,4025,326706
1673989200000,4037.5,4049,4012,4021,270721
1674075600000,4019.5,4020,3974,3981,414205
1674162000000,3982,3995,3925,3944,384133
1674421200000,3950,3979.5,3944.5,3972.5,340221
1674507600000,3986,3990,3930.5,3942.5,296368
1674594000000,3949,3960,3900.5,3923.5,542133
1674680400000,3924,3935,3901.5,3911,326405
1674766800000,3911,3920,3892.5,3917,473474
1675026000000,3929,3954,3917,3947.5,321296
1675112400000,3947,3972.5,3925.5,3955,377660
1675198800000,3959.5,3989,3935,3955.5,354764
1675285200000,3955.5,3960,3900.5,3918.5,567894
1675371600000,3918,3920,3880,3907.5,551146
1675630800000,3908,3946.5,3902,3941,412519
1675717200000,3950.5,3977,3931,3968,390661
1675803600000,3979,3998.5,3903,3930.5,533759
1675890000000,3949,3960,3907.5,3914,295567
1675976400000,3915,3969.5,3903.5,3921.5,315593
1676235600000,3941.5,3948,3911,3928.5,285214
1676322000000,3928.5,3937,3905,3914.5,287643
1676408400000,3903,3906,3800,3829,701274
1676494800000,3840,3873.5,3811.5,3830,342417
1676581200000,3830,3860,3802.5,3840,250591
1676840400000,3849.5,3927.5,3804,3905,451382
1676926800000,3912,3950,3901.5,3914.5,373583
1677013200000,3915.5,3925,3873,3909.5,195649
1677186000000,3916,3925,3880,3901,123659
1677445200000,3881.5,3920,3881.5,3903,317560
1677531600000,3905.5,4021,3903,3990,1174897
1677618000000,4012,4060,3978,4056,827958
1677704400000,4056.5,4078,3966,4004,1013506
1677790800000,4003,4048,4001.5,4030.5,467509
1678050000000,4048,4129,4045.5,4111.5,767483
1678136400000,4124.5,4138,4090,4125,446449
1678309200000,4125,4136,4099,4105,369041
1678395600000,4088,4111,4035,4085,411767
1678654800000,4090.5,4120,4039,4066,458634
1678741200000,4059,4095,4044,4063,364334
1678827600000,4077,4079,4009,4022,540003
1678914000000,4013,4092,4011,4084,628469
1679000400000,4095,4140,4073,4111.5,921975
1679259600000,4128,4247.5,4090.5,4228.5,961015
1679346000000,4230,4287.5,4167.5,4216.5,886701
1679432400000,4216,4254,4184,4192.5,419844
1679518800000,4199.5,4215,4159,4177.5,373939
1679605200000,4178,4221,4158,4206.5,242457
1679864400000,4230,4343.5,4217,4322,586534
1679950800000,4331,4350.5,4271,4320,490573
1680037200000,4323,4360,4294,4342,421821
1680123600000,4349.5,4388.5,4320,4382.5,440238
1680210000000,4379,4389,4280.5,4352.5,675588
1680469200000,4499.5,4508.5,4422,4473.5,1131475
1680555600000,4491.5,4575.5,4476.5,4510.5,918078
1680642000000,4509.5,4545,4460,4540,559414
1680728400000,4541.5,4623.5,4475.5,4585,937866
1680814800000,4610.5,4638.5,4520,4637,642433
1681074000000,4636,4661,4620,4650.5,605838
1681160400000,4650.5,4689,4575,4620,898479
1681246800000,4668,4728.5,4630,4670,937989
1681333200000,4686,4686,4590,4612.5,903150
1681419600000,4612.5,4629,4553.5,4618,956035
1681678800000,4660,4670,4629.5,4640,663501
1681765200000,4649.5,4658,4583.5,4599.5,886105
1681851600000,4600,4609.5,4528,4539.5,1233167
1681938000000,4539.5,4794.5,4462,4746,3660601
1682024400000,4759.5,4776.5,4711,4729.5,855354
1682283600000,4728.5,4750,4692.5,4710.5,531210
1682370000000,4714,4720,4678,4689,391565
1682456400000,4695,4706,4627.5,4659,646923
1682542800000,4659,4710.5,4655,4700,510777
1682629200000,4710,4710,4641.5,4674.5,541274
1682974800000,4680,4705,4552,4581,856737
1683061200000,4581,4638,4491,4508.5,1108207
1683147600000,4529.5,4564.5,4512.5,4547.5,491929
1683234000000,4547.5,4557.5,4501.5,4509,433747
1683493200000,4524.5,4599.5,4517.5,4564.5,363539
1683666000000,4560,4716,4559,4716,1008279
1683752400000,4728.5,4849.5,4681,4788.5,2368559
1683838800000,4800,4842.5,4751,4819,973509
1684098000000,4840,5055,4838,5045.5,1879341
1684184400000,5068,5120,5020.5,5086,1486446
1684270800000,5094.5,5120,5060.5,5097,692804
1684357200000,5110,5120,5070,5075,665351
1684443600000,5070,5078.5,5013,5078.5,669407
1684702800000,5112,5116,5057,5090,469490
1684789200000,5094,5174,5065,5173,930012
1684875600000,5185,5215,5142,5192,953702
1684962000000,5198,5209,5160.5,5203.5,858843
1685048400000,5207.5,5298.5,5203,5296.5,979241
1685307600000,5341,5547.5,5332,5538.5,2215860
1685394000000,5515,5698.5,5461.5,5530,2582957
1685480400000,5590.5,5594,5505,5569,1138315
1685566800000,5570,5685,5540,5684,1765312
1685653200000,5303,5454,5302,5383,3232253
1685912400000,5401,5420,5155.5,5166.5,2093226
1685998800000,5145,5175.5,4962.5,5149.5,2197270
1686085200000,5164.5,5164.5,5073,5101,933289
1686171600000,5101,5111,5041,5065,741006
1686258000000,5082,5112.5,5070,5077,522435
1686603600000,5092,5265.5,5077,5264,1376175
1686690000000,5299,5324,5205.5,5246,925722
1686776400000,5251.5,5319.5,5226,5302.5,1056143
1686862800000,5309.5,5330,5243.5,5260.5,571053
1687122000000,5262,5297.5,5177,5194,773461
1687208400000,5190,5194,5081,5150.5,977789
1687294800000,5152.5,5166.5,5110,5125,644977
1687381200000,5134,5189,5103,5137,603808
1687467600000,5130,5145,5004,5030,1068303
1687726800000,5100,5114,4965,5048.5,1190426
1687813200000,5077,5158.5,5031,5138,924408
1687899600000,5150,5155,5082,5108,702887
1687986000000,5116.5,5150,5096,5124,742239
1688072400000,5127,5139,5063,5079,711614
1688331600000,5099,5123,5080,5095.5,638455
1688418000000,5110,5260,5082,5209,1467875
1688504400000,5225,5311,5221.5,5298.5,1209399
1688590800000,5320,5390,5304,5347,1410043
1688677200000,5362,5446.5,5326,5439.5,1299189
1688936400000,5475.5,5505.5,5404,5436,1097047
1689022800000,5440.5,5449.5,5366.5,5439,691228
1689109200000,5442,5535,5377.5,5500,1229029
1689195600000,5531,5549.5,5461,5498,721187
1689282000000,5488,5550,5450,5514,792177
1689541200000,5490,5535,5462.5,5503,767646
1689627600000,5514.5,5585,5481,5537.5,1150298
1689714000000,5541,5568,5495,5518,610875
1689800400000,5518,5520,5381,5394,864108
1689886800000,5410,5505,5397.5,5505,643480
1690146000000,5508,5554,5491,5545.5,626210
1690232400000,5555.5,5649.5,5532.5,5633.5,1221979
1690318800000,5636,5665.5,5591,5626,763971
1690405200000,5638,5678,5637.5,5668,633923
1690491600000,5679,5917,5654.5,5896,1866234
1690750800000,5952.5,5999.5,5905.5,5938,1556499
1690837200000,5940.5,6049,5883,6008,1341457
1690923600000,6008,6123,5960,6069.5,1316225
1691010000000,6066,6168,6040,6155,999735
1691096400000,6170,6270,5951.5,6103,2841306
1691355600000,6177,6210,5975,6048.5,1409863
1691442000000,6040,6135,5925,6124.5,1553747
1691528400000,6130,6185,6073,6171.5,941045
1691614800000,6185,6258,6155,6252,1021463
1691701200000,6265,6287,6205,6284.5,788917
1691960400000,6322,6428,6011.5,6127.5,3036111
1692046800000,6089.5,6290,6008,6131.5,2275173
1692133200000,6156.5,6198,5990.5,6094.5,1992176
1692219600000,6160,6167,6062,6162,900508
1692306000000,6167,6285,6122.5,6277.5,918710
1692565200000,6295,6338,6237,6265.5,1190057
1692651600000,6265.5,6677,6216.5,6606.5,5303696
1692738000000,6632,6654,6364,6412.5,2949873
1692824400000,6497.5,6571.5,6432,6561.5,1238864
1692910800000,6562.5,6592.5,6513.5,6566,764285
1693170000000,6570.5,6665,6560,6662,913840
1693256400000,6673.5,6780,6636,6779.5,1942005
1693342800000,6789,6900,6760,6837,2164120
1693429200000,6858.5,6875,6788,6830,822172
1693515600000,6839,6848,6784,6819,709297
1693774800000,6844,6870,6825,6850,659054
1693861200000,6860,6940,6847,6916,1196241
1693947600000,6915,6916,6832.5,6867.5,770873
1694034000000,6855.5,6880,6571.5,6666.5,2276051
1694120400000,6660,6724,6533,6625,1328582
1694379600000,6625,6625,6435,6456,1302524
1694466000000,6500,6730,6480,6729,1540652
1694552400000,6738,6739,6576,6610,1124756
1694638800000,6603,6633,6346,6519,2073404
1694725200000,6520,6609,6501,6553,1223115
1694984400000,6600,6655,6476,6526,918186
1695070800000,6525.5,6560,6326.5,6344,1532037
1695157200000,6350,6499,6280,6423,1870029
1695243600000,6400,6428,6350,6379,1462407
1695330000000,6397,6517,6305,6495,1113523
1695589200000,6500,6525,6426,6449,691002
1695675600000,6430,6438,6322,6386,940344
1695762000000,6412,6500,6404.5,6490,730314
1695848400000,6502,6645.5,6501.5,6645.5,987307
1695934800000,6650,6700,6603.5,6677,958782
1696194000000,6716.5,6797.5,6658.5,6720,1108736
1696280400000,6720,6784,6636.5,6754.5,954481
1696366800000,6740,6815,6659.5,6660.5,905828
1696453200000,6706,6759.5,6645,6721.5,741317
1696539600000,6749.5,6797,6717,6797,786722
1696798800000,6880,6895.5,6822,6863.5,1108933
1696885200000,6874,6880,6822.5,6853.5,552196
1696971600000,6864.5,7099.5,6835.5,6890.5,3467588
1697058000000,6862.5,7154,6848,7120,2719991
1697144400000,7143,7250,7136,7244,1676799
1697403600000,7275,7349,7234.5,7335,1470908
1697490000000,7347.5,7394,7264,7384.5,1631765
1697576400000,7399,7535,7365,7488,2585069
1697662800000,7480,7495,7416.5,7486,984445
1697749200000,7499.5,7509.5,7405,7491.5,982823
1698008400000,7510.5,7549,7452.5,7462.5,858639
1698094800000,7478,7487.5,7417,7444,818518
1698181200000,7430,7444,7207,7437.5,1316783
1698267600000,7455,7498,7211,7228.5,2894431
1698354000000,7227,7338,7136.5,7318,1813293
1698613200000,7299.5,7315,7228,7248,769661
1698699600000,7231,7264,7107,7150.5,1022090
1698786000000,7152,7266,7130.5,7240,612587
1698872400000,7257.5,7292,7217,7253.5,477286
1698958800000,7268,7278,7210.5,7238,364963
1699218000000,7243,7387.5,7221,7376,642147
1699304400000,7370,7380,7295.5,7333.5,594815
1699390800000,7341,7373,7277,7295,579529
1699477200000,7291,7307,7221,7260,587978
1699563600000,7270,7304.5,7238.5,7288.5,496782
1699822800000,7296,7325,7270,7277.5,443491
1699909200000,7285,7285,7165,7200,611766
1699995600000,7184,7257,7138,7224,609132
1700082000000,7221.5,7236,7120.5,7135.5,556002
1700168400000,7135.5,7234,7080.5,7225.5,764211
1700427600000,7225.5,7226,7161,7194.5,424449
1700514000000,7180.5,7216,7137.5,7209,482152
1700600400000,7211,7299,7207,7299,677597
1700686800000,7301,7330,7251.5,7258,391940
1700773200000,7262,7320,7255,7295,418784
1701032400000,7301,7345,7212,7222.5,608767
1701118800000,7223,7245.5,7161,7238,402137
1701205200000,7229,7238,7186,7202,303508
1701291600000,7205.5,7285.5,7170,7239,609305
1701378000000,7239,7272.5,7162.5,7175.5,491058
1701637200000,7170,7199.5,7110.5,7132.5,669869
1701723600000,7136,7250,7136,7248.5,557087
1701810000000,7269,7275,7051.5,7138,649125
1701896400000,7145,7173,7071,7092,477114
1701982800000,7119,7173,7092,7140,425360
1702242000000,7183,7189,6929,6977,1026520
1702328400000,7000,7100,6813,7014.5,1401749
1702414800000,7000,7062.5,6914,7043.5,572310
1702501200000,7040,7084.5,6850.5,6860,1224201
1702587600000,6397,6632,6381,6560,2428092
1702846800000,6580,6761.5,6526,6723.5,1264279
1702933200000,6735,6771,6690,6709,679319
1703019600000,6709.5,6849,6696,6735,978865
1703106000000,6730,6774,6633.5,6702,1035385
1703192400000,6711,6795,6708.5,6732.5,542520
1703451600000,6748,6784,6730,6744,359571
1703538000000,6750,6771,6720,6771,432323
1703624400000,6773,6840,6761,6768,497103
1703710800000,6767.5,6802.5,6725.5,6767,441134
1703797200000,6784,6784,6729,6739,279875
1704229200000,6774,6805,6745.5,6803.5,202485
1704315600000,6804.5,6811.5,6763.5,6771,183411
1704402000000,6771.5,6794.5,6770.5,6780,107606
1704661200000,6783,6804.5,6756,6766.5,215760
1704747600000,6780,6942,6750.5,6931,846711
1704834000000,6935,7023,6923,6957,712613
1704920400000,6965,6995,6930.5,6972.5,423594
1705006800000,7005,7011,6962,6965,408235
1705266000000,6950,6968.5,6874,6889.5,569684
1705352400000,6884.5,6885.5,6826,6857,468624
1705438800000,6859.5,6919.5,6830,6910,305722
1705525200000,6923,6930,6846,6857.5,279760
1705611600000,6858,6883,6800.5,6834.5,336358
1705870800000,6830,6859,6815.5,6840,200555
1705957200000,6840,6850,6782,6799.5,355179
1706043600000,6798,6828,6754,6795,469629
1706130000000,6810.5,6819.5,6760.5,6809,321262
1706216400000,6829,6920,6801,6901,676152
1706475600000,6918,6975,6911,6943,591425
1706562000000,6945,7007,6933,6994,649956
1706648400000,7000,7122,7000,7090.5,941356
1706734800000,7105,7145,7059,7093.5,575655
1706821200000,7094,7127,7050,7114,574253
1707080400000,7099,7185,7094,7137.5,536657
1707166800000,7145,7171,7115,7163,342130
1707253200000,7170,7272.5,7160.5,7265,781313
1707339600000,7272,7288,7191,7231.5,641629
1707426000000,7232,7260,7182.5,7238.5,347142
1707685200000,7240,7280,7223,7280,314983
1707771600000,7297,7311,7231,7269,487680
1707858000000,7275,7283,7200.5,7220.5,340611
1707944400000,7205,7295,7184,7282.5,393724
1708030800000,7294,7300,7205,7224.5,509615
1708290000000,7233,7240.5,7187.5,7188,401308
1708376400000,7188,7192.5,7070.5,7081,690280
1708462800000,7080,7115,6962,6990.5,1056631
1708549200000,7000.5,7040,6970,7021.5,672857
1708894800000,7150.5,7178.5,7103.5,7164,612660
1708981200000,7159.5,7163,7104,7141.5,342224
1709067600000,7155,7276,7130.5,7261.5,735475
1709154000000,7263,7402,7220,7378,1141422
1709240400000,7387,7464,7372.5,7463.5,971874
1709499600000,7477.5,7534,7351.5,7511.5,1911151
1709586000000,7515,7544.5,7430.5,7499.5,1040586
1709672400000,7499.5,7561.5,7470,7483,857869
1709758800000,7488,7517,7457,7513,426452
1710104400000,7537,7592.5,7523.5,7554.5,648724
1710190800000,7539,7575.5,7481.5,7536.5,1111543
1710277200000,7538,7554.5,7409.5,7426,1230308
1710363600000,7426,7434.5,7320,7370,1389788
1710450000000,7365.5,7404,7336.5,7380,788252
1710709200000,7390.5,7397.5,7309.5,7344,602099
1710795600000,7349,7349,7250,7333.5,1161411
1710882000000,7338.5,7460,7337.5,7438.5,1157982
1710968400000,7450,7454.5,7370,7417.5,648324
1711054800000,7420,7538,7184.5,7303,3496776
1711314000000,7305,7452,7303,7438,877301
1711400400000,7454.5,7455,7380,7419,562109
1711486800000,7425.5,7497,7404.5,7493,519706
1711573200000,7495,7517,7430.5,7481,498911
1711659600000,7481.5,7578,7460,7551,705061
1711918800000,7574,7666,7573,7665,741367
1712005200000,7679.5,7689,7625,7654,383628
1712091600000,7654,7699,7641,7686.5,316677
1712178000000,7687.5,7783.5,7678,7727.5,738307
1712264400000,7730.5,7777.5,7654,7662.5,1058107
1712523600000,7700,7777,7662.5,7767,665595
1712610000000,7770,7844,7740,7786.5,855572
1712696400000,7802.5,7837,7755,7825,388050
1712782800000,7835,7870,7827,7836.5,413546
1712869200000,7840,7865,7785,7839.5,477639
1713128400000,7853,7931,7849.5,7920.5,544524
1713214800000,7929.5,7929.5,7870,7897,414942
1713301200000,7897,7918,7855.5,7886,442533
1713387600000,7888,7897.5,7800,7840,539551
1713474000000,7860,7868.5,7790,7835.5,634310
1713733200000,7836,7878,7803,7827.5,669392
1713819600000,7849.5,7886.5,7806,7840,513602
1713906000000,7846.5,7854,7803.5,7820.5,349688
1713992400000,7820.5,7831.5,7809.5,7827.5,306477
1714078800000,7828,7940,7810,7929.5,776863
1714165200000,7931,8018.5,7931,8002.5,655090
1714338000000,8018,8161.5,8016,8152,601155
1714424400000,8152.5,8175,8080,8085.5,435472
1714597200000,8096.5,8125,8037,8104.5,565657
1714683600000,8098.5,8100,8010,8075.5,570748
1714942800000,8075,8089,7901,8026.5,2575025
1715029200000,7594,7763.5,7574,7722.5,2435049
1715115600000,7754.5,7772,7691,7714,684609
1715288400000,7720,7726,7710,7713.5,218336
1715547600000,7730,7732,7676,7689,505076
1715634000000,7690,7710,7670,7672,497046
1715720400000,7677,7692,7640,7655.5,451308
1715806800000,7655.5,7724.5,7633,7715,518430
1715893200000,7730,7871.5,7729,7854.5,1011059
1716152400000,7897,7938,7752,7834.5,864245
1716238800000,7835,7900,7788,7848,735946
1716325200000,7849.5,7879,7805,7820,439080
1716411600000,7820,7861,7777.5,7841.5,498714
1716498000000,7840.5,7858.5,7701,7720,854290
1716757200000,7719.5,7750,7479,7541.5,1142239
1716843600000,7553,7700,7431,7590,870710
1716930000000,7600,7689,7582.5,7684,402549
1717016400000,7698,7722.5,7551,7567,538412
1717102800000,7567,7607,7301,7355.5,1155650
1717362000000,7392,7479.5,7161,7252,1669856
1717448400000,7249,7454.5,7185,7426,1046272
1717534800000,7439,7544,7377,7412.5,754429
1717621200000,7430,7478.5,7351,7398,406546
1717707600000,7401,7599,7401,7489,1063345
1717966800000,7520,7523.5,7261,7315,785549
1718053200000,7315,7370,7235,7290,698787
1718226000000,7050,7276,6923,7178.5,1277680
1718312400000,7198,7403.5,7181.5,7368,735998
1718571600000,7375,7390.5,7202,7203,611618
1718658000000,7203,7234,6993.5,7036,1018445
1718744400000,7045,7107.5,6806,6885,1393012
1718830800000,6885.5,7171,6633.5,7112.5,4612673
1718917200000,7124,7191.5,7024,7084,899558
1719176400000,7070,7125,7032.5,7051.5,713882
1719262800000,7077,7246.5,7002,7204,738989
1719349200000,7229.5,7313,7194.5,7275,741739
1719435600000,7280,7293,7161,7227,667991
1719522000000,7226.5,7271.5,7172,7211,403655
1719781200000,7200.5,7330,7190,7326,508703
1719867600000,7346,7358,7285,7309.5,613544
1719954000000,7320,7321,7220,7230.5,436086
1720040400000,7222,7260,7080,7109.5,757640
1720126800000,7109.5,7255,7035,7201,1424892
1720386000000,7230,7255,7080.5,7097,685099
1720472400000,7100,7121.5,6930,6941,911953
1720558800000,6940,6978,6681,6689,1698272
1720645200000,6689.5,6995.5,6681,6969.5,1320713
1720731600000,6997,7046,6830.5,6908,779534
1720990800000,6924,6925,6771,6827,783115
1721077200000,6820,6898.5,6727.5,6881,952553
1721163600000,6881,6905,6788,6814,578382
1721250000000,6813.5,6950,6760,6931.5,554360
1721336400000,6930.5,6991.5,6871.5,6913,616236
1721595600000,6963,7025,6934.5,7008,749045
1721682000000,7008.5,7023,6950,6973,493630
1721768400000,6961,7025,6933,6939.5,737494
1721854800000,6939.5,6965,6884.5,6902.5,433637
1721941200000,6905,6984,6859.5,6890,1505430
1722200400000,6891,6892.5,6706.5,6727.5,1646706
1722286800000,6727,6830,6705,6805.5,1187235
1722373200000,6820,6830,6731,6759.5,887783
1722459600000,6759,6770,6678,6687,809491
1722546000000,6679.5,6715,6577,6591,804496
1722805200000,6498,6543.5,6336.5,6417.5,2088915
1722891600000,6480,6498,6356,6447,861008
1722978000000,6450,6548.5,6357.5,6505,1237949
1723064400000,6515.5,6551.5,6403,6410.5,935807
1723150800000,6420,6489.5,6385,6408.5,587504
1723410000000,6404,6462,6311,6448.5,981979
1723496400000,6460.5,6469.5,6410.5,6444.5,806252
1723582800000,6449,6539,6371.5,6385,1231282
1723669200000,6398,6418,6334,6347,691372
1723755600000,6355,6360,6226.5,6239.5,888102
1724014800000,6255,6284,6103.5,6138.5,1232327
1724101200000,6140,6248,6050,6147.5,1504834
1724187600000,6155,6325,6107,6309.5,1957283
1724274000000,6314,6538.5,6278,6419,3933131
1724360400000,6420,6472,6320,6428,1503388
1724619600000,6591,6677,6506,6645,1900761
1724706000000,6645,6680,6458,6526.5,1121065
1724792400000,6522,6522.5,6302.5,6389,1520944
1724878800000,6401,6411,6250.5,6324,1585477
1724965200000,6330,6334,6118,6145,1548065
1725224400000,6135,6205,6040.5,6115,2109620
1725310800000,6150.5,6246.5,6069,6184,2089894
1725397200000,6189,6297,6171,6265,1373273
1725483600000,6281,6360,6235,6272,1047129
1725570000000,6287,6357,6232,6332,883982
1725829200000,6348,6525.5,6348,6520,1134535
1725915600000,6536,6548.5,6376,6435,1047003
1726002000000,6448,6500,6402,6413.5,964773
1726088400000,6420,6448,6370.5,6448,1056700
1726174800000,6453.5,6625,6304,6624.5,1568669
1726434000000,6650,6824.5,6581.5,6820.5,1604887
1726520400000,6847,6860,6742,6803,1064602
1726606800000,6803,6831,6730.5,6745.5,827432
1726693200000,6750,6830,6718,6811,1111079
1726779600000,6815.5,6898,6812.5,6897.5,753711
1727038800000,6900,7000,6899,6982.5,888222
1727125200000,6985,7050.5,6865.5,6954.5,1013610
1727211600000,6954.5,6990,6860,6867,824516
1727298000000,6849,6890,6770,6890,859841
1727384400000,6908,6946,6831.5,6914.5,550853
1727643600000,6948.5,6972.5,6852,6874,709120
1727730000000,6875,6995.5,6773.5,6969,1399542
1727816400000,6969,6980,6781.5,6816.5,1025658
1727902800000,6820,6957,6780.5,6956,1063795
1727989200000,6960,7076.5,6925.5,7009,1210876
1728248400000,7025,7066,6956,7055,963664
1728334800000,7043,7055,6960.5,6973.5,749417
1728421200000,6973.5,6991,6861,6883.5,968062
1728507600000,6892,6904.5,6845,6857,1238377
1728594000000,6858,6882.5,6792,6837,1511100
1728853200000,6824,6947.5,6785,6931.5,1482262
1728939600000,6911,7019,6878.5,6991,824416
1729026000000,6997,7055,6928.5,6980,808905
1729112400000,6982,7009,6924,6931.5,635784
1729198800000,6915.5,6995.5,6906,6963,973265
1729458000000,6979.5,7047,6963,7020,769308
1729544400000,7008.5,7024,6945,6950,738603
1729630800000,6945,7016.5,6910,6920,749290
1729717200000,6920,6986,6890,6958.5,589487
1729803600000,6970,7080,6721.5,6750.5,2637080
1730062800000,6695,6785,6580,6733.5,2429892
1730149200000,6749,6866,6708,6837,1160800
1730235600000,6855,6894,6773.5,6792,908779
1730322000000,6792,6869,6747,6794.5,797571
1730408400000,6805.5,6850,6720.5,6844.5,888732
1730494800000,6839,6865,6810,6842,381130
1730754000000,6867,6920,6821,6873,512809
1730840400000,6999.5,7098.5,6933.5,6996.5,1325613
1730926800000,6994,7139,6950,7132,671029
1731013200000,7150,7192,7061,7172,958430
1731272400000,7205.5,7235,6995,7022.5,1556463
1731358800000,7025,7071.5,6967,6990,691473
1731445200000,6990,7048,6918,6925,739997
1731531600000,6924.5,7013.5,6900,6932.5,872290
1731618000000,6932.5,7037,6911,7021,505412
1731877200000,6957,7008,6874,6955.5,625828
1731963600000,6958,6991.5,6810,6842,866383
1732050000000,6851,6952.5,6776,6798.5,858069
1732136400000,6810,6949,6768,6938.5,1045777
1732222800000,6941,6998,6868,6940,598338
1732482000000,6946,6979,6835.5,6886.5,828826
1732568400000,6870.5,6930,6820.5,6869.5,986149
1732654800000,6870,6916.5,6770,6896.5,1480873
1732741200000,6943.5,6943.5,6818,6905.5,1242835
1732827600000,6905,6910,6832,6860.5,1298921
1733086800000,6880,6880,6799,6810,1385540
1733173200000,6812,6823,6713.5,6771,839251
1733259600000,6784.5,6812,6714,6720.5,956078
1733346000000,6725.5,6861,6676.5,6841,975760
1733432400000,6860,6913.5,6800,6860,641205
1733691600000,6877,6997,6844,6973,715056
1733778000000,6995.5,6995.5,6880,6894,693187
1733864400000,6894,6914,6821,6895.5,699084
1733950800000,6898,6959.5,6862,6862.5,686966
1734037200000,6868.5,6884.5,6750,6800,652618
1734296400000,6770,6787.5,6685.5,6779.5,1120955
1734382800000,6330,6398,6256,6290.5,1466988
1734469200000,6297,6395,6238,6375,729988
1734555600000,6379.5,6492,6263,6294,1864781
1734642000000,6294,6804,6280,6725,2156227
1734901200000,6787,6980,6761,6919,1041273
1734987600000,6919,6960.5,6825,6833,724126
1735074000000,6830,7006.5,6787.5,6987.5,1053928
1735160400000,6988,7096.5,6988,7003,883163
1735246800000,7019,7038,6921.5,6990.5,572201
1735333200000,6990.5,7012,6955.5,6998,454148
1735506000000,7011,7260,7003,7235,774886
1735851600000,7255,7260,7101,7122,262096
1736110800000,7114.5,7160,7070,7088,221706
1736283600000,7090,7124,7045,7089,245014
1736370000000,7100,7117.5,6933,6947.5,542286
1736456400000,6972.5,7146,6901.5,7022.5,1696373
1736715600000,7110,7110,6979.5,7010.5,700870
1736802000000,7010.5,7129.5,6980,7115.5,631568
1736888400000,7125,7180,7070,7178.5,618061
1736974800000,7190,7255,7170.5,7208,563475
1737061200000,7204,7345,7190,7342,644153
1737320400000,7376,7400,7165,7194,872440
1737406800000,7240.5,7243,7141,7239.5,410714
1737493200000,7243.5,7287.5,7206,7215,538641
1737579600000,7220,7220,7140,7215,457326
1737666000000,7216,7226,7160,7199.5,347307
1737925200000,7199,7199,7013,7065.5,503135
1738011600000,7065.5,7176,7040,7160,459802
1738098000000,7157,7236.5,7117.5,7192,546981
1738184400000,7185,7214.5,7152.5,7166,384311
1738270800000,7161,7202,7141,7171,541516
1738530000000,7160,7206,7104.5,7170,429275
1738616400000,7170,7187.5,7066,7093.5,421017
1738702800000,7080.5,7184.5,7080.5,7171,370359
1738789200000,7181,7215,7140,7141,560984
1738875600000,7150,7180,7120,7148,326119
1739134800000,7175,7230,7130,7147.5,572659
1739221200000,7147.5,7289.5,7147.5,7271,610101
1739307600000,7275,7685,7217,7676,1531462
1739394000000,7680,7981.5,7390,7534,2625855
1739480400000,7444.5,7734,7285,7492.5,1544608
1739739600000,7575,7819,7550,7784.5,1041127
1739826000000,7799.5,7835,7589,7644.5,1060072
1739912400000,7647,7760,7590,7714.5,594657
1739998800000,7737,7780,7684.5,7720,439558
1740085200000,7721,7790,7636.5,7709.5,648005
1740344400000,7710,7744.5,7650,7737.5,588691
1740430800000,7737.5,7805,7690,7729,745085
1740517200000,7729,7764.5,7511,7555,902492
1740603600000,7570,7630,7466.5,7497,674650
1740690000000,7497,7559.5,7390,7546.5,793380
1740776400000,7559.5,7580,7550.5,7555,9744
1740862800000,7555.5,7566,7508,7531,24473
1740949200000,7531,7539,7266.5,7341.5,1084126
1741035600000,7356,7472,7245,7393,1375930
1741122000000,7405.5,7405.5,7230,7241,1054109
1741208400000,7250,7284.5,7130,7175,843624
1741294800000,7200,7305.5,7100.5,7225,1034167
1741554000000,7230,7260,7161.5,7185,547759
1741640400000,7185,7278.5,7156,7248.5,537137
1741726800000,7257.5,7259,7180,7205,391736
1741813200000,7207,7242,7095,7130,996398
1741899600000,7120,7180,7081.5,7149.5,573471
1741986000000,7163,7177,7163,7167,15699
1742072400000,7170,7218,7170,7209.5,55094
1742158800000,7215,7272,7152,7222.5,660371
1742245200000,7223.5,7299,7157,7183,940983
1742331600000,7200,7278.5,7150,7221,557196
1742418000000,7221.5,7316.5,7175,7293.5,1383149
1742504400000,7300,7398,7299,7346.5,1047881
1742763600000,7350,7385.5,7250.5,7291,995514
1742850000000,7291,7330,7184,7265,1028467
1742936400000,7275.5,7309,7180,7185,533574
1743022800000,7200,7200,7097,7108.5,584404
1743109200000,7108,7129.5,7048,7064.5,739006
1743195600000,7065,7079,6971.5,7013.5,90091
1743282000000,7020,7020,6851,6853,248329
1743368400000,6853,7114.5,6800,7026.5,878087
1743454800000,7038.5,7104,6887.5,6905,871014
1743541200000,6892,6989,6851,6978,719619
1743627600000,6977,7030,6700,6802,1018617
1743714000000,6818,6824.5,6445.5,6445.5,1870665
1743800400000,6430,6489.5,6327.5,6486,261655
1743886800000,6487,6596,6452,6587.5,187932
1743973200000,6448,6500,6275.5,6349.5,2466488
1744059600000,6399.5,6478,6278,6283.5,1109619
1744146000000,6270,6550,6110,6507,2014898
1744232400000,6520,6530,6350,6393,864956
1744318800000,6375.5,6533,6374.5,6508,811795
1744405200000,6522,6583.5,6522,6582,76240
1744491600000,6582,6599,6555.5,6562,76649
1744578000000,6570,6573,6427.5,6474,550461
1744664400000,6475,6520,6410,6466,324288
1744750800000,6467,6550,6410,6515,456729
1744837200000,6530,6720,6517,6719,803595
1744923600000,6676,6699.5,6500,6629.5,745494
1745182800000,6675.5,6765,6631.5,6732.5,521145
1745269200000,6743,6825,6672,6764,742046
1745355600000,6777,6789,6678,6743,617549
1745442000000,6746,6800,6680,6683.5,444399
1745528400000,6693.5,6875,6693,6856.5,685458
1745614800000,6878,6963,6878,6904,114974
1745701200000,6924.5,6939.5,6901,6914,33635
1745787600000,6912,6958.5,6805,6827,627635
1745874000000,6827,6868,6700,6725,419378
1745960400000,6725,6763,6595,6684,686926
1746133200000,6685,6703.5,6485,6504,389091
1746219600000,6504,6531,6480,6525,28752
1746306000000,6525,6574.5,6508,6544,48723
1746392400000,6519.5,6545,6285,6335.5,904709
1746478800000,6338.5,6462.5,6292.5,6373.5,698328
1746565200000,6380.5,6497,6340,6458.5,641411
1746651600000,6455,6536,6451,6535,285275
1746824400000,6563,6595,6560,6579.5,42983
1746910800000,6630,6675,6625.5,6649.5,94132
1746997200000,6669,6800,6655.5,6775,733518
1747083600000,6774,6790,6704,6773,386161
1747170000000,6785,6840,6660,6699.5,419199
1747256400000,6680,6732.5,6540.5,6612,700940
1747342800000,6611.5,6689,6491,6605,735470
1747429200000,6620,6680,6611.5,6669.5,53327
1747515600000,6704.5,6740,6689.5,6731.5,86453
1747602000000,6731,6731,6615,6636.5,568684
1747688400000,6649.5,6667.5,6561.5,6584,332451
1747774800000,6594,6670,6575,6604.5,375152
1747861200000,6608,6617,6470,6528,701004
1747947600000,6482,6561.5,6482,6550,333906
1748206800000,6557.5,6569,6400,6440,624919
1748293200000,6438,6498,6371.5,6486,469003
1748379600000,6486,6687,6444,6686,742303
1748466000000,6695.5,6815,6650,6680.5,858764
1748552400000,6680.5,6764,6651,6749,755821
1748638800000,6761.5,6800,6761.5,6784.5,80306
1748725200000,6784.5,6788.5,6673,6718,227489
1748811600000,6719,6834,6690,6834,1415868
1748898000000,6360,6497.5,6350,6473,1793592
1748984400000,6473,6487.5,6422,6431.5,704634
1749070800000,6448,6472,6437.5,6453,423557
1749157200000,6454,6545,6330,6344.5,1085870
1749243600000,6345,6383,6345,6362.5,35489
1749330000000,6364,6372.5,6334,6352,50081
1749416400000,6350,6371,6221.5,6249,591421
1749502800000,6272,6283,6138,6195.5,711261
1749589200000,6195.5,6231.5,6145,6173.5,548759
1749762000000,6291,6384,6227.5,6380,1395364
1749848400000,6414,6485,6405.5,6466,270475
1749934800000,6535,6568.5,6350,6431,629286
1750021200000,6429,6433,6250,6269,884455
1750107600000,6274.5,6430,6238,6408,931235
1750194000000,6420,6428,6350.5,6383.5,622260
1750280400000,6385.5,6409,6311.5,6336,832038
1750366800000,6322.5,6358.5,6260,6281,474471
1750626000000,6388.5,6390,6230,6242,881606
1750712400000,6245,6247.5,6110,6208.5,895184
1750798800000,6218.5,6268.5,6185.5,6236.5,460327
1750885200000,6250,6258,6202,6205.5,310907
1750971600000,6216,6289.5,6186.5,6274,566188
1751058000000,6275,6293,6272,6272,27884
1751144400000,6272,6277,6250,6252.5,28658
1751230800000,6252.5,6336,6225,6307.5,586191
1751317200000,6325,6348,6291,6306,469849
1751403600000,6318,6327,6186,6234,686614
1751490000000,6240,6244,6127.5,6138,823226
1751576400000,6131,6178,6089,6151.5,892097
1751662800000,6151.5,6165,6127,6154.5,29549
1751749200000,6154.5,6155,6140,6145.5,13250
1751835600000,6144.5,6158,6100,6110.5,371232
1751922000000,6105,6122,6000,6013,771812
1752008400000,6013,6223,5886.5,5934,1283003
1752094800000,5944,5967,5903,5932.5,476900
1752181200000,5932,5941.5,5706,5737.5,1173251
1752267600000,5740.5,5789,5740,5765,55401
1752354000000,5765,5787,5710.5,5744.5,71916
1752440400000,5713.5,5946.5,5626,5933,1492664
1752526800000,5937,5980,5904,5913.5,638520
1752613200000,5916,5974.5,5887,5943,627174
1752699600000,5943,6009,5910.5,5925.5,610953
1752786000000,5925.5,6115,5909,6114.5,761806
1752872400000,6128,6194.5,6120,6168,108072
1752958800000,6170,6195,6161.5,6178.5,37646
1753045200000,6178.5,6219,6151,6170,577592
1753131600000,6170,6210,6127,6196.5,452398
1753218000000,6197,6249.5,6190,6190,481180
1753304400000,6177,6216,6150.5,6169,344760
1753390800000,6169,6196.5,6050,6074.5,668285
1753477200000,6095,6110,6091,6098,24384
1753563600000,6097,6101,6074,6078.5,18403
1753650000000,6076,6118,5969,5981.5,747912
1753736400000,5993,6030.5,5955,6005,470750
1753822800000,6005,6026,5902,5925.5,495343
1753909200000,5925,5968.5,5870.5,5922,467390
1753995600000,5930,5948,5888,5910.5,418382
1754254800000,5924,6099,5924,6097.5,849201
1754341200000,6083.5,6110.5,6034.5,6081,578750
1754427600000,6083,6250,5985,6170,1159821
1754514000000,6169,6296,6111.5,6202.5,1372471
1754600400000,6224,6331.5,6179.5,6320,680073
1754859600000,6355,6430,6319,6336.5,790467
1754946000000,6356.5,6396,6291.5,6385,422948
1755032400000,6385,6395,6322,6336,463900
1755118800000,6336,6403.5,6283,6387,533809
1755205200000,6401,6475,6380.5,6444,556602
1755291600000,6393,6393,6275,6360,231216
1755378000000,6360,6363,6315.5,6337.5,51592
1755464400000,6334,6491.5,6321,6420,540469
1755550800000,6420,6439.5,6340,6365,421125
1755637200000,6365.5,6382,6300,6311.5,324176
1755723600000,6311.5,6342.5,6234,6249,445332
1755810000000,6249,6340,6237.5,6326,456464
1755896400000,6326,6340,6300,6317,16358
1755982800000,6318,6324,6284,6301,21795
1756069200000,6298,6311,6223,6275.5,340483
1756155600000,6283,6315,6255.5,6280,334709
1756242000000,6281,6329.5,6272,6323,272509
1756328400000,6328,6343.5,6250,6273.5,326001
1756414800000,6280.5,6595,6235,6430.5,3635668
1756501200000,6443.5,6444,6423.5,6429,37856
1756587600000,6430.5,6446,6427.5,6445,31405
1756674000000,6446,6459,6352.5,6370,537367
1756760400000,6368.5,6374,6282.5,6336.5,519787
1756846800000,6336.5,6405.5,6310,6393,450714
1756933200000,6399,6487.5,6371.5,6464,761386
1757019600000,6470,6498,6450.5,6472,482370
1757106000000,6472,6483,6463,6476.5,20152
1757192400000,6476,6486,6463,6484.5,22291
1757278800000,6477,6508.5,6440,6465,416173
1757365200000,6483.5,6502.5,6442.5,6484.5,459661
1757451600000,6484.5,6595,6460,6537.5,889425
1757538000000,6537.5,6657.5,6522,6626.5,746013
1757624400000,6624.5,6669,6405.5,6448,1084472
1757710800000,6455,6470.5,6411.5,6426.5,46816
1757797200000,6426.5,6500,6400.5,6495,66418
1757883600000,6465,6478,6370.5,6420,484452
1757970000000,6422,6456,6317,6370.5,526817
1758056400000,6375.5,6421.5,6334.5,6380,509827
1758142800000,6381,6395.5,6265,6325.5,975310
1758229200000,6326,6355,6235.5,6239,532652
1758488400000,6238.5,6279.5,6135.5,6268.5,706028
1758574800000,6273.5,6298.5,6111.5,6140,578862
1758661200000,6140.5,6239,6070.5,6189,681292
1758747600000,6190,6209.5,6108,6123,358880
1758834000000,6123,6245,6090.5,6228,503674
1758920400000,6228,6249.5,6219,6221.5,15287
1759006800000,6222.5,6229.5,6207,6221,13246
1759093200000,6205,6264,6073,6093,588792
1759179600000,6095,6135,6005,6082.5,755503
1759266000000,6093,6116,6007.5,6048.5,432809
1759352400000,6042,6080.5,5991,6026.5,489379
1759438800000,6030,6060,5911,5914,581202
1759525200000,5920,5930,5856,5889,180307
1759611600000,5897,5927.5,5867,5927,74683
1759698000000,5954,6132,5907,6110,766701
1759784400000,6100,6165.5,6075.5,6134,476478
1759870800000,6135,6160,5880,5952,876289
1759957200000,5968,6113.5,5831,6096,961149
1760043600000,6104,6139,5950,5964,639529
1760130000000,5964,5988,5935,5982.5,33586
1760216400000,5986,6010,5978.5,6007,30979
1760302800000,6024.5,6043,5901.5,5950,591871
1760389200000,5956,5967.5,5858,5888,474117
1760475600000,5885,5909,5835,5835,529727
1760562000000,5837,6194.5,5802,6185,1420620
1760648400000,6189.5,6343.5,6130,6312.5,1054187
1760734800000,6328,6425.5,6321.5,6419.5,189676
1760821200000,6422,6444,6355,6360,124292
1760907600000,6379,6406,6340,6374,460807
1760994000000,6374,6388,6080,6266,995723
1761080400000,6262.5,6296,6017.5,6052,867613
1761166800000,5898,5919.5,5680,5761,3885121
1761253200000,5759,5800,5607,5636,1423272
1761512400000,5636,5638,5226,5237,4920994
1761598800000,5215,5500,5077.5,5461,4803971
1761685200000,5455.5,5492,5353,5387.5,1769472
1761771600000,5392,5560,5351.5,5508,2388291
1761858000000,5515,5543.5,5396,5443,1054099
1761944400000,5443,5489,5434,5475,358314
1762117200000,5480,5598.5,5475,5580,622402
1762290000000,5581,5584.5,5456,5490.5,1100026
1762376400000,5500,5506.5,5417,5453.5,737655
1762462800000,5320,5350,5223,5324,2573520
1762549200000,5325,5333,5301,5308.5,126879
1762635600000,5310,5321.5,5302,5317.5,157462
1762722000000,5317.5,5365.5,5125,5140.5,2857999
1762808400000,5136,5173.5,5090,5156.5,1356325
1762894800000,5156,5164.5,4900,4918,4249218
1762981200000,4918,4995,4815,4954.5,4610026
1763067600000,4970,5143,4913,5114.5,3355036
1763154000000,5134.5,5137,5060.5,5100,360686
1763240400000,5016.5,5038.5,5001.5,5005.5,268046
1763326800000,5005,5005,4857.5,4886,2240468
1763413200000,4880,5097,4841.5,5058.5,3500456
1763499600000,5065,5378,5037,5275,5866212
1763586000000,5290,5499.5,5251,5470,4683248
1763672400000,5495,5591.5,5428,5503,4099870
1763931600000,5525.5,5589,5439,5505,1885502
1764018000000,5520,5559.5,5412,5520,1825746
1764104400000,5510,5523,5463,5471,558275
1764190800000,5471,5498,5351,5409.5,920274
1764277200000,5405,5565,5381,5531.5,1027961
1764363600000,5532,5568,5525,5537.5,96554
1764450000000,5537.5,5557.5,5535,5548,59166
1764536400000,5545,5564.5,5487.5,5529.5,834254
1764622800000,5530,5542,5460.5,5504.5,601799
1764709200000,5448.5,5463,5400,5449,772636
1764795600000,5460,5484,5436.5,5443.5,372695
1764882000000,5456,5585,5450,5555,1071677
1765141200000,5560.5,5630,5507.5,5526.5,1112026
1765227600000,5528,5599,5487,5556,1043154
1765314000000,5560,5573.5,5532,5550,410507
1765400400000,5555.5,5765,5550,5705.5,1680645
1765486800000,5707,5742,5630,5643.5,1083050
1765573200000,5665,5679.5,5650.5,5668,53636
1765659600000,5669,5671.5,5643,5652,43550
1765746000000,5652.5,5765,5652.5,5697,775782
1765832400000,5691,5759.5,5680,5742.5,596717
1765918800000,5742.5,5784,5685,5730.5,731610
1766005200000,5735,5888,5718.5,5888,1773371
1766091600000,5887,5965,5837.5,5897.5,1370599
1766178000000,5901,5904.5,5872,5888,43867
1766264400000,5894,5898.5,5861,5874,50270
1766350800000,5866,5880,5800,5810,785993
1766437200000,5817,5841,5705,5744.5,881050
1766523600000,5740,5778,5656,5677.5,596490
1766610000000,5682.5,5707,5650,5673.5,462865
1766696400000,5670,5799,5670,5790,821292
1766782800000,5792.5,5847,5791.5,5832,123654
1766869200000,5833,5838,5791.5,5833,103554
1766955600000,5852,5974,5775,5832.5,1446155
1767042000000,5856.5,5918,5824,5908.5,780840
1767560400000,5904.5,5922,5831,5871.5,449871
1767646800000,5871.5,5915.5,5866,5884,392916
1767819600000,5853,5879.5,5821.5,5851.5,661639
1767906000000,5848,5882,5821,5878,605775
1768165200000,5520,5550,5363,5393,2022616
1768251600000,5385,5430,5352,5392.5,747154
1768338000000,5395,5429,5352,5386,676492
1768424400000,5392,5409,5366,5395,353184
1768510800000,5400,5460,5391,5455,642670
1768597200000,5461,5462.5,5442.5,5450,30314
1768683600000,5450,5469,5450,5463.5,26105
1768770000000,5465,5494,5404,5405.5,512558
1768856400000,5405.5,5425.5,5330,5352,838501
1768942800000,5353,5409.5,5305,5399,756354
1769029200000,5410,5419.5,5330.5,5365,723623
1769115600000,5365,5396.5,5335.5,5382.5,451299
1769202000000,5382.5,5391.5,5344,5359,95443
1769288400000,5360,5389.5,5359,5378.5,60177
1769374800000,5373,5373,5245,5270.5,939752
1769461200000,5279,5287.5,5215,5284,950497
1769547600000,5284,5298,5218,5219.5,879066
1769634000000,5219.5,5414.5,5219,5356.5,2838462
1769720400000,5355,5389,5275,5298.5,798972
1769806800000,5300,5320,5293,5306.5,52678
1769893200000,5306.5,5324,5300,5316.5,61515
1769979600000,5299.5,5302,5231,5249,615813
1770066000000,5267,5278,5210,5220.5,546190
1770152400000,5221,5256,5162.5,5179,708769
1770238800000,5193,5196,5090.5,5115,1022424
1770325200000,5130.5,5159,5105,5109.5,507286
1770411600000,5110,5122,5110,5119,29368
1770498000000,5119,5136.5,5092,5098,54466
1770584400000,5098.5,5190,5055,5167.5,674309
1770670800000,5165.5,5243,5112.5,5119.5,879799
1770757200000,5132,5220,5122,5193,590267
1770843600000,5194,5241,5165.5,5193,571965
1770930000000,5212,5270,5201,5260.5,623345
1771189200000,5262.5,5285.5,5227,5231.5,396445
1771275600000,5230,5265,5228,5241,286157
1771362000000,5260,5260,5150,5209,644020
1771448400000,5215,5217,5159.5,5162,367328
1771534800000,5177,5209,5152,5186.5,330328
1771621200000,5189,5207,5187,5191.5,19648
1771707600000,5192,5206.5,5186.5,5204,24360
1771794000000,5205,5214,5193.5,5211,31022
1771880400000,5207.5,5254,5165,5175,366391
1771966800000,5182.5,5193,5153.5,5162,427008
1772053200000,5163.5,5174.5,5132.5,5140.5,336312
1772139600000,5143.5,5239.5,5136.5,5220.5,459076
1772226000000,5240.5,5376.5,5226,5376.5,1100812
1772312400000,5376.5,5376.5,5376.5,5376.5,117736
1772398800000,5399.5,5538,5384,5532.5,4059984
1772485200000,5535.5,5614.5,5460,5483,2610831
1772571600000,5491,5530,5368.5,5385,1266494
1772658000000,5401,5450,5385,5418,841164
1772744400000,5439.5,5683.5,5405.5,5636,2560233
1773003600000,5874,6171,5663,5682,4157619
1773090000000,5740.5,5770.5,5610,5711,1828711
1773176400000,5672.5,5725,5646,5721.5,679517
1773262800000,5780,5815,5725,5812,1063525
1773349200000,5819.5,5839.5,5756.5,5790.5,619029
1773435600000,5810,5838,5800.5,5832.5,120717
1773522000000,5833,5840,5812,5840,74300
1773608400000,5829,5839,5689.5,5700,841059
1773694800000,5718,5758,5705.5,5738.5,560175
1773781200000,5726,5830,5671.5,5818,1475985
1773867600000,5830.5,5874,5780.5,5790,1816296
1773954000000,5790,5848,5723,5807,1169245
1774213200000,5809,5837,5600.5,5668,1329005
1774299600000,5685,5737,5659,5674,505028
1774386000000,5665,5698,5600,5661,405955
1774472400000,5679.5,5720.5,5643.5,5698.5,529040
1774558800000,5698.5,5729.5,5600,5629,641488
1774645200000,5644,5644,5603.5,5610,32177
1774731600000,5615,5663.5,5615,5657.5,40663
1774818000000,5669,5708.5,5610,5689.5,596941
1774904400000,5689.5,5694,5565.5,5578,566820
1774990800000,5579,5596,5478.5,5494,533166
1775077200000,5522.5,5574,5494.5,5538.5,557639
1775163600000,5544.5,5569,5482,5502,410200
1775250000000,5504,5512.5,5495,5512,24167
1775336400000,5511.5,5519,5490.5,5504,35224
1775422800000,5500,5623.5,5442,5576.5,852449
1775509200000,5598,5668,5544.5,5591.5,739771
1775595600000,5400,5514.5,5352.5,5448.5,1049520
1775682000000,5465,5505.5,5411,5442,461275
1775768400000,5452,5460,5377,5392,362907
1775854800000,5390,5418.5,5390,5410,35225
1775941200000,5445.5,5551.5,5444,5551.5,242748
1776027600000,5585,5587.5,5418.5,5440.5,635547
1776114000000,5450,5466.5,5412,5414,420174
1776200400000,5419.5,5437.5,5362.5,5410.5,429481
1776286800000,5413,5428,5365,5368.5,419975
1776373200000,5387,5390,5240.5,5308,835871
1776459600000,5349,5370,5328.5,5357.5,108687
1776546000000,5365,5386,5357,5365,56984
1776632400000,5383.5,5409.5,5321.5,5392.5,595914
1776718800000,5393,5495,5385.5,5479.5,617769
1776805200000,5479,5482,5441.5,5465.5,338153
1776891600000,5465.5,5522.5,5455,5490,432846
1776978000000,5485,5529.5,5411,5476.5,542419
1777064400000,5476.5,5494,5466.5,5482.5,25202
1777150800000,5483,5495,5465,5471.5,22270
1777237200000,5473,5570,5441.5,5553,824493
1777323600000,5552,5595,5512,5540,793393
1777410000000,5540,5584,5402,5478,1066859
1777496400000,5478,5523,5415,5518,971948
1777582800000,5248.5,5264,5230,5235.5,344714
1777669200000,5240,5253.5,5235.5,5244,55220
1777755600000,5244,5256.5,5240,5255,42991
1777842000000,5265,5281,5165,5217,927361
1777928400000,5217,5245,5121,5209,633213
1778014800000,5209,5230,5100,5124,773547
1778101200000,5130,5130,5060,5072,436271
1778187600000,5072,5170,5048,5156,402802
1778446800000,5189.5,5210,5162,5200,220427
1778533200000,5205.5,5289,5176,5271,541789
1778619600000,5273,5294.5,5220,5222,274190
1778706000000,5222,5239.5,5127.5,5131,327345
1778792400000,5132.5,5229.5,5096,5127.5,438853
1778878800000,5140,5145,5124.5,5141,24261
1778965200000,5141,5158,5133.5,5137,17092
1779051600000,5147,5152,5102,5108,53504
