time,open,high,low,close,volume
2025-09-14 14:30:00,15775,15775,15775,15775,1
2025-09-15 10:50:00,15545,15545,15545,15545,1
2025-09-15 17:20:00,15620,16425,15620,16425,5
2025-09-15 17:40:00,15480,15480,15480,15480,1
2025-09-16 09:10:00,15685,15685,15435,15435,5
2025-09-22 10:10:00,15700,15700,15700,15700,1
2025-09-22 14:20:00,15700,15700,15700,15700,1
2025-09-23 09:20:00,15330,15330,15330,15330,1
2025-09-26 23:20:00,15350,15350,15350,15350,1
2025-09-29 09:00:00,15595,15595,15595,15595,1
2025-10-02 16:20:00,15810,15810,15810,15810,1
2025-10-02 16:30:00,15800,15800,15800,15800,1
2025-10-06 15:00:00,15710,15710,15710,15710,1
2025-10-06 21:40:00,15910,15910,15910,15910,1
2025-10-07 09:00:00,15840,15840,15840,15840,1
2025-10-07 14:20:00,15775,15775,15775,15775,1
2025-10-07 16:50:00,15955,15970,15955,15970,2
2025-10-07 17:00:00,15970,16020,15970,16020,2
2025-10-09 15:30:00,16190,16190,16190,16190,1
2025-10-09 16:30:00,16270,16425,16270,16425,8
2025-10-09 17:20:00,16160,16160,16160,16160,1
2025-10-09 17:40:00,16165,16165,16165,16165,1
2025-10-09 18:40:00,16155,16155,16155,16155,1
2025-10-10 19:10:00,16050,16050,16050,16050,1
2025-10-10 19:30:00,16155,16155,16155,16155,1
2025-10-13 19:10:00,16005,16005,16000,16000,2
2025-10-13 20:00:00,16045,16050,16045,16050,2
2025-10-13 20:50:00,16045,16045,16045,16045,1
2025-10-14 10:20:00,15960,15985,15880,15985,3
2025-10-15 21:20:00,16040,16040,16040,16040,5
2025-10-15 22:50:00,15950,15950,15910,15910,3
2025-10-16 11:00:00,15980,15980,15980,15980,4
2025-10-16 20:40:00,15865,15955,15810,15955,7
2025-10-16 21:20:00,15950,15955,15950,15955,11
2025-10-16 22:50:00,15850,15850,15850,15850,1
2025-10-17 10:50:00,15810,15810,15810,15810,1
2025-10-17 14:20:00,15850,15870,15850,15870,2
2025-10-17 15:50:00,15865,15865,15865,15865,1
2025-10-19 10:00:00,15885,15885,15885,15885,1
2025-10-20 19:20:00,15935,15935,15935,15935,1
2025-10-20 20:40:00,15935,15935,15935,15935,1
2025-10-21 21:50:00,15865,15865,15865,15865,1
2025-10-22 11:00:00,15865,15865,15865,15865,1
2025-10-22 11:10:00,15800,15800,15795,15795,6
2025-10-22 15:00:00,15745,15745,15745,15745,1
2025-10-22 20:30:00,15870,15875,15870,15875,2
2025-10-22 22:00:00,15740,15740,15740,15740,1
2025-10-23 10:20:00,15880,15880,15880,15880,1
2025-10-23 10:30:00,15770,15770,15770,15770,1
2025-10-23 11:10:00,15835,15835,15835,15835,1
2025-10-23 12:20:00,15900,15975,15900,15975,6
2025-10-23 12:30:00,15975,15975,15975,15975,4
2025-10-23 13:30:00,15970,15970,15970,15970,1
2025-10-23 17:40:00,16055,16055,16055,16055,1
2025-10-23 19:10:00,15935,15935,15900,15920,3
2025-10-23 22:30:00,15940,15940,15905,15905,4
2025-10-23 22:40:00,15900,15900,15900,15900,1
2025-10-23 23:40:00,16000,16000,16000,16000,2
2025-10-24 12:20:00,15895,15895,15895,15895,1
2025-10-24 13:40:00,15900,15900,15895,15895,2
2025-10-24 19:10:00,15905,15910,15905,15910,2
2025-10-24 20:20:00,15910,15910,15910,15910,1
2025-10-24 21:00:00,15845,15845,15845,15845,1
2025-10-27 12:20:00,15900,15990,15900,15990,4
2025-10-27 17:00:00,15910,15910,15910,15910,2
2025-10-28 10:40:00,15875,15875,15875,15875,1
2025-10-28 12:10:00,15730,15730,15675,15675,4
2025-10-28 14:40:00,15635,15635,15625,15625,2
2025-10-28 17:30:00,15790,15790,15790,15790,1
2025-10-29 17:40:00,15755,15955,15755,15955,8
2025-10-29 18:20:00,15855,15855,15855,15855,1
2025-10-30 15:30:00,15840,15840,15835,15835,2
2025-10-30 15:40:00,15805,15805,15800,15800,3
2025-10-30 20:50:00,15840,15840,15840,15840,1
2025-10-30 22:20:00,15650,15650,15650,15650,1
2025-11-05 15:00:00,15630,15630,15630,15630,1
2025-11-05 15:10:00,15635,15635,15635,15635,1
2025-11-05 21:20:00,15715,15715,15715,15715,1
2025-11-05 21:30:00,15720,15720,15720,15720,4
2025-11-06 09:40:00,15630,15630,15630,15630,1
2025-11-10 13:10:00,15740,15775,15740,15775,2
2025-11-10 14:10:00,15730,15730,15620,15620,2
2025-11-10 14:20:00,15625,15625,15625,15625,4
2025-11-10 15:50:00,15720,15720,15720,15720,1
2025-11-10 17:10:00,15680,15680,15680,15680,1
2025-11-10 17:20:00,15695,15695,15695,15695,1
2025-11-10 18:30:00,15695,15695,15695,15695,1
2025-11-11 14:30:00,15655,15655,15655,15655,1
2025-11-12 20:00:00,15625,15625,15620,15620,4
2025-11-14 09:40:00,15370,15370,15370,15370,1
2025-11-14 10:20:00,15350,15350,15350,15350,1
2025-11-14 15:50:00,15350,15350,15350,15350,1
2025-11-14 19:20:00,15345,15345,15345,15345,1
2025-11-15 16:20:00,15470,15475,15470,15475,3
2025-11-15 17:10:00,15470,15475,15470,15475,2
2025-11-17 12:00:00,15315,15415,15310,15330,8
2025-11-17 15:30:00,15315,15315,15315,15315,1
2025-11-17 22:20:00,15170,15170,15170,15170,1
2025-11-18 10:00:00,15105,15105,15105,15105,1
2025-11-18 16:00:00,15100,15100,15100,15100,2
2025-11-19 11:40:00,15155,15155,15150,15150,3
2025-11-19 15:30:00,15205,15205,15205,15205,1
2025-11-20 09:30:00,15100,15100,15100,15100,1
2025-11-20 09:50:00,15100,15100,15095,15095,2
2025-11-20 10:50:00,15095,15095,15095,15095,1
2025-11-20 19:10:00,15005,15005,15005,15005,1
2025-11-20 19:20:00,15000,15000,15000,15000,1
2025-11-21 09:20:00,15010,15010,15010,15010,1
2025-11-21 10:50:00,14900,14900,14900,14900,2
2025-11-21 11:50:00,14925,14925,14925,14925,1
2025-11-21 12:30:00,14850,14850,14685,14685,8
2025-11-21 21:50:00,15065,15065,15065,15065,1
2025-11-21 22:30:00,14885,15055,14885,15055,2
2025-11-21 22:50:00,15000,15000,15000,15000,1
2025-11-24 10:30:00,15095,15095,15095,15095,1
2025-11-24 11:40:00,14850,14850,14850,14850,1
2025-11-24 13:20:00,15065,15065,15065,15065,1
2025-11-24 16:40:00,15150,15150,15150,15150,1
2025-11-24 18:30:00,15095,15100,15095,15100,2
2025-11-25 16:10:00,15170,15170,15170,15170,1
2025-11-25 16:20:00,15195,15195,15195,15195,1
2025-11-25 18:40:00,15245,15245,15245,15245,1
2025-11-25 20:50:00,15250,15250,15250,15250,1
2025-11-25 21:20:00,15075,15075,15075,15075,1
2025-11-26 17:10:00,15345,15345,15345,15345,1
2025-11-26 19:20:00,15330,15330,15330,15330,1
2025-11-26 20:00:00,15070,15070,15070,15070,1
2025-11-26 23:20:00,15365,15365,15365,15365,1
2025-11-27 09:40:00,15290,15310,15290,15310,3
2025-11-27 13:10:00,15020,15020,14940,14940,6
2025-11-27 19:30:00,15155,15155,15155,15155,1
2025-11-28 19:30:00,15280,15475,15280,15475,17
2025-11-29 11:00:00,15070,15070,15070,15070,1
2025-11-29 16:20:00,15350,15350,15350,15350,1
2025-12-01 13:40:00,15135,15135,15135,15135,1
2025-12-02 10:00:00,15395,15395,15395,15395,1
2025-12-02 13:20:00,15170,15170,15135,15135,4
2025-12-02 13:40:00,15365,15370,15365,15370,2
2025-12-02 14:10:00,15180,15180,15180,15180,1
2025-12-03 12:00:00,15355,15355,15355,15355,1
2025-12-03 14:30:00,15190,15190,15190,15190,1
2025-12-03 14:40:00,15345,15345,15345,15345,1
2025-12-03 14:50:00,15345,15345,15345,15345,1
2025-12-03 17:30:00,15345,15345,15345,15345,1
2025-12-03 19:10:00,15190,15190,15185,15185,2
2025-12-03 23:00:00,15190,15190,15190,15190,1
2025-12-04 14:40:00,15375,15375,15375,15375,1
2025-12-05 13:00:00,15135,15135,15135,15135,1
2025-12-05 14:10:00,15365,15375,15365,15375,2
2025-12-05 17:30:00,15370,15370,15370,15370,1
2025-12-05 20:40:00,15370,15370,15370,15370,2
2025-12-05 21:00:00,15370,15370,15370,15370,2
2025-12-08 15:10:00,15395,15395,15395,15395,1
2025-12-08 22:50:00,15290,15290,15290,15290,1
2025-12-09 17:20:00,15240,15240,15240,15240,1
2025-12-09 18:20:00,15205,15205,15205,15205,1
2025-12-10 11:50:00,15055,15055,15055,15055,2
2025-12-10 16:10:00,15190,15190,15190,15190,4
2025-12-10 17:40:00,15130,15130,15130,15130,5
2025-12-10 19:30:00,15065,15120,15060,15120,12
2025-12-11 09:30:00,14910,14910,14795,14795,45
2025-12-11 09:40:00,14750,14750,14660,14680,197
2025-12-11 09:50:00,14675,14675,14675,14675,1
2025-12-11 10:00:00,14680,14680,14680,14680,2
2025-12-11 10:10:00,14690,14690,14690,14690,2
2025-12-11 10:30:00,14650,14650,14650,14650,3
2025-12-11 10:50:00,14675,14675,14675,14675,10
2025-12-11 11:00:00,14650,14650,14645,14645,12
2025-12-11 11:30:00,14620,14620,14620,14620,4
2025-12-11 11:40:00,14630,14630,14625,14625,2
2025-12-11 11:50:00,14635,14635,14605,14605,6
2025-12-11 12:10:00,14605,14605,14605,14605,8
2025-12-11 13:20:00,14610,14610,14610,14610,5
2025-12-11 14:20:00,14640,14640,14640,14640,5
2025-12-11 14:40:00,14615,14615,14615,14615,5
2025-12-11 15:00:00,14630,14630,14630,14630,1
2025-12-11 15:10:00,14635,14635,14635,14635,1
2025-12-11 15:40:00,14650,14650,14650,14650,1
2025-12-11 15:50:00,14650,14650,14650,14650,1
2025-12-11 19:10:00,14685,14685,14680,14680,3
2025-12-11 19:40:00,14700,14700,14700,14700,5
2025-12-11 19:50:00,14700,14700,14690,14690,19
2025-12-11 20:00:00,14685,14685,14675,14685,76
2025-12-11 20:10:00,14685,14685,14685,14685,22
2025-12-11 20:20:00,14690,14690,14690,14690,2
2025-12-11 20:50:00,14685,14685,14685,14685,1
2025-12-11 21:00:00,14685,14685,14685,14685,1
2025-12-11 21:20:00,14685,14685,14685,14685,1
2025-12-11 21:40:00,14680,14680,14650,14650,22
2025-12-11 22:00:00,14785,14785,14785,14785,1
2025-12-11 23:00:00,14760,14760,14760,14760,1
2025-12-11 23:30:00,14650,14650,14650,14650,2
2025-12-12 09:00:00,14685,14685,14685,14685,1
2025-12-12 10:00:00,14685,14685,14645,14645,3
2025-12-12 11:20:00,14645,14645,14620,14620,17
2025-12-12 11:30:00,14670,14675,14670,14675,5
2025-12-12 12:40:00,14620,14620,14620,14620,1
2025-12-12 13:20:00,14670,14670,14670,14670,1
2025-12-12 14:00:00,14675,14675,14675,14675,2
2025-12-12 14:20:00,14670,14670,14670,14670,1
2025-12-12 15:10:00,14620,14620,14620,14620,1
2025-12-12 16:00:00,14630,14630,14630,14630,1
2025-12-12 17:10:00,14745,14745,14745,14745,1
2025-12-12 17:40:00,14735,14735,14735,14735,66
2025-12-12 18:00:00,14700,14710,14700,14710,23
2025-12-12 18:10:00,14690,14690,14690,14690,7
2025-12-12 18:20:00,14615,14615,14615,14615,4
2025-12-12 19:00:00,14565,14565,14565,14565,1
2025-12-12 19:20:00,14600,14600,14600,14600,2
2025-12-12 20:10:00,14590,14590,14590,14590,5
2025-12-13 17:30:00,14755,14755,14755,14755,1
2025-12-15 09:10:00,14625,14625,14625,14625,1
2025-12-15 09:30:00,14645,14645,14645,14645,1
2025-12-15 09:50:00,14640,14640,14640,14640,3
2025-12-15 10:10:00,14625,14625,14625,14625,1
2025-12-15 10:20:00,14630,14630,14620,14620,8
2025-12-15 10:30:00,14620,14620,14620,14620,1
2025-12-15 10:40:00,14605,14605,14590,14590,3
2025-12-15 11:00:00,14580,14580,14570,14570,7
2025-12-15 11:50:00,14595,14600,14595,14600,149
2025-12-15 12:00:00,14595,14595,14595,14595,4
2025-12-15 12:10:00,14590,14590,14590,14590,1
2025-12-15 12:20:00,14585,14585,14585,14585,1
2025-12-15 12:30:00,14580,14580,14580,14580,1
2025-12-15 12:50:00,14580,14580,14580,14580,3
2025-12-15 13:10:00,14585,14585,14585,14585,2
2025-12-15 13:40:00,14595,14595,14595,14595,4
2025-12-15 13:50:00,14590,14595,14590,14595,11
2025-12-15 14:00:00,14590,14590,14570,14570,3
2025-12-15 15:00:00,14585,14585,14580,14580,2
2025-12-15 15:10:00,14580,14580,14570,14570,4
2025-12-15 15:30:00,14575,14575,14565,14565,5
2025-12-15 15:40:00,14575,14575,14575,14575,1
2025-12-15 16:00:00,14590,14590,14470,14470,90
2025-12-15 16:10:00,14435,14435,14435,14435,2
2025-12-15 16:40:00,14460,14460,14460,14460,1
2025-12-15 16:50:00,14445,14445,14445,14445,1
2025-12-15 17:00:00,14435,14435,14430,14430,122
2025-12-15 17:10:00,14430,14430,14430,14430,2
2025-12-15 17:20:00,14410,14420,14405,14420,6
2025-12-15 17:30:00,14405,14405,14335,14335,41
2025-12-15 18:00:00,14380,14380,14380,14380,1
2025-12-15 18:10:00,14325,14325,14305,14305,3
2025-12-15 19:20:00,14380,14380,14380,14380,1
2025-12-15 19:30:00,14385,14390,14385,14390,900
2025-12-15 20:20:00,14370,14370,14370,14370,3
2025-12-15 20:30:00,14360,14360,14360,14360,1
2025-12-15 21:00:00,14365,14365,14365,14365,4
2025-12-15 21:40:00,14375,14375,14375,14375,15
2025-12-15 22:40:00,14425,14425,14425,14425,6
2025-12-15 23:00:00,14450,14470,14450,14470,8
2025-12-16 09:00:00,14360,14360,14360,14360,8
2025-12-16 09:20:00,14360,14360,14360,14360,3
2025-12-16 09:40:00,14360,14360,14360,14360,1
2025-12-16 10:10:00,14375,14375,14375,14375,1
2025-12-16 10:20:00,14380,14380,14380,14380,7
2025-12-16 10:40:00,14380,14380,14380,14380,1
2025-12-16 10:50:00,14380,14380,14380,14380,1
2025-12-16 11:20:00,14380,14380,14380,14380,1
2025-12-16 11:30:00,14375,14375,14375,14375,2
2025-12-16 11:50:00,14415,14415,14415,14415,26
2025-12-16 12:10:00,14405,14405,14405,14405,1
2025-12-16 12:20:00,14380,14380,14365,14365,15
2025-12-16 12:30:00,14365,14365,14365,14365,6
2025-12-16 13:00:00,14365,14365,14365,14365,1
2025-12-16 13:30:00,14395,14395,14395,14395,30
2025-12-16 13:50:00,14400,14400,14400,14400,20
2025-12-16 14:00:00,14395,14395,14395,14395,1
2025-12-16 14:20:00,14395,14395,14395,14395,4
2025-12-16 14:30:00,14405,14405,14405,14405,4
2025-12-16 15:10:00,14395,14395,14395,14395,1
2025-12-16 16:00:00,14420,14420,14375,14375,8
2025-12-16 16:40:00,14365,14365,14355,14355,97
2025-12-16 17:00:00,14350,14350,14350,14350,2
2025-12-16 17:10:00,14355,14355,14355,14355,4
2025-12-16 18:00:00,14355,14355,14345,14345,2
2025-12-16 18:20:00,14365,14365,14345,14345,4
2025-12-16 18:40:00,14365,14365,14365,14365,1
2025-12-16 19:10:00,14340,14340,14340,14340,2
2025-12-16 20:40:00,14350,14350,14350,14350,6
2025-12-16 21:10:00,14350,14350,14350,14350,10
2025-12-16 23:00:00,14365,14365,14365,14365,2
2025-12-17 09:00:00,14545,14545,14500,14500,16
2025-12-17 09:30:00,14475,14475,14475,14475,1
2025-12-17 09:40:00,14535,14535,14535,14535,1
2025-12-17 09:50:00,14540,14540,14540,14540,1
2025-12-17 10:00:00,14545,14545,14505,14505,3
2025-12-17 10:10:00,14500,14500,14500,14500,1
2025-12-17 10:30:00,14500,14500,14500,14500,2
2025-12-17 11:10:00,14440,14440,14440,14440,2
2025-12-17 12:30:00,14410,14410,14410,14410,2
2025-12-17 13:40:00,14425,14425,14425,14425,30
2025-12-17 15:10:00,14450,14450,14450,14450,1
2025-12-17 15:20:00,14490,14490,14485,14485,6
2025-12-17 15:40:00,14495,14495,14495,14495,1
2025-12-17 15:50:00,14485,14485,14485,14485,41
2025-12-17 16:10:00,14530,14530,14530,14530,1
2025-12-17 16:30:00,14525,14525,14525,14525,1
2025-12-17 17:20:00,14490,14500,14490,14500,3
2025-12-17 18:10:00,14500,14500,14500,14500,1
2025-12-17 18:30:00,14480,14480,14480,14480,40
2025-12-17 19:10:00,14470,14470,14470,14470,2
2025-12-17 19:30:00,14465,14490,14465,14490,6
2025-12-17 19:40:00,14480,14480,14480,14480,2
2025-12-17 20:40:00,14455,14455,14455,14455,2
2025-12-17 20:50:00,14455,14455,14455,14455,2
2025-12-18 09:20:00,14515,14515,14515,14515,1
2025-12-18 09:50:00,14515,14515,14515,14515,2
2025-12-18 10:10:00,14580,14580,14580,14580,1
2025-12-18 11:10:00,14610,14610,14600,14600,7
2025-12-18 11:20:00,14560,14560,14545,14545,5
2025-12-18 12:20:00,14580,14580,14580,14580,1
2025-12-18 13:20:00,14620,14620,14620,14620,1
2025-12-18 13:40:00,14585,14585,14585,14585,1
2025-12-18 16:00:00,14605,14605,14605,14605,16
2025-12-18 16:50:00,14625,14650,14625,14645,96
2025-12-18 17:50:00,14550,14550,14550,14550,2
2025-12-18 18:00:00,14655,14655,14655,14655,1
2025-12-18 19:20:00,14730,14735,14670,14670,52
2025-12-18 19:40:00,14675,14730,14675,14730,3
2025-12-18 19:50:00,14680,14680,14680,14680,12
2025-12-18 21:30:00,14745,14745,14745,14745,6
2025-12-18 21:50:00,14725,14730,14725,14730,2
2025-12-18 22:20:00,14625,14625,14355,14355,15
2025-12-18 22:50:00,14515,14610,14500,14610,27
2025-12-19 09:00:00,14860,14910,14860,14875,50
2025-12-19 09:10:00,14880,14885,14880,14885,5
2025-12-19 09:20:00,14900,14900,14890,14890,2
2025-12-19 09:30:00,14890,14890,14890,14890,1
2025-12-19 09:40:00,14880,14880,14880,14880,1
2025-12-19 09:50:00,14870,14870,14870,14870,2
2025-12-19 10:00:00,14880,14880,14870,14870,5
2025-12-19 10:10:00,14870,14870,14870,14870,2
2025-12-19 11:00:00,14850,14850,14850,14850,1
2025-12-19 11:20:00,14840,14890,14840,14890,7
2025-12-19 12:20:00,14875,14875,14875,14875,10
2025-12-19 13:00:00,14845,14845,14845,14845,5
2025-12-19 14:10:00,14815,14840,14815,14840,6
2025-12-19 14:30:00,14785,14785,14785,14785,1
2025-12-19 15:30:00,14795,14795,14795,14795,2
2025-12-19 16:10:00,14835,14835,14835,14835,20
2025-12-19 16:30:00,14895,14895,14895,14895,1
2025-12-19 16:50:00,14885,14885,14885,14885,1
2025-12-19 18:10:00,14900,14900,14900,14900,1
2025-12-19 19:20:00,14810,14870,14810,14870,5
2025-12-19 19:40:00,14890,14890,14890,14890,1
2025-12-19 19:50:00,14890,14890,14870,14870,17
2025-12-19 20:00:00,14890,14890,14890,14890,10
2025-12-19 20:10:00,14885,14885,14870,14870,22
2025-12-19 20:20:00,14865,14870,14865,14870,90
2025-12-19 20:30:00,14875,14875,14875,14875,6
2025-12-19 21:00:00,14895,14895,14895,14895,1
2025-12-19 21:10:00,14895,14895,14895,14895,4
2025-12-19 21:30:00,14900,14900,14900,14900,2
2025-12-19 21:50:00,14985,14985,14960,14960,3
2025-12-19 22:00:00,14960,14960,14960,14960,1
2025-12-19 22:40:00,14995,15000,14995,15000,2
2025-12-20 10:00:00,15215,15380,15145,15380,7
2025-12-20 10:10:00,15340,15340,15340,15340,1
2025-12-20 10:20:00,15200,15200,15200,15200,1
2025-12-20 11:10:00,15000,15000,15000,15000,5
2025-12-20 11:20:00,15050,15050,15050,15050,1
2025-12-20 14:10:00,15230,15275,15230,15275,36
2025-12-20 14:50:00,15095,15095,15095,15095,1
2025-12-20 17:00:00,15125,15125,15125,15125,1
2025-12-20 18:10:00,15125,15125,15125,15125,8
2025-12-21 10:00:00,15285,15290,15285,15290,2
2025-12-21 10:10:00,15285,15285,15285,15285,2
2025-12-21 12:00:00,15165,15280,15165,15280,5
2025-12-21 13:40:00,15270,15290,15270,15290,9
2025-12-21 14:30:00,15200,15200,15200,15200,1
2025-12-21 17:20:00,15195,15195,15195,15195,1
2025-12-21 18:20:00,15195,15195,15195,15195,1
2025-12-22 09:00:00,15200,15200,15085,15095,164
2025-12-22 09:10:00,15060,15085,15030,15085,906
2025-12-22 09:20:00,15085,15090,15035,15035,107
2025-12-22 09:30:00,15075,15075,15040,15040,6
2025-12-22 09:40:00,15080,15165,15080,15165,160
2025-12-22 09:50:00,15170,15350,15170,15350,163
2025-12-22 10:00:00,15310,15340,15230,15230,189
2025-12-22 10:10:00,15270,15270,15190,15190,5
2025-12-22 10:20:00,15225,15230,15160,15160,56
2025-12-22 10:30:00,15180,15180,15140,15140,8
2025-12-22 10:40:00,15175,15175,15135,15135,178
2025-12-22 10:50:00,15185,15190,15170,15175,13
2025-12-22 11:00:00,15155,15165,15150,15150,8
2025-12-22 11:30:00,15130,15130,15090,15090,9
2025-12-22 12:00:00,15080,15080,15060,15060,6
2025-12-22 12:30:00,15155,15155,15155,15155,1
2025-12-22 12:40:00,15110,15110,15110,15110,1
2025-12-22 13:20:00,15135,15140,15135,15140,5
2025-12-22 13:30:00,15140,15140,15135,15135,9
2025-12-22 13:40:00,15140,15140,15130,15130,10
2025-12-22 14:10:00,15125,15125,15125,15125,2
2025-12-22 14:30:00,15125,15125,15125,15125,1
2025-12-22 15:00:00,15115,15115,15075,15075,39
2025-12-22 15:10:00,15120,15120,15120,15120,10
2025-12-22 15:20:00,15120,15125,15120,15125,118
2025-12-22 15:30:00,15130,15130,15080,15080,12
2025-12-22 16:00:00,15150,15200,15150,15200,71
2025-12-22 16:10:00,15250,15250,15250,15250,20
2025-12-22 16:20:00,15265,15265,15265,15265,1
2025-12-22 16:30:00,15225,15225,15220,15220,2
2025-12-22 16:50:00,15260,15305,15260,15290,89
2025-12-22 17:00:00,15265,15285,15265,15285,3
2025-12-22 17:10:00,15285,15330,15285,15330,54
2025-12-22 17:20:00,15285,15285,15285,15285,1
2025-12-22 17:30:00,15330,15330,15330,15330,1
2025-12-22 17:40:00,15330,15370,15330,15370,5
2025-12-22 18:00:00,15375,15375,15370,15370,49
2025-12-22 18:30:00,15315,15315,15315,15315,13
2025-12-22 18:40:00,15345,15360,15345,15360,401
2025-12-22 19:10:00,15320,15320,15320,15320,5
2025-12-22 19:20:00,15320,15320,15320,15320,5
2025-12-22 20:50:00,15340,15360,15340,15360,3
2025-12-22 21:30:00,15310,15310,15310,15310,18
2025-12-22 22:10:00,15350,15350,15350,15350,1
2025-12-22 22:40:00,15350,15350,15350,15350,1
2025-12-22 23:00:00,15350,15360,15280,15280,7
2025-12-22 23:40:00,15260,15260,15230,15230,11
2025-12-23 09:00:00,15455,15460,15430,15460,17
2025-12-23 09:10:00,15515,15520,15480,15520,5
2025-12-23 09:30:00,15480,15515,15480,15515,14
2025-12-23 09:50:00,15520,15520,15520,15520,1
2025-12-23 10:00:00,15520,15565,15520,15560,51
2025-12-23 11:00:00,15540,15540,15540,15540,50
2025-12-23 11:10:00,15580,15585,15545,15545,69
2025-12-23 11:20:00,15545,15545,15545,15545,30
2025-12-23 11:30:00,15545,15550,15500,15550,26
2025-12-23 11:40:00,15550,15550,15515,15515,30
2025-12-23 12:00:00,15580,15580,15580,15580,1
2025-12-23 12:10:00,15545,15545,15545,15545,15
2025-12-23 12:20:00,15570,15580,15570,15580,21
2025-12-23 12:30:00,15580,15630,15580,15630,12
2025-12-23 12:40:00,15635,15635,15630,15635,109
2025-12-23 13:20:00,15670,15680,15670,15680,56
2025-12-23 13:30:00,15650,15665,15650,15665,2
2025-12-23 13:40:00,15650,15675,15650,15675,4
2025-12-23 14:10:00,15675,15675,15675,15675,1
2025-12-23 14:20:00,15685,15685,15685,15685,10
2025-12-23 14:30:00,15680,15685,15680,15685,6
2025-12-23 14:40:00,15695,15700,15695,15700,4
2025-12-23 14:50:00,15695,15695,15665,15665,16
2025-12-23 15:00:00,15670,15670,15640,15640,40
2025-12-23 15:20:00,15720,15720,15720,15720,3
2025-12-23 15:30:00,15665,15705,15665,15705,2
2025-12-23 15:40:00,15710,15710,15710,15710,9
2025-12-23 15:50:00,15695,15695,15695,15695,3
2025-12-23 16:10:00,15775,15800,15750,15800,569
2025-12-23 16:20:00,15850,16040,15830,16000,32
2025-12-23 16:30:00,15960,16005,15935,16000,180
2025-12-23 16:40:00,16045,16060,16000,16030,48
2025-12-23 16:50:00,15980,15980,15925,15970,8
2025-12-23 17:00:00,15905,15905,15775,15805,146
2025-12-23 17:10:00,15840,15865,15840,15865,3
2025-12-23 17:20:00,15845,15890,15790,15890,55
2025-12-23 17:30:00,15785,15785,15785,15785,13
2025-12-23 17:40:00,15835,15880,15835,15880,81
2025-12-23 17:50:00,15885,15885,15885,15885,1
2025-12-23 18:00:00,15810,15810,15635,15700,61
2025-12-23 18:10:00,15760,15760,15715,15715,21
2025-12-23 18:20:00,15730,15730,15730,15730,1
2025-12-23 18:40:00,15815,15855,15815,15855,43
2025-12-23 19:10:00,15855,15870,15855,15870,21
2025-12-23 19:20:00,15795,15795,15775,15775,20
2025-12-23 19:30:00,15775,15775,15755,15755,49
2025-12-23 19:50:00,15780,15780,15780,15780,1
2025-12-23 20:00:00,15800,15800,15790,15790,421
2025-12-23 20:10:00,15815,15845,15815,15840,66
2025-12-23 20:20:00,15845,15845,15845,15845,5
2025-12-23 20:30:00,15845,15845,15845,15845,1
2025-12-23 21:10:00,15840,15840,15840,15840,32
2025-12-23 21:20:00,15840,15840,15840,15840,1
2025-12-23 21:30:00,15845,15845,15800,15800,138
2025-12-23 21:40:00,15790,15790,15575,15770,53
2025-12-23 21:50:00,15775,15775,15775,15775,1
2025-12-23 22:20:00,15790,16425,15740,15870,119
2025-12-23 22:30:00,15950,16000,15950,16000,7
2025-12-23 23:00:00,16075,16120,16075,16120,2
2025-12-23 23:10:00,16120,16200,16110,16160,6
2025-12-23 23:20:00,16050,16140,16025,16130,22
2025-12-23 23:30:00,16160,16220,16125,16125,20
2025-12-23 23:40:00,16125,16125,16120,16120,61
2025-12-24 09:00:00,16110,16590,15785,16345,262
2025-12-24 09:10:00,16350,16385,15900,15940,667
2025-12-24 09:20:00,15970,15990,15960,15990,29
2025-12-24 09:30:00,16000,16005,15985,15985,9
2025-12-24 09:40:00,15975,15975,15975,15975,15
2025-12-24 09:50:00,15980,15980,15980,15980,1
2025-12-24 10:00:00,15950,15950,15940,15940,36
2025-12-24 10:10:00,15935,15950,15935,15950,34
2025-12-24 10:20:00,15970,15970,15935,15935,22
2025-12-24 10:30:00,15935,15935,15930,15930,35
2025-12-24 10:40:00,15970,15970,15970,15970,2
2025-12-24 11:00:00,15930,15930,15915,15925,51
2025-12-24 11:10:00,15960,15975,15960,15975,11
2025-12-24 11:30:00,15970,15970,15970,15970,1
2025-12-24 11:40:00,15975,15975,15930,15965,15
2025-12-24 11:50:00,15930,15930,15930,15930,2
2025-12-24 12:00:00,15960,15960,15915,15935,98
2025-12-24 12:10:00,15915,15945,15870,15945,116
2025-12-24 12:20:00,15930,15930,15930,15930,5
2025-12-24 12:30:00,15905,15905,15900,15900,26
2025-12-24 12:40:00,15890,15900,15890,15900,18
2025-12-24 12:50:00,15925,15925,15920,15920,100
2025-12-24 13:00:00,15920,15970,15920,15970,56
2025-12-24 13:40:00,15950,15950,15945,15945,2
2025-12-24 14:10:00,15940,15940,15900,15900,29
2025-12-24 14:30:00,15970,15970,15970,15970,3
2025-12-24 14:40:00,15890,15890,15890,15890,2
2025-12-24 14:50:00,15935,15935,15895,15895,2
2025-12-24 15:20:00,15925,15925,15925,15925,2
2025-12-24 15:30:00,15925,15925,15890,15890,10
2025-12-24 15:50:00,15940,15940,15940,15940,1
2025-12-24 16:00:00,15900,15900,15725,15760,116
2025-12-24 16:20:00,15790,15790,15780,15790,3
2025-12-24 16:30:00,15760,15845,15725,15845,5
2025-12-24 16:40:00,15800,15840,15800,15840,7
2025-12-24 17:00:00,15865,15865,15865,15865,1
2025-12-24 17:10:00,15910,15910,15910,15910,3
2025-12-24 17:20:00,15850,15860,15825,15825,8
2025-12-24 17:30:00,15800,15850,15765,15805,177
2025-12-24 17:40:00,15750,15750,15730,15730,3
2025-12-24 17:50:00,15710,15710,15610,15685,127
2025-12-24 18:00:00,15640,15730,15640,15730,117
2025-12-24 18:20:00,15640,15700,15620,15700,33
2025-12-24 18:30:00,15700,15700,15650,15695,6
2025-12-24 18:40:00,15680,15695,15680,15695,2
2025-12-24 19:00:00,15700,15700,15700,15700,46
2025-12-24 19:20:00,15760,15780,15760,15780,27
2025-12-24 19:30:00,15780,15805,15780,15805,14
2025-12-24 19:40:00,15795,15795,15775,15785,13
2025-12-24 19:50:00,15775,15775,15775,15775,3
2025-12-24 20:00:00,15790,15790,15790,15790,2
2025-12-24 20:10:00,15790,15790,15790,15790,1
2025-12-24 20:20:00,15775,15775,15775,15775,2
2025-12-24 20:30:00,15790,15790,15790,15790,2
2025-12-24 20:40:00,15790,15790,15790,15790,1
2025-12-24 20:50:00,15790,15795,15790,15790,8
2025-12-24 21:00:00,15805,15805,15805,15805,2
2025-12-24 21:10:00,15800,15800,15800,15800,2
2025-12-24 21:20:00,15810,15810,15810,15810,4
2025-12-24 21:30:00,15810,15810,15800,15810,26
2025-12-24 21:40:00,15780,15780,15775,15775,5
2025-12-24 22:00:00,15810,15900,15810,15900,29
2025-12-24 22:40:00,15885,15985,15885,15980,49
2025-12-24 23:00:00,15960,15960,15960,15960,1
2025-12-24 23:30:00,15960,15970,15960,15970,10
2025-12-24 23:40:00,15965,15970,15965,15970,3
2025-12-25 09:20:00,15985,15985,15770,15770,24
2025-12-25 09:50:00,15960,15985,15960,15985,13
2025-12-25 10:20:00,15855,15855,15855,15855,1
2025-12-25 10:40:00,15855,15985,15795,15985,40
2025-12-25 10:50:00,15985,15985,15985,15985,3
2025-12-25 11:10:00,15870,15870,15870,15870,1
2025-12-25 11:20:00,15870,15870,15745,15745,34
2025-12-25 11:40:00,15910,15910,15910,15910,1
2025-12-25 12:00:00,15790,15790,15670,15735,29
2025-12-25 12:10:00,15855,15855,15855,15855,1
2025-12-25 12:30:00,15850,15850,15710,15710,2
2025-12-25 13:10:00,15755,15755,15755,15755,1
2025-12-25 13:20:00,15750,15750,15725,15725,2
2025-12-25 13:30:00,15725,15725,15725,15725,1
2025-12-25 13:40:00,15790,15790,15790,15790,1
2025-12-25 14:10:00,15735,15735,15730,15730,3
2025-12-25 15:10:00,15745,15770,15745,15770,5
2025-12-25 15:20:00,15765,15770,15765,15770,3
2025-12-25 17:30:00,15825,15825,15825,15825,1
2025-12-25 18:10:00,15745,15745,15740,15740,2
2025-12-25 18:20:00,15810,15810,15740,15740,2
2025-12-25 18:30:00,15715,15715,15715,15715,1
2025-12-25 21:00:00,15835,15835,15835,15835,1
2025-12-25 21:20:00,15840,15840,15840,15840,1
2025-12-25 22:10:00,15745,15745,15725,15725,10
2025-12-25 22:20:00,15740,15740,15730,15730,10
2025-12-26 09:00:00,15980,15980,15980,15980,7
2025-12-26 09:10:00,15950,15950,15950,15950,1
2025-12-26 09:20:00,15900,15900,15860,15860,3
2025-12-26 09:30:00,15865,15865,15865,15865,5
2025-12-26 09:50:00,15870,15870,15860,15865,7
2025-12-26 10:00:00,15870,15935,15870,15935,5
2025-12-26 10:10:00,15885,15885,15875,15875,5
2025-12-26 10:20:00,15915,15960,15915,15960,10
2025-12-26 10:30:00,15970,15975,15970,15975,2
2025-12-26 10:40:00,15970,15970,15915,15915,2
2025-12-26 11:20:00,15960,15960,15960,15960,1
2025-12-26 11:40:00,15925,15925,15925,15925,1
2025-12-26 12:00:00,15970,15980,15970,15980,63
2025-12-26 12:20:00,15975,15975,15975,15975,1
2025-12-26 12:30:00,15975,15975,15975,15975,1
2025-12-26 12:40:00,15945,15975,15945,15975,11
2025-12-26 12:50:00,15975,15975,15915,15975,7
2025-12-26 13:00:00,15975,15975,15970,15970,2
2025-12-26 13:10:00,15975,15975,15940,15940,2
2025-12-26 13:20:00,15940,15975,15935,15975,6
2025-12-26 13:30:00,15930,15930,15650,15730,67
2025-12-26 13:40:00,15710,15720,15710,15720,2
2025-12-26 13:50:00,15795,15800,15795,15800,60
2025-12-26 14:20:00,15775,15775,15775,15775,2
2025-12-26 14:30:00,15765,15765,15765,15765,1
2025-12-26 14:40:00,15770,15780,15770,15780,2
2025-12-26 14:50:00,15780,16195,15780,16195,145
2025-12-26 15:00:00,16395,16395,16050,16050,52
2025-12-26 15:10:00,16010,16010,15955,15955,72
2025-12-26 15:20:00,16120,16120,16120,16120,1
2025-12-26 15:30:00,16115,16240,16115,16240,5
2025-12-26 15:40:00,16260,16390,16085,16085,51
2025-12-26 16:00:00,16165,16380,16165,16275,6
2025-12-26 16:10:00,16305,16625,16105,16545,354
2025-12-26 16:20:00,16590,16635,16405,16635,32
2025-12-26 16:30:00,16625,16690,16555,16555,16
2025-12-26 16:40:00,16530,16530,16490,16490,4
2025-12-26 16:50:00,16500,16650,16440,16575,76
2025-12-26 17:00:00,16570,16570,16560,16560,3
2025-12-26 17:10:00,16515,16560,16515,16560,13
2025-12-26 17:20:00,16560,16560,16545,16560,10
2025-12-26 17:30:00,16560,16570,16560,16570,25
2025-12-26 17:40:00,16540,16540,16535,16540,7
2025-12-26 17:50:00,16540,16700,16540,16700,56
2025-12-26 18:20:00,16610,16610,16610,16610,3
2025-12-26 18:40:00,16610,16610,16610,16610,8
2025-12-26 19:10:00,16700,16700,16555,16695,21
2025-12-26 19:20:00,16695,16695,16695,16695,3
2025-12-26 19:30:00,16505,16505,16505,16505,2
2025-12-26 19:40:00,16685,16685,16685,16685,12
2025-12-26 20:00:00,16675,16675,16540,16675,21
2025-12-26 20:10:00,16675,16680,16665,16680,5
2025-12-26 20:30:00,16685,16685,16685,16685,1
2025-12-26 20:40:00,16685,16965,16550,16785,26
2025-12-26 20:50:00,16785,16785,16635,16765,7
2025-12-26 21:10:00,16785,16800,16690,16690,6
2025-12-26 21:40:00,16690,16690,16575,16575,20
2025-12-26 21:50:00,16580,16580,16580,16580,1
2025-12-26 22:10:00,16620,16620,16620,16620,1
2025-12-26 22:20:00,16765,16765,16765,16765,3
2025-12-26 23:10:00,16760,17080,16760,17055,43
2025-12-26 23:20:00,17000,17000,16945,16945,2
2025-12-26 23:30:00,16910,16910,16800,16800,40
2025-12-26 23:40:00,16870,17165,16870,17165,40
2025-12-27 10:10:00,17350,17350,17135,17145,6
2025-12-27 10:20:00,17145,17145,16950,16950,12
2025-12-27 10:30:00,17000,17005,16925,16925,15
2025-12-27 10:40:00,17050,17075,17050,17055,9
2025-12-27 10:50:00,16940,16940,16940,16940,1
2025-12-27 11:20:00,16945,16945,16940,16940,3
2025-12-27 11:30:00,16990,16990,16930,16930,8
2025-12-27 11:40:00,16965,16965,16965,16965,1
2025-12-27 11:50:00,16955,16960,16955,16960,4
2025-12-27 12:00:00,17040,17050,17040,17050,2
2025-12-27 12:10:00,17065,17150,17065,17150,11
2025-12-27 12:20:00,17140,17150,16985,16985,8
2025-12-27 12:30:00,17095,17170,17095,17170,5
2025-12-27 12:40:00,17165,17165,16975,17155,13
2025-12-27 12:50:00,17165,17230,16990,17230,42
2025-12-27 13:20:00,17165,17170,17165,17170,6
2025-12-27 13:30:00,17085,17085,17060,17060,5
2025-12-27 13:40:00,17050,17115,17000,17115,22
2025-12-27 13:50:00,17020,17020,16990,16990,18
2025-12-27 14:50:00,17015,17015,16940,16990,11
2025-12-27 15:00:00,16995,16995,16995,16995,2
2025-12-27 15:10:00,17000,17010,17000,17010,6
2025-12-27 16:00:00,17080,17085,16990,17000,23
2025-12-27 16:10:00,17000,17000,17000,17000,1
2025-12-27 16:40:00,17010,17010,16995,16995,55
2025-12-27 17:10:00,17040,17040,16995,16995,2
2025-12-27 17:30:00,16995,16995,16990,16990,3
2025-12-27 18:00:00,17030,17030,17030,17030,1
2025-12-27 18:40:00,17040,17040,17020,17020,2
2025-12-28 10:10:00,17060,17060,17060,17060,2
2025-12-28 10:20:00,17060,17120,17060,17120,10
2025-12-28 10:40:00,17005,17005,17005,17005,1
2025-12-28 11:20:00,17095,17120,17095,17120,10
2025-12-28 11:30:00,17100,17190,17100,17190,35
2025-12-28 11:40:00,17210,17210,17185,17185,11
2025-12-28 11:50:00,17190,17195,17190,17195,3
2025-12-28 12:00:00,17210,17210,17210,17210,1
2025-12-28 12:10:00,17215,17360,17215,17360,11
2025-12-28 12:20:00,17300,17300,17200,17295,6
2025-12-28 12:40:00,17295,17300,17100,17245,32
2025-12-28 13:10:00,17240,17245,17125,17125,16
2025-12-28 13:40:00,17100,17100,16970,16970,41
2025-12-28 14:30:00,17095,17170,17005,17005,7
2025-12-28 14:40:00,17000,17000,16950,16950,23
2025-12-28 14:50:00,17090,17105,17000,17000,12
2025-12-28 15:00:00,17095,17095,17095,17095,10
2025-12-28 15:10:00,17000,17000,17000,17000,2
2025-12-28 15:30:00,17070,17080,17070,17080,5
2025-12-28 15:40:00,17085,17295,17085,17295,44
2025-12-28 16:00:00,17245,17250,17245,17250,11
2025-12-28 16:20:00,17255,17285,17125,17125,43
2025-12-28 16:30:00,17160,17160,17090,17090,10
2025-12-28 17:00:00,17205,17210,17205,17210,2
2025-12-28 17:40:00,17110,17110,17000,17000,22
2025-12-28 18:00:00,17135,17135,17135,17135,1
2025-12-28 18:30:00,17115,17120,17115,17120,4
2025-12-28 18:40:00,17130,17200,17000,17200,17
2025-12-28 18:50:00,17160,17200,17050,17050,33
2025-12-29 08:50:00,17130,17130,17130,17130,30
2025-12-29 09:00:00,17050,17310,16055,16200,622
2025-12-29 09:10:00,16260,16465,16260,16375,82
2025-12-29 09:20:00,16355,16355,15860,15980,397
2025-12-29 09:30:00,16280,16685,16050,16440,39
2025-12-29 09:40:00,16060,16345,16005,16340,13
2025-12-29 09:50:00,16200,16275,16030,16275,35
2025-12-29 10:00:00,16060,16215,16010,16015,97
2025-12-29 10:10:00,16120,16170,16000,16140,53
2025-12-29 10:20:00,16140,16240,16140,16235,16
2025-12-29 10:30:00,16100,16100,16095,16095,3
2025-12-29 10:40:00,16205,16265,16155,16260,17
2025-12-29 10:50:00,16255,16255,16150,16150,18
2025-12-29 11:00:00,16235,16315,16155,16310,44
2025-12-29 11:10:00,16310,16310,16205,16290,17
2025-12-29 11:20:00,16295,16315,16295,16300,7
2025-12-29 11:30:00,16290,16330,16290,16330,2
2025-12-29 11:40:00,16340,16400,16340,16400,3
2025-12-29 11:50:00,16455,16455,16305,16435,10
2025-12-29 12:00:00,16290,16290,16285,16285,10
2025-12-29 12:10:00,16385,16385,16385,16385,1
2025-12-29 12:20:00,16395,16400,16395,16400,10
2025-12-29 12:30:00,16400,16400,16400,16400,11
2025-12-29 12:40:00,16400,16440,16360,16360,15
2025-12-29 12:50:00,16350,16350,16350,16350,15
2025-12-29 13:00:00,16425,16430,16370,16380,9
2025-12-29 13:10:00,16430,16430,16430,16430,3
2025-12-29 13:20:00,16405,16405,16405,16405,1
2025-12-29 13:30:00,16410,16425,16400,16425,9
2025-12-29 13:40:00,16425,16425,16425,16425,2
2025-12-29 14:00:00,16420,16420,16420,16420,3
2025-12-29 14:10:00,16405,16405,16390,16390,6
2025-12-29 14:20:00,16390,16390,16325,16325,6
2025-12-29 14:30:00,16340,16340,16340,16340,2
2025-12-29 14:40:00,16330,16330,16175,16175,29
2025-12-29 14:50:00,16175,16200,16170,16200,13
2025-12-29 15:00:00,16245,16245,16245,16245,5
2025-12-29 15:20:00,16240,16240,16240,16240,3
2025-12-29 15:30:00,16245,16335,16245,16335,6
2025-12-29 15:40:00,16325,16400,16325,16395,9
2025-12-29 15:50:00,16225,16225,16215,16215,5
2025-12-29 16:00:00,16355,16360,16340,16340,4
2025-12-29 16:10:00,16305,16400,16305,16400,10
2025-12-29 16:20:00,16310,16310,16310,16310,3
2025-12-29 16:40:00,16380,16400,16380,16400,23
2025-12-29 16:50:00,16350,16350,16305,16305,17
2025-12-29 17:00:00,16300,16300,16170,16170,19
2025-12-29 17:10:00,16195,16195,16005,16005,74
2025-12-29 17:20:00,16100,16100,15995,15995,146
2025-12-29 17:30:00,16125,16125,16005,16005,58
2025-12-29 17:40:00,16080,16120,16040,16060,122
2025-12-29 17:50:00,16130,16130,16050,16055,298
2025-12-29 18:00:00,16095,16105,16095,16105,73
2025-12-29 18:10:00,16155,16155,16150,16150,4
2025-12-29 18:20:00,16135,16135,16000,16005,34
2025-12-29 18:30:00,15995,16015,15990,15990,53
2025-12-29 19:00:00,16075,16075,16075,16075,1
2025-12-29 19:10:00,16000,16000,16000,16000,5
2025-12-29 19:20:00,16000,16000,15870,15910,164
2025-12-29 19:30:00,15960,15960,15950,15950,3
2025-12-29 19:50:00,15955,15960,15955,15960,8
2025-12-29 20:00:00,15960,15960,15880,15880,10
2025-12-29 20:10:00,15880,15900,15875,15900,81
2025-12-29 20:20:00,15900,15905,15900,15905,7
2025-12-29 20:30:00,15905,15905,15900,15900,2
2025-12-29 21:00:00,15880,15890,15845,15845,8
2025-12-29 21:10:00,15845,15875,15845,15875,2
2025-12-29 21:20:00,15845,15880,15820,15880,37
2025-12-29 21:30:00,15880,15880,15880,15880,1
2025-12-29 21:50:00,15840,15840,15840,15840,1
2025-12-29 22:00:00,15835,15900,15620,15900,32
2025-12-29 22:10:00,15850,15850,15850,15850,2
2025-12-29 22:20:00,15850,15905,15850,15905,2
2025-12-29 22:50:00,15905,15905,15905,15905,2
2025-12-29 23:00:00,15950,15950,15950,15950,5
2025-12-29 23:20:00,15975,15975,15975,15975,1
2025-12-29 23:30:00,15985,16020,15985,16020,8
2025-12-30 08:50:00,16560,16560,16560,16560,18
2025-12-30 09:00:00,16720,16775,16520,16675,222
2025-12-30 09:10:00,16730,16740,16700,16720,60
2025-12-30 09:20:00,16735,16735,16600,16600,66
2025-12-30 09:30:00,16605,16680,16605,16630,18
2025-12-30 09:40:00,16635,16635,16630,16630,5
2025-12-30 09:50:00,16630,16660,16595,16660,51
2025-12-30 10:00:00,16625,16635,16555,16555,21
2025-12-30 10:10:00,16550,16555,16505,16505,51
2025-12-30 10:20:00,16505,16535,16505,16535,28
2025-12-30 10:30:00,16535,16535,16535,16535,77
2025-12-30 10:40:00,16550,16550,16520,16525,167
2025-12-30 10:50:00,16535,16535,16490,16490,6
2025-12-30 11:00:00,16480,16480,16355,16355,56
2025-12-30 11:10:00,16470,16470,16470,16470,1
2025-12-30 11:20:00,16455,16550,16455,16550,18
2025-12-30 11:40:00,16600,16600,16600,16600,1
2025-12-30 11:50:00,16645,16660,16645,16660,5
2025-12-30 12:00:00,16680,16710,16670,16670,33
2025-12-30 12:10:00,16700,16720,16700,16720,2
2025-12-30 12:20:00,16660,16715,16660,16715,8
2025-12-30 12:30:00,16710,16710,16710,16710,1
2025-12-30 12:40:00,16660,16660,16660,16660,2
2025-12-30 13:00:00,16695,16695,16695,16695,26
2025-12-30 13:10:00,16715,16750,16715,16750,6
2025-12-30 13:20:00,16735,16735,16725,16725,36
2025-12-30 13:30:00,16720,16730,16630,16630,114
2025-12-30 13:40:00,16630,16630,16630,16630,16
2025-12-30 14:00:00,16685,16685,16640,16640,7
2025-12-30 14:10:00,16675,16675,16675,16675,2
2025-12-30 14:20:00,16675,16705,16675,16705,14
2025-12-30 14:30:00,16675,16675,16655,16655,6
2025-12-30 15:00:00,16650,16650,16650,16650,1
2025-12-30 15:10:00,16685,16695,16685,16690,10
2025-12-30 15:20:00,16685,16685,16620,16620,29
2025-12-30 15:30:00,16630,16690,16625,16685,22
2025-12-30 15:40:00,16720,16720,16720,16720,3
2025-12-30 15:50:00,16660,16660,16660,16660,2
2025-12-30 16:00:00,16735,16820,16735,16775,29
2025-12-30 16:10:00,16790,16850,16790,16830,236
2025-12-30 16:20:00,16815,16815,16740,16780,232
2025-12-30 16:30:00,16770,16770,16770,16770,2
2025-12-30 16:40:00,16725,16725,16725,16725,1
2025-12-30 16:50:00,16815,16815,16815,16815,1
2025-12-30 17:00:00,16820,16840,16815,16840,14
2025-12-30 17:10:00,16880,16880,16860,16860,2
2025-12-30 17:20:00,16885,16885,16810,16855,22
2025-12-30 17:30:00,16795,16855,16795,16855,4
2025-12-30 17:50:00,16825,16825,16825,16825,1
2025-12-30 18:00:00,16775,16830,16775,16805,65
2025-12-30 18:10:00,16805,16815,16785,16815,26
2025-12-30 18:20:00,16840,16880,16830,16830,17
2025-12-30 18:30:00,16900,16910,16900,16910,69
2025-12-30 18:40:00,16925,16925,16860,16860,24
2025-12-30 19:00:00,16910,16910,16910,16910,1
2025-12-30 19:10:00,16845,16935,16680,16935,41
2025-12-30 19:20:00,16935,16935,16925,16925,8
2025-12-30 19:40:00,16945,16945,16945,16945,1
2025-12-30 19:50:00,16875,16875,16875,16875,1
2025-12-30 20:00:00,16920,16920,16920,16920,8
2025-12-30 20:10:00,16940,16940,16940,16940,1
2025-12-30 20:40:00,16925,16925,16925,16925,2
2025-12-30 20:50:00,16925,16925,16870,16925,4
2025-12-30 21:00:00,16910,16910,16910,16910,1
2025-12-30 21:10:00,16820,16840,16700,16840,25
2025-12-30 21:20:00,16870,16885,16870,16885,10
2025-12-30 21:40:00,16885,16885,16885,16885,1
2025-12-30 21:50:00,16900,16940,16900,16940,25
2025-12-30 22:00:00,16940,16940,16940,16940,2
2025-12-30 22:10:00,16925,16925,16925,16925,1
2025-12-30 22:20:00,16935,16970,16935,16970,43
2025-12-30 22:30:00,16840,16840,16840,16840,1
2025-12-30 22:40:00,16885,16900,16885,16885,9
2025-12-30 22:50:00,16885,16885,16810,16830,12
2025-12-30 23:00:00,16955,16955,16950,16950,2
2025-12-30 23:10:00,16820,16955,16815,16955,8
2025-12-30 23:20:00,16815,16815,16815,16815,4
2025-12-30 23:40:00,16995,16995,16995,16995,1
2026-01-05 09:00:00,16985,16995,16985,16990,50
2026-01-05 09:10:00,16940,16975,16925,16975,26
2026-01-05 09:20:00,16975,16975,16970,16975,6
2026-01-05 09:30:00,16975,16975,16915,16915,13
2026-01-05 09:40:00,16965,16990,16925,16990,7
2026-01-05 10:00:00,16945,16985,16925,16925,30
2026-01-05 10:10:00,16925,16925,16920,16920,6
2026-01-05 10:20:00,16925,16925,16925,16925,4
2026-01-05 10:40:00,16940,16945,16930,16930,5
2026-01-05 10:50:00,16945,16955,16945,16955,5
2026-01-05 11:00:00,16955,16975,16955,16975,5
2026-01-05 11:20:00,16965,16980,16930,16930,25
2026-01-05 11:30:00,16930,16970,16930,16970,8
2026-01-05 11:40:00,16965,17020,16965,17020,32
2026-01-05 12:00:00,16980,16980,16980,16980,1
2026-01-05 12:10:00,17000,17000,17000,17000,1
2026-01-05 12:20:00,17020,17020,17005,17005,2
2026-01-05 12:50:00,17005,17005,17005,17005,1
2026-01-05 13:20:00,17005,17010,17005,17005,28
2026-01-05 13:50:00,17000,17020,17000,17020,6
2026-01-05 14:00:00,17035,17035,17035,17035,1
2026-01-05 14:30:00,16995,17020,16970,17020,35
2026-01-05 14:50:00,17020,17020,17020,17020,1
2026-01-05 15:00:00,17000,17000,17000,17000,3
2026-01-05 15:10:00,17010,17010,17010,17010,1
2026-01-05 15:20:00,17020,17025,17020,17025,55
2026-01-05 15:30:00,16995,17000,16990,17000,9
2026-01-05 15:40:00,16960,16960,16955,16955,7
2026-01-05 15:50:00,16955,16955,16955,16955,1
2026-01-05 16:00:00,16960,17000,16925,17000,205
2026-01-05 16:10:00,17010,17010,17010,17010,30
2026-01-05 16:30:00,16960,17000,16960,16985,6
2026-01-05 16:40:00,17005,17005,17005,17005,198
2026-01-05 16:50:00,16995,16995,16995,16995,1
2026-01-05 17:00:00,17000,17000,17000,17000,4
2026-01-05 17:10:00,16995,17035,16995,17035,10
2026-01-05 17:20:00,17000,17000,17000,17000,8
2026-01-05 17:40:00,16970,16970,16970,16970,5
2026-01-05 17:50:00,16990,16990,16990,16990,1
2026-01-05 18:10:00,16995,16995,16995,16995,43
2026-01-05 18:20:00,17005,17005,17005,17005,1
2026-01-05 18:30:00,17010,17010,17010,17010,4
2026-01-05 18:40:00,17005,17010,17005,17010,2
2026-01-05 19:00:00,17045,17060,17045,17060,69
2026-01-05 19:10:00,17100,17160,17095,17155,95
2026-01-05 19:20:00,17125,17135,17115,17115,11
2026-01-05 19:30:00,17115,17115,17115,17115,4
2026-01-05 19:40:00,17160,17215,17160,17215,17
2026-01-05 19:50:00,17290,17295,17260,17260,8
2026-01-05 20:00:00,17265,17280,17265,17280,23
2026-01-05 20:10:00,17295,17360,17290,17290,304
2026-01-05 20:20:00,17315,17315,17305,17305,319
2026-01-05 20:30:00,17330,17435,17330,17430,12
2026-01-05 20:40:00,17400,17400,17400,17400,2
2026-01-05 21:10:00,17380,17380,17375,17375,2
2026-01-05 21:20:00,17335,17340,17325,17340,181
2026-01-05 21:30:00,17395,17395,17395,17395,5
2026-01-05 21:40:00,17395,17395,17385,17385,2
2026-01-05 21:50:00,17385,17385,17385,17385,8
2026-01-05 22:10:00,17350,17350,17345,17345,3
2026-01-05 22:20:00,17340,17395,17340,17395,4
2026-01-05 22:30:00,17395,17400,17395,17395,11
2026-01-05 22:50:00,17285,17285,17285,17285,1
2026-01-05 23:10:00,17395,17395,17395,17395,4
2026-01-05 23:40:00,17395,17395,17395,17395,1
2026-01-06 09:00:00,18140,18140,17260,17585,120
2026-01-06 09:10:00,17550,17670,17550,17670,1173
2026-01-06 09:20:00,17670,17670,17590,17645,68
2026-01-06 09:30:00,17620,17705,17620,17680,33
2026-01-06 09:40:00,17660,17685,17650,17685,14
2026-01-06 09:50:00,17685,17740,17680,17730,45
2026-01-06 10:00:00,17685,17735,17685,17730,15
2026-01-06 10:10:00,17760,17770,17760,17770,24
2026-01-06 10:20:00,17755,17755,17700,17710,114
2026-01-06 10:30:00,17720,17770,17720,17770,4
2026-01-06 10:40:00,17765,17845,17755,17815,77
2026-01-06 10:50:00,17850,18020,17850,18000,205
2026-01-06 11:00:00,18020,18045,17940,18005,82
2026-01-06 11:10:00,17970,18030,17925,18030,200
2026-01-06 11:20:00,18005,18030,17965,17965,40
2026-01-06 11:30:00,17960,18070,17925,18040,55
2026-01-06 11:40:00,18030,18045,18005,18030,39
2026-01-06 11:50:00,18080,18080,18060,18080,23
2026-01-06 12:00:00,18070,18080,18055,18060,18
2026-01-06 12:10:00,18050,18080,18050,18050,40
2026-01-06 12:20:00,18065,18070,18020,18020,35
2026-01-06 12:30:00,18035,18095,18025,18095,59
2026-01-06 12:40:00,18095,18120,18030,18030,74
2026-01-06 12:50:00,18045,18095,18045,18055,13
2026-01-06 13:00:00,18030,18055,18010,18055,50
2026-01-06 13:10:00,18095,18095,18055,18065,37
2026-01-06 13:20:00,18075,18160,18075,18105,97
2026-01-06 13:30:00,18105,18160,18105,18160,71
2026-01-06 13:40:00,18115,18150,18110,18110,10
2026-01-06 13:50:00,18145,18235,18145,18200,108
2026-01-06 14:00:00,18190,18205,18190,18205,26
2026-01-06 14:10:00,18205,18205,18205,18205,20
2026-01-06 14:20:00,18205,18230,18165,18165,51
2026-01-06 14:30:00,18165,18165,18105,18110,21
2026-01-06 14:40:00,18105,18165,18090,18120,116
2026-01-06 14:50:00,18120,18120,18070,18110,26
2026-01-06 15:00:00,18120,18155,18100,18100,28
2026-01-06 15:10:00,18095,18120,18070,18085,19
2026-01-06 15:20:00,18075,18105,18065,18065,24
2026-01-06 15:30:00,18140,18140,18135,18135,11
2026-01-06 15:40:00,18150,18200,18120,18160,186
2026-01-06 15:50:00,18205,18210,18190,18190,11
2026-01-06 16:00:00,18200,18200,18165,18180,66
2026-01-06 16:10:00,18230,18340,18200,18325,158
2026-01-06 16:20:00,18305,18305,18180,18190,1469
2026-01-06 16:30:00,18175,18190,18010,18010,432
2026-01-06 16:40:00,18100,18120,18055,18055,16
2026-01-06 16:50:00,18095,18240,18095,18225,132
2026-01-06 17:00:00,18235,18235,18235,18235,15
2026-01-06 17:10:00,18235,18245,18200,18200,76
2026-01-06 17:20:00,18200,18295,18200,18280,62
2026-01-06 17:30:00,18295,18325,18295,18310,72
2026-01-06 17:40:00,18275,18325,18270,18290,7
2026-01-06 17:50:00,18315,18450,18315,18390,283
2026-01-06 18:00:00,18440,18450,18375,18450,421
2026-01-06 18:10:00,18470,18555,18470,18485,194
2026-01-06 18:20:00,18485,18650,18485,18650,118
2026-01-06 18:30:00,18600,18650,18495,18575,65
2026-01-06 18:40:00,18585,18600,18520,18600,91
2026-01-06 19:00:00,18600,18630,18515,18630,1062
2026-01-06 19:10:00,18615,18750,18595,18750,1954
2026-01-06 19:20:00,18735,18845,18675,18845,228
2026-01-06 19:30:00,18845,18940,18780,18825,643
2026-01-06 19:40:00,18750,18810,18715,18750,233
2026-01-06 19:50:00,18800,18800,18690,18710,203
2026-01-06 20:00:00,18710,18835,18710,18790,1341
2026-01-06 20:10:00,18835,18950,18785,18785,1865
2026-01-06 20:20:00,18855,18880,18835,18860,45
2026-01-06 20:30:00,18835,18835,18610,18610,2923
2026-01-06 20:40:00,18610,18630,18560,18575,92
2026-01-06 20:50:00,18565,18665,18325,18665,823
2026-01-06 21:00:00,18660,18660,18600,18655,119
2026-01-06 21:10:00,18610,18670,18595,18655,42
2026-01-06 21:20:00,18600,18610,18595,18610,29
2026-01-06 21:30:00,18610,18675,18610,18675,80
2026-01-06 21:40:00,18685,18685,18620,18620,11
2026-01-06 21:50:00,18695,18695,18695,18695,23
2026-01-06 22:00:00,18700,18870,18700,18870,60
2026-01-06 22:10:00,18730,18735,18700,18700,28
2026-01-06 22:20:00,18695,18865,18660,18860,31
2026-01-06 22:30:00,18850,18850,18665,18665,40
2026-01-06 22:40:00,18665,18765,18500,18570,232
2026-01-06 22:50:00,18580,18750,18500,18550,80
2026-01-06 23:00:00,18550,18680,18530,18530,46
2026-01-06 23:10:00,18530,18710,18515,18640,68
2026-01-06 23:20:00,18630,18630,18580,18630,4
2026-01-06 23:30:00,18695,18715,18615,18675,17
2026-01-06 23:40:00,18715,18830,18580,18600,55
2026-01-08 08:50:00,17385,18175,17385,17535,52
2026-01-08 09:00:00,17420,17775,17105,17120,1160
2026-01-08 09:10:00,17105,17105,17105,17105,459
2026-01-08 09:20:00,17105,17170,17105,17110,337
2026-01-08 09:30:00,17160,17355,17120,17310,498
2026-01-08 09:40:00,17285,17290,17185,17205,1419
2026-01-08 09:50:00,17210,17265,17170,17260,250
2026-01-08 10:00:00,17260,17305,17245,17305,44
2026-01-08 10:10:00,17310,17310,17235,17270,85
2026-01-08 10:20:00,17265,17280,17105,17255,1097
2026-01-08 10:30:00,17260,17260,17190,17250,59
2026-01-08 10:40:00,17260,17260,17175,17175,208
2026-01-08 10:50:00,17195,17255,17195,17245,34
2026-01-08 11:00:00,17205,17205,16960,17035,216
2026-01-08 11:10:00,17000,17095,16955,17075,159
2026-01-08 11:20:00,17065,17125,17005,17055,61
2026-01-08 11:30:00,17030,17035,17015,17035,26
2026-01-08 11:40:00,17010,17035,16990,17025,52
2026-01-08 11:50:00,17050,17100,17050,17100,43
2026-01-08 12:00:00,17120,17140,17100,17110,58
2026-01-08 12:10:00,17100,17200,17100,17200,45
2026-01-08 12:20:00,17155,17220,17155,17200,33
2026-01-08 12:30:00,17140,17205,17125,17205,37
2026-01-08 12:40:00,17205,17205,17120,17120,57
2026-01-08 12:50:00,17175,17205,17175,17175,165
2026-01-08 13:00:00,17175,17210,17175,17210,19
2026-01-08 13:10:00,17210,17275,17185,17245,77
2026-01-08 13:20:00,17215,17235,17215,17235,10
2026-01-08 13:30:00,17235,17250,17235,17250,2
2026-01-08 13:40:00,17250,17305,17250,17265,70
2026-01-08 13:50:00,17305,17305,17245,17245,80
2026-01-08 14:00:00,17300,17300,17295,17295,7
2026-01-08 14:10:00,17295,17300,17220,17260,206
2026-01-08 14:20:00,17275,17285,17250,17250,82
2026-01-08 14:30:00,17225,17240,17200,17205,17
2026-01-08 14:40:00,17205,17240,17175,17180,93
2026-01-08 14:50:00,17225,17230,17180,17230,16
2026-01-08 15:00:00,17215,17250,17180,17180,24
2026-01-08 15:10:00,17185,17225,17185,17225,156
2026-01-08 15:20:00,17215,17270,17215,17265,12
2026-01-08 15:30:00,17220,17260,17210,17260,34
2026-01-08 15:40:00,17260,17300,17245,17245,37
2026-01-08 15:50:00,17255,17255,17205,17205,7
2026-01-08 16:00:00,17170,17200,17140,17155,15
2026-01-08 16:10:00,17185,17220,17185,17220,4
2026-01-08 16:20:00,17200,17230,17170,17210,32
2026-01-08 16:30:00,17160,17220,17155,17190,14
2026-01-08 16:40:00,17190,17215,17190,17215,2
2026-01-08 16:50:00,17190,17190,17080,17105,104
2026-01-08 17:00:00,17130,17130,17005,17005,109
2026-01-08 17:10:00,17025,17080,17005,17080,70
2026-01-08 17:20:00,17070,17070,17040,17045,75
2026-01-08 17:30:00,17035,17040,17030,17030,13
2026-01-08 17:40:00,17080,17130,17000,17130,56
2026-01-08 17:50:00,17130,17180,17125,17180,33
2026-01-08 18:00:00,17160,17185,17130,17165,98
2026-01-08 18:10:00,17175,17180,17165,17180,12
2026-01-08 18:20:00,17200,17230,17180,17230,144
2026-01-08 18:30:00,17215,17215,17140,17140,16
2026-01-08 18:40:00,17215,17235,17185,17235,61
2026-01-08 19:00:00,17220,17230,17220,17225,9
2026-01-08 19:10:00,17205,17245,17155,17245,22
2026-01-08 19:20:00,17280,17290,17215,17220,14
2026-01-08 19:30:00,17270,17345,17245,17340,73
2026-01-08 19:40:00,17300,17350,17290,17300,66
2026-01-08 19:50:00,17300,17300,17245,17245,17
2026-01-08 20:00:00,17265,17285,17245,17285,250
2026-01-08 20:10:00,17265,17265,17265,17265,3
2026-01-08 20:20:00,17255,17255,17160,17160,85
2026-01-08 20:30:00,17160,17160,17100,17130,127
2026-01-08 20:40:00,17125,17125,17030,17090,438
2026-01-08 20:50:00,17050,17120,17050,17105,295
2026-01-08 21:00:00,17100,17100,17095,17095,13
2026-01-08 21:10:00,17095,17110,17095,17100,64
2026-01-08 21:20:00,17090,17090,17090,17090,1
2026-01-08 21:30:00,17090,17095,17060,17060,20
2026-01-08 21:50:00,17130,17130,17125,17125,2
2026-01-08 22:00:00,17090,17245,17090,17215,34
2026-01-08 22:20:00,17160,17190,17160,17180,3
2026-01-08 22:30:00,17160,17160,17100,17100,6
2026-01-08 22:40:00,17060,17060,17060,17060,13
2026-01-08 22:50:00,17100,17120,17100,17110,13
2026-01-08 23:00:00,17150,17150,17150,17150,1
2026-01-08 23:10:00,17090,17100,17080,17080,10
2026-01-08 23:30:00,17175,17245,17175,17230,24
2026-01-08 23:40:00,17245,17325,17050,17130,143
2026-01-09 09:00:00,17285,17530,17285,17510,167
2026-01-09 09:10:00,17515,17515,17425,17425,68
2026-01-09 09:20:00,17415,17505,17390,17505,50
2026-01-09 09:30:00,17515,17530,17515,17530,69
2026-01-09 09:40:00,17530,17660,17485,17610,263
2026-01-09 09:50:00,17630,17640,17550,17550,152
2026-01-09 10:00:00,17565,17565,17510,17540,37
2026-01-09 10:10:00,17535,17540,17450,17520,116
2026-01-09 10:20:00,17500,17500,17450,17495,9
2026-01-09 10:30:00,17455,17495,17450,17495,49
2026-01-09 10:40:00,17475,17525,17475,17485,13
2026-01-09 10:50:00,17460,17495,17460,17495,69
2026-01-09 11:00:00,17495,17575,17495,17535,28
2026-01-09 11:10:00,17535,17540,17500,17505,26
2026-01-09 11:20:00,17505,17530,17505,17530,32
2026-01-09 11:30:00,17510,17555,17510,17555,13
2026-01-09 11:40:00,17555,17625,17500,17500,106
2026-01-09 11:50:00,17505,17585,17505,17585,6
2026-01-09 12:00:00,17585,17585,17545,17570,18
2026-01-09 12:10:00,17575,17660,17575,17655,136
2026-01-09 12:20:00,17640,17650,17605,17605,104
2026-01-09 12:30:00,17610,17655,17600,17655,81
2026-01-09 12:40:00,17645,17645,17620,17625,11
2026-01-09 12:50:00,17635,17640,17555,17555,39
2026-01-09 13:00:00,17560,17605,17545,17555,30
2026-01-09 13:10:00,17615,17625,17615,17625,7
2026-01-09 13:20:00,17625,17645,17585,17585,22
2026-01-09 13:30:00,17640,17655,17635,17655,16
2026-01-09 13:40:00,17645,17645,17605,17615,18
2026-01-09 13:50:00,17615,17650,17555,17585,23
2026-01-09 14:00:00,17635,17655,17635,17655,3
2026-01-09 14:10:00,17615,17665,17610,17665,17
2026-01-09 14:20:00,17660,17665,17585,17585,76
2026-01-09 14:30:00,17630,17630,17540,17545,46
2026-01-09 14:40:00,17570,17570,17545,17545,52
2026-01-09 14:50:00,17595,17645,17595,17645,10
2026-01-09 15:00:00,17620,17720,17620,17715,73
2026-01-09 15:10:00,17715,17715,17665,17665,95
2026-01-09 15:20:00,17665,17735,17660,17735,101
2026-01-09 15:30:00,17735,17845,17660,17660,406
2026-01-09 15:40:00,17730,17750,17670,17675,47
2026-01-09 15:50:00,17675,17745,17675,17735,42
2026-01-09 16:00:00,17700,17990,17700,17920,249
2026-01-09 16:10:00,17970,17975,17905,17930,51
2026-01-09 16:20:00,17900,17905,17725,17775,127
2026-01-09 16:30:00,17775,17930,17775,17855,202
2026-01-09 16:40:00,17860,17860,17750,17810,84
2026-01-09 16:50:00,17750,17765,17705,17720,106
2026-01-09 17:00:00,17735,17805,17730,17730,11
2026-01-09 17:10:00,17730,17750,17680,17735,97
2026-01-09 17:20:00,17750,17820,17750,17780,38
2026-01-09 17:30:00,17750,17890,17750,17890,27
2026-01-09 17:40:00,17840,17840,17840,17840,1
2026-01-09 17:50:00,17840,17880,17810,17815,137
2026-01-09 18:00:00,17825,17840,17750,17840,98
2026-01-09 18:10:00,17805,17870,17805,17855,76
2026-01-09 18:20:00,17850,17920,17850,17920,82
2026-01-09 18:30:00,17895,17965,17890,17890,21
2026-01-09 18:40:00,17890,17930,17815,17875,39
2026-01-09 19:00:00,17875,17875,17710,17725,69
2026-01-09 19:10:00,17710,17820,17630,17810,143
2026-01-09 19:20:00,17775,17795,17775,17795,10
2026-01-09 19:30:00,17720,17790,17720,17790,23
2026-01-09 19:40:00,17795,17805,17785,17785,15
2026-01-09 19:50:00,17750,17750,17720,17720,52
2026-01-09 20:00:00,17785,17820,17785,17820,26
2026-01-09 20:20:00,17805,17885,17805,17885,44
2026-01-09 20:30:00,17885,17925,17855,17855,17
2026-01-09 20:40:00,17855,17910,17855,17910,9
2026-01-09 20:50:00,17840,17840,17840,17840,8
2026-01-09 21:00:00,17780,17785,17780,17785,35
2026-01-09 21:20:00,17780,17865,17780,17840,47
2026-01-09 21:30:00,17780,17780,17775,17775,5
2026-01-09 21:40:00,17780,17780,17780,17780,1
2026-01-09 21:50:00,17840,17840,17780,17780,73
2026-01-09 22:00:00,17750,17750,17540,17540,69
2026-01-09 22:10:00,17555,17585,17245,17355,299
2026-01-09 22:20:00,17520,17690,17400,17600,42
2026-01-09 22:30:00,17600,17795,17420,17795,103
2026-01-09 22:40:00,17690,17695,17690,17695,3
2026-01-09 22:50:00,17605,17735,17525,17735,72
2026-01-09 23:00:00,17740,17740,17600,17695,5
2026-01-09 23:10:00,17690,17690,17555,17555,36
2026-01-09 23:20:00,17585,17645,17585,17605,15
2026-01-09 23:30:00,17605,17605,17600,17600,10
2026-01-09 23:40:00,17585,17655,17470,17640,89
2026-01-12 08:50:00,17985,17985,17985,17985,11
2026-01-12 09:00:00,18000,18250,17985,18105,386
2026-01-12 09:10:00,18100,18105,18055,18070,77
2026-01-12 09:20:00,18075,18135,18075,18135,32
2026-01-12 09:30:00,18140,18180,18085,18085,62
2026-01-12 09:40:00,18100,18110,18080,18110,23
2026-01-12 09:50:00,18140,18220,18140,18200,38
2026-01-12 10:00:00,18200,18245,18200,18235,159
2026-01-12 10:10:00,18180,18215,18165,18185,74
2026-01-12 10:20:00,18165,18185,18115,18115,138
2026-01-12 10:30:00,18115,18120,18060,18120,116
2026-01-12 10:40:00,18060,18075,18055,18055,9
2026-01-12 10:50:00,18055,18175,18055,18175,417
2026-01-12 11:00:00,18140,18155,18100,18155,154
2026-01-12 11:10:00,18115,18115,18050,18055,54
2026-01-12 11:20:00,18000,18000,17990,18000,4
2026-01-12 11:30:00,17965,18000,17925,18000,67
2026-01-12 11:40:00,18015,18105,18015,18095,50
2026-01-12 11:50:00,18160,18160,18080,18095,46
2026-01-12 12:00:00,18110,18205,18110,18155,88
2026-01-12 12:10:00,18180,18325,18180,18325,843
2026-01-12 12:20:00,18280,18315,18265,18275,95
2026-01-12 12:30:00,18305,18305,18250,18265,42
2026-01-12 12:50:00,18280,18330,18230,18230,69
2026-01-12 13:00:00,18265,18270,18235,18235,45
2026-01-12 13:10:00,18310,18310,18245,18245,78
2026-01-12 13:20:00,18240,18240,18175,18230,44
2026-01-12 13:30:00,18220,18235,18220,18235,12
2026-01-12 13:40:00,18235,18270,18235,18270,66
2026-01-12 13:50:00,18250,18250,18245,18245,8
2026-01-12 14:00:00,18245,18245,18200,18200,65
2026-01-12 14:10:00,18215,18230,18175,18230,158
2026-01-12 14:20:00,18230,18230,18180,18180,116
2026-01-12 14:30:00,18185,18240,18185,18230,26
2026-01-12 14:50:00,18185,18215,18175,18215,26
2026-01-12 15:00:00,18235,18235,18235,18235,1
2026-01-12 15:10:00,18210,18245,18210,18210,38
2026-01-12 15:20:00,18210,18285,18210,18285,77
2026-01-12 15:30:00,18290,18300,18290,18295,40
2026-01-12 15:40:00,18300,18300,18300,18300,10
2026-01-12 15:50:00,18300,18370,18300,18360,23
2026-01-12 16:00:00,18360,18365,18220,18305,93
2026-01-12 16:10:00,18300,18300,18300,18300,18
2026-01-12 16:20:00,18300,18320,18280,18280,38
2026-01-12 16:30:00,18315,18335,18305,18305,5
2026-01-12 16:40:00,18280,18280,18170,18225,125
2026-01-12 16:50:00,18220,18250,18185,18250,38
2026-01-12 17:00:00,18200,18200,17660,17745,686
2026-01-12 17:10:00,17790,17880,17520,17660,318
2026-01-12 17:20:00,17670,17690,17575,17635,393
2026-01-12 17:30:00,17630,17885,17630,17845,102
2026-01-12 17:40:00,17840,17845,17740,17740,69
2026-01-12 17:50:00,17770,17775,17755,17775,26
2026-01-12 18:00:00,17745,17850,17745,17850,123
2026-01-12 18:10:00,17845,17850,17815,17850,15
2026-01-12 18:20:00,17835,17910,17835,17910,23
2026-01-12 18:30:00,17910,17980,17860,17965,63
2026-01-12 18:40:00,17985,18005,17875,17950,94
2026-01-12 19:00:00,17985,17985,17985,17985,8
2026-01-12 19:10:00,17980,18075,17980,18010,58
2026-01-12 19:20:00,18060,18140,18040,18140,140
2026-01-12 19:30:00,18155,18155,18080,18100,18
2026-01-12 19:40:00,18150,18150,18105,18105,2
2026-01-12 19:50:00,18100,18125,18095,18125,26
2026-01-12 20:00:00,18115,18115,18050,18050,36
2026-01-12 20:10:00,18070,18070,18030,18055,34
2026-01-12 20:20:00,18085,18140,18080,18110,28
2026-01-12 20:30:00,18060,18135,18060,18135,104
2026-01-12 20:40:00,18135,18135,18090,18115,27
2026-01-12 20:50:00,18110,18135,18110,18135,45
2026-01-12 21:00:00,18140,18185,18140,18185,18
2026-01-12 21:10:00,18180,18220,18160,18160,19
2026-01-12 21:20:00,18170,18170,18170,18170,3
2026-01-12 21:30:00,18150,18150,18115,18115,40
2026-01-12 21:40:00,18115,18150,18115,18150,7
2026-01-12 21:50:00,18170,18190,18170,18190,28
2026-01-12 22:00:00,18185,18195,18185,18185,15
2026-01-12 22:10:00,18195,18195,18185,18185,7
2026-01-12 22:20:00,18185,18185,17955,18000,64
2026-01-12 22:30:00,18075,18220,18050,18170,69
2026-01-12 22:40:00,18115,18115,18115,18115,1
2026-01-12 22:50:00,18130,18130,17955,18050,36
2026-01-12 23:00:00,18010,18010,17995,17995,4
2026-01-12 23:10:00,17980,18080,17955,18080,4
2026-01-12 23:40:00,18050,18050,18050,18050,1
2026-01-13 09:00:00,17970,18080,17770,17870,154
2026-01-13 09:10:00,17885,17895,17855,17895,58
2026-01-13 09:20:00,17890,17895,17845,17845,27
2026-01-13 09:30:00,17835,17835,17725,17730,70
2026-01-13 09:40:00,17725,17750,17680,17725,215
2026-01-13 09:50:00,17740,17765,17705,17720,146
2026-01-13 10:00:00,17720,17740,17720,17740,40
2026-01-13 10:10:00,17740,17765,17740,17765,78
2026-01-13 10:20:00,17765,17765,17765,17765,12
2026-01-13 10:30:00,17765,17765,17750,17765,24
2026-01-13 10:40:00,17765,17765,17740,17740,22
2026-01-13 10:50:00,17735,17765,17735,17745,20
2026-01-13 11:00:00,17765,17840,17765,17840,47
2026-01-13 11:10:00,17875,17930,17855,17915,108
2026-01-13 11:20:00,17900,17900,17850,17895,28
2026-01-13 11:30:00,17920,17920,17885,17885,5
2026-01-13 11:40:00,17900,17900,17900,17900,1
2026-01-13 11:50:00,17870,17870,17870,17870,14
2026-01-13 12:00:00,17900,17945,17900,17915,751
2026-01-13 12:10:00,17905,17945,17905,17945,21
2026-01-13 12:20:00,17930,17930,17900,17900,136
2026-01-13 12:30:00,17950,17950,17920,17920,7
2026-01-13 12:40:00,17940,17940,17880,17880,4
2026-01-13 12:50:00,17920,17920,17900,17900,4
2026-01-13 13:10:00,17905,17905,17905,17905,11
2026-01-13 13:20:00,17905,17905,17865,17865,75
2026-01-13 13:30:00,17870,17870,17870,17870,1
2026-01-13 13:50:00,17850,17850,17840,17840,31
2026-01-13 14:00:00,17885,17890,17840,17885,13
2026-01-13 14:10:00,17885,17900,17850,17900,52
2026-01-13 14:20:00,17890,17900,17865,17865,13
2026-01-13 14:30:00,17865,17905,17865,17905,7
2026-01-13 14:50:00,17910,17910,17905,17905,12
2026-01-13 15:10:00,17940,17940,17905,17905,3
2026-01-13 15:20:00,17910,17910,17900,17900,9
2026-01-13 15:40:00,17900,17900,17900,17900,1
2026-01-13 15:50:00,17935,17935,17905,17905,5
2026-01-13 16:00:00,17935,17950,17925,17950,28
2026-01-13 16:10:00,17945,17945,17940,17940,4
2026-01-13 16:20:00,17940,17950,17880,17885,43
2026-01-13 16:30:00,17940,17960,17890,17925,71
2026-01-13 16:40:00,17930,17960,17925,17925,18
2026-01-13 16:50:00,17955,18045,17955,18040,110
2026-01-13 17:00:00,18045,18300,18045,18200,142
2026-01-13 17:10:00,18200,18200,18100,18115,67
2026-01-13 17:20:00,18115,18145,17955,18055,87
2026-01-13 17:30:00,18055,18110,17935,18110,44
2026-01-13 17:40:00,18105,18240,18105,18195,49
2026-01-13 17:50:00,18195,18295,18105,18265,168
2026-01-13 18:00:00,18270,18270,18000,18055,128
2026-01-13 18:10:00,18105,18170,17870,17900,248
2026-01-13 18:20:00,17920,18075,17920,18005,50
2026-01-13 18:30:00,17920,18170,17920,18090,73
2026-01-13 18:40:00,18155,18195,18090,18090,100
2026-01-13 19:00:00,18100,18100,18050,18050,4
2026-01-13 19:10:00,17970,18150,17905,17905,70
2026-01-13 19:20:00,17955,17955,17820,17930,163
2026-01-13 19:30:00,17930,18050,17930,18045,23
2026-01-13 19:40:00,18085,18100,18030,18045,20
2026-01-13 19:50:00,18040,18080,18040,18040,16
2026-01-13 20:00:00,18040,18095,17700,17765,243
2026-01-13 20:10:00,17765,17815,17760,17815,25
2026-01-13 20:20:00,17830,17845,17750,17845,75
2026-01-13 20:30:00,17845,17845,17765,17835,27
2026-01-13 20:40:00,17825,17825,17825,17825,1
2026-01-13 20:50:00,17790,17790,17715,17715,21
2026-01-13 21:00:00,17715,17760,17715,17715,164
2026-01-13 21:10:00,17760,17765,17750,17765,13
2026-01-13 21:20:00,17765,17770,17750,17770,24
2026-01-13 21:30:00,17770,17780,17770,17780,21
2026-01-13 21:40:00,17785,17785,17765,17765,13
2026-01-13 21:50:00,17765,17780,17765,17765,11
2026-01-13 22:00:00,17895,17895,17775,17775,2
2026-01-13 22:10:00,17775,17850,17775,17850,5
2026-01-13 22:20:00,17795,17845,17765,17765,24
2026-01-13 22:30:00,17775,17775,17720,17725,34
2026-01-13 22:40:00,17755,17770,17755,17770,6
2026-01-13 22:50:00,17745,17770,17720,17770,16
2026-01-13 23:00:00,17800,17910,17740,17910,85
2026-01-13 23:10:00,17905,17910,17780,17880,8
2026-01-13 23:20:00,17805,17805,17805,17805,1
2026-01-13 23:30:00,17800,17815,17720,17815,36
2026-01-14 08:50:00,17895,17895,17895,17895,1
2026-01-14 09:00:00,17890,17895,17725,17880,147
2026-01-14 09:10:00,17875,17995,17845,17970,81
2026-01-14 09:20:00,17965,17990,17825,17945,163
2026-01-14 09:30:00,17945,17945,17835,17865,38
2026-01-14 09:40:00,17870,17920,17870,17875,94
2026-01-14 09:50:00,17850,17915,17845,17915,114
2026-01-14 10:00:00,17930,17945,17930,17945,5
2026-01-14 10:10:00,17945,17990,17945,17990,36
2026-01-14 10:20:00,17995,18015,17945,18015,67
2026-01-14 10:30:00,17980,17985,17980,17985,2
2026-01-14 10:40:00,17950,17970,17905,17955,57
2026-01-14 10:50:00,17930,17930,17925,17925,9
2026-01-14 11:00:00,18005,18010,17925,17925,69
2026-01-14 11:10:00,17985,17985,17985,17985,2
2026-01-14 11:20:00,17980,17980,17940,17945,26
2026-01-14 11:30:00,17970,17975,17960,17975,23
2026-01-14 11:40:00,17980,18000,17980,18000,7
2026-01-14 11:50:00,18005,18005,17995,18000,62
2026-01-14 12:00:00,18000,18050,18000,18025,6
2026-01-14 12:10:00,18025,18100,18025,18100,27
2026-01-14 12:20:00,18050,18095,18050,18060,7
2026-01-14 12:30:00,18095,18100,18075,18090,16
2026-01-14 12:40:00,18090,18090,18045,18055,34
2026-01-14 12:50:00,18050,18050,18050,18050,4
2026-01-14 13:00:00,18095,18095,18095,18095,2
2026-01-14 13:10:00,18095,18095,18095,18095,3
2026-01-14 13:20:00,18095,18095,18065,18075,9
2026-01-14 13:30:00,18095,18110,18075,18075,84
2026-01-14 13:40:00,18110,18175,18110,18175,148
2026-01-14 13:50:00,18190,18195,18130,18130,50
2026-01-14 14:00:00,18185,18185,18185,18185,5
2026-01-14 14:10:00,18165,18185,18120,18170,84
2026-01-14 14:20:00,18135,18180,18135,18135,5
2026-01-14 14:30:00,18180,18180,18180,18180,2
2026-01-14 14:40:00,18180,18180,18150,18175,11
2026-01-14 14:50:00,18155,18170,18120,18160,26
2026-01-14 15:00:00,18170,18170,18120,18125,24
2026-01-14 15:10:00,18160,18160,18140,18140,11
2026-01-14 15:20:00,18140,18155,18115,18120,47
2026-01-14 15:30:00,18110,18140,18100,18110,36
2026-01-14 15:40:00,18150,18150,18150,18150,6
2026-01-14 15:50:00,18135,18140,18105,18130,70
2026-01-14 16:00:00,18150,18360,18150,18285,206
2026-01-14 16:10:00,18270,18280,18180,18195,66
2026-01-14 16:20:00,18200,18300,18200,18300,34
2026-01-14 16:30:00,18260,18260,18120,18240,136
2026-01-14 16:40:00,18240,18340,18235,18295,52
2026-01-14 16:50:00,18310,18855,18310,18855,479
2026-01-14 17:00:00,18805,18890,18625,18785,546
2026-01-14 17:10:00,18810,18910,18800,18845,229
2026-01-14 17:20:00,18880,19030,18860,18915,404
2026-01-14 17:30:00,18905,18905,18720,18785,258
2026-01-14 17:40:00,18745,18785,18620,18730,180
2026-01-14 17:50:00,18730,18820,18730,18820,53
2026-01-14 18:00:00,18815,18835,18685,18830,80
2026-01-14 18:10:00,18735,18895,18730,18895,50
2026-01-14 18:20:00,18830,18890,18770,18865,17
2026-01-14 18:30:00,18835,18900,18815,18900,84
2026-01-14 18:40:00,18890,18900,18830,18900,85
2026-01-14 19:00:00,18895,18900,18755,18755,91
2026-01-14 19:10:00,18885,18885,18755,18850,54
2026-01-14 19:20:00,18800,18940,18800,18935,132
2026-01-14 19:30:00,18915,18915,18800,18800,79
2026-01-14 19:40:00,18805,18830,18755,18775,83
2026-01-14 19:50:00,18785,18820,18760,18820,26
2026-01-14 20:00:00,18810,18835,18785,18835,36
2026-01-14 20:10:00,18855,18880,18855,18880,9
2026-01-14 20:20:00,18880,18880,18860,18860,23
2026-01-14 20:30:00,18850,18885,18845,18885,52
2026-01-14 20:40:00,18885,18895,18850,18855,50
2026-01-14 20:50:00,18840,18855,18840,18850,14
2026-01-14 21:00:00,18875,19000,18875,18910,77
2026-01-14 21:10:00,18970,19000,18950,18950,45
2026-01-14 21:20:00,18995,18995,18935,18935,5
2026-01-14 21:30:00,18950,19005,18925,18970,76
2026-01-14 21:40:00,18980,19015,18935,18935,120
2026-01-14 21:50:00,18940,18940,18935,18935,3
2026-01-14 22:00:00,18915,18915,18905,18905,5
2026-01-14 22:10:00,18905,18950,18820,18950,129
2026-01-14 22:20:00,18875,19035,18845,19010,119
2026-01-14 22:30:00,18890,18890,18870,18870,5
2026-01-14 22:40:00,18965,18975,18880,18880,8
2026-01-14 22:50:00,18980,18980,18885,18980,8
2026-01-14 23:00:00,18955,18980,18905,18905,20
2026-01-14 23:10:00,18920,19030,18915,18985,48
2026-01-14 23:20:00,18985,19150,18885,19115,169
2026-01-14 23:30:00,19060,19090,19000,19015,61
2026-01-14 23:40:00,19010,19070,19000,19070,25
2026-01-15 08:50:00,18605,18605,18605,18605,86
2026-01-15 09:00:00,18605,18605,18260,18485,740
2026-01-15 09:10:00,18560,18575,18500,18515,53
2026-01-15 09:20:00,18525,18550,18495,18550,217
2026-01-15 09:30:00,18510,18535,18465,18500,85
2026-01-15 09:40:00,18515,18665,18515,18620,58
2026-01-15 09:50:00,18620,18650,18530,18535,69
2026-01-15 10:00:00,18535,18575,18535,18570,13
2026-01-15 10:10:00,18580,18580,18540,18540,6
2026-01-15 10:20:00,18555,18595,18530,18555,68
2026-01-15 10:30:00,18545,18555,18490,18535,15
2026-01-15 10:40:00,18500,18545,18480,18530,36
2026-01-15 10:50:00,18500,18510,18455,18455,48
2026-01-15 11:00:00,18500,18525,18480,18480,37
2026-01-15 11:10:00,18480,18480,18375,18410,111
2026-01-15 11:20:00,18410,18435,18370,18370,65
2026-01-15 11:30:00,18420,18425,18380,18395,14
2026-01-15 11:40:00,18465,18480,18450,18450,33
2026-01-15 11:50:00,18450,18450,18450,18450,10
2026-01-15 12:00:00,18450,18515,18445,18515,12
2026-01-15 12:10:00,18525,18580,18490,18490,70
2026-01-15 12:20:00,18495,18495,18495,18495,1
2026-01-15 12:30:00,18495,18535,18495,18535,21
2026-01-15 12:40:00,18530,18565,18510,18510,39
2026-01-15 12:50:00,18520,18520,18510,18520,6
2026-01-15 13:00:00,18500,18500,18450,18455,20
2026-01-15 13:10:00,18455,18495,18455,18470,13
2026-01-15 13:20:00,18460,18490,18440,18490,57
2026-01-15 13:30:00,18485,18485,18475,18480,34
2026-01-15 13:40:00,18485,18485,18465,18465,4
2026-01-15 13:50:00,18490,18490,18460,18470,57
2026-01-15 14:00:00,18445,18445,18445,18445,6
2026-01-15 14:10:00,18435,18435,18400,18400,140
2026-01-15 14:20:00,18420,18420,18395,18420,21
2026-01-15 14:30:00,18390,18390,18340,18350,156
2026-01-15 14:40:00,18350,18420,18350,18420,29
2026-01-15 14:50:00,18390,18440,18390,18440,2
2026-01-15 15:00:00,18440,18445,18420,18420,40
2026-01-15 15:10:00,18415,18440,18415,18440,63
2026-01-15 15:20:00,18445,18445,18445,18445,1
2026-01-15 15:30:00,18445,18470,18440,18455,54
2026-01-15 15:40:00,18460,18460,18400,18400,25
2026-01-15 16:00:00,18455,18455,18265,18340,95
2026-01-15 16:10:00,18280,18325,18100,18115,185
2026-01-15 16:20:00,18100,18215,18100,18155,56
2026-01-15 16:30:00,18155,18250,18145,18155,44
2026-01-15 16:40:00,18165,18285,18165,18225,53
2026-01-15 16:50:00,18230,18385,18230,18380,75
2026-01-15 17:00:00,18305,18305,18290,18290,52
2026-01-15 17:10:00,18380,18505,18380,18460,27
2026-01-15 17:20:00,18450,18460,18405,18425,30
2026-01-15 17:30:00,18415,18415,18355,18355,11
2026-01-15 17:40:00,18355,18370,18325,18370,28
2026-01-15 17:50:00,18370,18460,18370,18375,26
2026-01-15 18:00:00,18455,18520,18455,18470,64
2026-01-15 18:10:00,18420,18505,18420,18505,11
2026-01-15 18:20:00,18450,18550,18450,18550,44
2026-01-15 18:30:00,18505,18505,18505,18505,1
2026-01-15 18:40:00,18485,18615,18485,18615,36
2026-01-15 19:00:00,18435,18555,18420,18555,18
2026-01-15 19:10:00,18635,18780,18635,18780,65
2026-01-15 19:20:00,18745,18745,18655,18725,14
2026-01-15 19:30:00,18715,18720,18695,18695,24
2026-01-15 19:40:00,18665,18685,18645,18685,12
2026-01-15 19:50:00,18640,18680,18640,18680,2
2026-01-15 20:00:00,18645,18680,18645,18680,2
2026-01-15 20:10:00,18680,18710,18650,18710,48
2026-01-15 20:20:00,18680,18680,18650,18650,13
2026-01-15 20:30:00,18675,18690,18650,18690,42
2026-01-15 20:40:00,18655,18655,18645,18645,10
2026-01-15 20:50:00,18650,18690,18635,18690,43
2026-01-15 21:00:00,18690,18700,18690,18690,28
2026-01-15 21:10:00,18710,18755,18710,18755,40
2026-01-15 21:20:00,18735,18735,18685,18690,99
2026-01-15 21:40:00,18695,18710,18690,18710,7
2026-01-15 22:00:00,18700,18700,18700,18700,10
2026-01-15 22:10:00,18680,18735,18540,18540,70
2026-01-15 22:20:00,18575,18675,18505,18635,25
2026-01-15 22:30:00,18630,18630,18620,18620,9
2026-01-15 22:50:00,18645,18650,18620,18625,34
2026-01-15 23:10:00,18625,18625,18620,18620,5
2026-01-15 23:30:00,18620,18620,18505,18585,18
2026-01-15 23:40:00,18510,18585,18505,18585,10
2026-01-16 08:50:00,18300,18300,18300,18300,4
2026-01-16 09:00:00,18250,18250,18140,18170,274
2026-01-16 09:10:00,18170,18175,18140,18145,116
2026-01-16 09:20:00,18160,18175,17870,18125,310
2026-01-16 09:30:00,18045,18065,17965,18060,48
2026-01-16 09:40:00,18010,18010,17880,17880,125
2026-01-16 09:50:00,17875,18010,17875,18000,26
2026-01-16 10:00:00,18000,18040,17980,18035,53
2026-01-16 10:10:00,18050,18090,18030,18090,23
2026-01-16 10:20:00,18095,18180,18095,18170,257
2026-01-16 10:30:00,18170,18175,18100,18165,23
2026-01-16 10:40:00,18150,18295,18150,18290,33
2026-01-16 10:50:00,18280,18280,18200,18200,139
2026-01-16 11:00:00,18245,18315,18245,18265,19
2026-01-16 11:10:00,18265,18295,18250,18250,23
2026-01-16 11:20:00,18280,18350,18250,18350,26
2026-01-16 11:30:00,18350,18350,18320,18345,15
2026-01-16 11:40:00,18345,18345,18270,18270,34
2026-01-16 11:50:00,18260,18280,18260,18275,14
2026-01-16 12:00:00,18280,18285,18185,18185,22
2026-01-16 12:10:00,18160,18190,18155,18190,12
2026-01-16 12:30:00,18215,18220,18215,18220,8
2026-01-16 12:40:00,18235,18235,18235,18235,1
2026-01-16 12:50:00,18275,18320,18250,18250,12
2026-01-16 13:00:00,18260,18290,18260,18290,4
2026-01-16 13:10:00,18290,18325,18290,18300,17
2026-01-16 13:20:00,18290,18290,18290,18290,1
2026-01-16 13:30:00,18290,18295,18240,18240,33
2026-01-16 13:40:00,18275,18285,18255,18255,5
2026-01-16 13:50:00,18260,18260,18205,18205,10
2026-01-16 14:00:00,18250,18270,18250,18270,28
2026-01-16 14:10:00,18240,18255,18240,18255,50
2026-01-16 14:20:00,18270,18380,18270,18380,47
2026-01-16 14:30:00,18370,18370,18320,18320,2
2026-01-16 14:40:00,18325,18325,18305,18305,43
2026-01-16 14:50:00,18320,18320,18320,18320,9
2026-01-16 15:00:00,18310,18310,18310,18310,1
2026-01-16 15:20:00,18275,18295,18245,18245,5
2026-01-16 15:30:00,18200,18250,18195,18250,7
2026-01-16 15:40:00,18180,18210,18130,18180,77
2026-01-16 15:50:00,18145,18175,18065,18090,55
2026-01-16 16:00:00,18065,18065,17880,18000,130
2026-01-16 16:10:00,17950,17980,17720,17830,239
2026-01-16 16:20:00,17850,17900,17700,17700,166
2026-01-16 16:30:00,17700,17815,17405,17800,182
2026-01-16 16:40:00,17800,17835,17800,17835,30
2026-01-16 16:50:00,17835,17985,17835,17925,50
2026-01-16 17:00:00,17930,17975,17895,17965,76
2026-01-16 17:10:00,17940,18000,17940,17980,16
2026-01-16 17:20:00,17980,17990,17920,17925,35
2026-01-16 17:30:00,17910,17995,17895,17995,46
2026-01-16 17:40:00,17990,18040,17960,18040,37
2026-01-16 17:50:00,18040,18050,17925,17985,28
2026-01-16 18:00:00,17915,18000,17915,18000,7
2026-01-16 18:10:00,17995,18000,17995,17995,16
2026-01-16 18:20:00,17940,17940,17850,17850,84
2026-01-16 18:30:00,17835,17845,17735,17845,61
2026-01-16 18:40:00,17765,17890,17700,17890,106
2026-01-16 19:10:00,17825,17825,17660,17690,69
2026-01-16 19:20:00,17725,17760,17720,17750,34
2026-01-16 19:30:00,17750,17840,17745,17840,18
2026-01-16 19:40:00,17805,17805,17750,17770,13
2026-01-16 20:00:00,17770,17790,17770,17790,19
2026-01-16 20:10:00,17765,17770,17750,17770,40
2026-01-16 20:20:00,17790,17840,17790,17840,17
2026-01-16 20:30:00,17850,17875,17850,17875,16
2026-01-16 20:40:00,17900,17910,17900,17910,2
2026-01-16 20:50:00,17910,17965,17910,17910,32
2026-01-16 21:00:00,17910,17915,17910,17915,3
2026-01-16 21:10:00,17920,17920,17915,17915,4
2026-01-16 21:30:00,17920,17940,17920,17940,39
2026-01-16 21:40:00,17940,17985,17940,17985,14
2026-01-16 21:50:00,17955,17955,17940,17945,5
2026-01-16 22:10:00,17940,17940,17940,17940,1
2026-01-16 22:20:00,17890,17910,17850,17850,37
2026-01-16 22:30:00,17850,17850,17850,17850,1
2026-01-16 22:40:00,17845,17845,17845,17845,1
2026-01-16 23:10:00,17840,17850,17840,17850,3
2026-01-16 23:20:00,17825,17900,17820,17825,16
2026-01-16 23:30:00,17835,17935,17820,17935,16
2026-01-16 23:40:00,17825,17915,17820,17905,8
2026-01-17 10:10:00,17885,17885,17700,17875,29
2026-01-17 11:00:00,17865,17870,17865,17870,2
2026-01-17 11:10:00,17850,17850,17850,17850,1
2026-01-17 11:20:00,17785,17950,17700,17950,45
2026-01-17 11:30:00,17895,17905,17895,17905,5
2026-01-17 11:50:00,17885,17915,17885,17915,5
2026-01-17 12:10:00,17910,17910,17910,17910,1
2026-01-17 12:50:00,17905,17905,17885,17885,2
2026-01-17 13:00:00,17910,17910,17910,17910,4
2026-01-17 13:10:00,17905,17905,17905,17905,1
2026-01-17 13:40:00,17895,17895,17895,17895,1
2026-01-17 14:00:00,17875,17875,17850,17850,4
2026-01-17 14:40:00,17870,17870,17870,17870,1
2026-01-17 15:10:00,17865,17905,17720,17905,21
2026-01-17 15:20:00,17760,17870,17760,17870,4
2026-01-17 15:30:00,17865,17865,17720,17860,11
2026-01-17 15:40:00,17855,17855,17855,17855,1
2026-01-17 16:40:00,17855,17855,17735,17850,4
2026-01-17 16:50:00,17765,17820,17745,17820,7
2026-01-17 17:20:00,17775,17815,17775,17815,3
2026-01-17 18:00:00,17825,17825,17825,17825,5
2026-01-17 18:50:00,17820,17820,17820,17820,4
2026-01-18 10:30:00,17830,17830,17830,17830,1
2026-01-18 11:00:00,17835,17835,17835,17835,1
2026-01-18 11:10:00,17830,17830,17575,17575,111
2026-01-18 11:20:00,17695,17695,17695,17695,1
2026-01-18 11:30:00,17805,17805,17625,17625,24
2026-01-18 11:40:00,17755,17755,17755,17755,1
2026-01-18 11:50:00,17770,17785,17700,17765,17
2026-01-18 12:00:00,17780,17785,17780,17785,5
2026-01-18 12:10:00,17755,17755,17755,17755,1
2026-01-18 12:30:00,17770,17780,17770,17780,8
2026-01-18 12:40:00,17785,17785,17785,17785,1
2026-01-18 13:00:00,17785,17795,17785,17795,4
2026-01-18 13:10:00,17810,17810,17780,17780,5
2026-01-18 13:30:00,17805,17805,17805,17805,1
2026-01-18 13:40:00,17805,17805,17805,17805,2
2026-01-18 13:50:00,17780,17800,17765,17800,20
2026-01-18 14:10:00,17790,17790,17790,17790,3
2026-01-18 14:40:00,17785,17785,17780,17780,15
2026-01-18 15:10:00,17780,17785,17780,17780,27
2026-01-18 15:40:00,17805,17805,17805,17805,1
2026-01-18 15:50:00,17805,17805,17805,17805,1
2026-01-18 17:20:00,17800,17800,17800,17800,5
2026-01-18 17:40:00,17800,17800,17800,17800,5
2026-01-18 17:50:00,17795,17795,17795,17795,1
2026-01-18 18:00:00,17800,17800,17800,17800,2
2026-01-18 18:10:00,17800,17800,17795,17795,14
2026-01-18 18:40:00,17795,17795,17795,17795,5
2026-01-19 08:50:00,18090,18090,18090,18090,17
2026-01-19 09:00:00,18090,18230,18050,18220,137
2026-01-19 09:10:00,18150,18220,18115,18185,85
2026-01-19 09:20:00,18185,18185,18180,18180,4
2026-01-19 09:30:00,18175,18225,18175,18225,150
2026-01-19 09:40:00,18215,18215,18180,18200,41
2026-01-19 09:50:00,18190,18190,18145,18145,22
2026-01-19 10:00:00,18150,18150,18065,18135,30
2026-01-19 10:10:00,18130,18130,18045,18110,203
2026-01-19 10:20:00,18125,18150,18125,18145,4
2026-01-19 10:30:00,18110,18165,18095,18120,16
2026-01-19 10:40:00,18115,18120,18085,18090,9
2026-01-19 10:50:00,18100,18140,18100,18140,5
2026-01-19 11:00:00,18120,18175,18120,18160,29
2026-01-19 11:10:00,18140,18140,18125,18125,14
2026-01-19 11:20:00,18130,18130,18105,18105,154
2026-01-19 11:30:00,18100,18100,18100,18100,8
2026-01-19 11:40:00,18105,18105,18105,18105,2
2026-01-19 11:50:00,18105,18110,18100,18110,52
2026-01-19 12:00:00,18145,18175,18145,18155,22
2026-01-19 12:10:00,18160,18165,18160,18165,6
2026-01-19 12:20:00,18155,18155,18155,18155,1
2026-01-19 12:30:00,18150,18175,18150,18175,15
2026-01-19 12:40:00,18175,18175,18175,18175,1
2026-01-19 12:50:00,18170,18175,18170,18175,7
2026-01-19 13:10:00,18185,18260,18185,18200,117
2026-01-19 13:20:00,18200,18250,18200,18250,23
2026-01-19 13:30:00,18240,18255,18240,18255,22
2026-01-19 13:40:00,18250,18265,18250,18255,4
2026-01-19 13:50:00,18240,18240,18240,18240,2
2026-01-19 14:10:00,18220,18220,18185,18185,29
2026-01-19 14:20:00,18200,18215,18165,18215,29
2026-01-19 14:30:00,18160,18175,18155,18175,18
2026-01-19 14:40:00,18160,18160,18160,18160,1
2026-01-19 14:50:00,18155,18155,18140,18140,30
2026-01-19 15:00:00,18155,18180,18155,18175,25
2026-01-19 15:10:00,18145,18145,18105,18105,104
2026-01-19 15:20:00,18140,18155,18140,18155,6
2026-01-19 15:30:00,18155,18215,18155,18215,22
2026-01-19 15:40:00,18180,18180,18180,18180,1
2026-01-19 15:50:00,18125,18125,18115,18120,26
2026-01-19 16:00:00,18160,18255,18160,18255,108
2026-01-19 16:10:00,18255,18285,18225,18250,52
2026-01-19 16:20:00,18220,18220,18215,18215,3
2026-01-19 16:30:00,18200,18245,18180,18180,19
2026-01-19 16:40:00,18140,18165,18140,18155,44
2026-01-19 17:00:00,18195,18195,18180,18180,3
2026-01-19 17:10:00,18240,18245,18195,18235,17
2026-01-19 17:20:00,18250,18300,18250,18300,36
2026-01-19 17:30:00,18265,18265,18245,18245,54
2026-01-19 17:40:00,18255,18300,18230,18300,26
2026-01-19 17:50:00,18280,18290,18280,18290,4
2026-01-19 18:00:00,18285,18375,18285,18335,51
2026-01-19 18:10:00,18320,18325,18215,18215,53
2026-01-19 18:30:00,18220,18220,18215,18215,2
2026-01-19 18:40:00,18205,18220,18185,18185,12
2026-01-19 19:10:00,18275,18315,18275,18315,12
2026-01-19 19:30:00,18320,18325,18320,18325,5
2026-01-19 19:40:00,18325,18325,18325,18325,1
2026-01-19 19:50:00,18325,18325,18325,18325,3
2026-01-19 20:00:00,18320,18320,18300,18300,16
2026-01-19 20:10:00,18280,18280,18280,18280,1
2026-01-19 20:20:00,18300,18300,18300,18300,1
2026-01-19 20:30:00,18300,18300,18275,18275,5
2026-01-19 20:40:00,18275,18275,18275,18275,1
2026-01-19 21:00:00,18315,18325,18315,18320,9
2026-01-19 21:10:00,18310,18310,18310,18310,1
2026-01-19 21:20:00,18325,18330,18295,18295,4
2026-01-19 21:30:00,18330,18335,18330,18335,8
2026-01-19 21:40:00,18325,18330,18325,18330,3
2026-01-19 21:50:00,18325,18325,18290,18325,3
2026-01-19 22:00:00,18330,18345,18330,18345,12
2026-01-19 22:10:00,18300,18320,18180,18320,27
2026-01-19 22:20:00,18190,18290,18175,18290,12
2026-01-19 22:30:00,18280,18290,18280,18290,5
2026-01-19 23:00:00,18275,18275,18275,18275,1
2026-01-19 23:30:00,18210,18210,18210,18210,1
2026-01-19 23:40:00,18215,18275,18215,18275,5
2026-01-20 09:00:00,18175,18175,18055,18165,32
2026-01-20 09:10:00,18155,18160,18130,18130,103
2026-01-20 09:20:00,18120,18120,17940,17940,25
2026-01-20 09:30:00,18055,18055,17960,17960,34
2026-01-20 09:40:00,17960,18005,17960,18005,37
2026-01-20 09:50:00,18040,18055,17995,17995,3
2026-01-20 10:00:00,18045,18090,18045,18065,10
2026-01-20 10:10:00,18065,18095,18065,18095,5
2026-01-20 10:20:00,18085,18085,18060,18060,2
2026-01-20 10:30:00,18060,18140,18045,18140,55
2026-01-20 10:40:00,18165,18195,18165,18180,27
2026-01-20 10:50:00,18210,18225,18205,18205,30
2026-01-20 11:00:00,18210,18255,18195,18255,19
2026-01-20 11:10:00,18205,18265,18205,18230,14
2026-01-20 11:20:00,18250,18275,18230,18275,16
2026-01-20 11:30:00,18235,18235,18225,18225,15
2026-01-20 11:40:00,18205,18205,18205,18205,1
2026-01-20 11:50:00,18225,18225,18225,18225,1
2026-01-20 12:00:00,18210,18210,18180,18180,55
2026-01-20 12:10:00,18220,18235,18110,18110,290
2026-01-20 12:20:00,18180,18180,18155,18165,7
2026-01-20 12:30:00,18165,18210,18165,18180,9
2026-01-20 12:50:00,18190,18190,18190,18190,2
2026-01-20 13:00:00,18170,18190,18160,18160,57
2026-01-20 13:10:00,18160,18170,18160,18170,5
2026-01-20 13:20:00,18185,18235,18185,18185,54
2026-01-20 13:30:00,18180,18215,18180,18215,22
2026-01-20 13:50:00,18180,18180,18180,18180,3
2026-01-20 14:10:00,18180,18180,18180,18180,2
2026-01-20 14:20:00,18185,18185,18185,18185,1
2026-01-20 14:30:00,18230,18235,18215,18235,28
2026-01-20 14:40:00,18230,18235,18230,18230,5
2026-01-20 14:50:00,18225,18225,18205,18205,343
2026-01-20 15:00:00,18245,18245,18235,18235,3
2026-01-20 15:10:00,18205,18205,18195,18195,4
2026-01-20 15:20:00,18235,18235,18205,18210,257
2026-01-20 15:30:00,18235,18235,18235,18235,1
2026-01-20 15:40:00,18210,18210,18200,18200,15
2026-01-20 16:00:00,18195,18195,18100,18115,37
2026-01-20 16:10:00,18100,18100,18100,18100,2
2026-01-20 16:20:00,18100,18135,18100,18110,22
2026-01-20 16:30:00,18155,18210,18155,18210,3
2026-01-20 16:40:00,18140,18140,18090,18090,2
2026-01-20 16:50:00,18060,18090,18030,18030,46
2026-01-20 17:00:00,18090,18090,18020,18020,113
2026-01-20 17:10:00,18010,18010,18000,18000,61
2026-01-20 17:20:00,18040,18040,17955,17955,142
2026-01-20 17:30:00,18045,18050,17945,17945,23
2026-01-20 17:40:00,17950,17985,17900,17900,47
2026-01-20 17:50:00,17910,17975,17895,17930,95
2026-01-20 18:00:00,17975,17995,17965,17965,28
2026-01-20 18:10:00,17960,17960,17850,17885,48
2026-01-20 18:20:00,17895,17895,17670,17775,367
2026-01-20 18:30:00,17750,17765,17670,17765,139
2026-01-20 18:40:00,17780,17845,17780,17840,214
2026-01-20 19:00:00,17800,17800,17800,17800,6
2026-01-20 19:10:00,17810,17830,17750,17780,26
2026-01-20 19:20:00,17770,17870,17770,17870,9
2026-01-20 19:30:00,17870,17895,17850,17895,11
2026-01-20 19:40:00,17890,17890,17835,17835,31
2026-01-20 19:50:00,17860,17910,17860,17910,39
2026-01-20 20:00:00,17910,17910,17865,17870,6
2026-01-20 20:10:00,17900,17930,17900,17930,11
2026-01-20 20:30:00,17910,17915,17865,17915,13
2026-01-20 20:40:00,17915,17920,17915,17920,3
2026-01-20 20:50:00,17930,17950,17930,17950,109
2026-01-20 21:10:00,17945,17945,17930,17930,104
2026-01-20 21:30:00,17905,17905,17865,17865,194
2026-01-20 21:40:00,17880,17935,17880,17935,188
2026-01-20 21:50:00,17890,17890,17890,17890,1
2026-01-20 22:10:00,17880,17925,17755,17880,170
2026-01-20 22:20:00,17845,17880,17845,17850,19
2026-01-20 22:40:00,17860,17860,17860,17860,1
2026-01-20 22:50:00,17880,17880,17880,17880,1
2026-01-20 23:00:00,17885,17930,17885,17930,2
2026-01-20 23:10:00,17920,17930,17920,17930,4
2026-01-20 23:20:00,17925,17950,17925,17950,19
2026-01-20 23:30:00,17950,17995,17785,17995,57
2026-01-20 23:40:00,17900,17990,17900,17990,8
2026-01-21 08:50:00,17980,17980,17980,17980,1
2026-01-21 09:00:00,18000,18215,18000,18215,163
2026-01-21 09:10:00,18180,18235,18180,18235,133
2026-01-21 09:20:00,18210,18245,18210,18245,15
2026-01-21 09:30:00,18245,18305,18230,18255,81
2026-01-21 09:40:00,18170,18200,18100,18130,61
2026-01-21 09:50:00,18145,18170,18145,18170,21
2026-01-21 10:00:00,18240,18245,18185,18230,25
2026-01-21 10:10:00,18195,18195,18185,18190,17
2026-01-21 10:20:00,18185,18185,18175,18175,2
2026-01-21 10:30:00,18175,18185,18160,18160,120
2026-01-21 10:40:00,18160,18160,18160,18160,1
2026-01-21 11:00:00,18150,18180,18145,18155,38
2026-01-21 11:10:00,18180,18220,18100,18150,106
2026-01-21 11:20:00,18125,18125,18070,18115,71
2026-01-21 11:50:00,18090,18090,18090,18090,5
2026-01-21 12:10:00,18095,18095,18085,18095,16
2026-01-21 12:20:00,18145,18185,18145,18185,18
2026-01-21 12:30:00,18185,18190,18185,18185,16
2026-01-21 12:40:00,18150,18150,18150,18150,3
2026-01-21 12:50:00,18115,18130,18105,18130,119
2026-01-21 13:10:00,18150,18150,18150,18150,27
2026-01-21 13:30:00,18145,18150,18130,18130,13
2026-01-21 13:40:00,18150,18150,18150,18150,2
2026-01-21 13:50:00,18150,18150,18085,18085,1022
2026-01-21 14:10:00,18105,18150,18105,18150,429
2026-01-21 14:30:00,18185,18210,18185,18200,63
2026-01-21 14:40:00,18200,18200,18150,18150,7
2026-01-21 14:50:00,18165,18165,18165,18165,2
2026-01-21 15:00:00,18185,18190,18185,18190,8
2026-01-21 15:10:00,18190,18190,18190,18190,5
2026-01-21 15:40:00,18180,18180,18180,18180,1
2026-01-21 15:50:00,18185,18195,18170,18195,18
2026-01-21 16:00:00,18155,18170,18125,18170,45
2026-01-21 16:10:00,18215,18220,18210,18210,6
2026-01-21 16:30:00,18185,18215,18180,18215,8
2026-01-21 16:40:00,18215,18225,18215,18225,4
2026-01-21 16:50:00,18225,18225,18225,18225,4
2026-01-21 17:00:00,18205,18205,18205,18205,18
2026-01-21 17:10:00,18200,18200,18140,18160,10
2026-01-21 17:20:00,18200,18200,18155,18155,28
2026-01-21 17:30:00,18160,18160,18155,18155,5
2026-01-21 17:40:00,18160,18160,18150,18150,7
2026-01-21 17:50:00,18140,18145,18085,18105,13
2026-01-21 18:00:00,18110,18110,18090,18095,535
2026-01-21 18:10:00,18080,18090,18075,18075,193
2026-01-21 18:20:00,18045,18045,17970,17970,63
2026-01-21 18:30:00,18050,18070,18045,18045,13
2026-01-21 18:40:00,18045,18110,18045,18110,40
2026-01-21 19:00:00,18090,18160,18090,18155,10
2026-01-21 19:20:00,18100,18115,18100,18115,18
2026-01-21 19:30:00,18125,18125,18125,18125,3
2026-01-21 19:40:00,18115,18115,18115,18115,1
2026-01-21 20:00:00,18055,18055,18045,18045,4
2026-01-21 20:10:00,18015,18015,18015,18015,4
2026-01-21 20:20:00,18065,18065,18065,18065,1
2026-01-21 20:30:00,18020,18085,17945,18085,75
2026-01-21 20:40:00,18085,18095,18080,18090,59
2026-01-21 20:50:00,18090,18090,18090,18090,6
2026-01-21 21:00:00,18035,18070,18025,18070,73
2026-01-21 21:10:00,18070,18095,18070,18090,114
2026-01-21 21:20:00,18085,18085,18085,18085,2
2026-01-21 21:30:00,18050,18050,18015,18015,35
2026-01-21 21:50:00,18065,18095,18035,18095,131
2026-01-21 22:10:00,18120,18120,18050,18050,2
2026-01-21 22:20:00,18025,18095,17965,17965,7
2026-01-21 22:30:00,17985,18070,17785,17875,144
2026-01-21 22:40:00,17840,17870,17775,17825,28
2026-01-21 22:50:00,17780,17800,17760,17800,81
2026-01-21 23:00:00,17805,17815,17725,17725,20
2026-01-21 23:10:00,17730,17865,17725,17865,34
2026-01-21 23:20:00,17745,17785,17740,17755,43
2026-01-21 23:30:00,17835,17875,17790,17875,9
2026-01-21 23:40:00,17800,17880,17765,17880,31
2026-01-22 09:00:00,18070,18075,18045,18045,102
2026-01-22 09:10:00,18075,18115,18075,18115,60
2026-01-22 09:30:00,18110,18110,18035,18050,99
2026-01-22 09:40:00,18060,18120,18060,18085,6
2026-01-22 09:50:00,18080,18080,18080,18080,6
2026-01-22 10:00:00,18070,18125,18060,18060,16
2026-01-22 10:10:00,18070,18070,18060,18060,20
2026-01-22 10:20:00,18110,18110,18110,18110,2
2026-01-22 10:30:00,18100,18115,18100,18115,4
2026-01-22 10:40:00,18060,18095,18060,18095,3
2026-01-22 10:50:00,18060,18060,18055,18055,3
2026-01-22 11:00:00,18055,18080,18055,18060,17
2026-01-22 11:10:00,18080,18155,18080,18095,12
2026-01-22 11:30:00,18130,18130,18060,18060,5
2026-01-22 11:40:00,18085,18085,18060,18060,2
2026-01-22 12:00:00,18090,18090,18070,18080,11
2026-01-22 12:20:00,18110,18110,18110,18110,1
2026-01-22 12:30:00,18095,18125,18085,18125,9
2026-01-22 12:40:00,18140,18155,18110,18110,4
2026-01-22 12:50:00,18110,18110,18110,18110,1
2026-01-22 13:00:00,18110,18145,18110,18145,11
2026-01-22 13:10:00,18160,18160,18145,18145,202
2026-01-22 13:20:00,18130,18130,18120,18120,102
2026-01-22 13:30:00,18140,18145,18140,18145,204
2026-01-22 13:40:00,18145,18150,18145,18150,196
2026-01-22 13:50:00,18135,18155,18125,18125,8
2026-01-22 14:00:00,18135,18135,18135,18135,5
2026-01-22 14:10:00,18155,18170,18155,18170,345
2026-01-22 14:30:00,18165,18195,18165,18185,575
2026-01-22 14:40:00,18195,18195,18160,18160,2
2026-01-22 14:50:00,18160,18160,18125,18125,11
2026-01-22 15:00:00,18140,18180,18140,18180,14
2026-01-22 15:20:00,18175,18175,18175,18175,1
2026-01-22 15:30:00,18150,18150,18150,18150,12
2026-01-22 15:40:00,18160,18160,18160,18160,1
2026-01-22 15:50:00,18140,18140,18090,18100,13
2026-01-22 16:00:00,18090,18090,17920,18020,228
2026-01-22 16:10:00,18020,18020,18000,18000,4
2026-01-22 16:20:00,17935,17990,17935,17990,6
2026-01-22 16:30:00,17975,18095,17755,18015,92
2026-01-22 16:40:00,18035,18035,17975,17975,4
2026-01-22 16:50:00,18015,18095,18015,18095,23
2026-01-22 17:00:00,18095,18100,18085,18100,26
2026-01-22 17:10:00,18120,18125,18120,18125,7
2026-01-22 17:20:00,18150,18285,18115,18285,190
2026-01-22 17:30:00,18295,18300,18200,18200,101
2026-01-22 17:50:00,18200,18225,18190,18195,32
2026-01-22 18:00:00,18155,18155,18085,18085,58
2026-01-22 18:10:00,18105,18135,18065,18135,60
2026-01-22 18:20:00,18120,18120,18100,18100,3
2026-01-22 18:40:00,18130,18190,18130,18190,14
2026-01-22 19:00:00,18140,18140,18140,18140,1
2026-01-22 19:10:00,18140,18140,18140,18140,5
2026-01-22 19:20:00,18100,18180,18095,18165,32
2026-01-22 19:30:00,18170,18170,18170,18170,1
2026-01-22 19:40:00,18160,18160,18160,18160,80
2026-01-22 20:10:00,18150,18165,18150,18165,4
2026-01-22 20:20:00,18200,18210,18180,18180,78
2026-01-22 20:30:00,18185,18195,18155,18175,10
2026-01-22 20:40:00,18190,18200,18190,18200,42
2026-01-22 20:50:00,18200,18200,18200,18200,1
2026-01-22 21:00:00,18205,18205,18205,18205,2
2026-01-22 21:10:00,18220,18255,18220,18255,8
2026-01-22 21:20:00,18255,18255,18250,18250,9
2026-01-22 21:30:00,18210,18210,18210,18210,1
2026-01-22 21:40:00,18245,18245,18225,18225,6
2026-01-22 21:50:00,18210,18230,18200,18230,56
2026-01-22 22:10:00,18275,18425,18275,18425,40
2026-01-22 22:20:00,18270,18270,18270,18270,1
2026-01-22 22:40:00,18300,18400,18300,18325,31
2026-01-22 22:50:00,18310,18515,18290,18515,49
2026-01-22 23:00:00,18475,18510,18250,18270,97
2026-01-22 23:10:00,18270,18325,18250,18325,89
2026-01-22 23:20:00,18325,18330,18325,18330,16
2026-01-22 23:30:00,18270,18270,18255,18255,7
2026-01-22 23:40:00,18255,18325,18245,18325,32
2026-01-23 08:50:00,18800,18800,18730,18785,24
2026-01-23 09:00:00,18730,18900,18435,18795,1467
2026-01-23 09:10:00,18790,18790,18715,18785,89
2026-01-23 09:20:00,18760,18790,18760,18780,21
2026-01-23 09:30:00,18760,18780,18720,18740,51
2026-01-23 09:40:00,18745,18800,18745,18800,32
2026-01-23 09:50:00,18835,18880,18795,18795,16
2026-01-23 10:00:00,18785,18835,18760,18810,99
2026-01-23 10:10:00,18800,18800,18740,18740,21
2026-01-23 10:20:00,18770,18770,18645,18645,69
2026-01-23 10:30:00,18685,18750,18680,18730,104
2026-01-23 10:40:00,18715,18720,18645,18645,55
2026-01-23 10:50:00,18650,18670,18645,18670,26
2026-01-23 11:00:00,18715,18715,18605,18625,299
2026-01-23 11:10:00,18625,18625,18625,18625,5
2026-01-23 11:20:00,18700,18700,18645,18690,9
2026-01-23 11:30:00,18685,18690,18645,18685,30
2026-01-23 11:40:00,18660,18660,18660,18660,1
2026-01-23 11:50:00,18650,18700,18640,18640,126
2026-01-23 12:00:00,18675,18710,18660,18685,5
2026-01-23 12:10:00,18685,18685,18685,18685,5
2026-01-23 12:20:00,18685,18715,18685,18715,82
2026-01-23 12:30:00,18680,18745,18680,18680,48
2026-01-23 12:40:00,18720,18720,18680,18680,4
2026-01-23 12:50:00,18680,18700,18655,18660,56
2026-01-23 13:00:00,18655,18670,18640,18640,9
2026-01-23 13:10:00,18630,18670,18625,18670,7
2026-01-23 13:20:00,18630,18675,18610,18670,149
2026-01-23 13:30:00,18660,18660,18660,18660,5
2026-01-23 13:50:00,18660,18685,18630,18665,36
2026-01-23 14:00:00,18665,18730,18660,18720,114
2026-01-23 14:20:00,18715,18725,18715,18725,25
2026-01-23 14:30:00,18725,18725,18665,18715,39
2026-01-23 14:40:00,18750,18760,18750,18760,27
2026-01-23 14:50:00,18725,18725,18725,18725,11
2026-01-23 15:00:00,18750,18760,18735,18735,7
2026-01-23 15:10:00,18760,18820,18760,18810,176
2026-01-23 15:20:00,18765,18820,18755,18820,33
2026-01-23 15:30:00,18820,18820,18810,18810,41
2026-01-23 15:40:00,18820,18860,18820,18855,76
2026-01-23 15:50:00,18860,18910,18860,18910,84
2026-01-23 16:00:00,18910,18980,18900,18925,32
2026-01-23 16:10:00,18900,18970,18900,18905,33
2026-01-23 16:20:00,18880,18880,18810,18825,15
2026-01-23 16:30:00,18865,18865,18750,18780,46
2026-01-23 16:40:00,18755,18845,18740,18845,46
2026-01-23 16:50:00,18840,18880,18840,18855,8
2026-01-23 17:00:00,18845,18845,18810,18815,72
2026-01-23 17:10:00,18855,18885,18855,18855,136
2026-01-23 17:20:00,18820,18820,18765,18785,55
2026-01-23 17:30:00,18785,18785,18780,18785,3
2026-01-23 17:40:00,18790,18815,18790,18810,4
2026-01-23 18:10:00,18770,18830,18770,18800,4
2026-01-23 18:20:00,18820,18830,18820,18830,4
2026-01-23 18:30:00,18800,18870,18800,18865,18
2026-01-23 18:40:00,18885,18885,18885,18885,4
2026-01-23 19:00:00,18845,18845,18840,18840,8
2026-01-23 19:10:00,18805,18805,18800,18805,5
2026-01-23 19:20:00,18825,18825,18800,18800,66
2026-01-23 19:30:00,18800,18800,18760,18760,21
2026-01-23 19:40:00,18750,18755,18610,18670,304
2026-01-23 19:50:00,18660,18660,18660,18660,2
2026-01-23 20:00:00,18685,18690,18685,18685,10
2026-01-23 20:10:00,18690,18710,18690,18710,51
2026-01-23 20:20:00,18730,18740,18730,18740,10
2026-01-23 20:30:00,18730,18730,18665,18665,17
2026-01-23 20:40:00,18720,18725,18650,18695,66
2026-01-23 20:50:00,18700,18715,18680,18680,19
2026-01-23 21:10:00,18680,18760,18680,18760,141
2026-01-23 21:20:00,18765,18800,18760,18800,32
2026-01-23 21:30:00,18780,18830,18775,18830,34
2026-01-23 21:40:00,18825,18825,18750,18800,101
2026-01-23 21:50:00,18800,18820,18750,18820,59
2026-01-23 22:00:00,18820,18820,18820,18820,6
2026-01-23 22:10:00,18820,18950,18775,18950,65
2026-01-23 22:20:00,18930,18950,18930,18950,16
2026-01-23 22:30:00,18950,18960,18935,18945,36
2026-01-23 22:40:00,18860,18860,18720,18795,35
2026-01-23 22:50:00,18785,18955,18780,18955,44
2026-01-23 23:00:00,18910,18965,18910,18965,27
2026-01-23 23:10:00,18965,18965,18950,18965,60
2026-01-23 23:20:00,18965,18965,18945,18945,14
2026-01-23 23:30:00,18945,18945,18945,18945,1
2026-01-23 23:40:00,18925,18945,18920,18945,17
2026-01-24 10:00:00,18940,18945,18940,18945,4
2026-01-24 10:10:00,18950,18955,18950,18955,3
2026-01-24 10:20:00,18960,19050,18915,18915,12
2026-01-24 10:50:00,18935,18935,18930,18930,4
2026-01-24 11:00:00,18930,18930,18930,18930,1
2026-01-24 11:10:00,18965,18975,18965,18975,3
2026-01-24 11:40:00,18975,18975,18975,18975,2
2026-01-24 12:20:00,18945,18945,18945,18945,1
2026-01-24 12:30:00,18975,18975,18975,18975,1
2026-01-24 13:00:00,18980,18980,18980,18980,4
2026-01-24 14:00:00,18980,18995,18975,18995,27
2026-01-24 14:20:00,18995,19000,18980,19000,17
2026-01-24 14:30:00,19000,19000,19000,19000,4
2026-01-24 14:40:00,19090,19090,19090,19090,1
2026-01-24 14:50:00,19065,19065,19065,19065,1
2026-01-24 15:00:00,19065,19065,19040,19040,5
2026-01-24 15:10:00,19065,19155,19060,19100,34
2026-01-24 15:20:00,19070,19115,19070,19115,17
2026-01-24 15:50:00,19060,19060,18930,18930,53
2026-01-24 16:00:00,18950,18950,18945,18945,16
2026-01-24 16:20:00,18945,18945,18945,18945,1
2026-01-24 16:30:00,18955,18955,18955,18955,2
2026-01-24 16:40:00,18940,18940,18940,18940,5
2026-01-24 17:10:00,18940,18940,18935,18935,3
2026-01-24 17:30:00,18955,18955,18935,18935,6
2026-01-24 17:50:00,18960,18960,18960,18960,5
2026-01-24 18:00:00,18950,18950,18950,18950,4
2026-01-24 18:40:00,18955,18955,18955,18955,1
2026-01-24 18:50:00,18960,18965,18960,18965,5
2026-01-25 10:20:00,18965,19025,18965,19025,4
2026-01-25 10:40:00,19015,19015,19015,19015,1
2026-01-25 11:00:00,19020,19020,19020,19020,2
2026-01-25 11:10:00,19020,19020,19020,19020,1
2026-01-25 11:20:00,18985,18985,18985,18985,1
2026-01-25 11:30:00,19020,19030,19020,19025,7
2026-01-25 11:40:00,19025,19030,19025,19030,9
2026-01-25 12:30:00,19090,19090,19055,19055,2
2026-01-25 12:40:00,19055,19055,19055,19055,1
2026-01-25 12:50:00,19095,19115,19095,19100,18
2026-01-25 13:00:00,19100,19100,19100,19100,1
2026-01-25 13:10:00,19065,19065,19065,19065,1
2026-01-25 13:20:00,19120,19120,19120,19120,1
2026-01-25 13:30:00,19065,19065,19065,19065,8
2026-01-25 14:00:00,19065,19120,19065,19070,5
2026-01-25 14:20:00,19110,19110,19110,19110,2
2026-01-25 14:30:00,19080,19080,19050,19050,23
2026-01-25 14:40:00,19035,19035,19030,19030,2
2026-01-25 15:00:00,19010,19015,19010,19015,8
2026-01-25 16:10:00,19010,19010,19010,19010,1
2026-01-25 17:00:00,19005,19040,19005,19040,6
2026-01-25 17:10:00,19050,19115,19050,19090,15
2026-01-25 17:30:00,19090,19115,19090,19115,12
2026-01-25 17:40:00,19115,19115,19115,19115,1
2026-01-25 18:10:00,19120,19120,19120,19120,1
2026-01-25 18:20:00,19115,19150,19035,19035,17
2026-01-25 18:30:00,19135,19135,19135,19135,1
2026-01-26 08:50:00,18975,18975,18975,18975,2
2026-01-26 09:00:00,18975,19045,18720,18760,136
2026-01-26 09:10:00,18790,19040,18675,18765,179
2026-01-26 09:20:00,18750,18775,18690,18770,148
2026-01-26 09:30:00,18775,18825,18775,18815,32
2026-01-26 09:40:00,18775,18775,18715,18765,240
2026-01-26 09:50:00,18790,18800,18460,18560,392
2026-01-26 10:00:00,18560,18630,18510,18630,113
2026-01-26 10:10:00,18640,18650,18610,18650,155
2026-01-26 10:20:00,18685,18720,18615,18700,109
2026-01-26 10:30:00,18700,18770,18700,18745,30
2026-01-26 10:40:00,18745,18745,18745,18745,2
2026-01-26 10:50:00,18745,18745,18740,18740,2
2026-01-26 11:00:00,18760,18850,18760,18850,191
2026-01-26 11:10:00,18840,18880,18840,18845,32
2026-01-26 11:20:00,18875,18900,18840,18885,34
2026-01-26 11:30:00,18875,18875,18840,18840,25
2026-01-26 11:40:00,18840,18870,18800,18800,76
2026-01-26 11:50:00,18800,18800,18800,18800,10
2026-01-26 12:00:00,18805,18840,18805,18840,17
2026-01-26 12:10:00,18840,18865,18805,18810,20
2026-01-26 12:20:00,18825,18830,18825,18830,42
2026-01-26 12:30:00,18850,18875,18850,18875,35
2026-01-26 12:40:00,18855,18855,18850,18850,10
2026-01-26 12:50:00,18855,18860,18805,18805,7
2026-01-26 13:00:00,18855,18855,18855,18855,1
2026-01-26 13:20:00,18860,18910,18860,18910,63
2026-01-26 13:30:00,18910,18915,18865,18885,167
2026-01-26 13:40:00,18885,18885,18785,18785,1527
2026-01-26 13:50:00,18790,18790,18785,18785,3
2026-01-26 14:00:00,18785,18795,18785,18795,24
2026-01-26 14:10:00,18805,18885,18805,18885,24
2026-01-26 14:20:00,18825,18850,18825,18850,2
2026-01-26 14:30:00,18830,18830,18825,18825,12
2026-01-26 14:40:00,18880,18885,18830,18830,16
2026-01-26 14:50:00,18860,18870,18860,18865,11
2026-01-26 15:00:00,18875,18875,18870,18870,4
2026-01-26 15:10:00,18860,18860,18860,18860,1
2026-01-26 15:20:00,18870,18880,18870,18880,15
2026-01-26 15:30:00,18880,18890,18840,18840,22
2026-01-26 15:40:00,18895,18910,18895,18895,18
2026-01-26 15:50:00,18895,18895,18850,18885,32
2026-01-26 16:00:00,18850,18855,18780,18855,88
2026-01-26 16:10:00,18855,18920,18845,18865,25
2026-01-26 16:20:00,18855,18855,18765,18765,55
2026-01-26 16:30:00,18715,18715,18660,18665,53
2026-01-26 16:40:00,18660,18685,18630,18630,7
2026-01-26 16:50:00,18620,18665,18600,18640,71
2026-01-26 17:00:00,18610,18700,18580,18700,13
2026-01-26 17:10:00,18700,18735,18670,18735,22
2026-01-26 17:20:00,18790,18860,18790,18800,44
2026-01-26 17:30:00,18805,18805,18805,18805,1
2026-01-26 17:40:00,18795,18795,18765,18765,24
2026-01-26 17:50:00,18800,18805,18795,18805,60
2026-01-26 18:00:00,18790,18795,18730,18730,36
2026-01-26 18:10:00,18785,18785,18710,18710,65
2026-01-26 18:20:00,18665,18760,18665,18670,19
2026-01-26 18:30:00,18735,18735,18635,18715,12
2026-01-26 18:40:00,18715,18745,18715,18745,7
2026-01-26 19:00:00,18715,18715,18680,18680,57
2026-01-26 19:10:00,18670,18675,18640,18655,89
2026-01-26 19:20:00,18630,18770,18620,18620,33
2026-01-26 19:30:00,18590,18630,18590,18625,43
2026-01-26 19:40:00,18675,18675,18660,18660,11
2026-01-26 19:50:00,18665,18720,18660,18715,27
2026-01-26 20:00:00,18705,18725,18650,18650,166
2026-01-26 20:20:00,18695,18695,18645,18645,14
2026-01-26 20:30:00,18640,18710,18640,18710,9
2026-01-26 20:50:00,18690,18710,18690,18710,7
2026-01-26 21:00:00,18730,18775,18730,18770,14
2026-01-26 21:10:00,18770,18800,18765,18800,31
2026-01-26 21:20:00,18790,18810,18765,18810,74
2026-01-26 21:30:00,18765,18765,18765,18765,15
2026-01-26 21:40:00,18730,18770,18705,18730,162
2026-01-26 21:50:00,18700,18700,18685,18685,13
2026-01-26 22:00:00,18685,18700,18655,18700,38
2026-01-26 22:10:00,18700,18720,18700,18720,2
2026-01-26 22:20:00,18665,18710,18565,18610,67
2026-01-26 22:30:00,18600,18620,18570,18575,22
2026-01-26 22:40:00,18570,18630,18565,18565,25
2026-01-26 22:50:00,18565,18725,18560,18725,67
2026-01-26 23:00:00,18720,18720,18545,18660,92
2026-01-26 23:10:00,18660,18700,18540,18600,42
2026-01-26 23:20:00,18585,18685,18585,18680,24
2026-01-26 23:30:00,18720,18735,18680,18735,28
2026-01-26 23:40:00,18775,18775,18680,18680,14
2026-01-27 08:50:00,18675,18675,18675,18675,2
2026-01-27 09:00:00,18585,18585,18365,18395,108
2026-01-27 09:10:00,18425,18425,18395,18425,48
2026-01-27 09:20:00,18400,18495,18380,18485,267
2026-01-27 09:30:00,18530,18535,18490,18490,27
2026-01-27 09:40:00,18535,18605,18535,18585,43
2026-01-27 09:50:00,18535,18585,18535,18575,23
2026-01-27 10:00:00,18515,18615,18515,18615,7
2026-01-27 10:10:00,18630,18630,18620,18625,6
2026-01-27 10:20:00,18620,18620,18580,18580,2
2026-01-27 10:30:00,18585,18585,18585,18585,2
2026-01-27 10:40:00,18620,18620,18615,18615,3
2026-01-27 10:50:00,18620,18620,18620,18620,2
2026-01-27 11:00:00,18620,18645,18620,18645,4
2026-01-27 11:10:00,18625,18745,18625,18745,54
2026-01-27 11:20:00,18740,18740,18635,18635,76
2026-01-27 11:30:00,18610,18610,18580,18580,6
2026-01-27 11:40:00,18610,18660,18570,18655,18
2026-01-27 11:50:00,18655,18665,18625,18625,32
2026-01-27 12:10:00,18620,18620,18610,18615,16
2026-01-27 12:20:00,18665,18700,18665,18700,5
2026-01-27 12:30:00,18720,18775,18720,18775,7
2026-01-27 12:40:00,18795,18795,18795,18795,2
2026-01-27 13:00:00,18770,18800,18770,18800,26
2026-01-27 13:10:00,18800,18815,18765,18765,12
2026-01-27 13:20:00,18760,18760,18760,18760,5
2026-01-27 13:30:00,18760,18790,18760,18790,10
2026-01-27 13:40:00,18760,18760,18755,18755,3
2026-01-27 14:00:00,18735,18735,18735,18735,21
2026-01-27 14:10:00,18730,18730,18730,18730,11
2026-01-27 14:20:00,18725,18725,18720,18720,5
2026-01-27 14:40:00,18725,18830,18725,18830,25
2026-01-27 14:50:00,18770,18825,18770,18815,75
2026-01-27 15:00:00,18810,18815,18810,18815,3
2026-01-27 15:10:00,18765,18765,18720,18720,23
2026-01-27 15:20:00,18730,18730,18680,18680,16
2026-01-27 15:30:00,18685,18710,18685,18710,6
2026-01-27 16:00:00,18715,18715,18665,18665,61
2026-01-27 16:10:00,18770,18810,18770,18810,12
2026-01-27 16:30:00,18800,18810,18740,18810,9
2026-01-27 16:40:00,18810,18810,18710,18750,32
2026-01-27 16:50:00,18710,18750,18710,18750,7
2026-01-27 17:00:00,18710,18710,18645,18645,14
2026-01-27 17:10:00,18610,18610,18455,18455,102
2026-01-27 17:20:00,18480,18490,18455,18455,118
2026-01-27 17:30:00,18465,18495,18465,18490,13
2026-01-27 17:40:00,18530,18555,18465,18465,33
2026-01-27 17:50:00,18465,18470,18375,18400,50
2026-01-27 18:00:00,18395,18425,18315,18350,83
2026-01-27 18:10:00,18310,18310,18085,18230,335
2026-01-27 18:20:00,18250,18305,18235,18270,37
2026-01-27 18:30:00,18235,18290,18235,18290,9
2026-01-27 18:40:00,18275,18275,18270,18270,5
2026-01-27 19:00:00,18250,18265,18030,18265,123
2026-01-27 19:10:00,18265,18315,18265,18300,23
2026-01-27 19:20:00,18305,18305,18280,18280,119
2026-01-27 19:30:00,18275,18275,18245,18275,20
2026-01-27 19:50:00,18275,18275,18240,18240,29
2026-01-27 20:00:00,18200,18285,18200,18215,422
2026-01-27 20:10:00,18250,18250,18220,18220,17
2026-01-27 20:20:00,18220,18220,18195,18215,24
2026-01-27 20:30:00,18220,18235,18215,18235,7
2026-01-27 20:40:00,18220,18270,18180,18270,54
2026-01-27 20:50:00,18290,18290,18220,18280,16
2026-01-27 21:00:00,18295,18305,18295,18305,8
2026-01-27 21:10:00,18300,18300,18290,18290,5
2026-01-27 21:20:00,18315,18315,18315,18315,1
2026-01-27 21:30:00,18315,18315,18280,18280,22
2026-01-27 21:40:00,18290,18290,18260,18290,64
2026-01-27 21:50:00,18290,18290,18290,18290,2
2026-01-27 22:00:00,18300,18300,18255,18255,11
2026-01-27 22:10:00,18295,18315,18295,18315,3
2026-01-27 22:20:00,18300,18325,18300,18325,6
2026-01-27 22:30:00,18325,18340,18325,18340,4
2026-01-27 22:40:00,18345,18350,18345,18350,14
2026-01-27 22:50:00,18350,18410,18350,18400,50
2026-01-27 23:00:00,18355,18425,18350,18425,30
2026-01-27 23:10:00,18430,18480,18425,18465,17
2026-01-27 23:20:00,18490,18500,18450,18495,23
2026-01-27 23:30:00,18450,18500,18450,18450,20
2026-01-27 23:40:00,18450,18660,18450,18495,74
2026-01-28 08:50:00,18665,18665,18665,18665,1
2026-01-28 09:00:00,18425,18450,18385,18450,356
2026-01-28 09:10:00,18455,18505,18450,18470,42
2026-01-28 09:20:00,18450,18450,18345,18420,139
2026-01-28 09:30:00,18450,18470,18450,18465,52
2026-01-28 09:40:00,18450,18450,18450,18450,21
2026-01-28 09:50:00,18450,18455,18450,18455,4
2026-01-28 10:00:00,18455,18590,18455,18460,102
2026-01-28 10:10:00,18470,18550,18470,18520,42
2026-01-28 10:20:00,18505,18510,18445,18510,68
2026-01-28 10:30:00,18495,18520,18460,18520,59
2026-01-28 10:40:00,18520,18520,18490,18500,42
2026-01-28 10:50:00,18500,18500,18500,18500,5
2026-01-28 11:00:00,18495,18540,18495,18505,22
2026-01-28 11:10:00,18535,18635,18515,18515,39
2026-01-28 11:20:00,18535,18535,18535,18535,2
2026-01-28 11:30:00,18570,18570,18570,18570,6
2026-01-28 11:40:00,18580,18580,18580,18580,15
2026-01-28 11:50:00,18600,18600,18565,18565,15
2026-01-28 12:00:00,18580,18640,18580,18640,58
2026-01-28 12:10:00,18615,18615,18615,18615,75
2026-01-28 12:20:00,18615,18680,18615,18680,22
2026-01-28 12:30:00,18680,18760,18680,18760,29
2026-01-28 12:40:00,18745,18755,18625,18625,61
2026-01-28 12:50:00,18625,18635,18625,18635,14
2026-01-28 13:00:00,18630,18680,18605,18650,25
2026-01-28 13:10:00,18650,18690,18650,18690,16
2026-01-28 13:20:00,18675,18705,18635,18685,42
2026-01-28 13:30:00,18640,18705,18610,18685,204
2026-01-28 13:50:00,18685,18690,18685,18690,15
2026-01-28 14:00:00,18685,18685,18630,18630,29
2026-01-28 14:10:00,18620,18630,18610,18630,28
2026-01-28 14:20:00,18605,18650,18605,18650,84
2026-01-28 14:30:00,18655,18655,18655,18655,6
2026-01-28 14:40:00,18630,18675,18625,18675,16
2026-01-28 14:50:00,18670,18670,18670,18670,1
2026-01-28 15:10:00,18625,18640,18565,18640,241
2026-01-28 15:20:00,18640,18655,18605,18605,10
2026-01-28 15:50:00,18600,18600,18595,18600,4
2026-01-28 16:00:00,18590,18590,18410,18410,276
2026-01-28 16:10:00,18415,18415,18355,18400,36
2026-01-28 16:20:00,18475,18475,18475,18475,2
2026-01-28 16:30:00,18545,18545,18470,18470,9
2026-01-28 16:40:00,18445,18625,18440,18625,74
2026-01-28 16:50:00,18630,18670,18560,18560,49
2026-01-28 17:00:00,18575,18590,18570,18570,61
2026-01-28 17:20:00,18600,18600,18520,18520,23
2026-01-28 17:30:00,18520,18525,18505,18505,9
2026-01-28 17:40:00,18545,18545,18505,18510,39
2026-01-28 17:50:00,18535,18550,18535,18550,2
2026-01-28 18:00:00,18560,18565,18450,18450,82
2026-01-28 18:10:00,18420,18460,18420,18460,27
2026-01-28 18:20:00,18450,18450,18420,18425,11
2026-01-28 18:30:00,18475,18475,18470,18470,5
2026-01-28 18:40:00,18465,18475,18465,18475,2
2026-01-28 19:00:00,18485,18485,18470,18470,10
2026-01-28 19:10:00,18420,18425,18310,18380,89
2026-01-28 19:20:00,18375,18415,18350,18350,23
2026-01-28 19:30:00,18395,18395,18355,18355,3
2026-01-28 19:40:00,18395,18440,18390,18440,22
2026-01-28 19:50:00,18430,18430,18405,18405,3
2026-01-28 20:00:00,18405,18405,18405,18405,18
2026-01-28 20:10:00,18490,18490,18490,18490,1
2026-01-28 20:30:00,18490,18540,18490,18535,29
2026-01-28 20:40:00,18560,18560,18535,18535,12
2026-01-28 20:50:00,18560,18560,18560,18560,10
2026-01-28 21:00:00,18560,18560,18510,18510,8
2026-01-28 21:10:00,18510,18510,18510,18510,1
2026-01-28 21:30:00,18480,18540,18480,18540,17
2026-01-28 21:50:00,18540,18555,18490,18490,20
2026-01-28 22:20:00,18545,18545,18545,18545,2
2026-01-28 22:40:00,18535,18555,18535,18555,16
2026-01-28 22:50:00,18555,18625,18545,18610,24
2026-01-28 23:00:00,18530,18600,18530,18600,4
2026-01-28 23:10:00,18595,18595,18595,18595,1
2026-01-28 23:20:00,18500,18595,18475,18550,21
2026-01-28 23:30:00,18515,18560,18515,18560,116
2026-01-28 23:40:00,18560,18680,18560,18575,39
2026-01-29 08:50:00,18750,18750,18750,18750,2
2026-01-29 09:00:00,18735,18960,18575,18870,360
2026-01-29 09:10:00,18880,18925,18860,18925,73
2026-01-29 09:20:00,18925,18950,18880,18950,1463
2026-01-29 09:30:00,18950,18950,18815,18895,106
2026-01-29 09:40:00,18895,18905,18720,18840,116
2026-01-29 09:50:00,18755,18920,18755,18915,525
2026-01-29 10:00:00,18900,18915,18810,18915,26
2026-01-29 10:10:00,18900,18920,18815,18815,113
2026-01-29 10:20:00,18815,18920,18810,18840,32
2026-01-29 10:30:00,18840,18975,18840,18905,44
2026-01-29 10:40:00,18945,18995,18945,18990,46
2026-01-29 10:50:00,19000,19060,18975,18990,49
2026-01-29 11:00:00,19030,19120,18985,19080,166
2026-01-29 11:10:00,19115,19180,19115,19180,95
2026-01-29 11:20:00,19185,19200,19055,19100,545
2026-01-29 11:30:00,19065,19150,19025,19100,74
2026-01-29 11:40:00,19060,19110,19060,19085,446
2026-01-29 11:50:00,19115,19150,19090,19125,84
2026-01-29 12:00:00,19135,19140,19025,19085,48
2026-01-29 12:10:00,19090,19110,19030,19045,6
2026-01-29 12:20:00,19140,19145,19105,19130,24
2026-01-29 12:30:00,19135,19185,19130,19185,28
2026-01-29 12:40:00,19195,19200,19150,19150,17
2026-01-29 12:50:00,19150,19175,19130,19150,36
2026-01-29 13:00:00,19140,19140,19135,19135,2
2026-01-29 13:10:00,19125,19200,19120,19130,39
2026-01-29 13:20:00,19135,19200,19135,19200,14
2026-01-29 13:30:00,19155,19200,19140,19200,90
2026-01-29 13:40:00,19195,19195,19145,19150,15
2026-01-29 13:50:00,19155,19185,19155,19175,5
2026-01-29 14:00:00,19180,19200,19130,19200,25
2026-01-29 14:10:00,19195,19315,19160,19160,269
2026-01-29 14:20:00,19160,19165,19135,19165,22
2026-01-29 14:30:00,19165,19175,19165,19175,24
2026-01-29 14:40:00,19160,19190,19135,19140,61
2026-01-29 14:50:00,19185,19185,19105,19140,51
2026-01-29 15:00:00,19095,19140,19050,19135,214
2026-01-29 15:10:00,19135,19200,19095,19200,20
2026-01-29 15:20:00,19200,19200,19150,19150,7
2026-01-29 15:30:00,19200,19200,19145,19145,46
2026-01-29 15:40:00,19195,19200,19175,19175,8
2026-01-29 15:50:00,19190,19200,19190,19200,3
2026-01-29 16:00:00,19175,19175,19030,19175,67
2026-01-29 16:10:00,19185,19195,18985,19045,59
2026-01-29 16:20:00,19045,19150,19045,19115,36
2026-01-29 16:30:00,19100,19130,19060,19100,32
2026-01-29 16:40:00,19120,19160,19055,19055,35
2026-01-29 16:50:00,19060,19115,18990,19115,142
2026-01-29 17:00:00,19140,19230,19140,19225,57
2026-01-29 17:10:00,19235,19240,19220,19225,38
2026-01-29 17:20:00,19205,19225,19170,19215,44
2026-01-29 17:30:00,19225,19300,19195,19205,160
2026-01-29 17:40:00,19240,19255,19155,19195,51
2026-01-29 17:50:00,19175,19175,19050,19100,64
2026-01-29 18:00:00,19100,19100,18860,18860,457
2026-01-29 18:10:00,18880,18935,18500,18695,329
2026-01-29 18:20:00,18645,18745,18350,18365,872
2026-01-29 18:30:00,18370,18580,18365,18580,232
2026-01-29 18:40:00,18515,18560,18410,18555,228
2026-01-29 19:00:00,18570,18570,18430,18440,26
2026-01-29 19:10:00,18525,18600,18455,18535,164
2026-01-29 19:20:00,18535,18555,18520,18525,93
2026-01-29 19:30:00,18500,18550,18480,18485,37
2026-01-29 19:40:00,18480,18480,18390,18470,24
2026-01-29 19:50:00,18460,18465,18395,18460,33
2026-01-29 20:00:00,18465,18550,18465,18550,35
2026-01-29 20:10:00,18465,18540,18455,18515,120
2026-01-29 20:20:00,18470,18505,18420,18500,41
2026-01-29 20:30:00,18540,18700,18540,18700,56
2026-01-29 20:40:00,18670,18690,18670,18690,3
2026-01-29 20:50:00,18660,18670,18555,18555,35
2026-01-29 21:00:00,18635,18635,18590,18590,12
2026-01-29 21:10:00,18650,18705,18645,18700,77
2026-01-29 21:20:00,18660,18695,18605,18685,9
2026-01-29 21:30:00,18645,18685,18645,18685,3
2026-01-29 21:40:00,18655,18655,18655,18655,1
2026-01-29 21:50:00,18695,18700,18660,18660,14
2026-01-29 22:00:00,18645,18645,18645,18645,1
2026-01-29 22:10:00,18695,18695,18695,18695,4
2026-01-29 22:20:00,18695,18695,18695,18695,4
2026-01-29 22:30:00,18655,18655,18465,18585,54
2026-01-29 22:40:00,18585,18660,18520,18520,4
2026-01-29 22:50:00,18645,18690,18595,18690,37
2026-01-29 23:00:00,18645,18645,18555,18640,92
2026-01-29 23:10:00,18605,18690,18605,18690,22
2026-01-29 23:20:00,18690,18690,18585,18690,26
2026-01-29 23:30:00,18690,18690,18690,18690,8
2026-01-29 23:40:00,18690,18850,18645,18835,66
2026-01-30 08:50:00,18340,18440,18340,18440,16
2026-01-30 09:00:00,18315,18345,17800,18095,555
2026-01-30 09:10:00,18090,18095,18010,18020,252
2026-01-30 09:20:00,18020,18140,18010,18010,156
2026-01-30 09:30:00,18005,18085,17970,17995,74
2026-01-30 09:40:00,17995,17995,17940,17940,27
2026-01-30 09:50:00,17945,17995,17925,17930,182
2026-01-30 10:00:00,17930,18000,17930,18000,174
2026-01-30 10:10:00,18000,18025,18000,18000,9
2026-01-30 10:20:00,18015,18050,18000,18010,25
2026-01-30 10:30:00,18005,18020,17940,18020,135
2026-01-30 10:40:00,18020,18020,17960,17980,164
2026-01-30 10:50:00,17980,18065,17960,18025,103
2026-01-30 11:00:00,18020,18020,17985,17985,7
2026-01-30 11:10:00,17975,18000,17970,18000,14
2026-01-30 11:20:00,17960,18015,17910,18000,77
2026-01-30 11:30:00,18000,18005,17965,17970,55
2026-01-30 11:40:00,17980,18110,17970,18110,99
2026-01-30 11:50:00,18115,18175,18085,18170,86
2026-01-30 12:00:00,18175,18180,18135,18135,13
2026-01-30 12:10:00,18115,18115,17720,17915,1156
2026-01-30 12:20:00,17905,18010,17870,17875,120
2026-01-30 12:30:00,17875,17875,17780,17780,87
2026-01-30 12:40:00,17775,17795,17720,17735,328
2026-01-30 12:50:00,17700,17740,17515,17680,370
2026-01-30 13:00:00,17735,17815,17735,17815,62
2026-01-30 13:10:00,17775,17860,17775,17845,29
2026-01-30 13:20:00,17840,17840,17775,17780,223
2026-01-30 13:30:00,17780,17800,17775,17800,29
2026-01-30 13:40:00,17790,17795,17790,17795,2
2026-01-30 13:50:00,17790,17790,17760,17760,2
2026-01-30 14:00:00,17790,17850,17790,17850,7
2026-01-30 14:10:00,17875,17925,17875,17890,27
2026-01-30 14:20:00,17890,17895,17840,17840,16
2026-01-30 14:30:00,17885,17885,17880,17880,42
2026-01-30 14:40:00,17875,17875,17840,17840,32
2026-01-30 14:50:00,17810,17810,17750,17810,203
2026-01-30 15:00:00,17845,17910,17810,17835,230
2026-01-30 15:10:00,17835,17835,17755,17760,44
2026-01-30 15:20:00,17810,17815,17775,17775,17
2026-01-30 15:40:00,17765,17765,17725,17725,275
2026-01-30 15:50:00,17730,17745,17690,17690,12
2026-01-30 16:00:00,17690,17750,17690,17750,26
2026-01-30 16:10:00,17770,17860,17770,17845,58
2026-01-30 16:20:00,17805,17805,17720,17765,13
2026-01-30 16:30:00,17785,17795,17785,17795,3
2026-01-30 16:40:00,17810,17810,17725,17725,13
2026-01-30 17:00:00,17795,17800,17795,17795,9
2026-01-30 17:10:00,17830,17830,17830,17830,5
2026-01-30 17:20:00,17820,17875,17820,17875,18
2026-01-30 17:30:00,17930,18015,17930,17990,31
2026-01-30 17:40:00,17990,17990,17950,17950,18
2026-01-30 17:50:00,17975,17975,17950,17950,20
2026-01-30 18:00:00,17860,17860,17860,17860,1
2026-01-30 18:10:00,17860,17900,17835,17880,13
2026-01-30 18:20:00,17895,17895,17885,17885,5
2026-01-30 18:30:00,17845,17845,17810,17810,12
2026-01-30 18:40:00,17905,17915,17905,17915,3
2026-01-30 19:10:00,17955,18110,17955,17960,284
2026-01-30 19:20:00,17915,17970,17905,17970,7
2026-01-30 19:30:00,17925,17955,17925,17955,8
2026-01-30 19:40:00,17920,17920,17860,17905,20
2026-01-30 19:50:00,17800,17800,17720,17720,49
2026-01-30 20:00:00,17770,17820,17765,17785,26
2026-01-30 20:20:00,17785,17785,17745,17770,14
2026-01-30 20:30:00,17735,17775,17705,17710,26
2026-01-30 20:40:00,17700,17725,17620,17680,32
2026-01-30 20:50:00,17670,17675,17660,17675,105
2026-01-30 21:00:00,17740,17745,17610,17610,429
2026-01-30 21:10:00,17675,17675,17575,17575,122
2026-01-30 21:20:00,17575,17575,17100,17210,476
2026-01-30 21:30:00,17210,17235,17210,17215,102
2026-01-30 21:40:00,17210,17310,17100,17295,76
2026-01-30 21:50:00,17330,17520,17330,17500,37
2026-01-30 22:00:00,17500,17600,17500,17600,40
2026-01-30 22:10:00,17600,17600,17500,17500,27
2026-01-30 22:20:00,17570,17585,17535,17585,10
2026-01-30 22:30:00,17580,17600,17570,17600,20
2026-01-30 22:40:00,17615,17670,17610,17610,22
2026-01-30 22:50:00,17600,17700,17565,17700,42
2026-01-30 23:00:00,17705,17755,17625,17635,36
2026-01-30 23:10:00,17630,17630,17625,17625,25
2026-01-30 23:20:00,17600,17600,17550,17550,7
2026-01-30 23:30:00,17550,17550,17510,17510,6
2026-01-30 23:40:00,17505,17510,17505,17505,3
2026-01-31 10:00:00,17685,17685,17415,17415,9
2026-01-31 10:10:00,17360,17360,17355,17355,3
2026-01-31 10:20:00,17470,17470,17470,17470,1
2026-01-31 10:40:00,17460,17465,17460,17465,4
2026-01-31 11:00:00,17490,17545,17490,17540,6
2026-01-31 11:10:00,17545,17550,17545,17550,5
2026-01-31 11:20:00,17545,17550,17545,17550,16
2026-01-31 11:40:00,17510,17510,17510,17510,2
2026-01-31 12:10:00,17510,17510,17510,17510,1
2026-01-31 12:50:00,17555,17685,17555,17685,23
2026-01-31 13:00:00,17680,17775,17515,17515,20
2026-01-31 13:10:00,17620,17620,17620,17620,1
2026-01-31 13:20:00,17625,17625,17625,17625,1
2026-01-31 13:30:00,17710,17710,17710,17710,1
2026-01-31 13:40:00,17785,17790,17785,17790,6
2026-01-31 13:50:00,17790,17790,17790,17790,1
2026-01-31 14:00:00,17790,18030,17790,18030,20
2026-01-31 14:10:00,18165,18270,18165,18270,2
2026-01-31 14:20:00,18265,18265,18090,18100,3
2026-01-31 14:30:00,18095,18095,17505,17600,113
2026-01-31 14:40:00,17705,17750,17705,17740,7
2026-01-31 16:00:00,17585,17585,17585,17585,1
2026-01-31 16:20:00,17580,17580,17580,17580,1
2026-01-31 16:40:00,17735,17745,17735,17745,5
2026-01-31 17:40:00,17770,17770,17765,17765,7
2026-01-31 18:00:00,17650,17785,17645,17785,10
2026-01-31 18:20:00,17815,17815,17815,17815,8
2026-02-01 12:10:00,17895,17900,17895,17900,6
2026-02-01 13:30:00,17860,17860,17860,17860,1
2026-02-01 13:40:00,17895,17910,17895,17910,9
2026-02-01 13:50:00,17905,17905,17905,17905,1
2026-02-01 15:10:00,17905,17905,17905,17905,12
2026-02-01 15:30:00,17870,17870,17805,17810,9
2026-02-01 16:10:00,17805,17805,17790,17790,4
2026-02-01 16:20:00,17850,17855,17795,17795,8
2026-02-01 17:40:00,17845,17885,17845,17885,12
2026-02-01 18:10:00,17810,17810,17810,17810,2
2026-02-01 18:40:00,17755,17755,17720,17720,15
2026-02-01 18:50:00,17750,17750,17695,17695,2
2026-02-02 08:50:00,17225,17225,17225,17225,14
2026-02-02 09:00:00,16865,17220,16510,16690,422
2026-02-02 09:10:00,16690,16715,16635,16635,95
2026-02-02 09:20:00,16640,16660,16505,16505,78
2026-02-02 09:30:00,16535,16620,16510,16510,18
2026-02-02 09:40:00,16590,16620,16510,16580,150
2026-02-02 09:50:00,16570,16650,16540,16650,17
2026-02-02 10:00:00,16715,16855,16665,16680,491
2026-02-02 10:10:00,16690,16880,16690,16880,59
2026-02-02 10:20:00,16875,16925,16875,16925,14
2026-02-02 10:30:00,16930,16990,16925,16960,13
2026-02-02 10:40:00,17000,17065,17000,17050,42
2026-02-02 10:50:00,17030,17080,17010,17055,300
2026-02-02 11:00:00,17015,17055,16975,17055,15
2026-02-02 11:10:00,17060,17140,17000,17000,24
2026-02-02 11:20:00,17165,17165,16995,17000,26
2026-02-02 11:30:00,17105,17130,17105,17130,5
2026-02-02 11:40:00,17125,17130,17035,17120,11
2026-02-02 11:50:00,17055,17055,17050,17050,5
2026-02-02 12:00:00,17050,17050,16990,16990,11
2026-02-02 12:10:00,16990,17030,16950,16985,29
2026-02-02 12:20:00,16955,16985,16955,16985,18
2026-02-02 12:30:00,17015,17020,16995,17020,17
2026-02-02 12:40:00,17000,17055,16995,17020,34
2026-02-02 12:50:00,17050,17075,17050,17075,5
2026-02-02 13:10:00,17030,17030,17030,17030,11
2026-02-02 13:20:00,17045,17045,17045,17045,3
2026-02-02 13:30:00,17060,17110,17060,17110,2
2026-02-02 13:40:00,17110,17125,17110,17125,14
2026-02-02 14:10:00,17125,17125,17125,17125,1
2026-02-02 14:20:00,17170,17170,17150,17170,53
2026-02-02 14:30:00,17185,17190,17155,17155,3
2026-02-02 14:40:00,17145,17145,17125,17125,7
2026-02-02 14:50:00,17120,17125,17090,17090,15
2026-02-02 15:00:00,17125,17125,17125,17125,17
2026-02-02 15:10:00,17180,17250,17180,17250,22
2026-02-02 15:20:00,17255,17255,17240,17240,3
2026-02-02 15:30:00,17220,17220,17130,17130,23
2026-02-02 15:50:00,17100,17135,17050,17135,11
2026-02-02 16:00:00,17085,17085,16855,16970,111
2026-02-02 16:10:00,16900,16900,16890,16890,24
2026-02-02 16:20:00,16885,16910,16855,16910,13
2026-02-02 16:30:00,16855,16865,16850,16865,7
2026-02-02 16:40:00,16830,16870,16830,16870,28
2026-02-02 16:50:00,16935,16935,16935,16935,1
2026-02-02 17:10:00,16925,16965,16920,16965,16
2026-02-02 17:20:00,16920,16935,16910,16935,10
2026-02-02 17:30:00,17000,17000,17000,17000,5
2026-02-02 17:40:00,17050,17050,17050,17050,2
2026-02-02 17:50:00,16935,16935,16855,16910,9
2026-02-02 18:00:00,16815,16845,16770,16845,52
2026-02-02 18:10:00,16860,16895,16860,16865,41
2026-02-02 18:20:00,16835,16870,16835,16870,4
2026-02-02 18:40:00,16865,16865,16785,16785,45
2026-02-02 19:00:00,16770,16900,16770,16900,2
2026-02-02 19:10:00,16785,16785,16785,16785,2
2026-02-02 19:20:00,16855,16890,16855,16890,7
2026-02-02 19:30:00,16935,16940,16835,16885,10
2026-02-02 19:40:00,16900,16900,16900,16900,1
2026-02-02 20:00:00,16945,16955,16945,16955,7
2026-02-02 20:10:00,16950,17005,16930,17000,19
2026-02-02 20:20:00,16995,17055,16965,16985,32
2026-02-02 20:30:00,17015,17160,17015,17160,27
2026-02-02 20:40:00,17060,17095,17060,17095,2
2026-02-02 20:50:00,17160,17160,17160,17160,1
2026-02-02 21:00:00,17165,17205,17165,17205,5
2026-02-02 21:30:00,17125,17125,17125,17125,1
2026-02-02 21:40:00,17130,17130,17055,17055,12
2026-02-02 22:00:00,17135,17135,17135,17135,1
2026-02-02 22:20:00,17105,17105,17105,17105,1
2026-02-02 22:30:00,17120,17130,17120,17130,4
2026-02-02 22:40:00,17185,17195,17095,17195,12
2026-02-02 23:20:00,17185,17185,17185,17185,1
2026-02-02 23:40:00,17195,17195,17195,17195,1
2026-02-03 09:00:00,17220,17235,17135,17230,82
2026-02-03 09:10:00,17255,17330,17245,17325,22
2026-02-03 09:20:00,17305,17345,17300,17345,11
2026-02-03 09:30:00,17335,17335,17300,17300,5
2026-02-03 09:40:00,17290,17290,17285,17285,14
2026-02-03 09:50:00,17280,17280,17215,17230,72
2026-02-03 10:00:00,17320,17445,17320,17425,45
2026-02-03 10:10:00,17420,17435,17360,17365,90
2026-02-03 10:20:00,17335,17335,17290,17330,14
2026-02-03 10:40:00,17390,17395,17390,17395,2
2026-02-03 10:50:00,17400,17415,17395,17395,6
2026-02-03 11:00:00,17355,17485,17335,17485,31
2026-02-03 11:20:00,17405,17405,17340,17340,26
2026-02-03 11:30:00,17330,17335,17285,17285,8
2026-02-03 11:40:00,17350,17370,17350,17370,3
2026-02-03 11:50:00,17360,17400,17345,17375,10
2026-02-03 12:00:00,17320,17350,17300,17340,23
2026-02-03 12:10:00,17295,17295,17270,17270,19
2026-02-03 12:20:00,17270,17270,17250,17250,3
2026-02-03 12:30:00,17310,17310,17250,17250,3
2026-02-03 12:50:00,17250,17250,17250,17250,2
2026-02-03 13:10:00,17290,17330,17290,17330,9
2026-02-03 13:20:00,17310,17310,17310,17310,1
2026-02-03 13:30:00,17350,17360,17335,17360,9
2026-02-03 13:40:00,17340,17380,17340,17355,10
2026-02-03 13:50:00,17325,17325,17320,17320,12
2026-02-03 14:20:00,17345,17355,17340,17340,10
2026-02-03 14:30:00,17350,17350,17350,17350,2
2026-02-03 14:40:00,17350,17380,17340,17380,18
2026-02-03 14:50:00,17335,17335,17335,17335,1
2026-02-03 15:00:00,17345,17345,17345,17345,5
2026-02-03 15:10:00,17355,17395,17350,17390,12
2026-02-03 15:20:00,17400,17445,17390,17390,8
2026-02-03 15:30:00,17375,17410,17375,17410,21
2026-02-03 15:40:00,17395,17395,17395,17395,1
2026-02-03 16:00:00,17420,17430,17420,17425,6
2026-02-03 16:10:00,17460,17465,17425,17425,5
2026-02-03 16:20:00,17415,17415,17415,17415,1
2026-02-03 16:30:00,17395,17395,17380,17380,16
2026-02-03 16:40:00,17405,17505,17405,17500,80
2026-02-03 16:50:00,17420,17420,17420,17420,1
2026-02-03 17:00:00,17385,17400,17380,17400,11
2026-02-03 17:10:00,17370,17370,17360,17360,6
2026-02-03 17:20:00,17335,17360,17325,17360,3
2026-02-03 17:30:00,17380,17420,17380,17410,12
2026-02-03 17:40:00,17390,17390,17390,17390,2
2026-02-03 17:50:00,17375,17375,17375,17375,1
2026-02-03 18:00:00,17345,17345,17345,17345,2
2026-02-03 18:10:00,17400,17400,17400,17400,2
2026-02-03 18:20:00,17395,17395,17395,17395,10
2026-02-03 19:00:00,17445,17445,17420,17420,31
2026-02-03 19:10:00,17430,17430,17430,17430,1
2026-02-03 19:20:00,17475,17480,17445,17450,6
2026-02-03 19:30:00,17465,17465,17465,17465,2
2026-02-03 19:40:00,17465,17465,17445,17465,5
2026-02-03 19:50:00,17460,17460,17410,17410,8
2026-02-03 20:30:00,17410,17415,17410,17415,5
2026-02-03 20:40:00,17385,17385,17385,17385,1
2026-02-03 20:50:00,17415,17415,17415,17415,1
2026-02-03 21:20:00,17410,17445,17400,17410,255
2026-02-03 21:30:00,17390,17390,17375,17375,250
2026-02-03 21:50:00,17420,17420,17415,17415,3
2026-02-03 22:00:00,17420,17570,17420,17465,23
2026-02-03 22:10:00,17530,17550,17530,17550,2
2026-02-03 22:20:00,17515,17515,17515,17515,5
2026-02-03 22:40:00,17510,17515,17510,17515,10
2026-02-03 23:10:00,17485,17485,17485,17485,1
2026-02-03 23:20:00,17485,17485,17485,17485,1
2026-02-03 23:30:00,17485,17485,17485,17485,1
2026-02-03 23:40:00,17545,17545,17495,17495,4
2026-02-04 09:00:00,17565,17565,17495,17500,21
2026-02-04 09:20:00,17505,17505,17505,17505,1
2026-02-04 09:30:00,17515,17520,17515,17520,2
2026-02-04 09:40:00,17520,17565,17520,17565,5
2026-02-04 09:50:00,17605,17605,17605,17605,1
2026-02-04 10:00:00,17630,17635,17595,17595,9
2026-02-04 10:10:00,17595,17595,17575,17575,13
2026-02-04 10:20:00,17580,17580,17580,17580,1
2026-02-04 10:30:00,17595,17595,17595,17595,1
2026-02-04 10:40:00,17565,17565,17565,17565,3
2026-02-04 10:50:00,17565,17580,17560,17560,6
2026-02-04 11:00:00,17550,17550,17495,17495,145
2026-02-04 11:10:00,17490,17525,17490,17525,11
2026-02-04 11:20:00,17530,17530,17470,17470,27
2026-02-04 11:30:00,17470,17470,17470,17470,42
2026-02-04 11:40:00,17470,17470,17430,17455,72
2026-02-04 12:00:00,17455,17455,17410,17410,16
2026-02-04 12:10:00,17410,17430,17410,17425,33
2026-02-04 12:20:00,17430,17430,17415,17415,6
2026-02-04 12:30:00,17410,17410,17380,17400,9
2026-02-04 12:40:00,17365,17365,17330,17340,31
2026-02-04 12:50:00,17360,17410,17360,17410,13
2026-02-04 13:00:00,17440,17465,17440,17465,15
2026-02-04 13:10:00,17485,17485,17475,17475,2
2026-02-04 13:20:00,17470,17515,17470,17515,10
2026-02-04 13:30:00,17520,17520,17520,17520,1
2026-02-04 13:40:00,17485,17485,17485,17485,1
2026-02-04 13:50:00,17520,17520,17520,17520,1
2026-02-04 14:00:00,17520,17535,17520,17535,5
2026-02-04 14:10:00,17535,17535,17535,17535,3
2026-02-04 14:20:00,17535,17535,17485,17485,6
2026-02-04 14:30:00,17480,17510,17465,17465,5
2026-02-04 14:40:00,17510,17510,17510,17510,1
2026-02-04 14:50:00,17535,17535,17535,17535,1
2026-02-04 15:00:00,17540,17540,17540,17540,1
2026-02-04 15:10:00,17545,17545,17515,17515,8
2026-02-04 15:30:00,17520,17520,17520,17520,2
2026-02-04 15:40:00,17525,17525,17480,17480,16
2026-02-04 15:50:00,17505,17505,17465,17465,2
2026-02-04 16:00:00,17420,17420,17410,17415,8
2026-02-04 16:10:00,17455,17460,17455,17460,4
2026-02-04 16:20:00,17465,17465,17465,17465,1
2026-02-04 16:30:00,17540,17540,17540,17540,1
2026-02-04 16:40:00,17520,17520,17485,17485,2
2026-02-04 16:50:00,17555,17555,17515,17515,3
2026-02-04 17:10:00,17480,17480,17480,17480,1
2026-02-04 17:20:00,17445,17495,17440,17495,46
2026-02-04 17:30:00,17380,17380,17315,17315,19
2026-02-04 17:40:00,17345,17400,17335,17400,14
2026-02-04 17:50:00,17360,17395,17315,17315,104
2026-02-04 18:00:00,17360,17395,17360,17395,11
2026-02-04 18:10:00,17355,17355,17330,17330,20
2026-02-04 18:20:00,17315,17315,17315,17315,1
2026-02-04 18:30:00,17315,17340,17250,17295,48
2026-02-04 18:40:00,17305,17305,17300,17300,68
2026-02-04 19:00:00,17275,17275,17275,17275,1
2026-02-04 19:20:00,17365,17375,17315,17375,14
2026-02-04 19:40:00,17325,17325,17325,17325,1
2026-02-04 19:50:00,17325,17325,17325,17325,1
2026-02-04 20:00:00,17345,17345,17345,17345,1
2026-02-04 20:30:00,17330,17330,17325,17325,36
2026-02-04 20:40:00,17290,17290,17290,17290,1
2026-02-04 20:50:00,17290,17290,17290,17290,2
2026-02-04 21:00:00,17275,17275,17275,17275,2
2026-02-04 21:10:00,17305,17305,17305,17305,1
2026-02-04 21:30:00,17330,17330,17330,17330,30
2026-02-04 23:00:00,17370,17395,17370,17390,11
2026-02-04 23:20:00,17390,17410,17340,17340,18
2026-02-04 23:30:00,17315,17410,17300,17410,11
2026-02-04 23:40:00,17405,17415,17405,17415,6
2026-02-05 08:50:00,17225,17275,17225,17275,9
2026-02-05 09:00:00,17225,17230,17130,17165,40
2026-02-05 09:10:00,17165,17165,17160,17160,2
2026-02-05 09:30:00,17180,17215,17180,17215,7
2026-02-05 09:40:00,17215,17260,17215,17230,54
2026-02-05 09:50:00,17200,17200,17140,17195,27
2026-02-05 10:10:00,17200,17220,17200,17220,5
2026-02-05 10:20:00,17195,17195,17170,17170,3
2026-02-05 10:40:00,17175,17175,17055,17085,30
2026-02-05 10:50:00,17110,17175,17110,17175,17
2026-02-05 11:20:00,17130,17130,17130,17130,2
2026-02-05 11:30:00,17095,17140,17060,17060,16
2026-02-05 11:40:00,17075,17075,17045,17050,6
2026-02-05 11:50:00,17075,17075,17075,17075,1
2026-02-05 12:00:00,17040,17040,17035,17035,6
2026-02-05 12:20:00,17090,17090,17090,17090,26
2026-02-05 12:30:00,17095,17095,17095,17095,4
2026-02-05 12:40:00,17135,17150,17095,17135,14
2026-02-05 12:50:00,17085,17100,17070,17075,76
2026-02-05 13:10:00,17075,17075,17075,17075,1
2026-02-05 13:20:00,17075,17075,17075,17075,2
2026-02-05 13:30:00,17075,17075,17040,17040,8
2026-02-05 13:40:00,17070,17070,17050,17050,3
2026-02-05 13:50:00,17070,17075,17050,17050,5
2026-02-05 14:00:00,17075,17085,17075,17085,50
2026-02-05 14:20:00,17095,17095,17095,17095,1
2026-02-05 14:30:00,17095,17095,17095,17095,1
2026-02-05 15:00:00,17075,17075,17075,17075,2
2026-02-05 15:10:00,17085,17085,17070,17070,7
2026-02-05 15:20:00,17035,17035,17015,17035,50
2026-02-05 15:30:00,17040,17040,17030,17030,6
2026-02-05 15:50:00,17025,17025,17025,17025,1
2026-02-05 16:00:00,17005,17005,16915,16915,14
2026-02-05 16:10:00,16905,16930,16885,16925,17
2026-02-05 16:20:00,16925,16955,16925,16950,23
2026-02-05 16:30:00,16985,17025,16985,17025,29
2026-02-05 16:50:00,17035,17055,17035,17055,250
2026-02-05 17:10:00,16995,16995,16995,16995,1
2026-02-05 17:20:00,17020,17160,17020,17160,133
2026-02-05 17:30:00,17115,17115,17005,17070,96
2026-02-05 17:40:00,17075,17095,17050,17075,9
2026-02-05 17:50:00,17070,17070,17070,17070,1
2026-02-05 18:00:00,17060,17060,17060,17060,1
2026-02-05 18:10:00,17015,17065,17005,17065,22
2026-02-05 18:20:00,17025,17025,17015,17015,2
2026-02-05 18:30:00,16940,17010,16940,17010,8
2026-02-05 18:40:00,17020,17020,17020,17020,2
2026-02-05 19:10:00,17020,17055,17020,17055,3
2026-02-05 19:30:00,17085,17085,17065,17065,25
2026-02-05 19:40:00,17090,17120,17090,17110,30
2026-02-05 19:50:00,17115,17115,17115,17115,2
2026-02-05 20:00:00,17100,17100,17100,17100,1
2026-02-05 20:10:00,17100,17100,17100,17100,1
2026-02-05 20:30:00,17075,17075,17075,17075,2
2026-02-05 20:40:00,17065,17065,17055,17055,10
2026-02-05 20:50:00,17020,17020,16965,16965,37
2026-02-05 21:00:00,16965,16965,16965,16965,2
2026-02-05 21:10:00,16975,17010,16975,17010,8
2026-02-05 21:50:00,17010,17010,17010,17010,1
2026-02-05 22:00:00,16990,17085,16715,16715,202
2026-02-05 22:10:00,16755,16830,16750,16830,31
2026-02-05 22:20:00,16735,16900,16735,16900,72
2026-02-05 22:30:00,16795,16870,16770,16870,45
2026-02-05 22:40:00,16855,16885,16825,16825,23
2026-02-05 23:00:00,16825,16830,16810,16810,5
2026-02-05 23:10:00,16860,16865,16860,16865,4
2026-02-05 23:20:00,16830,16830,16830,16830,2
2026-02-05 23:30:00,16820,16890,16820,16890,21
2026-02-06 09:00:00,16905,16905,16900,16900,6
2026-02-06 09:10:00,16895,17260,16895,17260,84
2026-02-06 09:20:00,16960,16960,16900,16900,35
2026-02-06 09:30:00,16955,16955,16875,16875,17
2026-02-06 09:40:00,16855,16855,16825,16825,14
2026-02-06 09:50:00,16865,16870,16865,16870,110
2026-02-06 10:00:00,16850,16880,16850,16880,5
2026-02-06 10:10:00,16825,16825,16825,16825,1
2026-02-06 10:20:00,16860,16885,16860,16885,4
2026-02-06 10:30:00,16865,16865,16835,16835,6
2026-02-06 10:40:00,16835,16870,16835,16870,7
2026-02-06 10:50:00,16870,16880,16870,16880,7
2026-02-06 11:10:00,16885,16905,16885,16905,7
2026-02-06 11:20:00,16950,16960,16950,16960,4
2026-02-06 11:50:00,16980,16980,16980,16980,2
2026-02-06 12:00:00,16930,16930,16925,16925,6
2026-02-06 13:00:00,16985,16985,16985,16985,1
2026-02-06 13:10:00,17005,17005,17005,17005,1
2026-02-06 13:20:00,16985,17000,16985,17000,10
2026-02-06 13:50:00,16995,16995,16995,16995,5
2026-02-06 15:00:00,17005,17020,17005,17015,5
2026-02-06 15:20:00,17015,17015,16995,16995,10
2026-02-06 15:50:00,17020,17040,16980,16980,47
2026-02-06 16:00:00,17035,17070,17025,17070,7
2026-02-06 16:10:00,16995,16995,16995,16995,3
2026-02-06 16:20:00,16990,16990,16930,16930,87
2026-02-06 16:30:00,16905,16990,16905,16990,6
2026-02-06 16:40:00,16965,16965,16965,16965,1
2026-02-06 16:50:00,16995,16995,16995,16995,1
2026-02-06 17:20:00,16960,16960,16960,16960,3
2026-02-06 17:30:00,17035,17065,17035,17065,22
2026-02-06 17:40:00,17075,17095,17075,17075,8
2026-02-06 17:50:00,17075,17155,17070,17155,31
2026-02-06 18:00:00,17140,17200,17140,17200,12
2026-02-06 18:10:00,17175,17175,17175,17175,15
2026-02-06 18:30:00,17210,17210,17210,17210,2
2026-02-06 19:10:00,17110,17110,17105,17105,3
2026-02-06 19:20:00,17115,17115,17115,17115,1
2026-02-06 19:40:00,17150,17150,17110,17110,3
2026-02-06 19:50:00,17130,17130,17130,17130,3
2026-02-06 20:00:00,17130,17130,17130,17130,1
2026-02-06 20:20:00,17185,17185,17185,17185,7
2026-02-06 20:30:00,17150,17150,17145,17145,3
2026-02-06 20:40:00,17170,17195,17170,17195,6
2026-02-06 20:50:00,17165,17165,17160,17160,5
2026-02-06 21:00:00,17155,17155,17155,17155,2
2026-02-06 21:20:00,17155,17155,17155,17155,1
2026-02-06 21:40:00,17155,17185,17155,17185,3
2026-02-06 22:20:00,17190,17190,17190,17190,1
2026-02-06 22:30:00,17190,17190,17190,17190,1
2026-02-06 22:40:00,17190,17195,17190,17195,5
2026-02-06 23:40:00,17195,17230,17195,17230,24
2026-02-07 13:50:00,17245,17415,17245,17415,23
2026-02-07 14:30:00,17425,17425,17375,17375,15
2026-02-07 15:20:00,17350,17350,17350,17350,5
2026-02-07 15:40:00,17360,17360,17360,17360,1
2026-02-07 16:00:00,17380,17380,17380,17380,2
2026-02-07 17:00:00,17375,17380,17375,17380,4
2026-02-07 17:50:00,17390,17395,17390,17395,3
2026-02-07 18:30:00,17370,17375,17370,17375,3
2026-02-08 10:00:00,17380,17500,17380,17500,6
2026-02-08 10:40:00,17485,17490,17485,17490,2
2026-02-08 10:50:00,17405,17405,17405,17405,2
2026-02-08 11:00:00,17405,17460,17380,17460,10
2026-02-08 11:40:00,17425,17425,17425,17425,2
2026-02-08 12:00:00,17420,17420,17420,17420,4
2026-02-08 12:30:00,17405,17405,17405,17405,4
2026-02-08 13:20:00,17435,17435,17435,17435,1
2026-02-08 13:30:00,17385,17435,17375,17435,4
2026-02-08 14:10:00,17430,17430,17430,17430,1
2026-02-08 14:40:00,17435,17450,17435,17450,10
2026-02-08 17:30:00,17425,17425,17425,17425,1
2026-02-08 18:10:00,17425,17450,17425,17450,5
2026-02-08 18:30:00,17425,17425,17425,17425,1
2026-02-08 18:50:00,17445,17450,17445,17450,8
2026-02-09 09:00:00,17420,17420,17335,17345,20
2026-02-09 09:10:00,17310,17335,17310,17335,6
2026-02-09 09:30:00,17290,17295,17245,17245,23
2026-02-09 09:40:00,17315,17315,17300,17305,8
2026-02-09 09:50:00,17260,17260,17255,17255,23
2026-02-09 10:10:00,17255,17285,17255,17285,2
2026-02-09 10:20:00,17255,17255,17245,17245,9
2026-02-09 10:40:00,17200,17200,17200,17200,2
2026-02-09 10:50:00,17200,17200,17185,17185,2
2026-02-09 11:00:00,17220,17225,17220,17225,6
2026-02-09 11:10:00,17200,17200,17200,17200,2
2026-02-09 11:20:00,17190,17200,17190,17200,12
2026-02-09 11:30:00,17185,17185,17180,17180,12
2026-02-09 11:50:00,17180,17180,17180,17180,1
2026-02-09 12:00:00,17145,17150,17135,17150,11
2026-02-09 13:10:00,17155,17155,17155,17155,1
2026-02-09 13:20:00,17165,17165,17165,17165,10
2026-02-09 13:30:00,17150,17150,17120,17145,26
2026-02-09 14:00:00,17130,17130,17125,17125,4
2026-02-09 14:10:00,17150,17165,17150,17165,13
2026-02-09 14:20:00,17180,17180,17180,17180,4
2026-02-09 14:40:00,17195,17235,17195,17235,11
2026-02-09 14:50:00,17245,17245,17245,17245,1
2026-02-09 15:00:00,17245,17245,17245,17245,1
2026-02-09 15:20:00,17275,17275,17275,17275,2
2026-02-09 15:30:00,17290,17320,17285,17285,8
2026-02-09 15:40:00,17285,17285,17270,17270,11
2026-02-09 15:50:00,17285,17285,17285,17285,7
2026-02-09 16:30:00,17190,17225,17190,17225,6
2026-02-09 17:30:00,17295,17295,17295,17295,3
2026-02-09 17:50:00,17270,17270,17265,17265,5
2026-02-09 18:40:00,17320,17320,17320,17320,6
2026-02-09 19:00:00,17325,17325,17325,17325,2
2026-02-09 19:20:00,17385,17385,17385,17385,7
2026-02-09 19:30:00,17340,17380,17340,17380,5
2026-02-09 20:00:00,17380,17400,17380,17400,7
2026-02-09 20:10:00,17425,17425,17420,17420,2
2026-02-09 20:30:00,17395,17445,17395,17445,33
2026-02-09 20:40:00,17450,17450,17450,17450,1
2026-02-09 20:50:00,17450,17470,17450,17470,184
2026-02-09 21:00:00,17490,17490,17460,17460,3
2026-02-09 21:10:00,17505,17505,17505,17505,4
2026-02-09 21:20:00,17500,17500,17500,17500,2
2026-02-09 21:30:00,17500,17500,17470,17470,12
2026-02-09 21:40:00,17475,17475,17475,17475,3
2026-02-09 21:50:00,17460,17460,17445,17445,7
2026-02-09 22:00:00,17500,17500,17500,17500,3
2026-02-09 22:30:00,17505,17530,17505,17530,3
2026-02-09 22:40:00,17555,17560,17555,17560,4
2026-02-09 22:50:00,17550,17550,17525,17525,5
2026-02-09 23:00:00,17560,17575,17535,17535,10
2026-02-09 23:10:00,17570,17570,17570,17570,1
2026-02-09 23:30:00,17575,17575,17575,17575,2
2026-02-09 23:40:00,17575,17590,17575,17590,4
2026-02-10 08:50:00,17380,17380,17380,17380,12
2026-02-10 09:00:00,17380,17380,17285,17290,56
2026-02-10 09:10:00,17300,17300,17270,17270,3
2026-02-10 09:20:00,17270,17270,17215,17215,28
2026-02-10 09:30:00,17260,17270,17260,17270,7
2026-02-10 09:40:00,17260,17275,17235,17275,17
2026-02-10 09:50:00,17270,17270,17235,17255,7
2026-02-10 10:00:00,17235,17260,17235,17260,2
2026-02-10 10:10:00,17270,17270,17270,17270,3
2026-02-10 10:20:00,17265,17265,17260,17260,3
2026-02-10 11:00:00,17240,17240,17125,17125,83
2026-02-10 11:10:00,17120,17135,17090,17100,62
2026-02-10 11:30:00,17140,17140,17140,17140,1
2026-02-10 11:40:00,17195,17200,17195,17200,3
2026-02-10 11:50:00,17195,17195,17195,17195,1
2026-02-10 12:00:00,17175,17175,17175,17175,1
2026-02-10 12:10:00,17205,17220,17200,17200,7
2026-02-10 12:20:00,17180,17180,17180,17180,4
2026-02-10 12:30:00,17180,17180,17170,17170,9
2026-02-10 12:40:00,17160,17160,17160,17160,5
2026-02-10 12:50:00,17150,17180,17145,17180,21
2026-02-10 13:00:00,17175,17175,17175,17175,1
2026-02-10 13:10:00,17170,17170,17150,17150,9
2026-02-10 13:20:00,17140,17165,17140,17165,6
2026-02-10 13:30:00,17170,17170,17170,17170,2
2026-02-10 14:10:00,17180,17210,17180,17210,14
2026-02-10 14:20:00,17205,17225,17205,17225,7
2026-02-10 14:40:00,17205,17205,17205,17205,2
2026-02-10 14:50:00,17240,17240,17240,17240,2
2026-02-10 15:00:00,17265,17265,17265,17265,5
2026-02-10 15:10:00,17235,17235,17225,17230,21
2026-02-10 15:20:00,17215,17220,17215,17220,10
2026-02-10 15:30:00,17200,17200,17195,17195,11
2026-02-10 15:40:00,17175,17175,17130,17130,4
2026-02-10 16:00:00,17170,17190,17170,17190,7
2026-02-10 16:50:00,17225,17225,17225,17225,1
2026-02-10 17:00:00,17230,17230,17230,17230,1
2026-02-10 17:20:00,17270,17305,17270,17305,7
2026-02-10 17:30:00,17280,17280,17280,17280,1
2026-02-10 17:40:00,17280,17280,17175,17175,11
2026-02-10 17:50:00,17275,17365,17275,17360,31
2026-02-10 18:00:00,17340,17340,17305,17340,53
2026-02-10 18:10:00,17355,17695,17355,17640,160
2026-02-10 18:20:00,17645,17750,17610,17640,145
2026-02-10 18:30:00,17640,17640,17525,17525,16
2026-02-10 18:40:00,17505,17535,17505,17535,2
2026-02-10 19:00:00,17475,17475,17470,17470,3
2026-02-10 19:10:00,17475,17475,17475,17475,1
2026-02-10 19:20:00,17470,17470,17455,17455,2
2026-02-10 19:50:00,17495,17515,17495,17515,51
2026-02-10 20:00:00,17460,17475,17460,17475,15
2026-02-10 20:10:00,17575,17575,17575,17575,1
2026-02-10 20:20:00,17565,17565,17550,17550,10
2026-02-10 21:00:00,17570,17570,17570,17570,1
2026-02-10 21:10:00,17555,17555,17555,17555,1
2026-02-10 21:20:00,17590,17590,17590,17590,2
2026-02-10 23:30:00,17585,17585,17585,17585,1
2026-02-11 08:50:00,17740,17740,17740,17740,3
2026-02-11 09:00:00,17775,17915,17775,17910,484
2026-02-11 09:10:00,17905,17905,17820,17820,43
2026-02-11 09:20:00,17810,17865,17810,17865,12
2026-02-11 09:30:00,17865,17865,17800,17800,21
2026-02-11 09:40:00,17845,17850,17835,17835,5
2026-02-11 10:00:00,17810,17810,17810,17810,3
2026-02-11 10:10:00,17830,17850,17830,17850,36
2026-02-11 10:20:00,17840,17845,17815,17820,53
2026-02-11 10:30:00,17845,17845,17820,17845,82
2026-02-11 10:40:00,17825,17945,17805,17945,184
2026-02-11 10:50:00,17940,17990,17900,17985,170
2026-02-11 11:00:00,17985,17985,17920,17920,14
2026-02-11 11:10:00,17950,17965,17950,17965,16
2026-02-11 11:20:00,17925,17925,17900,17925,28
2026-02-11 11:30:00,17930,17970,17930,17970,4
2026-02-11 11:40:00,17930,17930,17915,17915,18
2026-02-11 11:50:00,17895,17935,17895,17935,16
2026-02-11 12:00:00,17900,17925,17900,17900,8
2026-02-11 12:10:00,17900,17925,17890,17890,370
2026-02-11 12:20:00,17920,17920,17890,17890,4
2026-02-11 12:30:00,17890,17900,17890,17900,5
2026-02-11 12:40:00,17895,17900,17885,17900,10
2026-02-11 12:50:00,17915,17915,17905,17905,2
2026-02-11 13:00:00,17900,17905,17870,17870,54
2026-02-11 13:10:00,17900,17900,17900,17900,6
2026-02-11 13:20:00,17930,17935,17890,17895,20
2026-02-11 13:30:00,17905,17905,17880,17900,12
2026-02-11 13:40:00,17915,17935,17915,17935,2
2026-02-11 13:50:00,17945,17945,17925,17925,4
2026-02-11 14:00:00,17890,17910,17890,17910,3
2026-02-11 14:10:00,17915,17920,17895,17920,16
2026-02-11 14:20:00,17920,17945,17905,17945,13
2026-02-11 14:30:00,17915,17915,17915,17915,1
2026-02-11 14:40:00,17935,17960,17915,17955,26
2026-02-11 15:00:00,17920,17920,17920,17920,1
2026-02-11 15:10:00,17935,17970,17935,17970,10
2026-02-11 15:20:00,17955,17960,17930,17940,16
2026-02-11 15:30:00,17910,17910,17910,17910,3
2026-02-11 15:40:00,17905,17905,17880,17880,11
2026-02-11 15:50:00,17910,17935,17910,17935,3
2026-02-11 16:00:00,17940,17975,17915,17915,21
2026-02-11 16:10:00,17960,17960,17950,17950,6
2026-02-11 16:20:00,17965,17965,17895,17895,77
2026-02-11 16:30:00,17880,17890,17785,17890,39
2026-02-11 16:40:00,17885,17920,17885,17915,13
2026-02-11 16:50:00,17925,17970,17925,17950,4
2026-02-11 17:00:00,17965,17985,17955,17955,8
2026-02-11 17:10:00,17980,18020,17980,17990,74
2026-02-11 17:20:00,17980,17980,17930,17930,16
2026-02-11 17:30:00,17875,17875,17875,17875,3
2026-02-11 17:40:00,17855,17865,17835,17840,131
2026-02-11 17:50:00,17885,17900,17865,17900,39
2026-02-11 18:00:00,17930,17935,17930,17935,10
2026-02-11 18:20:00,17910,17910,17870,17880,20
2026-02-11 18:30:00,17905,17905,17830,17830,7
2026-02-11 18:40:00,17825,17825,17825,17825,23
2026-02-11 19:00:00,17820,17820,17815,17815,3
2026-02-11 19:10:00,17850,17855,17850,17855,4
2026-02-11 19:20:00,17940,17940,17940,17940,1
2026-02-11 19:40:00,17915,17955,17915,17920,4
2026-02-11 19:50:00,17965,17970,17965,17970,7
2026-02-11 20:00:00,17960,17960,17960,17960,1
2026-02-11 20:10:00,18000,18000,18000,18000,8
2026-02-11 20:20:00,18020,18025,18020,18025,3
2026-02-11 20:30:00,18065,18095,18035,18085,77
2026-02-11 20:40:00,18085,18085,18050,18085,26
2026-02-11 20:50:00,18085,18085,18085,18085,6
2026-02-11 21:00:00,18095,18095,18085,18095,71
2026-02-11 21:10:00,18090,18090,18020,18020,482
2026-02-11 21:20:00,18025,18070,18010,18060,45
2026-02-11 21:30:00,18055,18060,18015,18055,29
2026-02-11 21:40:00,18055,18075,18010,18075,18
2026-02-11 21:50:00,18070,18075,18070,18075,6
2026-02-11 22:00:00,18100,18100,18100,18100,15
2026-02-11 22:10:00,18100,18100,18100,18100,1
2026-02-11 22:20:00,18100,18100,18100,18100,9
2026-02-11 22:30:00,18100,18100,18100,18100,12
2026-02-11 22:50:00,18100,18100,18100,18100,45
2026-02-11 23:00:00,18100,18125,18100,18125,45
2026-02-11 23:20:00,18125,18125,18125,18125,2
2026-02-11 23:30:00,18130,18260,18130,18260,30
2026-02-11 23:40:00,18095,18210,18090,18210,6
2026-02-12 08:50:00,18105,18105,18105,18105,10
2026-02-12 09:00:00,18105,18105,17975,17975,64
2026-02-12 09:10:00,18000,18010,17975,17975,6
2026-02-12 09:20:00,17970,18005,17970,18000,12
2026-02-12 09:30:00,17950,17980,17950,17975,5
2026-02-12 09:40:00,17980,17980,17980,17980,1
2026-02-12 09:50:00,17940,17940,17915,17940,13
2026-02-12 10:00:00,17940,17940,17935,17940,28
2026-02-12 10:10:00,17945,17965,17905,17950,21
2026-02-12 10:20:00,17965,17965,17965,17965,3
2026-02-12 10:30:00,17965,17965,17965,17965,1
2026-02-12 10:50:00,17950,17950,17905,17905,49
2026-02-12 11:00:00,17910,17910,17845,17845,132
2026-02-12 11:10:00,17890,17890,17835,17835,25
2026-02-12 11:20:00,17890,17910,17890,17905,12
2026-02-12 11:30:00,17890,17890,17890,17890,3
2026-02-12 11:40:00,17865,17920,17865,17920,6
2026-02-12 11:50:00,17910,17910,17870,17870,12
2026-02-12 12:00:00,17850,17880,17830,17845,47
2026-02-12 12:10:00,17840,17840,17780,17790,27
2026-02-12 12:20:00,17790,17810,17785,17790,10
2026-02-12 12:30:00,17805,17805,17805,17805,3
2026-02-12 12:40:00,17815,17815,17800,17800,53
2026-02-12 12:50:00,17790,17790,17790,17790,1
2026-02-12 13:00:00,17775,17775,17740,17740,12
2026-02-12 13:10:00,17750,17750,17750,17750,1
2026-02-12 13:20:00,17785,17785,17770,17770,7
2026-02-12 13:30:00,17770,17770,17740,17740,6
2026-02-12 13:40:00,17740,17740,17740,17740,1
2026-02-12 13:50:00,17740,17740,17740,17740,46
2026-02-12 14:00:00,17720,17740,17720,17730,37
2026-02-12 14:10:00,17725,17750,17700,17750,67
2026-02-12 14:20:00,17745,17745,17745,17745,1
2026-02-12 14:30:00,17730,17730,17705,17705,12
2026-02-12 14:40:00,17700,17700,17660,17680,29
2026-02-12 14:50:00,17705,17705,17700,17700,25
2026-02-12 15:00:00,17700,17715,17700,17700,6
2026-02-12 15:10:00,17700,17700,17700,17700,4
2026-02-12 15:20:00,17705,17705,17680,17700,9
2026-02-12 15:30:00,17720,17720,17720,17720,1
2026-02-12 15:40:00,17715,17715,17715,17715,1
2026-02-12 15:50:00,17695,17695,17665,17665,35
2026-02-12 16:00:00,17660,17725,17660,17715,12
2026-02-12 16:10:00,17695,17695,17620,17620,41
2026-02-12 16:20:00,17615,17615,17570,17580,67
2026-02-12 16:30:00,17585,17590,17560,17590,54
2026-02-12 16:40:00,17580,17580,17505,17530,49
2026-02-12 16:50:00,17530,17620,17530,17620,38
2026-02-12 17:00:00,17620,17690,17620,17660,15
2026-02-12 17:10:00,17640,17640,17585,17585,12
2026-02-12 17:20:00,17585,17585,17505,17530,37
2026-02-12 17:30:00,17515,17575,17515,17540,12
2026-02-12 17:40:00,17560,17560,17525,17560,3
2026-02-12 17:50:00,17505,17505,17445,17445,184
2026-02-12 18:00:00,17495,17500,17480,17480,16
2026-02-12 18:10:00,17450,17510,17430,17510,46
2026-02-12 18:20:00,17480,17480,17480,17480,1
2026-02-12 18:30:00,17480,17480,17380,17385,224
2026-02-12 18:40:00,17435,17485,17435,17485,25
2026-02-12 19:00:00,17470,17470,17420,17465,9
2026-02-12 19:10:00,17400,17465,17375,17420,372
2026-02-12 19:20:00,17420,17420,17255,17290,117
2026-02-12 19:30:00,17295,17330,17295,17315,32
2026-02-12 19:40:00,17375,17375,17295,17295,19
2026-02-12 19:50:00,17310,17355,17300,17310,51
2026-02-12 20:00:00,17325,17335,17300,17335,24
2026-02-12 20:10:00,17305,17305,17245,17305,80
2026-02-12 20:20:00,17305,17445,17290,17290,33
2026-02-12 20:30:00,17335,17375,17285,17375,169
2026-02-12 20:40:00,17360,17360,17325,17325,52
2026-02-12 20:50:00,17350,17370,17345,17350,17
2026-02-12 21:00:00,17325,17325,17255,17260,28
2026-02-12 21:10:00,17255,17260,17215,17255,20
2026-02-12 21:20:00,17255,17265,17205,17205,59
2026-02-12 21:30:00,17230,17230,17230,17230,42
2026-02-12 21:40:00,17260,17260,17260,17260,1
2026-02-12 21:50:00,17255,17290,17255,17255,49
2026-02-12 22:00:00,17300,17305,17300,17305,4
2026-02-12 22:10:00,17315,17315,17315,17315,2
2026-02-12 22:20:00,17320,17365,17320,17365,6
2026-02-12 22:30:00,17375,17375,17375,17375,1
2026-02-12 22:40:00,17370,17370,17370,17370,1
2026-02-12 22:50:00,17375,17375,17375,17375,3
2026-02-12 23:00:00,17370,17370,17370,17370,2
2026-02-12 23:20:00,17345,17345,17345,17345,2
2026-02-12 23:40:00,17370,17380,17360,17360,14
2026-02-13 08:50:00,17325,17325,17325,17325,10
2026-02-13 09:00:00,17325,17325,17160,17230,115
2026-02-13 09:30:00,17180,17200,17170,17200,3
2026-02-13 09:50:00,17205,17380,17205,17260,47
2026-02-13 10:00:00,17255,17275,17205,17275,13
2026-02-13 10:10:00,17285,17290,17285,17290,50
2026-02-13 10:20:00,17290,17300,17260,17260,8
2026-02-13 10:30:00,17260,17260,17260,17260,6
2026-02-13 10:50:00,17295,17295,17295,17295,1
2026-02-13 11:00:00,17260,17260,17190,17190,44
2026-02-13 11:10:00,17180,17180,17160,17160,12
2026-02-13 11:20:00,17155,17170,17100,17110,170
2026-02-13 11:30:00,17110,17165,17095,17130,92
2026-02-13 11:40:00,17135,17140,17085,17100,45
2026-02-13 11:50:00,17130,17140,17130,17140,2
2026-02-13 12:00:00,17105,17120,17100,17115,15
2026-02-13 12:10:00,17090,17100,17080,17100,260
2026-02-13 12:20:00,17110,17110,17105,17105,2
2026-02-13 12:30:00,17080,17095,17025,17055,183
2026-02-13 12:40:00,17080,17080,17050,17050,15
2026-02-13 12:50:00,17045,17045,17025,17025,16
2026-02-13 13:00:00,17035,17035,17030,17030,15
2026-02-13 13:10:00,17065,17065,17065,17065,5
2026-02-13 13:20:00,17060,17060,17060,17060,7
2026-02-13 13:30:00,17065,17065,17025,17025,12
2026-02-13 13:40:00,17050,17050,17005,17005,73
2026-02-13 13:50:00,17000,17020,16970,17020,109
2026-02-13 14:00:00,16995,16995,16960,16965,25
2026-02-13 14:10:00,17005,17030,17000,17030,8
2026-02-13 14:20:00,17035,17035,16965,17000,108
2026-02-13 14:30:00,16990,16990,16990,16990,25
2026-02-13 14:40:00,16965,16965,16935,16940,15
2026-02-13 14:50:00,16910,16950,16870,16950,54
2026-02-13 15:00:00,16935,16935,16890,16890,22
2026-02-13 15:10:00,16895,16925,16895,16925,357
2026-02-13 15:20:00,16945,16985,16945,16980,20
2026-02-13 15:30:00,16975,16985,16975,16985,4
2026-02-13 15:40:00,17000,17050,17000,17025,28
2026-02-13 15:50:00,17040,17060,17040,17060,24
2026-02-13 16:00:00,17065,17090,17015,17015,90
2026-02-13 16:10:00,16960,16960,16935,16935,2
2026-02-13 16:20:00,16940,16995,16930,16995,16
2026-02-13 16:30:00,17040,17040,16980,16980,153
2026-02-13 17:00:00,16940,16975,16925,16925,44
2026-02-13 17:10:00,16930,16930,16920,16920,13
2026-02-13 17:30:00,16920,17020,16920,16995,8
2026-02-13 17:40:00,16930,16970,16915,16965,37
2026-02-13 17:50:00,16920,16920,16905,16905,28
2026-02-13 18:00:00,16900,16930,16880,16930,21
2026-02-13 18:10:00,16955,16955,16955,16955,1
2026-02-13 18:20:00,16950,17025,16910,17020,17
2026-02-13 18:30:00,16985,17110,16980,17110,52
2026-02-13 18:40:00,17035,17090,17035,17090,7
2026-02-13 19:00:00,17050,17050,17050,17050,5
2026-02-13 19:10:00,17050,17050,17010,17040,31
2026-02-13 19:20:00,17055,17060,17050,17050,19
2026-02-13 19:30:00,17050,17050,17025,17025,4
2026-02-13 19:40:00,17010,17010,17010,17010,1
2026-02-13 20:10:00,17065,17070,17065,17070,2
2026-02-13 20:20:00,17080,17080,17080,17080,1
2026-02-13 20:30:00,17065,17065,17040,17040,33
2026-02-13 20:40:00,17010,17010,16995,17010,6
2026-02-13 20:50:00,17035,17070,17035,17035,8
2026-02-13 21:00:00,17060,17060,17060,17060,1
2026-02-13 21:10:00,17035,17050,17035,17045,8
2026-02-13 21:20:00,17050,17050,17050,17050,51
2026-02-13 21:30:00,17050,17050,17005,17005,25
2026-02-13 21:40:00,17000,17060,17000,17045,95
2026-02-13 21:50:00,17050,17050,16985,16985,27
2026-02-13 22:00:00,17060,17060,17060,17060,1
2026-02-13 22:20:00,17120,17150,17055,17120,43
2026-02-13 22:30:00,17115,17115,17110,17110,4
2026-02-13 22:50:00,17110,17170,17110,17120,14
2026-02-13 23:10:00,17120,17150,17110,17150,6
2026-02-13 23:40:00,17115,17125,16985,16985,51
2026-02-16 09:00:00,17005,17005,17005,17005,1
2026-02-16 09:10:00,16975,17000,16885,16955,151
2026-02-16 09:40:00,16960,16960,16960,16960,1
2026-02-16 09:50:00,17120,17120,17120,17120,1
2026-02-16 10:00:00,17040,17140,17040,17140,10
2026-02-16 10:10:00,17120,17120,17010,17010,4
2026-02-16 10:30:00,17010,17010,16955,16955,6
2026-02-16 10:40:00,16955,16990,16955,16990,21
2026-02-16 10:50:00,16990,16990,16990,16990,1
2026-02-16 11:00:00,17015,17015,17015,17015,4
2026-02-16 11:20:00,16960,16960,16955,16955,23
2026-02-16 11:30:00,16975,16980,16975,16980,5
2026-02-16 12:00:00,16990,16990,16990,16990,1
2026-02-16 12:10:00,16990,16990,16960,16960,10
2026-02-16 12:20:00,16995,17000,16995,17000,5
2026-02-16 12:30:00,17030,17030,17010,17010,2
2026-02-16 12:40:00,17030,17030,17030,17030,1
2026-02-16 12:50:00,16965,17025,16965,17015,133
2026-02-16 13:00:00,17035,17035,17035,17035,2
2026-02-16 13:10:00,17005,17005,17005,17005,2
2026-02-16 13:20:00,17025,17030,17025,17030,50
2026-02-16 13:30:00,16995,16995,16995,16995,26
2026-02-16 13:50:00,17040,17045,17040,17045,6
2026-02-16 14:00:00,17070,17080,17070,17080,8
2026-02-16 14:40:00,17080,17080,17075,17075,54
2026-02-16 14:50:00,17055,17055,17055,17055,4
2026-02-16 15:00:00,17045,17045,17025,17025,35
2026-02-16 15:30:00,17025,17025,17025,17025,1
2026-02-16 15:40:00,17015,17040,17015,17040,8
2026-02-16 15:50:00,17040,17040,17040,17040,19
2026-02-16 16:00:00,17000,17000,17000,17000,2
2026-02-16 16:10:00,16965,16965,16965,16965,6
2026-02-16 16:20:00,16975,16975,16975,16975,1
2026-02-16 16:30:00,16980,16980,16980,16980,25
2026-02-16 16:40:00,16985,16985,16985,16985,1
2026-02-16 16:50:00,17030,17030,17030,17030,1
2026-02-16 17:00:00,17030,17040,17020,17020,62
2026-02-16 17:10:00,17050,17080,17050,17080,10
2026-02-16 17:20:00,17035,17080,17035,17080,9
2026-02-16 17:30:00,17080,17120,17080,17120,12
2026-02-16 17:40:00,17120,17140,17120,17140,649
2026-02-16 17:50:00,17130,17155,17125,17125,81
2026-02-16 18:00:00,17145,17175,17145,17145,15
2026-02-16 18:10:00,17145,17150,17145,17150,2
2026-02-16 18:20:00,17170,17175,17170,17175,7
2026-02-16 18:30:00,17175,17200,17175,17195,36
2026-02-16 18:40:00,17200,17200,17200,17200,2
2026-02-16 19:00:00,17170,17170,17115,17115,20
2026-02-16 19:20:00,17145,17150,17145,17150,3
2026-02-16 19:30:00,17140,17140,17140,17140,1
2026-02-16 19:40:00,17110,17110,17110,17110,100
2026-02-16 20:00:00,17120,17120,17120,17120,5
2026-02-16 20:10:00,17120,17120,17120,17120,1
2026-02-16 20:40:00,17125,17125,17125,17125,1
2026-02-16 20:50:00,17130,17130,17130,17130,5
2026-02-16 21:30:00,17160,17160,17160,17160,5
2026-02-16 21:40:00,17180,17180,17180,17180,2
2026-02-16 21:50:00,17195,17195,17195,17195,5
2026-02-16 22:00:00,17165,17165,17165,17165,5
2026-02-16 22:20:00,17195,17195,17195,17195,6
2026-02-16 23:10:00,17200,17295,17200,17200,42
2026-02-16 23:20:00,17260,17290,17260,17290,10
2026-02-17 09:00:00,17140,17140,17070,17075,512
2026-02-17 09:50:00,17115,17115,17115,17115,9
2026-02-17 10:00:00,17080,17080,17075,17080,82
2026-02-17 10:10:00,17075,17075,17075,17075,2
2026-02-17 10:20:00,17075,17075,17075,17075,1
2026-02-17 10:40:00,17095,17100,17095,17100,2
2026-02-17 11:00:00,17075,17100,17075,17100,11
2026-02-17 11:10:00,17050,17050,16955,16955,82
2026-02-17 11:20:00,16980,16980,16960,16960,7
2026-02-17 11:30:00,16960,16965,16960,16965,3
2026-02-17 12:00:00,16980,16980,16970,16980,3
2026-02-17 12:10:00,16960,16990,16960,16990,6
2026-02-17 12:30:00,16955,16975,16950,16975,9
2026-02-17 12:40:00,16950,16950,16915,16915,15
2026-02-17 12:50:00,16935,16950,16935,16950,9
2026-02-17 13:10:00,16920,16920,16920,16920,3
2026-02-17 13:30:00,16955,16955,16955,16955,1
2026-02-17 13:40:00,16935,16935,16885,16885,29
2026-02-17 13:50:00,16925,16925,16925,16925,1
2026-02-17 14:10:00,16930,16930,16930,16930,1
2026-02-17 14:30:00,16900,16900,16895,16895,45
2026-02-17 14:40:00,16890,16910,16880,16910,5
2026-02-17 15:10:00,16915,16915,16905,16905,16
2026-02-17 15:20:00,16930,16965,16930,16965,3
2026-02-17 15:40:00,16940,16940,16930,16940,6
2026-02-17 15:50:00,16900,16900,16895,16895,21
2026-02-17 16:00:00,16890,16905,16855,16855,290
2026-02-17 16:10:00,16855,16900,16855,16870,136
2026-02-17 16:20:00,16885,16915,16885,16915,7
2026-02-17 16:50:00,16930,16950,16930,16950,35
2026-02-17 17:00:00,16920,16970,16885,16970,27
2026-02-17 17:10:00,16970,16995,16970,16995,4
2026-02-17 17:30:00,16970,16970,16940,16940,29
2026-02-17 17:40:00,17000,17000,17000,17000,3
2026-02-17 17:50:00,16935,16945,16890,16890,79
2026-02-17 18:00:00,16930,16935,16895,16930,56
2026-02-17 18:10:00,16895,16930,16895,16930,23
2026-02-17 18:20:00,16910,16940,16910,16915,45
2026-02-17 18:30:00,16955,16955,16885,16920,32
2026-02-17 18:40:00,16925,16925,16925,16925,1
2026-02-17 19:00:00,16915,16920,16915,16920,10
2026-02-17 19:10:00,16875,16895,16865,16865,9
2026-02-17 19:20:00,16870,16925,16870,16925,6
2026-02-17 19:30:00,16880,16880,16880,16880,1
2026-02-17 19:40:00,16855,16865,16855,16865,8
2026-02-17 19:50:00,16840,16875,16815,16865,40
2026-02-17 20:00:00,16820,16820,16820,16820,8
2026-02-17 20:10:00,16830,16830,16830,16830,1
2026-02-17 20:20:00,16810,16835,16800,16800,15
2026-02-17 20:40:00,16815,16835,16800,16800,9
2026-02-17 20:50:00,16835,16835,16835,16835,1
2026-02-17 21:10:00,16830,16830,16830,16830,1
2026-02-17 21:20:00,16840,16840,16840,16840,4
2026-02-17 21:50:00,16835,16835,16835,16835,4
2026-02-17 22:10:00,16810,16810,16810,16810,1
2026-02-17 22:40:00,16810,16810,16810,16810,6
2026-02-17 23:00:00,16810,16815,16810,16815,2
2026-02-17 23:10:00,16815,16815,16815,16815,1
2026-02-17 23:20:00,16815,16815,16815,16815,3
2026-02-18 09:00:00,16880,16930,16880,16910,11
2026-02-18 09:10:00,16910,16910,16910,16910,2
2026-02-18 09:30:00,16930,16930,16930,16930,1
2026-02-18 09:50:00,16950,16975,16950,16975,26
2026-02-18 10:00:00,16925,16925,16925,16925,1
2026-02-18 10:10:00,16925,16925,16920,16920,5
2026-02-18 11:00:00,16940,16940,16940,16940,1
2026-02-18 11:10:00,16945,16950,16935,16935,13
2026-02-18 11:20:00,16925,16925,16870,16870,10
2026-02-18 11:30:00,16870,16900,16870,16900,10
2026-02-18 11:50:00,16850,16895,16850,16895,3
2026-02-18 12:00:00,16920,16930,16920,16930,5
2026-02-18 12:10:00,16945,16950,16920,16920,4
2026-02-18 12:20:00,16910,16910,16910,16910,2
2026-02-18 12:40:00,16920,16920,16920,16920,8
2026-02-18 12:50:00,16895,16895,16890,16890,9
2026-02-18 13:00:00,16895,16925,16895,16925,6
2026-02-18 13:10:00,16950,16950,16950,16950,1
2026-02-18 13:30:00,16970,17000,16970,17000,6
2026-02-18 13:40:00,16960,16960,16935,16935,77
2026-02-18 14:00:00,16950,16950,16950,16950,1
2026-02-18 14:20:00,16990,17000,16990,17000,6
2026-02-18 14:30:00,17010,17030,17010,17030,20
2026-02-18 14:40:00,17030,17035,17030,17035,2
2026-02-18 14:50:00,16965,17010,16960,17010,89
2026-02-18 15:10:00,17030,17030,17030,17030,7
2026-02-18 15:20:00,17015,17015,17000,17000,2
2026-02-18 15:30:00,17010,17010,17010,17010,5
2026-02-18 15:40:00,17035,17050,17035,17035,21
2026-02-18 16:00:00,17040,17070,17035,17070,15
2026-02-18 16:10:00,17080,17150,17065,17150,59
2026-02-18 16:20:00,17150,17200,17150,17190,14
2026-02-18 16:30:00,17190,17240,17090,17190,40
2026-02-18 16:40:00,17190,17190,17190,17190,2
2026-02-18 16:50:00,17200,17250,17200,17215,14
2026-02-18 17:00:00,17210,17210,17205,17205,5
2026-02-18 17:10:00,17160,17160,17130,17130,122
2026-02-18 17:20:00,17130,17180,17130,17180,5
2026-02-18 17:30:00,17150,17230,17150,17230,13
2026-02-18 17:40:00,17240,17250,17225,17250,16
2026-02-18 17:50:00,17245,17290,17235,17290,24
2026-02-18 18:00:00,17295,17320,17285,17305,50
2026-02-18 18:10:00,17270,17355,17270,17355,144
2026-02-18 18:20:00,17355,17355,17320,17350,50
2026-02-18 18:30:00,17310,17315,17310,17315,30
2026-02-18 18:40:00,17270,17270,17265,17265,3
2026-02-18 19:00:00,17320,17320,17320,17320,1
2026-02-18 19:20:00,17320,17355,17310,17355,121
2026-02-18 19:40:00,17385,17385,17380,17380,35
2026-02-18 19:50:00,17390,17395,17385,17395,26
2026-02-18 20:00:00,17395,17435,17395,17435,52
2026-02-18 20:10:00,17385,17385,17385,17385,1
2026-02-18 20:20:00,17410,17440,17410,17435,256
2026-02-18 20:30:00,17400,17400,17400,17400,3
2026-02-18 20:40:00,17440,17450,17440,17450,103
2026-02-18 20:50:00,17450,17450,17450,17450,38
2026-02-18 21:00:00,17475,17475,17475,17475,1
2026-02-18 21:10:00,17475,17475,17475,17475,2
2026-02-18 21:20:00,17465,17465,17450,17450,24
2026-02-18 21:30:00,17450,17475,17435,17470,54
2026-02-18 21:40:00,17475,17475,17475,17475,6
2026-02-18 21:50:00,17460,17460,17420,17420,12
2026-02-18 22:00:00,17405,17405,17405,17405,21
2026-02-18 22:10:00,17390,17390,17390,17390,5
2026-02-18 22:20:00,17380,17380,17220,17325,133
2026-02-18 22:30:00,17285,17325,17255,17255,16
2026-02-18 22:40:00,17255,17265,17255,17265,3
2026-02-18 22:50:00,17255,17285,17255,17285,3
2026-02-18 23:00:00,17285,17285,17285,17285,11
2026-02-18 23:10:00,17260,17260,17260,17260,3
2026-02-18 23:30:00,17255,17270,17255,17270,2
2026-02-18 23:40:00,17300,17375,17300,17375,5
2026-02-19 09:00:00,17450,17485,17340,17450,136
2026-02-19 09:10:00,17450,17455,17450,17455,7
2026-02-19 09:20:00,17455,17545,17455,17545,48
2026-02-19 09:30:00,17545,17545,17545,17545,6
2026-02-19 09:40:00,17525,17525,17525,17525,5
2026-02-19 09:50:00,17540,17540,17540,17540,2
2026-02-19 10:00:00,17540,17540,17480,17480,35
2026-02-19 10:10:00,17510,17540,17510,17535,4
2026-02-19 10:40:00,17510,17510,17485,17485,10
2026-02-19 10:50:00,17470,17515,17460,17460,16
2026-02-19 11:00:00,17505,17520,17480,17480,9
2026-02-19 11:10:00,17435,17435,17435,17435,6
2026-02-19 11:20:00,17390,17390,17325,17325,113
2026-02-19 11:30:00,17340,17395,17315,17375,6
2026-02-19 11:40:00,17380,17395,17380,17395,13
2026-02-19 11:50:00,17405,17405,17405,17405,1
2026-02-19 12:00:00,17395,17460,17390,17460,16
2026-02-19 12:30:00,17465,17465,17420,17420,2
2026-02-19 12:40:00,17420,17420,17385,17385,9
2026-02-19 12:50:00,17345,17345,17345,17345,1
2026-02-19 13:10:00,17345,17345,17325,17325,110
2026-02-19 13:20:00,17325,17340,17280,17340,268
2026-02-19 13:40:00,17320,17325,17320,17325,7
2026-02-19 13:50:00,17340,17340,17340,17340,3
2026-02-19 14:40:00,17300,17300,17300,17300,1
2026-02-19 14:50:00,17300,17300,17265,17300,44
2026-02-19 15:00:00,17255,17290,17255,17290,11
2026-02-19 15:20:00,17280,17285,17245,17265,5
2026-02-19 15:40:00,17270,17290,17270,17285,14
2026-02-19 16:00:00,17250,17250,17140,17155,141
2026-02-19 16:10:00,17195,17195,17190,17190,4
2026-02-19 16:20:00,17195,17195,17195,17195,1
2026-02-19 16:30:00,17200,17200,17200,17200,1
2026-02-19 16:40:00,17210,17210,17210,17210,6
2026-02-19 16:50:00,17215,17255,17215,17255,7
2026-02-19 17:00:00,17195,17235,17195,17235,8
2026-02-19 17:10:00,17210,17210,17210,17210,1
2026-02-19 17:30:00,17185,17185,17185,17185,9
2026-02-19 17:40:00,17155,17155,17155,17155,2
2026-02-19 17:50:00,17175,17175,17175,17175,1
2026-02-19 18:00:00,17205,17210,17205,17210,3
2026-02-19 18:10:00,17245,17250,17245,17250,11
2026-02-19 18:20:00,17230,17295,17210,17295,15
2026-02-19 18:30:00,17300,17305,17300,17305,55
2026-02-19 18:40:00,17275,17275,17275,17275,1
2026-02-19 19:10:00,17265,17265,17265,17265,1
2026-02-19 19:30:00,17255,17270,17250,17270,26
2026-02-19 19:50:00,17240,17260,17240,17260,24
2026-02-19 21:10:00,17280,17280,17280,17280,1
2026-02-19 23:30:00,17340,17350,17340,17350,2
2026-02-19 23:40:00,17355,17415,17335,17335,18
2026-02-20 09:00:00,17300,17325,17300,17325,2
2026-02-20 09:10:00,17300,17300,17300,17300,1
2026-02-20 09:30:00,17315,17315,17290,17290,12
2026-02-20 09:40:00,17295,17295,17270,17270,3
2026-02-20 09:50:00,17310,17310,17310,17310,1
2026-02-20 10:10:00,17330,17335,17330,17335,2
2026-02-20 10:30:00,17320,17360,17320,17360,2
2026-02-20 10:40:00,17360,17360,17360,17360,4
2026-02-20 10:50:00,17355,17355,17355,17355,2
2026-02-20 11:00:00,17310,17360,17295,17360,20
2026-02-20 11:10:00,17295,17295,17295,17295,8
2026-02-20 11:20:00,17290,17290,17285,17290,8
2026-02-20 11:30:00,17335,17335,17325,17325,9
2026-02-20 11:50:00,17315,17315,17315,17315,14
2026-02-20 12:00:00,17350,17355,17350,17355,11
2026-02-20 12:10:00,17320,17320,17310,17310,6
2026-02-20 12:20:00,17300,17300,17300,17300,20
2026-02-20 12:50:00,17305,17330,17305,17330,2
2026-02-20 13:00:00,17340,17340,17305,17305,13
2026-02-20 13:50:00,17340,17340,17340,17340,1
2026-02-20 14:00:00,17340,17340,17340,17340,2
2026-02-20 14:10:00,17345,17345,17345,17345,7
2026-02-20 14:20:00,17360,17360,17360,17360,1
2026-02-20 14:30:00,17320,17320,17310,17310,5
2026-02-20 15:00:00,17360,17360,17360,17360,2
2026-02-20 16:00:00,17320,17390,17320,17390,16
2026-02-20 16:10:00,17370,17415,17370,17415,4
2026-02-20 16:30:00,17385,17400,17385,17400,14
2026-02-20 16:40:00,17365,17365,17325,17340,25
2026-02-20 17:20:00,17335,17335,17315,17325,173
2026-02-20 17:40:00,17380,17380,17335,17335,41
2026-02-20 17:50:00,17355,17395,17345,17395,139
2026-02-20 18:00:00,17405,17415,17365,17410,91
2026-02-20 18:10:00,17435,17460,17425,17460,37
2026-02-20 18:20:00,17470,17475,17440,17440,4
2026-02-20 18:30:00,17440,17440,17440,17440,3
2026-02-20 18:40:00,17475,17500,17475,17500,8
2026-02-20 19:10:00,17380,17380,17280,17360,28
2026-02-20 19:20:00,17380,17380,17380,17380,1
2026-02-20 19:30:00,17335,17370,17335,17370,6
2026-02-20 19:40:00,17370,17405,17370,17405,33
2026-02-20 19:50:00,17385,17385,17385,17385,1
2026-02-20 20:00:00,17370,17415,17370,17380,66
2026-02-20 20:10:00,17365,17365,17365,17365,27
2026-02-20 20:20:00,17335,17360,17325,17360,63
2026-02-20 20:30:00,17375,17410,17375,17410,16
2026-02-20 20:40:00,17430,17430,17430,17430,12
2026-02-20 21:00:00,17450,17455,17450,17455,6
2026-02-20 21:10:00,17475,17495,17420,17420,32
2026-02-20 21:30:00,17430,17430,17425,17425,20
2026-02-20 21:50:00,17425,17425,17425,17425,1
2026-02-20 22:40:00,17435,17435,17435,17435,1
2026-02-20 23:10:00,17435,17435,17435,17435,1
2026-02-21 10:10:00,17445,17445,17445,17445,7
2026-02-21 10:20:00,17445,17450,17445,17450,7
2026-02-21 11:00:00,17370,17370,17370,17370,1
2026-02-21 11:20:00,17455,17470,17455,17470,2
2026-02-21 15:30:00,17450,17460,17450,17460,5
2026-02-22 11:00:00,17450,17485,17450,17485,2
2026-02-22 12:50:00,17365,17365,17360,17360,7
2026-02-22 14:40:00,17390,17390,17390,17390,2
2026-02-22 18:00:00,17460,17460,17460,17460,1
2026-02-22 18:10:00,17390,17390,17390,17390,3
2026-02-23 09:50:00,17455,17455,17455,17455,1
2026-02-23 10:00:00,17490,17565,17340,17340,8
2026-02-23 10:20:00,17470,17575,17470,17575,58
2026-02-23 10:30:00,17585,17585,17575,17580,50
2026-02-23 10:40:00,17535,17535,17530,17530,15
2026-02-23 10:50:00,17570,17580,17570,17580,26
2026-02-23 11:00:00,17560,17590,17545,17565,21
2026-02-23 11:20:00,17570,17600,17570,17600,41
2026-02-23 11:30:00,17620,17620,17620,17620,1
2026-02-23 11:40:00,17615,17615,17600,17600,5
2026-02-23 11:50:00,17600,17600,17575,17580,8
2026-02-23 12:00:00,17580,17590,17580,17590,5
2026-02-23 12:20:00,17630,17630,17630,17630,11
2026-02-23 12:40:00,17580,17580,17580,17580,6
2026-02-23 13:00:00,17580,17580,17465,17575,14
2026-02-23 13:10:00,17580,17585,17580,17585,21
2026-02-23 14:10:00,17530,17530,17505,17505,8
2026-02-23 14:20:00,17535,17535,17535,17535,8
2026-02-23 14:40:00,17565,17570,17565,17570,3
2026-02-23 15:10:00,17600,17600,17600,17600,1
2026-02-23 15:30:00,17575,17575,17575,17575,1
2026-02-23 15:40:00,17550,17550,17550,17550,1
2026-02-23 15:50:00,17550,17550,17550,17550,11
2026-02-23 16:20:00,17595,17620,17595,17620,10
2026-02-23 16:30:00,17565,17565,17525,17525,3
2026-02-23 16:40:00,17520,17520,17520,17520,1
2026-02-23 16:50:00,17520,17520,17515,17515,15
2026-02-23 17:00:00,17500,17500,17485,17485,4
2026-02-23 17:10:00,17475,17475,17425,17475,10
2026-02-23 17:20:00,17490,17490,17455,17455,2
2026-02-23 17:40:00,17500,17500,17500,17500,1
2026-02-23 17:50:00,17495,17500,17470,17470,19
2026-02-23 18:10:00,17465,17465,17430,17430,11
2026-02-23 18:40:00,17460,17460,17460,17460,1
2026-02-23 18:50:00,17430,17430,17420,17420,7
2026-02-24 09:00:00,17615,17735,17610,17735,125
2026-02-24 09:10:00,17760,17790,17725,17790,41
2026-02-24 09:20:00,17780,17780,17750,17750,107
2026-02-24 09:30:00,17750,17760,17710,17710,115
2026-02-24 09:40:00,17720,17720,17705,17705,45
2026-02-24 09:50:00,17705,17705,17705,17705,2
2026-02-24 10:00:00,17705,17725,17695,17710,30
2026-02-24 10:20:00,17705,17735,17685,17685,22
2026-02-24 10:30:00,17700,17700,17700,17700,2
2026-02-24 10:40:00,17700,17700,17700,17700,2
2026-02-24 10:50:00,17700,17705,17700,17700,3
2026-02-24 11:00:00,17665,17665,17655,17665,5
2026-02-24 11:10:00,17635,17635,17585,17585,14
2026-02-24 11:20:00,17625,17680,17625,17680,6
2026-02-24 11:30:00,17680,17685,17635,17635,3
2026-02-24 11:40:00,17685,17685,17670,17670,3
2026-02-24 11:50:00,17665,17685,17650,17685,38
2026-02-24 12:20:00,17675,17685,17675,17685,3
2026-02-24 12:40:00,17730,17750,17730,17750,6
2026-02-24 12:50:00,17745,17745,17745,17745,1
2026-02-24 13:10:00,17770,17780,17770,17775,8
2026-02-24 13:20:00,17760,17765,17760,17765,5
2026-02-24 13:30:00,17715,17715,17715,17715,1
2026-02-24 14:00:00,17725,17725,17715,17715,2
2026-02-24 14:10:00,17715,17715,17715,17715,2
2026-02-24 14:20:00,17735,17735,17735,17735,2
2026-02-24 14:30:00,17770,17770,17755,17755,3
2026-02-24 14:40:00,17755,17755,17755,17755,1
2026-02-24 14:50:00,17775,17775,17725,17725,9
2026-02-24 15:20:00,17715,17715,17705,17705,10
2026-02-24 15:30:00,17725,17730,17725,17730,2
2026-02-24 15:50:00,17745,17745,17715,17715,9
2026-02-24 16:00:00,17765,17880,17765,17880,57
2026-02-24 16:10:00,17885,17950,17885,17950,57
2026-02-24 16:20:00,17985,18035,17960,18020,95
2026-02-24 16:30:00,18045,18050,17945,17945,39
2026-02-24 16:40:00,17950,17985,17940,17970,48
2026-02-24 16:50:00,17930,17935,17895,17895,75
2026-02-24 17:00:00,17875,17920,17875,17920,37
2026-02-24 17:10:00,17900,17900,17790,17790,13
2026-02-24 17:20:00,17850,17925,17850,17900,9
2026-02-24 17:30:00,17900,17985,17895,17985,25
2026-02-24 17:40:00,17940,17975,17925,17950,38
2026-02-24 17:50:00,17990,18015,17965,17965,13
2026-02-24 18:00:00,18010,18040,18010,18040,17
2026-02-24 18:10:00,17985,18000,17815,18000,36
2026-02-24 18:20:00,17880,18040,16800,17940,980
2026-02-24 18:30:00,17910,17915,17910,17915,86
2026-02-24 18:40:00,17950,17950,17950,17950,2
2026-02-24 19:00:00,17950,17950,17925,17930,125
2026-02-24 19:10:00,17885,17885,17840,17855,8
2026-02-24 19:20:00,17855,17855,17855,17855,1
2026-02-24 19:30:00,17900,17900,17860,17885,16
2026-02-24 19:40:00,17880,17885,17880,17885,9
2026-02-24 20:00:00,17940,17975,17940,17975,9
2026-02-24 20:10:00,17975,17985,17945,17960,41
2026-02-24 20:30:00,17940,17940,17940,17940,20
2026-02-24 21:10:00,17910,17935,17910,17910,13
2026-02-24 21:20:00,17910,17910,17900,17900,5
2026-02-24 21:30:00,17890,17915,17890,17915,8
2026-02-24 21:40:00,17875,17905,17875,17905,2
2026-02-24 22:20:00,17845,17845,17825,17830,7
2026-02-24 22:30:00,17885,17895,17820,17820,18
2026-02-24 22:40:00,17825,17825,17825,17825,9
2026-02-24 22:50:00,17820,17820,17820,17820,4
2026-02-24 23:10:00,17815,17815,17815,17815,1
2026-02-24 23:30:00,17810,17810,17775,17775,8
2026-02-25 08:50:00,18060,18060,18020,18060,171
2026-02-25 09:00:00,18055,18100,17880,18035,566
2026-02-25 09:10:00,18080,18080,18035,18040,14
2026-02-25 09:20:00,18055,18055,18025,18025,6
2026-02-25 09:30:00,18060,18085,18055,18055,17
2026-02-25 09:40:00,18075,18085,18055,18055,25
2026-02-25 10:00:00,18055,18090,18055,18090,7
2026-02-25 10:10:00,18055,18060,18005,18050,27
2026-02-25 10:20:00,18010,18010,18005,18005,6
2026-02-25 10:30:00,17935,17935,17895,17895,23
2026-02-25 10:40:00,17875,17875,17870,17870,7
2026-02-25 10:50:00,17870,17875,17835,17835,130
2026-02-25 11:00:00,17850,17885,17825,17885,8
2026-02-25 11:10:00,17885,17895,17870,17895,10
2026-02-25 11:20:00,17870,17870,17855,17855,6
2026-02-25 11:30:00,17850,17850,17850,17850,1
2026-02-25 11:40:00,17855,17925,17855,17875,22
2026-02-25 11:50:00,17875,17910,17875,17875,7
2026-02-25 12:00:00,17880,17880,17845,17850,19
2026-02-25 12:10:00,17860,17860,17860,17860,3
2026-02-25 12:20:00,17885,17885,17885,17885,2
2026-02-25 12:30:00,17905,17915,17870,17870,12
2026-02-25 12:40:00,17880,17880,17795,17810,12
2026-02-25 12:50:00,17780,17780,17635,17730,70
2026-02-25 13:00:00,17720,17800,17715,17765,33
2026-02-25 13:10:00,17740,17760,17740,17760,4
2026-02-25 13:30:00,17765,17770,17765,17770,3
2026-02-25 13:40:00,17755,17765,17745,17745,15
2026-02-25 13:50:00,17745,17745,17725,17725,23
2026-02-25 14:10:00,17725,17725,17700,17725,26
2026-02-25 14:20:00,17700,17700,17615,17700,72
2026-02-25 14:30:00,17690,17690,17665,17665,7
2026-02-25 14:40:00,17690,17715,17690,17715,18
2026-02-25 14:50:00,17715,17715,17715,17715,6
2026-02-25 15:00:00,17715,17735,17715,17735,21
2026-02-25 15:20:00,17750,17750,17725,17750,6
2026-02-25 15:30:00,17750,17750,17750,17750,2
2026-02-25 15:40:00,17735,17765,17735,17765,3
2026-02-25 15:50:00,17765,17810,17765,17810,18
2026-02-25 16:00:00,17815,17930,17815,17905,86
2026-02-25 16:10:00,17885,17935,17885,17935,8
2026-02-25 16:20:00,17960,17980,17930,17980,8
2026-02-25 16:30:00,17935,17945,17935,17945,25
2026-02-25 16:40:00,17935,17970,17900,17900,11
2026-02-25 16:50:00,17925,17925,17900,17900,36
2026-02-25 17:00:00,17915,17965,17915,17965,11
2026-02-25 17:10:00,17920,17935,17920,17935,7
2026-02-25 17:20:00,17910,17910,17910,17910,1
2026-02-25 17:30:00,17900,17900,17850,17890,7
2026-02-25 17:40:00,17890,17920,17890,17920,12
2026-02-25 17:50:00,17900,18025,17895,18005,40
2026-02-25 18:00:00,18015,18030,18010,18030,6
2026-02-25 18:10:00,17995,17995,17970,17970,8
2026-02-25 18:20:00,17995,18000,17980,17980,50
2026-02-25 18:30:00,17980,17980,17980,17980,34
2026-02-25 18:40:00,17980,17980,17980,17980,5
2026-02-25 19:00:00,17990,18030,17990,18030,2
2026-02-25 19:10:00,18035,18060,18030,18035,38
2026-02-25 19:20:00,18085,18085,18085,18085,7
2026-02-25 19:30:00,18040,18040,18040,18040,1
2026-02-25 19:50:00,18080,18085,18040,18040,14
2026-02-25 20:00:00,18080,18085,18080,18085,10
2026-02-25 20:20:00,18070,18070,18040,18040,35
2026-02-25 20:30:00,18035,18035,18005,18005,7
2026-02-25 20:50:00,18000,18000,18000,18000,1
2026-02-25 21:10:00,18025,18035,17980,17985,40
2026-02-25 21:20:00,18025,18025,18025,18025,2
2026-02-25 21:30:00,18035,18035,17990,17990,3
2026-02-25 21:50:00,17995,18040,17995,18040,48
2026-02-25 22:00:00,18015,18015,18015,18015,1
2026-02-25 22:20:00,17985,17985,17970,17970,5
2026-02-25 22:50:00,18020,18065,18020,18065,10
2026-02-25 23:40:00,18040,18040,17990,17990,8
2026-02-26 09:00:00,17990,17990,17990,17990,3
2026-02-26 09:10:00,18000,18000,17960,17960,4
2026-02-26 09:40:00,17985,18020,17985,18020,7
2026-02-26 09:50:00,17975,17975,17975,17975,1
2026-02-26 10:00:00,17975,17975,17965,17965,3
2026-02-26 10:10:00,17955,17955,17925,17925,22
2026-02-26 10:20:00,17935,17935,17935,17935,2
2026-02-26 10:30:00,17890,17890,17890,17890,5
2026-02-26 11:00:00,17850,17860,17815,17825,70
2026-02-26 11:10:00,17820,17835,17815,17835,26
2026-02-26 11:30:00,17820,17840,17820,17840,3
2026-02-26 11:40:00,17880,17920,17880,17920,32
2026-02-26 11:50:00,17930,17930,17900,17900,6
2026-02-26 12:00:00,17895,17895,17795,17795,74
2026-02-26 12:10:00,17830,17835,17830,17835,2
2026-02-26 12:20:00,17805,17805,17805,17805,1
2026-02-26 12:30:00,17830,17840,17830,17840,3
2026-02-26 12:40:00,17815,17815,17805,17805,2
2026-02-26 12:50:00,17810,17845,17805,17845,27
2026-02-26 13:00:00,17850,17855,17850,17855,16
2026-02-26 13:10:00,17860,17860,17860,17860,2
2026-02-26 13:30:00,17845,17845,17825,17825,2
2026-02-26 13:40:00,17850,17850,17850,17850,16
2026-02-26 13:50:00,17845,17870,17830,17830,39
2026-02-26 14:00:00,17840,17840,17840,17840,1
2026-02-26 14:10:00,17805,17860,17805,17860,3
2026-02-26 14:20:00,17855,17860,17840,17840,34
2026-02-26 14:30:00,17835,17835,17830,17835,14
2026-02-26 14:50:00,17805,17805,17775,17775,101
2026-02-26 15:00:00,17755,17795,17725,17795,13
2026-02-26 15:10:00,17770,17770,17760,17760,3
2026-02-26 15:20:00,17780,17810,17780,17810,4
2026-02-26 15:30:00,17800,17800,17795,17795,3
2026-02-26 16:00:00,17835,17845,17645,17645,78
2026-02-26 16:10:00,17670,17695,17650,17695,6
2026-02-26 16:20:00,17715,17715,17715,17715,7
2026-02-26 16:30:00,17750,17750,17750,17750,1
2026-02-26 17:00:00,17695,17695,17695,17695,1
2026-02-26 17:30:00,17715,17720,17680,17720,81
2026-02-26 17:40:00,17700,17700,17690,17690,26
2026-02-26 18:00:00,17710,17710,17710,17710,2
2026-02-26 18:10:00,17675,17675,17665,17665,4
2026-02-26 18:20:00,17670,17670,17585,17585,10
2026-02-26 18:30:00,17590,17590,17585,17585,10
2026-02-26 18:40:00,17650,17655,17650,17655,6
2026-02-26 19:00:00,17720,17725,17680,17680,56
2026-02-26 19:10:00,17680,17695,17650,17650,4
2026-02-26 19:20:00,17710,17710,17710,17710,6
2026-02-26 19:50:00,17720,17720,17720,17720,1
2026-02-26 20:00:00,17700,17700,17700,17700,23
2026-02-26 20:20:00,17720,17720,17720,17720,1
2026-02-26 21:50:00,17705,17735,17705,17735,39
2026-02-26 22:30:00,17760,17760,17725,17725,2
2026-02-26 22:40:00,17750,17755,17750,17755,5
2026-02-26 23:20:00,17765,17770,17765,17770,6
2026-02-26 23:30:00,17790,17790,17770,17770,8
2026-02-26 23:40:00,17815,17815,17750,17750,3
2026-02-27 09:00:00,17815,17905,17815,17900,83
2026-02-27 09:10:00,17855,17875,17855,17875,3
2026-02-27 09:20:00,17905,17990,17905,17905,19
2026-02-27 09:40:00,17875,17905,17875,17905,5
2026-02-27 09:50:00,17925,17990,17925,17990,37
2026-02-27 10:10:00,17950,17985,17935,17985,11
2026-02-27 10:20:00,17930,17950,17925,17950,20
2026-02-27 10:40:00,17960,17960,17960,17960,2
2026-02-27 10:50:00,17935,17935,17935,17935,1
2026-02-27 11:10:00,17875,17900,17845,17900,33
2026-02-27 11:30:00,17835,17835,17790,17800,12
2026-02-27 12:10:00,17870,17945,17870,17945,6
2026-02-27 12:20:00,17875,17875,17870,17870,3
2026-02-27 12:30:00,17895,17895,17890,17890,2
2026-02-27 12:50:00,17865,17865,17865,17865,1
2026-02-27 13:00:00,17830,17830,17790,17795,8
2026-02-27 13:30:00,17785,17785,17785,17785,1
2026-02-27 13:40:00,17775,17775,17775,17775,1
2026-02-27 13:50:00,17810,17810,17810,17810,1
2026-02-27 14:00:00,17815,17825,17805,17805,31
2026-02-27 14:10:00,17810,17810,17810,17810,1
2026-02-27 14:20:00,17845,17850,17845,17850,2
2026-02-27 14:30:00,17840,17840,17840,17840,1
2026-02-27 15:00:00,17835,17840,17835,17840,2
2026-02-27 15:10:00,17850,17850,17835,17835,2
2026-02-27 15:20:00,17860,17890,17860,17890,5
2026-02-27 15:30:00,17890,17905,17890,17905,15
2026-02-27 15:40:00,17910,17915,17910,17915,7
2026-02-27 15:50:00,17890,17905,17890,17905,3
2026-02-27 16:00:00,17915,17920,17805,17835,43
2026-02-27 16:10:00,17825,17830,17825,17830,5
2026-02-27 16:20:00,17870,17870,17830,17830,5
2026-02-27 16:30:00,17845,17845,17840,17840,14
2026-02-27 16:40:00,17840,17840,17780,17815,171
2026-02-27 16:50:00,17780,17790,17775,17790,6
2026-02-27 17:00:00,17815,17820,17815,17820,8
2026-02-27 17:10:00,17805,17805,17800,17800,6
2026-02-27 17:20:00,17815,17815,17800,17800,18
2026-02-27 17:30:00,17785,17800,17785,17800,2
2026-02-27 17:40:00,17750,17755,17745,17745,12
2026-02-27 17:50:00,17770,17775,17765,17765,18
2026-02-27 18:00:00,17760,17760,17755,17755,2
2026-02-27 18:10:00,17795,17795,17770,17775,6
2026-02-27 18:20:00,17795,17795,17795,17795,6
2026-02-27 18:30:00,17795,17795,17795,17795,1
2026-02-27 18:40:00,17800,17825,17790,17825,6
2026-02-27 19:00:00,17985,18055,17985,18055,4
2026-02-27 19:10:00,17795,17795,17790,17790,6
2026-02-27 19:20:00,17780,17780,17740,17740,2
2026-02-27 19:30:00,17720,17725,17700,17700,17
2026-02-27 19:40:00,17700,17700,17660,17660,12
2026-02-27 20:10:00,17660,17660,17660,17660,1
2026-02-27 20:20:00,17630,17660,17625,17660,31
2026-02-27 20:30:00,17670,17670,17670,17670,7
2026-02-27 20:40:00,17710,17730,17695,17695,8
2026-02-27 21:10:00,17690,17695,17690,17695,42
2026-02-27 21:30:00,17670,17670,17670,17670,5
2026-02-27 21:40:00,17670,17670,17670,17670,2
2026-02-27 21:50:00,17700,17700,17675,17675,12
2026-02-27 22:00:00,17730,17755,17730,17755,10
2026-02-27 22:10:00,17765,17765,17715,17740,18
2026-02-27 22:30:00,17750,17750,17745,17750,7
2026-02-27 22:50:00,17775,17775,17775,17775,1
2026-02-27 23:10:00,17750,17790,17750,17790,4
2026-02-27 23:20:00,17810,17810,17770,17770,10
2026-02-27 23:30:00,17800,17800,17800,17800,1
2026-02-27 23:40:00,17780,17780,17775,17775,4
2026-02-28 10:00:00,17765,17765,17735,17735,3
2026-02-28 10:10:00,17755,17800,17655,17690,59
2026-02-28 10:20:00,17750,17750,17660,17740,56
2026-02-28 10:30:00,17700,17700,17700,17700,1
2026-02-28 10:40:00,17715,17740,17705,17705,7
2026-02-28 10:50:00,17680,17750,17650,17745,45
2026-02-28 11:10:00,17760,17760,17760,17760,1
2026-02-28 11:30:00,17750,17750,17680,17750,26
2026-02-28 11:40:00,17735,17735,17735,17735,5
2026-02-28 11:50:00,17765,17765,17765,17765,1
2026-02-28 12:00:00,17770,17770,17770,17770,4
2026-02-28 12:10:00,17780,17785,17780,17785,6
2026-02-28 12:20:00,17785,17810,17785,17810,12
2026-02-28 12:30:00,17770,17810,17770,17810,5
2026-02-28 12:40:00,17810,17845,17810,17825,10
2026-02-28 12:50:00,17850,17885,17805,17805,19
2026-02-28 13:00:00,17865,17960,17805,17925,31
2026-02-28 13:10:00,17935,17960,17935,17960,11
2026-02-28 13:20:00,17955,17955,17955,17955,5
2026-02-28 13:30:00,17955,17960,17955,17960,14
2026-02-28 13:40:00,17815,17815,17795,17795,15
2026-02-28 13:50:00,17935,17935,17935,17935,1
2026-02-28 14:00:00,17820,17820,17820,17820,8
2026-02-28 14:10:00,17820,17890,17820,17890,6
2026-02-28 14:20:00,17875,17960,17875,17955,11
2026-02-28 14:40:00,17955,17955,17955,17955,1
2026-02-28 15:30:00,17895,17895,17895,17895,5
2026-02-28 15:50:00,17930,17930,17900,17930,16
2026-02-28 16:10:00,17930,18005,17910,18005,94
2026-02-28 16:20:00,18005,18005,18005,18005,8
2026-02-28 16:30:00,17945,17945,17945,17945,2
2026-02-28 18:00:00,17950,17950,17950,17950,2
2026-02-28 18:10:00,17950,17950,17950,17950,8
2026-02-28 18:20:00,18000,18000,18000,18000,1
2026-02-28 18:50:00,17960,17960,17950,17950,4
2026-03-01 10:10:00,17940,17940,17910,17910,11
2026-03-01 10:30:00,18005,18005,18005,18005,1
2026-03-01 11:20:00,17995,17995,17995,17995,3
2026-03-01 11:30:00,17950,18000,17950,18000,4
2026-03-01 11:40:00,17955,17955,17890,17905,6
2026-03-01 13:00:00,17900,17900,17900,17900,1
2026-03-01 13:50:00,17900,17905,17900,17905,4
2026-03-01 14:20:00,17905,18015,17905,18015,17
2026-03-01 14:30:00,18015,18045,18015,18045,41
2026-03-01 14:40:00,18045,18045,18045,18045,1
2026-03-01 14:50:00,18000,18000,18000,18000,1
2026-03-01 15:50:00,18000,18000,18000,18000,4
2026-03-01 16:10:00,18000,18000,18000,18000,4
2026-03-01 16:30:00,18000,18000,17990,17990,51
2026-03-01 17:40:00,17985,18075,17980,18075,11
2026-03-01 17:50:00,17990,17990,17965,17965,6
2026-03-01 18:50:00,17960,17960,17955,17955,7
2026-03-02 09:00:00,17875,17995,17815,17870,114
2026-03-02 09:10:00,17860,17860,17790,17790,28
2026-03-02 09:20:00,17845,17905,17845,17905,3
2026-03-02 09:50:00,17855,17855,17815,17835,26
2026-03-02 10:00:00,17815,17815,17810,17810,5
2026-03-02 10:20:00,17815,17825,17810,17825,3
2026-03-02 10:30:00,17815,17830,17795,17830,92
2026-03-02 10:40:00,17815,17815,17815,17815,20
2026-03-02 11:00:00,17805,17805,17740,17740,16
2026-03-02 11:10:00,17745,17760,17655,17655,21
2026-03-02 11:20:00,17650,17650,17525,17525,72
2026-03-02 11:30:00,17525,17600,17505,17550,111
2026-03-02 11:40:00,17565,17620,17565,17620,2
2026-03-02 11:50:00,17610,17640,17610,17640,22
2026-03-02 12:00:00,17640,17640,17585,17620,11
2026-03-02 12:10:00,17660,17660,17660,17660,1
2026-03-02 12:20:00,17645,17645,17555,17560,42
2026-03-02 12:30:00,17610,17650,17610,17625,17
2026-03-02 12:40:00,17650,17650,17600,17600,3
2026-03-02 12:50:00,17620,17625,17620,17625,3
2026-03-02 13:00:00,17595,17620,17585,17620,17
2026-03-02 13:10:00,17620,17620,17620,17620,45
2026-03-02 13:20:00,17605,17605,17595,17595,3
2026-03-02 13:30:00,17610,17625,17610,17625,3
2026-03-02 13:40:00,17630,17630,17620,17620,2
2026-03-02 13:50:00,17610,17610,17610,17610,1
2026-03-02 14:00:00,17585,17585,17585,17585,1
2026-03-02 14:10:00,17605,17610,17595,17595,3
2026-03-02 14:20:00,17600,17600,17600,17600,1
2026-03-02 14:30:00,17615,17635,17610,17635,3
2026-03-02 14:50:00,17635,17635,17595,17595,2
2026-03-02 15:00:00,17570,17570,17545,17545,8
2026-03-02 15:10:00,17585,17605,17585,17605,5
2026-03-02 15:30:00,17560,17560,17540,17540,25
2026-03-02 15:40:00,17590,17595,17565,17565,64
2026-03-02 16:00:00,17575,17575,17485,17485,67
2026-03-02 16:10:00,17460,17490,17440,17490,9
2026-03-02 16:20:00,17475,17490,17460,17490,5
2026-03-02 16:30:00,17490,17490,17490,17490,1
2026-03-02 16:40:00,17500,17500,17410,17410,192
2026-03-02 17:00:00,17405,17405,17390,17400,37
2026-03-02 17:10:00,17385,17390,17335,17335,78
2026-03-02 17:20:00,17330,17330,17210,17220,34
2026-03-02 17:30:00,17230,17265,17220,17265,47
2026-03-02 17:40:00,17295,17295,17220,17285,10
2026-03-02 17:50:00,17275,17280,17255,17255,11
2026-03-02 18:00:00,17255,17260,17245,17260,9
2026-03-02 18:10:00,17315,17315,17305,17305,5
2026-03-02 18:20:00,17305,17305,17275,17275,12
2026-03-02 18:30:00,17265,17305,17265,17305,8
2026-03-02 18:40:00,17265,17265,17265,17265,4
2026-03-02 19:00:00,17265,17265,17190,17190,26
2026-03-02 19:10:00,17195,17195,17100,17100,40
2026-03-02 19:20:00,17130,17170,17120,17120,66
2026-03-02 19:30:00,17125,17155,17120,17155,9
2026-03-02 19:40:00,17160,17160,17145,17145,4
2026-03-02 19:50:00,17165,17195,17165,17195,2
2026-03-02 20:00:00,17220,17220,17170,17170,9
2026-03-02 20:10:00,17230,17290,17230,17290,22
2026-03-02 20:20:00,17255,17255,17255,17255,2
2026-03-02 20:30:00,17250,17295,17250,17295,10
2026-03-02 20:40:00,17295,17295,17245,17245,6
2026-03-02 21:00:00,17210,17260,17205,17260,27
2026-03-02 21:20:00,17230,17255,17225,17255,14
2026-03-02 21:30:00,17220,17220,17200,17200,11
2026-03-02 21:40:00,17130,17130,17130,17130,5
2026-03-02 21:50:00,17165,17180,17165,17180,48
2026-03-02 22:10:00,17155,17155,17155,17155,1
2026-03-02 22:20:00,17225,17225,17225,17225,1
2026-03-02 22:30:00,17240,17240,17240,17240,1
2026-03-02 22:50:00,17225,17240,17225,17240,6
2026-03-02 23:10:00,17240,17240,17240,17240,2
2026-03-02 23:30:00,17280,17305,17280,17285,3
2026-03-02 23:40:00,17305,17385,17305,17385,9
2026-03-03 09:00:00,17150,17155,17115,17115,516
2026-03-03 09:10:00,17090,17100,17080,17080,21
2026-03-03 09:20:00,17080,17180,17080,17180,12
2026-03-03 09:30:00,17180,17180,17165,17165,4
2026-03-03 09:40:00,17150,17150,17150,17150,1
2026-03-03 10:20:00,17185,17190,17185,17190,10
2026-03-03 10:30:00,17175,17175,17150,17150,3
2026-03-03 10:40:00,17150,17165,17125,17130,10
2026-03-03 10:50:00,17120,17125,17120,17120,5
2026-03-03 11:00:00,17150,17150,17135,17135,5
2026-03-03 11:10:00,17080,17080,17075,17075,8
2026-03-03 11:20:00,17090,17110,17085,17085,11
2026-03-03 11:30:00,17080,17085,17050,17085,26
2026-03-03 11:40:00,17065,17065,16990,16990,130
2026-03-03 11:50:00,17005,17065,17000,17065,11
2026-03-03 12:00:00,17070,17070,17025,17025,19
2026-03-03 12:10:00,17050,17085,17015,17085,19
2026-03-03 12:20:00,17020,17020,16990,17005,24
2026-03-03 12:30:00,17025,17045,17020,17045,82
2026-03-03 12:40:00,17045,17045,17045,17045,2
2026-03-03 12:50:00,17050,17055,17030,17040,23
2026-03-03 13:00:00,17025,17095,17025,17095,4
2026-03-03 13:10:00,17085,17085,17085,17085,4
2026-03-03 13:20:00,17070,17070,17065,17065,5
2026-03-03 13:30:00,17085,17085,17065,17065,7
2026-03-03 13:40:00,17065,17115,17065,17110,99
2026-03-03 13:50:00,17070,17105,17070,17105,5
2026-03-03 14:00:00,17060,17090,17050,17065,95
2026-03-03 14:10:00,17060,17075,17060,17065,6
2026-03-03 14:20:00,17030,17050,17010,17050,18
2026-03-03 14:30:00,17015,17030,17010,17030,496
2026-03-03 14:40:00,17030,17030,17025,17025,20
2026-03-03 14:50:00,17025,17030,17025,17030,12
2026-03-03 15:00:00,17085,17085,17085,17085,4
2026-03-03 15:10:00,17090,17090,17090,17090,1
2026-03-03 15:20:00,17095,17100,17070,17070,26
2026-03-03 15:30:00,17060,17070,17055,17065,21
2026-03-03 15:40:00,17015,17040,17010,17010,8
2026-03-03 15:50:00,17060,17080,17060,17080,4
2026-03-03 16:00:00,17050,17105,17045,17075,39
2026-03-03 16:20:00,17110,17115,17110,17115,11
2026-03-03 16:30:00,17125,17190,17120,17190,12
2026-03-03 16:40:00,17190,17195,17190,17195,3
2026-03-03 17:00:00,17180,17190,17180,17190,12
2026-03-03 17:10:00,17190,17195,17190,17195,3
2026-03-03 17:20:00,17185,17185,17180,17185,4
2026-03-03 17:30:00,17190,17250,17020,17250,52
2026-03-03 17:40:00,17100,17100,17035,17090,18
2026-03-03 17:50:00,17055,17090,17040,17040,22
2026-03-03 18:00:00,17085,17095,17085,17090,6
2026-03-03 18:10:00,17095,17155,17060,17060,13
2026-03-03 18:20:00,17060,17075,17025,17075,45
2026-03-03 18:30:00,17080,17100,17080,17100,2
2026-03-03 18:40:00,17100,17160,17080,17160,15
2026-03-03 19:00:00,17165,17165,17160,17160,6
2026-03-03 19:10:00,17060,17060,17060,17060,9
2026-03-03 19:20:00,17045,17045,17040,17040,27
2026-03-03 19:30:00,17060,17075,17060,17075,10
2026-03-03 19:50:00,17075,17105,17075,17095,19
2026-03-03 21:20:00,17085,17090,17085,17090,4
2026-03-03 21:40:00,17090,17100,17090,17100,5
2026-03-03 22:30:00,17135,17135,17135,17135,1
2026-03-04 09:00:00,17195,17335,17195,17305,47
2026-03-04 09:10:00,17305,17320,17300,17320,22
2026-03-04 09:40:00,17345,17345,17345,17345,1
2026-03-04 09:50:00,17345,17345,17345,17345,1
2026-03-04 10:00:00,17310,17310,17260,17260,33
2026-03-04 10:10:00,17265,17265,17265,17265,1
2026-03-04 10:20:00,17335,17350,17335,17350,6
2026-03-04 11:00:00,17345,17350,17345,17350,6
2026-03-04 11:10:00,17350,17350,17300,17300,32
2026-03-04 11:20:00,17335,17335,17335,17335,1
2026-03-04 11:30:00,17355,17355,17355,17355,6
2026-03-04 11:40:00,17380,17385,17355,17355,6
2026-03-04 12:00:00,17375,17395,17365,17395,30
2026-03-04 12:10:00,17405,17490,17405,17480,42
2026-03-04 12:20:00,17480,17520,17480,17520,389
2026-03-04 12:30:00,17520,17520,17520,17520,84
2026-03-04 12:40:00,17545,17560,17520,17560,13
2026-03-04 12:50:00,17530,17530,17530,17530,2
2026-03-04 13:00:00,17570,17670,17570,17670,42
2026-03-04 13:10:00,17625,17625,17605,17605,23
2026-03-04 13:20:00,17600,17610,17600,17600,15
2026-03-04 13:30:00,17625,17625,17610,17610,69
2026-03-04 13:40:00,17615,17615,17615,17615,2
2026-03-04 13:50:00,17605,17610,17585,17610,13
2026-03-04 14:00:00,17565,17565,17550,17550,18
2026-03-04 14:10:00,17590,17620,17570,17620,156
2026-03-04 14:20:00,17585,17585,17510,17510,250
2026-03-04 14:30:00,17520,17565,17520,17535,6
2026-03-04 14:40:00,17575,17575,17575,17575,1
2026-03-04 14:50:00,17565,17565,17530,17530,3
2026-03-04 15:00:00,17565,17655,17565,17635,15
2026-03-04 15:10:00,17610,17610,17575,17575,32
2026-03-04 15:20:00,17580,17580,17570,17570,22
2026-03-04 15:30:00,17490,17490,17450,17460,20
2026-03-04 15:40:00,17465,17500,17465,17465,25
2026-03-04 15:50:00,17435,17435,17420,17420,10
2026-03-04 16:00:00,17455,17525,17450,17525,13
2026-03-04 16:10:00,17530,17575,17465,17465,36
2026-03-04 16:20:00,17505,17570,17505,17570,11
2026-03-04 17:10:00,17555,17560,17550,17550,11
2026-03-04 17:20:00,17545,17545,17415,17415,22
2026-03-04 17:40:00,17490,17535,17445,17445,19
2026-03-04 17:50:00,17455,17455,17445,17445,21
2026-03-04 18:10:00,17470,17470,17470,17470,1
2026-03-04 18:20:00,17460,17490,17460,17490,100
2026-03-04 18:40:00,17535,17600,17445,17600,17
2026-03-04 19:00:00,17515,17515,17475,17485,14
2026-03-04 19:10:00,17485,17485,17480,17480,5
2026-03-04 19:30:00,17445,17445,17445,17445,1
2026-03-04 19:40:00,17450,17650,17450,17510,59
2026-03-04 19:50:00,17485,17505,17480,17505,30
2026-03-04 20:20:00,17535,17555,17530,17550,13
2026-03-04 20:30:00,17575,17575,17560,17565,10
2026-03-04 20:50:00,17550,17550,17550,17550,2
2026-03-04 21:00:00,17575,17575,17575,17575,3
2026-03-04 21:20:00,17535,17535,17535,17535,1
2026-03-04 21:30:00,17505,17505,17505,17505,4
2026-03-04 21:40:00,17505,17505,17505,17505,2
2026-03-04 22:00:00,17545,17545,17545,17545,1
2026-03-04 22:20:00,17545,17545,17540,17540,2
2026-03-04 22:50:00,17525,17525,17525,17525,1
2026-03-04 23:00:00,17535,17535,17535,17535,2
2026-03-04 23:20:00,17545,17545,17545,17545,1
2026-03-04 23:30:00,17510,17510,17505,17505,2
2026-03-05 09:00:00,17505,17510,17380,17460,24
2026-03-05 09:10:00,17445,17445,17165,17165,123
2026-03-05 09:20:00,17180,17235,17180,17235,16
2026-03-05 09:30:00,17210,17240,17175,17240,375
2026-03-05 09:40:00,17270,17275,17270,17275,2
2026-03-05 10:00:00,17280,17280,17280,17280,51
2026-03-05 10:10:00,17240,17240,17210,17210,50
2026-03-05 10:20:00,17255,17255,17210,17255,23
2026-03-05 10:30:00,17290,17295,17290,17295,4
2026-03-05 10:40:00,17280,17280,17270,17270,4
2026-03-05 10:50:00,17270,17270,17270,17270,1
2026-03-05 11:00:00,17235,17235,17205,17205,11
2026-03-05 11:10:00,17195,17220,17180,17220,6
2026-03-05 11:20:00,17230,17300,17230,17280,11
2026-03-05 11:40:00,17235,17280,17235,17280,4
2026-03-05 11:50:00,17235,17235,17205,17205,12
2026-03-05 12:00:00,17300,17375,17300,17340,33
2026-03-05 12:10:00,17315,17360,17290,17305,33
2026-03-05 12:20:00,17260,17260,17260,17260,3
2026-03-05 12:30:00,17300,17300,17300,17300,3
2026-03-05 12:40:00,17300,17300,17300,17300,2
2026-03-05 13:00:00,17305,17305,17305,17305,8
2026-03-05 13:20:00,17335,17335,17300,17300,3
2026-03-05 13:30:00,17270,17270,17245,17245,322
2026-03-05 13:40:00,17290,17290,17290,17290,3
2026-03-05 14:00:00,17325,17325,17285,17285,5
2026-03-05 14:20:00,17320,17320,17310,17320,12
2026-03-05 14:30:00,17290,17290,17290,17290,1
2026-03-05 15:00:00,17330,17330,17330,17330,2
2026-03-05 15:10:00,17300,17300,17300,17300,5
2026-03-05 15:30:00,17340,17340,17340,17340,12
2026-03-05 15:40:00,17320,17320,17320,17320,1
2026-03-05 15:50:00,17320,17320,17295,17295,22
2026-03-05 16:00:00,17285,17290,17245,17245,14
2026-03-05 16:10:00,17235,17235,17165,17165,44
2026-03-05 16:20:00,17150,17240,17150,17220,34
2026-03-05 16:30:00,17225,17260,17225,17235,29
2026-03-05 16:40:00,17235,17235,17235,17235,2
2026-03-05 17:00:00,17250,17455,17250,17255,71
2026-03-05 17:10:00,17295,17310,17260,17260,21
2026-03-05 17:20:00,17300,17300,17245,17245,5
2026-03-05 17:30:00,17280,17285,17265,17265,14
2026-03-05 18:40:00,17275,17345,17275,17345,7
2026-03-05 19:00:00,17185,17280,17180,17280,10
2026-03-05 20:10:00,17250,17315,17250,17315,3
2026-03-05 20:40:00,17295,17295,17295,17295,3
2026-03-05 20:50:00,17265,17265,17265,17265,1
2026-03-05 22:00:00,17320,17320,17320,17320,1
2026-03-05 22:40:00,17260,17285,17260,17285,2
2026-03-05 23:00:00,17270,17270,17210,17210,85
2026-03-05 23:20:00,17195,17195,17195,17195,1
2026-03-05 23:30:00,17205,17205,17195,17195,2
2026-03-06 09:00:00,17275,17375,17275,17375,26
2026-03-06 09:10:00,17325,17370,17285,17285,8
2026-03-06 09:20:00,17285,17370,17280,17285,4
2026-03-06 09:30:00,17280,17280,17280,17280,2
2026-03-06 09:40:00,17355,17355,17355,17355,1
2026-03-06 10:20:00,17345,17345,17345,17345,1
2026-03-06 10:30:00,17350,17370,17350,17370,4
2026-03-06 11:00:00,17375,17450,17365,17435,23
2026-03-06 11:20:00,17425,17430,17345,17425,21
2026-03-06 11:30:00,17435,17435,17435,17435,1
2026-03-06 11:50:00,17450,17450,17450,17450,1
2026-03-06 12:10:00,17450,17450,17450,17450,2
2026-03-06 12:30:00,17360,17360,17305,17305,25
2026-03-06 12:40:00,17305,17305,17305,17305,1
2026-03-06 12:50:00,17285,17285,17285,17285,3
2026-03-06 13:10:00,17275,17275,17275,17275,2
2026-03-06 13:20:00,17260,17295,17250,17290,5
2026-03-06 13:30:00,17290,17290,17290,17290,1
2026-03-06 13:50:00,17300,17300,17300,17300,1
2026-03-06 14:00:00,17295,17295,17270,17270,3
2026-03-06 14:10:00,17435,17435,17435,17435,1
2026-03-06 14:30:00,17295,17295,17285,17285,5
2026-03-06 14:50:00,17285,17285,17235,17240,29
2026-03-06 15:10:00,17245,17250,17245,17250,2
2026-03-06 15:20:00,17270,17270,17270,17270,3
2026-03-06 15:30:00,17295,17295,17295,17295,1
2026-03-06 15:40:00,17315,17315,17315,17315,1
2026-03-06 16:00:00,17275,17285,17225,17285,7
2026-03-06 16:10:00,17300,17300,17300,17300,1
2026-03-06 16:20:00,17330,17330,17330,17330,1
2026-03-06 17:20:00,17315,17345,17315,17345,10
2026-03-06 17:50:00,17330,17330,17330,17330,13
2026-03-06 18:00:00,17370,17380,17370,17380,2
2026-03-06 18:10:00,17370,17370,17360,17360,11
2026-03-06 18:20:00,17375,17375,17375,17375,2
2026-03-06 18:40:00,17395,17400,17395,17400,2
2026-03-06 19:00:00,17425,17425,17355,17355,17
2026-03-06 19:10:00,17400,17420,17400,17420,8
2026-03-06 19:20:00,17415,17435,17415,17435,34
2026-03-06 19:30:00,17435,17450,17435,17450,7
2026-03-06 19:40:00,17450,17455,17445,17455,7
2026-03-06 19:50:00,17455,17455,17445,17445,5
2026-03-06 20:00:00,17445,17470,17410,17410,13
2026-03-06 20:20:00,17450,17450,17450,17450,500
2026-03-06 20:30:00,17445,17445,17445,17445,3
2026-03-06 20:50:00,17450,17450,17450,17450,499
2026-03-06 21:00:00,17465,17480,17465,17480,5
2026-03-06 21:40:00,17455,17455,17455,17455,51
2026-03-06 21:50:00,17445,17445,17445,17445,2
2026-03-06 23:00:00,17415,17415,17415,17415,3
2026-03-09 08:50:00,17340,17340,17340,17340,1
2026-03-09 09:00:00,17415,17500,17295,17295,30
2026-03-09 09:10:00,17495,17705,17445,17445,74
2026-03-09 09:20:00,17450,17450,17445,17445,14
2026-03-09 09:30:00,17450,17495,17445,17450,11
2026-03-09 09:40:00,17450,17450,17445,17445,7
2026-03-09 09:50:00,17585,17695,17545,17695,32
2026-03-09 10:00:00,17485,17655,17345,17345,67
2026-03-09 10:10:00,17340,17400,17340,17345,9
2026-03-09 10:20:00,17345,17345,17340,17340,5
2026-03-09 10:30:00,17340,17340,17340,17340,2
2026-03-09 10:40:00,17410,17410,17230,17230,21
2026-03-09 10:50:00,17355,17355,17355,17355,1
2026-03-09 11:00:00,17315,17315,17315,17315,1
2026-03-09 11:10:00,17315,17345,17170,17180,108
2026-03-09 11:20:00,17185,17185,17175,17175,55
2026-03-09 11:30:00,17145,17165,17140,17165,21
2026-03-09 11:40:00,17175,17175,17160,17160,5
2026-03-09 11:50:00,17170,17185,17170,17185,13
2026-03-09 12:00:00,17180,17180,17155,17155,7
2026-03-09 12:10:00,17110,17200,17095,17200,94
2026-03-09 12:20:00,17240,17265,17240,17245,7
2026-03-09 12:30:00,17245,17245,17220,17220,14
2026-03-09 12:40:00,17220,17240,17220,17240,4
2026-03-09 12:50:00,17240,17240,17240,17240,1
2026-03-09 13:00:00,17240,17240,17240,17240,3
2026-03-09 13:10:00,17240,17500,17240,17465,98
2026-03-09 13:20:00,17415,17415,17415,17415,1
2026-03-09 13:30:00,17415,17415,17415,17415,1
2026-03-09 13:40:00,17560,17570,17505,17505,96
2026-03-09 13:50:00,17535,17795,17470,17770,169
2026-03-09 14:00:00,17675,17785,17630,17785,59
2026-03-09 14:10:00,17740,17745,17630,17630,58
2026-03-09 14:20:00,17620,17710,17620,17645,15
2026-03-09 14:30:00,17675,17765,17675,17765,39
2026-03-09 14:40:00,17730,17765,17415,17465,405
2026-03-09 14:50:00,17460,17460,17400,17400,77
2026-03-09 15:00:00,17400,17405,17400,17405,3
2026-03-09 15:10:00,17400,17490,17400,17490,213
2026-03-09 15:20:00,17495,17510,17475,17500,62
2026-03-09 15:40:00,17500,17510,17475,17475,180
2026-03-09 16:00:00,17545,17545,17545,17545,2
2026-03-09 16:20:00,17515,17545,17510,17510,10
2026-03-09 16:30:00,17495,17495,17315,17350,122
2026-03-09 16:40:00,17410,17410,17410,17410,1
2026-03-09 16:50:00,17400,17400,17335,17335,9
2026-03-09 17:00:00,17335,17370,17175,17365,202
2026-03-09 17:30:00,17365,17380,17365,17380,2
2026-03-09 17:40:00,17380,17420,17380,17420,10
2026-03-09 17:50:00,17415,17420,17370,17370,5
2026-03-09 18:10:00,17400,17400,17400,17400,2
2026-03-09 18:20:00,17355,17355,17350,17350,3
2026-03-09 18:30:00,17360,17360,17315,17345,14
2026-03-09 18:40:00,17335,17400,17315,17315,24
2026-03-09 19:00:00,17495,17495,17340,17340,12
2026-03-09 19:10:00,17415,17450,17315,17400,32
2026-03-09 19:20:00,17415,17415,17415,17415,2
2026-03-09 20:00:00,17430,17430,17430,17430,1
2026-03-09 20:10:00,17425,17425,17425,17425,1
2026-03-09 20:30:00,17420,17420,17420,17420,1
2026-03-09 21:20:00,17420,17420,17420,17420,1
2026-03-09 22:20:00,17375,17375,17340,17340,10
2026-03-09 22:40:00,17340,17340,17310,17310,11
2026-03-09 23:00:00,17305,17305,17070,17115,104
2026-03-09 23:10:00,17220,17220,17220,17220,7
2026-03-09 23:20:00,17200,17200,17200,17200,5
2026-03-09 23:30:00,17195,17200,17195,17200,13
2026-03-10 09:00:00,17280,17280,17245,17280,60
2026-03-10 09:10:00,17250,17280,17235,17235,61
2026-03-10 09:20:00,17240,17280,17220,17220,14
2026-03-10 09:30:00,17220,17220,17220,17220,1
2026-03-10 09:50:00,17285,17285,17285,17285,1
2026-03-10 10:00:00,17245,17245,17245,17245,1
2026-03-10 10:20:00,17245,17245,17245,17245,1
2026-03-10 10:30:00,17295,17295,17295,17295,1
2026-03-10 10:40:00,17285,17285,17285,17285,3
2026-03-10 10:50:00,17285,17285,17285,17285,2
2026-03-10 11:00:00,17295,17325,17295,17325,18
2026-03-10 11:10:00,17305,17330,17305,17330,2
2026-03-10 11:20:00,17340,17340,17340,17340,1
2026-03-10 11:30:00,17315,17315,17315,17315,4
2026-03-10 11:40:00,17340,17395,17340,17395,21
2026-03-10 11:50:00,17305,17380,17255,17380,11
2026-03-10 12:20:00,17310,17310,17310,17310,2
2026-03-10 12:50:00,17355,17380,17355,17380,10
2026-03-10 13:00:00,17385,17385,17385,17385,2
2026-03-10 13:10:00,17385,17385,17385,17385,2
2026-03-10 13:20:00,17360,17385,17360,17385,8
2026-03-10 13:30:00,17380,17385,17380,17385,2
2026-03-10 13:40:00,17385,17385,17385,17385,3
2026-03-10 14:20:00,17370,17370,17360,17360,7
2026-03-10 14:30:00,17360,17385,17300,17300,22
2026-03-10 14:40:00,17380,17395,17380,17395,10
2026-03-10 15:10:00,17340,17340,17310,17310,6
2026-03-10 15:20:00,17290,17290,17290,17290,1
2026-03-10 15:40:00,17320,17325,17320,17325,4
2026-03-10 16:00:00,17305,17305,17290,17290,11
2026-03-10 16:20:00,17350,17350,17350,17350,4
2026-03-10 16:30:00,17345,17345,17345,17345,2
2026-03-10 17:50:00,17345,17395,17320,17320,13
2026-03-10 18:00:00,17345,17345,17345,17345,6
2026-03-10 18:20:00,17385,17385,17385,17385,1
2026-03-10 18:30:00,17335,17335,17330,17330,11
2026-03-10 18:40:00,17340,17340,17335,17335,11
2026-03-10 19:00:00,17325,17325,17325,17325,11
2026-03-10 19:30:00,17385,17385,17385,17385,10
2026-03-10 19:40:00,17385,17390,17385,17390,22
2026-03-10 19:50:00,17400,17440,17400,17440,9
2026-03-10 20:00:00,17465,17580,17465,17580,80
2026-03-10 20:10:00,17565,17565,17480,17480,107
2026-03-10 20:20:00,17485,17565,17485,17565,47
2026-03-10 20:30:00,17485,17565,17485,17485,8
2026-03-10 20:40:00,17460,17460,17450,17450,24
2026-03-10 20:50:00,17500,17505,17460,17460,12
2026-03-10 21:00:00,17505,17505,17470,17470,3
2026-03-10 21:10:00,17450,17500,17450,17500,11
2026-03-10 21:20:00,17450,17500,17450,17500,3
2026-03-10 21:30:00,17465,17465,17460,17460,5
2026-03-10 21:40:00,17500,17600,17500,17600,73
2026-03-10 22:00:00,17565,17565,17565,17565,1
2026-03-10 22:10:00,17455,17455,17455,17455,8
2026-03-10 22:20:00,17590,17680,17590,17680,42
2026-03-10 22:30:00,17645,17645,17645,17645,1
2026-03-10 22:40:00,17510,17665,17500,17665,24
2026-03-10 23:10:00,17630,17680,17545,17545,11
2026-03-10 23:30:00,17670,17670,17550,17550,3
2026-03-11 09:00:00,17645,17650,17500,17500,37
2026-03-11 09:10:00,17500,17540,17500,17540,15
2026-03-11 09:20:00,17530,17530,17530,17530,1
2026-03-11 09:30:00,17530,17530,17470,17470,5
2026-03-11 09:40:00,17450,17450,17450,17450,2
2026-03-11 09:50:00,17435,17435,17430,17430,5
2026-03-11 10:00:00,17420,17425,17405,17405,47
2026-03-11 10:10:00,17385,17385,17365,17365,18
2026-03-11 10:20:00,17390,17395,17390,17395,2
2026-03-11 10:30:00,17390,17390,17390,17390,1
2026-03-11 10:40:00,17360,17360,17360,17360,1
2026-03-11 10:50:00,17340,17340,17330,17330,3
2026-03-11 11:00:00,17325,17340,17300,17340,56
2026-03-11 11:10:00,17340,17340,17320,17320,3
2026-03-11 11:20:00,17305,17330,17295,17330,61
2026-03-11 11:30:00,17330,17370,17260,17260,32
2026-03-11 12:00:00,17315,17315,17300,17300,4
2026-03-11 12:10:00,17265,17265,17265,17265,1
2026-03-11 12:20:00,17320,17335,17310,17335,27
2026-03-11 12:30:00,17335,17335,17335,17335,1
2026-03-11 12:50:00,17340,17340,17340,17340,1
2026-03-11 13:10:00,17365,17365,17365,17365,1
2026-03-11 13:20:00,17365,17365,17365,17365,1
2026-03-11 13:30:00,17365,17370,17365,17370,17
2026-03-11 13:40:00,17370,17370,17370,17370,4
2026-03-11 13:50:00,17380,17380,17380,17380,1
2026-03-11 14:00:00,17370,17370,17370,17370,1
2026-03-11 14:20:00,17370,17370,17345,17350,17
2026-03-11 14:30:00,17355,17355,17345,17345,6
2026-03-11 15:00:00,17345,17345,17345,17345,6
2026-03-11 15:50:00,17325,17325,17325,17325,5
2026-03-11 16:00:00,17305,17305,17240,17250,28
2026-03-11 16:10:00,17250,17250,17245,17245,24
2026-03-11 16:20:00,17295,17345,17295,17345,122
2026-03-11 16:30:00,17375,17400,17375,17400,10
2026-03-11 16:50:00,17390,17405,17365,17365,11
2026-03-11 17:00:00,17400,17505,17400,17505,15
2026-03-11 17:10:00,17500,17600,17500,17600,53
2026-03-11 17:20:00,17500,17570,17500,17570,76
2026-03-11 17:30:00,17590,17600,17590,17600,7
2026-03-11 17:50:00,17595,17595,17595,17595,2
2026-03-11 18:10:00,17535,17535,17515,17515,22
2026-03-11 18:20:00,17520,17520,17515,17515,7
2026-03-11 18:30:00,17515,17515,17480,17480,5
2026-03-11 18:40:00,17535,17545,17535,17545,11
2026-03-11 19:00:00,17570,17570,17570,17570,12
2026-03-11 19:10:00,17555,17555,17510,17510,2
2026-03-11 19:20:00,17560,17570,17560,17570,64
2026-03-11 19:40:00,17565,17565,17560,17560,131
2026-03-11 19:50:00,17535,17535,17535,17535,1
2026-03-11 20:00:00,17540,17540,17540,17540,1
2026-03-11 20:10:00,17530,17530,17530,17530,8
2026-03-11 20:20:00,17530,17545,17530,17545,28
2026-03-11 20:30:00,17550,17550,17550,17550,11
2026-03-11 20:50:00,17550,17570,17525,17525,9
2026-03-11 21:00:00,17530,17530,17530,17530,1
2026-03-11 21:10:00,17525,17570,17525,17570,6
2026-03-11 21:30:00,17535,17535,17535,17535,1
2026-03-11 22:10:00,17515,17515,17515,17515,1
2026-03-11 23:20:00,17565,17590,17565,17590,6
2026-03-11 23:30:00,17590,17590,17520,17520,6
2026-03-11 23:40:00,17520,17520,17520,17520,1
2026-03-12 09:00:00,17380,17380,17360,17365,14
2026-03-12 09:30:00,17485,17485,17485,17485,1
2026-03-12 09:40:00,17490,17495,17490,17495,2
2026-03-12 09:50:00,17450,17450,17450,17450,1
2026-03-12 10:00:00,17450,17450,17450,17450,6
2026-03-12 10:30:00,17475,17530,17455,17455,15
2026-03-12 10:40:00,17480,17535,17480,17535,9
2026-03-12 10:50:00,17495,17540,17495,17540,66
2026-03-12 11:00:00,17580,17645,17580,17645,9
2026-03-12 11:10:00,17645,17645,17640,17640,3
2026-03-12 11:20:00,17600,17600,17590,17590,9
2026-03-12 11:30:00,17595,17645,17595,17645,40
2026-03-12 11:40:00,17645,17645,17645,17645,1
2026-03-12 11:50:00,17660,17660,17660,17660,4
2026-03-12 12:20:00,17660,17660,17580,17585,296
2026-03-12 12:40:00,17580,17625,17580,17625,11
2026-03-12 13:00:00,17630,17660,17580,17580,97
2026-03-12 13:10:00,17585,17585,17575,17575,4
2026-03-12 13:20:00,17655,17655,17655,17655,1
2026-03-12 13:30:00,17650,17650,17625,17625,2
2026-03-12 13:50:00,17580,17580,17580,17580,5
2026-03-12 14:10:00,17580,17580,17555,17555,3
2026-03-12 14:20:00,17620,17620,17620,17620,3
2026-03-12 14:30:00,17570,17570,17570,17570,1
2026-03-12 14:40:00,17580,17580,17575,17575,50
2026-03-12 15:40:00,17620,17620,17620,17620,1
2026-03-12 15:50:00,17580,17580,17580,17580,1
2026-03-12 16:00:00,17605,17655,17605,17655,11
2026-03-12 16:10:00,17595,17595,17575,17575,4
2026-03-12 16:40:00,17580,17580,17580,17580,3
2026-03-12 17:10:00,17600,17600,17600,17600,1
2026-03-12 17:20:00,17530,17530,17495,17520,19
2026-03-12 17:30:00,17480,17490,17480,17490,139
2026-03-12 17:40:00,17490,17530,17490,17525,7
2026-03-12 18:00:00,17470,17470,17395,17400,27
2026-03-12 18:10:00,17535,17555,17485,17555,12
2026-03-12 18:20:00,17600,17600,17600,17600,2
2026-03-12 18:40:00,17580,17595,17560,17595,14
2026-03-12 19:00:00,17655,17660,17535,17535,14
2026-03-12 19:10:00,17595,17630,17595,17625,3
2026-03-12 19:40:00,17640,17640,17640,17640,1
2026-03-12 19:50:00,17600,17600,17595,17595,4
2026-03-12 20:10:00,17590,17615,17590,17615,8
2026-03-12 20:20:00,17590,17590,17590,17590,2
2026-03-12 20:30:00,17620,17620,17620,17620,1
2026-03-12 21:00:00,17640,17640,17640,17640,1
2026-03-12 21:20:00,17575,17575,17575,17575,3
2026-03-12 21:40:00,17605,17605,17605,17605,1
2026-03-12 22:00:00,17585,17585,17585,17585,3
2026-03-12 22:10:00,17560,17560,17530,17530,3
2026-03-12 22:20:00,17520,17520,17520,17520,1
2026-03-12 22:30:00,17595,17595,17595,17595,1
2026-03-12 22:50:00,17560,17575,17560,17575,8
2026-03-12 23:00:00,17550,17550,17550,17550,1
2026-03-12 23:10:00,17560,17560,17560,17560,2
2026-03-12 23:30:00,17505,17505,17500,17500,3
2026-03-13 09:00:00,17470,17470,17470,17470,2
2026-03-13 09:20:00,17460,17460,17405,17405,11
2026-03-13 09:30:00,17400,17455,17400,17450,5
2026-03-13 09:40:00,17370,17370,17280,17285,49
2026-03-13 09:50:00,17445,17455,17300,17300,21
2026-03-13 10:00:00,17300,17460,17300,17460,13
2026-03-13 10:30:00,17345,17345,17345,17345,1
2026-03-13 10:40:00,17450,17450,17450,17450,1
2026-03-13 11:00:00,17455,17455,17330,17330,2
2026-03-13 11:10:00,17305,17385,17305,17385,4
2026-03-13 11:30:00,17450,17450,17450,17450,1
2026-03-13 11:50:00,17340,17445,17340,17445,3
2026-03-13 14:00:00,17335,17380,17280,17280,173
2026-03-13 14:10:00,17355,17365,17355,17360,7
2026-03-13 14:30:00,17260,17345,17255,17345,10
2026-03-13 14:40:00,17350,17470,17310,17310,64
2026-03-13 14:50:00,17310,17310,17310,17310,3
2026-03-13 15:30:00,17310,17310,17300,17300,2
2026-03-13 16:00:00,17340,17345,17340,17345,3
2026-03-13 16:20:00,17390,17415,17390,17415,4
2026-03-13 17:20:00,17335,17335,17205,17205,28
2026-03-13 17:30:00,17230,17255,17205,17205,30
2026-03-13 17:40:00,17200,17200,17175,17180,23
2026-03-13 17:50:00,17170,17170,17140,17140,14
2026-03-13 18:00:00,17160,17160,17155,17155,9
2026-03-13 18:10:00,17210,17210,17210,17210,1
2026-03-13 18:20:00,17190,17190,17160,17190,33
2026-03-13 18:30:00,17170,17170,17170,17170,13
2026-03-13 18:40:00,17165,17165,17165,17165,2
2026-03-13 19:00:00,17115,17115,17115,17115,14
2026-03-13 19:10:00,17115,17115,17105,17105,55
2026-03-13 19:20:00,17100,17100,17090,17090,11
2026-03-13 19:30:00,17110,17180,17110,17110,3
2026-03-13 20:00:00,17075,17155,17070,17155,204
2026-03-13 20:10:00,17080,17080,17075,17075,2
2026-03-13 20:20:00,17075,17075,17075,17075,46
2026-03-13 20:30:00,17075,17075,17075,17075,2
2026-03-13 20:50:00,17070,17070,17070,17070,6
2026-03-13 21:20:00,17075,17075,17075,17075,7
2026-03-13 21:40:00,17150,17220,17150,17220,11
2026-03-13 22:50:00,17090,17090,17075,17075,4
2026-03-13 23:10:00,17010,17010,16980,16980,4
2026-03-13 23:20:00,17000,17000,16970,16970,13
2026-03-13 23:30:00,17140,17150,17140,17150,6
2026-03-14 10:10:00,17150,17150,17150,17150,2
2026-03-14 10:30:00,17155,17190,17030,17030,30
2026-03-14 11:50:00,17160,17220,17160,17220,14
2026-03-14 12:10:00,17170,17225,17170,17225,7
2026-03-14 12:20:00,17220,17220,17125,17125,7
2026-03-14 13:20:00,17165,17215,17160,17215,11
2026-03-14 13:30:00,17210,17215,17210,17215,10
2026-03-14 13:40:00,17220,17220,17215,17215,5
2026-03-14 14:00:00,17230,17230,17215,17215,6
2026-03-14 14:10:00,17260,17260,17260,17260,1
2026-03-14 14:40:00,17255,17320,17245,17245,28
2026-03-14 15:10:00,17245,17245,17245,17245,1
2026-03-14 15:20:00,17245,17245,17245,17245,1
2026-03-14 15:40:00,17245,17245,17245,17245,3
2026-03-14 16:10:00,17215,17215,17215,17215,51
2026-03-14 16:30:00,17215,17215,17215,17215,8
2026-03-14 16:50:00,17215,17215,17215,17215,6
2026-03-14 17:00:00,17245,17245,17245,17245,3
2026-03-14 17:30:00,17240,17240,17240,17240,2
2026-03-14 18:20:00,17245,17245,17245,17245,2
2026-03-15 10:40:00,17180,17180,17125,17125,9
2026-03-15 11:30:00,17145,17145,17140,17140,5
2026-03-15 12:50:00,17135,17135,17135,17135,2
2026-03-15 13:50:00,17215,17215,17215,17215,1
2026-03-15 15:30:00,17215,17215,17130,17130,6
2026-03-15 16:40:00,17150,17150,17135,17135,4
2026-03-15 17:10:00,17195,17245,17195,17245,18
2026-03-16 09:00:00,17210,17295,17135,17295,30
2026-03-16 09:10:00,17210,17210,17155,17185,9
2026-03-16 09:30:00,17175,17175,17145,17145,6
2026-03-16 09:40:00,17140,17140,17120,17120,14
2026-03-16 09:50:00,17120,17130,17120,17125,38
2026-03-16 10:00:00,17105,17105,17065,17065,28
2026-03-16 10:10:00,17080,17080,17060,17065,10
2026-03-16 10:20:00,17045,17045,17025,17030,5
2026-03-16 10:30:00,17030,17040,17020,17040,9
2026-03-16 10:40:00,17045,17060,17045,17060,3
2026-03-16 10:50:00,17020,17025,17005,17005,13
2026-03-16 11:00:00,17025,17025,16915,16915,51
2026-03-16 11:20:00,16980,16980,16965,16965,2
2026-03-16 11:30:00,16955,16955,16930,16930,4
2026-03-16 11:40:00,16960,16975,16960,16975,39
2026-03-16 11:50:00,17025,17025,17025,17025,2
2026-03-16 12:00:00,17025,17025,17025,17025,8
2026-03-16 12:10:00,17050,17050,17045,17045,2
2026-03-16 12:20:00,17045,17045,17045,17045,2
2026-03-16 12:30:00,17045,17045,17040,17040,2
2026-03-16 12:40:00,17035,17035,17035,17035,1
2026-03-16 13:00:00,17020,17020,16940,17015,5
2026-03-16 13:20:00,17035,17035,17035,17035,1
2026-03-16 13:30:00,17035,17050,17035,17050,3
2026-03-16 13:40:00,17050,17050,17050,17050,2
2026-03-16 14:00:00,17060,17065,17040,17040,5
2026-03-16 14:10:00,17100,17120,17100,17120,36
2026-03-16 15:00:00,17115,17120,17115,17120,31
2026-03-16 15:20:00,17155,17155,17155,17155,1
2026-03-16 15:30:00,17170,17170,17170,17170,5
2026-03-16 15:40:00,17170,17205,17150,17205,406
2026-03-16 16:10:00,17190,17270,17190,17270,21
2026-03-16 16:20:00,17270,17300,17270,17300,5
2026-03-16 16:30:00,17300,17300,17300,17300,1
2026-03-16 16:50:00,17300,17300,17245,17255,3
2026-03-16 17:00:00,17225,17250,17225,17250,2
2026-03-16 17:10:00,17285,17290,17220,17220,4
2026-03-16 18:00:00,17215,17215,17215,17215,1
2026-03-16 18:10:00,17185,17185,17170,17170,7
2026-03-16 18:20:00,17165,17165,17165,17165,1
2026-03-16 18:40:00,17215,17215,17215,17215,1
2026-03-16 19:20:00,17190,17190,17180,17180,25
2026-03-16 19:40:00,17190,17255,17190,17255,4
2026-03-16 21:40:00,17190,17190,17190,17190,15
2026-03-16 23:00:00,17255,17255,17255,17255,1
2026-03-16 23:10:00,17255,17255,17255,17255,1
2026-03-17 09:00:00,17175,17280,17105,17280,11
2026-03-17 09:40:00,17245,17245,17245,17245,1
2026-03-17 09:50:00,17255,17260,17255,17260,4
2026-03-17 10:20:00,17255,17275,17255,17275,48
2026-03-17 10:30:00,17290,17320,17270,17270,5
2026-03-17 10:40:00,17290,17290,17250,17250,24
2026-03-17 10:50:00,17270,17270,17260,17265,9
2026-03-17 11:40:00,17300,17305,17240,17240,169
2026-03-17 11:50:00,17240,17290,17240,17290,405
2026-03-17 12:00:00,17300,17300,17300,17300,7
2026-03-17 12:10:00,17305,17305,17300,17300,10
2026-03-17 12:20:00,17315,17315,17315,17315,100
2026-03-17 12:40:00,17270,17285,17145,17285,29
2026-03-17 12:50:00,17275,17295,17275,17295,8
2026-03-17 13:40:00,17295,17300,17295,17300,25
2026-03-17 13:50:00,17300,17300,17300,17300,2
2026-03-17 14:00:00,17300,17300,17255,17260,14
2026-03-17 14:10:00,17245,17245,17240,17240,2
2026-03-17 14:20:00,17235,17295,17235,17295,5
2026-03-17 14:30:00,17245,17245,17245,17245,1
2026-03-17 14:50:00,17275,17275,16605,16990,431
2026-03-17 15:00:00,16925,16930,16885,16885,48
2026-03-17 15:10:00,16940,17015,16940,17015,28
2026-03-17 15:30:00,17010,17035,17010,17035,17
2026-03-17 15:40:00,16985,17030,16980,17030,12
2026-03-17 15:50:00,17035,17035,17035,17035,7
2026-03-17 16:00:00,17010,17010,17010,17010,10
2026-03-17 16:20:00,17040,17040,17040,17040,1
2026-03-17 16:30:00,17035,17040,16990,16990,27
2026-03-17 16:40:00,16995,17060,16965,17060,95
2026-03-17 16:50:00,17030,17070,17030,17070,8
2026-03-17 17:00:00,17030,17030,17030,17030,10
2026-03-17 17:30:00,17060,17060,17040,17040,12
2026-03-17 17:40:00,17045,17080,17045,17080,36
2026-03-17 17:50:00,17045,17045,17005,17030,119
2026-03-17 18:10:00,17030,17030,16960,16960,8
2026-03-17 18:20:00,17040,17040,17040,17040,1
2026-03-17 18:30:00,17025,17035,16990,16990,210
2026-03-17 19:00:00,17005,17005,17005,17005,1
2026-03-17 19:10:00,17030,17030,17020,17020,56
2026-03-17 19:20:00,17025,17025,17025,17025,1
2026-03-17 19:30:00,17025,17025,17025,17025,2
2026-03-17 20:10:00,17040,17040,17040,17040,2
2026-03-17 20:20:00,16965,17005,16965,17005,4
2026-03-17 21:40:00,17005,17005,17000,17000,2
2026-03-17 22:10:00,16985,16985,16985,16985,5
2026-03-17 22:30:00,17070,17070,17070,17070,1
2026-03-17 22:50:00,17050,17070,17050,17070,13
2026-03-18 09:00:00,17030,17030,17020,17020,5
2026-03-18 09:10:00,17020,17020,17020,17020,4
2026-03-18 09:20:00,17050,17075,17050,17075,4
2026-03-18 09:30:00,17085,17085,17085,17085,1
2026-03-18 09:40:00,17075,17085,17075,17085,2
2026-03-18 09:50:00,17080,17080,17070,17070,23
2026-03-18 10:20:00,17055,17055,17055,17055,1
2026-03-18 10:30:00,17055,17055,17040,17040,7
2026-03-18 10:50:00,17025,17025,17020,17020,8
2026-03-18 11:20:00,17020,17020,17020,17020,1
2026-03-18 11:40:00,17020,17020,17020,17020,2
2026-03-18 12:50:00,17075,17080,17075,17080,3
2026-03-18 13:00:00,17075,17075,17075,17075,2
2026-03-18 13:40:00,17030,17030,17030,17030,2
2026-03-18 14:20:00,17060,17060,17060,17060,2
2026-03-18 14:40:00,17020,17020,17020,17020,1
2026-03-18 14:50:00,17020,17020,16950,16950,11
2026-03-18 15:00:00,17050,17120,17050,17120,16
2026-03-18 15:10:00,16975,16975,16970,16970,3
2026-03-18 15:20:00,16935,17000,16920,17000,21
2026-03-18 15:30:00,16970,17110,16970,17110,20
2026-03-18 15:40:00,17010,17010,17000,17000,2
2026-03-18 16:00:00,16985,16985,16920,16920,22
2026-03-18 16:10:00,16925,16925,16870,16915,104
2026-03-18 16:20:00,16875,16875,16815,16815,42
2026-03-18 16:30:00,16815,16820,16815,16820,2
2026-03-18 16:40:00,16815,16815,16775,16775,4
2026-03-18 16:50:00,16815,16815,16815,16815,1
2026-03-18 17:00:00,16820,16820,16820,16820,1
2026-03-18 17:10:00,16820,16820,16820,16820,1
2026-03-18 18:20:00,16820,16820,16820,16820,1
2026-03-18 18:40:00,16795,16795,16525,16770,152
2026-03-18 19:10:00,16770,16770,16770,16770,7
2026-03-18 19:50:00,16775,16780,16775,16780,2
2026-03-18 20:10:00,16780,16780,16780,16780,2
2026-03-18 20:50:00,16805,16805,16805,16805,1
2026-03-18 21:10:00,16770,16770,16770,16770,1
2026-03-18 22:00:00,16770,16770,16680,16680,5
2026-03-18 22:20:00,16680,16680,16680,16680,4
2026-03-18 22:40:00,16675,16675,16675,16675,2
2026-03-18 23:40:00,16775,16780,16675,16675,4
2026-03-19 08:50:00,16520,16520,16520,16520,15
2026-03-19 09:00:00,16625,16625,16385,16385,47
2026-03-19 09:10:00,16570,16600,16570,16595,16
2026-03-19 09:30:00,16590,16590,16590,16590,1
2026-03-19 09:40:00,16590,16610,16475,16610,8
2026-03-19 09:50:00,16610,16610,16610,16610,1
2026-03-19 10:00:00,16545,16545,16545,16545,1
2026-03-19 10:10:00,16615,16615,16615,16615,1
2026-03-19 10:20:00,16550,16550,16370,16470,35
2026-03-19 10:30:00,16450,16465,16450,16465,7
2026-03-19 10:40:00,16460,16460,16460,16460,1
2026-03-19 10:50:00,16390,16390,16370,16370,6
2026-03-19 11:00:00,16385,16455,16385,16455,5
2026-03-19 11:40:00,16400,16420,16390,16390,7
2026-03-19 11:50:00,16390,16390,16380,16385,13
2026-03-19 12:00:00,16420,16420,16420,16420,1
2026-03-19 12:10:00,16410,16470,16410,16470,50
2026-03-19 12:20:00,16470,16470,16470,16470,24
2026-03-19 12:30:00,16465,16465,16395,16395,2
2026-03-19 12:40:00,16460,16460,16460,16460,2
2026-03-19 13:00:00,16465,16465,16465,16465,3
2026-03-19 13:20:00,16435,16435,16430,16430,5
2026-03-19 13:30:00,16395,16435,16390,16435,4
2026-03-19 13:40:00,16430,16430,16430,16430,3
2026-03-19 13:50:00,16385,16385,16380,16380,5
2026-03-19 14:20:00,16380,16380,16380,16380,1
2026-03-19 14:30:00,16435,16435,16435,16435,1
2026-03-19 14:40:00,16395,16395,16370,16370,23
2026-03-19 14:50:00,16370,16370,16370,16370,6
2026-03-19 15:10:00,16340,16340,16320,16320,5
2026-03-19 15:20:00,16335,16335,16220,16220,78
2026-03-19 15:30:00,16220,16220,16210,16210,110
2026-03-19 15:40:00,16170,16170,16170,16170,3
2026-03-19 15:50:00,16175,16175,16170,16170,4
2026-03-19 16:00:00,16170,16335,16170,16335,10
2026-03-19 16:30:00,16320,16320,16320,16320,2
2026-03-19 16:40:00,16270,16270,16125,16125,10
2026-03-19 16:50:00,16245,16255,16145,16255,82
2026-03-19 17:00:00,16260,16260,16260,16260,4
2026-03-19 17:10:00,16285,16285,16280,16285,10
2026-03-19 17:20:00,16295,16300,16295,16300,11
2026-03-19 17:30:00,16315,16315,16315,16315,1
2026-03-19 17:40:00,16335,16335,16335,16335,2
2026-03-19 17:50:00,16355,16455,16355,16455,27
2026-03-19 18:00:00,16460,16525,16460,16525,31
2026-03-19 18:10:00,16535,16550,16535,16550,4
2026-03-19 18:30:00,16550,16550,16550,16550,1
2026-03-19 18:40:00,16570,16570,16570,16570,8
2026-03-19 19:10:00,16585,16585,16570,16585,6
2026-03-19 19:20:00,16575,16575,16570,16570,5
2026-03-19 19:30:00,16605,16620,16605,16620,7
2026-03-19 20:00:00,16620,16620,16585,16585,4
2026-03-19 20:40:00,16590,16590,16575,16575,2
2026-03-19 21:00:00,16610,16610,16575,16575,3
2026-03-19 21:20:00,16575,16575,16570,16570,7
2026-03-19 22:00:00,16600,16600,16600,16600,2
2026-03-19 22:20:00,16605,16605,16605,16605,1
2026-03-19 22:40:00,16580,16615,16580,16615,15
2026-03-19 23:30:00,16605,16605,16605,16605,1
2026-03-19 23:40:00,16605,16605,16605,16605,1
2026-03-20 09:00:00,16605,16620,16605,16620,2
2026-03-20 09:10:00,16630,16670,16590,16590,16
2026-03-20 09:30:00,16620,16620,16615,16615,2
2026-03-20 09:40:00,16620,16620,16620,16620,1
2026-03-20 10:10:00,16620,16620,16620,16620,1
2026-03-20 10:30:00,16620,16620,16620,16620,3
2026-03-20 10:50:00,16620,16620,16620,16620,1
2026-03-20 11:10:00,16610,16610,16610,16610,1
2026-03-20 11:20:00,16610,16620,16610,16620,20
2026-03-20 11:30:00,16600,16600,16595,16595,2
2026-03-20 11:40:00,16615,16615,16615,16615,1
2026-03-20 11:50:00,16595,16595,16595,16595,1
2026-03-20 13:00:00,16565,16565,16565,16565,2
2026-03-20 14:20:00,16570,16570,16570,16570,1
2026-03-20 15:20:00,16575,16575,16575,16575,1
2026-03-20 16:00:00,16600,16600,16600,16600,1
2026-03-20 16:10:00,16610,16620,16555,16605,23
2026-03-20 17:20:00,16560,16560,16555,16555,6
2026-03-20 18:00:00,16560,16560,16560,16560,1
2026-03-20 18:10:00,16575,16580,16575,16580,3
2026-03-23 09:00:00,16485,16485,16480,16480,11
2026-03-23 09:10:00,16425,16425,16360,16360,6
2026-03-23 09:20:00,16335,16455,16330,16340,5
2026-03-23 09:30:00,16450,16450,16450,16450,1
2026-03-23 09:40:00,16295,16295,16180,16245,102
2026-03-23 09:50:00,16225,16265,16225,16265,35
2026-03-23 10:00:00,16215,16240,16200,16240,102
2026-03-23 10:10:00,16180,16210,16175,16175,17
2026-03-23 10:20:00,16215,16220,16215,16220,5
2026-03-23 10:30:00,16220,16240,16210,16240,19
2026-03-23 10:40:00,16255,16255,16245,16245,8
2026-03-23 10:50:00,16245,16245,16245,16245,1
2026-03-23 11:00:00,16245,16260,16245,16260,3
2026-03-23 11:10:00,16280,16335,16245,16335,35
2026-03-23 11:20:00,16320,16335,16205,16335,6
2026-03-23 11:30:00,16340,16340,16340,16340,1
2026-03-23 12:30:00,16345,16345,16345,16345,1
2026-03-23 12:50:00,16315,16315,16310,16310,2
2026-03-23 13:00:00,16215,16215,16215,16215,1
2026-03-23 13:10:00,16180,16180,16180,16180,1
2026-03-23 13:50:00,16180,16180,16180,16180,1
2026-03-23 14:00:00,16250,16550,16250,16550,89
2026-03-23 14:10:00,16550,16610,16550,16585,5
2026-03-23 14:20:00,16580,16580,16535,16535,2
2026-03-23 15:00:00,16470,16470,16460,16460,3
2026-03-23 15:10:00,16460,16460,16460,16460,1
2026-03-23 15:20:00,16505,16505,16505,16505,1
2026-03-23 15:40:00,16530,16535,16530,16535,2
2026-03-23 16:00:00,16540,16540,16540,16540,2
2026-03-23 16:50:00,16610,16720,16610,16720,31
2026-03-23 17:00:00,16730,16730,16730,16730,1
2026-03-23 17:20:00,16730,16820,16730,16750,26
2026-03-23 17:50:00,16815,16815,16815,16815,1
2026-03-23 18:00:00,16820,16870,16820,16870,25
2026-03-23 18:10:00,16870,16910,16870,16910,50
2026-03-23 18:20:00,16740,16740,16740,16740,1
2026-03-23 18:30:00,16725,16725,16600,16710,51
2026-03-23 18:50:00,16585,16585,16575,16575,7
2026-03-23 19:00:00,16700,16700,16700,16700,1
2026-03-23 22:30:00,16725,16810,16725,16810,10
2026-03-23 23:00:00,16655,16655,16650,16650,3
2026-03-24 09:00:00,16635,16635,16545,16555,40
2026-03-24 09:10:00,16555,16560,16555,16560,9
2026-03-24 09:40:00,16555,16560,16555,16560,4
2026-03-24 09:50:00,16520,16520,16520,16520,3
2026-03-24 10:10:00,16540,16540,16540,16540,1
2026-03-24 10:20:00,16540,16545,16540,16545,7
2026-03-24 10:30:00,16525,16525,16520,16520,7
2026-03-24 10:40:00,16505,16505,16505,16505,2
2026-03-24 11:00:00,16480,16560,16435,16560,33
2026-03-24 11:10:00,16540,16565,16540,16565,22
2026-03-24 12:00:00,16585,16610,16585,16610,2
2026-03-24 12:10:00,16550,16550,16550,16550,2
2026-03-24 12:20:00,16505,16505,16480,16480,14
2026-03-24 12:50:00,16500,16505,16500,16505,7
2026-03-24 13:50:00,16530,16530,16265,16265,60
2026-03-24 14:00:00,16425,16520,16425,16480,15
2026-03-24 14:10:00,16560,16625,16560,16625,38
2026-03-24 14:20:00,16610,16665,16610,16665,10
2026-03-24 14:30:00,16660,16670,16575,16575,6
2026-03-24 15:00:00,16625,16630,16625,16630,2
2026-03-24 16:30:00,16660,16720,16660,16720,30
2026-03-24 16:40:00,16555,16555,16520,16520,40
2026-03-24 17:00:00,16510,16615,16510,16525,8
2026-03-24 17:30:00,16550,16550,16540,16540,3
2026-03-24 19:00:00,16545,16545,16540,16540,2
2026-03-24 19:10:00,16580,16580,16580,16580,2
2026-03-24 19:30:00,16570,16570,16570,16570,1
2026-03-24 20:10:00,16545,16545,16545,16545,2
2026-03-25 09:00:00,16635,16770,16635,16770,25
2026-03-25 09:10:00,16770,16825,16770,16825,8
2026-03-25 09:30:00,16870,16870,16870,16870,1
2026-03-25 09:40:00,16865,16870,16805,16820,13
2026-03-25 10:00:00,16825,16825,16820,16820,6
2026-03-25 10:20:00,16820,16820,16730,16750,13
2026-03-25 10:30:00,16730,16730,16730,16730,1
2026-03-25 10:40:00,16755,16835,16750,16835,9
2026-03-25 11:10:00,16795,16840,16795,16840,8
2026-03-25 11:20:00,16870,16870,16870,16870,9
2026-03-25 11:40:00,16855,16920,16855,16915,22
2026-03-25 11:50:00,16920,16970,16920,16970,7
2026-03-25 12:00:00,16970,16970,16970,16970,8
2026-03-25 12:30:00,16885,16950,16870,16950,8
2026-03-25 12:40:00,16955,17005,16895,16895,12
2026-03-25 12:50:00,16955,16955,16920,16950,8
2026-03-25 13:00:00,16975,17020,16975,17020,28
2026-03-25 13:10:00,17020,17060,16980,16980,6
2026-03-25 14:00:00,17015,17015,17005,17005,5
2026-03-25 14:10:00,17015,17015,17010,17010,2
2026-03-25 14:20:00,17010,17055,17010,17030,76
2026-03-25 14:30:00,17040,17045,17035,17045,27
2026-03-25 14:40:00,17045,17045,17045,17045,1
2026-03-25 14:50:00,17040,17045,17040,17045,5
2026-03-25 15:00:00,17040,17085,17040,17085,51
2026-03-25 15:10:00,17080,17080,17080,17080,1
2026-03-25 15:20:00,17070,17085,17070,17085,9
2026-03-25 15:30:00,17085,17085,17085,17085,5
2026-03-25 15:50:00,17070,17120,17070,17120,16
2026-03-25 16:00:00,17050,17050,17035,17035,7
2026-03-25 16:40:00,17035,17035,17035,17035,2
2026-03-25 16:50:00,17035,17035,17035,17035,2
2026-03-25 17:00:00,17040,17040,17040,17040,1
2026-03-25 17:10:00,17070,17105,17040,17040,10
2026-03-25 17:20:00,17060,17060,17035,17035,6
2026-03-25 17:30:00,17025,17025,17025,17025,1
2026-03-25 17:50:00,17025,17090,16990,17090,24
2026-03-25 18:00:00,17085,17090,17085,17085,5
2026-03-25 18:10:00,17025,17025,17025,17025,6
2026-03-25 18:30:00,17085,17120,17085,17120,7
2026-03-25 18:40:00,17040,17040,17030,17030,5
2026-03-25 19:10:00,17020,17065,17020,17065,2
2026-03-25 19:20:00,17060,17060,17060,17060,1
2026-03-25 19:40:00,17030,17030,17020,17020,5
2026-03-25 21:00:00,17035,17035,17035,17035,1
2026-03-25 21:10:00,17000,17000,16945,16950,31
2026-03-25 21:20:00,17025,17025,17025,17025,3
2026-03-25 21:40:00,17035,17040,17035,17040,3
2026-03-25 22:30:00,17035,17035,17035,17035,2
2026-03-25 22:40:00,17035,17035,17035,17035,1
2026-03-25 23:00:00,17020,17020,17020,17020,1
2026-03-26 08:50:00,16870,16870,16870,16870,36
2026-03-26 09:00:00,17040,17040,16875,16930,13
2026-03-26 09:10:00,16930,16930,16930,16930,1
2026-03-26 09:20:00,16950,16950,16935,16935,9
2026-03-26 10:10:00,17000,17000,17000,17000,1
2026-03-26 10:20:00,17000,17000,17000,17000,1
2026-03-26 10:30:00,17000,17000,17000,17000,4
2026-03-26 11:00:00,16965,17000,16960,17000,15
2026-03-26 11:10:00,16995,16995,16995,16995,3
2026-03-26 11:30:00,17005,17005,17005,17005,1
2026-03-26 11:40:00,17005,17005,17005,17005,2
2026-03-26 12:10:00,17040,17045,17040,17045,8
2026-03-26 13:00:00,17035,17040,17035,17040,6
2026-03-26 14:10:00,17040,17040,17040,17040,1
2026-03-26 15:00:00,17005,17005,16770,16835,117
2026-03-26 15:10:00,16925,16965,16925,16965,2
2026-03-26 15:30:00,16935,16935,16935,16935,1
2026-03-26 16:00:00,16960,16970,16960,16970,9
2026-03-26 18:40:00,16940,16940,16840,16840,15
2026-03-26 19:50:00,16815,16820,16815,16820,4
2026-03-26 20:00:00,16800,16800,16800,16800,4
2026-03-26 21:00:00,16810,16810,16810,16810,1
2026-03-26 21:10:00,16805,16805,16805,16805,3
2026-03-27 09:10:00,16890,16895,16890,16895,5
2026-03-27 09:30:00,16895,16950,16895,16950,22
2026-03-27 10:10:00,16925,16925,16925,16925,1
2026-03-27 10:20:00,16945,16945,16945,16945,4
2026-03-27 10:40:00,16980,16980,16980,16980,2
2026-03-27 11:00:00,16950,16950,16920,16920,21
2026-03-27 11:10:00,16930,16930,16930,16930,5
2026-03-27 11:20:00,16925,16925,16925,16925,2
2026-03-27 11:50:00,16910,16910,16905,16905,3
2026-03-27 12:10:00,16905,16920,16895,16920,34
2026-03-27 12:40:00,16920,16920,16920,16920,1
2026-03-27 12:50:00,16920,16920,16920,16920,2
2026-03-27 13:40:00,16920,16920,16920,16920,1
2026-03-27 15:10:00,16850,16850,16745,16755,41
2026-03-27 15:20:00,16765,16765,16750,16750,4
2026-03-27 16:00:00,16690,16730,16680,16715,9
2026-03-27 16:10:00,16715,16715,16615,16615,22
2026-03-27 16:30:00,16625,16630,16620,16630,8
2026-03-27 16:50:00,16620,16620,16620,16620,8
2026-03-27 17:30:00,16675,16720,16675,16720,13
2026-03-27 18:00:00,16770,16770,16770,16770,9
2026-03-27 18:10:00,16770,16770,16755,16755,7
2026-03-27 18:20:00,16755,16765,16755,16765,9
2026-03-27 18:30:00,16725,16770,16725,16770,17
2026-03-27 18:40:00,16770,16770,16770,16770,2
2026-03-27 18:50:00,16740,16740,16740,16740,1
2026-03-27 19:00:00,16725,16750,16725,16750,23
2026-03-27 19:10:00,16725,16725,16710,16710,14
2026-03-27 19:20:00,16710,16710,16705,16710,11
2026-03-27 20:00:00,16705,16705,16705,16705,2
2026-03-27 20:30:00,16695,16695,16655,16655,10
2026-03-27 20:40:00,16675,16675,16675,16675,2
2026-03-27 20:50:00,16725,16740,16725,16740,5
2026-03-27 21:00:00,16735,16755,16735,16755,10
2026-03-27 21:20:00,16755,16755,16755,16755,1
2026-03-27 21:40:00,16755,16755,16755,16755,3
2026-03-27 21:50:00,16765,16770,16765,16765,6
2026-03-27 22:40:00,16780,16785,16780,16785,7
2026-03-27 23:00:00,16765,16765,16765,16765,1
2026-03-27 23:20:00,16755,16755,16640,16640,9
2026-03-27 23:30:00,16675,16675,16675,16675,1
2026-03-28 13:00:00,16775,16775,16775,16775,1
2026-03-28 17:40:00,16740,16740,16740,16740,17
2026-03-29 10:00:00,16685,16685,16670,16670,4
2026-03-29 10:10:00,16670,16670,16340,16570,58
2026-03-29 10:30:00,16570,16570,16570,16570,1
2026-03-29 10:40:00,16560,16600,16530,16530,11
2026-03-29 10:50:00,16560,16560,16545,16545,2
2026-03-29 11:00:00,16530,16530,16525,16525,2
2026-03-29 11:40:00,16530,16545,16530,16545,3
2026-03-29 11:50:00,16525,16525,16395,16440,33
2026-03-29 12:00:00,16515,16530,16515,16530,4
2026-03-29 12:10:00,16650,16650,16575,16575,6
2026-03-29 12:20:00,16575,16650,16575,16575,4
2026-03-29 12:50:00,16580,16625,16580,16625,6
2026-03-29 13:20:00,16625,16625,16625,16625,5
2026-03-29 13:30:00,16630,16630,16630,16630,6
2026-03-29 14:20:00,16630,16630,16630,16630,1
2026-03-29 15:10:00,16570,16570,16570,16570,1
2026-03-30 09:00:00,16665,16770,16575,16740,45
2026-03-30 09:10:00,16760,16800,16745,16780,88
2026-03-30 09:20:00,16815,16825,16780,16825,19
2026-03-30 09:30:00,16830,16830,16830,16830,1
2026-03-30 09:40:00,16830,16840,16800,16840,21
2026-03-30 09:50:00,16870,16885,16870,16870,7
2026-03-30 10:00:00,16835,16835,16720,16720,24
2026-03-30 10:10:00,16720,16720,16720,16720,1
2026-03-30 10:20:00,16760,16760,16760,16760,1
2026-03-30 11:00:00,16785,16790,16785,16790,2
2026-03-30 11:10:00,16840,16840,16775,16775,5
2026-03-30 11:20:00,16755,16760,16755,16760,2
2026-03-30 11:50:00,16835,16855,16835,16855,58
2026-03-30 12:00:00,16775,16775,16770,16770,7
2026-03-30 12:20:00,16775,16775,16775,16775,1
2026-03-30 12:30:00,16730,16750,16700,16750,60
2026-03-30 12:40:00,16745,16750,16745,16750,2
2026-03-30 12:50:00,16750,16750,16750,16750,1
2026-03-30 13:00:00,16755,16765,16675,16675,13
2026-03-30 13:10:00,16670,16670,16620,16620,15
2026-03-30 13:20:00,16625,16630,16625,16625,11
2026-03-30 13:30:00,16620,16620,16620,16620,8
2026-03-30 13:40:00,16635,16635,16625,16625,6
2026-03-30 13:50:00,16620,16620,16600,16600,3
2026-03-30 14:00:00,16590,16595,16590,16595,93
2026-03-30 14:20:00,16630,16630,16630,16630,1
2026-03-30 14:30:00,16625,16625,16625,16625,8
2026-03-30 14:40:00,16630,16630,16630,16630,1
2026-03-30 15:00:00,16655,16655,16625,16625,28
2026-03-30 15:30:00,16670,16685,16670,16685,25
2026-03-30 15:40:00,16685,16685,16680,16680,19
2026-03-30 15:50:00,16690,16690,16690,16690,2
2026-03-30 16:20:00,16670,16675,16670,16675,17
2026-03-30 16:40:00,16585,16585,16570,16570,8
2026-03-30 16:50:00,16575,16575,16575,16575,2
2026-03-30 17:10:00,16605,16610,16605,16610,70
2026-03-30 17:40:00,16640,16640,16640,16640,1
2026-03-30 18:00:00,16620,16620,16620,16620,3
2026-03-30 18:10:00,16635,16635,16635,16635,1
2026-03-30 18:40:00,16645,16645,16640,16640,6
2026-03-30 19:30:00,16640,16640,16640,16640,2
2026-03-30 19:40:00,16640,16655,16640,16655,6
2026-03-30 19:50:00,16675,16675,16675,16675,50
2026-03-30 20:20:00,16690,16690,16690,16690,10
2026-03-30 20:40:00,16660,16660,16660,16660,1
2026-03-30 21:00:00,16680,16680,16680,16680,1
2026-03-30 21:50:00,16625,16625,16570,16570,55
2026-03-30 22:10:00,16595,16595,16595,16595,1
2026-03-30 23:40:00,16745,16745,16745,16745,1
2026-03-31 08:50:00,16770,16770,16770,16770,1
2026-03-31 09:00:00,16770,16770,16530,16530,28
2026-03-31 09:10:00,16540,16540,16525,16525,22
2026-03-31 09:20:00,16520,16520,16520,16520,1
2026-03-31 09:30:00,16560,16560,16560,16560,1
2026-03-31 09:40:00,16570,16570,16570,16570,1
2026-03-31 10:00:00,16590,16625,16590,16620,30
2026-03-31 10:20:00,16530,16530,16520,16520,9
2026-03-31 10:40:00,16540,16560,16540,16550,11
2026-03-31 10:50:00,16520,16520,16520,16520,7
2026-03-31 11:10:00,16510,16510,16510,16510,15
2026-03-31 11:20:00,16480,16480,16425,16425,16
2026-03-31 11:40:00,16445,16460,16445,16460,2
2026-03-31 11:50:00,16425,16425,16425,16425,1
2026-03-31 12:00:00,16430,16430,16420,16420,8
2026-03-31 12:30:00,16480,16480,16475,16475,3
2026-03-31 12:40:00,16475,16475,16475,16475,1
2026-03-31 12:50:00,16470,16480,16470,16480,7
2026-03-31 13:00:00,16470,16470,16470,16470,6
2026-03-31 13:50:00,16455,16455,16455,16455,2
2026-03-31 14:10:00,16495,16495,16495,16495,1
2026-03-31 14:30:00,16515,16515,16475,16475,10
2026-03-31 14:40:00,16525,16525,16525,16525,8
2026-03-31 15:00:00,16510,16510,16510,16510,1
2026-03-31 15:30:00,16570,16570,16570,16570,2
2026-03-31 16:20:00,16570,16570,16475,16475,2
2026-03-31 16:40:00,16610,16610,16610,16610,1
2026-03-31 16:50:00,16610,16610,16610,16610,1
2026-03-31 17:00:00,16495,16610,16495,16610,5
2026-03-31 17:10:00,16620,16620,16620,16620,2
2026-03-31 17:20:00,16630,16665,16630,16665,4
2026-03-31 18:40:00,16660,16670,16660,16660,6
2026-03-31 19:00:00,16535,16535,16535,16535,22
2026-03-31 19:10:00,16540,16540,16540,16540,1
2026-03-31 19:20:00,16535,16535,16535,16535,1
2026-03-31 19:30:00,16515,16515,16515,16515,2
2026-03-31 19:40:00,16655,16655,16585,16585,8
2026-03-31 19:50:00,16615,16635,16610,16610,12
2026-03-31 20:40:00,16605,16635,16600,16635,6
2026-03-31 21:10:00,16645,16660,16645,16655,6
2026-03-31 21:20:00,16660,16665,16660,16665,4
2026-03-31 21:30:00,16665,16670,16665,16670,8
2026-03-31 22:00:00,16655,16655,16655,16655,2
2026-03-31 22:30:00,16660,16660,16660,16660,1
2026-03-31 22:40:00,16665,16720,16665,16720,25
2026-03-31 23:00:00,16715,16755,16715,16755,20
2026-03-31 23:20:00,16715,16715,16715,16715,1
2026-03-31 23:40:00,16715,16715,16715,16715,2
2026-04-01 08:50:00,16715,16715,16715,16715,1
2026-04-01 09:00:00,16685,16685,16570,16575,39
2026-04-01 09:10:00,16575,16575,16575,16575,2
2026-04-01 09:30:00,16555,16555,16550,16550,6
2026-04-01 09:40:00,16535,16535,16520,16520,17
2026-04-01 09:50:00,16510,16570,16485,16570,6
2026-04-01 10:00:00,16560,16560,16560,16560,1
2026-04-01 10:10:00,16600,16600,16600,16600,1
2026-04-01 10:40:00,16575,16575,16575,16575,1
2026-04-01 11:00:00,16570,16570,16570,16570,1
2026-04-01 11:20:00,16590,16595,16590,16595,5
2026-04-01 11:50:00,16600,16600,16600,16600,1
2026-04-01 12:50:00,16590,16590,16590,16590,5
2026-04-01 13:10:00,16630,16630,16630,16630,1
2026-04-01 13:30:00,16645,16645,16645,16645,1
2026-04-01 13:40:00,16665,16665,16665,16665,1
2026-04-01 13:50:00,16695,16770,16695,16770,26
2026-04-01 14:00:00,16700,16770,16700,16770,7
2026-04-01 14:10:00,16770,16865,16770,16860,45
2026-04-01 14:20:00,16750,16815,16750,16815,19
2026-04-01 15:00:00,16700,16700,16670,16670,3
2026-04-01 15:10:00,16685,16685,16675,16675,11
2026-04-01 15:20:00,16675,16675,16675,16675,6
2026-04-01 16:00:00,16630,16630,16595,16595,19
2026-04-01 16:10:00,16575,16600,16575,16600,8
2026-04-01 16:20:00,16570,16570,16470,16475,40
2026-04-01 16:30:00,16490,16490,16480,16480,2
2026-04-01 16:50:00,16475,16475,16475,16475,1
2026-04-01 17:00:00,16440,16450,16420,16450,26
2026-04-01 17:10:00,16395,16395,16395,16395,1
2026-04-01 17:20:00,16420,16420,16420,16420,1
2026-04-01 17:30:00,16420,16420,16420,16420,1
2026-04-01 17:40:00,16425,16425,16420,16420,2
2026-04-01 17:50:00,16435,16435,16375,16390,15
2026-04-01 18:10:00,16545,16555,16545,16555,8
2026-04-01 18:20:00,16555,16555,16555,16555,1
2026-04-01 18:30:00,16565,16565,16565,16565,1
2026-04-01 18:40:00,16585,16585,16585,16585,1
2026-04-01 18:50:00,16590,16590,16590,16590,10
2026-04-01 19:00:00,16575,16575,16560,16560,3
2026-04-01 19:20:00,16540,16580,16540,16580,15
2026-04-01 19:30:00,16555,16565,16555,16560,8
2026-04-01 19:40:00,16570,16570,16570,16570,9
2026-04-01 20:20:00,16595,16595,16595,16595,1
2026-04-01 20:30:00,16595,16595,16595,16595,1
2026-04-01 21:00:00,16400,16400,16400,16400,1
2026-04-01 21:10:00,16590,16590,16590,16590,1
2026-04-01 22:30:00,16435,16440,16435,16440,3
2026-04-02 09:00:00,16430,16430,16370,16370,47
2026-04-02 09:10:00,16370,16370,16370,16370,1
2026-04-02 09:20:00,16440,16440,16430,16430,2
2026-04-02 09:30:00,16385,16435,16370,16375,16
2026-04-02 09:40:00,16440,16445,16440,16445,2
2026-04-02 09:50:00,16410,16410,16410,16410,1
2026-04-02 10:00:00,16385,16385,16375,16375,11
2026-04-02 10:10:00,16370,16370,16370,16370,6
2026-04-02 10:20:00,16340,16340,16320,16330,21
2026-04-02 10:30:00,16360,16365,16360,16365,72
2026-04-02 10:40:00,16350,16350,16350,16350,1
2026-04-02 10:50:00,16360,16360,16360,16360,2
2026-04-02 11:00:00,16350,16350,16320,16320,14
2026-04-02 11:30:00,16360,16365,16360,16365,2
2026-04-02 12:00:00,16340,16340,16305,16305,5
2026-04-02 12:20:00,16315,16315,16315,16315,1
2026-04-02 12:30:00,16330,16330,16330,16330,3
2026-04-02 13:10:00,16330,16335,16330,16335,21
2026-04-02 13:20:00,16340,16345,16340,16345,7
2026-04-02 13:30:00,16340,16345,16340,16345,20
2026-04-02 14:30:00,16305,16305,16285,16285,10
2026-04-02 14:50:00,16290,16290,16285,16285,8
2026-04-02 15:00:00,16340,16345,16340,16345,8
2026-04-02 15:10:00,16390,16390,16380,16380,2
2026-04-02 15:30:00,16415,16415,16330,16370,8
2026-04-02 15:50:00,16370,16370,16360,16360,4
2026-04-02 16:40:00,16435,16470,16435,16470,5
2026-04-02 17:10:00,16480,16485,16480,16485,11
2026-04-02 17:20:00,16510,16510,16470,16470,2
2026-04-02 17:30:00,16480,16495,16470,16495,6
2026-04-02 17:50:00,16465,16465,16465,16465,1
2026-04-02 18:00:00,16465,16465,16440,16440,4
2026-04-02 18:10:00,16435,16435,16405,16405,8
2026-04-02 18:50:00,16440,16440,16440,16440,1
2026-04-02 19:00:00,16430,16450,16430,16450,5
2026-04-02 19:50:00,16410,16410,16410,16410,4
2026-04-02 20:00:00,16415,16415,16415,16415,2
2026-04-02 20:50:00,16430,16430,16430,16430,9
2026-04-02 22:00:00,16415,16415,16410,16410,3
2026-04-02 23:30:00,16510,16510,16510,16510,1
2026-04-03 09:00:00,16520,16520,16520,16520,1
2026-04-03 09:20:00,16520,16520,16520,16520,1
2026-04-03 09:50:00,16510,16510,16510,16510,1
2026-04-03 10:10:00,16510,16510,16420,16420,4
2026-04-03 11:40:00,16385,16385,16385,16385,1
2026-04-03 13:50:00,16390,16390,16370,16370,11
2026-04-03 14:00:00,16455,16455,16415,16415,2
2026-04-03 14:30:00,16375,16375,16375,16375,1
2026-04-03 14:40:00,16375,16375,16375,16375,1
2026-04-03 15:10:00,16375,16375,16375,16375,1
2026-04-03 15:50:00,16415,16420,16415,16420,5
2026-04-03 16:00:00,16420,16420,16420,16420,1
2026-04-03 16:40:00,16380,16380,16380,16380,1
2026-04-03 16:50:00,16425,16425,16425,16425,1
2026-04-03 19:20:00,16390,16390,16390,16390,2
2026-04-03 19:50:00,16400,16400,16400,16400,3
2026-04-03 20:10:00,16385,16385,16370,16370,8
2026-04-04 10:10:00,16375,16375,16375,16375,4
2026-04-04 12:10:00,16380,16380,16370,16370,7
2026-04-04 13:00:00,16430,16430,16430,16430,1
2026-04-04 13:50:00,16445,16445,16445,16445,1
2026-04-04 14:00:00,16375,16375,16375,16375,2
2026-04-04 15:10:00,16420,16420,16420,16420,1
2026-04-04 16:00:00,16370,16370,16370,16370,2
2026-04-04 18:40:00,16410,16410,16410,16410,1
2026-04-05 11:50:00,16405,16405,16405,16405,1
2026-04-05 14:10:00,16375,16375,16375,16375,1
2026-04-05 15:40:00,16410,16460,16410,16460,5
2026-04-05 15:50:00,16450,16520,16450,16520,5
2026-04-06 09:10:00,16515,16515,16515,16515,1
2026-04-06 09:50:00,16425,16505,16425,16505,2
2026-04-06 11:20:00,16435,16495,16435,16495,2
2026-04-06 12:30:00,16435,16435,16435,16435,1
2026-04-06 12:40:00,16505,16505,16505,16505,1
2026-04-06 14:20:00,16430,16430,16430,16430,1
2026-04-06 14:40:00,16430,16430,16325,16325,10
2026-04-06 14:50:00,16330,16415,16325,16415,3
2026-04-06 15:00:00,16415,16415,16415,16415,1
2026-04-06 15:20:00,16430,16430,16430,16430,1
2026-04-06 16:20:00,16375,16375,16375,16375,2
2026-04-06 17:40:00,16465,16465,16465,16465,1
2026-04-06 18:30:00,16380,16380,16380,16380,1
2026-04-06 20:50:00,16390,16390,16390,16390,1
2026-04-06 21:00:00,16385,16385,16385,16385,1
2026-04-07 09:10:00,16510,16510,16370,16370,35
2026-04-07 09:20:00,16370,16370,16370,16370,35
2026-04-07 10:00:00,16370,16385,16370,16385,5
2026-04-07 10:20:00,16380,16380,16320,16320,10
2026-04-07 10:50:00,16360,16390,16360,16390,9
2026-04-07 11:20:00,16330,16330,16330,16330,5
2026-04-07 11:50:00,16315,16315,16315,16315,3
2026-04-07 12:10:00,16360,16360,16360,16360,1
2026-04-07 12:20:00,16405,16405,16405,16405,1
2026-04-07 13:00:00,16370,16370,16370,16370,1
2026-04-07 13:30:00,16350,16350,16350,16350,1
2026-04-07 14:50:00,16320,16320,16320,16320,1
2026-04-07 15:00:00,16305,16305,16285,16285,8
2026-04-07 15:10:00,16295,16295,16240,16245,70
2026-04-07 15:20:00,16275,16275,16245,16245,18
2026-04-07 15:40:00,16285,16285,16245,16245,11
2026-04-07 15:50:00,16245,16245,16240,16240,6
2026-04-07 16:00:00,16300,16340,16260,16260,9
2026-04-07 16:10:00,16230,16270,16205,16230,28
2026-04-07 16:50:00,16225,16225,16110,16165,89
2026-04-07 17:00:00,16120,16170,16115,16170,23
2026-04-07 17:10:00,16145,16190,16145,16185,8
2026-04-07 17:20:00,16220,16235,16215,16215,49
2026-04-07 17:30:00,16210,16215,16210,16215,3
2026-04-07 17:40:00,16200,16200,16200,16200,4
2026-04-07 17:50:00,16195,16195,16170,16170,12
2026-04-07 18:00:00,16190,16190,16185,16185,3
2026-04-07 18:30:00,16240,16240,16240,16240,1
2026-04-07 18:40:00,16225,16225,16225,16225,1
2026-04-07 19:00:00,16225,16225,16225,16225,3
2026-04-07 19:10:00,16220,16220,16220,16220,2
2026-04-07 19:40:00,16190,16190,16190,16190,1
2026-04-07 19:50:00,16225,16225,16225,16225,2
2026-04-07 20:00:00,16230,16230,16230,16230,4
2026-04-07 20:50:00,16350,16355,16350,16355,26
2026-04-07 21:00:00,16305,16305,16305,16305,1
2026-04-07 23:00:00,16330,16330,16290,16290,15
2026-04-08 08:50:00,16370,16370,16370,16370,5
2026-04-08 09:00:00,16410,16590,16410,16580,90
2026-04-08 09:10:00,16590,16625,16560,16610,378
2026-04-08 09:20:00,16620,16620,16420,16425,67
2026-04-08 09:30:00,16585,16585,16570,16570,6
2026-04-08 09:40:00,16595,16600,16595,16595,48
2026-04-08 10:00:00,16610,16610,16610,16610,2
2026-04-08 10:10:00,16610,16665,16610,16665,25
2026-04-08 10:30:00,16665,16665,16470,16570,32
2026-04-08 10:50:00,16630,16670,16620,16670,27
2026-04-08 11:00:00,16620,16680,16620,16650,6
2026-04-08 11:40:00,16690,16695,16655,16655,21
2026-04-08 11:50:00,16620,16645,16615,16645,6
2026-04-08 12:00:00,16665,16665,16665,16665,3
2026-04-08 12:10:00,16690,16690,16690,16690,2
2026-04-08 12:20:00,16690,16690,16690,16690,7
2026-04-08 12:30:00,16650,16650,16640,16645,10
2026-04-08 12:40:00,16625,16625,16625,16625,14
2026-04-08 13:00:00,16620,16620,16620,16620,1
2026-04-08 14:00:00,16625,16625,16625,16625,1
2026-04-08 14:10:00,16670,16675,16670,16675,2
2026-04-08 14:20:00,16670,16710,16670,16710,15
2026-04-08 14:30:00,16700,16700,16665,16665,13
2026-04-08 14:40:00,16700,16700,16640,16640,16
2026-04-08 15:00:00,16670,16720,16670,16720,9
2026-04-08 15:10:00,16710,16710,16665,16665,2
2026-04-08 15:20:00,16660,16660,16655,16655,3
2026-04-08 15:30:00,16690,16715,16690,16715,4
2026-04-08 15:40:00,16715,16715,16715,16715,10
2026-04-08 15:50:00,16720,16750,16720,16750,53
2026-04-08 16:00:00,16710,16710,16705,16705,2
2026-04-08 16:30:00,16660,16660,16620,16620,14
2026-04-08 16:40:00,16625,16625,16625,16625,31
2026-04-08 16:50:00,16610,16615,16610,16615,2
2026-04-08 17:10:00,16590,16590,16590,16590,5
2026-04-08 17:30:00,16565,16565,16540,16550,15
2026-04-08 17:40:00,16565,16565,16565,16565,1
2026-04-08 17:50:00,16540,16540,16520,16520,6
2026-04-08 18:00:00,16535,16535,16535,16535,2
2026-04-08 18:10:00,16570,16605,16570,16605,36
2026-04-08 19:20:00,16575,16625,16575,16625,2
2026-04-08 20:10:00,16585,16585,16570,16570,103
2026-04-08 20:30:00,16590,16595,16590,16595,4
2026-04-08 20:50:00,16585,16585,16585,16585,13
2026-04-08 21:00:00,16700,16700,16700,16700,1
2026-04-08 22:50:00,16495,16500,16495,16500,2
2026-04-09 09:00:00,16570,16570,16500,16555,6
2026-04-09 09:10:00,16495,16495,16495,16495,1
2026-04-09 09:20:00,16490,16490,16480,16480,2
2026-04-09 09:30:00,16480,16490,16480,16490,4
2026-04-09 09:40:00,16480,16510,16470,16510,7
2026-04-09 10:40:00,16495,16495,16490,16490,9
2026-04-09 11:00:00,16470,16470,16465,16465,5
2026-04-09 11:10:00,16485,16485,16485,16485,1
2026-04-09 11:20:00,16465,16500,16465,16500,6
2026-04-09 11:50:00,16530,16530,16530,16530,1
2026-04-09 12:20:00,16550,16550,16540,16550,11
2026-04-09 13:10:00,16500,16540,16500,16540,2
2026-04-09 13:20:00,16500,16540,16495,16495,11
2026-04-09 13:30:00,16530,16530,16530,16530,1
2026-04-09 13:50:00,16495,16525,16495,16525,2
2026-04-09 16:00:00,16495,16495,16475,16475,59
2026-04-09 16:40:00,16495,16495,16495,16495,4
2026-04-09 16:50:00,16510,16510,16475,16475,7
2026-04-09 17:00:00,16435,16470,16435,16470,7
2026-04-09 17:20:00,16425,16425,16425,16425,6
2026-04-09 17:30:00,16430,16430,16420,16420,11
2026-04-09 17:50:00,16415,16415,16415,16415,2
2026-04-09 18:10:00,16380,16400,16380,16400,14
2026-04-09 18:30:00,16395,16395,16395,16395,2
2026-04-09 19:00:00,16450,16450,16450,16450,1
2026-04-09 19:30:00,16475,16510,16475,16510,6
2026-04-09 20:10:00,16475,16475,16475,16475,3
2026-04-09 20:30:00,16475,16475,16470,16470,4
2026-04-09 20:50:00,16505,16550,16505,16550,19
2026-04-09 21:10:00,16530,16530,16525,16525,5
2026-04-09 22:10:00,16390,16390,16390,16390,1
2026-04-09 22:30:00,16430,16430,16420,16420,3
2026-04-10 09:00:00,16485,16485,16485,16485,1
2026-04-10 09:40:00,16395,16395,16390,16390,2
2026-04-10 09:50:00,16380,16380,16380,16380,1
2026-04-10 10:00:00,16415,16445,16415,16445,4
2026-04-10 11:00:00,16425,16425,16415,16415,23
2026-04-10 12:20:00,16465,16465,16465,16465,1
2026-04-10 13:40:00,16480,16480,16480,16480,1
2026-04-10 14:30:00,16420,16420,16420,16420,1
2026-04-10 14:50:00,16465,16470,16465,16470,10
2026-04-10 15:00:00,16460,16460,16460,16460,3
2026-04-10 15:20:00,16485,16485,16485,16485,3
2026-04-10 15:30:00,16480,16480,16480,16480,2
2026-04-10 15:40:00,16485,16510,16485,16510,5
2026-04-10 16:10:00,16505,16505,16470,16470,2
2026-04-10 17:50:00,16480,16480,16475,16475,5
2026-04-10 18:50:00,16490,16490,16490,16490,1
2026-04-10 19:20:00,16470,16470,16470,16470,10
2026-04-10 19:40:00,16480,16480,16475,16475,33
2026-04-10 20:30:00,16510,16510,16510,16510,1
2026-04-10 20:40:00,16500,16500,16500,16500,1
2026-04-10 20:50:00,16510,16740,16510,16575,76
2026-04-10 21:20:00,16525,16525,16470,16470,25
2026-04-11 11:20:00,16625,16625,16625,16625,1
2026-04-11 13:00:00,16625,16625,16625,16625,1
2026-04-11 14:30:00,16515,16515,16515,16515,1
2026-04-11 15:20:00,16565,16565,16565,16565,1
2026-04-11 15:30:00,16570,16650,16570,16650,3
2026-04-11 15:40:00,16670,16670,16670,16670,2
2026-04-11 15:50:00,16525,16525,16525,16525,2
2026-04-11 16:00:00,16665,16665,16665,16665,1
2026-04-11 16:10:00,16665,16710,16665,16710,5
2026-04-11 16:20:00,16710,16710,16710,16710,3
2026-04-11 18:40:00,16640,16640,16640,16640,1
2026-04-12 13:40:00,16520,16520,16520,16520,1
2026-04-12 15:30:00,16520,16520,16500,16500,8
2026-04-12 16:10:00,16485,16485,16470,16470,4
2026-04-12 16:40:00,16480,16480,16470,16470,6
2026-04-12 16:50:00,16430,16430,16420,16420,3
2026-04-12 17:20:00,16420,16420,16420,16420,2
2026-04-12 17:30:00,16420,16420,16345,16345,18
2026-04-12 17:40:00,16360,16360,16360,16360,8
2026-04-12 18:00:00,16425,16425,16325,16415,6
2026-04-13 09:00:00,16535,16730,16535,16725,99
2026-04-13 09:10:00,16730,16730,16725,16730,3
2026-04-13 09:20:00,16720,16770,16680,16680,29
2026-04-13 09:30:00,16680,16760,16680,16760,13
2026-04-13 09:40:00,16770,16810,16740,16810,32
2026-04-13 09:50:00,16820,16885,16820,16880,30
2026-04-13 10:00:00,16870,16920,16810,16825,130
2026-04-13 10:10:00,16825,16860,16825,16860,7
2026-04-13 10:20:00,16830,16830,16820,16820,2
2026-04-13 10:30:00,16850,16850,16850,16850,14
2026-04-13 10:40:00,16815,16815,16815,16815,5
2026-04-13 10:50:00,16830,16860,16815,16815,10
2026-04-13 11:00:00,16860,16860,16815,16815,5
2026-04-13 11:10:00,16865,16880,16845,16865,52
2026-04-13 11:20:00,16880,16885,16880,16885,6
2026-04-13 11:30:00,16895,16905,16895,16905,52
2026-04-13 11:40:00,16915,16915,16910,16910,16
2026-04-13 11:50:00,16900,16900,16875,16875,28
2026-04-13 12:10:00,16900,16905,16875,16905,3
2026-04-13 12:30:00,16910,16970,16910,16915,15
2026-04-13 12:40:00,16925,16925,16905,16905,7
2026-04-13 12:50:00,16890,16890,16890,16890,1
2026-04-13 13:00:00,16945,16960,16945,16960,25
2026-04-13 13:10:00,16955,16960,16955,16960,15
2026-04-13 13:20:00,16980,16980,16955,16955,9
2026-04-13 13:30:00,16945,16945,16875,16875,16
2026-04-13 13:40:00,16925,16925,16880,16880,3
2026-04-13 13:50:00,16875,16875,16875,16875,1
2026-04-13 14:10:00,16920,16930,16920,16930,2
2026-04-13 14:30:00,16920,16930,16920,16930,6
2026-04-13 14:40:00,16905,16910,16895,16910,8
2026-04-13 14:50:00,16895,16950,16890,16950,25
2026-04-13 15:00:00,16935,17025,16905,17025,69
2026-04-13 15:10:00,17025,17025,17025,17025,1
2026-04-13 15:20:00,17020,17030,16970,16970,32
2026-04-13 15:30:00,16965,16965,16965,16965,1
2026-04-13 15:40:00,16995,16995,16995,16995,1
2026-04-13 15:50:00,17010,17025,17010,17025,19
2026-04-13 16:00:00,17070,17095,17010,17010,24
2026-04-13 16:10:00,17065,17065,16980,16980,6
2026-04-13 16:20:00,16925,16925,16875,16875,6
2026-04-13 16:30:00,17010,17015,16945,16945,13
2026-04-13 16:40:00,16935,16970,16935,16970,14
2026-04-13 17:00:00,17025,17025,17000,17000,2
2026-04-13 17:10:00,17010,17010,17000,17000,15
2026-04-13 17:20:00,16980,16985,16980,16985,3
2026-04-13 17:30:00,16990,16990,16990,16990,1
2026-04-13 17:40:00,16985,16985,16950,16950,34
2026-04-13 17:50:00,16945,16945,16945,16945,1
2026-04-13 18:00:00,16945,16945,16945,16945,1
2026-04-13 18:10:00,16945,16970,16945,16970,11
2026-04-13 18:20:00,16970,16970,16970,16970,3
2026-04-13 18:30:00,16970,16970,16970,16970,32
2026-04-13 18:40:00,16970,16970,16970,16970,1
2026-04-13 19:00:00,16955,16955,16955,16955,1
2026-04-13 19:10:00,16970,16970,16960,16960,8
2026-04-13 19:20:00,16970,16975,16970,16975,14
2026-04-13 19:30:00,16990,17050,16990,17050,5
2026-04-13 19:50:00,17005,17040,17000,17040,21
2026-04-13 20:00:00,17025,17025,17025,17025,1
2026-04-13 20:10:00,17055,17060,17055,17060,4
2026-04-13 20:20:00,17065,17070,17030,17070,6
2026-04-13 20:30:00,17035,17035,17035,17035,1
2026-04-13 20:40:00,17070,17070,17070,17070,3
2026-04-13 20:50:00,17070,17075,16995,16995,137
2026-04-13 21:00:00,17110,17115,17110,17115,7
2026-04-13 21:10:00,16980,16980,16975,16975,4
2026-04-13 21:20:00,16975,16975,16975,16975,2
2026-04-13 21:30:00,16980,16980,16980,16980,1
2026-04-13 21:50:00,17065,17065,17065,17065,1
2026-04-13 22:00:00,17055,17055,16980,16980,6
2026-04-13 22:30:00,16985,16985,16985,16985,5
2026-04-13 23:00:00,17045,17045,17045,17045,1
2026-04-13 23:10:00,16995,17045,16995,17045,3
2026-04-13 23:30:00,17055,17055,17055,17055,2
2026-04-13 23:40:00,17020,17020,16925,16925,7
2026-04-14 08:50:00,16990,16990,16990,16990,8
2026-04-14 09:00:00,17110,17110,17110,17110,1
2026-04-14 09:10:00,17060,17060,17050,17050,17
2026-04-14 09:20:00,17090,17100,17090,17100,3
2026-04-14 09:30:00,17105,17120,17105,17115,21
2026-04-14 09:40:00,17115,17180,17115,17180,51
2026-04-14 09:50:00,17180,17215,17155,17215,71
2026-04-14 10:00:00,17220,17270,17185,17260,169
2026-04-14 10:10:00,17260,17260,17250,17260,97
2026-04-14 10:30:00,17225,17225,17195,17195,6
2026-04-14 10:40:00,17200,17200,17200,17200,2
2026-04-14 10:50:00,17190,17190,17190,17190,1
2026-04-14 11:40:00,17170,17170,17155,17155,3
2026-04-14 11:50:00,17155,17155,17150,17150,5
2026-04-14 12:20:00,17155,17155,17155,17155,2
2026-04-14 12:30:00,17175,17175,17175,17175,1
2026-04-14 12:50:00,17185,17185,17185,17185,1
2026-04-14 13:30:00,17190,17190,17185,17185,2
2026-04-14 14:10:00,17200,17200,17200,17200,1
2026-04-14 14:20:00,17195,17220,17150,17150,85
2026-04-14 14:30:00,17155,17155,17145,17145,3
2026-04-14 14:50:00,17155,17155,17150,17150,30
2026-04-14 15:00:00,17200,17200,17200,17200,3
2026-04-14 15:30:00,17240,17270,17240,17270,7
2026-04-14 15:40:00,17265,17270,17265,17270,30
2026-04-14 15:50:00,17270,17270,17270,17270,11
2026-04-14 16:00:00,17270,17295,17270,17295,25
2026-04-14 16:10:00,17310,17420,17280,17420,40
2026-04-14 16:20:00,17420,17420,17345,17345,28
2026-04-14 16:30:00,17390,17420,17385,17420,8
2026-04-14 16:40:00,17420,17465,17390,17390,31
2026-04-14 16:50:00,17390,17495,17390,17495,51
2026-04-14 17:00:00,17470,17470,17470,17470,9
2026-04-14 17:10:00,17480,17495,17430,17455,1024
2026-04-14 17:20:00,17500,17520,17500,17520,13
2026-04-14 17:30:00,17520,17545,17520,17530,507
2026-04-14 17:40:00,17560,17565,17530,17530,5
2026-04-14 17:50:00,17530,17530,17530,17530,2
2026-04-14 18:00:00,17550,17560,17530,17530,5
2026-04-14 18:10:00,17530,17565,17530,17535,12
2026-04-14 18:20:00,17555,17560,17555,17560,40
2026-04-14 18:50:00,17560,17570,17560,17570,4
2026-04-14 19:00:00,17570,17585,17525,17535,100
2026-04-14 19:10:00,17565,17565,17535,17535,32
2026-04-14 19:20:00,17570,17580,17525,17525,36
2026-04-14 19:30:00,17515,17550,17485,17485,8
2026-04-14 19:40:00,17515,17580,17515,17580,16
2026-04-14 19:50:00,17545,17545,17545,17545,1
2026-04-14 20:00:00,17510,17545,17510,17545,88
2026-04-14 20:20:00,17525,17545,17525,17525,70
2026-04-14 20:30:00,17520,17530,17520,17520,37
2026-04-14 20:40:00,17540,17540,17540,17540,1
2026-04-14 20:50:00,17540,17545,17540,17545,9
2026-04-14 21:00:00,17540,17540,17540,17540,11
2026-04-14 21:30:00,17515,17515,17265,17285,104
2026-04-14 21:40:00,17340,17380,17340,17380,13
2026-04-14 21:50:00,17315,17350,17315,17340,8
2026-04-14 22:00:00,17375,17375,17375,17375,2
2026-04-14 22:10:00,17375,17375,17345,17345,7
2026-04-14 22:30:00,17345,17345,17340,17340,5
2026-04-14 22:40:00,17350,17355,17350,17355,6
2026-04-14 22:50:00,17360,17365,17360,17365,45
2026-04-14 23:30:00,17365,17380,17365,17380,4
2026-04-15 08:50:00,17540,17540,17540,17540,148
2026-04-15 09:00:00,17545,17635,17540,17560,260
2026-04-15 09:10:00,17560,17605,17560,17605,72
2026-04-15 09:20:00,17605,17655,17600,17605,105
2026-04-15 09:30:00,17615,17650,17615,17645,22
2026-04-15 09:40:00,17650,17650,17385,17470,101
2026-04-15 09:50:00,17570,17570,17560,17560,31
2026-04-15 10:00:00,17615,17720,17615,17640,100
2026-04-15 10:10:00,17670,17670,17670,17670,6
2026-04-15 10:20:00,17670,17670,17635,17670,38
2026-04-15 10:30:00,17680,17680,17680,17680,1
2026-04-15 10:40:00,17655,17665,17535,17635,84
2026-04-15 10:50:00,17650,17670,17595,17610,25
2026-04-15 11:00:00,17610,17695,17610,17695,19
2026-04-15 11:10:00,17670,17710,17665,17710,5
2026-04-15 11:20:00,17695,17695,17695,17695,2
2026-04-15 11:30:00,17675,17675,17675,17675,1
2026-04-15 11:40:00,17665,17665,17655,17655,11
2026-04-15 11:50:00,17655,17655,17655,17655,1
2026-04-15 12:00:00,17645,17645,17645,17645,2
2026-04-15 12:10:00,17645,17645,17645,17645,1
2026-04-15 12:20:00,17600,17600,17540,17540,1507
2026-04-15 12:30:00,17585,17585,17520,17570,19
2026-04-15 12:50:00,17570,17580,17570,17580,2
2026-04-15 13:00:00,17560,17565,17560,17565,2
2026-04-15 13:10:00,17535,17540,17290,17540,97
2026-04-15 13:20:00,17505,17505,17485,17490,111
2026-04-15 13:30:00,17505,17505,17505,17505,1
2026-04-15 13:40:00,17540,17545,17500,17545,81
2026-04-15 13:50:00,17520,17520,17510,17510,11
2026-04-15 14:00:00,17525,17525,17505,17505,12
2026-04-15 14:20:00,17540,17540,17500,17500,11
2026-04-15 14:30:00,17500,17500,17500,17500,1
2026-04-15 14:40:00,17510,17540,17495,17540,9
2026-04-15 15:00:00,17525,17525,17525,17525,1
2026-04-15 15:20:00,17535,17535,17535,17535,3
2026-04-15 15:30:00,17565,17585,17565,17585,10
2026-04-15 15:40:00,17585,17595,17585,17595,6
2026-04-15 15:50:00,17580,17580,17580,17580,2
2026-04-15 16:00:00,17585,17670,17575,17650,89
2026-04-15 16:10:00,17610,17610,17610,17610,2
2026-04-15 16:30:00,17620,17620,17590,17590,35
2026-04-15 16:40:00,17540,17540,17540,17540,20
2026-04-15 16:50:00,17540,17540,17540,17540,1
2026-04-15 17:00:00,17535,17535,17530,17530,39
2026-04-15 17:10:00,17515,17515,17455,17455,29
2026-04-15 17:20:00,17505,17535,17505,17535,9
2026-04-15 17:30:00,17505,17505,17505,17505,12
2026-04-15 17:50:00,17470,17515,17470,17515,16
2026-04-15 18:00:00,17465,17465,17390,17430,91
2026-04-15 18:10:00,17395,17395,17360,17360,76
2026-04-15 18:20:00,17420,17425,17420,17425,5
2026-04-15 18:30:00,17370,17370,17355,17355,9
2026-04-15 19:00:00,17405,17405,17405,17405,1
2026-04-15 19:10:00,17410,17410,17410,17410,19
2026-04-15 20:30:00,17455,17495,17455,17495,20
2026-04-15 20:40:00,17510,17515,17510,17515,6
2026-04-15 20:50:00,17510,17510,17510,17510,26
2026-04-15 21:10:00,17480,17480,17475,17475,10
2026-04-15 21:40:00,17510,17510,17470,17470,8
2026-04-15 21:50:00,17450,17450,17450,17450,3
2026-04-15 22:30:00,17440,17445,17440,17445,3
2026-04-15 23:00:00,17445,17445,17445,17445,1
2026-04-15 23:10:00,17440,17450,17425,17450,23
2026-04-15 23:20:00,17450,17450,17450,17450,1
2026-04-16 08:50:00,17455,17455,17455,17455,1
2026-04-16 09:00:00,17545,17580,17545,17555,13
2026-04-16 09:10:00,17580,17580,17560,17580,22
2026-04-16 09:20:00,17550,17565,17550,17565,4
2026-04-16 09:30:00,17535,17535,17530,17530,3
2026-04-16 09:40:00,17565,17570,17565,17570,3
2026-04-16 09:50:00,17540,17540,17540,17540,1
2026-04-16 10:00:00,17575,17670,17575,17670,47
2026-04-16 10:10:00,17625,17625,17595,17595,17
2026-04-16 10:20:00,17595,17595,17595,17595,1
2026-04-16 10:40:00,17595,17645,17595,17645,25
2026-04-16 10:50:00,17630,17640,17620,17620,41
2026-04-16 11:00:00,17620,17620,17620,17620,1
2026-04-16 11:30:00,17575,17575,17575,17575,2
2026-04-16 11:40:00,17570,17570,17520,17520,3
2026-04-16 11:50:00,17500,17500,17500,17500,1
2026-04-16 12:10:00,17510,17510,17510,17510,2
2026-04-16 12:20:00,17530,17535,17530,17535,2
2026-04-16 12:40:00,17525,17540,17525,17540,16
2026-04-16 12:50:00,17530,17530,17530,17530,1
2026-04-16 13:00:00,17500,17500,17500,17500,2
2026-04-16 13:20:00,17520,17520,17515,17515,3
2026-04-16 13:50:00,17490,17490,17470,17485,41
2026-04-16 14:00:00,17470,17470,17470,17470,1
2026-04-16 14:10:00,17505,17505,17470,17470,4
2026-04-16 14:20:00,17480,17480,17465,17465,20
2026-04-16 14:40:00,17485,17485,17485,17485,1
2026-04-16 14:50:00,17485,17490,17485,17490,10
2026-04-16 15:00:00,17475,17475,17475,17475,1
2026-04-16 15:10:00,17480,17480,17480,17480,1
2026-04-16 16:00:00,17470,17500,17460,17500,27
2026-04-16 16:10:00,17505,17505,17505,17505,1
2026-04-16 16:20:00,17510,17515,17495,17495,4
2026-04-16 16:30:00,17500,17500,17495,17495,10
2026-04-16 16:40:00,17510,17510,17510,17510,1
2026-04-16 16:50:00,17450,17450,17400,17410,15
2026-04-16 17:00:00,17430,17450,17415,17450,6
2026-04-16 17:10:00,17455,17455,17450,17450,2
2026-04-16 17:20:00,17425,17440,17425,17440,2
2026-04-16 17:30:00,17425,17455,17425,17455,2
2026-04-16 17:40:00,17455,17455,17455,17455,2
2026-04-16 18:00:00,17475,17475,17475,17475,4
2026-04-16 18:20:00,17540,17550,17540,17550,60
2026-04-16 18:30:00,17515,17565,17515,17565,67
2026-04-16 18:50:00,17545,17570,17545,17570,4
2026-04-16 19:00:00,17550,17550,17550,17550,1
2026-04-16 19:20:00,17540,17540,17540,17540,1
2026-04-16 19:30:00,17535,17535,17535,17535,18
2026-04-16 19:40:00,17555,17555,17555,17555,1
2026-04-16 19:50:00,17560,17560,17500,17500,54
2026-04-16 20:00:00,17545,17570,17545,17570,54
2026-04-16 20:10:00,17545,17545,17535,17535,54
2026-04-16 22:10:00,17510,17510,17510,17510,1
2026-04-16 22:30:00,17520,17520,17520,17520,1
2026-04-17 08:50:00,17770,17770,17770,17770,15
2026-04-17 09:00:00,17725,17820,17720,17760,118
2026-04-17 09:10:00,17770,17795,17765,17795,61
2026-04-17 09:20:00,17795,17800,17570,17790,120
2026-04-17 09:30:00,17770,17785,17740,17760,39
2026-04-17 09:40:00,17770,17785,17735,17785,97
2026-04-17 09:50:00,17785,17795,17785,17795,21
2026-04-17 10:00:00,17795,17835,17765,17765,113
2026-04-17 10:10:00,17760,17790,17735,17735,31
2026-04-17 10:20:00,17755,17805,17755,17785,59
2026-04-17 10:30:00,17785,17835,17785,17835,13
2026-04-17 10:40:00,17835,17835,17800,17800,23
2026-04-17 10:50:00,17835,17850,17820,17820,81
2026-04-17 11:00:00,17840,17840,17825,17835,113
2026-04-17 11:10:00,17830,17830,17830,17830,20
2026-04-17 11:20:00,17835,17835,17765,17765,157
2026-04-17 11:30:00,17805,17805,17805,17805,12
2026-04-17 11:40:00,17805,17845,17805,17845,26
2026-04-17 11:50:00,17840,17840,17840,17840,4
2026-04-17 12:10:00,17835,17835,17835,17835,1
2026-04-17 12:20:00,17830,17830,17830,17830,1
2026-04-17 12:30:00,17825,17825,17825,17825,3
2026-04-17 12:40:00,17825,17845,17820,17820,4
2026-04-17 12:50:00,17810,17840,17810,17840,56
2026-04-17 13:10:00,17830,17845,17830,17845,4
2026-04-17 13:20:00,17815,17815,17800,17805,4
2026-04-17 13:30:00,17835,17835,17805,17805,2
2026-04-17 13:40:00,17840,17845,17840,17845,7
2026-04-17 13:50:00,17800,17800,17800,17800,8
2026-04-17 14:00:00,17830,17830,17830,17830,6
2026-04-17 14:10:00,17830,17830,17830,17830,5
2026-04-17 14:20:00,17800,17800,17800,17800,8
2026-04-17 14:30:00,17800,17800,17800,17800,1
2026-04-17 14:40:00,17810,17810,17810,17810,1
2026-04-17 14:50:00,17815,17825,17795,17825,18
2026-04-17 15:00:00,17795,17845,17795,17805,29
2026-04-17 15:20:00,17840,17840,17840,17840,1
2026-04-17 15:30:00,17840,17870,17840,17865,31
2026-04-17 15:40:00,17870,17870,17870,17870,5
2026-04-17 15:50:00,17870,17920,17860,17860,25
2026-04-17 16:00:00,17925,17945,17670,17670,89
2026-04-17 16:10:00,17670,17670,17230,17230,688
2026-04-17 16:20:00,17240,17350,17125,17340,171
2026-04-17 16:30:00,17300,17410,17275,17410,49
2026-04-17 16:40:00,17410,17440,17340,17370,84
2026-04-17 16:50:00,17435,17450,17425,17425,24
2026-04-17 17:00:00,17420,17425,17340,17340,24
2026-04-17 17:10:00,17330,17330,17325,17325,3
2026-04-17 17:30:00,17375,17430,17375,17430,3
2026-04-17 17:40:00,17405,17405,17370,17370,22
2026-04-17 17:50:00,17380,17380,17380,17380,1
2026-04-17 18:00:00,17380,17380,17360,17360,5
2026-04-17 18:10:00,17395,17395,17380,17380,11
2026-04-17 18:20:00,17375,17375,17375,17375,4
2026-04-17 18:40:00,17370,17370,17370,17370,23
2026-04-17 19:00:00,17380,17385,17380,17385,62
2026-04-17 19:20:00,17360,17360,17350,17350,3
2026-04-17 19:30:00,17350,17350,17340,17340,3
2026-04-17 19:50:00,17325,17325,17300,17300,12
2026-04-17 20:00:00,17330,17345,17300,17345,4
2026-04-17 20:20:00,17340,17340,17325,17325,19
2026-04-17 20:30:00,17320,17320,17305,17305,12
2026-04-17 20:40:00,17295,17295,17270,17270,19
2026-04-17 21:10:00,17345,17360,17345,17360,2
2026-04-17 21:40:00,17365,17365,17300,17300,2
2026-04-17 22:30:00,17350,17350,17350,17350,1
2026-04-17 23:40:00,17365,17370,17365,17370,5
2026-04-18 10:20:00,17305,17305,17290,17290,4
2026-04-18 10:40:00,17370,17470,17370,17470,11
2026-04-18 11:00:00,17470,17470,17470,17470,1
2026-04-18 12:10:00,17505,17505,17505,17505,9
2026-04-18 12:50:00,17505,17505,17505,17505,1
2026-04-18 14:30:00,17515,17515,17515,17515,1
2026-04-18 15:00:00,17515,17620,17515,17620,23
2026-04-18 15:30:00,17620,17820,17475,17820,51
2026-04-18 16:40:00,17725,17725,17725,17725,1
2026-04-18 16:50:00,17770,17770,17770,17770,3
2026-04-18 17:00:00,17770,17770,17770,17770,5
2026-04-18 17:10:00,17725,17725,17715,17715,6
2026-04-18 18:50:00,17630,17700,17630,17700,5
2026-04-19 09:50:00,17695,17695,17695,17695,1
2026-04-19 11:50:00,17630,17630,17570,17575,13
2026-04-19 12:00:00,17535,17535,17530,17530,4
2026-04-19 12:10:00,17520,17520,17520,17520,5
2026-04-19 12:40:00,17500,17695,17480,17480,14
2026-04-19 12:50:00,17510,17510,17470,17470,8
2026-04-19 13:30:00,17565,17695,17565,17695,13
2026-04-19 13:40:00,17695,17700,17695,17700,8
2026-04-19 13:50:00,17700,17700,17700,17700,1
2026-04-19 16:00:00,17675,17675,17515,17515,11
2026-04-19 17:30:00,17565,17565,17565,17565,1
2026-04-19 17:40:00,17545,17545,17540,17540,3
2026-04-19 18:00:00,17540,17540,17540,17540,1
2026-04-20 09:00:00,17540,17540,17530,17530,52
2026-04-20 09:30:00,17535,17535,17535,17535,1
2026-04-20 10:00:00,17565,17565,17520,17520,22
2026-04-20 10:10:00,17470,17470,17455,17455,8
2026-04-20 10:40:00,17455,17455,17430,17430,2
2026-04-20 10:50:00,17420,17420,17420,17420,5
2026-04-20 11:00:00,17435,17435,17435,17435,1
2026-04-20 11:10:00,17430,17435,17430,17435,12
2026-04-20 11:30:00,17480,17485,17405,17405,52
2026-04-20 11:50:00,17420,17420,17420,17420,23
2026-04-20 12:30:00,17405,17405,17405,17405,2
2026-04-20 12:40:00,17420,17420,17395,17420,41
2026-04-20 12:50:00,17410,17415,17410,17415,41
2026-04-20 13:10:00,17415,17415,17415,17415,21
2026-04-20 13:20:00,17415,17415,17415,17415,3
2026-04-20 13:40:00,17415,17415,17405,17405,10
2026-04-20 14:00:00,17400,17400,17400,17400,1
2026-04-20 14:20:00,17395,17395,17380,17380,50
2026-04-20 14:40:00,17435,17475,17435,17475,5
2026-04-20 14:50:00,17490,17490,17490,17490,1
2026-04-20 15:00:00,17450,17450,17450,17450,1
2026-04-20 15:40:00,17445,17445,17445,17445,2
2026-04-20 15:50:00,17470,17470,17470,17470,30
2026-04-20 16:00:00,17515,17565,17515,17550,15
2026-04-20 16:10:00,17550,17570,17550,17570,3
2026-04-20 16:20:00,17595,17605,17595,17605,40
2026-04-20 16:30:00,17520,17520,17470,17470,6
2026-04-20 17:00:00,17535,17535,17535,17535,1
2026-04-20 17:40:00,17480,17480,17475,17475,10
2026-04-20 17:50:00,17530,17555,17530,17555,5
2026-04-20 18:20:00,17530,17530,17530,17530,1
2026-04-20 19:20:00,17505,17505,17500,17500,6
2026-04-20 19:30:00,17545,17545,17495,17495,3
2026-04-20 20:10:00,17540,17540,17540,17540,1
2026-04-20 20:30:00,17530,17530,17530,17530,1
2026-04-20 20:50:00,17520,17520,17520,17520,62
2026-04-20 21:00:00,17545,17550,17545,17550,2
2026-04-20 21:40:00,17505,17505,17450,17450,6
2026-04-20 21:50:00,17455,17455,17445,17445,11
2026-04-20 22:30:00,17485,17485,17485,17485,1
2026-04-20 22:40:00,17485,17485,17445,17445,9
2026-04-20 23:20:00,17465,17555,17465,17555,5
2026-04-21 09:00:00,17370,17370,17275,17370,18
2026-04-21 09:10:00,17375,17375,17285,17285,60
2026-04-21 09:20:00,17345,17400,17345,17400,12
2026-04-21 09:30:00,17395,17395,17395,17395,1
2026-04-21 09:40:00,17415,17415,17415,17415,1
2026-04-21 10:00:00,17405,17405,17405,17405,1
2026-04-21 10:10:00,17415,17420,17415,17420,31
2026-04-21 11:10:00,17495,17495,17460,17460,13
2026-04-21 11:20:00,17480,17490,17475,17480,34
2026-04-21 11:30:00,17515,17515,17470,17470,28
2026-04-21 11:40:00,17480,17480,17480,17480,3
2026-04-21 11:50:00,17515,17515,17515,17515,1
2026-04-21 12:20:00,17515,17520,17515,17520,9
2026-04-21 13:00:00,17550,17550,17550,17550,1
2026-04-21 13:50:00,17540,17570,17540,17570,70
2026-04-21 14:00:00,17535,17535,17505,17505,14
2026-04-21 14:20:00,17520,17520,17520,17520,1
2026-04-21 15:20:00,17550,17550,17550,17550,2
2026-04-21 15:40:00,17510,17510,17510,17510,1
2026-04-21 16:00:00,17490,17490,17420,17420,55
2026-04-21 16:10:00,17465,17465,17465,17465,2
2026-04-21 16:20:00,17530,17530,17530,17530,1
2026-04-21 16:30:00,17530,17550,17530,17550,2
2026-04-21 16:40:00,17570,17610,17570,17605,103
2026-04-21 16:50:00,17590,17590,17590,17590,1
2026-04-21 17:00:00,17590,17590,17590,17590,9
2026-04-21 17:10:00,17585,17585,17565,17565,18
2026-04-21 17:20:00,17600,17605,17600,17605,8
2026-04-21 17:30:00,17615,17615,17615,17615,11
2026-04-21 17:40:00,17570,17570,17560,17560,2
2026-04-21 17:50:00,17500,17565,17500,17565,3
2026-04-21 18:00:00,17520,17520,17500,17500,87
2026-04-21 18:30:00,17470,17515,17450,17475,63
2026-04-21 20:00:00,17435,17435,17425,17425,10
2026-04-21 20:10:00,17420,17420,17420,17420,1
2026-04-21 20:20:00,17375,17380,17375,17375,50
2026-04-21 20:30:00,17380,17380,17380,17380,2
2026-04-21 20:40:00,17435,17435,17435,17435,1
2026-04-21 21:30:00,17460,17460,17385,17385,2
2026-04-21 23:00:00,17375,17375,17370,17370,2
2026-04-21 23:10:00,17390,17465,17390,17465,2
2026-04-21 23:30:00,17470,17475,17470,17475,7
2026-04-22 09:00:00,17385,17385,17320,17320,16
2026-04-22 09:10:00,17445,17445,17445,17445,1
2026-04-22 09:20:00,17450,17450,17450,17450,2
2026-04-22 09:30:00,17505,17615,17505,17555,58
2026-04-22 09:50:00,17550,17550,17550,17550,1
2026-04-22 10:00:00,17620,17670,17620,17630,10
2026-04-22 10:10:00,17670,17675,17670,17675,46
2026-04-22 10:20:00,17680,17680,17665,17665,4
2026-04-22 10:40:00,17670,17720,17665,17720,248
2026-04-22 10:50:00,17720,17720,17715,17715,9
2026-04-22 11:00:00,17675,17675,17675,17675,1
2026-04-22 11:20:00,17710,17720,17710,17720,7
2026-04-22 11:30:00,17720,17770,17720,17745,7
2026-04-22 11:40:00,17735,17740,17715,17715,26
2026-04-22 11:50:00,17740,17740,17740,17740,12
2026-04-22 12:40:00,17695,17695,17680,17680,4
2026-04-22 13:20:00,17715,17730,17715,17725,9
2026-04-22 13:30:00,17725,17725,17690,17690,207
2026-04-22 13:40:00,17685,17685,17685,17685,2
2026-04-22 14:00:00,17665,17665,17665,17665,2
2026-04-22 14:10:00,17640,17680,17640,17680,8
2026-04-22 14:30:00,17675,17675,17675,17675,5
2026-04-22 14:40:00,17670,17670,17670,17670,2
2026-04-22 14:50:00,17670,17675,17670,17675,16
2026-04-22 15:20:00,17645,17650,17645,17650,23
2026-04-22 15:30:00,17635,17635,17595,17625,16
2026-04-22 15:40:00,17595,17595,17595,17595,3
2026-04-22 15:50:00,17595,17595,17590,17590,14
2026-04-22 16:00:00,17580,17600,17480,17600,37
2026-04-22 16:30:00,17620,17625,17595,17595,43
2026-04-22 17:10:00,17620,17630,17620,17630,2
2026-04-22 17:20:00,17640,17660,17640,17660,2
2026-04-22 17:40:00,17590,17590,17590,17590,4
2026-04-22 17:50:00,17630,17670,17610,17670,29
2026-04-22 18:00:00,17675,17680,17665,17680,229
2026-04-22 18:10:00,17720,17760,17720,17760,18
2026-04-22 18:20:00,17725,17725,17725,17725,1
2026-04-22 18:40:00,17765,17765,17765,17765,10
2026-04-22 18:50:00,17765,17770,17765,17770,13
2026-04-22 19:00:00,17770,17770,17770,17770,1
2026-04-22 19:30:00,17725,17725,17725,17725,3
2026-04-22 19:40:00,17730,17730,17730,17730,6
2026-04-22 19:50:00,17715,17715,17715,17715,17
2026-04-22 20:00:00,17710,17710,17655,17655,20
2026-04-22 20:10:00,17685,17695,17685,17695,8
2026-04-22 20:30:00,17705,17705,17705,17705,1
2026-04-22 20:50:00,17685,17685,17680,17680,50
2026-04-22 21:10:00,17560,17560,17560,17560,1
2026-04-22 21:20:00,17665,17665,17565,17565,2
2026-04-22 21:50:00,17560,17560,17545,17545,6
2026-04-22 23:00:00,17575,17575,17575,17575,1
2026-04-22 23:40:00,17580,17580,17580,17580,2
2026-04-23 09:00:00,17595,17595,17595,17595,4
2026-04-23 09:10:00,17555,17555,17555,17555,1
2026-04-23 09:20:00,17550,17555,17550,17555,3
2026-04-23 09:40:00,17555,17565,17555,17565,2
2026-04-23 09:50:00,17590,17590,17590,17590,1
2026-04-23 10:00:00,17595,17670,17595,17670,6
2026-04-23 10:10:00,17620,17620,17620,17620,1
2026-04-23 10:20:00,17610,17610,17610,17610,1
2026-04-23 10:30:00,17585,17585,17580,17580,4
2026-04-23 10:40:00,17585,17605,17585,17605,3
2026-04-23 10:50:00,17570,17570,17570,17570,5
2026-04-23 11:00:00,17610,17610,17610,17610,5
2026-04-23 11:10:00,17670,17670,17670,17670,1
2026-04-23 11:30:00,17670,17670,17670,17670,1
2026-04-23 11:50:00,17675,17735,17675,17735,3
2026-04-23 12:00:00,17765,17765,17765,17765,1
2026-04-23 12:10:00,17765,17810,17765,17810,11
2026-04-23 12:20:00,17810,17810,17810,17810,2
2026-04-23 12:50:00,17805,17805,17805,17805,1
2026-04-23 13:00:00,17800,17800,17795,17795,7
2026-04-23 13:10:00,17790,17790,17780,17780,4
2026-04-23 13:30:00,17775,17775,17765,17765,5
2026-04-23 14:00:00,17765,17770,17765,17770,36
2026-04-23 14:20:00,17800,17810,17745,17745,16
2026-04-23 14:30:00,17815,17815,17815,17815,2
2026-04-23 14:40:00,17820,17820,17805,17805,11
2026-04-23 15:00:00,17820,17880,17820,17880,53
2026-04-23 15:10:00,17880,17950,17880,17900,34
2026-04-23 15:20:00,17920,17950,17910,17910,20
2026-04-23 15:30:00,17910,17950,17910,17950,100
2026-04-23 15:40:00,17950,17950,17900,17900,17
2026-04-23 15:50:00,17905,17905,17900,17900,3
2026-04-23 16:00:00,17935,18020,17920,18020,40
2026-04-23 16:10:00,17900,17900,17885,17885,4
2026-04-23 16:20:00,17875,17875,17830,17865,357
2026-04-23 16:40:00,17915,17915,17880,17880,4
2026-04-23 16:50:00,17885,17885,17810,17815,26
2026-04-23 17:00:00,17810,17815,17810,17815,3
2026-04-23 17:20:00,17885,17885,17885,17885,1
2026-04-23 17:30:00,17895,17895,17850,17850,3
2026-04-23 17:50:00,17925,17960,17905,17905,7
2026-04-23 18:00:00,17905,17905,17905,17905,1
2026-04-23 18:20:00,17970,18000,17970,18000,7
2026-04-23 18:50:00,17950,17950,17950,17950,2
2026-04-23 19:10:00,17940,17940,17910,17910,2
2026-04-23 19:40:00,17915,17915,17915,17915,1
2026-04-23 19:50:00,17945,17945,17945,17945,4
2026-04-23 20:00:00,17905,17905,17905,17905,50
2026-04-23 20:40:00,17940,17945,17940,17945,13
2026-04-23 20:50:00,17955,17995,17955,17965,16
2026-04-23 21:00:00,18000,18000,17920,17920,2
2026-04-23 21:20:00,17920,17920,17920,17920,1
2026-04-23 22:10:00,17905,17905,17905,17905,1
2026-04-23 22:20:00,17905,17905,17905,17905,3
2026-04-23 22:30:00,17905,17905,17905,17905,1
2026-04-23 23:00:00,17900,17900,17900,17900,1
2026-04-23 23:40:00,17875,17875,17875,17875,6
2026-04-24 09:00:00,17960,17960,17960,17960,20
2026-04-24 09:10:00,17960,17960,17960,17960,1
2026-04-24 09:20:00,17945,17945,17930,17930,3
2026-04-24 09:30:00,17905,17905,17905,17905,2
2026-04-24 09:40:00,17880,17880,17880,17880,2
2026-04-24 09:50:00,17875,17875,17780,17780,20
2026-04-24 10:00:00,17815,17935,17815,17935,6
2026-04-24 10:20:00,17950,17970,17940,17940,21
2026-04-24 10:30:00,17955,17955,17955,17955,1
2026-04-24 10:50:00,17970,18015,17970,18015,7
2026-04-24 11:00:00,18015,18015,17940,17940,20
2026-04-24 11:20:00,17960,17960,17960,17960,14
2026-04-24 11:30:00,17930,17930,17930,17930,2
2026-04-24 11:40:00,17975,17975,17975,17975,1
2026-04-24 11:50:00,17950,17950,17950,17950,1
2026-04-24 12:10:00,17990,17990,17990,17990,2
2026-04-24 12:30:00,17940,17940,17920,17920,5
2026-04-24 12:40:00,17915,17915,17905,17905,4
2026-04-24 13:10:00,17960,17980,17955,17955,250
2026-04-24 13:20:00,17985,17985,17985,17985,25
2026-04-24 13:50:00,17955,17955,17935,17935,4
2026-04-24 14:20:00,17990,18020,17990,18020,14
2026-04-24 14:30:00,17980,17980,17965,17965,4
2026-04-24 14:40:00,17970,17970,17950,17965,21
2026-04-24 14:50:00,17945,17975,17945,17975,17
2026-04-24 15:00:00,18010,18020,17970,18010,11
2026-04-24 15:10:00,18015,18050,18015,18050,20
2026-04-24 15:20:00,18050,18050,18050,18050,10
2026-04-24 15:30:00,18070,18070,18070,18070,3
2026-04-24 15:50:00,18065,18065,18035,18035,25
2026-04-24 16:00:00,18070,18075,18070,18075,37
2026-04-24 16:10:00,18120,18135,18090,18135,27
2026-04-24 16:20:00,18090,18090,18050,18050,3
2026-04-24 16:30:00,18125,18145,18125,18140,52
2026-04-24 16:40:00,18155,18220,18155,18220,87
2026-04-24 16:50:00,18215,18250,18215,18250,187
2026-04-24 17:00:00,18200,18210,18145,18145,23
2026-04-24 17:10:00,18180,18220,18150,18220,65
2026-04-24 17:20:00,18225,18270,18215,18265,92
2026-04-24 17:30:00,18245,18265,18195,18255,8
2026-04-24 17:40:00,18250,18250,18205,18205,53
2026-04-24 17:50:00,18225,18225,18225,18225,3
2026-04-24 18:00:00,18235,18250,18225,18235,29
2026-04-24 18:10:00,18200,18270,18200,18255,52
2026-04-24 18:20:00,18270,18270,18270,18270,38
2026-04-24 18:30:00,18255,18280,18255,18280,63
2026-04-24 18:40:00,18295,18320,18285,18320,64
2026-04-24 18:50:00,18320,18320,18280,18280,4
2026-04-24 19:00:00,18285,18285,18285,18285,1
2026-04-24 19:10:00,18285,18295,18280,18295,31
2026-04-24 19:20:00,18315,18320,18315,18320,12
2026-04-24 19:30:00,18340,18345,18325,18325,9
2026-04-24 19:40:00,18330,18330,18325,18325,2
2026-04-24 19:50:00,18330,18330,18330,18330,4
2026-04-24 20:00:00,18325,18325,18325,18325,1
2026-04-24 20:10:00,18340,18350,18335,18350,22
2026-04-24 20:20:00,18350,18350,18315,18315,29
2026-04-24 20:30:00,18325,18350,18320,18350,28
2026-04-24 20:40:00,18350,18350,18350,18350,1
2026-04-24 20:50:00,18325,18325,18320,18320,69
2026-04-24 21:20:00,18320,18350,18320,18350,5
2026-04-24 22:00:00,18340,18340,18340,18340,1
2026-04-24 22:10:00,18275,18275,18230,18230,4
2026-04-24 22:20:00,18270,18270,18215,18230,26
2026-04-24 22:30:00,18230,18230,18195,18195,7
2026-04-24 22:40:00,18200,18200,18175,18175,5
2026-04-24 23:00:00,18200,18200,18165,18165,18
2026-04-24 23:20:00,18230,18230,18230,18230,4
2026-04-24 23:40:00,18255,18255,18255,18255,1
2026-04-25 10:00:00,18270,18350,18270,18350,18
2026-04-25 10:10:00,18345,18345,18330,18330,9
2026-04-25 10:20:00,18330,18330,18165,18165,4
2026-04-25 10:30:00,18235,18245,18235,18245,3
2026-04-25 11:00:00,18265,18265,18265,18265,2
2026-04-25 11:30:00,18320,18320,18320,18320,1
2026-04-25 12:20:00,18250,18250,18250,18250,1
2026-04-25 15:10:00,18245,18245,18245,18245,1
2026-04-25 16:00:00,18245,18245,18245,18245,1
2026-04-25 16:20:00,18285,18350,18285,18350,35
2026-04-25 16:30:00,18345,18360,18345,18360,14
2026-04-25 16:50:00,18360,18490,18360,18405,29
2026-04-25 17:10:00,18430,18430,18405,18405,3
2026-04-25 17:20:00,18455,18455,18455,18455,1
2026-04-25 17:40:00,18395,18395,18325,18325,14
2026-04-25 17:50:00,18365,18365,18355,18355,3
2026-04-26 10:30:00,18430,18430,18430,18430,1
2026-04-26 10:50:00,18425,18425,18395,18395,2
2026-04-26 11:50:00,18425,18470,18425,18460,46
2026-04-26 14:20:00,18440,18440,18440,18440,2
2026-04-26 15:00:00,18460,18460,18460,18460,1
2026-04-26 15:20:00,18460,18460,18440,18440,3
2026-04-26 15:50:00,18455,18455,18455,18455,1
2026-04-26 16:00:00,18455,18455,18455,18455,1
2026-04-26 16:20:00,18440,18440,18250,18250,36
2026-04-26 16:40:00,18255,18255,18255,18255,1
2026-04-26 16:50:00,18255,18315,18250,18315,10
2026-04-26 17:00:00,18315,18325,18315,18325,2
2026-04-26 17:30:00,18350,18350,18350,18350,1
2026-04-26 17:40:00,18350,18350,18350,18350,2
2026-04-26 17:50:00,18355,18390,18355,18390,3
2026-04-26 18:00:00,18380,18380,18380,18380,2
2026-04-26 18:10:00,18385,18385,18385,18385,1
2026-04-26 18:20:00,18390,18395,18390,18395,2
2026-04-26 18:50:00,18395,18395,18395,18395,1
2026-04-27 08:50:00,18470,18470,18470,18470,41
2026-04-27 09:00:00,18465,18560,18465,18555,119
2026-04-27 09:10:00,18525,18560,18500,18555,45
2026-04-27 09:20:00,18555,18600,18555,18600,72
2026-04-27 09:30:00,18605,18625,18560,18560,35
2026-04-27 09:40:00,18560,18595,18540,18540,90
2026-04-27 09:50:00,18535,18535,18505,18505,55
2026-04-27 10:00:00,18555,18625,18545,18570,63
2026-04-27 10:10:00,18580,18605,18580,18600,210
2026-04-27 10:20:00,18590,18625,18590,18625,11
2026-04-27 10:30:00,18590,18625,18590,18625,4
2026-04-27 10:40:00,18590,18590,18580,18580,12
2026-04-27 10:50:00,18590,18610,18590,18610,3
2026-04-27 11:00:00,18625,18690,18625,18670,146
2026-04-27 11:10:00,18635,18695,18635,18695,21
2026-04-27 11:20:00,18690,18705,18690,18705,7
2026-04-27 11:30:00,18705,18750,18690,18690,37
2026-04-27 11:40:00,18670,18720,18665,18720,20
2026-04-27 11:50:00,18695,18695,18690,18690,10
2026-04-27 12:00:00,18670,18670,18660,18660,6
2026-04-27 12:10:00,18705,18705,18705,18705,2
2026-04-27 12:20:00,18710,18725,18710,18725,20
2026-04-27 12:30:00,18730,18750,18730,18750,33
2026-04-27 12:40:00,18760,18795,18735,18745,54
2026-04-27 12:50:00,18740,18740,18705,18705,12
2026-04-27 13:00:00,18740,18740,18710,18710,7
2026-04-27 13:10:00,18710,18710,18710,18710,4
2026-04-27 13:20:00,18710,18730,18710,18730,38
2026-04-27 13:30:00,18725,18725,18615,18645,100
2026-04-27 13:40:00,18665,18675,18665,18675,3
2026-04-27 13:50:00,18635,18635,18635,18635,1
2026-04-27 14:00:00,18690,18690,18625,18625,50
2026-04-27 14:20:00,18630,18630,18630,18630,8
2026-04-27 14:30:00,18630,18665,18625,18665,30
2026-04-27 14:40:00,18645,18645,18645,18645,3
2026-04-27 14:50:00,18640,18665,18640,18665,8
2026-04-27 15:00:00,18680,18690,18675,18675,40
2026-04-27 15:10:00,18645,18645,18645,18645,8
2026-04-27 15:20:00,18625,18645,18620,18640,21
2026-04-27 15:30:00,18640,18640,18615,18640,8
2026-04-27 15:40:00,18640,18685,18640,18685,58
2026-04-27 15:50:00,18645,18645,18610,18610,9
2026-04-27 16:00:00,18615,18615,18520,18570,72
2026-04-27 16:10:00,18575,18575,18535,18555,30
2026-04-27 16:20:00,18530,18530,18525,18525,57
2026-04-27 16:30:00,18520,18555,18470,18555,666
2026-04-27 16:40:00,18515,18535,18485,18535,507
2026-04-27 16:50:00,18520,18530,18490,18495,226
2026-04-27 17:00:00,18525,18525,18525,18525,3
2026-04-27 17:10:00,18520,18550,18505,18550,10
2026-04-27 17:20:00,18505,18520,18445,18470,38
2026-04-27 17:30:00,18505,18505,18460,18460,19
2026-04-27 17:40:00,18490,18530,18490,18530,14
2026-04-27 17:50:00,18545,18570,18435,18435,167
2026-04-27 18:00:00,18445,18510,18305,18450,178
2026-04-27 18:10:00,18420,18420,18320,18390,42
2026-04-27 18:20:00,18390,18455,18355,18455,174
2026-04-27 18:30:00,18435,18435,18435,18435,6
2026-04-27 18:40:00,18395,18475,18395,18405,113
2026-04-27 18:50:00,18390,18465,18390,18465,89
2026-04-27 19:00:00,18455,18455,18440,18445,101
2026-04-27 19:30:00,18400,18460,18395,18460,15
2026-04-27 19:40:00,18460,18460,18460,18460,4
2026-04-27 19:50:00,18410,18410,18375,18375,10
2026-04-27 20:00:00,18365,18365,18365,18365,74
2026-04-27 20:10:00,18375,18445,18375,18445,4
2026-04-27 20:20:00,18445,18450,18380,18450,7
2026-04-27 20:40:00,18460,18460,18395,18395,24
2026-04-27 20:50:00,18380,18380,18380,18380,1
2026-04-27 21:00:00,18370,18370,18370,18370,12
2026-04-27 21:20:00,18430,18435,18430,18435,5
2026-04-27 21:30:00,18395,18395,18200,18305,113
2026-04-27 21:40:00,18240,18245,18240,18245,4
2026-04-27 21:50:00,18245,18245,18175,18175,31
2026-04-27 22:00:00,18355,18355,18205,18205,4
2026-04-27 22:10:00,18210,18355,18210,18220,6
2026-04-27 22:20:00,18220,18350,18220,18350,24
2026-04-27 22:30:00,18350,18515,18350,18415,35
2026-04-27 22:40:00,18475,18475,18125,18420,191
2026-04-27 22:50:00,18335,18335,18335,18335,2
2026-04-27 23:00:00,18335,18335,18335,18335,1
2026-04-27 23:10:00,18225,18310,18205,18205,31
2026-04-27 23:20:00,18210,18220,18210,18215,44
2026-04-27 23:30:00,18295,18295,18295,18295,1
2026-04-27 23:40:00,18215,18215,18215,18215,1
2026-04-28 08:50:00,18510,18510,18510,18510,22
2026-04-28 09:00:00,18510,18690,18465,18690,416
2026-04-28 09:10:00,18670,18685,18525,18525,127
2026-04-28 09:20:00,18520,18520,18430,18430,132
2026-04-28 09:30:00,18425,18465,18395,18465,57
2026-04-28 09:40:00,18470,18520,18470,18520,8
2026-04-28 09:50:00,18525,18550,18480,18480,96
2026-04-28 10:00:00,18560,18595,18500,18540,84
2026-04-28 10:10:00,18520,18525,18520,18520,17
2026-04-28 10:20:00,18500,18500,18460,18460,37
2026-04-28 10:30:00,18515,18535,18515,18535,62
2026-04-28 10:40:00,18505,18505,18490,18490,33
2026-04-28 10:50:00,18495,18515,18495,18515,21
2026-04-28 11:00:00,18500,18500,18470,18470,13
2026-04-28 11:10:00,18465,18465,18405,18405,65
2026-04-28 11:20:00,18460,18460,18460,18460,1
2026-04-28 11:30:00,18485,18485,18485,18485,2
2026-04-28 11:40:00,18460,18460,18460,18460,12
2026-04-28 11:50:00,18495,18515,18495,18515,19
2026-04-28 12:00:00,18510,18515,18510,18515,20
2026-04-28 12:10:00,18475,18475,18475,18475,2
2026-04-28 12:20:00,18475,18480,18475,18480,15
2026-04-28 12:30:00,18485,18485,18470,18470,33
2026-04-28 12:40:00,18440,18440,18400,18405,106
2026-04-28 12:50:00,18400,18420,18395,18395,206
2026-04-28 13:10:00,18410,18430,18405,18405,93
2026-04-28 13:20:00,18435,18540,18435,18540,60
2026-04-28 13:30:00,18535,18610,18535,18575,76
2026-04-28 13:40:00,18550,18575,18505,18505,33
2026-04-28 13:50:00,18525,18535,18510,18520,14
2026-04-28 14:00:00,18550,18550,18550,18550,1
2026-04-28 14:20:00,18525,18525,18450,18465,51
2026-04-28 14:30:00,18460,18460,18365,18385,158
2026-04-28 14:40:00,18415,18430,18405,18405,14
2026-04-28 14:50:00,18400,18425,18345,18425,65
2026-04-28 15:00:00,18425,18515,18425,18470,112
2026-04-28 15:10:00,18465,18500,18460,18490,28
2026-04-28 15:20:00,18495,18505,18495,18505,6
2026-04-28 15:30:00,18510,18515,18495,18495,16
2026-04-28 15:40:00,18495,18565,18485,18565,44
2026-04-28 15:50:00,18560,18585,18555,18560,33
2026-04-28 16:00:00,18555,18585,18520,18525,83
2026-04-28 16:20:00,18540,18640,18540,18610,99
2026-04-28 16:30:00,18590,18635,18580,18625,43
2026-04-28 16:40:00,18625,18670,18625,18630,164
2026-04-28 16:50:00,18630,18630,18600,18600,23
2026-04-28 17:00:00,18600,18600,18595,18595,2
2026-04-28 17:10:00,18625,18625,18590,18590,37
2026-04-28 17:20:00,18630,18630,18630,18630,12
2026-04-28 17:30:00,18590,18595,18575,18575,22
2026-04-28 17:40:00,18575,18595,18575,18575,18
2026-04-28 17:50:00,18575,18575,18495,18565,53
2026-04-28 18:00:00,18590,18625,18580,18620,34
2026-04-28 18:10:00,18630,18660,18630,18660,88
2026-04-28 18:30:00,18665,18680,18665,18680,86
2026-04-28 18:40:00,18675,18750,18665,18730,139
2026-04-28 18:50:00,18710,18790,18710,18730,119
2026-04-28 19:00:00,18725,18750,18720,18725,18
2026-04-28 19:10:00,18725,18750,18695,18695,47
2026-04-28 19:20:00,18725,18780,18715,18770,47
2026-04-28 19:30:00,18750,18770,18730,18730,36
2026-04-28 19:40:00,18750,18750,18705,18705,18
2026-04-28 19:50:00,18705,18725,18705,18725,5
2026-04-28 20:00:00,18735,18750,18675,18675,33
2026-04-28 20:10:00,18700,18700,18700,18700,3
2026-04-28 20:20:00,18700,18700,18700,18700,1
2026-04-28 20:30:00,18675,18675,18675,18675,27
2026-04-28 20:40:00,18700,18700,18670,18670,204
2026-04-28 20:50:00,18670,18670,18625,18645,56
2026-04-28 21:00:00,18620,18780,18530,18775,153
2026-04-28 21:10:00,18670,18675,18670,18675,2
2026-04-28 21:20:00,18675,18695,18650,18695,15
2026-04-28 21:30:00,18695,18695,18695,18695,6
2026-04-28 21:40:00,18695,18695,18695,18695,1
2026-04-28 21:50:00,18695,18695,18645,18645,2
2026-04-28 22:00:00,18645,18645,18645,18645,2
2026-04-28 22:10:00,18695,18780,18695,18740,43
2026-04-28 22:30:00,18745,18780,18745,18770,16
2026-04-28 22:40:00,18770,18845,18770,18830,37
2026-04-28 22:50:00,18830,18830,18765,18765,14
2026-04-28 23:00:00,18825,18825,18765,18765,2
2026-04-28 23:10:00,18760,18760,18760,18760,5
2026-04-28 23:20:00,18760,18760,18745,18745,26
2026-04-28 23:30:00,18765,18820,18765,18815,15
2026-04-28 23:40:00,18820,18880,18805,18840,81
2026-04-29 08:50:00,18835,18835,18835,18835,1
2026-04-29 09:00:00,18730,18740,18485,18735,172
2026-04-29 09:10:00,18740,18740,18700,18730,27
2026-04-29 09:20:00,18700,18720,18675,18675,15
2026-04-29 09:50:00,18675,18675,18655,18655,31
2026-04-29 10:00:00,18710,18730,18710,18730,14
2026-04-29 10:10:00,18735,18740,18680,18710,94
2026-04-29 10:30:00,18685,18805,18680,18805,122
2026-04-29 10:40:00,18755,18760,18680,18760,46
2026-04-29 10:50:00,18700,18780,18695,18735,36
2026-04-29 11:00:00,18740,18765,18705,18705,12
2026-04-29 11:10:00,18705,18705,18690,18690,12
2026-04-29 11:20:00,18685,18685,18680,18680,11
2026-04-29 11:30:00,18730,18730,18680,18680,15
2026-04-29 11:50:00,18705,18735,18675,18675,35
2026-04-29 12:20:00,18680,18680,18680,18680,3
2026-04-29 12:30:00,18680,18700,18680,18680,3
2026-04-29 12:40:00,18680,18680,18675,18675,10
2026-04-29 12:50:00,18675,18680,18660,18660,55
2026-04-29 13:00:00,18655,18675,18655,18675,6
2026-04-29 13:40:00,18655,18665,18655,18655,38
2026-04-29 13:50:00,18675,18675,18675,18675,2
2026-04-29 14:00:00,18685,18700,18685,18700,13
2026-04-29 14:10:00,18685,18685,18685,18685,10
2026-04-29 14:20:00,18685,18685,18685,18685,10
2026-04-29 14:30:00,18670,18670,18645,18645,10
2026-04-29 14:40:00,18650,18650,18650,18650,1
2026-04-29 14:50:00,18650,18650,18650,18650,1
2026-04-29 15:00:00,18715,18740,18715,18740,7
2026-04-29 15:10:00,18685,18685,18670,18670,25
2026-04-29 15:20:00,18710,18730,18650,18715,256
2026-04-29 15:30:00,18720,18720,18675,18675,54
2026-04-29 15:50:00,18675,18695,18650,18650,82
2026-04-29 16:00:00,18645,18645,18500,18520,129
2026-04-29 16:10:00,18520,18630,18520,18630,137
2026-04-29 16:20:00,18615,18625,18575,18575,41
2026-04-29 16:30:00,18575,18575,18520,18555,63
2026-04-29 16:40:00,18520,18555,18510,18545,30
2026-04-29 16:50:00,18530,18530,18525,18525,9
2026-04-29 17:00:00,18520,18520,18405,18480,80
2026-04-29 17:10:00,18530,18580,18495,18550,52
2026-04-29 17:20:00,18530,18570,18500,18570,40
2026-04-29 17:30:00,18575,18605,18575,18605,14
2026-04-29 17:40:00,18610,18615,18610,18615,82
2026-04-29 18:10:00,18575,18575,18490,18490,36
2026-04-29 18:50:00,18500,18500,18450,18470,74
2026-04-29 19:00:00,18475,18495,18470,18495,212
2026-04-29 19:10:00,18485,18485,18485,18485,5
2026-04-29 19:20:00,18470,18490,18470,18490,11
2026-04-29 19:30:00,18495,18495,18495,18495,1
2026-04-29 19:40:00,18480,18480,18460,18465,49
2026-04-29 19:50:00,18455,18455,18450,18450,2
2026-04-29 20:00:00,18470,18470,18460,18460,38
2026-04-29 20:30:00,18535,18540,18535,18540,3
2026-04-29 20:40:00,18540,18540,18540,18540,2
2026-04-29 20:50:00,18505,18570,18480,18480,217
2026-04-29 21:20:00,18480,18480,18480,18480,10
2026-04-29 21:40:00,18535,18535,18535,18535,2
2026-04-29 22:10:00,18560,18575,18485,18500,16
2026-04-29 22:20:00,18490,18490,18435,18460,16
2026-04-29 23:00:00,18545,18545,18475,18475,4
2026-04-29 23:20:00,18475,18475,18475,18475,3
2026-04-30 09:00:00,18480,18480,18480,18480,1
2026-04-30 09:10:00,18545,18580,18545,18580,5
2026-04-30 09:20:00,18600,18600,18540,18540,11
2026-04-30 09:30:00,18570,18615,18540,18540,62
2026-04-30 09:50:00,18540,18550,18515,18515,9
2026-04-30 10:00:00,18535,18620,18535,18620,248
2026-04-30 10:10:00,18660,18660,18605,18605,6
2026-04-30 10:20:00,18645,18650,18610,18640,17
2026-04-30 10:30:00,18645,18760,18645,18740,36
2026-04-30 10:40:00,18760,18770,18735,18770,25
2026-04-30 10:50:00,18735,18735,18675,18685,247
2026-04-30 11:00:00,18675,18675,18675,18675,2
2026-04-30 11:10:00,18675,18705,18675,18705,5
2026-04-30 11:20:00,18670,18670,18595,18595,410
2026-04-30 11:30:00,18695,18695,18695,18695,1
2026-04-30 12:00:00,18680,18685,18650,18655,20
2026-04-30 12:20:00,18655,18700,18655,18700,151
2026-04-30 12:30:00,18710,18740,18710,18740,90
2026-04-30 12:40:00,18735,18745,18730,18730,116
2026-04-30 12:50:00,18740,18740,18740,18740,1
2026-04-30 13:10:00,18720,18720,18720,18720,10
2026-04-30 13:20:00,18735,18735,18735,18735,2
2026-04-30 13:40:00,18695,18695,18690,18690,4
2026-04-30 13:50:00,18675,18730,18675,18685,36
2026-04-30 14:10:00,18685,18685,18670,18670,100
2026-04-30 14:20:00,18695,18695,18695,18695,1
2026-04-30 14:30:00,18710,18710,18680,18680,3
2026-04-30 14:50:00,18695,18695,18695,18695,1
2026-04-30 15:00:00,18700,18700,18700,18700,6
2026-04-30 15:10:00,18700,18700,18700,18700,2
2026-04-30 15:20:00,18695,18715,18695,18700,9
2026-04-30 15:50:00,18700,18700,18700,18700,1
2026-04-30 16:00:00,18715,18740,18715,18740,22
2026-04-30 16:10:00,18700,18700,18700,18700,1
2026-04-30 16:20:00,18710,18710,18690,18690,9
2026-04-30 16:30:00,18725,18725,18725,18725,1
2026-04-30 17:10:00,18705,18705,18670,18675,25
2026-04-30 17:20:00,18690,18690,18625,18630,50
2026-04-30 17:30:00,18640,18640,18615,18615,19
2026-04-30 17:40:00,18615,18670,18615,18670,35
2026-04-30 18:00:00,18685,18705,18685,18705,17
2026-04-30 18:10:00,18710,18715,18710,18715,2
2026-04-30 18:20:00,18690,18690,18690,18690,2
2026-04-30 18:40:00,18685,18685,18630,18630,23
2026-04-30 18:50:00,18625,18625,18620,18620,12
2026-04-30 19:00:00,18620,18665,18620,18665,27
2026-04-30 19:20:00,18660,18660,18615,18615,74
2026-04-30 19:30:00,18655,18655,18655,18655,1
2026-04-30 19:40:00,18620,18620,18615,18615,4
2026-04-30 19:50:00,18655,18655,18605,18605,49
2026-04-30 20:00:00,18605,18605,18605,18605,1
2026-04-30 20:10:00,18605,18635,18525,18635,41
2026-04-30 20:20:00,18570,18570,18570,18570,1
2026-04-30 20:30:00,18570,18570,18570,18570,6
2026-04-30 20:40:00,18575,18610,18575,18610,9
2026-04-30 21:00:00,18655,18655,18655,18655,2
2026-04-30 21:20:00,18545,18545,18545,18545,2
2026-04-30 21:30:00,18545,18545,18530,18530,11
2026-04-30 22:00:00,18645,18645,18645,18645,1
2026-04-30 22:20:00,18585,18585,18585,18585,1
2026-04-30 22:40:00,18635,18635,18635,18635,1
2026-04-30 23:10:00,18595,18600,18595,18600,2
2026-04-30 23:20:00,18610,18635,18610,18635,20
2026-04-30 23:30:00,18635,18635,18540,18540,6
2026-04-30 23:40:00,18655,18660,18655,18660,3
2026-05-01 10:00:00,18695,18765,18690,18750,56
2026-05-01 10:10:00,18770,18770,18755,18770,31
2026-05-01 10:20:00,18800,18935,18780,18880,81
2026-05-01 10:30:00,18840,18840,18805,18815,131
2026-05-01 10:40:00,18850,18875,18840,18845,33
2026-05-01 10:50:00,18840,18840,18790,18795,21
2026-05-01 11:00:00,18805,18850,18805,18850,46
2026-05-01 11:10:00,18820,18820,18790,18795,30
2026-05-01 11:20:00,18795,18835,18795,18835,3
2026-05-01 11:40:00,18840,18840,18800,18800,2
2026-05-01 11:50:00,18800,18800,18780,18780,23
2026-05-01 12:10:00,18825,18845,18825,18845,140
2026-05-01 12:20:00,18795,18795,18795,18795,9
2026-05-01 12:30:00,18795,18795,18795,18795,1
2026-05-01 12:40:00,18795,18795,18795,18795,8
2026-05-01 12:50:00,18790,18790,18765,18765,8
2026-05-01 13:10:00,18760,18760,18755,18755,2
2026-05-01 13:20:00,18775,18775,18725,18725,14
2026-05-01 13:30:00,18740,18785,18740,18785,8
2026-05-01 13:40:00,18775,18790,18770,18790,10
2026-05-01 14:30:00,18790,18795,18790,18795,2
2026-05-01 14:40:00,18790,18795,18790,18795,11
2026-05-01 15:00:00,18775,18775,18550,18570,107
2026-05-01 15:10:00,18580,18695,18580,18695,219
2026-05-01 15:20:00,18670,18705,18665,18705,20
2026-05-01 15:50:00,18665,18685,18655,18680,15
2026-05-01 16:00:00,18655,18655,18645,18645,11
2026-05-01 16:10:00,18640,18640,18610,18635,62
2026-05-01 16:30:00,18605,18675,18590,18675,30
2026-05-01 16:40:00,18705,18710,18705,18710,34
2026-05-01 17:10:00,18680,18680,18660,18660,10
2026-05-01 17:20:00,18660,18660,18620,18650,43
2026-05-01 17:30:00,18620,18620,18535,18535,50
2026-05-01 17:40:00,18575,18575,18575,18575,1
2026-05-01 18:10:00,18630,18635,18630,18635,8
2026-05-01 18:30:00,18655,18670,18655,18665,33
2026-05-01 18:50:00,18620,18620,18540,18540,38
2026-05-01 19:10:00,18545,18545,18540,18540,90
2026-05-01 19:20:00,18570,18570,18570,18570,1
2026-05-01 20:20:00,18570,18570,18570,18570,1
2026-05-01 20:50:00,18625,18630,18620,18630,19
2026-05-01 21:00:00,18665,18670,18665,18670,18
2026-05-01 21:30:00,18760,18760,18760,18760,1
2026-05-01 22:30:00,18645,18645,18605,18605,30
2026-05-01 23:30:00,18610,18610,18610,18610,1
2026-05-02 10:00:00,18735,18735,18735,18735,1
2026-05-02 10:20:00,18685,18685,18685,18685,3
2026-05-02 11:10:00,18685,18685,18650,18650,3
2026-05-02 11:20:00,18645,18645,18645,18645,1
2026-05-02 11:50:00,18645,18645,18635,18635,3
2026-05-02 12:00:00,18655,18655,18655,18655,1
2026-05-02 15:30:00,18655,18655,18655,18655,2
2026-05-02 16:20:00,18690,18690,18690,18690,1
2026-05-02 17:20:00,18690,18710,18690,18705,6
2026-05-03 10:40:00,18625,18765,18625,18765,2
2026-05-03 10:50:00,18765,18765,18725,18725,13
2026-05-03 11:00:00,18720,18720,18655,18655,14
2026-05-03 11:10:00,18655,18660,18620,18620,34
2026-05-03 11:20:00,18665,18665,18655,18655,2
2026-05-03 11:30:00,18655,18660,18655,18660,5
2026-05-03 12:00:00,18660,18675,18660,18675,5
2026-05-03 12:10:00,18660,18660,18660,18660,10
2026-05-03 12:30:00,18665,18665,18665,18665,3
2026-05-03 13:00:00,18675,18675,18675,18675,1
2026-05-03 15:00:00,18625,18625,18600,18600,50
2026-05-03 16:30:00,18605,18605,18600,18600,13
2026-05-03 16:40:00,18595,18595,18370,18370,76
2026-05-03 16:50:00,18405,18405,18390,18390,4
2026-05-03 17:00:00,18570,18570,18570,18570,1
2026-05-03 17:20:00,18560,18595,18560,18595,20
2026-05-03 18:20:00,18565,18565,18565,18565,3
2026-05-03 18:30:00,18560,18560,18560,18560,1
2026-05-04 09:00:00,18575,18610,18575,18610,2
2026-05-04 09:10:00,18575,18690,18575,18690,18
2026-05-04 09:20:00,18665,18690,18570,18570,30
2026-05-04 09:30:00,18565,18565,18560,18560,2
2026-05-04 09:40:00,18560,18560,18560,18560,1
2026-05-04 10:00:00,18535,18535,18420,18420,8
2026-05-04 10:10:00,18425,18425,18425,18425,11
2026-05-04 10:20:00,18425,18425,18425,18425,1
2026-05-04 10:30:00,18460,18540,18460,18540,2
2026-05-04 10:50:00,18535,18570,18535,18570,54
2026-05-04 11:30:00,18505,18505,18465,18465,6
2026-05-04 11:50:00,18540,18540,18540,18540,2
2026-05-04 12:00:00,18550,18550,18550,18550,2
2026-05-04 13:00:00,18595,18605,18595,18605,3
2026-05-04 13:10:00,18570,18570,18570,18570,2
2026-05-04 13:30:00,18490,18490,18425,18425,26
2026-05-04 13:40:00,18435,18560,18435,18560,8
2026-05-04 14:20:00,18495,18495,18470,18470,12
2026-05-04 14:50:00,18470,18470,18425,18425,8
2026-05-04 15:00:00,18480,18480,18480,18480,1
2026-05-04 15:10:00,18430,18435,18425,18425,6
2026-05-04 15:20:00,18425,18450,18420,18450,36
2026-05-04 15:40:00,18420,18450,18420,18450,3
2026-05-04 16:00:00,18450,18460,18450,18460,5
2026-05-04 16:10:00,18455,18455,18455,18455,2
2026-05-04 16:20:00,18450,18450,18450,18450,4
2026-05-04 16:40:00,18455,18460,18455,18460,3
2026-05-04 17:00:00,18480,18535,18480,18535,13
2026-05-04 17:10:00,18485,18535,18485,18535,2
2026-05-04 17:20:00,18490,18490,18490,18490,1
2026-05-04 17:50:00,18520,18520,18490,18490,2
2026-05-04 18:20:00,18485,18485,18470,18470,4
2026-05-04 18:30:00,18465,18465,18175,18300,277
2026-05-04 18:40:00,18275,18340,18275,18280,45
2026-05-04 18:50:00,18235,18335,18205,18335,117
2026-05-04 19:00:00,18315,18315,18255,18255,20
2026-05-04 19:20:00,18260,18260,18260,18260,1
2026-05-04 19:50:00,18300,18300,18300,18300,1
2026-05-04 20:00:00,18295,18300,18295,18300,9
2026-05-04 20:10:00,18310,18410,18310,18405,31
2026-05-04 20:20:00,18405,18405,18405,18405,1
2026-05-04 20:30:00,18400,18425,18400,18425,6
2026-05-04 20:50:00,18320,18320,18305,18305,6
2026-05-04 21:00:00,18345,18345,18345,18345,1
2026-05-04 21:30:00,18345,18345,18345,18345,5
2026-05-04 22:00:00,18365,18365,18365,18365,1
2026-05-04 22:20:00,18395,18415,18395,18415,11
2026-05-04 22:50:00,18375,18375,18375,18375,1
2026-05-04 23:30:00,18355,18400,18335,18400,8
2026-05-04 23:40:00,18410,18415,18410,18415,3
2026-05-05 09:00:00,18510,18545,18510,18545,98
2026-05-05 09:10:00,18505,18505,18505,18505,3
2026-05-05 09:20:00,18545,18555,18545,18555,18
2026-05-05 09:30:00,18560,18560,18560,18560,5
2026-05-05 09:40:00,18570,18615,18570,18615,63
2026-05-05 10:00:00,18575,18705,18565,18705,118
2026-05-05 10:10:00,18625,18690,18625,18690,34
2026-05-05 10:20:00,18695,18700,18680,18680,7
2026-05-05 10:30:00,18705,18725,18695,18710,39
2026-05-05 10:40:00,18705,18705,18695,18695,259
2026-05-05 10:50:00,18690,18690,18685,18685,10
2026-05-05 11:00:00,18665,18730,18610,18730,38
2026-05-05 11:10:00,18705,18705,18680,18680,25
2026-05-05 11:30:00,18635,18635,18635,18635,4
2026-05-05 11:40:00,18635,18635,18635,18635,1
2026-05-05 11:50:00,18645,18645,18645,18645,7
2026-05-05 12:00:00,18645,18645,18645,18645,1
2026-05-05 12:30:00,18640,18640,18640,18640,1
2026-05-05 13:00:00,18685,18690,18660,18660,212
2026-05-05 13:10:00,18690,18740,18690,18730,237
2026-05-05 13:20:00,18750,18755,18715,18715,5
2026-05-05 13:30:00,18715,18755,18690,18690,55
2026-05-05 13:40:00,18690,18695,18690,18695,2
2026-05-05 13:50:00,18710,18740,18710,18720,16
2026-05-05 14:00:00,18700,18725,18695,18725,22
2026-05-05 14:10:00,18735,18735,18700,18705,5
2026-05-05 14:20:00,18705,18745,18705,18745,7
2026-05-05 14:30:00,18745,18770,18710,18715,44
2026-05-05 14:40:00,18745,18755,18725,18725,9
2026-05-05 14:50:00,18730,18730,18725,18730,13
2026-05-05 15:00:00,18715,18715,18715,18715,8
2026-05-05 15:20:00,18705,18705,18705,18705,1
2026-05-05 15:30:00,18710,18710,18710,18710,1
2026-05-05 15:40:00,18710,18710,18710,18710,1
2026-05-05 16:00:00,18710,18710,18710,18710,1
2026-05-05 16:10:00,18715,18715,18715,18715,17
2026-05-05 16:20:00,18710,18710,18705,18705,4
2026-05-05 16:30:00,18710,18735,18710,18735,51
2026-05-05 16:40:00,18750,18750,18730,18730,26
2026-05-05 16:50:00,18750,18750,18750,18750,2
2026-05-05 17:00:00,18770,18810,18770,18810,153
2026-05-05 17:10:00,18770,18770,18710,18710,104
2026-05-05 17:20:00,18720,18755,18720,18755,10
2026-05-05 17:30:00,18755,18755,18715,18715,2
2026-05-05 17:40:00,18715,18715,18710,18710,2
2026-05-05 17:50:00,18745,18750,18745,18750,4
2026-05-05 18:00:00,18750,18765,18745,18765,53
2026-05-05 18:10:00,18790,18835,18785,18835,247
2026-05-05 18:20:00,18835,18835,18785,18785,5
2026-05-05 18:40:00,18830,18830,18830,18830,5
2026-05-05 18:50:00,18815,18830,18815,18830,44
2026-05-05 19:00:00,18825,18830,18825,18825,5
2026-05-05 19:10:00,18835,18870,18815,18870,56
2026-05-05 19:20:00,18830,18830,18785,18785,6
2026-05-05 19:30:00,18835,18845,18780,18845,3
2026-05-05 20:00:00,18840,18840,18790,18790,2
2026-05-05 20:10:00,18790,18790,18770,18770,7
2026-05-05 20:20:00,18820,18820,18820,18820,1
2026-05-05 20:30:00,18830,18840,18830,18840,33
2026-05-05 20:40:00,18835,18845,18780,18780,59
2026-05-05 21:20:00,18785,18785,18780,18780,3
2026-05-05 21:30:00,18780,18780,18780,18780,2
2026-05-05 21:40:00,18780,18780,18735,18735,14
2026-05-05 21:50:00,18760,18760,18675,18750,30
2026-05-05 22:00:00,18750,18770,18750,18770,2
2026-05-05 22:40:00,18755,18755,18755,18755,1
2026-05-05 23:40:00,18765,18810,18765,18810,7
2026-05-06 08:50:00,18920,18920,18920,18920,1
2026-05-06 09:00:00,18965,19215,18910,19145,134
2026-05-06 09:10:00,19145,19145,19110,19140,100
2026-05-06 09:20:00,19130,19140,19115,19115,219
2026-05-06 09:30:00,19110,19165,19090,19130,55
2026-05-06 09:40:00,19090,19095,19085,19085,147
2026-05-06 09:50:00,19120,19130,19120,19130,2
2026-05-06 10:00:00,19080,19080,19060,19060,10
2026-05-06 10:10:00,19055,19055,19050,19050,53
2026-05-06 10:30:00,19070,19080,19045,19080,4
2026-05-06 10:40:00,19070,19075,19055,19075,28
2026-05-06 10:50:00,19075,19105,19075,19105,79
2026-05-06 11:00:00,19105,19105,19045,19045,39
2026-05-06 11:10:00,19085,19085,19035,19080,14
2026-05-06 11:20:00,19060,19060,19055,19055,2
2026-05-06 11:50:00,19065,19075,18995,18995,33
2026-05-06 12:00:00,19005,19010,18910,18930,111
2026-05-06 12:10:00,18960,18960,18905,18905,26
2026-05-06 12:20:00,18900,18955,18890,18955,26
2026-05-06 12:30:00,18960,18970,18960,18970,23
2026-05-06 12:40:00,18940,18950,18915,18950,60
2026-05-06 12:50:00,18920,18920,18890,18890,9
2026-05-06 13:00:00,18895,18895,18770,18855,224
2026-05-06 13:10:00,18830,18865,18820,18865,13
2026-05-06 13:20:00,18885,18935,18885,18895,11
2026-05-06 13:30:00,18920,18925,18920,18925,23
2026-05-06 13:40:00,18890,18925,18890,18920,12
2026-05-06 14:00:00,18875,18875,18845,18860,19
2026-05-06 14:10:00,18865,18865,18860,18860,4
2026-05-06 14:20:00,18895,18895,18895,18895,1
2026-05-06 14:30:00,18860,18860,18860,18860,51
2026-05-06 14:40:00,18860,18860,18860,18860,1
2026-05-06 15:10:00,18845,18860,18835,18860,24
2026-05-06 15:50:00,18865,18865,18860,18860,2
2026-05-06 16:00:00,18835,18835,18580,18580,171
2026-05-06 16:10:00,18620,18620,18530,18570,217
2026-05-06 16:20:00,18550,18550,18470,18525,336
2026-05-06 16:30:00,18525,18565,18525,18525,77
2026-05-06 16:40:00,18540,18550,18540,18540,234
2026-05-06 16:50:00,18505,18515,18490,18495,391
2026-05-06 17:00:00,18475,18485,18445,18445,18
2026-05-06 17:10:00,18510,18545,18480,18480,82
2026-05-06 17:30:00,18475,18510,18475,18510,55
2026-05-06 17:40:00,18495,18495,18420,18420,71
2026-05-06 17:50:00,18425,18425,18425,18425,1
2026-05-06 18:00:00,18455,18460,18455,18460,7
2026-05-06 18:10:00,18450,18450,18350,18415,453
2026-05-06 18:20:00,18420,18420,18385,18385,6
2026-05-06 18:30:00,18410,18410,18410,18410,1
2026-05-06 18:40:00,18445,18465,18445,18465,32
2026-05-06 18:50:00,18470,18515,18470,18475,28
2026-05-06 19:00:00,18475,18475,18440,18440,17
2026-05-06 19:10:00,18460,18465,18425,18465,12
2026-05-06 19:20:00,18470,18475,18470,18475,148
2026-05-06 19:50:00,18415,18415,18405,18405,2
2026-05-06 20:00:00,18410,18455,18410,18455,6
2026-05-06 20:10:00,18455,18455,18455,18455,1
2026-05-06 20:20:00,18450,18470,18450,18470,3
2026-05-06 20:40:00,18470,18470,18470,18470,1
2026-05-06 20:50:00,18465,18465,18350,18405,146
2026-05-06 21:00:00,18410,18410,18410,18410,1
2026-05-06 21:50:00,18540,18540,18435,18435,3
2026-05-06 22:00:00,18430,18430,18430,18430,1
2026-05-06 22:10:00,18425,18425,18425,18425,1
2026-05-06 22:50:00,18415,18415,18415,18415,1
2026-05-06 23:10:00,18420,18420,18415,18415,10
2026-05-06 23:30:00,18420,18420,18420,18420,1
2026-05-07 09:00:00,18490,18490,18490,18490,3
2026-05-07 09:10:00,18495,18495,18495,18495,1
2026-05-07 09:20:00,18495,18520,18495,18520,33
2026-05-07 09:30:00,18480,18525,18480,18490,7
2026-05-07 09:40:00,18525,18535,18525,18535,7
2026-05-07 09:50:00,18565,18570,18555,18555,16
2026-05-07 10:00:00,18565,18570,18565,18570,3
2026-05-07 10:10:00,18505,18505,18485,18485,11
2026-05-07 10:20:00,18470,18470,18370,18430,26
2026-05-07 10:30:00,18385,18385,18385,18385,1
2026-05-07 10:40:00,18440,18440,18440,18440,1
2026-05-07 10:50:00,18450,18450,18450,18450,8
2026-05-07 11:00:00,18455,18465,18455,18465,11
2026-05-07 11:20:00,18375,18375,18365,18365,18
2026-05-07 11:30:00,18345,18345,18175,18175,369
2026-05-07 11:40:00,18175,18210,18030,18180,410
2026-05-07 11:50:00,18210,18220,18170,18170,15
2026-05-07 12:00:00,18130,18185,18110,18185,20
2026-05-07 12:10:00,18185,18235,18170,18235,53
2026-05-07 12:30:00,18220,18220,18200,18200,3
2026-05-07 12:50:00,18245,18295,18240,18295,11
2026-05-07 13:00:00,18295,18295,18295,18295,2
2026-05-07 13:20:00,18265,18265,18265,18265,1
2026-05-07 13:40:00,18270,18270,18270,18270,4
2026-05-07 13:50:00,18290,18290,18290,18290,2
2026-05-07 14:00:00,18295,18300,18295,18300,5
2026-05-07 14:10:00,18305,18315,18305,18315,2
2026-05-07 14:20:00,18280,18295,18260,18295,5
2026-05-07 14:30:00,18255,18255,18250,18250,2
2026-05-07 14:40:00,18255,18255,18255,18255,2
2026-05-07 14:50:00,18255,18255,18245,18245,3
2026-05-07 15:00:00,18250,18250,18210,18230,16
2026-05-07 15:50:00,18250,18260,18250,18260,10
2026-05-07 16:00:00,18220,18275,18215,18215,57
2026-05-07 16:10:00,18250,18255,18250,18255,10
2026-05-07 16:30:00,18310,18355,18310,18355,8
2026-05-07 16:40:00,18310,18330,18310,18330,5
2026-05-07 16:50:00,18345,18365,18340,18365,23
2026-05-07 17:00:00,18335,18335,18335,18335,19
2026-05-07 17:10:00,18310,18310,18310,18310,4
2026-05-07 17:20:00,18280,18280,18280,18280,5
2026-05-07 17:40:00,18275,18305,18275,18305,29
2026-05-07 18:10:00,18355,18355,18355,18355,2
2026-05-07 18:40:00,18335,18335,18330,18330,6
2026-05-07 19:20:00,18300,18300,18300,18300,2
2026-05-07 19:30:00,18275,18275,18275,18275,7
2026-05-07 20:20:00,18300,18310,18255,18255,61
2026-05-07 20:50:00,18255,18260,18255,18260,8
2026-05-07 21:10:00,18260,18260,18160,18175,17
2026-05-07 21:20:00,18305,18325,18305,18325,4
2026-05-07 22:00:00,18230,18230,18230,18230,1
2026-05-07 22:20:00,18335,18335,18200,18200,10
2026-05-07 22:50:00,18295,18295,18295,18295,1
2026-05-07 23:10:00,18310,18310,18310,18310,5
2026-05-07 23:20:00,18325,18470,18325,18470,14
2026-05-07 23:30:00,18460,18460,18460,18460,1
2026-05-08 09:00:00,18270,18270,18110,18125,51
2026-05-08 09:10:00,18125,18125,18090,18090,31
2026-05-08 09:20:00,18105,18125,18075,18080,46
2026-05-08 09:30:00,18120,18125,18090,18090,3
2026-05-08 10:00:00,18145,18220,18140,18220,8
2026-05-08 10:10:00,18190,18190,18190,18190,1
2026-05-08 10:20:00,18235,18235,18220,18220,26
2026-05-08 10:50:00,18225,18230,18225,18230,17
2026-05-08 11:00:00,18200,18200,18185,18185,10
2026-05-08 11:10:00,18210,18210,18210,18210,3
2026-05-08 11:20:00,18260,18270,18260,18270,8
2026-05-08 11:40:00,18290,18290,18290,18290,1
2026-05-08 11:50:00,18290,18290,18290,18290,1
2026-05-08 12:00:00,18270,18270,18255,18255,4
2026-05-08 13:00:00,18255,18255,18255,18255,1
2026-05-08 14:00:00,18280,18280,18280,18280,1
2026-05-08 14:40:00,18275,18305,18275,18300,36
2026-05-08 14:50:00,18295,18295,18270,18270,8
2026-05-08 15:30:00,18260,18295,18260,18265,13
2026-05-08 15:50:00,18310,18310,18285,18310,7
2026-05-08 16:00:00,18265,18265,18235,18235,44
2026-05-08 16:20:00,18220,18220,18165,18190,11
2026-05-08 16:40:00,18200,18205,18200,18205,2
2026-05-08 16:50:00,18165,18165,18135,18135,9
2026-05-08 17:00:00,18140,18140,18095,18095,4
2026-05-08 17:10:00,18095,18135,18095,18135,3
2026-05-08 17:30:00,18120,18135,18090,18090,11
2026-05-08 17:50:00,18135,18135,18135,18135,1
2026-05-08 18:10:00,18085,18085,18075,18075,17
2026-05-08 18:50:00,18120,18120,18120,18120,1
2026-05-08 19:10:00,18135,18145,18135,18145,16
2026-05-08 19:20:00,18130,18130,18130,18130,1
2026-05-08 19:50:00,18135,18155,18135,18155,13
2026-05-08 20:30:00,18100,18100,18070,18070,33
2026-05-08 20:40:00,18130,18130,18065,18115,47
2026-05-08 20:50:00,18115,18145,18115,18145,94
2026-05-08 21:30:00,18105,18105,18105,18105,2
2026-05-08 22:00:00,18105,18210,18105,18210,6
2026-05-08 22:20:00,18210,18210,18210,18210,1
2026-05-08 22:40:00,18210,18215,18210,18215,9
2026-05-11 08:50:00,18270,18270,18270,18270,10
2026-05-11 09:00:00,18320,18320,18220,18220,16
2026-05-11 09:10:00,18330,18330,18330,18330,5
2026-05-11 09:30:00,18330,18330,18330,18330,2
2026-05-11 10:00:00,18325,18325,18295,18295,7
2026-05-11 10:10:00,18225,18225,18190,18190,10
2026-05-11 10:20:00,18250,18250,18250,18250,2
2026-05-11 10:30:00,18250,18250,18250,18250,2
2026-05-11 11:00:00,18295,18310,18295,18310,48
2026-05-11 11:10:00,18325,18350,18325,18350,6
2026-05-11 11:20:00,18370,18370,18370,18370,2
2026-05-11 11:30:00,18370,18370,18370,18370,31
2026-05-11 11:50:00,18370,18380,18370,18380,10
2026-05-11 12:20:00,18380,18380,18380,18380,25
2026-05-11 13:10:00,18390,18390,18390,18390,1
2026-05-11 13:20:00,18385,18385,18360,18360,5
2026-05-11 13:40:00,18355,18355,18355,18355,2
2026-05-11 13:50:00,18370,18370,18360,18360,8
2026-05-11 14:20:00,18380,18380,18380,18380,3
2026-05-11 14:30:00,18390,18390,18390,18390,1
2026-05-11 14:40:00,18370,18370,18370,18370,10
2026-05-11 14:50:00,18390,18390,18390,18390,1
2026-05-11 15:00:00,18400,18400,18360,18360,27
2026-05-11 15:10:00,18365,18370,18355,18360,27
2026-05-11 15:20:00,18350,18350,18350,18350,1
2026-05-11 16:00:00,18370,18370,18320,18320,38
2026-05-11 16:10:00,18325,18325,18310,18310,3
2026-05-11 16:20:00,18275,18275,18220,18220,74
2026-05-11 16:30:00,18250,18250,18250,18250,2
2026-05-11 16:40:00,18280,18305,18280,18305,15
2026-05-11 17:00:00,18315,18315,18315,18315,4
2026-05-11 17:10:00,18295,18295,18295,18295,2
2026-05-11 17:20:00,18295,18295,18295,18295,1
2026-05-11 17:30:00,18335,18335,18300,18300,7
2026-05-11 17:40:00,18330,18330,18330,18330,3
2026-05-11 18:00:00,18370,18390,18370,18390,5
2026-05-11 18:10:00,18420,18420,18420,18420,1
2026-05-11 18:20:00,18440,18470,18430,18430,5
2026-05-11 18:30:00,18470,18480,18470,18480,30
2026-05-11 18:40:00,18475,18480,18475,18475,23
2026-05-11 18:50:00,18485,18495,18485,18495,6
2026-05-11 19:00:00,18465,18465,18465,18465,2
2026-05-11 19:10:00,18460,18460,18460,18460,1
2026-05-11 19:20:00,18435,18435,18435,18435,2
2026-05-11 20:00:00,18435,18480,18435,18450,79
2026-05-11 20:30:00,18450,18450,18450,18450,5
2026-05-11 20:50:00,18490,18490,18465,18465,6
2026-05-11 21:10:00,18460,18460,18460,18460,1
2026-05-11 21:20:00,18460,18470,18460,18470,5
2026-05-11 22:00:00,18455,18455,18455,18455,3
2026-05-11 22:40:00,18445,18445,18435,18435,10
2026-05-11 23:00:00,18450,18450,18450,18450,18
2026-05-11 23:20:00,18445,18445,18445,18445,1
2026-05-11 23:30:00,18445,18450,18445,18450,4
2026-05-12 08:50:00,18395,18395,18395,18395,1
2026-05-12 09:00:00,18280,18370,18145,18205,54
2026-05-12 09:10:00,18180,18205,18180,18200,12
2026-05-12 09:20:00,18175,18185,18080,18110,161
2026-05-12 09:30:00,18075,18075,17970,18000,116
2026-05-12 09:40:00,18045,18115,18045,18060,20
2026-05-12 09:50:00,18120,18125,18070,18070,6
2026-05-12 10:10:00,18130,18130,18130,18130,4
2026-05-12 10:20:00,18145,18195,18105,18165,58
2026-05-12 10:30:00,18160,18160,18055,18055,17
2026-05-12 10:40:00,18050,18065,18040,18065,13
2026-05-12 10:50:00,18085,18085,18035,18085,28
2026-05-12 11:00:00,18140,18155,18080,18115,53
2026-05-12 11:10:00,18120,18130,18120,18130,2
2026-05-12 11:20:00,18135,18140,18135,18140,8
2026-05-12 11:30:00,18150,18155,18135,18135,26
2026-05-12 11:40:00,18160,18160,18160,18160,32
2026-05-12 11:50:00,18150,18150,18150,18150,1
2026-05-12 12:00:00,18150,18150,18150,18150,4
2026-05-12 12:10:00,18160,18165,18160,18165,2
2026-05-12 12:20:00,18170,18170,18170,18170,12
2026-05-12 12:40:00,18170,18170,18150,18150,2
2026-05-12 12:50:00,18135,18135,18090,18090,54
2026-05-12 13:10:00,18110,18135,18110,18135,5
2026-05-12 13:20:00,18120,18135,18120,18135,4
2026-05-12 13:50:00,18110,18135,18110,18135,18
2026-05-12 14:40:00,18140,18180,18140,18180,3
2026-05-12 14:50:00,18125,18125,18090,18090,92
2026-05-12 15:00:00,18090,18115,18090,18115,5
2026-05-12 15:10:00,18095,18095,18090,18090,6
2026-05-12 15:20:00,18135,18135,18135,18135,1
2026-05-12 15:30:00,18150,18180,18150,18180,6
2026-05-12 15:40:00,18190,18190,18130,18150,4
2026-05-12 15:50:00,18170,18170,18170,18170,1
2026-05-12 16:00:00,18160,18160,18075,18090,18
2026-05-12 16:10:00,18090,18090,17985,17990,57
2026-05-12 16:20:00,18045,18050,17995,17995,9
2026-05-12 16:30:00,18065,18130,18060,18115,18
2026-05-12 16:40:00,18145,18160,18110,18155,14
2026-05-12 16:50:00,18145,18145,18145,18145,2
2026-05-12 17:00:00,18135,18150,18135,18150,4
2026-05-12 17:10:00,18150,18155,18150,18155,13
2026-05-12 17:30:00,18185,18185,18185,18185,11
2026-05-12 17:40:00,18180,18185,18180,18185,3
2026-05-12 18:10:00,18150,18150,18150,18150,3
2026-05-12 18:20:00,18150,18150,18100,18100,2
2026-05-12 19:30:00,18125,18125,18125,18125,2
2026-05-12 20:40:00,18110,18150,18110,18145,26
2026-05-12 21:00:00,18145,18145,18145,18145,1
2026-05-12 21:20:00,18150,18150,18150,18150,1
2026-05-12 21:30:00,18150,18180,18150,18180,13
2026-05-12 22:40:00,18215,18215,18195,18195,3
2026-05-12 22:50:00,18215,18215,18215,18215,1
2026-05-12 23:10:00,18215,18215,18215,18215,1
2026-05-12 23:30:00,18195,18275,18195,18275,24
2026-05-13 09:00:00,18320,18370,18320,18370,7
2026-05-13 09:10:00,18370,18370,18370,18370,1
2026-05-13 09:20:00,18335,18335,18310,18310,118
2026-05-13 09:30:00,18310,18310,18300,18300,3
2026-05-13 09:40:00,18345,18345,18345,18345,1
2026-05-13 10:00:00,18360,18360,18360,18360,5
2026-05-13 10:10:00,18350,18350,18345,18350,53
2026-05-13 10:20:00,18345,18345,18330,18340,43
2026-05-13 10:30:00,18360,18360,18360,18360,4
2026-05-13 10:40:00,18340,18340,18340,18340,4
2026-05-13 10:50:00,18340,18340,18340,18340,9
2026-05-13 11:10:00,18365,18365,18365,18365,20
2026-05-13 11:20:00,18345,18345,18325,18325,7
2026-05-13 11:30:00,18355,18385,18355,18385,126
2026-05-13 11:50:00,18330,18330,18330,18330,1
2026-05-13 12:10:00,18315,18315,18310,18310,3
2026-05-13 12:40:00,18320,18360,18320,18360,14
2026-05-13 12:50:00,18350,18350,18350,18350,12
2026-05-13 13:00:00,18355,18410,18355,18410,60
2026-05-13 13:50:00,18410,18450,18410,18440,36
2026-05-13 14:00:00,18445,18445,18445,18445,5
2026-05-13 14:10:00,18380,18380,18355,18355,50
2026-05-13 14:20:00,18375,18375,18370,18370,50
2026-05-13 14:40:00,18430,18430,18430,18430,2
2026-05-13 14:50:00,18435,18445,18425,18425,15
2026-05-13 15:00:00,18435,18435,18430,18430,35
2026-05-13 15:20:00,18420,18440,18420,18440,9
2026-05-13 15:40:00,18400,18400,18400,18400,3
2026-05-13 15:50:00,18400,18400,18365,18365,11
2026-05-13 16:00:00,18365,18375,18315,18375,20
2026-05-13 16:10:00,18405,18405,18405,18405,4
2026-05-13 16:20:00,18400,18400,18400,18400,6
2026-05-13 16:30:00,18440,18450,18440,18450,20
2026-05-13 16:50:00,18455,18455,18455,18455,1
2026-05-13 17:10:00,18400,18400,18400,18400,1
2026-05-13 17:30:00,18395,18395,18395,18395,1
2026-05-13 17:40:00,18350,18350,18315,18315,20
2026-05-13 18:10:00,18350,18350,18350,18350,5
2026-05-13 18:20:00,18380,18380,18380,18380,22
2026-05-13 18:50:00,18400,18400,18400,18400,1
2026-05-13 19:00:00,18400,18400,18400,18400,2
2026-05-13 19:10:00,18405,18405,18390,18390,85
2026-05-13 19:50:00,18385,18385,18385,18385,1
2026-05-13 20:20:00,18425,18425,18425,18425,1
2026-05-13 20:50:00,18385,18385,18385,18385,8
2026-05-13 22:20:00,18300,18300,18295,18295,10
2026-05-13 22:30:00,18295,18295,18295,18295,1
2026-05-13 22:40:00,18275,18275,18275,18275,1
2026-05-13 23:20:00,18275,18275,18195,18275,15
2026-05-14 08:50:00,18170,18170,18170,18170,1
2026-05-14 09:00:00,18140,18150,18005,18130,25
2026-05-14 09:10:00,18130,18140,18130,18135,5
2026-05-14 09:30:00,18100,18100,18090,18090,4
2026-05-14 09:40:00,18085,18085,18070,18070,101
2026-05-14 10:00:00,18070,18075,18065,18075,39
2026-05-14 10:20:00,18040,18055,18020,18055,23
2026-05-14 10:30:00,18095,18095,18095,18095,1
2026-05-14 10:40:00,18120,18170,18120,18160,13
2026-05-14 10:50:00,18180,18180,18180,18180,66
2026-05-14 11:00:00,18185,18185,18180,18180,25
2026-05-14 11:10:00,18175,18175,18155,18155,20
2026-05-14 11:50:00,18170,18170,18170,18170,1
2026-05-14 12:00:00,18140,18170,18140,18170,23
2026-05-14 12:10:00,18185,18185,18185,18185,7
2026-05-14 12:20:00,18185,18185,18185,18185,3
2026-05-14 12:30:00,18175,18175,18170,18170,2
2026-05-14 13:00:00,18170,18170,18170,18170,2
2026-05-14 13:20:00,18170,18170,18150,18150,7
2026-05-14 14:00:00,18180,18205,18180,18205,40
2026-05-14 14:10:00,18170,18170,18170,18170,2
2026-05-14 14:30:00,18205,18220,18205,18220,2
2026-05-14 14:40:00,18245,18245,18245,18245,19
2026-05-14 15:00:00,18270,18270,18270,18270,2
2026-05-14 15:10:00,18245,18245,18245,18245,4
2026-05-14 15:20:00,18215,18220,18215,18215,17
2026-05-14 15:30:00,18230,18255,18210,18210,49
2026-05-14 15:40:00,18215,18215,18195,18195,17
2026-05-14 16:10:00,18140,18140,18130,18130,2
2026-05-14 16:30:00,18130,18135,18130,18135,13
2026-05-14 16:40:00,18170,18170,18170,18170,2
2026-05-14 17:40:00,18160,18160,18125,18125,3
2026-05-14 18:00:00,18115,18115,18110,18110,10
2026-05-14 18:10:00,18120,18120,18120,18120,1
2026-05-14 18:30:00,18130,18135,18130,18135,4
2026-05-14 18:40:00,18095,18115,18080,18085,9
2026-05-14 18:50:00,18080,18080,18015,18065,62
2026-05-14 19:00:00,18070,18070,18070,18070,1
2026-05-14 19:20:00,18105,18105,18105,18105,1
2026-05-14 19:40:00,18110,18110,18110,18110,2
2026-05-14 21:00:00,18105,18105,18070,18070,6
2026-05-14 21:40:00,18110,18110,18075,18075,3
2026-05-14 22:00:00,18075,18075,18075,18075,1
2026-05-14 22:20:00,18110,18110,18110,18110,1
2026-05-14 23:10:00,18070,18070,18070,18070,1
2026-05-14 23:30:00,18105,18110,18105,18110,3
2026-05-14 23:40:00,18075,18075,18070,18070,14
2026-05-15 08:50:00,17920,17920,17920,17920,6
2026-05-15 09:00:00,17995,17995,17780,17840,64
2026-05-15 09:10:00,17855,17860,17855,17860,7
2026-05-15 09:20:00,17890,17890,17890,17890,3
2026-05-15 09:40:00,17880,17880,17880,17880,2
2026-05-15 10:00:00,17865,17920,17865,17920,11
2026-05-15 10:20:00,17900,17900,17885,17885,8
2026-05-15 10:30:00,17865,17865,17865,17865,5
2026-05-15 10:50:00,17850,17850,17850,17850,2
2026-05-15 11:00:00,17850,17850,17785,17785,52
2026-05-15 11:20:00,17785,17805,17780,17785,26
2026-05-15 11:30:00,17790,17790,17740,17750,183
2026-05-15 11:40:00,17765,17780,17765,17780,5
2026-05-15 11:50:00,17780,17780,17780,17780,1
2026-05-15 12:20:00,17780,17815,17780,17815,10
2026-05-15 12:40:00,17760,17760,17760,17760,4
2026-05-15 13:00:00,17795,17795,17795,17795,3
2026-05-15 13:10:00,17775,17775,17775,17775,1
2026-05-15 13:40:00,17805,17835,17805,17835,2
2026-05-15 13:50:00,17835,17870,17835,17870,7
2026-05-15 14:10:00,17830,17830,17830,17830,1
2026-05-15 14:20:00,17815,17815,17810,17810,2
2026-05-15 15:00:00,17805,17805,17780,17800,46
2026-05-15 15:10:00,17760,17760,17730,17735,132
2026-05-15 15:30:00,17735,17735,17735,17735,3
2026-05-15 15:40:00,17720,17720,17700,17700,11
2026-05-15 16:00:00,17710,17710,17620,17635,18
2026-05-15 16:10:00,17645,17715,17640,17675,16
2026-05-15 16:20:00,17765,17810,17765,17810,6
2026-05-15 16:30:00,17775,17775,17710,17710,8
2026-05-15 16:40:00,17680,17680,17680,17680,1
2026-05-15 17:00:00,17665,17690,17665,17690,2
2026-05-15 17:10:00,17705,17705,17705,17705,1
2026-05-15 17:20:00,17705,17735,17705,17730,23
2026-05-15 17:30:00,17725,17740,17725,17740,3
2026-05-15 17:50:00,17655,17660,17655,17660,76
2026-05-15 18:10:00,17680,17680,17680,17680,1
2026-05-15 18:20:00,17685,17685,17685,17685,1
2026-05-15 18:30:00,17690,17690,17690,17690,24
2026-05-15 18:40:00,17690,17690,17690,17690,2
2026-05-15 18:50:00,17680,17680,17675,17675,13
2026-05-15 19:00:00,17640,17640,17630,17630,325
2026-05-15 19:10:00,17625,17625,17625,17625,1
2026-05-15 19:40:00,17695,17715,17695,17715,10
2026-05-15 19:50:00,17660,17660,17660,17660,5
2026-05-15 20:10:00,17670,17730,17670,17680,5
2026-05-15 20:20:00,17680,17735,17680,17735,187
2026-05-15 20:30:00,17705,17740,17695,17695,14
2026-05-15 20:40:00,17685,17725,17675,17725,12
2026-05-15 21:00:00,17770,17770,17770,17770,1
2026-05-15 22:10:00,17835,17900,17810,17830,6
2026-05-15 22:40:00,17805,17805,17805,17805,1
2026-05-15 22:50:00,17805,17805,17805,17805,1
2026-05-15 23:10:00,17805,17805,17805,17805,1
2026-05-15 23:40:00,17840,17890,17800,17880,13
2026-05-16 10:00:00,18020,18050,18020,18050,14
2026-05-16 10:10:00,17835,17880,17600,17600,61
2026-05-16 10:20:00,17865,17865,17705,17705,2
2026-05-16 10:30:00,17665,17725,17615,17615,16
2026-05-16 10:40:00,17640,17645,17640,17645,6
2026-05-16 11:10:00,17730,17730,17730,17730,1
2026-05-16 12:00:00,17635,17635,17605,17605,10
2026-05-16 12:20:00,17640,17640,17640,17640,8
2026-05-16 14:40:00,17705,17730,17705,17730,5
2026-05-16 15:10:00,17710,17710,17710,17710,1
2026-05-16 15:20:00,17710,17710,17710,17710,4
2026-05-16 15:30:00,17685,17685,17685,17685,1
2026-05-16 18:10:00,17675,17675,17675,17675,1
