time,open,high,low,close,volume
1263157200000,86.56,88.17,85.51,86.69,149200144
1263243600000,86.55,86.77,84.9,85,130321911
1263330000000,84.3,87.23,84.1,86.61,128818253
1263416400000,87.5,87.87,86.75,87.55,111469807
1263502800000,87.5,88.67,87.16,88.15,142265882
1263762000000,87.85,90.65,87.79,90.49,179564888
1263848400000,90.5,92.2,88.8,92.02,269046039
1263934800000,92.02,92.49,90.42,90.62,220504796
1264021200000,91.25,91.65,88.92,89.18,219515040
1264107600000,88.47,89.06,85.75,86.5,221523568
1264366800000,85.68,88.8,85.33,88.07,175218687
1264453200000,87,87.05,84.95,85.84,196525690
1264539600000,85.61,88,85.07,86.64,207671907
1264626000000,88,88.75,86.5,87.15,173424564
1264712400000,86.44,88.8,86.01,88.41,188062134
1264971600000,87.6,88.1,86.85,87.69,146486262
1265058000000,88.4,88.44,87.34,88.05,129362901
1265144400000,88.7,89.8,87.99,88.08,188637261
1265230800000,88.1,88.47,84.33,84.77,192844303
1265317200000,83.2,84.19,80.89,83.09,275776811
1265576400000,83,84.05,79.01,79.01,250340447
1265662800000,80,80.89,78.1,80.35,318201013
1265749200000,81,83.44,79.42,81.49,280432428
1265835600000,83,83.82,81.58,82.67,277499389
1265922000000,83.4,83.62,79.28,80,207194388
1266181200000,80.02,81.3,79.47,80.38,114992349
1266267600000,81.02,83.3,80.84,83.25,169174695
1266354000000,83.86,83.94,82.13,82.47,168523860
1266440400000,82,82.15,78.35,79.89,255258078
1266526800000,78.02,79.79,76.58,79.17,286719443
1266958800000,78.55,79.32,75.4,75.99,230695318
1267045200000,75.61,76.07,73.23,74.88,262746851
1267131600000,75.65,76.1,74.54,75.15,201490162
1267218000000,75.2,76.54,74.85,76.3,59845665
1267390800000,77,80.62,76.71,80.26,300972082
1267477200000,80.06,83.09,79.91,82.44,290057418
1267563600000,82.44,83.64,80.91,82.92,251615541
1267650000000,82.25,83.6,81.4,82.95,236686746
1267736400000,83.59,87.4,83.45,87.2,291550420
1268082000000,87,89.65,86.4,89.41,298271693
1268168400000,89.15,90.1,87.04,87.14,243810254
1268254800000,87,88.67,86.44,87.41,213175264
1268341200000,88.02,89.7,87.62,89.1,205725200
1268600400000,88.3,89.63,87.63,87.82,186027743
1268686800000,88.44,89.3,87.7,89,184063882
1268773200000,90,90.47,88.76,89.35,161570883
1268859600000,89.03,90.92,88.38,89.7,277669266
1268946000000,90.1,90.48,87.82,88.04,186484206
1269205200000,87.5,87.69,85.87,86.34,173926805
1269291600000,87.03,87.2,85.11,86.03,186714211
1269378000000,86.5,87.37,84.75,86.95,225839510
1269464400000,86.73,87.29,85.3,86,181014651
1269550800000,86,86.45,84.47,84.6,152019864
1269810000000,84.5,86.05,84.05,85.46,147433740
1269896400000,85.85,86.65,84.33,85.1,160289490
1269982800000,84.88,87.1,84.45,85.8,203809645
1270069200000,86.4,88,86.11,87.83,156008440
1270155600000,88,88.86,87.43,88.18,101247584
1270414800000,88.5,88.82,87.62,88.6,99143883
1270501200000,88.5,89.14,87.45,88.6,142852789
1270587600000,88.6,88.95,86.3,86.3,147531158
1270674000000,86,86,84.4,84.94,147205350
1270760400000,85.47,87.85,85.18,86.88,149715742
1271019600000,87.75,88,85.84,86.54,112468368
1271106000000,85.73,88.26,85.63,87.2,163912792
1271192400000,88.1,89.48,87.88,89.2,152991399
1271278800000,89.7,90.27,88.63,89.3,121739284
1271365200000,88.67,89.89,86.75,86.99,118487026
1271624400000,85.6,85.8,82.81,85.2,180407293
1271710800000,85.98,87.37,85.36,86.7,143492723
1271797200000,87.2,88,84.9,85.5,146115041
1271883600000,85,86.35,83.24,84.45,189919899
1271970000000,85,86.01,83.4,84.42,173003547
1272229200000,85.45,85.84,84.52,84.81,133099137
1272315600000,84.33,84.36,82.32,82.93,148874206
1272402000000,81,81.43,78.92,79.53,244241044
1272488400000,80.16,81.19,79.42,80.95,155142025
1272574800000,81.01,81.38,77.82,78.6,152192205
1272920400000,79.2,80.09,75.46,75.85,223927170
1273006800000,75.16,77.44,73.5,75.17,280073484
1273093200000,74.79,76.99,73.53,73.85,289184874
1273179600000,70.96,72.7,69.51,70.35,377532396
1273525200000,73.6,75.1,71.15,75,303731251
1273611600000,74.3,82.3,74.1,81.93,375233259
1273698000000,82.73,84.73,79.42,80.8,396010049
1273784400000,79.8,80.55,76.92,77.43,234935445
1274043600000,75.3,77.45,74.85,76.01,323350490
1274130000000,76.99,78.28,75.7,77.12,301447324
1274216400000,75.5,75.88,73.43,73.68,263484767
1274302800000,74,75.3,69.23,69.9,378569560
1274389200000,70.5,71.74,67.16,69.3,449006684
1274648400000,71,71.71,69.13,69.96,287984237
1274734800000,67.4,67.64,63.81,64.33,314268013
1274821200000,66.19,69.39,65.6,69.12,517825652
1274907600000,69.35,71.76,68.1,70.65,412221134
1274994000000,71.2,72.07,69.8,70.2,271758032
1275253200000,70.27,71.43,69.93,71,111332736
1275339600000,70.4,71.6,68.08,70.7,249071732
1275426000000,69.51,71.26,68.92,70.95,310762682
1275512400000,73,73.26,72,72.01,225153654
1275598800000,72.3,73.53,69.5,70.25,305285507
1275858000000,67.65,71.74,67.4,71.14,270930219
1275944400000,71.99,72.49,70.18,70.95,309313364
1276030800000,71.72,72.57,70.63,71.9,254071466
1276117200000,72.06,73.35,70.77,73.29,251711305
1276203600000,73.75,73.8,71.35,72.19,192746032
1276549200000,72.65,76,72.24,76,242082162
1276635600000,77,77.44,75.31,76.71,264342433
1276722000000,76.36,79.74,76.13,78.5,341856181
1276808400000,78.88,80.3,77.43,80.3,231283301
1277067600000,82,84.56,81.8,84.02,213279036
1277154000000,83.01,83.9,81.03,82.41,256580028
1277240400000,81.51,83.05,80.55,80.85,173907932
1277326800000,81.75,82.08,79.93,80.28,181469258
1277413200000,80.01,80.37,77.7,78,197010494
1277672400000,78.52,80.7,78.23,80.13,169068031
1277758800000,79,79,76.44,77.5,177491330
1277845200000,77.1,78.43,76.05,76.5,279914202
1277931600000,75.01,75.5,71.79,71.9,238132128
1278018000000,73.19,73.93,71.5,72.98,275095930
1278277200000,73.06,73.79,72.76,73.37,94778049
1278363600000,74.15,76.77,74,76.7,218552099
1278450000000,75.67,77.53,74.05,77.49,269657516
1278536400000,78.9,79.45,77.13,77.18,244471129
1278622800000,78.2,78.59,76,77.66,184961602
1278882000000,77,80.25,76.95,79.8,236060133
1278968400000,79.4,82.7,79.11,82.47,266859709
1279054800000,83,83.47,81.67,82.06,229084622
1279141200000,82.22,84.27,80.55,80.76,288413414
1279227600000,81.1,81.75,78.43,79.07,242516787
1279486800000,78.65,80.83,78.5,80.5,168773074
1279573200000,81.2,81.7,78.69,79.8,199892620
1279659600000,80.7,82.26,80.38,81.9,225537883
1279746000000,81,84.05,80.81,83.93,239728498
1279832400000,84,84.2,82.36,83.01,209419525
1280091600000,84.1,84.72,83.1,84.19,168866750
1280178000000,84.22,85.74,83.55,84.62,209534194
1280264400000,84.9,85.6,83.81,84.28,193947538
1280350800000,84.5,86.7,84.21,86.58,165124914
1280437200000,85.9,86.17,83.1,84.56,180445211
1280696400000,85.4,86.84,85.39,86.58,157548448
1280782800000,86.85,86.9,85.43,85.84,137192088
1280869200000,85.45,86.73,84.6,85.84,166965471
1280955600000,85.91,86.19,83.93,84.3,161368871
1281042000000,84.8,84.98,82.46,82.83,146647425
1281301200000,83.5,84.2,83.06,83.68,103460399
1281387600000,83.1,83.28,81.62,82.8,132899617
1281474000000,81.94,82.23,80.52,80.93,141721813
1281560400000,80.22,81.68,79.84,80.92,174055044
1281646800000,82,82.28,79.92,80.71,159775648
1281906000000,81.15,81.39,79.01,79.97,155733478
1281992400000,80.4,81.47,79.88,81.26,151199205
1282078800000,81.16,81.26,79.81,80.6,133762795
1282165200000,81.15,81.75,79.31,79.4,164823318
1282251600000,79.4,79.92,78.04,78.37,152472041
1282510800000,78.49,78.96,77.27,77.95,149927797
1282597200000,77.4,77.41,75.2,75.4,178429176
1282683600000,75.2,76.45,73.55,73.99,224036560
1282770000000,74.99,76.75,74.55,76.62,247165773
1282856400000,76.05,77.35,75.25,77.01,219280872
1283115600000,78,78.17,77.11,77.3,115973037
1283202000000,76.03,78.45,75.72,78.31,156077246
1283288400000,78.55,80.56,77.6,80.42,188134726
1283374800000,80.43,81.25,79.94,80.63,166018543
1283461200000,80.7,82.35,80.27,81.72,172225993
1283720400000,82.11,82.4,81.56,81.74,60616188
1283806800000,81.36,81.4,79.77,79.95,132463379
1283893200000,79.66,82.31,79.42,82.18,210631323
1283979600000,82.02,84.5,81.99,83.66,217947911
1284066000000,83.35,84.19,82.73,83.36,130481879
1284325200000,84.61,85.16,84.45,84.59,139737215
1284411600000,84.23,85.86,84,84.5,210460821
1284498000000,84.23,84.67,83.37,84.45,158565396
1284584400000,84,84.8,82.83,83,161719713
1284670800000,83.72,84.1,82.05,82.15,125661791
1284930000000,82.5,83.43,81.65,83.37,124949259
1285016400000,83.5,84.32,83.14,83.84,100486042
1285102800000,83.87,83.89,82.5,82.73,137482594
1285189200000,82.85,84.37,82.66,84.3,165836113
1285275600000,83.9,85,83.62,84.81,146326378
1285534800000,85.25,85.44,83.41,83.66,124657145
1285621200000,83.26,83.95,82.54,83.06,125555628
1285707600000,83.45,84.62,83.27,83.9,135777836
1285794000000,83.7,86.15,83.61,86.08,157234837
1285880400000,85.9,89.92,85.72,89.09,332497240
1286139600000,89.3,90.77,88.95,89.88,194116829
1286226000000,89.8,92.05,89.42,91.97,198933551
1286312400000,92.51,92.99,90.71,91.2,210679688
1286398800000,91.48,91.72,90.09,90.4,145184294
1286485200000,90.22,90.57,89.15,90.5,125265331
1286744400000,90.98,91.8,90.91,91.74,64367686
1286830800000,90.9,91.38,90.07,90.9,130463869
1286917200000,91.61,92.54,90.73,91.3,224522972
1287003600000,91.8,92.47,90.94,91.47,174933487
1287090000000,91.21,92.53,90.54,92.53,167179901
1287349200000,92,95.1,91.74,94.96,226993882
1287435600000,95.09,97.35,94.91,95.37,258837908
1287522000000,94.97,97.82,94.65,97.7,206026144
1287608400000,97.86,103.5,97.45,103.31,384467605
1287694800000,103.4,104.44,101.3,101.9,240136905
1287954000000,103.5,104.2,102.22,102.3,132205725
1288040400000,102,102.34,99.79,101.42,156415796
1288126800000,101.22,101.44,99.67,99.72,138773378
1288213200000,100.47,101.09,99.16,99.35,151053464
1288299600000,99.04,101.87,98.35,101.36,170857229
1288558800000,102.37,103.06,101.61,101.85,145595372
1288645200000,102.2,103.35,101.73,102.35,97477001
1288731600000,102.59,103.75,102.38,103.3,98268642
1289163600000,105.58,106.47,103.76,103.95,157184534
1289250000000,103.75,105.08,103.07,103.59,155943617
1289336400000,102.98,103.57,100.2,100.44,215254638
1289422800000,101.38,101.44,97.53,98.4,233843753
1289509200000,97.11,98.43,95.86,97.94,233508942
1289595600000,97.36,97.87,97.05,97.8,24175706
1289768400000,98.17,99.51,97.52,99.2,145106810
1289854800000,98.24,98.33,95.02,95.26,243384333
1289941200000,94.74,97.55,94.74,97.2,279940569
1290027600000,98.2,99.71,97.96,99.66,225176730
1290114000000,99.75,99.93,97.77,98.7,170964435
1290373200000,99.74,100.71,98.9,99.15,168513234
1290459600000,98.31,99.34,97.35,98.5,221630895
1290546000000,98.97,101.55,97.67,101.31,219261599
1290632400000,101.4,103.1,100.78,102.6,173822312
1290718800000,102,102.39,99.95,101.36,175775832
1290978000000,102.26,103.01,100.38,100.71,163681100
1291064400000,101,101.95,99.62,101.51,161790608
1291150800000,102.11,103.77,101.66,103.34,167913467
1291237200000,103.99,104.31,101.6,103.64,226962277
1291323600000,103.75,104,102.08,103.03,175138963
1291582800000,103.49,105.93,102.95,105.56,252123948
1291669200000,106,108.3,105.73,107.37,249128445
1291755600000,106.53,108.9,104.65,104.67,276698625
1291842000000,106,106.26,104.5,104.63,204816498
1291928400000,104.96,105.59,103.95,104.92,110014872
1292187600000,105.84,107.99,105.48,107.45,136882979
1292274000000,107.16,108.1,106.31,107.25,149079640
1292360400000,106.99,108.25,105.94,107.7,159752615
1292446800000,107,107.96,106,106.3,114529382
1292533200000,106.8,107.17,105.44,105.7,90665041
1292792400000,105.5,106.4,105.11,105.6,95560115
1292878800000,106.16,106.84,105.71,106.8,87229299
1292965200000,106.95,107.64,106.66,106.78,74034699
1293051600000,107.01,107.25,106.52,106.99,42771708
1293138000000,107.08,107.2,106.02,106.23,34266824
1293397200000,106.25,106.39,105.01,105.12,41766666
1293483600000,105.35,105.6,104.37,104.47,59891225
1293570000000,104.82,105.06,103.25,104.35,65921459
1293656400000,104.39,104.68,103.5,104.18,54044346
1294693200000,105,105.3,102.5,103.78,168406876
1294779600000,104.5,107.15,103.87,107.08,158712647
1294866000000,107.35,108.87,106.04,107.54,202646796
1294952400000,107.1,108.13,106.54,107.21,111897736
1295211600000,107.32,109.88,107.15,109.57,129051807
1295298000000,109.57,110.95,107.8,108.08,183527344
1295384400000,108.9,109.18,107.37,107.66,135772907
1295470800000,106.85,106.95,105.15,105.21,163710824
1295557200000,105.5,106.25,104.27,105.61,184520051
1295816400000,106.02,106.02,102.61,104.05,139752929
1295902800000,104.4,106.63,104.4,105.98,174452721
1295989200000,106.55,108.65,106.4,108.6,161644704
1296075600000,109,109.92,107.16,107.74,185539296
1296162000000,107.36,108.44,106.17,106.38,115500592
1296421200000,105.79,106.14,104.06,105.9,163140511
1296507600000,106.45,107.07,105.17,106.4,156880794
1296594000000,107,107.35,103.53,104.3,196960580
1296680400000,104.41,105.25,102.82,103.88,145795677
1296766800000,104.36,104.78,102.38,102.8,142534225
1297026000000,103.36,103.56,101.25,103.18,153308269
1297112400000,103.1,103.86,100.51,101.42,184806342
1297198800000,101.6,102.23,99.25,99.86,174115609
1297285200000,99.8,99.84,96.26,96.3,237727992
1297371600000,96.42,101.64,96.2,101.04,317066273
1297630800000,102,103.09,100.83,101.29,195742623
1297717200000,101.49,102.92,99.32,99.51,186506270
1297803600000,100,101.85,98.65,100.6,208517235
1297890000000,101.65,102.85,100.15,100.9,167323686
1297976400000,101.2,101.89,99.9,100.82,130788454
1298235600000,100.82,102,99.82,100.49,118327600
1298322000000,99.5,99.5,97.24,98.51,190535862
1298494800000,97.2,98.14,95.5,97.2,253185087
1298581200000,98.18,100.39,97.54,100.34,173537011
1298840400000,100.82,102.47,99.87,102.1,172872541
1298926800000,102.5,103,99.62,99.89,194517470
1299013200000,99,99.87,97.85,99.5,155797080
1299099600000,100.2,102.35,100.05,101.99,182517510
1299186000000,102.4,102.59,99.82,100.33,148101060
1299272400000,100.46,101.78,100.03,101.55,41909580
1299618000000,101.85,103.48,101.43,102.91,205471730
1299704400000,102,102.56,99.42,99.77,198927020
1299790800000,99,100.16,97.25,98.75,240848030
1300050000000,97.94,99.8,96.85,97.1,215345190
1300136400000,95.25,95.71,93.71,95,299992170
1300222800000,96.01,97.17,93.91,94.47,250036360
1300309200000,95,98.3,94.66,98.19,235001610
1300395600000,99,100.3,97.79,100.16,250926500
1300654800000,100.99,101.56,99.52,100.54,209520610
1300741200000,100.7,101.5,99.76,100.3,194512590
1300827600000,100,101.22,99.5,101.1,179121390
1300914000000,101.49,105.15,101.1,105.09,300405520
1301000400000,105.4,107.15,105.13,106.94,259999140
1301259600000,106.5,106.89,105.55,106.23,124941030
1301346000000,106.01,107.65,105.57,106.26,178188040
1301432400000,107.15,107.95,106.62,106.93,134080750
1301518800000,107.03,107.6,106.31,106.65,113921210
1301605200000,106.77,109.1,106.45,108.72,182181370
1301864400000,108.81,109.55,108.04,108.43,163365480
1301950800000,108.5,108.6,105.88,106.85,176803510
1302037200000,107.1,108.36,106.66,107.99,138653300
1302123600000,107.6,107.88,106.42,106.98,130011960
1302210000000,107.6,109.17,107.51,109.1,156518950
1302469200000,109,109.76,107.51,108.48,126496150
1302555600000,107,107.28,104.56,104.88,170039540
1302642000000,105.55,106.47,103.64,106.29,240510560
1302728400000,105.9,106.74,103.8,106.43,163927510
1302814800000,106.4,107.2,105.06,105.92,115614900
1303074000000,105.28,105.36,99.77,100.34,188427990
1303160400000,100.58,102.12,100.56,101.61,157972640
1303246800000,102.63,103.68,102.32,102.84,150979180
1303333200000,103.76,103.97,101.91,102.66,110915840
1303419600000,102.75,104.37,102.61,103.92,69351870
1303678800000,104.35,104.58,101.55,101.83,98764570
1303765200000,101.24,102.33,99.91,101.5,137655280
1303851600000,102.15,102.37,100.02,100.17,131626440
1303938000000,101.87,102.09,99.26,101.14,159142010
1304024400000,100.76,100.8,99.36,100,91282620
1304370000000,99.9,100.17,97.55,97.7,120970010
1304456400000,97.51,99.56,96.04,96.4,200576050
1304542800000,97.2,98.22,95.16,95.61,194388310
1304629200000,95.41,98.29,94.66,98.2,212174190
1304974800000,97.8,99.27,97.16,97.35,146315250
1305061200000,98,98.75,96.5,96.78,135249030
1305147600000,95.9,97.39,95.15,96.7,183346350
1305234000000,97.5,98.4,96.83,97.99,132271680
1305493200000,97.04,98.47,96.75,97.91,137087380
1305579600000,98.1,98.69,95.89,96.07,144229780
1305666000000,97.2,97.77,96.3,97.17,117738280
1305752400000,97.9,97.94,96.41,96.53,118474330
1305838800000,96.59,97.13,93.93,94,159584510
1306098000000,93,93.03,91.5,91.65,146009210
1306184400000,92.05,93.94,91.93,93.62,154140430
1306270800000,92.6,95.3,92.25,95.25,138722550
1306357200000,96,96.19,94.33,95.7,148232070
1306443600000,96.2,97.35,95.8,97.1,137457630
1306702800000,96.92,97.66,96.65,97.4,50095440
1306789200000,98.1,98.95,97.48,97.59,122400010
1306875600000,98,98.11,96.15,96.73,111473090
1306962000000,95.7,97.04,95.28,96.91,114890120
1307048400000,96.95,97.3,94.19,95.02,149927040
1307307600000,95.1,96.84,93.26,95.9,152936660
1307394000000,95.75,97.11,95.4,96.25,129974910
1307480400000,96.02,96.59,94.51,95.9,148534400
1307566800000,96.4,99.42,95.53,99.22,177920170
1307653200000,98.75,99.32,97.47,97.55,118616990
1307998800000,98.29,98.59,97.21,97.7,116235940
1308085200000,97.6,98.78,97.06,97.7,132374760
1308171600000,96.74,97.05,95.62,96.97,139158940
1308258000000,96.54,96.97,95.25,95.33,109353160
1308517200000,94.8,95.1,94.3,94.76,87937420
1308603600000,95.29,96.6,95.28,96.05,102960150
1308690000000,96.2,96.29,95.15,95.74,68448010
1308776400000,94.79,96.1,93.86,94.19,144048920
1308862800000,95.38,97.2,95.07,97.15,180237050
1309122000000,96.6,97.32,95.67,96.54,111237920
1309208400000,96.8,99.25,96.54,99.15,156322610
1309294800000,99.3,100.05,98.8,99.47,139926970
1309381200000,99.5,100.25,99.25,100,128747820
1309467600000,100.01,104.85,99.84,104.5,316938780
1309726800000,104.99,105.3,104.17,104.72,119590680
1309813200000,104.79,105.44,103.91,104.3,139218500
1309899600000,104.55,104.98,103.25,104.36,135412510
1309986000000,105,107.7,104.82,107.62,192761880
1310072400000,107.41,107.48,104.9,105.27,160521770
1310331600000,104.82,104.9,102.31,102.46,153154000
1310418000000,101.5,102.73,100.81,102.55,227715690
1310504400000,103,104,102.01,103.89,159259090
1310590800000,103,104.96,102.51,104.31,160446150
1310677200000,103.9,105.89,103.35,105.46,193091740
1310936400000,105.02,105.36,101,101.3,204840310
1311022800000,101.75,102.99,101.42,102.34,153961040
1311109200000,103.21,103.44,101.68,101.9,123727160
1311195600000,102.27,103.14,99.86,103.03,256125270
1311282000000,103.5,103.87,101.44,101.8,187667070
1311541200000,100.71,102.82,100.14,102.62,141087020
1311627600000,102.82,103.47,101.7,102.21,128084270
1311714000000,102.18,103.09,101.53,101.62,110938840
1311800400000,101.12,102.84,100.98,102.64,121460900
1311886800000,101.99,102.7,100.92,101.75,109483880
1312146000000,103.1,104.1,102.55,102.75,134213380
1312232400000,102.4,102.96,101.72,102.47,125543680
1312318800000,101.4,102,99.21,99.47,197037040
1312405200000,100.1,100.78,98.51,98.6,245449440
1312491600000,95,98.27,94.12,95.85,322724990
1312750800000,93.17,95.03,89.39,89.76,269693890
1312837200000,87.19,92.7,81.74,91.56,475787740
1312923600000,93.3,94,84.03,85.16,432824850
1313010000000,87,88.18,79.21,83.72,438823260
1313096400000,84.96,86.67,81.72,85.5,364112060
1313355600000,86.7,88.39,85.76,88.06,197576790
1313442000000,87.46,87.46,84.53,86.45,197026720
1313528400000,86.66,87.45,85.12,87.05,207661880
1313614800000,85.85,85.9,80.18,81.59,262331740
1313701200000,79.9,80.22,75.95,78.78,396537890
1313960400000,77.2,80.85,76.12,78.73,275551960
1314046800000,79.7,80.73,75.58,77.44,345863940
1314133200000,77.77,78.83,75.87,78,319136630
1314219600000,78.55,81.53,78.03,78.9,412876100
1314306000000,79.57,79.86,76.25,77.79,331451880
1314565200000,79.29,81.77,79.02,81.7,232429870
1314651600000,82,83.55,81.21,82.15,271887060
1314738000000,82.94,85.05,82.2,84.93,287171750
1314824400000,84.7,85.36,82.81,85.09,301231260
1314910800000,83.81,84.29,82.03,82.4,237675470
1315170000000,81.49,81.96,79.96,80.2,233378760
1315256400000,79.5,81.48,79.4,80.45,296573410
1315342800000,81.7,84.42,81.42,83.67,267578380
1315429200000,84.03,85.6,83.2,85.57,327830520
1315515600000,84.82,85.48,82.9,83.2,265032890
1315774800000,81.37,81.66,78.6,79.63,298405070
1315861200000,80.95,81.31,78.35,80.41,314890280
1315947600000,79.24,81.45,78.73,80.04,266667560
1316034000000,81,82.39,80.5,80.9,322552270
1316120400000,81.78,82.48,80.16,81.49,285289070
1316379600000,80.9,81.1,79.71,80.07,211711300
1316466000000,80.07,82.59,80.03,81.8,299449870
1316552400000,81.6,81.99,80.86,81.72,193823910
1316638800000,79.82,79.9,73.76,73.8,383081750
1316725200000,73,73.37,67.16,69.99,463152830
1316984400000,68.98,71.99,66.02,69.4,451641490
1317070800000,71.59,72.85,71.02,72.72,355182190
1317157200000,71.71,72.3,70.79,71,241725490
1317243600000,70.35,75.74,69.94,74.7,413363890
1317330000000,74.24,75,70.06,70.44,394684060
1317589200000,68.4,69.87,67.07,68.2,317341990
1317675600000,67.12,68.79,60.91,62.65,458051540
1317762000000,64.99,65,61.1,62.79,533261920
1317848400000,63.86,66.2,63.55,65.8,464463130
1317934800000,66.76,68.48,66.56,68.22,369318650
1318194000000,68.77,70.6,67.04,70.6,318242130
1318280400000,70.7,71.08,69.12,70.1,324986780
1318366800000,69.75,74.69,69.61,74.11,467171260
1318453200000,73.7,76.49,73.62,75,533175840
1318539600000,75.74,80.88,74.16,80.72,619491270
1318798800000,81.6,84.55,78.75,79.1,572735700
1318885200000,78.5,79.58,75.85,78.19,579376160
1318971600000,79.13,81.76,78.8,80.74,487969800
1319058000000,79.16,82.38,78.09,80.84,546032640
1319144400000,81.5,82.17,80.1,81.9,304999220
1319403600000,83.23,84.53,82.39,84.29,359643880
1319490000000,84.3,84.34,80.71,82.09,339668770
1319576400000,81.55,85.38,81.54,83.55,392284520
1319662800000,85.23,86.95,85,85.46,358880750
1319749200000,86.48,86.79,84.05,85.4,345049430
1320008400000,84.5,85.14,81.81,81.88,277931430
1320094800000,80.72,81,76.48,77.2,357337540
1320181200000,77.7,79.5,76.4,78.92,431567530
1320267600000,77.6,81.22,75.85,80.9,516010050
1320613200000,81.04,82.68,80.08,82.53,316084930
1320699600000,82.48,84.98,82.16,84.22,287260010
1320786000000,85,86.09,78.68,78.7,498328310
1320872400000,77.5,81.62,76.52,80.4,565957610
1320958800000,81.9,81.9,79.02,80.8,313796490
1321218000000,81.9,82.43,79.68,80.12,323408070
1321304400000,79.92,80.88,78.52,80.6,344015240
1321390800000,79.6,81.1,79,79.75,299466310
1321477200000,79.75,81.63,77.65,80.45,419760950
1321563600000,78.95,80.65,78.33,80.03,262470430
1321822800000,79,79.37,75.85,75.99,293803290
1321909200000,76.4,77.76,75.1,76.4,272599350
1321995600000,75,77.44,74.42,76.8,335403030
1322082000000,76.73,77.29,73.82,73.82,177337880
1322168400000,75.31,78.75,73.75,78.6,318867810
1322427600000,80,83.07,79.52,83,320434010
1322514000000,83.52,83.75,81.83,82.58,251721600
1322600400000,82.1,87.69,81.03,87.55,448111280
1322686800000,88.63,89.9,86.41,87.7,392995200
1322773200000,88.15,91.28,86.5,89.5,410145150
1323032400000,89.56,90.52,88.96,89.93,202788430
1323118800000,89.04,89.32,85.75,85.9,306040560
1323205200000,86.87,87.65,83.75,85.25,356619320
1323291600000,85.59,87.84,85.3,85.99,281726700
1323378000000,84.12,84.63,81.65,82.4,329421190
1323637200000,83.51,84.8,79.17,79.9,267378540
1323723600000,79.81,82.89,78.03,82.72,388135530
1323810000000,81.9,83.65,80.36,80.8,352715630
1323896400000,79.9,82.55,79.39,82.27,326291450
1323982800000,82.7,83.38,80.51,80.63,222904100
1324242000000,80.1,82.4,78.92,81.8,244669450
1324328400000,81.49,82.75,80.12,82.71,214515410
1324414800000,83.46,83.77,80.15,80.22,241736430
1324501200000,81.41,81.41,79,79.99,178441460
1324587600000,80.6,81.1,79.65,80,123492000
1324846800000,80.48,81.95,80.13,81.42,87519430
1324933200000,81.32,81.75,79.52,80,83223050
1325019600000,79.99,80.2,79.03,79.28,70881100
1325106000000,79,79.01,77.2,78.8,102850780
1325192400000,79.03,79.73,78,79.4,60992850
1325538000000,80.12,82.5,80.12,82.41,79049790
1325624400000,82.44,84.48,81.91,83.52,136772110
1325710800000,83.52,84.44,82.05,82.55,110283870
1325797200000,82.51,84.38,81.67,83.2,126161090
1326056400000,82.6,84.22,82.42,83.88,89385070
1326142800000,84.38,87.25,84.24,86.81,231676230
1326229200000,86.25,86.91,84.34,84.85,247416950
1326315600000,85.2,86.38,84.04,84.3,222091930
1326402000000,84.61,85.15,83.53,83.6,182459130
1326661200000,83,84.21,82.55,83.95,124331590
1326747600000,84.81,85.65,84.19,84.66,196357760
1326834000000,84.66,85.56,83.95,84.7,174659590
1326920400000,85.48,86.04,84.76,85.7,227812500
1327006800000,86,86.28,84.82,85.13,161054350
1327266000000,84.95,85.67,83.82,85.02,231997760
1327352400000,84.85,85.49,84.47,85.04,174639920
1327438800000,85.6,87.87,85.56,87.05,333071400
1327525200000,88,90.8,87.97,90.4,362190490
1327611600000,89.69,91.28,89.63,90.8,200327380
1327870800000,90.15,90.69,88.86,88.92,176819850
1327957200000,89.79,90.92,89.61,90.17,179109830
1328043600000,89.72,92.93,89.17,92.75,255303400
1328130000000,93.1,93.85,91.92,92.62,238150070
1328216400000,92.51,94.79,92.32,94.52,163941140
1328475600000,94.81,94.88,93.46,93.8,156747030
1328562000000,94,94.45,92.85,93.46,173155180
1328648400000,94.22,95.39,94.22,95.17,183859380
1328734800000,95.08,96.37,94.64,95.28,244928870
1328821200000,94.51,94.93,93.63,93.94,154301080
1329080400000,94.63,96.37,94.63,96.19,171469900
1329166800000,95.8,97.22,95.37,96.36,174978480
1329253200000,97.32,97.77,96.66,97.2,169883490
1329339600000,96,96.45,95.5,96.24,169841370
1329426000000,97.27,97.39,96.46,96.76,149610900
1329685200000,97.6,98.16,97.44,97.5,96506980
1329771600000,97.77,97.77,96.31,96.68,139554930
1329858000000,96.99,97.48,95.24,96.09,152308980
1330030800000,96.79,99.22,96.21,99.02,209221050
1330290000000,98.6,99.96,98.41,99.72,185495470
1330376400000,100.17,100.4,98.32,98.64,156238760
1330462800000,99.11,100.3,98.91,100.19,165353640
1330549200000,99.48,100.37,98.94,100.25,140916220
1330635600000,100.79,101.75,99.95,101.6,172344990
1330894800000,101.8,103.3,101.32,102.3,150583560
1330981200000,101.76,101.76,97.12,97.37,258949960
1331067600000,97.07,97.99,96.68,97.68,195392990
1331413200000,99.6,99.98,99.33,99.57,54819740
1331499600000,99.14,100.35,98.38,99.09,183129370
1331586000000,99.7,100.89,99.37,100.53,141328770
1331672400000,101.8,103.85,101.8,103.32,244652180
1331758800000,102.45,103,100.3,100.65,273838110
1331845200000,100.99,101.17,99.51,100.18,155860220
1332104400000,100.93,101.63,98.63,99.67,165104350
1332190800000,99.8,100.09,98.02,98.49,136881500
1332277200000,98.88,99.45,97.42,98.2,169406250
1332363600000,97.98,98.84,95.84,96,174676230
1332450000000,96.33,97.62,95.72,97.6,169406920
1332709200000,98.09,100.3,98.04,99.98,145024390
1332795600000,100.47,100.94,97.65,97.79,164809690
1332882000000,97.46,98.15,95.4,95.91,223090110
1332968400000,95.75,96.42,93.4,93.55,200278500
1333054800000,94.92,96,94.02,94.86,213564910
1333314000000,95.4,96.2,94.46,95.13,145721740
1333400400000,96.07,98.23,95.67,98,220727520
1333486800000,97.05,97.95,96.01,96.17,178630150
1333573200000,96.6,97.56,94.65,97.42,206109740
1333659600000,97.4,97.75,95.42,95.64,116217370
1333918800000,95.31,95.99,93.51,95.92,168407820
1334005200000,95.79,96.87,95.3,95.55,181689200
1334091600000,94.89,97.16,94.62,96,161909890
1334178000000,96.4,96.74,94.6,95.41,141555250
1334264400000,94.03,95.13,93.6,94.18,135304280
1334523600000,93.52,93.74,91.43,92.31,189478980
1334610000000,92.49,93.39,91.14,93.23,160227770
1334696400000,94,94.68,92.61,92.9,139560760
1334782800000,93.08,94.84,92.88,94.35,147573460
1334869200000,93.91,95.29,93.64,95,122239810
1335128400000,94.55,94.71,91.98,92.54,117834810
1335214800000,92.6,93.61,91.44,92.65,119386460
1335301200000,93.15,94.13,93.15,93.75,101935100
1335387600000,94.08,94.28,91.61,92.62,99341000
1335474000000,92.3,94.12,91.85,93.79,116572050
1335560400000,93.79,94.16,93.52,93.95,14104410
1335906000000,94.47,95.69,93.06,93.06,106143030
1335992400000,93.3,93.64,92.12,92.55,106464200
1336078800000,92.12,92.64,90.32,90.83,154978600
1336165200000,90.52,90.98,90.09,90.42,23108560
1336338000000,89,89.87,86,88.5,86033710
1336424400000,89.02,90.4,87.63,89.53,104475140
1336597200000,89.71,91.84,89.27,91.79,111584590
1336683600000,90.94,91.22,89.46,91.04,104555420
1336770000000,90.5,91.09,90.21,90.99,18762220
1336942800000,90.39,90.55,87.42,87.55,105540170
1337029200000,87.49,88.9,86.22,88.19,170375330
1337115600000,86.92,87.91,86.5,86.91,181681380
1337202000000,87,87.3,79.79,80.71,306004150
1337288400000,78.9,81.08,75.3,78.19,391700980
1337547600000,78.95,82.05,78.25,81.95,205764160
1337634000000,82.7,83.36,80.7,82.82,185386800
1337720400000,81.34,81.5,78.57,78.65,188314100
1337806800000,79.51,81.77,77.8,81.44,224620340
1337893200000,81.12,82.9,79.85,79.87,175505600
1338152400000,80.89,81.86,79.95,80.37,104526820
1338238800000,80.96,84.17,80.31,84.14,217454140
1338325200000,83.41,83.79,81.84,82.38,207458020
1338411600000,82.37,83.52,80.52,81.69,261418600
1338498000000,81.6,82.15,77.95,78.86,195306920
1338757200000,77.49,78.87,76.25,78.1,163454720
1338843600000,78.89,79.79,77.4,78.11,134177110
1338930000000,78.99,80.84,77.77,80.62,179165000
1339016400000,81.1,83.75,79.91,83.44,210832240
1339102800000,82.2,82.23,80.41,81.38,180114510
1339189200000,81.99,82.28,81.37,81.58,27759130
1339534800000,82.08,83.5,81.5,83.04,148406110
1339621200000,82.72,83.36,82.48,83.05,95193610
1339707600000,83.7,84.77,83.06,84.34,139141590
1339966800000,85.3,86.59,85.24,86.2,148837240
1340053200000,85.92,87.12,85.53,86.96,117555770
1340139600000,86.96,87.26,85.51,85.73,91968250
1340226000000,85,86.39,84.36,85.36,123303180
1340312400000,84.24,84.35,83.38,83.76,110165790
1340571600000,83.76,83.89,81.92,82.3,103217620
1340658000000,82.4,84.34,82.4,83.6,103686890
1340744400000,83.97,84.84,83.25,84.5,95345170
1340830800000,84.98,84.98,82.65,82.8,106434890
1340917200000,84.03,86.46,84.02,86.39,134360810
1341176400000,86.17,88.14,85.76,87.65,124198380
1341262800000,88,91.07,87.96,90.94,147059480
1341349200000,90.63,91.25,89.65,91.1,74889060
1341435600000,90.55,92.43,89.95,90.92,171353550
1341522000000,90.42,91.37,88.75,89.2,127342730
1341781200000,88.88,90.37,88.7,90.02,99331850
1341867600000,89.55,91.75,89.36,91,114587200
1341954000000,90.57,90.86,89.27,90.01,113419770
1342040400000,89.8,90.09,88.37,88.92,106413970
1342126800000,89.98,91.08,89.42,90.98,96078380
1342386000000,91,91.28,90.35,90.85,71919810
1342472400000,91.48,92.34,91,91.22,114044370
1342558800000,91.5,92.15,91.11,91.6,69043120
1342645200000,92.15,92.9,91.86,92.15,102096140
1342731600000,91.65,91.78,90.11,90.12,81329600
1342990800000,89.25,89.3,85.51,86,151248620
1343077200000,87,87,84.43,84.45,139889040
1343163600000,84,87.18,83.01,86.9,204992030
1343250000000,87,88.95,86.07,88.45,155942810
1343336400000,89.1,90.44,88.24,90.31,115108250
1343595600000,90.5,91.75,90.5,91.24,89795510
1343682000000,91.5,91.73,89.41,89.73,104652230
1343768400000,89.5,90.89,89.3,89.39,92766490
1343854800000,89.39,91.07,87.4,88.79,154257240
1343941200000,88.79,91.87,88.45,91.66,126328370
1344200400000,91.91,94.07,91.4,93.3,185823220
1344286800000,92.99,94.44,92.56,93.97,115326320
1344373200000,93.51,94.3,92.82,93.94,94891340
1344459600000,94.39,95.35,93.01,93.87,110866830
1344546000000,93.34,93.35,91.95,92.85,88352720
1344805200000,93.13,94.44,92.86,93.18,95856680
1344891600000,93.48,94.15,93.11,93.58,74818210
1344978000000,93.14,93.2,91.72,92.98,116026880
1345064400000,93.5,93.8,92.33,92.82,80646440
1345150800000,93.35,93.39,92,92.05,81586390
1345410000000,92.24,92.45,91.12,91.52,93102360
1345496400000,91.93,93.6,91.93,93.57,95928090
1345582800000,92.8,93.45,92.23,92.55,82536390
1345669200000,93.35,95.05,92.9,93.04,150287250
1345755600000,92.5,93.47,92.17,92.91,100632610
1346014800000,93.47,93.75,92.51,92.81,75908300
1346101200000,92.69,94.8,92.48,94.48,130671700
1346187600000,94.5,95.48,94.13,94.54,126515990
1346274000000,94.39,94.79,93.41,93.49,78356390
1346360400000,93.61,94.18,93,93.16,86066010
1346619600000,93.2,94.5,93.17,94.08,59763380
1346706000000,94.15,94.73,93.03,93.09,77520910
1346792400000,92.86,93.13,92.22,92.85,93166920
1346878800000,93.27,94.17,92.45,93.95,143877140
1346965200000,94.32,95.76,93.62,93.86,158549880
1347224400000,93.6,94.61,93.28,94.44,79357240
1347310800000,93.7,94.24,93.37,94.03,77186830
1347397200000,94.3,94.49,93.4,93.58,94913420
1347483600000,93.36,93.71,92.4,92.75,80882070
1347570000000,95,98.09,94.77,97.05,249373220
1347829200000,96.32,96.38,94.48,95.57,215450280
1347915600000,95.01,96.67,94.57,94.75,146341080
1348002000000,94.8,95.28,92.81,93.78,314614770
1348088400000,93.15,93.97,92.62,93.77,135170300
1348174800000,94.48,94.6,93.58,94.16,110055620
1348434000000,93.8,94.2,93.33,94.17,70281780
1348520400000,94.35,94.46,93.46,93.75,86913310
1348606800000,93,93.14,90.56,90.75,122383640
1348693200000,91.48,91.64,89.45,90.07,128304760
1348779600000,90.97,91.3,90.23,90.99,115659920
1349038800000,90.61,92.34,90.61,92.33,96865770
1349125200000,92,92.24,91.14,91.9,92216290
1349211600000,91.52,92.64,90.94,91.92,92187360
1349298000000,92.37,92.47,90.75,91.47,88357530
1349384400000,92.02,93.52,91.71,93.02,105435230
1349643600000,92.7,92.89,92.2,92.6,67933360
1349730000000,92.99,93.08,92.06,92.63,66845380
1349816400000,92.25,92.47,91.82,92.29,76743700
1349902800000,91.8,92.95,91.8,92.64,67188530
1349989200000,92.5,92.57,91.25,91.5,64442000
1350248400000,91.5,92.27,90.95,91.28,60382100
1350334800000,92.1,92.2,91.11,92.19,69671940
1350421200000,92.2,93.31,92.1,93.12,87599870
1350507600000,93.23,94.07,93.18,93.7,87822570
1350594000000,93.45,93.65,92.72,93.19,54653190
1350853200000,92.7,94.38,92.6,94.1,74302250
1350939600000,93.81,94.06,93.07,93.59,82362330
1351026000000,94.03,94.2,92.8,93.38,70765510
1351112400000,93.29,93.83,92.76,92.89,56074380
1351198800000,92.2,92.31,91.36,91.95,74421830
1351458000000,91.65,92.19,91.12,91.7,42768390
1351544400000,91.3,92.25,91.12,91.2,53669620
1351630800000,91.27,92.2,91.2,91.79,52078220
1351717200000,91.6,92.06,90.2,91.84,75235560
1351803600000,91.99,92.64,91.48,91.95,65873010
1352149200000,91.82,91.92,91.11,91.34,44943440
1352235600000,91.75,91.77,89.71,89.95,74823010
1352322000000,89.25,89.89,85.9,86.34,165131550
1352408400000,86,86.32,84.82,85.8,95025380
1352667600000,86.02,86.95,85.25,86.78,59443610
1352754000000,86.34,86.34,84.05,84.31,99054530
1352840400000,85.1,85.5,83.75,84.72,92902150
1352926800000,84,86.36,83.85,86.09,70310980
1353013200000,85.89,86.61,85.21,85.98,64487940
1353272400000,86.61,87.6,86.12,87.34,79184100
1353358800000,87.4,87.75,86.68,87,51272950
1353445200000,86.5,88.07,86.1,87.88,59972480
1353531600000,88.01,88.28,87.3,88.01,52442710
1353618000000,88.28,89.41,88.17,89.31,74279650
1353877200000,89.44,90.13,89.02,89.2,67160860
1353963600000,89.62,89.84,88.9,89.2,51715520
1354050000000,88.77,88.79,87.4,87.73,88213390
1354136400000,88.9,88.9,87.73,87.91,64675400
1354222800000,87.76,91.6,87.3,91.41,233229880
1354482000000,91.41,92.8,90.84,92.8,96786480
1354568400000,92.2,92.61,91.57,91.84,67729150
1354654800000,92.3,93.95,92.17,93.83,99995520
1354741200000,93.71,94.11,93.1,93.58,62369850
1354827600000,93.75,93.85,92.02,93.2,90578870
1355086800000,93.4,94.19,92.77,93.59,72022760
1355173200000,93.59,93.87,93.11,93.52,53455990
1355259600000,93.76,94.1,93.6,93.86,49309880
1355346000000,93.63,93.84,92.68,93.39,68690570
1355432400000,93.29,93.86,93.03,93.42,47556860
1355691600000,93.53,93.6,93.01,93.54,44895400
1355778000000,94,95.3,93.94,95.11,81438130
1355864400000,95.38,96.03,94.45,94.53,76536940
1355950800000,94,94.85,93.6,94.69,62420680
1356037200000,93.52,93.99,93.17,93.5,51219970
1356296400000,93.21,93.21,92.33,92.5,36121680
1356382800000,92.76,93.11,92.38,92.38,19963590
1356469200000,92.39,92.55,91.6,92.35,30263790
1356555600000,92.48,93.51,92.22,92.82,40300900
1356642000000,92.9,93.34,92.4,92.94,40330670
1357592400000,96.5,98.5,96.12,98.37,93018220
1357678800000,98.4,98.65,97.81,98.23,60381320
1357765200000,98.3,98.55,97.96,98.41,48070490
1357851600000,98.8,99.76,98.48,99.56,72444300
1358110800000,99.72,101.27,99.57,100.99,83905910
1358197200000,100.61,101,99.78,99.85,80028950
1358283600000,99.85,100.13,99.19,99.97,67772490
1358370000000,99.9,101.33,99.54,101.15,83900990
1358456400000,101.5,103.55,101.5,103.48,110211790
1358715600000,103.5,103.95,102.78,103.64,77699540
1358802000000,103.7,103.85,102.07,102.35,85613360
1358888400000,102.73,103.65,102.18,103.45,91850150
1358974800000,103.07,103.07,101.92,102.48,81708620
1359061200000,102.4,103.85,101.93,103.67,87251770
1359320400000,103.96,107.12,103.93,106.9,141249630
1359406800000,107.2,108.3,106.15,106.55,131445070
1359493200000,107.2,108.47,106.95,107.8,121194220
1359579600000,107.41,109.64,106.62,109.59,205604760
1359666000000,109.54,110.47,107.77,108.36,114548780
1359925200000,108.79,109.15,107.2,107.2,69878080
1360011600000,106.8,108.15,106.67,107.75,55367010
1360098000000,108.29,110.08,106.39,106.8,102458360
1360184400000,106.72,107.29,105.23,105.65,90215330
1360270800000,105.99,107.63,105.01,107.08,80301560
1360530000000,107.01,108.45,107,107.04,58149330
1360616400000,106.54,109.24,106.54,108.48,106179170
1360702800000,109.16,109.34,107.8,108.8,73513340
1360789200000,108.7,111.5,107.27,107.62,140876070
1360875600000,107.89,107.98,105.05,105.08,98640570
1361134800000,105.12,106.38,104.38,106.23,64926220
1361221200000,106.06,108.77,105.94,108.73,83376300
1361307600000,108.9,109,107,107.82,76411420
1361394000000,106.31,106.89,105.49,106.74,79182010
1361480400000,107,107.48,105.95,106.12,51473030
1361739600000,106.3,107,105.61,106.61,43229580
1361826000000,105.38,105.38,103.44,104.14,94812160
1361912400000,104.4,104.76,102.85,103.45,59551830
1361998800000,104.3,104.8,103.53,104.57,69121850
1362085200000,104,104.29,102.6,103.09,60711070
1362344400000,102.8,103.43,102.15,102.9,52460180
1362430800000,103.66,104.44,103.29,103.91,83270600
1362517200000,104.4,105.89,104.29,105.33,65084620
1362603600000,105.35,105.96,104.91,105.31,46280380
1362949200000,106.11,107.48,106.11,106.78,80720440
1363035600000,106.88,107.08,105.61,106.07,58453010
1363122000000,105.75,106.05,104.36,104.43,69928090
1363208400000,104.43,105.55,103.75,104.81,70817130
1363294800000,105.6,105.94,104.05,104.42,66847700
1363554000000,102.5,102.59,99.3,100.46,139264040
1363640400000,100.46,101.3,98.86,99.72,112775060
1363726800000,99.5,102.44,99.43,102.38,126361810
1363813200000,102.8,103.52,101.57,101.7,83767320
1363899600000,101.04,101.19,99.21,99.37,97056470
1364158800000,100.48,101.18,98.44,98.7,83351250
1364245200000,98.73,99.3,96.81,97.11,119768650
1364331600000,97.98,98.07,95.7,96.87,125873080
1364418000000,96.37,98.74,95.35,98.6,123599190
1364504400000,98.99,99.32,98.22,98.86,25099990
1364763600000,98.25,99.49,97.75,98.03,40317820
1364850000000,98.04,99.42,97.79,99.12,82899440
1364936400000,99.03,99.67,98.6,99.46,66440260
1365022800000,98.86,101.1,98.34,99.93,96675530
1365109200000,99.95,100.7,98.36,99.26,69637880
1365368400000,99.77,100.79,99.66,100.47,53432410
1365454800000,101.12,102.69,100.65,102.5,67455290
1365541200000,103,103.55,102.13,103.37,76389700
1365627600000,103.63,103.74,101.8,102.4,63127020
1365714000000,100,100.28,98.16,98.36,63452680
1365973200000,97.38,97.83,95.05,95.62,91872480
1366059600000,95,96.92,94.8,95.82,79114270
1366146000000,96.05,96.72,93.7,94.46,77193560
1366232400000,94.42,96.48,94.21,95.44,73686310
1366318800000,96.22,97.6,95.63,96.4,64959290
1366578000000,97.06,98.05,94.67,95.05,62363220
1366664400000,95,96.58,94,96.52,73617450
1366750800000,96.88,98.76,96.49,97.96,90585880
1366837200000,98.05,99.4,96.2,96.47,91998510
1366923600000,96.1,96.98,95.07,95.8,59957310
1367182800000,95.6,96.84,94.65,94.66,40530500
1367269200000,95.48,99.31,94.6,99.11,90607000
1367442000000,98.05,101.28,98.05,100.86,49345740
1367528400000,101.3,103.01,100.5,103,52655330
1367787600000,103.35,103.38,102.01,102.49,51588540
1367874000000,102.2,105.4,101.62,105.23,104996430
1367960400000,105.04,105.9,104.25,105.76,60044960
1368133200000,105.17,105.89,103.52,103.57,32329670
1368392400000,103.52,103.93,101.9,103.22,84124260
1368478800000,103.1,104.9,102.8,103.95,59642740
1368565200000,104.5,104.58,102.34,103.12,63053590
1368651600000,103.32,103.95,102.24,102.37,55045550
1368738000000,102.5,105.33,101.8,105.19,74455950
1368997200000,105.6,107.19,105.17,106.65,76237300
1369083600000,106.5,109.39,105.87,108.86,77406660
1369170000000,108.85,111.44,108.85,110.74,106411260
1369256400000,108.87,108.95,105.53,105.55,94219990
1369342800000,106,106.49,102.38,103.08,108569620
1369602000000,103.47,103.79,102.04,102.87,47531440
1369688400000,103.21,104.87,103.2,104.1,66309630
1369774800000,103.48,103.55,99.9,99.96,84541590
1369861200000,100,100.98,98.78,100.07,79554460
1369947600000,100.5,100.77,97.75,99.05,86352420
1370206800000,97.79,100.65,96.88,98.7,102246100
1370293200000,99.73,101.5,98.73,98.79,79724570
1370379600000,98.21,99.2,97.2,97.5,80543680
1370466000000,97.24,98.15,96.3,96.8,65827520
1370552400000,97.62,99.56,96.93,99.2,79913150
1370811600000,99.8,100.63,97.41,97.8,68514380
1370898000000,97.5,98.47,94.02,94.66,96754930
1371070800000,92.8,93.49,90.37,91.77,119335820
1371157200000,92.97,94.09,91.42,93.7,88549740
1371416400000,94.05,95.95,93.9,95.64,79176990
1371502800000,95.3,96.9,95.08,96.37,63808010
1371589200000,96.18,96.57,94.08,94.57,63191980
1371675600000,92.87,92.89,91.1,91.3,103325670
1371762000000,90.91,93.18,90.1,91.5,79972720
1372021200000,90.43,91.7,88.54,88.88,91754450
1372107600000,89,90.64,88.81,89.57,88493130
1372194000000,89.99,92.65,89.3,92.51,94537680
1372280400000,93.05,93.74,91.88,93.24,76612830
1372366800000,93.91,94.65,92.25,93.68,81701190
1372626000000,93.83,95.65,93.01,95.42,66466070
1372712400000,95.26,95.77,94.07,94.8,55404680
1372798800000,94.02,94.12,92.7,93.04,55720100
1372885200000,93.51,94.59,92.32,93.95,58629700
1372971600000,94.5,94.86,92.85,93.2,69156910
1373230800000,92.8,93.47,91.8,92.84,53667990
1373317200000,93.5,93.63,92,92.39,48534400
1373403600000,92.4,92.76,90.75,91.14,51969480
1373490000000,92.06,95.57,92.05,95.51,112549270
1373576400000,95.45,98.75,95.17,98.57,119862270
1373835600000,98.8,100.45,98.45,99.9,105744860
1373922000000,99.9,101.36,99.1,99.47,90129290
1374008400000,99.32,101.3,98.75,101.15,71793100
1374094800000,101.01,101.5,97.93,98.39,97311180
1374181200000,98,101.26,97.66,99.99,83914140
1374440400000,100,100.43,97.75,97.77,73008260
1374526800000,98.43,99.04,96.75,96.85,75228480
1374613200000,96.92,97.48,95.7,96.46,98477810
1374699600000,96.2,96.97,95.56,95.77,85607870
1374786000000,96.45,96.7,94.75,94.81,80184350
1375045200000,94.78,95.6,94.22,94.28,45758900
1375131600000,94.5,95.08,93.75,94.06,57792160
1375218000000,94.06,95.59,93.66,95.23,64128810
1375304400000,95.96,97,95.8,96.84,56403880
1375390800000,97.37,97.89,95.63,96.99,63981400
1375650000000,96.9,97.47,96.02,96.22,39862480
1375736400000,95.8,96.19,94.63,94.71,40542700
1375822800000,94.31,95.28,94.07,94.41,52969490
1375909200000,94.85,95.22,93.32,94.02,53362390
1375995600000,94.5,95.78,93.93,95.7,59579140
1376254800000,95.75,96.37,94.76,96.24,50570300
1376341200000,96.51,97.95,96.45,97.39,66260480
1376427600000,97.5,98.25,97.13,98,55342200
1376514000000,97.63,97.96,95.2,95.42,65753530
1376600400000,95.77,95.83,93.57,93.8,77257220
1376859600000,94,94.41,93.24,93.6,65107260
1376946000000,92.91,92.92,91.5,91.75,86553620
1377032400000,91.85,92.61,89.9,90.63,102752580
1377118800000,89.94,92.55,89.8,92.08,88208630
1377205200000,92.4,92.8,91.56,91.91,57170500
1377464400000,92.4,92.85,90.82,91.29,38701780
1377550800000,90.62,90.95,89.7,90.06,75396180
1377637200000,89.71,90.41,88.65,89.39,89337010
1377723600000,89.71,90.65,89.32,89.82,61758140
1377810000000,90.05,90.05,87.75,88.23,67274570
1378069200000,88.96,90.04,88.53,89.48,46206200
1378155600000,89.99,91.12,89.61,90.45,87953920
1378242000000,90.09,90.57,89.4,90.33,52920680
1378328400000,90.8,93.18,90.21,92.78,113375290
1378414800000,92.73,95,91.77,92.47,167514290
1378674000000,93.01,95.06,93.01,94.81,127372070
1378760400000,95.49,96.92,94.88,96.55,118417470
1378846800000,96.45,96.73,95.25,95.5,68867470
1378933200000,95.98,96.14,94.24,95.53,80569980
1379019600000,95,95.89,94.64,95.82,57993190
1379278800000,96.76,99.04,96.71,98.97,112092070
1379365200000,98.38,99.6,97.89,99.6,69417120
1379451600000,99.6,100.63,99.03,99.79,109579560
1379538000000,102.5,103.63,101.89,102.33,160727340
1379624400000,101.63,102.61,101.37,102.36,80174540
1379883600000,102.12,102.43,101.3,101.82,79846990
1379970000000,101.3,101.56,100.37,100.5,81642090
1380056400000,100.31,102.19,100.1,101.95,76053110
1380142800000,102.05,102.69,101.01,101.67,74163010
1380229200000,101.8,101.8,98.58,98.59,90396330
1380488400000,97.74,98.39,97.1,97.86,71124930
1380574800000,97.8,99.34,97.75,99.16,74492480
1380661200000,98.94,99.4,97.27,97.74,79877890
1380747600000,98.13,98.8,97.51,98.24,77836460
1380834000000,98,100.4,97.68,100.39,81230790
1381093200000,99.7,100.5,99.12,100.3,84643630
1381179600000,100.3,102.26,99.9,102.11,113584170
1381266000000,101.79,103.01,101.05,101.48,99305220
1381352400000,102.04,104.36,101.85,103.43,111791100
1381438800000,104,104.16,102.42,102.87,91915670
1381698000000,102.4,103,101.71,102.93,66291240
1381784400000,103.91,104.89,103.52,104.55,103099720
1381870800000,104.05,105.09,103.6,104.05,84614620
1381957200000,104.2,104.37,102.36,103.33,83012030
1382043600000,103.98,105.64,103.61,105.14,115501360
1382302800000,105.56,105.95,104.88,105.43,63746540
1382389200000,105.23,105.81,104.55,105.4,71694660
1382475600000,104.88,105.08,103.03,103.29,77743440
1382562000000,103.5,103.86,102.63,102.86,68751720
1382648400000,102.61,103.61,102.02,102.99,78521210
1382907600000,103.6,104.18,102.5,102.84,71025060
1382994000000,102.75,103.48,102.12,102.8,65077430
1383080400000,103.2,104.14,102.74,103.11,82968330
1383166800000,102.57,103.08,101.7,102.74,87954830
1383253200000,102.74,103.77,102.5,103.65,62858850
1383598800000,104.06,104.43,102.4,102.47,61356730
1383685200000,103,103.09,102.26,102.59,66133090
1383771600000,102.31,103.87,102.1,103.55,76238840
1383858000000,102.41,102.66,101.57,101.86,89014360
1384117200000,102.51,102.59,101.48,101.77,53096350
1384203600000,101.96,104.26,101.74,104.25,112492620
1384290000000,103.81,104.98,101.11,101.81,135946290
1384376400000,102.81,103.98,102.81,103.7,93686490
1384462800000,104.3,104.7,103.24,103.69,96819500
1384722000000,103.99,105.54,103.6,105.5,92184970
1384808400000,105.4,106.8,105.4,106.19,100547410
1384894800000,105.89,106.32,105.11,106,79936140
1384981200000,105.11,105.56,104.69,104.78,77524160
1385067600000,105.23,105.48,104.25,105.1,70239230
1385326800000,105.51,106.2,105.21,105.31,72178650
1385413200000,105.35,105.35,103.01,103.02,93845310
1385499600000,103.5,104.14,102.62,102.77,80453800
1385586000000,103.3,103.78,102.33,102.69,64879430
1385672400000,102.71,103.29,101.84,103.07,79612660
1385931600000,103.16,103.66,102.31,102.36,61527830
1386018000000,102.2,102.48,100,100.24,123406320
1386104400000,100.3,100.78,98.74,98.95,96070960
1386190800000,99.28,99.94,97.95,98.25,94786250
1386277200000,98.49,100,97.88,99.9,107963460
1386536400000,100.32,101.07,99.55,101,95366620
1386622800000,100.97,101.39,99.72,100.16,91125870
1386709200000,99.91,100.94,99.13,100.65,85886120
1386795600000,99.5,100.3,98.44,98.96,103712820
1386882000000,98.96,99.6,98.58,98.94,79694090
1387141200000,98.4,99.93,98.12,99.85,87234110
1387227600000,100.53,100.81,99.61,100.15,72704270
1387314000000,100.15,100.71,99.82,100.18,59591350
1387400400000,101.23,102.3,100.8,101.78,105506160
1387486800000,101.85,102.25,101.31,102.2,75647410
1387746000000,102.45,102.83,102.05,102.45,67006350
1387832400000,102.5,102.54,101.75,101.96,40338120
1387918800000,102.31,102.31,101.53,101.62,22183040
1388005200000,101.62,102.18,101.45,101.95,22250510
1388091600000,102,102.21,100.65,100.68,37103790
1388350800000,100.51,101.39,100.45,101.17,34310640
1388955600000,100.2,100.31,98.62,98.91,31691800
1389128400000,99.1,99.41,97.85,98.19,42372290
1389214800000,98.44,98.77,97.69,98,45986900
1389301200000,97.87,99.41,97.52,99.2,51902400
1389560400000,99.3,100.35,99.04,100.25,62051250
1389646800000,99.18,99.73,98.51,99.24,78485160
1389733200000,99.95,100.79,99.56,100.77,77839370
1389819600000,100.9,101.64,100.53,100.65,62759280
1389906000000,100.36,101.45,100.1,101.17,69135170
1390165200000,100.99,102.17,100.66,101.96,62429420
1390251600000,102.5,102.57,101.9,102.2,61991430
1390338000000,102.21,102.49,101.13,102.17,58589100
1390424400000,101.81,102.92,101.56,101.7,70600710
1390510800000,100.99,101.26,99.63,99.7,112821700
1390770000000,98.62,99.11,97.63,97.78,103793450
1390856400000,98.21,98.74,97.05,97.36,80448950
1390942800000,97.93,98.98,95.73,95.98,120814560
1391029200000,96.1,96.69,94.4,95.8,130498640
1391115600000,95.8,96.27,94.43,94.7,103047610
1391374800000,94.95,95.89,94.55,94.66,81505780
1391461200000,93.55,94.48,93.25,94.07,93931280
1391547600000,94.31,95.65,94.01,95.45,90666210
1391634000000,95.78,96.81,95.65,96.62,76095210
1391720400000,97,97.36,96.11,96.53,77654990
1391979600000,96.94,97.08,95.42,95.47,67771880
1392066000000,95.97,96.65,95.51,96.12,55103910
1392152400000,96.91,97.14,96.15,96.84,70670070
1392238800000,96.3,96.69,95.3,95.5,62181740
1392325200000,95.8,96.84,95.7,96.65,63884790
1392584400000,97.1,98.08,97.09,97.49,54738670
1392670800000,97.5,97.95,96.55,96.62,56765130
1392757200000,96.51,96.59,94.53,94.9,79367620
1392843600000,94.1,94.76,93.61,94.63,72263740
1392930000000,95.02,95.44,94.51,95,52205040
1393189200000,95,95.09,94.06,94.69,48226210
1393275600000,95.37,95.48,93.32,94.17,74634340
1393362000000,94.28,94.59,91.85,92.29,90720380
1393448400000,92.5,92.61,89.4,90.12,129290620
1393534800000,90.15,91.42,88.87,91.16,112780920
1393794000000,85.5,86.84,74.96,77.57,427913510
1393880400000,78.5,83.9,77.17,81.55,371921710
1393966800000,82.37,82.77,80.12,81.46,175284130
1394053200000,81.63,83.81,76.56,80.24,281937510
1394139600000,80,81.46,78.34,79.99,190384620
1394485200000,79.05,79.75,76.39,76.57,150142970
1394571600000,75.98,76.36,72.35,72.46,227452390
1394658000000,73.5,73.89,68.87,69.84,256776110
1394744400000,68,71.75,65.33,71.75,346714120
1395003600000,72.5,77.12,71.87,76.97,344321660
1395090000000,77.6,82,75.64,81.43,301075150
1395176400000,81.58,82.6,79.13,80.83,257701520
1395262800000,79.55,81.27,78.43,79.5,190046940
1395349200000,77.2,78.51,76.1,78.47,207828970
1395608400000,78.47,80.38,77.82,78.29,167819190
1395694800000,78.84,81.97,77.34,81.85,255665910
1395781200000,82.1,84.34,82.02,82.56,229652070
1395867600000,82.16,82.72,79.2,79.88,185280640
1395954000000,80.4,81.96,79.67,81.47,152251850
1396213200000,81.39,83.8,81.12,83.8,178420740
1396299600000,84.01,84.68,82.75,83.88,154874300
1396386000000,84,84.18,81.44,82.67,143111440
1396472400000,82.88,83.39,81.21,81.51,127794990
1396558800000,81.95,83.3,80.85,82.98,147144280
1396818000000,81.88,81.88,78.87,79.95,236725410
1396904400000,79.9,80,78.51,79.41,163499350
1396990800000,79.8,80.1,77.75,78.85,161363630
1397077200000,79.22,80.44,78.51,79.9,178317550
1397163600000,78.71,80.07,77.65,79.75,154422060
1397422800000,79.11,79.11,77.5,78.35,190735310
1397509200000,78,78.34,75.1,75.2,190723350
1397595600000,75.95,76.5,73.62,76.13,271726740
1397682000000,76,77.21,75.2,76.89,201674510
1397768400000,78.39,79.4,78.22,78.82,114463050
1398027600000,78.8,78.8,77.46,77.62,83590290
1398114000000,77.5,77.5,75.6,76.3,135293150
1398200400000,76.2,76.51,75.12,75.56,133283600
1398286800000,75.85,76.11,71.81,73.21,251265730
1398373200000,73.05,73.1,69.56,69.91,297122510
1398632400000,69,73.7,67.9,73.39,382641850
1398718800000,74.19,74.66,72.3,72.8,184166290
1398805200000,72.51,73.1,71.48,72.5,109106810
1398978000000,72,72.5,70.89,72.22,64294280
1399237200000,71.35,72.44,71.01,71.99,67164800
1399323600000,72.32,74.3,72.32,74.1,129555640
1399410000000,73.23,80.37,73.16,78.5,271218480
1399496400000,79,80.25,77.57,78.8,248696590
1399842000000,78.79,79.9,77.73,79.08,164644990
1399928400000,79.76,81.08,79.15,80.15,186766010
1400014800000,80.25,81.68,79.55,81.38,136298440
1400101200000,81.1,82.3,79.75,80.04,171237780
1400187600000,79.4,79.79,78.53,79.2,148101150
1400446800000,79.3,81.68,79.17,81.62,141103030
1400533200000,82.05,82.55,80.55,82.31,155680150
1400619600000,82,84.09,81.3,83.59,191332530
1400706000000,84.01,84.3,82.16,83.26,132031140
1400792400000,83.2,85.98,82.63,85.83,170529760
1401051600000,86,87.62,85.37,86.87,113548190
1401138000000,86.9,86.9,83.95,84.33,149979600
1401224400000,84.5,85.38,83.73,84.95,117406900
1401310800000,85.3,86.01,84.18,85.65,133574640
1401397200000,85.65,85.9,84.21,84.5,108275150
1401656400000,84.76,87.15,84.76,85.91,135553000
1401742800000,85.3,86.84,84.66,86.84,119911060
1401829200000,86.41,88.47,86.23,87.81,118827760
1401915600000,87.95,89.05,86.86,87.43,136671320
1402002000000,87.75,89.18,86.28,89,127899230
1402261200000,89.3,89.6,88.62,88.89,84842190
1402347600000,88.88,89,87.87,88.99,85853250
1402434000000,89,89.33,88.51,89,67980020
1402866000000,84.5,85.72,84.15,84.85,130296750
1402952400000,84.95,85.55,83.37,83.8,86913970
1403038800000,84.11,84.55,83.12,83.77,115310330
1403125200000,84.55,85.69,84.35,84.8,112078350
1403211600000,84.8,85.14,84.1,84.16,83715090
1403470800000,84.23,85.3,83.41,83.68,99040960
1403557200000,84.09,86.6,83.91,86.5,150531880
1403643600000,86.02,86.4,83.85,84.4,114961050
1403730000000,84.9,85.14,83.46,84.1,99471360
1403816400000,84.15,84.94,83.96,84.33,57140600
1404075600000,84.5,84.7,83.03,84.5,81496490
1404162000000,84.45,84.46,83.05,84.07,80028320
1404248400000,84.3,85.97,84.12,85.79,94197580
1404334800000,85.9,86.5,85.25,85.34,76353880
1404421200000,85.51,85.86,83.8,84,69404770
1404680400000,84.08,85.7,83.87,85.49,71042760
1404766800000,85.3,86.69,84.67,85.11,99525260
1404853200000,84.91,85.56,84.2,85.2,80831840
1404939600000,85.74,86.09,83.37,84.47,114382280
1405026000000,84.5,84.88,83.8,84.55,78260360
1405285200000,84.65,85.19,83.55,83.55,69434020
1405371600000,83.82,84.01,82.87,83.09,79123700
1405458000000,83,83.98,82.55,83.78,86004300
1405544400000,82,82.19,80.53,81.5,147892860
1405630800000,79.8,80.96,79.59,80.27,147407130
1405890000000,80.31,80.4,76.56,76.56,182779550
1405976400000,77.3,78.84,77.06,78.3,154403850
1406062800000,78.4,78.94,76.6,77.45,93643340
1406149200000,77,77.37,75.81,76.87,101869250
1406235600000,76.81,76.98,75,75.16,109515350
1406494800000,74.51,74.6,72.6,72.82,116467930
1406581200000,72.45,74.5,71.86,73.2,193639220
1406667600000,72.65,75.83,72.33,73.68,194588780
1406754000000,73.9,75.27,73.24,73.6,110573680
1406840400000,72.88,73.5,71.52,72.37,183538940
1407099600000,72.8,73.59,71.85,72.75,102965070
1407186000000,73,73.3,71.57,71.6,103702890
1407272400000,71.22,71.3,68.85,69,252771000
1407358800000,68.42,69.3,66.1,68.5,257510130
1407445200000,67.91,70.75,67.91,70.7,162405320
1407704400000,72.01,74.4,72.01,74.3,167202310
1407790800000,74.1,75.18,72.88,73.4,167777990
1407877200000,73.1,75.19,72.6,74.79,135367750
1407963600000,74.94,75.87,74.3,75.17,145786830
1408050000000,75.01,76,74,75.37,124200500
1408309200000,75.18,75.98,74.77,75.09,86739720
1408395600000,75.6,76.1,75.11,75.95,97121820
1408482000000,75.99,76.89,75.18,76.7,118357360
1408568400000,76.85,78.61,76.71,78.14,114728810
1408654800000,78.49,78.89,76.88,78.45,139567560
1408914000000,78.53,79.69,78.25,78.46,117677970
1409000400000,78.6,78.92,77.24,77.62,78921420
1409086800000,77.89,78.39,77.51,77.93,81493260
1409173200000,77.46,77.87,74.45,74.59,231820440
1409259600000,74.49,74.97,72.56,73.21,193460210
1409518800000,73.51,74.94,72.52,73.68,164429290
1409605200000,73.67,74.49,72.94,73.76,104627840
1409691600000,74.19,78.75,73.75,78.5,277102210
1409778000000,78.6,79.95,77.18,79.39,158504110
1409864400000,78.8,81.3,78.5,80.25,159432130
1410123600000,80.25,80.39,78.26,78.69,108470700
1410210000000,78.85,80.2,78.69,79.41,105818380
1410296400000,78.8,79.4,78.39,78.67,86323660
1410382800000,79.05,79.55,76.14,76.3,153119340
1410469200000,76,77.77,75.13,76.65,145526680
1410728400000,76.3,77.08,75.45,75.63,127147020
1410814800000,75.85,77.9,75.63,77.6,141626080
1410901200000,77.5,78.92,76.55,78.66,150425900
1410987600000,78.62,79.3,77.71,77.98,102250150
1411074000000,78.3,78.46,76.62,77.4,122982290
1411333200000,77.2,77.69,75.89,76,84589910
1411419600000,76.32,77.84,76.2,77.68,97635080
1411506000000,77.93,79.55,77.87,79.05,123499180
1411592400000,79.6,80.15,78,78.01,121092190
1411678800000,77.56,78.43,76.85,77.6,111612420
1411938000000,77.98,78.38,76.53,76.7,100645000
1412024400000,77.08,77.44,75.52,75.52,144552360
1412110800000,75.2,76.26,74.26,74.26,130262550
1412197200000,74.05,74.47,72.57,73.15,145206610
1412283600000,73.73,74.69,73.12,73.77,111663690
1412542800000,74.36,76.6,74.25,76.33,125594530
1412629200000,76.33,76.54,74.96,75.32,97153580
1412715600000,74.85,75.25,73.76,73.8,132003430
1412802000000,75.05,75.7,73.52,73.65,144528280
1412888400000,72.64,73.77,72.06,73.5,141617220
1413147600000,72.8,75.24,72.65,74.26,116922770
1413234000000,74.15,75.36,73.86,74.55,95473820
1413320400000,74.31,74.86,72.81,73.08,120577500
1413406800000,73.2,74.05,70.95,71.12,195738120
1413493200000,71.8,73.3,71.38,73.15,146039730
1413752400000,73.4,73.93,71.75,72.25,122048450
1413838800000,72,73.16,71.3,72.5,116676840
1413925200000,73,73.37,71.8,71.82,98536180
1414011600000,71.47,72.1,70.85,71.59,132619500
1414098000000,71.35,72.49,70.93,72.49,76065860
1414357200000,73.2,73.78,72.25,72.9,119696300
1414443600000,73.18,74.2,72.73,73.9,101388880
1414530000000,74.1,74.8,73.68,74.05,100125200
1414616400000,73.7,75.13,73.43,74.98,180995180
1414702800000,75.45,76.84,75.23,76.23,154675720
1414962000000,76.07,76.66,75.61,76.29,49892210
1415134800000,75.8,75.94,75.02,75.65,101085650
1415221200000,75.76,76.88,74.75,75.05,109722350
1415307600000,75.16,77.65,74.41,75.69,195083240
1415566800000,76.36,77.78,76.12,77.78,125636500
1415653200000,77.85,78.7,77.01,77.34,130820430
1415739600000,77.35,77.55,76.13,76.32,113847180
1415826000000,76.31,76.5,73.73,74.03,150544890
1415912400000,73.8,74.5,73.1,74.15,101827010
1416171600000,73.61,74.45,73.47,73.97,77982280
1416258000000,74.42,75.35,73.45,75.21,121080470
1416344400000,75.29,75.54,73.87,73.9,89158940
1416430800000,73.9,74.9,72.93,73.63,104580980
1416517200000,73.99,74.71,72.95,74.39,105852740
1416776400000,74.88,75.4,74.01,74.4,85541840
1416862800000,74.48,74.66,73.76,74.11,59713060
1416949200000,73.77,74.13,73.26,73.85,91757390
1417035600000,73.7,74.2,73.04,73.04,87730700
1417122000000,72.89,72.89,71.42,72.25,128193600
1417381200000,71.9,74.2,71.51,73.79,139383260
1417467600000,74.06,74.47,71.31,71.64,133472040
1417554000000,71.89,72.35,71.42,72,115782340
1417640400000,72.25,74.03,71,71.04,162018990
1417726800000,70.92,71.73,68.4,68.6,160171610
1417986000000,69.17,69.67,65.23,65.3,167156200
1418072400000,64.77,66.9,62.61,66.26,198020150
1418158800000,66.62,68.7,65.78,67.77,180002300
1418245200000,67.85,68.4,65.25,65.95,182009630
1418331600000,65.4,66.2,63.07,64.2,157344230
1418590800000,64,65.74,59.92,60.13,224047750
1418677200000,59.5,61.95,47.21,53.5,470750510
1418763600000,54.03,60.88,52.38,59.9,446526580
1418850000000,61.5,65.8,60.25,62.91,317744140
1418936400000,61.26,63.08,59.5,61.44,171795280
1419195600000,63.27,64.2,57.82,58.6,228645560
1419282000000,59.05,59.53,52.86,54,230869270
1419368400000,53.58,55.45,51.51,55,166419660
1419454800000,54.98,58.85,54.71,58.7,116646610
1419541200000,59,60,56.05,57.13,134648850
1419800400000,57.01,58.29,53.7,54.51,113669200
1419886800000,53.04,55.65,51.6,54.9,120437150
1420405200000,54.02,56.77,53.58,56.37,63231040
1420491600000,56,58.45,55.83,58.28,70269700
1420664400000,59,67.77,58.61,65.7,187598890
1420750800000,65.7,66.88,62.25,63.1,107559890
1421010000000,62.2,63.84,61.66,62.9,99435900
1421096400000,62.31,62.98,59.25,60.31,190655450
1421182800000,59.6,61.2,59.6,60.05,134066670
1421269200000,61.19,62.68,60.71,61.8,180005110
1421355600000,61.8,62.43,60.41,61.99,143117080
1421614800000,61.59,63.67,61.55,61.8,124918310
1421701200000,61.82,62.25,60.27,60.8,120109490
1421787600000,61.08,63.2,60.95,62.8,106804150
1421874000000,63.06,64.88,62.42,64.35,173344710
1421960400000,64.99,66.72,63.9,64.45,163436260
1422219600000,63.79,63.88,60.17,60.49,154035210
1422306000000,58.2,61.44,57.2,61.2,188572120
1422392400000,61.81,62.58,60.31,60.63,139314670
1422478800000,60.4,62,59.6,60.5,150527510
1422565200000,61.25,61.5,59.67,61.5,194980610
1422824400000,62,62.57,60.03,61.4,195554010
1422910800000,62,62.85,60.83,62,140880980
1422997200000,62.5,62.69,60.87,61.04,83495280
1423083600000,60.6,62.48,59.9,62.41,173331680
1423170000000,62.8,64.88,62.45,64.31,180698040
1423429200000,64.31,67.4,63.85,65.57,224135470
1423515600000,65.48,66.43,64.47,65,121431950
1423602000000,66.11,66.46,65.08,65.12,142445360
1423688400000,66.08,69.47,64.55,67.21,403090230
1423774800000,68,70.75,68,70.6,375773430
1424034000000,70.77,71.9,69.67,70,131054210
1424120400000,70.25,73.96,69.72,72.45,243539660
1424206800000,73.38,76.84,72.83,76.4,237863380
1424293200000,76,76.56,72.8,73.78,238749450
1424379600000,74.44,75.45,73.52,74.75,177829380
1424725200000,72,73.87,71.76,73.7,117265120
1424811600000,73.8,74.6,72.9,74.2,122714250
1424898000000,75,76.6,74.6,75.95,143958950
1424984400000,75.8,76.75,75.26,75.91,129979040
1425243600000,76.38,77.45,76.1,76.2,110696420
1425330000000,76.03,76.98,74.84,75.55,129705180
1425416400000,75.35,75.72,72.31,72.31,117798050
1425502800000,72.9,74.16,71.86,72.7,175857900
1425589200000,73.08,74.11,72.58,73.25,105050160
1425934800000,72.5,72.71,69.09,69.8,149557550
1426021200000,69.8,71.31,68.78,70.68,149717760
1426107600000,71.12,71.59,70.02,70.79,82959400
1426194000000,71,71.3,67.81,67.87,151669320
1426453200000,67.5,67.8,65.23,65.57,156289080
1426539600000,66.05,66.45,63.86,64.65,183457200
1426626000000,64.9,66.05,64.73,65.26,108223320
1426712400000,66.5,66.88,64.45,64.9,124342050
1426798800000,64.95,67.22,64.4,67,147872150
1427058000000,67.6,67.6,64.83,65,131474510
1427144400000,65,66.36,63.74,65.6,121944620
1427230800000,65.85,66.15,64.31,64.8,97814600
1427317200000,65.43,65.8,62.62,62.85,148212490
1427403600000,63.2,63.55,60.57,61,157726010
1427662800000,60.81,63.17,60.67,63.01,121585170
1427749200000,63,63.4,61.92,62.88,113703370
1427835600000,62.34,64.69,62.18,64.5,161132260
1427922000000,64.6,66.17,64.03,65.92,138482010
1428008400000,65.92,66.4,65.16,65.5,85588420
1428267600000,65.65,68.99,65.57,68.99,137120690
1428354000000,68.85,70.27,68.15,69.6,224738420
1428440400000,69.42,69.93,68.61,69.4,124300110
1428526800000,69.03,72,68.96,72,187982850
1428613200000,72.15,72.45,70.23,71.5,143967740
1428872400000,71.89,74.55,71.43,74.1,165129570
1428958800000,74.1,74.82,72.89,74.05,135451730
1429045200000,74.15,76.49,73.91,76.49,153846180
1429131600000,76.97,77.51,74.85,76.5,176773010
1429218000000,76.64,76.96,72.5,72.5,157337590
1429477200000,72.5,74.07,71.22,73.5,157896000
1429563600000,73.66,75.67,73.26,75.24,157633660
1429650000000,75.2,75.33,72.63,73.9,143896300
1429736400000,74,76.57,72.11,75.8,192895230
1429822800000,75.7,77.7,74.89,75.75,155138110
1430082000000,76.12,76.86,74.58,75.2,126319130
1430168400000,74.8,75.75,73.9,75.7,99218180
1430254800000,75.6,76.27,74.68,75.2,87147120
1430341200000,75.11,76.96,74.97,76.9,105036540
1430773200000,77.2,80.6,76.8,80.21,136570620
1430859600000,80.36,80.98,78.64,79.2,110343180
1430946000000,78.85,78.89,75.97,76.5,111790370
1431032400000,76.3,76.67,75.07,75.5,109570490
1431378000000,75.5,76.7,74.33,75.19,99583780
1431464400000,75.42,76.07,74.7,75.24,108370700
1431550800000,75.04,75.35,73.6,74.31,89950110
1431637200000,74.51,75.18,73.74,75.05,66428900
1431896400000,75.49,76.05,75.09,75.36,91255640
1431982800000,75.35,75.35,73.03,73.35,95117880
1432069200000,73.24,73.58,71.41,71.6,111312700
1432155600000,71.77,73.59,71.15,73.25,98610820
1432242000000,73.31,74.67,73.06,74.35,130057270
1432501200000,74.4,74.74,72.91,74.46,60933420
1432587600000,74.65,75.16,73.9,74.67,80631210
1432674000000,74.5,74.5,72.41,74.23,110149140
1432760400000,74,74.97,73.32,73.6,83529650
1432846800000,73.7,76.13,73.5,73.5,136698370
1433106000000,73.7,74.49,72.65,72.65,113205280
1433192400000,72.88,74.25,72.25,73.92,75392090
1433278800000,74.19,74.35,71.6,71.72,107211510
1433365200000,71.69,72.2,70.55,71.25,109970350
1433451600000,71.2,71.75,70.2,70.61,77281110
1433710800000,70.8,71.05,69.15,69.17,102748480
1433797200000,69.26,70.35,68.41,70.21,98748730
1433883600000,70.51,72.07,70.3,71.51,91552570
1433970000000,71.14,72.55,70.23,72.55,123890170
1434315600000,72.03,72.27,70.6,71.8,102080440
1434402000000,71.56,73.8,70.96,73.5,107571400
1434488400000,73.48,74.41,72.78,72.81,86995650
1434574800000,73.2,74.37,72.6,72.98,91400010
1434661200000,73.19,73.38,71.56,71.56,92741580
1434920400000,72.05,72.46,71.5,72,74326940
1435006800000,72.3,72.37,71.5,72.01,52938560
1435093200000,72.1,72.5,71.35,71.98,56452820
1435179600000,71.95,72.24,71.42,71.42,45477110
1435266000000,71.39,71.47,70.4,70.6,98330570
1435525200000,69.18,70.97,69.03,70.2,77616070
1435611600000,70.2,72.5,70.05,72.35,99473820
1435698000000,72.3,72.97,70.71,71,101154440
1435784400000,71,71.3,70.17,70.54,83756690
1435870800000,70.6,71.15,69.9,70.67,58707530
1436130000000,69.93,70.59,68.08,68.45,123570110
1436216400000,68.47,69.68,68.12,68.77,103684770
1436302800000,68.51,68.94,66.5,67.73,160173700
1436389200000,68.17,69.38,67.7,69.35,84780130
1436475600000,69.6,71.2,69.57,71.06,108780680
1436734800000,70.75,72.94,70.75,72.94,231581340
1436821200000,72.8,73.9,72.31,73.9,110524300
1436907600000,73.78,74,72.96,74,79249180
1436994000000,74,74.39,73.53,74.21,56795770
1437080400000,74.19,75.73,73.57,75.52,88937350
1437339600000,75.4,75.7,73.87,74.1,89338110
1437426000000,73.97,75.86,73.41,75.55,108985690
1437512400000,75.22,75.97,74.5,74.6,99433200
1437598800000,74.61,74.69,72.51,72.7,91626820
1437685200000,72.51,72.57,70.25,70.45,133887760
1437944400000,70.4,70.45,67.35,68.48,209986640
1438030800000,68.21,70.73,67.4,69.55,181247650
1438117200000,69.89,71.49,69.66,71.2,123880080
1438203600000,71.37,72.79,70.91,72.2,107101630
1438290000000,71.96,72.55,70.21,72.3,153437500
1438549200000,71.5,71.75,70.43,71.1,117599820
1438635600000,70.8,72.43,70.51,72.3,99409330
1438722000000,72.62,74.14,72.33,73.49,113008940
1438808400000,73.21,73.9,72.11,72.25,102421110
1438894800000,72.7,74.4,72.57,74.2,105214340
1439154000000,74.2,75.17,73.5,75.16,84327190
1439240400000,75.16,75.67,73.2,73.2,113655080
1439326800000,72.99,74.2,72.52,73.4,98910440
1439413200000,73.8,74.44,73.12,73.7,77333790
1439499600000,73.65,74.86,73.27,74.43,73226070
1439758800000,74,74.19,72.81,73,94182540
1439845200000,72.71,73.42,72.04,72.45,87653250
1439931600000,72.3,73.26,71.27,71.5,105333980
1440018000000,71.1,72.57,70.88,72.05,108445080
1440104400000,71.03,71.57,69.86,69.86,118509720
1440363600000,68.02,69.23,66.75,68.53,232160070
1440450000000,68.6,71,68.6,70.79,145878970
1440536400000,70.6,71.28,69.51,71,129671460
1440622800000,71.91,73.9,71.8,73.8,153628490
1440709200000,74.46,75.06,72.9,74.82,174611890
1440968400000,74.31,74.53,73.08,74.5,152930380
1441054800000,74.4,74.92,72.72,73.14,132717170
1441141200000,72.97,74.18,72.22,72.9,139406370
1441227600000,73.5,74.5,73.22,74.15,106955860
1441314000000,73.73,74.28,73.5,73.96,80709310
1441573200000,73.67,73.9,73.36,73.81,49845340
1441659600000,74.1,75.4,74.04,74.9,98662390
1441746000000,75.6,75.75,74.46,74.65,85993260
1441832400000,74.02,74.82,73.61,74.3,93353580
1441918800000,74.28,74.42,73.69,74.1,57012070
1442178000000,73.89,75.23,73.87,74.88,76431280
1442264400000,74.9,74.97,74.28,74.85,63782210
1442350800000,75.12,77.71,75.09,77.71,124565490
1442437200000,77.56,77.98,76.25,76.49,93647050
1442523600000,76.75,77.19,75.31,75.5,103518130
1442782800000,75.6,76.98,75.47,75.94,78643830
1442869200000,76.1,76.13,73.91,74.39,102296950
1442955600000,74.4,74.97,73.45,73.74,93374560
1443042000000,73.94,74.3,72.67,73.33,101789760
1443128400000,73.78,74.97,73.67,74.97,86018340
1443387600000,74.99,75.67,74.25,74.57,69169380
1443474000000,74.17,75.6,73.58,75.5,83624660
1443560400000,75.68,76.76,75.2,75.3,86525120
1443646800000,76,76.49,74.12,74.51,109384990
1443733200000,74.6,75,72.95,73.8,98443470
1443992400000,74.55,76.3,74.29,76.2,100484850
1444078800000,76.28,77.34,75.7,77.31,102125210
1444165200000,78.31,79.7,76.69,79.65,181436920
1444251600000,79.15,83.29,78.37,83.11,234046020
1444338000000,83.88,86.2,83.26,85.77,205573820
1444597200000,85.8,86.6,83.86,85.45,146007620
1444683600000,84.86,85.65,84.26,85,99736900
1444770000000,84.48,87.1,84.02,86.81,114246530
1444856400000,86.99,89.12,86.93,87.7,139294580
1444942800000,88.57,90.07,88.3,88.52,143386100
1445202000000,88.5,88.86,85.92,87.07,118152120
1445288400000,86.96,89.34,86.14,88.14,109382370
1445374800000,87.99,88.35,86,86.95,99081310
1445461200000,86.63,87.6,86.03,86.53,90618250
1445547600000,87.22,90.45,86.97,90.45,137358890
1445806800000,90.89,92.7,89.72,92.3,154684320
1445893200000,91.9,91.92,88.73,89,137755700
1445979600000,89,90.49,87.33,90.05,128577920
1446066000000,89.73,91,88.31,88.6,114433270
1446152400000,88.75,90.8,88.12,90.53,85414040
1446411600000,90.25,93.8,89.66,93.65,125019670
1446498000000,93.89,95.59,93.32,95.4,122438730
1446670800000,96,96.6,94.6,95.5,127769250
1446757200000,95.5,95.91,93.57,94.09,106579170
1447016400000,94.5,94.79,92.7,92.95,79039400
1447102800000,92.78,94.42,92.02,94.35,71523380
1447189200000,94.2,94.86,92.65,94,77489920
1447275600000,93.4,94.77,92.69,94.29,79197840
1447362000000,93.4,94.39,92.96,93.4,79071320
1447621200000,93.01,96.14,93.01,95.8,88111460
1447707600000,96.52,102.67,96.52,102.5,181101510
1447794000000,102.78,104.59,101.74,104,136661570
1447880400000,104.7,108.55,102.54,104.86,191081370
1447966800000,104.35,107.3,103.19,107.3,113710820
1448226000000,106.88,110.32,105.22,109.98,173233750
1448312400000,109.81,110.7,105.15,105.6,154170880
1448398800000,106.3,108.94,105.44,108.51,119491800
1448485200000,108.77,109.3,105.6,106.48,80653490
1448571600000,105.74,106.06,103.7,104.55,93334840
1448830800000,103.9,105.9,102.75,102.9,87247790
1448917200000,103.5,103.9,100.6,101.3,98894750
1449003600000,101.48,103.49,101.15,102.5,89735480
1449090000000,101.9,105.02,101.5,104,96438740
1449176400000,103.7,105.67,102.25,103.05,107660660
1449435600000,103.45,104.9,102.78,103,91341440
1449522000000,102.8,103.08,96.95,97,159235470
1449608400000,97.47,101.05,97.24,100.66,119148390
1449694800000,100.3,101.75,99.67,100.13,88967510
1449781200000,99.89,100.59,97.76,98.15,90949100
1450040400000,97.58,98.37,96.23,97.7,101851290
1450126800000,98.5,100.79,98.24,100,87563530
1450213200000,100.25,102.5,100.07,102.45,70548170
1450299600000,102.95,105.18,102.55,103.75,120210540
1450386000000,103.05,103.18,98.8,98.81,108929250
1450645200000,98.9,100.8,97.65,98.73,81398290
1450731600000,99.5,100.4,99.1,99.8,48799790
1450818000000,100.15,102.96,100.13,102.96,72286800
1450904400000,103.75,103.89,100.4,101.35,72255900
1450990800000,101.83,102.32,100.78,101.34,26197790
1451250000000,101.2,101.54,99.46,100.2,36924620
1451336400000,100.49,102.5,99.74,101.82,72703690
1451422800000,101.67,101.85,100.47,101.26,38868080
1451854800000,101,101.78,97.94,98.01,51264550
1451941200000,97.88,99.24,97.16,98.89,49071570
1452027600000,98.7,99.56,96.83,96.85,40710930
1452459600000,93.61,94.89,91.01,91.03,86120290
1452546000000,89.09,92.88,88.52,91.71,110109050
1452632400000,92.75,93.88,91.25,91.5,74169700
1452718800000,91,93.15,90.37,93.04,81179220
1452805200000,92.44,92.95,86.85,87.27,133791200
1453064400000,86.01,88.28,85.1,86.15,100574240
1453150800000,87.39,89.7,85.76,86.68,114039260
1453237200000,84.89,85.19,82.2,83.83,134624680
1453323600000,84.25,87.15,83.27,86,143863130
1453410000000,88.97,92.28,87.62,91.5,207689990
1453669200000,92.55,93.35,90,91,131784760
1453755600000,89.06,91.76,88.74,91.5,105375580
1453842000000,91.98,96.26,91.47,95.75,150816500
1453928400000,95.77,97.28,94.33,96.69,179555940
1454014800000,97.47,98.7,95.12,96.5,165404880
1454274000000,96.27,97.49,95.29,96.5,89621070
1454360400000,95.7,97.07,93.75,94.4,128999060
1454446800000,93.91,96.89,93.71,94.53,112704620
1454533200000,98.56,98.56,96.71,97.57,122053010
1454619600000,97.01,97.98,96.35,97.2,81434160
1454878800000,97.05,97.86,93.85,94.7,106207300
1454965200000,94,95.63,92.7,93.89,121341460
1455051600000,93.5,96.77,93.16,96.35,111478160
1455138000000,95.71,96.1,93.05,94.2,115370090
1455224400000,95.14,95.67,94.18,94.85,79435870
1455483600000,96,96.37,94.93,95.25,68610990
1455570000000,95.99,97.28,95.7,96.51,114942500
1455656400000,96.51,99.38,96.05,99.2,114840150
1455742800000,99.9,102.8,99.75,102.7,125646250
1455829200000,101.99,103.57,101,101.5,171600390
1455915600000,101.61,102.6,101.5,102.39,18170020
1456088400000,102.57,104.39,102.39,103.2,66187510
1456261200000,102,102.7,100.79,102.1,89140580
1456347600000,102.65,104.35,101.51,104.05,110333690
1456434000000,105,107.15,104.83,106.24,144091540
1456693200000,105.5,107.38,104.81,107,91798290
1456779600000,107.5,108.79,106.42,108.26,114856490
1456866000000,109,109.2,106.1,106.12,97924080
1456952400000,106.7,107.63,105.4,106.99,80188360
1457038800000,107.7,109.02,106.7,108.99,84288020
1457298000000,109.62,110.2,108.57,109.47,75021080
1457470800000,108.99,109.07,107.5,108.15,72419980
1457557200000,108.26,109.9,107.67,108.84,94994800
1457643600000,109.2,109.95,108.55,109.26,61331210
1457902800000,109.28,109.56,108.4,109.26,66481000
1457989200000,109.6,110.29,106.09,106.46,127043830
1458075600000,107.2,107.27,106.12,107,75835060
1458162000000,107.8,109.49,107.7,109.47,92997390
1458248400000,109.59,112.5,108.91,112.4,134630750
1458507600000,111.5,112.92,110.5,112.07,115565250
1458594000000,112.27,114.19,111,111.49,107526080
1458680400000,111.27,112.1,108.7,109.1,104185740
1458766800000,108.59,109.29,107.05,108.06,93439810
1458853200000,108.62,109.5,108.62,109.1,32979670
1459112400000,110,110.11,107.69,108.12,50130410
1459198800000,107.91,108.44,105.35,107.05,86835580
1459285200000,107.98,109.91,107.52,109.15,84472720
1459371600000,108.72,110.59,107.32,109.9,106590120
1459458000000,109.3,109.4,107.01,108.52,101276220
1459717200000,108.21,109.69,107.1,108.2,80458170
1459803600000,107.24,107.64,106,106.87,75655980
1459890000000,107.63,108.3,107.05,108,75577530
1459976400000,108.99,109.38,107.62,108.51,80295520
1460062800000,108.98,113.3,108.56,112.92,124450440
1460322000000,113,117.85,112.62,117.35,150709430
1460408400000,117.27,119.39,115.82,117.95,121033520
1460494800000,118.1,119.95,117.35,119.5,103450650
1460581200000,119.01,119.55,117.89,119.3,87986340
1460667600000,118.95,119.91,118.11,119.3,70464930
1460926800000,117.12,118.2,116.01,118.2,91828010
1461013200000,118.9,123.35,118.78,121.5,137828350
1461099600000,120.5,123.97,119.9,123.75,104454360
1461186000000,124.99,125.55,118.2,119.17,181989880
1461272400000,119.68,121.39,117.9,121.25,103033620
1461531600000,121.01,121.51,119.6,120.08,67353690
1461618000000,119.98,119.98,116.75,119.7,87582980
1461704400000,120.25,122.37,119.57,120.8,90776270
1461790800000,121.31,124.39,120,124.39,86145270
1461877200000,124.43,125.78,122,123.55,102845000
1462309200000,121.5,122.39,119.31,120.96,84919830
1462395600000,121.46,122.3,120.4,120.92,56067230
1462482000000,120.27,120.86,118.41,120.64,70324510
1462827600000,119.8,121.35,118.57,119.55,66142640
1462914000000,120.01,123.62,119.57,123.45,85404520
1463000400000,123.46,124.38,121.01,121.2,82201850
1463086800000,121.5,121.95,119.69,121.07,63730840
1463346000000,122.2,123.62,121.63,122.6,59171910
1463432400000,122.85,123.27,120.6,122.71,72505100
1463518800000,122.49,123.54,121.83,123.12,50047460
1463605200000,121.96,122.17,120.3,120.5,72437040
1463691600000,121.83,122.47,120.8,121.9,54014280
1463950800000,121.3,122.2,120.12,121.51,56408970
1464037200000,121.45,124.07,121.35,123.5,56897490
1464123600000,124.45,128.55,124.41,127.87,114073670
1464210000000,128.54,133.05,126.9,132.16,125310740
1464296400000,131.62,134.79,131.35,133.2,87175150
1464555600000,133.51,135.08,132.55,134.45,37575080
1464642000000,134.79,135.98,132.56,132.56,93363020
1464728400000,132.36,133.21,131.31,131.36,64165110
1464814800000,131.51,133.08,130.51,132.3,63947300
1464901200000,133.07,134.44,131.04,131.59,68202630
1465160400000,132.08,134.74,132,133.99,48666040
1465246800000,134.5,139.97,134.02,139.97,101205300
1465333200000,141.12,142,137.44,139.39,88540950
1465419600000,139.9,140.71,137.07,139.61,56597300
1465506000000,137.8,137.94,133.35,133.5,64569430
1465851600000,131.22,132.37,126.15,127.08,109389570
1465938000000,126.9,130.23,126.61,129.89,80324940
1466024400000,129,129.24,125.85,127.1,67167630
1466110800000,128.66,130.75,128.49,128.7,66796670
1466370000000,132.45,133.48,131.2,132.13,47921580
1466456400000,132.1,133.43,129.94,133.39,52409310
1466542800000,134.61,135.79,133.51,134.81,45459110
1466629200000,134.42,138.28,133.89,138,55163860
1466715600000,131.5,133.5,129.12,133.4,107405790
1466974800000,133.9,134.83,125.35,126.2,117447730
1467061200000,127.85,129.71,125.7,129.57,91288180
1467147600000,130.63,133.95,129.82,133.88,67216180
1467234000000,133.65,135.34,131.14,133,86955520
1467320400000,133.38,134.34,131.55,133.85,64562290
1467579600000,134.65,135.84,133.8,134.6,37974790
1467666000000,133.9,133.9,131.73,131.85,44240960
1467752400000,131.51,132.04,127.85,129.36,70460970
1467838800000,130.49,133.5,130.02,131.8,77524920
1467925200000,130.63,134.49,130.35,134.41,75763390
1468184400000,134.92,137.77,134.52,137.2,69836360
1468270800000,137.55,140.47,136.9,140.4,63799710
1468357200000,140.29,141.35,137.88,139.4,85670010
1468443600000,140,140.65,137.57,140,61352910
1468530000000,139.39,139.74,137.25,138.12,53551790
1468789200000,138.43,139.93,137.9,139.93,46932760
1468875600000,139.75,141.1,138.42,139.47,53219980
1468962000000,139.55,140,137.41,138.57,63451000
1469048400000,139.3,139.85,137.8,138.5,32417720
1469134800000,137.86,138.87,137.57,137.8,33621130
1469394000000,138.2,138.66,135.5,136,47091610
1469480400000,136.2,136.7,133.33,135.75,65112170
1469566800000,136.1,137.6,135.2,136.9,62463270
1469653200000,137,137.34,134.82,136.85,56411550
1469739600000,136.57,139.81,135.93,139.15,59193890
1469998800000,140,141.21,137.59,138.52,47153870
1470085200000,138.45,138.6,135,135.06,57230140
1470171600000,134.73,136.2,134.27,135.73,46790060
1470258000000,136.47,137.6,136.02,137.14,41613130
1470344400000,137.48,138.89,137.31,138.69,44500460
1470603600000,139.01,140.1,138,139.45,43544440
1470690000000,139.21,140.25,137.85,139.2,52334380
1470776400000,139.2,139.8,138.14,138.3,36208220
1470862800000,138.16,139.74,137.68,139.7,38363080
1470949200000,140.2,141.39,139.1,139.45,44408570
1471208400000,140.25,140.49,138.86,139.5,40246250
1471294800000,139.5,141.08,138.03,138.1,64976850
1471381200000,138.2,138.8,137.17,138.44,42754590
1471467600000,138.72,140.14,136.2,137,62192110
1471554000000,137.7,137.7,135.52,135.8,42601100
1471813200000,135.15,137.47,134.6,137.37,47528400
1471899600000,137,140.48,136.9,140.35,59224560
1471986000000,139.7,140.5,138.52,139.5,46466330
1472072400000,139.99,142.9,139.67,142.84,76078810
1472158800000,143.2,145.6,143.2,145.25,75195700
1472418000000,144.47,144.47,142.51,143.55,45656960
1472504400000,143.58,145.3,143.18,143.18,50500270
1472590800000,143.2,144.05,142.55,143.5,45305830
1472677200000,143.96,144.78,143.6,144.25,41963100
1472763600000,144.45,147.09,143.82,146.88,53845560
1473022800000,147.5,149.6,147.09,149.5,59600300
1473109200000,149.8,150.81,149.06,150.64,60199870
1473195600000,150.95,155.03,150.92,154.33,95300490
1473282000000,155.23,156.25,152.67,153.45,64752830
1473368400000,152.71,152.84,151.22,151.6,33786550
1473627600000,149.73,151.69,148.65,151.43,56124240
1473714000000,151.5,152.1,149.25,149.8,36177590
1473800400000,149.85,151.55,149.35,150.86,38730080
1473886800000,150.51,150.78,148.06,149.14,45152290
1473973200000,149.3,149.68,147,147,49929080
1474232400000,148.8,149.91,148.07,148.66,38986370
1474318800000,148.12,149.4,147.04,149.3,35197210
1474405200000,149.85,151.54,149.72,150.67,43825610
1474491600000,152.54,154.5,151.62,154.18,66192510
1474578000000,153.73,153.76,150.13,151.5,51201870
1474837200000,149.9,152.45,148.7,149.1,52078570
1474923600000,149.55,149.69,147.28,147.53,40476550
1475010000000,148.12,149.34,146.71,147.18,40322000
1475096400000,150.2,150.88,148.05,148.47,56728010
1475182800000,147,147,144.6,145.34,58037520
1475442000000,146,148.87,145.75,148.87,47993880
1475528400000,149.1,149.12,146.21,148.1,46486550
1475614800000,148.14,148.4,146.3,147.95,37993810
1475701200000,148.34,149.69,147.55,148.9,32716690
1475787600000,149.6,150.5,147.89,148.74,49440170
1476046800000,149.33,151.3,148.36,151.27,37509660
1476133200000,150.89,152.44,150.51,151.3,46387240
1476219600000,151.2,151.59,148.81,149.2,35366250
1476306000000,148.64,148.65,145.76,146.09,52838360
1476392400000,146.65,147.96,146.16,146.73,37124120
1476651600000,146.5,147.13,145.54,146.46,42616240
1476738000000,147.48,148.44,147.02,147.74,32955000
1476824400000,148.39,149.2,148.07,148.6,31874420
1476910800000,148.8,149,147.29,148.26,34266570
1476997200000,148.01,148.84,147.48,148.42,23329810
1477256400000,149.21,150.45,148.94,149.15,37453910
1477342800000,149.74,152.23,149.22,151.57,36161040
1477429200000,151.23,151.7,149.75,150.67,35952060
1477515600000,150.57,151.62,149.3,149.3,28739200
1477602000000,149.4,150.08,148.32,149.2,22418130
1477861200000,148.99,148.99,147.4,147.4,27721920
1477947600000,147.9,148.98,145.71,145.85,44168710
1478034000000,144.51,145.64,142.3,142.36,60205670
1478120400000,142.8,143.66,141.6,142.75,40341340
1478466000000,143.8,144.88,142.55,143.4,32443490
1478552400000,144.25,146.33,143.68,146.11,37347690
1478638800000,143,151.35,142.5,151.04,102394650
1478725200000,151.88,155.57,151.84,153.36,100426420
1478811600000,153,153.68,151.44,151.51,69515020
1479070800000,152.5,152.85,149.17,150.4,47655170
1479157200000,151,152.37,148.75,149.85,50518750
1479243600000,150.9,151.88,149.18,149.94,35759620
1479330000000,149.93,150.95,148.95,149.75,37684570
1479416400000,149.99,150.84,149.64,150.05,27291020
1479675600000,150.9,153.25,150.9,153,40030400
1479762000000,153.85,155.68,153.64,155,68572050
1479848400000,155.44,155.44,154.55,155.23,36365060
1479934800000,155.38,161.2,155.3,161.15,68795980
1480021200000,161,163.42,158.94,160.36,69148720
1480280400000,160.01,161.12,158.43,159.4,33551380
1480366800000,158.98,160.7,157.6,158.07,49350470
1480453200000,158.3,160.13,157.71,158.7,62385780
1480539600000,159.99,160,157.75,158.7,44384190
1480626000000,158.45,159.94,157.1,159.4,52755790
1480885200000,158.76,163.23,158.43,162.02,56633080
1480971600000,161.99,162.94,159.35,159.35,47160440
1481058000000,159.82,161,158.58,159.95,46914440
1481144400000,160.7,168.98,160.67,168.98,98187850
1481230800000,169.65,170.87,167.6,169.66,74497920
1481490000000,172,178.93,171.35,175.4,114401460
1481576400000,175,177.48,172.06,176.9,64580090
1481662800000,177,177.87,172.37,173.7,53848710
1481749200000,171.5,175.39,171.35,174.92,75039220
1481835600000,175.61,177.04,173.5,173.9,50133300
1482094800000,174.76,175.55,173.2,174.3,34213020
1482181200000,174.17,176.86,173.03,175.9,31563470
1482267600000,176.68,185.34,174.65,174.71,92678660
1482354000000,174.49,175.35,170,170,67004190
1482440400000,169.8,171.76,168.55,171.15,37355710
1482699600000,171.3,173.2,171.15,171.97,21221200
1482786000000,172,172.7,170.5,172.27,19784040
1482872400000,173,173.63,170.1,170.1,37022030
1482958800000,170.05,172.22,167.55,171.3,49661210
1483045200000,171.7,173.25,170.56,173.25,35427000
1483390800000,173.4,181.68,173,180.12,53890400
1483477200000,178.9,179.41,174.23,175.95,41400710
1483563600000,176.31,177.28,171.54,171.9,35093040
1483650000000,172.4,173.75,169.5,170.69,35415590
1483909200000,171.37,172.39,168.05,168.35,35187380
1483995600000,168.35,172.3,167.54,171.6,58874120
1484082000000,171.5,173.05,168.54,169.05,52772790
1484168400000,170,170.65,168.02,168.27,49854940
1484254800000,168.79,172.39,163.88,164.9,85990570
1484514000000,165.22,166.8,164.06,164.66,37577470
1484600400000,164.67,166.47,163.34,165.98,45968310
1484686800000,165.9,167.8,164.31,165.24,42479900
1484773200000,165.46,166.99,164.69,166.3,38478840
1484859600000,166.55,168.19,165.42,167.49,32581460
1485118800000,167.33,167.33,164.53,166.75,36457470
1485205200000,167.37,170.7,167.24,170.25,45397860
1485291600000,170.5,171.3,169.5,170.26,42543080
1485378000000,170.85,174.39,169.06,173.79,56105000
1485464400000,173.89,178.92,173,178.92,71123150
1485723600000,177.5,178,174.24,174.6,45935720
1485810000000,174.37,175.27,172.07,172.2,46486680
1485896400000,172.59,174.27,171.75,173.9,42252780
1485982800000,173.94,174.69,171.95,172.83,31064430
1486069200000,173.03,174.19,172.27,173.8,34744860
1486328400000,174.71,174.98,172.22,172.87,33943730
1486414800000,173,174.18,171.51,173.47,33506000
1486501200000,173.2,173.2,170.77,171.2,33314310
1486587600000,171.91,172.67,167.84,168.8,48730500
1486674000000,169.05,170.45,165.4,165.5,59337100
1486933200000,166.05,167.05,163.5,164.7,53028170
1487019600000,164.99,165.14,162.01,162.7,54466800
1487106000000,162.27,165.57,160,163.5,68808530
1487192400000,164.4,166.5,162.21,166.49,44328980
1487278800000,166.48,167.12,164.42,165.49,32616900
1487538000000,166.4,166.69,163.93,165.44,26986270
1487624400000,165.11,168.38,164.8,167,39649880
1487710800000,167.5,168.3,164.35,165.9,40662980
1487883600000,166.53,168.02,165.03,165.51,29704800
1488142800000,166.01,166.34,160.62,160.95,41947190
1488229200000,161.05,161.19,155.7,156,67919290
1488315600000,155.65,160.92,155.65,160,62258970
1488402000000,161.39,164.3,160.33,163.4,65453580
1488488400000,162.95,164.89,161.61,164.4,38242710
1488747600000,164.5,165.99,162,162,36845090
1488834000000,162.41,162.41,158.9,160.98,44866990
1489006800000,159.22,160.84,155.23,156.2,63696720
1489093200000,157.32,159.4,155.55,157.5,51296630
1489352400000,157.49,159.87,155.86,158.92,34087370
1489438800000,159.5,160.75,157.02,157.42,59200290
1489525200000,158.05,159.67,156.06,156.2,48858400
1489611600000,157.82,159.85,157.82,158.35,68322520
1489698000000,158.55,162.85,158.17,161.15,65470090
1489957200000,161.57,164.05,160.61,163.8,41497240
1490043600000,164.5,165.49,162.25,162.98,39831880
1490130000000,162.01,162.92,159.75,162.92,40877170
1490216400000,163.5,164.84,162.1,164.15,38722220
1490302800000,164,165.9,163.07,164.52,33041260
1490562000000,163.03,163.37,161.1,162.69,35418700
1490648400000,163.5,164.1,162.05,163.66,30489200
1490734800000,164,164.9,162.37,163.22,26160370
1490821200000,163.32,164.1,161.9,163.5,24410850
1490907600000,163.4,163.7,159.51,159.8,31639970
1491166800000,160.77,162.94,159.84,161.8,32726400
1491253200000,161.37,163.95,160.7,163.5,23333230
1491339600000,164.33,168.45,163.82,168.1,57753380
1491426000000,167.54,168.19,166.41,167.49,24422020
1491512400000,166.12,166.84,160.71,161.49,59739010
1491771600000,161,161.39,154.51,155.2,73718410
1491858000000,155.2,158.59,154.61,156,53342100
1491944400000,157,157.44,150.28,150.28,53279800
1492030800000,151.57,153.35,149.7,152,70013640
1492117200000,150.42,152.25,148.6,149.24,25092420
1492376400000,149.44,154.2,147.62,153.99,48418090
1492462800000,154.44,155.59,152.15,153.4,60882590
1492549200000,153.18,155.38,152.36,153.6,38955390
1492635600000,153,158.4,152.26,158.21,64127430
1492722000000,158.74,160.3,157.8,159.59,57187090
1492981200000,161.09,163.43,161,162.5,48021380
1493067600000,163,163.53,161.31,162.55,40534410
1493154000000,163.08,165.8,161.7,165.05,49259630
1493240400000,164.99,165.79,163.27,164.69,43712420
1493326800000,165.5,166,163.91,165.2,40999710
1493672400000,166,168.34,165.01,166.64,42498180
1493758800000,166.3,166.5,163.63,164.71,33570350
1493845200000,164.62,167.4,163.78,165.5,37623080
1493931600000,164.22,166.6,164,165.8,35495540
1494363600000,167,170.8,166.41,170.8,46474510
1494450000000,171,172.39,168.84,169.97,56593530
1494536400000,169.75,170.43,166.85,167.7,37355540
1494795600000,168.5,171.68,167.89,171.35,47099400
1494882000000,170.97,172,169.98,170.66,37205990
1494968400000,169.8,170.63,168.17,169.24,35218260
1495054800000,168.41,169.17,164.7,166.5,57482410
1495141200000,167.48,170.08,165.71,168.87,36552330
1495400400000,170.5,170.5,167.14,168.03,29679120
1495486800000,167.87,168.3,165.4,166.31,39501140
1495573200000,166.8,168.48,162.51,165.7,46891970
1495659600000,166.5,166.95,163.53,164.05,34373440
1495746000000,163.8,163.8,160.62,160.7,46062750
1496005200000,161,164.22,160.69,163.9,28741460
1496091600000,163.15,163.45,161.17,161.64,22672890
1496178000000,161.6,161.6,155.03,155.93,74365770
1496264400000,156.4,156.76,152.72,153,50590080
1496350800000,153,157.14,151.62,157.14,65420920
1496610000000,157.1,158.89,154.43,154.7,48595070
1496696400000,154.49,156,152.11,152.8,34673910
1496782800000,153.3,155.11,151.75,152.82,43663590
1496869200000,153.16,153.43,148.25,151.93,67991950
1496955600000,151.41,153.75,150.12,150.13,45312560
1497301200000,145.35,147.3,145,146,53389650
1497387600000,145.65,145.65,142.81,143,58225630
1497474000000,141.94,142.21,136.2,139,183326250
1497560400000,139.65,142.8,139.02,141.63,79690200
1497819600000,142.5,145.15,141.8,145,55251940
1497906000000,145.2,147.1,143.5,144.9,58990950
1497992400000,144.16,144.99,142.77,143.49,48036300
1498078800000,142.39,145.69,141.78,144.25,54360770
1498165200000,144.4,146,143.62,144.1,42333900
1498424400000,144.85,146.49,143.81,144.49,46189970
1498510800000,144.05,147.2,143.4,147.1,51070850
1498597200000,146.2,146.45,144.71,145.5,45975150
1498683600000,146.51,146.83,143.2,143.8,48806780
1498770000000,143.2,146.73,142.88,145.59,67210520
1499029200000,146.65,148.3,146.22,147.5,38410910
1499115600000,147.5,149.8,147.11,149.39,40165050
1499202000000,149.39,149.79,147.89,148.96,48191260
1499288400000,149.2,151.03,148.9,150.35,51568300
1499374800000,149.65,152.5,149.06,152.16,57150370
1499634000000,152.48,155.34,152.36,155,63627110
1499720400000,155.55,157,154.95,156.91,57224430
1499806800000,157.53,160.99,157.5,160.85,70426950
1499893200000,161.46,162.62,158.34,159.94,71818670
1499979600000,159.9,162.26,159.43,161.4,43599590
1500238800000,161.8,163.1,159.82,161.98,40217710
1500325200000,162,162.99,160.88,161.7,36470090
1500411600000,161.3,164.34,160.53,164.34,56474420
1500498000000,164.06,164.91,163.47,163.93,41944460
1500584400000,163.99,163.99,161.72,162.1,35022910
1500843600000,161.21,162.33,158.6,161.33,57495790
1500930000000,161.66,162.3,159.92,160.22,43210700
1501016400000,160.71,162.31,160.12,161.55,42613080
1501102800000,162.41,166,162.4,166,55346350
1501189200000,165.37,165.75,163.15,165.4,50132670
1501448400000,165.53,167.35,163.88,164.53,55781520
1501534800000,165.5,168,165.3,166.31,55355180
1501621200000,166.6,169.94,166.54,169.9,55341010
1501707600000,170,170.98,169.17,170,56318760
1501794000000,169.49,170,168.6,169.73,27204000
1502053200000,170.47,172.95,170.38,172.79,35533610
1502139600000,173,175.88,172.66,175.75,50529650
1502226000000,174.8,175.2,172.8,173.4,49021230
1502312400000,173.75,174.16,172.01,172.2,30020500
1502398800000,171.26,172.49,168.64,172.05,60812390
1502658000000,173,173.77,171.37,172.51,30902070
1502744400000,172.31,172.72,170.46,172.33,30384890
1502830800000,172.95,175.3,172.83,173.05,41837570
1502917200000,172.5,173.99,172.27,172.72,26052310
1503003600000,171.71,171.71,168.13,169.5,52379100
1503262800000,169.77,170.69,168.5,169.9,36731730
1503349200000,171.2,171.7,169.7,171,37858620
1503435600000,171,175.3,170.98,175.3,55467190
1503522000000,175.5,179.94,175.3,179.8,78590210
1503608400000,180.85,182.25,179.6,180.51,68786620
1503867600000,180.6,181.85,179.2,181.85,27960960
1503954000000,182,182,179.51,181.89,46130680
1504040400000,182.5,184.48,180.85,183.5,48548970
1504126800000,182.99,186.33,181.71,183.51,64267180
1504213200000,183.85,185.33,182.02,183.66,34360100
1504472400000,181.51,185.27,180.93,184.1,25717510
1504558800000,184.39,185.59,183.33,184.14,34342180
1504645200000,183.25,183.73,181.47,183.12,33518200
1504731600000,183.47,185.25,183.32,184,45668560
1504818000000,184.1,187.43,183.77,185.89,60690500
1505077200000,186.7,191.3,186.51,190.5,61682280
1505163600000,191.03,192.31,188.14,189.32,50535740
1505250000000,189.32,190.95,188.4,189.1,47811940
1505336400000,189,189.39,186,188.64,38052220
1505422800000,188.73,189.3,186.72,188.75,44784370
1505682000000,189.56,190.37,187.31,188.04,29580440
1505768400000,187.68,187.72,184.55,184.85,41401170
1505854800000,184.5,186.47,182.65,186.47,50034550
1505941200000,186.4,188.37,183.8,187.38,41621350
1506027600000,187.35,188.77,186.77,187.55,37307660
1506286800000,187.37,191.38,186.37,191.2,64177070
1506373200000,191.56,195,191.54,192.54,82080300
1506459600000,192.94,194.29,191.2,193.7,55030940
1506546000000,193.68,194.3,191.53,191.96,39113080
1506632400000,192,192.94,190.8,192.33,26325570
1506891600000,192.76,194.1,191.1,193,35954810
1506978000000,193.28,193.87,192.13,192.5,28657490
1507064400000,192.49,192.59,191.22,192.03,26536580
1507150800000,192,193.93,189.06,193.74,49466550
1507237200000,194.3,196.42,193.67,194.16,52399740
1507496400000,194.2,194.9,192.58,194,27756660
1507582800000,194.3,194.45,192.95,193.21,17832400
1507669200000,193.95,196.75,193.56,195.83,58002000
1507755600000,195.85,196.75,194.95,195.51,34969250
1507842000000,195.62,197.29,195.2,196.48,30338910
1508101200000,197.53,198.52,196.7,197.7,26979280
1508187600000,197.3,198,196.07,197.2,26239760
1508274000000,197.5,197.89,194.01,195.31,43547040
1508360400000,195.26,195.69,191.81,192.2,40359720
1508446800000,193.6,194.14,192.23,192.97,29002730
1508706000000,193.41,193.64,190.82,192.34,26949880
1508792400000,191.64,192.92,190.13,192.5,28262140
1508878800000,193,194.37,192.04,192.04,32303420
1508965200000,192.65,193.5,190.72,192.75,25634660
1509051600000,193.53,196.18,192.87,196.05,46796590
1509310800000,196.32,197.7,195,195,31936710
1509397200000,194.81,196.36,193.8,193.8,25643690
1509483600000,194.49,197.05,193.33,194.05,40292630
1509570000000,193.78,195.12,192.38,193.85,33747050
1509656400000,194.77,195.75,193.2,193.8,30615880
1510002000000,196.5,206.7,195.56,205.96,135174410
1510088400000,205.95,211.77,204.06,209.09,88294790
1510174800000,209.51,221.5,209.12,220.05,116648980
1510261200000,221,229.4,216.61,217.7,143570000
1510520400000,217.7,223.99,215.78,216.61,50943980
1510606800000,216.5,222.2,215.96,221.4,45905390
1510693200000,222.5,227.75,221.54,225.95,72212510
1510779600000,227.79,228.58,219.09,227.5,85863110
1510866000000,227.9,228,224.1,225.65,37958790
1511125200000,225.7,225.97,223.16,224.6,18853280
1511211600000,225.5,232.99,224.07,231,77573460
1511298000000,231.89,233.95,228.38,230.25,45932160
1511384400000,230.26,230.99,225.06,225.56,41140440
1511470800000,225.4,228,222.15,228,44277250
1511730000000,228.4,229.04,225,226.76,24026270
1511816400000,221,230,221,230,40901370
1511902800000,230.1,231.5,226.7,228.2,34340960
1511989200000,228,228.92,222.35,224.35,46122870
1512075600000,224.5,225.76,220.76,221.5,39983910
1512334800000,222,226,219.55,224.6,45155240
1512421200000,224,224.55,222,223.91,27885630
1512507600000,222.65,224.9,221.57,223.75,23136530
1512594000000,223.83,224.79,219.23,219.81,38228880
1512680400000,219.9,223,219.61,220.89,28324950
1512939600000,221.4,227.69,221.1,227.69,34539660
1513026000000,229,230.5,226.11,227.9,39739590
1513112400000,227.3,228.33,220.54,221.8,61576220
1513198800000,222.11,229.9,221.1,229.9,55632890
1513285200000,228.9,229.79,225.57,226.53,42529200
1513544400000,227.49,228.9,225.7,227.4,24519570
1513630800000,227.99,228.5,223.5,224.1,34991830
1513717200000,224.28,226.68,222.7,226,34199080
1513803600000,226.46,227.39,222.35,223.6,34750260
1513890000000,223.68,224.64,221.12,221.44,21524310
1514149200000,222.22,223.9,221.65,223.3,11183210
1514235600000,223.9,223.98,221,223.57,12303590
1514322000000,224.01,227.2,223.1,226.98,30101220
1514408400000,226.9,227.17,223,224.2,24078940
1514494800000,224.12,226.2,223.27,225.2,18919860
1514926800000,226.88,232.7,226.35,231.9,34549620
1515013200000,232.13,239.5,231,238.8,53598520
1515099600000,238.89,239.95,236.7,238.6,31579190
1515445200000,239.03,243.76,239.01,240.4,53172330
1515531600000,240.4,241.25,237.06,237.76,39371720
1515618000000,237.76,240.88,235.21,239,43067630
1515704400000,238.92,239,236.05,237.75,30895860
1515963600000,239,240.97,238,238.85,25681720
1516050000000,239.01,240,236.01,239.64,25475380
1516136400000,238.62,239.82,236.53,239.82,30522070
1516222800000,240.5,246.69,240,245.5,64156650
1516309200000,245.15,245.98,240.68,242.45,38996990
1516568400000,242.97,244.89,241.41,243.99,25098970
1516654800000,244.77,246.25,241.67,244.4,43978210
1516741200000,244.2,247.53,242.32,247.53,31180190
1516827600000,247.9,251.65,247.58,250.64,54995210
1516914000000,249.3,251.23,245.93,247,35231900
1517173200000,247.5,250.79,246,250.48,49186400
1517259600000,248.53,258.96,247.91,257.8,65622240
1517346000000,257.5,264.79,255.7,264.5,63707920
1517432400000,265,270.3,260.6,263.2,73041240
1517518800000,263.69,264.83,256.2,257.32,64657160
1517778000000,254.85,258.29,252.6,255.64,45926950
1517864400000,250,262.55,248.1,258.94,85982110
1517950800000,263.9,264.37,256.26,257.58,53641050
1518037200000,256.4,259.76,253.19,253.19,37198300
1518123600000,249.03,252.89,244.13,250.11,81984710
1518382800000,253,256.36,251.67,255.05,41817940
1518469200000,255.87,258.62,254.7,258.3,43733360
1518555600000,259.07,263.37,257.26,262.03,60442410
1518642000000,267.53,268.77,264,264.58,60907490
1518728400000,265.97,267.97,263.11,266.99,51931210
1518987600000,267,270,265.3,266.85,24171390
1519074000000,266.85,267.8,264.72,267.22,24750090
1519160400000,266.05,279.2,266.05,279.2,70374070
1519246800000,277.99,279.5,275.52,277.49,50751740
1519592400000,279,285,278.59,279.97,67733260
1519678800000,280.82,280.99,276.61,278.21,40006960
1519765200000,276,277.41,272,272.4,53012950
1519851600000,270.98,277,270.9,275,38979860
1519938000000,274.4,275.5,268.56,273,46027880
1520197200000,273.7,278.84,273.5,277,34109000
1520283600000,278.5,281.5,274.03,274.03,40605460
1520370000000,272.99,276.72,270.15,274,49998920
1520542800000,274.55,275.48,270.61,274.6,26351860
1520802000000,276.05,277.3,273.55,274.3,23710370
1520888400000,274,275.93,272.66,273.95,34643840
1520974800000,273,273.4,262.11,262.5,61779660
1521061200000,263,264.61,253.29,254.51,78054390
1521147600000,255.29,257.98,249.76,256.15,91870960
1521406800000,257.8,259.81,250.01,255,42502100
1521493200000,255.98,257.34,250.4,257.15,62966810
1521579600000,258,270,257.23,268.88,69909930
1521666000000,269.97,271.8,264.1,265.5,55550150
1521752400000,259.02,264.25,259.02,262,46285060
1522011600000,262,264.87,255,255,56903720
1522098000000,256.99,258.43,252.27,258,45163380
1522184400000,255.5,256.12,250.75,251.5,43754240
1522270800000,252.12,255.6,252.12,252.9,33625120
1522357200000,254,254.49,252.8,253.57,10912160
1522616400000,253.58,258.34,249.99,249.99,35436630
1522702800000,250.01,251.93,245.38,251.6,63806710
1522789200000,252.21,255.77,249.09,255.69,52051840
1522875600000,257.25,262.89,255.92,262,52779220
1522962000000,260.64,262.32,256.01,256.76,40256090
1523221200000,255.05,255.3,205,213,250018990
1523307600000,211.24,224.47,197,214.8,253346870
1523394000000,214,223.6,204.24,208,185659760
1523480400000,214.55,218.39,208.5,212.21,126954920
1523566800000,213.37,216.7,203.14,204.7,106926900
1523826000000,199.36,208,191.5,192.06,199704860
1523912400000,203.02,207.87,200,207.5,169904570
1523998800000,209,219.93,208.25,215.87,174039490
1524085200000,217.34,222.22,212,213.45,133533840
1524171600000,214,216.27,212.13,215.36,57871710
1524430800000,216.48,223.5,213.22,223.25,116947630
1524517200000,225.9,228.43,221.3,223,83961110
1524603600000,220.15,223.78,218.2,220.45,69675890
1524690000000,221.57,222.59,216,220.7,73277610
1524776400000,221.36,224.43,217.62,223.91,81940000
1524862800000,224.4,224.99,222.4,224.8,10314450
1525035600000,224.5,228.2,221.58,226.99,39358910
1525208400000,224.22,230,224.02,229.02,40017840
1525294800000,228.4,232.74,227.5,228.03,79625270
1525381200000,229.58,230.94,225.7,228.55,48163140
1525640400000,230.17,232.18,229.06,229.86,37271570
1525726800000,227.79,228.48,224.5,226.7,55972540
1525899600000,228.5,234.14,228.37,233.7,72199030
1525986000000,234.35,237.95,233.74,235.72,55080740
1526245200000,236.21,237.8,234.03,237.8,34774680
1526331600000,237.5,237.5,230.4,231.39,53009530
1526418000000,230.88,232,226.7,229.8,70162450
1526504400000,230.01,231.25,226.05,226.05,43455710
1526590800000,225.7,228.16,222.2,222.2,60330030
1526850000000,223.79,226.8,223.55,226.21,38991090
1526936400000,227.27,227.27,222.95,225.6,43268320
1527022800000,223.11,224.07,221,221,48854650
1527109200000,221.91,223.7,221.12,222.01,37214260
1527195600000,222.51,223.48,219,220,50137840
1527454800000,219.47,221.5,219.2,220.9,23187310
1527541200000,220.5,222.13,217.1,219,35940720
1527627600000,219.3,221.55,217.88,221.01,48626980
1527714000000,221.98,224.35,220,222.36,67415130
1527800400000,221.5,222.77,220,220,35532280
1528059600000,221.13,222.67,218.57,220,32256200
1528146000000,220,220.79,214.51,215.56,51368750
1528232400000,216,218.19,214.65,217.9,35857770
1528318800000,218.94,219.45,216.41,216.41,32483420
1528405200000,216,217,210.25,210.95,67632240
1528491600000,211.5,213.27,211.5,212.6,6508460
1528664400000,212.5,213.61,208.33,210.35,28263970
1528837200000,211.23,216.13,209.63,215,48675610
1528923600000,214.82,217.49,213.6,214,42732410
1529010000000,213.9,215,207.9,209.36,86209880
1529269200000,209,211.2,205.01,206.3,54276700
1529355600000,204,206.77,202.11,206,51734620
1529442000000,207,212.37,207,212.2,60991640
1529528400000,212.25,214.16,208.62,210.4,65102970
1529614800000,211.62,215,209.62,214.43,67568430
1529874000000,204.5,206.94,202.51,202.51,56516980
1529960400000,203.64,205,199.6,199.91,54747990
1530046800000,201.85,209.33,198.55,207.95,81134770
1530133200000,207.85,210.63,207.01,208.5,46877330
1530219600000,210.1,218.3,210.09,218,76707660
1530478800000,217.01,222.83,216,221.01,55213130
1530565200000,221.01,222.45,217.1,218.45,38401730
1530651600000,218.23,219.56,216.61,217.7,20277940
1530738000000,217.5,224.54,216.85,224.54,53737300
1530824400000,225.01,227.59,221.61,226.71,55247910
1531083600000,228.5,231.24,228.2,230,50069820
1531170000000,230.95,232.25,228,230.3,43340410
1531256400000,229.2,229.2,224.8,227.57,58161000
1531342800000,226.76,228.45,225.1,226.6,40488130
1531429200000,227.3,230.86,227.22,229.85,39651270
1531688400000,230.1,231,226.42,227.99,35579630
1531774800000,227,227,220.52,222.5,62586090
1531861200000,222,224,215.64,216.28,61197290
1531947600000,216.9,217.11,206.56,207.5,93333130
1532034000000,207.77,210.95,201.1,204.34,126702190
1532293200000,205.4,210.4,205.25,208.42,55275810
1532379600000,209,215.45,208.92,215.45,54142290
1532466000000,211,215.45,208.34,213.7,76868200
1532552400000,215.7,216.51,209.11,210,59754670
1532638800000,210,211.22,205.58,208.9,58628430
1532898000000,207.77,212.49,206.56,211.33,48372730
1532984400000,211.09,214.94,210.24,214.86,45260950
1533070800000,213.5,215.2,210.57,210.6,37666650
1533157200000,208.54,211.72,205.13,206.6,58115220
1533243600000,206.49,206.55,202,202.21,74165120
1533502800000,201.8,205.2,199.57,203.9,52730870
1533589200000,205.19,207.95,201.55,201.79,60553370
1533675600000,201.53,202.45,191.51,193.2,142075030
1533762000000,189.99,195.9,182.06,195.9,160336490
1533848400000,194,196.85,183.01,186.15,113592570
1534107600000,182.05,193.39,180.15,190,106701070
1534194000000,192.98,195.98,188.2,192.76,82753490
1534280400000,192.35,194,186.53,187.98,77725280
1534366800000,189,192.28,188.22,191.6,54684020
1534453200000,191.83,192.43,188.59,189.55,45242690
1534712400000,190.99,193.99,190.64,191.2,49443050
1534798800000,192,192.34,189.55,191.8,40349600
1534885200000,192.43,193.69,187.56,187.8,66396800
1534971600000,188.44,189.06,178.55,178.71,147648980
1535058000000,178,180.39,172.8,180.39,133262230
1535317200000,181.47,183.83,180.52,183.27,51721470
1535403600000,183.35,184.64,181.22,182,49610370
1535490000000,182.77,183.85,181.31,183.5,39285100
1535576400000,184.61,185.57,177.25,178,66285490
1535662800000,177.61,182,175.61,182,63814120
1535922000000,181.72,182.87,180.15,181.21,31275240
1536008400000,182,182.49,177.71,179.5,56794110
1536094800000,178.5,181.25,178.28,178.46,44505050
1536181200000,177.25,180.18,175,175,49419910
1536267600000,175.47,177.45,173.85,174.9,68532820
1536526800000,175.03,175.97,169.85,171.21,77730540
1536613200000,171.23,172.67,165.9,169.36,93278700
1536699600000,170.2,175.19,169.4,173.9,93574140
1536786000000,174.5,189.04,174.5,183.5,194912360
1536872400000,185,189,182.53,188.71,127908270
1537131600000,190,192.07,186.6,188.11,67025000
1537218000000,188.3,192.69,186.51,191.65,83601870
1537304400000,192.3,193.97,191.47,193.9,61065690
1537390800000,194.3,197.73,191.16,191.16,133004440
1537477200000,191.16,194.68,188.83,193.44,109182050
1537736400000,194.6,199.06,194.29,198.75,76000500
1537822800000,199.7,201,195.06,195.55,90058270
1537909200000,195.52,197.4,193.59,195.79,61988530
1537995600000,195,204.1,194.56,204.1,101333900
1538082000000,204.93,205.67,200.1,203.32,101839410
1538341200000,204.5,205.25,201.71,204.2,55013680
1538427600000,205.16,205.98,198.62,199.5,79003430
1538514000000,200,202.47,196.85,198.3,76679890
1538600400000,197.91,198.19,189.25,189.35,87451180
1538686800000,188.99,191.59,185.05,187.2,103279820
1538946000000,187,193.6,182.51,191.85,82502650
1539032400000,193.5,196.04,188.7,191.25,86121280
1539118800000,192,195.12,188.81,189.89,67336620
1539205200000,184.85,187.83,182.3,185.27,125364360
1539291600000,187.8,192.16,187.61,191.85,63093510
1539550800000,192.5,193.89,189.45,190.92,54220850
1539637200000,190.02,196.2,189,196.05,64061080
1539723600000,198.47,198.8,192.92,194.05,79027880
1539810000000,193.5,194.2,190.8,191,49394850
1539896400000,191.15,191.7,183.8,183.8,96950320
1540155600000,184.86,187.72,180.03,180.7,92854160
1540242000000,178.89,182.5,177.02,181,77903480
1540328400000,182.5,189.25,180.5,188.01,106814960
1540414800000,185.51,188.75,184.03,186.71,80112060
1540501200000,185.77,185.85,178.27,181,92868230
1540760400000,180.6,186.3,178.64,185.59,61368040
1540846800000,183.88,186.82,181.74,184.78,61227000
1540933200000,186.2,189.8,184.83,189.8,66890490
1541019600000,189.5,191.36,186.7,188.67,77588390
1541106000000,189.99,192.98,188.57,192.6,69325930
1541451600000,194.5,197.85,193.73,197.8,65904630
1541538000000,197.41,203,195.4,201.9,98634400
1541624400000,201.98,204.7,200.1,202.89,94736930
1541710800000,200.32,201.96,194.33,195.75,96097970
1541970000000,197.97,201.85,196.4,196.82,82362260
1542056400000,195.5,199.7,193.68,196.56,78638020
1542142800000,195.21,199.56,193.18,199.2,83071810
1542229200000,200.01,202.5,199.5,200.15,62376350
1542315600000,201.12,203.5,198.71,199.26,66434280
1542574800000,198.98,200.7,197.5,197.99,50559670
1542661200000,197.3,197.8,191.81,194.21,66392190
1542747600000,194.21,198.4,193.38,197.5,58475250
1542834000000,198,200.01,195.92,199.4,49731020
1542920400000,198.58,198.77,194.86,197.3,50984250
1543179600000,197.5,197.79,185.53,188.5,117412600
1543266000000,189.98,192.45,188.11,191.03,87812910
1543352400000,191.6,193.27,189.45,190.2,60383880
1543438800000,191.85,196.37,191.1,195.76,83234570
1543525200000,194,194.25,191.22,194,67411490
1543784400000,197.99,201.9,197.58,200.3,81820020
1543870800000,200.3,200.7,196.93,199,58006750
1543957200000,195.7,196.8,194.05,196,49771400
1544043600000,194,194.23,190.11,192.19,64556990
1544130000000,193.5,196.35,192.2,195.01,64007740
1544389200000,192.75,193.92,190.39,191.8,61815010
1544475600000,192.15,193.8,190.2,192.57,54872050
1544562000000,193.3,193.9,190.45,190.45,50988040
1544648400000,190.25,191.55,188.56,189.17,43510520
1544734800000,188.5,189.1,183.73,184.93,73307750
1544994000000,184.63,186.96,182.11,182.3,59876690
1545080400000,180.59,186.6,180.37,186.6,80342620
1545166800000,185.5,188.85,184.35,188.85,61953220
1545253200000,186,191.82,185.31,189.3,88123070
1545339600000,188.74,190.05,185.7,186.79,60633190
1545598800000,186.1,187.26,183.51,184.3,32587550
1545685200000,182.42,183.47,179.04,183.3,34732450
1545771600000,183.9,185.5,182.35,183.4,30129900
1545858000000,187.4,187.4,184.18,185,47527120
1545944400000,185.78,187.22,184.98,186.5,39831090
1546030800000,186.9,187,185.31,186.3,9167600
1546462800000,186.37,191.5,186,186.99,40249190
1546549200000,188,190.99,187.77,190.99,32583360
1546894800000,191.65,193.18,190.37,191.24,38856560
1546981200000,192.71,197,192.1,197,70707820
1547067600000,196.25,197.64,195.03,196.75,56378780
1547154000000,197.11,198.96,195.61,196.8,63811140
1547413200000,195.7,197.44,194,196.8,44774070
1547499600000,197.4,198.84,195.91,198,53217180
1547586000000,198.64,201.3,198.02,201.26,62469270
1547672400000,201.66,203.55,201.05,203.32,59989420
1547758800000,204.6,208.44,203.83,208.44,74335240
1548018000000,208.91,210.2,207.17,207.17,55523010
1548104400000,206.66,208.88,205.63,207.95,51361560
1548190800000,207.78,212,207.52,210.4,79765560
1548277200000,210.4,213.43,208.55,212.2,78537190
1548363600000,212.76,214.14,211.01,212,58844660
1548622800000,212,213.3,207.63,209.7,56537300
1548709200000,209.71,214.49,206.91,213.61,63963210
1548795600000,213.8,215.7,212.22,213.14,59319900
1548882000000,215.17,218.1,214.67,217.9,80344740
1548968400000,218,218.7,215.01,216.29,55512060
1549227600000,216.25,217.14,215.06,215.5,40925530
1549314000000,216,218.55,214.61,217.85,46690970
1549400400000,217.9,218.15,215.41,216.59,46155500
1549486800000,216,216.65,210.6,211.01,69248500
1549573200000,210,211.93,208.7,210.43,51799020
1549832400000,211,214.72,210.8,214,49657780
1549918800000,214.8,219.45,214.6,219.1,73724050
1550005200000,219.62,220.7,213.1,213.9,85228940
1550091600000,208.5,209.85,201.7,204.43,155830530
1550178000000,205.92,209,205.52,208,79213270
1550437200000,208.83,209.73,203.2,204.19,76658220
1550523600000,203.6,205.6,201.1,202.08,66705090
1550610000000,203.9,206.89,203.23,206.89,66813180
1550696400000,207.55,207.87,202.3,203.41,68159040
1550782800000,203.61,206.1,203.03,205.25,45768640
1551042000000,205.5,208.6,204.2,205.86,70929780
1551128400000,204.8,205.8,202.9,205.8,50829020
1551214800000,206.05,206.9,203.9,205.4,54146260
1551301200000,205,208.89,204.16,207.8,62340230
1551387600000,208.48,209,206.1,206.54,46106110
1551646800000,207,207.5,205.25,205.5,31661100
1551733200000,204.9,204.9,202.25,202.92,46422920
1551819600000,202.74,205.7,202.6,205,52940220
1551906000000,205.1,206.67,203.5,203.95,46079750
1552251600000,203.2,205.6,202.56,205.25,42484580
1552338000000,206.5,206.89,204.4,205.1,42292620
1552424400000,204.69,206,203.8,206,28536880
1552510800000,205.6,206.38,203.5,203.66,43879390
1552597200000,204.2,204.95,203.55,203.55,35953260
1552856400000,204.25,206.14,204.11,205.9,40854520
1552942800000,206.4,208.31,205.93,207.7,47791920
1553029200000,207.6,209.84,206.4,209.8,55535200
1553115600000,210.25,212.29,209.77,210.61,67037150
1553202000000,210.61,211.29,206.7,207.7,49421400
1553461200000,206.63,214.2,205.55,214,108111450
1553547600000,214.7,218.46,213.13,218,81466100
1553634000000,218.2,219.25,214.1,214.1,71996140
1553720400000,214.15,215.95,213.72,215.07,47565550
1553806800000,215.99,218.19,214.4,214.42,85814090
1554066000000,215.05,218.11,215.01,217.7,51803650
1554152400000,218.75,219.32,216.8,218.23,49230090
1554238800000,220.1,224.16,218.88,219.05,92738080
1554325200000,218.49,221.85,218.01,221.8,51964100
1554411600000,222.6,227.7,222.03,227.5,78052850
1554670800000,227.93,232.3,227.9,232.3,70857870
1554757200000,233.5,238.9,232.39,238,117431200
1554843600000,239,245.25,237.94,243.68,129370870
1554930000000,244.4,247.23,238.86,238.86,105413510
1555016400000,240,243.15,237,239.5,96227220
1555275600000,240.35,242.3,237.06,237.8,47884980
1555362000000,239,239.5,232.32,233.24,86433710
1555448400000,234.5,235.75,232,234.3,70239480
1555534800000,233.83,234.11,230.84,232.79,55729500
1555621200000,233.49,233.5,231.9,232.6,12300520
1555880400000,233.7,236.09,233.05,235.41,44282380
1555966800000,236,237.56,234.16,235.67,56873940
1556053200000,235,236.47,233.94,236,43619460
1556139600000,235.68,236,227.8,227.8,100809150
1556226000000,227.46,227.47,222.08,223.18,94128120
1556485200000,223.7,229.09,223.05,228.8,48833240
1556571600000,229.01,229.02,223.81,225.17,63461350
1556744400000,226,229.84,225.85,229.1,36536970
1556830800000,229.7,233,228.55,232.52,47635490
1557090000000,228.75,232.8,227,232.8,48493800
1557176400000,232.7,234.34,230.26,231.49,46520740
1557262800000,231.03,232.5,229.5,230,42299640
1557435600000,227,229.49,226.11,227,44398820
1557694800000,226.51,228.67,224.15,224.22,47092220
1557781200000,224.55,230.55,224.55,227.88,76594470
1557867600000,228.92,230.96,224.43,228.69,61125230
1557954000000,229,231.45,227.59,228.19,40133150
1558040400000,227,228.24,226,226.94,28523030
1558299600000,228.23,229.18,225.1,226,30226170
1558386000000,227.02,232.71,226.04,232.71,59079510
1558472400000,233.13,237.4,230.8,235.86,59430610
1558558800000,234.5,235.37,228.57,229.3,51517700
1558645200000,231.2,236.45,231.2,234.45,65885440
1558904400000,235.28,237,233.83,236,27786310
1558990800000,236.5,237.47,230.6,233.19,74118940
1559077200000,232.1,234.3,230.25,233.4,51831510
1559163600000,234.55,235.21,231.91,232.75,36413600
1559250000000,230.56,234.1,229.21,233.24,53532020
1559509200000,231.18,241.5,230.35,239.95,84461310
1559595600000,239.88,240.25,234.8,236,70060790
1559682000000,236,240.3,235.11,239,52861630
1559768400000,238.87,246.34,238.53,244.89,61360950
1559854800000,246.36,249,246.06,248.28,68423470
1560114000000,249.55,250.65,245.2,249,62696710
1560200400000,235.51,239,235.11,235.89,67944000
1560373200000,236.55,241.07,232.55,240.49,75253430
1560459600000,240.55,243.8,237.1,238.8,50409780
1560718800000,239,240.87,237.5,237.8,33622230
1560805200000,237.25,241.99,236.36,241.8,48958470
1560891600000,242.95,242.95,238.7,240.4,33945380
1560978000000,242,244.99,241.4,244.1,64381820
1561064400000,243,243.9,237.56,238.02,61061660
1561323600000,239.06,240.75,238.42,239.09,27723430
1561410000000,238.98,239.2,234.2,236.7,38549170
1561496400000,236.8,241.37,235.81,240.59,39714300
1561582800000,240.42,242.44,238.3,240.5,48171380
1561669200000,240,241.23,237.87,238.55,33405070
1561928400000,240.98,243.9,240.21,242.98,50758220
1562014800000,242.51,242.74,239.7,241.2,28583620
1562101200000,241,243.7,240.17,241.51,32731470
1562187600000,241.97,243,240.81,242.82,25316980
1562274000000,242.91,243.5,241.61,242.83,27870840
1562533200000,242.13,243.3,240.68,243.3,28620550
1562619600000,243,243.7,241.87,242.74,26380230
1562706000000,243.1,245.5,242.01,243.76,41599760
1562792400000,244.5,244.97,240.17,241.3,33165890
1562878800000,241.29,241.5,236.37,237.02,47691520
1563138000000,237.9,238.59,234.23,235.27,45070430
1563224400000,234.68,235.3,232.25,234.75,36223090
1563310800000,234.32,238.04,233.5,234.63,33529510
1563397200000,234,236.4,233.5,234.78,23057060
1563483600000,236.34,237.93,232.32,232.85,34706170
1563742800000,233,233.98,228.57,230.35,37949300
1563829200000,230.5,232.83,228.52,232.48,36363560
1563915600000,233.7,234,229.9,230.65,27365890
1564002000000,230,234.65,229.02,232.9,33078390
1564088400000,232.4,233.99,230.25,230.55,25918140
1564347600000,230.75,233.74,230.18,232.8,18373570
1564434000000,233.03,236,231.13,236,34843870
1564520400000,237.5,237.55,233.11,233.49,50848520
1564606800000,232.15,232.46,228.5,229.5,56165810
1564693200000,224.91,226.88,220.3,220.81,94676140
1564952400000,219.72,224,219.45,222.24,49233230
1565038800000,222.82,226.88,222.3,226.01,48804210
1565125200000,225.85,227.6,221.9,222.25,49612760
1565211600000,224.6,225.9,223.18,223.93,31264340
1565298000000,224.05,224.36,220.67,220.67,31503650
1565557200000,222.38,222.99,219.74,222.3,28795640
1565643600000,221.31,225.75,220.07,223.18,46729240
1565730000000,224.1,224.25,216.6,217.11,52025460
1565816400000,218.5,218.94,212.88,214.59,68320490
1565902800000,215.9,216.75,213.91,215.05,38449500
1566162000000,217,218.2,214.06,217.4,37788830
1566248400000,217.75,219.23,215.53,216,37017510
1566334800000,216.97,219.5,215.8,218.62,42949600
1566421200000,218.21,220.4,217.35,219.5,45760130
1566507600000,220.2,223.1,217.86,219.5,54778400
1566766800000,217.5,219.64,216.53,218.5,35264670
1566853200000,218.95,219.05,215.61,217.89,51340690
1566939600000,218.07,219.08,217.18,218.3,30298300
1567026000000,218.49,221.5,218.05,221.5,35897160
1567112400000,221.94,225.2,221.21,224.2,58186220
1567371600000,224.1,227.84,223.41,226.68,38941480
1567458000000,225.95,226.25,222.05,224,44560910
1567544400000,225.3,227.5,224.69,227.1,41663520
1567630800000,229.5,230.93,228.36,230.79,54900790
1567717200000,231,231.2,228.36,229.02,37942350
1567976400000,229.88,230.87,227.61,229,22795060
1568062800000,228.5,235.23,227.1,233.3,60396660
1568149200000,233.49,235.9,232.62,234.72,41927500
1568235600000,234.9,235.42,232.81,234.57,38978190
1568322000000,234.12,235,231.91,233,23109620
1568581200000,235,235.53,233.2,235.32,39568910
1568667600000,235.22,237.2,233.99,235.89,55770430
1568754000000,235.8,236.45,234.45,235.3,25599810
1568840400000,234.86,235.49,233.12,234.98,39447820
1568926800000,235,235.5,230.72,232,40638980
1569186000000,231.7,232.17,229.05,229.7,28199640
1569272400000,230,231.99,227.11,227.5,43410340
1569358800000,226.5,228.3,225.3,228.09,37974670
1569445200000,228.21,230.9,227.71,229.09,32739690
1569531600000,229.2,229.96,228.05,228.05,18062510
1569790800000,228.5,229,226.05,227.71,30235910
1569877200000,227.55,229.56,226.49,226.49,29870590
1569963600000,226.05,226.63,223.03,223.5,42441850
1570050000000,223.6,225.64,222.61,224.08,38368040
1570136400000,224.9,226.06,221.87,222.76,32222650
1570395600000,223.13,227.8,222.41,227.55,40155510
1570482000000,227.77,228.18,225.15,226.03,31019500
1570568400000,226.03,229,225.52,227.7,39714120
1570654800000,227.89,228.94,225.62,228.5,31717090
1570741200000,229.5,231.2,228.97,230.31,37497240
1571000400000,230.29,230.67,227.82,228.4,34628680
1571086800000,228.78,229.88,227,229.4,30763750
1571173200000,229.05,231.2,229.05,231,39214000
1571259600000,230.7,233.5,230.52,233.5,46007620
1571346000000,233.2,236.03,232.8,235.55,42729350
1571605200000,236,236.88,234.04,234.94,28457490
1571691600000,235.02,239.77,235,239.77,40298890
1571778000000,239.2,240.18,237.76,239.57,34655410
1571864400000,239.63,242.78,239.06,242.78,40384770
1571950800000,242.52,242.77,237.85,240,49789040
1572210000000,240.5,242.33,235.25,237.03,39049350
1572296400000,237.1,240.2,236,240.11,41494140
1572382800000,239.69,242.2,237.85,239.51,43597180
1572469200000,240.7,242,234.01,234.89,60316780
1572555600000,235.35,236.74,232.8,236.4,39229280
1572901200000,239.6,240.98,236.7,238.53,43691630
1572987600000,238.42,239.02,236.52,239.02,33409220
1573074000000,238.11,242.95,237.71,242.5,44689490
1573160400000,241.42,241.68,238.7,240.17,30570360
1573419600000,239,242.4,238.31,241.5,27141630
1573506000000,241.9,243.74,239.5,239.87,35518510
1573592400000,238.91,239.57,235.81,237.21,31448020
1573678800000,237.62,239.13,236.82,237.5,34330750
1573765200000,237.9,240.18,236.45,240,30696890
1574024400000,240.57,241.23,236.36,237.45,32959720
1574110800000,237.6,239.82,237.2,239.25,29135880
1574197200000,238.6,240.2,237.1,237.78,28102170
1574283600000,237.44,238,235.8,237.15,24654430
1574370000000,236.59,240.19,236.53,238.13,33570690
1574629200000,238.68,239.75,237.21,237.98,17558180
1574715600000,238.08,238.1,234.35,235,58341360
1574802000000,235.26,236.45,233.51,234.22,21885350
1574888400000,234.2,235.5,233.1,235.2,18855690
1574974800000,234.65,235.14,231.97,233.98,27285350
1575234000000,234.59,236.37,233,233.77,28216350
1575320400000,233.49,234.06,230.13,230.66,26687260
1575406800000,230.72,232.24,229.5,231.59,24314550
1575493200000,231.89,232.15,229.03,231.71,23210580
1575579600000,232,235.14,231.55,235.14,33286170
1575838800000,235.5,237.5,234.3,237.04,31774040
1575925200000,236.6,239.29,236,237.91,36098910
1576011600000,237.81,241.23,237.7,240.32,44167850
1576098000000,242,242.3,240.09,241.05,36174650
1576184400000,242,243.25,241.1,241.21,33163750
1576443600000,242.48,242.48,240.13,241.45,25624180
1576530000000,241.8,242.96,241,241.6,33841520
1576616400000,241.3,246.25,240.36,246.2,55765490
1576702800000,246.2,248.4,243.1,244,59951760
1576789200000,244.6,245.4,243.72,244.71,32957750
1577048400000,244.71,249.19,244.07,248.8,23996810
1577134800000,248.8,249.89,247.27,248.67,21062040
1577221200000,248.99,249.3,247.11,248.04,7921260
1577307600000,248.2,249.24,246.71,248.24,12989080
1577394000000,248.55,252.95,248.55,252.06,31982760
1577653200000,252.1,256,250.73,254.75,43157360
1577998800000,255.99,258.19,253.7,255,35851840
1578258000000,254.75,254.84,251.4,253.9,22348300
1578430800000,253.57,259.15,253.03,259.15,40817240
1578517200000,259.4,261.76,257.01,257.99,38329020
1578603600000,257.86,259.25,256.88,258.19,18851390
1578862800000,258.3,262.4,257.15,262.4,25855010
1578949200000,262.5,263.22,258.62,259.05,31125740
1579035600000,258.49,258.91,254.21,256.31,49361790
1579122000000,257.11,259.51,256.1,257.51,40246770
1579208400000,258.2,262.82,257.75,262.5,44914290
1579467600000,263.2,266.97,261.8,266.28,29797710
1579554000000,265.5,268.9,263.02,268.06,38082090
1579640400000,268.72,270.8,265.5,266.54,44282490
1579726800000,264.64,266.89,262.24,263.73,40604170
1579813200000,264.5,267.5,264.21,265.49,27340100
1580072400000,261,262.1,255.32,255.32,56453370
1580158800000,257,258.84,254.1,257.7,48137360
1580245200000,258.4,261.57,257.61,259.94,35047940
1580331600000,258,258.69,255.27,257.31,31769340
1580418000000,258.5,259.2,252.17,252.2,47921560
1580677200000,251.8,254.96,251.1,253.99,52728460
1580763600000,255.3,257.38,252.9,255.4,49786360
1580850000000,255.89,257.66,253.14,255.2,50756570
1580936400000,256.5,258,251.86,252.11,43615980
1581022800000,253.1,254.3,248.73,254.3,50226630
1581282000000,254.55,255.73,252.07,252.26,35220690
1581368400000,253.75,259.77,253,254.5,79454730
1581454800000,255.4,255.49,252.31,254.5,52523300
1581541200000,253.62,255.18,252.5,253.89,36730840
1581627600000,254.4,254.4,251.4,251.75,30017380
1581886800000,252.5,253.1,250.13,251.36,26429380
1581973200000,250.07,250.44,247.57,249.2,36365950
1582059600000,250.37,250.68,247.95,249.7,25798890
1582146000000,250.03,252.17,249.13,250.15,30717360
1582232400000,248.35,251.49,247.24,250.8,27762930
1582578000000,247.98,249,245.17,245.19,41055780
1582664400000,244.75,251.21,243.22,250.8,67757850
1582750800000,247.5,248.98,242,242.88,58240400
1582837200000,235,239,231,233.36,124633310
1583096400000,238.93,241,218.86,228.17,101986040
1583182800000,233,239,232.28,236.63,83653950
1583269200000,234.13,236.7,232.62,235.27,54274670
1583355600000,237,238.72,230.64,232.33,57083760
1583442000000,228,229.2,216.67,219.99,104446900
1583787600000,197.99,212.74,184.86,201.2,244541800
1583874000000,202,204.33,192.05,194.53,138304030
1583960400000,185.15,187.87,173.14,175.91,197972880
1584046800000,175,199.52,174.3,198.6,263038280
1584306000000,194,196.7,186,195.85,174273600
1584392400000,195,204.78,183.8,184.01,184148390
1584478800000,179,182.2,172.15,174.27,155008180
1584565200000,178.5,190.15,173.06,189.51,187427700
1584651600000,198.62,201.86,192.05,195.69,170582970
1584910800000,188,190.99,182.1,183.37,157891450
1584997200000,193.3,195,189.1,192.64,104881990
1585083600000,196.38,201,182.32,188.08,187978350
1585170000000,187.69,191.2,182.8,188.07,111602370
1585256400000,188.05,188.97,180.17,180.38,114277750
1585515600000,177,183.2,174.9,183,94334680
1585602000000,186,188.77,184.25,187.21,114026920
1585688400000,183.2,185.47,182,184.78,76826820
1585774800000,188.3,189.9,182,186.95,125636360
1585861200000,186.6,187.49,184.28,185.64,92860290
1586120400000,187.52,192.02,186.42,190.7,77864920
1586206800000,193.02,200.54,193.02,197.63,136421670
1586293200000,196.02,200.29,195.12,200.29,89980980
1586379600000,202.4,205.44,199.3,203.61,109981630
1586466000000,201.85,202.75,200.7,201.99,28758250
1586725200000,202,202.16,197.32,198.26,41284390
1586811600000,199.99,202.85,196.1,197.37,80220070
1586898000000,196,196.25,186.06,186.07,98164460
1586984400000,187.22,191.67,183.53,188.5,109174870
1587070800000,192.5,192.7,188.28,191.8,71727940
1587330000000,190.6,192.23,187.31,189.32,62240080
1587416400000,185.54,187.5,183.65,186.05,94307290
1587502800000,185.01,191.94,184.5,190.2,75361890
1587589200000,191.99,192.5,188.68,190.94,62759650
1587675600000,189.73,191.65,187.7,188.91,55313850
1587934800000,189.98,190.5,188.43,188.9,43711720
1588021200000,188.5,194.22,188.17,192.8,78584780
1588107600000,194.46,195.8,192.86,195.8,69842140
1588194000000,196.51,199.7,195.46,197.25,87198650
1588539600000,195.68,195.68,193.26,193.69,56398200
1588626000000,195.51,196.46,194,194.75,35439260
1588712400000,195,197.23,194.3,195.7,49561410
1588798800000,196,198.15,195.06,195.51,57728990
1588885200000,196,196.25,194.6,196.02,33836340
1589230800000,193.3,198,191.2,191.4,67656880
1589317200000,190.05,190.6,186.66,187.31,63466110
1589403600000,186.5,188.2,183.5,183.81,76682120
1589490000000,186.13,186.78,183.33,183.85,63148140
1589749200000,186.33,190,185.4,188.93,77545890
1589835600000,190.37,192.55,186.8,189,105324020
1589922000000,188.49,193.98,186.6,193.98,93343040
1590008400000,194,196.31,191.5,192.4,79541950
1590094800000,190.97,191.25,188.6,188.9,57013570
1590354000000,189.62,191.31,188.8,191,23140090
1590440400000,193,196.1,192.11,194,79312200
1590526800000,194,198.97,193.32,198.51,116074210
1590613200000,199.31,205,198.4,205,117179670
1590699600000,204.11,204.4,199.17,200.5,106653140
1590958800000,203.1,205.93,201.81,203.66,65650670
1591045200000,204.67,212,204,212,116868310
1591131600000,214,221.92,213.51,221.5,145043730
1591218000000,220.67,221,212.55,213.1,122494020
1591304400000,215.13,219.93,213.6,219.1,88658860
1591563600000,219.8,223.15,217.45,220.3,88826700
1591650000000,221.13,221.88,215.44,217.23,69166250
1591736400000,217,217.58,211.82,212.53,91895460
1591822800000,208.91,209.24,206.01,208.35,70033060
1592168400000,205.07,207.85,202.3,207.32,75996510
1592254800000,210.28,212.19,207.52,207.76,66559110
1592341200000,208.52,210.35,206.94,208.14,56578870
1592427600000,207.8,208.1,202.72,203.77,72275760
1592514000000,205.44,209.2,204.55,207,75045510
1592773200000,206.7,207.95,204.28,206.4,58664110
1592859600000,207.7,209.74,206.43,207.3,53487940
1593032400000,201,207,200.75,206.92,71495220
1593118800000,206.97,207.5,201.76,203.15,46690640
1593378000000,201,205.86,200.97,205.8,43082680
1593464400000,205.7,206,202.36,203.22,43754960
1593637200000,205,210.15,204.28,209.6,76382050
1593723600000,210,211.97,209,210.95,50644210
1593982800000,212.97,216.79,212.94,214.61,55455110
1594069200000,213,214.23,210.51,210.53,44728560
1594155600000,210.8,212.29,209.3,210.97,42068480
1594242000000,210.7,211.7,208.1,209.11,45189000
1594328400000,207.51,212.6,206.57,212.28,50706520
1594587600000,213.87,214.2,208.11,208.39,51331610
1594674000000,208.38,209.58,205.7,209.5,66035020
1594760400000,210.29,211.8,207.65,211.09,49529010
1594846800000,209.66,212.6,208.63,211.35,39030370
1594933200000,211.69,212.18,209.86,210.81,36140220
1595192400000,210.27,214.48,209.08,213.89,44507600
1595278800000,215,219.1,214.38,215.73,75649160
1595365200000,215.98,217.65,213.56,216.71,48441000
1595451600000,217.5,219.28,215,215.41,43424820
1595538000000,214.8,217.41,197.73,215.97,53567220
1595797200000,216.7,218.38,215.15,216.9,38321750
1595883600000,216.81,217.42,215.25,215.53,24610340
1595970000000,215.89,219.18,215.63,219.18,41346230
1596056400000,218.71,218.88,215.34,218.15,51264970
1596142800000,218.19,221.98,217.43,221.57,59709710
1596402000000,222.27,228.36,221.3,226.72,64556650
1596488400000,227.39,228.85,225.63,227.16,42017490
1596574800000,228.15,229.17,224.31,226.4,54642900
1596661200000,226.75,227.43,224.35,226,30164090
1596747600000,225,227.6,224.46,227.28,35640160
1597006800000,227.96,228.7,224.51,225.99,43502880
1597093200000,226.43,234.73,226.21,232.65,81875170
1597179600000,233.12,242.5,233.03,242.4,101002270
1597266000000,242.2,244.04,238.57,241.39,85720330
1597352400000,242,242.22,238.47,239.99,44284550
1597611600000,240.8,242.35,234.5,237.8,77120410
1597698000000,236.88,239.83,235.69,236.3,36762880
1597784400000,235.85,240.75,235.19,239.4,38234650
1597870800000,238.44,238.51,230.33,232.48,116941150
1597957200000,233.3,236.5,227.35,231.22,138913060
1598216400000,232.5,233.7,230.2,231.81,44546800
1598302800000,232.3,232.97,226.9,228.08,58979870
1598389200000,228.3,229.4,224.7,227.8,75779450
1598475600000,227.87,229.98,225.6,226.23,51031070
1598562000000,227,228.1,225.19,226.3,40748090
1598821200000,227,229.71,225,226.1,62015070
1598907600000,226.7,227.97,226.01,227.64,37550370
1598994000000,228.56,228.75,220.85,222.57,77854040
1599080400000,221.67,224.23,218,218.32,69470720
1599166800000,218,222.5,216.75,222.21,70670060
1599426000000,221.5,224.2,220.5,221.32,59334960
1599512400000,222,222.48,216.29,217.68,70024350
1599598800000,217.01,218.88,216.8,218,48062980
1599685200000,218.24,222.15,215.79,220.6,71198540
1599771600000,221.46,223.15,219.75,221.07,45688920
1600030800000,222.31,227.54,222.13,227.37,62906200
1600117200000,228.22,231.95,227.39,231.5,61905270
1600203600000,231.72,232.6,230.15,231.06,39605930
1600290000000,229.1,231.75,228.57,231.46,49126710
1600376400000,232,232.59,229,230.3,54624840
1600635600000,229.88,230.07,223.49,226.25,70303620
1600722000000,226,230.28,225.46,229.88,66622080
1600808400000,230.02,232.1,227.61,228.5,71299220
1600894800000,227.63,231.1,225.75,228.17,81995110
1600981200000,229,229.3,226.25,228.24,60248340
1601240400000,228.79,229.55,227.35,228.63,64519830
1601326800000,228.88,228.88,223.1,225.48,90417190
1601413200000,224.5,230.75,223.25,229.14,78604470
1601499600000,229.08,229.9,226.86,227.23,77828210
1601586000000,210.4,211.39,206.5,208.8,114322450
1601845200000,209.65,210.69,207.72,208.89,45601880
1601931600000,209,212.99,208.35,211.18,87529560
1602018000000,211.3,212.66,209.03,210.6,62052620
1602104400000,211.2,211.43,207.26,207.97,49545460
1602190800000,208.47,208.96,204.4,205.38,65518060
1602450000000,205.97,208.49,204.57,206.18,52321380
1602536400000,205.92,207.64,204.77,205.03,46023280
1602622800000,205.06,208,204.78,207.83,46840170
1602709200000,207.46,207.57,201.95,203.85,76502030
1602795600000,204.02,204.25,200.5,201.17,66258500
1603054800000,201.55,204,201.55,202.78,47421400
1603141200000,203,209.76,202.5,209.54,80919110
1603227600000,210.04,213.25,208.9,210.33,82509750
1603314000000,209.58,211.53,207.84,210.21,46859510
1603400400000,210,214.73,209.15,214.5,75361490
1603659600000,213.4,214.45,210.5,211.1,58921210
1603746000000,211.5,212.29,206.66,207.64,61084680
1603832400000,206.94,206.94,202.3,204.73,70171420
1603918800000,206.5,207.33,203.64,205.58,91505270
1604005200000,203.62,204.84,200.61,200.99,83659620
1604264400000,200.45,204.59,196.15,204.5,82335660
1604350800000,205.7,211.11,203.8,209.2,90368710
1604523600000,214.4,218.65,211.43,216.7,152554980
1604610000000,215.8,218.29,213,217.5,94997390
1604869200000,220,231.3,218.7,228.05,217536750
1604955600000,227,237.6,226.27,236.1,229603230
1605042000000,237,245.98,236.89,244.2,234843470
1605128400000,243.31,245.72,240.22,242.08,151436920
1605214800000,242.01,244.14,238.62,242.99,106150870
1605474000000,244.14,248.73,244,247.99,113945190
1605560400000,248,249.84,243.41,245.7,94918470
1605646800000,245.1,247.23,242.59,242.71,60088940
1605733200000,242.5,243.49,237.34,240.27,97143730
1605819600000,239.58,240.77,236.57,239.42,48799870
1606078800000,240.45,243.87,238.52,239.7,74832280
1606165200000,241.65,247.85,239.57,247.33,84515780
1606251600000,248,252.2,246.55,251.91,133397740
1606338000000,252.3,252.88,247.44,250.1,79917590
1606424400000,250.3,252.26,248.03,251.59,51431130
1606683600000,249.72,251,245.98,249.63,112141620
1606770000000,250.75,260.99,249.8,260.81,132069500
1606856400000,260.05,264.99,258.8,264.06,93452130
1606942800000,264.5,264.63,260.85,263.14,62240840
1607029200000,264.63,270.84,264.5,270,94637930
1607288400000,269,276.13,268.1,274.36,94793660
1607374800000,274.5,276.66,271.52,275.49,78859920
1607461200000,276.4,279.42,275.87,276.89,73639980
1607547600000,276.55,282.2,275.2,282.2,75658690
1607634000000,282.5,284.6,279.78,283.73,76101950
1607893200000,285.01,287.74,277.1,279.95,90415250
1607979600000,278.53,283.76,276.07,278.7,84193230
1608066000000,278,280.84,276.14,278.35,54748960
1608152400000,279.81,285.16,276.54,278.5,92138550
1608238800000,277.22,277.4,268.52,270.16,99271840
1608498000000,266.2,267.34,259.7,261.79,120517950
1608584400000,259.55,267.42,257.05,262.04,105490480
1608670800000,262.25,270.29,260.22,270.1,67938790
1608757200000,271.98,272.82,267.13,269.32,42614450
1608843600000,269.97,271,268.28,270.64,11989750
1609102800000,270.9,275.19,269.73,274.7,39043430
1609189200000,275.91,276.43,271.26,272,39021610
1609275600000,272.49,274.24,270.12,271.65,31530660
1609707600000,274.67,276.6,270.61,272,48922920
1609794000000,272.69,275.7,270.28,275.2,45583910
1609880400000,275.94,275.94,271.62,272.93,40948520
1610053200000,275.11,283.99,275.11,283.64,88928790
1610312400000,282.86,292.95,279.48,289.49,112349520
1610398800000,290.88,296.07,286.7,289.99,78962360
1610485200000,291.01,292.46,283.1,283.78,67559080
1610571600000,284,286.9,279.06,284.79,74673700
1610658000000,282.55,286.16,276,276.9,73774870
1610917200000,275.72,281.3,272.95,279.79,73935650
1611003600000,280.98,282.8,276.42,278.19,55998820
1611090000000,278.62,282.49,276.77,279.8,47940980
1611176400000,280.75,281.54,272.84,274.4,83795610
1611262800000,273,273.3,266.78,268.25,87007610
1611522000000,271,273.63,261.65,265.3,114330950
1611608400000,262.7,269.57,262.61,269.34,75228120
1611694800000,270.07,273.8,265.02,265.5,100093260
1611781200000,263.5,267.17,261.17,265.96,81253290
1611867600000,263.77,264.75,257.36,258.11,120123710
1612126800000,260,264.06,258.73,263.8,63130400
1612213200000,265,268.39,263.05,263.15,79534190
1612299600000,264.32,268.14,261.05,263.53,77648760
1612386000000,263.21,270.6,262.34,270.11,78929290
1612472400000,271.99,272.57,268.87,271.7,71806820
1612731600000,273.01,275.58,272.32,275.2,51878390
1612818000000,275.99,276.29,267.19,268.98,91921510
1612904400000,269.28,270.99,265.2,265.9,63087490
1612990800000,265.5,266.9,263.75,264.7,38669800
1613077200000,264,266.44,258.55,266,81658530
1613336400000,268.49,271.87,267.07,271.81,56945310
1613422800000,272.3,272.8,268.27,270.9,63103170
1613509200000,270.99,275.07,267.56,270.9,79103850
1613595600000,270.35,272.46,266.21,266.99,58729690
1613682000000,266.12,272.81,264.19,271.34,59268550
1613768400000,271,271,269.02,270.51,8763250
1613941200000,270.1,274.46,268.12,273.71,48129770
1614114000000,272.12,272.75,269.42,271.9,64190320
1614200400000,273.6,276.48,270.65,270.71,79716010
1614286800000,268,272.49,266.43,270.17,74892050
1614546000000,273,274.73,271.13,273.58,35962010
1614632400000,271.89,280,271.6,279.1,71566360
1614718800000,281.7,283.83,277.63,278.01,64275320
1614805200000,278.5,281.96,273.63,274.75,91991370
1614891600000,276,278.98,272.76,277.5,83551110
1615237200000,278.8,286.38,277.56,285.79,72788180
1615323600000,285.24,288,281,282.24,55155180
1615410000000,283.84,286.38,282.3,286,47365180
1615496400000,286.3,287.49,282.82,284.93,51540190
1615755600000,286.05,292.92,285.28,292.74,67805740
1615842000000,293.06,293.88,288.61,292.33,53921730
1615928400000,292.35,293.25,279.6,283.35,110292330
1616014800000,284.04,285.79,278.24,279.25,74128740
1616101200000,279,286.31,278.03,285.47,84249430
1616360400000,285,291.2,283.08,288.65,62762410
1616446800000,287.56,288.3,282.11,282.6,70760630
1616533200000,283.4,288,282.25,285.79,46411230
1616619600000,286.5,287.03,283.85,286.66,35216620
1616706000000,288.63,292.75,288.32,291.22,56072880
1616965200000,289.72,294.09,289.26,293.3,43681330
1617051600000,294.86,295.72,291.5,293.25,38806220
1617138000000,294,294.42,290.26,291.02,46996880
1617224400000,292,294.72,288.43,290.24,51601440
1617310800000,290.81,292.4,289.14,291.7,19279180
1617570000000,290.8,291.48,287.07,288.78,35363370
1617656400000,289,289.43,281.37,281.5,77530890
1617742800000,281.68,284.29,278.54,283.98,74146060
1617829200000,284.88,286.2,282.17,283.89,51289780
1617915600000,283.47,283.79,280.09,281.07,40033420
1618174800000,278.2,285.35,278,281.75,57180030
1618261200000,282.93,288.2,281.14,287.95,67973530
1618347600000,290,291.58,286.72,287.18,59364940
1618434000000,281.5,285.19,280.87,283.72,88048600
1618520400000,285.71,289.3,284.08,288.5,63499000
1618779600000,287.86,289.25,286.04,287.72,51327720
1618866000000,288.9,290.92,286.59,287.42,63197880
1618952400000,288.01,290.2,287.06,289.25,49792800
1619038800000,289.04,294.67,286.93,292.18,73632070
1619125200000,293.1,294.2,290.78,293.19,42651330
1619384400000,294.3,296.48,293.1,295.27,45760050
1619470800000,295.74,300.25,295.61,298.5,62853160
1619557200000,299,299.26,295.89,298.49,40622520
1619643600000,301,301.84,294.79,297.1,57082260
1619730000000,296.92,298.1,295.03,297.73,35679650
1620075600000,298.7,304.23,298.2,303.7,60457530
1620162000000,304.01,306.03,302.71,305.99,41715270
1620248400000,306.29,314.98,306.25,314.72,62565270
1620334800000,316,319.16,315.48,317.94,56433970
1620594000000,318.26,320.19,314.31,320.19,59248110
1620680400000,303,309.48,301,307.16,79945470
1620766800000,307.39,309.24,302,302.02,56142830
1620853200000,302.11,306.86,299.33,306.74,57721460
1620939600000,308.2,308.24,302.33,304.1,26858430
1621198800000,303.5,305.24,301.01,303.94,28384220
1621285200000,305.01,306.62,303.33,305.78,35496400
1621371600000,304.38,304.88,295.1,297,71747950
1621458000000,297.94,298.37,293,296.72,58510610
1621544400000,296.85,302.98,294.9,301.23,51415080
1621803600000,302.02,304.75,299.59,300.7,30831530
1621890000000,301.77,307.4,301.57,306.8,37547680
1621976400000,307.84,309.5,305.33,307.01,35358520
1622062800000,306.39,313.9,305.72,312.72,70753690
1622149200000,313.3,314,309.06,309.56,35484140
1622408400000,309.3,312.6,308.82,310.79,23683010
1622494800000,312.6,314.17,310.03,311.6,37655890
1622581200000,311.6,314,310.61,313.98,27008780
1622667600000,314.81,315.71,309.87,312.41,34546320
1622754000000,313,313,307.6,310.94,37126650
1623013200000,310.03,316,308.57,315.53,40197440
1623099600000,315.29,316.18,312.5,314.83,34944620
1623186000000,315,315.9,312.9,314.78,25152290
1623272400000,314.87,316.58,313.76,314.62,29211800
1623358800000,314.88,315.08,312.5,313,21924900
1623618000000,313.48,314.87,310.4,314.12,25517710
1623704400000,314.14,315.6,312.4,312.51,29741250
1623790800000,312.5,314.54,311.03,311.61,38253860
1623877200000,311,315.42,310.46,313.9,44322800
1623963600000,312.9,313.82,308.13,309.3,62462450
1624222800000,308.47,310.4,306.56,310.4,36129780
1624309200000,310.79,311.17,308.13,309.73,23538080
1624395600000,310.45,312,308.69,309.79,24831290
1624482000000,309.8,311.2,308.84,310,19725240
1624568400000,310.58,312.5,309.82,311.81,22598640
1624827600000,311.77,312.06,309.13,309.48,19460180
1624914000000,308.7,309.23,303.66,306.1,33944770
1625000400000,306.19,306.91,303.34,306.45,31549580
1625086800000,306,307.35,305,305.78,19989790
1625173200000,305.52,308.37,304.71,307.39,28908330
1625432400000,307.81,308.11,304.8,307,16509700
1625518800000,307.32,307.59,302.37,303.34,32694440
1625605200000,303.98,306.2,302.85,304.06,22676030
1625691600000,303,304.3,300.62,302.63,30771300
1625778000000,302.7,304.1,301.22,303.56,20527240
1626037200000,303.55,306.27,301.52,306.23,25302270
1626123600000,306.81,307.22,302.11,303,21270580
1626210000000,302.7,303.69,300.74,301.5,23974320
1626296400000,301.13,303.5,299.77,301.72,21111670
1626382800000,302.05,304.78,298.57,298.85,34533280
1626642000000,298,298.36,290.03,291.46,41320510
1626728400000,292.33,296.8,292.3,296.1,35594130
1626814800000,296,296.94,293.54,294.86,17541560
1626901200000,295.77,298.17,294.43,297.27,20344800
1626987600000,297.49,298.69,295.04,296.38,14967220
1627246800000,294,303.68,291.98,303.34,34024050
1627333200000,302.66,304.59,299.38,299.71,38608790
1627419600000,300.43,302.98,300,302.9,27009120
1627506000000,304.13,305.27,303.03,303.12,28037210
1627592400000,302.48,306.67,301.12,305.59,49731920
1627851600000,306.23,308.63,306.06,306.51,31593540
1627938000000,306.31,309.89,306.25,309.89,33931370
1628024400000,310.26,312,309.25,311.1,30932050
1628110800000,311.02,315.91,310.82,315.82,37329160
1628197200000,316.2,320,315.31,319.15,54141450
1628456400000,318.59,328.3,317.62,326.91,72070400
1628542800000,328.05,331.29,326.97,330.11,41541930
1628629200000,330.7,330.98,326.21,329.9,34452160
1628715600000,330,330.64,327.3,328.57,21002650
1628802000000,328.6,330.27,327.31,328.68,18816130
1629061200000,327.59,330.52,327.13,329.36,23953750
1629147600000,329,335.7,328.55,334.5,42472520
1629234000000,336,338.99,333.26,334.9,36356910
1629320400000,333.5,334,329.1,332.69,46184030
1629406800000,332.02,333.27,325.17,325.67,36393250
1629666000000,327.85,329.81,326.55,329.22,20613110
1629752400000,330.43,331.22,323.32,324.83,35762700
1629838800000,324.3,325.32,321.26,324.57,28105390
1629925200000,324.03,325.55,320.58,322.54,27529220
1630011600000,323.71,327.5,321.8,327.41,27848390
1630270800000,328.43,329.38,326.51,328.28,20402150
1630357200000,328.5,330.48,327.3,327.94,32464730
1630443600000,328.87,334.64,328.03,334.57,30698660
1630530000000,334.67,334.91,328.77,329,31605740
1630616400000,329.47,330.53,326.62,329.71,29626390
1630875600000,330,331.45,328.5,329.37,17491440
1630962000000,329.82,330.73,324.64,325.96,24448110
1631048400000,325.96,332.74,322.84,331.7,47841520
1631134800000,330.4,330.4,325.69,326.01,29962700
1631221200000,328.01,328.43,325.21,326.25,17532340
1631480400000,327.01,328.14,324.01,327.41,24365060
1631566800000,327.45,328.84,325.48,326.48,22505240
1631653200000,326.46,334.6,326.46,333.51,43834510
1631739600000,333.04,334.5,324.91,326.99,62503480
1631826000000,326.9,331.73,325.7,329.56,54126320
1632085200000,327.01,328.85,325,326.92,31832600
1632171600000,328.44,329.48,322.39,323.25,47769290
1632258000000,325.28,328.9,322.5,327.8,38198960
1632344400000,328.94,329.4,325.13,327.02,27071410
1632430800000,326.08,326.23,323.62,325.44,24584330
1632690000000,326.39,332.46,326.09,331.68,34410300
1632776400000,332.07,334.48,328.32,329.3,52542880
1632862800000,329.09,330.45,327.15,328.43,27649210
1632949200000,329.98,342.2,329.45,340.99,83622260
1633035600000,339.21,339.94,336.08,338.48,37690990
1633294800000,337.9,349.31,336.22,345.85,60125260
1633381200000,346.78,365,344.9,363.2,86824850
1633467600000,366,375.48,359.35,364.28,95804990
1633554000000,367.69,374,365.88,368.93,49555650
1633640400000,370,374.55,368,373.01,31050580
1633899600000,375,388.11,375,387.6,66699560
1633986000000,385.88,386.86,376.72,377.79,51665490
1634072400000,378.86,380.91,370.81,378.8,54687330
1634158800000,382,383.13,374.57,376.09,36363890
1634245200000,377.92,378.41,370.43,371.82,37369170
1634504400000,369.35,369.91,363.75,364.6,38233180
1634590800000,366.14,373.4,361.5,373.18,40031730
1634677200000,371.83,371.97,367.1,370.16,27537590
1634763600000,368.2,371.14,363.2,364.6,24501070
1634850000000,364,370.39,362.37,364.37,26378840
1635109200000,366.2,371.7,361.68,369.99,35639850
1635195600000,369.89,374.63,365.66,372.16,41833770
1635282000000,371,374,366.51,371.36,36450620
1635368400000,370.5,374.92,362.32,365.36,53892680
1635454800000,364.34,364.34,352.68,356.14,53541990
1635714000000,356.15,371.47,356.14,370.96,55134640
1635800400000,371,374,367.2,370.7,37723170
1635886800000,370,370.5,365.03,370.13,30876610
1636059600000,366.99,367.56,358.5,360.21,39229740
1636318800000,362.57,363.97,355.6,358.39,39736440
1636405200000,358.41,364.58,355.6,357.44,41718590
1636491600000,356.7,358.8,348,348.65,46558110
1636578000000,350.11,357.89,347.22,356.24,42915840
1636664400000,356.24,356.37,339.68,347.59,100682800
1636923600000,349.24,352.8,342.76,344.39,59973490
1637010000000,345.99,346.47,336.01,337.91,61972880
1637096400000,338.49,343.57,336.6,339.89,49773710
1637182800000,338.97,343.12,333.5,336.93,47124100
1637269200000,339.37,339.99,325.7,327.56,67114710
1637528400000,326.05,326.39,306.67,309.15,144394030
1637614800000,306.28,327.01,300.1,326.84,144887010
1637701200000,328,329.97,317.35,321.22,77919580
1637787600000,322.35,322.96,316.11,317.29,44075230
1637874000000,307.14,312,303.22,304.42,90702260
1638133200000,311.11,322.15,309.42,316.57,82626540
1638219600000,311,318.58,310.09,315,98214880
1638306000000,321.3,329.44,319.51,324.4,69948230
1638392400000,325.4,329,320.54,326.8,61450200
1638478800000,327.6,328.95,318.4,320.66,43107850
1638738000000,322,324.16,304.18,307.5,99688200
1638824400000,307.14,313.03,300.5,309.79,154172870
1638910800000,310.99,316.88,291.57,296.95,241043180
1638997200000,297.49,304.94,292.5,300.4,133933650
1639083600000,300.5,304.28,294.43,297.44,82046160
1639342800000,298.23,300.99,280.08,280.64,146312930
1639429200000,280.2,286.09,261.5,284.9,176483200
1639515600000,284.9,287.79,279.44,286.65,87523240
1639602000000,287.7,298.7,286.2,295.89,134813120
1639688400000,295,296.73,291.61,294.9,109770570
1639947600000,293.11,293.11,285.63,288.4,79679000
1640034000000,289.8,293.4,286.76,291.7,64934720
1640120400000,291.8,297.23,289.23,294,63860480
1640206800000,294.68,298.1,291.26,292.8,55534990
1640293200000,292.92,294.18,289,293.89,37671250
1640552400000,294.76,296,293.37,295.68,35734540
1640638800000,295.84,297.55,294.18,295,37859030
1640725200000,295.05,295.55,291.33,293.51,37673290
1640811600000,293.6,294.89,291.52,293.49,42567960
1641157200000,295.9,305.5,294.34,305.47,50183170
1641243600000,305.51,310.1,301.63,304.24,53270410
1641330000000,303.72,304.26,287,287.01,70017630
1641416400000,286.6,295.1,281,293.92,79380930
1641762000000,295.52,298.88,288.68,291.69,67426550
1641848400000,293.4,293.94,288.71,291.88,58921530
1641934800000,292.82,292.92,285.05,290.4,81822450
1642021200000,289.56,290.37,269.9,272.5,211556190
1642107600000,272.39,277.98,249.2,261,406253690
1642366800000,262.15,264.01,247,257.78,248689250
1642453200000,258.8,259.39,228.09,234.7,484056480
1642539600000,232.9,249,221.03,244.86,360958990
1642626000000,244.17,263,240.01,254.61,329113650
1642712400000,252.99,259.08,246,246.9,295690670
1642971600000,246.51,249.88,226,236.97,325829650
1643058000000,237,243.55,231,239.59,232596970
1643144400000,240.5,245.17,233.3,236.9,224840650
1643230800000,235,260,233.1,254.29,301306340
1643317200000,255.87,262,252.02,257.82,204180270
1643576400000,258.98,269.6,258.81,269.42,156175080
1643662800000,269.72,273.1,260.56,264.7,170396140
1643749200000,265.88,266.91,254.52,261,170215080
1643835600000,258.45,259.87,250.06,250.79,151173100
1643922000000,251.99,259.74,251.91,256.53,127035170
1644181200000,256.99,260.53,253.52,257.61,85586640
1644267600000,257.6,269.9,256.52,269.8,161506220
1644354000000,270.01,279.71,270,279.09,193575010
1644440400000,279.2,282.3,273.67,275.2,180148360
1644526800000,274.9,275.87,259.61,260.83,213954390
1644786000000,256.69,259.5,245.1,256.7,357654570
1644872400000,257.89,274,257.51,274,271518670
1644958800000,276.88,281,274.15,277.78,195822410
1645045200000,277,277,259.36,260.58,262088700
1645131600000,262.13,267,245,250.28,270594740
1645390800000,249.15,258.32,184.3,201,1084508440
1645477200000,198.72,219.9,182.03,208.53,946020570
1645650000000,187.54,187.54,89.59,132.18,829355880
1645736400000,123.75,152.89,115.11,131.12,396287150
1648069200000,131,156.2,130.15,136.24,159464350
1648155600000,137,147,128.2,131.5,57662950
1648414800000,130.6,131.47,125,125,33212430
1648501200000,126.16,137.57,122,128.77,72338740
1648587600000,136.89,138.4,131.11,134.6,35675450
1648674000000,135.25,147.41,134.52,143.69,118425000
1648760400000,145,155.4,144.51,154.5,118880720
1649019600000,158.76,166.88,150.2,166,115938910
1649106000000,169.83,169.9,147.76,154.1,130342790
1649192400000,143.51,153.3,140.65,141.6,109040410
1649278800000,143.1,149.9,142.5,147.5,58839040
1649365200000,149.05,151,141.06,143.72,48450590
1649624400000,144.09,146.98,138.5,138.69,47575830
1649710800000,138.84,140.1,130.35,135.38,75388800
1649797200000,136.78,138.14,132.72,135.5,39087840
1649883600000,135.85,135.89,129.05,129.05,44368360
1649970000000,128.55,131.72,125.12,130.88,46772550
1650229200000,131.41,132.68,123.7,123.85,58500600
1650315600000,123.85,123.85,115.36,120.3,79905700
1650402000000,121,125.44,117.51,121.5,66603200
1650488400000,121.97,123.05,117.85,118.65,40648560
1650574800000,118.65,122.32,115.55,116.97,57466590
1650834000000,116,116.4,111.5,111.9,45811390
1650920400000,112.58,124.92,111.9,122.36,83540530
1651006800000,123,131.73,120.6,131.11,115500050
1651093200000,132.14,134.5,123.05,123.85,123541890
1651179600000,123.67,130,122.8,128.8,87366110
1651611600000,129.1,131.5,122.5,123.2,67289000
1651698000000,124.21,125.54,122.75,124.8,42383000
1651784400000,124.74,124.99,121.52,123.1,30602500
1652216400000,123,126.05,121.86,123.34,32870440
1652302800000,123.1,123.74,118.05,119.15,30846460
1652389200000,120.45,121.59,118.2,120.2,22838020
1652648400000,120.9,123.5,119.5,123.41,34940660
1652734800000,124,127.78,123.65,127.75,41963590
1652821200000,128.2,131.3,125,125.12,55565940
1652907600000,125.31,126.86,123.21,125.6,34246550
1652994000000,126.06,127,121.05,122.2,39288280
1653253200000,121.5,122.5,118.9,119.46,37976200
1653339600000,119.45,125,117.1,123.6,45164830
1653426000000,124.11,125.5,120.5,124.15,53511900
1653512400000,124.8,125.99,122,123,51985140
1653598800000,123,123.5,120.9,121.22,32685350
1653858000000,121.6,123,120.21,120.67,24957710
1653944400000,120,120,117.62,118.3,29983170
1654030800000,117.5,122.69,117,121.97,43785040
1654117200000,121.9,122.39,118.5,119,42769900
1654203600000,119.29,120.16,117.18,119.21,34341530
1654462800000,119.26,120.35,118.29,118.78,22281970
1654549200000,118.68,118.9,117.32,118.32,22274020
1654635600000,118.51,122.19,118.4,119.9,41514970
1654722000000,120,120.2,117.7,118.2,29371970
1654808400000,118.03,119.55,117.73,118.07,25373000
1655154000000,118.03,119.88,115.8,118.98,37690460
1655240400000,119.4,121.71,118.71,121.14,52262500
1655326800000,121.5,123.73,120.41,123.73,47921410
1655413200000,123.97,125.18,123.11,123.88,36608520
1655672400000,124.1,131.5,123.6,131.29,65683460
1655758800000,131.98,133.49,127.11,129.1,75565750
1655845200000,127.88,133.21,126.03,133.11,67799070
1655931600000,133.9,138.4,131.5,136.85,108118920
1656018000000,137.16,138.3,135.21,137.76,45254820
1656277200000,137.7,141.77,136.77,141.15,69963540
1656363600000,141.75,142.35,138.5,139.99,54863240
1656450000000,139.8,139.89,132.75,132.8,55164310
1656536400000,132.5,135.44,123.55,125.2,91499020
1656622800000,124.13,132,122.5,129.91,60628570
1656882000000,129,132.8,127.16,131.43,48006990
1656968400000,132,135.7,131.43,133.5,51662270
1657054800000,133.5,137.1,132.5,134,47075440
1657141200000,134,135.2,131.22,133.09,43059280
1657227600000,133.15,133.98,130.9,133.3,27635050
1657486800000,132.8,133.9,126.42,126.8,53725410
1657573200000,126.5,129.35,124.2,129,57254290
1657659600000,129.8,129.95,125.36,126,45932640
1657746000000,125.97,128,124.61,125.9,41704620
1657832400000,126.06,129.44,125.27,128.9,44954140
1658091600000,130,130.64,127.25,128.11,35478100
1658178000000,128,128.11,125.51,127.76,32381170
1658264400000,128.12,129.2,126.16,126.44,34762350
1658350800000,126.44,126.83,122.24,125.48,53633030
1658437200000,125.5,129.1,125.03,128.82,46478250
1658696400000,128.9,132,127.24,131.45,55990880
1658782800000,132.02,133.9,131,132.9,50351100
1658869200000,132.9,134.79,131.62,132.5,42526820
1658955600000,133.01,133.49,130.1,131.72,40102900
1659042000000,131.65,132.75,130.31,131.9,27788260
1659301200000,131.77,131.77,127.34,127.34,44322900
1659387600000,126.6,128.44,125.6,127.53,44006150
1659474000000,128.05,129.15,126.27,126.85,30948110
1659560400000,126.94,128.13,126.16,126.95,19560540
1659646800000,127.5,127.58,122.24,122.4,61176570
1659906000000,126.11,127.38,123.51,123.81,53664860
1659992400000,123.9,126.5,122.3,126.4,37919970
1660078800000,126.25,127.29,124.87,126.2,31939910
1660165200000,126.97,126.97,123.07,123.45,30949210
1660251600000,123.46,124.98,122.6,124.88,27223160
1660510800000,124.56,125.7,123.28,125,25355480
1660597200000,125.2,126.86,124.53,126.39,27290920
1660683600000,126.58,127.44,124.5,124.5,32888950
1660770000000,124.39,126.5,123.92,126.3,25415410
1660856400000,126.3,126.36,124.72,125.2,18676990
1661115600000,125,126.69,124.7,126.06,24510110
1661202000000,126.06,130.49,126.01,130.38,65419130
1661288400000,130.6,131.64,127.85,128.15,45833690
1661374800000,128.15,129.81,127.1,128.18,36067720
1661461200000,128.02,130.5,127.62,130.4,32879870
1661720400000,130.12,131.4,129.52,131.17,40911490
1661806800000,131.17,132.6,129.65,130.05,51084490
1661893200000,132.3,138.34,131.5,134.25,107450510
1661979600000,133.99,138.22,132.02,138.2,54942470
1662066000000,138.8,144.9,136.22,143.8,136891810
1662325200000,143.5,145.1,139.11,141,87603050
1662411600000,140.9,141.07,135.22,137.23,86674520
1662498000000,136.96,139.19,135.41,136.86,60753730
1662584400000,136.69,137.4,134,134.51,57744420
1662670800000,134.41,138.47,134.23,138.15,49115280
1662930000000,137.07,140.37,136.8,138.7,52610620
1663016400000,138.7,139.37,136.15,137,44582700
1663102800000,136.6,139.29,135.2,138.9,62838520
1663189200000,139.15,140.28,137.61,139.48,56243810
1663275600000,139.37,141.39,136.8,137.73,71799280
1663534800000,137.4,139.08,137.07,138.04,33272190
1663621200000,137.87,138.35,122.42,125.1,208947780
1663707600000,112.5,123.98,109.27,120.23,136625430
1663794000000,120.25,126.95,120.25,124.31,117479960
1663880400000,124.49,124.5,117.35,119.39,85906070
1664139600000,114,117.99,105,107.06,148638170
1664226000000,110,113.89,107.07,112.92,90981060
1664312400000,112,115.2,109.13,111.06,77969660
1664398800000,111.59,112.2,107.68,110.41,67487760
1664485200000,111,113.4,103.4,110.21,133569040
1664744400000,110.62,114.65,109,114.35,73960960
1664830800000,115.06,115.5,110.3,110.55,83564680
1664917200000,110.49,110.49,106.25,108.51,90416920
1665003600000,108.65,110.38,107.57,108.24,51741480
1665090000000,107.7,108.48,101.3,101.5,90989490
1665349200000,96.55,106.77,96.5,106.71,117465350
1665435600000,106.5,108.3,104.26,107.72,76962080
1665522000000,108.27,108.5,105.25,105.9,63378400
1665608400000,105.72,107.3,104.8,106.5,46849810
1665694800000,106.92,109.19,105.69,107.78,52565400
1665954000000,107.93,112.76,107.65,112.44,78496550
1666040400000,113.05,114.37,110.48,110.88,101854810
1666126800000,110.12,112.93,109.3,112.39,90693010
1666213200000,112.75,117.2,112.37,116.98,100723600
1666299600000,116.93,119.94,114.37,119.45,102382050
1666558800000,120.15,121.68,117.65,118.8,74539310
1666645200000,118.84,125.2,118.3,124.36,114156750
1666731600000,124.7,126.88,122.1,124.43,108495360
1666818000000,124.75,127.5,123.68,126.61,87915140
1666904400000,126.14,127.25,124.6,126.97,73660000
1667163600000,127.2,128.6,125.41,126.72,60762870
1667250000000,127.2,127.97,126.12,127.05,36820880
1667336400000,127.06,127.74,123.75,125.49,40216620
1667422800000,125.4,126.1,123.91,125.75,47720130
1667768400000,127.09,132,126.5,132,91709630
1667854800000,132,133.11,130.1,131.29,69556040
1667941200000,131.06,131.47,126.42,127.3,64961510
1668027600000,131,136.69,129.77,136.68,171748310
1668114000000,137.9,138.42,135.13,136.98,75710240
1668373200000,137.5,140.7,135.83,139.8,82521030
1668459600000,140.49,141,130.86,135.66,145543250
1668546000000,136.99,139.73,136.32,139.18,67090170
1668632400000,139.09,140.35,136.6,137.57,59160240
1668718800000,137.08,137.81,135.84,136.89,44076540
1668978000000,136.01,136.3,132.51,134.46,83599930
1669064400000,134.55,136,133.81,135.65,45822990
1669150800000,135.7,137.55,134.5,136.59,52302020
1669237200000,137,138.41,136.12,136.61,42388720
1669323600000,137.2,137.24,135.41,136.53,29618830
1669582800000,135.02,136.2,134.1,135.53,45275110
1669669200000,136.29,137.2,135.88,136.37,31648090
1669755600000,136.5,136.78,135.23,136.78,26816190
1669842000000,137.1,137.95,136.31,137.15,33056500
1669928400000,136.99,137.1,136.17,136.66,19261670
1670187600000,136.66,142.68,136.25,142,103930500
1670274000000,142.2,143.37,139.11,140.61,51823300
1670360400000,140.5,142.81,138.36,142.32,69885670
1670446800000,143.5,143.6,139.8,139.92,64056510
1670533200000,139.7,140.7,139.24,140.03,29441490
1670792400000,140.19,140.87,138.7,139.48,33477470
1670878800000,139.67,139.93,136.67,138.13,52200510
1670965200000,138.28,138.28,136.6,137.3,34074890
1671051600000,136.99,137.08,134.3,134.55,54791650
1671138000000,134.5,136.09,134.13,135.45,32802120
1671397200000,135.13,136.73,132.86,134.64,58826130
1671483600000,134.51,138.4,134.41,138.28,45017120
1671570000000,138.7,139.12,135.81,137.75,45542340
1671656400000,137.99,138.97,137,137.69,30562140
1671742800000,137.49,138.26,136.81,137.94,22908110
1672002000000,138.33,141,138,140.95,49379370
1672088400000,141.31,142,139.6,139.9,41654530
1672174800000,139.73,140.4,138.6,139.51,28045010
1672261200000,139.5,141.65,139.22,140.96,32059860
1672347600000,140.8,141.48,140.13,141.15,28175080
1672693200000,141.6,143.25,141.56,141.78,21098550
1672779600000,141.85,142.28,140.75,141.43,17112740
1672866000000,141.6,141.84,140.54,141.27,17245300
1672952400000,141.39,141.62,140.9,141.4,10657600
1673211600000,141.83,142.99,141.65,142.4,31449160
1673298000000,142.1,142.85,141.31,142.81,23718180
1673384400000,142.97,149.98,142.87,149.96,123147040
1673470800000,150.02,150.79,148.39,149.3,46789300
1673557200000,149.58,153.28,147.71,151.69,88520210
1673816400000,152.89,154,151.88,153.71,51753920
1673902800000,154,154.31,150.01,150.45,84404770
1673989200000,150.4,153,149.41,151.47,67511970
1674075600000,151.2,152.85,148.56,149.34,66813960
1674162000000,149.7,151.4,148.64,151.38,44254820
1674421200000,151.9,154.1,151.01,153.5,55198870
1674507600000,153.95,155.58,152.28,152.66,78734130
1674594000000,152.45,153.6,151.5,152.81,43376700
1674680400000,153.32,154.3,151.73,152.4,45513320
1674766800000,152.4,153.48,151.69,153.2,34123690
1675026000000,153.5,153.88,152.21,153.38,31105220
1675112400000,153.51,158.18,153.3,158.07,77890320
1675198800000,158.2,159.6,156.5,158.29,66332200
1675285200000,158.4,160.29,157.37,159.45,53866380
1675371600000,159.1,162.32,157.88,161.26,63735330
1675630800000,161.78,167.17,161.01,167.09,89083530
1675717200000,167.3,168.7,163.4,165.39,92661570
1675803600000,165,166.35,162.7,164.15,58669030
1675890000000,164.33,167.47,161.27,165.31,107139220
1675976400000,165,166.49,164.5,165.52,40924680
1676235600000,165.2,166.88,164.17,164.32,36212200
1676322000000,164.3,164.38,161.64,161.86,58832960
1676408400000,160.94,161.12,153.83,156.25,113804160
1676494800000,157.33,159.3,156.25,158.22,68549280
1676581200000,158,160.38,156.91,159.73,52179940
1676840400000,159.41,161.3,156.73,160.09,63971610
1676926800000,160.66,165.65,159.26,164.15,127422480
1677013200000,164.13,164.42,162.5,163.37,43772430
1677186000000,163.33,165.5,163.1,164.3,37727230
1677445200000,163.52,170,162.96,169.95,100133280
1677531600000,170.5,171.92,168.37,169.82,80748140
1677618000000,170.4,171.66,169.5,170.53,53784730
1677704400000,170.4,170.4,166.55,168.05,86095640
1677790800000,168.17,171.26,167.9,171.16,49566770
1678050000000,172.14,172.99,171.35,171.84,64585290
1678136400000,171.87,174.2,171,174.01,55287380
1678309200000,174.85,174.89,172.21,172.55,80393110
1678395600000,171.55,173,170.58,172.53,50256970
1678654800000,172.5,173.9,169.26,172.15,74032280
1678741200000,171.61,176.95,171.01,175.71,89325670
1678827600000,176,177.37,173.59,175.3,79930290
1678914000000,174.94,176.04,173.36,175.45,51534160
1679000400000,183,193.66,178.56,193.59,388164850
1679259600000,196.02,205.09,195,203.73,156714250
1679346000000,204.76,208,201.25,203.32,122583960
1679432400000,203.4,204.4,201.59,202.89,57568140
1679518800000,202.53,204.2,202.22,202.58,26650230
1679605200000,202.86,203.85,202,203.57,24325540
1679864400000,204.01,213.2,204.01,211.84,101521380
1679950800000,212.86,214.7,210.67,214.03,73901050
1680037200000,214.85,219.53,213.6,217.99,96682530
1680123600000,217.3,218.45,216.12,216.87,40886950
1680210000000,217.2,217.35,211.3,216.6,88081360
1680469200000,218.45,219.44,214.8,216.09,55175630
1680555600000,216.2,217.29,213.8,214.83,45803380
1680642000000,214.65,216.3,211.4,216.15,46177490
1680728400000,216.3,217.38,214.07,214.25,39061450
1680814800000,214.5,216.39,213.65,216.27,29198130
1681074000000,217.1,222.26,216.61,222.21,85196000
1681160400000,222.9,223.33,217.62,218.6,98538370
1681246800000,218.6,219.7,216.67,219.22,44767540
1681333200000,219.49,220.89,218,219.85,32672160
1681419600000,220,222.5,218.51,221.87,43316040
1681678800000,222.98,228.2,222.91,228.1,78797270
1681765200000,227.89,232.76,227.05,232.66,97770120
1681851600000,232.67,237.37,231.1,232.95,115713300
1681938000000,233.32,236.47,229.84,236.28,85093750
1682024400000,237.4,238.85,233.52,235.17,115905760
1682283600000,235.07,236.4,234.1,235.1,30536770
1682370000000,235.13,235.82,234.21,235.3,32187450
1682456400000,235.6,235.95,234.91,235.21,24430320
1682542800000,235.59,240.74,235.13,240.38,68311610
1682629200000,240.9,241.58,237.66,240.38,49583350
1682974800000,242.2,245,237.4,242.62,83957810
1683061200000,242.85,242.99,234,235.77,76827180
1683147600000,236.89,239.74,236.05,238.89,53079590
1683234000000,239.24,240.66,237.3,237.7,61366140
1683493200000,238.69,239.86,237.36,238.27,47865890
1683666000000,216.5,227.5,215.7,227.06,156874740
1683752400000,228.87,235.38,223.94,229.32,197302410
1683838800000,231,232.47,226.15,229.29,70528170
1684098000000,230.51,231.75,228.52,231.7,49090190
1684184400000,232.4,232.86,229.57,230.62,36613690
1684270800000,229.86,230.97,228.75,230.55,31770380
1684357200000,231.7,234.49,230.72,231.7,56228190
1684443600000,230.99,232.3,229.81,231.27,31639980
1684702800000,232.2,232.78,230,231,26487190
1684789200000,231.25,237.29,230.21,236.43,63010540
1684875600000,237.49,246.13,236.26,246.06,86011970
1684962000000,246.1,247.4,242.65,243.76,70882360
1685048400000,243.45,249.64,242.81,248.1,69202730
1685307600000,249.78,252.59,248.85,251.18,67999610
1685394000000,248.84,250.85,243.8,244.65,83533260
1685480400000,244,247.18,240.27,246.17,72912500
1685566800000,247,247,240.57,241.66,52046910
1685653200000,242,245.5,240.77,243.95,46542940
1685912400000,243.51,244.15,235.1,237.12,78742190
1685998800000,235.92,242.1,232.54,240.91,100640180
1686085200000,241.2,244.39,238.56,241.25,63130930
1686171600000,241.3,242.78,239.55,241.77,29945470
1686258000000,242.8,243,240.11,240.4,27569100
1686603600000,241.51,244.5,240.63,244.33,40551890
1686690000000,245.7,247.68,242.8,244.6,52205640
1686776400000,245.11,245.94,243.22,245.18,40063590
1686862800000,245.5,245.9,243.7,243.87,23441160
1687122000000,244.47,244.69,241.32,242.28,29844240
1687208400000,241.99,242.22,238.82,241.74,36621960
1687294800000,241.9,243.92,240.6,242.2,26830770
1687381200000,242.15,242.8,240.13,240.66,23136750
1687467600000,239.98,240.99,234.34,235.67,61886110
1687726800000,239.6,240.5,233.4,238.4,82016390
1687813200000,239.02,242.34,236.8,241.21,51466410
1687899600000,241.8,241.8,238.6,239.67,28310570
1687986000000,239.94,241.26,239.02,239.99,28192150
1688072400000,240,240.68,238.36,239.61,24051460
1688331600000,240,244.56,239.15,243.33,47333310
1688418000000,243.4,243.78,240.61,240.7,41561500
1688504400000,241.49,241.9,240.24,240.95,19972080
1688590800000,241.47,242.47,240.71,240.96,23260340
1688677200000,241.49,243.75,240.7,243.67,30275210
1688936400000,244.21,249.45,244.2,249.4,65076680
1689022800000,250.01,250.2,246.51,247.99,49590820
1689109200000,248.4,249.2,246.1,247.52,39316540
1689195600000,247.97,248.15,245.34,246.19,29561460
1689282000000,246.32,247.05,244.51,246.45,25661560
1689541200000,244.77,246.2,243.6,245.39,36193390
1689627600000,245.8,247.5,245.26,246.77,36008340
1689714000000,247.25,248.1,245,245.85,31451760
1689800400000,246.27,246.27,242.15,242.7,36027010
1689886800000,243.18,244.53,241.7,244.13,32271770
1690146000000,244,245.85,243.52,244.87,19769440
1690232400000,245.48,247.77,244.81,247.2,39733390
1690318800000,247.2,248.33,245.9,247.05,26119270
1690405200000,247.5,249.3,247.24,247.95,39793470
1690491600000,248,249.45,246.67,249.25,35776620
1690750800000,251.33,267.77,251.33,267.4,167914420
1690837200000,269,273.35,264.1,268.5,162988910
1690923600000,268.5,269.97,266.52,268.57,48418320
1691010000000,269,271.35,266.8,269.11,75757120
1691096400000,269.48,272.96,261.21,264.12,132212230
1691355600000,266.54,268.09,260.5,261.92,61531090
1691442000000,261.92,265.44,258.8,264.62,65114820
1691528400000,265.47,265.8,263.05,263.91,34994150
1691614800000,264.73,267.5,263.96,266.91,37292060
1691701200000,267.26,267.4,264.8,266.23,24846460
1691960400000,267.37,268.77,259.15,260.45,86724810
1692046800000,259,264.17,256.63,260.42,59232630
1692133200000,261.29,261.68,254.33,256.02,71823620
1692219600000,257.15,258.8,255.5,258.5,35937920
1692306000000,258.4,261.37,257.35,261.14,31064600
1692565200000,262.44,263.06,259.51,261.15,35766040
1692651600000,261.92,262.11,259.81,261.45,25953320
1692738000000,261.5,261.83,256,256.4,53116160
1692824400000,257.63,259.94,256.4,259.63,26979270
1692910800000,258.8,261.6,257.61,260.5,28575150
1693170000000,261.32,267.83,260.81,266.93,57897070
1693256400000,266.7,267.56,265.14,265.68,35407330
1693342800000,265.68,267.36,263.1,264.7,38604380
1693429200000,265.04,266.25,264.3,264.85,22582290
1693515600000,265.4,265.62,264.06,265,19265170
1693774800000,266.5,269.11,266,267.39,48140770
1693861200000,266.74,267.98,261.09,264.75,39811860
1693947600000,264.33,264.68,262.31,263.5,28341890
1694034000000,263.69,264.97,256.1,258.79,67688600
1694120400000,258.08,259.33,253.1,255.68,49562810
1694379600000,257,258.37,255.16,256.25,43282460
1694466000000,257.7,262.4,257.09,262.4,45160820
1694552400000,262.4,262.77,257.59,258.18,30051360
1694638800000,258.9,261.38,255.02,260,46227900
1694725200000,259.65,262.74,258.56,260.83,35581630
1694984400000,262.02,263,258.76,259.07,29037560
1695070800000,258.99,259.32,251.5,252.72,89551540
1695157200000,252.8,255.47,249.82,253.77,66831270
1695243600000,252.87,254.2,249.81,250.16,58913730
1695330000000,249.85,253.1,248.62,251.99,40714900
1695589200000,252,253.49,249.83,252.65,31863690
1695675600000,252.13,257.17,250.9,255.87,42960400
1695762000000,256.2,257.85,254.63,256.1,27880630
1695848400000,256.4,258.25,255.5,257.67,26331160
1695934800000,258,262.59,256.71,260.72,68533310
1696194000000,261.37,261.92,257.03,258.98,35574470
1696280400000,258.99,260.5,257.23,259.65,23911430
1696366800000,259,260.39,258.24,259.53,18571620
1696453200000,260.7,261.39,258.26,259.38,23501620
1696539600000,259.77,263.4,257.86,262.93,32001280
1696798800000,263,265.97,263,265.25,45447720
1696885200000,264.89,265.18,257,263,34001290
1696971600000,263.3,263.99,259.5,260.21,29495790
1697058000000,260,264.5,259.66,264.5,27549160
1697144400000,264.89,265.04,262.7,263.51,18408670
1697403600000,264,269.2,263.51,268.15,53723180
1697490000000,268.3,271.97,266.91,270,51214360
1697576400000,270,271.19,266.11,267.9,40380530
1697662800000,267.13,271,266.28,268.65,33532880
1697749200000,268.5,270.3,266.5,269.8,32879730
1698008400000,270.45,274.1,269.65,270.1,62432160
1698094800000,270,272.06,268.62,271.27,28029860
1698181200000,271.5,274.96,270.53,273.73,41830970
1698267600000,274.11,276,269.12,269.9,59497750
1698354000000,269.93,271.98,266.8,269.7,49779630
1698613200000,269.9,271.55,268.6,269.89,33345990
1698699600000,270,270.5,266.87,268.35,26210450
1698786000000,268.29,270.3,267.6,269.68,20609480
1698872400000,270,270.98,268.5,269.06,25751530
1698958800000,269.07,269.78,267.2,268.54,20981280
1699218000000,269,273.87,268.62,273.42,29274160
1699304400000,273.01,274.78,272.2,273.31,32275170
1699390800000,273.64,278.35,273.28,278.15,58032670
1699477200000,278.6,278.85,276.02,276.65,28430630
1699563600000,276.99,281.3,276.6,280.19,44643290
1699822800000,280.4,284.8,280.32,283.97,45887770
1699909200000,283.7,283.88,280.54,280.87,40484810
1699995600000,280.87,283.93,278.51,282.89,41837690
1700082000000,282.4,283.69,279.56,279.7,24696600
1700168400000,279.7,282.5,278.66,281.6,31322320
1700427600000,281.96,284.2,281.61,282.91,25291010
1700514000000,282.3,283.82,281.66,282.79,19099390
1700600400000,283.12,286.67,282.85,286.16,47296890
1700686800000,286.16,287.77,285.04,286.19,27724080
1700773200000,286.49,287.5,285.11,286.85,26067870
1701032400000,287.4,289,278.88,282.33,79146090
1701118800000,282.4,282.51,277.32,279.91,45507410
1701205200000,279.36,280.56,276.2,276.8,29820830
1701291600000,276.7,278.65,272.75,277.5,55873540
1701378000000,277,277.98,273.55,273.97,31660970
1701637200000,273.6,274.95,270.52,270.96,37700740
1701723600000,271.98,279.65,270.54,279.62,46892570
1701810000000,279.92,280.79,266.83,267.58,100020030
1701896400000,267.62,270.44,263.06,265.12,63564530
1701982800000,266,268.23,263.72,265.16,35364310
1702242000000,265.17,266.47,254.81,256.89,77668070
1702328400000,256.79,262.88,255.05,257.6,63932170
1702414800000,257.6,261.39,256.5,260.45,29836400
1702501200000,261.4,262.75,255.58,256.64,40549660
1702587600000,256.6,268.91,256.6,268.21,84668740
1702846800000,268.93,270.44,266.54,268.4,51602470
1702933200000,268.38,269.71,265,267.35,38287810
1703019600000,267.51,269.1,266.2,266.61,31094000
1703106000000,266.4,266.87,263.5,265.19,33301420
1703192400000,266.06,271.9,265.37,271.3,58724860
1703451600000,271.72,273.85,270.05,271.08,38115690
1703538000000,271,272.89,270,271.9,22658320
1703624400000,271.9,272.59,270.85,271.08,17214050
1703710800000,270.92,272.48,268.52,271.74,29439730
1703797200000,272.19,272.59,270.55,270.82,20810540
1704229200000,271.9,274.7,271,274.56,20586020
1704315600000,274.67,275.48,273.7,274.12,11729380
1704402000000,274.3,274.69,272.8,273.62,9635550
1704661200000,273.6,277,273.53,276.76,21489440
1704747600000,276.97,278,274.71,275.28,20316030
1704834000000,275.3,276.16,273.64,274.49,20660410
1704920400000,274.78,275.97,274.01,275.71,19526030
1705006800000,276,276.96,274.77,275.84,17702040
1705266000000,276.45,277.73,275.21,275.96,21397690
1705352400000,276.22,276.45,274.1,276.01,16110240
1705438800000,276.02,279.17,275.75,278,34256680
1705525200000,278.24,278.87,276.76,277.07,17701680
1705611600000,277.39,277.47,273.55,274.86,28052580
1705870800000,274.86,275.9,273.85,274.93,15086860
1705957200000,274.7,277.26,274.31,275.9,20092540
1706043600000,275.9,276.44,273.7,273.77,20203730
1706130000000,274,274.18,271.55,272.81,24436130
1706216400000,273.1,273.72,272.21,272.65,11131250
1706475600000,273.02,274.95,272.7,274.05,17095190
1706562000000,274.01,277.25,273.97,275.67,27236150
1706648400000,275.84,276.45,275,276,12543740
1706734800000,276.03,277.75,275.93,276.86,15976730
1706821200000,277,277.3,276,276.74,12718190
1707080400000,277,278.57,276.9,277.84,16056990
1707166800000,278,278.99,277.3,278.67,15960270
1707253200000,278.82,284.5,278.81,284.41,45372390
1707339600000,284.52,286.24,281.25,282.17,44132450
1707426000000,282.17,284,281.5,283.5,24378920
1707685200000,283.66,287.84,283.5,287.28,33890070
1707771600000,287.52,289,285.4,287.07,33307500
1707858000000,287.07,290.6,286.84,289.06,35874260
1707944400000,289.3,290.45,287.63,290.24,25912290
1708030800000,290.47,292.3,286.25,288.33,53446950
1708290000000,288.51,289.98,287.07,288.93,24327480
1708376400000,289.2,289.28,283.29,283.9,44972610
1708462800000,283.9,285.28,280.2,282,48915360
1708549200000,282.1,285.05,282.1,284.77,25175120
1708894800000,288.52,291.3,287,291.25,42969530
1708981200000,291.35,293,290.55,292.52,32504830
1709067600000,292.6,293.95,289.75,291.75,49330680
1709154000000,292.31,293.2,291.3,292.19,22436940
1709240400000,292.2,295.88,292.2,295.38,27129280
1709499600000,295.87,299.5,295.8,299.17,40609910
1709586000000,299.33,300.41,297.57,298.4,41756340
1709672400000,298.2,299.33,296.82,297.71,17756170
1709758800000,297.72,300.58,297.24,300.4,21982790
1710104400000,301,302.95,298.5,299.79,41781940
1710190800000,299.6,301.07,297.34,300.9,28743980
1710277200000,301.2,301.49,298.7,298.85,24012100
1710363600000,298.5,298.7,295.14,295.83,42205930
1710450000000,295.71,299.44,295.29,298.3,26040280
1710709200000,299.4,299.98,297.63,298.87,20281860
1710795600000,298.3,299.4,294.21,295.2,59714940
1710882000000,295.3,296.88,293.52,295.4,30703230
1710968400000,295.99,297.3,291.8,295.62,70680800
1711054800000,295.77,296.79,291.05,292.99,48982100
1711314000000,294,294.93,292.13,293.9,25567820
1711400400000,294.5,295.82,293.04,294.11,16295560
1711486800000,294.47,295.11,293.47,295.1,14560090
1711573200000,295.5,299.3,295.5,299,33675160
1711659600000,299.38,299.5,298,298.72,17705950
1711918800000,300,301.65,299.5,300.43,28662870
1712005200000,300.43,300.99,298.95,300.38,19980460
1712091600000,300.4,307.13,300.17,306.72,58228980
1712178000000,306.8,307.77,304.36,304.61,29074900
1712264400000,304.62,306.5,303.7,306.1,19355990
1712523600000,306.5,308.6,306.22,307.75,24899610
1712610000000,308.1,309.35,305.51,306.76,32044440
1712696400000,306.76,307.14,304.62,306.48,20682180
1712782800000,306.7,308,305.7,306.95,20527000
1712869200000,307.4,307.87,306.3,307.1,16025300
1713128400000,307.47,308.39,306.64,307.99,20746510
1713214800000,308,308.65,307,308.29,17135850
1713301200000,308.65,309.74,305.91,306.59,28227330
1713387600000,306.01,308.29,305.05,307.99,20387560
1713474000000,308,308.38,306.8,307.38,14578320
1713733200000,308,315,307.38,314.99,69006740
1713819600000,315.39,315.79,306.26,307.39,92863630
1713906000000,307.5,309.79,306.65,307.94,26557490
1713992400000,307.95,309.07,307.45,308.41,15946760
1714078800000,308.5,309.9,308,309,21146360
1714165200000,309.25,309.99,308.7,308.98,13111060
1714338000000,309.14,309.6,307.65,308.97,10025690
1714424400000,309.19,309.49,308.03,308.24,5980690
1714597200000,308.7,309.19,306.8,307.37,16262520
1714683600000,307.11,308.29,304.34,307.53,30466990
1714942800000,308.1,308.1,305.55,306.01,19203550
1715029200000,306.23,308.87,306.21,308.22,16616810
1715115600000,308.41,311.83,308.08,311.21,33881400
1715288400000,311.5,313.5,311.31,313.49,16715650
1715547600000,314.1,315.7,314.04,314.85,21712460
1715634000000,315,318.41,313.58,318.12,35247320
1715720400000,318.2,320.16,317.7,319.7,28351820
1715806800000,320,322.91,320,322.91,27847220
1715893200000,322.96,323.5,320.02,323.16,24398590
1716152400000,324,324.85,318.94,321.08,36736790
1716238800000,320.88,322.23,318,320.64,34019460
1716325200000,320.8,323.1,320.8,322.93,18651840
1716411600000,322.8,324,321.23,323.54,17865490
1716498000000,323.83,324.48,319.78,321,26594700
1716757200000,321.01,321.95,315.5,317.09,45712960
1716843600000,317.5,320.9,315.82,318.22,30187790
1716930000000,318.25,320.4,315.92,320.38,22989260
1717016400000,320.91,321.55,316,316.63,27005390
1717102800000,316,318.49,309.8,313.11,49206450
1717362000000,313.5,315.5,305,310.95,61860770
1717448400000,310.98,316.5,308.8,316.49,33070240
1717534800000,316.63,318.28,313.85,314.72,27792110
1717621200000,314.7,316.45,311.15,313.08,28328920
1717707600000,313.8,320.64,312.73,319.9,44484260
1717966800000,320.8,321.98,315.21,317.28,26344630
1718053200000,317.5,319.84,315.88,317.8,20064950
1718226000000,305.7,317.82,304.14,317.71,41281520
1718312400000,317.8,320.7,316.2,319.35,21488970
1718571600000,320,320.45,316.85,317.65,15476190
1718658000000,317.65,318,313.02,314.34,22024090
1718744400000,314.38,314.78,307.51,310.7,42183660
1718830800000,310.7,314.72,306.02,314.15,72789950
1718917200000,315,316,312.6,314.14,29116600
1719176400000,314.7,319,314.14,317.25,29607080
1719262800000,317.5,319.89,316.28,319.8,25978180
1719349200000,320.1,324.56,319.8,324.55,42491110
1719435600000,324.8,327.83,322.63,327.16,46771370
1719522000000,327.87,329.3,325.8,327.15,40451800
1719781200000,327.64,329,326.25,327.1,31710510
1719867600000,327.35,328.87,326.82,328.37,21155650
1719954000000,328.58,330.45,327,328.2,32156700
1720040400000,328.39,329.57,323.81,324.66,40766110
1720126800000,324.71,327,321.01,325,40433010
1720386000000,325.76,327.44,323.74,324.07,27756900
1720472400000,324.3,325.33,317.5,319.99,54199810
1720558800000,319,320.3,314.3,316.68,88512550
1720645200000,289.96,296.98,285.22,295.87,168030600
1720731600000,296,297.48,290.97,292.21,49999170
1720990800000,293,293.86,283.5,284.38,58737560
1721077200000,284.49,285.69,276.7,285.25,82870860
1721163600000,285.84,289.96,283.23,284.68,42824670
1721250000000,284.68,289.99,282.73,289.83,34090360
1721336400000,290.67,292.58,289.2,289.9,31022060
1721595600000,291,294.95,291,294.71,33386610
1721682000000,295.47,295.48,293.36,294.39,22190840
1721768400000,294.39,296.67,293.2,295.69,24565710
1721854800000,295.69,297.3,294.2,296.37,22868740
1721941200000,296.4,300,292.67,293.3,84909830
1722200400000,293,293,286,286.58,52445850
1722286800000,286.5,291.99,284.32,290,42572480
1722373200000,290.47,291.2,288.01,289.3,25974520
1722459600000,289.87,290.69,287.04,287.21,18646450
1722546000000,287.21,287.99,284.37,286.04,30086580
1722805200000,282.79,283.46,275.17,275.49,82141460
1722891600000,277.01,281.16,276.35,279.4,43600150
1722978000000,280,283.27,277.21,282.2,48494490
1723064400000,283.4,285.42,280,281.09,42425830
1723150800000,281,282.67,279.62,281.44,22302730
1723410000000,280.01,281.5,278.03,280.74,27767330
1723496400000,281.05,284.33,280.42,283.92,24058790
1723582800000,284.3,284.7,280.12,280.32,21757040
1723669200000,280.5,280.85,276.73,278.01,28665290
1723755600000,278.05,279,274.32,274.6,26195850
1724014800000,275,275.56,265.02,268.17,68626200
1724101200000,268.35,269.49,263.36,266.2,54276130
1724187600000,266.2,267.8,263.86,266.93,37127480
1724274000000,266.93,268.5,260.15,261.6,47907530
1724360400000,261.61,262.8,255.56,259.5,76719180
1724619600000,263.55,266.95,261.54,265.39,49974250
1724706000000,265.83,266.07,259.82,260.5,32345170
1724792400000,259.9,262.47,254.99,262.47,47867970
1724878800000,262.58,264.19,258.36,260.31,34802250
1724965200000,260.5,261.8,254,254.45,46118490
1725224400000,254.03,254.2,242.65,244.31,97662430
1725310800000,244.4,250,240.01,244.04,105673360
1725397200000,244.51,253.5,242.8,253.01,70652080
1725483600000,255,258.17,251.11,252.82,78616830
1725570000000,253.01,255.35,250.31,254.77,41336330
1725829200000,256.32,263.45,255.3,263.31,66128940
1725915600000,264.61,264.61,258.7,261.29,57937830
1726002000000,260.31,262,257.5,258.2,38293710
1726088400000,257.8,258.68,252.85,254.93,46358080
1726174800000,255.19,259.92,248.75,258.25,111180360
1726434000000,259.64,264.37,257.8,263.79,52643180
1726520400000,264.12,267,260.55,265.99,57565620
1726606800000,265.73,267.99,263.15,263.4,43376640
1726693200000,263.94,266.19,262.32,264.5,35683170
1726779600000,264.52,269.21,264.5,269.08,38767000
1727038800000,269.3,273.8,269.3,273.17,49396850
1727125200000,273.9,273.94,270.5,272.92,36984140
1727211600000,272.92,273.8,267.3,267.8,43803870
1727298000000,267.54,269.76,265.41,267.88,31888540
1727384400000,268.9,269.7,267.17,268.07,18889430
1727643600000,269.26,272.33,268.14,268.49,42519740
1727730000000,267.6,268.68,264,266.29,52125800
1727816400000,266.01,268,258.52,259.31,46519200
1727902800000,259.31,264.49,257.2,264.25,56534560
1727989200000,264.96,265.44,262.11,264.09,25992290
1728248400000,264.25,267,261.37,263.39,28940600
1728334800000,263,263.8,261.89,262.4,16163780
1728421200000,262.42,263.8,259.59,260.86,25021350
1728507600000,260.88,261.64,258.91,259.98,17677230
1728594000000,259.8,260.07,256.8,256.94,24848580
1728853200000,256.15,263.91,254.1,261.28,64205680
1728939600000,260.94,263.7,259.84,262.03,26247370
1729026000000,262.05,264.72,258.45,259.5,40206260
1729112400000,259.5,260.45,256.03,256.57,24658790
1729198800000,256.21,258.9,254.41,257.19,30020250
1729458000000,257.3,259.85,256.78,258.21,21471680
1729544400000,258.1,258.8,255.25,255.42,17064680
1729630800000,255.1,255.9,251.34,252.01,30420950
1729717200000,252.01,254.27,250.25,252.64,28764370
1729803600000,252.72,255.35,245.7,246.35,80587930
1730062800000,245.02,249,241.61,242.56,71940990
1730149200000,243.2,244.6,239.88,242.66,47134580
1730235600000,242.7,246.22,241.11,241.45,39826840
1730322000000,241.4,242.8,236.23,237.9,57274130
1730408400000,237.9,239.1,234.57,238.03,48370770
1730494800000,237.9,240,237.71,238.97,14895450
1730754000000,239.6,241.2,238.07,239.23,28172270
1730840400000,247,248.56,242.05,243.6,78965200
1730926800000,243.26,251,242.16,250.93,44425190
1731013200000,251.5,255.99,250.5,255.98,58086370
1731272400000,257.99,261.3,256.49,260.73,67847940
1731358800000,259.99,260.7,255.27,255.77,40926850
1731445200000,255.29,258.96,254.05,254.7,44540020
1731531600000,254.26,255.92,248.6,249.52,49011750
1731618000000,249.31,254.43,248.05,253.43,44201700
1731877200000,249,251.94,247.3,248.72,51559910
1731963600000,249.03,249.83,239.62,240.59,75474680
1732050000000,241.82,243.59,234.74,237.05,70349830
1732136400000,237.15,240.94,234,240.47,75143570
1732222800000,240.5,241,234.78,236,45621420
1732482000000,236,237.1,227.25,227.81,76469770
1732568400000,227.8,231.9,221.2,223.16,96795030
1732654800000,223.9,226.47,219.2,226.3,112457620
1732741200000,227,229.5,222.48,228.56,67840700
1732827600000,228.48,236.99,227.55,236.49,70303900
1733086800000,237.02,238.7,234.32,235.17,45142250
1733173200000,235.29,235.97,230.26,230.8,45322870
1733259600000,231,233.79,224.3,224.55,72417390
1733346000000,224.57,233.75,222.82,233.48,86989140
1733432400000,233.63,238.25,231.52,237.84,81096070
1733691600000,239.29,240.51,236.75,237.29,52493640
1733778000000,238,238.01,230.65,230.82,58740230
1733864400000,230.5,234.39,229.22,234.19,64914300
1733950800000,234,235.95,228.52,229.02,59171170
1734037200000,228.9,231.33,227.85,228.7,46124660
1734296400000,228.62,229.05,224.38,225.53,54593280
1734382800000,225.6,227.49,223.72,226.5,45885470
1734469200000,226.72,230.8,224.33,230.15,58056480
1734555600000,230.16,234.99,227.71,229,124061370
1734642000000,229.1,258.98,228.03,257.6,235186220
1734901200000,260,270,256.51,264.9,163165650
1734987600000,264.94,266.79,261.02,264.34,83808660
1735074000000,263.62,273,260.31,271.69,125539910
1735160400000,272,274.25,269.1,269.56,75735270
1735246800000,269.61,272.16,268.57,271.2,52144690
1735333200000,271.35,273.99,270.4,272.83,39585910
1735506000000,274,279.49,273.7,279.43,52633750
1735851600000,280,280.41,271.8,272.25,43086870
1736110800000,270.88,274.41,270.07,274.37,28454750
1736283600000,273.07,277.87,273.07,277,26634660
1736370000000,276.71,278.77,270.73,271.8,52952880
1736456400000,272.31,279.53,270.27,278.77,71154220
1736715600000,280.62,284.75,278.6,279.8,66601710
1736802000000,279.84,282.36,277.41,279.85,46037150
1736888400000,280,282.82,276.06,282.77,52864450
1736974800000,283.7,284,281.18,281.8,49453530
1737061200000,282.2,284.64,280.19,283.53,51876150
1737320400000,285.1,286.23,277.61,278.19,67946640
1737406800000,279.39,281.85,276.32,281.85,40478260
1737493200000,282,284,280.2,280.36,47106880
1737579600000,280.79,280.79,277.35,280.49,38573410
1737666000000,281,282.75,279.25,280.74,32155210
1737925200000,280.72,280.97,275.01,275.23,39035610
1738011600000,275.25,279.26,274.01,278.35,39030820
1738098000000,278,282.18,277.12,280.36,39161630
1738184400000,280.44,282.5,280.36,281.97,28020880
1738270800000,281.97,284.11,280.27,280.73,40333120
1738530000000,280.21,280.35,278,279.55,30373760
1738616400000,279.55,281.41,275.7,277.4,23986670
1738702800000,277.3,283.89,275.34,282.88,43070410
1738789200000,283.89,288.92,282.09,287.15,69363150
1738875600000,287.66,288.9,285.08,285.81,27626070
1739134800000,287.61,294.55,287.61,289.94,73052590
1739221200000,290.35,294.1,289.3,294.06,56009830
1739307600000,294.3,314.4,291.3,314,185816680
1739394000000,315.61,318.72,307.2,310.1,116925810
1739480400000,315.59,317.84,303.06,309.87,126690930
1739739600000,314,319.55,312.31,319.5,84827010
1739826000000,319.99,320.92,310.21,312.95,85001770
1739912400000,313.53,317.25,311.01,315.91,50484340
1739998800000,315.91,317.96,314.02,315.05,33164900
1740085200000,315.48,316.69,312,314.74,32725520
1740344400000,314.92,316.4,313,316.03,35730390
1740430800000,316.03,318.59,315.62,316.97,38826960
1740517200000,316.97,317.45,308.31,310.22,73827020
1740603600000,310.22,312.45,305.43,307.1,60936490
1740690000000,306.01,310.4,304.05,309.63,65681370
1740776400000,309.84,310.94,309.47,310.11,1138430
1740862800000,309.5,309.63,306.8,307.44,1885110
1740949200000,306.45,307.92,300.2,305.5,66467290
1741035600000,306.95,318.5,306.14,316.4,88130960
1741122000000,316.4,318.3,313,313.56,57792400
1741208400000,313.6,317.43,313.57,315.18,31963110
1741294800000,315.19,321.87,310.69,316.92,110871260
1741554000000,316.98,320.63,316.37,317.57,39315360
1741640400000,317.7,321.98,315.57,319.69,64935150
1741726800000,319.99,320.9,315.8,318.39,41964450
1741813200000,318.39,320.5,312.5,316.37,78552090
1741899600000,316,321.1,314.12,320.51,51762530
1741986000000,320.69,321.3,319.82,320.74,1455280
1742072400000,320.52,323.5,320.52,323.44,5680630
1742158800000,323.44,326.97,322.62,326.02,58701560
1742245200000,326.2,329.77,323.82,324.06,72947120
1742331600000,324.5,326.88,322.3,325.3,39800890
1742418000000,325.41,326,321.8,324.05,42356790
1742504400000,323.8,326.08,322.15,323.26,28707780
1742763600000,323.26,323.94,318.51,319.47,33041960
1742850000000,320,322.2,314.65,319.8,48328480
1742936400000,319.9,320.88,315.01,315.23,20580040
1743022800000,315.51,317.16,311.95,311.96,36146350
1743109200000,311.96,313.65,305.65,308.04,51876870
1743195600000,307.8,308.3,302.64,303.89,5739820
1743282000000,303.2,305.3,298.8,299.22,9158830
1743368400000,300,310.88,300,309.72,48565800
1743454800000,310.5,312.9,302.7,303.24,46088340
1743541200000,303.23,306.5,301.21,306.11,40207020
1743627600000,306.21,309.2,296,302.09,52408560
1743714000000,303.55,304.37,284.4,285.35,88719200
1743800400000,285.25,287.03,280.11,284.98,14100160
1743886800000,285.35,290.47,284.22,290.35,8755880
1743973200000,285.3,294,275.76,287.56,125244840
1744059600000,290,294.66,281.5,282.03,65532930
1744146000000,280.91,294.48,276.33,293.4,109378190
1744232400000,294.09,296.75,291.55,292.21,49360530
1744318800000,293,300.48,292.8,299.81,50418210
1744405200000,300.18,301.8,300.03,300.95,4615240
1744491600000,300.88,301.99,300.01,301.49,4079210
1744578000000,301.49,302.4,295.13,296.5,34768950
1744664400000,296.51,300.45,295.6,297.99,24258710
1744750800000,298,303.3,296.06,300.8,30103500
1744837200000,300.89,305.07,300.41,304.8,37579800
1744923600000,302.7,303.85,296.25,300.01,46147920
1745182800000,302.67,308.7,301.76,308.12,51260130
1745269200000,308.5,315,306.55,312.25,64482010
1745355600000,313,314.98,305.55,310,58851190
1745442000000,310.77,312.8,309.09,310.16,24120000
1745528400000,310.85,317.87,310.71,316.69,51763570
1745614800000,318.42,320.26,317,317.58,9511000
1745701200000,318.2,318.97,317.39,318.18,2238080
1745787600000,318.36,320,313.52,314.23,52315790
1745874000000,314.99,315.45,308.1,309.41,30249990
1745960400000,309.28,309.95,303.12,307.8,41266290
1746133200000,307.8,307.8,299.7,299.96,19751770
1746219600000,299.9,302.24,299.52,300.7,2942530
1746306000000,300.7,302.78,300.02,301.8,2867700
1746392400000,301.8,302.59,291.66,294.64,45508060
1746478800000,294.65,304.75,292.05,302.02,49327640
1746565200000,302.5,304.24,300.56,302.79,29667370
1746651600000,302.9,306,300.61,302.15,20811410
1746824400000,303.53,304,301.7,302.38,2084470
1746910800000,305.85,307.64,304.55,305.48,8172680
1746997200000,307.53,311.49,307.26,310.81,34702020
1747083600000,310.8,312.5,309.61,311.24,24762720
1747170000000,311.5,313.71,304.04,304.21,27152010
1747256400000,304.2,307.77,300.49,304.72,47487250
1747342800000,304.7,308.88,296.56,306.34,63956680
1747429200000,306.34,309.48,306.01,308.89,4795590
1747515600000,309.67,311.86,309.3,311.15,5402510
1747602000000,311.5,313,306.34,308.33,44498890
1747688400000,308.88,309.55,304.7,306.16,19810690
1747774800000,306.17,307.56,302.89,303.98,20456330
1747861200000,304.5,305.6,299.17,302.66,35013910
1747947600000,302.66,305,301.33,302.22,17175890
1748206800000,302.22,302.49,295.5,297.77,34631470
1748293200000,297.73,299.9,293.08,298.7,25760040
1748379600000,299,308.82,299,308.47,48001460
1748466000000,308.61,309.95,305.66,306.65,24049740
1748552400000,306.27,310.29,305.01,309.3,21916240
1748638800000,309.31,309.84,308.31,308.74,1459500
1748725200000,308.69,308.69,300.51,303.14,11904960
1748811600000,302.6,311.99,302,309.63,41216150
1748898000000,309.7,314.88,309.39,313.55,34937680
1748984400000,314,318.29,311.17,313.23,53786160
1749070800000,313.55,318.59,313.53,317.96,28359290
1749157200000,318.35,325.43,312.52,313.13,102022760
1749243600000,314,314.95,313.72,314.65,2022260
1749330000000,314.66,314.88,313.61,314.35,1618500
1749416400000,314.69,315.51,310,311.17,30113360
1749502800000,311.21,313.3,307.55,308.68,27818280
1749589200000,309.53,313.6,308.03,312,26275440
1749762000000,313.28,313.39,309.53,310.2,13424610
1749848400000,310.21,311.17,309.55,310.29,1445960
1749934800000,310.97,311.4,309.74,310.09,1949530
1750021200000,310.2,314.37,309.81,311.5,21327040
1750107600000,311.61,314.93,310.5,313.56,23302090
1750194000000,313.56,314.82,311.63,313.38,17607700
1750280400000,313.41,316.45,312.14,312.46,30310650
1750366800000,312.46,313.59,309.3,309.7,22045200
1750626000000,310.9,311.44,308.04,310.17,15950290
1750712400000,310.3,312.02,309,311.37,18994470
1750798800000,311.65,314.29,311.57,313.78,20230110
1750885200000,313.8,314.5,312.74,312.84,12976890
1750971600000,313.03,315.5,313,315.18,19035650
1751058000000,315.2,315.67,315.11,315.31,890790
1751144400000,315.32,317.5,315.31,315.95,2641730
1751230800000,315.95,317.7,314.6,316.15,26600320
1751317200000,316.69,319.6,316.3,318.42,21887840
1751403600000,318.96,319.85,317.41,319.43,20701250
1751490000000,319.53,321.5,318.74,319.17,20286790
1751576400000,318.85,321.41,317.5,319.44,17811390
1751662800000,319.5,320.6,319.5,319.55,671870
1751749200000,319.65,319.7,319.29,319.37,416040
1751835600000,319.38,319.94,312.82,313.5,29913000
1751922000000,313.34,315.31,309.6,309.71,25532140
1752008400000,310.01,312.3,307.6,310.09,29871070
1752094800000,310.77,315.07,310.5,314.01,23711960
1752181200000,314.5,317.88,308.85,309.88,39276450
1752267600000,310,311,310,310.2,873720
1752354000000,310.5,310.91,308.8,309.44,1066040
1752440400000,308.96,318.85,304.38,317.97,59042270
1752526800000,318.16,320.43,316.6,319.99,40470270
1752613200000,320,322,319.54,321.58,36861670
1752699600000,321.26,329.23,321.19,327.05,91182020
1752786000000,300.45,309.4,300.25,309,115982520
1752872400000,309.69,313.91,309.59,312.42,9029970
1752958800000,313.49,313.78,312.05,312.58,4921320
1753045200000,312.99,314.56,309.31,310.4,44824260
1753131600000,310.65,311.72,308.55,310.67,26942000
1753218000000,311,314.49,310.78,313.08,37399400
1753304400000,313.09,313.99,309.75,310.83,27841890
1753390800000,310.86,311.76,306,308.93,50866870
1753477200000,309.35,309.95,308.86,308.91,1339260
1753563600000,308.86,309.15,308.12,308.83,1768030
1753650000000,309.44,309.45,303.54,303.97,38627240
1753736400000,304.77,308.26,303.05,305.26,30696940
1753822800000,305.58,306.2,303.2,303.3,14499120
1753909200000,303.9,305.79,302.81,304.95,19884770
1753995600000,305.41,307.5,302.89,304.22,25320049
1754254800000,305.3,308.12,304.5,307.95,28420639
1754341200000,307.97,308.67,305.25,307.38,21497509
1754427600000,307.4,312.96,303.33,310.22,59949361
1754514000000,310.22,316.5,308.76,313.43,72089666
1754600400000,314.68,317.98,312.6,317.97,34959877
1754859600000,321.72,322.9,317.05,317.82,42436965
1754946000000,318.17,318.99,316.6,318,18765577
1755032400000,318,319.7,317.05,317.51,21127896
1755118800000,317.6,319.2,314.81,318.73,26459276
1755205200000,318.9,320.5,318.45,319.4,26071682
1755291600000,316.86,316.88,310.03,315.17,10296497
1755378000000,315.5,315.8,314.8,314.97,1902692
1755464400000,315.01,319.89,314.3,318.38,35044641
1755550800000,318.98,319.73,316.29,316.5,21879576
1755637200000,316.53,317.51,313.02,314.17,18653270
1755723600000,314.17,315.1,309.28,309.98,30815394
1755810000000,310.11,312.49,309.75,312.05,15495808
1755896400000,312.11,312.5,311.55,312.3,567839
1755982800000,312.3,312.45,311.5,311.84,730827
1756069200000,311.84,312.3,308.75,311.42,15298883
1756155600000,311.11,314,310.5,311.79,11297232
1756242000000,312,313.78,311.06,312.78,11692831
1756328400000,313.03,314.5,310.12,310.82,20309447
1756414800000,311.18,311.82,308.95,310.04,14855695
1756501200000,309.99,310.54,309.71,309.92,780762
1756587600000,309.92,311.24,309.92,310.99,1093718
1756674000000,310.86,312.5,308.82,309.2,11045087
1756760400000,309.2,310.1,307.05,308.44,17407779
1756846800000,308.45,309.68,307.21,309.49,10482402
1756933200000,309.6,310.8,307.5,308.74,12848837
1757019600000,309.1,311.16,308.8,310.5,11650553
1757106000000,310.5,310.9,310.1,310.13,654610
1757192400000,310.13,311,310.13,310.69,734383
1757278800000,310.44,313.26,310.31,312.83,16963643
1757365200000,313,314.25,311.62,313.06,17116843
1757451600000,313.65,313.65,309,309.76,19292572
1757538000000,309.76,310.77,305.8,307.11,29436347
1757624400000,307.5,308.72,302.53,303.5,39315303
1757710800000,303.61,303.8,302.65,302.84,1279027
1757797200000,303.18,304.25,302.72,303.97,1566130
1757883600000,304,304.75,300.71,302.48,21943886
1757970000000,303,304.2,299.7,301.8,26108050
1758056400000,301.8,305.92,299.8,304.5,31421531
1758142800000,304.8,305.05,300.66,301.68,27536729
1758229200000,301.6,303.8,294.61,294.84,38919790
1758488400000,295.86,299.3,292.16,298.05,41184639
1758574800000,298.26,300.11,290.39,291.6,33989319
1758661200000,291.8,296.64,288.4,293.31,47845030
1758747600000,293.87,294.89,289.5,289.9,20998024
1758834000000,290.2,292.79,288.52,291.33,22643314
1758920400000,291.03,292,291.03,291.69,723038
1759006800000,291.69,291.85,290.95,291.08,596818
1759093200000,291.4,295.5,286.5,287.57,34950615
1759179600000,287.67,289.88,285.24,288.36,29382368
1759266000000,288.88,290.39,285.11,286.4,22897705
1759352400000,286.4,287.15,282.8,285.22,28023440
1759438800000,285.75,287.32,282.58,282.91,17098575
1759525200000,283,283,279.39,280.4,5632692
1759611600000,280.4,282.13,279.14,281.99,2450371
1759698000000,282.39,291.17,281.82,290.56,36480863
1759784400000,290,295.87,288.75,293.89,37893983
1759870800000,293.93,295,278,281.9,75222569
1759957200000,282.8,290.45,278.75,289.37,76179258
1760043600000,289.9,289.95,284.1,285.12,34168796
1760130000000,284.4,285.31,282.22,285.16,2386239
1760216400000,285.12,286.85,285,286.81,1662362
1760302800000,286.99,288.75,282.35,285.39,33206410
1760389200000,285.5,286.99,282.05,283.3,22304284
1760475600000,283.93,285.39,282,283.74,22412693
1760562000000,283.9,304,282.4,302.91,94011501
1760648400000,303.23,305,299.76,300.91,45293894
1760734800000,301.3,304.8,301.3,304.18,6838786
1760821200000,304.22,304.87,302.24,303.03,3301013
1760907600000,303.95,306.15,302.71,304,24667908
1760994000000,304.1,304.43,290.5,295.47,70646260
1761080400000,295.52,295.77,286.76,290.02,43163350
1761166800000,286.93,291.98,285.21,291.8,39228445
1761253200000,292.17,294.93,286.3,287.55,47904311
1761512400000,287.47,287.99,282.46,283.17,35162033
1761598800000,283.22,290.7,281,289.46,36966759
1761685200000,290.45,291.51,288.15,290.5,21784278
1761771600000,290.49,298,289.13,296.12,37766748
1761858000000,296.04,297.97,290,291.89,31675676
1761944400000,292,294.42,290.35,293.7,12822737
1762117200000,294.19,300,294.19,298.04,17970362
1762290000000,297.64,298.82,293.88,295.7,33737444
1762376400000,295.73,296.93,292.01,294.27,24025168
1762462800000,293.5,298.09,292.52,296.84,22069475
1762549200000,297.27,298.44,296.7,297.93,3197476
1762635600000,297.93,298.35,297.59,297.97,604540
1762722000000,297.97,302.79,297.36,300.46,39179839
1762808400000,300.86,301.87,298.06,301.12,21489101
1762894800000,301.15,301.89,296.81,299.09,24329162
1762981200000,299,301.53,297.67,299.09,16853483
1763067600000,299.09,299.7,295.5,297.44,19655059
1763154000000,297.44,297.89,296.8,297.17,665258
1763240400000,297.1,297.2,296.66,297,527655
1763326800000,296.02,296.55,293.64,294.68,21363071
1763413200000,294.68,302.86,293.33,299.44,47260145
1763499600000,300,309.9,298.66,304.75,60132565
1763586000000,304.76,308.88,301.78,307.89,42352133
1763672400000,308.5,309.23,304.22,306.7,32336510
1763931600000,308.67,309.95,303.7,305.87,26541972
1764018000000,306,307.97,303,306.6,29434900
1764104400000,306.48,306.87,304,304.96,12942518
1764190800000,305.47,306.25,297.33,299.53,34517910
1764277200000,300.86,305.26,299.05,304.17,24863407
1764363600000,304.32,304.97,303.76,303.88,967797
1764450000000,303.86,305.43,303.6,305.23,1979918
1764536400000,305.48,306.48,303.01,305.2,20791122
1764622800000,305.6,305.92,301.46,303.77,19883739
1764709200000,301.1,303.76,299.1,302.85,28901358
1764795600000,303.25,304.58,301.4,301.76,16616235
1764882000000,301.76,307.92,301.66,307.22,34203718
1765141200000,307.53,308.48,304.2,304.95,27634404
1765227600000,305,307.7,304.5,306.39,22986737
1765314000000,307,307.68,306,306.73,14599471
1765400400000,306.84,309.41,305.2,307.19,44063111
1765486800000,307.21,307.92,303.61,303.86,31814259
1765573200000,304.32,305.34,304.32,304.77,2027722
1765659600000,304.77,304.95,304.05,304.39,1557575
1765746000000,304.58,305.8,303.07,305.08,27376085
1765832400000,305.07,306.2,303.53,304.78,24824717
1765918800000,304.79,305.88,301.78,303.5,30322906
1766005200000,303.38,304.27,300.47,301.96,38425498
1766091600000,302.3,303.25,298.51,299.87,51746725
1766178000000,300.01,300.65,299.92,300.26,1744024
1766264400000,300.3,300.49,299.49,299.92,2495134
1766350800000,300.38,300.48,296.84,297.72,23596587
1766437200000,298.03,301.68,297.32,300.65,18476872
1766523600000,300.66,303.15,299.32,302.03,20631838
1766610000000,302.31,302.72,300.07,300.26,11659403
1766696400000,300.26,302.6,300.02,302.51,24760307
1766782800000,302.66,303.2,302.51,302.63,1827803
1766869200000,302.6,302.83,301.37,302.55,3113900
1766955600000,303,306.2,298.5,299.7,51927078
1767042000000,300.5,300.99,299.08,299.9,19986979
1767560400000,300,300.12,296.21,298.78,15436418
1767646800000,298.86,299.94,298.2,299.08,6964708
1767819600000,296.85,298.5,296.35,298,10369894
1767906000000,298.07,299.39,297.82,299.04,7607473
1768165200000,299.15,301.4,298,299.16,16155274
1768251600000,299.2,301.04,296.61,297.23,18378726
1768338000000,297.23,299.78,296.02,298.58,18334454
1768424400000,298.25,299.8,297.4,299.16,13250411
1768510800000,299.43,301.97,298.9,301.52,20712588
1768597200000,301.67,301.89,301,301.28,1061595
1768683600000,301.28,301.89,301.1,301.86,860536
1768770000000,302,304.73,300.34,303.62,24288292
1768856400000,303.89,304.65,302.47,304.03,17136591
1768942800000,304.1,306.94,303,306.49,26303679
1769029200000,306.6,307,304.22,306.22,23320211
1769115600000,305.96,307.36,305.3,306.88,17087324
1769202000000,306.88,307.35,305.12,306.29,3320980
1769288400000,306.36,307.02,305.93,306.75,1513265
1769374800000,306.6,306.65,302.7,303.17,19866074
1769461200000,303.21,305.3,302.86,304.92,15774419
1769547600000,305,305.58,303.55,303.58,12736685
1769634000000,303.6,311.5,303.59,308.52,53351947
1769720400000,308,309.08,304.5,305.62,23671670
1769806800000,305.94,306.14,305.19,305.7,1108759
1769893200000,305.72,306.97,305.41,306.38,2359931
1769979600000,306.49,306.49,302,304.16,25440425
1770066000000,304.5,305.2,303.03,303.81,14464001
1770152400000,303.97,305.8,303.17,303.86,19860749
1770238800000,303.85,304.19,300.41,301.45,27536502
1770325200000,301.45,302.5,300.52,300.61,11841971
1770411600000,301.2,302.34,301.06,301.75,1812511
1770498000000,302.19,302.4,301.41,301.67,1318036
1770584400000,302.13,302.71,300.66,301.81,12188395
1770670800000,301.87,304.8,301.82,302.9,27588552
1770757200000,303,306.29,302.91,305.76,29809193
1770843600000,306,307.25,304.75,305.2,22458986
1770930000000,305.67,308.59,304.05,308.55,36814938
1771189200000,308.84,312.4,308.84,311,38815643
1771275600000,311.95,312,308.86,310.77,21276701
1771362000000,310.5,313.96,309.54,313.4,34610069
1771448400000,314,314.77,312.33,313.14,19014144
1771534800000,313.14,314.59,312.12,314,15829109
1771621200000,314.29,314.29,313.05,313.79,1315016
1771707600000,313.99,314.67,313.53,313.54,1553631
1771794000000,313.54,314.48,313.51,314.16,1069092
1771880400000,314.51,317.16,314.05,316.15,30919591
1771966800000,316.25,317.83,315.64,317.53,18969042
1772053200000,317.58,318.88,315,315.6,20024543
1772139600000,316,316.2,313.32,315.63,21086869
1772226000000,315.71,315.94,313.61,314.05,5824463
1772312400000,313.99,315.6,313.72,315,3308364
1772398800000,315.05,315.4,312.4,313.58,22023384
1772485200000,313.58,314,311,311.83,21230110
1772571600000,312.1,312.7,310.5,311.1,14800457
1772658000000,311.45,315.8,311.22,314.68,21980101
1772744400000,314.8,317,314.09,314.14,14393455
1773003600000,314,317.36,312.16,316.3,18598046
1773090000000,316.49,319.28,313.59,314.8,33340187
1773176400000,315.47,318.2,314.23,315.09,18547784
1773262800000,315.5,317.28,315,316.39,14846381
1773349200000,316.4,318.23,316.18,316.65,12474326
1773435600000,317.16,317.68,316.68,317.26,896807
1773522000000,317.5,317.7,317.13,317.63,1573824
1773608400000,317.65,318.8,315.72,316.4,18824246
1773694800000,316.6,319.73,315.8,319.69,26044180
1773781200000,319.8,322.17,318.8,320.51,38076511
1773867600000,320.9,321.43,319.21,320.77,24035017
1773954000000,321,322,319.51,320.16,21758167
1774213200000,320.16,320.74,314.87,316.87,34569625
1774299600000,317.43,317.9,315.72,317.17,12487529
1774386000000,317.3,319,316.49,317.02,8776779
1774472400000,317.32,317.7,315.26,315.92,13353011
1774558800000,316.3,316.69,313.5,313.88,23618618
1774645200000,313.9,314.26,313.31,314.13,1050754
1774731600000,314.13,314.89,314.05,314.89,856008
1774818000000,315.05,316.3,312.4,314.48,25240801
1774904400000,315,315.63,313.43,314.22,13040353
1774990800000,314.65,317.47,314.15,316.71,18962642
1775077200000,316.75,317.21,315.18,316.27,9372317
1775163600000,316.47,317.41,314.21,314.65,14790929
1775250000000,315.03,315.44,314.64,315.12,1017258
1775336400000,315.1,315.4,314.55,315.03,915253
1775422800000,315.04,319.75,314.6,318.98,35505681
1775509200000,319.28,320.81,317.66,317.87,23014285
1775595600000,319.5,321.18,318.4,319.4,18211595
1775682000000,319.75,320.86,316,317.51,31890826
1775768400000,317.98,318.79,316.57,317.29,14873204
1775854800000,317.31,317.92,317.11,317.91,911221
1775941200000,317.9,318.08,316.9,317.64,1701241
1776027600000,317.7,317.99,315.55,316.8,16173182
1776114000000,316.98,317.88,315.28,317.11,13158936
1776200400000,317.7,321.66,316.45,320.91,29327448
1776286800000,320.91,325.2,320.41,322.16,40903680
1776373200000,322.18,324.8,321.22,323.87,25964984
1776459600000,323.87,325,323.71,324.26,2564415
1776546000000,324.89,325,324.02,324.75,1690601
1776632400000,325,326.26,323.13,325.3,18716776
1776718800000,325.3,325.51,321.8,323.47,23549316
1776805200000,324.3,327.19,323.23,326.5,23466927
1776891600000,326.6,328.24,325.8,327.39,20016804
1776978000000,327.69,328.17,324.23,325.19,29137930
1777064400000,325.23,325.73,325.23,325.68,1021141
1777150800000,325.71,325.95,324.81,324.98,1288257
1777237200000,325.28,325.69,321.61,321.99,17284762
1777323600000,322.04,322.89,319.4,319.82,24479673
1777410000000,320.2,321.85,316.21,320.09,40766275
1777496400000,321.99,321.99,318.21,319.81,18920593
1777582800000,320.27,320.8,319.81,320.35,1491476
1777669200000,320.35,320.67,320.04,320.58,626949
1777755600000,320.65,321.05,320.31,320.96,615957
1777842000000,321.19,323.47,318.76,321.79,21784229
1777928400000,321.82,322.9,317.71,321.2,23183857
1778014800000,321.5,322.5,319.26,319.9,13999932
1778101200000,319.9,320.37,318.52,318.77,9498277
1778187600000,318.79,321.8,318.26,320.39,14662157
1778446800000,321.5,324.82,321.23,323.75,17513848
1778533200000,324.07,326.98,323.23,326.95,20591587
1778619600000,326.97,326.99,325,325.75,11950458
1778706000000,325.8,327.43,324,324.2,14151563
1778792400000,324.5,325.95,322.08,322.98,15117867
1778878800000,323.25,323.59,323.04,323.57,873241
1778965200000,323.59,324.1,323.06,323.72,867228
1779051600000,323.85,323.99,322.01,322.26,2735394
