time,open,high,low,close,volume
2025-03-07 17:20:00,1900,1900,1900,1900,10
2025-03-13 19:30:00,1891,1891,1891,1891,10
2025-03-14 12:20:00,1878,1878,1878,1878,8
2025-03-14 17:10:00,1878,1879,1878,1879,21
2025-03-17 09:10:00,1982,2067,1982,2067,50
2025-03-17 11:10:00,2016,2016,2016,2016,9
2025-03-17 12:30:00,2023,2023,2023,2023,10
2025-03-17 14:00:00,2016,2016,2016,2016,1
2025-03-17 14:20:00,2004,2067,2004,2067,11
2025-03-17 15:40:00,2062,2062,2062,2062,5
2025-03-17 15:50:00,2061,2061,2061,2061,5
2025-03-17 17:50:00,2051,2051,2051,2051,1
2025-03-18 12:10:00,2066,2066,2066,2066,10
2025-03-18 14:20:00,2087,2087,2087,2087,11
2025-03-18 18:40:00,2068,2068,2068,2068,1
2025-03-18 20:20:00,2029,2029,2029,2029,10
2025-03-19 11:20:00,2001,2001,2001,2001,5
2025-03-19 15:10:00,2043,2043,2043,2043,1
2025-03-20 15:20:00,2056,2056,2056,2056,1
2025-03-21 13:20:00,2073,2073,2073,2073,5
2025-03-21 21:30:00,2050,2050,2050,2050,1
2025-03-21 22:20:00,2048,2060,2048,2057,31
2025-03-24 10:00:00,2053,2053,2053,2053,4
2025-03-24 10:20:00,2050,2050,2050,2050,5
2025-03-24 13:50:00,2018,2022,2018,2022,10
2025-03-24 15:10:00,2033,2035,2033,2035,10
2025-03-24 15:50:00,2032,2032,2032,2032,4
2025-03-24 17:50:00,2045,2045,2043,2043,6
2025-03-24 21:50:00,2011,2011,2011,2011,1
2025-03-24 22:40:00,2026,2028,2026,2028,45
2025-03-25 10:20:00,2025,2025,2025,2025,10
2025-03-25 11:10:00,2010,2010,2010,2010,5
2025-03-25 11:30:00,2010,2010,2010,2010,30
2025-03-25 11:40:00,2010,2010,2010,2010,17
2025-03-25 12:30:00,2000,2003,2000,2003,25
2025-03-25 12:40:00,1986,1986,1986,1986,1
2025-03-25 12:50:00,1986,1986,1981,1982,11
2025-03-25 13:30:00,1985,1985,1985,1985,8
2025-03-25 14:40:00,1985,1994,1985,1994,10
2025-03-25 14:50:00,1980,1980,1975,1975,40
2025-03-25 15:20:00,1976,1976,1976,1976,15
2025-03-25 15:50:00,1970,1970,1970,1970,30
2025-03-25 16:50:00,1980,1980,1980,1980,10
2025-03-25 17:30:00,1957,1957,1957,1957,3
2025-03-25 19:30:00,2022,2022,2022,2022,15
2025-03-25 19:40:00,2000,2000,2000,2000,1
2025-03-25 21:00:00,2003,2003,1987,1987,16
2025-03-26 10:40:00,1993,1993,1993,1993,1
2025-03-26 10:50:00,1984,1984,1984,1984,5
2025-03-26 11:10:00,1984,1984,1984,1984,45
2025-03-26 11:20:00,1984,1984,1984,1984,1
2025-03-26 12:30:00,1970,1970,1970,1970,1
2025-03-26 17:00:00,1969,1969,1969,1969,1
2025-03-26 18:40:00,1952,1952,1952,1952,15
2025-03-27 09:30:00,1969,1969,1969,1969,15
2025-03-27 09:50:00,1950,1951,1950,1951,2
2025-03-27 10:00:00,1951,1951,1951,1951,9
2025-03-27 10:10:00,1940,1940,1940,1940,23
2025-03-27 10:20:00,1940,1940,1940,1940,7
2025-03-27 11:20:00,1940,1940,1940,1940,1
2025-03-27 12:00:00,1943,1954,1941,1954,106
2025-03-27 12:10:00,1950,1960,1949,1950,42
2025-03-27 13:00:00,1946,1946,1946,1946,1
2025-03-27 15:10:00,1927,1927,1925,1925,12
2025-03-27 15:20:00,1925,1925,1925,1925,2
2025-03-27 15:30:00,1920,1920,1895,1895,56
2025-03-27 16:00:00,1924,1928,1916,1916,48
2025-03-27 16:20:00,1921,1926,1897,1897,92
2025-03-27 16:30:00,1903,1903,1903,1903,12
2025-03-27 16:40:00,1903,1904,1903,1904,20
2025-03-27 17:00:00,1904,1909,1904,1908,51
2025-03-27 17:10:00,1912,1912,1912,1912,30
2025-03-27 17:20:00,1912,1912,1912,1912,12
2025-03-27 17:40:00,1912,1940,1912,1934,85
2025-03-27 18:00:00,1918,1918,1918,1918,40
2025-03-27 18:10:00,1918,1918,1915,1915,22
2025-03-27 18:30:00,1905,1905,1905,1905,3
2025-03-27 19:20:00,1898,1898,1892,1892,33
2025-03-27 19:30:00,1889,1890,1889,1890,53
2025-03-27 20:00:00,1887,1887,1887,1887,7
2025-03-27 20:10:00,1886,1886,1885,1885,4
2025-03-27 20:50:00,1885,1885,1885,1885,1
2025-03-27 21:00:00,1890,1890,1890,1890,1
2025-03-27 21:40:00,1882,1882,1882,1882,7
2025-03-27 21:50:00,1881,1881,1881,1881,1
2025-03-27 22:00:00,1878,1878,1878,1878,1
2025-03-27 22:40:00,1870,1876,1870,1876,28
2025-03-27 22:50:00,1873,1873,1873,1873,22
2025-03-27 23:10:00,1865,1865,1865,1865,2
2025-03-27 23:20:00,1863,1863,1863,1863,21
2025-03-27 23:40:00,1858,1858,1855,1855,3
2025-03-28 09:00:00,1842,1842,1840,1841,28
2025-03-28 09:10:00,1843,1844,1828,1828,23
2025-03-28 09:20:00,1834,1834,1824,1824,12
2025-03-28 09:30:00,1823,1823,1823,1823,1
2025-03-28 09:40:00,1823,1823,1818,1823,26
2025-03-28 09:50:00,1823,1823,1823,1823,175
2025-03-28 10:00:00,1827,1835,1827,1829,38
2025-03-28 10:10:00,1833,1853,1833,1853,6
2025-03-28 10:40:00,1866,1869,1866,1869,15
2025-03-28 11:20:00,1858,1858,1858,1858,33
2025-03-28 11:30:00,1850,1850,1850,1850,2
2025-03-28 12:30:00,1831,1831,1831,1831,1
2025-03-28 12:40:00,1831,1831,1831,1831,1
2025-03-28 12:50:00,1831,1831,1829,1829,12
2025-03-28 13:00:00,1829,1829,1829,1829,19
2025-03-28 13:10:00,1838,1843,1838,1843,15
2025-03-28 13:20:00,1849,1851,1849,1851,15
2025-03-28 13:30:00,1846,1846,1846,1846,5
2025-03-28 13:50:00,1834,1834,1829,1829,20
2025-03-28 14:40:00,1804,1808,1790,1790,9
2025-03-28 14:50:00,1785,1797,1775,1797,16
2025-03-28 15:00:00,1799,1803,1790,1803,18
2025-03-28 15:10:00,1803,1803,1797,1798,15
2025-03-28 15:20:00,1805,1805,1800,1800,10
2025-03-28 15:40:00,1806,1806,1806,1806,1
2025-03-28 16:00:00,1799,1799,1799,1799,3
2025-03-28 16:10:00,1809,1809,1809,1809,1
2025-03-28 16:20:00,1810,1810,1810,1810,10
2025-03-28 16:50:00,1820,1820,1820,1820,1
2025-03-28 17:30:00,1830,1830,1830,1830,1
2025-03-28 17:40:00,1827,1827,1822,1822,2
2025-03-28 18:30:00,1834,1834,1834,1834,2
2025-03-28 18:40:00,1840,1840,1840,1840,1
2025-03-28 19:10:00,1833,1833,1833,1833,1
2025-03-28 19:20:00,1827,1827,1827,1827,1
2025-03-28 19:50:00,1819,1819,1819,1819,10
2025-03-28 20:00:00,1816,1816,1815,1815,7
2025-03-28 20:20:00,1813,1813,1807,1807,2
2025-03-28 20:40:00,1805,1805,1805,1805,1
2025-03-28 21:50:00,1806,1806,1803,1803,15
2025-03-31 09:00:00,1825,1841,1825,1841,185
2025-03-31 09:10:00,1840,1841,1838,1838,61
2025-03-31 09:40:00,1827,1827,1827,1827,5
2025-03-31 09:50:00,1835,1836,1835,1836,3
2025-03-31 10:00:00,1839,1850,1839,1850,70
2025-03-31 11:00:00,1825,1830,1825,1830,4
2025-03-31 11:20:00,1822,1822,1822,1822,2
2025-03-31 11:40:00,1812,1812,1812,1812,1
2025-03-31 11:50:00,1812,1816,1812,1816,6
2025-03-31 13:00:00,1845,1845,1845,1845,4
2025-03-31 13:30:00,1836,1836,1835,1835,3
2025-03-31 13:40:00,1840,1840,1840,1840,6
2025-03-31 14:40:00,1845,1845,1845,1845,6
2025-03-31 14:50:00,1852,1852,1852,1852,65
2025-03-31 17:30:00,1850,1850,1850,1850,5
2025-03-31 18:00:00,1855,1855,1855,1855,1
2025-03-31 19:30:00,1849,1852,1843,1843,74
2025-03-31 19:40:00,1848,1853,1848,1853,10
2025-03-31 20:00:00,1855,1855,1855,1855,1
2025-03-31 20:10:00,1857,1857,1857,1857,1
2025-03-31 20:30:00,1855,1855,1855,1855,3
2025-03-31 20:40:00,1855,1855,1855,1855,6
2025-03-31 21:10:00,1854,1854,1854,1854,5
2025-03-31 21:40:00,1854,1854,1851,1851,37
2025-04-01 08:50:00,1865,1865,1865,1865,1
2025-04-01 09:00:00,1878,1878,1878,1878,1
2025-04-01 09:30:00,1876,1877,1876,1877,3
2025-04-01 09:50:00,1882,1882,1882,1882,1
2025-04-01 10:30:00,1887,1887,1885,1885,60
2025-04-01 10:40:00,1892,1893,1889,1889,52
2025-04-01 11:20:00,1898,1904,1898,1904,37
2025-04-01 11:30:00,1900,1902,1900,1902,11
2025-04-01 12:20:00,1901,1901,1901,1901,15
2025-04-01 12:50:00,1903,1906,1901,1906,60
2025-04-01 13:00:00,1905,1905,1905,1905,23
2025-04-01 13:10:00,1905,1905,1899,1899,10
2025-04-01 13:20:00,1902,1903,1902,1903,10
2025-04-01 13:30:00,1898,1898,1898,1898,10
2025-04-01 13:50:00,1895,1895,1895,1895,10
2025-04-01 14:10:00,1888,1889,1888,1888,5
2025-04-01 14:20:00,1888,1888,1888,1888,16
2025-04-01 14:30:00,1879,1879,1861,1863,64
2025-04-01 14:40:00,1863,1863,1863,1863,2
2025-04-01 14:50:00,1847,1847,1847,1847,10
2025-04-01 15:10:00,1855,1855,1855,1855,11
2025-04-01 15:20:00,1855,1855,1855,1855,2
2025-04-01 15:50:00,1849,1850,1849,1850,20
2025-04-01 16:00:00,1850,1850,1846,1846,33
2025-04-01 16:20:00,1842,1842,1842,1842,10
2025-04-01 17:10:00,1850,1850,1848,1850,61
2025-04-01 17:20:00,1852,1852,1852,1852,13
2025-04-01 17:30:00,1871,1881,1871,1881,8
2025-04-01 17:40:00,1893,1895,1886,1886,5
2025-04-01 17:50:00,1889,1889,1889,1889,6
2025-04-01 18:00:00,1876,1876,1874,1874,3
2025-04-01 18:20:00,1873,1873,1864,1864,74
2025-04-01 19:30:00,1837,1837,1837,1837,1
2025-04-01 20:10:00,1840,1840,1837,1837,15
2025-04-01 22:00:00,1807,1817,1807,1817,309
2025-04-01 22:10:00,1810,1810,1801,1805,49
2025-04-01 22:20:00,1797,1797,1793,1793,8
2025-04-01 22:30:00,1796,1796,1796,1796,49
2025-04-01 23:00:00,1805,1805,1805,1805,3
2025-04-01 23:10:00,1793,1793,1793,1793,9
2025-04-02 09:00:00,1797,1806,1797,1806,9
2025-04-02 09:50:00,1796,1797,1796,1797,15
2025-04-02 11:30:00,1801,1801,1723,1786,891
2025-04-02 11:40:00,1785,1786,1785,1786,7
2025-04-02 11:50:00,1798,1805,1798,1805,20
2025-04-02 12:00:00,1790,1790,1790,1790,1
2025-04-02 12:20:00,1818,1818,1818,1818,10
2025-04-02 12:40:00,1829,1829,1829,1829,4
2025-04-02 13:00:00,1841,1841,1841,1841,1
2025-04-02 14:30:00,1774,1774,1774,1774,15
2025-04-02 15:00:00,1806,1807,1803,1806,43
2025-04-02 15:10:00,1809,1809,1805,1806,38
2025-04-02 15:40:00,1803,1803,1790,1790,15
2025-04-02 16:00:00,1807,1807,1807,1807,7
2025-04-02 16:30:00,1795,1795,1795,1795,10
2025-04-02 17:00:00,1798,1798,1798,1798,6
2025-04-02 18:40:00,1798,1798,1798,1798,2
2025-04-02 19:20:00,1796,1796,1796,1796,10
2025-04-02 20:30:00,1784,1784,1784,1784,1
2025-04-02 20:40:00,1784,1784,1774,1774,20
2025-04-02 22:00:00,1795,1795,1794,1794,16
2025-04-02 22:20:00,1792,1792,1786,1786,18
2025-04-03 09:00:00,1786,1786,1786,1786,10
2025-04-03 14:30:00,1796,1796,1796,1796,5
2025-04-03 16:40:00,1786,1786,1785,1785,4
2025-04-03 16:50:00,1784,1786,1780,1784,16
2025-04-03 17:10:00,1767,1772,1766,1772,4
2025-04-03 17:20:00,1760,1760,1760,1760,4
2025-04-03 17:30:00,1769,1769,1769,1769,1
2025-04-03 18:10:00,1734,1734,1734,1734,1
2025-04-03 18:20:00,1729,1729,1729,1729,2
2025-04-03 19:00:00,1702,1702,1702,1702,1
2025-04-03 19:30:00,1740,1740,1723,1723,26
2025-04-03 19:50:00,1730,1730,1726,1726,35
2025-04-03 20:10:00,1738,1738,1737,1737,10
2025-04-03 20:20:00,1754,1754,1754,1754,10
2025-04-03 20:30:00,1736,1736,1729,1729,172
2025-04-03 20:40:00,1730,1731,1730,1730,17
2025-04-03 22:50:00,1755,1755,1755,1755,1
2025-04-03 23:40:00,1754,1755,1750,1755,27
2025-04-04 10:40:00,1775,1775,1775,1775,5
2025-04-04 11:20:00,1770,1770,1770,1770,1
2025-04-04 11:30:00,1769,1769,1769,1769,10
2025-04-04 11:50:00,1750,1750,1750,1750,20
2025-04-04 12:30:00,1749,1749,1749,1749,7
2025-04-04 12:50:00,1740,1740,1740,1740,4
2025-04-04 13:00:00,1745,1763,1745,1763,140
2025-04-04 13:30:00,1741,1741,1718,1718,8
2025-04-04 14:00:00,1719,1719,1719,1719,5
2025-04-04 14:20:00,1726,1726,1724,1724,5
2025-04-04 14:30:00,1710,1710,1700,1708,15
2025-04-04 14:50:00,1724,1732,1724,1732,50
2025-04-04 15:00:00,1728,1728,1728,1728,10
2025-04-04 15:30:00,1717,1717,1717,1717,1
2025-04-04 16:10:00,1709,1709,1670,1670,200
2025-04-04 17:50:00,1688,1688,1688,1688,10
2025-04-04 19:20:00,1700,1709,1700,1709,6
2025-04-04 19:30:00,1698,1698,1698,1698,1
2025-04-04 22:50:00,1668,1668,1668,1668,5
2025-04-04 23:40:00,1652,1652,1650,1650,10
2025-04-07 09:00:00,1644,1644,1644,1644,5
2025-04-07 09:40:00,1581,1587,1581,1587,20
2025-04-07 09:50:00,1588,1588,1587,1587,10
2025-04-07 10:20:00,1623,1623,1623,1623,1
2025-04-07 10:30:00,1613,1613,1613,1613,5
2025-04-07 12:20:00,1604,1604,1604,1604,1
2025-04-07 12:30:00,1604,1604,1602,1602,4
2025-04-07 14:00:00,1614,1614,1604,1604,25
2025-04-07 14:10:00,1598,1598,1592,1592,25
2025-04-07 15:00:00,1600,1600,1600,1600,10
2025-04-07 15:10:00,1590,1596,1590,1596,5
2025-04-07 16:50:00,1633,1641,1633,1641,50
2025-04-07 17:00:00,1641,1644,1641,1644,25
2025-04-07 17:20:00,1635,1635,1625,1625,20
2025-04-07 17:30:00,1646,1646,1646,1646,4
2025-04-07 20:00:00,1654,1654,1654,1654,1
2025-04-07 20:50:00,1665,1665,1660,1660,50
2025-04-07 21:00:00,1666,1668,1664,1668,400
2025-04-07 21:10:00,1669,1669,1669,1669,100
2025-04-07 22:00:00,1665,1665,1648,1648,22
2025-04-07 22:10:00,1656,1660,1656,1660,175
2025-04-07 22:50:00,1668,1668,1668,1668,10
2025-04-08 09:20:00,1680,1680,1680,1680,8
2025-04-08 09:40:00,1685,1685,1685,1685,2
2025-04-08 10:20:00,1678,1678,1677,1677,115
2025-04-08 11:10:00,1675,1675,1675,1675,25
2025-04-08 11:40:00,1674,1677,1674,1677,114
2025-04-08 11:50:00,1676,1676,1676,1676,100
2025-04-08 13:00:00,1661,1661,1660,1660,12
2025-04-08 13:30:00,1662,1662,1662,1662,20
2025-04-08 14:40:00,1686,1686,1686,1686,1
2025-04-08 15:20:00,1685,1685,1685,1685,1
2025-04-08 16:00:00,1700,1711,1700,1711,150
2025-04-08 16:10:00,1726,1726,1726,1726,1
2025-04-08 16:40:00,1726,1726,1726,1726,150
2025-04-08 18:30:00,1712,1713,1712,1713,12
2025-04-08 20:00:00,1660,1660,1656,1657,35
2025-04-08 20:10:00,1668,1668,1668,1668,9
2025-04-08 20:40:00,1677,1677,1677,1677,8
2025-04-08 21:00:00,1677,1677,1677,1677,13
2025-04-08 21:40:00,1677,1677,1677,1677,1
2025-04-08 22:00:00,1677,1677,1650,1650,295
2025-04-08 23:30:00,1639,1639,1639,1639,1
2025-04-09 09:10:00,1660,1660,1660,1660,1
2025-04-09 10:10:00,1669,1669,1669,1669,1
2025-04-09 12:20:00,1657,1657,1655,1655,7
2025-04-09 13:00:00,1637,1637,1637,1637,1
2025-04-09 13:10:00,1624,1624,1624,1624,5
2025-04-09 13:30:00,1619,1619,1619,1619,100
2025-04-09 13:40:00,1620,1620,1620,1620,5
2025-04-09 13:50:00,1620,1620,1620,1620,15
2025-04-09 14:00:00,1609,1609,1609,1609,100
2025-04-09 14:10:00,1583,1584,1583,1584,15
2025-04-09 14:20:00,1600,1600,1589,1590,27
2025-04-09 14:40:00,1559,1560,1559,1560,2
2025-04-09 15:00:00,1594,1594,1594,1594,100
2025-04-09 15:30:00,1599,1599,1599,1599,100
2025-04-09 15:40:00,1607,1607,1607,1607,5
2025-04-09 16:40:00,1627,1627,1627,1627,40
2025-04-09 19:20:00,1638,1638,1638,1638,60
2025-04-09 21:00:00,1726,1726,1723,1723,2
2025-04-09 23:40:00,1723,1723,1723,1723,30
2025-04-10 09:00:00,1692,1692,1687,1687,30
2025-04-10 09:30:00,1725,1727,1725,1727,20
2025-04-10 10:50:00,1700,1700,1700,1700,10
2025-04-10 12:10:00,1700,1700,1700,1700,5
2025-04-10 12:50:00,1709,1709,1709,1709,3
2025-04-10 13:00:00,1709,1709,1709,1709,2
2025-04-10 15:30:00,1745,1745,1745,1745,1
2025-04-10 16:50:00,1712,1712,1712,1712,1
2025-04-10 19:40:00,1687,1687,1687,1687,3
2025-04-10 20:30:00,1700,1700,1700,1700,3
2025-04-10 21:50:00,1730,1730,1730,1730,20
2025-04-11 09:10:00,1755,1755,1755,1755,1
2025-04-11 12:00:00,1738,1738,1738,1738,1
2025-04-14 09:30:00,1743,1743,1743,1743,1
2025-04-14 10:10:00,1729,1729,1729,1729,1
2025-04-14 10:40:00,1728,1728,1728,1728,1
2025-04-14 11:30:00,1722,1722,1722,1722,20
2025-04-14 13:10:00,1724,1724,1724,1724,10
2025-04-14 15:50:00,1722,1722,1722,1722,50
2025-04-14 16:30:00,1704,1704,1704,1704,3
2025-04-14 19:00:00,1732,1732,1732,1732,2
2025-04-14 19:40:00,1716,1716,1716,1716,1
2025-04-14 20:30:00,1700,1700,1700,1700,5
2025-04-15 12:10:00,1703,1703,1703,1703,10
2025-04-15 15:20:00,1689,1689,1689,1689,1
2025-04-15 18:00:00,1708,1708,1708,1708,10
2025-04-16 09:30:00,1705,1705,1705,1705,35
2025-04-16 11:20:00,1706,1706,1706,1706,8
2025-04-16 13:20:00,1711,1711,1711,1711,4
2025-04-16 17:00:00,1730,1730,1730,1730,2
2025-04-16 17:20:00,1737,1737,1737,1737,4
2025-04-16 18:40:00,1736,1736,1736,1736,4
2025-04-16 19:10:00,1724,1724,1724,1724,1
2025-04-16 22:20:00,1722,1722,1722,1722,1
2025-04-16 22:40:00,1721,1721,1721,1721,4
2025-04-17 11:10:00,1722,1722,1722,1722,5
2025-04-17 12:40:00,1729,1729,1729,1729,20
2025-04-17 13:30:00,1729,1729,1729,1729,2
2025-04-17 14:30:00,1729,1730,1729,1730,104
2025-04-17 17:20:00,1712,1712,1705,1705,49
2025-04-17 21:20:00,1705,1705,1705,1705,10
2025-04-18 10:40:00,1706,1706,1706,1706,2
2025-04-18 11:40:00,1706,1706,1705,1705,35
2025-04-18 12:00:00,1683,1683,1674,1674,257
2025-04-18 12:20:00,1679,1679,1679,1679,15
2025-04-18 13:20:00,1660,1660,1659,1659,7
2025-04-18 16:40:00,1708,1711,1708,1711,15
2025-04-18 19:10:00,1686,1686,1684,1684,15
2025-04-21 09:50:00,1709,1709,1709,1709,6
2025-04-21 10:10:00,1702,1702,1702,1702,15
2025-04-21 13:00:00,1723,1728,1723,1728,23
2025-04-21 13:10:00,1729,1741,1729,1741,48
2025-04-21 13:30:00,1744,1744,1744,1744,5
2025-04-21 13:40:00,1745,1745,1745,1745,1
2025-04-21 15:30:00,1733,1733,1726,1726,24
2025-04-21 20:00:00,1752,1752,1752,1752,1
2025-04-22 11:00:00,1770,1775,1770,1775,4
2025-04-22 11:10:00,1775,1778,1775,1778,4
2025-04-22 12:00:00,1771,1771,1771,1771,3
2025-04-22 12:40:00,1762,1762,1761,1761,11
2025-04-22 15:00:00,1765,1765,1765,1765,1
2025-04-22 15:40:00,1751,1751,1750,1750,3
2025-04-22 19:40:00,1776,1776,1776,1776,5
2025-04-22 20:00:00,1757,1757,1751,1751,20
2025-04-22 20:30:00,1770,1770,1770,1770,10
2025-04-23 09:20:00,1750,1756,1742,1756,31
2025-04-23 10:00:00,1730,1754,1730,1751,43
2025-04-23 10:10:00,1746,1746,1746,1746,1
2025-04-23 11:00:00,1726,1726,1726,1726,1
2025-04-23 11:30:00,1730,1730,1730,1730,28
2025-04-23 12:40:00,1730,1730,1730,1730,6
2025-04-23 15:40:00,1739,1739,1733,1733,4
2025-04-23 19:20:00,1736,1736,1736,1736,1
2025-04-23 19:30:00,1735,1735,1731,1731,30
2025-04-23 21:10:00,1743,1743,1743,1743,2
2025-04-23 21:20:00,1741,1741,1741,1741,3
2025-04-23 21:30:00,1739,1739,1732,1732,10
2025-04-23 21:40:00,1731,1731,1709,1709,22
2025-04-23 22:00:00,1709,1709,1697,1697,14
2025-04-23 22:50:00,1702,1702,1702,1702,1
2025-04-24 09:10:00,1740,1756,1740,1756,51
2025-04-24 09:20:00,1734,1734,1734,1734,1
2025-04-24 09:30:00,1734,1734,1734,1734,5
2025-04-24 10:10:00,1751,1758,1738,1738,12
2025-04-24 10:30:00,1764,1764,1764,1764,1
2025-04-24 10:40:00,1764,1766,1764,1766,90
2025-04-24 11:10:00,1765,1769,1765,1769,20
2025-04-24 11:40:00,1756,1756,1723,1741,68
2025-04-24 15:40:00,1722,1722,1718,1718,19
2025-04-24 16:20:00,1740,1744,1740,1744,10
2025-04-24 17:40:00,1738,1738,1738,1738,2
2025-04-24 21:50:00,1724,1724,1721,1721,10
2025-04-25 09:30:00,1743,1746,1743,1746,10
2025-04-25 10:50:00,1740,1740,1740,1740,4
2025-04-25 12:00:00,1763,1768,1763,1768,25
2025-04-25 13:00:00,1754,1754,1754,1754,5
2025-04-25 16:50:00,1767,1768,1767,1768,23
2025-04-28 11:00:00,1737,1737,1737,1737,1
2025-04-28 11:20:00,1750,1750,1750,1750,1
2025-04-28 13:10:00,1734,1734,1734,1734,1
2025-04-28 13:20:00,1730,1730,1730,1730,1
2025-04-28 13:30:00,1731,1735,1731,1735,20
2025-04-28 14:30:00,1756,1756,1755,1755,7
2025-04-28 14:40:00,1759,1759,1753,1753,33
2025-04-28 15:00:00,1748,1762,1748,1755,205
2025-04-28 16:20:00,1746,1746,1739,1739,29
2025-04-28 16:30:00,1739,1743,1738,1743,31
2025-04-28 17:00:00,1740,1740,1740,1740,4
2025-04-28 17:10:00,1740,1740,1740,1740,1
2025-04-28 22:50:00,1735,1735,1735,1735,1
2025-04-29 09:00:00,1730,1730,1722,1722,4
2025-04-29 09:20:00,1720,1720,1720,1720,4
2025-04-29 09:50:00,1720,1720,1720,1720,49
2025-04-29 10:00:00,1720,1720,1720,1720,11
2025-04-29 10:10:00,1715,1715,1707,1707,28
2025-04-29 10:30:00,1707,1727,1702,1727,126
2025-04-29 10:40:00,1710,1710,1708,1708,11
2025-04-29 11:30:00,1719,1719,1719,1719,10
2025-04-29 11:50:00,1717,1725,1717,1725,45
2025-04-29 12:10:00,1713,1713,1713,1713,7
2025-04-29 12:20:00,1710,1710,1708,1708,3
2025-04-29 12:40:00,1702,1702,1702,1702,15
2025-04-29 13:00:00,1707,1707,1707,1707,1
2025-04-29 13:10:00,1703,1703,1702,1702,53
2025-04-29 13:20:00,1698,1698,1696,1697,16
2025-04-29 13:30:00,1706,1706,1706,1706,13
2025-04-29 13:40:00,1705,1706,1705,1706,11
2025-04-29 13:50:00,1702,1702,1702,1702,7
2025-04-29 14:20:00,1694,1699,1694,1699,7
2025-04-29 17:00:00,1701,1701,1700,1700,12
2025-04-29 17:10:00,1695,1695,1692,1692,3
2025-04-29 17:20:00,1693,1693,1693,1693,2
2025-04-29 17:40:00,1697,1699,1697,1699,14
2025-04-29 17:50:00,1688,1688,1685,1685,8
2025-04-29 18:00:00,1677,1678,1675,1678,16
2025-04-29 18:10:00,1676,1676,1676,1676,4
2025-04-29 18:20:00,1680,1681,1680,1681,5
2025-04-29 18:30:00,1679,1679,1679,1679,7
2025-04-29 19:20:00,1676,1676,1676,1676,2
2025-04-29 19:40:00,1663,1663,1663,1663,6
2025-04-29 20:00:00,1660,1660,1659,1659,10
2025-04-29 22:10:00,1673,1673,1673,1673,49
2025-04-29 23:00:00,1675,1675,1675,1675,3
2025-04-29 23:10:00,1674,1674,1674,1674,2
2025-04-29 23:30:00,1676,1680,1676,1680,4
2025-04-30 09:00:00,1673,1673,1643,1643,4
2025-04-30 09:50:00,1668,1675,1668,1675,50
2025-04-30 10:00:00,1673,1673,1666,1666,28
2025-04-30 10:40:00,1660,1660,1660,1660,76
2025-04-30 11:20:00,1654,1654,1653,1653,2
2025-04-30 11:30:00,1650,1654,1650,1650,37
2025-04-30 12:10:00,1635,1635,1635,1635,1
2025-04-30 12:20:00,1634,1635,1634,1635,12
2025-04-30 12:30:00,1625,1626,1625,1626,16
2025-04-30 13:20:00,1638,1642,1638,1642,102
2025-04-30 13:30:00,1638,1638,1638,1638,5
2025-04-30 13:40:00,1639,1639,1616,1617,395
2025-04-30 13:50:00,1615,1615,1615,1615,11
2025-04-30 14:00:00,1615,1620,1614,1620,27
2025-04-30 14:10:00,1625,1625,1620,1621,13
2025-04-30 14:20:00,1624,1624,1624,1624,11
2025-04-30 14:30:00,1620,1620,1617,1617,103
2025-04-30 14:50:00,1623,1623,1621,1623,130
2025-04-30 15:10:00,1629,1630,1629,1630,19
2025-04-30 15:20:00,1621,1621,1621,1621,1
2025-04-30 15:30:00,1623,1624,1623,1624,10
2025-04-30 15:50:00,1623,1623,1623,1623,1
2025-04-30 16:00:00,1620,1621,1615,1615,20
2025-04-30 16:10:00,1619,1619,1619,1619,3
2025-04-30 16:20:00,1621,1623,1621,1622,11
2025-04-30 16:30:00,1621,1621,1618,1618,21
2025-04-30 16:50:00,1615,1615,1606,1606,117
2025-04-30 17:50:00,1621,1621,1621,1621,5
2025-04-30 18:10:00,1612,1612,1612,1612,7
2025-04-30 18:20:00,1612,1614,1612,1614,6
2025-04-30 18:30:00,1614,1614,1608,1608,6
2025-04-30 19:20:00,1602,1602,1602,1602,3
2025-04-30 19:30:00,1603,1603,1601,1601,3
2025-04-30 19:50:00,1598,1600,1598,1598,15
2025-04-30 20:10:00,1604,1604,1604,1604,1
2025-04-30 21:20:00,1602,1602,1602,1602,7
2025-04-30 23:00:00,1620,1622,1619,1621,25
2025-04-30 23:10:00,1621,1621,1621,1621,30
2025-04-30 23:30:00,1622,1622,1622,1622,1
2025-05-02 09:10:00,1591,1591,1591,1591,1
2025-05-02 10:00:00,1591,1591,1591,1591,2
2025-05-02 10:20:00,1580,1584,1580,1584,16
2025-05-02 10:30:00,1583,1583,1583,1583,6
2025-05-02 10:40:00,1583,1583,1580,1580,13
2025-05-02 10:50:00,1566,1566,1488,1488,550
2025-05-02 11:00:00,1555,1556,1555,1556,8
2025-05-02 11:20:00,1555,1556,1539,1539,14
2025-05-02 11:30:00,1538,1538,1535,1535,97
2025-05-02 11:40:00,1543,1543,1543,1543,10
2025-05-02 11:50:00,1544,1544,1544,1544,5
2025-05-02 12:00:00,1538,1538,1538,1538,1
2025-05-02 12:10:00,1538,1539,1538,1539,3
2025-05-02 12:20:00,1540,1540,1540,1540,1
2025-05-02 12:30:00,1540,1540,1540,1540,5
2025-05-02 12:40:00,1540,1541,1540,1541,10
2025-05-02 13:30:00,1543,1543,1543,1543,1
2025-05-02 13:40:00,1545,1547,1545,1547,7
2025-05-02 14:10:00,1551,1551,1551,1551,1
2025-05-02 14:20:00,1551,1553,1551,1553,6
2025-05-02 14:30:00,1553,1555,1553,1555,3
2025-05-02 15:20:00,1551,1551,1551,1551,79
2025-05-02 15:40:00,1550,1550,1550,1550,8
2025-05-02 15:50:00,1549,1550,1549,1550,7
2025-05-02 16:00:00,1547,1547,1547,1547,1
2025-05-02 16:50:00,1543,1543,1540,1540,20
2025-05-02 17:50:00,1545,1547,1545,1547,97
2025-05-02 18:20:00,1538,1538,1535,1535,30
2025-05-02 19:00:00,1539,1539,1538,1538,5
2025-05-02 19:20:00,1544,1547,1544,1547,15
2025-05-02 20:00:00,1541,1541,1541,1541,1
2025-05-02 23:30:00,1541,1541,1541,1541,2
2025-05-02 23:40:00,1543,1543,1543,1543,32
2025-05-05 09:00:00,1538,1538,1526,1526,39
2025-05-05 09:10:00,1516,1516,1516,1516,1
2025-05-05 09:20:00,1529,1529,1528,1528,7
2025-05-05 09:40:00,1519,1519,1512,1512,250
2025-05-05 10:00:00,1524,1530,1524,1530,20
2025-05-05 10:10:00,1529,1529,1500,1500,187
2025-05-05 10:20:00,1525,1525,1525,1525,1
2025-05-05 10:30:00,1518,1518,1518,1518,1
2025-05-05 10:40:00,1518,1519,1518,1519,9
2025-05-05 11:00:00,1505,1505,1505,1505,20
2025-05-05 11:20:00,1510,1510,1510,1510,2
2025-05-05 11:30:00,1503,1503,1503,1503,1
2025-05-05 12:00:00,1509,1510,1509,1510,26
2025-05-05 13:00:00,1510,1510,1510,1510,5
2025-05-05 13:40:00,1502,1502,1500,1500,1715
2025-05-05 14:00:00,1500,1500,1500,1500,361
2025-05-05 14:10:00,1486,1486,1480,1480,35
2025-05-05 15:40:00,1482,1482,1482,1482,1
2025-05-05 16:20:00,1490,1490,1490,1490,1
2025-05-05 17:20:00,1489,1490,1489,1490,40
2025-05-05 17:40:00,1487,1490,1487,1490,6
2025-05-05 18:00:00,1483,1483,1483,1483,10
2025-05-05 18:20:00,1482,1482,1482,1482,3
2025-05-05 18:30:00,1482,1482,1482,1482,1
2025-05-05 19:00:00,1480,1480,1480,1480,4
2025-05-05 19:20:00,1478,1478,1478,1478,100
2025-05-05 19:30:00,1480,1480,1479,1479,2
2025-05-05 20:20:00,1482,1482,1482,1482,7
2025-05-05 21:20:00,1476,1476,1476,1476,4
2025-05-05 22:20:00,1490,1490,1490,1490,4
2025-05-06 09:00:00,1488,1488,1488,1488,15
2025-05-06 09:10:00,1476,1476,1475,1475,10
2025-05-06 09:20:00,1474,1474,1474,1474,1
2025-05-06 09:30:00,1475,1475,1475,1475,3
2025-05-06 09:40:00,1465,1465,1456,1456,40
2025-05-06 10:40:00,1491,1491,1491,1491,100
2025-05-06 11:10:00,1515,1517,1515,1517,10
2025-05-06 11:20:00,1513,1513,1502,1502,121
2025-05-06 12:00:00,1502,1508,1502,1508,3
2025-05-06 12:10:00,1508,1508,1508,1508,6
2025-05-06 14:20:00,1498,1498,1498,1498,10
2025-05-06 14:50:00,1492,1494,1492,1494,3
2025-05-06 16:00:00,1504,1504,1504,1504,1
2025-05-06 16:30:00,1504,1504,1504,1504,450
2025-05-06 18:30:00,1504,1508,1504,1508,9
2025-05-06 18:40:00,1508,1508,1508,1508,7
2025-05-06 21:30:00,1507,1507,1507,1507,1
2025-05-06 21:40:00,1500,1500,1499,1499,16
2025-05-06 21:50:00,1508,1508,1508,1508,1
2025-05-06 22:00:00,1508,1508,1508,1508,9
2025-05-06 22:10:00,1508,1508,1508,1508,225
2025-05-06 22:30:00,1508,1508,1508,1508,39
2025-05-06 23:40:00,1500,1500,1500,1500,6
2025-05-07 09:00:00,1508,1514,1508,1514,17
2025-05-07 09:10:00,1511,1511,1511,1511,1
2025-05-07 09:30:00,1507,1507,1507,1507,13
2025-05-07 09:40:00,1504,1507,1504,1507,2
2025-05-07 10:00:00,1503,1503,1496,1496,4
2025-05-07 17:00:00,1486,1486,1486,1486,1
2025-05-07 19:00:00,1507,1507,1507,1507,30
2025-05-07 19:20:00,1507,1507,1507,1507,1742
2025-05-07 19:50:00,1510,1510,1510,1510,2
2025-05-07 21:50:00,1503,1503,1503,1503,1
2025-05-07 22:00:00,1504,1504,1504,1504,1
2025-05-07 22:50:00,1504,1504,1504,1504,1
2025-05-07 23:00:00,1504,1504,1504,1504,54
2025-05-07 23:20:00,1504,1504,1504,1504,50
2025-05-07 23:30:00,1503,1506,1503,1506,259
2025-05-07 23:40:00,1508,1508,1506,1506,200
2025-05-08 09:10:00,1523,1524,1523,1524,15
2025-05-08 11:10:00,1542,1542,1542,1542,100
2025-05-08 11:40:00,1537,1564,1535,1536,509
2025-05-08 11:50:00,1537,1537,1537,1537,10
2025-05-08 12:00:00,1539,1539,1539,1539,3
2025-05-08 13:30:00,1535,1535,1528,1528,51
2025-05-08 14:00:00,1525,1525,1524,1524,4
2025-05-08 14:30:00,1525,1525,1525,1525,2
2025-05-08 14:40:00,1524,1524,1524,1524,7
2025-05-08 15:40:00,1513,1513,1513,1513,2
2025-05-08 15:50:00,1511,1513,1511,1513,3
2025-05-08 16:00:00,1513,1513,1513,1513,94
2025-05-08 16:40:00,1513,1513,1513,1513,400
2025-05-08 16:50:00,1513,1513,1513,1513,201
2025-05-08 17:00:00,1513,1513,1513,1513,1353
2025-05-08 20:00:00,1520,1523,1520,1523,200
2025-05-08 20:40:00,1515,1515,1515,1515,2
2025-05-12 09:00:00,1550,1550,1550,1550,10
2025-05-12 09:10:00,1552,1552,1551,1552,69
2025-05-12 09:50:00,1550,1550,1550,1550,1
2025-05-12 10:10:00,1557,1560,1557,1560,5
2025-05-12 10:20:00,1560,1560,1560,1560,5
2025-05-12 10:30:00,1564,1564,1564,1564,13
2025-05-12 11:00:00,1559,1559,1559,1559,1
2025-05-12 11:40:00,1555,1557,1555,1557,2
2025-05-12 13:00:00,1556,1563,1556,1563,114
2025-05-12 14:50:00,1553,1553,1553,1553,1
2025-05-12 16:40:00,1554,1554,1554,1554,300
2025-05-12 16:50:00,1556,1557,1556,1557,10
2025-05-12 17:00:00,1556,1556,1547,1547,66
2025-05-12 18:40:00,1564,1564,1564,1564,9
2025-05-12 19:30:00,1570,1571,1565,1565,26
2025-05-12 19:50:00,1570,1571,1570,1571,10
2025-05-12 20:30:00,1571,1574,1571,1574,49
2025-05-12 20:50:00,1575,1575,1575,1575,30
2025-05-12 21:20:00,1565,1565,1557,1557,5
2025-05-13 10:50:00,1567,1567,1567,1567,1
2025-05-13 11:20:00,1561,1561,1560,1560,52
2025-05-13 12:20:00,1535,1552,1535,1552,2051
2025-05-13 13:40:00,1561,1561,1552,1552,2
2025-05-13 15:40:00,1556,1556,1556,1556,1
2025-05-13 18:00:00,1582,1600,1575,1581,463
2025-05-13 19:00:00,1589,1589,1586,1586,14
2025-05-13 19:20:00,1583,1583,1583,1583,3
2025-05-13 19:50:00,1582,1582,1582,1582,52
2025-05-13 20:00:00,1582,1583,1582,1583,51
2025-05-14 11:10:00,1581,1581,1581,1581,1
2025-05-14 12:10:00,1581,1581,1581,1581,15
2025-05-14 16:30:00,1583,1583,1583,1583,77
2025-05-14 16:40:00,1583,1595,1583,1595,130
2025-05-14 16:50:00,1590,1590,1590,1590,2
2025-05-14 17:10:00,1607,1611,1602,1611,70
2025-05-14 17:20:00,1620,1620,1615,1620,120
2025-05-14 18:00:00,1611,1611,1610,1610,10
2025-05-14 18:10:00,1618,1618,1618,1618,300
2025-05-14 18:20:00,1627,1627,1627,1627,9
2025-05-14 18:40:00,1627,1627,1627,1627,3
2025-05-14 19:00:00,1626,1626,1626,1626,6
2025-05-14 19:20:00,1629,1630,1629,1630,2
2025-05-14 19:30:00,1630,1630,1630,1630,2
2025-05-14 19:40:00,1632,1633,1631,1631,29
2025-05-14 21:20:00,1620,1620,1620,1620,50
2025-05-14 23:00:00,1614,1614,1610,1613,99
2025-05-15 09:00:00,1607,1607,1605,1605,50
2025-05-15 09:40:00,1604,1604,1604,1604,2
2025-05-15 10:00:00,1605,1605,1604,1604,28
2025-05-15 10:10:00,1599,1599,1599,1599,10
2025-05-15 10:20:00,1595,1598,1587,1594,142
2025-05-15 10:30:00,1600,1600,1600,1600,16
2025-05-15 10:40:00,1600,1600,1600,1600,7
2025-05-15 11:10:00,1600,1600,1600,1600,57
2025-05-15 12:10:00,1594,1594,1579,1583,253
2025-05-15 12:20:00,1579,1579,1579,1579,11
2025-05-15 12:40:00,1567,1567,1567,1567,60
2025-05-15 13:20:00,1568,1571,1568,1571,5
2025-05-15 13:30:00,1559,1572,1557,1572,15
2025-05-15 13:40:00,1568,1568,1564,1564,8
2025-05-15 14:20:00,1576,1576,1576,1576,1
2025-05-15 15:20:00,1574,1574,1574,1574,1
2025-05-15 15:30:00,1584,1585,1584,1585,6
2025-05-15 16:10:00,1574,1574,1573,1573,20
2025-05-15 16:30:00,1573,1582,1573,1582,61
2025-05-15 16:40:00,1573,1583,1573,1583,7
2025-05-15 16:50:00,1588,1588,1585,1586,7
2025-05-15 17:00:00,1590,1598,1588,1598,501
2025-05-15 17:50:00,1578,1578,1576,1576,7
2025-05-15 18:10:00,1558,1564,1557,1564,7
2025-05-15 18:40:00,1590,1595,1590,1595,10
2025-05-15 22:30:00,1564,1564,1559,1559,10
2025-05-15 22:40:00,1571,1573,1571,1573,66
2025-05-16 10:00:00,1555,1555,1525,1525,1030
2025-05-16 10:10:00,1541,1541,1537,1537,2
2025-05-16 10:30:00,1570,1575,1570,1575,10
2025-05-16 10:50:00,1550,1560,1550,1560,280
2025-05-16 11:20:00,1581,1581,1581,1581,5
2025-05-16 11:30:00,1581,1581,1581,1581,5
2025-05-16 12:00:00,1594,1595,1582,1583,31
2025-05-16 12:10:00,1584,1595,1583,1594,95
2025-05-16 12:20:00,1596,1596,1596,1596,1
2025-05-16 12:30:00,1597,1597,1585,1585,10
2025-05-16 13:30:00,1580,1580,1575,1575,5
2025-05-16 14:20:00,1576,1576,1575,1576,14
2025-05-16 15:20:00,1561,1561,1561,1561,1
2025-05-16 15:50:00,1563,1564,1563,1564,5
2025-05-16 16:00:00,1559,1559,1559,1559,1
2025-05-16 16:30:00,1597,1615,1597,1606,407
2025-05-16 16:40:00,1614,1614,1593,1593,89
2025-05-16 17:10:00,1595,1595,1595,1595,2
2025-05-16 17:20:00,1596,1596,1596,1596,8
2025-05-16 17:30:00,1591,1593,1591,1593,32
2025-05-16 17:40:00,1577,1586,1571,1586,13
2025-05-16 18:00:00,1580,1580,1580,1580,2
2025-05-16 19:40:00,1585,1586,1585,1586,10
2025-05-16 21:00:00,1585,1586,1585,1586,24
2025-05-16 21:20:00,1585,1586,1585,1586,36
2025-05-16 21:40:00,1586,1586,1586,1586,64
2025-05-16 22:40:00,1584,1584,1584,1584,1
2025-05-19 09:00:00,1614,1614,1598,1604,11
2025-05-19 09:10:00,1604,1610,1604,1609,29
2025-05-19 09:30:00,1605,1605,1605,1605,1
2025-05-19 09:40:00,1610,1614,1610,1614,65
2025-05-19 09:50:00,1614,1614,1614,1614,3
2025-05-19 10:00:00,1615,1619,1615,1619,17
2025-05-19 10:20:00,1619,1619,1617,1617,7
2025-05-19 10:30:00,1609,1609,1603,1603,14
2025-05-19 11:00:00,1605,1605,1605,1605,10
2025-05-19 11:10:00,1604,1604,1604,1604,1
2025-05-19 11:20:00,1605,1605,1605,1605,1
2025-05-19 11:30:00,1601,1602,1601,1602,8
2025-05-19 11:40:00,1602,1602,1602,1602,4
2025-05-19 11:50:00,1597,1597,1597,1597,1
2025-05-19 12:00:00,1603,1660,1602,1620,106
2025-05-19 12:10:00,1624,1624,1624,1624,11
2025-05-19 12:50:00,1596,1623,1593,1623,13
2025-05-19 14:00:00,1614,1615,1614,1615,10
2025-05-19 15:20:00,1614,1614,1614,1614,1
2025-05-19 15:50:00,1614,1614,1614,1614,1
2025-05-19 16:00:00,1614,1615,1614,1615,68
2025-05-19 16:20:00,1614,1614,1614,1614,7
2025-05-19 16:30:00,1614,1615,1614,1615,4
2025-05-19 16:50:00,1614,1624,1614,1624,134
2025-05-19 18:20:00,1623,1646,1623,1646,30
2025-05-19 18:40:00,1635,1638,1635,1638,45
2025-05-19 19:10:00,1602,1602,1602,1602,1
2025-05-19 19:40:00,1625,1645,1625,1645,25
2025-05-19 21:40:00,1622,1622,1622,1622,43
2025-05-19 22:10:00,1622,1622,1622,1622,20
2025-05-19 22:40:00,1615,1629,1600,1629,138
2025-05-20 09:50:00,1617,1617,1617,1617,1
2025-05-20 10:20:00,1617,1617,1617,1617,30
2025-05-20 10:30:00,1628,1633,1628,1633,10
2025-05-20 10:40:00,1616,1637,1590,1610,341
2025-05-20 10:50:00,1596,1596,1579,1579,7
2025-05-20 11:00:00,1601,1601,1601,1601,7
2025-05-20 11:50:00,1607,1607,1605,1606,58
2025-05-20 12:20:00,1607,1607,1607,1607,1
2025-05-20 12:30:00,1612,1618,1597,1618,16
2025-05-20 12:40:00,1620,1620,1620,1620,7
2025-05-20 13:00:00,1619,1619,1619,1619,7
2025-05-20 13:10:00,1622,1622,1622,1622,40
2025-05-20 13:20:00,1622,1622,1622,1622,44
2025-05-20 17:20:00,1630,1630,1630,1630,1
2025-05-20 17:50:00,1630,1630,1630,1630,4
2025-05-20 18:00:00,1630,1630,1621,1621,33
2025-05-20 18:10:00,1619,1619,1619,1619,4
2025-05-20 18:30:00,1612,1612,1606,1606,18
2025-05-20 18:40:00,1611,1612,1611,1612,4
2025-05-20 19:10:00,1612,1614,1612,1614,7
2025-05-20 19:30:00,1613,1613,1605,1605,19
2025-05-20 19:40:00,1605,1605,1605,1605,4
2025-05-20 20:10:00,1606,1606,1605,1605,45
2025-05-20 20:40:00,1610,1610,1610,1610,1
2025-05-20 21:00:00,1605,1605,1605,1605,24
2025-05-20 22:10:00,1608,1608,1608,1608,5
2025-05-20 23:40:00,1609,1609,1609,1609,1
2025-05-21 09:00:00,1609,1609,1609,1609,5
2025-05-21 09:50:00,1609,1609,1609,1609,1
2025-05-21 10:00:00,1609,1610,1609,1610,6
2025-05-21 10:20:00,1605,1605,1600,1600,10
2025-05-21 11:20:00,1602,1602,1602,1602,1
2025-05-21 13:40:00,1605,1606,1598,1606,39
2025-05-21 13:50:00,1600,1600,1600,1600,3
2025-05-21 14:00:00,1601,1601,1601,1601,4
2025-05-21 14:20:00,1601,1601,1601,1601,6
2025-05-21 15:50:00,1602,1602,1598,1598,4
2025-05-21 16:40:00,1603,1603,1603,1603,2
2025-05-21 17:20:00,1596,1596,1596,1596,1
2025-05-21 18:20:00,1592,1592,1592,1592,20
2025-05-21 18:40:00,1593,1593,1593,1593,2
2025-05-21 19:00:00,1595,1595,1595,1595,4
2025-05-21 19:50:00,1589,1589,1589,1589,3
2025-05-21 22:20:00,1588,1588,1588,1588,20
2025-05-21 23:40:00,1589,1589,1589,1589,8
2025-05-22 09:30:00,1574,1574,1574,1574,10
2025-05-22 09:50:00,1566,1570,1566,1570,8
2025-05-22 10:00:00,1571,1572,1566,1566,7
2025-05-22 10:10:00,1571,1575,1566,1567,17
2025-05-22 10:20:00,1574,1580,1574,1580,23
2025-05-22 10:30:00,1574,1574,1574,1574,1
2025-05-22 10:40:00,1573,1573,1573,1573,6
2025-05-22 11:10:00,1566,1566,1566,1566,14
2025-05-22 12:10:00,1570,1572,1566,1572,57
2025-05-22 12:40:00,1577,1577,1577,1577,7
2025-05-22 13:00:00,1580,1580,1580,1580,7
2025-05-22 15:10:00,1590,1590,1581,1587,33
2025-05-22 15:30:00,1582,1585,1582,1585,5
2025-05-22 15:40:00,1573,1573,1572,1572,5
2025-05-22 15:50:00,1588,1588,1588,1588,2
2025-05-22 16:00:00,1597,1600,1587,1594,17
2025-05-22 16:10:00,1591,1591,1591,1591,2
2025-05-22 17:30:00,1600,1600,1600,1600,2
2025-05-22 17:40:00,1617,1622,1615,1615,17
2025-05-22 18:00:00,1625,1625,1621,1621,8
2025-05-22 18:10:00,1625,1625,1625,1625,21
2025-05-22 20:30:00,1595,1595,1595,1595,1
2025-05-22 20:50:00,1588,1594,1588,1594,17
2025-05-22 22:40:00,1582,1582,1582,1582,1
2025-05-23 09:00:00,1583,1583,1582,1582,10
2025-05-23 09:40:00,1585,1591,1585,1591,25
2025-05-23 10:30:00,1575,1588,1569,1588,21
2025-05-23 10:40:00,1576,1576,1576,1576,1
2025-05-23 11:10:00,1594,1594,1594,1594,4
2025-05-23 11:40:00,1577,1577,1577,1577,1
2025-05-23 11:50:00,1595,1595,1595,1595,4
2025-05-23 13:00:00,1608,1610,1608,1610,45
2025-05-23 13:30:00,1609,1609,1609,1609,7
2025-05-23 13:50:00,1613,1618,1613,1618,20
2025-05-23 14:10:00,1610,1610,1601,1601,30
2025-05-23 14:30:00,1609,1615,1609,1615,30
2025-05-23 15:00:00,1599,1599,1594,1594,15
2025-05-23 15:40:00,1579,1579,1577,1579,17
2025-05-23 15:50:00,1579,1579,1578,1579,28
2025-05-23 16:10:00,1578,1578,1578,1578,7
2025-05-23 16:50:00,1577,1577,1576,1576,8
2025-05-23 17:50:00,1574,1574,1573,1573,12
2025-05-23 18:00:00,1570,1570,1570,1570,1
2025-05-23 18:20:00,1566,1566,1566,1566,3
2025-05-23 18:40:00,1570,1570,1570,1570,8
2025-05-23 19:20:00,1572,1572,1572,1572,1
2025-05-23 20:00:00,1570,1576,1570,1574,14
2025-05-23 20:10:00,1586,1586,1586,1586,1
2025-05-23 21:30:00,1584,1584,1584,1584,100
2025-05-23 21:40:00,1577,1577,1577,1577,1
2025-05-23 21:50:00,1577,1577,1577,1577,49
2025-05-23 22:00:00,1574,1574,1574,1574,2
2025-05-23 22:20:00,1574,1574,1574,1574,295
2025-05-26 09:00:00,1544,1544,1544,1544,3
2025-05-26 09:10:00,1544,1544,1541,1541,69
2025-05-26 09:40:00,1542,1542,1542,1542,7
2025-05-26 10:00:00,1540,1540,1540,1540,1
2025-05-26 10:10:00,1540,1540,1537,1537,159
2025-05-26 10:20:00,1532,1532,1519,1519,47
2025-05-26 10:30:00,1521,1529,1521,1529,61
2025-05-26 11:00:00,1536,1536,1536,1536,16
2025-05-26 11:20:00,1535,1535,1532,1532,12
2025-05-26 11:40:00,1527,1527,1524,1524,5
2025-05-26 12:00:00,1521,1526,1521,1525,36
2025-05-26 12:30:00,1524,1524,1524,1524,10
2025-05-26 12:40:00,1524,1524,1524,1524,18
2025-05-26 13:50:00,1515,1515,1512,1512,101
2025-05-26 14:00:00,1520,1520,1520,1520,14
2025-05-26 14:40:00,1514,1514,1512,1512,22
2025-05-26 15:30:00,1510,1510,1510,1510,1
2025-05-26 15:50:00,1510,1510,1510,1510,1
2025-05-26 16:10:00,1515,1515,1515,1515,78
2025-05-26 16:20:00,1515,1515,1515,1515,22
2025-05-26 17:10:00,1510,1516,1510,1516,3
2025-05-26 17:20:00,1520,1520,1520,1520,25
2025-05-26 19:10:00,1511,1511,1510,1510,30
2025-05-26 20:50:00,1499,1500,1490,1500,62
2025-05-26 21:00:00,1495,1495,1495,1495,1
2025-05-26 21:30:00,1494,1494,1494,1494,5
2025-05-26 21:50:00,1493,1493,1493,1493,1
2025-05-26 22:50:00,1496,1496,1496,1496,6
2025-05-26 23:40:00,1496,1498,1496,1498,8
2025-05-27 09:00:00,1491,1491,1491,1491,10
2025-05-27 09:50:00,1512,1521,1512,1518,114
2025-05-27 10:10:00,1516,1516,1516,1516,26
2025-05-27 10:50:00,1519,1519,1519,1519,5
2025-05-27 12:00:00,1527,1531,1527,1531,54
2025-05-27 12:20:00,1523,1523,1523,1523,1
2025-05-27 12:50:00,1530,1534,1530,1534,155
2025-05-27 13:00:00,1533,1533,1533,1533,20
2025-05-27 13:50:00,1528,1528,1523,1523,51
2025-05-27 14:40:00,1528,1531,1528,1531,10
2025-05-27 15:40:00,1523,1523,1523,1523,175
2025-05-27 16:00:00,1516,1516,1516,1516,90
2025-05-27 16:40:00,1523,1523,1523,1523,3
2025-05-27 16:50:00,1523,1523,1523,1523,121
2025-05-27 17:00:00,1530,1530,1530,1530,5
2025-05-27 17:20:00,1529,1530,1529,1530,17
2025-05-27 17:30:00,1531,1531,1531,1531,7
2025-05-27 17:40:00,1540,1540,1540,1540,7
2025-05-27 19:30:00,1541,1541,1541,1541,1
2025-05-28 09:00:00,1551,1587,1551,1563,86
2025-05-28 09:10:00,1561,1561,1553,1553,40
2025-05-28 09:40:00,1561,1561,1561,1561,7
2025-05-28 09:50:00,1572,1572,1572,1572,6
2025-05-28 10:00:00,1575,1575,1573,1573,8
2025-05-28 10:40:00,1582,1586,1582,1586,20
2025-05-28 10:50:00,1585,1585,1574,1574,150
2025-05-28 11:00:00,1578,1578,1578,1578,1
2025-05-28 11:10:00,1581,1584,1581,1584,8
2025-05-28 11:50:00,1574,1574,1566,1566,75
2025-05-28 12:00:00,1570,1570,1570,1570,64
2025-05-28 12:30:00,1575,1575,1575,1575,3
2025-05-28 12:40:00,1575,1575,1575,1575,3
2025-05-28 13:10:00,1575,1575,1574,1574,51
2025-05-28 14:10:00,1586,1586,1586,1586,10
2025-05-28 15:50:00,1590,1591,1590,1591,2
2025-05-28 16:10:00,1599,1601,1599,1601,20
2025-05-28 16:30:00,1600,1600,1600,1600,6
2025-05-28 16:40:00,1600,1600,1599,1600,35
2025-05-28 16:50:00,1603,1603,1603,1603,50
2025-05-28 17:00:00,1604,1604,1604,1604,3
2025-05-28 17:30:00,1600,1613,1600,1613,47
2025-05-28 17:40:00,1613,1613,1613,1613,2
2025-05-28 18:30:00,1603,1603,1603,1603,7
2025-05-28 19:00:00,1609,1609,1597,1597,4
2025-05-28 19:10:00,1594,1597,1594,1597,7
2025-05-28 19:40:00,1609,1609,1609,1609,1
2025-05-28 19:50:00,1621,1621,1618,1620,16
2025-05-28 20:30:00,1620,1620,1620,1620,60
2025-05-28 20:50:00,1616,1620,1616,1620,8
2025-05-28 21:10:00,1623,1623,1623,1623,1
2025-05-28 21:30:00,1613,1623,1613,1614,64
2025-05-28 21:40:00,1615,1615,1615,1615,2
2025-05-28 23:10:00,1618,1618,1618,1618,1
2025-05-28 23:30:00,1619,1620,1619,1620,11
2025-05-28 23:40:00,1620,1620,1620,1620,5
2025-05-29 08:50:00,1619,1619,1616,1616,4
2025-05-29 09:40:00,1613,1613,1613,1613,1
2025-05-29 09:50:00,1609,1609,1609,1609,20
2025-05-29 10:00:00,1603,1603,1599,1599,50
2025-05-29 10:10:00,1601,1601,1601,1601,7
2025-05-29 10:20:00,1607,1607,1603,1607,600
2025-05-29 10:40:00,1599,1599,1599,1599,1
2025-05-29 10:50:00,1601,1603,1601,1603,25
2025-05-29 11:20:00,1604,1604,1604,1604,32
2025-05-29 11:30:00,1606,1625,1606,1625,80
2025-05-29 11:40:00,1622,1622,1622,1622,2
2025-05-29 12:20:00,1613,1613,1613,1613,2
2025-05-29 12:50:00,1614,1614,1614,1614,2
2025-05-29 13:50:00,1611,1613,1611,1613,1000
2025-05-29 14:00:00,1600,1600,1600,1600,2
2025-05-29 14:10:00,1600,1600,1600,1600,598
2025-05-29 16:40:00,1603,1603,1603,1603,61
2025-05-29 17:10:00,1609,1609,1609,1609,2
2025-05-29 19:30:00,1586,1586,1579,1579,24
2025-05-29 19:40:00,1592,1592,1592,1592,2
2025-05-29 20:00:00,1595,1595,1595,1595,1
2025-05-29 20:10:00,1595,1595,1595,1595,3
2025-05-29 22:40:00,1583,1583,1583,1583,8
2025-05-29 22:50:00,1584,1584,1584,1584,14
2025-05-29 23:30:00,1580,1581,1580,1581,57
2025-05-30 09:40:00,1594,1594,1594,1594,1
2025-05-30 10:30:00,1597,1597,1597,1597,1
2025-05-30 11:40:00,1592,1592,1592,1592,9
2025-05-30 12:30:00,1609,1609,1609,1609,2
2025-05-30 12:40:00,1609,1615,1609,1615,7
2025-05-30 12:50:00,1613,1619,1613,1619,6
2025-05-30 13:10:00,1615,1615,1612,1612,2
2025-05-30 14:40:00,1607,1607,1607,1607,7
2025-05-30 14:50:00,1607,1607,1607,1607,3
2025-05-30 15:10:00,1600,1600,1600,1600,4
2025-05-30 15:50:00,1603,1603,1600,1600,50
2025-06-02 09:00:00,1589,1595,1589,1594,16
2025-06-02 09:20:00,1596,1600,1596,1600,4
2025-06-02 10:00:00,1593,1595,1586,1588,30
2025-06-02 11:30:00,1590,1590,1588,1588,8
2025-06-02 11:40:00,1594,1594,1594,1594,1
2025-06-02 12:00:00,1593,1593,1593,1593,7
2025-06-02 13:30:00,1588,1588,1588,1588,3
2025-06-02 13:40:00,1588,1588,1588,1588,6
2025-06-02 13:50:00,1585,1585,1585,1585,2
2025-06-02 14:00:00,1585,1585,1585,1585,2
2025-06-02 14:20:00,1585,1585,1585,1585,4
2025-06-02 14:30:00,1585,1590,1585,1590,2
2025-06-02 16:00:00,1585,1585,1585,1585,64
2025-06-02 16:10:00,1585,1585,1585,1585,7
2025-06-02 16:20:00,1593,1593,1593,1593,1
2025-06-02 16:40:00,1595,1595,1595,1595,1
2025-06-02 17:40:00,1615,1615,1615,1615,2
2025-06-02 17:50:00,1615,1625,1613,1625,96
2025-06-02 18:00:00,1612,1612,1612,1612,3
2025-06-02 18:10:00,1625,1632,1625,1632,14
2025-06-02 18:20:00,1635,1635,1635,1635,1
2025-06-02 18:30:00,1638,1638,1638,1638,13
2025-06-02 18:40:00,1632,1638,1626,1638,35
2025-06-02 19:10:00,1640,1640,1640,1640,1
2025-06-02 19:20:00,1638,1638,1638,1638,1
2025-06-02 19:40:00,1631,1631,1631,1631,12
2025-06-02 19:50:00,1630,1631,1630,1631,3
2025-06-02 21:00:00,1622,1622,1622,1622,2
2025-06-02 21:20:00,1630,1630,1630,1630,1
2025-06-02 21:50:00,1633,1633,1633,1633,1
2025-06-02 22:10:00,1637,1638,1637,1638,20
2025-06-02 23:40:00,1635,1635,1635,1635,20
2025-06-03 09:00:00,1639,1639,1638,1638,111
2025-06-03 10:20:00,1648,1661,1641,1661,256
2025-06-03 10:50:00,1659,1659,1659,1659,7
2025-06-03 12:00:00,1665,1665,1665,1665,1
2025-06-03 12:10:00,1673,1673,1673,1673,1
2025-06-03 12:30:00,1661,1667,1661,1667,3
2025-06-03 12:40:00,1667,1667,1667,1667,1
2025-06-03 12:50:00,1667,1667,1664,1664,6
2025-06-03 13:10:00,1659,1659,1659,1659,18
2025-06-03 13:20:00,1658,1658,1658,1658,2
2025-06-03 13:30:00,1655,1655,1655,1655,30
2025-06-03 13:40:00,1654,1654,1654,1654,1
2025-06-03 14:10:00,1655,1655,1654,1654,2
2025-06-03 14:50:00,1655,1655,1655,1655,6
2025-06-03 15:30:00,1654,1654,1654,1654,1
2025-06-03 15:40:00,1654,1654,1654,1654,9
2025-06-03 15:50:00,1648,1648,1648,1648,1
2025-06-03 16:00:00,1643,1643,1643,1643,1
2025-06-03 16:10:00,1643,1646,1643,1646,10
2025-06-03 16:40:00,1643,1643,1643,1643,7
2025-06-03 17:00:00,1642,1642,1642,1642,1
2025-06-03 17:10:00,1649,1649,1649,1649,1
2025-06-03 17:30:00,1649,1649,1649,1649,14
2025-06-03 17:40:00,1649,1649,1649,1649,3
2025-06-03 18:30:00,1670,1675,1670,1670,9
2025-06-03 19:10:00,1675,1675,1675,1675,13
2025-06-03 20:00:00,1671,1671,1671,1671,1
2025-06-03 20:10:00,1669,1669,1669,1669,4
2025-06-03 20:30:00,1672,1672,1672,1672,1
2025-06-03 20:40:00,1679,1679,1679,1679,2
2025-06-03 20:50:00,1680,1680,1680,1680,2
2025-06-03 21:00:00,1680,1680,1680,1680,6
2025-06-03 21:20:00,1679,1680,1679,1680,14
2025-06-03 21:30:00,1680,1680,1680,1680,41
2025-06-03 21:40:00,1680,1687,1680,1687,19
2025-06-03 21:50:00,1687,1691,1687,1691,15
2025-06-03 22:00:00,1686,1686,1686,1686,4
2025-06-03 23:00:00,1685,1685,1678,1678,50
2025-06-03 23:10:00,1684,1698,1684,1689,211
2025-06-03 23:40:00,1687,1753,1685,1695,175
2025-06-04 08:50:00,1699,1699,1699,1699,10
2025-06-04 09:00:00,1699,1709,1699,1708,83
2025-06-04 09:10:00,1709,1709,1709,1709,5
2025-06-04 09:20:00,1709,1709,1709,1709,21
2025-06-04 09:30:00,1709,1709,1709,1709,1
2025-06-04 09:40:00,1709,1709,1709,1709,33
2025-06-04 09:50:00,1709,1709,1709,1709,14
2025-06-04 10:00:00,1709,1709,1709,1709,12
2025-06-04 10:10:00,1709,1710,1708,1708,83
2025-06-04 10:20:00,1707,1707,1706,1706,9
2025-06-04 10:30:00,1706,1706,1696,1702,87
2025-06-04 11:10:00,1700,1700,1700,1700,1
2025-06-04 11:20:00,1700,1700,1700,1700,1
2025-06-04 11:50:00,1704,1704,1703,1703,4
2025-06-04 12:20:00,1701,1701,1701,1701,2
2025-06-04 12:50:00,1706,1709,1706,1709,6
2025-06-04 13:00:00,1709,1716,1709,1710,51
2025-06-04 13:10:00,1714,1714,1711,1711,21
2025-06-04 13:20:00,1711,1711,1711,1711,2
2025-06-04 13:30:00,1711,1711,1711,1711,2
2025-06-04 13:40:00,1717,1719,1717,1719,30
2025-06-04 14:20:00,1714,1714,1714,1714,4
2025-06-04 14:30:00,1714,1714,1713,1713,24
2025-06-04 14:40:00,1713,1713,1701,1706,128
2025-06-04 15:10:00,1703,1703,1703,1703,15
2025-06-04 15:30:00,1703,1703,1703,1703,5
2025-06-04 15:40:00,1695,1699,1689,1699,320
2025-06-04 16:10:00,1685,1691,1685,1691,51
2025-06-04 16:50:00,1692,1693,1692,1693,19
2025-06-04 17:10:00,1675,1675,1675,1675,10
2025-06-04 17:20:00,1680,1680,1676,1676,14
2025-06-04 17:30:00,1676,1676,1674,1674,30
2025-06-04 17:50:00,1683,1683,1683,1683,1
2025-06-04 18:10:00,1674,1674,1674,1674,1
2025-06-04 18:20:00,1674,1674,1674,1674,9
2025-06-04 18:30:00,1674,1694,1674,1693,138
2025-06-04 19:10:00,1696,1716,1696,1715,350
2025-06-04 19:20:00,1703,1703,1703,1703,3
2025-06-04 20:10:00,1712,1712,1709,1709,17
2025-06-04 20:50:00,1710,1711,1710,1711,10
2025-06-04 21:00:00,1711,1712,1711,1712,50
2025-06-04 21:40:00,1692,1700,1692,1700,2
2025-06-04 23:30:00,1686,1687,1686,1687,5
2025-06-04 23:40:00,1690,1690,1690,1690,1
2025-06-05 10:00:00,1710,1710,1707,1707,4
2025-06-05 10:20:00,1702,1702,1702,1702,8
2025-06-05 11:00:00,1698,1698,1698,1698,30
2025-06-05 11:10:00,1693,1693,1681,1683,48
2025-06-05 11:30:00,1685,1685,1684,1684,9
2025-06-05 12:10:00,1691,1691,1691,1691,3
2025-06-05 12:20:00,1692,1692,1692,1692,1
2025-06-05 12:30:00,1690,1690,1690,1690,1
2025-06-05 12:40:00,1689,1689,1689,1689,1
2025-06-05 16:20:00,1694,1694,1694,1694,7
2025-06-05 16:30:00,1695,1695,1695,1695,1
2025-06-05 17:50:00,1696,1696,1696,1696,39
2025-06-05 18:00:00,1696,1696,1696,1696,3
2025-06-05 19:10:00,1697,1697,1697,1697,1
2025-06-05 19:20:00,1694,1694,1693,1693,113
2025-06-05 19:40:00,1689,1689,1688,1688,4
2025-06-05 20:20:00,1681,1681,1681,1681,2
2025-06-05 20:30:00,1687,1687,1687,1687,8
2025-06-05 20:40:00,1688,1688,1687,1687,25
2025-06-05 21:10:00,1683,1683,1683,1683,1
2025-06-05 21:40:00,1689,1689,1689,1689,7
2025-06-05 21:50:00,1689,1689,1689,1689,7
2025-06-05 23:40:00,1693,1693,1693,1693,2
2025-06-06 09:00:00,1702,1702,1694,1694,22
2025-06-06 09:40:00,1698,1698,1698,1698,2
2025-06-06 09:50:00,1698,1698,1698,1698,10
2025-06-06 10:00:00,1696,1696,1694,1695,58
2025-06-06 10:10:00,1702,1702,1702,1702,7
2025-06-06 10:20:00,1710,1710,1707,1707,12
2025-06-06 10:30:00,1710,1710,1710,1710,30
2025-06-06 10:40:00,1710,1710,1710,1710,33
2025-06-06 10:50:00,1718,1718,1718,1718,4
2025-06-06 11:00:00,1709,1709,1709,1709,1
2025-06-06 11:30:00,1717,1717,1717,1717,1
2025-06-06 11:50:00,1708,1717,1708,1716,102
2025-06-06 12:00:00,1713,1718,1713,1718,128
2025-06-06 12:20:00,1711,1711,1711,1711,58
2025-06-06 12:50:00,1705,1710,1697,1710,211
2025-06-06 13:10:00,1704,1704,1704,1704,5
2025-06-06 13:20:00,1704,1704,1704,1704,100
2025-06-06 13:30:00,1714,1812,1541,1734,1687
2025-06-06 13:40:00,1732,1734,1645,1675,788
2025-06-06 13:50:00,1687,1690,1687,1690,92
2025-06-06 14:00:00,1690,1690,1690,1690,4
2025-06-06 14:10:00,1689,1690,1689,1690,60
2025-06-06 14:20:00,1677,1692,1677,1684,200
2025-06-06 14:30:00,1693,1694,1693,1694,9
2025-06-06 14:40:00,1691,1697,1678,1678,137
2025-06-06 15:10:00,1651,1661,1651,1661,82
2025-06-06 15:20:00,1665,1665,1660,1660,52
2025-06-06 15:30:00,1652,1654,1638,1639,99
2025-06-06 15:40:00,1641,1657,1638,1657,100
2025-06-06 16:00:00,1642,1642,1641,1641,15
2025-06-06 16:10:00,1649,1649,1649,1649,1
2025-06-06 16:20:00,1642,1650,1641,1650,70
2025-06-06 16:30:00,1641,1641,1618,1618,156
2025-06-06 17:00:00,1638,1638,1638,1638,5
2025-06-06 17:10:00,1627,1627,1619,1619,45
2025-06-06 17:20:00,1601,1621,1601,1621,66
2025-06-06 17:30:00,1620,1623,1620,1623,21
2025-06-06 17:50:00,1623,1623,1622,1622,4
2025-06-06 18:10:00,1626,1626,1626,1626,1
2025-06-06 18:30:00,1618,1618,1618,1618,50
2025-06-06 19:10:00,1628,1628,1628,1628,19
2025-06-06 20:00:00,1633,1634,1631,1634,34
2025-06-06 20:10:00,1628,1628,1628,1628,1
2025-06-06 21:00:00,1608,1608,1608,1608,8
2025-06-06 21:10:00,1607,1607,1606,1606,14
2025-06-06 21:50:00,1613,1613,1613,1613,1
2025-06-06 22:00:00,1613,1613,1613,1613,10
2025-06-06 22:10:00,1612,1612,1612,1612,3
2025-06-06 22:20:00,1615,1623,1615,1623,45
2025-06-06 22:40:00,1612,1612,1608,1608,20
2025-06-06 22:50:00,1611,1611,1598,1606,214
2025-06-06 23:00:00,1611,1611,1590,1602,207
2025-06-06 23:20:00,1603,1603,1603,1603,1
2025-06-09 09:00:00,1614,1622,1605,1622,149
2025-06-09 09:50:00,1606,1609,1606,1609,43
2025-06-09 10:00:00,1609,1611,1609,1611,70
2025-06-09 10:20:00,1604,1604,1599,1601,160
2025-06-09 10:30:00,1600,1600,1591,1591,124
2025-06-09 10:40:00,1593,1593,1593,1593,3
2025-06-09 10:50:00,1593,1593,1585,1585,45
2025-06-09 11:00:00,1585,1586,1584,1584,11
2025-06-09 11:10:00,1583,1583,1583,1583,1
2025-06-09 11:20:00,1585,1585,1582,1582,123
2025-06-09 11:30:00,1583,1585,1583,1584,14
2025-06-09 11:40:00,1586,1587,1586,1586,105
2025-06-09 11:50:00,1588,1588,1587,1587,204
2025-06-09 12:20:00,1589,1589,1589,1589,1
2025-06-09 12:30:00,1590,1590,1590,1590,70
2025-06-09 12:40:00,1590,1590,1590,1590,100
2025-06-09 13:00:00,1590,1590,1590,1590,8
2025-06-09 13:30:00,1592,1592,1592,1592,7
2025-06-09 13:40:00,1590,1590,1590,1590,100
2025-06-09 14:10:00,1585,1585,1584,1584,9
2025-06-09 14:20:00,1582,1582,1580,1580,16
2025-06-09 14:40:00,1578,1582,1578,1582,3
2025-06-09 14:50:00,1584,1584,1584,1584,2
2025-06-09 15:10:00,1583,1583,1583,1583,100
2025-06-09 15:30:00,1580,1580,1580,1580,1
2025-06-09 15:50:00,1583,1583,1583,1583,4
2025-06-09 16:00:00,1583,1583,1583,1583,16
2025-06-09 17:40:00,1591,1591,1591,1591,2
2025-06-09 18:00:00,1587,1587,1587,1587,1
2025-06-09 18:30:00,1589,1589,1589,1589,4
2025-06-09 19:30:00,1593,1593,1593,1593,3
2025-06-09 19:40:00,1596,1599,1596,1599,8
2025-06-09 20:20:00,1602,1602,1602,1602,7
2025-06-09 23:00:00,1600,1600,1600,1600,3
2025-06-10 09:00:00,1609,1617,1608,1608,118
2025-06-10 09:20:00,1614,1614,1614,1614,8
2025-06-10 09:50:00,1611,1611,1608,1608,8
2025-06-10 10:10:00,1608,1608,1608,1608,3
2025-06-10 10:20:00,1608,1608,1602,1602,18
2025-06-10 10:40:00,1599,1599,1595,1595,23
2025-06-10 10:50:00,1593,1593,1593,1593,1
2025-06-10 11:40:00,1593,1593,1593,1593,19
2025-06-10 12:00:00,1594,1594,1594,1594,2
2025-06-10 12:10:00,1594,1594,1594,1594,1
2025-06-10 12:20:00,1598,1598,1598,1598,2
2025-06-10 13:30:00,1594,1600,1593,1600,34
2025-06-10 13:40:00,1599,1600,1599,1600,2
2025-06-10 13:50:00,1593,1593,1593,1593,3
2025-06-10 14:50:00,1599,1599,1599,1599,2
2025-06-10 15:00:00,1599,1599,1599,1599,3
2025-06-10 15:10:00,1599,1599,1599,1599,43
2025-06-10 15:30:00,1599,1599,1599,1599,7
2025-06-10 16:00:00,1594,1594,1593,1593,110
2025-06-10 16:40:00,1593,1593,1593,1593,1
2025-06-10 17:00:00,1598,1598,1598,1598,1
2025-06-10 17:20:00,1596,1596,1596,1596,7
2025-06-10 18:20:00,1601,1607,1601,1607,255
2025-06-10 18:30:00,1613,1613,1613,1613,2
2025-06-10 18:40:00,1610,1610,1609,1609,6
2025-06-10 19:00:00,1607,1607,1605,1605,78
2025-06-10 19:30:00,1604,1604,1604,1604,1
2025-06-10 19:50:00,1605,1605,1596,1596,9
2025-06-10 21:00:00,1605,1611,1605,1611,13
2025-06-10 22:30:00,1613,1633,1612,1615,206
2025-06-10 23:00:00,1614,1614,1612,1613,16
2025-06-10 23:10:00,1612,1612,1611,1611,8
2025-06-10 23:20:00,1614,1615,1614,1615,6
2025-06-11 09:00:00,1612,1612,1612,1612,2
2025-06-11 09:40:00,1618,1620,1618,1620,8
2025-06-11 10:30:00,1631,1632,1631,1632,41
2025-06-11 10:40:00,1634,1634,1634,1634,18
2025-06-11 10:50:00,1636,1637,1636,1637,269
2025-06-11 11:00:00,1640,1640,1640,1640,2
2025-06-11 11:10:00,1640,1647,1638,1638,109
2025-06-11 12:20:00,1631,1631,1631,1631,20
2025-06-11 12:40:00,1626,1626,1622,1622,4
2025-06-11 14:20:00,1631,1631,1631,1631,7
2025-06-11 14:30:00,1631,1631,1631,1631,1
2025-06-11 16:30:00,1630,1630,1630,1630,1
2025-06-11 16:40:00,1628,1630,1628,1630,5
2025-06-11 17:20:00,1623,1623,1622,1622,6
2025-06-11 17:30:00,1622,1622,1622,1622,10
2025-06-11 17:50:00,1616,1619,1609,1609,219
2025-06-11 19:40:00,1607,1607,1607,1607,8
2025-06-11 20:40:00,1615,1619,1615,1619,8
2025-06-11 20:50:00,1613,1613,1613,1613,1
2025-06-11 21:20:00,1612,1612,1612,1612,26
2025-06-11 21:30:00,1613,1614,1613,1614,9
2025-06-11 21:40:00,1617,1618,1617,1618,9
2025-06-11 21:50:00,1618,1627,1618,1627,191
2025-06-11 22:30:00,1625,1625,1615,1615,25
2025-06-11 23:40:00,1615,1615,1604,1604,103
2025-06-13 09:00:00,1602,1603,1601,1603,37
2025-06-13 09:10:00,1608,1617,1608,1617,110
2025-06-13 09:20:00,1618,1618,1614,1617,40
2025-06-13 09:40:00,1620,1620,1620,1620,50
2025-06-13 10:10:00,1615,1621,1609,1619,250
2025-06-13 10:50:00,1622,1622,1622,1622,60
2025-06-13 11:10:00,1623,1623,1623,1623,400
2025-06-13 11:40:00,1623,1623,1620,1620,309
2025-06-13 11:50:00,1622,1622,1621,1621,62
2025-06-13 12:00:00,1624,1626,1624,1625,310
2025-06-13 12:40:00,1625,1645,1625,1626,1201
2025-06-13 13:00:00,1625,1626,1622,1623,163
2025-06-13 13:10:00,1623,1623,1621,1621,160
2025-06-13 13:20:00,1619,1621,1619,1621,207
2025-06-13 13:30:00,1618,1618,1618,1618,100
2025-06-13 13:40:00,1616,1616,1616,1616,100
2025-06-13 13:50:00,1612,1612,1612,1612,20
2025-06-13 14:20:00,1612,1612,1612,1612,30
2025-06-13 15:10:00,1613,1613,1613,1613,2
2025-06-13 15:30:00,1613,1613,1613,1613,50
2025-06-13 15:50:00,1612,1612,1612,1612,1
2025-06-13 16:20:00,1611,1611,1611,1611,83
2025-06-13 16:50:00,1612,1612,1611,1611,21
2025-06-13 17:00:00,1608,1609,1607,1609,17
2025-06-13 17:30:00,1611,1611,1611,1611,1
2025-06-13 17:50:00,1612,1612,1612,1612,7
2025-06-13 18:00:00,1613,1613,1609,1609,93
2025-06-13 18:10:00,1610,1610,1610,1610,5
2025-06-13 18:20:00,1609,1609,1609,1609,100
2025-06-13 18:40:00,1607,1607,1607,1607,7
2025-06-13 19:10:00,1605,1605,1605,1605,46
2025-06-13 19:20:00,1605,1605,1601,1601,207
2025-06-13 19:30:00,1601,1601,1601,1601,10
2025-06-13 20:20:00,1609,1609,1609,1609,2
2025-06-13 21:40:00,1614,1614,1614,1614,1
2025-06-13 22:40:00,1613,1613,1613,1613,10
2025-06-13 23:20:00,1607,1607,1599,1599,127
2025-06-16 09:00:00,1607,1613,1588,1588,230
2025-06-16 09:10:00,1596,1601,1589,1601,38
2025-06-16 09:20:00,1601,1601,1601,1601,14
2025-06-16 09:50:00,1607,1607,1602,1602,2
2025-06-16 10:20:00,1607,1607,1600,1600,538
2025-06-16 10:30:00,1601,1601,1593,1593,94
2025-06-16 10:50:00,1597,1597,1594,1594,2
2025-06-16 11:00:00,1594,1594,1594,1594,4
2025-06-16 11:10:00,1591,1591,1591,1591,59
2025-06-16 11:20:00,1591,1591,1591,1591,120
2025-06-16 11:30:00,1589,1589,1589,1589,35
2025-06-16 11:40:00,1588,1590,1588,1590,103
2025-06-16 11:50:00,1590,1590,1590,1590,1
2025-06-16 12:00:00,1589,1600,1589,1600,81
2025-06-16 12:30:00,1601,1601,1601,1601,1
2025-06-16 13:10:00,1611,1613,1605,1605,357
2025-06-16 13:40:00,1604,1604,1604,1604,31
2025-06-16 13:50:00,1602,1602,1602,1602,5
2025-06-16 14:20:00,1606,1606,1606,1606,1
2025-06-16 14:30:00,1606,1606,1606,1606,1
2025-06-16 15:00:00,1611,1616,1611,1616,136
2025-06-16 15:10:00,1615,1615,1613,1613,590
2025-06-16 15:20:00,1616,1616,1616,1616,20
2025-06-16 15:30:00,1617,1617,1617,1617,45
2025-06-16 15:40:00,1609,1609,1609,1609,12
2025-06-16 15:50:00,1609,1609,1608,1608,4
2025-06-16 16:00:00,1612,1612,1611,1611,22
2025-06-16 16:10:00,1608,1608,1604,1604,418
2025-06-16 16:20:00,1603,1603,1603,1603,17
2025-06-16 16:30:00,1599,1599,1581,1588,1571
2025-06-16 16:40:00,1588,1591,1587,1589,186
2025-06-16 16:50:00,1595,1599,1595,1599,24
2025-06-16 17:00:00,1594,1594,1594,1594,20
2025-06-16 17:10:00,1594,1598,1594,1598,413
2025-06-16 17:20:00,1598,1599,1598,1599,220
2025-06-16 17:30:00,1599,1599,1599,1599,10
2025-06-16 17:40:00,1599,1599,1599,1599,108
2025-06-16 18:10:00,1597,1598,1597,1598,50
2025-06-16 18:30:00,1592,1592,1586,1586,72
2025-06-16 20:00:00,1594,1594,1594,1594,1
2025-06-16 21:20:00,1591,1591,1586,1586,17
2025-06-16 21:30:00,1586,1586,1586,1586,6
2025-06-16 22:30:00,1586,1586,1586,1586,6
2025-06-16 23:10:00,1586,1586,1586,1586,10
2025-06-16 23:20:00,1591,1591,1591,1591,2
2025-06-16 23:30:00,1586,1586,1586,1586,4
2025-06-16 23:40:00,1586,1586,1584,1584,100
2025-06-17 09:20:00,1591,1591,1587,1587,8
2025-06-17 09:30:00,1586,1586,1586,1586,30
2025-06-17 09:40:00,1586,1586,1586,1586,3
2025-06-17 09:50:00,1586,1588,1586,1588,15
2025-06-17 10:00:00,1586,1590,1586,1586,139
2025-06-17 10:10:00,1593,1593,1593,1593,1
2025-06-17 10:20:00,1595,1595,1595,1595,2
2025-06-17 10:30:00,1600,1604,1600,1604,130
2025-06-17 10:50:00,1596,1596,1596,1596,2
2025-06-17 11:30:00,1598,1598,1597,1597,417
2025-06-17 11:40:00,1594,1594,1594,1594,10
2025-06-17 12:20:00,1598,1598,1598,1598,15
2025-06-17 13:00:00,1606,1606,1606,1606,4
2025-06-17 14:00:00,1602,1602,1602,1602,3
2025-06-17 14:30:00,1609,1609,1609,1609,10
2025-06-17 14:40:00,1600,1606,1600,1606,27
2025-06-17 14:50:00,1600,1601,1600,1601,49
2025-06-17 15:10:00,1602,1606,1602,1606,4
2025-06-17 15:20:00,1603,1603,1602,1602,10
2025-06-17 15:40:00,1605,1608,1603,1603,510
2025-06-17 15:50:00,1605,1607,1605,1607,7
2025-06-17 16:20:00,1610,1610,1610,1610,600
2025-06-17 16:30:00,1604,1604,1604,1604,4
2025-06-17 16:40:00,1602,1607,1602,1607,10
2025-06-17 16:50:00,1610,1611,1609,1611,31
2025-06-17 17:10:00,1610,1612,1610,1612,224
2025-06-17 17:20:00,1610,1614,1610,1614,48
2025-06-17 17:30:00,1610,1610,1610,1610,303
2025-06-17 17:40:00,1607,1607,1601,1601,480
2025-06-17 18:00:00,1606,1606,1605,1605,10
2025-06-17 18:10:00,1607,1607,1607,1607,1
2025-06-17 18:20:00,1607,1609,1607,1609,103
2025-06-17 18:30:00,1609,1609,1609,1609,2
2025-06-17 18:40:00,1609,1609,1609,1609,33
2025-06-17 19:00:00,1609,1611,1602,1606,474
2025-06-17 19:10:00,1604,1609,1604,1609,97
2025-06-17 19:20:00,1609,1610,1607,1610,19
2025-06-17 19:30:00,1610,1610,1609,1610,48
2025-06-17 19:40:00,1610,1610,1608,1608,3
2025-06-17 19:50:00,1602,1603,1602,1603,4
2025-06-17 20:00:00,1602,1602,1600,1600,357
2025-06-17 20:10:00,1603,1605,1603,1605,45
2025-06-17 20:20:00,1604,1604,1604,1604,3
2025-06-17 20:30:00,1604,1604,1604,1604,2
2025-06-17 21:10:00,1605,1605,1605,1605,10
2025-06-17 21:50:00,1605,1610,1605,1610,62
2025-06-17 22:00:00,1609,1609,1608,1608,35
2025-06-17 22:10:00,1609,1619,1609,1619,22
2025-06-17 23:30:00,1619,1619,1616,1616,33
2025-06-17 23:40:00,1616,1619,1616,1619,29
2025-06-18 09:00:00,1624,1670,1624,1633,348
2025-06-18 09:10:00,1634,1634,1633,1633,19
2025-06-18 09:20:00,1631,1631,1627,1631,131
2025-06-18 09:30:00,1631,1631,1622,1630,282
2025-06-18 09:40:00,1629,1633,1629,1633,491
2025-06-18 10:00:00,1632,1633,1625,1625,201
2025-06-18 10:10:00,1625,1625,1619,1620,24
2025-06-18 10:30:00,1624,1624,1624,1624,2
2025-06-18 10:40:00,1624,1624,1624,1624,48
2025-06-18 10:50:00,1625,1625,1624,1624,12
2025-06-18 11:00:00,1626,1626,1625,1625,4
2025-06-18 11:20:00,1625,1625,1625,1625,1
2025-06-18 11:30:00,1625,1627,1625,1627,592
2025-06-18 11:40:00,1626,1627,1626,1627,30
2025-06-18 12:20:00,1627,1627,1627,1627,96
2025-06-18 12:30:00,1632,1632,1632,1632,2
2025-06-18 12:50:00,1634,1634,1634,1634,12
2025-06-18 13:10:00,1633,1633,1633,1633,5
2025-06-18 13:20:00,1628,1632,1628,1628,122
2025-06-18 13:30:00,1631,1631,1631,1631,5
2025-06-18 13:50:00,1633,1633,1633,1633,2
2025-06-18 14:00:00,1628,1628,1624,1628,123
2025-06-18 14:10:00,1625,1625,1624,1624,3
2025-06-18 14:20:00,1627,1627,1627,1627,50
2025-06-18 14:30:00,1629,1629,1629,1629,30
2025-06-18 14:40:00,1626,1628,1626,1628,11
2025-06-18 14:50:00,1626,1626,1626,1626,2
2025-06-18 15:00:00,1626,1626,1625,1625,198
2025-06-18 15:40:00,1630,1630,1630,1630,1
2025-06-18 16:00:00,1632,1632,1632,1632,108
2025-06-18 16:20:00,1624,1624,1624,1624,7
2025-06-18 16:30:00,1622,1622,1622,1622,27
2025-06-18 17:00:00,1627,1627,1622,1622,159
2025-06-18 17:10:00,1622,1622,1622,1622,1
2025-06-18 17:40:00,1627,1627,1627,1627,835
2025-06-18 18:00:00,1626,1626,1626,1626,4
2025-06-18 18:10:00,1629,1629,1629,1629,400
2025-06-18 18:30:00,1631,1631,1631,1631,100
2025-06-18 19:20:00,1626,1626,1625,1625,243
2025-06-18 19:30:00,1625,1630,1625,1630,1201
2025-06-18 19:40:00,1629,1629,1625,1627,50
2025-06-18 19:50:00,1624,1624,1624,1624,50
2025-06-18 20:00:00,1624,1624,1622,1622,86
2025-06-18 20:30:00,1625,1627,1625,1627,380
2025-06-18 20:40:00,1627,1630,1618,1618,806
2025-06-18 20:50:00,1625,1625,1620,1620,270
2025-06-18 21:10:00,1622,1622,1622,1622,33
2025-06-18 21:30:00,1622,1622,1622,1622,1
2025-06-18 21:40:00,1623,1628,1623,1628,39
2025-06-18 21:50:00,1629,1629,1629,1629,1
2025-06-18 22:00:00,1629,1629,1629,1629,40
2025-06-18 23:20:00,1623,1623,1622,1622,30
2025-06-18 23:30:00,1622,1622,1622,1622,5
2025-06-19 09:00:00,1629,1629,1629,1629,1
2025-06-19 09:10:00,1632,1632,1632,1632,1
2025-06-19 09:20:00,1627,1627,1627,1627,1
2025-06-19 09:40:00,1627,1627,1627,1627,100
2025-06-19 10:00:00,1627,1627,1627,1627,1
2025-06-19 10:10:00,1624,1630,1624,1629,61
2025-06-19 10:20:00,1631,1631,1631,1631,3
2025-06-19 10:30:00,1632,1637,1630,1637,102
2025-06-19 10:40:00,1639,1642,1639,1642,457
2025-06-19 10:50:00,1642,1642,1640,1641,115
2025-06-19 11:10:00,1644,1644,1640,1640,2
2025-06-19 11:20:00,1641,1641,1640,1640,11
2025-06-19 11:30:00,1644,1646,1644,1646,2
2025-06-19 11:40:00,1642,1643,1642,1643,12
2025-06-19 11:50:00,1643,1645,1643,1645,172
2025-06-19 12:00:00,1645,1646,1645,1646,10
2025-06-19 12:20:00,1646,1646,1646,1646,10
2025-06-19 12:30:00,1646,1646,1642,1642,136
2025-06-19 12:40:00,1643,1648,1643,1648,130
2025-06-19 13:00:00,1642,1644,1641,1644,90
2025-06-19 13:10:00,1643,1643,1643,1643,21
2025-06-19 13:20:00,1640,1640,1640,1640,51
2025-06-19 13:40:00,1640,1640,1638,1640,142
2025-06-19 13:50:00,1641,1641,1641,1641,7
2025-06-19 14:00:00,1643,1643,1643,1643,1
2025-06-19 14:10:00,1645,1645,1645,1645,1
2025-06-19 14:20:00,1645,1646,1645,1646,401
2025-06-19 14:30:00,1643,1646,1643,1646,158
2025-06-19 15:00:00,1643,1643,1634,1640,323
2025-06-19 15:10:00,1634,1636,1630,1630,183
2025-06-19 15:20:00,1637,1637,1637,1637,1
2025-06-19 15:30:00,1637,1637,1636,1636,145
2025-06-19 15:40:00,1637,1638,1637,1638,54
2025-06-19 15:50:00,1637,1638,1637,1638,2
2025-06-19 16:00:00,1633,1633,1632,1632,30
2025-06-19 16:10:00,1633,1637,1631,1637,199
2025-06-19 16:20:00,1638,1639,1638,1639,106
2025-06-19 16:30:00,1636,1636,1636,1636,3
2025-06-19 16:40:00,1634,1639,1634,1638,61
2025-06-19 16:50:00,1647,1653,1647,1653,844
2025-06-19 17:00:00,1653,1653,1650,1650,227
2025-06-19 17:10:00,1654,1664,1653,1663,115
2025-06-19 17:20:00,1666,1666,1663,1663,5
2025-06-19 17:30:00,1665,1666,1659,1666,122
2025-06-19 17:40:00,1669,1680,1669,1680,1308
2025-06-19 17:50:00,1681,1688,1673,1678,637
2025-06-19 18:00:00,1666,1680,1666,1679,37
2025-06-19 18:10:00,1681,1694,1676,1680,1091
2025-06-19 18:20:00,1678,1689,1678,1689,435
2025-06-19 18:30:00,1690,1696,1675,1675,1065
2025-06-19 18:40:00,1677,1679,1677,1679,2
2025-06-19 19:00:00,1682,1682,1679,1679,233
2025-06-19 19:10:00,1679,1680,1677,1677,373
2025-06-19 19:20:00,1677,1677,1675,1677,31
2025-06-19 19:30:00,1678,1679,1677,1678,70
2025-06-19 19:40:00,1676,1678,1675,1678,15
2025-06-19 19:50:00,1678,1682,1678,1682,237
2025-06-19 20:00:00,1681,1686,1681,1686,221
2025-06-19 20:10:00,1686,1686,1678,1678,309
2025-06-19 20:20:00,1684,1684,1678,1678,8
2025-06-19 20:30:00,1679,1683,1679,1683,6
2025-06-19 20:40:00,1678,1678,1670,1670,317
2025-06-19 20:50:00,1670,1672,1670,1672,5
2025-06-19 21:00:00,1672,1672,1666,1670,140
2025-06-19 21:10:00,1670,1670,1670,1670,7
2025-06-19 21:20:00,1673,1679,1673,1679,21
2025-06-19 21:30:00,1677,1677,1677,1677,1
2025-06-19 21:40:00,1678,1682,1678,1679,7
2025-06-19 21:50:00,1677,1677,1677,1677,26
2025-06-19 22:00:00,1677,1677,1677,1677,100
2025-06-19 22:20:00,1677,1680,1675,1680,18
2025-06-19 22:30:00,1679,1679,1679,1679,26
2025-06-19 22:50:00,1678,1678,1678,1678,1
2025-06-19 23:20:00,1673,1684,1672,1684,258
2025-06-19 23:30:00,1678,1678,1678,1678,1
2025-06-19 23:40:00,1676,1676,1676,1676,1
2025-06-20 09:00:00,1675,1677,1675,1677,1033
2025-06-20 09:10:00,1677,1677,1675,1675,58
2025-06-20 09:20:00,1676,1678,1674,1678,138
2025-06-20 09:30:00,1672,1675,1672,1675,64
2025-06-20 09:40:00,1674,1674,1672,1672,26
2025-06-20 09:50:00,1672,1672,1672,1672,75
2025-06-20 10:00:00,1672,1672,1665,1665,293
2025-06-20 10:10:00,1665,1665,1663,1663,304
2025-06-20 10:20:00,1663,1663,1661,1661,141
2025-06-20 10:30:00,1662,1665,1662,1665,16
2025-06-20 10:40:00,1665,1665,1665,1665,100
2025-06-20 11:00:00,1671,1674,1671,1674,33
2025-06-20 11:10:00,1675,1677,1674,1676,104
2025-06-20 11:20:00,1672,1675,1669,1669,264
2025-06-20 11:30:00,1669,1669,1669,1669,1
2025-06-20 11:50:00,1669,1669,1669,1669,30
2025-06-20 12:10:00,1665,1669,1665,1669,7
2025-06-20 12:20:00,1668,1669,1668,1669,600
2025-06-20 12:30:00,1665,1665,1665,1665,75
2025-06-20 12:40:00,1665,1665,1665,1665,1
2025-06-20 12:50:00,1664,1664,1663,1663,30
2025-06-20 13:00:00,1663,1663,1663,1663,81
2025-06-20 13:10:00,1662,1666,1662,1666,232
2025-06-20 13:20:00,1665,1666,1665,1666,228
2025-06-20 13:30:00,1661,1661,1661,1661,311
2025-06-20 13:40:00,1660,1660,1660,1660,8
2025-06-20 13:50:00,1657,1658,1657,1657,25
2025-06-20 14:10:00,1660,1665,1660,1665,4
2025-06-20 14:20:00,1665,1665,1665,1665,5
2025-06-20 14:30:00,1665,1665,1657,1657,69
2025-06-20 14:40:00,1660,1660,1658,1658,3
2025-06-20 14:50:00,1657,1657,1650,1651,564
2025-06-20 15:00:00,1653,1654,1651,1653,241
2025-06-20 15:10:00,1650,1653,1648,1651,216
2025-06-20 15:20:00,1645,1650,1645,1647,70
2025-06-20 15:30:00,1650,1655,1648,1652,297
2025-06-20 15:40:00,1655,1659,1651,1651,59
2025-06-20 15:50:00,1649,1649,1649,1649,4
2025-06-20 16:00:00,1649,1649,1649,1649,1
2025-06-20 16:10:00,1648,1648,1648,1648,1
2025-06-20 16:20:00,1648,1648,1644,1644,106
2025-06-20 16:30:00,1643,1643,1643,1643,3
2025-06-20 16:40:00,1643,1643,1641,1642,13
2025-06-20 16:50:00,1642,1642,1642,1642,100
2025-06-20 17:00:00,1642,1642,1637,1638,38
2025-06-20 17:10:00,1641,1641,1641,1641,50
2025-06-20 17:20:00,1641,1641,1641,1641,101
2025-06-20 17:30:00,1637,1637,1637,1637,42
2025-06-20 17:40:00,1639,1639,1633,1633,180
2025-06-20 17:50:00,1637,1637,1637,1637,3
2025-06-20 18:00:00,1639,1639,1638,1639,669
2025-06-20 18:10:00,1636,1636,1631,1636,602
2025-06-20 18:20:00,1636,1636,1630,1630,70
2025-06-20 18:40:00,1637,1637,1630,1637,60
2025-06-20 19:00:00,1638,1638,1638,1638,1
2025-06-20 19:10:00,1635,1638,1635,1638,409
2025-06-20 19:20:00,1639,1639,1639,1639,100
2025-06-20 19:30:00,1644,1644,1644,1644,3
2025-06-20 19:40:00,1642,1642,1642,1642,1
2025-06-20 20:00:00,1637,1637,1637,1637,1
2025-06-20 20:10:00,1639,1639,1639,1639,1
2025-06-20 20:20:00,1639,1642,1639,1642,414
2025-06-20 20:30:00,1641,1641,1641,1641,1
2025-06-20 20:40:00,1641,1641,1641,1641,2
2025-06-20 20:50:00,1638,1638,1638,1638,4
2025-06-20 21:20:00,1644,1644,1644,1644,1
2025-06-20 21:30:00,1645,1647,1641,1641,141
2025-06-20 22:00:00,1647,1647,1647,1647,91
2025-06-20 22:10:00,1647,1647,1643,1643,2
2025-06-20 22:20:00,1647,1650,1647,1648,16
2025-06-20 22:30:00,1648,1648,1648,1648,2
2025-06-20 22:40:00,1648,1648,1648,1648,1
2025-06-20 23:00:00,1644,1644,1644,1644,90
2025-06-20 23:10:00,1644,1644,1644,1644,32
2025-06-20 23:20:00,1644,1644,1644,1644,62
2025-06-20 23:30:00,1644,1644,1642,1642,31
2025-06-23 09:00:00,1654,1654,1653,1653,277
2025-06-23 09:10:00,1652,1652,1646,1646,253
2025-06-23 09:20:00,1646,1646,1643,1643,109
2025-06-23 09:30:00,1643,1643,1643,1643,5
2025-06-23 09:40:00,1643,1643,1642,1643,120
2025-06-23 09:50:00,1643,1645,1643,1645,16
2025-06-23 10:00:00,1643,1643,1640,1640,6
2025-06-23 10:10:00,1634,1634,1633,1633,21
2025-06-23 10:20:00,1635,1635,1635,1635,3
2025-06-23 10:30:00,1630,1633,1627,1633,552
2025-06-23 10:40:00,1633,1633,1630,1632,219
2025-06-23 10:50:00,1633,1633,1633,1633,6
2025-06-23 11:00:00,1634,1636,1634,1636,91
2025-06-23 11:10:00,1637,1639,1637,1639,35
2025-06-23 11:20:00,1640,1643,1639,1643,22
2025-06-23 11:30:00,1642,1642,1642,1642,1
2025-06-23 11:40:00,1641,1641,1641,1641,10
2025-06-23 11:50:00,1639,1639,1636,1636,31
2025-06-23 12:00:00,1637,1637,1633,1633,419
2025-06-23 12:10:00,1633,1636,1633,1636,96
2025-06-23 12:30:00,1636,1636,1636,1636,25
2025-06-23 12:40:00,1635,1636,1635,1635,130
2025-06-23 13:00:00,1636,1636,1636,1636,5
2025-06-23 13:10:00,1634,1634,1634,1634,1
2025-06-23 13:20:00,1632,1632,1631,1631,15
2025-06-23 13:30:00,1630,1631,1629,1631,16
2025-06-23 13:50:00,1635,1635,1635,1635,1
2025-06-23 14:00:00,1631,1631,1630,1630,6
2025-06-23 14:10:00,1629,1633,1629,1633,24
2025-06-23 14:40:00,1631,1631,1631,1631,1
2025-06-23 15:00:00,1628,1628,1626,1626,56
2025-06-23 15:20:00,1631,1631,1630,1631,45
2025-06-23 15:40:00,1629,1631,1629,1631,70
2025-06-23 16:00:00,1639,1645,1639,1639,416
2025-06-23 16:20:00,1643,1644,1643,1644,80
2025-06-23 16:30:00,1646,1650,1645,1650,91
2025-06-23 16:40:00,1644,1644,1642,1642,5
2025-06-23 16:50:00,1645,1645,1644,1644,24
2025-06-23 17:10:00,1642,1642,1641,1641,142
2025-06-23 17:20:00,1641,1641,1641,1641,73
2025-06-23 17:30:00,1641,1642,1639,1639,66
2025-06-23 17:40:00,1639,1639,1639,1639,1
2025-06-23 17:50:00,1635,1635,1632,1632,795
2025-06-23 18:00:00,1632,1640,1631,1637,142
2025-06-23 18:10:00,1638,1639,1636,1636,52
2025-06-23 19:10:00,1639,1639,1639,1639,3
2025-06-23 19:20:00,1637,1637,1637,1637,61
2025-06-23 19:30:00,1635,1635,1635,1635,10
2025-06-23 19:40:00,1626,1626,1623,1623,327
2025-06-23 19:50:00,1620,1620,1610,1613,161
2025-06-23 20:00:00,1610,1610,1598,1603,485
2025-06-23 20:10:00,1603,1606,1601,1604,112
2025-06-23 20:20:00,1602,1609,1601,1606,205
2025-06-23 20:30:00,1606,1606,1606,1606,31
2025-06-23 20:40:00,1608,1609,1608,1609,6
2025-06-23 20:50:00,1612,1612,1612,1612,14
2025-06-23 21:00:00,1606,1606,1606,1606,28
2025-06-23 21:10:00,1612,1612,1612,1612,1
2025-06-23 21:20:00,1608,1608,1608,1608,25
2025-06-23 21:30:00,1610,1610,1610,1610,3
2025-06-23 21:40:00,1610,1611,1610,1611,3
2025-06-23 21:50:00,1613,1613,1613,1613,75
2025-06-23 22:00:00,1613,1615,1613,1615,1101
2025-06-23 22:10:00,1616,1619,1616,1619,169
2025-06-23 22:50:00,1618,1619,1618,1619,200
2025-06-23 23:00:00,1613,1614,1613,1614,26
2025-06-23 23:10:00,1610,1610,1610,1610,5
2025-06-23 23:20:00,1606,1610,1605,1605,130
2025-06-24 09:00:00,1610,1614,1610,1614,2
2025-06-24 09:10:00,1612,1612,1612,1612,10
2025-06-24 09:30:00,1612,1612,1612,1612,1
2025-06-24 09:40:00,1612,1612,1608,1608,7
2025-06-24 09:50:00,1609,1609,1608,1608,7
2025-06-24 10:00:00,1613,1613,1613,1613,167
2025-06-24 10:10:00,1613,1614,1613,1614,3
2025-06-24 10:20:00,1611,1611,1605,1605,422
2025-06-24 10:30:00,1607,1607,1605,1605,25
2025-06-24 10:40:00,1606,1607,1606,1607,8
2025-06-24 10:50:00,1606,1606,1605,1605,24
2025-06-24 11:00:00,1604,1607,1604,1607,11
2025-06-24 11:10:00,1603,1606,1598,1598,106
2025-06-24 11:20:00,1597,1598,1597,1598,153
2025-06-24 11:30:00,1596,1601,1594,1601,180
2025-06-24 11:40:00,1598,1598,1596,1596,411
2025-06-24 12:00:00,1600,1600,1600,1600,2
2025-06-24 12:10:00,1599,1601,1599,1601,23
2025-06-24 12:20:00,1598,1598,1593,1593,128
2025-06-24 12:30:00,1593,1598,1593,1598,69
2025-06-24 12:40:00,1602,1602,1602,1602,1
2025-06-24 12:50:00,1600,1600,1600,1600,6
2025-06-24 13:10:00,1606,1610,1605,1605,180
2025-06-24 13:20:00,1605,1610,1605,1605,303
2025-06-24 13:30:00,1607,1607,1607,1607,120
2025-06-24 13:40:00,1605,1605,1605,1605,276
2025-06-24 14:10:00,1610,1610,1610,1610,67
2025-06-24 14:20:00,1615,1616,1605,1605,1040
2025-06-24 14:30:00,1606,1606,1606,1606,7
2025-06-24 15:40:00,1606,1610,1606,1606,30
2025-06-24 15:50:00,1606,1606,1606,1606,50
2025-06-24 16:00:00,1607,1607,1607,1607,370
2025-06-24 16:20:00,1607,1607,1607,1607,90
2025-06-24 17:10:00,1606,1606,1606,1606,3
2025-06-24 17:20:00,1610,1614,1610,1611,56
2025-06-24 18:00:00,1612,1614,1612,1614,244
2025-06-24 18:10:00,1612,1612,1612,1612,7
2025-06-24 18:20:00,1614,1619,1614,1616,667
2025-06-24 18:30:00,1616,1616,1616,1616,1
2025-06-24 19:00:00,1616,1616,1615,1615,9
2025-06-24 19:10:00,1614,1614,1614,1614,5
2025-06-24 19:50:00,1615,1615,1615,1615,2
2025-06-24 20:00:00,1615,1615,1615,1615,1
2025-06-24 20:10:00,1617,1620,1617,1617,75
2025-06-24 20:30:00,1613,1613,1613,1613,2
2025-06-24 21:00:00,1616,1617,1616,1617,20
2025-06-24 21:10:00,1618,1620,1618,1620,3
2025-06-24 21:40:00,1619,1619,1619,1619,1
2025-06-24 21:50:00,1619,1619,1619,1619,16
2025-06-24 22:00:00,1619,1623,1619,1623,44
2025-06-24 22:10:00,1621,1621,1621,1621,26
2025-06-24 22:20:00,1622,1623,1622,1623,305
2025-06-24 22:30:00,1623,1623,1618,1623,230
2025-06-24 22:40:00,1623,1624,1623,1624,7
2025-06-24 22:50:00,1624,1624,1624,1624,29
2025-06-24 23:20:00,1624,1624,1624,1624,1
2025-06-24 23:40:00,1624,1626,1624,1626,453
2025-06-25 09:00:00,1624,1624,1622,1622,26
2025-06-25 09:10:00,1622,1622,1622,1622,19
2025-06-25 09:20:00,1626,1626,1626,1626,40
2025-06-25 09:30:00,1627,1629,1627,1629,60
2025-06-25 09:40:00,1630,1635,1630,1635,26
2025-06-25 10:00:00,1637,1638,1637,1638,3
2025-06-25 10:10:00,1640,1644,1640,1644,42
2025-06-25 10:20:00,1644,1644,1643,1644,89
2025-06-25 10:30:00,1645,1647,1645,1647,50
2025-06-25 10:40:00,1644,1648,1642,1648,153
2025-06-25 10:50:00,1647,1647,1647,1647,50
2025-06-25 11:00:00,1648,1648,1641,1641,185
2025-06-25 11:20:00,1640,1640,1640,1640,19
2025-06-25 11:30:00,1642,1643,1642,1643,500
2025-06-25 11:40:00,1640,1640,1636,1636,158
2025-06-25 11:50:00,1636,1641,1636,1638,115
2025-06-25 12:00:00,1637,1637,1634,1634,431
2025-06-25 12:20:00,1637,1637,1636,1636,80
2025-06-25 12:30:00,1636,1636,1635,1636,32
2025-06-25 13:10:00,1635,1641,1635,1641,70
2025-06-25 13:20:00,1638,1638,1637,1638,46
2025-06-25 13:30:00,1637,1637,1637,1637,2
2025-06-25 13:40:00,1637,1637,1631,1631,271
2025-06-25 13:50:00,1634,1637,1634,1637,12
2025-06-25 14:00:00,1638,1638,1638,1638,5
2025-06-25 14:10:00,1638,1638,1637,1637,40
2025-06-25 14:20:00,1636,1636,1636,1636,50
2025-06-25 14:30:00,1634,1634,1634,1634,20
2025-06-25 14:40:00,1635,1635,1635,1635,15
2025-06-25 14:50:00,1637,1641,1637,1641,30
2025-06-25 15:30:00,1634,1634,1634,1634,4
2025-06-25 15:40:00,1634,1634,1634,1634,250
2025-06-25 16:10:00,1641,1641,1641,1641,3
2025-06-25 16:20:00,1641,1641,1641,1641,27
2025-06-25 16:30:00,1641,1642,1641,1642,60
2025-06-25 16:40:00,1643,1643,1642,1642,172
2025-06-25 16:50:00,1640,1640,1640,1640,3
2025-06-25 17:00:00,1640,1641,1640,1641,18
2025-06-25 17:10:00,1642,1643,1642,1643,41
2025-06-25 17:20:00,1644,1650,1644,1650,154
2025-06-25 17:30:00,1653,1655,1646,1646,138
2025-06-25 17:50:00,1648,1650,1648,1650,50
2025-06-25 18:00:00,1647,1647,1647,1647,4
2025-06-25 18:10:00,1650,1650,1650,1650,5
2025-06-25 18:20:00,1649,1649,1644,1644,202
2025-06-25 18:30:00,1641,1641,1641,1641,3
2025-06-25 19:00:00,1648,1648,1645,1645,52
2025-06-25 19:10:00,1648,1648,1648,1648,15
2025-06-25 20:10:00,1647,1650,1647,1650,35
2025-06-25 20:30:00,1644,1644,1644,1644,25
2025-06-25 20:40:00,1642,1643,1642,1643,90
2025-06-25 21:10:00,1643,1643,1643,1643,1
2025-06-25 21:50:00,1643,1643,1643,1643,5
2025-06-25 22:00:00,1643,1643,1643,1643,30
2025-06-25 22:10:00,1644,1644,1641,1641,3
2025-06-25 22:50:00,1646,1648,1646,1648,100
2025-06-25 23:40:00,1647,1649,1647,1649,500
2025-06-26 09:00:00,1645,1650,1645,1650,45
2025-06-26 09:10:00,1650,1650,1650,1650,9
2025-06-26 09:20:00,1650,1650,1650,1650,29
2025-06-26 09:30:00,1648,1648,1648,1648,107
2025-06-26 09:40:00,1647,1648,1646,1647,22
2025-06-26 10:00:00,1647,1647,1638,1639,492
2025-06-26 10:10:00,1639,1642,1638,1639,209
2025-06-26 10:20:00,1641,1642,1639,1640,612
2025-06-26 10:30:00,1639,1651,1639,1647,251
2025-06-26 10:40:00,1644,1644,1641,1641,150
2025-06-26 10:50:00,1641,1641,1640,1640,43
2025-06-26 11:00:00,1641,1645,1641,1645,20
2025-06-26 11:30:00,1641,1641,1641,1641,3
2025-06-26 11:40:00,1641,1641,1638,1638,605
2025-06-26 12:00:00,1640,1641,1640,1641,10
2025-06-26 12:10:00,1638,1638,1638,1638,3
2025-06-26 12:30:00,1641,1641,1641,1641,1
2025-06-26 12:40:00,1645,1650,1645,1650,100
2025-06-26 13:00:00,1652,1652,1652,1652,1
2025-06-26 13:20:00,1650,1652,1650,1652,16
2025-06-26 13:30:00,1654,1655,1652,1652,3
2025-06-26 14:10:00,1648,1648,1642,1642,402
2025-06-26 14:20:00,1644,1644,1644,1644,28
2025-06-26 14:40:00,1643,1645,1643,1645,244
2025-06-26 14:50:00,1645,1645,1644,1644,64
2025-06-26 15:00:00,1644,1644,1644,1644,52
2025-06-26 15:10:00,1645,1649,1645,1649,419
2025-06-26 15:20:00,1651,1651,1651,1651,1
2025-06-26 15:30:00,1659,1664,1656,1656,140
2025-06-26 15:40:00,1658,1662,1658,1662,100
2025-06-26 15:50:00,1661,1665,1661,1665,31
2025-06-26 16:00:00,1663,1665,1661,1661,181
2025-06-26 16:10:00,1663,1663,1661,1661,400
2025-06-26 16:20:00,1661,1661,1661,1661,811
2025-06-26 16:30:00,1660,1662,1658,1662,88
2025-06-26 16:40:00,1662,1662,1662,1662,8
2025-06-26 16:50:00,1661,1665,1660,1665,377
2025-06-26 17:00:00,1665,1665,1665,1665,18
2025-06-26 17:10:00,1665,1665,1665,1665,136
2025-06-26 17:30:00,1665,1665,1662,1662,11
2025-06-26 17:40:00,1665,1665,1664,1664,8
2025-06-26 18:10:00,1664,1664,1664,1664,1
2025-06-26 18:20:00,1660,1660,1652,1652,1188
2025-06-26 18:30:00,1653,1653,1649,1649,22
2025-06-26 18:40:00,1649,1649,1649,1649,8
2025-06-26 19:00:00,1656,1656,1653,1653,5
2025-06-26 19:10:00,1653,1653,1652,1652,101
2025-06-26 19:30:00,1654,1657,1654,1657,110
2025-06-26 19:40:00,1656,1656,1656,1656,100
2025-06-26 20:00:00,1654,1654,1647,1647,89
2025-06-26 20:10:00,1643,1646,1643,1646,152
2025-06-26 20:20:00,1647,1647,1647,1647,95
2025-06-26 20:30:00,1646,1646,1646,1646,1000
2025-06-26 20:50:00,1646,1646,1646,1646,448
2025-06-26 21:00:00,1646,1646,1646,1646,10
2025-06-26 21:10:00,1646,1646,1646,1646,2
2025-06-26 21:20:00,1645,1645,1645,1645,251
2025-06-26 21:30:00,1644,1644,1643,1643,53
2025-06-26 21:40:00,1643,1643,1639,1639,66
2025-06-26 21:50:00,1643,1643,1643,1643,1
2025-06-26 22:10:00,1642,1642,1642,1642,3
2025-06-26 22:30:00,1645,1645,1645,1645,100
2025-06-26 23:00:00,1644,1644,1644,1644,1
2025-06-26 23:10:00,1641,1641,1641,1641,2
2025-06-26 23:20:00,1641,1641,1641,1641,3
2025-06-27 09:00:00,1647,1649,1647,1649,27
2025-06-27 09:20:00,1649,1652,1647,1652,16
2025-06-27 09:30:00,1652,1652,1651,1651,15
2025-06-27 09:40:00,1650,1650,1641,1643,1012
2025-06-27 09:50:00,1645,1645,1645,1645,1
2025-06-27 10:00:00,1644,1644,1638,1640,1028
2025-06-27 10:10:00,1638,1638,1634,1638,36
2025-06-27 10:20:00,1638,1638,1637,1637,17
2025-06-27 10:30:00,1637,1637,1630,1630,130
2025-06-27 10:40:00,1633,1641,1633,1636,207
2025-06-27 10:50:00,1636,1639,1636,1639,2
2025-06-27 11:00:00,1637,1637,1636,1636,96
2025-06-27 11:10:00,1637,1637,1634,1634,60
2025-06-27 11:30:00,1634,1634,1634,1634,18
2025-06-27 11:40:00,1634,1639,1634,1639,76
2025-06-27 11:50:00,1634,1637,1634,1637,2
2025-06-27 12:00:00,1634,1634,1627,1632,538
2025-06-27 12:10:00,1628,1634,1626,1634,890
2025-06-27 12:20:00,1634,1634,1633,1633,52
2025-06-27 12:30:00,1633,1633,1633,1633,15
2025-06-27 12:50:00,1633,1634,1633,1634,15
2025-06-27 13:10:00,1636,1636,1631,1636,52
2025-06-27 13:20:00,1636,1636,1636,1636,1
2025-06-27 13:30:00,1636,1636,1636,1636,1
2025-06-27 13:40:00,1633,1633,1630,1630,17
2025-06-27 14:00:00,1630,1630,1628,1628,13
2025-06-27 14:10:00,1628,1628,1627,1628,10
2025-06-27 14:20:00,1628,1630,1628,1630,57
2025-06-27 14:30:00,1630,1630,1630,1630,45
2025-06-27 14:40:00,1631,1633,1631,1633,200
2025-06-27 14:50:00,1632,1633,1632,1633,75
2025-06-27 15:10:00,1632,1632,1632,1632,2
2025-06-27 15:20:00,1631,1631,1630,1630,3
2025-06-27 16:10:00,1631,1631,1631,1631,547
2025-06-27 16:20:00,1631,1636,1631,1636,33
2025-06-27 16:50:00,1639,1641,1637,1641,60
2025-06-27 17:00:00,1641,1641,1638,1638,67
2025-06-27 17:10:00,1640,1640,1638,1638,28
2025-06-27 17:30:00,1640,1640,1638,1638,18
2025-06-27 17:40:00,1640,1640,1640,1640,6
2025-06-27 17:50:00,1640,1640,1640,1640,7
2025-06-27 18:00:00,1645,1651,1645,1651,232
2025-06-27 18:10:00,1651,1651,1650,1651,988
2025-06-27 18:30:00,1646,1646,1645,1645,302
2025-06-27 19:10:00,1643,1647,1643,1647,116
2025-06-27 19:20:00,1647,1647,1647,1647,10
2025-06-27 19:30:00,1651,1651,1651,1651,1
2025-06-27 19:40:00,1653,1656,1653,1656,612
2025-06-27 19:50:00,1657,1658,1656,1658,237
2025-06-27 20:00:00,1658,1658,1658,1658,40
2025-06-27 20:10:00,1657,1657,1657,1657,3
2025-06-27 20:40:00,1657,1658,1657,1657,252
2025-06-27 20:50:00,1657,1657,1652,1652,301
2025-06-27 21:00:00,1654,1655,1654,1655,200
2025-06-27 21:10:00,1656,1656,1656,1656,60
2025-06-27 21:20:00,1656,1657,1656,1657,3
2025-06-27 21:40:00,1657,1657,1657,1657,2
2025-06-27 22:00:00,1653,1653,1653,1653,1
2025-06-27 22:10:00,1656,1656,1656,1656,56
2025-06-27 22:20:00,1656,1656,1656,1656,17
2025-06-27 22:30:00,1656,1656,1656,1656,1
2025-06-27 22:50:00,1656,1656,1656,1656,2
2025-06-27 23:00:00,1654,1655,1654,1655,2
2025-06-27 23:10:00,1655,1655,1655,1655,4
2025-06-27 23:40:00,1655,1657,1655,1657,31
2025-06-30 08:50:00,1674,1674,1674,1674,158
2025-06-30 09:00:00,1675,1681,1671,1675,477
2025-06-30 09:10:00,1680,1681,1675,1680,456
2025-06-30 09:20:00,1681,1681,1680,1681,256
2025-06-30 09:30:00,1681,1725,1681,1711,7930
2025-06-30 09:40:00,1709,1712,1708,1711,2234
2025-06-30 09:50:00,1710,1725,1709,1718,3410
2025-06-30 10:00:00,1719,1721,1714,1718,871
2025-06-30 10:10:00,1718,1721,1707,1713,6702
2025-06-30 10:20:00,1713,1718,1706,1708,3042
2025-06-30 10:30:00,1708,1710,1690,1693,3331
2025-06-30 10:40:00,1693,1703,1691,1703,930
2025-06-30 10:50:00,1694,1699,1694,1697,733
2025-06-30 11:00:00,1698,1699,1694,1699,327
2025-06-30 11:10:00,1699,1699,1696,1698,115
2025-06-30 11:20:00,1699,1699,1695,1695,60
2025-06-30 11:30:00,1694,1694,1686,1691,2104
2025-06-30 11:40:00,1691,1695,1691,1695,145
2025-06-30 11:50:00,1693,1695,1692,1692,671
2025-06-30 12:00:00,1692,1696,1692,1692,624
2025-06-30 12:10:00,1692,1695,1688,1695,313
2025-06-30 12:20:00,1694,1695,1690,1690,88
2025-06-30 12:30:00,1691,1695,1691,1691,603
2025-06-30 12:40:00,1690,1693,1689,1690,238
2025-06-30 12:50:00,1692,1693,1689,1689,312
2025-06-30 13:00:00,1699,1717,1699,1713,690
2025-06-30 13:10:00,1716,1717,1710,1710,470
2025-06-30 13:20:00,1710,1714,1709,1712,159
2025-06-30 13:30:00,1714,1718,1714,1718,763
2025-06-30 13:40:00,1716,1721,1715,1721,528
2025-06-30 13:50:00,1720,1721,1715,1715,47
2025-06-30 14:00:00,1718,1721,1715,1720,7
2025-06-30 14:10:00,1720,1721,1715,1715,305
2025-06-30 14:20:00,1714,1718,1706,1707,2444
2025-06-30 14:30:00,1708,1708,1699,1699,3077
2025-06-30 14:40:00,1698,1704,1696,1700,202
2025-06-30 14:50:00,1697,1699,1696,1699,80
2025-06-30 15:00:00,1703,1703,1703,1703,7
2025-06-30 15:10:00,1699,1702,1697,1700,77
2025-06-30 15:20:00,1700,1701,1696,1699,268
2025-06-30 15:30:00,1705,1705,1696,1702,51
2025-06-30 15:40:00,1702,1704,1696,1704,764
2025-06-30 15:50:00,1704,1707,1700,1700,332
2025-06-30 16:00:00,1705,1705,1705,1705,23
2025-06-30 16:10:00,1705,1707,1700,1700,124
2025-06-30 16:20:00,1700,1703,1700,1701,203
2025-06-30 16:30:00,1703,1704,1701,1701,683
2025-06-30 16:40:00,1701,1704,1700,1704,416
2025-06-30 16:50:00,1704,1704,1700,1700,35
2025-06-30 17:00:00,1700,1703,1694,1703,246
2025-06-30 17:10:00,1696,1703,1695,1702,145
2025-06-30 17:20:00,1696,1703,1693,1695,337
2025-06-30 17:30:00,1700,1700,1700,1700,30
2025-06-30 18:00:00,1697,1697,1697,1697,1
2025-06-30 18:10:00,1697,1697,1697,1697,5
2025-06-30 18:20:00,1697,1700,1697,1697,131
2025-06-30 18:30:00,1697,1697,1697,1697,306
2025-06-30 18:40:00,1697,1697,1697,1697,1
2025-06-30 19:10:00,1700,1700,1699,1700,3
2025-06-30 19:20:00,1700,1702,1700,1702,188
2025-06-30 19:30:00,1701,1707,1701,1707,912
2025-06-30 19:40:00,1709,1709,1709,1709,7
2025-06-30 19:50:00,1709,1709,1709,1709,1
2025-06-30 20:00:00,1705,1710,1705,1710,86
2025-06-30 20:10:00,1709,1710,1709,1710,15
2025-06-30 20:20:00,1710,1710,1710,1710,56
2025-06-30 20:30:00,1710,1710,1710,1710,22
2025-06-30 20:40:00,1708,1710,1708,1710,301
2025-06-30 20:50:00,1713,1713,1713,1713,420
2025-06-30 21:10:00,1712,1712,1712,1712,4
2025-06-30 21:20:00,1710,1712,1708,1712,4
2025-06-30 21:30:00,1713,1713,1713,1713,31
2025-06-30 21:40:00,1708,1708,1708,1708,10
2025-06-30 21:50:00,1708,1708,1705,1705,200
2025-06-30 22:10:00,1711,1713,1706,1706,91
2025-06-30 22:30:00,1708,1713,1706,1713,340
2025-06-30 22:40:00,1707,1707,1707,1707,1
2025-06-30 22:50:00,1707,1711,1706,1711,6
2025-06-30 23:00:00,1710,1710,1710,1710,1
2025-06-30 23:10:00,1711,1713,1710,1713,105
2025-06-30 23:20:00,1712,1713,1712,1713,220
2025-06-30 23:30:00,1713,1713,1713,1713,10
2025-06-30 23:40:00,1713,1717,1710,1710,131
2025-07-01 09:00:00,1710,1721,1710,1714,430
2025-07-01 09:10:00,1719,1719,1710,1717,798
2025-07-01 09:20:00,1719,1719,1717,1719,44
2025-07-01 09:30:00,1718,1725,1717,1717,151
2025-07-01 09:40:00,1720,1721,1720,1721,41
2025-07-01 09:50:00,1722,1723,1720,1720,121
2025-07-01 10:00:00,1720,1720,1713,1716,119
2025-07-01 10:10:00,1719,1719,1711,1718,172
2025-07-01 10:20:00,1714,1714,1714,1714,12
2025-07-01 10:30:00,1717,1719,1715,1715,426
2025-07-01 10:40:00,1718,1719,1714,1719,37
2025-07-01 10:50:00,1719,1724,1719,1721,62
2025-07-01 11:00:00,1721,1721,1719,1719,25
2025-07-01 11:10:00,1720,1724,1717,1717,111
2025-07-01 11:20:00,1716,1716,1714,1714,75
2025-07-01 11:30:00,1715,1715,1711,1714,661
2025-07-01 11:40:00,1716,1718,1716,1718,12
2025-07-01 11:50:00,1719,1719,1715,1715,3
2025-07-01 12:00:00,1711,1713,1710,1710,115
2025-07-01 12:10:00,1712,1712,1710,1710,44
2025-07-01 12:20:00,1709,1718,1709,1712,35
2025-07-01 12:30:00,1717,1717,1714,1714,45
2025-07-01 12:40:00,1713,1713,1713,1713,1
2025-07-01 12:50:00,1714,1717,1713,1713,20
2025-07-01 13:10:00,1710,1710,1706,1706,933
2025-07-01 13:20:00,1709,1709,1706,1706,8
2025-07-01 13:40:00,1707,1707,1706,1706,57
2025-07-01 13:50:00,1709,1709,1708,1708,3
2025-07-01 14:00:00,1710,1712,1710,1712,3
2025-07-01 14:10:00,1708,1715,1708,1715,10
2025-07-01 14:20:00,1709,1710,1709,1710,11
2025-07-01 14:30:00,1709,1709,1706,1706,414
2025-07-01 14:40:00,1708,1708,1707,1707,50
2025-07-01 15:00:00,1707,1710,1707,1710,11
2025-07-01 15:10:00,1710,1712,1710,1710,36
2025-07-01 15:30:00,1710,1710,1710,1710,10
2025-07-01 15:40:00,1708,1710,1708,1710,60
2025-07-01 15:50:00,1710,1718,1710,1711,2794
2025-07-01 16:00:00,1713,1714,1713,1714,50
2025-07-01 16:10:00,1712,1717,1711,1711,423
2025-07-01 16:30:00,1713,1713,1713,1713,2
2025-07-01 16:40:00,1716,1719,1716,1719,15
2025-07-01 16:50:00,1718,1718,1718,1718,15
2025-07-01 17:00:00,1717,1720,1707,1707,594
2025-07-01 17:10:00,1709,1709,1706,1706,200
2025-07-01 17:20:00,1709,1710,1706,1710,43
2025-07-01 17:40:00,1710,1710,1707,1710,57
2025-07-01 17:50:00,1710,1710,1705,1705,538
2025-07-01 18:00:00,1706,1706,1700,1700,122
2025-07-01 18:10:00,1702,1711,1702,1711,295
2025-07-01 18:20:00,1705,1705,1705,1705,2
2025-07-01 18:30:00,1700,1700,1700,1700,34
2025-07-01 19:00:00,1708,1708,1708,1708,20
2025-07-01 19:10:00,1706,1709,1706,1709,22
2025-07-01 19:20:00,1709,1709,1709,1709,20
2025-07-01 19:40:00,1706,1706,1706,1706,1
2025-07-01 19:50:00,1704,1704,1700,1701,945
2025-07-01 20:10:00,1701,1701,1701,1701,1
2025-07-01 20:20:00,1701,1701,1701,1701,8
2025-07-01 20:40:00,1701,1701,1700,1700,60
2025-07-01 21:20:00,1699,1699,1699,1699,500
2025-07-01 21:30:00,1701,1701,1701,1701,1
2025-07-01 21:50:00,1702,1702,1702,1702,1
2025-07-01 22:00:00,1699,1705,1699,1705,328
2025-07-01 22:10:00,1699,1699,1697,1699,165
2025-07-01 22:20:00,1699,1699,1699,1699,40
2025-07-01 22:40:00,1699,1699,1699,1699,30
2025-07-01 23:10:00,1706,1706,1706,1706,5
2025-07-01 23:30:00,1699,1699,1699,1699,14
2025-07-01 23:40:00,1707,1708,1707,1708,310
2025-07-02 09:00:00,1709,1709,1709,1709,1
2025-07-02 09:10:00,1709,1710,1707,1709,108
2025-07-02 09:20:00,1697,1704,1696,1696,223
2025-07-02 09:30:00,1698,1698,1695,1698,68
2025-07-02 09:40:00,1697,1697,1697,1697,5
2025-07-02 10:00:00,1701,1705,1699,1704,111
2025-07-02 10:10:00,1698,1698,1696,1696,570
2025-07-02 10:20:00,1695,1701,1695,1699,403
2025-07-02 10:30:00,1699,1703,1698,1698,140
2025-07-02 10:40:00,1697,1697,1693,1695,839
2025-07-02 10:50:00,1694,1694,1694,1694,11
2025-07-02 11:00:00,1693,1693,1691,1691,69
2025-07-02 11:10:00,1690,1690,1686,1689,386
2025-07-02 11:20:00,1689,1689,1687,1687,94
2025-07-02 11:30:00,1688,1688,1680,1680,474
2025-07-02 11:40:00,1681,1686,1680,1680,231
2025-07-02 11:50:00,1681,1691,1680,1683,613
2025-07-02 12:00:00,1683,1685,1681,1683,57
2025-07-02 12:10:00,1684,1692,1684,1689,97
2025-07-02 12:20:00,1693,1696,1693,1696,350
2025-07-02 12:40:00,1693,1693,1693,1693,10
2025-07-02 12:50:00,1689,1689,1689,1689,150
2025-07-02 13:00:00,1689,1689,1685,1685,247
2025-07-02 13:10:00,1688,1688,1682,1682,15
2025-07-02 13:30:00,1683,1690,1682,1682,586
2025-07-02 13:40:00,1691,1691,1691,1691,1
2025-07-02 14:00:00,1690,1690,1676,1683,5227
2025-07-02 14:10:00,1678,1681,1677,1677,103
2025-07-02 14:20:00,1679,1679,1679,1679,51
2025-07-02 14:30:00,1679,1685,1679,1682,312
2025-07-02 14:40:00,1680,1682,1680,1682,548
2025-07-02 14:50:00,1682,1684,1679,1683,323
2025-07-02 15:00:00,1682,1682,1682,1682,1
2025-07-02 15:10:00,1681,1681,1680,1681,6
2025-07-02 15:20:00,1680,1680,1677,1677,174
2025-07-02 15:30:00,1682,1682,1682,1682,5
2025-07-02 15:40:00,1683,1683,1680,1681,82
2025-07-02 15:50:00,1681,1684,1681,1684,108
2025-07-02 16:00:00,1683,1683,1683,1683,20
2025-07-02 16:10:00,1685,1685,1685,1685,61
2025-07-02 16:20:00,1682,1684,1682,1683,103
2025-07-02 16:30:00,1680,1680,1680,1680,20
2025-07-02 16:40:00,1681,1681,1681,1681,40
2025-07-02 16:50:00,1680,1680,1678,1678,144
2025-07-02 17:00:00,1680,1680,1680,1680,1
2025-07-02 17:10:00,1678,1678,1676,1676,217
2025-07-02 17:20:00,1676,1676,1676,1676,47
2025-07-02 17:30:00,1678,1678,1678,1678,40
2025-07-02 17:40:00,1676,1678,1676,1678,389
2025-07-02 17:50:00,1678,1678,1673,1673,426
2025-07-02 18:00:00,1675,1677,1674,1677,1103
2025-07-02 18:10:00,1676,1678,1673,1678,280
2025-07-02 18:20:00,1678,1679,1678,1679,58
2025-07-02 18:30:00,1675,1678,1675,1678,14
2025-07-02 18:40:00,1680,1680,1663,1671,774
2025-07-02 19:00:00,1685,1696,1685,1690,1268
2025-07-02 19:10:00,1697,1701,1690,1690,3727
2025-07-02 19:20:00,1697,1698,1693,1695,197
2025-07-02 19:30:00,1691,1691,1688,1688,416
2025-07-02 19:40:00,1690,1695,1689,1690,286
2025-07-02 19:50:00,1687,1687,1684,1685,502
2025-07-02 20:00:00,1692,1693,1692,1693,200
2025-07-02 20:30:00,1690,1690,1690,1690,1
2025-07-02 20:40:00,1690,1690,1690,1690,2
2025-07-02 21:10:00,1689,1690,1689,1690,32
2025-07-02 21:20:00,1689,1689,1687,1687,4
2025-07-02 21:30:00,1688,1688,1688,1688,1
2025-07-02 21:40:00,1689,1689,1689,1689,1
2025-07-02 21:50:00,1690,1690,1690,1690,40
2025-07-02 22:00:00,1688,1688,1688,1688,125
2025-07-02 22:10:00,1690,1691,1690,1691,60
2025-07-02 22:20:00,1690,1690,1690,1690,1
2025-07-02 22:40:00,1686,1686,1686,1686,51
2025-07-03 08:50:00,1690,1690,1690,1690,10
2025-07-03 09:00:00,1692,1692,1692,1692,13
2025-07-03 09:10:00,1691,1691,1690,1690,13
2025-07-03 09:20:00,1695,1698,1695,1695,201
2025-07-03 09:40:00,1694,1694,1694,1694,2
2025-07-03 09:50:00,1692,1695,1690,1695,136
2025-07-03 10:00:00,1685,1689,1684,1689,77
2025-07-03 10:10:00,1687,1687,1687,1687,171
2025-07-03 10:20:00,1690,1690,1690,1690,4
2025-07-03 10:30:00,1690,1690,1687,1687,19
2025-07-03 10:40:00,1689,1690,1689,1689,20
2025-07-03 10:50:00,1690,1695,1690,1695,356
2025-07-03 11:00:00,1696,1703,1696,1700,312
2025-07-03 11:10:00,1697,1706,1697,1705,752
2025-07-03 11:20:00,1705,1705,1697,1697,54
2025-07-03 11:30:00,1696,1696,1693,1693,31
2025-07-03 11:40:00,1700,1701,1696,1696,19
2025-07-03 11:50:00,1700,1701,1700,1701,2
2025-07-03 12:00:00,1701,1708,1701,1705,55
2025-07-03 12:10:00,1704,1704,1701,1701,30
2025-07-03 12:20:00,1698,1698,1698,1698,1
2025-07-03 12:30:00,1699,1703,1698,1698,459
2025-07-03 12:40:00,1702,1702,1697,1697,42
2025-07-03 12:50:00,1701,1701,1694,1694,53
2025-07-03 13:00:00,1696,1701,1695,1695,539
2025-07-03 13:20:00,1697,1700,1697,1698,292
2025-07-03 13:30:00,1698,1701,1697,1700,223
2025-07-03 13:40:00,1700,1702,1700,1702,354
2025-07-03 13:50:00,1702,1702,1702,1702,150
2025-07-03 14:00:00,1701,1701,1697,1697,10
2025-07-03 14:20:00,1701,1701,1701,1701,40
2025-07-03 14:40:00,1702,1702,1699,1700,8
2025-07-03 14:50:00,1702,1702,1699,1699,20
2025-07-03 15:00:00,1699,1700,1699,1700,6
2025-07-03 15:10:00,1700,1700,1700,1700,2
2025-07-03 15:40:00,1698,1698,1697,1697,4
2025-07-03 16:10:00,1698,1702,1698,1699,522
2025-07-03 16:20:00,1700,1703,1700,1701,472
2025-07-03 16:30:00,1698,1698,1697,1697,31
2025-07-03 17:00:00,1703,1703,1699,1699,136
2025-07-03 17:10:00,1701,1701,1701,1701,3
2025-07-03 17:20:00,1700,1700,1698,1698,5
2025-07-03 17:30:00,1699,1699,1697,1697,33
2025-07-03 18:00:00,1697,1697,1696,1696,15
2025-07-03 18:10:00,1696,1696,1696,1696,1
2025-07-03 18:20:00,1698,1700,1698,1700,9
2025-07-03 18:30:00,1700,1700,1700,1700,10
2025-07-03 18:40:00,1701,1701,1701,1701,21
2025-07-03 19:00:00,1699,1701,1699,1701,15
2025-07-03 19:10:00,1699,1699,1694,1694,17
2025-07-03 19:30:00,1691,1696,1691,1693,21
2025-07-03 19:50:00,1687,1687,1684,1685,310
2025-07-03 20:00:00,1683,1683,1682,1682,200
2025-07-03 20:10:00,1682,1682,1670,1673,4442
2025-07-03 20:20:00,1674,1674,1670,1673,2290
2025-07-03 20:30:00,1673,1675,1673,1675,472
2025-07-03 20:40:00,1675,1675,1675,1675,50
2025-07-03 20:50:00,1675,1675,1671,1671,21
2025-07-03 21:00:00,1674,1675,1674,1675,52
2025-07-03 21:10:00,1675,1675,1673,1673,50
2025-07-03 21:20:00,1674,1675,1674,1675,12
2025-07-03 21:30:00,1674,1674,1674,1674,3
2025-07-03 21:40:00,1674,1674,1674,1674,20
2025-07-03 21:50:00,1672,1672,1671,1671,41
2025-07-03 22:00:00,1672,1673,1672,1673,80
2025-07-03 22:10:00,1672,1672,1672,1672,1
2025-07-03 22:20:00,1672,1672,1672,1672,2
2025-07-03 22:30:00,1673,1674,1673,1674,75
2025-07-03 22:40:00,1672,1672,1671,1671,220
2025-07-03 22:50:00,1673,1673,1664,1665,141
2025-07-03 23:00:00,1664,1664,1663,1663,145
2025-07-03 23:10:00,1666,1668,1665,1668,96
2025-07-03 23:30:00,1671,1672,1666,1666,71
2025-07-03 23:40:00,1671,1671,1671,1671,100
2025-07-04 09:00:00,1662,1671,1662,1671,138
2025-07-04 09:10:00,1668,1669,1666,1666,286
2025-07-04 09:20:00,1666,1666,1666,1666,1
2025-07-04 09:30:00,1667,1668,1666,1668,55
2025-07-04 09:40:00,1666,1670,1666,1670,7
2025-07-04 09:50:00,1669,1670,1669,1670,707
2025-07-04 10:00:00,1668,1675,1668,1675,163
2025-07-04 10:10:00,1674,1681,1673,1675,241
2025-07-04 10:20:00,1675,1676,1675,1676,100
2025-07-04 10:30:00,1671,1671,1670,1670,4
2025-07-04 10:40:00,1669,1671,1669,1671,6
2025-07-04 11:10:00,1666,1666,1656,1663,1410
2025-07-04 11:20:00,1662,1662,1661,1662,29
2025-07-04 11:30:00,1663,1665,1663,1665,50
2025-07-04 11:40:00,1661,1662,1655,1662,539
2025-07-04 11:50:00,1662,1663,1654,1654,109
2025-07-04 12:00:00,1653,1657,1651,1657,386
2025-07-04 12:10:00,1656,1657,1654,1657,361
2025-07-04 12:20:00,1655,1660,1654,1660,237
2025-07-04 12:30:00,1657,1660,1657,1657,118
2025-07-04 12:40:00,1659,1659,1657,1657,51
2025-07-04 12:50:00,1659,1660,1659,1660,54
2025-07-04 13:00:00,1661,1661,1661,1661,136
2025-07-04 13:20:00,1663,1663,1663,1663,2
2025-07-04 13:40:00,1661,1661,1661,1661,4
2025-07-04 13:50:00,1668,1669,1668,1669,45
2025-07-04 14:20:00,1669,1673,1669,1673,22
2025-07-04 14:30:00,1676,1680,1675,1675,351
2025-07-04 14:40:00,1679,1680,1679,1680,90
2025-07-04 15:00:00,1681,1681,1681,1681,32
2025-07-04 15:10:00,1681,1681,1672,1672,94
2025-07-04 15:20:00,1673,1673,1673,1673,40
2025-07-04 15:30:00,1676,1676,1675,1675,16
2025-07-04 15:40:00,1675,1675,1672,1672,1100
2025-07-04 15:50:00,1672,1672,1671,1671,143
2025-07-04 16:00:00,1675,1675,1675,1675,3
2025-07-04 16:10:00,1677,1677,1677,1677,3
2025-07-04 16:20:00,1676,1676,1676,1676,190
2025-07-04 16:30:00,1676,1679,1676,1678,100
2025-07-04 16:40:00,1676,1676,1675,1675,120
2025-07-04 17:10:00,1675,1675,1675,1675,382
2025-07-04 18:00:00,1675,1675,1674,1674,32
2025-07-04 18:40:00,1674,1674,1672,1672,50
2025-07-04 19:00:00,1671,1673,1671,1673,40
2025-07-04 19:10:00,1668,1668,1668,1668,135
2025-07-04 19:20:00,1668,1668,1668,1668,61
2025-07-04 19:40:00,1670,1670,1670,1670,1
2025-07-04 20:20:00,1669,1669,1666,1667,31
2025-07-04 20:40:00,1667,1667,1667,1667,7
2025-07-04 20:50:00,1666,1666,1665,1665,22
2025-07-04 21:00:00,1665,1665,1665,1665,28
2025-07-04 21:10:00,1664,1664,1664,1664,5
2025-07-04 21:20:00,1666,1666,1666,1666,42
2025-07-04 21:50:00,1666,1666,1666,1666,1
2025-07-04 22:00:00,1666,1666,1666,1666,26
2025-07-04 22:20:00,1669,1669,1669,1669,5
2025-07-04 22:30:00,1669,1674,1668,1668,207
2025-07-07 08:50:00,1699,1699,1699,1699,13
2025-07-07 09:00:00,1686,1688,1686,1686,63
2025-07-07 09:10:00,1682,1685,1678,1678,37
2025-07-07 09:20:00,1678,1684,1678,1678,147
2025-07-07 09:30:00,1678,1680,1677,1678,57
2025-07-07 09:40:00,1680,1683,1680,1683,58
2025-07-07 09:50:00,1680,1680,1680,1680,50
2025-07-07 10:00:00,1685,1685,1682,1683,120
2025-07-07 10:10:00,1683,1683,1679,1679,43
2025-07-07 10:20:00,1680,1684,1677,1677,242
2025-07-07 10:30:00,1677,1678,1675,1678,175
2025-07-07 10:40:00,1675,1677,1675,1676,253
2025-07-07 10:50:00,1674,1678,1672,1678,93
2025-07-07 11:00:00,1679,1680,1679,1679,9
2025-07-07 11:10:00,1679,1679,1673,1673,221
2025-07-07 11:30:00,1676,1676,1676,1676,42
2025-07-07 11:40:00,1675,1677,1674,1677,269
2025-07-07 12:00:00,1671,1672,1671,1672,60
2025-07-07 12:10:00,1673,1678,1673,1678,310
2025-07-07 12:20:00,1676,1676,1674,1674,279
2025-07-07 12:30:00,1676,1676,1675,1675,44
2025-07-07 12:40:00,1674,1674,1674,1674,258
2025-07-07 12:50:00,1673,1675,1673,1675,18
2025-07-07 13:00:00,1673,1675,1667,1674,1667
2025-07-07 13:10:00,1674,1674,1674,1674,82
2025-07-07 13:30:00,1667,1667,1665,1665,878
2025-07-07 13:40:00,1665,1665,1661,1661,1593
2025-07-07 13:50:00,1660,1661,1660,1661,1117
2025-07-07 14:10:00,1662,1662,1660,1660,14
2025-07-07 14:20:00,1660,1660,1660,1660,142
2025-07-07 14:30:00,1660,1660,1660,1660,1
2025-07-07 14:50:00,1661,1661,1661,1661,101
2025-07-07 15:00:00,1662,1662,1660,1660,13
2025-07-07 15:10:00,1661,1661,1661,1661,1
2025-07-07 15:30:00,1659,1659,1659,1659,157
2025-07-07 15:40:00,1660,1660,1657,1657,10
2025-07-07 15:50:00,1657,1660,1657,1657,6
2025-07-07 16:00:00,1657,1659,1657,1659,17
2025-07-07 16:10:00,1657,1657,1655,1655,433
2025-07-07 16:20:00,1657,1657,1656,1656,2
2025-07-07 16:30:00,1659,1659,1658,1658,131
2025-07-07 16:40:00,1658,1659,1657,1659,168
2025-07-07 16:50:00,1659,1659,1651,1654,772
2025-07-07 17:00:00,1650,1653,1647,1652,794
2025-07-07 17:10:00,1649,1649,1649,1649,8
2025-07-07 17:20:00,1650,1654,1650,1654,129
2025-07-07 17:30:00,1659,1661,1659,1661,101
2025-07-07 17:40:00,1660,1663,1660,1661,8
2025-07-07 17:50:00,1659,1659,1659,1659,27
2025-07-07 18:00:00,1657,1657,1656,1656,77
2025-07-07 18:10:00,1658,1658,1657,1657,85
2025-07-07 18:20:00,1652,1655,1651,1654,81
2025-07-07 18:30:00,1651,1657,1651,1651,57
2025-07-07 18:40:00,1652,1657,1652,1657,80
2025-07-07 19:00:00,1658,1658,1658,1658,120
2025-07-07 19:10:00,1659,1662,1658,1662,170
2025-07-07 19:20:00,1656,1656,1656,1656,9
2025-07-07 19:30:00,1656,1656,1656,1656,11
2025-07-07 19:50:00,1657,1657,1653,1653,94
2025-07-07 20:00:00,1652,1653,1650,1653,228
2025-07-07 20:30:00,1653,1653,1653,1653,3
2025-07-07 21:00:00,1652,1653,1652,1653,5
2025-07-07 21:10:00,1653,1654,1649,1654,140
2025-07-07 21:30:00,1649,1649,1649,1649,3
2025-07-07 21:40:00,1653,1653,1653,1653,11
2025-07-07 21:50:00,1649,1649,1649,1649,1
2025-07-07 22:00:00,1653,1658,1652,1652,82
2025-07-07 22:20:00,1653,1653,1653,1653,2
2025-07-07 22:40:00,1653,1653,1653,1653,87
2025-07-07 22:50:00,1654,1655,1654,1655,213
2025-07-07 23:00:00,1655,1655,1655,1655,20
2025-07-07 23:10:00,1658,1658,1657,1657,33
2025-07-07 23:20:00,1656,1663,1656,1663,154
2025-07-07 23:30:00,1662,1662,1662,1662,1
2025-07-07 23:40:00,1656,1657,1646,1651,1322
2025-07-08 08:50:00,1635,1635,1635,1635,200
2025-07-08 09:00:00,1635,1650,1635,1647,178
2025-07-08 09:10:00,1648,1654,1647,1647,1760
2025-07-08 09:20:00,1651,1654,1648,1648,33
2025-07-08 09:30:00,1648,1653,1648,1651,35
2025-07-08 09:40:00,1651,1651,1648,1648,84
2025-07-08 09:50:00,1651,1652,1647,1651,1490
2025-07-08 10:00:00,1649,1657,1649,1656,303
2025-07-08 10:10:00,1652,1652,1647,1647,102
2025-07-08 10:20:00,1651,1656,1651,1656,26
2025-07-08 10:30:00,1657,1657,1657,1657,5
2025-07-08 10:40:00,1658,1661,1658,1658,576
2025-07-08 10:50:00,1657,1657,1657,1657,64
2025-07-08 11:00:00,1655,1655,1653,1653,13
2025-07-08 11:10:00,1655,1656,1655,1656,10
2025-07-08 11:20:00,1655,1657,1653,1655,61
2025-07-08 11:30:00,1659,1661,1659,1661,40
2025-07-08 11:40:00,1657,1661,1657,1660,592
2025-07-08 11:50:00,1659,1659,1659,1659,23
2025-07-08 12:10:00,1659,1659,1659,1659,100
2025-07-08 12:20:00,1661,1662,1658,1658,130
2025-07-08 12:30:00,1658,1662,1658,1662,162
2025-07-08 12:40:00,1662,1669,1662,1662,2452
2025-07-08 12:50:00,1663,1670,1663,1666,2046
2025-07-08 13:00:00,1666,1666,1666,1666,4
2025-07-08 13:10:00,1669,1671,1667,1667,266
2025-07-08 13:20:00,1668,1668,1666,1666,85
2025-07-08 13:30:00,1667,1673,1667,1670,3377
2025-07-08 13:40:00,1669,1669,1664,1664,596
2025-07-08 13:50:00,1661,1663,1658,1661,27
2025-07-08 14:10:00,1663,1663,1663,1663,199
2025-07-08 14:50:00,1659,1659,1657,1659,445
2025-07-08 15:00:00,1659,1661,1656,1659,993
2025-07-08 15:10:00,1659,1659,1656,1659,112
2025-07-08 15:30:00,1656,1656,1655,1655,10
2025-07-08 15:40:00,1656,1662,1654,1662,1811
2025-07-08 15:50:00,1657,1657,1654,1654,27
2025-07-08 16:00:00,1659,1659,1659,1659,2
2025-07-08 16:10:00,1659,1660,1659,1660,71
2025-07-08 16:30:00,1659,1659,1659,1659,15
2025-07-08 16:50:00,1658,1658,1652,1652,660
2025-07-08 17:00:00,1654,1654,1654,1654,63
2025-07-08 17:10:00,1658,1658,1658,1658,2
2025-07-08 17:20:00,1657,1657,1657,1657,4
2025-07-08 17:40:00,1656,1656,1655,1655,180
2025-07-08 17:50:00,1659,1660,1659,1660,64
2025-07-08 18:00:00,1658,1660,1658,1660,35
2025-07-08 18:10:00,1658,1658,1657,1657,16
2025-07-08 18:40:00,1652,1652,1652,1652,52
2025-07-08 19:00:00,1655,1659,1655,1659,161
2025-07-08 19:10:00,1659,1659,1659,1659,10
2025-07-08 19:20:00,1655,1655,1648,1648,62
2025-07-08 19:30:00,1647,1647,1642,1642,134
2025-07-08 19:40:00,1644,1645,1642,1645,158
2025-07-08 19:50:00,1641,1643,1641,1643,16
2025-07-08 20:00:00,1645,1645,1645,1645,6
2025-07-08 20:10:00,1645,1646,1644,1644,33
2025-07-08 20:20:00,1643,1644,1639,1639,225
2025-07-08 20:30:00,1641,1641,1640,1640,37
2025-07-08 20:40:00,1640,1640,1640,1640,1
2025-07-08 21:00:00,1639,1639,1635,1635,369
2025-07-08 21:10:00,1635,1635,1624,1624,453
2025-07-08 21:20:00,1629,1630,1624,1627,2603
2025-07-08 21:30:00,1625,1630,1625,1630,97
2025-07-08 21:40:00,1628,1628,1628,1628,5
2025-07-08 21:50:00,1627,1627,1618,1626,1169
2025-07-08 22:00:00,1626,1627,1626,1627,146
2025-07-08 22:10:00,1629,1630,1628,1628,322
2025-07-08 22:20:00,1631,1633,1631,1631,45
2025-07-08 22:30:00,1631,1631,1630,1630,201
2025-07-08 22:40:00,1630,1630,1630,1630,4
2025-07-08 23:00:00,1630,1630,1625,1625,67
2025-07-08 23:10:00,1630,1631,1630,1631,90
2025-07-08 23:20:00,1627,1628,1626,1628,54
2025-07-08 23:30:00,1628,1628,1620,1620,230
2025-07-08 23:40:00,1623,1623,1623,1623,155
2025-07-09 09:00:00,1628,1631,1625,1625,17
2025-07-09 09:10:00,1626,1627,1626,1627,32
2025-07-09 09:20:00,1627,1627,1625,1625,53
2025-07-09 09:30:00,1625,1627,1624,1626,78
2025-07-09 09:40:00,1625,1643,1625,1643,695
2025-07-09 09:50:00,1641,1641,1639,1639,17
2025-07-09 10:00:00,1637,1637,1628,1628,140
2025-07-09 10:10:00,1629,1629,1626,1626,101
2025-07-09 10:20:00,1624,1624,1622,1622,179
2025-07-09 10:30:00,1621,1621,1617,1618,56
2025-07-09 10:40:00,1616,1621,1616,1621,120
2025-07-09 10:50:00,1620,1624,1620,1624,11
2025-07-09 11:00:00,1625,1625,1622,1622,3
2025-07-09 11:10:00,1623,1623,1618,1618,359
2025-07-09 11:20:00,1620,1624,1620,1624,130
2025-07-09 11:30:00,1621,1622,1621,1622,38
2025-07-09 11:40:00,1624,1630,1624,1630,271
2025-07-09 12:00:00,1629,1629,1629,1629,45
2025-07-09 12:10:00,1628,1628,1628,1628,3
2025-07-09 12:20:00,1627,1627,1627,1627,68
2025-07-09 12:30:00,1626,1626,1623,1623,901
2025-07-09 12:50:00,1625,1625,1621,1621,51
2025-07-09 13:00:00,1623,1626,1623,1626,650
2025-07-09 13:10:00,1626,1626,1626,1626,20
2025-07-09 13:30:00,1628,1629,1628,1629,39
2025-07-09 13:40:00,1630,1630,1629,1630,352
2025-07-09 13:50:00,1627,1627,1627,1627,3
2025-07-09 14:00:00,1627,1627,1627,1627,2
2025-07-09 14:30:00,1622,1624,1622,1622,520
2025-07-09 14:50:00,1622,1622,1621,1621,8
2025-07-09 15:00:00,1624,1624,1624,1624,5
2025-07-09 15:10:00,1626,1626,1622,1622,110
2025-07-09 15:20:00,1621,1621,1620,1620,2
2025-07-09 15:40:00,1623,1623,1620,1620,30
2025-07-09 16:00:00,1620,1620,1618,1618,6
2025-07-09 16:30:00,1619,1619,1619,1619,5
2025-07-09 16:50:00,1619,1621,1619,1621,6
2025-07-09 17:00:00,1620,1620,1620,1620,1
2025-07-09 17:20:00,1619,1619,1613,1613,567
2025-07-09 17:30:00,1612,1612,1603,1603,608
2025-07-09 17:40:00,1604,1608,1598,1599,293
2025-07-09 17:50:00,1599,1599,1590,1597,300
2025-07-09 18:00:00,1596,1596,1594,1595,98
2025-07-09 18:10:00,1595,1596,1582,1582,477
2025-07-09 18:20:00,1589,1595,1584,1595,1166
2025-07-09 18:30:00,1593,1602,1592,1602,470
2025-07-09 19:00:00,1599,1622,1599,1619,707
2025-07-09 19:10:00,1616,1616,1606,1606,287
2025-07-09 19:20:00,1622,1630,1621,1630,122
2025-07-09 19:30:00,1633,1639,1633,1634,455
2025-07-09 19:40:00,1634,1638,1633,1638,103
2025-07-09 19:50:00,1636,1639,1633,1633,378
2025-07-09 20:00:00,1633,1642,1633,1641,26
2025-07-09 20:10:00,1640,1640,1640,1640,3
2025-07-09 20:20:00,1635,1637,1633,1633,282
2025-07-09 20:30:00,1634,1634,1634,1634,4
2025-07-09 20:40:00,1631,1632,1629,1632,116
2025-07-09 20:50:00,1633,1633,1633,1633,1
2025-07-09 21:00:00,1633,1636,1633,1636,71
2025-07-09 21:10:00,1637,1638,1637,1638,141
2025-07-09 21:20:00,1639,1641,1639,1639,96
2025-07-09 21:30:00,1638,1638,1638,1638,3
2025-07-09 21:40:00,1636,1636,1636,1636,1
2025-07-09 21:50:00,1636,1636,1636,1636,64
2025-07-09 22:00:00,1635,1635,1635,1635,24
2025-07-09 22:10:00,1635,1641,1635,1641,42
2025-07-09 22:20:00,1639,1639,1639,1639,4
2025-07-09 22:30:00,1640,1643,1640,1643,152
2025-07-09 22:40:00,1641,1641,1641,1641,11
2025-07-09 22:50:00,1641,1641,1640,1640,36
2025-07-09 23:00:00,1640,1640,1640,1640,19
2025-07-09 23:10:00,1641,1642,1639,1641,165
2025-07-09 23:20:00,1641,1642,1641,1642,272
2025-07-10 09:00:00,1646,1650,1646,1646,83
2025-07-10 09:10:00,1646,1647,1645,1647,47
2025-07-10 09:20:00,1645,1650,1644,1650,122
2025-07-10 09:30:00,1651,1655,1650,1654,86
2025-07-10 09:40:00,1653,1655,1651,1655,206
2025-07-10 09:50:00,1651,1653,1651,1653,6
2025-07-10 10:00:00,1650,1654,1648,1648,70
2025-07-10 10:10:00,1650,1654,1650,1654,16
2025-07-10 10:20:00,1654,1654,1652,1652,23
2025-07-10 10:30:00,1651,1651,1651,1651,5
2025-07-10 10:40:00,1650,1653,1650,1652,22
2025-07-10 10:50:00,1652,1652,1650,1650,11
2025-07-10 11:10:00,1650,1650,1650,1650,8
2025-07-10 11:30:00,1651,1651,1651,1651,2
2025-07-10 11:40:00,1652,1652,1652,1652,1
2025-07-10 11:50:00,1650,1650,1650,1650,2
2025-07-10 12:00:00,1650,1651,1650,1651,464
2025-07-10 12:30:00,1650,1651,1644,1644,172
2025-07-10 12:40:00,1645,1646,1645,1646,21
2025-07-10 12:50:00,1643,1643,1639,1639,125
2025-07-10 13:00:00,1637,1637,1636,1636,35
2025-07-10 13:10:00,1634,1635,1634,1635,8
2025-07-10 13:20:00,1640,1640,1638,1638,4
2025-07-10 13:50:00,1640,1640,1636,1640,10
2025-07-10 14:10:00,1642,1642,1642,1642,1
2025-07-10 14:20:00,1643,1645,1643,1645,2
2025-07-10 14:30:00,1646,1646,1646,1646,32
2025-07-10 14:40:00,1641,1644,1641,1644,44
2025-07-10 14:50:00,1642,1644,1640,1640,213
2025-07-10 15:00:00,1638,1641,1637,1641,140
2025-07-10 15:10:00,1640,1640,1636,1636,22
2025-07-10 15:20:00,1638,1638,1638,1638,11
2025-07-10 15:30:00,1642,1645,1642,1642,34
2025-07-10 15:40:00,1646,1649,1646,1649,7
2025-07-10 15:50:00,1648,1649,1648,1649,3
2025-07-10 16:00:00,1649,1654,1649,1654,313
2025-07-10 16:10:00,1654,1660,1654,1660,451
2025-07-10 16:20:00,1659,1662,1655,1656,1047
2025-07-10 16:30:00,1656,1657,1656,1657,5
2025-07-10 16:40:00,1657,1657,1657,1657,48
2025-07-10 16:50:00,1657,1661,1657,1658,552
2025-07-10 17:00:00,1657,1658,1657,1658,4
2025-07-10 17:10:00,1659,1660,1659,1660,5
2025-07-10 17:20:00,1658,1658,1654,1654,75
2025-07-10 17:30:00,1655,1660,1655,1660,108
2025-07-10 17:40:00,1658,1662,1658,1662,107
2025-07-10 18:00:00,1660,1661,1657,1657,284
2025-07-10 18:10:00,1659,1659,1659,1659,20
2025-07-10 18:20:00,1657,1657,1654,1654,41
2025-07-10 18:30:00,1656,1658,1656,1658,12
2025-07-10 18:40:00,1658,1658,1655,1655,200
2025-07-10 19:10:00,1655,1655,1655,1655,1
2025-07-10 19:30:00,1655,1655,1651,1651,67
2025-07-10 19:40:00,1649,1654,1649,1654,30
2025-07-10 19:50:00,1650,1650,1646,1646,45
2025-07-10 20:30:00,1646,1646,1646,1646,8
2025-07-10 20:50:00,1652,1652,1648,1648,210
2025-07-10 21:00:00,1648,1648,1648,1648,811
2025-07-10 21:20:00,1653,1653,1653,1653,2
2025-07-10 21:30:00,1647,1647,1646,1646,33
2025-07-10 21:40:00,1642,1642,1638,1638,446
2025-07-10 22:10:00,1649,1649,1649,1649,13
2025-07-10 22:30:00,1649,1649,1649,1649,37
2025-07-10 22:40:00,1648,1649,1648,1648,101
2025-07-10 23:00:00,1648,1650,1647,1647,240
2025-07-10 23:20:00,1644,1644,1644,1644,18
2025-07-10 23:40:00,1645,1645,1645,1645,18
2025-07-11 08:50:00,1639,1639,1639,1639,5
2025-07-11 09:00:00,1636,1636,1620,1620,909
2025-07-11 09:10:00,1621,1622,1621,1622,71
2025-07-11 09:20:00,1622,1622,1622,1622,15
2025-07-11 09:30:00,1622,1622,1618,1620,399
2025-07-11 09:40:00,1621,1621,1618,1618,116
2025-07-11 09:50:00,1621,1621,1620,1620,31
2025-07-11 10:00:00,1626,1629,1626,1628,10
2025-07-11 10:10:00,1630,1630,1629,1629,10
2025-07-11 10:20:00,1627,1627,1626,1626,46
2025-07-11 10:30:00,1625,1625,1620,1620,197
2025-07-11 10:50:00,1623,1630,1623,1630,9
2025-07-11 11:10:00,1626,1628,1626,1628,138
2025-07-11 11:20:00,1628,1628,1622,1622,616
2025-07-11 11:30:00,1621,1621,1620,1620,6
2025-07-11 11:40:00,1623,1623,1615,1616,64
2025-07-11 11:50:00,1618,1621,1616,1616,147
2025-07-11 12:00:00,1616,1619,1616,1619,82
2025-07-11 12:10:00,1618,1618,1608,1608,1256
2025-07-11 12:20:00,1609,1612,1609,1612,2
2025-07-11 12:30:00,1614,1620,1614,1619,262
2025-07-11 12:40:00,1616,1616,1615,1616,12
2025-07-11 12:50:00,1619,1623,1619,1619,280
2025-07-11 13:00:00,1617,1619,1615,1619,84
2025-07-11 13:10:00,1623,1623,1619,1622,575
2025-07-11 13:20:00,1620,1620,1620,1620,45
2025-07-11 13:30:00,1621,1621,1618,1618,37
2025-07-11 13:40:00,1620,1623,1614,1614,379
2025-07-11 13:50:00,1616,1624,1615,1624,136
2025-07-11 14:10:00,1623,1624,1623,1624,92
2025-07-11 14:20:00,1623,1623,1610,1616,104
2025-07-11 14:30:00,1614,1624,1614,1624,311
2025-07-11 14:40:00,1620,1625,1619,1625,540
2025-07-11 14:50:00,1618,1618,1617,1617,67
2025-07-11 15:00:00,1620,1627,1620,1627,253
2025-07-11 15:10:00,1620,1620,1619,1620,34
2025-07-11 15:20:00,1620,1621,1620,1621,29
2025-07-11 15:40:00,1624,1624,1624,1624,2
2025-07-11 15:50:00,1624,1624,1624,1624,5
2025-07-11 16:00:00,1621,1624,1621,1624,71
2025-07-11 16:40:00,1625,1625,1625,1625,61
2025-07-11 16:50:00,1621,1625,1621,1625,77
2025-07-11 17:00:00,1625,1625,1623,1623,46
2025-07-11 17:10:00,1621,1635,1621,1631,329
2025-07-11 17:20:00,1627,1627,1616,1616,433
2025-07-11 17:30:00,1618,1618,1612,1612,217
2025-07-11 17:40:00,1616,1617,1613,1617,104
2025-07-11 17:50:00,1616,1617,1616,1617,280
2025-07-11 18:00:00,1614,1614,1607,1610,1117
2025-07-11 18:10:00,1617,1617,1604,1605,457
2025-07-11 18:20:00,1603,1603,1596,1598,1215
2025-07-11 18:30:00,1605,1619,1604,1619,112
2025-07-11 18:40:00,1611,1611,1611,1611,38
2025-07-11 19:00:00,1616,1619,1616,1619,215
2025-07-11 19:10:00,1617,1619,1617,1619,61
2025-07-11 19:20:00,1617,1617,1616,1616,53
2025-07-11 19:30:00,1615,1615,1611,1611,423
2025-07-11 19:50:00,1614,1614,1614,1614,11
2025-07-11 20:00:00,1617,1617,1617,1617,71
2025-07-11 20:10:00,1612,1612,1612,1612,51
2025-07-11 20:40:00,1612,1612,1603,1603,132
2025-07-11 20:50:00,1603,1603,1598,1601,76
2025-07-11 21:00:00,1600,1600,1597,1597,20
2025-07-11 21:10:00,1597,1597,1593,1593,52
2025-07-11 21:20:00,1594,1598,1594,1598,1991
2025-07-11 21:30:00,1596,1597,1596,1597,19
2025-07-11 21:40:00,1597,1597,1593,1593,47
2025-07-11 21:50:00,1593,1593,1591,1591,13
2025-07-11 22:00:00,1590,1593,1588,1592,136
2025-07-11 22:10:00,1592,1592,1592,1592,42
2025-07-11 22:20:00,1591,1591,1591,1591,24
2025-07-11 22:40:00,1590,1592,1590,1592,247
2025-07-11 22:50:00,1592,1592,1577,1583,1545
2025-07-11 23:00:00,1580,1580,1578,1578,5
2025-07-11 23:10:00,1580,1582,1575,1582,458
2025-07-11 23:20:00,1580,1580,1576,1578,41
2025-07-11 23:30:00,1577,1582,1574,1582,168
2025-07-11 23:40:00,1582,1587,1581,1587,458
2025-07-14 09:00:00,1581,1581,1574,1578,467
2025-07-14 09:10:00,1575,1578,1575,1578,427
2025-07-14 09:20:00,1579,1581,1578,1580,393
2025-07-14 09:30:00,1579,1583,1577,1583,105
2025-07-14 09:40:00,1585,1585,1583,1583,71
2025-07-14 09:50:00,1583,1590,1583,1589,70
2025-07-14 10:00:00,1585,1591,1585,1587,468
2025-07-14 10:10:00,1590,1592,1584,1588,285
2025-07-14 10:20:00,1590,1590,1584,1584,129
2025-07-14 10:30:00,1590,1596,1590,1596,303
2025-07-14 10:40:00,1596,1597,1596,1597,2
2025-07-14 10:50:00,1596,1602,1596,1602,655
2025-07-14 11:00:00,1602,1610,1602,1606,3914
2025-07-14 11:10:00,1604,1604,1591,1596,3107
2025-07-14 11:20:00,1599,1599,1593,1596,422
2025-07-14 11:30:00,1596,1596,1592,1592,461
2025-07-14 11:40:00,1585,1585,1583,1583,277
2025-07-14 11:50:00,1589,1589,1589,1589,1
2025-07-14 12:00:00,1598,1599,1595,1599,163
2025-07-14 12:10:00,1597,1597,1596,1596,9
2025-07-14 12:20:00,1599,1603,1599,1603,273
2025-07-14 12:30:00,1601,1601,1601,1601,1
2025-07-14 12:40:00,1600,1600,1599,1599,11
2025-07-14 12:50:00,1600,1600,1600,1600,9
2025-07-14 13:10:00,1599,1599,1597,1598,46
2025-07-14 13:20:00,1599,1599,1599,1599,110
2025-07-14 13:30:00,1601,1603,1597,1598,248
2025-07-14 13:40:00,1597,1597,1597,1597,1
2025-07-14 13:50:00,1600,1600,1598,1599,20
2025-07-14 14:00:00,1599,1599,1597,1597,28
2025-07-14 14:10:00,1598,1598,1598,1598,2
2025-07-14 14:20:00,1598,1603,1597,1603,173
2025-07-14 14:30:00,1605,1605,1605,1605,2
2025-07-14 14:40:00,1602,1602,1600,1600,11
2025-07-14 14:50:00,1601,1601,1592,1592,137
2025-07-14 15:00:00,1595,1599,1595,1599,7
2025-07-14 15:20:00,1599,1599,1595,1595,11
2025-07-14 15:30:00,1600,1606,1600,1606,67
2025-07-14 15:40:00,1603,1603,1603,1603,7
2025-07-14 15:50:00,1607,1611,1607,1611,413
2025-07-14 16:00:00,1605,1605,1605,1605,6
2025-07-14 16:10:00,1605,1605,1605,1605,8
2025-07-14 16:20:00,1605,1607,1605,1607,27
2025-07-14 16:50:00,1600,1600,1597,1598,154
2025-07-14 17:00:00,1597,1597,1597,1597,1
2025-07-14 17:10:00,1600,1600,1600,1600,1
2025-07-14 17:20:00,1605,1605,1588,1592,2500
2025-07-14 17:30:00,1592,1592,1592,1592,80
2025-07-14 17:40:00,1591,1591,1591,1591,1
2025-07-14 18:00:00,1593,1595,1593,1595,69
2025-07-14 18:10:00,1595,1639,1595,1630,4001
2025-07-14 18:20:00,1630,1657,1626,1650,2113
2025-07-14 18:30:00,1651,1660,1644,1652,728
2025-07-14 18:40:00,1645,1669,1644,1654,141
2025-07-14 19:00:00,1652,1672,1652,1672,556
2025-07-14 19:10:00,1673,1676,1661,1676,851
2025-07-14 19:20:00,1677,1682,1674,1674,273
2025-07-14 19:30:00,1676,1689,1671,1671,4161
2025-07-14 19:40:00,1672,1675,1670,1672,613
2025-07-14 19:50:00,1674,1685,1674,1683,74
2025-07-14 20:00:00,1684,1686,1679,1681,1908
2025-07-14 20:10:00,1679,1680,1679,1680,501
2025-07-14 20:20:00,1679,1682,1673,1680,482
2025-07-14 20:30:00,1679,1679,1679,1679,103
2025-07-14 20:40:00,1680,1685,1680,1680,124
2025-07-14 20:50:00,1680,1685,1680,1683,86
2025-07-14 21:00:00,1682,1688,1682,1682,77
2025-07-14 21:10:00,1681,1684,1681,1684,17
2025-07-14 21:20:00,1684,1684,1680,1682,75
2025-07-14 21:30:00,1683,1690,1683,1690,177
2025-07-14 21:40:00,1690,1700,1688,1697,1525
2025-07-14 21:50:00,1697,1697,1694,1694,340
2025-07-14 22:00:00,1691,1691,1688,1689,35
2025-07-14 22:10:00,1688,1690,1688,1690,3
2025-07-14 22:20:00,1691,1692,1688,1688,14
2025-07-14 22:40:00,1689,1692,1689,1692,16
2025-07-14 22:50:00,1692,1692,1688,1689,22
2025-07-14 23:00:00,1688,1688,1688,1688,1
2025-07-14 23:10:00,1689,1692,1688,1688,137
2025-07-14 23:20:00,1687,1691,1684,1684,295
2025-07-14 23:30:00,1680,1682,1680,1682,215
2025-07-14 23:40:00,1684,1684,1679,1679,7
2025-07-15 08:50:00,1692,1692,1692,1692,1
2025-07-15 09:00:00,1695,1699,1692,1699,86
2025-07-15 09:10:00,1700,1700,1700,1700,320
2025-07-15 09:20:00,1701,1705,1699,1699,112
2025-07-15 09:30:00,1705,1705,1700,1701,21
2025-07-15 09:40:00,1701,1703,1701,1702,387
2025-07-15 09:50:00,1701,1701,1688,1693,915
2025-07-15 10:00:00,1693,1697,1693,1695,82
2025-07-15 10:10:00,1695,1695,1695,1695,1
2025-07-15 10:20:00,1694,1698,1694,1698,201
2025-07-15 10:30:00,1692,1696,1689,1693,737
2025-07-15 10:40:00,1696,1696,1688,1688,328
2025-07-15 10:50:00,1688,1689,1682,1685,1100
2025-07-15 11:00:00,1685,1685,1681,1685,146
2025-07-15 11:10:00,1685,1687,1685,1687,610
2025-07-15 11:20:00,1688,1690,1688,1690,235
2025-07-15 11:30:00,1690,1690,1690,1690,30
2025-07-15 11:40:00,1692,1693,1690,1690,1822
2025-07-15 11:50:00,1691,1691,1690,1690,1003
2025-07-15 12:00:00,1689,1692,1687,1692,262
2025-07-15 12:10:00,1688,1695,1687,1695,400
2025-07-15 12:20:00,1693,1697,1693,1697,7
2025-07-15 12:30:00,1698,1703,1698,1703,71
2025-07-15 12:40:00,1704,1707,1704,1705,51
2025-07-15 12:50:00,1705,1711,1705,1708,322
2025-07-15 13:00:00,1706,1712,1706,1711,107
2025-07-15 13:10:00,1709,1716,1709,1716,70
2025-07-15 13:20:00,1717,1718,1710,1718,232
2025-07-15 13:30:00,1719,1719,1717,1719,21
2025-07-15 13:40:00,1717,1720,1710,1720,404
2025-07-15 13:50:00,1717,1718,1717,1718,331
2025-07-15 14:00:00,1717,1717,1711,1711,900
2025-07-15 14:10:00,1715,1715,1707,1707,242
2025-07-15 14:20:00,1707,1712,1706,1706,84
2025-07-15 14:30:00,1706,1706,1706,1706,1
2025-07-15 14:40:00,1707,1711,1705,1705,369
2025-07-15 14:50:00,1705,1705,1705,1705,75
2025-07-15 15:00:00,1706,1707,1706,1707,5
2025-07-15 15:10:00,1705,1705,1702,1702,120
2025-07-15 15:20:00,1704,1706,1704,1706,22
2025-07-15 15:30:00,1703,1703,1703,1703,1
2025-07-15 15:40:00,1706,1709,1706,1709,20
2025-07-15 15:50:00,1708,1708,1702,1702,78
2025-07-15 16:00:00,1708,1710,1708,1710,91
2025-07-15 16:10:00,1705,1705,1705,1705,1
2025-07-15 16:20:00,1705,1705,1705,1705,201
2025-07-15 16:30:00,1714,1717,1714,1717,68
2025-07-15 16:40:00,1716,1718,1716,1718,2
2025-07-15 16:50:00,1718,1720,1718,1719,172
2025-07-15 17:00:00,1718,1720,1718,1720,201
2025-07-15 17:10:00,1720,1721,1720,1720,735
2025-07-15 17:20:00,1719,1719,1713,1718,230
2025-07-15 17:30:00,1720,1721,1715,1721,125
2025-07-15 17:40:00,1722,1722,1722,1722,8
2025-07-15 17:50:00,1721,1721,1716,1716,6
2025-07-15 18:00:00,1716,1716,1716,1716,3
2025-07-15 18:10:00,1716,1716,1715,1715,8
2025-07-15 18:20:00,1715,1715,1715,1715,11
2025-07-15 18:30:00,1718,1718,1718,1718,126
2025-07-15 19:00:00,1718,1718,1718,1718,1
2025-07-15 19:10:00,1715,1715,1712,1712,81
2025-07-15 19:20:00,1713,1713,1711,1712,43
2025-07-15 19:30:00,1711,1714,1711,1714,84
2025-07-15 19:40:00,1714,1720,1714,1720,131
2025-07-15 19:50:00,1717,1718,1717,1718,10
2025-07-15 20:00:00,1717,1717,1717,1717,20
2025-07-15 20:20:00,1713,1713,1713,1713,2
2025-07-15 20:30:00,1715,1715,1715,1715,5
2025-07-15 21:20:00,1715,1716,1715,1716,10
2025-07-15 21:30:00,1714,1714,1713,1713,43
2025-07-15 22:00:00,1714,1714,1711,1711,400
2025-07-15 22:10:00,1712,1712,1711,1711,225
2025-07-15 22:20:00,1711,1711,1709,1709,105
2025-07-15 22:30:00,1709,1714,1709,1714,135
2025-07-15 22:40:00,1714,1714,1713,1714,50
2025-07-15 22:50:00,1710,1710,1707,1707,110
2025-07-15 23:00:00,1707,1707,1707,1707,22
2025-07-15 23:20:00,1713,1713,1713,1713,2
2025-07-15 23:40:00,1708,1708,1708,1708,34
2025-07-16 09:00:00,1722,1723,1718,1718,429
2025-07-16 09:10:00,1715,1719,1699,1699,496
2025-07-16 09:20:00,1710,1714,1710,1710,28
2025-07-16 09:30:00,1714,1714,1714,1714,30
2025-07-16 09:40:00,1710,1713,1709,1710,119
2025-07-16 09:50:00,1711,1715,1711,1714,200
2025-07-16 10:00:00,1710,1711,1710,1710,46
2025-07-16 10:20:00,1710,1711,1710,1711,300
2025-07-16 10:40:00,1708,1708,1705,1705,571
2025-07-16 10:50:00,1703,1703,1702,1703,194
2025-07-16 11:00:00,1710,1711,1706,1706,118
2025-07-16 11:10:00,1710,1713,1707,1707,191
2025-07-16 11:20:00,1709,1709,1707,1709,425
2025-07-16 11:30:00,1707,1707,1707,1707,568
2025-07-16 11:40:00,1708,1715,1708,1715,47
2025-07-16 11:50:00,1714,1716,1714,1716,1325
2025-07-16 12:00:00,1715,1715,1715,1715,1
2025-07-16 12:10:00,1712,1719,1712,1719,124
2025-07-16 12:20:00,1720,1722,1715,1720,624
2025-07-16 12:30:00,1718,1718,1718,1718,24
2025-07-16 12:40:00,1718,1718,1718,1718,1
2025-07-16 12:50:00,1719,1724,1716,1721,282
2025-07-16 13:00:00,1724,1726,1722,1726,615
2025-07-16 13:10:00,1728,1731,1727,1730,1932
2025-07-16 13:20:00,1730,1730,1727,1730,114
2025-07-16 13:30:00,1730,1735,1730,1732,574
2025-07-16 13:40:00,1732,1732,1732,1732,79
2025-07-16 13:50:00,1732,1737,1732,1732,68
2025-07-16 14:00:00,1732,1736,1732,1736,460
2025-07-16 14:10:00,1733,1740,1733,1740,533
2025-07-16 14:20:00,1739,1739,1732,1733,47
2025-07-16 14:30:00,1735,1735,1732,1732,18
2025-07-16 14:40:00,1734,1737,1732,1737,79
2025-07-16 14:50:00,1733,1733,1732,1732,209
2025-07-16 15:00:00,1733,1734,1732,1732,956
2025-07-16 15:10:00,1733,1734,1733,1734,21
2025-07-16 15:20:00,1734,1735,1734,1735,347
2025-07-16 15:30:00,1735,1735,1732,1732,1420
2025-07-16 15:40:00,1734,1734,1733,1733,25
2025-07-16 15:50:00,1732,1732,1732,1732,36
2025-07-16 16:00:00,1732,1732,1727,1727,172
2025-07-16 16:10:00,1731,1731,1731,1731,18
2025-07-16 16:20:00,1729,1729,1724,1725,1960
2025-07-16 16:30:00,1726,1728,1725,1728,61
2025-07-16 16:40:00,1730,1732,1727,1729,336
2025-07-16 16:50:00,1725,1728,1725,1725,61
2025-07-16 17:00:00,1726,1726,1726,1726,4
2025-07-16 17:20:00,1725,1726,1725,1726,1053
2025-07-16 17:30:00,1733,1741,1733,1734,102
2025-07-16 17:40:00,1734,1743,1734,1743,327
2025-07-16 17:50:00,1742,1751,1742,1750,1254
2025-07-16 18:00:00,1750,1762,1750,1758,639
2025-07-16 18:10:00,1758,1778,1751,1771,1619
2025-07-16 18:20:00,1771,1772,1758,1762,1738
2025-07-16 18:30:00,1758,1774,1758,1764,311
2025-07-16 18:40:00,1763,1763,1760,1760,25
2025-07-16 19:00:00,1769,1776,1765,1772,1010
2025-07-16 19:10:00,1774,1774,1763,1764,532
2025-07-16 19:20:00,1764,1764,1760,1761,472
2025-07-16 19:30:00,1759,1764,1759,1764,414
2025-07-16 19:40:00,1764,1764,1758,1758,30
2025-07-16 19:50:00,1758,1765,1758,1765,172
2025-07-16 20:00:00,1766,1768,1766,1768,4
2025-07-16 20:10:00,1768,1781,1768,1780,408
2025-07-16 20:20:00,1775,1775,1768,1774,146
2025-07-16 20:30:00,1768,1768,1768,1768,6
2025-07-16 20:40:00,1768,1770,1768,1770,68
2025-07-16 20:50:00,1770,1770,1768,1768,12
2025-07-16 21:00:00,1768,1768,1767,1767,181
2025-07-16 21:20:00,1766,1768,1765,1765,91
2025-07-16 21:40:00,1765,1768,1760,1767,770
2025-07-16 21:50:00,1766,1766,1760,1760,161
2025-07-16 22:00:00,1761,1761,1760,1760,41
2025-07-16 22:10:00,1764,1766,1758,1760,1165
2025-07-16 22:20:00,1760,1761,1760,1760,26
2025-07-16 22:30:00,1766,1767,1765,1765,131
2025-07-16 22:40:00,1765,1765,1761,1763,110
2025-07-16 22:50:00,1764,1766,1760,1760,33
2025-07-16 23:10:00,1761,1761,1760,1760,5
2025-07-16 23:20:00,1760,1760,1758,1758,144
2025-07-16 23:30:00,1755,1755,1755,1755,31
2025-07-16 23:40:00,1762,1762,1758,1758,34
2025-07-17 09:00:00,1764,1768,1760,1768,106
2025-07-17 09:10:00,1767,1767,1767,1767,7
2025-07-17 09:20:00,1767,1773,1767,1770,1049
2025-07-17 09:30:00,1770,1770,1767,1767,28
2025-07-17 09:40:00,1770,1773,1768,1768,71
2025-07-17 09:50:00,1768,1768,1768,1768,70
2025-07-17 10:00:00,1767,1770,1767,1770,110
2025-07-17 10:10:00,1772,1773,1770,1773,292
2025-07-17 10:20:00,1776,1782,1776,1776,667
2025-07-17 10:30:00,1781,1793,1780,1780,476
2025-07-17 10:40:00,1778,1790,1778,1790,704
2025-07-17 10:50:00,1791,1811,1791,1808,1601
2025-07-17 11:00:00,1806,1810,1805,1810,732
2025-07-17 11:10:00,1807,1807,1806,1807,39
2025-07-17 11:20:00,1807,1826,1805,1823,362
2025-07-17 11:30:00,1816,1821,1806,1806,366
2025-07-17 11:40:00,1805,1808,1805,1806,182
2025-07-17 11:50:00,1805,1805,1791,1792,467
2025-07-17 12:00:00,1794,1794,1790,1790,65
2025-07-17 12:10:00,1790,1801,1790,1795,430
2025-07-17 12:20:00,1792,1793,1792,1793,25
2025-07-17 12:30:00,1797,1797,1796,1796,7
2025-07-17 12:40:00,1796,1796,1787,1788,230
2025-07-17 12:50:00,1786,1789,1786,1789,99
2025-07-17 13:00:00,1785,1785,1783,1783,150
2025-07-17 13:10:00,1783,1783,1775,1775,109
2025-07-17 13:20:00,1778,1784,1775,1775,1041
2025-07-17 13:30:00,1781,1782,1779,1781,271
2025-07-17 13:40:00,1779,1779,1775,1775,117
2025-07-17 13:50:00,1775,1777,1774,1777,22
2025-07-17 14:00:00,1776,1776,1769,1770,262
2025-07-17 14:10:00,1769,1774,1769,1774,9
2025-07-17 14:20:00,1771,1771,1757,1757,723
2025-07-17 14:30:00,1756,1760,1751,1760,3335
2025-07-17 14:40:00,1760,1764,1753,1753,479
2025-07-17 14:50:00,1754,1757,1754,1757,27
2025-07-17 15:00:00,1760,1760,1755,1755,287
2025-07-17 15:10:00,1754,1756,1749,1749,819
2025-07-17 15:20:00,1749,1751,1749,1749,175
2025-07-17 15:30:00,1751,1751,1751,1751,20
2025-07-17 15:40:00,1752,1752,1745,1745,67
2025-07-17 15:50:00,1746,1746,1742,1742,422
2025-07-17 16:00:00,1741,1742,1731,1742,1308
2025-07-17 16:10:00,1738,1739,1728,1738,588
2025-07-17 16:20:00,1738,1738,1735,1735,196
2025-07-17 16:30:00,1735,1736,1727,1727,238
2025-07-17 16:40:00,1732,1732,1731,1731,45
2025-07-17 16:50:00,1733,1748,1733,1748,534
2025-07-17 17:00:00,1744,1745,1744,1745,60
2025-07-17 17:10:00,1745,1747,1739,1747,874
2025-07-17 17:20:00,1738,1746,1738,1745,151
2025-07-17 17:40:00,1742,1742,1742,1742,1
2025-07-17 17:50:00,1742,1746,1741,1746,5
2025-07-17 18:00:00,1742,1743,1735,1743,282
2025-07-17 18:10:00,1742,1743,1735,1736,18
2025-07-17 18:20:00,1736,1736,1736,1736,2
2025-07-17 18:30:00,1735,1735,1729,1729,115
2025-07-17 18:40:00,1733,1733,1726,1726,55
2025-07-17 19:00:00,1730,1732,1729,1729,244
2025-07-17 19:10:00,1729,1732,1729,1730,416
2025-07-17 19:20:00,1730,1734,1730,1734,40
2025-07-17 19:30:00,1734,1734,1730,1730,119
2025-07-17 19:40:00,1734,1734,1734,1734,145
2025-07-17 19:50:00,1735,1735,1735,1735,52
2025-07-17 20:00:00,1731,1732,1731,1731,233
2025-07-17 20:10:00,1731,1736,1731,1736,86
2025-07-17 20:20:00,1736,1736,1736,1736,1
2025-07-17 20:30:00,1736,1738,1736,1737,112
2025-07-17 20:40:00,1739,1740,1739,1740,200
2025-07-17 20:50:00,1740,1740,1740,1740,23
2025-07-17 21:00:00,1740,1740,1740,1740,46
2025-07-17 21:10:00,1740,1740,1737,1737,76
2025-07-17 21:30:00,1742,1742,1738,1738,3
2025-07-17 21:40:00,1741,1742,1741,1742,211
2025-07-17 21:50:00,1743,1743,1743,1743,3
2025-07-17 22:00:00,1738,1738,1738,1738,2
2025-07-17 22:10:00,1742,1743,1742,1743,181
2025-07-17 22:30:00,1738,1739,1738,1739,41
2025-07-17 22:40:00,1738,1738,1738,1738,128
2025-07-17 22:50:00,1738,1738,1729,1729,292
2025-07-17 23:00:00,1731,1731,1731,1731,1
2025-07-17 23:10:00,1729,1729,1728,1728,10
2025-07-17 23:20:00,1732,1732,1732,1732,1
2025-07-17 23:30:00,1736,1736,1736,1736,1
2025-07-17 23:40:00,1736,1736,1736,1736,1
2025-07-18 08:50:00,1740,1740,1740,1740,5
2025-07-18 09:00:00,1748,1755,1748,1753,240
2025-07-18 09:10:00,1757,1759,1754,1759,242
2025-07-18 09:20:00,1758,1758,1752,1752,228
2025-07-18 09:30:00,1752,1755,1752,1755,68
2025-07-18 09:40:00,1755,1755,1755,1755,5
2025-07-18 09:50:00,1753,1753,1749,1753,520
2025-07-18 10:00:00,1754,1766,1754,1757,224
2025-07-18 10:10:00,1757,1767,1757,1763,1429
2025-07-18 10:20:00,1762,1765,1760,1764,179
2025-07-18 10:30:00,1760,1766,1760,1764,450
2025-07-18 10:40:00,1762,1766,1760,1766,15
2025-07-18 10:50:00,1765,1765,1763,1763,586
2025-07-18 11:00:00,1761,1761,1760,1760,300
2025-07-18 11:10:00,1760,1760,1758,1758,220
2025-07-18 11:20:00,1758,1767,1758,1766,81
2025-07-18 11:30:00,1765,1765,1759,1763,72
2025-07-18 11:40:00,1767,1772,1767,1772,480
2025-07-18 11:50:00,1775,1775,1765,1765,207
2025-07-18 12:00:00,1769,1772,1766,1772,35
2025-07-18 12:10:00,1773,1773,1769,1770,27
2025-07-18 12:20:00,1766,1768,1766,1768,14
2025-07-18 12:30:00,1763,1763,1758,1760,261
2025-07-18 12:40:00,1760,1762,1760,1761,257
2025-07-18 12:50:00,1761,1762,1758,1758,1206
2025-07-18 13:00:00,1761,1762,1761,1762,24
2025-07-18 13:10:00,1758,1762,1758,1761,62
2025-07-18 13:20:00,1761,1765,1758,1765,200
2025-07-18 13:30:00,1759,1764,1759,1764,36
2025-07-18 13:40:00,1764,1766,1764,1766,109
2025-07-18 13:50:00,1768,1770,1768,1770,62
2025-07-18 14:00:00,1772,1774,1772,1774,11
2025-07-18 14:10:00,1773,1775,1773,1775,111
2025-07-18 14:20:00,1771,1771,1771,1771,1
2025-07-18 14:30:00,1773,1773,1769,1769,258
2025-07-18 14:50:00,1772,1774,1772,1774,191
2025-07-18 15:00:00,1773,1780,1773,1780,144
2025-07-18 15:10:00,1780,1780,1777,1777,3
2025-07-18 15:20:00,1771,1771,1771,1771,1
2025-07-18 15:30:00,1771,1771,1768,1768,45
2025-07-18 15:40:00,1773,1774,1773,1773,104
2025-07-18 15:50:00,1769,1774,1768,1774,41
2025-07-18 16:00:00,1770,1775,1770,1775,5
2025-07-18 16:10:00,1774,1775,1774,1775,53
2025-07-18 16:20:00,1774,1774,1773,1773,176
2025-07-18 16:40:00,1775,1779,1774,1779,399
2025-07-18 16:50:00,1775,1779,1775,1776,73
2025-07-18 17:00:00,1776,1779,1775,1775,35
2025-07-18 17:10:00,1777,1791,1777,1785,1074
2025-07-18 17:20:00,1785,1786,1784,1784,337
2025-07-18 17:30:00,1785,1789,1784,1789,238
2025-07-18 17:40:00,1783,1790,1783,1788,393
2025-07-18 17:50:00,1788,1789,1785,1785,23
2025-07-18 18:00:00,1787,1789,1784,1784,360
2025-07-18 18:10:00,1785,1789,1784,1789,109
2025-07-18 18:20:00,1789,1789,1788,1788,6
2025-07-18 18:30:00,1789,1790,1783,1783,1002
2025-07-18 18:40:00,1783,1783,1783,1783,5
2025-07-18 19:00:00,1783,1784,1777,1777,123
2025-07-18 19:10:00,1784,1785,1784,1785,30
2025-07-18 19:20:00,1784,1785,1783,1784,155
2025-07-18 19:30:00,1783,1783,1783,1783,5
2025-07-18 19:40:00,1783,1783,1783,1783,1
2025-07-18 19:50:00,1780,1780,1777,1777,328
2025-07-18 20:00:00,1774,1776,1772,1776,56
2025-07-18 20:10:00,1776,1777,1776,1777,208
2025-07-18 20:30:00,1778,1778,1778,1778,100
2025-07-18 21:00:00,1780,1781,1780,1781,20
2025-07-18 21:10:00,1776,1776,1776,1776,1
2025-07-18 21:20:00,1776,1778,1773,1778,570
2025-07-18 21:40:00,1778,1778,1778,1778,28
2025-07-18 21:50:00,1775,1775,1775,1775,25
2025-07-18 22:00:00,1778,1778,1778,1778,100
2025-07-18 22:10:00,1775,1775,1775,1775,100
2025-07-18 22:30:00,1778,1778,1778,1778,100
2025-07-18 22:40:00,1779,1781,1779,1781,59
2025-07-18 23:00:00,1781,1784,1781,1784,60
2025-07-18 23:10:00,1783,1783,1783,1783,81
2025-07-18 23:20:00,1784,1787,1783,1787,830
2025-07-18 23:30:00,1787,1787,1787,1787,150
2025-07-18 23:40:00,1784,1787,1784,1787,132
2025-07-21 08:50:00,1790,1790,1790,1790,1
2025-07-21 09:00:00,1799,1806,1794,1794,386
2025-07-21 09:10:00,1794,1800,1794,1794,151
2025-07-21 09:20:00,1794,1800,1789,1789,661
2025-07-21 09:30:00,1791,1791,1783,1784,137
2025-07-21 09:40:00,1789,1789,1784,1789,12
2025-07-21 09:50:00,1789,1789,1785,1785,136
2025-07-21 10:00:00,1787,1790,1785,1785,618
2025-07-21 10:10:00,1782,1785,1773,1773,1117
2025-07-21 10:20:00,1774,1776,1771,1776,322
2025-07-21 10:30:00,1779,1779,1774,1775,577
2025-07-21 10:40:00,1777,1777,1764,1764,4565
2025-07-21 10:50:00,1767,1770,1762,1765,1997
2025-07-21 11:00:00,1763,1766,1762,1765,528
2025-07-21 11:10:00,1763,1764,1761,1764,1346
2025-07-21 11:20:00,1764,1777,1764,1771,568
2025-07-21 11:30:00,1776,1777,1772,1773,413
2025-07-21 11:40:00,1777,1781,1777,1781,615
2025-07-21 11:50:00,1780,1780,1775,1775,76
2025-07-21 12:00:00,1775,1779,1774,1778,251
2025-07-21 12:10:00,1775,1781,1775,1779,773
2025-07-21 12:20:00,1780,1781,1780,1781,15
2025-07-21 12:30:00,1781,1781,1779,1779,615
2025-07-21 12:40:00,1782,1783,1778,1778,220
2025-07-21 12:50:00,1784,1786,1783,1786,63
2025-07-21 13:00:00,1786,1790,1783,1790,51
2025-07-21 13:10:00,1790,1793,1790,1793,101
2025-07-21 13:20:00,1793,1795,1790,1793,561
2025-07-21 13:30:00,1793,1793,1790,1792,682
2025-07-21 13:40:00,1792,1792,1780,1780,482
2025-07-21 14:00:00,1780,1782,1765,1782,715
2025-07-21 14:10:00,1782,1784,1782,1784,35
2025-07-21 14:20:00,1784,1784,1783,1784,20
2025-07-21 14:30:00,1784,1786,1784,1786,272
2025-07-21 14:40:00,1786,1789,1786,1788,410
2025-07-21 15:00:00,1787,1787,1786,1786,18
2025-07-21 15:10:00,1786,1786,1786,1786,8
2025-07-21 15:20:00,1787,1787,1786,1786,20
2025-07-21 15:40:00,1782,1782,1782,1782,6
2025-07-21 15:50:00,1784,1784,1784,1784,10
2025-07-21 16:00:00,1785,1786,1785,1786,11
2025-07-21 16:10:00,1779,1779,1777,1777,246
2025-07-21 16:20:00,1782,1786,1782,1786,245
2025-07-21 16:30:00,1788,1788,1788,1788,20
2025-07-21 16:50:00,1783,1786,1783,1786,22
2025-07-21 17:00:00,1779,1779,1779,1779,1
2025-07-21 17:10:00,1782,1783,1782,1783,62
2025-07-21 17:20:00,1782,1782,1782,1782,300
2025-07-21 17:30:00,1782,1782,1782,1782,30
2025-07-21 17:40:00,1785,1786,1785,1785,137
2025-07-21 18:00:00,1785,1785,1774,1774,783
2025-07-21 18:10:00,1781,1781,1781,1781,5
2025-07-21 18:20:00,1781,1781,1775,1775,47
2025-07-21 18:40:00,1774,1774,1772,1772,15
2025-07-21 19:00:00,1779,1779,1779,1779,1
2025-07-21 19:20:00,1778,1778,1777,1777,200
2025-07-21 19:40:00,1776,1777,1770,1770,767
2025-07-21 19:50:00,1768,1774,1768,1772,28
2025-07-21 20:00:00,1777,1777,1771,1771,311
2025-07-21 20:10:00,1775,1775,1773,1773,11
2025-07-21 20:20:00,1772,1772,1772,1772,2
2025-07-21 20:40:00,1771,1776,1771,1776,57
2025-07-21 20:50:00,1772,1772,1772,1772,3
2025-07-21 21:30:00,1781,1781,1781,1781,172
2025-07-21 21:50:00,1780,1780,1780,1780,1
2025-07-21 22:10:00,1783,1784,1783,1784,40
2025-07-21 22:20:00,1783,1783,1783,1783,1
2025-07-21 22:50:00,1780,1780,1780,1780,1
2025-07-21 23:00:00,1780,1780,1780,1780,10
2025-07-21 23:10:00,1780,1780,1780,1780,5
2025-07-21 23:40:00,1780,1780,1780,1780,28
2025-07-22 08:50:00,1774,1774,1774,1774,6
2025-07-22 09:00:00,1771,1771,1771,1771,11
2025-07-22 09:10:00,1770,1771,1770,1770,21
2025-07-22 09:30:00,1765,1766,1765,1765,50
2025-07-22 09:50:00,1767,1768,1767,1768,76
2025-07-22 10:10:00,1763,1766,1758,1766,207
2025-07-22 10:20:00,1766,1770,1766,1770,46
2025-07-22 10:30:00,1768,1770,1768,1770,11
2025-07-22 10:40:00,1768,1768,1759,1764,139
2025-07-22 11:00:00,1760,1763,1757,1763,51
2025-07-22 11:10:00,1761,1762,1759,1759,101
2025-07-22 11:20:00,1758,1758,1749,1750,779
2025-07-22 11:30:00,1751,1753,1751,1753,202
2025-07-22 11:40:00,1753,1755,1753,1754,25
2025-07-22 11:50:00,1756,1756,1753,1753,51
2025-07-22 12:00:00,1754,1754,1753,1753,10
2025-07-22 12:10:00,1753,1753,1744,1744,104
2025-07-22 12:20:00,1746,1747,1743,1744,276
2025-07-22 12:30:00,1745,1745,1741,1744,425
2025-07-22 12:40:00,1744,1744,1739,1740,303
2025-07-22 12:50:00,1740,1756,1740,1752,465
2025-07-22 13:00:00,1756,1756,1742,1742,711
2025-07-22 13:10:00,1747,1757,1742,1757,517
2025-07-22 13:20:00,1758,1764,1758,1763,389
2025-07-22 13:30:00,1764,1764,1759,1759,221
2025-07-22 13:40:00,1758,1758,1758,1758,10
2025-07-22 14:10:00,1762,1763,1762,1762,216
2025-07-22 14:30:00,1762,1762,1762,1762,9
2025-07-22 14:40:00,1762,1762,1762,1762,3
2025-07-22 14:50:00,1762,1762,1748,1754,375
2025-07-22 15:00:00,1752,1752,1748,1752,45
2025-07-22 15:10:00,1752,1753,1748,1753,188
2025-07-22 15:20:00,1760,1761,1760,1761,25
2025-07-22 15:30:00,1759,1759,1759,1759,8
2025-07-22 15:50:00,1760,1761,1757,1757,118
2025-07-22 16:00:00,1756,1757,1755,1757,728
2025-07-22 16:10:00,1754,1754,1749,1750,69
2025-07-22 16:30:00,1759,1774,1759,1774,485
2025-07-22 16:40:00,1772,1773,1761,1761,300
2025-07-22 16:50:00,1763,1763,1760,1760,211
2025-07-22 17:00:00,1759,1759,1759,1759,49
2025-07-22 17:10:00,1760,1760,1759,1759,23
2025-07-22 17:20:00,1758,1759,1756,1756,40
2025-07-22 17:30:00,1756,1757,1752,1752,133
2025-07-22 17:50:00,1754,1754,1753,1753,68
2025-07-22 18:00:00,1752,1752,1752,1752,50
2025-07-22 18:10:00,1751,1755,1751,1755,120
2025-07-22 18:20:00,1751,1751,1750,1750,84
2025-07-22 18:30:00,1752,1752,1744,1744,342
2025-07-22 18:40:00,1752,1773,1752,1755,271
2025-07-22 19:00:00,1754,1755,1753,1753,60
2025-07-22 19:10:00,1756,1757,1750,1750,90
2025-07-22 19:20:00,1753,1754,1753,1754,4
2025-07-22 19:30:00,1752,1752,1749,1749,10
2025-07-22 19:40:00,1756,1756,1756,1756,1
2025-07-22 19:50:00,1760,1761,1760,1761,56
2025-07-22 20:00:00,1761,1761,1761,1761,12
2025-07-22 20:10:00,1758,1758,1758,1758,1
2025-07-22 20:20:00,1760,1762,1756,1756,311
2025-07-22 21:00:00,1757,1757,1757,1757,3
2025-07-22 21:20:00,1760,1760,1760,1760,2
2025-07-22 21:40:00,1762,1762,1762,1762,43
2025-07-22 21:50:00,1764,1764,1762,1762,37
2025-07-22 22:00:00,1765,1765,1765,1765,2
2025-07-22 22:30:00,1764,1764,1762,1762,211
2025-07-22 23:00:00,1766,1766,1766,1766,20
2025-07-22 23:10:00,1766,1766,1766,1766,40
2025-07-23 09:00:00,1766,1767,1766,1767,15
2025-07-23 09:10:00,1766,1766,1766,1766,15
2025-07-23 09:20:00,1765,1765,1765,1765,4
2025-07-23 09:30:00,1765,1765,1761,1762,12
2025-07-23 09:50:00,1768,1768,1768,1768,97
2025-07-23 10:00:00,1766,1772,1766,1771,223
2025-07-23 10:10:00,1772,1772,1771,1771,604
2025-07-23 10:30:00,1771,1771,1768,1768,181
2025-07-23 10:40:00,1771,1771,1767,1769,149
2025-07-23 10:50:00,1768,1769,1767,1767,652
2025-07-23 11:00:00,1770,1770,1766,1766,297
2025-07-23 11:10:00,1767,1772,1767,1767,82
2025-07-23 11:20:00,1767,1769,1767,1769,48
2025-07-23 11:30:00,1765,1765,1761,1761,208
2025-07-23 11:40:00,1762,1763,1762,1762,293
2025-07-23 11:50:00,1762,1765,1760,1765,109
2025-07-23 12:00:00,1762,1763,1762,1763,2255
2025-07-23 12:10:00,1762,1764,1762,1764,49
2025-07-23 12:20:00,1765,1765,1765,1765,4
2025-07-23 12:30:00,1764,1764,1764,1764,14
2025-07-23 12:40:00,1762,1763,1759,1759,146
2025-07-23 12:50:00,1764,1765,1764,1765,17
2025-07-23 13:00:00,1765,1765,1760,1760,85
2025-07-23 13:20:00,1765,1765,1764,1764,51
2025-07-23 13:40:00,1761,1765,1761,1765,110
2025-07-23 13:50:00,1765,1765,1765,1765,50
2025-07-23 14:10:00,1769,1770,1768,1770,302
2025-07-23 14:20:00,1768,1768,1768,1768,16
2025-07-23 14:30:00,1769,1771,1769,1771,75
2025-07-23 14:40:00,1770,1770,1769,1769,30
2025-07-23 14:50:00,1766,1767,1766,1766,471
2025-07-23 15:00:00,1769,1769,1762,1762,397
2025-07-23 15:10:00,1761,1764,1760,1764,1353
2025-07-23 15:20:00,1768,1768,1763,1763,1035
2025-07-23 15:30:00,1763,1763,1761,1761,692
2025-07-23 15:40:00,1764,1764,1764,1764,93
2025-07-23 16:00:00,1764,1766,1763,1763,2039
2025-07-23 16:10:00,1766,1766,1766,1766,1
2025-07-23 16:20:00,1762,1768,1762,1768,136
2025-07-23 16:30:00,1760,1760,1757,1758,332
2025-07-23 16:40:00,1757,1759,1752,1752,537
2025-07-23 16:50:00,1751,1755,1749,1753,85
2025-07-23 17:00:00,1751,1757,1749,1757,546
2025-07-23 17:10:00,1752,1752,1749,1749,94
2025-07-23 17:20:00,1749,1752,1746,1746,161
2025-07-23 17:30:00,1751,1751,1746,1748,182
2025-07-23 17:40:00,1750,1750,1745,1748,269
2025-07-23 17:50:00,1745,1752,1745,1752,221
2025-07-23 18:00:00,1751,1752,1747,1751,285
2025-07-23 18:10:00,1754,1756,1752,1755,168
2025-07-23 18:20:00,1760,1762,1755,1755,514
2025-07-23 18:30:00,1761,1761,1758,1758,201
2025-07-23 18:40:00,1763,1765,1762,1763,23
2025-07-23 19:00:00,1763,1772,1763,1769,1516
2025-07-23 19:10:00,1769,1769,1764,1764,278
2025-07-23 19:20:00,1765,1773,1760,1773,1098
2025-07-23 19:30:00,1773,1776,1771,1774,431
2025-07-23 19:40:00,1774,1781,1774,1775,900
2025-07-23 19:50:00,1773,1776,1773,1776,1090
2025-07-23 20:00:00,1776,1776,1773,1775,85
2025-07-23 20:10:00,1775,1775,1772,1772,92
2025-07-23 20:20:00,1773,1774,1772,1774,493
2025-07-23 20:30:00,1774,1774,1773,1774,203
2025-07-23 20:40:00,1774,1774,1771,1771,140
2025-07-23 20:50:00,1771,1771,1771,1771,10
2025-07-23 21:00:00,1771,1774,1771,1774,215
2025-07-23 21:10:00,1773,1773,1768,1769,602
2025-07-23 21:20:00,1767,1769,1764,1764,453
2025-07-23 21:30:00,1766,1766,1764,1765,104
2025-07-23 21:40:00,1764,1766,1764,1766,1080
2025-07-23 21:50:00,1766,1769,1766,1769,5
2025-07-23 22:00:00,1765,1765,1763,1763,640
2025-07-23 22:10:00,1764,1764,1752,1755,1155
2025-07-23 22:20:00,1755,1761,1753,1755,399
2025-07-23 22:30:00,1754,1759,1754,1758,28
2025-07-23 22:40:00,1763,1763,1763,1763,5
2025-07-23 22:50:00,1760,1763,1760,1763,210
2025-07-23 23:00:00,1764,1764,1761,1761,21
2025-07-23 23:10:00,1760,1760,1760,1760,3
2025-07-23 23:20:00,1760,1760,1760,1760,109
2025-07-23 23:30:00,1759,1759,1759,1759,141
2025-07-23 23:40:00,1761,1765,1759,1759,1009
2025-07-24 08:50:00,1774,1774,1774,1774,100
2025-07-24 09:00:00,1762,1766,1761,1761,360
2025-07-24 09:10:00,1760,1764,1760,1764,21
2025-07-24 09:20:00,1764,1768,1764,1767,543
2025-07-24 09:30:00,1767,1767,1767,1767,5
2025-07-24 09:40:00,1765,1765,1760,1760,89
2025-07-24 09:50:00,1760,1762,1756,1756,193
2025-07-24 10:00:00,1762,1762,1761,1761,12
2025-07-24 10:10:00,1756,1756,1755,1755,219
2025-07-24 10:20:00,1754,1754,1754,1754,167
2025-07-24 10:30:00,1759,1759,1751,1751,429
2025-07-24 10:40:00,1750,1750,1742,1747,953
2025-07-24 10:50:00,1742,1748,1742,1747,1025
2025-07-24 11:00:00,1749,1751,1747,1750,907
2025-07-24 11:10:00,1747,1747,1741,1747,1951
2025-07-24 11:20:00,1747,1751,1747,1751,158
2025-07-24 11:30:00,1750,1750,1745,1750,294
2025-07-24 11:40:00,1748,1751,1748,1751,146
2025-07-24 11:50:00,1751,1756,1751,1751,578
2025-07-24 12:00:00,1753,1753,1753,1753,52
2025-07-24 12:10:00,1752,1752,1748,1748,47
2025-07-24 12:20:00,1750,1750,1750,1750,442
2025-07-24 12:30:00,1747,1749,1746,1749,67
2025-07-24 12:40:00,1747,1747,1742,1747,251
2025-07-24 12:50:00,1744,1744,1743,1743,26
2025-07-24 13:00:00,1745,1745,1744,1744,2
2025-07-24 13:10:00,1746,1747,1741,1742,358
2025-07-24 13:20:00,1742,1747,1732,1733,2734
2025-07-24 13:30:00,1735,1743,1735,1743,595
2025-07-24 13:40:00,1743,1743,1743,1743,45
2025-07-24 14:00:00,1743,1743,1743,1743,12
2025-07-24 14:10:00,1744,1744,1743,1744,3
2025-07-24 14:20:00,1744,1744,1744,1744,40
2025-07-24 14:40:00,1743,1743,1738,1738,660
2025-07-24 14:50:00,1739,1739,1737,1737,305
2025-07-24 15:00:00,1738,1741,1738,1741,149
2025-07-24 15:10:00,1739,1743,1739,1743,94
2025-07-24 15:20:00,1741,1744,1741,1743,380
2025-07-24 15:40:00,1740,1742,1739,1742,102
2025-07-24 15:50:00,1743,1745,1741,1741,87
2025-07-24 16:00:00,1741,1741,1738,1738,304
2025-07-24 16:20:00,1743,1743,1741,1742,153
2025-07-24 16:30:00,1744,1744,1744,1744,11
2025-07-24 16:40:00,1741,1741,1737,1737,264
2025-07-24 16:50:00,1739,1739,1739,1739,73
2025-07-24 17:00:00,1742,1742,1742,1742,1
2025-07-24 17:10:00,1744,1744,1744,1744,1
2025-07-24 17:20:00,1744,1744,1742,1742,91
2025-07-24 17:30:00,1746,1746,1741,1741,300
2025-07-24 17:40:00,1741,1743,1739,1739,154
2025-07-24 18:00:00,1741,1741,1740,1740,60
2025-07-24 18:10:00,1742,1742,1739,1739,29
2025-07-24 18:20:00,1743,1743,1743,1743,124
2025-07-24 18:30:00,1745,1745,1745,1745,82
2025-07-24 19:00:00,1747,1747,1742,1742,12
2025-07-24 19:10:00,1747,1747,1745,1745,111
2025-07-24 19:20:00,1745,1746,1741,1741,56
2025-07-24 19:30:00,1745,1748,1745,1747,65
2025-07-24 20:00:00,1751,1751,1751,1751,211
2025-07-24 20:10:00,1753,1754,1753,1754,29
2025-07-24 20:20:00,1754,1754,1750,1750,21
2025-07-24 21:00:00,1750,1750,1748,1748,15
2025-07-24 21:20:00,1750,1750,1750,1750,2
2025-07-24 21:30:00,1751,1751,1751,1751,1
2025-07-24 21:50:00,1749,1749,1746,1746,155
2025-07-24 22:10:00,1751,1751,1751,1751,6
2025-07-24 22:20:00,1751,1751,1751,1751,5
2025-07-24 22:30:00,1750,1751,1745,1745,62
2025-07-24 22:40:00,1746,1746,1738,1745,1374
2025-07-24 22:50:00,1746,1746,1746,1746,25
2025-07-24 23:10:00,1746,1746,1746,1746,169
2025-07-24 23:20:00,1745,1746,1744,1746,428
2025-07-24 23:40:00,1745,1747,1745,1747,21
2025-07-25 09:10:00,1747,1749,1747,1749,39
2025-07-25 09:20:00,1748,1748,1748,1748,30
2025-07-25 09:30:00,1748,1748,1738,1740,1055
2025-07-25 09:40:00,1741,1741,1740,1741,192
2025-07-25 09:50:00,1746,1754,1746,1754,521
2025-07-25 10:00:00,1748,1748,1745,1745,293
2025-07-25 10:10:00,1745,1745,1740,1740,130
2025-07-25 10:20:00,1741,1741,1738,1738,48
2025-07-25 10:30:00,1739,1740,1736,1740,643
2025-07-25 10:40:00,1740,1740,1739,1739,13
2025-07-25 10:50:00,1739,1739,1736,1736,24
2025-07-25 11:00:00,1735,1735,1732,1732,64
2025-07-25 11:10:00,1735,1735,1734,1734,304
2025-07-25 11:20:00,1734,1736,1734,1736,249
2025-07-25 11:30:00,1734,1734,1733,1734,70
2025-07-25 11:40:00,1734,1737,1734,1737,69
2025-07-25 12:00:00,1738,1742,1737,1737,508
2025-07-25 12:10:00,1740,1740,1740,1740,10
2025-07-25 12:20:00,1741,1741,1741,1741,144
2025-07-25 12:30:00,1743,1760,1743,1758,1475
2025-07-25 12:40:00,1754,1754,1748,1748,116
2025-07-25 12:50:00,1749,1749,1742,1742,113
2025-07-25 13:00:00,1744,1744,1740,1743,349
2025-07-25 13:10:00,1743,1743,1743,1743,1000
2025-07-25 13:20:00,1743,1763,1743,1756,1781
2025-07-25 13:30:00,1764,1782,1720,1736,9931
2025-07-25 13:40:00,1736,1771,1736,1765,1815
2025-07-25 13:50:00,1768,1768,1753,1764,3374
2025-07-25 14:00:00,1760,1762,1753,1762,3365
2025-07-25 14:10:00,1762,1763,1754,1762,726
2025-07-25 14:20:00,1761,1768,1761,1767,2326
2025-07-25 14:30:00,1761,1767,1757,1757,1253
2025-07-25 14:40:00,1758,1758,1757,1757,202
2025-07-25 14:50:00,1757,1759,1753,1753,261
2025-07-25 15:00:00,1754,1762,1753,1762,406
2025-07-25 15:10:00,1762,1762,1754,1754,38
2025-07-25 15:20:00,1762,1762,1760,1761,44
2025-07-25 15:30:00,1762,1764,1762,1764,315
2025-07-25 15:40:00,1760,1765,1750,1750,448
2025-07-25 15:50:00,1753,1754,1748,1754,252
2025-07-25 16:00:00,1748,1748,1737,1737,366
2025-07-25 16:10:00,1737,1739,1730,1736,2171
2025-07-25 16:20:00,1734,1738,1732,1732,1479
2025-07-25 16:30:00,1732,1738,1732,1738,826
2025-07-25 16:40:00,1738,1745,1738,1743,108
2025-07-25 16:50:00,1743,1743,1738,1738,510
2025-07-25 17:00:00,1741,1741,1731,1731,324
2025-07-25 17:10:00,1731,1732,1730,1730,509
2025-07-25 17:20:00,1731,1734,1730,1733,321
2025-07-25 17:30:00,1733,1734,1725,1730,1478
2025-07-25 17:40:00,1732,1738,1728,1738,111
2025-07-25 17:50:00,1736,1743,1736,1743,35
2025-07-25 18:00:00,1737,1741,1735,1735,285
2025-07-25 18:10:00,1735,1735,1735,1735,20
2025-07-25 18:20:00,1731,1731,1723,1723,1128
2025-07-25 18:30:00,1727,1735,1727,1735,336
2025-07-25 18:40:00,1736,1738,1736,1738,60
2025-07-25 19:00:00,1731,1738,1731,1738,61
2025-07-25 19:10:00,1735,1738,1730,1730,32
2025-07-25 19:20:00,1730,1737,1730,1737,416
2025-07-25 19:30:00,1739,1740,1739,1740,81
2025-07-25 19:40:00,1737,1738,1728,1728,99
2025-07-25 20:00:00,1732,1733,1732,1733,121
2025-07-25 20:10:00,1732,1740,1732,1740,25
2025-07-25 20:20:00,1740,1740,1735,1735,66
2025-07-25 20:40:00,1743,1745,1743,1744,40
2025-07-25 21:00:00,1742,1742,1740,1740,8
2025-07-25 21:40:00,1740,1740,1740,1740,99
2025-07-25 21:50:00,1737,1737,1735,1735,9
2025-07-25 22:00:00,1736,1736,1733,1733,50
2025-07-25 22:20:00,1735,1735,1735,1735,2
2025-07-25 22:50:00,1739,1739,1739,1739,10
2025-07-25 23:00:00,1740,1742,1736,1742,210
2025-07-25 23:20:00,1736,1736,1736,1736,1
2025-07-25 23:30:00,1742,1742,1742,1742,28
2025-07-28 08:50:00,1749,1749,1749,1749,10
2025-07-28 09:00:00,1741,1750,1700,1738,4295
2025-07-28 09:10:00,1738,1738,1732,1732,77
2025-07-28 09:20:00,1732,1735,1729,1731,65
2025-07-28 09:30:00,1732,1732,1727,1732,143
2025-07-28 09:40:00,1729,1732,1729,1732,72
2025-07-28 09:50:00,1730,1736,1729,1735,83
2025-07-28 10:00:00,1734,1737,1734,1737,492
2025-07-28 10:10:00,1735,1735,1728,1728,168
2025-07-28 10:20:00,1726,1726,1726,1726,3
2025-07-28 10:30:00,1723,1723,1715,1721,498
2025-07-28 10:40:00,1719,1719,1715,1715,950
2025-07-28 10:50:00,1720,1722,1715,1722,427
2025-07-28 11:00:00,1718,1718,1718,1718,18
2025-07-28 11:10:00,1718,1723,1718,1723,229
2025-07-28 11:20:00,1722,1722,1718,1718,184
2025-07-28 11:30:00,1718,1726,1718,1726,760
2025-07-28 11:40:00,1726,1726,1726,1726,4
2025-07-28 11:50:00,1726,1729,1724,1729,131
2025-07-28 12:00:00,1727,1727,1724,1725,47
2025-07-28 12:10:00,1728,1731,1728,1731,52
2025-07-28 12:20:00,1731,1734,1731,1734,2
2025-07-28 12:30:00,1734,1736,1734,1736,50
2025-07-28 12:40:00,1731,1734,1729,1734,102
2025-07-28 12:50:00,1734,1736,1731,1733,88
2025-07-28 13:00:00,1736,1738,1736,1738,161
2025-07-28 13:10:00,1739,1739,1739,1739,20
2025-07-28 13:20:00,1740,1740,1740,1740,10
2025-07-28 13:30:00,1740,1740,1740,1740,162
2025-07-28 13:40:00,1739,1739,1737,1737,7
2025-07-28 13:50:00,1736,1736,1735,1735,6
2025-07-28 14:00:00,1735,1735,1730,1730,74
2025-07-28 14:10:00,1735,1736,1729,1736,770
2025-07-28 14:20:00,1732,1736,1732,1735,55
2025-07-28 14:30:00,1733,1733,1733,1733,33
2025-07-28 14:40:00,1733,1733,1733,1733,41
2025-07-28 14:50:00,1731,1731,1722,1722,532
2025-07-28 15:00:00,1722,1722,1713,1718,1347
2025-07-28 15:10:00,1713,1720,1713,1716,451
2025-07-28 15:20:00,1715,1716,1703,1707,1202
2025-07-28 15:30:00,1708,1714,1708,1714,770
2025-07-28 15:40:00,1709,1712,1709,1712,354
2025-07-28 15:50:00,1712,1713,1708,1711,94
2025-07-28 16:00:00,1710,1715,1701,1701,695
2025-07-28 16:10:00,1703,1705,1699,1705,2061
2025-07-28 16:20:00,1707,1707,1707,1707,15
2025-07-28 16:30:00,1708,1711,1706,1706,415
2025-07-28 16:40:00,1705,1705,1698,1698,175
2025-07-28 16:50:00,1698,1703,1698,1703,70
2025-07-28 17:00:00,1702,1702,1698,1699,455
2025-07-28 17:10:00,1699,1699,1692,1693,109
2025-07-28 17:20:00,1693,1694,1693,1693,428
2025-07-28 17:30:00,1695,1695,1694,1695,20
2025-07-28 17:40:00,1694,1697,1693,1697,26
2025-07-28 17:50:00,1697,1697,1697,1697,22
2025-07-28 18:00:00,1698,1701,1695,1701,302
2025-07-28 18:10:00,1695,1696,1693,1695,117
2025-07-28 18:20:00,1693,1693,1685,1691,1753
2025-07-28 18:30:00,1691,1691,1689,1691,125
2025-07-28 18:40:00,1691,1691,1690,1690,5
2025-07-28 19:10:00,1690,1695,1690,1695,203
2025-07-28 19:20:00,1694,1695,1688,1688,41
2025-07-28 19:30:00,1688,1688,1686,1686,35
2025-07-28 19:40:00,1690,1690,1688,1688,20
2025-07-28 19:50:00,1688,1692,1686,1686,85
2025-07-28 20:00:00,1688,1688,1681,1684,1186
2025-07-28 20:10:00,1680,1680,1677,1679,129
2025-07-28 20:20:00,1679,1681,1678,1678,124
2025-07-28 20:30:00,1678,1678,1671,1671,297
2025-07-28 20:40:00,1675,1677,1674,1677,16
2025-07-28 20:50:00,1678,1681,1678,1680,62
2025-07-28 21:10:00,1677,1680,1677,1679,216
2025-07-28 21:20:00,1683,1684,1683,1684,14
2025-07-28 21:30:00,1681,1681,1681,1681,1
2025-07-28 21:40:00,1684,1684,1684,1684,1
2025-07-28 21:50:00,1685,1685,1685,1685,5
2025-07-28 22:10:00,1684,1684,1682,1682,41
2025-07-28 22:20:00,1683,1683,1683,1683,3
2025-07-28 22:30:00,1683,1683,1682,1682,544
2025-07-28 22:40:00,1681,1681,1676,1676,163
2025-07-28 22:50:00,1675,1684,1669,1670,1752
2025-07-28 23:00:00,1673,1673,1673,1673,7
2025-07-28 23:10:00,1676,1676,1676,1676,4
2025-07-28 23:20:00,1671,1671,1665,1665,29
2025-07-28 23:30:00,1669,1670,1665,1667,140
2025-07-28 23:40:00,1670,1670,1668,1668,62
2025-07-29 09:00:00,1681,1682,1674,1674,618
2025-07-29 09:10:00,1673,1673,1669,1672,269
2025-07-29 09:20:00,1673,1674,1673,1673,135
2025-07-29 09:30:00,1673,1674,1673,1674,55
2025-07-29 09:40:00,1675,1675,1674,1674,95
2025-07-29 09:50:00,1674,1678,1674,1678,96
2025-07-29 10:00:00,1677,1682,1677,1682,35
2025-07-29 10:10:00,1678,1683,1678,1678,271
2025-07-29 10:20:00,1677,1677,1671,1671,157
2025-07-29 10:30:00,1670,1672,1669,1669,10
2025-07-29 10:40:00,1671,1671,1670,1671,28
2025-07-29 10:50:00,1671,1671,1663,1671,79
2025-07-29 11:00:00,1671,1671,1670,1671,137
2025-07-29 11:10:00,1676,1680,1674,1674,218
2025-07-29 11:20:00,1677,1677,1677,1677,56
2025-07-29 11:50:00,1680,1680,1680,1680,300
2025-07-29 12:00:00,1680,1680,1679,1679,199
2025-07-29 12:10:00,1675,1683,1675,1683,110
2025-07-29 12:20:00,1675,1675,1674,1674,43
2025-07-29 12:30:00,1673,1673,1672,1673,6
2025-07-29 12:40:00,1671,1672,1671,1672,5
2025-07-29 12:50:00,1677,1679,1674,1679,634
2025-07-29 13:20:00,1677,1677,1677,1677,67
2025-07-29 13:30:00,1675,1675,1674,1674,7
2025-07-29 13:40:00,1679,1681,1679,1681,59
2025-07-29 14:00:00,1681,1683,1681,1683,100
2025-07-29 14:10:00,1681,1681,1680,1680,31
2025-07-29 14:20:00,1682,1692,1681,1691,465
2025-07-29 14:30:00,1692,1692,1691,1691,229
2025-07-29 14:40:00,1691,1693,1691,1693,205
2025-07-29 14:50:00,1692,1697,1692,1694,1024
2025-07-29 15:00:00,1698,1704,1698,1704,1345
2025-07-29 15:10:00,1700,1700,1700,1700,23
2025-07-29 15:20:00,1699,1700,1699,1699,515
2025-07-29 15:30:00,1699,1700,1694,1694,234
2025-07-29 15:40:00,1699,1699,1699,1699,80
2025-07-29 16:00:00,1699,1699,1699,1699,1
2025-07-29 16:10:00,1699,1699,1694,1694,356
2025-07-29 16:20:00,1699,1705,1698,1705,302
2025-07-29 16:30:00,1707,1708,1703,1706,61
2025-07-29 16:40:00,1708,1714,1708,1712,197
2025-07-29 16:50:00,1713,1714,1707,1707,442
2025-07-29 17:00:00,1714,1719,1714,1714,1121
2025-07-29 17:10:00,1719,1720,1715,1715,340
2025-07-29 17:20:00,1719,1721,1714,1721,280
2025-07-29 17:30:00,1721,1723,1714,1715,1390
2025-07-29 17:40:00,1715,1715,1713,1714,60
2025-07-29 17:50:00,1715,1716,1715,1715,266
2025-07-29 18:00:00,1716,1716,1714,1714,798
2025-07-29 18:10:00,1714,1714,1710,1710,317
2025-07-29 18:20:00,1709,1710,1708,1708,223
2025-07-29 18:30:00,1710,1712,1709,1712,111
2025-07-29 18:40:00,1717,1720,1717,1720,50
2025-07-29 19:00:00,1716,1716,1716,1716,43
2025-07-29 19:10:00,1716,1716,1716,1716,10
2025-07-29 19:40:00,1714,1714,1714,1714,3
2025-07-29 20:00:00,1713,1714,1713,1714,24
2025-07-29 20:20:00,1714,1714,1714,1714,3
2025-07-29 20:30:00,1711,1711,1705,1705,331
2025-07-29 20:40:00,1705,1705,1702,1702,778
2025-07-29 20:50:00,1702,1702,1694,1696,1721
2025-07-29 21:00:00,1695,1696,1690,1691,220
2025-07-29 21:10:00,1692,1697,1692,1697,18
2025-07-29 21:20:00,1694,1694,1690,1694,415
2025-07-29 21:30:00,1694,1694,1691,1691,24
2025-07-29 21:40:00,1691,1691,1690,1691,69
2025-07-29 21:50:00,1691,1691,1691,1691,15
2025-07-29 22:00:00,1697,1697,1697,1697,120
2025-07-29 22:10:00,1701,1702,1701,1702,10
2025-07-29 22:30:00,1702,1702,1702,1702,2
2025-07-29 22:40:00,1703,1703,1700,1700,16
2025-07-29 22:50:00,1700,1701,1700,1701,3
2025-07-29 23:20:00,1705,1706,1700,1700,216
2025-07-29 23:30:00,1706,1706,1706,1706,20
2025-07-29 23:40:00,1706,1706,1706,1706,8
2025-07-30 08:50:00,1712,1712,1712,1712,158
2025-07-30 09:00:00,1715,1722,1712,1722,312
2025-07-30 09:10:00,1720,1731,1720,1730,780
2025-07-30 09:20:00,1727,1729,1720,1724,445
2025-07-30 09:30:00,1724,1728,1721,1727,373
2025-07-30 09:40:00,1728,1728,1727,1727,85
2025-07-30 09:50:00,1727,1728,1727,1727,159
2025-07-30 10:00:00,1726,1726,1719,1719,269
2025-07-30 10:10:00,1725,1725,1720,1720,136
2025-07-30 10:20:00,1725,1729,1724,1728,590
2025-07-30 10:30:00,1728,1729,1724,1724,467
2025-07-30 10:40:00,1724,1733,1722,1727,1966
2025-07-30 10:50:00,1727,1730,1725,1730,31
2025-07-30 11:00:00,1730,1732,1730,1732,25
2025-07-30 11:10:00,1732,1734,1732,1734,9
2025-07-30 11:20:00,1731,1736,1729,1729,2086
2025-07-30 11:30:00,1728,1728,1728,1728,39
2025-07-30 11:40:00,1728,1728,1721,1721,21
2025-07-30 11:50:00,1722,1722,1722,1722,3
2025-07-30 12:00:00,1722,1722,1719,1719,54
2025-07-30 12:10:00,1719,1722,1718,1719,348
2025-07-30 12:20:00,1717,1717,1717,1717,17
2025-07-30 12:30:00,1717,1717,1716,1716,8
2025-07-30 12:40:00,1716,1716,1714,1716,102
2025-07-30 12:50:00,1719,1719,1716,1716,64
2025-07-30 13:10:00,1719,1721,1718,1721,377
2025-07-30 13:20:00,1720,1720,1720,1720,3
2025-07-30 13:40:00,1720,1721,1720,1721,4
2025-07-30 13:50:00,1722,1724,1722,1723,25
2025-07-30 14:00:00,1722,1722,1722,1722,10
2025-07-30 14:10:00,1722,1722,1718,1719,776
2025-07-30 14:20:00,1715,1715,1715,1715,400
2025-07-30 14:30:00,1719,1724,1719,1724,368
2025-07-30 14:40:00,1723,1725,1723,1725,68
2025-07-30 14:50:00,1717,1717,1717,1717,5
2025-07-30 15:00:00,1721,1721,1721,1721,15
2025-07-30 15:10:00,1721,1721,1712,1712,510
2025-07-30 15:20:00,1710,1718,1708,1718,143
2025-07-30 15:30:00,1718,1718,1715,1716,28
2025-07-30 15:40:00,1709,1711,1706,1706,147
2025-07-30 15:50:00,1705,1705,1699,1699,29
2025-07-30 16:00:00,1699,1705,1694,1705,259
2025-07-30 16:10:00,1705,1706,1703,1706,18
2025-07-30 16:20:00,1703,1710,1703,1709,189
2025-07-30 16:30:00,1711,1713,1708,1709,66
2025-07-30 16:50:00,1709,1714,1708,1711,98
2025-07-30 17:00:00,1713,1723,1713,1718,153
2025-07-30 17:10:00,1718,1721,1711,1711,1032
2025-07-30 17:20:00,1710,1710,1708,1710,16
2025-07-30 17:30:00,1712,1712,1711,1711,54
2025-07-30 17:40:00,1710,1710,1708,1709,652
2025-07-30 17:50:00,1709,1709,1708,1708,103
2025-07-30 18:00:00,1709,1709,1709,1709,107
2025-07-30 18:10:00,1708,1709,1705,1709,44
2025-07-30 19:00:00,1707,1707,1705,1705,3
2025-07-30 19:10:00,1706,1709,1706,1709,62
2025-07-30 19:20:00,1712,1714,1712,1714,241
2025-07-30 19:50:00,1712,1714,1707,1711,436
2025-07-30 20:00:00,1705,1711,1705,1711,76
2025-07-30 20:20:00,1710,1710,1707,1707,25
2025-07-30 20:40:00,1709,1713,1707,1713,48
2025-07-30 20:50:00,1708,1708,1708,1708,100
2025-07-30 21:00:00,1707,1707,1707,1707,14
2025-07-30 21:10:00,1711,1713,1711,1713,10
2025-07-30 21:20:00,1707,1711,1706,1711,69
2025-07-30 21:30:00,1712,1712,1712,1712,3
2025-07-30 21:40:00,1713,1713,1713,1713,8
2025-07-30 21:50:00,1708,1708,1708,1708,19
2025-07-30 22:20:00,1710,1713,1709,1709,54
2025-07-30 22:40:00,1708,1708,1703,1704,1585
2025-07-30 22:50:00,1703,1705,1703,1705,62
2025-07-30 23:00:00,1705,1705,1705,1705,20
2025-07-30 23:10:00,1704,1704,1704,1704,5
2025-07-30 23:20:00,1704,1704,1703,1703,19
2025-07-30 23:30:00,1703,1703,1703,1703,25
2025-07-30 23:40:00,1706,1706,1706,1706,4
2025-07-31 09:00:00,1718,1718,1715,1715,61
2025-07-31 09:10:00,1718,1718,1715,1715,65
2025-07-31 09:20:00,1716,1723,1716,1721,163
2025-07-31 09:30:00,1720,1729,1720,1728,235
2025-07-31 09:40:00,1726,1727,1720,1720,200
2025-07-31 09:50:00,1723,1723,1722,1722,12
2025-07-31 10:00:00,1723,1732,1723,1728,592
2025-07-31 10:10:00,1728,1728,1722,1722,230
2025-07-31 10:20:00,1719,1719,1709,1709,83
2025-07-31 10:30:00,1709,1709,1706,1706,67
2025-07-31 10:40:00,1704,1704,1702,1702,91
2025-07-31 10:50:00,1703,1707,1701,1707,749
2025-07-31 11:00:00,1704,1707,1702,1703,63
2025-07-31 11:10:00,1701,1701,1697,1698,788
2025-07-31 11:20:00,1699,1700,1695,1698,137
2025-07-31 11:30:00,1701,1701,1695,1695,442
2025-07-31 11:40:00,1700,1708,1699,1700,230
2025-07-31 11:50:00,1698,1698,1689,1695,1014
2025-07-31 12:00:00,1691,1695,1690,1693,62
2025-07-31 12:10:00,1693,1699,1693,1695,252
2025-07-31 12:20:00,1696,1698,1696,1698,60
2025-07-31 12:30:00,1695,1695,1695,1695,21
2025-07-31 12:40:00,1694,1694,1691,1691,98
2025-07-31 12:50:00,1694,1700,1693,1696,1472
2025-07-31 13:00:00,1697,1707,1696,1707,313
2025-07-31 13:10:00,1707,1710,1703,1703,140
2025-07-31 13:20:00,1703,1707,1703,1704,150
2025-07-31 13:30:00,1708,1712,1705,1711,1785
2025-07-31 13:40:00,1709,1714,1709,1712,105
2025-07-31 13:50:00,1714,1717,1713,1716,224
2025-07-31 14:00:00,1716,1716,1716,1716,43
2025-07-31 14:10:00,1715,1715,1714,1714,20
2025-07-31 14:20:00,1716,1716,1709,1709,625
2025-07-31 14:40:00,1706,1706,1706,1706,20
2025-07-31 14:50:00,1704,1706,1704,1706,41
2025-07-31 15:00:00,1708,1708,1706,1706,15
2025-07-31 15:10:00,1706,1706,1706,1706,120
2025-07-31 15:20:00,1709,1710,1709,1710,11
2025-07-31 15:30:00,1709,1738,1709,1731,1384
2025-07-31 15:40:00,1729,1752,1728,1751,3761
2025-07-31 15:50:00,1750,1750,1737,1737,1461
2025-07-31 16:00:00,1737,1741,1736,1740,254
2025-07-31 16:10:00,1737,1743,1735,1736,434
2025-07-31 16:20:00,1737,1740,1733,1740,150
2025-07-31 16:30:00,1740,1749,1740,1741,293
2025-07-31 16:40:00,1741,1753,1740,1752,2045
2025-07-31 16:50:00,1752,1755,1748,1748,671
2025-07-31 17:00:00,1750,1756,1742,1743,221
2025-07-31 17:10:00,1744,1745,1741,1745,259
2025-07-31 17:20:00,1745,1745,1740,1743,30
2025-07-31 17:30:00,1743,1743,1740,1742,9
2025-07-31 17:40:00,1739,1739,1735,1735,129
2025-07-31 17:50:00,1737,1740,1737,1740,35
2025-07-31 18:00:00,1737,1742,1737,1742,3
2025-07-31 18:10:00,1740,1742,1738,1741,128
2025-07-31 18:20:00,1741,1748,1739,1746,174
2025-07-31 18:30:00,1746,1746,1745,1745,72
2025-07-31 18:40:00,1748,1752,1748,1751,90
2025-07-31 19:00:00,1751,1760,1748,1760,1101
2025-07-31 19:10:00,1757,1760,1754,1755,439
2025-07-31 19:30:00,1752,1752,1748,1750,45
2025-07-31 19:40:00,1750,1750,1747,1749,300
2025-07-31 19:50:00,1748,1749,1743,1749,223
2025-07-31 20:00:00,1749,1749,1742,1743,198
2025-07-31 20:30:00,1744,1748,1744,1748,5
2025-07-31 20:40:00,1747,1747,1744,1746,14
2025-07-31 20:50:00,1744,1744,1744,1744,6
2025-07-31 21:00:00,1744,1744,1739,1744,59
2025-07-31 21:10:00,1744,1744,1742,1742,10
2025-07-31 21:20:00,1742,1742,1741,1741,4
2025-07-31 21:30:00,1740,1741,1739,1739,12
2025-07-31 21:40:00,1739,1739,1735,1736,59
2025-07-31 22:00:00,1742,1746,1742,1746,38
2025-07-31 22:10:00,1745,1752,1745,1751,545
2025-07-31 22:20:00,1746,1753,1746,1747,102
2025-07-31 22:30:00,1746,1748,1746,1748,4
2025-07-31 23:10:00,1748,1748,1748,1748,101
2025-07-31 23:20:00,1747,1747,1747,1747,2
2025-07-31 23:30:00,1747,1747,1747,1747,2
2025-07-31 23:40:00,1749,1757,1748,1748,583
2025-08-01 08:50:00,1752,1752,1752,1752,3
2025-08-01 09:00:00,1756,1757,1752,1752,40
2025-08-01 09:10:00,1754,1757,1752,1753,36
2025-08-01 09:20:00,1752,1753,1752,1753,21
2025-08-01 09:40:00,1754,1754,1753,1753,41
2025-08-01 09:50:00,1751,1760,1751,1759,385
2025-08-01 10:00:00,1759,1761,1757,1759,523
2025-08-01 10:10:00,1751,1753,1751,1751,28
2025-08-01 10:20:00,1750,1750,1740,1740,394
2025-08-01 10:30:00,1743,1745,1739,1744,260
2025-08-01 10:40:00,1744,1744,1738,1740,1029
2025-08-01 10:50:00,1744,1746,1742,1746,98
2025-08-01 11:00:00,1744,1746,1743,1746,562
2025-08-01 11:10:00,1746,1746,1741,1741,149
2025-08-01 11:20:00,1740,1741,1737,1738,487
2025-08-01 11:30:00,1738,1740,1732,1739,227
2025-08-01 11:40:00,1739,1739,1738,1738,96
2025-08-01 11:50:00,1738,1739,1737,1737,16
2025-08-01 12:00:00,1736,1737,1734,1737,239
2025-08-01 12:10:00,1736,1737,1736,1737,22
2025-08-01 12:20:00,1732,1735,1728,1735,283
2025-08-01 12:40:00,1733,1733,1733,1733,2
2025-08-01 12:50:00,1736,1736,1734,1734,54
2025-08-01 13:00:00,1735,1735,1734,1734,12
2025-08-01 13:10:00,1735,1735,1735,1735,1
2025-08-01 13:30:00,1738,1739,1735,1739,139
2025-08-01 13:40:00,1733,1736,1733,1736,7
2025-08-01 13:50:00,1737,1737,1737,1737,15
2025-08-01 14:00:00,1734,1734,1733,1733,210
2025-08-01 14:10:00,1733,1733,1731,1732,37
2025-08-01 14:20:00,1731,1732,1723,1726,1744
2025-08-01 14:40:00,1726,1737,1726,1737,165
2025-08-01 14:50:00,1737,1737,1726,1726,71
2025-08-01 15:00:00,1726,1726,1722,1724,600
2025-08-01 15:20:00,1729,1733,1727,1733,223
2025-08-01 15:30:00,1729,1731,1729,1731,31
2025-08-01 15:40:00,1727,1727,1723,1723,196
2025-08-01 15:50:00,1723,1723,1720,1720,1174
2025-08-01 16:00:00,1718,1724,1718,1721,17
2025-08-01 16:10:00,1723,1725,1721,1723,26
2025-08-01 16:20:00,1725,1732,1725,1731,608
2025-08-01 16:30:00,1730,1731,1722,1722,593
2025-08-01 16:40:00,1725,1725,1724,1724,71
2025-08-01 16:50:00,1722,1726,1722,1723,126
2025-08-01 17:00:00,1723,1726,1721,1723,335
2025-08-01 17:10:00,1723,1725,1723,1725,30
2025-08-01 17:20:00,1724,1726,1722,1726,677
2025-08-01 17:30:00,1725,1726,1723,1723,186
2025-08-01 17:40:00,1723,1723,1720,1722,874
2025-08-01 17:50:00,1720,1720,1720,1720,35
2025-08-01 18:00:00,1721,1721,1708,1708,1406
2025-08-01 18:10:00,1709,1709,1709,1709,433
2025-08-01 18:20:00,1710,1712,1710,1710,475
2025-08-01 18:30:00,1712,1712,1711,1711,78
2025-08-01 19:00:00,1710,1710,1709,1709,16
2025-08-01 19:10:00,1710,1713,1710,1713,120
2025-08-01 19:20:00,1711,1712,1709,1710,31
2025-08-01 19:30:00,1709,1709,1709,1709,1
2025-08-01 19:40:00,1711,1711,1711,1711,20
2025-08-01 19:50:00,1709,1711,1702,1704,1408
2025-08-01 20:00:00,1703,1704,1697,1703,218
2025-08-01 20:10:00,1707,1712,1706,1709,1400
2025-08-01 20:20:00,1712,1713,1709,1709,143
2025-08-01 20:30:00,1708,1715,1700,1708,1538
2025-08-01 20:40:00,1708,1708,1699,1701,422
2025-08-01 20:50:00,1704,1708,1704,1705,199
2025-08-01 21:20:00,1710,1713,1707,1713,49
2025-08-01 21:30:00,1712,1713,1698,1698,576
2025-08-01 21:40:00,1698,1704,1698,1701,55
2025-08-01 21:50:00,1704,1704,1704,1704,2
2025-08-01 22:00:00,1700,1703,1700,1703,10
2025-08-01 22:10:00,1703,1704,1699,1699,40
2025-08-01 22:20:00,1701,1701,1698,1698,34
2025-08-01 22:30:00,1703,1704,1703,1704,4
2025-08-01 22:50:00,1704,1704,1702,1702,19
2025-08-01 23:00:00,1701,1706,1700,1700,49
2025-08-01 23:10:00,1705,1705,1705,1705,1
2025-08-01 23:30:00,1700,1703,1700,1703,84
2025-08-01 23:40:00,1701,1703,1701,1703,25
2025-08-04 09:00:00,1703,1709,1702,1708,227
2025-08-04 09:10:00,1703,1704,1703,1704,176
2025-08-04 09:20:00,1703,1704,1702,1704,125
2025-08-04 09:30:00,1707,1709,1707,1709,242
2025-08-04 09:40:00,1707,1710,1707,1710,158
2025-08-04 09:50:00,1709,1711,1707,1707,628
2025-08-04 10:00:00,1704,1708,1703,1704,746
2025-08-04 10:10:00,1702,1705,1702,1704,23
2025-08-04 10:20:00,1705,1705,1705,1705,1
2025-08-04 10:30:00,1710,1715,1707,1715,745
2025-08-04 10:40:00,1713,1713,1713,1713,7
2025-08-04 10:50:00,1713,1717,1713,1717,49
2025-08-04 11:00:00,1713,1716,1712,1716,630
2025-08-04 11:10:00,1711,1717,1711,1716,317
2025-08-04 11:20:00,1714,1716,1714,1716,50
2025-08-04 11:30:00,1712,1714,1709,1714,29
2025-08-04 11:40:00,1711,1715,1711,1715,33
2025-08-04 12:10:00,1715,1717,1713,1717,160
2025-08-04 12:20:00,1717,1717,1717,1717,778
2025-08-04 12:30:00,1717,1717,1717,1717,504
2025-08-04 12:40:00,1717,1720,1717,1720,153
2025-08-04 12:50:00,1715,1719,1715,1715,16
2025-08-04 13:10:00,1715,1719,1715,1719,8
2025-08-04 13:20:00,1717,1719,1714,1714,16
2025-08-04 13:40:00,1720,1720,1717,1717,2
2025-08-04 13:50:00,1717,1717,1717,1717,1
2025-08-04 14:00:00,1717,1717,1717,1717,2
2025-08-04 14:10:00,1720,1720,1718,1718,187
2025-08-04 14:20:00,1717,1718,1717,1718,15
2025-08-04 14:30:00,1716,1720,1715,1720,195
2025-08-04 14:40:00,1721,1721,1717,1720,182
2025-08-04 14:50:00,1720,1722,1716,1718,136
2025-08-04 15:00:00,1718,1722,1718,1721,10
2025-08-04 15:10:00,1721,1721,1721,1721,100
2025-08-04 15:20:00,1719,1719,1719,1719,4
2025-08-04 15:30:00,1719,1722,1719,1722,19
2025-08-04 15:40:00,1720,1722,1720,1722,32
2025-08-04 16:00:00,1716,1716,1715,1715,136
2025-08-04 16:10:00,1717,1717,1713,1713,52
2025-08-04 16:20:00,1717,1719,1717,1717,16
2025-08-04 16:30:00,1713,1713,1712,1712,18
2025-08-04 16:40:00,1715,1715,1715,1715,1
2025-08-04 16:50:00,1713,1713,1713,1713,1
2025-08-04 17:00:00,1713,1715,1713,1715,5
2025-08-04 17:10:00,1714,1714,1712,1712,8
2025-08-04 17:20:00,1713,1720,1713,1720,31
2025-08-04 17:30:00,1720,1721,1720,1721,213
2025-08-04 17:40:00,1719,1722,1718,1720,192
2025-08-04 17:50:00,1720,1720,1712,1716,302
2025-08-04 18:00:00,1717,1717,1717,1717,4
2025-08-04 18:10:00,1718,1720,1718,1720,11
2025-08-04 18:20:00,1720,1720,1718,1719,20
2025-08-04 18:30:00,1720,1728,1720,1723,124
2025-08-04 18:40:00,1721,1721,1715,1715,25
2025-08-04 19:10:00,1724,1724,1724,1724,100
2025-08-04 19:20:00,1724,1725,1724,1725,10
2025-08-04 19:40:00,1717,1717,1714,1715,85
2025-08-04 19:50:00,1719,1721,1712,1721,300
2025-08-04 20:00:00,1718,1718,1718,1718,10
2025-08-04 20:20:00,1722,1722,1718,1722,40
2025-08-04 20:30:00,1722,1724,1722,1724,4
2025-08-04 20:50:00,1724,1725,1720,1720,11
2025-08-04 21:00:00,1725,1727,1720,1727,62
2025-08-04 21:10:00,1726,1727,1726,1727,5
2025-08-04 21:40:00,1722,1723,1722,1723,13
2025-08-04 22:00:00,1721,1721,1721,1721,2
2025-08-04 22:10:00,1722,1723,1721,1723,53
2025-08-04 22:20:00,1723,1723,1723,1723,1
2025-08-04 22:30:00,1724,1727,1724,1724,11
2025-08-04 22:50:00,1721,1721,1719,1719,100
2025-08-04 23:00:00,1721,1723,1721,1723,11
2025-08-04 23:20:00,1724,1734,1724,1734,768
2025-08-04 23:30:00,1735,1735,1733,1733,13
2025-08-04 23:40:00,1736,1739,1736,1739,54
2025-08-05 08:50:00,1733,1733,1733,1733,2
2025-08-05 09:00:00,1733,1735,1725,1735,130
2025-08-05 09:10:00,1734,1740,1734,1737,224
2025-08-05 09:30:00,1738,1742,1738,1740,259
2025-08-05 09:40:00,1740,1744,1740,1744,198
2025-08-05 09:50:00,1744,1744,1741,1741,22
2025-08-05 10:00:00,1740,1740,1731,1734,493
2025-08-05 10:10:00,1739,1739,1730,1730,7
2025-08-05 10:30:00,1734,1735,1734,1735,30
2025-08-05 10:40:00,1731,1731,1731,1731,3
2025-08-05 10:50:00,1732,1732,1731,1731,98
2025-08-05 11:00:00,1731,1732,1725,1726,703
2025-08-05 11:10:00,1726,1726,1724,1724,31
2025-08-05 11:20:00,1728,1732,1728,1731,45
2025-08-05 11:30:00,1728,1728,1728,1728,200
2025-08-05 11:40:00,1727,1727,1724,1726,31
2025-08-05 11:50:00,1727,1729,1725,1725,46
2025-08-05 12:00:00,1726,1727,1723,1723,98
2025-08-05 12:10:00,1728,1729,1724,1724,112
2025-08-05 12:20:00,1725,1725,1721,1721,78
2025-08-05 12:30:00,1721,1724,1719,1721,687
2025-08-05 12:40:00,1721,1723,1721,1722,34
2025-08-05 12:50:00,1724,1725,1722,1722,11
2025-08-05 13:10:00,1724,1725,1724,1725,2
2025-08-05 13:20:00,1725,1725,1725,1725,25
2025-08-05 13:30:00,1724,1724,1722,1722,30
2025-08-05 14:00:00,1721,1722,1720,1720,40
2025-08-05 14:10:00,1720,1720,1720,1720,8
2025-08-05 15:10:00,1720,1720,1717,1718,152
2025-08-05 15:20:00,1716,1716,1715,1715,10
2025-08-05 15:40:00,1724,1725,1724,1725,23
2025-08-05 15:50:00,1727,1732,1727,1732,633
2025-08-05 16:00:00,1727,1727,1727,1727,1
2025-08-05 16:10:00,1726,1726,1726,1726,5
2025-08-05 16:20:00,1732,1732,1732,1732,101
2025-08-05 16:30:00,1727,1732,1727,1731,342
2025-08-05 16:40:00,1732,1732,1721,1722,290
2025-08-05 16:50:00,1722,1724,1722,1724,54
2025-08-05 17:00:00,1723,1727,1723,1724,175
2025-08-05 17:10:00,1724,1725,1724,1725,43
2025-08-05 17:20:00,1724,1725,1720,1725,53
2025-08-05 17:30:00,1726,1728,1726,1726,69
2025-08-05 17:40:00,1727,1727,1724,1724,52
2025-08-05 17:50:00,1725,1725,1723,1723,48
2025-08-05 18:10:00,1722,1722,1720,1720,11
2025-08-05 18:20:00,1720,1720,1720,1720,4
2025-08-05 18:30:00,1720,1720,1720,1720,35
2025-08-05 18:40:00,1723,1723,1723,1723,2
2025-08-05 19:20:00,1721,1721,1720,1720,50
2025-08-05 19:50:00,1720,1720,1720,1720,20
2025-08-05 20:00:00,1725,1731,1725,1731,15
2025-08-05 20:10:00,1730,1732,1730,1732,25
2025-08-05 20:20:00,1730,1730,1730,1730,9
2025-08-05 20:30:00,1730,1730,1730,1730,41
2025-08-05 20:40:00,1727,1728,1727,1727,6
2025-08-05 21:00:00,1728,1728,1727,1727,13
2025-08-05 21:10:00,1726,1726,1726,1726,1
2025-08-05 21:20:00,1726,1726,1726,1726,2
2025-08-05 21:30:00,1726,1726,1722,1722,16
2025-08-05 21:40:00,1721,1721,1721,1721,1
2025-08-05 21:50:00,1725,1725,1725,1725,9
2025-08-05 22:00:00,1725,1728,1723,1723,76
2025-08-05 22:40:00,1726,1726,1724,1726,27
2025-08-05 23:20:00,1726,1726,1724,1724,10
2025-08-05 23:40:00,1726,1727,1723,1723,269
2025-08-06 09:00:00,1728,1730,1728,1730,25
2025-08-06 09:10:00,1731,1732,1731,1732,22
2025-08-06 09:20:00,1730,1730,1730,1730,1
2025-08-06 09:30:00,1729,1729,1724,1724,499
2025-08-06 09:40:00,1725,1725,1722,1722,500
2025-08-06 10:00:00,1726,1730,1726,1728,11
2025-08-06 10:10:00,1725,1725,1725,1725,11
2025-08-06 10:20:00,1724,1724,1724,1724,20
2025-08-06 10:30:00,1722,1728,1721,1728,162
2025-08-06 10:40:00,1720,1720,1718,1718,50
2025-08-06 10:50:00,1722,1726,1721,1726,157
2025-08-06 11:00:00,1723,1723,1723,1723,5
2025-08-06 11:10:00,1726,1726,1726,1726,4
2025-08-06 11:20:00,1728,1728,1727,1727,26
2025-08-06 11:30:00,1727,1727,1725,1725,14
2025-08-06 11:40:00,1729,1729,1724,1724,15
2025-08-06 11:50:00,1724,1725,1722,1722,229
2025-08-06 12:20:00,1724,1724,1724,1724,2
2025-08-06 12:30:00,1723,1723,1720,1720,144
2025-08-06 12:40:00,1720,1720,1720,1720,55
2025-08-06 12:50:00,1720,1720,1720,1720,16
2025-08-06 13:00:00,1720,1724,1720,1724,14
2025-08-06 13:20:00,1722,1726,1722,1726,5
2025-08-06 13:30:00,1725,1726,1725,1726,27
2025-08-06 13:40:00,1725,1725,1725,1725,200
2025-08-06 13:50:00,1725,1726,1725,1725,39
2025-08-06 14:00:00,1725,1725,1723,1723,19
2025-08-06 14:10:00,1720,1721,1720,1720,61
2025-08-06 14:40:00,1725,1726,1725,1726,30
2025-08-06 14:50:00,1726,1726,1726,1726,37
2025-08-06 15:00:00,1729,1730,1726,1726,167
2025-08-06 15:10:00,1726,1727,1726,1727,3
2025-08-06 15:20:00,1726,1727,1726,1727,103
2025-08-06 15:30:00,1725,1725,1721,1721,19
2025-08-06 15:40:00,1722,1722,1722,1722,5
2025-08-06 15:50:00,1728,1728,1727,1727,70
2025-08-06 16:00:00,1725,1725,1722,1724,97
2025-08-06 16:10:00,1726,1726,1726,1726,97
2025-08-06 16:30:00,1727,1728,1723,1723,10
2025-08-06 16:40:00,1724,1730,1724,1730,101
2025-08-06 16:50:00,1729,1730,1722,1722,246
2025-08-06 17:00:00,1721,1730,1720,1722,335
2025-08-06 17:10:00,1724,1725,1720,1725,21
2025-08-06 17:20:00,1723,1723,1713,1717,5118
2025-08-06 17:30:00,1713,1716,1711,1715,218
2025-08-06 17:40:00,1716,1722,1716,1719,116
2025-08-06 17:50:00,1716,1716,1709,1712,2367
2025-08-06 18:00:00,1713,1715,1708,1713,780
2025-08-06 18:10:00,1713,1713,1708,1712,95
2025-08-06 18:20:00,1712,1724,1711,1718,334
2025-08-06 18:30:00,1719,1719,1712,1715,150
2025-08-06 18:40:00,1719,1727,1719,1727,50
2025-08-06 19:00:00,1717,1722,1717,1717,73
2025-08-06 19:10:00,1716,1718,1714,1714,79
2025-08-06 19:20:00,1718,1721,1718,1720,81
2025-08-06 19:30:00,1721,1721,1721,1721,20
2025-08-06 19:40:00,1720,1727,1716,1718,610
2025-08-06 19:50:00,1718,1718,1712,1715,90
2025-08-06 20:00:00,1715,1730,1714,1730,234
2025-08-06 20:10:00,1730,1739,1730,1735,909
2025-08-06 20:20:00,1736,1742,1733,1735,589
2025-08-06 20:30:00,1734,1735,1733,1733,39
2025-08-06 20:40:00,1734,1741,1734,1735,248
2025-08-06 20:50:00,1733,1733,1733,1733,1
2025-08-06 21:00:00,1737,1741,1737,1741,120
2025-08-06 21:10:00,1741,1744,1740,1743,602
2025-08-06 21:20:00,1742,1744,1742,1744,45
2025-08-06 21:30:00,1745,1748,1745,1745,30
2025-08-06 21:40:00,1744,1744,1742,1742,152
2025-08-06 21:50:00,1742,1756,1740,1756,488
2025-08-06 22:00:00,1759,1768,1749,1752,15980
2025-08-06 22:10:00,1755,1760,1751,1760,1092
2025-08-06 22:20:00,1759,1762,1755,1757,505
2025-08-06 22:30:00,1757,1763,1749,1750,2142
2025-08-06 22:40:00,1756,1758,1742,1742,725
2025-08-06 22:50:00,1742,1753,1742,1746,926
2025-08-06 23:00:00,1749,1749,1744,1748,115
2025-08-06 23:10:00,1745,1745,1734,1734,662
2025-08-06 23:20:00,1736,1750,1736,1750,350
2025-08-06 23:30:00,1752,1758,1752,1758,2004
2025-08-06 23:40:00,1758,1762,1751,1751,864
2025-08-07 08:50:00,1750,1750,1750,1750,2
2025-08-07 09:00:00,1753,1753,1745,1745,592
2025-08-07 09:10:00,1746,1746,1738,1741,70
2025-08-07 09:20:00,1744,1746,1741,1741,194
2025-08-07 09:30:00,1744,1744,1744,1744,70
2025-08-07 09:40:00,1741,1743,1740,1743,27
2025-08-07 10:00:00,1743,1747,1743,1743,273
2025-08-07 10:10:00,1742,1742,1736,1740,129
2025-08-07 10:20:00,1743,1743,1742,1742,3
2025-08-07 10:30:00,1742,1747,1742,1747,122
2025-08-07 10:40:00,1746,1747,1746,1747,21
2025-08-07 10:50:00,1750,1750,1747,1747,20
2025-08-07 11:00:00,1749,1771,1749,1771,2807
2025-08-07 11:10:00,1772,1773,1767,1767,757
2025-08-07 11:20:00,1768,1773,1763,1763,1073
2025-08-07 11:30:00,1769,1773,1765,1769,975
2025-08-07 11:40:00,1771,1772,1765,1770,139
2025-08-07 11:50:00,1769,1774,1763,1767,1079
2025-08-07 12:00:00,1768,1770,1766,1766,167
2025-08-07 12:10:00,1765,1767,1763,1767,141
2025-08-07 12:20:00,1763,1768,1763,1768,37
2025-08-07 12:30:00,1768,1770,1763,1769,1108
2025-08-07 12:40:00,1764,1770,1764,1770,155
2025-08-07 12:50:00,1770,1770,1765,1765,33
2025-08-07 13:00:00,1766,1766,1765,1765,182
2025-08-07 13:10:00,1764,1766,1762,1766,39
2025-08-07 13:20:00,1762,1765,1760,1762,6885
2025-08-07 13:30:00,1766,1768,1766,1768,300
2025-08-07 13:40:00,1769,1770,1769,1770,140
2025-08-07 13:50:00,1770,1774,1770,1774,477
2025-08-07 14:00:00,1769,1769,1766,1766,310
2025-08-07 14:10:00,1768,1773,1768,1770,676
2025-08-07 14:20:00,1770,1773,1767,1772,162
2025-08-07 14:30:00,1772,1772,1765,1765,4
2025-08-07 14:40:00,1770,1773,1770,1773,250
2025-08-07 14:50:00,1768,1768,1765,1767,617
2025-08-07 15:00:00,1766,1769,1752,1756,2092
2025-08-07 15:10:00,1756,1763,1755,1763,134
2025-08-07 15:20:00,1764,1765,1764,1764,128
2025-08-07 15:30:00,1764,1767,1764,1767,634
2025-08-07 15:40:00,1766,1770,1763,1767,230
2025-08-07 15:50:00,1764,1768,1764,1766,180
2025-08-07 16:00:00,1763,1763,1761,1761,28
2025-08-07 16:10:00,1765,1765,1765,1765,8
2025-08-07 16:20:00,1763,1768,1763,1766,457
2025-08-07 16:30:00,1765,1765,1765,1765,51
2025-08-07 16:40:00,1767,1768,1767,1768,21
2025-08-07 16:50:00,1767,1769,1765,1769,40
2025-08-07 17:00:00,1768,1768,1766,1767,149
2025-08-07 17:10:00,1764,1764,1764,1764,12
2025-08-07 17:20:00,1765,1770,1765,1770,26
2025-08-07 17:30:00,1768,1769,1768,1769,16
2025-08-07 17:40:00,1770,1777,1770,1772,503
2025-08-07 17:50:00,1772,1776,1772,1772,337
2025-08-07 18:00:00,1771,1772,1771,1772,22
2025-08-07 18:10:00,1770,1770,1748,1757,2359
2025-08-07 18:20:00,1753,1753,1742,1742,291
2025-08-07 18:30:00,1747,1759,1747,1756,492
2025-08-07 18:40:00,1749,1756,1746,1756,51
2025-08-07 19:00:00,1756,1756,1743,1746,597
2025-08-07 19:10:00,1746,1746,1736,1745,608
2025-08-07 19:20:00,1742,1743,1740,1740,54
2025-08-07 19:30:00,1739,1740,1738,1738,7
2025-08-07 19:40:00,1740,1742,1738,1742,14
2025-08-07 19:50:00,1740,1740,1740,1740,22
2025-08-07 20:00:00,1741,1741,1737,1737,136
2025-08-07 20:10:00,1740,1740,1738,1738,31
2025-08-07 20:20:00,1738,1738,1737,1737,63
2025-08-07 20:30:00,1739,1740,1739,1740,151
2025-08-07 20:40:00,1738,1738,1736,1737,101
2025-08-07 20:50:00,1737,1737,1734,1735,128
2025-08-07 21:00:00,1733,1737,1733,1737,488
2025-08-07 21:10:00,1739,1749,1739,1748,817
2025-08-07 21:20:00,1748,1749,1748,1748,1648
2025-08-07 21:30:00,1749,1749,1746,1746,2527
2025-08-07 21:40:00,1747,1747,1747,1747,514
2025-08-07 21:50:00,1747,1747,1747,1747,532
2025-08-07 22:00:00,1748,1748,1748,1748,30
2025-08-07 22:10:00,1747,1747,1747,1747,100
2025-08-07 22:20:00,1746,1746,1746,1746,20
2025-08-07 22:30:00,1746,1746,1745,1745,3
2025-08-07 22:40:00,1745,1745,1745,1745,5
2025-08-07 22:50:00,1745,1746,1745,1746,13
2025-08-07 23:00:00,1746,1746,1742,1742,261
2025-08-07 23:20:00,1745,1750,1744,1744,1436
2025-08-07 23:30:00,1752,1755,1752,1755,1139
2025-08-07 23:40:00,1754,1755,1750,1750,94
2025-08-08 09:00:00,1754,1761,1753,1753,382
2025-08-08 09:10:00,1757,1757,1751,1755,62
2025-08-08 09:20:00,1755,1755,1755,1755,1
2025-08-08 09:30:00,1755,1755,1755,1755,16
2025-08-08 09:40:00,1755,1755,1755,1755,4
2025-08-08 09:50:00,1756,1757,1756,1757,10
2025-08-08 10:00:00,1755,1755,1753,1755,33
2025-08-08 10:10:00,1751,1751,1745,1746,165
2025-08-08 10:20:00,1747,1747,1740,1745,190
2025-08-08 10:30:00,1746,1746,1742,1742,4
2025-08-08 10:40:00,1746,1746,1743,1743,35
2025-08-08 10:50:00,1747,1747,1740,1740,118
2025-08-08 11:00:00,1740,1740,1732,1736,379
2025-08-08 11:10:00,1736,1736,1735,1736,58
2025-08-08 11:20:00,1736,1736,1736,1736,12
2025-08-08 11:30:00,1735,1736,1734,1734,148
2025-08-08 11:40:00,1734,1737,1734,1737,96
2025-08-08 11:50:00,1738,1739,1738,1738,154
2025-08-08 12:00:00,1741,1742,1741,1741,58
2025-08-08 12:10:00,1740,1740,1737,1737,11
2025-08-08 12:20:00,1738,1738,1737,1737,95
2025-08-08 12:30:00,1737,1738,1737,1738,10
2025-08-08 12:40:00,1736,1736,1734,1735,39
2025-08-08 12:50:00,1736,1736,1730,1730,405
2025-08-08 13:00:00,1731,1732,1731,1732,87
2025-08-08 13:10:00,1732,1734,1730,1730,300
2025-08-08 13:20:00,1730,1730,1726,1727,401
2025-08-08 13:30:00,1727,1733,1727,1733,394
2025-08-08 13:40:00,1733,1733,1730,1730,210
2025-08-08 13:50:00,1733,1735,1733,1735,63
2025-08-08 14:00:00,1737,1737,1737,1737,32
2025-08-08 14:10:00,1737,1737,1736,1737,39
2025-08-08 14:20:00,1737,1737,1732,1736,120
2025-08-08 14:30:00,1734,1735,1734,1735,30
2025-08-08 14:40:00,1736,1739,1736,1737,56
2025-08-08 14:50:00,1738,1741,1738,1739,1099
2025-08-08 15:00:00,1739,1741,1739,1740,70
2025-08-08 15:10:00,1739,1740,1739,1740,904
2025-08-08 15:20:00,1740,1746,1740,1742,301
2025-08-08 15:30:00,1743,1744,1743,1744,4
2025-08-08 15:40:00,1741,1744,1740,1744,7
2025-08-08 15:50:00,1745,1745,1740,1740,226
2025-08-08 16:10:00,1739,1743,1739,1743,23
2025-08-08 16:20:00,1740,1742,1740,1742,50
2025-08-08 16:30:00,1742,1742,1742,1742,20
2025-08-08 17:00:00,1742,1746,1742,1746,77
2025-08-08 17:10:00,1747,1747,1742,1742,157
2025-08-08 17:20:00,1742,1747,1742,1747,168
2025-08-08 17:30:00,1745,1751,1745,1750,1093
2025-08-08 17:40:00,1750,1750,1747,1750,59
2025-08-08 17:50:00,1747,1751,1746,1748,841
2025-08-08 18:00:00,1751,1751,1745,1746,385
2025-08-08 18:10:00,1751,1751,1745,1745,120
2025-08-08 18:20:00,1744,1744,1743,1743,418
2025-08-08 18:30:00,1746,1749,1746,1749,32
2025-08-08 18:40:00,1748,1751,1740,1751,66
2025-08-08 19:10:00,1744,1745,1744,1745,130
2025-08-08 19:20:00,1748,1748,1743,1743,5
2025-08-08 19:30:00,1749,1749,1749,1749,12
2025-08-08 19:40:00,1748,1748,1748,1748,1
2025-08-08 19:50:00,1748,1749,1748,1749,12
2025-08-08 20:00:00,1745,1745,1745,1745,65
2025-08-08 20:10:00,1741,1744,1740,1740,61
2025-08-08 20:30:00,1746,1747,1745,1747,27
2025-08-08 20:40:00,1747,1747,1747,1747,186
2025-08-08 20:50:00,1747,1747,1747,1747,114
2025-08-08 21:10:00,1750,1751,1748,1748,111
2025-08-08 21:40:00,1749,1751,1749,1751,62
2025-08-08 21:50:00,1752,1752,1750,1750,97
2025-08-08 22:00:00,1751,1752,1748,1748,268
2025-08-08 22:20:00,1751,1751,1748,1748,119
2025-08-08 22:30:00,1748,1751,1748,1748,20
2025-08-08 23:00:00,1752,1756,1752,1752,164
2025-08-08 23:10:00,1755,1759,1753,1759,72
2025-08-08 23:20:00,1759,1769,1759,1762,620
2025-08-08 23:30:00,1762,1775,1762,1768,490
2025-08-08 23:40:00,1771,1771,1759,1759,802
2025-08-11 09:00:00,1767,1768,1763,1767,233
2025-08-11 09:10:00,1768,1770,1768,1770,35
2025-08-11 09:20:00,1770,1770,1765,1768,223
2025-08-11 09:30:00,1768,1770,1765,1770,104
2025-08-11 09:40:00,1770,1770,1765,1770,17
2025-08-11 09:50:00,1770,1778,1770,1778,502
2025-08-11 10:00:00,1779,1781,1777,1777,421
2025-08-11 10:10:00,1780,1781,1777,1781,187
2025-08-11 10:20:00,1783,1793,1782,1790,944
2025-08-11 10:30:00,1790,1790,1782,1782,452
2025-08-11 10:40:00,1783,1783,1772,1775,828
2025-08-11 10:50:00,1773,1773,1767,1767,472
2025-08-11 11:00:00,1770,1770,1766,1766,73
2025-08-11 11:10:00,1766,1766,1764,1764,277
2025-08-11 11:20:00,1764,1764,1763,1763,65
2025-08-11 11:30:00,1764,1771,1764,1771,22
2025-08-11 11:40:00,1770,1772,1767,1772,298
2025-08-11 11:50:00,1770,1772,1770,1772,61
2025-08-11 12:00:00,1772,1772,1771,1772,123
2025-08-11 12:10:00,1770,1772,1770,1771,2297
2025-08-11 12:20:00,1772,1772,1771,1772,998
2025-08-11 12:30:00,1771,1776,1771,1775,62
2025-08-11 12:40:00,1773,1773,1769,1770,355
2025-08-11 13:00:00,1774,1774,1774,1774,5
2025-08-11 13:10:00,1773,1774,1773,1774,4
2025-08-11 13:20:00,1773,1773,1768,1769,1574
2025-08-11 13:30:00,1769,1769,1769,1769,886
2025-08-11 13:40:00,1769,1770,1767,1768,480
2025-08-11 13:50:00,1770,1770,1770,1770,47
2025-08-11 14:00:00,1770,1770,1770,1770,1
2025-08-11 14:10:00,1770,1772,1768,1768,183
2025-08-11 14:20:00,1771,1771,1766,1766,115
2025-08-11 14:30:00,1770,1770,1763,1763,91
2025-08-11 14:40:00,1763,1767,1762,1767,47
2025-08-11 14:50:00,1766,1768,1766,1768,100
2025-08-11 15:00:00,1765,1765,1765,1765,1
2025-08-11 15:10:00,1765,1765,1765,1765,28
2025-08-11 15:20:00,1764,1764,1762,1762,141
2025-08-11 15:30:00,1762,1762,1762,1762,13
2025-08-11 15:40:00,1762,1762,1762,1762,15
2025-08-11 15:50:00,1762,1762,1762,1762,52
2025-08-11 16:00:00,1762,1762,1760,1760,76
2025-08-11 16:10:00,1759,1761,1755,1761,229
2025-08-11 16:20:00,1760,1760,1747,1750,1146
2025-08-11 16:30:00,1749,1749,1746,1746,141
2025-08-11 16:40:00,1746,1750,1746,1750,365
2025-08-11 16:50:00,1751,1752,1751,1752,45
2025-08-11 17:00:00,1752,1752,1752,1752,1
2025-08-11 17:10:00,1751,1753,1751,1752,206
2025-08-11 17:20:00,1751,1752,1751,1751,2262
2025-08-11 17:30:00,1751,1751,1750,1751,528
2025-08-11 17:40:00,1751,1753,1750,1750,58
2025-08-11 17:50:00,1751,1752,1750,1752,336
2025-08-11 18:00:00,1751,1752,1750,1752,292
2025-08-11 18:10:00,1751,1751,1750,1751,650
2025-08-11 18:20:00,1751,1753,1748,1748,873
2025-08-11 18:30:00,1750,1750,1741,1746,535
2025-08-11 18:40:00,1741,1745,1732,1734,206
2025-08-11 19:00:00,1747,1782,1738,1742,424
2025-08-11 19:10:00,1743,1747,1740,1743,48
2025-08-11 19:20:00,1741,1741,1739,1740,171
2025-08-11 19:30:00,1739,1740,1739,1740,1506
2025-08-11 19:40:00,1740,1743,1740,1743,103
2025-08-11 19:50:00,1742,1742,1740,1740,6
2025-08-11 20:00:00,1740,1744,1740,1744,18
2025-08-11 20:10:00,1744,1745,1743,1745,12
2025-08-11 20:20:00,1745,1745,1745,1745,2
2025-08-11 20:30:00,1744,1745,1744,1745,41
2025-08-11 20:40:00,1745,1745,1744,1744,33
2025-08-11 20:50:00,1743,1743,1741,1741,12
2025-08-11 21:00:00,1744,1745,1743,1745,202
2025-08-11 21:10:00,1748,1748,1748,1748,14
2025-08-11 21:20:00,1748,1748,1748,1748,73
2025-08-11 21:30:00,1750,1750,1750,1750,20
2025-08-11 21:40:00,1750,1750,1750,1750,5
2025-08-11 21:50:00,1750,1752,1750,1752,87
2025-08-11 22:00:00,1750,1750,1750,1750,2
2025-08-11 22:10:00,1752,1752,1752,1752,234
2025-08-11 22:20:00,1752,1752,1752,1752,112
2025-08-11 22:30:00,1752,1753,1749,1749,83
2025-08-11 22:50:00,1749,1749,1749,1749,1
2025-08-11 23:00:00,1752,1753,1752,1753,5
2025-08-11 23:20:00,1750,1750,1746,1746,63
2025-08-12 09:00:00,1747,1749,1747,1749,23
2025-08-12 09:10:00,1748,1754,1748,1749,44
2025-08-12 09:30:00,1748,1748,1741,1745,74
2025-08-12 09:40:00,1747,1748,1747,1748,7
2025-08-12 09:50:00,1746,1746,1743,1745,65
2025-08-12 10:00:00,1744,1744,1742,1742,104
2025-08-12 10:10:00,1741,1741,1736,1736,109
2025-08-12 10:20:00,1741,1743,1740,1743,7
2025-08-12 10:30:00,1745,1746,1743,1743,253
2025-08-12 10:40:00,1742,1742,1739,1742,10
2025-08-12 10:50:00,1740,1740,1736,1737,100
2025-08-12 11:00:00,1735,1737,1730,1736,481
2025-08-12 11:10:00,1736,1737,1735,1737,80
2025-08-12 11:20:00,1736,1737,1736,1737,63
2025-08-12 11:30:00,1736,1737,1733,1737,48
2025-08-12 11:40:00,1737,1737,1737,1737,20
2025-08-12 12:10:00,1736,1736,1736,1736,1
2025-08-12 12:20:00,1736,1737,1736,1737,18
2025-08-12 12:40:00,1737,1737,1737,1737,70
2025-08-12 12:50:00,1737,1737,1737,1737,80
2025-08-12 13:00:00,1737,1737,1737,1737,29
2025-08-12 13:10:00,1737,1737,1737,1737,26
2025-08-12 13:30:00,1736,1736,1734,1734,14
2025-08-12 13:50:00,1737,1737,1737,1737,2
2025-08-12 14:00:00,1737,1737,1736,1736,84
2025-08-12 14:20:00,1735,1735,1733,1733,8
2025-08-12 14:30:00,1734,1735,1724,1724,450
2025-08-12 14:40:00,1723,1725,1719,1722,354
2025-08-12 14:50:00,1721,1721,1715,1715,945
2025-08-12 15:00:00,1714,1720,1709,1709,692
2025-08-12 15:10:00,1710,1710,1701,1705,962
2025-08-12 15:20:00,1702,1703,1698,1698,958
2025-08-12 15:30:00,1700,1700,1688,1697,1201
2025-08-12 15:40:00,1697,1701,1696,1696,527
2025-08-12 15:50:00,1696,1696,1688,1692,1410
2025-08-12 16:00:00,1690,1702,1690,1701,832
2025-08-12 16:10:00,1701,1703,1698,1700,575
2025-08-12 16:20:00,1700,1704,1698,1704,355
2025-08-12 16:30:00,1704,1704,1699,1704,319
2025-08-12 16:40:00,1703,1707,1695,1705,3074
2025-08-12 16:50:00,1705,1705,1702,1702,277
2025-08-12 17:00:00,1701,1702,1699,1699,208
2025-08-12 17:10:00,1699,1699,1698,1698,400
2025-08-12 17:20:00,1697,1707,1697,1707,87
2025-08-12 17:30:00,1707,1711,1702,1707,1675
2025-08-12 17:40:00,1710,1714,1710,1712,240
2025-08-12 17:50:00,1715,1716,1709,1714,892
2025-08-12 18:00:00,1712,1717,1712,1717,223
2025-08-12 18:10:00,1717,1717,1711,1716,584
2025-08-12 18:20:00,1715,1717,1714,1716,110
2025-08-12 18:30:00,1713,1713,1713,1713,45
2025-08-12 19:00:00,1716,1716,1712,1716,79
2025-08-12 19:10:00,1715,1719,1713,1713,150
2025-08-12 19:20:00,1714,1717,1712,1712,84
2025-08-12 19:40:00,1712,1717,1712,1717,12
2025-08-12 19:50:00,1714,1718,1714,1718,71
2025-08-12 20:00:00,1715,1717,1708,1709,179
2025-08-12 20:10:00,1715,1715,1715,1715,8
2025-08-12 20:20:00,1713,1715,1713,1715,19
2025-08-12 20:30:00,1709,1714,1709,1714,11
2025-08-12 20:40:00,1713,1714,1713,1714,47
2025-08-12 20:50:00,1714,1714,1714,1714,25
2025-08-12 21:00:00,1713,1713,1709,1709,25
2025-08-12 21:10:00,1715,1715,1714,1714,34
2025-08-12 21:20:00,1713,1713,1713,1713,33
2025-08-12 21:30:00,1711,1713,1711,1713,22
2025-08-12 21:40:00,1710,1710,1710,1710,16
2025-08-12 21:50:00,1708,1709,1705,1709,112
2025-08-12 22:10:00,1706,1709,1703,1703,200
2025-08-12 22:20:00,1707,1707,1703,1703,102
2025-08-12 22:30:00,1707,1707,1707,1707,26
2025-08-12 22:40:00,1707,1715,1707,1715,549
2025-08-12 22:50:00,1715,1718,1715,1716,136
2025-08-12 23:10:00,1714,1714,1713,1713,205
2025-08-12 23:20:00,1713,1713,1713,1713,15
2025-08-12 23:30:00,1712,1712,1712,1712,7
2025-08-12 23:40:00,1714,1714,1712,1714,131
2025-08-13 09:00:00,1713,1713,1706,1712,884
2025-08-13 09:10:00,1711,1712,1708,1709,118
2025-08-13 09:20:00,1712,1712,1710,1711,142
2025-08-13 09:30:00,1711,1713,1711,1711,32
2025-08-13 09:40:00,1711,1711,1710,1711,198
2025-08-13 09:50:00,1710,1710,1709,1709,69
2025-08-13 10:00:00,1709,1711,1709,1709,166
2025-08-13 10:10:00,1711,1713,1708,1708,84
2025-08-13 10:20:00,1708,1708,1706,1706,180
2025-08-13 10:30:00,1705,1705,1692,1693,1046
2025-08-13 10:40:00,1698,1701,1696,1699,517
2025-08-13 10:50:00,1701,1703,1699,1700,171
2025-08-13 11:00:00,1699,1702,1696,1696,236
2025-08-13 11:10:00,1697,1705,1697,1705,61
2025-08-13 11:20:00,1696,1696,1688,1688,999
2025-08-13 11:30:00,1691,1691,1687,1687,42
2025-08-13 11:40:00,1686,1686,1678,1685,1568
2025-08-13 11:50:00,1685,1686,1684,1684,711
2025-08-13 12:00:00,1685,1686,1680,1684,1746
2025-08-13 12:10:00,1686,1689,1686,1688,2022
2025-08-13 12:20:00,1689,1692,1688,1692,855
2025-08-13 12:30:00,1690,1691,1688,1688,30
2025-08-13 12:40:00,1692,1696,1692,1696,226
2025-08-13 12:50:00,1694,1695,1694,1694,85
2025-08-13 13:00:00,1693,1693,1693,1693,45
2025-08-13 13:10:00,1693,1697,1693,1694,170
2025-08-13 13:20:00,1695,1698,1694,1694,150
2025-08-13 13:30:00,1696,1696,1695,1695,2
2025-08-13 13:40:00,1694,1698,1694,1698,26
2025-08-13 13:50:00,1696,1698,1694,1698,190
2025-08-13 14:00:00,1695,1698,1695,1698,93
2025-08-13 14:10:00,1698,1700,1697,1697,161
2025-08-13 14:20:00,1698,1699,1698,1699,223
2025-08-13 14:30:00,1698,1699,1696,1699,637
2025-08-13 14:40:00,1699,1699,1695,1696,469
2025-08-13 14:50:00,1692,1692,1685,1688,52
2025-08-13 15:00:00,1687,1692,1686,1692,325
2025-08-13 15:10:00,1692,1694,1689,1694,379
2025-08-13 15:30:00,1694,1694,1694,1694,15
2025-08-13 15:40:00,1692,1696,1692,1696,60
2025-08-13 15:50:00,1696,1697,1695,1695,227
2025-08-13 16:10:00,1695,1695,1695,1695,30
2025-08-13 16:30:00,1695,1695,1690,1690,622
2025-08-13 16:40:00,1693,1693,1690,1691,494
2025-08-13 16:50:00,1690,1693,1690,1693,429
2025-08-13 17:00:00,1690,1693,1690,1693,9
2025-08-13 17:10:00,1693,1694,1691,1691,154
2025-08-13 17:20:00,1694,1697,1690,1690,305
2025-08-13 17:30:00,1690,1693,1690,1693,195
2025-08-13 17:40:00,1692,1693,1690,1693,55
2025-08-13 17:50:00,1694,1694,1691,1694,270
2025-08-13 18:00:00,1696,1696,1689,1689,540
2025-08-13 18:10:00,1688,1689,1688,1689,79
2025-08-13 18:20:00,1689,1691,1689,1690,275
2025-08-13 19:00:00,1690,1695,1690,1695,35
2025-08-13 19:10:00,1695,1695,1695,1695,5
2025-08-13 19:20:00,1693,1693,1690,1693,129
2025-08-13 19:30:00,1690,1691,1688,1688,26
2025-08-13 19:40:00,1689,1693,1689,1693,130
2025-08-13 19:50:00,1692,1693,1689,1693,155
2025-08-13 20:00:00,1692,1692,1679,1684,675
2025-08-13 20:10:00,1686,1686,1684,1685,18
2025-08-13 20:20:00,1685,1688,1685,1688,67
2025-08-13 20:30:00,1688,1689,1688,1689,6
2025-08-13 20:50:00,1687,1689,1684,1684,104
2025-08-13 21:00:00,1685,1685,1680,1680,169
2025-08-13 21:10:00,1684,1684,1684,1684,25
2025-08-13 21:20:00,1680,1680,1668,1676,2735
2025-08-13 21:30:00,1677,1678,1677,1678,41
2025-08-13 21:40:00,1678,1680,1678,1680,78
2025-08-13 22:00:00,1679,1679,1679,1679,26
2025-08-13 22:10:00,1677,1677,1677,1677,3
2025-08-13 22:20:00,1677,1679,1675,1675,71
2025-08-13 22:30:00,1675,1675,1671,1674,168
2025-08-13 22:40:00,1672,1672,1668,1671,226
2025-08-13 22:50:00,1671,1671,1671,1671,93
2025-08-13 23:00:00,1672,1672,1672,1672,21
2025-08-13 23:10:00,1671,1672,1668,1668,134
2025-08-13 23:20:00,1668,1671,1667,1670,469
2025-08-13 23:30:00,1669,1669,1669,1669,1
2025-08-13 23:40:00,1668,1668,1668,1668,1
2025-08-14 08:50:00,1664,1664,1664,1664,61
2025-08-14 09:00:00,1663,1664,1641,1660,712
2025-08-14 09:10:00,1660,1661,1655,1657,348
2025-08-14 09:20:00,1656,1659,1656,1656,120
2025-08-14 09:30:00,1657,1657,1655,1655,139
2025-08-14 09:40:00,1657,1657,1655,1657,153
2025-08-14 09:50:00,1657,1657,1655,1656,298
2025-08-14 10:00:00,1658,1659,1654,1654,265
2025-08-14 10:10:00,1653,1655,1641,1641,544
2025-08-14 10:20:00,1643,1645,1641,1642,1249
2025-08-14 10:30:00,1644,1653,1644,1653,1342
2025-08-14 10:40:00,1654,1654,1650,1650,332
2025-08-14 10:50:00,1651,1651,1648,1648,783
2025-08-14 11:00:00,1649,1650,1648,1649,460
2025-08-14 11:10:00,1648,1648,1645,1645,906
2025-08-14 11:20:00,1649,1649,1647,1647,76
2025-08-14 11:30:00,1647,1647,1646,1646,16
2025-08-14 11:40:00,1647,1647,1645,1645,31
2025-08-14 11:50:00,1645,1646,1645,1646,613
2025-08-14 12:00:00,1647,1647,1647,1647,594
2025-08-14 12:10:00,1647,1649,1647,1649,321
2025-08-14 12:20:00,1649,1653,1648,1652,1102
2025-08-14 12:30:00,1653,1655,1651,1653,306
2025-08-14 12:40:00,1652,1652,1649,1650,170
2025-08-14 12:50:00,1649,1649,1649,1649,1
2025-08-14 13:00:00,1651,1651,1651,1651,20
2025-08-14 13:10:00,1651,1653,1649,1650,260
2025-08-14 13:20:00,1651,1651,1650,1651,105
2025-08-14 13:30:00,1652,1653,1652,1653,66
2025-08-14 13:40:00,1652,1652,1651,1652,119
2025-08-14 13:50:00,1652,1659,1651,1659,348
2025-08-14 14:00:00,1655,1655,1655,1655,1
2025-08-14 14:10:00,1655,1658,1654,1654,14
2025-08-14 14:20:00,1658,1663,1658,1661,626
2025-08-14 14:30:00,1659,1665,1658,1658,299
2025-08-14 14:40:00,1658,1660,1658,1660,43
2025-08-14 14:50:00,1661,1661,1656,1657,769
2025-08-14 15:00:00,1657,1662,1657,1662,590
2025-08-14 15:10:00,1659,1661,1655,1655,551
2025-08-14 15:20:00,1660,1661,1660,1660,60
2025-08-14 15:30:00,1657,1658,1656,1656,1013
2025-08-14 15:40:00,1656,1656,1655,1655,876
2025-08-14 15:50:00,1656,1660,1656,1660,549
2025-08-14 16:00:00,1660,1665,1660,1662,3097
2025-08-14 16:10:00,1665,1665,1665,1665,50
2025-08-14 16:20:00,1664,1676,1663,1671,820
2025-08-14 16:30:00,1673,1673,1669,1671,213
2025-08-14 16:40:00,1670,1671,1669,1671,42
2025-08-14 16:50:00,1673,1673,1669,1669,1623
2025-08-14 17:00:00,1669,1670,1659,1666,856
2025-08-14 17:10:00,1663,1670,1663,1668,346
2025-08-14 17:20:00,1670,1671,1670,1671,154
2025-08-14 17:30:00,1667,1668,1666,1666,218
2025-08-14 17:50:00,1668,1670,1668,1670,33
2025-08-14 18:00:00,1668,1671,1668,1671,14
2025-08-14 18:10:00,1668,1668,1668,1668,10
2025-08-14 18:20:00,1670,1671,1670,1671,10
2025-08-14 18:30:00,1670,1670,1670,1670,2
2025-08-14 18:40:00,1670,1670,1670,1670,34
2025-08-14 19:00:00,1669,1669,1666,1666,5
2025-08-14 19:10:00,1669,1672,1669,1669,229
2025-08-14 19:20:00,1670,1670,1668,1669,319
2025-08-14 19:30:00,1668,1670,1667,1670,7
2025-08-14 19:40:00,1669,1669,1669,1669,20
2025-08-14 19:50:00,1670,1670,1669,1670,110
2025-08-14 20:00:00,1669,1670,1669,1670,111
2025-08-14 20:10:00,1669,1670,1669,1670,501
2025-08-14 20:20:00,1670,1671,1670,1671,103
2025-08-14 20:30:00,1674,1677,1673,1675,1084
2025-08-14 20:40:00,1674,1674,1673,1674,67
2025-08-14 20:50:00,1675,1675,1675,1675,10
2025-08-14 21:00:00,1676,1676,1674,1674,15
2025-08-14 21:10:00,1676,1676,1675,1675,119
2025-08-14 21:20:00,1676,1680,1676,1679,743
2025-08-14 21:40:00,1680,1683,1680,1683,70
2025-08-14 21:50:00,1683,1683,1679,1679,50
2025-08-14 22:00:00,1680,1680,1680,1680,33
2025-08-14 22:10:00,1680,1680,1679,1680,16
2025-08-14 22:20:00,1680,1683,1680,1681,181
2025-08-14 22:30:00,1682,1682,1677,1677,104
2025-08-14 22:40:00,1677,1677,1675,1675,8
2025-08-14 22:50:00,1678,1679,1678,1679,2
2025-08-14 23:10:00,1679,1679,1678,1678,30
2025-08-14 23:20:00,1680,1681,1680,1680,101
2025-08-14 23:30:00,1680,1682,1680,1682,112
2025-08-14 23:40:00,1682,1689,1679,1679,1181
2025-08-15 09:00:00,1681,1684,1677,1677,572
2025-08-15 09:10:00,1677,1677,1676,1676,9
2025-08-15 09:20:00,1676,1677,1674,1677,61
2025-08-15 09:40:00,1674,1674,1665,1666,441
2025-08-15 09:50:00,1667,1673,1656,1656,1829
2025-08-15 10:00:00,1659,1667,1656,1662,693
2025-08-15 10:10:00,1662,1664,1658,1659,297
2025-08-15 10:20:00,1658,1661,1655,1660,1577
2025-08-15 10:30:00,1660,1660,1654,1655,525
2025-08-15 10:40:00,1657,1658,1652,1652,82
2025-08-15 10:50:00,1656,1659,1655,1657,463
2025-08-15 11:00:00,1656,1660,1655,1655,1398
2025-08-15 11:10:00,1655,1661,1655,1661,345
2025-08-15 11:20:00,1662,1664,1660,1660,265
2025-08-15 11:30:00,1659,1659,1657,1658,38
2025-08-15 11:40:00,1659,1659,1659,1659,5
2025-08-15 11:50:00,1661,1661,1658,1661,188
2025-08-15 12:00:00,1658,1659,1656,1656,1291
2025-08-15 12:10:00,1656,1658,1654,1656,981
2025-08-15 12:20:00,1657,1660,1657,1657,607
2025-08-15 12:30:00,1658,1659,1654,1654,5091
2025-08-15 12:40:00,1657,1658,1653,1654,113
2025-08-15 12:50:00,1655,1657,1649,1652,2128
2025-08-15 13:00:00,1652,1652,1651,1652,405
2025-08-15 13:10:00,1652,1660,1651,1657,746
2025-08-15 13:20:00,1657,1663,1657,1663,195
2025-08-15 13:30:00,1660,1660,1660,1660,5
2025-08-15 13:40:00,1659,1660,1658,1659,298
2025-08-15 13:50:00,1659,1659,1658,1659,371
2025-08-15 14:00:00,1657,1659,1654,1655,2604
2025-08-15 14:10:00,1655,1655,1654,1655,972
2025-08-15 14:20:00,1655,1657,1654,1654,417
2025-08-15 14:30:00,1653,1653,1653,1653,31
2025-08-15 14:40:00,1653,1653,1650,1653,118
2025-08-15 14:50:00,1652,1652,1647,1651,3029
2025-08-15 15:00:00,1650,1653,1649,1652,291
2025-08-15 15:10:00,1650,1652,1650,1651,247
2025-08-15 15:20:00,1652,1652,1650,1650,450
2025-08-15 15:30:00,1653,1656,1649,1649,2396
2025-08-15 15:40:00,1650,1652,1644,1648,3515
2025-08-15 15:50:00,1650,1658,1647,1658,5249
2025-08-15 16:00:00,1655,1658,1655,1656,193
2025-08-15 16:10:00,1656,1659,1655,1656,121
2025-08-15 16:20:00,1656,1656,1651,1651,67
2025-08-15 16:30:00,1652,1656,1652,1656,106
2025-08-15 16:40:00,1655,1655,1650,1651,61
2025-08-15 16:50:00,1653,1653,1653,1653,1
2025-08-15 17:00:00,1652,1653,1648,1653,365
2025-08-15 17:10:00,1654,1655,1654,1655,53
2025-08-15 17:20:00,1653,1654,1651,1651,210
2025-08-15 17:30:00,1651,1654,1651,1654,240
2025-08-15 17:40:00,1654,1654,1653,1653,34
2025-08-15 17:50:00,1654,1654,1650,1652,165
2025-08-15 18:00:00,1653,1653,1638,1638,4979
2025-08-15 18:10:00,1638,1645,1638,1641,1467
2025-08-15 18:20:00,1641,1645,1638,1638,734
2025-08-15 18:30:00,1640,1644,1635,1643,1635
2025-08-15 18:40:00,1639,1643,1635,1635,52
2025-08-15 19:00:00,1641,1647,1638,1645,173
2025-08-15 19:10:00,1645,1646,1643,1645,107
2025-08-15 19:20:00,1645,1645,1638,1643,205
2025-08-15 19:30:00,1643,1643,1641,1643,15
2025-08-15 19:40:00,1643,1645,1641,1645,1156
2025-08-15 19:50:00,1646,1646,1644,1644,16
2025-08-15 20:00:00,1645,1646,1641,1642,80
2025-08-15 20:10:00,1645,1645,1645,1645,58
2025-08-15 20:20:00,1645,1648,1645,1646,924
2025-08-15 20:30:00,1647,1647,1647,1647,3
2025-08-15 20:40:00,1647,1647,1641,1642,66
2025-08-15 20:50:00,1646,1647,1644,1644,40
2025-08-15 21:00:00,1645,1648,1644,1644,26
2025-08-15 21:20:00,1644,1647,1644,1647,3
2025-08-15 21:30:00,1647,1647,1647,1647,8
2025-08-15 21:40:00,1648,1653,1648,1653,376
2025-08-15 21:50:00,1650,1653,1650,1653,8
2025-08-15 22:00:00,1652,1657,1650,1655,137
2025-08-15 22:10:00,1656,1656,1650,1654,256
2025-08-15 22:20:00,1655,1655,1655,1655,2
2025-08-15 22:30:00,1654,1656,1650,1653,237
2025-08-15 22:40:00,1652,1652,1650,1651,26
2025-08-15 22:50:00,1653,1653,1646,1653,445
2025-08-15 23:00:00,1653,1653,1653,1653,11
2025-08-15 23:10:00,1651,1651,1646,1646,102
2025-08-15 23:30:00,1651,1653,1646,1646,308
2025-08-15 23:40:00,1652,1656,1646,1656,187
2025-08-16 10:00:00,1656,1658,1588,1628,1344
2025-08-16 10:10:00,1627,1628,1612,1627,533
2025-08-16 10:20:00,1625,1634,1624,1632,384
2025-08-16 10:30:00,1633,1634,1626,1626,241
2025-08-16 10:40:00,1631,1633,1620,1620,212
2025-08-16 10:50:00,1626,1628,1626,1627,76
2025-08-16 11:00:00,1628,1628,1622,1623,53
2025-08-16 11:10:00,1622,1622,1620,1621,77
2025-08-16 11:20:00,1621,1626,1619,1626,234
2025-08-16 11:30:00,1619,1622,1619,1619,35
2025-08-16 11:40:00,1619,1622,1619,1622,61
2025-08-16 11:50:00,1621,1627,1620,1627,138
2025-08-16 12:00:00,1625,1627,1625,1627,98
2025-08-16 12:10:00,1624,1624,1624,1624,57
2025-08-16 12:40:00,1626,1628,1626,1628,30
2025-08-16 12:50:00,1627,1627,1627,1627,5
2025-08-16 13:00:00,1627,1627,1624,1624,20
2025-08-16 13:10:00,1626,1626,1625,1625,272
2025-08-16 13:20:00,1627,1627,1625,1625,51
2025-08-16 13:30:00,1624,1625,1624,1625,34
2025-08-16 13:40:00,1627,1627,1626,1626,2
2025-08-16 14:00:00,1624,1624,1622,1622,118
2025-08-16 14:10:00,1622,1622,1620,1621,309
2025-08-16 14:20:00,1625,1625,1625,1625,4
2025-08-16 14:40:00,1624,1625,1624,1625,30
2025-08-16 14:50:00,1625,1626,1625,1626,30
2025-08-16 15:00:00,1625,1625,1625,1625,2
2025-08-16 15:10:00,1626,1626,1626,1626,15
2025-08-16 15:20:00,1626,1631,1626,1631,517
2025-08-16 15:30:00,1630,1637,1630,1635,127
2025-08-16 15:40:00,1639,1639,1638,1639,48
2025-08-16 15:50:00,1639,1639,1639,1639,45
2025-08-16 16:00:00,1641,1641,1641,1641,45
2025-08-16 16:10:00,1641,1641,1641,1641,12
2025-08-16 16:20:00,1641,1643,1641,1643,3
2025-08-16 16:30:00,1642,1642,1642,1642,2
2025-08-16 16:40:00,1643,1643,1643,1643,1
2025-08-16 17:00:00,1643,1644,1643,1644,50
2025-08-16 17:10:00,1644,1646,1644,1646,65
2025-08-16 17:40:00,1644,1644,1644,1644,4
2025-08-16 18:00:00,1643,1643,1642,1643,39
2025-08-16 18:10:00,1643,1643,1636,1637,374
2025-08-16 18:20:00,1637,1637,1637,1637,8
2025-08-16 18:40:00,1640,1641,1640,1641,50
2025-08-16 18:50:00,1641,1641,1641,1641,39
2025-08-17 10:00:00,1647,1647,1632,1632,140
2025-08-17 10:10:00,1631,1638,1631,1638,311
2025-08-17 10:20:00,1632,1633,1632,1632,74
2025-08-17 10:30:00,1636,1642,1634,1642,26
2025-08-17 10:40:00,1634,1634,1630,1634,9
2025-08-17 11:10:00,1633,1633,1633,1633,2
2025-08-17 11:20:00,1633,1633,1633,1633,1
2025-08-17 11:40:00,1633,1633,1633,1633,1
2025-08-17 12:00:00,1633,1634,1633,1634,50
2025-08-17 12:50:00,1632,1632,1632,1632,35
2025-08-17 13:10:00,1632,1632,1632,1632,24
2025-08-17 13:20:00,1632,1632,1631,1631,70
2025-08-17 13:50:00,1634,1634,1634,1634,1
2025-08-17 14:20:00,1632,1632,1632,1632,1
2025-08-17 14:30:00,1631,1631,1631,1631,4
2025-08-17 15:00:00,1632,1632,1632,1632,2
2025-08-17 15:10:00,1632,1632,1632,1632,2
2025-08-17 15:20:00,1631,1631,1629,1629,60
2025-08-17 16:00:00,1631,1631,1630,1630,20
2025-08-17 16:20:00,1630,1630,1630,1630,10
2025-08-17 16:50:00,1631,1632,1631,1631,88
2025-08-17 17:10:00,1632,1632,1632,1632,2
2025-08-17 17:30:00,1632,1633,1632,1633,207
2025-08-17 17:40:00,1632,1633,1632,1633,50
2025-08-17 17:50:00,1634,1636,1633,1636,241
2025-08-17 18:50:00,1635,1635,1635,1635,2
2025-08-18 09:00:00,1634,1641,1634,1635,184
2025-08-18 09:20:00,1640,1644,1640,1643,369
2025-08-18 09:30:00,1644,1644,1640,1640,460
2025-08-18 09:40:00,1640,1640,1636,1636,378
2025-08-18 09:50:00,1636,1639,1636,1639,298
2025-08-18 10:00:00,1637,1637,1634,1636,84
2025-08-18 10:10:00,1637,1637,1633,1633,620
2025-08-18 10:20:00,1632,1634,1630,1634,600
2025-08-18 10:30:00,1633,1633,1628,1629,299
2025-08-18 10:40:00,1631,1632,1628,1630,98
2025-08-18 10:50:00,1629,1630,1627,1630,258
2025-08-18 11:00:00,1629,1629,1629,1629,12
2025-08-18 11:10:00,1628,1628,1626,1626,180
2025-08-18 11:20:00,1628,1631,1628,1628,209
2025-08-18 11:30:00,1628,1630,1628,1630,147
2025-08-18 11:40:00,1630,1634,1630,1631,86
2025-08-18 11:50:00,1633,1634,1633,1634,22
2025-08-18 12:00:00,1634,1638,1634,1636,518
2025-08-18 12:10:00,1637,1639,1637,1639,699
2025-08-18 12:20:00,1639,1639,1635,1636,198
2025-08-18 12:30:00,1635,1637,1633,1637,84
2025-08-18 12:40:00,1637,1637,1635,1637,75
2025-08-18 12:50:00,1637,1639,1635,1639,832
2025-08-18 13:00:00,1639,1640,1638,1640,715
2025-08-18 13:10:00,1639,1639,1638,1638,229
2025-08-18 13:20:00,1635,1638,1634,1638,200
2025-08-18 13:30:00,1639,1639,1639,1639,15
2025-08-18 13:40:00,1638,1638,1636,1636,40
2025-08-18 13:50:00,1638,1638,1635,1635,18
2025-08-18 14:00:00,1634,1634,1634,1634,5
2025-08-18 14:10:00,1637,1637,1633,1633,135
2025-08-18 14:20:00,1632,1634,1632,1633,10
2025-08-18 14:30:00,1632,1634,1630,1633,327
2025-08-18 14:40:00,1632,1634,1632,1634,53
2025-08-18 14:50:00,1634,1634,1634,1634,45
2025-08-18 15:00:00,1633,1634,1632,1632,230
2025-08-18 15:10:00,1632,1632,1630,1631,371
2025-08-18 15:20:00,1630,1631,1627,1627,222
2025-08-18 15:30:00,1630,1631,1630,1631,230
2025-08-18 15:40:00,1630,1632,1630,1631,21
2025-08-18 15:50:00,1633,1633,1630,1630,146
2025-08-18 16:10:00,1631,1632,1630,1632,205
2025-08-18 16:20:00,1633,1633,1632,1632,40
2025-08-18 16:30:00,1631,1631,1629,1629,48
2025-08-18 16:40:00,1631,1631,1628,1628,6
2025-08-18 16:50:00,1631,1635,1631,1634,46
2025-08-18 17:00:00,1631,1631,1630,1630,81
2025-08-18 17:10:00,1631,1633,1631,1633,105
2025-08-18 17:20:00,1634,1634,1632,1632,147
2025-08-18 17:30:00,1632,1634,1632,1634,33
2025-08-18 17:40:00,1634,1634,1628,1631,927
2025-08-18 17:50:00,1630,1630,1627,1629,306
2025-08-18 18:00:00,1630,1634,1629,1629,1534
2025-08-18 18:10:00,1631,1631,1630,1630,390
2025-08-18 18:30:00,1629,1629,1626,1626,98
2025-08-18 19:00:00,1632,1632,1632,1632,1
2025-08-18 19:10:00,1632,1632,1626,1626,112
2025-08-18 19:20:00,1632,1632,1627,1631,687
2025-08-18 19:30:00,1631,1636,1631,1636,41
2025-08-18 19:40:00,1636,1636,1636,1636,50
2025-08-18 19:50:00,1635,1635,1634,1634,136
2025-08-18 20:00:00,1634,1634,1634,1634,70
2025-08-18 20:10:00,1634,1634,1634,1634,5
2025-08-18 20:20:00,1637,1640,1637,1640,1009
2025-08-18 20:30:00,1637,1639,1634,1637,722
2025-08-18 20:40:00,1637,1637,1637,1637,10
2025-08-18 20:50:00,1632,1632,1631,1631,200
2025-08-18 21:00:00,1633,1633,1633,1633,50
2025-08-18 21:10:00,1633,1633,1633,1633,57
2025-08-18 21:20:00,1635,1635,1632,1632,117
2025-08-18 21:30:00,1633,1633,1632,1633,36
2025-08-18 21:40:00,1634,1634,1634,1634,25
2025-08-18 21:50:00,1634,1644,1634,1637,319
2025-08-18 22:00:00,1643,1647,1637,1644,1825
2025-08-18 22:10:00,1641,1645,1635,1637,924
2025-08-18 22:20:00,1639,1643,1635,1643,536
2025-08-18 22:40:00,1640,1640,1635,1640,680
2025-08-18 22:50:00,1641,1642,1641,1641,54
2025-08-18 23:00:00,1640,1641,1640,1641,257
2025-08-18 23:20:00,1643,1643,1641,1641,218
2025-08-18 23:30:00,1643,1643,1643,1643,140
2025-08-18 23:40:00,1643,1650,1642,1642,1583
2025-08-19 08:50:00,1655,1655,1653,1653,9
2025-08-19 09:00:00,1655,1660,1652,1655,1543
2025-08-19 09:10:00,1659,1659,1653,1653,191
2025-08-19 09:20:00,1653,1657,1650,1653,511
2025-08-19 09:30:00,1654,1655,1649,1654,1204
2025-08-19 09:40:00,1654,1657,1652,1653,225
2025-08-19 09:50:00,1656,1659,1643,1659,2533
2025-08-19 10:00:00,1659,1660,1656,1660,511
2025-08-19 10:10:00,1660,1660,1654,1654,670
2025-08-19 10:20:00,1654,1658,1653,1653,1265
2025-08-19 10:30:00,1653,1656,1653,1654,263
2025-08-19 10:40:00,1653,1654,1649,1653,338
2025-08-19 10:50:00,1652,1657,1648,1657,783
2025-08-19 11:00:00,1657,1660,1655,1660,1041
2025-08-19 11:10:00,1658,1658,1654,1657,650
2025-08-19 11:20:00,1655,1657,1655,1657,86
2025-08-19 11:30:00,1658,1659,1657,1659,190
2025-08-19 11:40:00,1656,1659,1654,1658,1335
2025-08-19 11:50:00,1656,1657,1655,1655,60
2025-08-19 12:00:00,1654,1654,1650,1652,271
2025-08-19 12:10:00,1652,1652,1650,1650,179
2025-08-19 12:20:00,1652,1653,1651,1651,100
2025-08-19 12:30:00,1649,1650,1647,1647,320
2025-08-19 12:40:00,1648,1652,1646,1652,336
2025-08-19 12:50:00,1648,1648,1645,1645,129
2025-08-19 13:00:00,1645,1648,1642,1643,241
2025-08-19 13:10:00,1647,1648,1642,1648,112
2025-08-19 13:20:00,1644,1648,1640,1640,180
2025-08-19 13:30:00,1641,1644,1640,1644,283
2025-08-19 13:40:00,1644,1644,1642,1643,207
2025-08-19 13:50:00,1643,1646,1643,1644,43
2025-08-19 14:10:00,1648,1649,1648,1649,70
2025-08-19 14:20:00,1649,1649,1649,1649,64
2025-08-19 14:30:00,1646,1649,1646,1648,37
2025-08-19 14:40:00,1649,1649,1645,1645,41
2025-08-19 14:50:00,1648,1648,1648,1648,4
2025-08-19 15:00:00,1648,1648,1642,1643,395
2025-08-19 15:10:00,1642,1642,1639,1641,589
2025-08-19 15:30:00,1640,1640,1637,1637,272
2025-08-19 15:50:00,1637,1639,1634,1634,463
2025-08-19 16:00:00,1634,1635,1631,1635,899
2025-08-19 16:10:00,1635,1637,1635,1637,139
2025-08-19 16:20:00,1638,1638,1638,1638,10
2025-08-19 16:30:00,1638,1638,1635,1638,111
2025-08-19 16:40:00,1636,1640,1636,1640,507
2025-08-19 16:50:00,1638,1638,1635,1637,34
2025-08-19 17:00:00,1638,1642,1638,1642,337
2025-08-19 17:10:00,1642,1644,1635,1635,1033
2025-08-19 17:20:00,1636,1636,1634,1634,922
2025-08-19 17:30:00,1636,1637,1636,1637,250
2025-08-19 17:40:00,1635,1638,1635,1638,175
2025-08-19 17:50:00,1636,1636,1634,1634,155
2025-08-19 18:00:00,1634,1635,1632,1634,321
2025-08-19 18:10:00,1634,1634,1627,1627,1495
2025-08-19 18:20:00,1627,1633,1627,1633,255
2025-08-19 18:30:00,1630,1634,1630,1634,31
2025-08-19 18:40:00,1632,1633,1632,1633,29
2025-08-19 19:10:00,1629,1632,1628,1632,101
2025-08-19 19:20:00,1634,1634,1634,1634,3
2025-08-19 19:30:00,1635,1636,1635,1636,101
2025-08-19 19:40:00,1635,1635,1635,1635,60
2025-08-19 19:50:00,1636,1637,1635,1635,100
2025-08-19 20:10:00,1634,1634,1630,1630,53
2025-08-19 20:20:00,1634,1638,1634,1638,308
2025-08-19 20:50:00,1639,1640,1639,1639,133
2025-08-19 21:00:00,1638,1639,1638,1639,3
2025-08-19 21:10:00,1639,1641,1636,1641,144
2025-08-19 21:20:00,1639,1639,1636,1636,2
2025-08-19 21:30:00,1640,1640,1636,1636,44
2025-08-19 21:40:00,1636,1636,1634,1634,51
2025-08-19 22:00:00,1635,1635,1633,1633,4
2025-08-19 22:10:00,1637,1637,1636,1636,2
2025-08-19 22:40:00,1637,1639,1636,1639,25
2025-08-19 22:50:00,1638,1639,1638,1639,121
2025-08-19 23:00:00,1639,1639,1637,1638,555
2025-08-19 23:10:00,1637,1637,1637,1637,100
2025-08-19 23:20:00,1638,1638,1637,1637,31
2025-08-19 23:30:00,1637,1637,1635,1635,82
2025-08-19 23:40:00,1634,1634,1634,1634,6
2025-08-20 08:50:00,1637,1637,1637,1637,50
2025-08-20 09:00:00,1637,1641,1637,1638,307
2025-08-20 09:10:00,1638,1638,1637,1637,88
2025-08-20 09:20:00,1639,1639,1637,1639,111
2025-08-20 09:30:00,1639,1640,1639,1640,24
2025-08-20 09:40:00,1642,1643,1642,1643,54
2025-08-20 09:50:00,1642,1644,1642,1643,50
2025-08-20 10:00:00,1643,1643,1639,1641,484
2025-08-20 10:10:00,1642,1643,1639,1639,165
2025-08-20 10:20:00,1640,1642,1640,1640,72
2025-08-20 10:30:00,1642,1642,1638,1638,475
2025-08-20 10:40:00,1638,1641,1636,1641,112
2025-08-20 10:50:00,1641,1641,1640,1640,31
2025-08-20 11:00:00,1637,1637,1636,1637,62
2025-08-20 11:10:00,1635,1637,1635,1637,69
2025-08-20 11:20:00,1636,1636,1635,1635,40
2025-08-20 11:30:00,1637,1637,1637,1637,22
2025-08-20 11:40:00,1637,1637,1636,1636,217
2025-08-20 11:50:00,1635,1635,1633,1635,63
2025-08-20 12:00:00,1636,1637,1636,1637,176
2025-08-20 12:10:00,1633,1633,1633,1633,60
2025-08-20 12:20:00,1634,1634,1633,1633,3
2025-08-20 12:30:00,1633,1633,1628,1630,746
2025-08-20 12:40:00,1630,1630,1630,1630,8
2025-08-20 12:50:00,1630,1630,1630,1630,46
2025-08-20 13:00:00,1630,1632,1630,1632,49
2025-08-20 13:10:00,1633,1634,1633,1634,41
2025-08-20 13:20:00,1634,1634,1631,1633,266
2025-08-20 13:30:00,1634,1634,1634,1634,43
2025-08-20 13:40:00,1635,1635,1634,1634,25
2025-08-20 13:50:00,1635,1635,1633,1633,35
2025-08-20 14:00:00,1631,1631,1625,1626,2047
2025-08-20 14:10:00,1627,1631,1627,1631,88
2025-08-20 14:20:00,1631,1631,1626,1626,113
2025-08-20 14:30:00,1626,1626,1610,1620,6889
2025-08-20 14:40:00,1620,1621,1619,1619,402
2025-08-20 14:50:00,1619,1620,1619,1620,388
2025-08-20 15:00:00,1620,1620,1620,1620,23
2025-08-20 15:10:00,1621,1621,1613,1614,166
2025-08-20 15:20:00,1615,1618,1615,1618,634
2025-08-20 15:30:00,1620,1622,1618,1621,251
2025-08-20 15:40:00,1619,1624,1619,1624,336
2025-08-20 15:50:00,1622,1627,1622,1627,143
2025-08-20 16:00:00,1625,1626,1620,1620,649
2025-08-20 16:10:00,1620,1623,1620,1623,100
2025-08-20 16:20:00,1620,1620,1620,1620,52
2025-08-20 16:30:00,1618,1620,1618,1620,264
2025-08-20 16:40:00,1618,1618,1615,1617,633
2025-08-20 16:50:00,1617,1617,1613,1615,141
2025-08-20 17:00:00,1613,1617,1613,1615,111
2025-08-20 17:10:00,1615,1619,1615,1619,181
2025-08-20 17:20:00,1619,1619,1616,1616,9
2025-08-20 17:30:00,1619,1619,1616,1616,152
2025-08-20 17:40:00,1619,1623,1619,1622,201
2025-08-20 17:50:00,1622,1622,1619,1621,73
2025-08-20 18:00:00,1620,1622,1620,1620,12
2025-08-20 18:10:00,1622,1627,1622,1624,365
2025-08-20 18:20:00,1624,1624,1622,1622,5
2025-08-20 18:30:00,1624,1624,1620,1620,241
2025-08-20 18:40:00,1619,1621,1615,1621,42
2025-08-20 19:00:00,1621,1623,1619,1623,55
2025-08-20 19:10:00,1621,1625,1621,1625,160
2025-08-20 19:30:00,1621,1623,1618,1618,92
2025-08-20 19:40:00,1617,1617,1614,1614,178
2025-08-20 19:50:00,1614,1617,1614,1617,26
2025-08-20 20:00:00,1614,1614,1614,1614,6
2025-08-20 20:10:00,1615,1618,1615,1618,45
2025-08-20 20:20:00,1619,1622,1619,1620,101
2025-08-20 20:30:00,1620,1620,1620,1620,10
2025-08-20 20:40:00,1621,1621,1617,1617,11
2025-08-20 20:50:00,1617,1621,1617,1618,4
2025-08-20 21:10:00,1619,1621,1619,1621,3
2025-08-20 21:20:00,1621,1621,1621,1621,3
2025-08-20 21:30:00,1619,1619,1619,1619,30
2025-08-20 21:40:00,1621,1622,1621,1622,59
2025-08-20 21:50:00,1621,1623,1620,1623,21
2025-08-20 22:00:00,1623,1623,1623,1623,10
2025-08-20 22:20:00,1620,1623,1619,1621,25
2025-08-20 22:40:00,1623,1623,1623,1623,88
2025-08-20 23:00:00,1623,1623,1623,1623,1
2025-08-20 23:20:00,1620,1620,1620,1620,1
2025-08-20 23:30:00,1620,1620,1619,1619,20
2025-08-20 23:40:00,1622,1622,1621,1621,2
2025-08-21 09:00:00,1619,1621,1619,1621,253
2025-08-21 09:10:00,1620,1620,1618,1619,28
2025-08-21 09:20:00,1620,1621,1620,1621,25
2025-08-21 09:30:00,1620,1620,1619,1619,80
2025-08-21 09:50:00,1620,1620,1619,1619,15
2025-08-21 10:00:00,1619,1619,1615,1615,190
2025-08-21 10:10:00,1619,1619,1616,1616,23
2025-08-21 10:20:00,1616,1616,1606,1608,709
2025-08-21 10:30:00,1610,1611,1606,1610,195
2025-08-21 10:40:00,1610,1610,1605,1609,530
2025-08-21 10:50:00,1609,1609,1608,1609,134
2025-08-21 11:00:00,1606,1607,1606,1606,63
2025-08-21 11:10:00,1607,1608,1605,1605,137
2025-08-21 11:20:00,1608,1608,1607,1607,24
2025-08-21 11:30:00,1607,1609,1607,1609,455
2025-08-21 11:40:00,1608,1608,1606,1606,358
2025-08-21 11:50:00,1606,1608,1603,1603,618
2025-08-21 12:00:00,1604,1604,1600,1600,709
2025-08-21 12:10:00,1603,1606,1600,1605,620
2025-08-21 12:20:00,1603,1604,1599,1601,693
2025-08-21 12:30:00,1601,1605,1600,1604,439
2025-08-21 12:40:00,1605,1611,1605,1611,775
2025-08-21 12:50:00,1610,1611,1610,1611,76
2025-08-21 13:00:00,1613,1613,1605,1606,361
2025-08-21 13:10:00,1606,1606,1600,1600,212
2025-08-21 13:20:00,1600,1601,1598,1601,447
2025-08-21 13:30:00,1601,1605,1601,1604,1572
2025-08-21 13:40:00,1603,1606,1601,1604,193
2025-08-21 13:50:00,1604,1604,1603,1604,201
2025-08-21 14:00:00,1604,1611,1604,1609,314
2025-08-21 14:10:00,1609,1617,1609,1614,898
2025-08-21 14:20:00,1614,1616,1610,1610,2049
2025-08-21 14:30:00,1611,1611,1608,1609,163
2025-08-21 14:40:00,1609,1612,1608,1608,71
2025-08-21 14:50:00,1613,1613,1613,1613,25
2025-08-21 15:00:00,1613,1613,1608,1608,291
2025-08-21 15:10:00,1606,1606,1605,1605,8
2025-08-21 15:20:00,1606,1606,1606,1606,20
2025-08-21 15:30:00,1606,1606,1604,1605,23
2025-08-21 15:40:00,1604,1605,1604,1605,439
2025-08-21 15:50:00,1605,1605,1602,1602,35
2025-08-21 16:00:00,1603,1603,1602,1602,190
2025-08-21 16:10:00,1602,1605,1602,1605,23
2025-08-21 16:20:00,1602,1602,1602,1602,80
2025-08-21 16:30:00,1602,1602,1601,1601,21
2025-08-21 16:40:00,1600,1601,1600,1600,537
2025-08-21 16:50:00,1600,1600,1596,1596,786
2025-08-21 17:00:00,1595,1597,1580,1582,2672
2025-08-21 17:10:00,1582,1587,1582,1587,2693
2025-08-21 17:20:00,1587,1594,1586,1587,2280
2025-08-21 17:30:00,1588,1590,1585,1586,816
2025-08-21 17:40:00,1586,1588,1585,1585,61
2025-08-21 17:50:00,1586,1591,1586,1591,122
2025-08-21 18:00:00,1589,1589,1585,1587,232
2025-08-21 18:10:00,1585,1585,1579,1579,261
2025-08-21 18:20:00,1579,1584,1577,1578,530
2025-08-21 18:30:00,1579,1580,1577,1580,164
2025-08-21 18:40:00,1580,1587,1580,1587,107
2025-08-21 19:00:00,1584,1584,1579,1580,36
2025-08-21 19:10:00,1584,1591,1584,1591,332
2025-08-21 19:20:00,1588,1588,1581,1584,294
2025-08-21 19:30:00,1587,1590,1587,1589,128
2025-08-21 19:40:00,1588,1590,1583,1589,315
2025-08-21 19:50:00,1585,1585,1584,1584,10
2025-08-21 20:00:00,1584,1584,1581,1581,258
2025-08-21 20:10:00,1584,1584,1568,1574,4135
2025-08-21 20:20:00,1574,1576,1570,1574,301
2025-08-21 20:30:00,1573,1575,1573,1575,291
2025-08-21 20:40:00,1576,1579,1576,1579,284
2025-08-21 20:50:00,1577,1577,1577,1577,100
2025-08-21 21:00:00,1575,1578,1570,1570,158
2025-08-21 21:10:00,1573,1576,1573,1576,64
2025-08-21 21:20:00,1573,1576,1573,1576,146
2025-08-21 21:30:00,1575,1575,1570,1571,83
2025-08-21 21:40:00,1570,1572,1570,1571,172
2025-08-21 21:50:00,1570,1571,1570,1570,175
2025-08-21 22:00:00,1571,1572,1571,1572,4
2025-08-21 22:10:00,1572,1575,1572,1575,190
2025-08-21 22:20:00,1575,1575,1574,1574,139
2025-08-21 22:30:00,1575,1576,1575,1575,76
2025-08-21 22:40:00,1576,1576,1572,1572,20
2025-08-21 22:50:00,1571,1571,1571,1571,20
2025-08-21 23:00:00,1573,1574,1572,1573,53
2025-08-21 23:10:00,1575,1580,1575,1579,161
2025-08-21 23:20:00,1578,1578,1576,1576,296
2025-08-21 23:40:00,1579,1579,1579,1579,1
2025-08-22 08:50:00,1590,1590,1590,1590,60
2025-08-22 09:00:00,1596,1597,1590,1593,481
2025-08-22 09:10:00,1594,1594,1588,1588,977
2025-08-22 09:20:00,1587,1587,1583,1583,155
2025-08-22 09:30:00,1585,1588,1583,1586,225
2025-08-22 09:40:00,1585,1585,1584,1584,55
2025-08-22 09:50:00,1580,1585,1579,1585,254
2025-08-22 10:00:00,1589,1589,1581,1588,343
2025-08-22 10:10:00,1581,1585,1581,1585,3
2025-08-22 10:20:00,1585,1585,1585,1585,2
2025-08-22 10:30:00,1583,1584,1582,1582,121
2025-08-22 10:40:00,1579,1579,1577,1577,286
2025-08-22 10:50:00,1577,1578,1575,1578,49
2025-08-22 11:00:00,1578,1581,1578,1579,167
2025-08-22 11:10:00,1580,1587,1580,1587,399
2025-08-22 11:20:00,1586,1586,1586,1586,110
2025-08-22 11:50:00,1586,1587,1585,1585,58
2025-08-22 12:10:00,1586,1586,1580,1582,506
2025-08-22 12:20:00,1579,1580,1577,1579,151
2025-08-22 12:30:00,1580,1585,1580,1581,581
2025-08-22 12:40:00,1582,1582,1579,1579,453
2025-08-22 12:50:00,1578,1578,1577,1577,12
2025-08-22 13:00:00,1576,1577,1574,1575,206
2025-08-22 13:10:00,1575,1578,1575,1578,70
2025-08-22 13:20:00,1578,1579,1578,1578,431
2025-08-22 13:30:00,1580,1582,1578,1578,17
2025-08-22 13:40:00,1580,1581,1580,1580,23
2025-08-22 13:50:00,1578,1578,1578,1578,2
2025-08-22 14:00:00,1580,1580,1580,1580,30
2025-08-22 14:10:00,1580,1580,1576,1577,95
2025-08-22 14:20:00,1576,1577,1573,1577,291
2025-08-22 14:30:00,1576,1580,1576,1580,709
2025-08-22 14:40:00,1581,1582,1573,1575,956
2025-08-22 14:50:00,1576,1577,1573,1573,154
2025-08-22 15:00:00,1573,1573,1573,1573,124
2025-08-22 15:10:00,1573,1573,1573,1573,9
2025-08-22 15:20:00,1574,1574,1574,1574,1
2025-08-22 15:30:00,1575,1575,1570,1570,321
2025-08-22 15:40:00,1572,1573,1569,1569,331
2025-08-22 15:50:00,1568,1568,1560,1560,1191
2025-08-22 16:00:00,1560,1564,1554,1564,1030
2025-08-22 16:10:00,1565,1568,1564,1565,252
2025-08-22 16:20:00,1565,1566,1563,1563,62
2025-08-22 16:30:00,1564,1564,1564,1564,22
2025-08-22 16:40:00,1562,1567,1562,1567,211
2025-08-22 16:50:00,1568,1568,1567,1568,378
2025-08-22 17:00:00,1569,1570,1565,1570,615
2025-08-22 17:10:00,1570,1571,1570,1570,52
2025-08-22 17:20:00,1571,1571,1569,1569,12
2025-08-22 17:30:00,1567,1572,1567,1569,156
2025-08-22 17:40:00,1570,1572,1570,1572,11
2025-08-22 17:50:00,1568,1569,1568,1568,56
2025-08-22 18:00:00,1570,1576,1570,1575,116
2025-08-22 18:10:00,1572,1572,1571,1571,72
2025-08-22 18:20:00,1575,1577,1575,1575,150
2025-08-22 18:30:00,1578,1579,1578,1578,35
2025-08-22 18:40:00,1578,1594,1575,1594,785
2025-08-22 19:00:00,1591,1592,1590,1590,147
2025-08-22 19:10:00,1586,1590,1584,1590,176
2025-08-22 19:20:00,1589,1592,1584,1588,1434
2025-08-22 19:30:00,1584,1586,1584,1586,79
2025-08-22 19:40:00,1586,1589,1586,1589,70
2025-08-22 19:50:00,1589,1593,1589,1593,250
2025-08-22 20:00:00,1590,1592,1590,1592,50
2025-08-22 20:10:00,1587,1587,1583,1584,864
2025-08-22 20:20:00,1586,1586,1586,1586,8
2025-08-22 20:30:00,1585,1585,1582,1582,399
2025-08-22 20:40:00,1583,1587,1583,1587,185
2025-08-22 20:50:00,1582,1582,1582,1582,1
2025-08-22 21:00:00,1585,1586,1581,1581,192
2025-08-22 21:10:00,1581,1585,1581,1585,6
2025-08-22 21:20:00,1585,1585,1585,1585,2
2025-08-22 21:30:00,1585,1587,1583,1583,76
2025-08-22 21:40:00,1587,1591,1587,1591,1129
2025-08-22 21:50:00,1589,1591,1589,1591,300
2025-08-22 22:00:00,1589,1591,1589,1591,154
2025-08-22 22:10:00,1590,1590,1590,1590,24
2025-08-22 22:30:00,1591,1591,1591,1591,48
2025-08-22 22:40:00,1591,1591,1588,1590,27
2025-08-22 22:50:00,1591,1591,1591,1591,3
2025-08-22 23:10:00,1591,1591,1591,1591,1
2025-08-22 23:20:00,1591,1591,1590,1590,153
2025-08-22 23:30:00,1590,1592,1589,1592,75
2025-08-22 23:40:00,1591,1594,1591,1594,323
2025-08-23 10:00:00,1595,1595,1593,1595,77
2025-08-23 10:10:00,1593,1593,1593,1593,8
2025-08-23 10:20:00,1592,1592,1592,1592,5
2025-08-23 10:40:00,1593,1593,1590,1590,122
2025-08-23 10:50:00,1593,1599,1593,1597,490
2025-08-23 11:00:00,1599,1599,1597,1597,70
2025-08-23 11:10:00,1596,1596,1596,1596,102
2025-08-23 11:20:00,1596,1597,1596,1597,130
2025-08-23 11:30:00,1597,1598,1597,1598,4
2025-08-23 11:40:00,1598,1598,1598,1598,211
2025-08-23 12:00:00,1597,1597,1597,1597,60
2025-08-23 13:20:00,1595,1595,1593,1593,14
2025-08-23 14:30:00,1593,1593,1591,1591,10
2025-08-23 17:10:00,1595,1595,1595,1595,14
2025-08-23 18:10:00,1592,1592,1591,1591,56
2025-08-23 18:50:00,1591,1591,1589,1589,201
2025-08-24 10:00:00,1590,1590,1590,1590,34
2025-08-24 10:10:00,1587,1589,1587,1589,23
2025-08-24 10:30:00,1588,1588,1588,1588,30
2025-08-24 10:40:00,1589,1589,1589,1589,1
2025-08-24 11:10:00,1586,1587,1585,1587,3
2025-08-24 12:00:00,1587,1587,1584,1585,116
2025-08-24 12:30:00,1587,1587,1587,1587,6
2025-08-24 13:00:00,1587,1587,1587,1587,1
2025-08-24 13:20:00,1585,1585,1585,1585,1
2025-08-24 13:40:00,1585,1585,1585,1585,20
2025-08-24 14:50:00,1586,1586,1584,1584,110
2025-08-24 15:50:00,1586,1586,1586,1586,10
2025-08-24 16:20:00,1585,1585,1584,1584,10
2025-08-24 16:30:00,1587,1590,1587,1590,50
2025-08-25 09:00:00,1586,1588,1584,1584,1013
2025-08-25 09:10:00,1583,1584,1583,1584,33
2025-08-25 09:20:00,1584,1584,1579,1579,21
2025-08-25 09:30:00,1579,1579,1575,1579,424
2025-08-25 09:40:00,1579,1582,1579,1582,127
2025-08-25 09:50:00,1582,1584,1582,1584,5
2025-08-25 10:00:00,1584,1587,1584,1586,341
2025-08-25 10:10:00,1586,1586,1586,1586,7
2025-08-25 10:20:00,1584,1585,1584,1584,159
2025-08-25 10:30:00,1582,1583,1582,1582,24
2025-08-25 10:40:00,1581,1581,1579,1579,4
2025-08-25 10:50:00,1580,1580,1580,1580,20
2025-08-25 11:00:00,1579,1579,1572,1574,218
2025-08-25 11:10:00,1576,1577,1575,1576,141
2025-08-25 11:20:00,1576,1578,1574,1574,80
2025-08-25 11:30:00,1574,1574,1572,1572,26
2025-08-25 11:40:00,1573,1573,1569,1572,1266
2025-08-25 11:50:00,1573,1574,1573,1574,111
2025-08-25 12:00:00,1575,1575,1575,1575,51
2025-08-25 12:10:00,1575,1575,1573,1575,159
2025-08-25 12:20:00,1575,1575,1569,1570,933
2025-08-25 12:30:00,1570,1572,1567,1569,904
2025-08-25 12:40:00,1570,1571,1568,1571,7
2025-08-25 12:50:00,1570,1570,1561,1565,890
2025-08-25 13:00:00,1564,1569,1563,1569,213
2025-08-25 13:10:00,1570,1572,1569,1569,27
2025-08-25 13:20:00,1569,1570,1569,1570,66
2025-08-25 13:30:00,1570,1570,1570,1570,3
2025-08-25 13:40:00,1569,1569,1566,1566,7
2025-08-25 13:50:00,1571,1573,1571,1573,59
2025-08-25 14:10:00,1573,1573,1571,1573,13
2025-08-25 14:20:00,1572,1573,1570,1573,207
2025-08-25 14:40:00,1572,1572,1563,1564,285
2025-08-25 14:50:00,1561,1563,1561,1563,59
2025-08-25 15:00:00,1564,1564,1556,1561,501
2025-08-25 15:10:00,1561,1561,1561,1561,75
2025-08-25 15:20:00,1561,1563,1559,1560,982
2025-08-25 15:30:00,1560,1563,1556,1556,474
2025-08-25 15:40:00,1554,1555,1551,1552,442
2025-08-25 15:50:00,1554,1559,1554,1558,104
2025-08-25 16:00:00,1557,1559,1555,1555,92
2025-08-25 16:10:00,1556,1559,1550,1559,2732
2025-08-25 16:20:00,1559,1559,1556,1556,110
2025-08-25 16:30:00,1558,1559,1558,1559,156
2025-08-25 16:40:00,1557,1558,1555,1558,676
2025-08-25 16:50:00,1558,1560,1558,1560,602
2025-08-25 17:00:00,1560,1567,1558,1560,1837
2025-08-25 17:10:00,1562,1565,1561,1564,964
2025-08-25 17:20:00,1560,1560,1553,1559,803
2025-08-25 17:30:00,1559,1559,1554,1554,147
2025-08-25 17:40:00,1555,1557,1555,1557,99
2025-08-25 17:50:00,1558,1559,1556,1558,488
2025-08-25 18:00:00,1559,1562,1558,1562,592
2025-08-25 18:10:00,1560,1562,1560,1562,193
2025-08-25 18:20:00,1562,1562,1561,1561,680
2025-08-25 18:30:00,1562,1563,1562,1563,71
2025-08-25 18:40:00,1565,1567,1565,1566,54
2025-08-25 19:10:00,1567,1568,1567,1568,32
2025-08-25 19:30:00,1567,1568,1563,1563,61
2025-08-25 19:40:00,1567,1567,1564,1564,180
2025-08-25 19:50:00,1567,1571,1567,1571,413
2025-08-25 20:00:00,1570,1570,1569,1569,210
2025-08-25 20:10:00,1565,1565,1564,1564,10
2025-08-25 20:20:00,1567,1568,1567,1568,101
2025-08-25 21:10:00,1570,1570,1570,1570,5
2025-08-25 21:20:00,1570,1570,1570,1570,50
2025-08-25 21:30:00,1567,1567,1565,1565,159
2025-08-25 21:40:00,1565,1565,1563,1564,599
2025-08-25 22:00:00,1566,1566,1566,1566,4
2025-08-25 22:10:00,1564,1564,1564,1564,2
2025-08-25 22:20:00,1565,1566,1565,1566,63
2025-08-25 22:30:00,1566,1566,1566,1566,2
2025-08-25 22:40:00,1567,1568,1567,1568,100
2025-08-25 22:50:00,1567,1568,1567,1568,450
2025-08-25 23:00:00,1565,1565,1562,1562,8
2025-08-25 23:20:00,1567,1567,1567,1567,3
2025-08-25 23:40:00,1563,1567,1563,1567,234
2025-08-26 08:50:00,1572,1572,1572,1572,5
2025-08-26 09:00:00,1568,1572,1567,1568,31
2025-08-26 09:10:00,1568,1573,1568,1573,86
2025-08-26 09:20:00,1573,1573,1571,1572,34
2025-08-26 09:30:00,1575,1577,1575,1577,1054
2025-08-26 09:40:00,1577,1578,1577,1578,107
2025-08-26 09:50:00,1576,1578,1576,1578,73
2025-08-26 10:00:00,1577,1584,1577,1584,193
2025-08-26 10:10:00,1584,1585,1580,1582,280
2025-08-26 10:20:00,1582,1582,1579,1579,36
2025-08-26 10:30:00,1580,1582,1579,1580,180
2025-08-26 10:40:00,1579,1579,1579,1579,1
2025-08-26 10:50:00,1579,1581,1572,1575,280
2025-08-26 11:00:00,1577,1577,1574,1574,100
2025-08-26 11:20:00,1573,1576,1573,1576,59
2025-08-26 11:30:00,1578,1579,1577,1577,33
2025-08-26 12:00:00,1575,1575,1575,1575,8
2025-08-26 12:10:00,1574,1577,1574,1576,27
2025-08-26 12:20:00,1575,1577,1575,1577,27
2025-08-26 12:30:00,1575,1575,1573,1573,20
2025-08-26 12:40:00,1572,1572,1570,1571,35
2025-08-26 12:50:00,1573,1574,1573,1573,3
2025-08-26 13:00:00,1572,1572,1571,1571,12
2025-08-26 13:10:00,1572,1574,1571,1574,112
2025-08-26 13:20:00,1574,1575,1571,1572,492
2025-08-26 13:30:00,1572,1574,1570,1574,141
2025-08-26 13:40:00,1574,1574,1574,1574,1
2025-08-26 13:50:00,1572,1572,1572,1572,5
2025-08-26 14:00:00,1571,1573,1570,1573,42
2025-08-26 14:10:00,1573,1575,1573,1573,103
2025-08-26 14:20:00,1574,1574,1574,1574,100
2025-08-26 14:30:00,1572,1572,1569,1571,136
2025-08-26 14:40:00,1570,1573,1570,1573,18
2025-08-26 14:50:00,1569,1573,1569,1571,8
2025-08-26 15:00:00,1571,1571,1566,1566,90
2025-08-26 15:20:00,1567,1567,1567,1567,8
2025-08-26 15:30:00,1566,1566,1565,1565,26
2025-08-26 15:40:00,1569,1570,1565,1566,236
2025-08-26 15:50:00,1565,1565,1565,1565,3
2025-08-26 16:00:00,1565,1565,1560,1560,142
2025-08-26 16:10:00,1560,1561,1556,1558,754
2025-08-26 16:20:00,1557,1558,1556,1556,123
2025-08-26 16:30:00,1555,1557,1555,1556,442
2025-08-26 16:40:00,1557,1558,1557,1558,81
2025-08-26 16:50:00,1557,1558,1549,1549,809
2025-08-26 17:00:00,1551,1551,1538,1543,1693
2025-08-26 17:10:00,1545,1546,1541,1541,648
2025-08-26 17:20:00,1541,1542,1538,1539,292
2025-08-26 17:30:00,1538,1541,1534,1538,575
2025-08-26 17:40:00,1538,1540,1531,1534,1329
2025-08-26 17:50:00,1534,1540,1530,1530,535
2025-08-26 18:00:00,1530,1543,1525,1543,3673
2025-08-26 18:10:00,1543,1546,1540,1540,1070
2025-08-26 18:20:00,1541,1541,1541,1541,39
2025-08-26 18:30:00,1540,1547,1536,1545,1024
2025-08-26 18:40:00,1545,1546,1545,1545,12
2025-08-26 19:00:00,1547,1548,1544,1546,111
2025-08-26 19:10:00,1546,1546,1546,1546,18
2025-08-26 19:20:00,1546,1546,1545,1545,313
2025-08-26 19:30:00,1545,1546,1545,1546,13
2025-08-26 19:40:00,1546,1547,1546,1547,150
2025-08-26 19:50:00,1541,1546,1541,1546,2
2025-08-26 20:00:00,1546,1546,1543,1543,4
2025-08-26 20:30:00,1542,1544,1540,1540,946
2025-08-26 21:00:00,1542,1542,1542,1542,8
2025-08-26 21:10:00,1545,1546,1545,1545,106
2025-08-26 21:20:00,1545,1546,1545,1546,43
2025-08-26 21:30:00,1546,1546,1545,1546,67
2025-08-26 21:40:00,1547,1550,1547,1549,114
2025-08-26 22:00:00,1549,1549,1542,1542,87
2025-08-26 22:30:00,1546,1546,1546,1546,1
2025-08-26 22:40:00,1545,1546,1539,1539,215
2025-08-26 22:50:00,1546,1546,1546,1546,1
2025-08-26 23:10:00,1546,1546,1546,1546,3
2025-08-26 23:20:00,1545,1545,1545,1545,1
2025-08-26 23:40:00,1547,1547,1547,1547,1
2025-08-27 09:00:00,1547,1547,1545,1546,71
2025-08-27 09:10:00,1545,1545,1544,1545,450
2025-08-27 09:20:00,1544,1544,1540,1540,2234
2025-08-27 09:30:00,1542,1545,1542,1545,123
2025-08-27 09:40:00,1546,1546,1544,1544,81
2025-08-27 09:50:00,1544,1547,1543,1547,556
2025-08-27 10:00:00,1545,1545,1543,1545,40
2025-08-27 10:10:00,1544,1547,1542,1547,93
2025-08-27 10:20:00,1545,1551,1545,1551,226
2025-08-27 10:30:00,1552,1554,1548,1548,424
2025-08-27 10:40:00,1548,1548,1546,1547,105
2025-08-27 10:50:00,1545,1545,1545,1545,30
2025-08-27 11:00:00,1547,1551,1546,1546,372
2025-08-27 11:10:00,1546,1550,1546,1550,329
2025-08-27 11:20:00,1550,1553,1550,1553,563
2025-08-27 11:30:00,1554,1555,1554,1555,42
2025-08-27 11:40:00,1551,1555,1551,1552,569
2025-08-27 11:50:00,1552,1552,1551,1551,112
2025-08-27 12:00:00,1555,1555,1550,1551,202
2025-08-27 12:10:00,1551,1551,1549,1549,333
2025-08-27 12:20:00,1547,1547,1544,1544,64
2025-08-27 12:30:00,1544,1548,1543,1548,82
2025-08-27 12:40:00,1545,1545,1544,1544,133
2025-08-27 12:50:00,1544,1548,1543,1543,116
2025-08-27 13:00:00,1545,1545,1544,1544,48
2025-08-27 13:10:00,1543,1545,1543,1545,11
2025-08-27 13:20:00,1544,1545,1544,1545,20
2025-08-27 13:30:00,1543,1543,1540,1540,418
2025-08-27 13:40:00,1540,1540,1539,1539,391
2025-08-27 13:50:00,1538,1540,1537,1537,219
2025-08-27 14:00:00,1538,1538,1538,1538,51
2025-08-27 14:10:00,1541,1546,1540,1545,160
2025-08-27 14:20:00,1545,1546,1542,1542,40
2025-08-27 14:30:00,1541,1541,1541,1541,47
2025-08-27 14:40:00,1545,1551,1545,1551,449
2025-08-27 14:50:00,1551,1551,1549,1550,33
2025-08-27 15:00:00,1549,1550,1546,1546,252
2025-08-27 15:10:00,1548,1549,1545,1545,121
2025-08-27 15:20:00,1547,1547,1545,1545,102
2025-08-27 15:30:00,1546,1547,1546,1547,176
2025-08-27 15:40:00,1548,1551,1548,1551,142
2025-08-27 15:50:00,1550,1553,1550,1552,138
2025-08-27 16:00:00,1551,1551,1549,1549,87
2025-08-27 16:10:00,1549,1551,1549,1551,129
2025-08-27 16:20:00,1551,1552,1549,1551,272
2025-08-27 16:30:00,1549,1551,1549,1549,70
2025-08-27 16:40:00,1549,1549,1549,1549,36
2025-08-27 16:50:00,1549,1551,1549,1551,71
2025-08-27 17:00:00,1551,1551,1548,1548,52
2025-08-27 17:10:00,1549,1549,1546,1546,143
2025-08-27 17:20:00,1548,1549,1546,1546,96
2025-08-27 17:30:00,1546,1549,1545,1549,247
2025-08-27 17:40:00,1546,1547,1545,1547,108
2025-08-27 17:50:00,1545,1545,1544,1545,294
2025-08-27 18:00:00,1544,1544,1541,1542,658
2025-08-27 18:10:00,1542,1542,1542,1542,18
2025-08-27 18:20:00,1541,1541,1540,1541,26
2025-08-27 18:30:00,1542,1542,1542,1542,1
2025-08-27 18:40:00,1540,1544,1539,1539,27
2025-08-27 19:00:00,1544,1548,1544,1548,47
2025-08-27 19:10:00,1548,1548,1543,1543,11
2025-08-27 19:20:00,1546,1548,1546,1546,110
2025-08-27 19:30:00,1549,1549,1549,1549,135
2025-08-27 19:40:00,1549,1549,1549,1549,1
2025-08-27 19:50:00,1545,1545,1544,1545,15
2025-08-27 20:00:00,1545,1545,1545,1545,5
2025-08-27 20:10:00,1545,1545,1545,1545,483
2025-08-27 20:30:00,1548,1550,1548,1550,20
2025-08-27 20:40:00,1549,1549,1544,1545,50
2025-08-27 21:00:00,1548,1550,1545,1545,483
2025-08-27 21:10:00,1548,1551,1548,1551,202
2025-08-27 21:20:00,1551,1554,1551,1554,900
2025-08-27 21:30:00,1551,1551,1550,1550,21
2025-08-27 21:40:00,1550,1553,1550,1551,140
2025-08-27 22:00:00,1551,1552,1549,1552,143
2025-08-27 22:20:00,1551,1551,1551,1551,2
2025-08-27 22:30:00,1549,1549,1547,1547,145
2025-08-27 22:50:00,1548,1548,1548,1548,3
2025-08-27 23:10:00,1548,1548,1548,1548,133
2025-08-27 23:20:00,1550,1550,1550,1550,376
2025-08-27 23:30:00,1548,1548,1544,1544,187
2025-08-27 23:40:00,1547,1547,1547,1547,1
2025-08-28 09:00:00,1549,1551,1547,1551,58
2025-08-28 09:10:00,1547,1547,1546,1546,55
2025-08-28 09:20:00,1548,1549,1548,1549,22
2025-08-28 09:30:00,1549,1549,1549,1549,9
2025-08-28 09:40:00,1550,1551,1548,1551,15
2025-08-28 09:50:00,1550,1550,1550,1550,3
2025-08-28 10:00:00,1551,1551,1547,1550,68
2025-08-28 10:10:00,1550,1550,1550,1550,1
2025-08-28 10:20:00,1550,1550,1550,1550,5
2025-08-28 10:30:00,1550,1550,1546,1546,108
2025-08-28 10:50:00,1546,1546,1545,1545,122
2025-08-28 11:00:00,1545,1548,1544,1544,297
2025-08-28 11:10:00,1544,1544,1544,1544,8
2025-08-28 11:20:00,1543,1543,1543,1543,32
2025-08-28 11:30:00,1543,1545,1541,1542,337
2025-08-28 11:40:00,1543,1543,1540,1540,344
2025-08-28 11:50:00,1540,1540,1534,1538,629
2025-08-28 12:00:00,1538,1540,1536,1539,310
2025-08-28 12:10:00,1539,1540,1535,1539,1086
2025-08-28 12:20:00,1536,1536,1531,1531,446
2025-08-28 12:30:00,1532,1536,1530,1530,696
2025-08-28 12:40:00,1531,1535,1531,1532,474
2025-08-28 12:50:00,1532,1535,1530,1530,81
2025-08-28 13:00:00,1530,1531,1530,1531,62
2025-08-28 13:10:00,1532,1532,1529,1530,51
2025-08-28 13:20:00,1529,1529,1528,1529,97
2025-08-28 13:30:00,1529,1532,1529,1532,170
2025-08-28 13:40:00,1530,1532,1530,1532,116
2025-08-28 13:50:00,1534,1534,1530,1534,65
2025-08-28 14:00:00,1534,1536,1532,1532,101
2025-08-28 14:10:00,1535,1536,1533,1535,1043
2025-08-28 14:20:00,1535,1535,1529,1529,407
2025-08-28 14:30:00,1530,1530,1523,1524,1163
2025-08-28 14:40:00,1526,1528,1525,1526,867
2025-08-28 14:50:00,1526,1526,1521,1524,518
2025-08-28 15:00:00,1523,1528,1521,1527,215
2025-08-28 15:10:00,1529,1530,1529,1530,54
2025-08-28 15:20:00,1531,1531,1531,1531,131
2025-08-28 15:30:00,1530,1532,1530,1531,35
2025-08-28 15:40:00,1529,1532,1529,1532,646
2025-08-28 15:50:00,1532,1534,1532,1533,206
2025-08-28 16:00:00,1535,1539,1535,1539,77
2025-08-28 16:10:00,1535,1535,1535,1535,71
2025-08-28 16:20:00,1534,1538,1534,1536,231
2025-08-28 16:30:00,1538,1538,1537,1537,143
2025-08-28 16:40:00,1538,1540,1534,1536,271
2025-08-28 16:50:00,1535,1536,1532,1532,75
2025-08-28 17:10:00,1534,1534,1534,1534,100
2025-08-28 17:20:00,1534,1537,1531,1532,708
2025-08-28 17:30:00,1530,1531,1530,1530,301
2025-08-28 17:40:00,1531,1533,1531,1532,59
2025-08-28 17:50:00,1535,1537,1533,1535,72
2025-08-28 18:00:00,1535,1539,1535,1539,119
2025-08-28 18:10:00,1537,1537,1537,1537,23
2025-08-28 18:20:00,1536,1537,1535,1537,38
2025-08-28 18:30:00,1534,1534,1534,1534,9
2025-08-28 19:40:00,1536,1537,1536,1536,83
2025-08-28 19:50:00,1538,1538,1536,1536,268
2025-08-28 20:00:00,1536,1536,1530,1530,16
2025-08-28 20:10:00,1529,1529,1525,1529,731
2025-08-28 20:20:00,1529,1532,1529,1532,81
2025-08-28 20:30:00,1529,1529,1523,1523,512
2025-08-28 20:40:00,1523,1525,1520,1522,550
2025-08-28 20:50:00,1526,1527,1523,1527,444
2025-08-28 21:00:00,1527,1527,1526,1527,266
2025-08-28 21:10:00,1527,1532,1527,1532,51
2025-08-28 21:20:00,1531,1532,1531,1532,112
2025-08-28 21:30:00,1530,1530,1530,1530,20
2025-08-28 21:50:00,1532,1533,1531,1533,63
2025-08-28 22:00:00,1533,1533,1529,1529,3
2025-08-28 22:20:00,1529,1529,1527,1527,10
2025-08-28 22:30:00,1528,1528,1528,1528,10
2025-08-28 22:40:00,1530,1530,1528,1528,4
2025-08-28 22:50:00,1528,1530,1527,1527,47
2025-08-28 23:00:00,1527,1527,1527,1527,1
2025-08-28 23:20:00,1530,1530,1530,1530,2
2025-08-28 23:30:00,1530,1531,1530,1531,16
2025-08-28 23:40:00,1531,1535,1530,1530,393
2025-08-29 09:00:00,1534,1541,1533,1540,769
2025-08-29 09:10:00,1538,1538,1538,1538,199
2025-08-29 09:20:00,1537,1538,1537,1538,103
2025-08-29 09:30:00,1537,1537,1534,1534,399
2025-08-29 09:40:00,1534,1534,1533,1533,320
2025-08-29 09:50:00,1533,1533,1531,1531,429
2025-08-29 10:00:00,1529,1533,1529,1531,189
2025-08-29 10:10:00,1531,1532,1529,1532,36
2025-08-29 10:20:00,1532,1532,1530,1530,4
2025-08-29 10:30:00,1533,1537,1533,1537,200
2025-08-29 10:40:00,1538,1542,1538,1540,455
2025-08-29 10:50:00,1540,1540,1531,1532,904
2025-08-29 11:00:00,1532,1536,1532,1536,138
2025-08-29 11:10:00,1536,1536,1532,1532,133
2025-08-29 11:20:00,1533,1533,1532,1532,25
2025-08-29 11:30:00,1531,1531,1529,1531,57
2025-08-29 11:40:00,1530,1533,1530,1533,31
2025-08-29 11:50:00,1532,1534,1532,1534,30
2025-08-29 12:00:00,1531,1536,1531,1536,83
2025-08-29 12:10:00,1534,1536,1533,1535,59
2025-08-29 12:20:00,1535,1535,1533,1534,171
2025-08-29 12:30:00,1534,1539,1534,1539,308
2025-08-29 12:40:00,1534,1534,1531,1532,254
2025-08-29 12:50:00,1533,1535,1533,1535,15
2025-08-29 13:00:00,1535,1536,1530,1530,105
2025-08-29 13:10:00,1530,1532,1529,1529,72
2025-08-29 13:20:00,1533,1534,1532,1533,43
2025-08-29 13:30:00,1530,1531,1529,1529,14
2025-08-29 13:40:00,1529,1531,1528,1531,9
2025-08-29 14:10:00,1530,1530,1528,1528,23
2025-08-29 14:20:00,1530,1530,1529,1529,24
2025-08-29 14:30:00,1529,1530,1526,1526,372
2025-08-29 14:40:00,1529,1529,1528,1528,16
2025-08-29 14:50:00,1532,1533,1532,1533,200
2025-08-29 15:00:00,1529,1532,1529,1530,9
2025-08-29 15:10:00,1531,1536,1528,1528,404
2025-08-29 15:20:00,1529,1529,1526,1526,26
2025-08-29 15:30:00,1526,1528,1526,1528,47
2025-08-29 15:40:00,1527,1527,1525,1526,204
2025-08-29 15:50:00,1525,1525,1525,1525,20
2025-08-29 16:00:00,1525,1526,1525,1526,101
2025-08-29 16:10:00,1525,1525,1525,1525,5
2025-08-29 16:20:00,1525,1526,1525,1526,468
2025-08-29 16:30:00,1526,1526,1526,1526,84
2025-08-29 16:40:00,1526,1530,1526,1527,589
2025-08-29 16:50:00,1531,1531,1531,1531,60
2025-08-29 17:00:00,1532,1534,1530,1530,395
2025-08-29 17:10:00,1533,1533,1529,1532,819
2025-08-29 17:20:00,1530,1530,1530,1530,336
2025-08-29 17:30:00,1531,1531,1531,1531,529
2025-08-29 17:40:00,1532,1532,1532,1532,33
2025-08-29 17:50:00,1532,1532,1530,1532,92
2025-08-29 18:10:00,1530,1530,1530,1530,114
2025-08-29 18:20:00,1532,1532,1531,1531,32
2025-08-29 18:30:00,1531,1533,1530,1533,413
2025-08-29 18:40:00,1531,1531,1531,1531,1
2025-08-29 19:10:00,1532,1532,1532,1532,1
2025-08-29 19:20:00,1533,1533,1533,1533,245
2025-08-29 19:30:00,1533,1533,1533,1533,2
2025-08-29 19:40:00,1532,1532,1530,1530,160
2025-08-29 19:50:00,1531,1531,1529,1529,188
2025-08-29 20:00:00,1528,1528,1528,1528,17
2025-08-29 20:10:00,1529,1529,1529,1529,14
2025-08-29 20:20:00,1529,1529,1529,1529,16
2025-08-29 20:30:00,1529,1529,1529,1529,9
2025-08-29 21:00:00,1529,1529,1529,1529,19
2025-08-29 21:10:00,1531,1533,1528,1528,150
2025-08-29 21:30:00,1530,1533,1530,1533,196
2025-08-29 21:50:00,1529,1529,1526,1529,112
2025-08-29 22:40:00,1529,1529,1529,1529,4
2025-08-29 22:50:00,1530,1530,1530,1530,100
2025-08-29 23:10:00,1529,1529,1526,1526,67
2025-08-29 23:30:00,1526,1526,1525,1525,551
2025-08-29 23:40:00,1528,1528,1528,1528,1
2025-08-30 10:20:00,1533,1533,1533,1533,1
2025-08-30 10:30:00,1528,1528,1528,1528,2
2025-08-30 10:40:00,1529,1529,1529,1529,28
2025-08-30 10:50:00,1530,1531,1530,1531,39
2025-08-30 11:10:00,1530,1530,1530,1530,5
2025-08-30 11:30:00,1530,1530,1530,1530,3
2025-08-30 11:40:00,1532,1534,1532,1534,20
2025-08-30 11:50:00,1530,1530,1530,1530,2
2025-08-30 12:00:00,1530,1531,1530,1531,9
2025-08-30 12:50:00,1532,1532,1532,1532,2
2025-08-30 13:00:00,1532,1535,1532,1535,200
2025-08-30 13:50:00,1530,1530,1530,1530,10
2025-08-30 16:00:00,1534,1534,1534,1534,1
2025-08-30 16:10:00,1532,1532,1532,1532,18
2025-08-30 17:40:00,1533,1533,1532,1532,17
2025-08-30 18:30:00,1532,1533,1532,1533,103
2025-08-30 18:40:00,1533,1533,1523,1523,33
2025-08-31 10:00:00,1523,1523,1523,1523,2
2025-08-31 13:40:00,1522,1522,1522,1522,700
2025-08-31 17:40:00,1521,1521,1521,1521,6
2025-09-01 09:00:00,1525,1532,1525,1531,31
2025-09-01 09:20:00,1545,1545,1545,1545,1
2025-09-01 09:30:00,1540,1540,1539,1539,50
2025-09-01 10:00:00,1545,1550,1545,1550,70
2025-09-01 10:20:00,1537,1537,1537,1537,3
2025-09-01 14:40:00,1520,1520,1520,1520,3
2025-09-01 17:10:00,1521,1522,1521,1522,17
2025-09-01 17:40:00,1517,1517,1517,1517,1
2025-09-01 17:50:00,1509,1509,1509,1509,5
2025-09-01 18:20:00,1517,1517,1517,1517,42
2025-09-01 18:30:00,1517,1517,1517,1517,25
2025-09-01 19:50:00,1509,1509,1509,1509,5
2025-09-02 09:20:00,1510,1516,1507,1507,14
2025-09-02 09:40:00,1515,1515,1515,1515,1
2025-09-02 10:00:00,1508,1508,1502,1502,22
2025-09-02 10:20:00,1514,1514,1514,1514,4
2025-09-02 11:00:00,1500,1511,1500,1511,6
2025-09-02 11:10:00,1511,1511,1511,1511,23
2025-09-02 11:40:00,1509,1509,1509,1509,6
2025-09-02 11:50:00,1509,1509,1508,1508,6
2025-09-02 12:30:00,1512,1512,1512,1512,1
2025-09-02 12:40:00,1502,1502,1502,1502,2
2025-09-02 13:20:00,1497,1497,1497,1497,1
2025-09-02 15:10:00,1498,1498,1498,1498,3
2025-09-02 15:20:00,1498,1498,1498,1498,3
2025-09-02 15:30:00,1499,1499,1499,1499,20
2025-09-02 15:40:00,1499,1499,1499,1499,30
2025-09-02 16:10:00,1497,1497,1492,1492,5
2025-09-02 16:30:00,1487,1487,1481,1481,70
2025-09-02 16:50:00,1486,1496,1486,1495,4
2025-09-02 17:00:00,1496,1496,1494,1494,2
2025-09-02 17:10:00,1487,1487,1486,1486,22
2025-09-02 17:20:00,1486,1486,1486,1486,78
2025-09-02 17:50:00,1483,1483,1483,1483,5
2025-09-02 18:40:00,1477,1477,1477,1477,5
2025-09-02 19:50:00,1494,1494,1494,1494,3
2025-09-02 20:20:00,1492,1492,1483,1492,7
2025-09-02 20:50:00,1483,1483,1483,1483,6
2025-09-02 21:00:00,1482,1482,1475,1475,500
2025-09-03 10:30:00,1487,1487,1487,1487,2
2025-09-03 12:20:00,1489,1489,1489,1489,30
2025-09-03 13:40:00,1489,1489,1489,1489,13
2025-09-03 13:50:00,1489,1489,1489,1489,30
2025-09-03 14:00:00,1489,1489,1482,1482,18
2025-09-03 15:40:00,1472,1472,1472,1472,1
2025-09-03 16:00:00,1472,1472,1472,1472,36
2025-09-03 16:10:00,1470,1470,1470,1470,2
2025-09-03 16:20:00,1470,1480,1470,1480,4
2025-09-03 16:30:00,1478,1478,1478,1478,1
2025-09-03 16:40:00,1474,1484,1474,1484,4
2025-09-03 17:40:00,1482,1482,1482,1482,1
2025-09-03 19:10:00,1489,1489,1489,1489,50
2025-09-03 19:50:00,1489,1489,1489,1489,1
2025-09-03 20:10:00,1495,1495,1495,1495,10
2025-09-03 22:30:00,1503,1503,1503,1503,4
2025-09-04 10:00:00,1503,1503,1503,1503,1
2025-09-04 10:10:00,1503,1503,1503,1503,19
2025-09-04 10:30:00,1503,1503,1503,1503,3
2025-09-04 11:20:00,1509,1510,1509,1510,151
2025-09-04 11:40:00,1503,1503,1503,1503,130
2025-09-04 11:50:00,1503,1503,1503,1503,2
2025-09-04 12:50:00,1504,1504,1504,1504,1
2025-09-04 13:50:00,1504,1504,1504,1504,4
2025-09-04 14:10:00,1503,1503,1503,1503,14
2025-09-04 14:20:00,1502,1502,1497,1497,50
2025-09-04 17:00:00,1497,1497,1493,1493,402
2025-09-04 17:10:00,1495,1495,1493,1493,500
2025-09-04 17:20:00,1495,1495,1495,1495,2
2025-09-04 17:50:00,1493,1493,1493,1493,1
2025-09-04 18:00:00,1493,1493,1493,1493,1
2025-09-04 18:20:00,1493,1497,1493,1497,3
2025-09-04 22:30:00,1506,1506,1506,1506,100
2025-09-05 10:00:00,1494,1494,1494,1494,10
2025-09-05 10:40:00,1495,1495,1495,1495,50
2025-09-05 11:40:00,1494,1494,1494,1494,55
2025-09-05 12:40:00,1493,1493,1493,1493,2
2025-09-05 13:00:00,1498,1498,1498,1498,50
2025-09-05 13:20:00,1494,1494,1494,1494,1
2025-09-05 13:40:00,1494,1494,1492,1492,160
2025-09-05 14:40:00,1485,1485,1485,1485,1
2025-09-05 14:50:00,1491,1491,1491,1491,1
2025-09-05 15:00:00,1491,1491,1491,1491,10
2025-09-05 15:10:00,1484,1484,1484,1484,1
2025-09-05 15:20:00,1487,1487,1487,1487,100
2025-09-05 16:00:00,1479,1479,1474,1474,400
2025-09-05 16:10:00,1478,1478,1477,1477,400
2025-09-05 17:20:00,1479,1493,1479,1493,874
2025-09-05 17:30:00,1493,1493,1493,1493,636
2025-09-05 17:40:00,1493,1494,1493,1493,1540
2025-09-05 17:50:00,1493,1493,1493,1493,124
2025-09-05 18:00:00,1493,1493,1493,1493,800
2025-09-05 18:10:00,1493,1493,1493,1493,13
2025-09-05 18:20:00,1493,1493,1493,1493,850
2025-09-05 18:30:00,1493,1493,1493,1493,451
2025-09-06 10:50:00,1492,1492,1492,1492,21
2025-09-06 12:20:00,1492,1492,1492,1492,2
2025-09-06 13:00:00,1494,1494,1494,1494,10
2025-09-06 17:00:00,1496,1496,1496,1496,8
2025-09-08 09:10:00,1506,1508,1506,1508,31
2025-09-08 09:30:00,1502,1502,1502,1502,10
2025-09-08 10:10:00,1513,1518,1513,1518,1002
2025-09-08 10:20:00,1519,1519,1519,1519,1
2025-09-08 11:00:00,1516,1516,1516,1516,1
2025-09-08 11:10:00,1516,1516,1516,1516,10
2025-09-08 11:20:00,1520,1520,1520,1520,1
2025-09-08 11:30:00,1520,1522,1520,1522,11
2025-09-08 12:40:00,1525,1525,1525,1525,1
2025-09-08 13:30:00,1515,1515,1514,1514,12
2025-09-08 14:20:00,1522,1523,1522,1523,256
2025-09-08 15:10:00,1529,1529,1529,1529,5
2025-09-08 16:00:00,1519,1519,1512,1512,30
2025-09-08 18:10:00,1511,1511,1511,1511,4
2025-09-08 18:40:00,1521,1521,1521,1521,2
2025-09-08 19:10:00,1522,1526,1522,1526,100
2025-09-08 19:20:00,1526,1526,1521,1521,5
2025-09-08 19:30:00,1526,1526,1526,1526,10
2025-09-08 19:40:00,1527,1527,1527,1527,20
2025-09-08 20:00:00,1528,1528,1528,1528,160
2025-09-08 20:10:00,1527,1527,1527,1527,6
2025-09-08 21:00:00,1521,1521,1517,1517,23
2025-09-08 21:10:00,1527,1527,1527,1527,1
2025-09-08 21:50:00,1527,1527,1527,1527,150
2025-09-08 23:00:00,1531,1531,1531,1531,50
2025-09-09 08:50:00,1562,1562,1538,1545,30
2025-09-09 09:00:00,1545,1545,1544,1544,21
2025-09-09 09:10:00,1542,1543,1542,1543,31
2025-09-09 09:20:00,1543,1544,1542,1542,13
2025-09-09 09:30:00,1542,1542,1540,1540,2
2025-09-09 09:40:00,1543,1544,1539,1539,45
2025-09-09 09:50:00,1538,1538,1527,1527,101
2025-09-09 10:30:00,1540,1542,1540,1541,100
2025-09-09 10:40:00,1541,1541,1541,1541,5
2025-09-09 10:50:00,1543,1543,1543,1543,20
2025-09-09 11:00:00,1542,1542,1542,1542,2
2025-09-09 11:20:00,1543,1543,1543,1543,12
2025-09-09 11:30:00,1544,1544,1540,1540,2
2025-09-09 11:40:00,1539,1540,1539,1539,4
2025-09-09 11:50:00,1540,1542,1536,1536,3
2025-09-09 12:00:00,1536,1536,1536,1536,14
2025-09-09 12:10:00,1536,1536,1536,1536,36
2025-09-09 12:20:00,1538,1538,1538,1538,3
2025-09-09 12:30:00,1536,1536,1530,1530,11
2025-09-09 12:40:00,1530,1530,1530,1530,60
2025-09-09 12:50:00,1530,1535,1530,1535,391
2025-09-09 13:00:00,1530,1530,1530,1530,742
2025-09-09 13:10:00,1530,1530,1530,1530,60
2025-09-09 13:20:00,1530,1530,1528,1528,109
2025-09-09 13:30:00,1526,1527,1526,1526,908
2025-09-09 13:40:00,1526,1526,1526,1526,134
2025-09-09 13:50:00,1526,1526,1526,1526,60
2025-09-09 14:10:00,1530,1530,1530,1530,1
2025-09-09 14:20:00,1531,1531,1531,1531,4
2025-09-09 14:40:00,1534,1534,1523,1523,260
2025-09-09 15:20:00,1523,1524,1523,1524,21
2025-09-09 15:30:00,1523,1527,1522,1527,83
2025-09-09 15:40:00,1522,1522,1522,1522,66
2025-09-09 16:00:00,1522,1522,1522,1522,2
2025-09-09 16:30:00,1522,1522,1522,1522,10
2025-09-09 16:50:00,1522,1522,1522,1522,100
2025-09-09 17:00:00,1522,1522,1522,1522,60
2025-09-09 17:30:00,1522,1529,1522,1529,23
2025-09-09 18:00:00,1529,1533,1529,1533,31
2025-09-09 19:40:00,1530,1530,1529,1530,43
2025-09-09 20:00:00,1527,1527,1527,1527,6
2025-09-09 20:10:00,1528,1528,1528,1528,15
2025-09-09 20:30:00,1530,1530,1530,1530,2
2025-09-09 20:40:00,1522,1522,1522,1522,104
2025-09-09 20:50:00,1529,1529,1529,1529,303
2025-09-09 21:00:00,1529,1529,1529,1529,20
2025-09-09 21:30:00,1530,1530,1530,1530,1
2025-09-10 09:00:00,1516,1520,1511,1519,26
2025-09-10 09:10:00,1520,1520,1502,1503,302
2025-09-10 09:20:00,1518,1518,1518,1518,33
2025-09-10 09:50:00,1519,1524,1519,1524,200
2025-09-10 10:00:00,1517,1517,1517,1517,1
2025-09-10 10:10:00,1520,1520,1520,1520,1
2025-09-10 10:20:00,1515,1515,1515,1515,31
2025-09-10 10:50:00,1515,1515,1515,1515,37
2025-09-10 11:00:00,1515,1515,1514,1514,155
2025-09-10 11:10:00,1512,1515,1510,1511,39
2025-09-10 11:30:00,1510,1510,1509,1509,2
2025-09-10 12:40:00,1514,1515,1514,1515,59
2025-09-10 13:10:00,1519,1520,1518,1518,73
2025-09-10 13:20:00,1517,1517,1517,1517,5
2025-09-10 13:30:00,1517,1517,1517,1517,10
2025-09-10 13:40:00,1511,1511,1511,1511,1
2025-09-10 14:20:00,1510,1510,1504,1504,59
2025-09-10 14:30:00,1516,1516,1516,1516,1
2025-09-10 14:50:00,1516,1516,1505,1505,10
2025-09-10 15:10:00,1504,1504,1503,1503,8
2025-09-10 16:40:00,1508,1508,1503,1503,50
2025-09-10 17:00:00,1510,1511,1510,1511,3
2025-09-10 17:10:00,1510,1510,1510,1510,28
2025-09-10 17:20:00,1503,1503,1503,1503,17
2025-09-10 17:30:00,1513,1513,1513,1513,8
2025-09-10 17:50:00,1510,1510,1510,1510,10
2025-09-10 18:00:00,1509,1511,1509,1511,300
2025-09-10 19:00:00,1512,1512,1512,1512,1
2025-09-10 19:20:00,1505,1505,1505,1505,66
2025-09-10 19:30:00,1505,1509,1505,1509,246
2025-09-10 20:10:00,1510,1510,1510,1510,300
2025-09-10 20:20:00,1509,1509,1509,1509,2
2025-09-10 21:10:00,1508,1508,1508,1508,1
2025-09-10 21:20:00,1504,1504,1502,1502,84
2025-09-10 21:30:00,1502,1502,1502,1502,4
2025-09-10 21:40:00,1502,1502,1502,1502,129
2025-09-10 21:50:00,1502,1502,1502,1502,133
2025-09-10 22:20:00,1502,1502,1502,1502,4
2025-09-10 22:30:00,1509,1509,1509,1509,8
2025-09-10 22:40:00,1509,1509,1509,1509,10
2025-09-10 23:00:00,1507,1507,1507,1507,3
2025-09-11 09:20:00,1502,1502,1502,1502,2
2025-09-11 09:30:00,1502,1503,1502,1503,3
2025-09-11 10:10:00,1504,1504,1504,1504,4
2025-09-11 10:20:00,1504,1504,1502,1502,8
2025-09-11 10:30:00,1502,1502,1496,1496,35
2025-09-11 10:40:00,1493,1493,1483,1483,302
2025-09-11 10:50:00,1485,1485,1482,1482,100
2025-09-11 11:10:00,1484,1484,1484,1484,1
2025-09-11 11:20:00,1484,1484,1484,1484,4
2025-09-11 11:50:00,1491,1495,1491,1494,6
2025-09-11 12:00:00,1494,1494,1494,1494,1
2025-09-11 12:10:00,1493,1493,1493,1493,1
2025-09-11 12:20:00,1493,1493,1489,1489,3
2025-09-11 12:30:00,1492,1493,1491,1493,215
2025-09-11 12:40:00,1492,1492,1492,1492,56
2025-09-11 13:10:00,1488,1488,1484,1486,129
2025-09-11 13:30:00,1487,1487,1487,1487,8
2025-09-11 13:50:00,1487,1487,1487,1487,1
2025-09-11 14:50:00,1495,1495,1492,1494,459
2025-09-11 15:00:00,1493,1493,1492,1492,478
2025-09-11 15:10:00,1492,1492,1492,1492,10
2025-09-11 15:20:00,1489,1489,1489,1489,21
2025-09-11 15:50:00,1488,1488,1488,1488,1
2025-09-11 16:00:00,1488,1488,1484,1484,510
2025-09-11 16:10:00,1484,1487,1483,1487,77
2025-09-11 16:20:00,1487,1487,1487,1487,1
2025-09-11 16:30:00,1496,1497,1495,1497,10
2025-09-11 16:40:00,1494,1494,1486,1487,3
2025-09-11 17:10:00,1493,1493,1493,1493,250
2025-09-11 17:20:00,1493,1493,1493,1493,1
2025-09-11 17:30:00,1493,1495,1493,1495,24
2025-09-11 17:40:00,1494,1495,1494,1494,13
2025-09-11 17:50:00,1494,1494,1494,1494,50
2025-09-11 18:00:00,1493,1493,1493,1493,51
2025-09-11 18:10:00,1493,1494,1493,1494,30
2025-09-11 18:30:00,1492,1497,1491,1497,176
2025-09-11 18:40:00,1497,1497,1497,1497,40
2025-09-11 19:00:00,1499,1500,1499,1500,51
2025-09-11 19:30:00,1502,1506,1502,1506,221
2025-09-11 19:40:00,1505,1505,1502,1502,46
2025-09-11 20:00:00,1496,1504,1495,1504,33
2025-09-11 20:30:00,1495,1495,1495,1495,20
2025-09-11 20:50:00,1497,1497,1497,1497,34
2025-09-11 21:20:00,1495,1501,1495,1501,30
2025-09-11 21:30:00,1501,1501,1496,1496,42
2025-09-11 21:40:00,1501,1501,1501,1501,100
2025-09-11 21:50:00,1496,1496,1488,1488,70
2025-09-11 22:00:00,1493,1501,1493,1501,25
2025-09-12 09:10:00,1492,1492,1492,1492,2
2025-09-12 09:20:00,1492,1492,1492,1492,6
2025-09-12 09:30:00,1492,1497,1492,1497,83
2025-09-12 09:40:00,1492,1492,1492,1492,13
2025-09-12 09:50:00,1493,1495,1493,1495,30
2025-09-12 10:00:00,1497,1497,1492,1492,65
2025-09-12 10:10:00,1491,1491,1488,1488,218
2025-09-12 10:20:00,1488,1488,1483,1483,12
2025-09-12 10:30:00,1482,1482,1482,1482,8
2025-09-12 11:00:00,1483,1484,1483,1484,315
2025-09-12 11:10:00,1484,1484,1484,1484,12
2025-09-12 11:20:00,1485,1485,1483,1483,206
2025-09-12 11:30:00,1482,1482,1482,1482,50
2025-09-12 11:40:00,1482,1484,1482,1484,90
2025-09-12 11:50:00,1484,1484,1482,1482,74
2025-09-12 12:00:00,1483,1483,1480,1480,103
2025-09-12 12:10:00,1484,1484,1477,1477,51
2025-09-12 12:20:00,1478,1478,1478,1478,2
2025-09-12 12:30:00,1482,1482,1477,1477,257
2025-09-12 12:40:00,1478,1478,1478,1478,99
2025-09-12 12:50:00,1479,1479,1479,1479,70
2025-09-12 13:10:00,1478,1478,1478,1478,1
2025-09-12 13:20:00,1480,1484,1478,1478,22
2025-09-12 13:30:00,1480,1490,1467,1473,221
2025-09-12 13:40:00,1477,1482,1473,1473,309
2025-09-12 13:50:00,1475,1482,1474,1474,110
2025-09-12 14:00:00,1473,1473,1472,1472,47
2025-09-12 14:10:00,1473,1478,1472,1478,35
2025-09-12 14:20:00,1478,1479,1472,1477,220
2025-09-12 14:30:00,1473,1478,1472,1472,185
2025-09-12 14:40:00,1479,1479,1472,1472,261
2025-09-12 14:50:00,1478,1480,1470,1477,363
2025-09-12 15:00:00,1477,1478,1477,1478,22
2025-09-12 15:10:00,1478,1478,1478,1478,10
2025-09-12 15:20:00,1472,1478,1472,1478,201
2025-09-12 15:30:00,1471,1471,1469,1469,26
2025-09-12 15:40:00,1468,1468,1462,1464,858
2025-09-12 15:50:00,1468,1468,1468,1468,2
2025-09-12 16:00:00,1465,1465,1465,1465,139
2025-09-12 16:10:00,1467,1467,1465,1465,471
2025-09-12 16:20:00,1467,1470,1467,1468,101
2025-09-12 16:30:00,1467,1467,1463,1463,116
2025-09-12 16:40:00,1470,1470,1462,1462,257
2025-09-12 16:50:00,1463,1467,1463,1467,53
2025-09-12 17:10:00,1470,1470,1470,1470,51
2025-09-12 17:20:00,1469,1469,1469,1469,70
2025-09-12 17:30:00,1470,1471,1470,1470,58
2025-09-12 17:40:00,1468,1468,1464,1464,32
2025-09-12 17:50:00,1463,1463,1461,1461,130
2025-09-12 18:00:00,1462,1462,1462,1462,50
2025-09-12 18:10:00,1462,1470,1461,1470,51
2025-09-12 18:20:00,1474,1476,1474,1476,2
2025-09-12 18:30:00,1469,1469,1467,1467,40
2025-09-12 18:40:00,1467,1467,1467,1467,20
2025-09-12 19:00:00,1477,1485,1471,1471,233
2025-09-12 19:20:00,1472,1472,1472,1472,5
2025-09-12 19:40:00,1467,1467,1467,1467,6
2025-09-12 20:00:00,1467,1469,1467,1469,99
2025-09-12 20:10:00,1467,1467,1467,1467,155
2025-09-12 20:20:00,1470,1471,1470,1471,10
2025-09-12 20:30:00,1467,1467,1467,1467,70
2025-09-12 20:40:00,1470,1470,1470,1470,1
2025-09-12 21:40:00,1471,1471,1471,1471,3
2025-09-12 22:20:00,1471,1471,1471,1471,6
2025-09-12 22:50:00,1462,1462,1462,1462,7
2025-09-13 10:00:00,1468,1468,1463,1463,7
2025-09-13 10:20:00,1457,1471,1457,1471,132
2025-09-13 11:00:00,1474,1474,1474,1474,10
2025-09-13 11:30:00,1474,1474,1474,1474,1
2025-09-13 11:40:00,1467,1468,1467,1468,3
2025-09-13 11:50:00,1466,1466,1466,1466,1
2025-09-13 12:20:00,1466,1466,1466,1466,2
2025-09-13 12:30:00,1467,1469,1467,1469,56
2025-09-13 13:00:00,1468,1468,1468,1468,1
2025-09-13 13:20:00,1467,1467,1467,1467,1
2025-09-13 13:30:00,1463,1463,1462,1462,14
2025-09-13 15:40:00,1467,1467,1467,1467,50
2025-09-13 16:30:00,1464,1464,1462,1462,201
2025-09-13 16:40:00,1459,1459,1458,1458,12
2025-09-13 16:50:00,1462,1462,1462,1462,2
2025-09-13 17:00:00,1462,1462,1462,1462,23
2025-09-13 17:10:00,1462,1462,1462,1462,126
2025-09-13 17:20:00,1466,1466,1466,1466,22
2025-09-13 17:30:00,1462,1462,1462,1462,4
2025-09-13 18:10:00,1463,1466,1463,1466,10
2025-09-13 18:30:00,1462,1462,1462,1462,4
2025-09-13 18:40:00,1462,1462,1462,1462,8
2025-09-13 18:50:00,1462,1462,1462,1462,4
2025-09-14 11:40:00,1456,1456,1453,1453,70
2025-09-14 12:20:00,1453,1453,1453,1453,15
2025-09-14 12:40:00,1461,1461,1461,1461,1
2025-09-14 13:20:00,1461,1461,1461,1461,1
2025-09-14 14:00:00,1461,1461,1461,1461,2
2025-09-14 14:10:00,1462,1462,1462,1462,1
2025-09-14 15:00:00,1464,1467,1464,1467,111
2025-09-14 15:10:00,1469,1469,1469,1469,11
2025-09-14 15:30:00,1467,1467,1467,1467,3
2025-09-14 16:30:00,1469,1469,1469,1469,1
2025-09-14 16:40:00,1468,1468,1468,1468,401
2025-09-14 17:00:00,1468,1468,1468,1468,3
2025-09-14 17:20:00,1469,1469,1469,1469,10
2025-09-14 17:30:00,1468,1468,1468,1468,94
2025-09-14 17:40:00,1468,1468,1468,1468,90
2025-09-14 17:50:00,1469,1469,1469,1469,30
2025-09-14 18:00:00,1469,1470,1469,1469,32
2025-09-14 18:10:00,1470,1470,1470,1470,18
2025-09-14 18:50:00,1467,1467,1462,1462,20
2025-09-15 09:00:00,1460,1462,1460,1462,122
2025-09-15 09:10:00,1458,1460,1457,1457,14
2025-09-15 09:20:00,1456,1456,1453,1453,20
2025-09-15 09:30:00,1455,1462,1453,1462,137
2025-09-15 09:40:00,1462,1462,1462,1462,20
2025-09-15 09:50:00,1459,1462,1459,1462,100
2025-09-15 10:00:00,1460,1461,1458,1458,115
2025-09-15 10:10:00,1462,1464,1460,1464,105
2025-09-15 10:30:00,1463,1465,1463,1465,50
2025-09-15 10:40:00,1462,1462,1461,1461,14
2025-09-15 10:50:00,1461,1461,1458,1458,150
2025-09-15 11:00:00,1459,1459,1446,1446,705
2025-09-15 11:10:00,1450,1453,1449,1451,785
2025-09-15 11:20:00,1453,1453,1448,1448,47
2025-09-15 11:30:00,1450,1450,1446,1446,656
2025-09-15 11:40:00,1445,1449,1445,1449,70
2025-09-15 11:50:00,1449,1452,1449,1452,141
2025-09-15 12:00:00,1450,1450,1448,1448,8
2025-09-15 12:10:00,1447,1447,1446,1447,537
2025-09-15 12:20:00,1450,1452,1449,1449,90
2025-09-15 12:30:00,1452,1452,1452,1452,120
2025-09-15 12:40:00,1454,1457,1452,1452,413
2025-09-15 13:10:00,1450,1450,1441,1444,426
2025-09-15 13:20:00,1443,1444,1427,1427,1173
2025-09-15 13:30:00,1427,1432,1423,1423,754
2025-09-15 13:40:00,1423,1428,1421,1428,167
2025-09-15 13:50:00,1426,1426,1419,1419,263
2025-09-15 14:00:00,1419,1419,1419,1419,122
2025-09-15 14:10:00,1423,1428,1419,1427,214
2025-09-15 14:20:00,1428,1429,1428,1429,75
2025-09-15 14:40:00,1426,1428,1422,1422,1778
2025-09-15 14:50:00,1422,1425,1422,1425,25
2025-09-15 15:20:00,1427,1432,1426,1431,372
2025-09-15 15:30:00,1431,1432,1427,1428,651
2025-09-15 15:40:00,1428,1428,1420,1423,486
2025-09-15 15:50:00,1419,1423,1419,1423,51
2025-09-15 16:00:00,1420,1420,1416,1416,770
2025-09-15 16:10:00,1417,1417,1417,1417,1
2025-09-15 16:20:00,1417,1419,1417,1419,268
2025-09-15 16:30:00,1418,1418,1418,1418,233
2025-09-15 16:50:00,1412,1412,1395,1405,1532
2025-09-15 17:00:00,1404,1407,1398,1403,1809
2025-09-15 17:10:00,1403,1413,1403,1407,2334
2025-09-15 17:20:00,1408,1410,1406,1410,592
2025-09-15 17:30:00,1413,1417,1413,1417,261
2025-09-15 17:40:00,1418,1419,1413,1413,685
2025-09-15 17:50:00,1418,1418,1406,1406,1176
2025-09-15 18:00:00,1415,1415,1415,1415,400
2025-09-15 18:10:00,1415,1418,1413,1413,3366
2025-09-15 18:20:00,1414,1418,1414,1418,353
2025-09-15 18:30:00,1418,1418,1411,1411,529
2025-09-15 18:40:00,1418,1487,1406,1413,324
2025-09-15 19:10:00,1413,1413,1410,1411,147
2025-09-15 19:20:00,1411,1418,1411,1411,21
2025-09-15 19:30:00,1415,1415,1415,1415,1
2025-09-15 19:40:00,1417,1418,1417,1417,8
2025-09-15 19:50:00,1418,1418,1418,1418,55
2025-09-15 20:00:00,1417,1417,1417,1417,1
2025-09-15 20:10:00,1418,1418,1418,1418,1
2025-09-15 20:30:00,1418,1418,1417,1417,39
2025-09-15 20:40:00,1417,1418,1417,1418,17
2025-09-15 21:00:00,1418,1418,1412,1412,1000
2025-09-15 21:10:00,1415,1415,1415,1415,25
2025-09-15 21:30:00,1416,1422,1416,1422,594
2025-09-15 21:40:00,1419,1419,1412,1412,2
2025-09-15 22:00:00,1409,1409,1409,1409,31
2025-09-15 22:10:00,1409,1416,1406,1416,445
2025-09-15 22:20:00,1414,1415,1414,1415,70
2025-09-15 22:30:00,1416,1416,1416,1416,44
2025-09-15 22:50:00,1422,1423,1422,1423,19
2025-09-15 23:30:00,1423,1423,1423,1423,1
2025-09-15 23:40:00,1424,1424,1424,1424,5
2025-09-16 09:00:00,1428,1430,1427,1427,539
2025-09-16 09:10:00,1427,1428,1427,1428,873
2025-09-16 09:20:00,1429,1434,1429,1434,716
2025-09-16 09:30:00,1430,1433,1429,1433,164
2025-09-16 09:40:00,1429,1429,1422,1422,116
2025-09-16 10:00:00,1426,1427,1415,1421,1560
2025-09-16 10:10:00,1420,1420,1411,1411,575
2025-09-16 10:20:00,1418,1421,1418,1421,156
2025-09-16 10:30:00,1416,1421,1415,1420,983
2025-09-16 10:40:00,1421,1421,1421,1421,17
2025-09-16 10:50:00,1419,1419,1408,1410,149
2025-09-16 11:00:00,1411,1413,1409,1409,682
2025-09-16 11:10:00,1409,1413,1408,1408,186
2025-09-16 11:20:00,1407,1407,1403,1407,386
2025-09-16 11:30:00,1403,1404,1400,1400,637
2025-09-16 11:40:00,1402,1402,1392,1398,1637
2025-09-16 11:50:00,1398,1402,1396,1402,8322
2025-09-16 12:00:00,1401,1401,1398,1400,2078
2025-09-16 12:10:00,1400,1400,1398,1399,4430
2025-09-16 12:20:00,1402,1406,1400,1401,1103
2025-09-16 12:30:00,1396,1396,1388,1390,2736
2025-09-16 12:40:00,1391,1392,1378,1386,3356
2025-09-16 12:50:00,1384,1411,1384,1397,2835
2025-09-16 13:00:00,1397,1397,1392,1396,1564
2025-09-16 13:10:00,1396,1399,1394,1394,217
2025-09-16 13:20:00,1399,1402,1399,1402,100
2025-09-16 13:30:00,1401,1401,1398,1398,66
2025-09-16 13:40:00,1399,1402,1398,1398,87
2025-09-16 14:00:00,1397,1397,1397,1397,17
2025-09-16 14:10:00,1397,1397,1393,1393,103
2025-09-16 14:20:00,1396,1396,1396,1396,1
2025-09-16 14:30:00,1399,1402,1399,1402,340
2025-09-16 14:40:00,1400,1403,1398,1398,213
2025-09-16 15:00:00,1400,1400,1400,1400,59
2025-09-16 15:10:00,1400,1400,1400,1400,101
2025-09-16 15:20:00,1400,1401,1398,1398,181
2025-09-16 15:30:00,1398,1399,1394,1394,106
2025-09-16 15:40:00,1396,1396,1394,1394,195
2025-09-16 15:50:00,1395,1395,1382,1382,6320
2025-09-16 16:00:00,1385,1386,1383,1383,73
2025-09-16 16:10:00,1383,1383,1379,1382,1207
2025-09-16 16:20:00,1382,1382,1381,1381,583
2025-09-16 16:30:00,1382,1385,1382,1385,645
2025-09-16 16:40:00,1386,1387,1382,1382,30
2025-09-16 16:50:00,1385,1394,1385,1394,581
2025-09-16 17:00:00,1395,1400,1386,1400,959
2025-09-16 17:10:00,1400,1405,1400,1405,435
2025-09-16 17:20:00,1406,1408,1402,1405,953
2025-09-16 17:30:00,1405,1407,1405,1405,824
2025-09-16 17:40:00,1402,1402,1401,1401,120
2025-09-16 17:50:00,1403,1406,1403,1406,105
2025-09-16 18:00:00,1401,1401,1396,1396,199
2025-09-16 18:30:00,1402,1402,1402,1402,1
2025-09-16 19:10:00,1403,1404,1403,1404,129
2025-09-16 19:20:00,1404,1406,1403,1406,472
2025-09-16 19:30:00,1407,1407,1407,1407,11
2025-09-16 19:40:00,1407,1407,1404,1404,16
2025-09-16 19:50:00,1405,1405,1405,1405,27
2025-09-16 20:00:00,1405,1407,1405,1407,6
2025-09-16 20:10:00,1406,1406,1406,1406,112
2025-09-16 20:40:00,1405,1405,1393,1393,515
2025-09-16 20:50:00,1397,1397,1397,1397,11
2025-09-16 21:10:00,1397,1397,1396,1396,40
2025-09-16 21:20:00,1394,1397,1393,1396,115
2025-09-16 21:30:00,1393,1397,1391,1396,484
2025-09-16 21:40:00,1397,1398,1397,1398,167
2025-09-16 21:50:00,1398,1400,1397,1399,183
2025-09-16 22:00:00,1398,1398,1398,1398,5
2025-09-16 22:20:00,1398,1398,1398,1398,2
2025-09-16 22:50:00,1401,1401,1401,1401,90
2025-09-16 23:00:00,1401,1401,1401,1401,32
2025-09-16 23:30:00,1403,1404,1403,1404,101
2025-09-16 23:40:00,1404,1404,1404,1404,24
2025-09-17 09:00:00,1405,1405,1395,1401,362
2025-09-17 09:10:00,1402,1402,1402,1402,110
2025-09-17 09:20:00,1398,1398,1390,1393,559
2025-09-17 09:30:00,1392,1392,1391,1391,53
2025-09-17 09:40:00,1393,1394,1392,1392,458
2025-09-17 09:50:00,1389,1390,1389,1390,81
2025-09-17 10:00:00,1389,1395,1389,1395,76
2025-09-17 10:10:00,1398,1398,1395,1397,1015
2025-09-17 10:20:00,1393,1396,1393,1396,5
2025-09-17 10:30:00,1394,1395,1391,1391,69
2025-09-17 10:40:00,1394,1395,1394,1395,22
2025-09-17 10:50:00,1395,1395,1395,1395,7
2025-09-17 11:00:00,1395,1395,1392,1392,296
2025-09-17 11:10:00,1392,1392,1391,1391,227
2025-09-17 11:20:00,1391,1396,1390,1390,527
2025-09-17 11:30:00,1394,1394,1388,1388,380
2025-09-17 11:40:00,1388,1388,1386,1386,141
2025-09-17 12:00:00,1387,1387,1387,1387,36
2025-09-17 12:10:00,1390,1390,1387,1390,158
2025-09-17 12:20:00,1390,1390,1387,1390,219
2025-09-17 12:30:00,1389,1394,1388,1391,1313
2025-09-17 12:40:00,1391,1392,1391,1392,215
2025-09-17 12:50:00,1389,1389,1389,1389,253
2025-09-17 13:00:00,1387,1387,1385,1385,318
2025-09-17 13:10:00,1387,1391,1385,1387,1059
2025-09-17 13:20:00,1388,1391,1385,1391,150
2025-09-17 13:30:00,1389,1389,1389,1389,116
2025-09-17 13:40:00,1389,1396,1388,1396,824
2025-09-17 13:50:00,1393,1393,1393,1393,1
2025-09-17 14:00:00,1396,1396,1394,1394,80
2025-09-17 14:10:00,1394,1394,1393,1393,449
2025-09-17 14:20:00,1396,1396,1389,1389,147
2025-09-17 14:30:00,1389,1389,1385,1385,182
2025-09-17 14:50:00,1386,1389,1386,1389,50
2025-09-17 15:00:00,1389,1390,1388,1388,120
2025-09-17 15:20:00,1389,1389,1386,1386,666
2025-09-17 15:30:00,1385,1385,1379,1379,5955
2025-09-17 15:40:00,1382,1383,1382,1383,81
2025-09-17 15:50:00,1381,1381,1378,1378,250
2025-09-17 16:00:00,1382,1382,1375,1378,342
2025-09-17 16:10:00,1377,1377,1373,1373,150
2025-09-17 16:20:00,1374,1374,1366,1370,914
2025-09-17 16:30:00,1370,1374,1366,1374,2536
2025-09-17 16:40:00,1374,1374,1367,1367,140
2025-09-17 16:50:00,1367,1374,1367,1374,71
2025-09-17 17:00:00,1373,1377,1373,1377,276
2025-09-17 17:10:00,1378,1382,1372,1372,202
2025-09-17 17:20:00,1378,1382,1378,1382,376
2025-09-17 17:30:00,1382,1383,1376,1380,375
2025-09-17 17:40:00,1387,1387,1386,1387,111
2025-09-17 17:50:00,1385,1385,1385,1385,10
2025-09-17 18:00:00,1385,1388,1385,1385,319
2025-09-17 18:10:00,1380,1383,1380,1383,298
2025-09-17 18:20:00,1385,1385,1377,1382,787
2025-09-17 18:30:00,1382,1383,1382,1383,152
2025-09-17 18:40:00,1379,1388,1375,1388,44
2025-09-17 19:00:00,1380,1388,1380,1387,149
2025-09-17 19:10:00,1384,1384,1383,1383,18
2025-09-17 19:20:00,1385,1389,1385,1389,687
2025-09-17 19:30:00,1388,1388,1388,1388,33
2025-09-17 19:40:00,1388,1389,1387,1389,93
2025-09-17 19:50:00,1388,1388,1384,1384,216
2025-09-17 20:00:00,1388,1388,1388,1388,47
2025-09-17 20:10:00,1383,1383,1381,1381,39
2025-09-17 20:20:00,1384,1384,1384,1384,49
2025-09-17 20:30:00,1384,1384,1382,1382,222
2025-09-17 20:40:00,1382,1382,1382,1382,7
2025-09-17 20:50:00,1381,1384,1381,1384,70
2025-09-17 21:00:00,1381,1381,1381,1381,29
2025-09-17 21:10:00,1382,1382,1381,1381,83
2025-09-17 21:20:00,1381,1382,1381,1382,26
2025-09-17 21:30:00,1386,1386,1386,1386,1
2025-09-17 21:40:00,1386,1387,1384,1384,53
2025-09-17 21:50:00,1384,1385,1383,1383,65
2025-09-17 22:00:00,1384,1386,1384,1386,404
2025-09-17 22:10:00,1385,1386,1385,1386,752
2025-09-17 22:20:00,1386,1387,1386,1387,51
2025-09-17 22:30:00,1387,1387,1387,1387,7
2025-09-17 22:40:00,1386,1386,1383,1385,199
2025-09-17 22:50:00,1386,1386,1386,1386,20
2025-09-17 23:00:00,1386,1386,1385,1385,9
2025-09-17 23:20:00,1385,1385,1384,1384,109
2025-09-17 23:30:00,1385,1385,1385,1385,1
2025-09-17 23:40:00,1386,1388,1382,1382,1460
2025-09-18 09:00:00,1387,1387,1382,1382,257
2025-09-18 09:10:00,1381,1384,1381,1384,67
2025-09-18 09:20:00,1381,1381,1380,1380,10
2025-09-18 09:30:00,1381,1385,1379,1382,672
2025-09-18 09:40:00,1380,1380,1380,1380,40
2025-09-18 09:50:00,1382,1382,1379,1379,57
2025-09-18 10:00:00,1378,1379,1372,1372,1717
2025-09-18 10:10:00,1376,1378,1376,1378,100
2025-09-18 10:20:00,1378,1378,1378,1378,2
2025-09-18 10:30:00,1380,1381,1376,1377,973
2025-09-18 10:40:00,1379,1381,1376,1376,778
2025-09-18 10:50:00,1376,1379,1376,1376,129
2025-09-18 11:00:00,1376,1376,1376,1376,546
2025-09-18 11:10:00,1377,1377,1365,1365,1943
2025-09-18 11:20:00,1367,1370,1367,1370,98
2025-09-18 11:30:00,1370,1372,1370,1370,170
2025-09-18 11:40:00,1369,1372,1369,1369,45
2025-09-18 11:50:00,1369,1372,1368,1372,194
2025-09-18 12:00:00,1370,1374,1369,1374,435
2025-09-18 12:10:00,1370,1374,1368,1368,593
2025-09-18 12:20:00,1368,1368,1362,1368,1749
2025-09-18 12:30:00,1368,1368,1363,1363,301
2025-09-18 12:40:00,1362,1363,1360,1360,368
2025-09-18 12:50:00,1361,1363,1359,1363,107
2025-09-18 13:00:00,1360,1364,1359,1362,165
2025-09-18 13:10:00,1362,1363,1357,1357,116
2025-09-18 13:20:00,1361,1363,1358,1362,127
2025-09-18 13:30:00,1363,1363,1360,1360,202
2025-09-18 13:40:00,1360,1361,1359,1360,82
2025-09-18 13:50:00,1360,1360,1358,1358,30
2025-09-18 14:00:00,1361,1361,1361,1361,51
2025-09-18 14:10:00,1360,1362,1360,1362,250
2025-09-18 14:20:00,1362,1362,1361,1362,389
2025-09-18 14:30:00,1362,1367,1362,1366,1974
2025-09-18 14:40:00,1366,1368,1365,1366,383
2025-09-18 14:50:00,1363,1363,1361,1361,64
2025-09-18 15:00:00,1361,1361,1354,1358,766
2025-09-18 15:10:00,1357,1365,1357,1362,314
2025-09-18 15:20:00,1362,1364,1362,1364,156
2025-09-18 15:30:00,1363,1363,1361,1361,141
2025-09-18 15:40:00,1363,1363,1362,1363,1061
2025-09-18 15:50:00,1363,1363,1358,1358,291
2025-09-18 16:00:00,1364,1366,1364,1366,43
2025-09-18 16:10:00,1363,1363,1362,1362,2
2025-09-18 16:20:00,1362,1362,1360,1361,285
2025-09-18 16:30:00,1362,1362,1359,1360,222
2025-09-18 16:40:00,1360,1363,1360,1362,278
2025-09-18 16:50:00,1361,1362,1359,1362,118
2025-09-18 17:00:00,1361,1362,1359,1362,509
2025-09-18 17:10:00,1363,1365,1363,1364,29
2025-09-18 17:20:00,1363,1363,1360,1360,70
2025-09-18 17:30:00,1360,1360,1358,1360,8
2025-09-18 17:40:00,1359,1363,1358,1362,568
2025-09-18 17:50:00,1361,1365,1361,1362,519
2025-09-18 18:00:00,1363,1365,1362,1362,27
2025-09-18 18:10:00,1360,1362,1360,1362,53
2025-09-18 18:20:00,1361,1365,1360,1362,135
2025-09-18 18:30:00,1364,1366,1363,1363,756
2025-09-18 18:40:00,1365,1377,1362,1372,1094
2025-09-18 19:00:00,1366,1370,1364,1365,389
2025-09-18 19:10:00,1364,1368,1364,1367,108
2025-09-18 19:20:00,1367,1367,1367,1367,100
2025-09-18 19:30:00,1366,1366,1363,1363,121
2025-09-18 19:40:00,1365,1365,1363,1363,17
2025-09-18 19:50:00,1362,1362,1362,1362,2
2025-09-18 20:00:00,1361,1362,1355,1361,1091
2025-09-18 20:10:00,1360,1361,1357,1357,23
2025-09-18 20:20:00,1361,1362,1361,1362,5
2025-09-18 20:30:00,1359,1361,1358,1361,14
2025-09-18 20:40:00,1358,1361,1357,1358,529
2025-09-18 20:50:00,1357,1357,1350,1353,641
2025-09-18 21:00:00,1350,1354,1349,1354,161
2025-09-18 21:10:00,1351,1353,1348,1349,458
2025-09-18 21:20:00,1349,1355,1349,1355,53
2025-09-18 21:30:00,1354,1361,1347,1355,1053
2025-09-18 21:40:00,1352,1353,1352,1352,37
2025-09-18 21:50:00,1352,1352,1350,1350,40
2025-09-18 22:00:00,1353,1354,1353,1354,21
2025-09-18 22:10:00,1352,1352,1350,1350,150
2025-09-18 22:40:00,1353,1353,1353,1353,3
2025-09-18 22:50:00,1354,1354,1352,1352,24
2025-09-18 23:00:00,1353,1353,1353,1353,2
2025-09-18 23:20:00,1353,1353,1353,1353,1
2025-09-18 23:30:00,1354,1356,1351,1354,582
2025-09-19 09:00:00,1351,1354,1347,1349,420
2025-09-19 09:10:00,1349,1353,1349,1353,128
2025-09-19 09:20:00,1353,1353,1346,1351,280
2025-09-19 09:30:00,1350,1350,1347,1350,9
2025-09-19 09:40:00,1350,1356,1350,1356,1003
2025-09-19 09:50:00,1356,1360,1356,1359,3677
2025-09-19 10:00:00,1356,1369,1356,1368,1740
2025-09-19 10:10:00,1369,1373,1367,1367,1720
2025-09-19 10:20:00,1367,1374,1367,1371,1349
2025-09-19 10:30:00,1368,1371,1368,1368,505
2025-09-19 10:40:00,1367,1369,1367,1369,718
2025-09-19 10:50:00,1367,1369,1365,1369,93
2025-09-19 11:00:00,1367,1367,1365,1367,171
2025-09-19 11:10:00,1367,1367,1361,1361,263
2025-09-19 11:20:00,1362,1364,1360,1361,734
2025-09-19 11:30:00,1363,1363,1357,1359,177
2025-09-19 11:40:00,1360,1363,1360,1361,2251
2025-09-19 11:50:00,1362,1362,1358,1358,438
2025-09-19 12:00:00,1360,1360,1358,1360,343
2025-09-19 12:10:00,1359,1360,1355,1360,151
2025-09-19 12:20:00,1359,1359,1357,1357,20
2025-09-19 12:30:00,1359,1360,1358,1360,166
2025-09-19 12:50:00,1359,1360,1359,1360,110
2025-09-19 13:00:00,1360,1365,1360,1362,370
2025-09-19 13:10:00,1360,1360,1360,1360,92
2025-09-19 13:20:00,1359,1361,1359,1361,588
2025-09-19 13:30:00,1359,1359,1355,1357,145
2025-09-19 13:40:00,1355,1357,1350,1357,2019
2025-09-19 13:50:00,1356,1358,1356,1356,1101
2025-09-19 14:00:00,1356,1356,1354,1354,343
2025-09-19 14:10:00,1353,1356,1349,1353,842
2025-09-19 14:20:00,1352,1353,1351,1351,413
2025-09-19 14:30:00,1351,1352,1348,1348,372
2025-09-19 14:40:00,1349,1349,1348,1349,114
2025-09-19 14:50:00,1352,1362,1352,1362,1576
2025-09-19 15:00:00,1362,1362,1358,1359,1225
2025-09-19 15:10:00,1358,1358,1357,1357,243
2025-09-19 15:20:00,1359,1360,1356,1356,785
2025-09-19 15:30:00,1359,1359,1359,1359,5
2025-09-19 15:40:00,1360,1360,1359,1360,15
2025-09-19 15:50:00,1360,1362,1357,1358,674
2025-09-19 16:00:00,1356,1356,1355,1355,637
2025-09-19 16:10:00,1354,1358,1350,1356,1641
2025-09-19 16:20:00,1358,1360,1356,1356,451
2025-09-19 16:30:00,1357,1358,1355,1355,250
2025-09-19 16:40:00,1355,1357,1352,1353,3224
2025-09-19 16:50:00,1354,1354,1348,1350,531
2025-09-19 17:00:00,1351,1358,1351,1355,535
2025-09-19 17:10:00,1353,1353,1351,1351,140
2025-09-19 17:20:00,1351,1352,1350,1350,228
2025-09-19 17:30:00,1352,1352,1349,1349,123
2025-09-19 17:40:00,1348,1348,1343,1345,458
2025-09-19 17:50:00,1345,1345,1339,1342,957
2025-09-19 18:00:00,1341,1346,1341,1346,200
2025-09-19 18:10:00,1346,1346,1333,1334,1542
2025-09-19 18:20:00,1333,1336,1332,1334,687
2025-09-19 18:30:00,1334,1334,1331,1332,722
2025-09-19 18:40:00,1337,1341,1337,1341,18
2025-09-19 19:00:00,1340,1340,1331,1331,517
2025-09-19 19:10:00,1333,1334,1333,1334,27
2025-09-19 19:20:00,1336,1338,1321,1327,1331
2025-09-19 19:30:00,1321,1329,1313,1321,1675
2025-09-19 19:40:00,1322,1324,1317,1320,4357
2025-09-19 19:50:00,1319,1322,1319,1321,350
2025-09-19 20:00:00,1321,1325,1320,1325,315
2025-09-19 20:10:00,1326,1326,1326,1326,26
2025-09-19 20:20:00,1323,1323,1320,1320,208
2025-09-19 20:30:00,1322,1322,1321,1322,75
2025-09-19 20:40:00,1322,1325,1322,1325,68
2025-09-19 20:50:00,1326,1326,1324,1324,88
2025-09-19 21:00:00,1323,1323,1319,1322,300
2025-09-19 21:10:00,1322,1326,1320,1323,293
2025-09-19 21:20:00,1324,1324,1320,1320,358
2025-09-19 21:30:00,1324,1324,1324,1324,10
2025-09-19 21:40:00,1322,1323,1317,1323,877
2025-09-19 21:50:00,1323,1325,1323,1324,69
2025-09-19 22:00:00,1324,1324,1324,1324,1
2025-09-19 22:10:00,1323,1325,1322,1325,199
2025-09-19 22:30:00,1326,1326,1323,1323,81
2025-09-19 22:40:00,1322,1324,1320,1320,201
2025-09-19 22:50:00,1320,1320,1315,1318,9
2025-09-19 23:00:00,1319,1320,1318,1320,110
2025-09-19 23:10:00,1318,1318,1313,1313,173
2025-09-19 23:20:00,1313,1315,1308,1308,663
2025-09-19 23:30:00,1307,1308,1303,1308,324
2025-09-19 23:40:00,1308,1313,1305,1313,147
2025-09-22 08:50:00,1326,1326,1326,1326,4
2025-09-22 09:00:00,1327,1327,1318,1322,1901
2025-09-22 09:10:00,1324,1324,1322,1323,105
2025-09-22 09:20:00,1323,1325,1322,1322,669
2025-09-22 09:30:00,1323,1324,1322,1324,254
2025-09-22 09:40:00,1324,1324,1323,1324,35
2025-09-22 09:50:00,1323,1323,1312,1312,1141
2025-09-22 10:00:00,1317,1321,1314,1320,267
2025-09-22 10:10:00,1322,1322,1317,1317,255
2025-09-22 10:20:00,1317,1318,1312,1317,341
2025-09-22 10:40:00,1313,1314,1311,1314,164
2025-09-22 10:50:00,1315,1316,1315,1315,843
2025-09-22 11:00:00,1312,1312,1310,1312,733
2025-09-22 11:10:00,1314,1314,1314,1314,106
2025-09-22 11:20:00,1313,1314,1312,1314,488
2025-09-22 11:30:00,1312,1312,1306,1309,938
2025-09-22 11:40:00,1310,1311,1305,1308,449
2025-09-22 11:50:00,1306,1310,1305,1310,137
2025-09-22 12:00:00,1308,1308,1305,1305,224
2025-09-22 12:10:00,1309,1311,1309,1311,31
2025-09-22 12:20:00,1311,1313,1311,1313,245
2025-09-22 12:30:00,1314,1325,1314,1323,3713
2025-09-22 12:40:00,1325,1325,1316,1316,1579
2025-09-22 12:50:00,1314,1314,1301,1305,4543
2025-09-22 13:00:00,1304,1313,1304,1312,1132
2025-09-22 13:10:00,1312,1315,1312,1314,225
2025-09-22 13:20:00,1314,1317,1305,1305,1021
2025-09-22 13:30:00,1303,1305,1300,1305,1221
2025-09-22 13:40:00,1305,1311,1305,1311,735
2025-09-22 13:50:00,1311,1313,1295,1304,3054
2025-09-22 14:00:00,1303,1303,1303,1303,118
2025-09-22 14:10:00,1303,1304,1301,1304,139
2025-09-22 14:20:00,1305,1313,1302,1313,1159
2025-09-22 14:30:00,1312,1312,1299,1299,1194
2025-09-22 14:40:00,1299,1307,1295,1297,957
2025-09-22 14:50:00,1297,1324,1297,1315,8102
2025-09-22 15:00:00,1317,1322,1317,1318,1436
2025-09-22 15:10:00,1318,1318,1315,1317,952
2025-09-22 15:20:00,1318,1320,1313,1313,1671
2025-09-22 15:30:00,1318,1321,1318,1319,633
2025-09-22 15:40:00,1317,1317,1309,1314,1078
2025-09-22 15:50:00,1315,1317,1311,1315,1017
2025-09-22 16:00:00,1313,1313,1311,1312,96
2025-09-22 16:10:00,1314,1314,1314,1314,19
2025-09-22 16:20:00,1314,1317,1314,1317,1028
2025-09-22 16:30:00,1315,1316,1311,1311,514
2025-09-22 16:40:00,1310,1310,1307,1308,274
2025-09-22 16:50:00,1309,1312,1309,1310,94
2025-09-22 17:00:00,1311,1313,1311,1313,160
2025-09-22 17:10:00,1314,1317,1311,1311,685
2025-09-22 17:20:00,1312,1322,1312,1322,825
2025-09-22 17:30:00,1323,1324,1321,1323,907
2025-09-22 17:40:00,1323,1330,1323,1329,1044
2025-09-22 17:50:00,1329,1333,1327,1332,1686
2025-09-22 18:00:00,1329,1337,1329,1337,729
2025-09-22 18:10:00,1334,1340,1331,1340,1156
2025-09-22 18:20:00,1338,1339,1336,1336,251
2025-09-22 18:30:00,1332,1340,1330,1340,380
2025-09-22 18:40:00,1340,1341,1336,1341,111
2025-09-22 19:00:00,1339,1341,1337,1341,188
2025-09-22 19:10:00,1340,1341,1340,1340,48
2025-09-22 19:20:00,1341,1341,1336,1336,410
2025-09-22 19:30:00,1336,1340,1336,1340,114
2025-09-22 19:40:00,1340,1340,1335,1340,83
2025-09-22 19:50:00,1339,1339,1336,1339,142
2025-09-22 20:00:00,1339,1341,1339,1341,160
2025-09-22 20:10:00,1341,1347,1336,1336,2261
2025-09-22 20:20:00,1336,1336,1333,1334,1513
2025-09-22 20:30:00,1335,1335,1335,1335,11
2025-09-22 20:40:00,1337,1342,1336,1342,487
2025-09-22 20:50:00,1342,1345,1342,1343,1212
2025-09-22 21:00:00,1343,1349,1343,1347,1538
2025-09-22 21:10:00,1345,1349,1345,1349,482
2025-09-22 21:20:00,1350,1353,1349,1349,547
2025-09-22 21:30:00,1349,1352,1349,1350,323
2025-09-22 21:40:00,1351,1351,1350,1350,741
2025-09-22 21:50:00,1352,1357,1352,1357,998
2025-09-22 22:00:00,1355,1363,1355,1355,1219
2025-09-22 22:10:00,1357,1357,1352,1352,212
2025-09-22 22:20:00,1352,1352,1349,1349,237
2025-09-22 22:30:00,1350,1350,1350,1350,1
2025-09-22 22:40:00,1349,1352,1349,1352,18
2025-09-22 22:50:00,1351,1353,1351,1353,120
2025-09-22 23:00:00,1352,1353,1351,1351,214
2025-09-22 23:10:00,1351,1354,1351,1354,256
2025-09-22 23:20:00,1354,1354,1354,1354,33
2025-09-22 23:30:00,1351,1354,1351,1351,161
2025-09-22 23:40:00,1354,1354,1352,1352,8
2025-09-23 09:00:00,1350,1351,1342,1343,1705
2025-09-23 09:10:00,1345,1346,1343,1346,393
2025-09-23 09:20:00,1343,1346,1343,1346,310
2025-09-23 09:30:00,1347,1351,1347,1351,144
2025-09-23 09:40:00,1351,1357,1351,1353,1578
2025-09-23 09:50:00,1353,1353,1350,1350,541
2025-09-23 10:00:00,1351,1352,1345,1348,1012
2025-09-23 10:10:00,1348,1351,1345,1345,973
2025-09-23 10:20:00,1345,1349,1345,1347,197
2025-09-23 10:30:00,1345,1348,1344,1348,84
2025-09-23 10:40:00,1346,1346,1333,1333,2508
2025-09-23 10:50:00,1337,1337,1334,1337,326
2025-09-23 11:00:00,1337,1338,1329,1330,1421
2025-09-23 11:10:00,1331,1332,1325,1327,1311
2025-09-23 11:20:00,1326,1327,1324,1327,257
2025-09-23 11:30:00,1328,1334,1326,1333,955
2025-09-23 11:40:00,1335,1340,1335,1340,454
2025-09-23 11:50:00,1340,1343,1340,1340,874
2025-09-23 12:00:00,1340,1346,1340,1346,1814
2025-09-23 12:10:00,1345,1346,1343,1344,147
2025-09-23 12:20:00,1342,1348,1340,1348,312
2025-09-23 12:30:00,1347,1348,1344,1345,177
2025-09-23 12:40:00,1344,1346,1344,1346,261
2025-09-23 12:50:00,1347,1349,1345,1349,287
2025-09-23 13:00:00,1350,1350,1348,1348,92
2025-09-23 13:10:00,1348,1348,1346,1346,137
2025-09-23 13:20:00,1346,1346,1340,1340,1096
2025-09-23 13:30:00,1340,1341,1340,1340,181
2025-09-23 13:40:00,1341,1342,1338,1338,67
2025-09-23 13:50:00,1336,1337,1334,1335,145
2025-09-23 14:00:00,1335,1335,1333,1335,94
2025-09-23 14:10:00,1340,1342,1340,1341,192
2025-09-23 14:20:00,1344,1344,1340,1344,164
2025-09-23 14:30:00,1344,1345,1338,1338,132
2025-09-23 14:40:00,1339,1339,1339,1339,6
2025-09-23 14:50:00,1338,1339,1336,1338,236
2025-09-23 15:00:00,1339,1346,1339,1344,1698
2025-09-23 15:10:00,1344,1346,1342,1342,579
2025-09-23 15:20:00,1342,1342,1340,1342,315
2025-09-23 15:30:00,1341,1343,1333,1336,1115
2025-09-23 15:40:00,1336,1336,1336,1336,32
2025-09-23 15:50:00,1336,1339,1336,1339,237
2025-09-23 16:00:00,1339,1340,1339,1340,43
2025-09-23 16:20:00,1341,1351,1341,1350,1274
2025-09-23 16:30:00,1350,1350,1347,1347,343
2025-09-23 16:40:00,1347,1349,1347,1349,264
2025-09-23 16:50:00,1348,1350,1348,1350,256
2025-09-23 17:00:00,1351,1354,1349,1351,957
2025-09-23 17:10:00,1353,1357,1351,1351,994
2025-09-23 17:20:00,1353,1353,1349,1349,720
2025-09-23 17:30:00,1349,1349,1343,1348,2911
2025-09-23 17:40:00,1343,1346,1343,1346,177
2025-09-23 17:50:00,1345,1347,1344,1345,794
2025-09-23 18:00:00,1349,1351,1348,1351,306
2025-09-23 18:10:00,1350,1350,1348,1348,113
2025-09-23 18:20:00,1348,1348,1348,1348,284
2025-09-23 18:30:00,1348,1348,1345,1345,228
2025-09-23 18:40:00,1346,1346,1339,1339,121
2025-09-23 19:00:00,1343,1344,1343,1344,79
2025-09-23 19:10:00,1340,1342,1339,1339,387
2025-09-23 19:20:00,1338,1338,1331,1331,1102
2025-09-23 19:30:00,1334,1338,1333,1338,475
2025-09-23 19:40:00,1335,1335,1327,1328,685
2025-09-23 19:50:00,1333,1334,1333,1334,21
2025-09-23 20:00:00,1332,1332,1328,1329,43
2025-09-23 20:10:00,1328,1333,1328,1332,150
2025-09-23 20:20:00,1329,1333,1328,1333,445
2025-09-23 20:30:00,1331,1331,1328,1330,654
2025-09-23 20:40:00,1330,1330,1327,1327,312
2025-09-23 20:50:00,1330,1331,1328,1330,210
2025-09-23 21:00:00,1327,1327,1325,1325,466
2025-09-23 21:10:00,1325,1327,1325,1325,337
2025-09-23 21:20:00,1324,1324,1323,1323,83
2025-09-23 21:40:00,1329,1329,1328,1328,42
2025-09-23 21:50:00,1328,1328,1323,1323,2224
2025-09-23 22:00:00,1322,1322,1303,1310,5945
2025-09-23 22:10:00,1309,1312,1302,1311,2225
2025-09-23 22:20:00,1312,1314,1305,1313,449
2025-09-23 22:30:00,1313,1319,1307,1309,1480
2025-09-23 22:40:00,1310,1313,1304,1308,1857
2025-09-23 22:50:00,1310,1312,1302,1306,288
2025-09-23 23:00:00,1301,1303,1295,1303,327
2025-09-23 23:10:00,1304,1305,1302,1302,617
2025-09-23 23:20:00,1302,1310,1300,1307,1179
2025-09-23 23:30:00,1312,1312,1311,1312,50
2025-09-23 23:40:00,1311,1312,1304,1304,382
2025-09-24 08:50:00,1303,1303,1303,1303,2
2025-09-24 09:00:00,1314,1314,1301,1301,1992
2025-09-24 09:10:00,1302,1303,1291,1293,1887
2025-09-24 09:20:00,1293,1295,1286,1289,1996
2025-09-24 09:30:00,1289,1297,1289,1296,1814
2025-09-24 09:40:00,1296,1299,1294,1295,2375
2025-09-24 09:50:00,1297,1307,1297,1303,1392
2025-09-24 10:00:00,1301,1303,1294,1298,727
2025-09-24 10:10:00,1296,1306,1295,1306,1783
2025-09-24 10:20:00,1306,1315,1306,1315,2441
2025-09-24 10:30:00,1316,1318,1312,1317,3211
2025-09-24 10:40:00,1317,1321,1317,1318,715
2025-09-24 10:50:00,1318,1318,1313,1316,8440
2025-09-24 11:00:00,1318,1325,1318,1322,1099
2025-09-24 11:10:00,1326,1328,1324,1327,3805
2025-09-24 11:20:00,1330,1330,1326,1330,787
2025-09-24 11:30:00,1330,1336,1330,1335,1888
2025-09-24 11:40:00,1336,1336,1329,1329,638
2025-09-24 11:50:00,1329,1340,1327,1337,6205
2025-09-24 12:00:00,1337,1339,1332,1335,1425
2025-09-24 12:10:00,1335,1337,1331,1336,646
2025-09-24 12:20:00,1336,1339,1330,1330,2974
2025-09-24 12:30:00,1330,1332,1328,1330,931
2025-09-24 12:40:00,1332,1334,1330,1333,836
2025-09-24 12:50:00,1332,1332,1323,1328,1301
2025-09-24 13:00:00,1329,1331,1323,1323,1179
2025-09-24 13:10:00,1324,1325,1321,1322,655
2025-09-24 13:20:00,1323,1328,1323,1325,1018
2025-09-24 13:30:00,1325,1325,1322,1325,463
2025-09-24 13:40:00,1326,1330,1325,1329,339
2025-09-24 13:50:00,1328,1331,1326,1327,740
2025-09-24 14:00:00,1324,1324,1317,1321,2203
2025-09-24 14:10:00,1322,1324,1319,1323,1336
2025-09-24 14:20:00,1324,1324,1319,1321,932
2025-09-24 14:30:00,1323,1329,1323,1328,614
2025-09-24 14:40:00,1328,1332,1328,1332,480
2025-09-24 14:50:00,1331,1337,1331,1335,2207
2025-09-24 15:00:00,1335,1337,1332,1337,462
2025-09-24 15:10:00,1335,1337,1333,1334,1160
2025-09-24 15:20:00,1334,1335,1327,1329,1601
2025-09-24 15:30:00,1328,1337,1328,1335,2456
2025-09-24 15:40:00,1332,1332,1330,1330,274
2025-09-24 15:50:00,1330,1330,1329,1329,120
2025-09-24 16:00:00,1328,1335,1321,1331,2857
2025-09-24 16:10:00,1333,1335,1331,1332,632
2025-09-24 16:30:00,1331,1331,1329,1329,313
2025-09-24 16:40:00,1329,1329,1326,1326,174
2025-09-24 16:50:00,1327,1331,1327,1329,394
2025-09-24 17:00:00,1330,1330,1327,1327,151
2025-09-24 17:10:00,1328,1330,1328,1328,209
2025-09-24 17:20:00,1326,1326,1318,1318,5855
2025-09-24 17:30:00,1320,1321,1318,1318,505
2025-09-24 17:40:00,1319,1320,1319,1320,29
2025-09-24 17:50:00,1319,1324,1319,1323,448
2025-09-24 18:00:00,1323,1323,1323,1323,150
2025-09-24 18:10:00,1322,1322,1318,1318,296
2025-09-24 18:20:00,1318,1322,1318,1322,52
2025-09-24 18:30:00,1319,1319,1317,1318,336
2025-09-24 18:40:00,1314,1315,1312,1312,288
2025-09-24 19:00:00,1318,1318,1318,1318,48
2025-09-24 19:10:00,1317,1318,1314,1314,249
2025-09-24 19:20:00,1314,1318,1313,1318,1089
2025-09-24 19:30:00,1319,1322,1319,1322,347
2025-09-24 19:40:00,1319,1319,1319,1319,1
2025-09-24 19:50:00,1321,1326,1321,1323,233
2025-09-24 20:00:00,1327,1334,1327,1331,2375
2025-09-24 20:10:00,1331,1332,1327,1332,78
2025-09-24 20:20:00,1330,1330,1325,1327,212
2025-09-24 20:30:00,1328,1328,1328,1328,2
2025-09-24 20:40:00,1327,1327,1326,1326,356
2025-09-24 20:50:00,1326,1326,1324,1324,154
2025-09-24 21:00:00,1326,1326,1326,1326,5
2025-09-24 21:10:00,1326,1326,1324,1326,248
2025-09-24 21:20:00,1324,1324,1323,1323,57
2025-09-24 21:30:00,1326,1326,1326,1326,5
2025-09-24 21:40:00,1326,1326,1326,1326,1
2025-09-24 21:50:00,1324,1324,1321,1321,162
2025-09-24 22:00:00,1321,1323,1321,1323,32
2025-09-24 22:20:00,1323,1323,1323,1323,10
2025-09-24 22:30:00,1325,1327,1325,1327,50
2025-09-24 22:40:00,1326,1328,1326,1328,100
2025-09-24 22:50:00,1328,1328,1328,1328,21
2025-09-24 23:10:00,1328,1328,1328,1328,118
2025-09-24 23:20:00,1327,1327,1323,1327,385
2025-09-24 23:40:00,1327,1327,1327,1327,4
2025-09-25 08:50:00,1331,1331,1331,1331,41
2025-09-25 09:00:00,1330,1330,1327,1327,147
2025-09-25 09:10:00,1327,1327,1327,1327,4
2025-09-25 09:20:00,1327,1332,1327,1331,44
2025-09-25 09:30:00,1331,1332,1331,1332,151
2025-09-25 09:40:00,1332,1332,1332,1332,2
2025-09-25 09:50:00,1331,1333,1331,1333,410
2025-09-25 10:00:00,1333,1336,1333,1336,352
2025-09-25 10:10:00,1335,1335,1331,1335,358
2025-09-25 10:20:00,1333,1333,1331,1331,123
2025-09-25 10:30:00,1331,1331,1326,1326,205
2025-09-25 10:40:00,1326,1330,1326,1330,125
2025-09-25 10:50:00,1328,1328,1323,1323,251
2025-09-25 11:00:00,1323,1323,1320,1320,214
2025-09-25 11:10:00,1320,1322,1318,1322,523
2025-09-25 11:20:00,1322,1326,1322,1326,1115
2025-09-25 11:30:00,1328,1332,1327,1331,167
2025-09-25 11:40:00,1329,1331,1325,1325,1334
2025-09-25 11:50:00,1327,1328,1327,1328,239
2025-09-25 12:00:00,1328,1328,1328,1328,5
2025-09-25 12:10:00,1326,1329,1326,1329,45
2025-09-25 12:20:00,1328,1332,1327,1332,212
2025-09-25 12:30:00,1331,1331,1327,1330,184
2025-09-25 12:40:00,1330,1331,1330,1331,75
2025-09-25 12:50:00,1332,1333,1330,1330,163
2025-09-25 13:00:00,1326,1331,1326,1328,1034
2025-09-25 13:20:00,1327,1327,1324,1324,294
2025-09-25 13:30:00,1326,1328,1324,1324,252
2025-09-25 13:40:00,1325,1325,1322,1322,335
2025-09-25 13:50:00,1324,1324,1322,1323,225
2025-09-25 14:00:00,1322,1322,1321,1321,85
2025-09-25 14:10:00,1322,1328,1321,1328,729
2025-09-25 14:20:00,1326,1327,1326,1327,185
2025-09-25 14:30:00,1325,1329,1325,1326,1338
2025-09-25 14:40:00,1328,1328,1327,1327,65
2025-09-25 14:50:00,1329,1329,1327,1328,545
2025-09-25 15:00:00,1328,1329,1328,1329,112
2025-09-25 15:10:00,1330,1330,1325,1325,211
2025-09-25 15:20:00,1325,1327,1325,1327,46
2025-09-25 15:30:00,1328,1328,1321,1322,1636
2025-09-25 15:40:00,1325,1325,1322,1322,41
2025-09-25 15:50:00,1321,1321,1319,1320,110
2025-09-25 16:00:00,1320,1320,1318,1320,106
2025-09-25 16:10:00,1320,1323,1320,1321,218
2025-09-25 16:20:00,1319,1319,1319,1319,15
2025-09-25 16:30:00,1322,1323,1319,1321,206
2025-09-25 16:40:00,1318,1319,1318,1319,131
2025-09-25 16:50:00,1319,1319,1317,1317,93
2025-09-25 17:00:00,1317,1321,1317,1318,44
2025-09-25 17:10:00,1318,1318,1317,1317,28
2025-09-25 17:20:00,1320,1320,1317,1320,531
2025-09-25 17:30:00,1317,1321,1317,1321,111
2025-09-25 17:40:00,1320,1320,1319,1320,85
2025-09-25 17:50:00,1321,1321,1319,1319,33
2025-09-25 18:00:00,1316,1316,1313,1315,583
2025-09-25 18:10:00,1314,1314,1308,1308,427
2025-09-25 18:20:00,1309,1310,1304,1304,2317
2025-09-25 18:30:00,1303,1306,1301,1306,2359
2025-09-25 18:40:00,1306,1306,1298,1298,41
2025-09-25 19:00:00,1306,1306,1301,1301,22
2025-09-25 19:10:00,1302,1307,1302,1307,486
2025-09-25 19:20:00,1304,1304,1301,1303,1051
2025-09-25 19:30:00,1303,1306,1303,1303,169
2025-09-25 19:40:00,1303,1303,1298,1298,345
2025-09-25 19:50:00,1299,1306,1299,1306,66
2025-09-25 20:00:00,1307,1309,1303,1309,300
2025-09-25 20:20:00,1308,1309,1308,1309,591
2025-09-25 20:30:00,1308,1309,1308,1308,768
2025-09-25 20:40:00,1308,1309,1308,1309,544
2025-09-25 20:50:00,1309,1309,1308,1308,13
2025-09-25 21:00:00,1308,1309,1308,1309,322
2025-09-25 21:10:00,1309,1309,1309,1309,1
2025-09-25 21:20:00,1309,1309,1309,1309,150
2025-09-25 21:30:00,1308,1308,1308,1308,357
2025-09-25 21:40:00,1308,1308,1308,1308,36
2025-09-25 21:50:00,1309,1309,1309,1309,93
2025-09-25 22:00:00,1309,1312,1308,1308,343
2025-09-25 22:20:00,1308,1311,1308,1311,92
2025-09-25 22:30:00,1312,1312,1310,1310,12
2025-09-25 22:40:00,1308,1309,1308,1309,36
2025-09-25 22:50:00,1311,1311,1311,1311,3
2025-09-25 23:00:00,1308,1311,1308,1311,276
2025-09-25 23:10:00,1311,1311,1311,1311,1
2025-09-25 23:20:00,1310,1310,1310,1310,1
2025-09-25 23:30:00,1311,1311,1311,1311,3
2025-09-25 23:40:00,1312,1312,1312,1312,338
2025-09-26 09:00:00,1306,1308,1306,1307,353
2025-09-26 09:10:00,1308,1312,1308,1310,660
2025-09-26 09:20:00,1307,1307,1305,1305,427
2025-09-26 09:30:00,1307,1307,1307,1307,1
2025-09-26 09:40:00,1307,1308,1307,1307,183
2025-09-26 09:50:00,1306,1309,1302,1304,278
2025-09-26 10:00:00,1303,1303,1301,1301,86
2025-09-26 10:10:00,1301,1301,1291,1292,1364
2025-09-26 10:20:00,1291,1297,1291,1297,379
2025-09-26 10:30:00,1297,1298,1295,1295,53
2025-09-26 10:40:00,1294,1294,1290,1291,291
2025-09-26 10:50:00,1293,1293,1289,1289,306
2025-09-26 11:00:00,1290,1292,1288,1289,1369
2025-09-26 11:10:00,1289,1290,1285,1290,1652
2025-09-26 11:20:00,1289,1289,1287,1287,711
2025-09-26 11:30:00,1287,1290,1286,1286,529
2025-09-26 11:40:00,1288,1293,1288,1291,2364
2025-09-26 11:50:00,1291,1291,1286,1286,2562
2025-09-26 12:00:00,1287,1287,1286,1287,2822
2025-09-26 12:10:00,1287,1288,1286,1287,10389
2025-09-26 12:20:00,1289,1292,1288,1292,784
2025-09-26 12:30:00,1291,1293,1289,1293,263
2025-09-26 12:40:00,1293,1302,1293,1302,1150
2025-09-26 12:50:00,1301,1305,1301,1305,1670
2025-09-26 13:00:00,1305,1305,1302,1305,650
2025-09-26 13:10:00,1305,1306,1302,1302,1178
2025-09-26 13:20:00,1302,1307,1302,1304,1352
2025-09-26 13:30:00,1304,1304,1302,1302,85
2025-09-26 13:40:00,1302,1302,1301,1301,129
2025-09-26 13:50:00,1302,1304,1300,1304,179
2025-09-26 14:10:00,1302,1302,1294,1294,64
2025-09-26 14:20:00,1299,1299,1297,1298,23
2025-09-26 14:30:00,1297,1299,1295,1299,188
2025-09-26 14:40:00,1295,1298,1294,1296,391
2025-09-26 14:50:00,1298,1300,1298,1300,74
2025-09-26 15:00:00,1300,1300,1299,1300,207
2025-09-26 15:10:00,1299,1299,1298,1298,27
2025-09-26 15:20:00,1298,1298,1293,1294,1016
2025-09-26 15:30:00,1295,1297,1294,1294,192
2025-09-26 15:40:00,1294,1296,1293,1296,271
2025-09-26 15:50:00,1297,1301,1297,1299,131
2025-09-26 16:00:00,1300,1302,1300,1301,213
2025-09-26 16:10:00,1301,1301,1299,1301,118
2025-09-26 16:20:00,1299,1299,1296,1296,57
2025-09-26 16:30:00,1300,1300,1300,1300,1
2025-09-26 16:40:00,1297,1297,1297,1297,30
2025-09-26 16:50:00,1298,1298,1295,1295,39
2025-09-26 17:00:00,1295,1295,1295,1295,20
2025-09-26 17:10:00,1295,1297,1292,1297,81
2025-09-26 17:20:00,1297,1299,1295,1298,166
2025-09-26 17:30:00,1298,1302,1298,1302,364
2025-09-26 17:50:00,1302,1311,1302,1311,320
2025-09-26 18:00:00,1311,1312,1305,1305,312
2025-09-26 18:10:00,1305,1307,1304,1307,724
2025-09-26 18:20:00,1307,1308,1306,1307,199
2025-09-26 18:30:00,1308,1312,1308,1309,148
2025-09-26 18:40:00,1312,1313,1302,1303,551
2025-09-26 19:00:00,1310,1313,1310,1313,220
2025-09-26 19:10:00,1312,1312,1311,1311,13
2025-09-26 19:20:00,1312,1314,1312,1312,123
2025-09-26 19:30:00,1311,1312,1311,1312,47
2025-09-26 19:40:00,1310,1310,1308,1308,130
2025-09-26 19:50:00,1310,1312,1309,1312,239
2025-09-26 20:00:00,1309,1312,1308,1312,119
2025-09-26 20:10:00,1312,1312,1312,1312,40
2025-09-26 20:20:00,1309,1309,1309,1309,267
2025-09-26 20:30:00,1309,1309,1305,1309,865
2025-09-26 20:40:00,1309,1309,1309,1309,193
2025-09-26 20:50:00,1309,1309,1307,1307,102
2025-09-26 21:00:00,1306,1306,1306,1306,8
2025-09-26 21:20:00,1310,1314,1310,1314,104
2025-09-26 21:30:00,1313,1313,1313,1313,50
2025-09-26 21:40:00,1311,1311,1307,1307,141
2025-09-26 21:50:00,1304,1304,1301,1303,1161
2025-09-26 22:00:00,1304,1304,1304,1304,8
2025-09-26 22:10:00,1304,1304,1302,1302,104
2025-09-26 22:30:00,1305,1305,1302,1305,50
2025-09-26 22:40:00,1302,1305,1302,1305,25
2025-09-26 22:50:00,1303,1308,1303,1308,1075
2025-09-26 23:10:00,1305,1305,1303,1303,22
2025-09-26 23:30:00,1303,1305,1303,1305,16
2025-09-27 10:00:00,1305,1305,1305,1305,8
2025-09-27 10:10:00,1303,1307,1303,1307,61
2025-09-27 11:10:00,1307,1307,1306,1306,25
2025-09-27 11:20:00,1306,1306,1306,1306,55
2025-09-27 12:50:00,1306,1306,1306,1306,200
2025-09-27 13:00:00,1307,1307,1307,1307,26
2025-09-27 13:20:00,1307,1307,1307,1307,3
2025-09-27 13:50:00,1307,1307,1307,1307,12
2025-09-27 14:50:00,1307,1307,1306,1306,56
2025-09-27 15:00:00,1307,1307,1307,1307,1
2025-09-27 15:10:00,1306,1306,1306,1306,10
2025-09-27 15:20:00,1307,1310,1307,1310,652
2025-09-27 15:50:00,1306,1306,1306,1306,120
2025-09-27 16:00:00,1306,1306,1306,1306,131
2025-09-27 16:10:00,1306,1306,1303,1303,377
2025-09-27 16:20:00,1308,1309,1307,1307,101
2025-09-27 16:40:00,1307,1307,1307,1307,2
2025-09-27 18:10:00,1307,1307,1307,1307,1
2025-09-28 10:50:00,1304,1304,1304,1304,6
2025-09-28 11:40:00,1306,1306,1306,1306,5
2025-09-28 12:00:00,1305,1305,1300,1305,343
2025-09-28 12:40:00,1301,1301,1301,1301,1
2025-09-28 13:20:00,1305,1305,1305,1305,8
2025-09-28 13:30:00,1305,1305,1305,1305,2
2025-09-28 15:20:00,1308,1308,1308,1308,1
2025-09-28 15:40:00,1306,1306,1306,1306,1
2025-09-28 16:30:00,1308,1308,1308,1308,1
2025-09-28 16:50:00,1306,1308,1306,1308,2
2025-09-28 17:20:00,1306,1306,1305,1305,5
2025-09-28 17:40:00,1305,1305,1305,1305,2
2025-09-28 18:30:00,1305,1306,1305,1306,19
2025-09-28 18:50:00,1306,1307,1306,1307,110
2025-09-29 08:50:00,1310,1310,1308,1308,3
2025-09-29 09:00:00,1310,1310,1292,1293,452
2025-09-29 09:10:00,1296,1298,1295,1297,193
2025-09-29 09:20:00,1298,1298,1297,1298,258
2025-09-29 09:30:00,1298,1298,1297,1297,393
2025-09-29 09:40:00,1297,1297,1296,1296,2
2025-09-29 09:50:00,1295,1295,1295,1295,83
2025-09-29 10:00:00,1296,1302,1295,1300,176
2025-09-29 10:10:00,1301,1303,1301,1303,53
2025-09-29 10:20:00,1301,1301,1292,1295,755
2025-09-29 10:30:00,1298,1304,1298,1303,316
2025-09-29 10:40:00,1304,1307,1304,1307,429
2025-09-29 10:50:00,1308,1310,1306,1309,1293
2025-09-29 11:00:00,1310,1316,1310,1313,650
2025-09-29 11:10:00,1315,1319,1313,1314,1313
2025-09-29 11:20:00,1315,1318,1312,1312,1180
2025-09-29 11:30:00,1313,1313,1310,1312,153
2025-09-29 11:40:00,1313,1313,1309,1309,422
2025-09-29 11:50:00,1309,1309,1301,1301,242
2025-09-29 12:00:00,1303,1305,1302,1304,1228
2025-09-29 12:10:00,1305,1307,1303,1304,1368
2025-09-29 12:20:00,1302,1303,1301,1302,1194
2025-09-29 12:30:00,1303,1303,1299,1299,437
2025-09-29 12:40:00,1299,1300,1294,1296,474
2025-09-29 12:50:00,1293,1298,1293,1297,497
2025-09-29 13:00:00,1297,1301,1297,1299,68
2025-09-29 13:10:00,1299,1301,1299,1301,56
2025-09-29 13:20:00,1301,1302,1301,1301,13
2025-09-29 13:30:00,1300,1300,1298,1299,157
2025-09-29 13:40:00,1299,1301,1299,1301,587
2025-09-29 13:50:00,1303,1303,1303,1303,1
2025-09-29 14:00:00,1303,1303,1300,1300,86
2025-09-29 14:10:00,1303,1304,1301,1302,662
2025-09-29 14:20:00,1301,1303,1301,1303,46
2025-09-29 14:30:00,1302,1302,1298,1298,466
2025-09-29 14:40:00,1301,1301,1301,1301,17
2025-09-29 15:00:00,1300,1300,1297,1297,379
2025-09-29 15:10:00,1300,1300,1300,1300,25
2025-09-29 15:20:00,1299,1301,1299,1301,13
2025-09-29 15:30:00,1300,1300,1300,1300,1
2025-09-29 15:40:00,1301,1301,1298,1298,154
2025-09-29 15:50:00,1299,1299,1298,1298,70
2025-09-29 16:00:00,1298,1299,1296,1299,197
2025-09-29 16:10:00,1297,1298,1290,1291,2216
2025-09-29 16:20:00,1291,1294,1291,1292,970
2025-09-29 16:30:00,1292,1292,1291,1292,152
2025-09-29 16:40:00,1292,1292,1285,1285,1660
2025-09-29 16:50:00,1288,1295,1288,1292,2659
2025-09-29 17:00:00,1291,1291,1286,1286,567
2025-09-29 17:10:00,1287,1291,1287,1288,1391
2025-09-29 17:20:00,1287,1288,1286,1288,89
2025-09-29 17:30:00,1288,1288,1287,1287,23
2025-09-29 17:40:00,1288,1288,1278,1279,717
2025-09-29 17:50:00,1280,1284,1280,1282,1062
2025-09-29 18:00:00,1280,1280,1270,1271,2230
2025-09-29 18:10:00,1272,1276,1270,1270,196
2025-09-29 18:20:00,1270,1273,1258,1273,7701
2025-09-29 18:30:00,1273,1274,1269,1269,422
2025-09-29 18:40:00,1268,1274,1260,1274,742
2025-09-29 19:00:00,1273,1274,1273,1273,279
2025-09-29 19:10:00,1271,1271,1264,1271,1138
2025-09-29 19:20:00,1272,1275,1270,1275,111
2025-09-29 19:30:00,1275,1275,1274,1274,11
2025-09-29 19:40:00,1275,1280,1275,1276,455
2025-09-29 19:50:00,1279,1279,1271,1271,1167
2025-09-29 20:00:00,1270,1271,1270,1270,141
2025-09-29 20:10:00,1269,1274,1269,1273,333
2025-09-29 20:20:00,1275,1277,1275,1277,50
2025-09-29 20:30:00,1274,1274,1272,1272,165
2025-09-29 20:40:00,1273,1274,1273,1274,75
2025-09-29 20:50:00,1273,1273,1272,1272,920
2025-09-29 21:10:00,1272,1272,1271,1271,283
2025-09-29 21:20:00,1269,1272,1269,1271,1343
2025-09-29 21:30:00,1271,1271,1271,1271,1
2025-09-29 21:50:00,1270,1271,1270,1271,2
2025-09-29 22:10:00,1272,1273,1272,1273,41
2025-09-29 22:20:00,1271,1274,1271,1274,6
2025-09-29 22:30:00,1270,1273,1270,1273,2
2025-09-29 22:40:00,1274,1274,1273,1273,6
2025-09-29 23:00:00,1273,1273,1270,1270,9
2025-09-29 23:10:00,1272,1272,1272,1272,1
2025-09-29 23:30:00,1274,1274,1274,1274,21
2025-09-29 23:40:00,1274,1275,1273,1275,361
2025-09-30 09:00:00,1275,1281,1275,1277,702
2025-09-30 09:10:00,1275,1276,1269,1272,3326
2025-09-30 09:20:00,1273,1277,1273,1277,599
2025-09-30 09:30:00,1276,1277,1276,1277,221
2025-09-30 09:40:00,1276,1276,1276,1276,45
2025-09-30 09:50:00,1276,1276,1276,1276,26
2025-09-30 10:00:00,1275,1275,1263,1263,3750
2025-09-30 10:10:00,1263,1263,1257,1261,2224
2025-09-30 10:20:00,1260,1260,1253,1253,2022
2025-09-30 10:30:00,1254,1256,1247,1253,3481
2025-09-30 10:40:00,1253,1256,1250,1255,1547
2025-09-30 10:50:00,1253,1261,1251,1259,1941
2025-09-30 11:00:00,1257,1258,1257,1258,126
2025-09-30 11:10:00,1258,1260,1255,1257,332
2025-09-30 11:20:00,1255,1258,1254,1257,189
2025-09-30 11:30:00,1256,1256,1251,1254,249
2025-09-30 11:40:00,1251,1253,1251,1252,325
2025-09-30 11:50:00,1250,1252,1249,1250,689
2025-09-30 12:00:00,1249,1251,1248,1248,98
2025-09-30 12:10:00,1249,1255,1249,1253,364
2025-09-30 12:20:00,1252,1253,1244,1245,1322
2025-09-30 12:30:00,1243,1247,1237,1241,3748
2025-09-30 12:40:00,1241,1248,1239,1245,4700
2025-09-30 12:50:00,1246,1247,1243,1245,1434
2025-09-30 13:00:00,1246,1249,1244,1244,1167
2025-09-30 13:10:00,1245,1252,1245,1251,297
2025-09-30 13:20:00,1251,1252,1250,1250,350
2025-09-30 13:30:00,1248,1248,1246,1246,508
2025-09-30 13:40:00,1248,1251,1247,1249,920
2025-09-30 13:50:00,1251,1258,1249,1256,2136
2025-09-30 14:00:00,1257,1258,1256,1257,293
2025-09-30 14:10:00,1257,1258,1255,1255,333
2025-09-30 14:20:00,1255,1260,1254,1260,215
2025-09-30 14:30:00,1261,1264,1261,1264,4458
2025-09-30 14:40:00,1263,1270,1263,1267,12375
2025-09-30 14:50:00,1267,1267,1258,1259,738
2025-09-30 15:00:00,1257,1257,1252,1252,404
2025-09-30 15:10:00,1250,1257,1250,1256,987
2025-09-30 15:20:00,1258,1261,1257,1258,191
2025-09-30 15:30:00,1260,1260,1257,1257,139
2025-09-30 15:40:00,1259,1260,1258,1258,229
2025-09-30 15:50:00,1258,1259,1257,1259,79
2025-09-30 16:00:00,1260,1261,1260,1261,158
2025-09-30 16:10:00,1260,1260,1257,1259,1542
2025-09-30 16:30:00,1259,1264,1259,1264,173
2025-09-30 16:40:00,1263,1263,1263,1263,107
2025-09-30 16:50:00,1264,1266,1263,1266,350
2025-09-30 17:00:00,1266,1270,1266,1266,659
2025-09-30 17:10:00,1266,1267,1264,1267,180
2025-09-30 17:20:00,1266,1266,1260,1261,61
2025-09-30 17:30:00,1263,1263,1263,1263,50
2025-09-30 17:40:00,1262,1262,1259,1260,323
2025-09-30 17:50:00,1264,1265,1261,1264,665
2025-09-30 18:00:00,1265,1272,1264,1272,532
2025-09-30 18:10:00,1273,1274,1270,1272,324
2025-09-30 18:20:00,1272,1273,1271,1272,826
2025-09-30 18:30:00,1272,1273,1272,1273,866
2025-09-30 18:40:00,1274,1274,1274,1274,49
2025-09-30 19:00:00,1273,1273,1272,1273,541
2025-09-30 19:10:00,1272,1273,1272,1273,279
2025-09-30 19:20:00,1270,1270,1268,1268,120
2025-09-30 19:30:00,1265,1265,1264,1264,53
2025-09-30 19:40:00,1265,1265,1265,1265,2
2025-09-30 19:50:00,1265,1265,1262,1262,762
2025-09-30 20:10:00,1260,1262,1260,1262,4
2025-09-30 20:20:00,1263,1263,1262,1262,24
2025-09-30 20:30:00,1261,1266,1261,1266,95
2025-09-30 21:00:00,1263,1263,1263,1263,3
2025-09-30 21:10:00,1267,1267,1267,1267,5
2025-09-30 21:20:00,1268,1268,1268,1268,3
2025-09-30 21:30:00,1267,1267,1265,1265,54
2025-09-30 21:40:00,1265,1265,1258,1258,367
2025-09-30 22:00:00,1262,1267,1262,1264,51
2025-09-30 22:10:00,1265,1265,1260,1265,60
2025-09-30 22:20:00,1262,1262,1262,1262,1
2025-09-30 22:50:00,1263,1263,1263,1263,9
2025-09-30 23:00:00,1262,1267,1262,1267,435
2025-09-30 23:20:00,1267,1267,1266,1266,397
2025-09-30 23:30:00,1266,1266,1266,1266,4
2025-10-01 09:00:00,1270,1272,1270,1272,211
2025-10-01 09:10:00,1273,1273,1271,1272,305
2025-10-01 09:20:00,1273,1274,1273,1274,43
2025-10-01 09:30:00,1274,1274,1274,1274,5
2025-10-01 09:40:00,1273,1273,1269,1269,654
2025-10-01 09:50:00,1271,1275,1269,1275,1001
2025-10-01 10:00:00,1275,1275,1268,1268,2013
2025-10-01 10:10:00,1268,1269,1266,1267,599
2025-10-01 10:20:00,1266,1271,1266,1270,195
2025-10-01 10:30:00,1269,1272,1269,1269,118
2025-10-01 10:40:00,1272,1272,1268,1268,309
2025-10-01 10:50:00,1269,1269,1264,1266,915
2025-10-01 11:00:00,1266,1267,1265,1267,387
2025-10-01 11:10:00,1267,1272,1266,1272,516
2025-10-01 11:20:00,1270,1270,1270,1270,30
2025-10-01 11:30:00,1270,1270,1267,1269,1630
2025-10-01 11:40:00,1268,1268,1265,1265,328
2025-10-01 11:50:00,1265,1266,1263,1266,1159
2025-10-01 12:00:00,1266,1267,1264,1267,884
2025-10-01 12:10:00,1265,1266,1263,1266,421
2025-10-01 12:20:00,1266,1270,1265,1268,1063
2025-10-01 12:30:00,1268,1269,1265,1265,260
2025-10-01 12:50:00,1267,1267,1266,1266,136
2025-10-01 13:00:00,1267,1268,1261,1261,619
2025-10-01 13:10:00,1261,1261,1261,1261,675
2025-10-01 13:20:00,1262,1262,1247,1247,1188
2025-10-01 13:30:00,1249,1252,1243,1246,3328
2025-10-01 13:40:00,1246,1251,1246,1249,752
2025-10-01 13:50:00,1248,1248,1248,1248,54
2025-10-01 14:00:00,1249,1249,1248,1249,96
2025-10-01 14:10:00,1250,1252,1249,1249,97
2025-10-01 14:20:00,1249,1249,1247,1247,386
2025-10-01 14:30:00,1250,1250,1246,1247,359
2025-10-01 14:40:00,1245,1247,1242,1247,225
2025-10-01 14:50:00,1248,1249,1246,1249,156
2025-10-01 15:00:00,1247,1247,1242,1244,251
2025-10-01 15:10:00,1245,1246,1243,1244,296
2025-10-01 15:20:00,1243,1243,1240,1241,184
2025-10-01 15:30:00,1243,1244,1242,1244,270
2025-10-01 15:40:00,1242,1245,1242,1245,444
2025-10-01 15:50:00,1244,1245,1240,1240,295
2025-10-01 16:00:00,1239,1242,1239,1240,183
2025-10-01 16:10:00,1242,1246,1241,1246,742
2025-10-01 16:20:00,1244,1244,1242,1243,319
2025-10-01 16:30:00,1243,1244,1241,1242,134
2025-10-01 16:40:00,1241,1247,1241,1247,134
2025-10-01 16:50:00,1244,1244,1241,1244,163
2025-10-01 17:00:00,1244,1244,1238,1238,364
2025-10-01 17:10:00,1238,1238,1232,1238,5078
2025-10-01 17:20:00,1236,1236,1230,1232,1490
2025-10-01 17:30:00,1231,1232,1226,1228,1869
2025-10-01 17:40:00,1229,1234,1229,1231,4866
2025-10-01 17:50:00,1230,1234,1229,1234,1322
2025-10-01 18:00:00,1234,1240,1234,1237,951
2025-10-01 18:10:00,1237,1239,1233,1233,186
2025-10-01 18:20:00,1234,1240,1234,1239,358
2025-10-01 18:30:00,1237,1237,1236,1237,330
2025-10-01 18:40:00,1235,1246,1235,1246,284
2025-10-01 19:00:00,1237,1238,1237,1238,129
2025-10-01 19:10:00,1240,1240,1237,1239,31
2025-10-01 19:30:00,1238,1238,1236,1236,105
2025-10-01 19:50:00,1236,1239,1236,1239,120
2025-10-01 20:00:00,1236,1238,1235,1238,31
2025-10-01 20:10:00,1235,1238,1235,1238,147
2025-10-01 20:20:00,1235,1235,1233,1233,60
2025-10-01 20:30:00,1238,1238,1238,1238,5
2025-10-01 20:40:00,1239,1239,1239,1239,27
2025-10-01 20:50:00,1239,1239,1239,1239,25
2025-10-01 21:00:00,1236,1236,1233,1233,53
2025-10-01 21:10:00,1233,1233,1230,1231,219
2025-10-01 21:20:00,1231,1234,1231,1234,32
2025-10-01 21:30:00,1234,1235,1233,1233,113
2025-10-01 21:40:00,1234,1235,1234,1235,18
2025-10-01 21:50:00,1232,1232,1231,1231,13
2025-10-01 22:00:00,1232,1232,1232,1232,2
2025-10-01 22:10:00,1234,1235,1231,1231,139
2025-10-01 22:20:00,1232,1232,1232,1232,259
2025-10-01 22:30:00,1230,1233,1228,1233,1060
2025-10-01 22:40:00,1234,1235,1232,1235,98
2025-10-01 23:00:00,1236,1236,1236,1236,100
2025-10-01 23:10:00,1236,1236,1235,1236,230
2025-10-01 23:20:00,1234,1234,1234,1234,3
2025-10-01 23:40:00,1235,1235,1235,1235,20
2025-10-02 09:00:00,1224,1227,1199,1224,5191
2025-10-02 09:10:00,1224,1224,1218,1218,418
2025-10-02 09:20:00,1221,1221,1218,1219,340
2025-10-02 09:30:00,1220,1220,1218,1220,232
2025-10-02 09:40:00,1217,1218,1216,1216,58
2025-10-02 09:50:00,1216,1218,1215,1215,556
2025-10-02 10:00:00,1216,1222,1216,1222,367
2025-10-02 10:10:00,1216,1219,1212,1219,2131
2025-10-02 10:20:00,1220,1222,1217,1220,663
2025-10-02 10:30:00,1222,1236,1222,1236,3845
2025-10-02 10:40:00,1234,1234,1229,1233,337
2025-10-02 10:50:00,1234,1234,1233,1234,197
2025-10-02 11:00:00,1231,1237,1230,1235,1100
2025-10-02 11:10:00,1234,1236,1231,1231,847
2025-10-02 11:20:00,1231,1231,1226,1226,794
2025-10-02 11:30:00,1227,1227,1224,1225,867
2025-10-02 11:40:00,1225,1229,1223,1226,1367
2025-10-02 12:00:00,1226,1226,1221,1223,257
2025-10-02 12:10:00,1223,1223,1216,1217,1342
2025-10-02 12:20:00,1217,1221,1217,1221,357
2025-10-02 12:30:00,1221,1222,1220,1222,93
2025-10-02 12:40:00,1222,1229,1222,1229,157
2025-10-02 12:50:00,1230,1232,1229,1232,77
2025-10-02 13:00:00,1232,1243,1232,1238,1066
2025-10-02 13:10:00,1238,1240,1236,1240,1569
2025-10-02 13:20:00,1241,1243,1240,1240,864
2025-10-02 13:30:00,1240,1245,1238,1243,2820
2025-10-02 13:40:00,1243,1243,1237,1237,3439
2025-10-02 13:50:00,1237,1238,1237,1237,723
2025-10-02 14:00:00,1237,1239,1234,1235,1187
2025-10-02 14:10:00,1234,1240,1233,1240,462
2025-10-02 14:20:00,1240,1240,1223,1224,3899
2025-10-02 14:30:00,1225,1231,1225,1231,213
2025-10-02 14:40:00,1232,1235,1231,1235,129
2025-10-02 14:50:00,1235,1242,1235,1239,1054
2025-10-02 15:00:00,1239,1240,1239,1239,138
2025-10-02 15:10:00,1239,1239,1236,1238,794
2025-10-02 15:20:00,1240,1240,1238,1238,45
2025-10-02 15:30:00,1240,1245,1240,1244,490
2025-10-02 15:40:00,1244,1248,1244,1248,2859
2025-10-02 15:50:00,1248,1250,1244,1246,1857
2025-10-02 16:00:00,1246,1247,1244,1245,267
2025-10-02 16:10:00,1246,1248,1246,1247,166
2025-10-02 16:20:00,1247,1250,1246,1250,364
2025-10-02 16:30:00,1247,1250,1241,1247,508
2025-10-02 16:40:00,1247,1248,1245,1248,178
2025-10-02 16:50:00,1247,1248,1241,1241,890
2025-10-02 17:00:00,1243,1246,1240,1246,390
2025-10-02 17:10:00,1247,1250,1245,1250,738
2025-10-02 17:20:00,1251,1258,1249,1254,4620
2025-10-02 17:30:00,1255,1257,1254,1257,1340
2025-10-02 17:40:00,1257,1264,1256,1264,1819
2025-10-02 17:50:00,1264,1266,1259,1259,893
2025-10-02 18:00:00,1259,1260,1257,1259,545
2025-10-02 18:10:00,1256,1259,1249,1252,753
2025-10-02 18:20:00,1252,1257,1248,1249,583
2025-10-02 18:30:00,1250,1250,1243,1248,2884
2025-10-02 18:40:00,1248,1259,1248,1259,182
2025-10-02 19:00:00,1252,1252,1240,1245,1905
2025-10-02 19:10:00,1245,1246,1245,1246,858
2025-10-02 19:20:00,1247,1250,1245,1245,1351
2025-10-02 19:30:00,1246,1247,1246,1247,14
2025-10-02 19:40:00,1249,1251,1249,1251,3
2025-10-02 19:50:00,1248,1248,1248,1248,22
2025-10-02 20:00:00,1246,1246,1246,1246,2
2025-10-02 20:10:00,1245,1245,1244,1245,372
2025-10-02 20:20:00,1247,1247,1247,1247,6
2025-10-02 20:30:00,1247,1248,1247,1248,24
2025-10-02 20:40:00,1248,1248,1247,1247,2
2025-10-02 20:50:00,1247,1247,1247,1247,1
2025-10-02 21:00:00,1249,1251,1249,1251,75
2025-10-02 21:20:00,1244,1245,1240,1241,4805
2025-10-02 21:30:00,1243,1246,1241,1244,552
2025-10-02 21:40:00,1245,1246,1245,1245,175
2025-10-02 21:50:00,1242,1245,1242,1243,1048
2025-10-02 22:00:00,1243,1247,1242,1247,713
2025-10-02 22:10:00,1244,1244,1244,1244,50
2025-10-02 22:30:00,1243,1243,1242,1242,62
2025-10-02 22:40:00,1244,1251,1241,1251,1336
2025-10-02 22:50:00,1252,1254,1252,1253,92
2025-10-02 23:00:00,1254,1264,1254,1264,932
2025-10-02 23:10:00,1261,1262,1261,1261,24
2025-10-02 23:20:00,1261,1261,1257,1258,395
2025-10-02 23:30:00,1256,1258,1253,1258,78
2025-10-02 23:40:00,1257,1257,1257,1257,25
2025-10-03 09:00:00,1259,1260,1259,1259,39
2025-10-03 09:10:00,1261,1262,1260,1262,61
2025-10-03 09:20:00,1262,1262,1259,1259,63
2025-10-03 09:30:00,1259,1259,1257,1259,344
2025-10-03 09:40:00,1258,1261,1258,1258,656
2025-10-03 09:50:00,1258,1258,1258,1258,31
2025-10-03 10:00:00,1258,1268,1257,1268,6720
2025-10-03 10:10:00,1266,1272,1266,1267,3082
2025-10-03 10:20:00,1267,1267,1263,1263,231
2025-10-03 10:30:00,1263,1264,1262,1264,957
2025-10-03 10:40:00,1265,1271,1262,1270,7936
2025-10-03 10:50:00,1272,1274,1271,1274,372
2025-10-03 11:00:00,1274,1275,1272,1274,747
2025-10-03 11:10:00,1274,1276,1272,1275,1649
2025-10-03 11:20:00,1271,1273,1269,1271,844
2025-10-03 11:30:00,1271,1273,1271,1271,98
2025-10-03 11:40:00,1271,1271,1268,1270,109
2025-10-03 11:50:00,1270,1270,1266,1267,875
2025-10-03 12:00:00,1268,1269,1266,1266,35
2025-10-03 12:10:00,1267,1267,1252,1253,5953
2025-10-03 12:20:00,1252,1256,1252,1256,2222
2025-10-03 12:30:00,1253,1253,1244,1247,6228
2025-10-03 12:40:00,1248,1248,1243,1244,1953
2025-10-03 12:50:00,1243,1244,1239,1239,529
2025-10-03 13:00:00,1237,1246,1237,1246,2012
2025-10-03 13:10:00,1245,1250,1245,1249,1817
2025-10-03 13:20:00,1248,1248,1248,1248,57
2025-10-03 13:30:00,1252,1252,1245,1246,339
2025-10-03 13:40:00,1245,1246,1244,1245,755
2025-10-03 13:50:00,1244,1247,1243,1247,13
2025-10-03 14:00:00,1243,1243,1235,1235,867
2025-10-03 14:10:00,1235,1244,1235,1244,1261
2025-10-03 14:20:00,1243,1247,1243,1246,172
2025-10-03 14:30:00,1247,1248,1247,1248,174
2025-10-03 14:40:00,1247,1247,1244,1244,107
2025-10-03 14:50:00,1244,1244,1231,1232,596
2025-10-03 15:00:00,1230,1232,1228,1230,171
2025-10-03 15:10:00,1229,1231,1223,1223,379
2025-10-03 15:20:00,1226,1229,1224,1229,561
2025-10-03 15:30:00,1231,1232,1228,1230,430
2025-10-03 15:40:00,1230,1233,1230,1231,1687
2025-10-03 15:50:00,1231,1237,1230,1237,730
2025-10-03 16:00:00,1235,1235,1228,1228,452
2025-10-03 16:10:00,1228,1230,1224,1229,3189
2025-10-03 16:20:00,1226,1227,1223,1227,1372
2025-10-03 16:30:00,1226,1234,1223,1230,3035
2025-10-03 16:40:00,1230,1231,1224,1231,2860
2025-10-03 16:50:00,1228,1228,1226,1226,33
2025-10-03 17:00:00,1226,1226,1224,1225,113
2025-10-03 17:10:00,1223,1230,1223,1228,547
2025-10-03 17:20:00,1227,1229,1222,1223,458
2025-10-03 17:30:00,1222,1222,1214,1217,3748
2025-10-03 17:40:00,1219,1225,1219,1222,395
2025-10-03 17:50:00,1223,1225,1223,1225,396
2025-10-03 18:00:00,1225,1231,1225,1229,965
2025-10-03 18:10:00,1228,1230,1228,1229,313
2025-10-03 18:20:00,1227,1227,1227,1227,4
2025-10-03 18:30:00,1226,1226,1222,1225,256
2025-10-03 18:40:00,1225,1230,1225,1230,39
2025-10-03 19:00:00,1227,1227,1219,1223,427
2025-10-03 19:10:00,1223,1223,1214,1215,850
2025-10-03 19:20:00,1215,1215,1209,1214,1497
2025-10-03 19:30:00,1214,1214,1196,1203,3558
2025-10-03 19:40:00,1201,1211,1197,1211,2901
2025-10-03 19:50:00,1213,1216,1208,1212,2608
2025-10-03 20:00:00,1212,1214,1210,1214,94
2025-10-03 20:10:00,1214,1216,1214,1214,180
2025-10-03 20:20:00,1216,1216,1211,1215,375
2025-10-03 20:30:00,1216,1219,1214,1214,468
2025-10-03 20:40:00,1216,1216,1216,1216,2
2025-10-03 20:50:00,1217,1217,1213,1214,384
2025-10-03 21:00:00,1214,1214,1214,1214,23
2025-10-03 21:10:00,1215,1216,1214,1214,501
2025-10-03 21:20:00,1216,1217,1216,1216,120
2025-10-03 21:30:00,1216,1217,1215,1215,179
2025-10-03 21:40:00,1218,1219,1216,1218,222
2025-10-03 21:50:00,1218,1219,1218,1219,168
2025-10-03 22:00:00,1217,1219,1217,1218,25
2025-10-03 22:10:00,1218,1218,1213,1216,121
2025-10-03 22:20:00,1216,1216,1216,1216,1
2025-10-03 22:30:00,1214,1215,1213,1215,51
2025-10-03 22:40:00,1215,1215,1215,1215,41
2025-10-03 22:50:00,1217,1217,1216,1216,40
2025-10-03 23:10:00,1216,1217,1216,1217,50
2025-10-03 23:20:00,1215,1215,1214,1214,4
2025-10-03 23:30:00,1213,1213,1209,1209,349
2025-10-03 23:40:00,1210,1214,1210,1214,60
2025-10-04 10:00:00,1212,1212,1210,1210,263
2025-10-04 10:10:00,1210,1211,1206,1206,23
2025-10-04 10:20:00,1204,1204,1201,1201,269
2025-10-04 10:30:00,1204,1204,1201,1204,71
2025-10-04 10:40:00,1204,1204,1204,1204,5
2025-10-04 11:00:00,1204,1206,1202,1206,99
2025-10-04 11:20:00,1207,1208,1205,1205,131
2025-10-04 11:40:00,1205,1205,1205,1205,1
2025-10-04 11:50:00,1202,1202,1202,1202,60
2025-10-04 12:00:00,1202,1203,1202,1203,261
2025-10-04 12:10:00,1203,1205,1202,1202,285
2025-10-04 12:20:00,1202,1203,1202,1203,220
2025-10-04 12:30:00,1202,1202,1202,1202,91
2025-10-04 12:40:00,1202,1203,1202,1203,82
2025-10-04 12:50:00,1203,1203,1202,1202,24
2025-10-04 13:00:00,1202,1207,1199,1207,610
2025-10-04 13:20:00,1202,1202,1202,1202,6
2025-10-04 13:30:00,1202,1203,1197,1202,375
2025-10-04 13:40:00,1201,1202,1198,1202,30
2025-10-04 13:50:00,1201,1201,1201,1201,20
2025-10-04 14:00:00,1199,1200,1193,1200,615
2025-10-04 14:20:00,1198,1198,1197,1197,15
2025-10-04 14:30:00,1200,1201,1198,1198,14
2025-10-04 14:40:00,1197,1199,1196,1199,214
2025-10-04 14:50:00,1202,1205,1202,1204,101
2025-10-04 15:00:00,1204,1205,1200,1200,79
2025-10-04 15:10:00,1204,1204,1203,1204,63
2025-10-04 15:20:00,1205,1205,1205,1205,1
2025-10-04 15:40:00,1206,1206,1206,1206,6
2025-10-04 15:50:00,1207,1207,1207,1207,3
2025-10-04 16:00:00,1207,1207,1203,1203,85
2025-10-04 16:20:00,1204,1204,1204,1204,6
2025-10-04 16:30:00,1206,1206,1206,1206,5
2025-10-04 16:50:00,1204,1204,1202,1202,83
2025-10-04 17:00:00,1204,1204,1202,1202,177
2025-10-04 17:20:00,1206,1206,1206,1206,1
2025-10-04 17:30:00,1206,1206,1204,1204,4
2025-10-04 17:40:00,1205,1205,1203,1203,20
2025-10-04 17:50:00,1206,1206,1206,1206,1
2025-10-04 18:00:00,1206,1207,1206,1207,36
2025-10-04 18:10:00,1208,1210,1208,1210,103
2025-10-04 18:20:00,1210,1212,1209,1212,147
2025-10-04 18:40:00,1208,1210,1208,1210,2
2025-10-04 18:50:00,1206,1206,1201,1201,31
2025-10-05 10:10:00,1200,1201,1200,1201,101
2025-10-05 10:20:00,1205,1206,1201,1201,12
2025-10-05 10:30:00,1201,1201,1201,1201,10
2025-10-05 10:50:00,1205,1206,1205,1206,60
2025-10-05 11:00:00,1204,1204,1201,1201,110
2025-10-05 11:30:00,1206,1206,1206,1206,50
2025-10-05 12:10:00,1205,1206,1205,1206,38
2025-10-05 13:10:00,1208,1208,1206,1206,17
2025-10-05 13:40:00,1209,1215,1209,1214,210
2025-10-05 13:50:00,1212,1214,1212,1214,57
2025-10-05 14:00:00,1213,1213,1213,1213,1
2025-10-05 14:10:00,1213,1213,1213,1213,52
2025-10-05 14:20:00,1213,1218,1213,1218,96
2025-10-05 14:30:00,1216,1217,1216,1217,15
2025-10-05 14:50:00,1213,1215,1213,1214,169
2025-10-05 15:00:00,1215,1215,1213,1214,13
2025-10-05 15:10:00,1214,1214,1213,1213,41
2025-10-05 15:20:00,1213,1213,1213,1213,1
2025-10-05 16:00:00,1214,1215,1214,1215,30
2025-10-05 16:10:00,1215,1215,1215,1215,10
2025-10-05 16:20:00,1215,1215,1215,1215,49
2025-10-05 16:40:00,1214,1214,1214,1214,1
2025-10-05 16:50:00,1214,1214,1211,1211,99
2025-10-05 17:20:00,1214,1222,1211,1211,643
2025-10-05 17:30:00,1219,1219,1219,1219,42
2025-10-05 18:10:00,1217,1219,1217,1219,135
2025-10-05 18:20:00,1216,1216,1215,1215,155
2025-10-05 18:30:00,1220,1220,1215,1215,24
2025-10-05 18:40:00,1218,1220,1218,1220,80
2025-10-05 18:50:00,1220,1220,1220,1220,1
2025-10-06 09:00:00,1223,1227,1219,1219,322
2025-10-06 09:10:00,1221,1224,1219,1224,199
2025-10-06 09:20:00,1224,1224,1224,1224,41
2025-10-06 09:30:00,1224,1225,1223,1223,1281
2025-10-06 09:40:00,1222,1223,1222,1223,315
2025-10-06 09:50:00,1223,1224,1223,1224,74
2025-10-06 10:00:00,1223,1224,1220,1224,3057
2025-10-06 10:10:00,1224,1227,1223,1227,92
2025-10-06 10:20:00,1229,1232,1228,1230,346
2025-10-06 10:30:00,1230,1233,1228,1231,1115
2025-10-06 10:40:00,1229,1229,1229,1229,67
2025-10-06 10:50:00,1230,1238,1230,1235,1357
2025-10-06 11:00:00,1236,1237,1234,1234,354
2025-10-06 11:10:00,1232,1235,1230,1235,247
2025-10-06 11:20:00,1236,1239,1235,1236,192
2025-10-06 11:30:00,1236,1238,1230,1230,1197
2025-10-06 11:40:00,1231,1231,1230,1230,208
2025-10-06 11:50:00,1230,1232,1228,1230,139
2025-10-06 12:00:00,1231,1233,1231,1232,213
2025-10-06 12:10:00,1233,1233,1228,1228,381
2025-10-06 12:20:00,1229,1236,1228,1236,392
2025-10-06 12:30:00,1238,1238,1234,1237,756
2025-10-06 12:40:00,1237,1238,1236,1238,1569
2025-10-06 12:50:00,1238,1240,1236,1239,1567
2025-10-06 13:00:00,1240,1241,1238,1240,499
2025-10-06 13:10:00,1242,1243,1240,1243,1423
2025-10-06 13:20:00,1242,1242,1237,1238,56
2025-10-06 13:30:00,1238,1239,1238,1239,55
2025-10-06 13:40:00,1236,1236,1234,1236,679
2025-10-06 13:50:00,1236,1236,1234,1236,278
2025-10-06 14:00:00,1236,1236,1235,1235,181
2025-10-06 14:10:00,1236,1238,1233,1233,504
2025-10-06 14:20:00,1233,1233,1223,1226,1441
2025-10-06 14:30:00,1226,1229,1225,1226,459
2025-10-06 14:40:00,1227,1228,1226,1228,106
2025-10-06 14:50:00,1224,1224,1218,1218,226
2025-10-06 15:00:00,1217,1224,1215,1221,1163
2025-10-06 15:10:00,1220,1220,1211,1213,3491
2025-10-06 15:20:00,1217,1219,1213,1214,655
2025-10-06 15:30:00,1213,1216,1213,1216,537
2025-10-06 15:40:00,1216,1217,1213,1217,1321
2025-10-06 15:50:00,1218,1220,1218,1218,397
2025-10-06 16:00:00,1216,1225,1216,1225,1400
2025-10-06 16:10:00,1226,1231,1226,1230,419
2025-10-06 16:20:00,1230,1230,1227,1227,107
2025-10-06 16:30:00,1228,1232,1228,1232,391
2025-10-06 16:40:00,1233,1241,1233,1237,980
2025-10-06 16:50:00,1237,1241,1235,1240,319
2025-10-06 17:00:00,1242,1242,1233,1233,1143
2025-10-06 17:10:00,1233,1238,1233,1238,730
2025-10-06 17:20:00,1237,1242,1235,1241,2897
2025-10-06 17:30:00,1241,1243,1239,1241,832
2025-10-06 17:40:00,1240,1243,1238,1240,419
2025-10-06 17:50:00,1242,1242,1240,1240,108
2025-10-06 18:00:00,1240,1244,1240,1244,159
2025-10-06 18:10:00,1242,1244,1241,1242,189
2025-10-06 18:20:00,1243,1245,1242,1243,1306
2025-10-06 18:30:00,1243,1247,1242,1244,2867
2025-10-06 18:40:00,1244,1248,1244,1247,108
2025-10-06 19:00:00,1247,1247,1241,1241,113
2025-10-06 19:10:00,1243,1248,1243,1248,236
2025-10-06 19:20:00,1245,1246,1244,1246,51
2025-10-06 19:30:00,1244,1244,1244,1244,102
2025-10-06 19:40:00,1246,1246,1246,1246,6
2025-10-06 19:50:00,1246,1249,1246,1248,226
2025-10-06 20:00:00,1248,1250,1245,1245,151
2025-10-06 20:20:00,1248,1250,1248,1250,130
2025-10-06 20:30:00,1250,1251,1250,1251,81
2025-10-06 20:40:00,1251,1251,1245,1245,146
2025-10-06 20:50:00,1244,1244,1244,1244,3
2025-10-06 21:00:00,1244,1244,1244,1244,31
2025-10-06 21:10:00,1247,1247,1247,1247,11
2025-10-06 21:20:00,1247,1248,1243,1243,1008
2025-10-06 21:30:00,1244,1244,1243,1243,36
2025-10-06 21:40:00,1242,1244,1241,1244,536
2025-10-06 21:50:00,1244,1247,1243,1243,68
2025-10-06 22:00:00,1244,1247,1244,1247,58
2025-10-06 22:10:00,1245,1245,1245,1245,200
2025-10-06 22:20:00,1247,1247,1245,1245,201
2025-10-06 22:30:00,1247,1247,1247,1247,4
2025-10-06 22:50:00,1245,1245,1245,1245,6
2025-10-06 23:00:00,1245,1245,1242,1242,309
2025-10-06 23:10:00,1242,1242,1242,1242,40
2025-10-06 23:20:00,1244,1245,1241,1241,108
2025-10-06 23:40:00,1241,1241,1234,1236,490
2025-10-07 08:50:00,1241,1241,1241,1241,2
2025-10-07 09:00:00,1241,1245,1235,1240,141
2025-10-07 09:10:00,1238,1242,1238,1242,231
2025-10-07 09:20:00,1243,1243,1240,1242,101
2025-10-07 09:30:00,1242,1242,1238,1239,132
2025-10-07 09:40:00,1237,1241,1237,1239,89
2025-10-07 09:50:00,1239,1241,1238,1240,90
2025-10-07 10:00:00,1240,1244,1235,1235,432
2025-10-07 10:10:00,1239,1240,1233,1240,637
2025-10-07 10:20:00,1237,1244,1236,1243,511
2025-10-07 10:30:00,1241,1249,1240,1249,445
2025-10-07 10:40:00,1250,1250,1246,1248,1577
2025-10-07 10:50:00,1249,1251,1249,1249,49
2025-10-07 11:00:00,1251,1254,1251,1253,634
2025-10-07 11:10:00,1253,1258,1253,1258,487
2025-10-07 11:20:00,1259,1260,1255,1258,683
2025-10-07 11:30:00,1257,1258,1255,1255,144
2025-10-07 11:40:00,1255,1255,1253,1253,58
2025-10-07 11:50:00,1256,1257,1254,1256,181
2025-10-07 12:00:00,1255,1258,1255,1258,61
2025-10-07 12:10:00,1257,1257,1253,1253,470
2025-10-07 12:20:00,1253,1255,1252,1255,238
2025-10-07 12:30:00,1254,1254,1251,1251,172
2025-10-07 12:40:00,1253,1255,1253,1254,35
2025-10-07 12:50:00,1255,1256,1255,1256,17
2025-10-07 13:00:00,1256,1256,1251,1251,259
2025-10-07 13:10:00,1254,1259,1254,1259,308
2025-10-07 13:20:00,1258,1261,1258,1259,935
2025-10-07 13:30:00,1258,1258,1255,1255,112
2025-10-07 13:40:00,1256,1256,1254,1255,21
2025-10-07 13:50:00,1257,1258,1254,1257,212
2025-10-07 14:00:00,1255,1255,1255,1255,17
2025-10-07 14:10:00,1254,1255,1254,1255,124
2025-10-07 14:20:00,1253,1255,1253,1255,164
2025-10-07 14:30:00,1255,1259,1255,1258,459
2025-10-07 14:40:00,1258,1258,1256,1256,4
2025-10-07 14:50:00,1255,1255,1251,1251,2141
2025-10-07 15:00:00,1252,1253,1250,1250,169
2025-10-07 15:10:00,1251,1252,1249,1251,340
2025-10-07 15:20:00,1251,1252,1242,1245,2235
2025-10-07 15:30:00,1244,1245,1244,1245,9
2025-10-07 15:40:00,1245,1248,1245,1248,1233
2025-10-07 15:50:00,1246,1248,1246,1247,153
2025-10-07 16:00:00,1246,1247,1243,1243,295
2025-10-07 16:10:00,1243,1244,1242,1242,360
2025-10-07 16:20:00,1242,1244,1237,1237,1753
2025-10-07 16:30:00,1237,1241,1237,1241,131
2025-10-07 16:40:00,1241,1241,1238,1241,718
2025-10-07 16:50:00,1242,1245,1242,1244,117
2025-10-07 17:00:00,1243,1243,1237,1241,201
2025-10-07 17:10:00,1235,1235,1230,1232,566
2025-10-07 17:20:00,1233,1235,1233,1235,183
2025-10-07 17:30:00,1236,1237,1236,1237,1822
2025-10-07 17:40:00,1239,1239,1236,1238,189
2025-10-07 17:50:00,1237,1239,1236,1238,37
2025-10-07 18:00:00,1235,1235,1229,1233,426
2025-10-07 18:10:00,1233,1236,1233,1236,292
2025-10-07 18:20:00,1236,1243,1236,1239,143
2025-10-07 18:30:00,1239,1239,1237,1237,177
2025-10-07 18:40:00,1237,1243,1237,1243,253
2025-10-07 19:00:00,1242,1242,1241,1242,87
2025-10-07 19:10:00,1240,1240,1239,1239,116
2025-10-07 19:20:00,1237,1237,1237,1237,1
2025-10-07 19:30:00,1237,1237,1235,1235,602
2025-10-07 19:40:00,1237,1237,1235,1235,103
2025-10-07 19:50:00,1237,1239,1233,1233,1118
2025-10-07 20:00:00,1233,1236,1233,1236,36
2025-10-07 20:10:00,1238,1238,1238,1238,77
2025-10-07 20:20:00,1239,1241,1239,1241,123
2025-10-07 20:30:00,1239,1244,1239,1241,1331
2025-10-07 20:40:00,1241,1241,1239,1240,92
2025-10-07 20:50:00,1244,1244,1244,1244,1
2025-10-07 21:10:00,1244,1244,1239,1239,748
2025-10-07 21:20:00,1243,1243,1239,1239,54
2025-10-07 21:30:00,1240,1243,1240,1243,262
2025-10-07 21:50:00,1240,1244,1239,1244,143
2025-10-07 22:00:00,1243,1244,1240,1244,102
2025-10-07 22:10:00,1239,1239,1239,1239,320
2025-10-07 22:20:00,1243,1243,1243,1243,1
2025-10-07 22:30:00,1242,1242,1242,1242,109
2025-10-07 22:40:00,1241,1241,1241,1241,7
2025-10-07 23:00:00,1241,1254,1241,1254,684
2025-10-07 23:10:00,1257,1265,1254,1259,1425
2025-10-07 23:20:00,1256,1259,1256,1259,349
2025-10-07 23:30:00,1258,1263,1255,1263,2470
2025-10-07 23:40:00,1261,1261,1253,1253,461
2025-10-08 09:00:00,1261,1261,1249,1251,694
2025-10-08 09:10:00,1253,1253,1251,1251,95
2025-10-08 09:20:00,1251,1251,1247,1247,1001
2025-10-08 09:30:00,1249,1249,1244,1247,361
2025-10-08 09:40:00,1246,1250,1246,1249,155
2025-10-08 09:50:00,1249,1254,1249,1254,462
2025-10-08 10:00:00,1254,1259,1253,1253,454
2025-10-08 10:10:00,1252,1252,1244,1245,1682
2025-10-08 10:20:00,1247,1247,1242,1246,3125
2025-10-08 10:30:00,1245,1245,1240,1240,158
2025-10-08 10:40:00,1240,1242,1235,1242,2655
2025-10-08 10:50:00,1243,1247,1240,1240,762
2025-10-08 11:00:00,1244,1244,1243,1243,36
2025-10-08 11:10:00,1243,1247,1242,1247,131
2025-10-08 11:20:00,1247,1247,1241,1241,551
2025-10-08 11:30:00,1241,1244,1240,1240,237
2025-10-08 11:40:00,1242,1244,1242,1244,110
2025-10-08 11:50:00,1244,1244,1241,1241,22
2025-10-08 12:00:00,1240,1240,1230,1231,743
2025-10-08 12:10:00,1231,1234,1231,1231,1161
2025-10-08 12:20:00,1232,1232,1226,1227,849
2025-10-08 12:30:00,1226,1226,1223,1226,883
2025-10-08 12:40:00,1228,1232,1226,1232,415
2025-10-08 12:50:00,1230,1234,1228,1228,2240
2025-10-08 13:00:00,1227,1227,1227,1227,1570
2025-10-08 13:10:00,1227,1230,1225,1225,2090
2025-10-08 13:20:00,1225,1225,1222,1223,395
2025-10-08 13:30:00,1222,1222,1216,1217,696
2025-10-08 13:40:00,1216,1218,1212,1216,811
2025-10-08 13:50:00,1218,1221,1218,1221,202
2025-10-08 14:00:00,1219,1220,1217,1220,187
2025-10-08 14:10:00,1220,1220,1215,1216,718
2025-10-08 14:20:00,1217,1221,1217,1221,382
2025-10-08 14:30:00,1221,1224,1221,1221,355
2025-10-08 14:40:00,1226,1226,1221,1224,84
2025-10-08 14:50:00,1222,1223,1218,1218,18
2025-10-08 15:00:00,1215,1217,1207,1212,3135
2025-10-08 15:10:00,1213,1220,1213,1220,549
2025-10-08 15:20:00,1220,1220,1216,1218,162
2025-10-08 15:30:00,1216,1216,1210,1211,215
2025-10-08 15:40:00,1210,1218,1210,1217,135
2025-10-08 15:50:00,1215,1215,1215,1215,50
2025-10-08 16:00:00,1212,1214,1209,1214,138
2025-10-08 16:10:00,1212,1217,1212,1217,542
2025-10-08 16:20:00,1217,1220,1216,1216,296
2025-10-08 16:30:00,1216,1216,1216,1216,8
2025-10-08 16:40:00,1219,1220,1219,1220,5
2025-10-08 16:50:00,1218,1218,1213,1213,65
2025-10-08 17:00:00,1213,1218,1213,1217,2474
2025-10-08 17:10:00,1217,1219,1213,1213,966
2025-10-08 17:20:00,1212,1218,1211,1218,2294
2025-10-08 17:30:00,1217,1217,1216,1216,19
2025-10-08 17:40:00,1214,1214,1206,1209,3715
2025-10-08 17:50:00,1208,1209,1204,1207,2634
2025-10-08 18:00:00,1205,1212,1205,1211,207
2025-10-08 18:10:00,1210,1212,1206,1207,192
2025-10-08 18:20:00,1207,1207,1202,1202,1160
2025-10-08 18:30:00,1204,1211,1204,1211,523
2025-10-08 18:40:00,1210,1212,1201,1202,309
2025-10-08 19:00:00,1206,1206,1200,1200,247
2025-10-08 19:10:00,1200,1206,1194,1205,2307
2025-10-08 19:20:00,1204,1209,1204,1209,96
2025-10-08 19:30:00,1205,1206,1204,1204,82
2025-10-08 19:40:00,1204,1206,1201,1205,1790
2025-10-08 19:50:00,1202,1207,1201,1206,107
2025-10-08 20:00:00,1207,1210,1207,1210,152
2025-10-08 20:10:00,1212,1216,1212,1216,162
2025-10-08 20:20:00,1213,1217,1213,1216,567
2025-10-08 20:40:00,1215,1215,1215,1215,1
2025-10-08 20:50:00,1215,1215,1215,1215,21
2025-10-08 21:00:00,1210,1214,1209,1214,37
2025-10-08 21:10:00,1215,1218,1215,1216,207
2025-10-08 21:20:00,1215,1218,1215,1216,918
2025-10-08 21:30:00,1216,1217,1216,1217,80
2025-10-08 21:40:00,1216,1216,1215,1215,201
2025-10-08 21:50:00,1214,1214,1214,1214,81
2025-10-08 22:00:00,1211,1211,1210,1210,10
2025-10-08 22:10:00,1212,1214,1212,1214,48
2025-10-08 22:20:00,1214,1214,1208,1208,91
2025-10-08 22:30:00,1208,1208,1208,1208,6
2025-10-08 22:40:00,1211,1211,1209,1209,52
2025-10-08 22:50:00,1209,1209,1209,1209,170
2025-10-08 23:00:00,1209,1209,1209,1209,15
2025-10-08 23:10:00,1213,1213,1213,1213,51
2025-10-08 23:20:00,1214,1214,1214,1214,750
2025-10-08 23:30:00,1213,1213,1210,1210,340
2025-10-08 23:40:00,1213,1213,1213,1213,6
2025-10-09 09:00:00,1213,1213,1208,1210,730
2025-10-09 09:10:00,1211,1212,1207,1207,180
2025-10-09 09:20:00,1209,1211,1207,1211,537
2025-10-09 09:30:00,1209,1214,1208,1208,185
2025-10-09 09:40:00,1208,1209,1207,1208,41
2025-10-09 09:50:00,1210,1214,1210,1213,100
2025-10-09 10:00:00,1210,1221,1210,1221,1276
2025-10-09 10:10:00,1222,1222,1217,1218,154
2025-10-09 10:20:00,1214,1215,1213,1215,305
2025-10-09 10:30:00,1216,1222,1214,1214,1595
2025-10-09 10:40:00,1213,1216,1211,1214,794
2025-10-09 10:50:00,1213,1214,1208,1211,176
2025-10-09 11:00:00,1215,1215,1207,1207,226
2025-10-09 11:10:00,1207,1213,1207,1208,352
2025-10-09 11:20:00,1206,1206,1181,1183,3494
2025-10-09 11:30:00,1184,1193,1171,1188,10147
2025-10-09 11:40:00,1190,1200,1190,1194,1005
2025-10-09 11:50:00,1197,1204,1192,1204,836
2025-10-09 12:00:00,1205,1221,1205,1218,3929
2025-10-09 12:10:00,1217,1226,1213,1225,973
2025-10-09 12:20:00,1224,1237,1222,1230,2946
2025-10-09 12:30:00,1228,1228,1220,1222,822
2025-10-09 12:40:00,1222,1223,1221,1221,380
2025-10-09 12:50:00,1224,1227,1222,1224,26
2025-10-09 13:00:00,1224,1230,1224,1228,388
2025-10-09 13:10:00,1228,1230,1226,1226,242
2025-10-09 13:20:00,1225,1227,1220,1220,183
2025-10-09 13:30:00,1220,1222,1218,1220,148
2025-10-09 13:40:00,1220,1223,1219,1219,3636
2025-10-09 13:50:00,1221,1222,1217,1217,27
2025-10-09 14:00:00,1217,1221,1211,1219,3738
2025-10-09 14:10:00,1217,1217,1212,1216,230
2025-10-09 14:20:00,1215,1216,1215,1216,25
2025-10-09 14:30:00,1220,1224,1220,1220,1043
2025-10-09 14:40:00,1223,1227,1223,1227,122
2025-10-09 14:50:00,1227,1228,1225,1227,1010
2025-10-09 15:00:00,1228,1228,1224,1224,107
2025-10-09 15:10:00,1226,1230,1226,1230,380
2025-10-09 15:20:00,1230,1232,1229,1229,702
2025-10-09 15:30:00,1231,1235,1230,1231,387
2025-10-09 15:40:00,1230,1230,1228,1228,25
2025-10-09 15:50:00,1228,1228,1227,1227,117
2025-10-09 16:00:00,1227,1227,1227,1227,5
2025-10-09 16:10:00,1227,1228,1227,1228,13
2025-10-09 16:20:00,1230,1241,1230,1241,1178
2025-10-09 16:30:00,1239,1242,1235,1238,673
2025-10-09 16:40:00,1237,1240,1235,1240,179
2025-10-09 16:50:00,1240,1249,1240,1244,7300
2025-10-09 17:00:00,1243,1243,1239,1239,44
2025-10-09 17:10:00,1239,1242,1236,1236,841
2025-10-09 17:20:00,1235,1235,1229,1235,2341
2025-10-09 17:30:00,1235,1235,1232,1235,35
2025-10-09 17:40:00,1232,1232,1232,1232,1
2025-10-09 17:50:00,1233,1235,1232,1235,314
2025-10-09 18:00:00,1235,1241,1234,1237,3464
2025-10-09 18:10:00,1237,1242,1236,1237,728
2025-10-09 18:20:00,1235,1235,1231,1233,1519
2025-10-09 18:30:00,1231,1231,1222,1227,1035
2025-10-09 18:40:00,1223,1223,1221,1223,112
2025-10-09 19:00:00,1225,1226,1225,1226,10
2025-10-09 19:10:00,1227,1227,1225,1225,520
2025-10-09 19:20:00,1225,1234,1225,1233,617
2025-10-09 19:30:00,1234,1234,1226,1226,69
2025-10-09 19:40:00,1225,1226,1223,1223,943
2025-10-09 19:50:00,1223,1231,1223,1230,283
2025-10-09 20:00:00,1229,1233,1229,1229,99
2025-10-09 20:10:00,1233,1234,1233,1234,190
2025-10-09 20:20:00,1234,1235,1231,1233,132
2025-10-09 20:50:00,1232,1235,1232,1235,9
2025-10-09 21:00:00,1236,1237,1236,1237,89
2025-10-09 21:20:00,1233,1234,1233,1234,84
2025-10-09 21:30:00,1235,1235,1234,1235,309
2025-10-09 21:40:00,1234,1234,1234,1234,12
2025-10-09 21:50:00,1234,1234,1234,1234,470
2025-10-09 22:10:00,1234,1234,1234,1234,40
2025-10-09 22:20:00,1234,1234,1234,1234,421
2025-10-09 22:30:00,1234,1234,1233,1233,269
2025-10-09 22:50:00,1232,1232,1232,1232,51
2025-10-09 23:00:00,1233,1234,1233,1234,563
2025-10-09 23:10:00,1234,1234,1234,1234,70
2025-10-09 23:20:00,1234,1234,1234,1234,80
2025-10-09 23:30:00,1234,1234,1234,1234,2
2025-10-09 23:40:00,1232,1234,1232,1234,75
2025-10-10 09:00:00,1232,1232,1228,1228,78
2025-10-10 09:10:00,1228,1228,1226,1226,82
2025-10-10 09:20:00,1225,1230,1223,1230,109
2025-10-10 09:30:00,1230,1230,1226,1226,81
2025-10-10 09:40:00,1229,1230,1229,1229,201
2025-10-10 09:50:00,1230,1230,1230,1230,786
2025-10-10 10:00:00,1228,1232,1224,1226,226
2025-10-10 10:10:00,1226,1228,1223,1224,882
2025-10-10 10:20:00,1224,1226,1222,1224,54
2025-10-10 10:30:00,1224,1228,1222,1228,635
2025-10-10 10:40:00,1226,1227,1219,1222,568
2025-10-10 10:50:00,1223,1223,1223,1223,1
2025-10-10 11:00:00,1221,1222,1221,1222,113
2025-10-10 11:10:00,1220,1220,1217,1220,124
2025-10-10 11:20:00,1222,1229,1222,1229,225
2025-10-10 11:30:00,1229,1229,1228,1228,135
2025-10-10 11:40:00,1229,1229,1229,1229,46
2025-10-10 11:50:00,1229,1229,1229,1229,54
2025-10-10 12:00:00,1231,1232,1227,1229,202
2025-10-10 12:10:00,1229,1230,1228,1230,60
2025-10-10 12:20:00,1225,1225,1225,1225,1
2025-10-10 12:30:00,1224,1228,1222,1224,244
2025-10-10 12:40:00,1226,1226,1226,1226,4
2025-10-10 12:50:00,1225,1225,1225,1225,315
2025-10-10 13:00:00,1225,1225,1225,1225,89
2025-10-10 13:10:00,1225,1225,1220,1221,1265
2025-10-10 13:20:00,1221,1221,1218,1218,47
2025-10-10 13:30:00,1218,1221,1216,1220,99
2025-10-10 13:40:00,1215,1217,1215,1215,111
2025-10-10 13:50:00,1215,1221,1215,1220,83
2025-10-10 14:00:00,1217,1217,1215,1216,1044
2025-10-10 14:10:00,1218,1221,1218,1218,147
2025-10-10 14:20:00,1218,1218,1217,1217,27
2025-10-10 14:30:00,1219,1219,1217,1217,8
2025-10-10 14:40:00,1221,1221,1221,1221,2
2025-10-10 14:50:00,1217,1217,1216,1216,11
2025-10-10 15:00:00,1216,1219,1216,1219,57
2025-10-10 15:10:00,1215,1216,1215,1216,77
2025-10-10 15:20:00,1215,1221,1215,1220,1155
2025-10-10 15:30:00,1220,1222,1219,1222,270
2025-10-10 15:40:00,1219,1222,1216,1219,1675
2025-10-10 15:50:00,1215,1215,1215,1215,76
2025-10-10 16:00:00,1216,1217,1216,1217,81
2025-10-10 16:10:00,1215,1217,1215,1215,311
2025-10-10 16:20:00,1215,1215,1211,1215,1225
2025-10-10 16:30:00,1210,1211,1207,1211,517
2025-10-10 16:40:00,1212,1212,1204,1209,387
2025-10-10 16:50:00,1210,1211,1204,1209,123
2025-10-10 17:00:00,1208,1211,1205,1210,219
2025-10-10 17:10:00,1210,1210,1204,1204,53
2025-10-10 17:20:00,1207,1209,1207,1207,115
2025-10-10 17:30:00,1209,1209,1207,1207,155
2025-10-10 17:40:00,1209,1218,1209,1210,1235
2025-10-10 17:50:00,1213,1214,1206,1208,492
2025-10-10 18:00:00,1206,1211,1204,1204,1119
2025-10-10 18:10:00,1204,1208,1204,1206,613
2025-10-10 18:20:00,1205,1207,1203,1204,460
2025-10-10 18:30:00,1205,1209,1202,1209,34
2025-10-10 18:40:00,1206,1212,1206,1212,106
2025-10-10 19:00:00,1206,1209,1206,1208,60
2025-10-10 19:10:00,1208,1211,1207,1211,166
2025-10-10 19:20:00,1211,1211,1211,1211,78
2025-10-10 19:30:00,1212,1213,1207,1213,479
2025-10-10 19:40:00,1213,1216,1210,1210,408
2025-10-10 20:00:00,1211,1211,1208,1208,55
2025-10-10 20:10:00,1208,1208,1205,1205,1982
2025-10-10 20:20:00,1207,1210,1207,1210,11
2025-10-10 20:30:00,1209,1209,1209,1209,43
2025-10-10 21:10:00,1208,1208,1208,1208,2
2025-10-10 21:20:00,1207,1211,1206,1211,67
2025-10-10 21:30:00,1209,1209,1209,1209,1
2025-10-10 22:00:00,1208,1208,1208,1208,2
2025-10-10 22:20:00,1208,1208,1208,1208,3
2025-10-10 22:30:00,1207,1207,1207,1207,11
2025-10-10 22:40:00,1206,1206,1205,1205,20
2025-10-10 23:00:00,1207,1207,1205,1206,89
2025-10-10 23:10:00,1206,1207,1205,1206,152
2025-10-10 23:20:00,1207,1207,1207,1207,231
2025-10-10 23:30:00,1206,1206,1202,1206,149
2025-10-11 09:50:00,1203,1203,1203,1203,1
2025-10-11 10:00:00,1203,1203,1194,1199,1232
2025-10-11 10:10:00,1197,1197,1179,1194,2184
2025-10-11 10:30:00,1196,1196,1194,1194,49
2025-10-11 10:40:00,1195,1196,1195,1195,72
2025-10-11 10:50:00,1195,1196,1195,1196,12
2025-10-11 11:00:00,1196,1196,1194,1194,351
2025-10-11 11:10:00,1192,1192,1192,1192,58
2025-10-11 11:20:00,1194,1196,1194,1196,20
2025-10-11 11:30:00,1196,1196,1196,1196,1
2025-10-11 11:50:00,1193,1193,1193,1193,51
2025-10-11 12:00:00,1196,1196,1196,1196,1
2025-10-11 12:10:00,1196,1198,1196,1198,38
2025-10-11 12:20:00,1199,1200,1194,1194,205
2025-10-11 12:40:00,1195,1195,1194,1195,535
2025-10-11 13:10:00,1198,1198,1198,1198,2
2025-10-11 13:20:00,1200,1200,1200,1200,200
2025-10-11 14:10:00,1197,1197,1197,1197,59
2025-10-11 14:30:00,1197,1197,1197,1197,1
2025-10-11 14:50:00,1201,1201,1201,1201,1
2025-10-11 15:00:00,1197,1197,1197,1197,300
2025-10-11 17:10:00,1201,1201,1201,1201,19
2025-10-11 17:50:00,1198,1198,1198,1198,10
2025-10-11 18:00:00,1198,1198,1198,1198,50
2025-10-11 18:10:00,1202,1202,1202,1202,1
2025-10-11 18:20:00,1202,1204,1202,1204,481
2025-10-12 10:00:00,1204,1204,1204,1204,7
2025-10-12 10:50:00,1204,1204,1204,1204,5
2025-10-12 11:00:00,1204,1204,1201,1202,20
2025-10-12 11:10:00,1207,1207,1205,1205,21
2025-10-12 11:30:00,1207,1207,1207,1207,10
2025-10-12 11:40:00,1205,1205,1205,1205,1
2025-10-12 12:10:00,1206,1210,1206,1208,875
2025-10-12 12:20:00,1208,1211,1206,1208,511
2025-10-12 12:30:00,1209,1209,1209,1209,1
2025-10-12 12:40:00,1211,1211,1211,1211,2
2025-10-12 12:50:00,1210,1210,1210,1210,12
2025-10-12 13:00:00,1210,1212,1210,1212,44
2025-10-12 13:10:00,1211,1211,1211,1211,201
2025-10-12 13:30:00,1208,1209,1206,1206,351
2025-10-12 13:50:00,1209,1209,1206,1206,2
2025-10-12 14:30:00,1205,1205,1205,1205,15
2025-10-12 15:00:00,1209,1209,1209,1209,6
2025-10-12 15:10:00,1209,1212,1209,1211,916
2025-10-12 15:20:00,1208,1208,1206,1206,100
2025-10-12 16:00:00,1211,1211,1206,1211,79
2025-10-12 16:20:00,1208,1208,1208,1208,8
2025-10-12 16:30:00,1211,1212,1211,1212,55
2025-10-12 17:10:00,1210,1211,1210,1211,50
2025-10-12 17:30:00,1210,1210,1210,1210,60
2025-10-12 18:00:00,1210,1210,1209,1209,30
2025-10-12 18:30:00,1208,1208,1208,1208,80
2025-10-13 09:00:00,1211,1214,1207,1208,1262
2025-10-13 09:10:00,1210,1211,1210,1211,50
2025-10-13 09:20:00,1210,1215,1210,1215,1475
2025-10-13 09:30:00,1215,1218,1215,1218,774
2025-10-13 09:40:00,1218,1218,1216,1216,224
2025-10-13 09:50:00,1216,1217,1213,1213,120
2025-10-13 10:00:00,1212,1220,1209,1218,654
2025-10-13 10:10:00,1220,1220,1215,1215,504
2025-10-13 10:20:00,1214,1218,1214,1218,267
2025-10-13 10:30:00,1217,1219,1217,1217,245
2025-10-13 10:40:00,1215,1215,1202,1204,1612
2025-10-13 10:50:00,1204,1211,1202,1203,610
2025-10-13 11:00:00,1201,1207,1199,1202,120
2025-10-13 11:10:00,1202,1204,1201,1204,784
2025-10-13 11:20:00,1202,1202,1199,1200,92
2025-10-13 11:30:00,1198,1201,1198,1200,520
2025-10-13 11:40:00,1201,1201,1201,1201,638
2025-10-13 11:50:00,1200,1205,1200,1203,1449
2025-10-13 12:00:00,1203,1203,1195,1196,1087
2025-10-13 12:10:00,1199,1203,1199,1203,92
2025-10-13 12:20:00,1202,1203,1198,1198,98
2025-10-13 12:30:00,1199,1203,1199,1200,1116
2025-10-13 12:40:00,1204,1204,1202,1202,60
2025-10-13 12:50:00,1204,1204,1201,1201,171
2025-10-13 13:00:00,1200,1203,1200,1200,382
2025-10-13 13:10:00,1200,1200,1196,1197,1533
2025-10-13 13:20:00,1197,1197,1186,1186,706
2025-10-13 13:30:00,1188,1190,1187,1190,299
2025-10-13 13:40:00,1189,1191,1184,1184,222
2025-10-13 13:50:00,1185,1186,1185,1185,83
2025-10-13 14:00:00,1185,1185,1182,1184,564
2025-10-13 14:10:00,1183,1186,1180,1186,471
2025-10-13 14:20:00,1185,1186,1181,1181,617
2025-10-13 14:30:00,1182,1187,1182,1187,234
2025-10-13 14:40:00,1182,1189,1182,1187,335
2025-10-13 14:50:00,1187,1190,1186,1187,633
2025-10-13 15:00:00,1188,1196,1188,1196,1050
2025-10-13 15:10:00,1194,1206,1194,1203,2681
2025-10-13 15:20:00,1202,1202,1192,1193,245
2025-10-13 15:30:00,1195,1200,1195,1200,1025
2025-10-13 15:40:00,1198,1200,1195,1195,1384
2025-10-13 15:50:00,1196,1200,1196,1200,198
2025-10-13 16:00:00,1200,1202,1200,1202,873
2025-10-13 16:10:00,1202,1202,1191,1191,1387
2025-10-13 16:20:00,1195,1195,1193,1193,198
2025-10-13 16:30:00,1193,1194,1189,1193,1665
2025-10-13 16:40:00,1194,1194,1193,1193,55
2025-10-13 17:00:00,1195,1195,1191,1194,15
2025-10-13 17:10:00,1191,1193,1186,1186,273
2025-10-13 17:20:00,1186,1189,1184,1189,2029
2025-10-13 17:30:00,1189,1197,1188,1188,2475
2025-10-13 17:40:00,1188,1191,1188,1191,218
2025-10-13 17:50:00,1190,1190,1190,1190,107
2025-10-13 18:00:00,1188,1188,1188,1188,193
2025-10-13 18:10:00,1189,1191,1189,1191,53
2025-10-13 18:20:00,1193,1193,1190,1190,94
2025-10-13 18:30:00,1189,1189,1187,1187,400
2025-10-13 18:40:00,1190,1194,1186,1186,360
2025-10-13 19:00:00,1192,1192,1192,1192,78
2025-10-13 19:10:00,1192,1193,1191,1193,831
2025-10-13 19:20:00,1194,1194,1193,1194,749
2025-10-13 19:30:00,1194,1194,1193,1193,126
2025-10-13 19:40:00,1194,1196,1194,1194,166
2025-10-13 20:00:00,1198,1198,1198,1198,1681
2025-10-13 20:10:00,1198,1198,1194,1194,60
2025-10-13 21:20:00,1197,1197,1197,1197,5
2025-10-13 21:30:00,1196,1196,1195,1196,40
2025-10-13 21:40:00,1193,1193,1193,1193,31
2025-10-13 21:50:00,1193,1193,1193,1193,1
2025-10-13 22:00:00,1193,1193,1190,1190,31
2025-10-13 22:10:00,1189,1189,1188,1188,82
2025-10-13 22:20:00,1187,1188,1187,1188,4
2025-10-13 22:30:00,1188,1188,1188,1188,15
2025-10-13 22:40:00,1188,1188,1188,1188,25
2025-10-13 22:50:00,1187,1187,1186,1186,507
2025-10-13 23:00:00,1187,1187,1187,1187,20
2025-10-13 23:10:00,1191,1192,1191,1192,100
2025-10-13 23:20:00,1189,1189,1189,1189,300
2025-10-13 23:30:00,1188,1188,1188,1188,80
2025-10-13 23:40:00,1191,1191,1191,1191,5
2025-10-14 09:00:00,1192,1198,1190,1193,366
2025-10-14 09:10:00,1191,1193,1190,1190,306
2025-10-14 09:20:00,1192,1192,1188,1189,81
2025-10-14 09:30:00,1190,1190,1187,1187,19
2025-10-14 09:40:00,1187,1187,1180,1183,1181
2025-10-14 09:50:00,1182,1185,1182,1184,188
2025-10-14 10:00:00,1184,1185,1180,1184,97
2025-10-14 10:10:00,1185,1185,1184,1184,60
2025-10-14 10:20:00,1186,1187,1185,1186,266
2025-10-14 10:30:00,1185,1187,1182,1187,83
2025-10-14 10:40:00,1184,1184,1184,1184,50
2025-10-14 10:50:00,1186,1187,1179,1179,344
2025-10-14 11:00:00,1179,1184,1179,1180,920
2025-10-14 11:30:00,1181,1182,1174,1177,1196
2025-10-14 11:40:00,1178,1179,1176,1179,347
2025-10-14 11:50:00,1179,1179,1179,1179,3
2025-10-14 12:00:00,1179,1179,1179,1179,31
2025-10-14 12:10:00,1179,1190,1178,1182,2838
2025-10-14 12:20:00,1183,1186,1180,1180,803
2025-10-14 12:30:00,1185,1185,1184,1184,35
2025-10-14 12:40:00,1183,1183,1175,1175,1952
2025-10-14 12:50:00,1176,1180,1176,1180,385
2025-10-14 13:00:00,1180,1180,1175,1180,734
2025-10-14 13:10:00,1177,1178,1177,1178,17
2025-10-14 13:20:00,1180,1182,1180,1182,428
2025-10-14 13:30:00,1182,1183,1182,1183,77
2025-10-14 13:40:00,1180,1182,1180,1180,236
2025-10-14 13:50:00,1180,1182,1179,1179,157
2025-10-14 14:00:00,1183,1183,1183,1183,1
2025-10-14 14:10:00,1182,1183,1182,1183,106
2025-10-14 14:20:00,1179,1179,1179,1179,132
2025-10-14 14:30:00,1177,1180,1177,1180,58
2025-10-14 14:40:00,1180,1181,1180,1181,47
2025-10-14 14:50:00,1179,1179,1177,1178,313
2025-10-14 15:00:00,1175,1175,1175,1175,80
2025-10-14 15:10:00,1176,1177,1175,1177,38
2025-10-14 15:20:00,1179,1180,1177,1177,99
2025-10-14 15:30:00,1177,1177,1177,1177,8
2025-10-14 15:40:00,1177,1177,1172,1172,907
2025-10-14 15:50:00,1174,1177,1173,1177,175
2025-10-14 16:00:00,1175,1178,1174,1174,590
2025-10-14 16:10:00,1176,1177,1174,1177,166
2025-10-14 16:20:00,1177,1177,1174,1174,154
2025-10-14 16:30:00,1174,1174,1174,1174,52
2025-10-14 16:40:00,1174,1177,1174,1174,113
2025-10-14 16:50:00,1174,1176,1174,1176,215
2025-10-14 17:00:00,1179,1185,1179,1180,886
2025-10-14 17:10:00,1184,1194,1184,1194,608
2025-10-14 17:20:00,1193,1193,1186,1187,684
2025-10-14 17:30:00,1185,1187,1185,1187,450
2025-10-14 17:40:00,1188,1190,1187,1189,796
2025-10-14 17:50:00,1188,1190,1188,1189,29
2025-10-14 18:00:00,1189,1192,1189,1191,1084
2025-10-14 18:10:00,1191,1191,1188,1188,298
2025-10-14 18:20:00,1187,1190,1187,1189,53
2025-10-14 18:30:00,1190,1190,1186,1186,637
2025-10-14 18:40:00,1185,1190,1185,1190,50
2025-10-14 19:00:00,1189,1189,1188,1188,101
2025-10-14 19:10:00,1186,1186,1182,1184,207
2025-10-14 19:20:00,1184,1184,1184,1184,365
2025-10-14 19:30:00,1183,1183,1183,1183,1
2025-10-14 19:40:00,1182,1182,1182,1182,3
2025-10-14 20:00:00,1182,1182,1182,1182,3
2025-10-14 20:10:00,1185,1185,1185,1185,15
2025-10-14 20:20:00,1186,1187,1182,1187,107
2025-10-14 20:40:00,1183,1183,1183,1183,1
2025-10-14 21:00:00,1184,1185,1184,1185,51
2025-10-14 21:10:00,1183,1184,1183,1183,18
2025-10-14 21:20:00,1182,1183,1178,1183,271
2025-10-14 21:30:00,1182,1182,1178,1178,18
2025-10-14 21:40:00,1182,1182,1180,1181,411
2025-10-14 21:50:00,1181,1185,1180,1180,496
2025-10-14 22:00:00,1184,1184,1184,1184,1
2025-10-14 22:10:00,1178,1184,1178,1178,307
2025-10-14 22:30:00,1180,1180,1177,1177,135
2025-10-14 22:50:00,1180,1181,1180,1181,96
2025-10-14 23:00:00,1182,1184,1180,1180,242
2025-10-14 23:10:00,1178,1180,1177,1180,200
2025-10-14 23:20:00,1184,1185,1184,1185,184
2025-10-14 23:30:00,1181,1181,1181,1181,2
2025-10-15 09:00:00,1187,1187,1184,1184,209
2025-10-15 09:10:00,1184,1184,1183,1184,85
2025-10-15 09:20:00,1182,1184,1181,1184,325
2025-10-15 09:30:00,1184,1186,1184,1186,148
2025-10-15 09:50:00,1184,1184,1181,1181,76
2025-10-15 10:00:00,1181,1181,1181,1181,182
2025-10-15 10:10:00,1182,1183,1182,1183,33
2025-10-15 10:20:00,1181,1181,1163,1165,6085
2025-10-15 10:30:00,1164,1175,1162,1172,1882
2025-10-15 10:40:00,1173,1173,1170,1171,1624
2025-10-15 10:50:00,1173,1175,1173,1173,485
2025-10-15 11:00:00,1172,1178,1170,1176,595
2025-10-15 11:10:00,1179,1179,1179,1179,3
2025-10-15 11:20:00,1177,1177,1177,1177,61
2025-10-15 11:30:00,1178,1179,1177,1179,107
2025-10-15 11:40:00,1179,1179,1175,1176,495
2025-10-15 11:50:00,1175,1175,1173,1173,31
2025-10-15 12:00:00,1174,1175,1173,1173,74
2025-10-15 12:10:00,1176,1176,1176,1176,56
2025-10-15 12:20:00,1173,1173,1172,1173,179
2025-10-15 12:30:00,1173,1174,1173,1173,110
2025-10-15 12:40:00,1174,1182,1173,1182,848
2025-10-15 12:50:00,1180,1180,1180,1180,27
2025-10-15 13:00:00,1180,1190,1180,1188,2175
2025-10-15 13:10:00,1188,1191,1183,1184,811
2025-10-15 13:20:00,1183,1185,1179,1184,204
2025-10-15 13:30:00,1181,1181,1178,1178,322
2025-10-15 13:40:00,1179,1181,1179,1181,42
2025-10-15 13:50:00,1183,1183,1177,1177,67
2025-10-15 14:00:00,1181,1181,1180,1180,12
2025-10-15 14:10:00,1181,1181,1176,1177,319
2025-10-15 14:20:00,1176,1180,1174,1180,925
2025-10-15 14:30:00,1179,1188,1179,1183,1817
2025-10-15 14:40:00,1187,1190,1185,1189,608
2025-10-15 14:50:00,1189,1195,1189,1193,2961
2025-10-15 15:00:00,1190,1200,1190,1200,3467
2025-10-15 15:10:00,1201,1206,1197,1197,4623
2025-10-15 15:20:00,1198,1204,1198,1203,775
2025-10-15 15:30:00,1200,1200,1196,1196,837
2025-10-15 15:40:00,1197,1198,1196,1196,433
2025-10-15 15:50:00,1198,1202,1198,1202,187
2025-10-15 16:00:00,1201,1202,1193,1196,161
2025-10-15 16:10:00,1198,1198,1191,1193,162
2025-10-15 16:20:00,1196,1199,1194,1197,1282
2025-10-15 16:30:00,1194,1196,1194,1196,451
2025-10-15 16:40:00,1195,1197,1190,1190,648
2025-10-15 16:50:00,1190,1191,1190,1190,377
2025-10-15 17:00:00,1190,1193,1190,1193,687
2025-10-15 17:10:00,1191,1191,1191,1191,104
2025-10-15 17:20:00,1191,1191,1186,1186,1550
2025-10-15 17:30:00,1187,1187,1185,1185,134
2025-10-15 17:40:00,1184,1184,1183,1183,100
2025-10-15 17:50:00,1186,1187,1185,1187,361
2025-10-15 18:00:00,1185,1186,1182,1186,299
2025-10-15 18:10:00,1189,1189,1186,1186,108
2025-10-15 18:20:00,1184,1184,1184,1184,5
2025-10-15 18:30:00,1186,1188,1186,1188,2006
2025-10-15 18:40:00,1185,1191,1185,1191,280
2025-10-15 19:00:00,1186,1186,1182,1182,155
2025-10-15 19:10:00,1183,1186,1183,1186,293
2025-10-15 19:20:00,1186,1187,1186,1187,401
2025-10-15 19:40:00,1184,1185,1180,1181,104
2025-10-15 19:50:00,1180,1180,1175,1177,1933
2025-10-15 20:00:00,1178,1180,1178,1180,16
2025-10-15 20:10:00,1180,1180,1176,1177,90
2025-10-15 20:20:00,1177,1177,1176,1176,13
2025-10-15 20:30:00,1176,1179,1176,1179,22
2025-10-15 20:40:00,1179,1180,1179,1180,152
2025-10-15 20:50:00,1179,1179,1179,1179,16
2025-10-15 21:00:00,1178,1179,1177,1179,51
2025-10-15 21:10:00,1179,1182,1179,1182,61
2025-10-15 21:20:00,1180,1183,1180,1183,211
2025-10-15 21:30:00,1180,1183,1180,1183,115
2025-10-15 21:40:00,1183,1183,1183,1183,260
2025-10-15 21:50:00,1182,1182,1179,1179,50
2025-10-15 22:00:00,1183,1183,1183,1183,13
2025-10-15 22:10:00,1181,1183,1181,1183,261
2025-10-15 22:20:00,1182,1182,1182,1182,1
2025-10-15 22:30:00,1182,1184,1182,1184,85
2025-10-15 22:40:00,1184,1184,1183,1183,96
2025-10-15 22:50:00,1183,1183,1183,1183,5
2025-10-15 23:00:00,1184,1185,1183,1183,367
2025-10-15 23:10:00,1184,1185,1184,1185,45
2025-10-15 23:20:00,1182,1185,1182,1182,471
2025-10-15 23:30:00,1183,1183,1183,1183,1
2025-10-16 09:00:00,1184,1184,1181,1181,112
2025-10-16 09:10:00,1181,1181,1180,1181,65
2025-10-16 09:20:00,1179,1179,1179,1179,1
2025-10-16 09:40:00,1180,1180,1180,1180,10
2025-10-16 09:50:00,1178,1181,1178,1181,101
2025-10-16 10:00:00,1178,1179,1175,1175,967
2025-10-16 10:10:00,1178,1178,1176,1176,226
2025-10-16 10:20:00,1176,1176,1175,1175,91
2025-10-16 10:30:00,1176,1182,1176,1178,74
2025-10-16 10:40:00,1181,1182,1180,1180,77
2025-10-16 10:50:00,1182,1182,1182,1182,101
2025-10-16 11:00:00,1187,1190,1185,1186,898
2025-10-16 11:10:00,1186,1186,1184,1184,73
2025-10-16 11:20:00,1184,1184,1180,1181,559
2025-10-16 11:30:00,1181,1181,1180,1181,115
2025-10-16 11:40:00,1180,1181,1179,1179,105
2025-10-16 12:10:00,1182,1183,1182,1183,5
2025-10-16 12:20:00,1184,1188,1184,1188,130
2025-10-16 12:30:00,1188,1193,1188,1193,744
2025-10-16 12:40:00,1188,1192,1188,1190,1023
2025-10-16 12:50:00,1189,1189,1189,1189,1
2025-10-16 13:10:00,1188,1191,1186,1191,414
2025-10-16 13:20:00,1189,1190,1186,1187,90
2025-10-16 13:30:00,1187,1187,1186,1186,67
2025-10-16 13:40:00,1188,1190,1188,1190,125
2025-10-16 13:50:00,1190,1190,1190,1190,50
2025-10-16 14:00:00,1191,1191,1189,1191,356
2025-10-16 14:10:00,1191,1192,1188,1191,1054
2025-10-16 14:20:00,1190,1190,1190,1190,32
2025-10-16 14:30:00,1189,1192,1189,1190,84
2025-10-16 14:40:00,1190,1192,1189,1191,121
2025-10-16 14:50:00,1189,1189,1187,1187,141
2025-10-16 15:00:00,1188,1188,1188,1188,1
2025-10-16 15:10:00,1189,1191,1188,1188,470
2025-10-16 15:20:00,1187,1193,1187,1191,1234
2025-10-16 15:30:00,1190,1190,1186,1190,150
2025-10-16 15:40:00,1188,1189,1185,1185,287
2025-10-16 15:50:00,1187,1189,1185,1189,146
2025-10-16 16:00:00,1188,1190,1186,1190,1013
2025-10-16 16:10:00,1188,1194,1188,1193,846
2025-10-16 16:20:00,1192,1193,1189,1189,652
2025-10-16 16:30:00,1191,1191,1189,1189,306
2025-10-16 16:40:00,1191,1191,1191,1191,68
2025-10-16 16:50:00,1191,1191,1190,1190,40
2025-10-16 17:00:00,1190,1204,1190,1202,1729
2025-10-16 17:10:00,1202,1204,1197,1204,1248
2025-10-16 17:20:00,1205,1208,1199,1208,859
2025-10-16 17:30:00,1208,1215,1207,1208,2875
2025-10-16 17:40:00,1208,1212,1208,1211,1140
2025-10-16 17:50:00,1209,1209,1201,1206,978
2025-10-16 18:00:00,1208,1208,1199,1199,367
2025-10-16 18:10:00,1199,1201,1198,1201,745
2025-10-16 18:20:00,1199,1199,1198,1198,45
2025-10-16 18:30:00,1200,1202,1194,1195,2165
2025-10-16 18:40:00,1203,1203,1196,1203,524
2025-10-16 19:00:00,1203,1203,1203,1203,96
2025-10-16 19:10:00,1204,1204,1201,1202,471
2025-10-16 19:20:00,1200,1200,1192,1192,492
2025-10-16 19:30:00,1195,1195,1188,1191,937
2025-10-16 19:40:00,1192,1194,1192,1194,102
2025-10-16 19:50:00,1194,1194,1194,1194,81
2025-10-16 20:00:00,1194,1201,1194,1201,248
2025-10-16 20:10:00,1199,1234,1195,1229,8116
2025-10-16 20:20:00,1229,1252,1226,1244,2284
2025-10-16 20:30:00,1240,1257,1235,1257,11073
2025-10-16 20:40:00,1248,1252,1231,1246,2997
2025-10-16 20:50:00,1243,1243,1236,1243,3652
2025-10-16 21:00:00,1243,1251,1242,1243,1350
2025-10-16 21:10:00,1248,1249,1231,1235,1082
2025-10-16 21:20:00,1238,1246,1235,1238,411
2025-10-16 21:30:00,1238,1240,1237,1239,335
2025-10-16 21:40:00,1238,1238,1237,1237,678
2025-10-16 21:50:00,1240,1247,1237,1246,1259
2025-10-16 22:00:00,1243,1246,1242,1245,334
2025-10-16 22:10:00,1244,1247,1239,1247,1347
2025-10-16 22:20:00,1247,1248,1245,1246,163
2025-10-16 22:30:00,1246,1248,1243,1248,70
2025-10-16 22:40:00,1247,1247,1244,1246,126
2025-10-16 22:50:00,1247,1247,1245,1247,163
2025-10-16 23:00:00,1248,1250,1247,1250,375
2025-10-16 23:10:00,1250,1259,1247,1258,2253
2025-10-16 23:20:00,1256,1258,1254,1254,114
2025-10-16 23:30:00,1254,1262,1251,1262,879
2025-10-16 23:40:00,1262,1270,1261,1269,903
2025-10-17 08:50:00,1264,1264,1264,1264,18
2025-10-17 09:00:00,1259,1275,1242,1251,6759
2025-10-17 09:10:00,1247,1251,1246,1246,500
2025-10-17 09:20:00,1245,1248,1243,1247,1466
2025-10-17 09:30:00,1248,1252,1247,1247,1318
2025-10-17 09:40:00,1247,1247,1243,1243,1380
2025-10-17 09:50:00,1242,1244,1237,1239,1535
2025-10-17 10:00:00,1239,1247,1237,1244,1794
2025-10-17 10:10:00,1245,1245,1241,1243,476
2025-10-17 10:20:00,1241,1250,1241,1250,856
2025-10-17 10:30:00,1251,1252,1247,1247,137
2025-10-17 10:40:00,1248,1250,1243,1244,214
2025-10-17 10:50:00,1245,1245,1238,1240,806
2025-10-17 11:00:00,1242,1242,1236,1236,1174
2025-10-17 11:10:00,1242,1246,1242,1246,256
2025-10-17 11:20:00,1245,1245,1244,1244,188
2025-10-17 11:30:00,1243,1243,1241,1242,97
2025-10-17 11:40:00,1240,1240,1238,1239,191
2025-10-17 11:50:00,1239,1239,1235,1235,402
2025-10-17 12:00:00,1235,1238,1230,1231,933
2025-10-17 12:10:00,1232,1234,1232,1234,626
2025-10-17 12:20:00,1240,1241,1240,1241,154
2025-10-17 12:30:00,1241,1247,1241,1246,5757
2025-10-17 12:40:00,1246,1246,1244,1246,1118
2025-10-17 12:50:00,1247,1250,1245,1250,494
2025-10-17 13:00:00,1248,1249,1245,1249,112
2025-10-17 13:10:00,1249,1249,1245,1245,134
2025-10-17 13:20:00,1250,1250,1248,1248,33
2025-10-17 13:30:00,1251,1251,1251,1251,41
2025-10-17 13:40:00,1249,1249,1246,1248,2594
2025-10-17 13:50:00,1250,1252,1249,1250,213
2025-10-17 14:00:00,1250,1255,1250,1255,304
2025-10-17 14:10:00,1256,1263,1256,1263,1167
2025-10-17 14:20:00,1263,1269,1259,1267,1251
2025-10-17 14:30:00,1268,1276,1267,1276,3593
2025-10-17 14:40:00,1271,1271,1268,1268,727
2025-10-17 14:50:00,1267,1271,1266,1270,309
2025-10-17 15:00:00,1267,1274,1267,1272,1410
2025-10-17 15:10:00,1271,1272,1266,1269,1965
2025-10-17 15:20:00,1271,1276,1271,1272,111
2025-10-17 15:30:00,1274,1282,1274,1281,2306
2025-10-17 15:40:00,1282,1288,1282,1287,3883
2025-10-17 15:50:00,1287,1288,1284,1285,536
2025-10-17 16:00:00,1283,1293,1283,1292,2843
2025-10-17 16:10:00,1290,1293,1286,1286,868
2025-10-17 16:20:00,1287,1291,1282,1283,2446
2025-10-17 16:30:00,1283,1283,1273,1275,2324
2025-10-17 16:40:00,1274,1279,1274,1279,733
2025-10-17 16:50:00,1279,1286,1279,1284,894
2025-10-17 17:00:00,1282,1292,1282,1290,673
2025-10-17 17:10:00,1291,1292,1287,1287,1643
2025-10-17 17:20:00,1287,1291,1284,1284,1434
2025-10-17 17:30:00,1283,1285,1280,1285,1801
2025-10-17 17:40:00,1282,1282,1276,1276,233
2025-10-17 17:50:00,1276,1276,1276,1276,51
2025-10-17 18:00:00,1276,1288,1276,1286,2240
2025-10-17 18:10:00,1287,1288,1284,1285,84
2025-10-17 18:20:00,1285,1289,1283,1289,2705
2025-10-17 18:30:00,1289,1296,1288,1295,4280
2025-10-17 18:40:00,1295,1297,1295,1297,29
2025-10-17 19:00:00,1295,1297,1295,1297,386
2025-10-17 19:10:00,1298,1302,1295,1295,3361
2025-10-17 19:20:00,1297,1298,1295,1296,144
2025-10-17 19:30:00,1296,1296,1294,1294,595
2025-10-17 19:40:00,1295,1297,1293,1297,1370
2025-10-17 19:50:00,1296,1298,1295,1297,245
2025-10-17 20:00:00,1297,1298,1297,1298,25
2025-10-17 20:10:00,1298,1298,1297,1297,70
2025-10-17 20:20:00,1297,1301,1297,1301,1415
2025-10-17 20:30:00,1301,1301,1299,1299,1083
2025-10-17 20:40:00,1298,1302,1297,1300,1739
2025-10-17 20:50:00,1301,1302,1295,1295,1687
2025-10-17 21:00:00,1300,1300,1297,1297,35
2025-10-17 21:10:00,1296,1300,1290,1300,1913
2025-10-17 21:20:00,1297,1297,1296,1297,114
2025-10-17 21:30:00,1296,1297,1293,1297,103
2025-10-17 21:40:00,1297,1297,1293,1293,10
2025-10-17 21:50:00,1293,1296,1293,1296,75
2025-10-17 22:00:00,1297,1297,1294,1295,157
2025-10-17 22:10:00,1293,1296,1292,1293,203
2025-10-17 22:20:00,1293,1293,1290,1291,306
2025-10-17 22:30:00,1290,1290,1284,1286,595
2025-10-17 22:40:00,1285,1285,1285,1285,397
2025-10-17 22:50:00,1285,1285,1282,1285,366
2025-10-17 23:00:00,1285,1289,1285,1289,124
2025-10-17 23:10:00,1289,1291,1289,1291,19
2025-10-17 23:20:00,1291,1291,1291,1291,1
2025-10-17 23:30:00,1288,1288,1285,1285,68
2025-10-17 23:40:00,1291,1291,1287,1287,17
2025-10-18 09:50:00,1299,1299,1299,1299,400
2025-10-18 10:00:00,1299,1303,1280,1301,949
2025-10-18 10:10:00,1301,1304,1300,1304,173
2025-10-18 10:20:00,1304,1314,1304,1306,876
2025-10-18 10:30:00,1305,1311,1305,1311,75
2025-10-18 10:40:00,1307,1315,1307,1311,764
2025-10-18 10:50:00,1311,1315,1306,1311,94
2025-10-18 11:00:00,1312,1317,1312,1316,209
2025-10-18 11:10:00,1318,1319,1317,1317,19
2025-10-18 11:20:00,1318,1318,1313,1316,1416
2025-10-18 11:30:00,1312,1316,1311,1312,1057
2025-10-18 11:40:00,1315,1316,1315,1316,977
2025-10-18 11:50:00,1316,1317,1315,1317,503
2025-10-18 12:00:00,1317,1319,1317,1318,1138
2025-10-18 12:10:00,1318,1319,1311,1318,2623
2025-10-18 12:20:00,1315,1315,1312,1314,183
2025-10-18 12:30:00,1314,1316,1314,1316,175
2025-10-18 12:40:00,1315,1317,1315,1315,52
2025-10-18 12:50:00,1316,1316,1316,1316,82
2025-10-18 13:00:00,1316,1316,1316,1316,1
2025-10-18 13:10:00,1316,1317,1316,1317,17
2025-10-18 13:20:00,1317,1320,1316,1316,308
2025-10-18 13:30:00,1313,1313,1312,1312,16
2025-10-18 13:40:00,1313,1313,1313,1313,1
2025-10-18 13:50:00,1315,1317,1315,1317,12
2025-10-18 14:00:00,1315,1315,1312,1312,5
2025-10-18 14:10:00,1312,1312,1310,1310,400
2025-10-18 14:30:00,1314,1314,1311,1314,39
2025-10-18 14:40:00,1313,1313,1305,1312,1186
2025-10-18 14:50:00,1313,1313,1313,1313,1
2025-10-18 15:10:00,1313,1315,1313,1313,226
2025-10-18 15:30:00,1313,1313,1312,1312,5
2025-10-18 15:50:00,1313,1313,1313,1313,1
2025-10-18 16:20:00,1312,1312,1312,1312,10
2025-10-18 16:40:00,1311,1311,1308,1308,600
2025-10-18 16:50:00,1312,1313,1312,1313,200
2025-10-18 17:10:00,1309,1309,1308,1308,150
2025-10-18 17:20:00,1312,1312,1311,1311,50
2025-10-18 17:30:00,1312,1312,1312,1312,3
2025-10-18 17:40:00,1313,1313,1313,1313,27
2025-10-18 18:00:00,1313,1313,1311,1311,93
2025-10-18 18:10:00,1313,1313,1312,1313,167
2025-10-18 18:20:00,1313,1313,1313,1313,1
2025-10-18 18:30:00,1314,1314,1314,1314,55
2025-10-18 18:40:00,1314,1314,1311,1311,14
2025-10-18 18:50:00,1315,1321,1315,1321,204
2025-10-19 09:50:00,1322,1322,1322,1322,10
2025-10-19 10:00:00,1317,1322,1317,1321,509
2025-10-19 10:30:00,1312,1312,1303,1304,297
2025-10-19 10:40:00,1308,1308,1303,1303,416
2025-10-19 10:50:00,1304,1306,1304,1306,316
2025-10-19 11:30:00,1307,1307,1307,1307,200
2025-10-19 12:10:00,1306,1306,1306,1306,1
2025-10-19 12:20:00,1307,1307,1307,1307,22
2025-10-19 12:30:00,1307,1311,1307,1310,41
2025-10-19 13:10:00,1308,1308,1308,1308,20
2025-10-19 13:50:00,1310,1310,1310,1310,1
2025-10-19 14:20:00,1310,1310,1308,1308,51
2025-10-19 14:30:00,1308,1308,1308,1308,1
2025-10-19 14:40:00,1308,1308,1308,1308,175
2025-10-19 14:50:00,1306,1306,1306,1306,63
2025-10-19 15:00:00,1306,1308,1306,1308,132
2025-10-19 15:10:00,1306,1306,1306,1306,2
2025-10-19 15:30:00,1306,1306,1305,1305,160
2025-10-19 16:00:00,1304,1304,1303,1304,237
2025-10-19 16:10:00,1304,1306,1304,1306,202
2025-10-19 16:20:00,1302,1306,1302,1304,398
2025-10-19 16:30:00,1303,1304,1303,1304,44
2025-10-19 16:40:00,1304,1304,1304,1304,22
2025-10-19 16:50:00,1304,1304,1303,1303,111
2025-10-19 17:00:00,1302,1303,1302,1302,669
2025-10-19 17:10:00,1304,1304,1304,1304,122
2025-10-19 17:40:00,1308,1308,1304,1304,65
2025-10-19 17:50:00,1305,1305,1304,1304,200
2025-10-19 18:10:00,1304,1304,1304,1304,1
2025-10-19 18:40:00,1308,1308,1308,1308,100
2025-10-19 18:50:00,1308,1308,1308,1308,49
2025-10-20 08:50:00,1301,1301,1301,1301,14
2025-10-20 09:00:00,1301,1308,1301,1308,421
2025-10-20 09:10:00,1309,1309,1302,1302,1776
2025-10-20 09:20:00,1303,1303,1300,1302,151
2025-10-20 09:30:00,1301,1301,1296,1297,747
2025-10-20 09:40:00,1298,1298,1295,1298,472
2025-10-20 09:50:00,1298,1298,1292,1293,332
2025-10-20 10:00:00,1292,1300,1288,1300,1780
2025-10-20 10:10:00,1304,1311,1303,1303,1204
2025-10-20 10:20:00,1302,1305,1302,1305,21
2025-10-20 10:30:00,1306,1314,1306,1308,1779
2025-10-20 10:40:00,1311,1311,1307,1311,1309
2025-10-20 10:50:00,1307,1307,1303,1303,151
2025-10-20 11:00:00,1305,1308,1300,1300,653
2025-10-20 11:10:00,1301,1301,1300,1301,262
2025-10-20 11:20:00,1302,1303,1302,1302,84
2025-10-20 11:30:00,1300,1300,1300,1300,61
2025-10-20 11:40:00,1300,1301,1299,1299,185
2025-10-20 11:50:00,1300,1301,1299,1301,263
2025-10-20 12:00:00,1300,1300,1300,1300,26
2025-10-20 12:10:00,1300,1300,1298,1298,320
2025-10-20 12:20:00,1299,1299,1296,1296,477
2025-10-20 12:30:00,1296,1299,1295,1299,763
2025-10-20 12:40:00,1296,1296,1288,1291,844
2025-10-20 13:00:00,1288,1291,1285,1286,939
2025-10-20 13:10:00,1286,1286,1276,1279,1921
2025-10-20 13:20:00,1279,1280,1276,1279,561
2025-10-20 13:30:00,1279,1280,1268,1273,4404
2025-10-20 13:40:00,1274,1275,1272,1275,547
2025-10-20 13:50:00,1275,1275,1274,1274,70
2025-10-20 14:00:00,1275,1282,1274,1282,432
2025-10-20 14:10:00,1283,1283,1282,1283,142
2025-10-20 14:20:00,1283,1286,1281,1282,1211
2025-10-20 14:30:00,1282,1284,1281,1284,142
2025-10-20 14:40:00,1285,1286,1284,1284,96
2025-10-20 14:50:00,1286,1286,1284,1285,393
2025-10-20 15:00:00,1285,1285,1283,1283,571
2025-10-20 15:10:00,1283,1283,1282,1282,50
2025-10-20 15:20:00,1283,1283,1281,1282,207
2025-10-20 15:30:00,1284,1285,1284,1285,197
2025-10-20 15:40:00,1285,1286,1284,1284,800
2025-10-20 15:50:00,1287,1287,1287,1287,4
2025-10-20 16:00:00,1286,1286,1286,1286,19
2025-10-20 16:10:00,1285,1285,1279,1280,1691
2025-10-20 16:20:00,1281,1281,1278,1280,1146
2025-10-20 16:30:00,1281,1281,1280,1280,136
2025-10-20 16:40:00,1279,1279,1278,1279,115
2025-10-20 16:50:00,1280,1280,1273,1273,738
2025-10-20 17:00:00,1274,1277,1274,1277,128
2025-10-20 17:10:00,1276,1276,1276,1276,4
2025-10-20 17:20:00,1275,1275,1272,1274,261
2025-10-20 17:30:00,1274,1275,1266,1269,1367
2025-10-20 17:40:00,1269,1270,1267,1267,1136
2025-10-20 17:50:00,1267,1269,1262,1262,1024
2025-10-20 18:00:00,1264,1264,1256,1258,1219
2025-10-20 18:10:00,1258,1263,1258,1263,2694
2025-10-20 18:20:00,1263,1263,1259,1259,680
2025-10-20 18:30:00,1261,1261,1259,1260,351
2025-10-20 18:40:00,1265,1266,1265,1266,140
2025-10-20 19:00:00,1262,1265,1261,1265,157
2025-10-20 19:10:00,1265,1266,1261,1261,123
2025-10-20 19:20:00,1264,1265,1261,1262,633
2025-10-20 19:30:00,1263,1263,1257,1258,477
2025-10-20 19:40:00,1259,1261,1259,1261,36
2025-10-20 19:50:00,1261,1265,1260,1260,34
2025-10-20 20:00:00,1264,1266,1264,1265,502
2025-10-20 20:10:00,1262,1265,1260,1265,118
2025-10-20 20:40:00,1265,1265,1259,1264,707
2025-10-20 20:50:00,1264,1264,1264,1264,5
2025-10-20 21:10:00,1263,1263,1262,1262,25
2025-10-20 21:20:00,1262,1262,1262,1262,51
2025-10-20 21:30:00,1265,1265,1265,1265,10
2025-10-20 21:50:00,1264,1266,1263,1266,84
2025-10-20 22:00:00,1266,1266,1266,1266,11
2025-10-20 22:10:00,1266,1266,1266,1266,58
2025-10-20 22:20:00,1266,1266,1266,1266,1
2025-10-20 22:30:00,1266,1266,1266,1266,20
2025-10-20 22:40:00,1266,1266,1266,1266,72
2025-10-20 22:50:00,1266,1266,1264,1264,275
2025-10-20 23:00:00,1264,1267,1264,1267,1402
2025-10-20 23:10:00,1266,1267,1266,1267,486
2025-10-20 23:20:00,1267,1267,1266,1266,85
2025-10-20 23:30:00,1267,1267,1265,1265,23
2025-10-20 23:40:00,1265,1267,1265,1265,32
2025-10-21 08:50:00,1254,1254,1254,1254,65
2025-10-21 09:00:00,1253,1253,1236,1242,3568
2025-10-21 09:10:00,1242,1243,1232,1236,2275
2025-10-21 09:20:00,1237,1239,1233,1234,417
2025-10-21 09:30:00,1236,1241,1234,1240,596
2025-10-21 09:40:00,1239,1239,1233,1236,805
2025-10-21 09:50:00,1233,1242,1233,1239,2185
2025-10-21 10:00:00,1236,1238,1224,1229,8754
2025-10-21 10:10:00,1232,1238,1229,1238,862
2025-10-21 10:20:00,1236,1239,1234,1236,1070
2025-10-21 10:30:00,1236,1239,1234,1234,117
2025-10-21 10:40:00,1234,1234,1234,1234,81
2025-10-21 10:50:00,1236,1238,1231,1234,2486
2025-10-21 11:00:00,1234,1235,1232,1235,1270
2025-10-21 11:10:00,1235,1235,1231,1234,137
2025-10-21 11:20:00,1234,1236,1234,1236,245
2025-10-21 11:30:00,1236,1239,1234,1239,335
2025-10-21 11:40:00,1239,1244,1239,1244,21
2025-10-21 11:50:00,1244,1244,1242,1242,263
2025-10-21 12:00:00,1241,1242,1239,1242,315
2025-10-21 12:10:00,1240,1242,1240,1242,232
2025-10-21 12:20:00,1241,1244,1240,1244,350
2025-10-21 12:30:00,1244,1245,1240,1244,2040
2025-10-21 12:40:00,1245,1245,1243,1245,250
2025-10-21 12:50:00,1244,1244,1242,1242,489
2025-10-21 13:00:00,1246,1246,1245,1245,330
2025-10-21 13:10:00,1245,1245,1245,1245,3
2025-10-21 13:20:00,1245,1245,1244,1244,325
2025-10-21 13:30:00,1245,1249,1245,1248,1220
2025-10-21 13:40:00,1248,1254,1245,1252,2017
2025-10-21 13:50:00,1251,1252,1247,1250,2036
2025-10-21 14:00:00,1250,1250,1249,1250,192
2025-10-21 14:10:00,1249,1249,1246,1249,1020
2025-10-21 14:20:00,1249,1249,1247,1247,26
2025-10-21 14:30:00,1248,1248,1247,1247,2
2025-10-21 14:40:00,1247,1248,1246,1248,201
2025-10-21 14:50:00,1251,1256,1250,1256,1022
2025-10-21 15:00:00,1254,1257,1253,1253,44
2025-10-21 15:10:00,1252,1252,1251,1251,339
2025-10-21 15:20:00,1250,1250,1250,1250,8
2025-10-21 15:30:00,1250,1250,1246,1250,347
2025-10-21 15:40:00,1251,1253,1251,1253,101
2025-10-21 15:50:00,1251,1251,1249,1249,60
2025-10-21 16:00:00,1247,1249,1247,1247,93
2025-10-21 16:10:00,1247,1248,1245,1248,181
2025-10-21 16:20:00,1249,1251,1249,1251,174
2025-10-21 16:30:00,1251,1253,1250,1253,209
2025-10-21 16:40:00,1251,1251,1245,1245,1051
2025-10-21 16:50:00,1247,1247,1247,1247,132
2025-10-21 17:00:00,1246,1246,1240,1240,355
2025-10-21 17:10:00,1239,1242,1235,1239,91
2025-10-21 17:20:00,1240,1240,1237,1240,1057
2025-10-21 17:30:00,1236,1238,1229,1231,2344
2025-10-21 17:40:00,1232,1232,1224,1224,331
2025-10-21 17:50:00,1227,1227,1218,1219,5428
2025-10-21 18:00:00,1220,1220,1197,1209,6906
2025-10-21 18:10:00,1206,1208,1184,1198,9692
2025-10-21 18:20:00,1198,1202,1193,1202,5438
2025-10-21 18:30:00,1202,1210,1198,1206,4707
2025-10-21 18:40:00,1209,1209,1197,1209,393
2025-10-21 19:00:00,1203,1213,1198,1213,563
2025-10-21 19:10:00,1213,1214,1206,1206,295
2025-10-21 19:20:00,1205,1212,1205,1208,357
2025-10-21 19:30:00,1204,1212,1203,1212,132
2025-10-21 19:40:00,1210,1212,1206,1207,622
2025-10-21 19:50:00,1208,1212,1208,1211,125
2025-10-21 20:00:00,1209,1209,1201,1201,2244
2025-10-21 20:10:00,1203,1208,1203,1206,618
2025-10-21 20:20:00,1205,1205,1196,1205,473
2025-10-21 20:30:00,1205,1205,1198,1203,22
2025-10-21 20:40:00,1203,1203,1184,1194,3847
2025-10-21 20:50:00,1194,1197,1194,1196,454
2025-10-21 21:00:00,1195,1196,1189,1189,631
2025-10-21 21:10:00,1190,1196,1190,1196,96
2025-10-21 21:20:00,1195,1196,1193,1196,16
2025-10-21 21:30:00,1196,1199,1196,1199,44
2025-10-21 21:40:00,1198,1198,1196,1196,106
2025-10-21 21:50:00,1199,1200,1199,1200,23
2025-10-21 22:00:00,1200,1202,1200,1202,120
2025-10-21 22:10:00,1203,1205,1201,1203,1525
2025-10-21 22:20:00,1203,1203,1201,1202,184
2025-10-21 22:30:00,1202,1202,1198,1198,78
2025-10-21 22:40:00,1200,1200,1200,1200,30
2025-10-21 22:50:00,1201,1201,1201,1201,1
2025-10-21 23:00:00,1200,1200,1200,1200,45
2025-10-21 23:10:00,1201,1201,1200,1201,232
2025-10-21 23:20:00,1201,1202,1201,1202,109
2025-10-21 23:30:00,1202,1211,1202,1211,758
2025-10-21 23:40:00,1211,1217,1211,1217,626
2025-10-22 09:00:00,1221,1222,1217,1218,1198
2025-10-22 09:10:00,1219,1219,1216,1218,559
2025-10-22 09:20:00,1218,1218,1215,1217,1158
2025-10-22 09:30:00,1215,1217,1215,1217,129
2025-10-22 09:40:00,1217,1218,1217,1218,221
2025-10-22 09:50:00,1218,1218,1218,1218,20
2025-10-22 10:00:00,1217,1218,1210,1214,1118
2025-10-22 10:10:00,1212,1215,1210,1214,268
2025-10-22 10:20:00,1216,1217,1214,1217,262
2025-10-22 10:30:00,1217,1217,1216,1216,57
2025-10-22 10:40:00,1216,1223,1216,1222,2060
2025-10-22 10:50:00,1222,1222,1222,1222,10
2025-10-22 11:00:00,1221,1224,1221,1223,873
2025-10-22 11:10:00,1224,1225,1221,1221,275
2025-10-22 11:20:00,1220,1222,1219,1222,74
2025-10-22 11:30:00,1222,1231,1222,1231,723
2025-10-22 11:40:00,1231,1235,1226,1226,2778
2025-10-22 11:50:00,1228,1229,1226,1229,267
2025-10-22 12:00:00,1229,1230,1229,1230,557
2025-10-22 12:10:00,1228,1228,1227,1227,121
2025-10-22 12:20:00,1225,1225,1225,1225,10
2025-10-22 12:30:00,1230,1234,1230,1232,697
2025-10-22 12:40:00,1234,1234,1234,1234,39
2025-10-22 12:50:00,1232,1232,1230,1230,98
2025-10-22 13:00:00,1231,1232,1230,1230,151
2025-10-22 13:10:00,1229,1229,1226,1227,110
2025-10-22 13:20:00,1226,1227,1226,1227,110
2025-10-22 13:30:00,1227,1227,1215,1215,7468
2025-10-22 13:40:00,1216,1216,1211,1212,1849
2025-10-22 13:50:00,1213,1213,1211,1213,123
2025-10-22 14:00:00,1213,1214,1210,1210,816
2025-10-22 14:10:00,1209,1214,1206,1214,719
2025-10-22 14:20:00,1214,1216,1213,1215,248
2025-10-22 14:30:00,1213,1215,1209,1214,558
2025-10-22 14:40:00,1214,1215,1214,1215,80
2025-10-22 15:00:00,1213,1213,1212,1213,79
2025-10-22 15:10:00,1212,1217,1212,1217,46
2025-10-22 15:30:00,1211,1214,1210,1214,130
2025-10-22 15:40:00,1210,1210,1205,1206,1517
2025-10-22 15:50:00,1205,1205,1200,1202,964
2025-10-22 16:00:00,1201,1206,1201,1206,1092
2025-10-22 16:10:00,1203,1212,1203,1212,908
2025-10-22 16:20:00,1210,1215,1210,1214,143
2025-10-22 16:30:00,1213,1218,1213,1218,523
2025-10-22 16:40:00,1217,1217,1217,1217,16
2025-10-22 16:50:00,1216,1217,1213,1213,388
2025-10-22 17:00:00,1218,1218,1215,1218,157
2025-10-22 17:10:00,1219,1219,1219,1219,140
2025-10-22 17:20:00,1215,1218,1214,1214,69
2025-10-22 17:30:00,1216,1217,1214,1214,102
2025-10-22 17:40:00,1215,1215,1213,1213,169
2025-10-22 17:50:00,1217,1217,1211,1213,963
2025-10-22 18:00:00,1214,1215,1214,1215,22
2025-10-22 18:10:00,1215,1215,1215,1215,22
2025-10-22 18:20:00,1214,1214,1211,1211,28
2025-10-22 18:30:00,1212,1217,1212,1217,34
2025-10-22 18:40:00,1210,1210,1210,1210,1
2025-10-22 19:00:00,1212,1212,1210,1210,6
2025-10-22 19:10:00,1212,1213,1212,1213,53
2025-10-22 19:20:00,1212,1214,1210,1211,32
2025-10-22 19:30:00,1214,1214,1214,1214,2
2025-10-22 19:40:00,1215,1215,1214,1215,91
2025-10-22 19:50:00,1215,1215,1215,1215,10
2025-10-22 20:00:00,1216,1216,1216,1216,1
2025-10-22 20:10:00,1216,1216,1216,1216,2
2025-10-22 20:20:00,1213,1213,1213,1213,5
2025-10-22 20:30:00,1213,1213,1210,1210,12
2025-10-22 20:40:00,1212,1213,1212,1213,49
2025-10-22 20:50:00,1213,1213,1213,1213,12
2025-10-22 21:00:00,1213,1213,1210,1213,29
2025-10-22 21:10:00,1213,1213,1210,1213,31
2025-10-22 21:20:00,1213,1213,1213,1213,12
2025-10-22 21:30:00,1213,1213,1213,1213,1
2025-10-22 21:50:00,1213,1213,1212,1212,8
2025-10-22 22:00:00,1212,1212,1189,1197,4114
2025-10-22 22:10:00,1197,1200,1193,1200,1229
2025-10-22 22:20:00,1200,1200,1185,1191,3648
2025-10-22 22:30:00,1191,1194,1186,1193,656
2025-10-22 22:40:00,1190,1195,1188,1193,959
2025-10-22 22:50:00,1190,1194,1190,1194,380
2025-10-22 23:00:00,1192,1193,1184,1184,824
2025-10-22 23:10:00,1182,1186,1179,1184,1196
2025-10-22 23:20:00,1184,1199,1184,1199,818
2025-10-22 23:30:00,1199,1199,1195,1199,986
2025-10-22 23:40:00,1199,1200,1193,1198,264
2025-10-23 08:50:00,1191,1191,1191,1191,51
2025-10-23 09:00:00,1185,1191,1176,1181,805
2025-10-23 09:10:00,1182,1189,1181,1182,2719
2025-10-23 09:20:00,1182,1182,1181,1182,733
2025-10-23 09:30:00,1180,1182,1179,1181,1190
2025-10-23 09:40:00,1181,1181,1179,1179,84
2025-10-23 09:50:00,1178,1178,1165,1165,956
2025-10-23 10:00:00,1168,1171,1161,1167,3442
2025-10-23 10:10:00,1169,1174,1169,1172,777
2025-10-23 10:20:00,1172,1174,1169,1174,964
2025-10-23 10:30:00,1174,1178,1172,1176,1838
2025-10-23 10:40:00,1174,1174,1171,1173,302
2025-10-23 10:50:00,1173,1173,1171,1173,370
2025-10-23 11:00:00,1171,1176,1169,1174,502
2025-10-23 11:10:00,1175,1177,1175,1175,732
2025-10-23 11:20:00,1177,1177,1177,1177,6
2025-10-23 11:30:00,1177,1177,1169,1169,635
2025-10-23 11:40:00,1169,1170,1167,1169,743
2025-10-23 11:50:00,1169,1170,1167,1168,2289
2025-10-23 12:00:00,1168,1170,1164,1169,2045
2025-10-23 12:10:00,1169,1171,1168,1169,252
2025-10-23 12:20:00,1169,1176,1169,1175,1593
2025-10-23 12:30:00,1175,1179,1174,1178,583
2025-10-23 12:40:00,1177,1177,1176,1176,135
2025-10-23 12:50:00,1179,1179,1179,1179,5
2025-10-23 13:00:00,1178,1180,1178,1180,162
2025-10-23 13:10:00,1180,1181,1178,1179,54
2025-10-23 13:20:00,1178,1178,1176,1176,812
2025-10-23 13:30:00,1176,1178,1175,1178,264
2025-10-23 13:40:00,1178,1178,1178,1178,1
2025-10-23 13:50:00,1175,1175,1171,1175,613
2025-10-23 14:00:00,1174,1177,1174,1174,309
2025-10-23 14:10:00,1175,1192,1175,1192,2135
2025-10-23 14:20:00,1194,1196,1192,1193,904
2025-10-23 14:30:00,1195,1203,1195,1197,494
2025-10-23 14:40:00,1199,1199,1193,1194,119
2025-10-23 14:50:00,1191,1191,1187,1189,2353
2025-10-23 15:00:00,1192,1193,1192,1193,65
2025-10-23 15:10:00,1194,1195,1194,1194,193
2025-10-23 15:20:00,1194,1194,1190,1190,141
2025-10-23 15:30:00,1190,1195,1190,1195,1189
2025-10-23 15:40:00,1191,1194,1191,1194,117
2025-10-23 15:50:00,1195,1195,1191,1191,74
2025-10-23 16:00:00,1193,1194,1193,1194,124
2025-10-23 16:10:00,1194,1197,1192,1192,1677
2025-10-23 16:20:00,1194,1194,1194,1194,20
2025-10-23 16:30:00,1195,1196,1193,1193,548
2025-10-23 16:40:00,1192,1197,1192,1192,1024
2025-10-23 16:50:00,1193,1194,1193,1194,3
2025-10-23 17:00:00,1192,1193,1191,1192,41
2025-10-23 17:10:00,1192,1193,1192,1193,53
2025-10-23 17:20:00,1192,1192,1191,1192,124
2025-10-23 17:30:00,1191,1191,1191,1191,4
2025-10-23 17:40:00,1193,1193,1193,1193,6
2025-10-23 17:50:00,1193,1195,1191,1195,79
2025-10-23 18:00:00,1195,1197,1194,1194,52
2025-10-23 18:10:00,1195,1195,1195,1195,23
2025-10-23 18:20:00,1197,1197,1192,1192,624
2025-10-23 18:30:00,1192,1210,1191,1202,3090
2025-10-23 18:40:00,1202,1208,1193,1195,410
2025-10-23 19:00:00,1192,1199,1192,1199,146
2025-10-23 19:10:00,1196,1201,1196,1201,245
2025-10-23 19:20:00,1202,1210,1202,1207,240
2025-10-23 19:30:00,1205,1207,1202,1202,190
2025-10-23 19:40:00,1206,1208,1206,1206,159
2025-10-23 19:50:00,1202,1202,1202,1202,26
2025-10-23 20:00:00,1206,1207,1202,1205,523
2025-10-23 20:10:00,1205,1205,1205,1205,8
2025-10-23 20:30:00,1205,1210,1205,1210,26
2025-10-23 20:40:00,1210,1211,1210,1211,100
2025-10-23 20:50:00,1210,1210,1207,1207,37
2025-10-23 21:00:00,1210,1212,1210,1212,104
2025-10-23 21:10:00,1209,1218,1209,1215,591
2025-10-23 21:20:00,1215,1215,1213,1215,33
2025-10-23 21:40:00,1214,1214,1213,1214,20
2025-10-23 21:50:00,1215,1216,1214,1216,52
2025-10-23 22:00:00,1215,1216,1215,1216,60
2025-10-23 22:10:00,1216,1216,1212,1212,260
2025-10-23 22:20:00,1212,1212,1212,1212,6
2025-10-23 22:30:00,1212,1212,1212,1212,27
2025-10-23 22:40:00,1212,1212,1212,1212,20
2025-10-23 22:50:00,1210,1212,1210,1212,1000
2025-10-23 23:00:00,1210,1212,1210,1212,472
2025-10-23 23:10:00,1210,1214,1210,1213,118
2025-10-23 23:20:00,1213,1220,1213,1220,638
2025-10-23 23:30:00,1220,1220,1216,1216,78
2025-10-23 23:40:00,1218,1219,1215,1215,193
2025-10-24 09:00:00,1215,1221,1213,1219,534
2025-10-24 09:10:00,1215,1215,1210,1210,453
2025-10-24 09:20:00,1210,1211,1206,1206,526
2025-10-24 09:30:00,1207,1212,1205,1212,129
2025-10-24 09:40:00,1209,1212,1208,1212,505
2025-10-24 09:50:00,1212,1213,1210,1210,1419
2025-10-24 10:00:00,1210,1211,1207,1209,243
2025-10-24 10:10:00,1205,1208,1204,1204,320
2025-10-24 10:20:00,1206,1207,1204,1204,116
2025-10-24 10:30:00,1206,1212,1206,1211,492
2025-10-24 10:40:00,1211,1211,1211,1211,5
2025-10-24 10:50:00,1214,1214,1211,1212,503
2025-10-24 11:00:00,1215,1217,1214,1217,260
2025-10-24 11:10:00,1217,1218,1217,1218,111
2025-10-24 11:20:00,1218,1220,1218,1219,117
2025-10-24 11:30:00,1219,1219,1217,1217,726
2025-10-24 11:40:00,1216,1219,1214,1219,872
2025-10-24 11:50:00,1219,1219,1219,1219,101
2025-10-24 12:00:00,1220,1222,1216,1218,2009
2025-10-24 12:10:00,1218,1219,1214,1214,320
2025-10-24 12:20:00,1213,1214,1212,1213,893
2025-10-24 12:30:00,1214,1215,1214,1215,54
2025-10-24 12:40:00,1216,1216,1214,1214,66
2025-10-24 12:50:00,1212,1213,1212,1212,539
2025-10-24 13:00:00,1210,1213,1210,1213,1273
2025-10-24 13:10:00,1212,1214,1212,1213,219
2025-10-24 13:20:00,1214,1224,1214,1220,1288
2025-10-24 13:30:00,1220,1255,1194,1194,15181
2025-10-24 13:40:00,1195,1196,1185,1185,4606
2025-10-24 13:50:00,1187,1196,1185,1187,4411
2025-10-24 14:00:00,1186,1186,1177,1184,4486
2025-10-24 14:10:00,1183,1186,1178,1181,1235
2025-10-24 14:20:00,1179,1185,1174,1185,2403
2025-10-24 14:30:00,1184,1190,1182,1190,799
2025-10-24 14:40:00,1191,1195,1187,1195,1134
2025-10-24 14:50:00,1194,1196,1194,1195,149
2025-10-24 15:00:00,1195,1195,1185,1192,1053
2025-10-24 15:10:00,1189,1198,1188,1197,2508
2025-10-24 15:20:00,1198,1198,1195,1195,842
2025-10-24 15:30:00,1196,1197,1194,1197,29
2025-10-24 15:40:00,1194,1198,1194,1194,153
2025-10-24 15:50:00,1196,1200,1196,1197,625
2025-10-24 16:00:00,1197,1197,1194,1195,550
2025-10-24 16:10:00,1198,1200,1198,1200,632
2025-10-24 16:20:00,1201,1201,1195,1195,1231
2025-10-24 16:30:00,1196,1196,1181,1181,7797
2025-10-24 16:40:00,1182,1186,1182,1186,440
2025-10-24 16:50:00,1185,1186,1185,1186,2202
2025-10-24 17:00:00,1186,1186,1183,1183,177
2025-10-24 17:10:00,1183,1183,1183,1183,930
2025-10-24 17:20:00,1182,1189,1182,1189,207
2025-10-24 17:30:00,1187,1192,1187,1192,1126
2025-10-24 17:40:00,1192,1201,1189,1193,2922
2025-10-24 18:00:00,1193,1193,1193,1193,13
2025-10-24 18:10:00,1193,1193,1191,1191,45
2025-10-24 18:20:00,1191,1191,1189,1189,124
2025-10-24 18:40:00,1193,1193,1193,1193,1
2025-10-24 19:00:00,1188,1189,1188,1189,2
2025-10-24 19:10:00,1189,1191,1186,1191,88
2025-10-24 19:30:00,1188,1188,1188,1188,30
2025-10-24 19:40:00,1188,1188,1188,1188,1
2025-10-24 19:50:00,1189,1191,1189,1191,2
2025-10-24 20:00:00,1191,1191,1191,1191,18
2025-10-24 20:20:00,1191,1196,1191,1195,195
2025-10-24 20:50:00,1193,1193,1193,1193,40
2025-10-24 21:00:00,1192,1192,1191,1191,9
2025-10-24 21:20:00,1191,1192,1190,1192,143
2025-10-24 21:30:00,1191,1191,1191,1191,159
2025-10-24 21:40:00,1190,1190,1190,1190,50
2025-10-24 22:00:00,1193,1193,1193,1193,2
2025-10-24 22:40:00,1193,1193,1193,1193,10
2025-10-24 22:50:00,1191,1191,1189,1189,50
2025-10-24 23:00:00,1192,1192,1191,1191,40
2025-10-24 23:20:00,1190,1190,1190,1190,82
2025-10-24 23:30:00,1190,1190,1190,1190,116
2025-10-24 23:40:00,1189,1189,1183,1183,248
2025-10-27 08:50:00,1183,1183,1183,1183,10
2025-10-27 09:00:00,1177,1177,1165,1165,368
2025-10-27 09:10:00,1166,1171,1165,1168,803
2025-10-27 09:20:00,1167,1167,1158,1162,1219
2025-10-27 09:30:00,1162,1165,1159,1165,1863
2025-10-27 09:40:00,1165,1165,1162,1162,858
2025-10-27 09:50:00,1162,1162,1157,1158,944
2025-10-27 10:00:00,1161,1169,1159,1169,716
2025-10-27 10:10:00,1168,1170,1165,1165,1438
2025-10-27 10:20:00,1167,1169,1164,1164,440
2025-10-27 10:30:00,1164,1170,1164,1170,107
2025-10-27 10:40:00,1170,1170,1167,1169,418
2025-10-27 10:50:00,1167,1171,1167,1171,251
2025-10-27 11:00:00,1172,1172,1169,1169,184
2025-10-27 11:10:00,1168,1169,1168,1168,104
2025-10-27 11:20:00,1168,1168,1164,1164,361
2025-10-27 11:30:00,1167,1171,1167,1171,2271
2025-10-27 11:40:00,1171,1174,1171,1171,50
2025-10-27 11:50:00,1169,1171,1169,1171,106
2025-10-27 12:00:00,1171,1173,1171,1173,26
2025-10-27 12:10:00,1172,1174,1172,1174,527
2025-10-27 12:20:00,1174,1176,1173,1174,235
2025-10-27 12:30:00,1174,1180,1173,1180,143
2025-10-27 12:40:00,1179,1179,1172,1173,994
2025-10-27 12:50:00,1173,1173,1169,1170,337
2025-10-27 13:00:00,1170,1173,1170,1173,114
2025-10-27 13:10:00,1174,1174,1173,1173,54
2025-10-27 13:20:00,1173,1173,1168,1168,52
2025-10-27 13:30:00,1171,1171,1165,1165,127
2025-10-27 13:40:00,1165,1170,1164,1170,810
2025-10-27 13:50:00,1169,1169,1168,1168,32
2025-10-27 14:10:00,1169,1169,1166,1166,634
2025-10-27 14:20:00,1165,1170,1164,1164,2027
2025-10-27 14:30:00,1165,1165,1162,1162,2386
2025-10-27 14:40:00,1162,1164,1160,1161,1236
2025-10-27 14:50:00,1163,1166,1159,1159,1667
2025-10-27 15:00:00,1157,1163,1156,1161,1708
2025-10-27 15:10:00,1161,1171,1159,1171,2199
2025-10-27 15:20:00,1171,1173,1170,1170,2639
2025-10-27 15:30:00,1169,1170,1166,1170,1017
2025-10-27 15:40:00,1169,1173,1169,1173,275
2025-10-27 15:50:00,1173,1173,1171,1173,36
2025-10-27 16:00:00,1172,1172,1172,1172,97
2025-10-27 16:10:00,1170,1172,1169,1171,73
2025-10-27 16:20:00,1172,1172,1166,1166,345
2025-10-27 16:30:00,1167,1168,1166,1168,50
2025-10-27 16:40:00,1168,1168,1168,1168,39
2025-10-27 17:00:00,1168,1168,1165,1167,69
2025-10-27 17:10:00,1167,1170,1167,1170,390
2025-10-27 17:20:00,1173,1173,1173,1173,1461
2025-10-27 17:30:00,1173,1180,1173,1176,676
2025-10-27 17:40:00,1176,1176,1171,1171,94
2025-10-27 17:50:00,1173,1173,1173,1173,1
2025-10-27 18:00:00,1172,1176,1171,1174,114
2025-10-27 18:10:00,1173,1175,1173,1175,42
2025-10-27 18:30:00,1174,1174,1174,1174,15
2025-10-27 18:40:00,1174,1177,1172,1177,24
2025-10-27 19:00:00,1175,1176,1175,1176,15
2025-10-27 19:30:00,1172,1172,1172,1172,1
2025-10-27 19:40:00,1175,1176,1175,1176,27
2025-10-27 19:50:00,1174,1174,1174,1174,90
2025-10-27 20:00:00,1175,1175,1175,1175,8
2025-10-27 20:10:00,1175,1175,1175,1175,2
2025-10-27 20:20:00,1174,1174,1174,1174,120
2025-10-27 20:30:00,1174,1174,1174,1174,544
2025-10-27 20:40:00,1174,1174,1174,1174,76
2025-10-27 21:00:00,1175,1176,1175,1176,1001
2025-10-27 21:10:00,1174,1176,1172,1176,104
2025-10-27 21:20:00,1172,1175,1172,1175,122
2025-10-27 21:30:00,1175,1175,1171,1175,911
2025-10-27 21:40:00,1175,1175,1175,1175,10
2025-10-27 21:50:00,1174,1174,1174,1174,5
2025-10-27 22:00:00,1174,1175,1174,1174,80
2025-10-27 22:10:00,1174,1174,1172,1172,50
2025-10-27 22:20:00,1173,1173,1173,1173,1
2025-10-27 22:30:00,1174,1174,1174,1174,301
2025-10-27 22:40:00,1174,1176,1174,1176,300
2025-10-27 22:50:00,1173,1175,1173,1175,10
2025-10-27 23:00:00,1173,1176,1172,1172,110
2025-10-27 23:10:00,1175,1175,1175,1175,3
2025-10-27 23:20:00,1175,1175,1172,1172,6
2025-10-27 23:30:00,1172,1172,1171,1171,11
2025-10-27 23:40:00,1171,1171,1169,1169,50
2025-10-28 08:50:00,1183,1183,1183,1183,79
2025-10-28 09:00:00,1184,1197,1184,1195,3306
2025-10-28 09:10:00,1197,1200,1192,1195,3468
2025-10-28 09:20:00,1196,1201,1194,1199,1983
2025-10-28 09:30:00,1198,1198,1194,1195,963
2025-10-28 09:40:00,1194,1197,1190,1197,1373
2025-10-28 09:50:00,1197,1200,1193,1200,684
2025-10-28 10:00:00,1200,1201,1192,1200,3905
2025-10-28 10:10:00,1197,1202,1197,1201,1969
2025-10-28 10:20:00,1200,1200,1196,1196,597
2025-10-28 10:30:00,1199,1200,1196,1196,480
2025-10-28 10:40:00,1196,1197,1192,1193,645
2025-10-28 10:50:00,1194,1201,1194,1200,1455
2025-10-28 11:00:00,1200,1204,1200,1204,1546
2025-10-28 11:10:00,1203,1205,1202,1203,4666
2025-10-28 11:20:00,1202,1202,1200,1201,259
2025-10-28 11:30:00,1199,1199,1197,1197,158
2025-10-28 11:40:00,1198,1202,1198,1202,48
2025-10-28 11:50:00,1203,1206,1199,1204,1604
2025-10-28 12:00:00,1205,1205,1199,1200,184
2025-10-28 12:10:00,1203,1209,1203,1203,2008
2025-10-28 12:20:00,1205,1205,1200,1200,401
2025-10-28 12:30:00,1201,1201,1200,1201,430
2025-10-28 12:40:00,1201,1204,1201,1203,401
2025-10-28 12:50:00,1203,1203,1203,1203,1
2025-10-28 13:00:00,1203,1203,1198,1198,1761
2025-10-28 13:10:00,1198,1202,1198,1202,167
2025-10-28 13:20:00,1200,1202,1199,1199,134
2025-10-28 13:30:00,1197,1199,1197,1199,6
2025-10-28 13:40:00,1201,1201,1199,1199,71
2025-10-28 13:50:00,1199,1199,1195,1195,29
2025-10-28 14:00:00,1197,1201,1197,1201,29
2025-10-28 14:10:00,1202,1202,1200,1200,63
2025-10-28 14:20:00,1202,1203,1200,1200,64
2025-10-28 14:30:00,1201,1203,1201,1202,94
2025-10-28 14:40:00,1201,1201,1198,1200,229
2025-10-28 15:00:00,1200,1202,1200,1202,72
2025-10-28 15:10:00,1202,1202,1198,1198,1258
2025-10-28 15:30:00,1201,1201,1195,1195,2300
2025-10-28 15:40:00,1195,1195,1193,1193,271
2025-10-28 15:50:00,1192,1192,1190,1190,173
2025-10-28 16:00:00,1190,1192,1190,1191,662
2025-10-28 16:10:00,1194,1195,1194,1194,221
2025-10-28 16:20:00,1192,1192,1181,1186,2899
2025-10-28 16:30:00,1186,1187,1183,1185,1184
2025-10-28 16:40:00,1183,1187,1182,1187,61
2025-10-28 16:50:00,1188,1190,1188,1190,651
2025-10-28 17:00:00,1190,1191,1188,1190,399
2025-10-28 17:10:00,1192,1196,1191,1196,453
2025-10-28 17:20:00,1195,1198,1195,1198,191
2025-10-28 17:30:00,1198,1199,1194,1194,288
2025-10-28 17:40:00,1192,1195,1192,1193,118
2025-10-28 17:50:00,1196,1196,1196,1196,30
2025-10-28 18:00:00,1194,1196,1185,1189,492
2025-10-28 18:10:00,1186,1186,1184,1186,59
2025-10-28 18:20:00,1188,1191,1186,1186,330
2025-10-28 18:30:00,1185,1185,1183,1184,425
2025-10-28 18:40:00,1184,1191,1184,1191,17
2025-10-28 19:00:00,1185,1186,1185,1186,75
2025-10-28 19:10:00,1188,1191,1188,1191,80
2025-10-28 19:20:00,1189,1189,1186,1189,27
2025-10-28 19:30:00,1189,1192,1189,1192,42
2025-10-28 19:40:00,1192,1193,1192,1193,350
2025-10-28 19:50:00,1193,1197,1193,1197,833
2025-10-28 20:00:00,1196,1200,1196,1200,161
2025-10-28 20:10:00,1200,1202,1195,1202,826
2025-10-28 20:20:00,1201,1204,1201,1204,150
2025-10-28 20:30:00,1201,1201,1200,1200,161
2025-10-28 20:40:00,1202,1203,1202,1203,574
2025-10-28 20:50:00,1201,1201,1197,1197,218
2025-10-28 21:00:00,1199,1199,1199,1199,10
2025-10-28 21:10:00,1198,1198,1198,1198,3
2025-10-28 21:20:00,1198,1198,1198,1198,7
2025-10-28 21:30:00,1198,1198,1198,1198,10
2025-10-28 21:40:00,1199,1200,1199,1200,40
2025-10-28 21:50:00,1198,1199,1198,1199,12
2025-10-28 22:10:00,1199,1202,1199,1202,190
2025-10-28 22:30:00,1202,1202,1199,1199,51
2025-10-28 23:20:00,1199,1199,1199,1199,34
2025-10-28 23:40:00,1198,1198,1198,1198,11
2025-10-29 09:00:00,1198,1201,1195,1195,553
2025-10-29 09:10:00,1199,1199,1195,1198,210
2025-10-29 09:20:00,1197,1197,1197,1197,29
2025-10-29 09:30:00,1196,1196,1196,1196,75
2025-10-29 09:40:00,1194,1194,1194,1194,22
2025-10-29 09:50:00,1199,1201,1199,1201,97
2025-10-29 10:00:00,1199,1202,1197,1202,2197
2025-10-29 10:10:00,1200,1204,1198,1201,276
2025-10-29 10:20:00,1202,1204,1202,1204,328
2025-10-29 10:30:00,1203,1206,1197,1197,535
2025-10-29 10:40:00,1199,1204,1199,1204,376
2025-10-29 10:50:00,1200,1204,1200,1204,47
2025-10-29 11:00:00,1204,1206,1200,1204,235
2025-10-29 11:10:00,1204,1204,1204,1204,3
2025-10-29 11:20:00,1204,1204,1198,1198,150
2025-10-29 11:30:00,1202,1202,1202,1202,1
2025-10-29 11:40:00,1203,1203,1200,1200,185
2025-10-29 11:50:00,1202,1202,1202,1202,56
2025-10-29 12:00:00,1204,1205,1202,1202,152
2025-10-29 12:10:00,1201,1201,1198,1198,153
2025-10-29 12:20:00,1196,1200,1196,1200,114
2025-10-29 12:30:00,1198,1198,1198,1198,22
2025-10-29 12:40:00,1201,1201,1200,1200,51
2025-10-29 12:50:00,1201,1201,1201,1201,25
2025-10-29 13:00:00,1201,1202,1201,1202,604
2025-10-29 13:10:00,1202,1202,1200,1200,59
2025-10-29 13:20:00,1201,1201,1201,1201,36
2025-10-29 13:30:00,1200,1203,1200,1203,314
2025-10-29 13:40:00,1200,1204,1200,1204,533
2025-10-29 13:50:00,1203,1203,1203,1203,25
2025-10-29 14:00:00,1201,1204,1201,1204,31
2025-10-29 14:10:00,1204,1204,1202,1203,37
2025-10-29 14:20:00,1204,1204,1195,1195,471
2025-10-29 14:30:00,1197,1197,1194,1195,150
2025-10-29 14:40:00,1195,1197,1195,1197,51
2025-10-29 14:50:00,1199,1199,1199,1199,1
2025-10-29 15:00:00,1197,1198,1197,1198,45
2025-10-29 15:10:00,1195,1199,1194,1199,116
2025-10-29 15:20:00,1199,1199,1199,1199,9
2025-10-29 15:30:00,1194,1194,1193,1193,101
2025-10-29 15:40:00,1194,1196,1192,1196,180
2025-10-29 15:50:00,1194,1194,1192,1192,675
2025-10-29 16:00:00,1192,1192,1191,1192,171
2025-10-29 16:10:00,1192,1195,1190,1195,339
2025-10-29 16:30:00,1193,1193,1192,1192,273
2025-10-29 16:40:00,1194,1194,1188,1190,1337
2025-10-29 16:50:00,1195,1200,1195,1200,256
2025-10-29 17:00:00,1197,1197,1191,1191,745
2025-10-29 17:10:00,1194,1196,1194,1196,112
2025-10-29 17:20:00,1197,1200,1194,1199,1423
2025-10-29 17:30:00,1199,1202,1199,1202,528
2025-10-29 17:40:00,1200,1200,1200,1200,33
2025-10-29 17:50:00,1200,1200,1200,1200,400
2025-10-29 18:00:00,1197,1200,1196,1197,487
2025-10-29 18:10:00,1197,1198,1197,1198,21
2025-10-29 18:20:00,1202,1203,1201,1203,115
2025-10-29 18:30:00,1204,1206,1204,1206,141
2025-10-29 18:40:00,1206,1208,1206,1208,126
2025-10-29 19:00:00,1203,1208,1201,1208,678
2025-10-29 19:10:00,1207,1207,1203,1203,56
2025-10-29 19:20:00,1203,1205,1201,1205,112
2025-10-29 19:30:00,1203,1203,1203,1203,4
2025-10-29 19:40:00,1202,1202,1202,1202,3
2025-10-29 20:00:00,1204,1206,1204,1206,25
2025-10-29 20:10:00,1202,1202,1202,1202,7
2025-10-29 20:20:00,1206,1206,1202,1202,101
2025-10-29 20:30:00,1203,1203,1203,1203,31
2025-10-29 20:40:00,1202,1202,1200,1200,93
2025-10-29 20:50:00,1202,1203,1196,1198,1513
2025-10-29 21:10:00,1202,1203,1202,1203,804
2025-10-29 21:20:00,1201,1201,1201,1201,3
2025-10-29 21:30:00,1204,1205,1202,1202,142
2025-10-29 21:40:00,1202,1204,1201,1204,72
2025-10-29 21:50:00,1201,1201,1201,1201,2
2025-10-29 22:10:00,1204,1204,1204,1204,3
2025-10-29 22:40:00,1204,1205,1204,1205,2
2025-10-29 23:10:00,1203,1203,1203,1203,10
2025-10-29 23:20:00,1203,1203,1203,1203,4
2025-10-29 23:30:00,1203,1205,1203,1203,117
2025-10-29 23:40:00,1205,1205,1205,1205,8
2025-10-30 09:00:00,1203,1206,1202,1206,6
2025-10-30 09:10:00,1207,1210,1207,1210,778
2025-10-30 09:20:00,1210,1213,1209,1213,955
2025-10-30 09:30:00,1213,1213,1209,1211,120
2025-10-30 09:40:00,1208,1214,1208,1213,623
2025-10-30 09:50:00,1209,1213,1209,1213,66
2025-10-30 10:00:00,1212,1219,1212,1215,781
2025-10-30 10:10:00,1215,1215,1213,1215,215
2025-10-30 10:20:00,1215,1216,1209,1210,850
2025-10-30 10:30:00,1212,1215,1212,1212,99
2025-10-30 10:40:00,1214,1214,1210,1210,668
2025-10-30 10:50:00,1212,1213,1207,1209,1103
2025-10-30 11:00:00,1210,1211,1210,1211,495
2025-10-30 11:10:00,1211,1213,1209,1211,764
2025-10-30 11:20:00,1212,1212,1209,1211,55
2025-10-30 11:30:00,1211,1214,1211,1214,1085
2025-10-30 11:40:00,1211,1211,1210,1210,56
2025-10-30 11:50:00,1210,1213,1209,1212,254
2025-10-30 12:00:00,1213,1215,1213,1215,63
2025-10-30 12:10:00,1214,1216,1214,1215,9722
2025-10-30 12:20:00,1216,1217,1215,1215,460
2025-10-30 12:30:00,1215,1218,1215,1218,350
2025-10-30 12:40:00,1218,1219,1216,1216,1160
2025-10-30 12:50:00,1216,1218,1216,1217,776
2025-10-30 13:00:00,1217,1220,1217,1219,6261
2025-10-30 13:10:00,1219,1220,1216,1216,471
2025-10-30 13:20:00,1218,1219,1217,1218,422
2025-10-30 13:30:00,1216,1220,1216,1219,486
2025-10-30 13:50:00,1221,1221,1215,1215,1804
2025-10-30 14:00:00,1215,1215,1214,1214,8
2025-10-30 14:10:00,1216,1216,1214,1214,36
2025-10-30 14:20:00,1215,1215,1215,1215,150
2025-10-30 14:30:00,1216,1217,1214,1217,259
2025-10-30 14:40:00,1216,1217,1216,1217,51
2025-10-30 14:50:00,1215,1217,1215,1217,5
2025-10-30 15:00:00,1215,1217,1214,1214,285
2025-10-30 15:10:00,1214,1217,1214,1217,227
2025-10-30 15:20:00,1217,1217,1217,1217,10
2025-10-30 15:30:00,1214,1217,1214,1217,30
2025-10-30 15:40:00,1215,1217,1214,1217,175
2025-10-30 15:50:00,1217,1217,1216,1216,140
2025-10-30 16:00:00,1216,1216,1215,1215,70
2025-10-30 16:10:00,1214,1214,1210,1210,792
2025-10-30 16:20:00,1212,1213,1212,1212,527
2025-10-30 16:30:00,1211,1213,1209,1211,491
2025-10-30 16:40:00,1212,1219,1212,1218,384
2025-10-30 16:50:00,1217,1221,1217,1220,2324
2025-10-30 17:00:00,1221,1225,1220,1220,1953
2025-10-30 17:10:00,1221,1221,1220,1220,795
2025-10-30 17:20:00,1219,1221,1217,1221,684
2025-10-30 17:30:00,1218,1220,1218,1218,136
2025-10-30 17:40:00,1218,1220,1218,1220,58
2025-10-30 17:50:00,1218,1220,1216,1217,2516
2025-10-30 18:00:00,1216,1218,1215,1215,237
2025-10-30 18:10:00,1216,1216,1216,1216,112
2025-10-30 18:20:00,1217,1217,1215,1217,95
2025-10-30 18:40:00,1219,1223,1219,1220,89
2025-10-30 19:00:00,1220,1220,1220,1220,71
2025-10-30 19:20:00,1219,1222,1219,1221,254
2025-10-30 19:40:00,1220,1220,1220,1220,3
2025-10-30 19:50:00,1220,1220,1220,1220,51
2025-10-30 20:00:00,1218,1218,1217,1217,32
2025-10-30 20:20:00,1217,1217,1216,1216,89
2025-10-30 20:30:00,1217,1217,1217,1217,75
2025-10-30 21:40:00,1218,1219,1217,1219,41
2025-10-30 21:50:00,1217,1217,1217,1217,11
2025-10-30 22:00:00,1219,1220,1217,1217,191
2025-10-30 22:20:00,1218,1219,1217,1217,101
2025-10-30 22:30:00,1218,1219,1218,1219,12
2025-10-30 22:40:00,1218,1218,1218,1218,5
2025-10-30 22:50:00,1217,1217,1214,1214,500
2025-10-30 23:00:00,1216,1216,1216,1216,37
2025-10-30 23:10:00,1214,1214,1214,1214,108
2025-10-30 23:20:00,1216,1217,1215,1215,16
2025-10-30 23:40:00,1215,1215,1215,1215,100
2025-10-31 09:00:00,1219,1219,1219,1219,1
2025-10-31 09:10:00,1219,1219,1215,1219,78
2025-10-31 09:20:00,1219,1219,1211,1211,325
2025-10-31 09:30:00,1212,1212,1210,1211,460
2025-10-31 09:40:00,1211,1214,1211,1211,222
2025-10-31 09:50:00,1215,1215,1210,1214,83
2025-10-31 10:00:00,1214,1214,1208,1208,875
2025-10-31 10:10:00,1205,1208,1205,1208,270
2025-10-31 10:20:00,1208,1210,1206,1210,243
2025-10-31 10:30:00,1207,1210,1207,1210,734
2025-10-31 10:40:00,1210,1210,1209,1209,2767
2025-10-31 10:50:00,1210,1210,1209,1209,635
2025-10-31 11:00:00,1210,1214,1210,1214,125
2025-10-31 11:10:00,1214,1214,1213,1214,120
2025-10-31 11:20:00,1212,1212,1212,1212,34
2025-10-31 11:30:00,1209,1209,1208,1208,116
2025-10-31 11:40:00,1207,1207,1202,1203,1103
2025-10-31 11:50:00,1204,1206,1204,1206,107
2025-10-31 12:00:00,1204,1210,1204,1210,129
2025-10-31 12:20:00,1208,1209,1207,1209,28
2025-10-31 12:30:00,1208,1208,1208,1208,57
2025-10-31 12:40:00,1208,1208,1208,1208,1
2025-10-31 12:50:00,1209,1212,1209,1211,175
2025-10-31 13:00:00,1207,1207,1207,1207,50
2025-10-31 13:10:00,1208,1210,1208,1210,16
2025-10-31 13:20:00,1209,1209,1209,1209,15
2025-10-31 13:30:00,1206,1207,1205,1205,445
2025-10-31 13:40:00,1205,1206,1205,1206,28
2025-10-31 13:50:00,1206,1206,1204,1204,146
2025-10-31 14:10:00,1207,1207,1204,1205,129
2025-10-31 14:20:00,1205,1205,1203,1205,61
2025-10-31 14:30:00,1203,1203,1201,1202,602
2025-10-31 14:40:00,1204,1204,1204,1204,49
2025-10-31 14:50:00,1206,1211,1203,1211,648
2025-10-31 15:00:00,1211,1213,1211,1213,434
2025-10-31 15:10:00,1213,1213,1209,1210,1628
2025-10-31 15:20:00,1210,1213,1208,1213,661
2025-10-31 15:30:00,1213,1214,1210,1210,218
2025-10-31 15:40:00,1212,1212,1211,1212,98
2025-10-31 15:50:00,1211,1211,1211,1211,18
2025-10-31 16:00:00,1210,1212,1210,1212,10
2025-10-31 16:20:00,1210,1210,1210,1210,50
2025-10-31 16:30:00,1210,1210,1210,1210,18
2025-10-31 16:40:00,1209,1209,1201,1203,1293
2025-10-31 16:50:00,1204,1204,1204,1204,166
2025-10-31 17:20:00,1206,1206,1206,1206,1
2025-10-31 17:30:00,1205,1205,1203,1203,161
2025-10-31 17:40:00,1205,1205,1205,1205,1
2025-10-31 17:50:00,1205,1205,1205,1205,26
2025-10-31 18:00:00,1206,1207,1206,1207,397
2025-10-31 18:20:00,1205,1205,1202,1202,117
2025-10-31 18:30:00,1203,1203,1203,1203,64
2025-10-31 18:40:00,1201,1201,1201,1201,30
2025-10-31 19:00:00,1204,1204,1202,1202,3
2025-10-31 19:10:00,1205,1205,1204,1205,95
2025-10-31 19:20:00,1205,1205,1200,1200,135
2025-10-31 19:30:00,1200,1204,1200,1201,159
2025-10-31 19:50:00,1206,1206,1206,1206,2
2025-10-31 20:00:00,1202,1202,1191,1196,1938
2025-10-31 20:10:00,1192,1196,1192,1196,129
2025-10-31 20:20:00,1194,1196,1193,1195,474
2025-10-31 20:30:00,1198,1203,1198,1200,2181
2025-10-31 20:50:00,1203,1203,1203,1203,1
2025-10-31 21:00:00,1201,1201,1199,1199,61
2025-10-31 21:10:00,1199,1204,1198,1203,1298
2025-10-31 21:30:00,1202,1202,1202,1202,28
2025-10-31 21:40:00,1201,1201,1201,1201,100
2025-10-31 22:20:00,1201,1201,1201,1201,91
2025-10-31 22:40:00,1201,1202,1201,1202,2
2025-10-31 22:50:00,1200,1200,1200,1200,5
2025-10-31 23:10:00,1200,1202,1200,1202,45
2025-10-31 23:20:00,1200,1202,1197,1202,270
2025-10-31 23:30:00,1201,1201,1201,1201,150
2025-10-31 23:40:00,1203,1205,1203,1205,76
2025-11-01 08:50:00,1204,1204,1204,1204,1
2025-11-01 09:00:00,1207,1209,1207,1207,354
2025-11-01 09:20:00,1207,1207,1207,1207,180
2025-11-01 09:30:00,1207,1207,1207,1207,15
2025-11-01 09:50:00,1206,1206,1204,1205,214
2025-11-01 10:10:00,1204,1206,1204,1206,71
2025-11-01 10:30:00,1207,1207,1207,1207,4
2025-11-01 10:40:00,1204,1207,1204,1205,188
2025-11-01 10:50:00,1206,1206,1206,1206,560
2025-11-01 11:10:00,1205,1205,1205,1205,11
2025-11-01 11:20:00,1207,1208,1207,1208,700
2025-11-01 12:20:00,1208,1208,1208,1208,10
2025-11-01 12:40:00,1208,1208,1205,1205,11
2025-11-01 12:50:00,1207,1207,1207,1207,10
2025-11-01 13:00:00,1206,1206,1206,1206,99
2025-11-01 13:10:00,1203,1203,1202,1203,230
2025-11-01 13:20:00,1206,1206,1206,1206,2
2025-11-01 14:10:00,1202,1202,1202,1202,200
2025-11-01 14:30:00,1202,1203,1202,1203,28
2025-11-01 15:30:00,1201,1201,1198,1198,554
2025-11-01 15:40:00,1198,1198,1198,1198,2
2025-11-01 15:50:00,1198,1198,1198,1198,60
2025-11-01 16:00:00,1200,1200,1200,1200,533
2025-11-01 16:40:00,1199,1200,1196,1200,357
2025-11-01 17:00:00,1198,1198,1195,1195,13
2025-11-01 17:40:00,1197,1197,1196,1196,280
2025-11-01 17:50:00,1198,1198,1197,1197,80
2025-11-01 18:00:00,1200,1200,1200,1200,51
2025-11-01 18:10:00,1200,1201,1200,1201,140
2025-11-01 18:30:00,1200,1200,1200,1200,1
2025-11-01 19:00:00,1201,1201,1201,1201,50
2025-11-01 19:10:00,1201,1201,1201,1201,50
2025-11-01 19:20:00,1201,1201,1201,1201,400
2025-11-01 19:30:00,1200,1200,1197,1198,21
2025-11-01 19:40:00,1200,1200,1200,1200,1
2025-11-01 20:30:00,1198,1198,1198,1198,4
2025-11-01 20:50:00,1201,1206,1199,1205,1931
2025-11-01 21:00:00,1203,1203,1203,1203,100
2025-11-01 21:20:00,1202,1202,1201,1201,60
2025-11-01 22:20:00,1201,1201,1201,1201,2
2025-11-01 22:30:00,1203,1203,1203,1203,5
2025-11-01 23:20:00,1200,1202,1200,1202,21
2025-11-01 23:40:00,1199,1199,1199,1199,1
2025-11-03 09:00:00,1206,1211,1206,1210,714
2025-11-03 09:10:00,1210,1210,1206,1207,232
2025-11-03 09:20:00,1206,1209,1206,1209,37
2025-11-03 09:30:00,1210,1213,1210,1213,512
2025-11-03 09:40:00,1212,1212,1208,1208,92
2025-11-03 09:50:00,1208,1210,1208,1208,13
2025-11-03 10:00:00,1211,1217,1211,1217,821
2025-11-03 10:10:00,1216,1216,1214,1214,93
2025-11-03 10:20:00,1214,1214,1212,1213,169
2025-11-03 10:30:00,1213,1216,1213,1215,2588
2025-11-03 10:40:00,1213,1215,1213,1215,174
2025-11-03 10:50:00,1214,1215,1214,1215,11
2025-11-03 11:00:00,1215,1215,1212,1212,133
2025-11-03 11:10:00,1211,1211,1210,1210,76
2025-11-03 11:20:00,1209,1209,1208,1208,29
2025-11-03 11:30:00,1210,1210,1208,1208,339
2025-11-03 11:40:00,1206,1206,1206,1206,177
2025-11-03 11:50:00,1208,1208,1207,1207,56
2025-11-03 12:00:00,1208,1209,1208,1209,326
2025-11-03 12:10:00,1209,1209,1207,1207,7
2025-11-03 12:20:00,1206,1206,1204,1206,177
2025-11-03 12:30:00,1206,1207,1206,1207,68
2025-11-03 12:40:00,1205,1205,1205,1205,13
2025-11-03 12:50:00,1205,1205,1205,1205,2
2025-11-03 13:00:00,1205,1206,1205,1206,3
2025-11-03 13:20:00,1204,1204,1204,1204,201
2025-11-03 13:30:00,1203,1204,1199,1204,2424
2025-11-03 13:40:00,1204,1204,1204,1204,71
2025-11-03 13:50:00,1206,1206,1206,1206,2
2025-11-03 14:00:00,1204,1204,1204,1204,500
2025-11-03 14:10:00,1205,1205,1205,1205,1
2025-11-03 14:20:00,1205,1206,1204,1204,56
2025-11-03 14:40:00,1207,1207,1207,1207,1
2025-11-03 14:50:00,1207,1208,1207,1208,310
2025-11-03 15:10:00,1208,1208,1208,1208,10
2025-11-03 15:20:00,1207,1207,1207,1207,28
2025-11-03 15:30:00,1208,1208,1207,1207,7
2025-11-03 15:40:00,1205,1205,1205,1205,1
2025-11-03 15:50:00,1207,1207,1207,1207,10
2025-11-03 16:10:00,1208,1208,1207,1208,163
2025-11-03 16:20:00,1207,1207,1207,1207,7
2025-11-03 16:30:00,1206,1206,1206,1206,33
2025-11-03 16:40:00,1205,1205,1204,1205,58
2025-11-03 17:00:00,1204,1205,1204,1205,9
2025-11-03 17:20:00,1204,1204,1202,1202,104
2025-11-03 17:30:00,1202,1203,1202,1202,3
2025-11-03 17:40:00,1205,1205,1205,1205,2
2025-11-03 18:10:00,1204,1204,1204,1204,1
2025-11-03 18:20:00,1204,1204,1202,1202,70
2025-11-03 18:30:00,1202,1203,1202,1202,7
2025-11-03 18:40:00,1207,1207,1202,1202,57
2025-11-03 19:00:00,1202,1202,1199,1200,694
2025-11-03 19:10:00,1199,1199,1199,1199,2
2025-11-03 19:20:00,1202,1202,1198,1202,420
2025-11-03 19:30:00,1200,1200,1199,1199,100
2025-11-03 19:50:00,1202,1205,1202,1202,652
2025-11-03 20:10:00,1203,1203,1203,1203,80
2025-11-03 20:20:00,1204,1205,1204,1205,175
2025-11-03 20:30:00,1203,1203,1203,1203,42
2025-11-03 20:40:00,1203,1203,1203,1203,48
2025-11-03 20:50:00,1205,1205,1205,1205,1
2025-11-03 21:10:00,1203,1203,1203,1203,1
2025-11-03 21:40:00,1204,1205,1204,1205,100
2025-11-03 21:50:00,1202,1202,1202,1202,941
2025-11-03 22:00:00,1199,1199,1199,1199,126
2025-11-03 22:40:00,1200,1200,1199,1199,200
2025-11-03 23:40:00,1203,1203,1203,1203,8
2025-11-05 09:00:00,1202,1202,1195,1196,193
2025-11-05 09:10:00,1198,1198,1197,1197,56
2025-11-05 09:20:00,1200,1200,1197,1197,292
2025-11-05 09:30:00,1200,1200,1197,1197,70
2025-11-05 09:40:00,1198,1198,1198,1198,57
2025-11-05 09:50:00,1198,1198,1198,1198,13
2025-11-05 10:00:00,1198,1199,1198,1199,120
2025-11-05 10:10:00,1196,1196,1190,1192,1817
2025-11-05 10:20:00,1193,1193,1189,1193,890
2025-11-05 10:30:00,1194,1194,1190,1190,121
2025-11-05 10:40:00,1194,1195,1193,1195,7
2025-11-05 10:50:00,1193,1194,1190,1191,33
2025-11-05 11:10:00,1193,1195,1193,1195,132
2025-11-05 11:20:00,1194,1195,1193,1193,33
2025-11-05 11:30:00,1195,1195,1194,1194,21
2025-11-05 11:40:00,1193,1194,1193,1193,119
2025-11-05 11:50:00,1192,1192,1191,1191,40
2025-11-05 12:00:00,1194,1194,1193,1193,36
2025-11-05 12:10:00,1193,1193,1193,1193,11
2025-11-05 12:20:00,1193,1193,1189,1190,1973
2025-11-05 12:30:00,1191,1192,1191,1192,56
2025-11-05 12:40:00,1197,1197,1197,1197,3
2025-11-05 13:00:00,1196,1197,1196,1197,43
2025-11-05 13:10:00,1197,1198,1197,1198,136
2025-11-05 13:20:00,1198,1198,1198,1198,143
2025-11-05 13:30:00,1196,1200,1196,1198,1505
2025-11-05 13:40:00,1199,1201,1198,1201,500
2025-11-05 13:50:00,1201,1204,1201,1204,959
2025-11-05 14:00:00,1204,1205,1202,1202,451
2025-11-05 14:10:00,1202,1205,1201,1201,1127
2025-11-05 14:20:00,1203,1207,1202,1202,724
2025-11-05 14:30:00,1205,1208,1205,1207,433
2025-11-05 14:40:00,1206,1206,1203,1206,651
2025-11-05 14:50:00,1206,1207,1205,1205,516
2025-11-05 15:00:00,1207,1207,1204,1204,351
2025-11-05 15:10:00,1207,1207,1207,1207,17
2025-11-05 15:20:00,1205,1205,1202,1202,171
2025-11-05 15:30:00,1205,1205,1202,1204,70
2025-11-05 15:40:00,1203,1204,1200,1202,334
2025-11-05 15:50:00,1202,1203,1202,1203,7
2025-11-05 16:00:00,1203,1204,1202,1204,75
2025-11-05 16:10:00,1205,1208,1205,1208,183
2025-11-05 16:20:00,1208,1208,1208,1208,2
2025-11-05 16:30:00,1205,1205,1205,1205,80
2025-11-05 16:50:00,1203,1204,1197,1197,260
2025-11-05 17:00:00,1196,1200,1194,1197,604
2025-11-05 17:10:00,1197,1198,1192,1192,1046
2025-11-05 17:20:00,1192,1192,1185,1192,1882
2025-11-05 17:30:00,1192,1196,1192,1196,296
2025-11-05 17:40:00,1194,1194,1193,1193,112
2025-11-05 17:50:00,1194,1194,1193,1193,10
2025-11-05 18:00:00,1192,1197,1188,1196,1104
2025-11-05 18:10:00,1196,1196,1194,1194,58
2025-11-05 18:20:00,1193,1193,1189,1189,617
2025-11-05 18:30:00,1194,1194,1194,1194,54
2025-11-05 18:40:00,1190,1190,1189,1190,130
2025-11-05 19:10:00,1194,1194,1194,1194,1
2025-11-05 19:20:00,1194,1194,1194,1194,42
2025-11-05 19:30:00,1199,1201,1199,1201,860
2025-11-05 19:40:00,1201,1201,1199,1200,4
2025-11-05 19:50:00,1200,1200,1198,1198,45
2025-11-05 20:10:00,1199,1199,1197,1197,92
2025-11-05 20:30:00,1198,1198,1198,1198,10
2025-11-05 20:40:00,1196,1196,1196,1196,1
2025-11-05 20:50:00,1197,1197,1197,1197,1
2025-11-05 21:00:00,1198,1198,1198,1198,2
2025-11-05 21:10:00,1197,1197,1196,1196,24
2025-11-05 21:20:00,1198,1198,1198,1198,3
2025-11-05 21:30:00,1197,1197,1197,1197,1
2025-11-05 21:40:00,1197,1197,1197,1197,9
2025-11-05 21:50:00,1196,1197,1193,1194,1183
2025-11-05 22:10:00,1195,1195,1195,1195,80
2025-11-05 22:20:00,1196,1196,1196,1196,24
2025-11-05 22:30:00,1196,1197,1195,1197,394
2025-11-05 22:40:00,1198,1198,1198,1198,1
2025-11-05 22:50:00,1198,1198,1197,1198,73
2025-11-05 23:00:00,1197,1198,1197,1197,145
2025-11-05 23:10:00,1197,1197,1197,1197,198
2025-11-05 23:20:00,1196,1197,1196,1196,114
2025-11-05 23:40:00,1196,1196,1196,1196,7
2025-11-06 09:00:00,1198,1200,1196,1197,63
2025-11-06 09:10:00,1201,1201,1201,1201,12
2025-11-06 09:20:00,1196,1196,1195,1195,48
2025-11-06 09:40:00,1199,1202,1199,1202,1100
2025-11-06 09:50:00,1200,1202,1198,1198,931
2025-11-06 10:00:00,1199,1199,1193,1196,643
2025-11-06 10:10:00,1196,1196,1194,1194,148
2025-11-06 10:20:00,1194,1194,1190,1191,351
2025-11-06 10:30:00,1191,1192,1191,1192,28
2025-11-06 10:40:00,1192,1194,1192,1193,59
2025-11-06 10:50:00,1192,1192,1189,1189,142
2025-11-06 11:00:00,1193,1194,1193,1194,112
2025-11-06 11:10:00,1194,1194,1194,1194,28
2025-11-06 11:20:00,1195,1195,1195,1195,20
2025-11-06 11:30:00,1191,1192,1191,1192,284
2025-11-06 11:40:00,1191,1191,1191,1191,72
2025-11-06 11:50:00,1192,1192,1190,1190,62
2025-11-06 12:10:00,1190,1190,1189,1189,7
2025-11-06 12:20:00,1190,1190,1184,1188,1410
2025-11-06 12:30:00,1187,1187,1187,1187,27
2025-11-06 12:40:00,1190,1192,1187,1191,205
2025-11-06 12:50:00,1190,1190,1190,1190,41
2025-11-06 13:10:00,1191,1193,1191,1193,37
2025-11-06 13:20:00,1192,1193,1192,1193,23
2025-11-06 13:40:00,1191,1191,1190,1190,101
2025-11-06 13:50:00,1192,1192,1190,1190,10
2025-11-06 14:00:00,1190,1190,1189,1189,284
2025-11-06 14:10:00,1188,1191,1188,1191,6
2025-11-06 14:20:00,1192,1193,1192,1193,67
2025-11-06 14:30:00,1192,1193,1192,1193,47
2025-11-06 14:40:00,1194,1194,1194,1194,28
2025-11-06 14:50:00,1194,1194,1194,1194,47
2025-11-06 15:00:00,1195,1199,1195,1199,552
2025-11-06 15:10:00,1199,1201,1198,1199,454
2025-11-06 15:20:00,1199,1199,1194,1194,318
2025-11-06 15:30:00,1195,1195,1195,1195,217
2025-11-06 15:40:00,1195,1195,1193,1193,167
2025-11-06 15:50:00,1193,1195,1193,1195,121
2025-11-06 16:00:00,1194,1195,1193,1193,46
2025-11-06 16:10:00,1193,1193,1193,1193,7
2025-11-06 16:20:00,1193,1193,1193,1193,125
2025-11-06 16:30:00,1193,1193,1193,1193,75
2025-11-06 17:00:00,1192,1192,1190,1191,292
2025-11-06 17:10:00,1193,1196,1193,1196,155
2025-11-06 17:20:00,1195,1195,1191,1191,1485
2025-11-06 17:30:00,1193,1193,1191,1191,16
2025-11-06 17:40:00,1192,1193,1191,1193,211
2025-11-06 17:50:00,1191,1196,1191,1194,214
2025-11-06 18:00:00,1194,1194,1194,1194,10
2025-11-06 18:10:00,1194,1194,1194,1194,9
2025-11-06 18:20:00,1195,1197,1195,1197,17
2025-11-06 18:30:00,1196,1196,1195,1195,59
2025-11-06 18:40:00,1193,1194,1169,1193,5660
2025-11-06 20:10:00,1192,1193,1191,1193,640
2025-11-06 20:20:00,1193,1193,1193,1193,257
2025-11-06 20:30:00,1193,1195,1193,1195,74
2025-11-06 20:40:00,1195,1195,1195,1195,185
2025-11-06 20:50:00,1195,1198,1194,1198,233
2025-11-06 21:00:00,1199,1199,1197,1197,4
2025-11-06 21:10:00,1197,1200,1197,1200,1530
2025-11-06 21:20:00,1199,1200,1199,1200,300
2025-11-06 21:30:00,1198,1199,1198,1199,156
2025-11-06 21:50:00,1195,1195,1195,1195,1
2025-11-06 22:00:00,1199,1199,1199,1199,15
2025-11-06 22:30:00,1196,1196,1195,1195,22
2025-11-06 23:00:00,1195,1195,1195,1195,1
2025-11-06 23:30:00,1199,1199,1195,1195,102
2025-11-07 08:50:00,1184,1184,1184,1184,1
2025-11-07 09:00:00,1184,1194,1184,1194,151
2025-11-07 09:10:00,1196,1196,1194,1194,13
2025-11-07 09:20:00,1193,1197,1193,1197,13
2025-11-07 09:30:00,1197,1199,1197,1199,100
2025-11-07 09:40:00,1199,1199,1198,1199,62
2025-11-07 09:50:00,1199,1200,1199,1200,806
2025-11-07 10:00:00,1199,1205,1199,1201,1220
2025-11-07 10:10:00,1203,1205,1202,1202,471
2025-11-07 10:20:00,1201,1205,1201,1205,229
2025-11-07 10:30:00,1204,1206,1203,1203,525
2025-11-07 10:40:00,1203,1203,1201,1202,37
2025-11-07 10:50:00,1204,1204,1199,1199,1838
2025-11-07 11:00:00,1200,1200,1199,1199,186
2025-11-07 11:10:00,1200,1200,1200,1200,398
2025-11-07 11:20:00,1198,1198,1196,1197,1200
2025-11-07 11:30:00,1197,1198,1197,1197,84
2025-11-07 11:40:00,1197,1199,1197,1199,20
2025-11-07 11:50:00,1199,1201,1199,1201,467
2025-11-07 12:00:00,1201,1202,1201,1202,74
2025-11-07 12:10:00,1201,1204,1201,1202,823
2025-11-07 12:20:00,1200,1201,1197,1200,527
2025-11-07 12:30:00,1198,1200,1198,1200,133
2025-11-07 12:40:00,1202,1202,1200,1200,78
2025-11-07 12:50:00,1199,1200,1199,1200,12
2025-11-07 13:00:00,1198,1201,1198,1201,11
2025-11-07 13:10:00,1199,1201,1196,1196,440
2025-11-07 13:20:00,1198,1200,1198,1200,105
2025-11-07 13:30:00,1200,1201,1200,1201,22
2025-11-07 13:40:00,1200,1200,1200,1200,139
2025-11-07 13:50:00,1198,1199,1198,1199,100
2025-11-07 14:00:00,1197,1197,1197,1197,16
2025-11-07 14:10:00,1199,1199,1193,1194,1026
2025-11-07 14:20:00,1196,1196,1193,1193,61
2025-11-07 14:30:00,1194,1195,1193,1195,90
2025-11-07 14:40:00,1195,1199,1195,1199,221
2025-11-07 14:50:00,1199,1200,1198,1198,308
2025-11-07 15:00:00,1199,1199,1197,1197,75
2025-11-07 15:10:00,1198,1199,1198,1198,2885
2025-11-07 15:20:00,1197,1197,1197,1197,1
2025-11-07 15:50:00,1198,1198,1198,1198,1
2025-11-07 16:00:00,1196,1196,1195,1195,36
2025-11-07 16:10:00,1196,1198,1195,1198,140
2025-11-07 16:20:00,1197,1198,1196,1196,127
2025-11-07 16:30:00,1195,1195,1195,1195,1
2025-11-07 16:40:00,1194,1198,1194,1198,3
2025-11-07 16:50:00,1198,1198,1198,1198,12
2025-11-07 17:10:00,1199,1199,1199,1199,62
2025-11-07 17:20:00,1199,1199,1199,1199,43
2025-11-07 17:40:00,1200,1202,1199,1202,486
2025-11-07 17:50:00,1202,1203,1202,1203,129
2025-11-07 18:00:00,1203,1203,1203,1203,16
2025-11-07 18:10:00,1200,1200,1199,1199,141
2025-11-07 18:20:00,1198,1198,1198,1198,2
2025-11-07 18:30:00,1200,1200,1200,1200,10
2025-11-07 18:40:00,1197,1197,1197,1197,1
2025-11-07 19:10:00,1199,1199,1199,1199,55
2025-11-07 19:20:00,1199,1199,1199,1199,2
2025-11-07 19:30:00,1199,1199,1196,1196,155
2025-11-07 19:40:00,1196,1198,1196,1198,97
2025-11-07 19:50:00,1199,1200,1199,1200,10
2025-11-07 20:00:00,1197,1197,1196,1196,118
2025-11-07 20:10:00,1198,1200,1198,1200,47
2025-11-07 20:30:00,1198,1198,1198,1198,100
2025-11-07 20:50:00,1200,1203,1196,1196,528
2025-11-07 21:00:00,1196,1199,1195,1197,334
2025-11-07 21:10:00,1197,1198,1197,1198,21
2025-11-07 21:20:00,1198,1198,1196,1196,206
2025-11-07 21:30:00,1197,1197,1197,1197,9
2025-11-07 21:40:00,1199,1199,1199,1199,46
2025-11-07 21:50:00,1199,1200,1199,1199,207
2025-11-07 22:00:00,1200,1200,1199,1200,45
2025-11-07 22:20:00,1199,1199,1199,1199,30
2025-11-07 22:50:00,1199,1199,1199,1199,158
2025-11-07 23:00:00,1200,1200,1200,1200,1
2025-11-07 23:30:00,1201,1202,1201,1202,250
2025-11-07 23:40:00,1202,1202,1202,1202,100
2025-11-08 10:30:00,1199,1199,1199,1199,17
2025-11-08 11:10:00,1203,1203,1203,1203,4
2025-11-08 11:20:00,1203,1203,1203,1203,4
2025-11-08 11:30:00,1203,1203,1202,1202,102
2025-11-08 12:10:00,1202,1202,1202,1202,109
2025-11-08 12:30:00,1200,1202,1199,1199,120
2025-11-08 12:40:00,1199,1199,1199,1199,205
2025-11-08 13:00:00,1201,1201,1201,1201,8
2025-11-08 13:30:00,1199,1201,1199,1201,573
2025-11-08 14:10:00,1199,1199,1199,1199,4
2025-11-08 14:20:00,1199,1199,1199,1199,8
2025-11-08 14:30:00,1201,1201,1201,1201,1
2025-11-08 14:40:00,1199,1199,1199,1199,2
2025-11-08 14:50:00,1199,1199,1199,1199,10
2025-11-08 15:10:00,1199,1199,1199,1199,8
2025-11-08 15:20:00,1201,1201,1200,1200,52
2025-11-08 16:20:00,1199,1199,1199,1199,2
2025-11-08 17:30:00,1200,1200,1200,1200,5
2025-11-08 17:40:00,1200,1200,1200,1200,2
2025-11-08 17:50:00,1202,1202,1202,1202,14
2025-11-08 18:00:00,1202,1202,1198,1198,349
2025-11-08 18:20:00,1196,1196,1196,1196,61
2025-11-08 18:40:00,1197,1197,1197,1197,2
2025-11-09 10:00:00,1198,1202,1195,1202,290
2025-11-09 10:40:00,1202,1206,1202,1206,144
2025-11-09 11:00:00,1206,1206,1206,1206,3
2025-11-09 11:10:00,1205,1206,1205,1206,125
2025-11-09 11:20:00,1206,1208,1206,1207,795
2025-11-09 11:40:00,1206,1209,1206,1207,257
2025-11-09 11:50:00,1204,1204,1204,1204,10
2025-11-09 12:00:00,1205,1205,1205,1205,19
2025-11-09 12:10:00,1205,1205,1204,1204,1232
2025-11-09 12:20:00,1204,1204,1204,1204,155
2025-11-09 12:30:00,1204,1204,1204,1204,20
2025-11-09 12:40:00,1205,1205,1205,1205,3
2025-11-09 13:00:00,1205,1205,1205,1205,1
2025-11-09 13:10:00,1205,1205,1205,1205,1
2025-11-09 13:20:00,1205,1205,1205,1205,500
2025-11-09 13:30:00,1205,1205,1204,1204,184
2025-11-09 13:50:00,1206,1206,1206,1206,1
2025-11-09 14:00:00,1203,1206,1203,1206,3
2025-11-09 14:10:00,1206,1206,1206,1206,450
2025-11-09 15:10:00,1205,1205,1205,1205,3
2025-11-09 15:20:00,1205,1205,1205,1205,4
2025-11-09 16:00:00,1204,1204,1203,1203,183
2025-11-09 16:10:00,1203,1203,1203,1203,88
2025-11-09 16:20:00,1203,1203,1203,1203,50
2025-11-09 16:30:00,1202,1202,1202,1202,179
2025-11-09 17:00:00,1206,1206,1206,1206,22
2025-11-09 17:10:00,1203,1203,1203,1203,2
2025-11-09 17:20:00,1207,1207,1207,1207,10
2025-11-09 18:10:00,1207,1207,1207,1207,40
2025-11-09 18:40:00,1204,1204,1204,1204,15
2025-11-09 18:50:00,1207,1210,1205,1210,2901
2025-11-10 09:00:00,1210,1213,1210,1212,735
2025-11-10 09:10:00,1211,1214,1207,1212,3698
2025-11-10 09:20:00,1212,1216,1212,1215,194
2025-11-10 09:30:00,1214,1215,1214,1214,22
2025-11-10 09:40:00,1214,1216,1214,1216,201
2025-11-10 09:50:00,1216,1216,1213,1214,66
2025-11-10 10:00:00,1215,1217,1214,1216,246
2025-11-10 10:10:00,1217,1219,1217,1219,938
2025-11-10 10:20:00,1219,1221,1219,1221,2177
2025-11-10 10:30:00,1220,1220,1209,1213,1354
2025-11-10 10:40:00,1214,1215,1213,1214,91
2025-11-10 10:50:00,1214,1214,1214,1214,55
2025-11-10 11:00:00,1214,1217,1214,1217,1272
2025-11-10 11:10:00,1213,1213,1212,1212,1064
2025-11-10 11:20:00,1214,1216,1212,1216,114
2025-11-10 11:30:00,1215,1215,1213,1213,126
2025-11-10 11:40:00,1215,1217,1214,1214,283
2025-11-10 11:50:00,1213,1213,1213,1213,79
2025-11-10 12:00:00,1215,1216,1215,1216,85
2025-11-10 12:10:00,1213,1216,1213,1216,8
2025-11-10 12:20:00,1214,1214,1214,1214,4
2025-11-10 12:30:00,1214,1214,1211,1211,320
2025-11-10 12:40:00,1211,1211,1210,1210,325
2025-11-10 12:50:00,1210,1210,1210,1210,74
2025-11-10 13:00:00,1210,1214,1210,1214,123
2025-11-10 13:10:00,1215,1215,1212,1213,45
2025-11-10 13:20:00,1213,1213,1213,1213,21
2025-11-10 13:30:00,1213,1213,1212,1212,95
2025-11-10 13:40:00,1211,1211,1211,1211,2
2025-11-10 13:50:00,1213,1215,1211,1215,332
2025-11-10 14:00:00,1215,1215,1212,1212,4
2025-11-10 14:10:00,1215,1215,1211,1211,3
2025-11-10 14:20:00,1211,1211,1211,1211,8
2025-11-10 14:40:00,1211,1211,1211,1211,301
2025-11-10 14:50:00,1213,1213,1207,1207,481
2025-11-10 15:00:00,1210,1210,1208,1208,30
2025-11-10 15:10:00,1208,1209,1207,1209,236
2025-11-10 15:20:00,1210,1210,1210,1210,79
2025-11-10 15:30:00,1208,1208,1203,1206,726
2025-11-10 15:40:00,1207,1207,1203,1206,760
2025-11-10 15:50:00,1206,1212,1206,1209,1603
2025-11-10 16:00:00,1209,1209,1207,1208,329
2025-11-10 16:10:00,1208,1209,1207,1207,422
2025-11-10 16:20:00,1205,1205,1205,1205,50
2025-11-10 16:30:00,1206,1208,1206,1207,264
2025-11-10 16:40:00,1207,1207,1207,1207,20
2025-11-10 17:00:00,1207,1207,1207,1207,64
2025-11-10 17:10:00,1206,1208,1206,1206,195
2025-11-10 17:20:00,1207,1207,1206,1206,256
2025-11-10 17:30:00,1205,1207,1204,1204,1002
2025-11-10 17:40:00,1204,1206,1204,1206,535
2025-11-10 17:50:00,1206,1208,1206,1208,481
2025-11-10 18:00:00,1207,1207,1205,1205,545
2025-11-10 18:10:00,1209,1209,1209,1209,63
2025-11-10 18:20:00,1210,1212,1210,1212,2116
2025-11-10 18:30:00,1211,1211,1209,1211,4
2025-11-10 18:40:00,1211,1215,1211,1215,226
2025-11-10 19:00:00,1211,1211,1211,1211,55
2025-11-10 19:10:00,1210,1210,1210,1210,27
2025-11-10 19:20:00,1212,1213,1212,1213,21
2025-11-10 19:30:00,1213,1213,1213,1213,100
2025-11-10 19:40:00,1213,1213,1209,1211,874
2025-11-10 20:00:00,1210,1210,1210,1210,1
2025-11-10 20:20:00,1210,1213,1210,1213,280
2025-11-10 20:30:00,1210,1210,1210,1210,1
2025-11-10 20:40:00,1210,1210,1207,1207,2785
2025-11-10 20:50:00,1209,1209,1206,1208,186
2025-11-10 21:00:00,1209,1209,1209,1209,1
2025-11-10 21:10:00,1205,1209,1205,1206,122
2025-11-10 21:30:00,1206,1206,1205,1205,31
2025-11-10 21:40:00,1208,1208,1208,1208,2
2025-11-10 21:50:00,1208,1211,1208,1211,750
2025-11-10 22:00:00,1209,1211,1207,1207,43
2025-11-10 22:20:00,1210,1210,1208,1210,39
2025-11-10 22:50:00,1209,1209,1208,1208,106
2025-11-10 23:00:00,1209,1209,1209,1209,1
2025-11-10 23:10:00,1211,1211,1211,1211,20
2025-11-10 23:20:00,1212,1212,1212,1212,10
2025-11-10 23:30:00,1209,1211,1207,1208,328
2025-11-10 23:40:00,1211,1213,1211,1212,80
2025-11-11 08:50:00,1212,1212,1212,1212,5
2025-11-11 09:00:00,1216,1219,1215,1217,243
2025-11-11 09:10:00,1218,1222,1218,1218,144
2025-11-11 09:20:00,1218,1222,1218,1221,1687
2025-11-11 09:30:00,1220,1220,1217,1220,681
2025-11-11 09:50:00,1219,1220,1217,1220,283
2025-11-11 10:00:00,1219,1219,1218,1219,60
2025-11-11 10:10:00,1217,1217,1212,1212,3011
2025-11-11 10:20:00,1216,1220,1215,1220,586
2025-11-11 10:30:00,1219,1226,1218,1226,3129
2025-11-11 10:40:00,1226,1226,1223,1226,3448
2025-11-11 10:50:00,1226,1236,1226,1227,1628
2025-11-11 11:00:00,1228,1229,1224,1225,55
2025-11-11 11:10:00,1226,1229,1225,1226,1064
2025-11-11 11:20:00,1228,1229,1226,1227,1052
2025-11-11 11:30:00,1229,1231,1228,1228,1221
2025-11-11 11:40:00,1230,1231,1228,1229,330
2025-11-11 11:50:00,1228,1228,1223,1226,1112
2025-11-11 12:00:00,1226,1227,1223,1224,761
2025-11-11 12:10:00,1227,1230,1227,1230,1697
2025-11-11 12:20:00,1230,1232,1230,1231,4429
2025-11-11 12:30:00,1232,1234,1231,1233,247
2025-11-11 12:40:00,1231,1233,1229,1229,151
2025-11-11 12:50:00,1229,1229,1229,1229,20
2025-11-11 13:10:00,1229,1229,1228,1228,534
2025-11-11 13:20:00,1227,1229,1227,1228,368
2025-11-11 13:30:00,1228,1228,1228,1228,50
2025-11-11 13:40:00,1231,1233,1231,1232,177
2025-11-11 13:50:00,1232,1232,1230,1230,27
2025-11-11 14:00:00,1232,1235,1232,1234,527
2025-11-11 14:10:00,1235,1239,1235,1239,494
2025-11-11 14:20:00,1235,1238,1232,1233,2255
2025-11-11 14:30:00,1232,1234,1232,1232,167
2025-11-11 14:40:00,1235,1239,1235,1239,1105
2025-11-11 14:50:00,1240,1240,1232,1232,1404
2025-11-11 15:00:00,1235,1235,1231,1231,43
2025-11-11 15:10:00,1231,1234,1231,1232,116
2025-11-11 15:20:00,1234,1235,1234,1235,64
2025-11-11 15:30:00,1235,1236,1234,1234,215
2025-11-11 15:40:00,1235,1235,1232,1232,608
2025-11-11 15:50:00,1234,1234,1234,1234,6
2025-11-11 16:00:00,1234,1240,1232,1240,1495
2025-11-11 16:10:00,1240,1241,1239,1239,101
2025-11-11 16:20:00,1239,1241,1238,1239,280
2025-11-11 16:30:00,1238,1241,1238,1241,181
2025-11-11 16:40:00,1238,1241,1238,1241,89
2025-11-11 16:50:00,1239,1241,1239,1239,73
2025-11-11 17:00:00,1241,1242,1239,1239,177
2025-11-11 17:10:00,1240,1251,1240,1251,2948
2025-11-11 17:20:00,1250,1250,1246,1246,586
2025-11-11 17:30:00,1246,1246,1244,1245,965
2025-11-11 17:40:00,1247,1248,1247,1248,943
2025-11-11 17:50:00,1248,1248,1242,1242,4792
2025-11-11 18:00:00,1242,1246,1242,1246,353
2025-11-11 18:10:00,1246,1247,1242,1242,2145
2025-11-11 18:20:00,1243,1243,1240,1240,703
2025-11-11 18:30:00,1241,1242,1241,1242,70
2025-11-11 19:00:00,1240,1240,1239,1240,1003
2025-11-11 19:10:00,1240,1247,1240,1246,596
2025-11-11 19:20:00,1246,1249,1244,1245,303
2025-11-11 19:30:00,1247,1249,1247,1249,594
2025-11-11 19:40:00,1248,1255,1248,1255,1284
2025-11-11 19:50:00,1255,1255,1249,1249,794
2025-11-11 20:00:00,1249,1254,1249,1253,292
2025-11-11 20:10:00,1254,1254,1251,1253,252
2025-11-11 20:20:00,1251,1254,1251,1251,874
2025-11-11 20:30:00,1251,1255,1251,1255,1284
2025-11-11 20:40:00,1255,1259,1253,1259,2615
2025-11-11 20:50:00,1257,1263,1256,1263,1490
2025-11-11 21:00:00,1260,1263,1260,1263,2761
2025-11-11 21:10:00,1260,1264,1259,1260,2119
2025-11-11 21:20:00,1261,1262,1259,1259,1308
2025-11-11 21:30:00,1259,1264,1259,1259,1198
2025-11-11 21:40:00,1259,1261,1259,1259,173
2025-11-11 21:50:00,1259,1261,1257,1261,431
2025-11-11 22:00:00,1258,1261,1258,1259,22
2025-11-11 22:20:00,1258,1258,1254,1255,416
2025-11-11 22:30:00,1258,1259,1257,1259,106
2025-11-11 22:40:00,1261,1261,1261,1261,160
2025-11-11 22:50:00,1261,1261,1258,1261,63
2025-11-11 23:00:00,1260,1262,1259,1262,260
2025-11-11 23:10:00,1258,1263,1258,1263,1103
2025-11-11 23:20:00,1258,1262,1258,1258,69
2025-11-11 23:30:00,1258,1262,1257,1262,190
2025-11-11 23:40:00,1262,1263,1258,1263,268
2025-11-12 09:00:00,1259,1259,1255,1255,486
2025-11-12 09:10:00,1255,1258,1255,1258,49
2025-11-12 09:20:00,1258,1259,1258,1259,270
2025-11-12 09:30:00,1258,1259,1257,1259,1232
2025-11-12 09:40:00,1259,1259,1256,1256,726
2025-11-12 09:50:00,1256,1258,1255,1256,1545
2025-11-12 10:00:00,1256,1258,1256,1257,629
2025-11-12 10:10:00,1256,1256,1255,1255,916
2025-11-12 10:20:00,1255,1255,1254,1254,225
2025-11-12 10:30:00,1254,1254,1254,1254,1255
2025-11-12 10:40:00,1254,1254,1252,1252,208
2025-11-12 10:50:00,1252,1252,1250,1252,214
2025-11-12 11:00:00,1249,1249,1247,1247,569
2025-11-12 11:10:00,1247,1250,1243,1246,2446
2025-11-12 11:20:00,1244,1246,1239,1246,4413
2025-11-12 11:30:00,1244,1246,1241,1246,991
2025-11-12 11:40:00,1246,1247,1246,1247,114
2025-11-12 11:50:00,1247,1247,1242,1242,89
2025-11-12 12:00:00,1244,1245,1240,1243,530
2025-11-12 12:20:00,1245,1247,1245,1246,111
2025-11-12 12:40:00,1246,1247,1245,1245,250
2025-11-12 12:50:00,1247,1247,1245,1245,7
2025-11-12 13:00:00,1247,1247,1247,1247,6
2025-11-12 13:10:00,1245,1245,1242,1242,69
2025-11-12 13:20:00,1242,1245,1239,1239,3578
2025-11-12 13:30:00,1240,1245,1239,1239,1854
2025-11-12 13:40:00,1239,1239,1235,1239,1452
2025-11-12 13:50:00,1238,1241,1237,1241,399
2025-11-12 14:00:00,1238,1238,1235,1236,1148
2025-11-12 14:10:00,1241,1243,1238,1243,317
2025-11-12 14:20:00,1243,1244,1242,1243,277
2025-11-12 14:30:00,1244,1244,1241,1241,51
2025-11-12 14:40:00,1242,1245,1240,1240,549
2025-11-12 14:50:00,1241,1242,1232,1232,4493
2025-11-12 15:00:00,1233,1235,1232,1235,1351
2025-11-12 15:10:00,1235,1239,1235,1239,224
2025-11-12 15:20:00,1237,1238,1236,1237,243
2025-11-12 15:30:00,1235,1235,1233,1233,260
2025-11-12 15:40:00,1233,1233,1233,1233,2
2025-11-12 15:50:00,1236,1239,1236,1238,109
2025-11-12 16:00:00,1238,1238,1236,1236,193
2025-11-12 16:10:00,1238,1238,1236,1237,103
2025-11-12 16:40:00,1241,1247,1241,1246,1330
2025-11-12 16:50:00,1243,1244,1243,1243,127
2025-11-12 17:00:00,1245,1246,1242,1242,653
2025-11-12 17:10:00,1241,1243,1241,1243,83
2025-11-12 17:20:00,1241,1244,1241,1242,61
2025-11-12 17:30:00,1241,1243,1241,1243,377
2025-11-12 17:40:00,1243,1243,1243,1243,2
2025-11-12 17:50:00,1243,1244,1243,1244,210
2025-11-12 18:00:00,1245,1247,1245,1247,14
2025-11-12 18:10:00,1247,1249,1245,1245,575
2025-11-12 18:20:00,1245,1246,1245,1246,119
2025-11-12 18:30:00,1246,1251,1244,1251,297
2025-11-12 18:40:00,1250,1256,1250,1254,333
2025-11-12 19:00:00,1249,1249,1242,1243,637
2025-11-12 19:10:00,1242,1242,1240,1240,600
2025-11-12 19:20:00,1239,1241,1238,1241,360
2025-11-12 19:30:00,1241,1242,1241,1242,680
2025-11-12 19:40:00,1242,1244,1242,1244,291
2025-11-12 19:50:00,1247,1247,1247,1247,1
2025-11-12 20:00:00,1244,1245,1244,1245,30
2025-11-12 20:20:00,1245,1247,1245,1245,36
2025-11-12 20:30:00,1245,1245,1244,1244,25
2025-11-12 20:40:00,1243,1244,1241,1243,454
2025-11-12 20:50:00,1243,1243,1243,1243,25
2025-11-12 21:00:00,1243,1243,1243,1243,5
2025-11-12 21:10:00,1244,1253,1244,1253,820
2025-11-12 21:20:00,1252,1255,1252,1252,291
2025-11-12 21:30:00,1253,1255,1251,1251,107
2025-11-12 21:40:00,1251,1258,1251,1258,1069
2025-11-12 21:50:00,1257,1261,1256,1260,799
2025-11-12 22:00:00,1260,1262,1260,1262,1323
2025-11-12 22:10:00,1259,1262,1257,1258,434
2025-11-12 22:20:00,1258,1258,1257,1257,264
2025-11-12 22:30:00,1259,1259,1256,1257,66
2025-11-12 22:40:00,1257,1257,1256,1256,837
2025-11-12 22:50:00,1258,1258,1258,1258,28
2025-11-12 23:00:00,1260,1261,1258,1258,236
2025-11-12 23:10:00,1258,1258,1258,1258,25
2025-11-12 23:20:00,1258,1260,1258,1258,22
2025-11-12 23:30:00,1260,1263,1257,1257,661
2025-11-12 23:40:00,1257,1257,1257,1257,2
2025-11-13 09:10:00,1260,1264,1259,1263,149
2025-11-13 09:20:00,1267,1269,1264,1266,371
2025-11-13 09:30:00,1266,1266,1262,1262,302
2025-11-13 09:40:00,1262,1262,1260,1262,75
2025-11-13 09:50:00,1260,1262,1259,1262,404
2025-11-13 10:00:00,1262,1266,1262,1265,1073
2025-11-13 10:10:00,1264,1264,1262,1262,527
2025-11-13 10:20:00,1261,1261,1258,1258,123
2025-11-13 10:30:00,1259,1261,1256,1258,2134
2025-11-13 10:40:00,1258,1259,1256,1258,493
2025-11-13 10:50:00,1260,1261,1260,1260,64
2025-11-13 11:00:00,1264,1283,1264,1278,2732
2025-11-13 11:10:00,1277,1285,1273,1285,3085
2025-11-13 11:20:00,1285,1288,1282,1285,5424
2025-11-13 11:30:00,1287,1288,1277,1281,3137
2025-11-13 11:40:00,1280,1284,1279,1282,780
2025-11-13 11:50:00,1281,1282,1268,1270,7503
2025-11-13 12:00:00,1270,1271,1267,1269,770
2025-11-13 12:10:00,1268,1269,1265,1266,1676
2025-11-13 12:20:00,1265,1268,1259,1261,1741
2025-11-13 12:30:00,1261,1262,1261,1261,394
2025-11-13 12:40:00,1261,1265,1261,1265,1221
2025-11-13 12:50:00,1267,1269,1264,1264,195
2025-11-13 13:00:00,1267,1269,1265,1265,983
2025-11-13 13:10:00,1268,1268,1266,1267,50
2025-11-13 13:20:00,1267,1271,1267,1271,242
2025-11-13 13:30:00,1270,1272,1264,1264,945
2025-11-13 13:40:00,1268,1270,1268,1268,390
2025-11-13 13:50:00,1268,1269,1268,1269,137
2025-11-13 14:00:00,1268,1268,1263,1263,324
2025-11-13 14:10:00,1262,1266,1259,1265,1100
2025-11-13 14:20:00,1265,1266,1258,1258,1710
2025-11-13 14:30:00,1257,1258,1254,1258,1414
2025-11-13 14:40:00,1257,1263,1257,1263,653
2025-11-13 14:50:00,1262,1263,1261,1262,128
2025-11-13 15:00:00,1262,1264,1260,1262,181
2025-11-13 15:10:00,1265,1266,1263,1263,150
2025-11-13 15:20:00,1267,1272,1267,1267,654
2025-11-13 15:30:00,1267,1274,1267,1274,5283
2025-11-13 15:40:00,1274,1277,1270,1270,699
2025-11-13 15:50:00,1274,1274,1271,1271,132
2025-11-13 16:00:00,1269,1272,1268,1268,273
2025-11-13 16:10:00,1271,1273,1271,1273,68
2025-11-13 16:20:00,1271,1271,1270,1270,35
2025-11-13 16:30:00,1269,1269,1266,1266,171
2025-11-13 16:40:00,1265,1265,1264,1264,60
2025-11-13 16:50:00,1265,1270,1265,1270,65
2025-11-13 17:00:00,1270,1271,1269,1271,36
2025-11-13 17:30:00,1271,1271,1271,1271,1
2025-11-13 17:40:00,1268,1271,1265,1265,870
2025-11-13 17:50:00,1265,1269,1265,1269,23
2025-11-13 18:00:00,1266,1266,1266,1266,1
2025-11-13 18:10:00,1266,1266,1266,1266,2
2025-11-13 18:20:00,1268,1270,1265,1269,16
2025-11-13 18:30:00,1268,1270,1266,1270,304
2025-11-13 19:00:00,1269,1269,1269,1269,15
2025-11-13 19:10:00,1269,1270,1269,1269,31
2025-11-13 19:20:00,1268,1268,1267,1268,315
2025-11-13 19:30:00,1267,1269,1267,1269,56
2025-11-13 19:40:00,1269,1271,1269,1271,139
2025-11-13 19:50:00,1271,1272,1271,1271,60
2025-11-13 20:00:00,1269,1270,1269,1270,6
2025-11-13 20:10:00,1269,1271,1269,1269,286
2025-11-13 20:20:00,1269,1269,1268,1268,52
2025-11-13 20:30:00,1270,1270,1268,1268,99
2025-11-13 20:40:00,1271,1271,1271,1271,1
2025-11-13 21:00:00,1271,1272,1271,1272,157
2025-11-13 21:10:00,1271,1271,1271,1271,12
2025-11-13 21:20:00,1271,1272,1271,1271,51
2025-11-13 21:30:00,1271,1271,1267,1271,491
2025-11-13 21:40:00,1268,1270,1268,1270,26
2025-11-13 21:50:00,1268,1270,1267,1268,286
2025-11-13 22:10:00,1271,1273,1271,1273,72
2025-11-13 22:20:00,1272,1282,1272,1274,3502
2025-11-13 22:30:00,1275,1278,1275,1278,250
2025-11-13 22:40:00,1277,1278,1277,1278,121
2025-11-13 22:50:00,1277,1277,1277,1277,304
2025-11-13 23:00:00,1276,1278,1275,1275,105
2025-11-13 23:10:00,1274,1274,1272,1273,154
2025-11-13 23:20:00,1276,1276,1270,1270,151
2025-11-13 23:30:00,1269,1276,1269,1275,79
2025-11-13 23:40:00,1269,1278,1269,1269,2143
2025-11-14 09:00:00,1281,1285,1281,1284,1716
2025-11-14 09:10:00,1284,1287,1281,1283,1262
2025-11-14 09:20:00,1283,1286,1283,1283,296
2025-11-14 09:30:00,1282,1282,1282,1282,51
2025-11-14 09:40:00,1282,1285,1282,1283,927
2025-11-14 09:50:00,1285,1294,1257,1262,15456
2025-11-14 10:00:00,1262,1272,1258,1263,4146
2025-11-14 10:10:00,1261,1268,1261,1267,1310
2025-11-14 10:20:00,1267,1267,1261,1264,3149
2025-11-14 10:30:00,1265,1265,1260,1263,1866
2025-11-14 10:40:00,1261,1264,1260,1264,381
2025-11-14 10:50:00,1261,1262,1235,1245,17746
2025-11-14 11:00:00,1244,1247,1231,1240,6269
2025-11-14 11:10:00,1239,1245,1235,1239,4361
2025-11-14 11:20:00,1241,1248,1241,1243,2485
2025-11-14 11:30:00,1242,1247,1242,1245,265
2025-11-14 11:40:00,1246,1247,1242,1244,2112
2025-11-14 11:50:00,1246,1247,1242,1247,4368
2025-11-14 12:00:00,1245,1246,1242,1246,141
2025-11-14 12:10:00,1246,1247,1241,1241,1736
2025-11-14 12:20:00,1242,1243,1242,1243,1087
2025-11-14 12:30:00,1242,1242,1234,1236,3190
2025-11-14 12:40:00,1236,1238,1235,1238,1506
2025-11-14 12:50:00,1238,1238,1236,1237,153
2025-11-14 13:00:00,1236,1240,1234,1240,1984
2025-11-14 13:10:00,1238,1240,1235,1240,581
2025-11-14 13:20:00,1239,1241,1236,1236,650
2025-11-14 13:30:00,1236,1236,1233,1234,660
2025-11-14 13:40:00,1237,1237,1228,1228,2240
2025-11-14 13:50:00,1230,1230,1229,1230,873
2025-11-14 14:00:00,1229,1230,1222,1224,4154
2025-11-14 14:10:00,1224,1230,1224,1226,1264
2025-11-14 14:20:00,1227,1231,1221,1226,3653
2025-11-14 14:30:00,1224,1228,1224,1227,1108
2025-11-14 14:40:00,1227,1227,1224,1227,1148
2025-11-14 14:50:00,1227,1227,1222,1224,947
2025-11-14 15:00:00,1223,1228,1219,1228,1523
2025-11-14 15:10:00,1228,1236,1226,1230,3840
2025-11-14 15:20:00,1229,1231,1225,1228,769
2025-11-14 15:30:00,1227,1229,1226,1229,739
2025-11-14 15:40:00,1227,1238,1227,1229,9516
2025-11-14 15:50:00,1231,1234,1230,1230,567
2025-11-14 16:00:00,1229,1232,1228,1232,333
2025-11-14 16:10:00,1230,1230,1226,1226,1264
2025-11-14 16:20:00,1227,1227,1225,1225,9
2025-11-14 16:30:00,1227,1228,1220,1221,1629
2025-11-14 16:40:00,1222,1231,1219,1231,1300
2025-11-14 16:50:00,1229,1233,1229,1233,116
2025-11-14 17:00:00,1232,1236,1232,1236,1897
2025-11-14 17:10:00,1234,1241,1234,1239,3061
2025-11-14 17:20:00,1238,1241,1235,1241,1647
2025-11-14 17:30:00,1241,1243,1240,1242,3181
2025-11-14 17:40:00,1240,1245,1240,1243,2077
2025-11-14 17:50:00,1246,1247,1245,1246,1474
2025-11-14 18:00:00,1249,1251,1247,1251,2818
2025-11-14 18:10:00,1249,1251,1244,1250,3543
2025-11-14 18:20:00,1250,1250,1242,1244,1090
2025-11-14 18:30:00,1244,1251,1244,1250,735
2025-11-14 18:40:00,1251,1252,1251,1252,106
2025-11-14 19:00:00,1249,1249,1245,1245,46
2025-11-14 19:10:00,1248,1249,1242,1244,1172
2025-11-14 19:20:00,1245,1248,1245,1245,210
2025-11-14 19:30:00,1244,1244,1244,1244,23
2025-11-14 19:40:00,1247,1248,1247,1248,1002
2025-11-14 20:00:00,1246,1249,1246,1249,16
2025-11-14 20:10:00,1248,1249,1248,1249,63
2025-11-14 20:20:00,1250,1250,1245,1245,27
2025-11-14 20:30:00,1245,1245,1245,1245,200
2025-11-14 20:40:00,1244,1247,1243,1247,25
2025-11-14 20:50:00,1247,1247,1245,1245,32
2025-11-14 21:00:00,1245,1245,1241,1241,288
2025-11-14 21:10:00,1241,1241,1241,1241,534
2025-11-14 22:00:00,1243,1243,1243,1243,10
2025-11-14 22:10:00,1246,1253,1246,1250,707
2025-11-14 22:20:00,1250,1251,1246,1248,724
2025-11-14 22:30:00,1248,1248,1248,1248,10
2025-11-14 22:40:00,1245,1251,1245,1251,51
2025-11-14 22:50:00,1251,1252,1247,1252,110
2025-11-14 23:00:00,1251,1251,1251,1251,18
2025-11-14 23:10:00,1251,1251,1251,1251,10
2025-11-14 23:20:00,1251,1251,1244,1250,545
2025-11-14 23:30:00,1245,1247,1245,1247,484
2025-11-15 10:10:00,1245,1245,1243,1243,78
2025-11-15 10:20:00,1243,1243,1243,1243,48
2025-11-15 10:40:00,1243,1243,1243,1243,2
2025-11-15 11:10:00,1244,1244,1243,1243,10
2025-11-15 12:40:00,1244,1244,1244,1244,5
2025-11-15 13:00:00,1244,1244,1243,1243,12
2025-11-15 13:30:00,1244,1244,1244,1244,14
2025-11-15 14:00:00,1245,1245,1245,1245,5
2025-11-15 14:20:00,1244,1244,1244,1244,4
2025-11-15 14:40:00,1244,1244,1242,1242,46
2025-11-15 16:20:00,1245,1245,1245,1245,3
2025-11-15 17:00:00,1246,1247,1246,1247,14
2025-11-15 17:20:00,1247,1247,1245,1245,275
2025-11-15 17:50:00,1247,1248,1244,1244,6
2025-11-15 18:10:00,1249,1249,1249,1249,50
2025-11-16 10:00:00,1246,1246,1246,1246,6
2025-11-16 10:20:00,1244,1244,1242,1242,60
2025-11-16 11:20:00,1244,1246,1244,1246,101
2025-11-16 12:20:00,1244,1246,1244,1246,15
2025-11-16 12:50:00,1242,1242,1240,1241,29
2025-11-16 13:10:00,1245,1246,1245,1246,5
2025-11-16 13:30:00,1242,1242,1242,1242,1
2025-11-16 13:50:00,1244,1244,1244,1244,1
2025-11-16 15:20:00,1242,1242,1242,1242,2
2025-11-16 15:30:00,1242,1242,1242,1242,13
2025-11-16 15:40:00,1243,1243,1243,1243,1
2025-11-16 15:50:00,1242,1242,1242,1242,87
2025-11-16 16:00:00,1243,1243,1243,1243,1
2025-11-16 17:00:00,1242,1242,1242,1242,10
2025-11-16 18:40:00,1246,1249,1246,1247,61
2025-11-17 09:00:00,1247,1247,1234,1240,1179
2025-11-17 09:10:00,1240,1240,1235,1236,26
2025-11-17 09:20:00,1237,1239,1237,1237,251
2025-11-17 09:30:00,1236,1239,1231,1239,1069
2025-11-17 09:40:00,1237,1238,1237,1237,1007
2025-11-17 09:50:00,1236,1236,1236,1236,18
2025-11-17 10:00:00,1238,1238,1235,1238,267
2025-11-17 10:10:00,1235,1238,1234,1236,856
2025-11-17 10:20:00,1236,1237,1235,1237,679
2025-11-17 10:30:00,1236,1243,1236,1243,806
2025-11-17 10:40:00,1243,1244,1243,1244,70
2025-11-17 10:50:00,1244,1247,1243,1245,217
2025-11-17 11:00:00,1243,1245,1243,1245,274
2025-11-17 11:10:00,1246,1246,1243,1244,368
2025-11-17 11:20:00,1245,1245,1245,1245,6
2025-11-17 11:30:00,1244,1245,1243,1243,814
2025-11-17 11:40:00,1242,1242,1241,1241,185
2025-11-17 11:50:00,1240,1242,1239,1242,85
2025-11-17 12:00:00,1240,1241,1239,1241,221
2025-11-17 12:20:00,1240,1240,1239,1240,505
2025-11-17 12:30:00,1242,1242,1242,1242,1
2025-11-17 12:40:00,1240,1240,1238,1238,57
2025-11-17 12:50:00,1238,1240,1238,1240,350
2025-11-17 13:00:00,1238,1238,1236,1236,399
2025-11-17 13:10:00,1236,1239,1236,1239,407
2025-11-17 13:20:00,1237,1237,1236,1236,335
2025-11-17 13:30:00,1237,1237,1237,1237,3
2025-11-17 13:40:00,1235,1237,1235,1237,86
2025-11-17 13:50:00,1239,1239,1239,1239,60
2025-11-17 14:00:00,1237,1237,1233,1235,123
2025-11-17 14:10:00,1233,1236,1233,1236,16
2025-11-17 14:20:00,1234,1234,1234,1234,6
2025-11-17 14:30:00,1234,1239,1234,1239,83
2025-11-17 14:40:00,1237,1239,1237,1239,580
2025-11-17 14:50:00,1239,1239,1239,1239,100
2025-11-17 15:00:00,1237,1237,1237,1237,10
2025-11-17 15:10:00,1236,1236,1235,1236,38
2025-11-17 15:20:00,1235,1238,1235,1238,126
2025-11-17 15:30:00,1239,1239,1239,1239,1
2025-11-17 15:40:00,1239,1239,1239,1239,81
2025-11-17 16:00:00,1238,1238,1238,1238,8
2025-11-17 16:20:00,1235,1235,1232,1232,252
2025-11-17 16:30:00,1233,1234,1233,1233,21
2025-11-17 16:40:00,1234,1234,1233,1233,70
2025-11-17 16:50:00,1235,1236,1235,1236,24
2025-11-17 17:00:00,1235,1235,1235,1235,1
2025-11-17 17:10:00,1236,1241,1236,1241,102
2025-11-17 17:20:00,1241,1241,1240,1240,11
2025-11-17 17:30:00,1237,1244,1237,1244,9
2025-11-17 17:40:00,1242,1251,1242,1251,1202
2025-11-17 17:50:00,1250,1252,1250,1252,1245
2025-11-17 18:00:00,1252,1252,1250,1251,55
2025-11-17 18:10:00,1252,1252,1249,1250,199
2025-11-17 18:20:00,1250,1255,1250,1254,628
2025-11-17 18:30:00,1253,1253,1252,1252,14
2025-11-17 18:40:00,1252,1252,1252,1252,184
2025-11-17 19:00:00,1251,1251,1251,1251,39
2025-11-17 19:10:00,1250,1252,1250,1252,313
2025-11-17 19:30:00,1248,1248,1247,1248,593
2025-11-17 20:00:00,1251,1251,1249,1249,22
2025-11-17 20:10:00,1249,1249,1249,1249,1270
2025-11-17 20:20:00,1249,1250,1249,1250,193
2025-11-17 20:30:00,1249,1250,1249,1250,601
2025-11-17 20:40:00,1247,1247,1246,1246,100
2025-11-17 20:50:00,1247,1247,1246,1246,2
2025-11-17 21:00:00,1248,1248,1246,1247,106
2025-11-17 21:10:00,1245,1245,1243,1244,244
2025-11-17 21:20:00,1244,1244,1244,1244,51
2025-11-17 21:30:00,1245,1245,1245,1245,50
2025-11-17 21:40:00,1243,1245,1243,1243,9
2025-11-17 21:50:00,1242,1242,1242,1242,53
2025-11-17 22:00:00,1242,1242,1242,1242,48
2025-11-17 22:10:00,1246,1247,1244,1244,27
2025-11-17 22:30:00,1242,1242,1242,1242,8
2025-11-17 22:40:00,1242,1242,1240,1240,164
2025-11-17 22:50:00,1242,1242,1242,1242,174
2025-11-17 23:00:00,1243,1243,1242,1242,230
2025-11-17 23:20:00,1242,1245,1242,1243,173
2025-11-17 23:30:00,1243,1245,1242,1245,236
2025-11-18 09:00:00,1248,1248,1245,1245,261
2025-11-18 09:10:00,1249,1250,1249,1249,67
2025-11-18 09:20:00,1251,1252,1251,1251,2008
2025-11-18 09:30:00,1252,1252,1252,1252,100
2025-11-18 09:40:00,1250,1250,1246,1248,575
2025-11-18 09:50:00,1248,1250,1248,1250,102
2025-11-18 10:00:00,1249,1249,1248,1248,23
2025-11-18 10:10:00,1249,1250,1245,1247,163
2025-11-18 10:20:00,1247,1264,1247,1261,4365
2025-11-18 10:30:00,1263,1264,1257,1258,2724
2025-11-18 10:40:00,1259,1262,1259,1259,119
2025-11-18 10:50:00,1259,1260,1259,1260,240
2025-11-18 11:00:00,1258,1258,1255,1255,327
2025-11-18 11:10:00,1256,1265,1256,1261,3088
2025-11-18 11:20:00,1262,1265,1262,1265,3092
2025-11-18 11:30:00,1265,1273,1262,1271,2263
2025-11-18 11:40:00,1270,1270,1266,1266,973
2025-11-18 11:50:00,1268,1269,1266,1267,201
2025-11-18 12:00:00,1269,1269,1264,1264,888
2025-11-18 12:10:00,1262,1263,1261,1261,410
2025-11-18 12:20:00,1263,1263,1260,1260,1202
2025-11-18 12:30:00,1259,1259,1255,1255,2013
2025-11-18 12:40:00,1255,1256,1249,1252,2655
2025-11-18 12:50:00,1254,1258,1254,1258,193
2025-11-18 13:00:00,1259,1261,1259,1261,176
2025-11-18 13:10:00,1261,1261,1257,1257,163
2025-11-18 13:20:00,1257,1258,1255,1258,1390
2025-11-18 13:30:00,1259,1259,1257,1257,534
2025-11-18 13:40:00,1257,1257,1256,1256,300
2025-11-18 13:50:00,1259,1259,1259,1259,445
2025-11-18 14:00:00,1259,1259,1259,1259,80
2025-11-18 14:10:00,1259,1261,1258,1261,804
2025-11-18 14:20:00,1260,1261,1260,1260,89
2025-11-18 14:30:00,1261,1263,1256,1260,668
2025-11-18 14:50:00,1260,1265,1260,1265,603
2025-11-18 15:00:00,1264,1264,1264,1264,11
2025-11-18 15:10:00,1264,1264,1256,1257,849
2025-11-18 15:20:00,1257,1263,1256,1263,83
2025-11-18 15:30:00,1263,1263,1262,1263,207
2025-11-18 15:40:00,1264,1267,1263,1266,757
2025-11-18 15:50:00,1266,1270,1265,1265,1111
2025-11-18 16:00:00,1267,1268,1265,1265,965
2025-11-18 16:20:00,1266,1268,1264,1268,138
2025-11-18 16:30:00,1268,1270,1267,1270,215
2025-11-18 16:40:00,1267,1268,1265,1268,45
2025-11-18 16:50:00,1267,1267,1265,1266,45
2025-11-18 17:00:00,1265,1268,1265,1268,156
2025-11-18 17:10:00,1266,1268,1266,1268,131
2025-11-18 17:20:00,1268,1268,1268,1268,120
2025-11-18 17:30:00,1268,1268,1265,1265,79
2025-11-18 17:40:00,1265,1268,1264,1268,275
2025-11-18 17:50:00,1263,1264,1261,1261,75
2025-11-18 18:00:00,1261,1261,1257,1257,1096
2025-11-18 18:10:00,1259,1261,1259,1261,45
2025-11-18 18:20:00,1261,1261,1261,1261,62
2025-11-18 18:30:00,1261,1261,1257,1257,119
2025-11-18 19:10:00,1262,1262,1262,1262,29
2025-11-18 19:30:00,1263,1263,1263,1263,55
2025-11-18 19:40:00,1261,1263,1258,1258,40
2025-11-18 19:50:00,1258,1258,1258,1258,19
2025-11-18 20:00:00,1258,1258,1258,1258,4
2025-11-18 20:10:00,1258,1258,1258,1258,4
2025-11-18 20:30:00,1258,1258,1258,1258,119
2025-11-18 20:40:00,1260,1261,1260,1260,261
2025-11-18 20:50:00,1259,1259,1259,1259,1
2025-11-18 21:00:00,1263,1263,1259,1259,200
2025-11-18 21:10:00,1260,1260,1260,1260,1
2025-11-18 21:30:00,1263,1263,1263,1263,21
2025-11-18 21:40:00,1263,1263,1263,1263,1
2025-11-18 22:10:00,1263,1263,1263,1263,28
2025-11-18 22:30:00,1262,1264,1262,1264,324
2025-11-18 22:50:00,1263,1263,1263,1263,12
2025-11-18 23:00:00,1263,1263,1263,1263,81
2025-11-18 23:20:00,1262,1262,1258,1258,631
2025-11-18 23:30:00,1258,1261,1258,1260,1075
2025-11-18 23:40:00,1257,1257,1255,1257,391
2025-11-19 08:50:00,1267,1267,1267,1267,100
2025-11-19 09:00:00,1263,1263,1260,1261,210
2025-11-19 09:10:00,1262,1262,1260,1260,39
2025-11-19 09:20:00,1265,1265,1262,1262,43
2025-11-19 09:30:00,1262,1262,1260,1260,39
2025-11-19 09:40:00,1262,1262,1262,1262,538
2025-11-19 09:50:00,1262,1264,1261,1264,1512
2025-11-19 10:00:00,1264,1266,1264,1265,244
2025-11-19 10:10:00,1264,1264,1261,1264,133
2025-11-19 10:20:00,1264,1267,1264,1267,125
2025-11-19 10:30:00,1267,1268,1265,1267,411
2025-11-19 10:40:00,1267,1268,1266,1268,207
2025-11-19 10:50:00,1266,1270,1266,1270,92
2025-11-19 11:00:00,1266,1269,1264,1264,27
2025-11-19 11:10:00,1264,1266,1264,1266,520
2025-11-19 11:20:00,1265,1267,1262,1264,1041
2025-11-19 11:30:00,1263,1264,1250,1251,5281
2025-11-19 11:40:00,1257,1266,1256,1264,2776
2025-11-19 11:50:00,1262,1262,1261,1261,63
2025-11-19 12:00:00,1262,1263,1260,1260,161
2025-11-19 12:10:00,1259,1259,1255,1255,127
2025-11-19 12:30:00,1258,1259,1255,1259,606
2025-11-19 12:40:00,1258,1259,1258,1259,10
2025-11-19 12:50:00,1260,1260,1260,1260,2
2025-11-19 13:00:00,1257,1260,1257,1260,98
2025-11-19 13:10:00,1260,1260,1260,1260,23
2025-11-19 13:30:00,1260,1263,1259,1261,171
2025-11-19 13:40:00,1261,1264,1260,1263,1128
2025-11-19 13:50:00,1260,1260,1260,1260,5
2025-11-19 14:00:00,1262,1262,1261,1261,5
2025-11-19 14:10:00,1262,1274,1262,1267,898
2025-11-19 14:20:00,1267,1273,1267,1271,1382
2025-11-19 14:30:00,1271,1275,1271,1272,2152
2025-11-19 14:40:00,1272,1274,1272,1274,315
2025-11-19 14:50:00,1274,1279,1271,1274,1001
2025-11-19 15:00:00,1276,1278,1270,1270,592
2025-11-19 15:10:00,1272,1275,1269,1273,2806
2025-11-19 15:20:00,1274,1281,1273,1281,848
2025-11-19 15:30:00,1281,1284,1278,1279,8019
2025-11-19 15:40:00,1279,1279,1275,1275,221
2025-11-19 15:50:00,1274,1275,1268,1274,2354
2025-11-19 16:00:00,1275,1286,1275,1286,2976
2025-11-19 16:10:00,1287,1292,1284,1285,3831
2025-11-19 16:20:00,1285,1296,1281,1292,7099
2025-11-19 16:30:00,1290,1291,1282,1289,760
2025-11-19 16:40:00,1283,1286,1283,1283,349
2025-11-19 16:50:00,1285,1285,1282,1284,207
2025-11-19 17:00:00,1285,1286,1284,1284,1021
2025-11-19 17:10:00,1288,1289,1275,1278,1199
2025-11-19 17:20:00,1279,1285,1279,1283,512
2025-11-19 17:30:00,1283,1285,1280,1281,227
2025-11-19 17:40:00,1283,1285,1283,1285,99
2025-11-19 17:50:00,1281,1283,1281,1283,166
2025-11-19 18:00:00,1282,1282,1276,1277,1127
2025-11-19 18:10:00,1275,1275,1270,1274,915
2025-11-19 18:20:00,1275,1275,1269,1274,1090
2025-11-19 18:30:00,1273,1277,1272,1277,152
2025-11-19 18:40:00,1278,1285,1278,1285,157
2025-11-19 19:00:00,1275,1277,1274,1277,71
2025-11-19 19:10:00,1279,1279,1276,1276,2
2025-11-19 19:20:00,1278,1278,1274,1274,4
2025-11-19 19:30:00,1278,1279,1278,1279,89
2025-11-19 19:40:00,1283,1284,1280,1283,103
2025-11-19 19:50:00,1280,1283,1280,1283,63
2025-11-19 20:00:00,1284,1284,1284,1284,3
2025-11-19 20:10:00,1280,1280,1277,1277,327
2025-11-19 20:40:00,1281,1283,1279,1283,126
2025-11-19 20:50:00,1283,1285,1276,1281,1358
2025-11-19 21:00:00,1283,1284,1268,1271,2365
2025-11-19 21:10:00,1271,1272,1267,1269,1036
2025-11-19 21:20:00,1269,1273,1269,1273,124
2025-11-19 21:30:00,1269,1273,1269,1270,519
2025-11-19 21:40:00,1270,1271,1270,1271,181
2025-11-19 21:50:00,1270,1271,1270,1271,21
2025-11-19 22:00:00,1269,1269,1269,1269,300
2025-11-19 22:10:00,1270,1270,1265,1269,522
2025-11-19 22:20:00,1266,1267,1265,1267,633
2025-11-19 22:30:00,1267,1268,1266,1267,389
2025-11-19 22:40:00,1265,1265,1263,1265,659
2025-11-19 22:50:00,1264,1266,1264,1266,180
2025-11-19 23:00:00,1267,1267,1267,1267,245
2025-11-19 23:30:00,1265,1265,1263,1263,519
2025-11-19 23:40:00,1267,1267,1267,1267,3
2025-11-20 08:50:00,1266,1266,1266,1266,29
2025-11-20 09:00:00,1262,1266,1262,1264,481
2025-11-20 09:10:00,1264,1268,1264,1268,117
2025-11-20 09:20:00,1266,1268,1266,1266,100
2025-11-20 09:30:00,1268,1269,1266,1269,100
2025-11-20 09:40:00,1269,1269,1268,1268,46
2025-11-20 09:50:00,1267,1267,1263,1264,704
2025-11-20 10:00:00,1266,1268,1264,1264,434
2025-11-20 10:10:00,1262,1262,1261,1262,414
2025-11-20 10:20:00,1263,1265,1263,1265,79
2025-11-20 10:30:00,1265,1265,1262,1265,10
2025-11-20 10:40:00,1263,1265,1260,1263,397
2025-11-20 10:50:00,1266,1267,1266,1267,96
2025-11-20 11:00:00,1267,1269,1264,1265,502
2025-11-20 11:10:00,1265,1266,1262,1263,50
2025-11-20 11:20:00,1264,1265,1261,1265,20
2025-11-20 11:30:00,1264,1264,1264,1264,1
2025-11-20 11:40:00,1263,1267,1261,1267,396
2025-11-20 11:50:00,1267,1268,1264,1268,812
2025-11-20 12:00:00,1267,1267,1267,1267,9
2025-11-20 12:10:00,1265,1272,1265,1272,403
2025-11-20 12:20:00,1272,1278,1270,1275,1744
2025-11-20 12:30:00,1274,1274,1271,1272,606
2025-11-20 12:40:00,1272,1273,1270,1270,110
2025-11-20 12:50:00,1268,1273,1268,1273,493
2025-11-20 13:00:00,1273,1273,1272,1272,47
2025-11-20 13:10:00,1271,1271,1266,1267,420
2025-11-20 13:20:00,1267,1267,1267,1267,82
2025-11-20 13:30:00,1267,1269,1267,1267,62
2025-11-20 13:40:00,1269,1274,1267,1270,727
2025-11-20 13:50:00,1268,1269,1267,1268,78
2025-11-20 14:00:00,1266,1266,1263,1265,391
2025-11-20 14:10:00,1265,1266,1264,1265,719
2025-11-20 14:20:00,1266,1266,1262,1262,117
2025-11-20 14:30:00,1264,1264,1264,1264,52
2025-11-20 14:40:00,1265,1265,1262,1263,91
2025-11-20 14:50:00,1264,1264,1262,1262,50
2025-11-20 15:00:00,1262,1263,1260,1260,61
2025-11-20 15:10:00,1262,1264,1262,1263,577
2025-11-20 15:20:00,1261,1261,1260,1260,132
2025-11-20 15:40:00,1263,1263,1263,1263,9
2025-11-20 15:50:00,1263,1263,1263,1263,24
2025-11-20 16:00:00,1263,1263,1263,1263,4
2025-11-20 16:10:00,1264,1264,1263,1263,20
2025-11-20 16:20:00,1263,1263,1259,1260,4830
2025-11-20 16:30:00,1260,1262,1259,1262,382
2025-11-20 16:40:00,1261,1261,1261,1261,36
2025-11-20 16:50:00,1262,1262,1259,1259,103
2025-11-20 17:00:00,1259,1260,1258,1260,360
2025-11-20 17:10:00,1260,1261,1260,1261,55
2025-11-20 17:30:00,1260,1261,1260,1261,20
2025-11-20 17:40:00,1261,1261,1260,1260,21
2025-11-20 17:50:00,1259,1260,1259,1260,19
2025-11-20 18:00:00,1257,1257,1257,1257,94
2025-11-20 18:10:00,1258,1259,1257,1259,339
2025-11-20 18:20:00,1259,1259,1257,1257,219
2025-11-20 18:30:00,1258,1258,1258,1258,11
2025-11-20 18:40:00,1256,1259,1255,1259,14
2025-11-20 19:00:00,1259,1259,1259,1259,12
2025-11-20 19:10:00,1259,1262,1259,1262,132
2025-11-20 19:20:00,1263,1263,1263,1263,79
2025-11-20 19:40:00,1259,1259,1259,1259,151
2025-11-20 19:50:00,1259,1261,1258,1258,34
2025-11-20 20:00:00,1258,1258,1258,1258,1
2025-11-20 20:20:00,1258,1258,1258,1258,2
2025-11-20 20:40:00,1260,1260,1260,1260,1
2025-11-20 20:50:00,1262,1290,1262,1284,1821
2025-11-20 21:00:00,1285,1290,1274,1278,5831
2025-11-20 21:10:00,1278,1281,1277,1281,641
2025-11-20 21:20:00,1280,1280,1268,1268,1341
2025-11-20 21:30:00,1267,1270,1264,1268,332
2025-11-20 21:40:00,1267,1273,1267,1272,306
2025-11-20 21:50:00,1271,1275,1271,1272,1023
2025-11-20 22:00:00,1273,1279,1273,1279,675
2025-11-20 22:10:00,1272,1278,1272,1278,762
2025-11-20 22:20:00,1274,1277,1274,1276,513
2025-11-20 22:30:00,1278,1278,1277,1278,326
2025-11-20 22:40:00,1275,1277,1275,1277,2001
2025-11-20 22:50:00,1275,1277,1275,1275,452
2025-11-20 23:00:00,1278,1285,1278,1280,70
2025-11-20 23:10:00,1282,1282,1276,1281,796
2025-11-20 23:20:00,1281,1283,1279,1280,437
2025-11-20 23:30:00,1278,1285,1276,1285,1417
2025-11-20 23:40:00,1285,1297,1279,1293,2397
2025-11-21 09:00:00,1276,1279,1273,1274,1813
2025-11-21 09:10:00,1273,1278,1273,1276,73
2025-11-21 09:20:00,1277,1280,1277,1279,213
2025-11-21 09:30:00,1278,1279,1278,1278,93
2025-11-21 09:40:00,1277,1277,1277,1277,40
2025-11-21 09:50:00,1279,1279,1279,1279,20
2025-11-21 10:00:00,1277,1279,1275,1275,169
2025-11-21 10:10:00,1275,1275,1273,1273,163
2025-11-21 10:20:00,1276,1279,1276,1279,185
2025-11-21 10:30:00,1279,1279,1277,1279,60
2025-11-21 10:40:00,1279,1281,1278,1280,98
2025-11-21 10:50:00,1280,1280,1276,1276,14
2025-11-21 11:00:00,1278,1278,1274,1274,203
2025-11-21 11:10:00,1275,1277,1275,1277,61
2025-11-21 11:20:00,1277,1280,1277,1278,1054
2025-11-21 11:30:00,1275,1276,1275,1275,300
2025-11-21 11:40:00,1274,1275,1274,1275,9
2025-11-21 11:50:00,1274,1274,1272,1272,2229
2025-11-21 12:00:00,1274,1274,1274,1274,53
2025-11-21 12:10:00,1273,1276,1273,1276,6
2025-11-21 12:30:00,1274,1274,1274,1274,1
2025-11-21 12:40:00,1274,1274,1274,1274,50
2025-11-21 12:50:00,1274,1276,1274,1276,5
2025-11-21 13:00:00,1274,1274,1273,1274,137
2025-11-21 13:10:00,1274,1275,1274,1275,25
2025-11-21 13:20:00,1272,1273,1272,1273,52
2025-11-21 13:30:00,1272,1272,1272,1272,1526
2025-11-21 13:40:00,1274,1274,1274,1274,15
2025-11-21 13:50:00,1273,1273,1273,1273,120
2025-11-21 14:00:00,1275,1275,1274,1274,910
2025-11-21 14:10:00,1273,1274,1273,1274,645
2025-11-21 14:20:00,1273,1274,1273,1273,371
2025-11-21 14:30:00,1273,1273,1273,1273,1
2025-11-21 14:40:00,1273,1274,1270,1270,123
2025-11-21 14:50:00,1273,1274,1273,1274,37
2025-11-21 15:00:00,1274,1277,1274,1277,241
2025-11-21 15:10:00,1278,1279,1278,1279,27
2025-11-21 15:20:00,1277,1280,1277,1279,206
2025-11-21 15:30:00,1279,1280,1278,1278,344
2025-11-21 15:40:00,1279,1281,1279,1281,481
2025-11-21 15:50:00,1279,1279,1276,1276,559
2025-11-21 16:00:00,1277,1278,1274,1274,350
2025-11-21 16:10:00,1274,1275,1273,1274,285
2025-11-21 16:30:00,1274,1275,1272,1272,230
2025-11-21 16:40:00,1272,1272,1272,1272,115
2025-11-21 17:00:00,1274,1277,1273,1277,56
2025-11-21 17:10:00,1277,1279,1277,1279,171
2025-11-21 17:20:00,1277,1281,1276,1281,218
2025-11-21 17:30:00,1278,1278,1278,1278,12
2025-11-21 17:40:00,1274,1282,1274,1282,75
2025-11-21 17:50:00,1282,1286,1277,1277,1201
2025-11-21 18:00:00,1278,1282,1277,1282,322
2025-11-21 18:10:00,1283,1283,1282,1282,36
2025-11-21 18:20:00,1282,1283,1278,1278,280
2025-11-21 18:30:00,1278,1278,1278,1278,24
2025-11-21 18:40:00,1277,1277,1277,1277,27
2025-11-21 19:10:00,1278,1278,1278,1278,21
2025-11-21 19:40:00,1278,1278,1278,1278,1
2025-11-21 19:50:00,1281,1281,1281,1281,41
2025-11-21 20:00:00,1281,1283,1281,1283,275
2025-11-21 20:10:00,1282,1282,1282,1282,19
2025-11-21 20:20:00,1282,1284,1278,1284,206
2025-11-21 20:30:00,1284,1284,1281,1284,494
2025-11-21 20:40:00,1283,1283,1283,1283,20
2025-11-21 20:50:00,1283,1283,1283,1283,25
2025-11-21 21:00:00,1285,1285,1283,1283,27
2025-11-21 21:10:00,1282,1282,1282,1282,20
2025-11-21 21:40:00,1285,1285,1279,1282,1566
2025-11-21 21:50:00,1284,1284,1284,1284,5
2025-11-21 22:10:00,1282,1282,1281,1281,885
2025-11-21 22:20:00,1280,1280,1280,1280,8
2025-11-21 22:30:00,1280,1280,1278,1278,831
2025-11-21 22:40:00,1282,1285,1282,1282,669
2025-11-21 22:50:00,1285,1285,1282,1284,187
2025-11-21 23:00:00,1285,1285,1285,1285,526
2025-11-21 23:10:00,1281,1285,1281,1285,671
2025-11-21 23:30:00,1285,1285,1285,1285,31
2025-11-21 23:40:00,1280,1282,1279,1282,279
2025-11-24 08:50:00,1294,1294,1293,1293,24
2025-11-24 09:00:00,1291,1293,1289,1293,792
2025-11-24 09:10:00,1291,1296,1289,1296,1673
2025-11-24 09:20:00,1293,1296,1293,1296,239
2025-11-24 09:30:00,1295,1296,1292,1296,739
2025-11-24 09:40:00,1296,1296,1295,1296,424
2025-11-24 09:50:00,1296,1298,1291,1293,2557
2025-11-24 10:00:00,1292,1294,1290,1293,828
2025-11-24 10:10:00,1290,1294,1290,1294,701
2025-11-24 10:20:00,1292,1294,1292,1292,39
2025-11-24 10:30:00,1290,1291,1290,1291,102
2025-11-24 10:40:00,1291,1292,1289,1291,351
2025-11-24 10:50:00,1290,1291,1290,1290,280
2025-11-24 11:00:00,1290,1293,1290,1293,156
2025-11-24 11:10:00,1291,1291,1290,1290,461
2025-11-24 11:20:00,1290,1290,1287,1287,337
2025-11-24 11:30:00,1289,1289,1282,1282,409
2025-11-24 11:40:00,1282,1286,1282,1283,226
2025-11-24 11:50:00,1284,1284,1275,1275,1339
2025-11-24 12:00:00,1282,1282,1279,1280,449
2025-11-24 12:10:00,1280,1281,1277,1279,360
2025-11-24 12:20:00,1279,1279,1273,1278,622
2025-11-24 12:30:00,1276,1278,1273,1275,633
2025-11-24 12:40:00,1275,1277,1273,1273,1610
2025-11-24 12:50:00,1274,1274,1273,1274,525
2025-11-24 13:00:00,1274,1274,1271,1274,2420
2025-11-24 13:10:00,1274,1274,1273,1273,86
2025-11-24 13:20:00,1272,1277,1271,1277,523
2025-11-24 13:30:00,1277,1277,1275,1275,175
2025-11-24 13:40:00,1276,1281,1274,1280,1601
2025-11-24 13:50:00,1279,1281,1279,1281,241
2025-11-24 14:00:00,1279,1285,1279,1281,2294
2025-11-24 14:10:00,1283,1286,1283,1286,1072
2025-11-24 14:20:00,1287,1287,1287,1287,301
2025-11-24 14:30:00,1286,1286,1284,1284,128
2025-11-24 14:40:00,1283,1285,1281,1281,229
2025-11-24 14:50:00,1282,1287,1281,1287,267
2025-11-24 15:00:00,1286,1287,1285,1287,241
2025-11-24 15:10:00,1288,1288,1284,1284,40
2025-11-24 15:20:00,1286,1286,1285,1285,284
2025-11-24 15:30:00,1286,1289,1286,1289,264
2025-11-24 15:40:00,1290,1290,1284,1284,260
2025-11-24 15:50:00,1285,1285,1285,1285,159
2025-11-24 16:00:00,1285,1289,1285,1288,261
2025-11-24 16:10:00,1289,1290,1289,1290,49
2025-11-24 16:20:00,1290,1290,1286,1290,190
2025-11-24 16:30:00,1288,1288,1288,1288,2
2025-11-24 16:40:00,1289,1289,1286,1286,11
2025-11-24 16:50:00,1286,1286,1284,1286,76
2025-11-24 17:00:00,1285,1288,1285,1287,27
2025-11-24 17:10:00,1286,1286,1286,1286,15
2025-11-24 17:20:00,1282,1282,1275,1277,364
2025-11-24 17:30:00,1278,1284,1277,1278,582
2025-11-24 17:40:00,1278,1282,1278,1282,995
2025-11-24 17:50:00,1279,1279,1272,1278,514
2025-11-24 18:00:00,1278,1280,1278,1279,28
2025-11-24 18:10:00,1278,1280,1278,1280,7
2025-11-24 18:20:00,1284,1284,1282,1282,79
2025-11-24 18:40:00,1280,1282,1280,1282,51
2025-11-24 19:00:00,1281,1281,1281,1281,28
2025-11-24 19:10:00,1279,1282,1279,1281,60
2025-11-24 19:20:00,1278,1278,1278,1278,17
2025-11-24 19:30:00,1281,1281,1279,1279,60
2025-11-24 19:40:00,1281,1281,1281,1281,300
2025-11-24 20:00:00,1278,1278,1278,1278,2
2025-11-24 20:10:00,1279,1279,1278,1278,100
2025-11-24 20:20:00,1279,1281,1279,1281,8
2025-11-24 21:00:00,1281,1281,1281,1281,60
2025-11-24 21:20:00,1280,1280,1280,1280,90
2025-11-24 21:40:00,1281,1282,1281,1282,485
2025-11-24 22:10:00,1280,1280,1280,1280,18
2025-11-24 22:50:00,1279,1279,1279,1279,37
2025-11-24 23:00:00,1279,1281,1279,1281,251
2025-11-24 23:10:00,1281,1281,1277,1280,501
2025-11-24 23:30:00,1283,1285,1279,1284,300
2025-11-24 23:40:00,1281,1281,1281,1281,1
2025-11-25 09:00:00,1286,1292,1284,1289,1545
2025-11-25 09:10:00,1287,1291,1287,1289,204
2025-11-25 09:20:00,1290,1294,1290,1294,103
2025-11-25 09:30:00,1292,1293,1290,1293,69
2025-11-25 09:40:00,1292,1293,1291,1291,94
2025-11-25 09:50:00,1292,1292,1289,1292,107
2025-11-25 10:00:00,1289,1290,1287,1289,92
2025-11-25 10:10:00,1289,1292,1288,1292,581
2025-11-25 10:20:00,1292,1292,1291,1291,187
2025-11-25 10:30:00,1291,1292,1289,1291,962
2025-11-25 10:40:00,1290,1292,1287,1292,138
2025-11-25 10:50:00,1290,1290,1286,1286,250
2025-11-25 11:00:00,1290,1291,1288,1291,95
2025-11-25 11:10:00,1287,1289,1286,1289,106
2025-11-25 11:20:00,1288,1290,1288,1290,94
2025-11-25 11:30:00,1288,1288,1282,1282,49
2025-11-25 11:40:00,1282,1287,1282,1283,485
2025-11-25 11:50:00,1283,1285,1282,1282,60
2025-11-25 12:00:00,1280,1283,1275,1280,3019
2025-11-25 12:10:00,1281,1283,1278,1283,299
2025-11-25 12:20:00,1279,1280,1278,1280,326
2025-11-25 12:30:00,1279,1282,1277,1282,150
2025-11-25 12:40:00,1281,1283,1279,1283,98
2025-11-25 12:50:00,1283,1283,1281,1282,96
2025-11-25 13:10:00,1281,1281,1281,1281,200
2025-11-25 13:30:00,1282,1282,1282,1282,6
2025-11-25 13:40:00,1283,1283,1283,1283,4
2025-11-25 13:50:00,1280,1280,1280,1280,75
2025-11-25 14:00:00,1278,1278,1278,1278,40
2025-11-25 14:10:00,1282,1283,1280,1282,499
2025-11-25 14:20:00,1282,1284,1280,1280,467
2025-11-25 14:30:00,1279,1279,1279,1279,97
2025-11-25 14:50:00,1279,1281,1279,1280,106
2025-11-25 15:00:00,1280,1280,1280,1280,1
2025-11-25 15:10:00,1280,1280,1280,1280,2
2025-11-25 15:20:00,1280,1291,1280,1291,608
2025-11-25 15:30:00,1287,1288,1280,1288,930
2025-11-25 15:40:00,1288,1293,1288,1292,1070
2025-11-25 15:50:00,1292,1292,1287,1288,601
2025-11-25 16:00:00,1286,1290,1286,1287,522
2025-11-25 16:10:00,1289,1290,1289,1290,127
2025-11-25 16:20:00,1288,1288,1284,1288,284
2025-11-25 16:30:00,1288,1288,1285,1288,24
2025-11-25 16:40:00,1287,1288,1287,1288,46
2025-11-25 16:50:00,1290,1290,1288,1288,409
2025-11-25 17:00:00,1289,1289,1288,1288,47
2025-11-25 17:10:00,1289,1289,1288,1288,119
2025-11-25 17:20:00,1285,1285,1285,1285,22
2025-11-25 17:30:00,1286,1289,1286,1289,19
2025-11-25 17:40:00,1289,1289,1286,1288,375
2025-11-25 17:50:00,1287,1290,1287,1290,157
2025-11-25 18:00:00,1289,1289,1286,1288,269
2025-11-25 18:10:00,1288,1288,1285,1285,101
2025-11-25 18:20:00,1289,1290,1289,1290,112
2025-11-25 18:30:00,1290,1291,1290,1291,501
2025-11-25 18:40:00,1290,1290,1290,1290,30
2025-11-25 19:00:00,1289,1291,1289,1291,91
2025-11-25 19:10:00,1292,1294,1292,1294,93
2025-11-25 19:20:00,1295,1295,1290,1294,137
2025-11-25 19:30:00,1291,1295,1291,1295,104
2025-11-25 19:40:00,1295,1295,1295,1295,11
2025-11-25 19:50:00,1294,1296,1293,1296,151
2025-11-25 20:00:00,1295,1295,1290,1294,168
2025-11-25 20:10:00,1292,1292,1290,1291,154
2025-11-25 20:20:00,1292,1292,1289,1291,1749
2025-11-25 20:30:00,1293,1294,1292,1292,39
2025-11-25 20:40:00,1292,1294,1292,1293,63
2025-11-25 20:50:00,1293,1294,1293,1294,17
2025-11-25 21:00:00,1293,1294,1293,1293,62
2025-11-25 21:10:00,1292,1294,1290,1292,149
2025-11-25 21:20:00,1290,1290,1290,1290,1
2025-11-25 22:00:00,1289,1293,1286,1293,515
2025-11-25 22:20:00,1291,1293,1291,1293,105
2025-11-25 22:30:00,1291,1293,1291,1292,105
2025-11-25 22:40:00,1294,1295,1293,1295,70
2025-11-25 22:50:00,1294,1294,1290,1290,635
2025-11-25 23:10:00,1295,1295,1294,1294,67
2025-11-25 23:20:00,1290,1290,1290,1290,3
2025-11-25 23:30:00,1292,1295,1290,1291,209
2025-11-25 23:40:00,1294,1294,1294,1294,25
2025-11-26 09:00:00,1292,1292,1286,1286,684
2025-11-26 09:10:00,1286,1294,1286,1294,144
2025-11-26 09:20:00,1293,1293,1293,1293,100
2025-11-26 09:30:00,1293,1293,1291,1292,572
2025-11-26 09:40:00,1292,1292,1286,1288,696
2025-11-26 09:50:00,1288,1288,1287,1287,56
2025-11-26 10:00:00,1287,1288,1283,1286,497
2025-11-26 10:10:00,1284,1284,1281,1281,565
2025-11-26 10:20:00,1281,1286,1281,1283,938
2025-11-26 10:30:00,1285,1287,1285,1287,196
2025-11-26 10:40:00,1287,1287,1287,1287,5
2025-11-26 10:50:00,1287,1289,1287,1289,132
2025-11-26 11:00:00,1287,1287,1285,1285,106
2025-11-26 11:10:00,1287,1288,1287,1288,176
2025-11-26 11:30:00,1284,1285,1283,1283,182
2025-11-26 11:40:00,1282,1282,1277,1280,3316
2025-11-26 11:50:00,1280,1280,1279,1280,653
2025-11-26 12:00:00,1280,1280,1279,1279,60
2025-11-26 12:10:00,1282,1282,1282,1282,40
2025-11-26 12:20:00,1283,1283,1283,1283,61
2025-11-26 12:30:00,1285,1285,1285,1285,30
2025-11-26 12:50:00,1280,1280,1280,1280,80
2025-11-26 13:00:00,1279,1279,1279,1279,5
2025-11-26 13:10:00,1280,1282,1280,1282,73
2025-11-26 13:20:00,1280,1282,1278,1278,350
2025-11-26 13:30:00,1280,1282,1280,1282,902
2025-11-26 13:40:00,1281,1281,1281,1281,80
2025-11-26 13:50:00,1280,1280,1277,1280,284
2025-11-26 14:00:00,1282,1282,1282,1282,52
2025-11-26 14:10:00,1284,1284,1284,1284,34
2025-11-26 14:30:00,1279,1280,1279,1280,209
2025-11-26 14:40:00,1280,1280,1276,1277,594
2025-11-26 14:50:00,1277,1277,1275,1277,94
2025-11-26 15:00:00,1275,1275,1275,1275,17
2025-11-26 15:10:00,1278,1278,1278,1278,40
2025-11-26 15:20:00,1278,1279,1264,1274,4205
2025-11-26 15:30:00,1274,1274,1272,1272,1014
2025-11-26 15:40:00,1271,1272,1271,1272,4
2025-11-26 15:50:00,1273,1275,1273,1275,805
2025-11-26 16:00:00,1275,1276,1273,1274,148
2025-11-26 16:10:00,1274,1274,1269,1269,398
2025-11-26 16:20:00,1270,1271,1266,1271,605
2025-11-26 16:30:00,1271,1271,1265,1266,573
2025-11-26 16:40:00,1265,1268,1265,1268,133
2025-11-26 16:50:00,1268,1268,1268,1268,3
2025-11-26 17:00:00,1268,1268,1267,1267,40
2025-11-26 17:10:00,1267,1270,1266,1266,227
2025-11-26 17:20:00,1268,1268,1268,1268,136
2025-11-26 17:30:00,1268,1268,1267,1268,150
2025-11-26 17:40:00,1268,1268,1266,1266,165
2025-11-26 17:50:00,1267,1267,1265,1265,19
2025-11-26 18:00:00,1267,1268,1267,1268,260
2025-11-26 18:10:00,1266,1271,1266,1271,1274
2025-11-26 18:20:00,1271,1271,1268,1268,66
2025-11-26 18:30:00,1266,1267,1265,1267,133
2025-11-26 18:40:00,1268,1268,1268,1268,3
2025-11-26 19:00:00,1267,1267,1267,1267,76
2025-11-26 19:10:00,1267,1270,1267,1270,517
2025-11-26 19:20:00,1266,1266,1266,1266,26
2025-11-26 19:30:00,1271,1271,1271,1271,2
2025-11-26 19:40:00,1271,1271,1271,1271,86
2025-11-26 19:50:00,1271,1271,1271,1271,154
2025-11-26 20:00:00,1271,1271,1268,1268,65
2025-11-26 20:30:00,1271,1271,1271,1271,1
2025-11-26 20:50:00,1271,1273,1271,1273,26
2025-11-26 21:10:00,1271,1271,1271,1271,1
2025-11-26 21:30:00,1270,1270,1269,1269,88
2025-11-26 21:40:00,1271,1271,1271,1271,20
2025-11-26 21:50:00,1269,1269,1269,1269,2
2025-11-26 22:10:00,1271,1272,1271,1272,2
2025-11-26 22:20:00,1270,1270,1270,1270,80
2025-11-26 22:30:00,1269,1270,1269,1270,2
2025-11-26 22:40:00,1268,1268,1268,1268,41
2025-11-26 23:00:00,1269,1269,1268,1268,31
2025-11-26 23:10:00,1268,1268,1268,1268,111
2025-11-26 23:20:00,1267,1267,1267,1267,2
2025-11-26 23:30:00,1269,1271,1267,1270,463
2025-11-26 23:40:00,1269,1269,1269,1269,1
2025-11-27 08:50:00,1276,1276,1276,1276,6
2025-11-27 09:00:00,1273,1273,1267,1269,207
2025-11-27 09:10:00,1271,1271,1269,1269,101
2025-11-27 09:20:00,1269,1270,1269,1270,153
2025-11-27 09:30:00,1269,1272,1269,1272,317
2025-11-27 09:40:00,1272,1272,1272,1272,26
2025-11-27 10:00:00,1269,1272,1267,1267,1326
2025-11-27 10:10:00,1266,1268,1264,1266,644
2025-11-27 10:20:00,1265,1268,1265,1268,205
2025-11-27 10:30:00,1268,1268,1265,1265,36
2025-11-27 10:40:00,1264,1264,1257,1262,1048
2025-11-27 10:50:00,1261,1263,1260,1262,75
2025-11-27 11:00:00,1262,1263,1262,1263,114
2025-11-27 11:10:00,1263,1263,1262,1262,115
2025-11-27 11:20:00,1261,1261,1259,1261,102
2025-11-27 11:40:00,1260,1262,1259,1262,222
2025-11-27 11:50:00,1264,1264,1264,1264,8
2025-11-27 12:10:00,1261,1262,1259,1262,177
2025-11-27 12:20:00,1262,1262,1262,1262,3
2025-11-27 12:30:00,1263,1263,1263,1263,1
2025-11-27 12:40:00,1265,1266,1261,1261,184
2025-11-27 13:00:00,1260,1260,1258,1258,98
2025-11-27 13:10:00,1259,1260,1259,1260,41
2025-11-27 13:20:00,1257,1257,1257,1257,1
2025-11-27 13:40:00,1258,1261,1257,1257,553
2025-11-27 13:50:00,1258,1258,1251,1256,919
2025-11-27 14:00:00,1254,1254,1254,1254,8
2025-11-27 14:10:00,1254,1255,1254,1254,177
2025-11-27 14:20:00,1253,1256,1252,1256,250
2025-11-27 14:30:00,1257,1257,1254,1254,83
2025-11-27 14:40:00,1255,1256,1252,1252,290
2025-11-27 14:50:00,1252,1252,1247,1249,982
2025-11-27 15:00:00,1246,1248,1242,1245,708
2025-11-27 15:10:00,1246,1246,1242,1242,491
2025-11-27 15:20:00,1242,1244,1239,1244,4102
2025-11-27 15:30:00,1244,1245,1232,1235,3777
2025-11-27 15:40:00,1235,1239,1234,1239,486
2025-11-27 15:50:00,1239,1240,1238,1238,127
2025-11-27 16:00:00,1239,1242,1239,1242,60
2025-11-27 16:10:00,1242,1242,1241,1241,33
2025-11-27 16:20:00,1241,1242,1237,1242,2264
2025-11-27 16:30:00,1239,1245,1238,1245,619
2025-11-27 16:40:00,1242,1244,1240,1244,148
2025-11-27 16:50:00,1243,1243,1243,1243,71
2025-11-27 17:00:00,1244,1244,1235,1235,307
2025-11-27 17:10:00,1234,1236,1230,1236,1104
2025-11-27 17:20:00,1236,1236,1233,1233,231
2025-11-27 17:30:00,1229,1230,1225,1225,6951
2025-11-27 17:40:00,1225,1233,1219,1231,1717
2025-11-27 17:50:00,1230,1231,1225,1228,1369
2025-11-27 18:00:00,1226,1230,1225,1229,259
2025-11-27 18:10:00,1231,1233,1228,1228,4321
2025-11-27 18:20:00,1228,1231,1224,1231,846
2025-11-27 18:30:00,1229,1229,1226,1227,664
2025-11-27 18:40:00,1229,1235,1229,1232,74
2025-11-27 19:00:00,1230,1231,1230,1231,63
2025-11-27 19:10:00,1229,1233,1226,1227,182
2025-11-27 19:20:00,1233,1233,1227,1233,1143
2025-11-27 19:30:00,1233,1234,1233,1234,410
2025-11-27 19:40:00,1235,1236,1232,1236,1070
2025-11-27 19:50:00,1236,1236,1235,1235,112
2025-11-27 20:00:00,1234,1235,1233,1234,85
2025-11-27 20:20:00,1232,1233,1230,1233,69
2025-11-27 20:30:00,1233,1233,1231,1231,82
2025-11-27 20:40:00,1230,1232,1230,1232,2
2025-11-27 20:50:00,1232,1232,1232,1232,181
2025-11-27 21:00:00,1232,1232,1230,1230,29
2025-11-27 21:10:00,1230,1232,1230,1232,46
2025-11-27 21:30:00,1232,1232,1231,1231,36
2025-11-27 21:40:00,1232,1232,1232,1232,41
2025-11-27 21:50:00,1232,1233,1232,1233,19
2025-11-27 22:00:00,1233,1233,1231,1231,34
2025-11-27 22:10:00,1233,1233,1232,1232,2
2025-11-27 22:30:00,1232,1232,1232,1232,531
2025-11-27 22:40:00,1233,1233,1232,1233,112
2025-11-27 22:50:00,1231,1231,1231,1231,96
2025-11-27 23:00:00,1232,1232,1229,1229,117
2025-11-27 23:10:00,1230,1230,1225,1225,504
2025-11-27 23:20:00,1230,1231,1225,1225,698
2025-11-27 23:30:00,1231,1231,1231,1231,64
2025-11-27 23:40:00,1230,1230,1227,1227,7
2025-11-28 09:00:00,1227,1227,1227,1227,63
2025-11-28 09:10:00,1228,1228,1227,1227,40
2025-11-28 09:20:00,1229,1232,1229,1232,27
2025-11-28 09:30:00,1230,1232,1230,1232,96
2025-11-28 09:40:00,1232,1235,1231,1231,123
2025-11-28 09:50:00,1235,1236,1234,1234,93
2025-11-28 10:00:00,1232,1232,1229,1231,864
2025-11-28 10:10:00,1230,1233,1230,1232,127
2025-11-28 10:20:00,1234,1234,1232,1232,101
2025-11-28 10:30:00,1235,1236,1233,1235,173
2025-11-28 10:40:00,1236,1237,1234,1237,398
2025-11-28 10:50:00,1237,1237,1236,1237,20
2025-11-28 11:00:00,1237,1237,1232,1232,151
2025-11-28 11:10:00,1231,1232,1227,1229,203
2025-11-28 11:20:00,1231,1232,1231,1232,82
2025-11-28 11:30:00,1232,1232,1230,1230,43
2025-11-28 11:40:00,1233,1233,1231,1231,131
2025-11-28 12:00:00,1231,1231,1231,1231,51
2025-11-28 12:20:00,1233,1233,1231,1231,122
2025-11-28 12:30:00,1234,1235,1233,1233,97
2025-11-28 12:50:00,1236,1237,1236,1236,184
2025-11-28 13:10:00,1236,1237,1236,1237,30
2025-11-28 13:20:00,1237,1237,1237,1237,30
2025-11-28 13:30:00,1235,1237,1235,1237,12
2025-11-28 13:50:00,1236,1236,1233,1236,235
2025-11-28 14:10:00,1236,1236,1236,1236,1
2025-11-28 14:20:00,1236,1236,1236,1236,42
2025-11-28 14:30:00,1235,1236,1235,1236,18
2025-11-28 14:40:00,1234,1234,1234,1234,3
2025-11-28 14:50:00,1235,1235,1232,1232,35
2025-11-28 15:00:00,1233,1233,1233,1233,17
2025-11-28 15:10:00,1233,1235,1232,1232,87
2025-11-28 15:20:00,1231,1231,1231,1231,16
2025-11-28 15:30:00,1233,1233,1230,1230,26
2025-11-28 15:50:00,1230,1230,1227,1229,914
2025-11-28 16:00:00,1226,1238,1226,1238,693
2025-11-28 16:10:00,1236,1236,1233,1234,1027
2025-11-28 16:20:00,1235,1235,1235,1235,5
2025-11-28 16:30:00,1237,1237,1233,1237,5
2025-11-28 16:40:00,1237,1241,1237,1240,769
2025-11-28 16:50:00,1240,1241,1238,1240,549
2025-11-28 17:00:00,1240,1240,1238,1238,747
2025-11-28 17:10:00,1240,1245,1238,1243,1919
2025-11-28 17:20:00,1243,1243,1239,1242,174
2025-11-28 17:30:00,1241,1247,1241,1247,868
2025-11-28 17:40:00,1246,1251,1246,1247,963
2025-11-28 17:50:00,1248,1253,1248,1251,521
2025-11-28 18:00:00,1252,1256,1252,1254,1452
2025-11-28 18:10:00,1255,1257,1252,1254,5082
2025-11-28 18:20:00,1254,1264,1254,1260,1522
2025-11-28 18:30:00,1257,1257,1249,1251,968
2025-11-28 18:40:00,1250,1266,1249,1262,3233
2025-11-28 19:00:00,1261,1261,1256,1256,899
2025-11-28 19:10:00,1257,1257,1253,1253,1197
2025-11-28 19:20:00,1255,1257,1250,1250,746
2025-11-28 19:30:00,1252,1252,1252,1252,50
2025-11-28 19:40:00,1252,1255,1252,1255,156
2025-11-28 19:50:00,1253,1253,1252,1252,164
2025-11-28 20:00:00,1252,1252,1252,1252,1
2025-11-28 20:10:00,1253,1253,1252,1252,8
2025-11-28 20:30:00,1254,1256,1254,1256,22
2025-11-28 20:50:00,1257,1257,1257,1257,1
2025-11-28 21:10:00,1255,1257,1255,1257,22
2025-11-28 21:20:00,1257,1257,1257,1257,5
2025-11-28 21:30:00,1257,1257,1256,1257,788
2025-11-28 21:40:00,1257,1257,1257,1257,3
2025-11-28 21:50:00,1256,1257,1256,1257,310
2025-11-28 22:00:00,1255,1255,1255,1255,346
2025-11-28 22:10:00,1255,1255,1255,1255,6
2025-11-28 22:20:00,1254,1254,1254,1254,30
2025-11-28 22:40:00,1254,1254,1254,1254,110
2025-11-28 23:10:00,1254,1255,1254,1255,456
2025-11-28 23:20:00,1255,1256,1252,1252,250
2025-11-28 23:30:00,1256,1256,1252,1252,49
2025-11-29 10:00:00,1261,1261,1261,1261,1
2025-11-29 10:50:00,1257,1257,1257,1257,2
2025-11-29 11:00:00,1257,1257,1257,1257,10
2025-11-29 11:10:00,1257,1257,1257,1257,141
2025-11-29 12:00:00,1255,1255,1255,1255,3
2025-11-29 12:50:00,1255,1255,1255,1255,2
2025-11-29 13:10:00,1255,1255,1255,1255,4
2025-11-29 13:50:00,1255,1255,1255,1255,1
2025-11-29 14:30:00,1255,1255,1255,1255,120
2025-11-29 15:00:00,1255,1255,1255,1255,4
2025-11-29 15:40:00,1257,1257,1257,1257,200
2025-11-29 16:00:00,1255,1255,1255,1255,24
2025-11-29 16:30:00,1255,1255,1255,1255,1
2025-11-29 16:40:00,1254,1254,1254,1254,26
2025-11-29 17:00:00,1254,1254,1250,1250,136
2025-11-29 18:40:00,1257,1257,1257,1257,5
2025-11-30 10:00:00,1258,1258,1258,1258,70
2025-11-30 10:50:00,1260,1260,1260,1260,8
2025-11-30 11:20:00,1259,1259,1259,1259,1
2025-11-30 11:30:00,1259,1260,1259,1260,53
2025-11-30 11:50:00,1260,1260,1260,1260,5
2025-11-30 12:10:00,1259,1261,1257,1261,66
2025-11-30 12:20:00,1261,1261,1261,1261,44
2025-11-30 12:30:00,1262,1263,1262,1263,68
2025-11-30 12:40:00,1261,1261,1261,1261,2
2025-11-30 12:50:00,1261,1261,1261,1261,1
2025-11-30 13:00:00,1262,1262,1262,1262,1
2025-11-30 13:20:00,1262,1262,1262,1262,1
2025-11-30 14:00:00,1262,1264,1262,1264,70
2025-11-30 14:10:00,1263,1263,1263,1263,13
2025-11-30 15:10:00,1264,1265,1264,1265,4
2025-11-30 15:20:00,1265,1265,1265,1265,188
2025-11-30 15:30:00,1265,1265,1262,1262,21
2025-11-30 15:40:00,1262,1262,1262,1262,14
2025-11-30 15:50:00,1265,1265,1265,1265,105
2025-11-30 16:10:00,1266,1266,1266,1266,10
2025-11-30 16:20:00,1266,1266,1266,1266,1
2025-11-30 16:30:00,1265,1265,1265,1265,1
2025-11-30 16:40:00,1262,1266,1261,1266,79
2025-11-30 16:50:00,1265,1265,1265,1265,9
2025-11-30 17:10:00,1265,1265,1261,1261,11
2025-11-30 17:20:00,1266,1266,1266,1266,6
2025-11-30 17:40:00,1266,1266,1266,1266,44
2025-11-30 17:50:00,1266,1270,1266,1267,202
2025-11-30 18:00:00,1267,1267,1267,1267,50
2025-11-30 18:20:00,1267,1267,1267,1267,1
2025-11-30 18:30:00,1266,1266,1266,1266,110
2025-11-30 18:40:00,1266,1267,1266,1267,4
2025-11-30 18:50:00,1267,1272,1267,1272,229
2025-12-01 09:00:00,1262,1262,1254,1256,529
2025-12-01 09:10:00,1257,1257,1250,1250,1179
2025-12-01 09:20:00,1257,1258,1255,1257,155
2025-12-01 09:30:00,1257,1257,1257,1257,101
2025-12-01 09:50:00,1257,1257,1256,1256,204
2025-12-01 10:00:00,1256,1257,1255,1257,216
2025-12-01 10:10:00,1254,1260,1254,1260,770
2025-12-01 10:20:00,1257,1257,1245,1249,627
2025-12-01 10:30:00,1247,1247,1247,1247,15
2025-12-01 10:40:00,1250,1254,1250,1254,999
2025-12-01 11:00:00,1253,1253,1252,1252,22
2025-12-01 11:10:00,1255,1259,1255,1259,114
2025-12-01 11:20:00,1258,1258,1257,1258,83
2025-12-01 11:30:00,1259,1259,1257,1257,503
2025-12-01 11:40:00,1260,1260,1259,1259,11
2025-12-01 11:50:00,1258,1258,1258,1258,7
2025-12-01 12:00:00,1258,1262,1258,1262,152
2025-12-01 12:10:00,1262,1262,1259,1259,336
2025-12-01 12:20:00,1259,1259,1255,1255,238
2025-12-01 12:30:00,1258,1261,1258,1258,752
2025-12-01 12:40:00,1260,1260,1260,1260,1
2025-12-01 12:50:00,1259,1261,1259,1259,109
2025-12-01 13:00:00,1258,1258,1258,1258,1
2025-12-01 13:10:00,1256,1256,1256,1256,24
2025-12-01 13:20:00,1255,1258,1255,1257,128
2025-12-01 13:30:00,1260,1260,1253,1258,95
2025-12-01 13:40:00,1257,1257,1255,1255,860
2025-12-01 13:50:00,1254,1258,1254,1257,176
2025-12-01 14:00:00,1255,1255,1255,1255,9
2025-12-01 14:10:00,1255,1255,1253,1253,173
2025-12-01 14:20:00,1252,1252,1244,1247,251
2025-12-01 14:30:00,1248,1248,1247,1248,563
2025-12-01 14:50:00,1249,1249,1249,1249,140
2025-12-01 15:00:00,1248,1250,1248,1250,347
2025-12-01 15:10:00,1250,1250,1250,1250,1
2025-12-01 15:20:00,1248,1248,1248,1248,214
2025-12-01 15:40:00,1248,1248,1242,1245,1024
2025-12-01 15:50:00,1247,1247,1247,1247,7
2025-12-01 16:00:00,1248,1248,1246,1248,65
2025-12-01 16:10:00,1247,1247,1246,1246,15
2025-12-01 16:20:00,1247,1247,1247,1247,20
2025-12-01 16:30:00,1248,1249,1242,1242,296
2025-12-01 16:40:00,1244,1244,1244,1244,13
2025-12-01 16:50:00,1245,1245,1245,1245,11
2025-12-01 17:00:00,1245,1245,1245,1245,40
2025-12-01 17:10:00,1245,1245,1245,1245,2
2025-12-01 17:20:00,1243,1243,1242,1242,93
2025-12-01 17:30:00,1242,1243,1241,1243,138
2025-12-01 17:40:00,1241,1241,1240,1240,126
2025-12-01 18:00:00,1242,1242,1241,1241,1077
2025-12-01 18:10:00,1241,1243,1240,1243,88
2025-12-01 18:20:00,1242,1242,1240,1240,76
2025-12-01 18:30:00,1240,1241,1239,1241,317
2025-12-01 18:40:00,1241,1241,1238,1238,118
2025-12-01 19:00:00,1242,1244,1240,1240,306
2025-12-01 19:10:00,1240,1244,1238,1244,322
2025-12-01 19:20:00,1244,1244,1244,1244,4
2025-12-01 19:30:00,1241,1243,1240,1243,145
2025-12-01 19:40:00,1243,1244,1241,1241,146
2025-12-01 20:10:00,1246,1246,1246,1246,20
2025-12-01 20:20:00,1246,1246,1246,1246,28
2025-12-01 20:30:00,1247,1247,1242,1243,206
2025-12-01 20:50:00,1244,1244,1244,1244,1
2025-12-01 21:00:00,1245,1245,1245,1245,1
2025-12-01 21:20:00,1245,1246,1245,1245,60
2025-12-01 21:30:00,1245,1245,1242,1242,56
2025-12-01 21:40:00,1243,1243,1231,1237,8923
2025-12-01 21:50:00,1238,1239,1236,1238,1429
2025-12-01 22:00:00,1240,1242,1240,1242,184
2025-12-01 22:30:00,1240,1240,1239,1239,43
2025-12-01 22:40:00,1243,1243,1243,1243,12
2025-12-01 22:50:00,1239,1240,1239,1240,20
2025-12-01 23:00:00,1238,1238,1235,1235,590
2025-12-01 23:10:00,1237,1237,1237,1237,21
2025-12-01 23:20:00,1237,1237,1236,1236,47
2025-12-01 23:30:00,1237,1237,1235,1235,41
2025-12-01 23:40:00,1239,1239,1239,1239,11
2025-12-02 09:00:00,1239,1241,1239,1241,95
2025-12-02 09:10:00,1240,1240,1240,1240,241
2025-12-02 09:20:00,1240,1240,1234,1234,838
2025-12-02 09:30:00,1237,1238,1237,1238,141
2025-12-02 09:40:00,1237,1237,1236,1236,40
2025-12-02 09:50:00,1238,1239,1238,1239,72
2025-12-02 10:00:00,1238,1238,1235,1235,109
2025-12-02 10:10:00,1240,1240,1240,1240,50
2025-12-02 10:20:00,1239,1239,1239,1239,3
2025-12-02 10:30:00,1238,1239,1238,1239,9
2025-12-02 10:50:00,1239,1239,1239,1239,1
2025-12-02 11:00:00,1237,1237,1233,1233,538
2025-12-02 11:10:00,1234,1234,1233,1234,42
2025-12-02 11:20:00,1233,1233,1233,1233,1
2025-12-02 11:30:00,1234,1234,1232,1232,364
2025-12-02 11:40:00,1232,1236,1230,1236,600
2025-12-02 11:50:00,1236,1236,1235,1235,3
2025-12-02 12:00:00,1233,1233,1232,1232,26
2025-12-02 12:40:00,1233,1233,1232,1232,51
2025-12-02 12:50:00,1235,1235,1232,1232,129
2025-12-02 13:00:00,1236,1237,1236,1236,41
2025-12-02 13:10:00,1233,1233,1233,1233,8
2025-12-02 13:20:00,1235,1236,1235,1236,13
2025-12-02 13:30:00,1233,1234,1232,1234,76
2025-12-02 14:00:00,1234,1234,1234,1234,1
2025-12-02 14:10:00,1234,1234,1232,1232,174
2025-12-02 14:20:00,1234,1236,1234,1235,39
2025-12-02 14:30:00,1235,1235,1234,1235,23
2025-12-02 14:40:00,1235,1235,1235,1235,3
2025-12-02 14:50:00,1233,1233,1233,1233,38
2025-12-02 15:00:00,1233,1233,1227,1227,553
2025-12-02 15:10:00,1226,1231,1226,1231,218
2025-12-02 15:20:00,1229,1231,1229,1231,22
2025-12-02 15:40:00,1231,1231,1230,1230,29
2025-12-02 15:50:00,1231,1234,1231,1232,203
2025-12-02 16:00:00,1232,1233,1232,1233,141
2025-12-02 16:10:00,1234,1234,1233,1233,55
2025-12-02 16:20:00,1233,1236,1232,1232,147
2025-12-02 16:50:00,1233,1236,1233,1236,4
2025-12-02 17:00:00,1236,1236,1236,1236,40
2025-12-02 17:10:00,1235,1236,1235,1236,316
2025-12-02 17:20:00,1234,1234,1231,1231,29
2025-12-02 17:30:00,1231,1231,1228,1231,56
2025-12-02 18:00:00,1232,1232,1224,1224,301
2025-12-02 18:10:00,1224,1229,1221,1228,1625
2025-12-02 18:20:00,1229,1231,1225,1225,381
2025-12-02 18:30:00,1225,1227,1225,1227,53
2025-12-02 18:40:00,1227,1227,1227,1227,51
2025-12-02 19:00:00,1228,1228,1228,1228,3
2025-12-02 19:10:00,1228,1231,1228,1231,172
2025-12-02 19:20:00,1228,1228,1228,1228,1
2025-12-02 19:30:00,1231,1232,1231,1232,24
2025-12-02 19:40:00,1231,1231,1231,1231,2
2025-12-02 19:50:00,1228,1229,1228,1229,1008
2025-12-02 20:00:00,1232,1232,1232,1232,40
2025-12-02 20:10:00,1229,1232,1229,1232,42
2025-12-02 20:20:00,1231,1232,1231,1232,3101
2025-12-02 20:30:00,1231,1231,1231,1231,999
2025-12-02 20:40:00,1229,1232,1229,1232,51
2025-12-02 21:00:00,1229,1229,1225,1225,267
2025-12-02 21:10:00,1227,1227,1226,1226,8
2025-12-02 21:20:00,1230,1230,1230,1230,10
2025-12-02 21:30:00,1230,1230,1230,1230,11
2025-12-02 21:40:00,1228,1228,1228,1228,1
2025-12-02 22:00:00,1228,1228,1226,1226,279
2025-12-02 22:10:00,1228,1228,1228,1228,1
2025-12-02 22:20:00,1228,1228,1228,1228,12
2025-12-02 22:30:00,1229,1229,1226,1226,60
2025-12-02 23:20:00,1229,1230,1229,1230,40
2025-12-02 23:40:00,1230,1230,1230,1230,8
2025-12-03 08:50:00,1219,1219,1219,1219,113
2025-12-03 09:00:00,1218,1221,1207,1216,2040
2025-12-03 09:10:00,1216,1216,1212,1212,148
2025-12-03 09:20:00,1212,1216,1212,1216,671
2025-12-03 09:30:00,1217,1217,1216,1216,39
2025-12-03 09:40:00,1214,1216,1213,1216,34
2025-12-03 09:50:00,1214,1216,1214,1216,53
2025-12-03 10:00:00,1214,1214,1209,1210,545
2025-12-03 10:10:00,1211,1212,1208,1210,80
2025-12-03 10:20:00,1210,1210,1206,1206,193
2025-12-03 10:30:00,1207,1211,1204,1208,3609
2025-12-03 10:40:00,1207,1210,1206,1207,108
2025-12-03 10:50:00,1208,1208,1207,1207,79
2025-12-03 11:00:00,1210,1210,1205,1209,2305
2025-12-03 11:10:00,1205,1207,1205,1206,277
2025-12-03 11:20:00,1208,1209,1205,1205,179
2025-12-03 11:30:00,1208,1209,1205,1209,215
2025-12-03 11:40:00,1208,1209,1207,1207,263
2025-12-03 11:50:00,1207,1207,1207,1207,16
2025-12-03 12:00:00,1210,1210,1207,1207,271
2025-12-03 12:10:00,1207,1208,1207,1208,6
2025-12-03 12:20:00,1208,1211,1208,1209,58
2025-12-03 12:30:00,1207,1207,1207,1207,288
2025-12-03 12:50:00,1207,1207,1206,1206,370
2025-12-03 13:00:00,1208,1209,1208,1209,37
2025-12-03 13:10:00,1209,1210,1209,1210,51
2025-12-03 13:20:00,1208,1209,1208,1209,19
2025-12-03 13:30:00,1208,1209,1208,1209,17
2025-12-03 13:40:00,1208,1208,1208,1208,31
2025-12-03 13:50:00,1208,1209,1206,1206,259
2025-12-03 14:10:00,1207,1207,1206,1207,165
2025-12-03 14:20:00,1207,1207,1205,1207,270
2025-12-03 14:30:00,1207,1209,1207,1209,561
2025-12-03 14:40:00,1210,1210,1207,1210,101
2025-12-03 15:00:00,1209,1210,1209,1210,100
2025-12-03 15:20:00,1208,1208,1208,1208,1
2025-12-03 15:30:00,1205,1209,1205,1209,90
2025-12-03 15:50:00,1209,1210,1209,1210,210
2025-12-03 16:00:00,1210,1210,1210,1210,3
2025-12-03 16:10:00,1206,1206,1205,1205,36
2025-12-03 16:20:00,1207,1208,1205,1205,17
2025-12-03 16:30:00,1207,1208,1207,1208,80
2025-12-03 16:50:00,1206,1206,1204,1206,25
2025-12-03 17:00:00,1206,1207,1206,1207,70
2025-12-03 17:10:00,1211,1212,1211,1212,21
2025-12-03 17:30:00,1213,1216,1213,1216,219
2025-12-03 17:40:00,1214,1221,1213,1221,1057
2025-12-03 17:50:00,1219,1220,1217,1219,434
2025-12-03 18:00:00,1219,1220,1216,1220,253
2025-12-03 18:10:00,1217,1217,1215,1216,54
2025-12-03 18:20:00,1216,1218,1216,1218,13
2025-12-03 18:30:00,1218,1218,1218,1218,3
2025-12-03 18:40:00,1220,1220,1219,1219,18
2025-12-03 19:00:00,1219,1220,1214,1214,598
2025-12-03 19:10:00,1219,1219,1219,1219,32
2025-12-03 19:20:00,1220,1221,1220,1221,100
2025-12-03 19:30:00,1222,1226,1220,1226,1159
2025-12-03 19:40:00,1225,1225,1222,1222,1100
2025-12-03 20:10:00,1223,1225,1223,1225,51
2025-12-03 20:20:00,1223,1223,1223,1223,4
2025-12-03 20:30:00,1223,1223,1221,1221,26
2025-12-03 21:00:00,1219,1219,1216,1216,86
2025-12-03 21:10:00,1216,1216,1216,1216,240
2025-12-03 21:20:00,1218,1220,1218,1220,140
2025-12-03 21:30:00,1219,1219,1219,1219,2
2025-12-03 21:40:00,1221,1223,1221,1223,101
2025-12-03 22:20:00,1223,1223,1223,1223,2
2025-12-03 22:40:00,1225,1225,1225,1225,1
2025-12-03 23:00:00,1223,1223,1223,1223,10
2025-12-03 23:10:00,1223,1223,1223,1223,94
2025-12-03 23:20:00,1222,1222,1222,1222,20
2025-12-03 23:30:00,1222,1222,1222,1222,16
2025-12-03 23:40:00,1220,1220,1219,1219,12
2025-12-04 09:00:00,1226,1231,1226,1227,64
2025-12-04 09:10:00,1227,1232,1226,1230,330
2025-12-04 09:20:00,1230,1230,1229,1229,52
2025-12-04 09:30:00,1229,1231,1227,1231,159
2025-12-04 09:40:00,1228,1230,1227,1230,26
2025-12-04 09:50:00,1231,1231,1228,1228,7
2025-12-04 10:00:00,1232,1232,1229,1231,102
2025-12-04 10:10:00,1228,1229,1228,1229,25
2025-12-04 10:20:00,1229,1229,1229,1229,4
2025-12-04 10:30:00,1229,1229,1227,1227,156
2025-12-04 10:40:00,1230,1230,1230,1230,3
2025-12-04 10:50:00,1231,1231,1230,1230,57
2025-12-04 11:00:00,1229,1229,1228,1228,77
2025-12-04 11:10:00,1229,1229,1229,1229,545
2025-12-04 11:20:00,1229,1230,1226,1226,1108
2025-12-04 11:30:00,1229,1231,1229,1231,47
2025-12-04 11:40:00,1229,1231,1229,1231,110
2025-12-04 11:50:00,1231,1233,1231,1232,715
2025-12-04 12:00:00,1231,1232,1231,1231,3
2025-12-04 12:10:00,1233,1233,1233,1233,173
2025-12-04 12:20:00,1232,1232,1232,1232,5
2025-12-04 12:30:00,1232,1232,1232,1232,17
2025-12-04 12:40:00,1233,1233,1227,1231,1947
2025-12-04 13:30:00,1230,1230,1230,1230,5
2025-12-04 13:40:00,1230,1232,1230,1232,11
2025-12-04 14:10:00,1232,1232,1231,1232,151
2025-12-04 14:20:00,1232,1233,1231,1233,73
2025-12-04 14:30:00,1233,1233,1233,1233,20
2025-12-04 14:40:00,1233,1233,1232,1232,25
2025-12-04 14:50:00,1233,1233,1233,1233,2
2025-12-04 15:00:00,1233,1235,1233,1235,80
2025-12-04 15:20:00,1232,1232,1232,1232,102
2025-12-04 15:30:00,1232,1232,1232,1232,31
2025-12-04 15:40:00,1234,1234,1234,1234,3
2025-12-04 15:50:00,1233,1234,1233,1234,14
2025-12-04 16:10:00,1235,1235,1235,1235,39
2025-12-04 16:20:00,1235,1235,1234,1234,72
2025-12-04 16:30:00,1234,1234,1232,1232,22
2025-12-04 16:40:00,1232,1235,1232,1235,1110
2025-12-04 16:50:00,1235,1235,1235,1235,8
2025-12-04 17:00:00,1231,1231,1231,1231,82
2025-12-04 17:10:00,1231,1231,1231,1231,4
2025-12-04 17:20:00,1231,1231,1230,1230,29
2025-12-04 17:30:00,1230,1230,1228,1228,39
2025-12-04 17:40:00,1225,1226,1224,1226,166
2025-12-04 17:50:00,1224,1224,1220,1221,2024
2025-12-04 18:00:00,1223,1224,1223,1224,24
2025-12-04 18:10:00,1224,1224,1224,1224,30
2025-12-04 18:30:00,1224,1226,1224,1226,800
2025-12-04 18:40:00,1225,1227,1225,1227,56
2025-12-04 19:10:00,1224,1225,1224,1225,9
2025-12-04 19:20:00,1225,1225,1224,1224,5
2025-12-04 19:30:00,1224,1224,1222,1223,332
2025-12-04 19:40:00,1226,1226,1226,1226,20
2025-12-04 20:00:00,1225,1225,1225,1225,5
2025-12-04 20:10:00,1223,1223,1220,1221,370
2025-12-04 20:20:00,1221,1221,1217,1217,252
2025-12-04 20:40:00,1220,1221,1220,1221,22
2025-12-04 21:10:00,1221,1221,1221,1221,1
2025-12-04 21:30:00,1222,1223,1221,1221,73
2025-12-04 21:50:00,1221,1223,1221,1223,2
2025-12-04 22:00:00,1223,1223,1223,1223,7
2025-12-04 22:30:00,1222,1222,1222,1222,5
2025-12-04 22:40:00,1221,1223,1221,1223,23
2025-12-04 22:50:00,1223,1223,1223,1223,10
2025-12-04 23:00:00,1221,1222,1221,1222,41
2025-12-04 23:10:00,1220,1220,1218,1218,10
2025-12-04 23:20:00,1219,1219,1219,1219,10
2025-12-04 23:30:00,1219,1222,1219,1222,10
2025-12-04 23:40:00,1223,1223,1223,1223,50
2025-12-05 08:50:00,1224,1224,1224,1224,11
2025-12-05 09:00:00,1226,1226,1226,1226,28
2025-12-05 09:10:00,1227,1227,1227,1227,108
2025-12-05 09:20:00,1227,1227,1227,1227,3
2025-12-05 09:30:00,1227,1227,1227,1227,289
2025-12-05 09:50:00,1226,1227,1223,1227,123
2025-12-05 10:00:00,1227,1227,1227,1227,127
2025-12-05 10:10:00,1225,1225,1225,1225,229
2025-12-05 10:30:00,1227,1229,1225,1229,484
2025-12-05 10:40:00,1227,1227,1227,1227,14
2025-12-05 10:50:00,1228,1228,1226,1228,35
2025-12-05 11:00:00,1228,1228,1227,1228,83
2025-12-05 11:10:00,1228,1228,1228,1228,108
2025-12-05 11:20:00,1227,1232,1227,1231,1406
2025-12-05 11:30:00,1232,1235,1232,1232,282
2025-12-05 11:40:00,1232,1232,1232,1232,10
2025-12-05 11:50:00,1231,1231,1231,1231,11
2025-12-05 12:00:00,1233,1235,1233,1235,101
2025-12-05 12:10:00,1235,1236,1232,1234,1257
2025-12-05 12:20:00,1235,1240,1235,1240,1129
2025-12-05 12:30:00,1240,1246,1239,1239,4994
2025-12-05 12:40:00,1239,1240,1237,1237,442
2025-12-05 12:50:00,1236,1238,1235,1238,466
2025-12-05 13:00:00,1238,1238,1233,1233,1013
2025-12-05 13:10:00,1234,1235,1234,1235,215
2025-12-05 13:30:00,1235,1236,1235,1236,146
2025-12-05 13:40:00,1237,1240,1237,1238,1534
2025-12-05 13:50:00,1238,1238,1238,1238,47
2025-12-05 14:00:00,1237,1237,1237,1237,65
2025-12-05 14:10:00,1237,1240,1236,1239,116
2025-12-05 14:20:00,1239,1241,1239,1241,86
2025-12-05 14:30:00,1240,1241,1237,1237,404
2025-12-05 14:40:00,1238,1240,1238,1240,79
2025-12-05 14:50:00,1239,1240,1238,1238,231
2025-12-05 15:00:00,1241,1241,1237,1237,561
2025-12-05 15:10:00,1237,1237,1237,1237,14
2025-12-05 15:40:00,1237,1237,1236,1236,20
2025-12-05 16:00:00,1235,1235,1235,1235,100
2025-12-05 16:10:00,1235,1238,1235,1238,1088
2025-12-05 16:30:00,1239,1239,1236,1237,73
2025-12-05 16:40:00,1238,1240,1238,1240,34
2025-12-05 16:50:00,1241,1241,1239,1240,85
2025-12-05 17:00:00,1240,1240,1236,1236,35
2025-12-05 17:10:00,1240,1240,1238,1239,55
2025-12-05 17:20:00,1241,1242,1241,1242,43
2025-12-05 17:30:00,1242,1243,1242,1242,385
2025-12-05 17:40:00,1241,1241,1241,1241,60
2025-12-05 17:50:00,1242,1246,1242,1245,1263
2025-12-05 18:00:00,1242,1243,1242,1243,35
2025-12-05 18:10:00,1242,1242,1236,1239,5824
2025-12-05 18:20:00,1239,1242,1239,1242,372
2025-12-05 18:30:00,1241,1243,1241,1243,7
2025-12-05 18:40:00,1243,1243,1243,1243,424
2025-12-05 19:10:00,1240,1240,1239,1239,85
2025-12-05 19:20:00,1237,1237,1237,1237,48
2025-12-05 19:30:00,1239,1239,1239,1239,28
2025-12-05 19:40:00,1240,1241,1240,1241,102
2025-12-05 19:50:00,1240,1240,1237,1237,133
2025-12-05 20:00:00,1242,1243,1242,1243,300
2025-12-05 20:10:00,1242,1243,1242,1242,146
2025-12-05 21:10:00,1238,1238,1237,1237,46
2025-12-05 21:20:00,1240,1240,1240,1240,3
2025-12-05 21:30:00,1240,1240,1240,1240,207
2025-12-05 21:40:00,1242,1242,1242,1242,8
2025-12-05 22:10:00,1239,1239,1239,1239,1
2025-12-05 22:20:00,1239,1239,1239,1239,5
2025-12-05 22:40:00,1241,1241,1241,1241,4
2025-12-05 22:50:00,1239,1239,1239,1239,15
2025-12-05 23:00:00,1242,1242,1242,1242,4
2025-12-05 23:10:00,1242,1242,1242,1242,1
2025-12-05 23:20:00,1242,1242,1242,1242,2
2025-12-05 23:30:00,1240,1240,1240,1240,38
2025-12-08 08:50:00,1244,1244,1244,1244,285
2025-12-08 09:00:00,1247,1251,1246,1247,1061
2025-12-08 09:10:00,1250,1250,1249,1249,438
2025-12-08 09:20:00,1248,1249,1245,1249,2263
2025-12-08 09:30:00,1249,1250,1249,1250,60
2025-12-08 09:40:00,1250,1251,1250,1251,228
2025-12-08 09:50:00,1251,1251,1251,1251,43
2025-12-08 10:00:00,1248,1251,1248,1251,84
2025-12-08 10:10:00,1248,1249,1247,1248,144
2025-12-08 10:20:00,1246,1247,1244,1245,726
2025-12-08 10:30:00,1245,1256,1245,1252,1061
2025-12-08 10:40:00,1253,1255,1251,1254,1233
2025-12-08 10:50:00,1254,1255,1251,1253,870
2025-12-08 11:00:00,1253,1258,1253,1256,2994
2025-12-08 11:10:00,1254,1255,1254,1255,427
2025-12-08 11:20:00,1254,1255,1254,1255,823
2025-12-08 11:30:00,1254,1254,1252,1252,621
2025-12-08 11:40:00,1251,1251,1250,1250,20
2025-12-08 12:00:00,1250,1251,1250,1251,1040
2025-12-08 12:10:00,1250,1250,1248,1248,500
2025-12-08 12:20:00,1251,1252,1250,1252,896
2025-12-08 12:30:00,1252,1252,1252,1252,39
2025-12-08 12:40:00,1252,1253,1252,1253,302
2025-12-08 12:50:00,1250,1252,1250,1252,17
2025-12-08 13:00:00,1252,1252,1251,1251,158
2025-12-08 13:10:00,1251,1251,1251,1251,5
2025-12-08 13:30:00,1251,1251,1250,1250,55
2025-12-08 13:40:00,1251,1251,1247,1247,43
2025-12-08 13:50:00,1247,1249,1247,1249,33
2025-12-08 14:00:00,1251,1251,1251,1251,2
2025-12-08 14:10:00,1248,1249,1248,1249,124
2025-12-08 14:20:00,1249,1251,1249,1249,423
2025-12-08 14:30:00,1249,1249,1249,1249,16
2025-12-08 14:50:00,1250,1251,1247,1247,58
2025-12-08 15:00:00,1246,1246,1245,1245,88
2025-12-08 15:10:00,1245,1246,1241,1246,261
2025-12-08 15:20:00,1246,1246,1240,1241,2468
2025-12-08 15:40:00,1245,1245,1245,1245,8
2025-12-08 16:10:00,1245,1247,1245,1245,368
2025-12-08 16:20:00,1246,1247,1246,1247,225
2025-12-08 16:30:00,1246,1247,1245,1247,45
2025-12-08 16:40:00,1244,1244,1243,1243,36
2025-12-08 16:50:00,1242,1243,1241,1243,43
2025-12-08 17:00:00,1244,1245,1242,1245,144
2025-12-08 17:10:00,1241,1241,1239,1239,442
2025-12-08 17:20:00,1240,1242,1240,1242,142
2025-12-08 17:30:00,1241,1242,1241,1242,215
2025-12-08 17:40:00,1242,1242,1242,1242,3
2025-12-08 17:50:00,1241,1241,1239,1241,541
2025-12-08 18:00:00,1241,1242,1240,1241,1407
2025-12-08 18:10:00,1241,1242,1241,1242,1099
2025-12-08 18:30:00,1241,1242,1241,1242,251
2025-12-08 18:40:00,1241,1242,1241,1242,56
2025-12-08 19:00:00,1242,1242,1242,1242,39
2025-12-08 19:20:00,1244,1244,1244,1244,2
2025-12-08 19:40:00,1246,1246,1245,1245,99
2025-12-08 19:50:00,1244,1246,1244,1246,2172
2025-12-08 20:10:00,1247,1247,1244,1244,22
2025-12-08 20:30:00,1246,1246,1246,1246,100
2025-12-08 20:50:00,1247,1247,1241,1244,268
2025-12-08 21:00:00,1240,1243,1238,1241,6518
2025-12-08 21:10:00,1240,1241,1238,1238,100
2025-12-08 21:20:00,1238,1238,1232,1232,490
2025-12-08 21:30:00,1233,1233,1231,1231,22
2025-12-08 21:40:00,1231,1233,1231,1231,493
2025-12-08 21:50:00,1233,1236,1231,1236,4220
2025-12-08 22:00:00,1232,1232,1232,1232,10
2025-12-08 22:10:00,1234,1236,1234,1236,18
2025-12-08 22:30:00,1235,1235,1235,1235,100
2025-12-08 22:40:00,1236,1236,1236,1236,2
2025-12-08 22:50:00,1236,1236,1236,1236,5
2025-12-08 23:00:00,1232,1232,1232,1232,34
2025-12-08 23:10:00,1231,1231,1231,1231,2
2025-12-08 23:30:00,1231,1231,1228,1228,451
2025-12-08 23:40:00,1227,1227,1227,1227,52
2025-12-09 09:00:00,1229,1233,1228,1229,111
2025-12-09 09:20:00,1231,1233,1231,1233,204
2025-12-09 09:30:00,1233,1233,1231,1231,51
2025-12-09 09:40:00,1235,1235,1235,1235,9
2025-12-09 09:50:00,1234,1234,1234,1234,4
2025-12-09 10:00:00,1235,1235,1235,1235,30
2025-12-09 10:10:00,1234,1235,1234,1235,28
2025-12-09 10:20:00,1233,1233,1233,1233,78
2025-12-09 10:30:00,1233,1233,1228,1228,998
2025-12-09 10:40:00,1228,1228,1228,1228,30
2025-12-09 10:50:00,1231,1231,1229,1229,20
2025-12-09 11:00:00,1229,1229,1229,1229,11
2025-12-09 11:10:00,1232,1232,1232,1232,20
2025-12-09 11:20:00,1231,1231,1230,1230,163
2025-12-09 11:30:00,1233,1233,1232,1232,85
2025-12-09 11:40:00,1234,1234,1234,1234,50
2025-12-09 11:50:00,1233,1234,1233,1234,150
2025-12-09 12:00:00,1234,1236,1234,1235,265
2025-12-09 12:10:00,1235,1235,1233,1233,491
2025-12-09 12:20:00,1232,1232,1231,1231,30
2025-12-09 12:30:00,1231,1231,1230,1230,129
2025-12-09 12:50:00,1230,1230,1230,1230,431
2025-12-09 13:00:00,1230,1230,1230,1230,454
2025-12-09 13:10:00,1230,1231,1230,1231,223
2025-12-09 13:20:00,1232,1232,1232,1232,10
2025-12-09 13:30:00,1234,1234,1232,1232,22
2025-12-09 13:40:00,1232,1232,1232,1232,1
2025-12-09 13:50:00,1232,1232,1232,1232,20
2025-12-09 14:10:00,1234,1236,1234,1236,305
2025-12-09 14:20:00,1234,1235,1233,1234,264
2025-12-09 14:30:00,1235,1236,1233,1234,1096
2025-12-09 14:40:00,1234,1236,1234,1234,1075
2025-12-09 14:50:00,1234,1234,1234,1234,1
2025-12-09 15:00:00,1236,1236,1233,1235,281
2025-12-09 15:10:00,1234,1234,1232,1232,256
2025-12-09 15:20:00,1232,1235,1232,1235,52
2025-12-09 15:30:00,1236,1236,1236,1236,130
2025-12-09 15:50:00,1236,1236,1236,1236,2
2025-12-09 16:00:00,1236,1236,1236,1236,112
2025-12-09 16:10:00,1234,1236,1233,1236,164
2025-12-09 16:20:00,1236,1236,1233,1234,1124
2025-12-09 16:30:00,1234,1238,1234,1234,1867
2025-12-09 16:40:00,1237,1237,1237,1237,4
2025-12-09 16:50:00,1238,1238,1238,1238,25
2025-12-09 17:00:00,1239,1239,1236,1236,590
2025-12-09 17:10:00,1236,1236,1234,1234,50
2025-12-09 17:30:00,1235,1235,1235,1235,10
2025-12-09 17:40:00,1234,1234,1232,1232,1019
2025-12-09 17:50:00,1232,1234,1223,1224,963
2025-12-09 18:00:00,1223,1223,1215,1223,755
2025-12-09 18:10:00,1223,1224,1220,1224,713
2025-12-09 18:20:00,1221,1224,1221,1222,516
2025-12-09 18:30:00,1222,1225,1222,1225,198
2025-12-09 19:00:00,1223,1223,1221,1221,43
2025-12-09 19:10:00,1224,1224,1224,1224,1
2025-12-09 19:20:00,1222,1225,1222,1225,337
2025-12-09 19:30:00,1225,1225,1225,1225,15
2025-12-09 19:40:00,1223,1224,1223,1223,49
2025-12-09 19:50:00,1223,1223,1222,1222,55
2025-12-09 20:00:00,1224,1224,1224,1224,1
2025-12-09 20:10:00,1224,1224,1224,1224,9
2025-12-09 20:20:00,1224,1225,1224,1225,75
2025-12-09 20:50:00,1224,1224,1224,1224,20
2025-12-09 21:00:00,1226,1228,1225,1225,211
2025-12-09 21:10:00,1228,1229,1228,1229,119
2025-12-09 21:20:00,1228,1228,1228,1228,140
2025-12-09 21:30:00,1229,1229,1228,1228,6
2025-12-09 21:40:00,1230,1230,1227,1227,28
2025-12-09 21:50:00,1232,1233,1231,1233,112
2025-12-09 22:00:00,1235,1248,1235,1245,1541
2025-12-09 22:10:00,1243,1247,1240,1246,1141
2025-12-09 22:20:00,1246,1247,1243,1247,192
2025-12-09 22:30:00,1247,1250,1245,1248,457
2025-12-09 22:40:00,1247,1247,1244,1245,8
2025-12-09 22:50:00,1243,1248,1243,1246,920
2025-12-09 23:00:00,1244,1249,1244,1247,642
2025-12-09 23:10:00,1248,1248,1244,1244,114
2025-12-09 23:20:00,1244,1244,1239,1239,710
2025-12-09 23:30:00,1242,1242,1242,1242,1
2025-12-09 23:40:00,1241,1242,1241,1242,50
2025-12-10 09:00:00,1240,1240,1238,1239,227
2025-12-10 09:10:00,1240,1240,1240,1240,20
2025-12-10 09:20:00,1237,1237,1237,1237,34
2025-12-10 09:50:00,1238,1238,1238,1238,1
2025-12-10 10:00:00,1240,1240,1240,1240,119
2025-12-10 10:10:00,1240,1240,1238,1240,244
2025-12-10 10:20:00,1237,1238,1237,1238,9
2025-12-10 10:40:00,1237,1237,1236,1236,134
2025-12-10 10:50:00,1238,1238,1235,1235,6
2025-12-10 11:20:00,1235,1235,1235,1235,20
2025-12-10 11:30:00,1234,1234,1233,1234,150
2025-12-10 11:40:00,1234,1234,1234,1234,1
2025-12-10 11:50:00,1234,1234,1234,1234,24
2025-12-10 12:20:00,1234,1236,1234,1236,171
2025-12-10 12:30:00,1235,1237,1235,1237,279
2025-12-10 12:40:00,1237,1237,1237,1237,25
2025-12-10 13:10:00,1236,1236,1236,1236,10
2025-12-10 13:20:00,1235,1236,1234,1235,43
2025-12-10 13:30:00,1234,1234,1234,1234,5
2025-12-10 13:40:00,1233,1236,1233,1236,16
2025-12-10 13:50:00,1233,1233,1233,1233,13
2025-12-10 14:30:00,1233,1233,1233,1233,8
2025-12-10 14:40:00,1233,1233,1233,1233,59
2025-12-10 14:50:00,1233,1233,1232,1232,164
2025-12-10 15:00:00,1233,1233,1233,1233,16
2025-12-10 15:30:00,1234,1236,1234,1235,120
2025-12-10 15:40:00,1234,1234,1234,1234,2
2025-12-10 16:20:00,1235,1235,1235,1235,80
2025-12-10 16:30:00,1234,1234,1234,1234,78
2025-12-10 17:00:00,1235,1236,1235,1236,105
2025-12-10 17:20:00,1234,1234,1234,1234,6
2025-12-10 17:30:00,1234,1234,1234,1234,327
2025-12-10 17:40:00,1233,1234,1233,1234,800
2025-12-10 17:50:00,1235,1235,1235,1235,1
2025-12-10 18:00:00,1236,1236,1236,1236,1
2025-12-10 18:10:00,1236,1236,1236,1236,1
2025-12-10 18:20:00,1236,1237,1236,1237,259
2025-12-10 18:30:00,1239,1239,1239,1239,163
2025-12-10 19:00:00,1240,1240,1239,1239,138
2025-12-10 19:10:00,1239,1240,1237,1240,202
2025-12-10 19:30:00,1239,1239,1239,1239,50
2025-12-10 19:50:00,1239,1239,1239,1239,4
2025-12-10 20:00:00,1239,1242,1239,1241,681
2025-12-10 20:10:00,1242,1242,1242,1242,232
2025-12-10 20:20:00,1242,1242,1240,1240,36
2025-12-10 20:40:00,1242,1242,1242,1242,1
2025-12-10 20:50:00,1242,1243,1242,1243,40
2025-12-10 21:10:00,1240,1240,1240,1240,50
2025-12-10 21:20:00,1241,1245,1241,1245,415
2025-12-10 21:30:00,1245,1245,1245,1245,235
2025-12-10 21:40:00,1246,1246,1246,1246,216
2025-12-10 22:00:00,1242,1242,1242,1242,80
2025-12-10 22:20:00,1244,1244,1244,1244,99
2025-12-10 22:50:00,1245,1245,1244,1244,21
2025-12-10 23:10:00,1246,1247,1246,1247,17
2025-12-10 23:20:00,1246,1246,1244,1244,415
2025-12-10 23:30:00,1246,1246,1242,1242,21
2025-12-11 09:00:00,1247,1252,1247,1249,986
2025-12-11 09:10:00,1249,1249,1248,1249,579
2025-12-11 09:20:00,1249,1249,1248,1248,101
2025-12-11 09:30:00,1249,1249,1247,1247,366
2025-12-11 09:40:00,1248,1250,1248,1250,180
2025-12-11 09:50:00,1250,1253,1250,1253,203
2025-12-11 10:00:00,1249,1252,1248,1248,403
2025-12-11 10:10:00,1252,1254,1250,1252,991
2025-12-11 10:20:00,1249,1249,1248,1248,64
2025-12-11 10:30:00,1249,1249,1249,1249,55
2025-12-11 10:40:00,1249,1249,1247,1247,110
2025-12-11 10:50:00,1246,1249,1245,1245,478
2025-12-11 11:00:00,1247,1249,1246,1249,590
2025-12-11 11:10:00,1249,1250,1249,1249,450
2025-12-11 11:20:00,1248,1248,1247,1247,110
2025-12-11 11:30:00,1247,1247,1245,1247,292
2025-12-11 11:40:00,1249,1249,1246,1246,245
2025-12-11 11:50:00,1247,1247,1247,1247,63
2025-12-11 12:00:00,1250,1250,1250,1250,7
2025-12-11 12:10:00,1249,1249,1247,1248,570
2025-12-11 12:20:00,1247,1247,1245,1245,808
2025-12-11 12:30:00,1246,1246,1243,1243,53
2025-12-11 12:40:00,1244,1244,1241,1241,341
2025-12-11 12:50:00,1241,1241,1240,1240,114
2025-12-11 13:00:00,1242,1242,1240,1241,29
2025-12-11 13:10:00,1244,1244,1244,1244,134
2025-12-11 13:20:00,1243,1244,1241,1244,400
2025-12-11 13:30:00,1242,1242,1242,1242,40
2025-12-11 13:40:00,1242,1242,1242,1242,19
2025-12-11 14:20:00,1248,1248,1246,1246,61
2025-12-11 14:40:00,1247,1247,1244,1244,1803
2025-12-11 14:50:00,1247,1247,1247,1247,32
2025-12-11 15:00:00,1246,1248,1246,1248,25
2025-12-11 15:10:00,1249,1249,1249,1249,30
2025-12-11 15:20:00,1250,1253,1249,1249,2825
2025-12-11 15:30:00,1249,1251,1248,1251,235
2025-12-11 15:40:00,1251,1251,1251,1251,88
2025-12-11 15:50:00,1250,1252,1250,1251,222
2025-12-11 16:00:00,1251,1253,1250,1251,757
2025-12-11 16:10:00,1251,1252,1248,1252,826
2025-12-11 16:30:00,1252,1252,1250,1250,13
2025-12-11 16:40:00,1252,1252,1252,1252,25
2025-12-11 17:00:00,1249,1249,1249,1249,100
2025-12-11 17:10:00,1252,1252,1250,1250,145
2025-12-11 17:20:00,1252,1252,1252,1252,200
2025-12-11 17:30:00,1252,1252,1249,1249,425
2025-12-11 17:50:00,1250,1252,1249,1249,1692
2025-12-11 18:00:00,1250,1251,1244,1246,3048
2025-12-11 18:10:00,1247,1247,1245,1245,197
2025-12-11 18:20:00,1245,1248,1243,1243,941
2025-12-11 18:30:00,1242,1242,1242,1242,36
2025-12-11 18:40:00,1242,1245,1242,1245,24
2025-12-11 19:00:00,1245,1253,1245,1250,806
2025-12-11 19:10:00,1250,1253,1248,1249,1677
2025-12-11 19:20:00,1247,1249,1246,1249,1223
2025-12-11 19:30:00,1249,1251,1249,1250,5116
2025-12-11 19:40:00,1249,1249,1242,1249,707
2025-12-11 19:50:00,1247,1249,1243,1243,694
2025-12-11 20:00:00,1247,1247,1247,1247,48
2025-12-11 20:10:00,1247,1247,1247,1247,1
2025-12-11 20:40:00,1246,1246,1243,1243,69
2025-12-11 21:10:00,1243,1243,1243,1243,110
2025-12-11 21:20:00,1242,1242,1242,1242,128
2025-12-11 21:30:00,1244,1244,1242,1244,313
2025-12-11 21:40:00,1242,1242,1242,1242,4
2025-12-11 21:50:00,1242,1242,1242,1242,35
2025-12-11 22:00:00,1241,1242,1241,1242,143
2025-12-11 22:10:00,1241,1241,1241,1241,210
2025-12-11 22:20:00,1242,1243,1241,1243,522
2025-12-11 22:30:00,1243,1243,1241,1241,3
2025-12-11 22:50:00,1243,1243,1243,1243,4
2025-12-11 23:30:00,1242,1242,1241,1241,202
2025-12-11 23:40:00,1242,1242,1242,1242,5
2025-12-12 09:00:00,1242,1242,1240,1241,30
2025-12-12 09:10:00,1239,1239,1239,1239,28
2025-12-12 09:20:00,1239,1242,1239,1240,196
2025-12-12 09:30:00,1239,1242,1239,1242,67
2025-12-12 09:40:00,1240,1241,1238,1238,275
2025-12-12 10:00:00,1240,1240,1240,1240,40
2025-12-12 10:10:00,1238,1238,1235,1235,57
2025-12-12 10:20:00,1235,1235,1234,1234,40
2025-12-12 10:30:00,1235,1236,1234,1234,230
2025-12-12 10:40:00,1235,1236,1235,1235,320
2025-12-12 10:50:00,1236,1236,1236,1236,20
2025-12-12 11:00:00,1235,1235,1235,1235,1
2025-12-12 11:10:00,1236,1237,1236,1237,200
2025-12-12 11:20:00,1235,1236,1235,1236,14
2025-12-12 11:30:00,1236,1236,1234,1234,441
2025-12-12 11:40:00,1233,1233,1230,1232,1548
2025-12-12 11:50:00,1231,1231,1229,1229,113
2025-12-12 12:00:00,1229,1229,1229,1229,60
2025-12-12 12:20:00,1229,1230,1227,1227,200
2025-12-12 12:30:00,1229,1229,1228,1228,40
2025-12-12 12:40:00,1230,1230,1230,1230,50
2025-12-12 12:50:00,1231,1231,1230,1230,31
2025-12-12 13:10:00,1231,1231,1229,1230,3308
2025-12-12 13:20:00,1231,1231,1231,1231,127
2025-12-12 13:30:00,1231,1231,1231,1231,1
2025-12-12 13:50:00,1231,1231,1229,1231,443
2025-12-12 14:00:00,1229,1229,1229,1229,11
2025-12-12 14:10:00,1231,1232,1229,1232,1851
2025-12-12 14:20:00,1229,1232,1229,1232,27
2025-12-12 14:30:00,1229,1229,1229,1229,20
2025-12-12 14:40:00,1229,1229,1229,1229,44
2025-12-12 14:50:00,1228,1228,1225,1228,508
2025-12-12 15:00:00,1226,1226,1226,1226,2
2025-12-12 15:10:00,1227,1228,1227,1228,451
2025-12-12 15:20:00,1227,1227,1227,1227,22
2025-12-12 15:40:00,1227,1227,1226,1226,15
2025-12-12 15:50:00,1225,1225,1222,1223,116
2025-12-12 16:00:00,1224,1224,1219,1220,1412
2025-12-12 16:10:00,1221,1222,1221,1222,134
2025-12-12 16:20:00,1221,1221,1221,1221,737
2025-12-12 16:30:00,1222,1222,1218,1218,1681
2025-12-12 16:40:00,1217,1220,1217,1220,328
2025-12-12 16:50:00,1220,1225,1220,1225,2437
2025-12-12 17:00:00,1224,1225,1220,1220,687
2025-12-12 17:10:00,1222,1224,1222,1223,57
2025-12-12 17:20:00,1223,1226,1223,1226,1169
2025-12-12 17:30:00,1226,1228,1226,1228,394
2025-12-12 17:50:00,1229,1229,1228,1228,832
2025-12-12 18:00:00,1228,1228,1226,1226,171
2025-12-12 18:10:00,1226,1226,1223,1223,152
2025-12-12 18:20:00,1223,1223,1221,1221,278
2025-12-12 18:30:00,1220,1220,1217,1217,800
2025-12-12 18:40:00,1224,1225,1218,1225,180
2025-12-12 19:00:00,1224,1224,1217,1217,156
2025-12-12 19:10:00,1221,1221,1221,1221,84
2025-12-12 19:20:00,1219,1219,1216,1217,141
2025-12-12 19:40:00,1217,1219,1217,1219,206
2025-12-12 19:50:00,1217,1220,1216,1219,560
2025-12-12 20:10:00,1220,1220,1218,1218,91
2025-12-12 20:20:00,1221,1221,1218,1218,869
2025-12-12 20:30:00,1217,1217,1216,1216,150
2025-12-12 20:40:00,1218,1220,1216,1218,310
2025-12-12 20:50:00,1218,1218,1218,1218,8
2025-12-12 21:00:00,1216,1216,1216,1216,10
2025-12-12 21:10:00,1218,1218,1218,1218,1
2025-12-12 21:20:00,1218,1219,1218,1218,75
2025-12-12 21:30:00,1216,1216,1216,1216,80
2025-12-12 21:40:00,1216,1217,1213,1213,1185
2025-12-12 21:50:00,1214,1214,1214,1214,20
2025-12-12 22:00:00,1213,1215,1213,1215,55
2025-12-12 22:10:00,1216,1216,1214,1214,80
2025-12-12 22:20:00,1214,1218,1214,1218,334
2025-12-12 22:30:00,1218,1219,1215,1217,2307
2025-12-12 22:50:00,1218,1218,1218,1218,286
2025-12-12 23:30:00,1217,1217,1217,1217,156
2025-12-12 23:40:00,1216,1216,1214,1216,50
2025-12-13 10:20:00,1223,1223,1223,1223,1
2025-12-13 10:30:00,1222,1222,1222,1222,21
2025-12-13 10:40:00,1222,1222,1222,1222,88
2025-12-13 10:50:00,1224,1225,1224,1225,16
2025-12-13 11:00:00,1225,1226,1225,1225,29
2025-12-13 11:10:00,1226,1226,1225,1225,20
2025-12-13 11:20:00,1225,1225,1225,1225,20
2025-12-13 11:30:00,1226,1226,1226,1226,691
2025-12-13 11:40:00,1227,1227,1227,1227,10
2025-12-13 12:00:00,1227,1227,1227,1227,2
2025-12-13 12:30:00,1226,1226,1226,1226,38
2025-12-13 12:40:00,1226,1226,1226,1226,300
2025-12-13 13:00:00,1225,1226,1225,1226,3
2025-12-13 13:30:00,1225,1225,1225,1225,1
2025-12-13 14:00:00,1225,1227,1225,1227,120
2025-12-13 14:20:00,1226,1226,1226,1226,12
2025-12-13 14:40:00,1226,1226,1226,1226,15
2025-12-13 15:00:00,1223,1223,1223,1223,1
2025-12-13 15:50:00,1226,1226,1226,1226,100
2025-12-13 16:10:00,1224,1226,1223,1226,141
2025-12-13 16:20:00,1223,1223,1223,1223,1
2025-12-13 18:40:00,1224,1224,1224,1224,8
2025-12-14 10:10:00,1224,1224,1224,1224,117
2025-12-14 10:20:00,1226,1226,1226,1226,21
2025-12-14 10:30:00,1226,1226,1226,1226,26
2025-12-14 10:40:00,1226,1226,1226,1226,2
2025-12-14 11:00:00,1225,1225,1225,1225,35
2025-12-14 11:30:00,1224,1224,1224,1224,60
2025-12-14 11:40:00,1224,1224,1224,1224,30
2025-12-14 12:10:00,1222,1222,1216,1216,1043
2025-12-14 12:20:00,1216,1216,1215,1215,182
2025-12-14 12:30:00,1216,1216,1216,1216,2
2025-12-14 12:50:00,1215,1215,1213,1213,305
2025-12-14 13:00:00,1216,1220,1216,1220,388
2025-12-14 13:10:00,1221,1222,1221,1222,101
2025-12-14 13:50:00,1218,1222,1218,1222,185
2025-12-14 14:00:00,1222,1222,1220,1220,25
2025-12-14 14:10:00,1223,1224,1223,1224,258
2025-12-14 15:00:00,1221,1221,1220,1220,33
2025-12-14 15:30:00,1221,1221,1221,1221,300
2025-12-14 15:40:00,1221,1221,1221,1221,50
2025-12-14 16:10:00,1219,1221,1219,1221,194
2025-12-14 16:20:00,1219,1219,1219,1219,50
2025-12-14 17:10:00,1219,1219,1219,1219,34
2025-12-14 17:20:00,1221,1221,1221,1221,100
2025-12-14 17:50:00,1219,1219,1219,1219,1
2025-12-14 18:20:00,1219,1219,1219,1219,1
2025-12-14 18:40:00,1220,1220,1219,1219,83
2025-12-15 09:00:00,1225,1228,1225,1228,667
2025-12-15 09:10:00,1228,1230,1228,1230,823
2025-12-15 09:20:00,1230,1232,1229,1232,402
2025-12-15 09:30:00,1232,1232,1231,1231,121
2025-12-15 09:40:00,1231,1231,1229,1230,346
2025-12-15 09:50:00,1230,1230,1229,1229,11
2025-12-15 10:00:00,1228,1228,1223,1223,840
2025-12-15 10:10:00,1225,1225,1223,1223,846
2025-12-15 10:20:00,1224,1224,1224,1224,5
2025-12-15 10:30:00,1223,1223,1223,1223,495
2025-12-15 10:40:00,1224,1226,1224,1225,274
2025-12-15 10:50:00,1225,1226,1224,1224,124
2025-12-15 11:00:00,1224,1224,1224,1224,2
2025-12-15 11:10:00,1224,1227,1224,1225,1586
2025-12-15 11:20:00,1225,1226,1225,1226,593
2025-12-15 11:30:00,1225,1225,1225,1225,101
2025-12-15 11:40:00,1225,1225,1225,1225,1
2025-12-15 11:50:00,1225,1225,1225,1225,60
2025-12-15 12:00:00,1226,1228,1226,1228,199
2025-12-15 12:10:00,1229,1230,1229,1230,174
2025-12-15 12:20:00,1230,1231,1228,1228,232
2025-12-15 12:30:00,1231,1231,1231,1231,10
2025-12-15 12:40:00,1230,1230,1230,1230,50
2025-12-15 12:50:00,1230,1232,1230,1232,250
2025-12-15 13:00:00,1231,1234,1231,1234,119
2025-12-15 13:10:00,1234,1234,1233,1234,148
2025-12-15 13:20:00,1234,1234,1232,1232,174
2025-12-15 13:30:00,1233,1234,1233,1234,21
2025-12-15 13:40:00,1234,1234,1232,1232,8
2025-12-15 13:50:00,1232,1234,1232,1234,10
2025-12-15 14:00:00,1233,1233,1233,1233,50
2025-12-15 14:20:00,1232,1232,1231,1231,9
2025-12-15 14:30:00,1232,1233,1232,1233,550
2025-12-15 14:40:00,1232,1234,1232,1234,552
2025-12-15 14:50:00,1231,1231,1231,1231,99
2025-12-15 15:00:00,1232,1233,1232,1233,879
2025-12-15 15:10:00,1233,1233,1233,1233,10
2025-12-15 15:20:00,1231,1232,1228,1231,1143
2025-12-15 15:30:00,1231,1231,1228,1228,95
2025-12-15 15:40:00,1227,1229,1227,1229,13
2025-12-15 15:50:00,1226,1226,1222,1225,1410
2025-12-15 16:00:00,1223,1223,1220,1220,425
2025-12-15 16:10:00,1222,1223,1222,1223,233
2025-12-15 16:20:00,1223,1223,1221,1221,266
2025-12-15 16:30:00,1223,1223,1222,1222,19
2025-12-15 17:00:00,1222,1223,1222,1223,75
2025-12-15 17:10:00,1223,1225,1223,1225,279
2025-12-15 17:30:00,1226,1226,1226,1226,824
2025-12-15 17:40:00,1226,1226,1226,1226,106
2025-12-15 17:50:00,1225,1226,1225,1226,51
2025-12-15 18:00:00,1225,1230,1225,1227,869
2025-12-15 18:10:00,1228,1228,1228,1228,68
2025-12-15 18:20:00,1228,1228,1227,1227,1400
2025-12-15 18:30:00,1230,1230,1230,1230,42
2025-12-15 18:40:00,1227,1227,1227,1227,10
2025-12-15 19:00:00,1229,1229,1229,1229,7
2025-12-15 19:10:00,1229,1229,1229,1229,6
2025-12-15 20:00:00,1229,1229,1228,1228,200
2025-12-15 20:20:00,1227,1227,1227,1227,2
2025-12-15 20:30:00,1229,1229,1229,1229,30
2025-12-15 20:50:00,1229,1229,1229,1229,1
2025-12-15 21:40:00,1231,1231,1231,1231,1
2025-12-15 21:50:00,1231,1231,1231,1231,18
2025-12-15 22:00:00,1229,1229,1229,1229,2
2025-12-15 22:20:00,1231,1231,1231,1231,5
2025-12-15 22:40:00,1229,1229,1229,1229,7
2025-12-15 22:50:00,1231,1231,1231,1231,5
2025-12-15 23:10:00,1231,1231,1230,1230,50
2025-12-16 09:00:00,1231,1231,1230,1230,126
2025-12-16 09:10:00,1230,1231,1230,1231,225
2025-12-16 09:20:00,1232,1236,1232,1235,1383
2025-12-16 09:30:00,1235,1235,1232,1232,33
2025-12-16 09:40:00,1233,1234,1233,1234,853
2025-12-16 09:50:00,1233,1233,1233,1233,105
2025-12-16 10:00:00,1232,1232,1232,1232,420
2025-12-16 10:10:00,1233,1233,1233,1233,288
2025-12-16 10:20:00,1234,1237,1234,1237,1357
2025-12-16 10:30:00,1237,1238,1235,1236,836
2025-12-16 10:40:00,1235,1236,1235,1235,201
2025-12-16 10:50:00,1237,1244,1237,1242,1851
2025-12-16 11:00:00,1242,1242,1237,1238,587
2025-12-16 11:10:00,1238,1240,1237,1240,393
2025-12-16 11:20:00,1240,1241,1238,1238,386
2025-12-16 11:30:00,1239,1242,1239,1242,348
2025-12-16 11:40:00,1242,1246,1242,1246,1062
2025-12-16 11:50:00,1245,1248,1245,1248,860
2025-12-16 12:00:00,1248,1251,1247,1247,1692
2025-12-16 12:10:00,1247,1251,1247,1251,1327
2025-12-16 12:20:00,1251,1251,1248,1248,1068
2025-12-16 12:30:00,1248,1249,1247,1248,821
2025-12-16 12:40:00,1248,1249,1247,1248,625
2025-12-16 12:50:00,1248,1249,1248,1249,411
2025-12-16 13:00:00,1249,1250,1249,1250,275
2025-12-16 13:10:00,1248,1248,1246,1248,365
2025-12-16 13:20:00,1246,1246,1246,1246,14
2025-12-16 13:30:00,1247,1248,1247,1247,203
2025-12-16 13:40:00,1247,1247,1247,1247,4
2025-12-16 13:50:00,1247,1248,1245,1245,225
2025-12-16 14:00:00,1245,1245,1245,1245,37
2025-12-16 14:10:00,1246,1246,1242,1243,3353
2025-12-16 14:20:00,1243,1244,1243,1244,1325
2025-12-16 14:30:00,1244,1244,1242,1242,194
2025-12-16 14:40:00,1243,1244,1243,1244,107
2025-12-16 14:50:00,1244,1244,1244,1244,21
2025-12-16 15:00:00,1244,1244,1243,1243,29
2025-12-16 15:20:00,1242,1244,1242,1244,92
2025-12-16 15:30:00,1245,1247,1245,1247,200
2025-12-16 15:50:00,1248,1249,1246,1246,410
2025-12-16 16:00:00,1247,1247,1246,1246,88
2025-12-16 16:10:00,1246,1246,1246,1246,26
2025-12-16 16:20:00,1247,1248,1246,1247,485
2025-12-16 16:30:00,1247,1248,1247,1247,162
2025-12-16 16:40:00,1247,1247,1247,1247,226
2025-12-16 16:50:00,1248,1248,1246,1246,206
2025-12-16 17:00:00,1246,1248,1244,1248,142
2025-12-16 17:10:00,1248,1249,1248,1249,509
2025-12-16 17:20:00,1249,1249,1247,1247,807
2025-12-16 17:30:00,1246,1250,1244,1247,1068
2025-12-16 17:40:00,1248,1250,1246,1249,1001
2025-12-16 17:50:00,1247,1249,1247,1247,61
2025-12-16 18:00:00,1248,1248,1248,1248,119
2025-12-16 18:10:00,1248,1248,1248,1248,91
2025-12-16 18:20:00,1250,1252,1250,1250,1264
2025-12-16 18:30:00,1251,1252,1249,1249,1674
2025-12-16 18:40:00,1251,1252,1250,1252,730
2025-12-16 19:00:00,1251,1251,1250,1250,1486
2025-12-16 19:10:00,1249,1249,1249,1249,30
2025-12-16 19:20:00,1247,1249,1247,1249,43
2025-12-16 19:30:00,1249,1249,1249,1249,231
2025-12-16 19:40:00,1249,1249,1247,1247,417
2025-12-16 19:50:00,1247,1247,1247,1247,200
2025-12-16 20:00:00,1247,1247,1246,1246,285
2025-12-16 20:10:00,1248,1248,1245,1245,200
2025-12-16 20:30:00,1246,1246,1246,1246,100
2025-12-16 20:50:00,1245,1245,1245,1245,17
2025-12-16 21:00:00,1246,1248,1246,1248,300
2025-12-16 21:10:00,1246,1248,1246,1248,690
2025-12-16 21:20:00,1249,1249,1248,1248,122
2025-12-16 21:30:00,1249,1249,1249,1249,41
2025-12-16 21:40:00,1248,1251,1248,1251,946
2025-12-16 21:50:00,1250,1252,1250,1250,355
2025-12-16 22:00:00,1252,1252,1250,1250,13
2025-12-16 22:10:00,1250,1250,1250,1250,1
2025-12-16 22:20:00,1250,1254,1250,1252,1247
2025-12-16 22:40:00,1249,1252,1248,1252,600
2025-12-16 22:50:00,1252,1253,1250,1250,450
2025-12-16 23:00:00,1250,1250,1250,1250,2141
2025-12-16 23:10:00,1253,1253,1253,1253,6
2025-12-16 23:20:00,1254,1254,1253,1253,267
2025-12-16 23:30:00,1253,1254,1253,1254,87
2025-12-16 23:40:00,1254,1254,1253,1253,205
2025-12-17 09:00:00,1253,1254,1253,1254,141
2025-12-17 09:10:00,1254,1257,1253,1253,1672
2025-12-17 09:20:00,1255,1257,1254,1254,261
2025-12-17 09:30:00,1253,1256,1253,1253,98
2025-12-17 09:40:00,1256,1256,1253,1256,119
2025-12-17 09:50:00,1255,1256,1255,1255,111
2025-12-17 10:00:00,1255,1255,1255,1255,75
2025-12-17 10:10:00,1253,1253,1241,1241,1970
2025-12-17 10:20:00,1241,1245,1241,1245,564
2025-12-17 10:30:00,1244,1244,1240,1241,295
2025-12-17 10:40:00,1242,1245,1241,1245,829
2025-12-17 10:50:00,1245,1246,1243,1243,456
2025-12-17 11:00:00,1243,1249,1242,1249,3707
2025-12-17 11:10:00,1249,1255,1249,1254,845
2025-12-17 11:20:00,1254,1254,1252,1252,632
2025-12-17 11:30:00,1252,1252,1251,1251,284
2025-12-17 11:40:00,1250,1250,1248,1248,113
2025-12-17 11:50:00,1249,1251,1248,1248,958
2025-12-17 12:00:00,1247,1249,1237,1241,4253
2025-12-17 12:10:00,1240,1241,1237,1237,686
2025-12-17 12:20:00,1239,1240,1237,1240,190
2025-12-17 12:30:00,1237,1237,1237,1237,40
2025-12-17 12:40:00,1237,1238,1237,1238,101
2025-12-17 13:00:00,1235,1238,1234,1238,685
2025-12-17 13:10:00,1239,1240,1239,1240,175
2025-12-17 13:20:00,1240,1240,1239,1239,90
2025-12-17 13:30:00,1239,1239,1237,1237,247
2025-12-17 13:40:00,1237,1240,1236,1240,306
2025-12-17 13:50:00,1238,1238,1237,1237,13
2025-12-17 14:00:00,1238,1238,1238,1238,16
2025-12-17 14:10:00,1237,1237,1229,1230,880
2025-12-17 14:20:00,1232,1233,1230,1233,384
2025-12-17 14:30:00,1233,1235,1233,1235,194
2025-12-17 14:40:00,1236,1236,1235,1235,197
2025-12-17 14:50:00,1235,1235,1235,1235,10
2025-12-17 15:00:00,1234,1237,1234,1234,223
2025-12-17 15:10:00,1234,1237,1234,1237,212
2025-12-17 15:20:00,1238,1239,1238,1238,164
2025-12-17 15:30:00,1239,1239,1235,1235,623
2025-12-17 15:40:00,1234,1234,1233,1234,10
2025-12-17 15:50:00,1234,1240,1234,1240,363
2025-12-17 16:00:00,1240,1243,1240,1243,205
2025-12-17 16:10:00,1242,1242,1240,1240,149
2025-12-17 16:30:00,1240,1240,1238,1238,15
2025-12-17 16:40:00,1237,1237,1235,1235,85
2025-12-17 16:50:00,1235,1236,1234,1236,262
2025-12-17 17:00:00,1235,1235,1235,1235,115
2025-12-17 17:10:00,1235,1235,1234,1235,120
2025-12-17 17:20:00,1233,1234,1233,1233,440
2025-12-17 17:30:00,1233,1234,1233,1234,104
2025-12-17 17:40:00,1235,1235,1234,1234,6
2025-12-17 17:50:00,1235,1235,1235,1235,9
2025-12-17 18:00:00,1236,1238,1236,1236,327
2025-12-17 18:10:00,1235,1236,1235,1236,11
2025-12-17 18:20:00,1236,1236,1236,1236,12
2025-12-17 18:30:00,1236,1238,1236,1237,2847
2025-12-17 18:40:00,1239,1239,1239,1239,52
2025-12-17 19:00:00,1241,1251,1241,1245,1836
2025-12-17 19:10:00,1246,1247,1242,1242,1208
2025-12-17 19:20:00,1245,1246,1241,1241,253
2025-12-17 19:30:00,1242,1244,1241,1244,81
2025-12-17 19:40:00,1244,1244,1242,1242,65
2025-12-17 19:50:00,1241,1241,1241,1241,65
2025-12-17 20:20:00,1242,1244,1242,1244,63
2025-12-17 20:30:00,1244,1244,1244,1244,36
2025-12-17 20:40:00,1243,1244,1243,1243,199
2025-12-17 20:50:00,1244,1245,1243,1245,659
2025-12-17 21:00:00,1245,1248,1245,1248,567
2025-12-17 21:10:00,1246,1247,1246,1247,1378
2025-12-17 21:20:00,1245,1246,1245,1246,96
2025-12-17 21:40:00,1244,1244,1244,1244,1
2025-12-17 22:00:00,1245,1247,1244,1247,2781
2025-12-17 22:10:00,1246,1246,1243,1243,489
2025-12-17 22:20:00,1242,1242,1240,1240,287
2025-12-17 22:30:00,1240,1241,1240,1241,346
2025-12-17 22:40:00,1244,1246,1243,1246,285
2025-12-17 22:50:00,1244,1248,1243,1243,643
2025-12-17 23:00:00,1246,1246,1246,1246,103
2025-12-17 23:10:00,1246,1246,1246,1246,1
2025-12-17 23:20:00,1246,1248,1246,1247,77
2025-12-17 23:30:00,1245,1246,1243,1246,220
2025-12-18 09:00:00,1239,1242,1239,1239,416
2025-12-18 09:10:00,1240,1241,1239,1241,209
2025-12-18 09:20:00,1240,1241,1240,1240,46
2025-12-18 09:30:00,1241,1243,1241,1243,282
2025-12-18 09:40:00,1242,1242,1242,1242,102
2025-12-18 10:00:00,1242,1242,1240,1240,269
2025-12-18 10:10:00,1241,1243,1237,1238,1467
2025-12-18 10:20:00,1238,1240,1235,1235,1518
2025-12-18 10:30:00,1235,1235,1232,1234,7002
2025-12-18 10:40:00,1235,1242,1235,1239,1618
2025-12-18 10:50:00,1241,1241,1239,1240,432
2025-12-18 11:00:00,1239,1240,1239,1240,208
2025-12-18 11:10:00,1239,1240,1239,1240,2652
2025-12-18 11:20:00,1239,1240,1238,1238,804
2025-12-18 11:30:00,1239,1239,1238,1238,325
2025-12-18 11:40:00,1238,1238,1233,1233,239
2025-12-18 11:50:00,1233,1233,1232,1233,598
2025-12-18 12:00:00,1233,1235,1232,1234,427
2025-12-18 12:10:00,1233,1234,1232,1233,2685
2025-12-18 12:20:00,1233,1236,1231,1234,1007
2025-12-18 12:30:00,1234,1234,1234,1234,333
2025-12-18 12:40:00,1234,1234,1234,1234,8
2025-12-18 12:50:00,1235,1237,1235,1235,818
2025-12-18 13:00:00,1237,1238,1237,1238,395
2025-12-18 13:10:00,1238,1238,1238,1238,1681
2025-12-18 13:20:00,1239,1239,1236,1237,1170
2025-12-18 13:30:00,1236,1238,1234,1238,917
2025-12-18 13:40:00,1237,1239,1236,1236,330
2025-12-18 13:50:00,1236,1236,1233,1233,1263
2025-12-18 14:00:00,1232,1232,1228,1228,739
2025-12-18 14:10:00,1230,1232,1227,1230,782
2025-12-18 14:20:00,1230,1230,1228,1228,151
2025-12-18 14:40:00,1229,1230,1228,1230,178
2025-12-18 14:50:00,1229,1232,1229,1232,670
2025-12-18 15:00:00,1231,1234,1231,1234,1504
2025-12-18 15:10:00,1233,1234,1233,1234,95
2025-12-18 15:20:00,1234,1234,1233,1233,1600
2025-12-18 15:30:00,1233,1234,1233,1234,136
2025-12-18 15:40:00,1233,1233,1233,1233,95
2025-12-18 15:50:00,1233,1233,1232,1232,768
2025-12-18 16:00:00,1233,1233,1233,1233,255
2025-12-18 16:10:00,1233,1234,1230,1234,2324
2025-12-18 16:20:00,1234,1234,1230,1231,151
2025-12-18 16:30:00,1232,1233,1232,1233,47
2025-12-18 16:40:00,1233,1233,1231,1231,213
2025-12-18 16:50:00,1233,1236,1232,1236,3101
2025-12-18 17:00:00,1234,1234,1234,1234,96
2025-12-18 17:10:00,1235,1235,1233,1234,145
2025-12-18 17:20:00,1232,1234,1231,1234,1683
2025-12-18 17:30:00,1231,1232,1231,1232,43
2025-12-18 17:40:00,1232,1232,1231,1231,561
2025-12-18 17:50:00,1230,1233,1230,1233,153
2025-12-18 18:00:00,1230,1230,1227,1227,767
2025-12-18 18:10:00,1228,1231,1228,1230,526
2025-12-18 18:20:00,1228,1230,1228,1230,1792
2025-12-18 18:30:00,1228,1228,1222,1227,2844
2025-12-18 18:40:00,1230,1230,1230,1230,15
2025-12-18 19:00:00,1229,1230,1229,1229,93
2025-12-18 19:10:00,1229,1230,1229,1229,103
2025-12-18 19:20:00,1230,1230,1230,1230,40
2025-12-18 19:30:00,1230,1230,1229,1229,153
2025-12-18 19:40:00,1231,1231,1231,1231,9
2025-12-18 19:50:00,1232,1233,1229,1230,600
2025-12-18 20:00:00,1230,1234,1230,1230,170
2025-12-18 20:10:00,1233,1233,1233,1233,14
2025-12-18 20:20:00,1230,1230,1226,1230,509
2025-12-18 20:40:00,1230,1230,1230,1230,15
2025-12-18 20:50:00,1231,1233,1231,1233,70
2025-12-18 21:00:00,1230,1233,1229,1229,2202
2025-12-18 21:10:00,1229,1233,1228,1233,1174
2025-12-18 21:20:00,1232,1232,1229,1232,22
2025-12-18 21:30:00,1232,1232,1232,1232,12
2025-12-18 21:40:00,1229,1231,1229,1231,64
2025-12-18 21:50:00,1232,1234,1232,1234,324
2025-12-18 22:00:00,1234,1237,1234,1236,113
2025-12-18 22:10:00,1237,1240,1237,1240,1372
2025-12-18 22:20:00,1237,1237,1235,1235,193
2025-12-18 22:50:00,1234,1234,1234,1234,15
2025-12-18 23:00:00,1234,1237,1234,1237,10
2025-12-18 23:10:00,1235,1237,1235,1237,137
2025-12-18 23:20:00,1234,1234,1234,1234,7
2025-12-18 23:30:00,1235,1236,1234,1236,103
2025-12-18 23:40:00,1234,1234,1233,1233,120
2025-12-19 09:00:00,1235,1238,1235,1237,208
2025-12-19 09:10:00,1238,1241,1237,1241,1278
2025-12-19 09:20:00,1240,1241,1238,1239,682
2025-12-19 09:30:00,1239,1243,1238,1243,8816
2025-12-19 09:40:00,1241,1243,1240,1240,370
2025-12-19 09:50:00,1243,1243,1241,1241,929
2025-12-19 10:00:00,1243,1246,1242,1245,1424
2025-12-19 10:10:00,1245,1247,1245,1247,1084
2025-12-19 10:20:00,1248,1250,1247,1247,2022
2025-12-19 10:30:00,1249,1249,1247,1248,488
2025-12-19 10:40:00,1248,1248,1247,1248,51
2025-12-19 10:50:00,1248,1248,1247,1248,3472
2025-12-19 11:00:00,1247,1248,1245,1246,541
2025-12-19 11:10:00,1245,1246,1244,1246,837
2025-12-19 11:20:00,1245,1245,1238,1240,3636
2025-12-19 11:30:00,1242,1242,1238,1240,551
2025-12-19 11:40:00,1240,1244,1239,1241,1460
2025-12-19 11:50:00,1242,1244,1242,1244,357
2025-12-19 12:00:00,1244,1246,1243,1244,396
2025-12-19 12:10:00,1244,1244,1242,1242,347
2025-12-19 12:20:00,1241,1242,1241,1241,77
2025-12-19 12:30:00,1243,1243,1243,1243,200
2025-12-19 12:40:00,1243,1243,1243,1243,10
2025-12-19 12:50:00,1243,1244,1235,1236,599
2025-12-19 13:00:00,1236,1238,1229,1234,2496
2025-12-19 13:10:00,1233,1237,1233,1237,551
2025-12-19 13:20:00,1238,1241,1238,1241,216
2025-12-19 13:30:00,1239,1239,1198,1222,20682
2025-12-19 13:40:00,1220,1222,1205,1216,6010
2025-12-19 13:50:00,1216,1231,1216,1224,3028
2025-12-19 14:00:00,1221,1222,1217,1222,540
2025-12-19 14:10:00,1222,1228,1222,1224,2579
2025-12-19 14:20:00,1223,1224,1222,1222,664
2025-12-19 14:30:00,1222,1226,1221,1222,2599
2025-12-19 14:40:00,1221,1224,1221,1221,127
2025-12-19 14:50:00,1222,1226,1221,1224,86
2025-12-19 15:00:00,1226,1226,1221,1222,210
2025-12-19 15:10:00,1220,1221,1220,1221,217
2025-12-19 15:20:00,1221,1223,1221,1223,272
2025-12-19 15:30:00,1223,1223,1218,1219,260
2025-12-19 15:40:00,1219,1219,1218,1218,105
2025-12-19 15:50:00,1217,1217,1215,1217,367
2025-12-19 16:00:00,1215,1216,1215,1216,105
2025-12-19 16:10:00,1217,1217,1215,1216,2665
2025-12-19 16:20:00,1218,1218,1217,1218,230
2025-12-19 16:30:00,1219,1219,1217,1219,247
2025-12-19 16:40:00,1219,1220,1219,1220,312
2025-12-19 16:50:00,1218,1218,1218,1218,145
2025-12-19 17:00:00,1218,1219,1217,1217,1164
2025-12-19 17:10:00,1217,1217,1213,1213,500
2025-12-19 17:20:00,1213,1216,1212,1216,877
2025-12-19 17:30:00,1216,1216,1214,1215,48
2025-12-19 17:40:00,1216,1217,1215,1217,36
2025-12-19 17:50:00,1216,1216,1214,1214,409
2025-12-19 18:00:00,1214,1216,1214,1216,175
2025-12-19 18:10:00,1215,1217,1215,1217,61
2025-12-19 18:20:00,1216,1217,1216,1216,39
2025-12-19 18:30:00,1215,1216,1213,1216,74
2025-12-19 18:40:00,1218,1219,1218,1219,115
2025-12-19 19:00:00,1214,1214,1214,1214,80
2025-12-19 19:10:00,1213,1218,1213,1218,111
2025-12-19 19:30:00,1217,1217,1217,1217,5
2025-12-19 19:40:00,1219,1219,1219,1219,48
2025-12-19 19:50:00,1219,1219,1219,1219,10
2025-12-19 20:00:00,1219,1220,1219,1220,25
2025-12-19 20:10:00,1217,1218,1217,1218,2
2025-12-19 20:20:00,1218,1220,1218,1220,608
2025-12-19 20:30:00,1221,1222,1218,1222,641
2025-12-19 20:40:00,1222,1222,1222,1222,37
2025-12-19 21:00:00,1222,1222,1222,1222,1
2025-12-19 21:10:00,1223,1223,1223,1223,57
2025-12-19 21:20:00,1222,1222,1222,1222,2
2025-12-19 21:40:00,1220,1222,1220,1220,68
2025-12-19 21:50:00,1220,1221,1220,1221,6
2025-12-19 22:10:00,1221,1221,1220,1220,124
2025-12-19 22:20:00,1220,1220,1220,1220,5
2025-12-19 22:30:00,1218,1219,1217,1217,31
2025-12-19 22:40:00,1219,1220,1217,1217,320
2025-12-19 22:50:00,1219,1219,1219,1219,200
2025-12-19 23:00:00,1219,1220,1218,1218,538
2025-12-19 23:10:00,1217,1217,1216,1216,315
2025-12-19 23:20:00,1217,1217,1217,1217,1
2025-12-19 23:30:00,1219,1219,1216,1216,70
2025-12-20 10:00:00,1222,1222,1222,1222,20
2025-12-20 10:20:00,1219,1220,1219,1220,22
2025-12-20 11:20:00,1220,1220,1219,1219,33
2025-12-20 13:00:00,1217,1217,1217,1217,23
2025-12-20 13:30:00,1218,1218,1218,1218,1
2025-12-20 13:40:00,1218,1218,1217,1217,42
2025-12-20 14:20:00,1221,1221,1221,1221,1
2025-12-20 15:10:00,1217,1217,1217,1217,1
2025-12-20 16:50:00,1218,1218,1217,1217,200
2025-12-20 17:40:00,1220,1220,1220,1220,50
2025-12-20 17:50:00,1221,1223,1221,1222,249
2025-12-20 18:00:00,1223,1223,1223,1223,50
2025-12-20 18:20:00,1223,1223,1223,1223,1
2025-12-20 18:30:00,1223,1224,1222,1222,1044
2025-12-20 18:40:00,1224,1225,1224,1225,11
2025-12-21 10:00:00,1222,1222,1222,1222,80
2025-12-21 10:40:00,1219,1219,1218,1218,181
2025-12-21 10:50:00,1221,1221,1221,1221,90
2025-12-21 11:30:00,1220,1222,1220,1222,40
2025-12-21 11:50:00,1217,1217,1216,1216,300
2025-12-21 12:20:00,1217,1217,1217,1217,1
2025-12-21 12:40:00,1219,1219,1219,1219,5
2025-12-21 13:50:00,1219,1219,1219,1219,5
2025-12-21 14:00:00,1217,1217,1217,1217,3
2025-12-21 14:10:00,1216,1216,1216,1216,201
2025-12-21 14:30:00,1219,1220,1219,1220,15
2025-12-21 15:30:00,1219,1219,1219,1219,80
2025-12-21 15:50:00,1221,1221,1221,1221,30
2025-12-21 16:10:00,1221,1222,1218,1218,251
2025-12-21 16:30:00,1220,1220,1220,1220,1
2025-12-21 16:50:00,1218,1218,1218,1218,1
2025-12-21 17:30:00,1217,1217,1217,1217,20
2025-12-21 17:40:00,1218,1218,1218,1218,4
2025-12-21 18:00:00,1218,1218,1218,1218,30
2025-12-21 18:50:00,1217,1217,1217,1217,1
2025-12-22 09:00:00,1219,1219,1216,1216,37
2025-12-22 09:10:00,1219,1219,1219,1219,12
2025-12-22 09:20:00,1218,1218,1214,1215,577
2025-12-22 09:30:00,1215,1217,1214,1217,104
2025-12-22 09:40:00,1217,1217,1217,1217,431
2025-12-22 09:50:00,1216,1216,1214,1214,103
2025-12-22 10:00:00,1216,1216,1210,1210,811
2025-12-22 10:10:00,1211,1211,1209,1209,276
2025-12-22 10:20:00,1209,1211,1204,1204,2645
2025-12-22 10:30:00,1207,1208,1205,1207,1603
2025-12-22 10:40:00,1205,1205,1201,1201,1168
2025-12-22 10:50:00,1200,1203,1200,1202,344
2025-12-22 11:00:00,1201,1203,1200,1203,822
2025-12-22 11:10:00,1203,1203,1203,1203,57
2025-12-22 11:20:00,1203,1205,1203,1205,431
2025-12-22 11:30:00,1205,1206,1205,1206,8
2025-12-22 11:40:00,1206,1206,1204,1204,4
2025-12-22 11:50:00,1207,1207,1207,1207,4
2025-12-22 12:00:00,1206,1206,1206,1206,54
2025-12-22 12:10:00,1206,1206,1205,1205,36
2025-12-22 12:20:00,1205,1205,1205,1205,50
2025-12-22 12:30:00,1207,1207,1207,1207,1
2025-12-22 12:40:00,1208,1210,1207,1209,270
2025-12-22 12:50:00,1209,1209,1209,1209,37
2025-12-22 13:00:00,1209,1209,1209,1209,10
2025-12-22 13:20:00,1210,1210,1210,1210,8
2025-12-22 13:30:00,1209,1209,1206,1207,328
2025-12-22 13:40:00,1208,1210,1208,1210,150
2025-12-22 13:50:00,1209,1209,1209,1209,2
2025-12-22 14:10:00,1208,1208,1208,1208,15
2025-12-22 14:20:00,1206,1206,1206,1206,52
2025-12-22 14:30:00,1206,1206,1206,1206,2
2025-12-22 14:40:00,1207,1207,1205,1206,100
2025-12-22 14:50:00,1206,1206,1206,1206,26
2025-12-22 15:00:00,1205,1205,1204,1204,234
2025-12-22 15:10:00,1204,1204,1196,1199,13470
2025-12-22 15:20:00,1200,1200,1198,1199,1895
2025-12-22 15:30:00,1200,1202,1200,1202,140
2025-12-22 15:40:00,1202,1202,1199,1199,25
2025-12-22 16:00:00,1201,1201,1201,1201,5
2025-12-22 16:10:00,1200,1200,1199,1200,164
2025-12-22 16:20:00,1200,1200,1200,1200,7
2025-12-22 16:30:00,1199,1200,1199,1200,2
2025-12-22 16:40:00,1199,1199,1199,1199,1
2025-12-22 16:50:00,1198,1198,1197,1197,1303
2025-12-22 17:00:00,1198,1198,1195,1195,873
2025-12-22 17:10:00,1194,1196,1192,1192,509
2025-12-22 17:20:00,1192,1195,1191,1194,187
2025-12-22 17:30:00,1193,1195,1193,1195,104
2025-12-22 17:40:00,1195,1196,1194,1196,282
2025-12-22 17:50:00,1194,1196,1194,1194,164
2025-12-22 18:00:00,1194,1197,1194,1196,375
2025-12-22 18:10:00,1196,1198,1194,1194,476
2025-12-22 18:20:00,1194,1196,1194,1195,498
2025-12-22 18:30:00,1194,1194,1193,1193,234
2025-12-22 18:40:00,1193,1193,1193,1193,43
2025-12-22 19:00:00,1197,1197,1197,1197,80
2025-12-22 19:10:00,1197,1197,1197,1197,7
2025-12-22 19:20:00,1198,1198,1198,1198,22
2025-12-22 19:30:00,1199,1199,1198,1198,252
2025-12-22 19:40:00,1198,1198,1198,1198,20
2025-12-22 19:50:00,1198,1200,1198,1200,93
2025-12-22 20:00:00,1200,1201,1200,1201,10
2025-12-22 20:10:00,1201,1201,1201,1201,53
2025-12-22 20:20:00,1202,1202,1202,1202,20
2025-12-22 20:50:00,1202,1204,1200,1200,568
2025-12-22 21:20:00,1202,1202,1201,1202,40
2025-12-22 21:50:00,1201,1201,1200,1200,52
2025-12-22 22:00:00,1200,1200,1200,1200,10
2025-12-22 22:10:00,1200,1200,1200,1200,1
2025-12-22 22:20:00,1198,1198,1198,1198,2
2025-12-22 22:30:00,1197,1197,1194,1194,23
2025-12-22 22:40:00,1197,1197,1197,1197,1
2025-12-22 22:50:00,1196,1196,1193,1193,33
2025-12-22 23:10:00,1193,1193,1191,1191,91
2025-12-22 23:20:00,1193,1193,1193,1193,5
2025-12-22 23:30:00,1193,1193,1193,1193,1
2025-12-22 23:40:00,1193,1193,1193,1193,622
2025-12-23 08:50:00,1193,1193,1193,1193,15
2025-12-23 09:00:00,1193,1195,1193,1194,117
2025-12-23 09:10:00,1193,1193,1193,1193,17
2025-12-23 09:20:00,1193,1193,1191,1192,35
2025-12-23 09:30:00,1194,1195,1193,1195,37
2025-12-23 09:50:00,1195,1197,1195,1197,54
2025-12-23 10:00:00,1195,1196,1195,1196,10
2025-12-23 10:10:00,1196,1200,1196,1200,857
2025-12-23 10:20:00,1200,1200,1200,1200,118
2025-12-23 10:30:00,1200,1202,1200,1202,363
2025-12-23 10:40:00,1201,1201,1201,1201,25
2025-12-23 10:50:00,1201,1202,1199,1199,271
2025-12-23 11:00:00,1198,1198,1197,1197,50
2025-12-23 11:10:00,1198,1198,1197,1197,100
2025-12-23 11:20:00,1199,1199,1194,1194,36
2025-12-23 11:30:00,1194,1194,1193,1193,12
2025-12-23 11:40:00,1194,1197,1194,1194,26
2025-12-23 11:50:00,1193,1193,1192,1192,10
2025-12-23 12:00:00,1192,1193,1191,1192,73
2025-12-23 12:10:00,1192,1192,1185,1187,1860
2025-12-23 12:20:00,1188,1191,1187,1191,237
2025-12-23 12:30:00,1190,1193,1190,1193,70
2025-12-23 12:40:00,1192,1192,1190,1190,346
2025-12-23 12:50:00,1189,1189,1188,1188,84
2025-12-23 13:00:00,1188,1189,1188,1189,145
2025-12-23 13:10:00,1191,1192,1190,1191,115
2025-12-23 13:20:00,1192,1192,1192,1192,100
2025-12-23 13:30:00,1194,1194,1194,1194,3
2025-12-23 13:40:00,1193,1194,1192,1192,35
2025-12-23 13:50:00,1192,1192,1192,1192,26
2025-12-23 14:00:00,1190,1190,1189,1189,46
2025-12-23 14:10:00,1191,1192,1189,1191,28
2025-12-23 14:20:00,1191,1191,1191,1191,40
2025-12-23 14:40:00,1192,1196,1192,1196,88
2025-12-23 14:50:00,1196,1201,1195,1201,355
2025-12-23 15:00:00,1199,1199,1198,1199,136
2025-12-23 15:10:00,1198,1198,1197,1197,189
2025-12-23 15:20:00,1198,1199,1198,1199,25
2025-12-23 15:30:00,1198,1199,1198,1198,862
2025-12-23 15:40:00,1198,1199,1197,1199,346
2025-12-23 16:00:00,1198,1199,1198,1199,300
2025-12-23 16:10:00,1195,1195,1193,1194,67
2025-12-23 16:20:00,1195,1196,1195,1196,21
2025-12-23 16:30:00,1194,1194,1194,1194,26
2025-12-23 16:50:00,1194,1196,1194,1195,60
2025-12-23 17:00:00,1196,1200,1195,1199,185
2025-12-23 17:10:00,1198,1198,1194,1194,145
2025-12-23 17:20:00,1194,1194,1193,1193,139
2025-12-23 17:30:00,1193,1193,1193,1193,19
2025-12-23 17:40:00,1192,1192,1192,1192,12
2025-12-23 18:00:00,1194,1195,1194,1195,14
2025-12-23 18:10:00,1196,1196,1193,1193,14
2025-12-23 18:30:00,1194,1196,1194,1194,325
2025-12-23 18:40:00,1195,1195,1191,1191,153
2025-12-23 19:10:00,1196,1196,1196,1196,16
2025-12-23 19:20:00,1197,1198,1197,1197,120
2025-12-23 19:50:00,1198,1198,1198,1198,6
2025-12-23 20:00:00,1198,1198,1198,1198,23
2025-12-23 20:10:00,1196,1196,1196,1196,33
2025-12-23 20:30:00,1195,1195,1195,1195,1
2025-12-23 20:40:00,1196,1197,1196,1196,225
2025-12-23 21:00:00,1198,1198,1198,1198,20
2025-12-23 21:40:00,1197,1200,1197,1200,168
2025-12-23 21:50:00,1200,1200,1197,1197,6
2025-12-23 22:00:00,1197,1199,1197,1197,504
2025-12-23 22:30:00,1199,1199,1197,1197,148
2025-12-23 22:40:00,1199,1199,1199,1199,2
2025-12-23 22:50:00,1198,1198,1198,1198,1
2025-12-23 23:10:00,1201,1203,1201,1203,900
2025-12-23 23:40:00,1202,1202,1201,1201,4
2025-12-24 09:10:00,1201,1202,1198,1198,124
2025-12-24 09:20:00,1196,1197,1196,1196,122
2025-12-24 09:30:00,1196,1198,1196,1198,6
2025-12-24 09:40:00,1196,1196,1196,1196,1
2025-12-24 10:00:00,1197,1197,1195,1195,40
2025-12-24 10:10:00,1194,1198,1194,1198,48
2025-12-24 10:50:00,1197,1197,1196,1196,250
2025-12-24 11:00:00,1196,1196,1196,1196,30
2025-12-24 11:10:00,1195,1195,1195,1195,10
2025-12-24 11:20:00,1195,1195,1185,1185,1255
2025-12-24 11:30:00,1186,1190,1185,1190,2488
2025-12-24 11:40:00,1190,1190,1188,1188,126
2025-12-24 11:50:00,1189,1190,1189,1189,63
2025-12-24 12:00:00,1189,1189,1189,1189,118
2025-12-24 12:20:00,1188,1189,1188,1188,316
2025-12-24 12:30:00,1188,1189,1188,1189,31
2025-12-24 12:40:00,1190,1190,1190,1190,320
2025-12-24 12:50:00,1190,1190,1190,1190,1
2025-12-24 13:10:00,1190,1191,1190,1191,2342
2025-12-24 13:20:00,1191,1193,1191,1193,63
2025-12-24 13:30:00,1193,1193,1192,1193,110
2025-12-24 13:40:00,1193,1193,1191,1192,75
2025-12-24 13:50:00,1193,1193,1193,1193,52
2025-12-24 14:00:00,1191,1192,1191,1192,171
2025-12-24 14:10:00,1192,1193,1192,1193,1001
2025-12-24 14:20:00,1193,1198,1193,1198,710
2025-12-24 14:30:00,1195,1195,1193,1193,56
2025-12-24 14:40:00,1197,1210,1197,1201,4970
2025-12-24 14:50:00,1202,1202,1201,1201,306
2025-12-24 15:00:00,1199,1201,1198,1201,331
2025-12-24 15:10:00,1199,1200,1198,1200,46
2025-12-24 15:20:00,1200,1200,1200,1200,3
2025-12-24 15:30:00,1200,1200,1199,1199,130
2025-12-24 15:40:00,1197,1197,1194,1194,44
2025-12-24 15:50:00,1195,1195,1194,1194,16
2025-12-24 16:00:00,1196,1198,1196,1196,354
2025-12-24 16:10:00,1195,1195,1195,1195,1
2025-12-24 16:20:00,1194,1194,1191,1193,1842
2025-12-24 16:30:00,1193,1193,1193,1193,50
2025-12-24 16:40:00,1193,1193,1191,1191,267
2025-12-24 16:50:00,1191,1191,1190,1190,200
2025-12-24 17:10:00,1190,1193,1190,1193,51
2025-12-24 17:20:00,1193,1193,1192,1192,95
2025-12-24 17:30:00,1190,1191,1190,1191,175
2025-12-24 17:40:00,1192,1192,1192,1192,6
2025-12-24 17:50:00,1191,1191,1190,1190,43
2025-12-24 18:00:00,1191,1192,1190,1192,112
2025-12-24 18:10:00,1192,1192,1192,1192,21
2025-12-24 18:20:00,1191,1191,1188,1188,666
2025-12-24 18:30:00,1191,1191,1187,1188,864
2025-12-24 18:40:00,1187,1188,1186,1188,14
2025-12-24 19:00:00,1187,1188,1184,1185,1773
2025-12-24 19:30:00,1188,1188,1187,1187,70
2025-12-24 19:40:00,1185,1186,1185,1186,50
2025-12-24 19:50:00,1188,1188,1188,1188,60
2025-12-24 20:10:00,1187,1187,1187,1187,5
2025-12-24 20:30:00,1189,1189,1189,1189,5
2025-12-24 20:40:00,1188,1188,1188,1188,5
2025-12-24 21:00:00,1189,1189,1189,1189,10
2025-12-24 21:20:00,1187,1188,1187,1188,11
2025-12-24 22:00:00,1190,1190,1190,1190,200
2025-12-24 22:30:00,1188,1188,1188,1188,40
2025-12-24 22:40:00,1188,1188,1187,1187,100
2025-12-24 23:00:00,1188,1188,1188,1188,1
2025-12-24 23:30:00,1188,1188,1188,1188,1
2025-12-24 23:40:00,1187,1187,1187,1187,46
2025-12-25 09:10:00,1187,1187,1187,1187,86
2025-12-25 09:20:00,1188,1188,1187,1187,7
2025-12-25 09:30:00,1187,1187,1176,1178,3515
2025-12-25 09:40:00,1182,1182,1180,1182,683
2025-12-25 09:50:00,1182,1182,1182,1182,20
2025-12-25 10:00:00,1181,1182,1181,1181,31
2025-12-25 10:20:00,1181,1183,1178,1178,913
2025-12-25 10:30:00,1179,1180,1176,1176,395
2025-12-25 10:40:00,1175,1181,1175,1181,306
2025-12-25 10:50:00,1181,1182,1179,1179,275
2025-12-25 11:00:00,1179,1181,1179,1180,141
2025-12-25 11:10:00,1179,1179,1171,1177,6580
2025-12-25 11:20:00,1177,1180,1174,1179,64
2025-12-25 11:30:00,1179,1181,1179,1181,73
2025-12-25 11:40:00,1181,1181,1180,1181,131
2025-12-25 11:50:00,1181,1181,1181,1181,3
2025-12-25 12:00:00,1180,1180,1178,1178,141
2025-12-25 12:20:00,1178,1179,1177,1179,22
2025-12-25 12:30:00,1178,1178,1178,1178,23
2025-12-25 12:40:00,1180,1180,1180,1180,15
2025-12-25 13:00:00,1178,1179,1178,1179,106
2025-12-25 13:10:00,1180,1181,1180,1181,35
2025-12-25 13:30:00,1179,1179,1177,1177,16
2025-12-25 13:40:00,1176,1176,1176,1176,16
2025-12-25 13:50:00,1175,1176,1174,1176,113
2025-12-25 14:00:00,1177,1177,1177,1177,20
2025-12-25 14:10:00,1178,1178,1178,1178,11
2025-12-25 14:30:00,1177,1178,1177,1178,23
2025-12-25 14:40:00,1178,1179,1178,1179,11
2025-12-25 14:50:00,1177,1177,1177,1177,1
2025-12-25 15:00:00,1179,1179,1177,1177,16
2025-12-25 15:10:00,1177,1177,1176,1177,127
2025-12-25 15:30:00,1178,1178,1178,1178,40
2025-12-25 15:40:00,1175,1175,1174,1175,338
2025-12-25 15:50:00,1174,1175,1172,1174,611
2025-12-25 16:00:00,1172,1172,1169,1171,582
2025-12-25 16:10:00,1172,1173,1172,1173,24
2025-12-25 16:20:00,1174,1177,1174,1176,380
2025-12-25 16:30:00,1176,1177,1175,1177,97
2025-12-25 16:40:00,1177,1177,1174,1176,10
2025-12-25 16:50:00,1176,1176,1175,1175,37
2025-12-25 17:00:00,1174,1174,1173,1173,12
2025-12-25 17:10:00,1173,1174,1172,1174,22
2025-12-25 17:20:00,1174,1176,1174,1176,34
2025-12-25 17:30:00,1176,1176,1176,1176,1
2025-12-25 17:40:00,1178,1178,1178,1178,5
2025-12-25 17:50:00,1176,1176,1176,1176,6
2025-12-25 18:00:00,1176,1176,1176,1176,15
2025-12-25 18:10:00,1177,1178,1177,1178,250
2025-12-25 18:20:00,1178,1178,1176,1177,110
2025-12-25 18:30:00,1177,1178,1177,1177,294
2025-12-25 19:00:00,1177,1177,1177,1177,38
2025-12-25 19:20:00,1179,1180,1179,1180,267
2025-12-25 19:40:00,1179,1179,1179,1179,32
2025-12-25 19:50:00,1178,1178,1176,1176,500
2025-12-25 20:20:00,1179,1179,1179,1179,5
2025-12-25 20:30:00,1176,1176,1176,1176,6
2025-12-25 20:50:00,1179,1179,1179,1179,11
2025-12-25 21:10:00,1176,1176,1176,1176,421
2025-12-25 21:20:00,1178,1178,1178,1178,23
2025-12-25 21:30:00,1176,1176,1174,1176,191
2025-12-25 21:40:00,1174,1174,1174,1174,50
2025-12-25 21:50:00,1174,1174,1173,1173,415
2025-12-25 22:00:00,1177,1180,1177,1180,386
2025-12-25 22:10:00,1179,1179,1179,1179,75
2025-12-25 22:20:00,1179,1179,1179,1179,71
2025-12-25 22:50:00,1179,1179,1179,1179,18
2025-12-25 23:00:00,1179,1179,1179,1179,3
2025-12-25 23:20:00,1177,1177,1177,1177,3
2025-12-25 23:30:00,1177,1177,1177,1177,3
2025-12-25 23:40:00,1178,1178,1177,1177,2
2025-12-26 09:00:00,1177,1181,1175,1181,1011
2025-12-26 09:10:00,1181,1181,1181,1181,9
2025-12-26 09:20:00,1182,1182,1179,1179,501
2025-12-26 09:30:00,1182,1184,1180,1180,93
2025-12-26 09:40:00,1184,1188,1184,1188,667
2025-12-26 09:50:00,1187,1188,1185,1185,394
2025-12-26 10:00:00,1185,1185,1184,1185,33
2025-12-26 10:10:00,1184,1185,1181,1181,438
2025-12-26 10:20:00,1183,1183,1181,1182,102
2025-12-26 10:30:00,1181,1182,1180,1181,547
2025-12-26 10:40:00,1181,1181,1181,1181,61
2025-12-26 10:50:00,1185,1185,1185,1185,118
2025-12-26 11:00:00,1186,1187,1186,1186,99
2025-12-26 11:10:00,1187,1187,1186,1186,251
2025-12-26 11:20:00,1187,1190,1187,1190,178
2025-12-26 11:30:00,1190,1190,1188,1188,291
2025-12-26 11:40:00,1188,1188,1186,1186,61
2025-12-26 11:50:00,1184,1186,1183,1184,68
2025-12-26 12:00:00,1185,1185,1185,1185,19
2025-12-26 12:10:00,1186,1186,1186,1186,84
2025-12-26 12:20:00,1186,1187,1183,1185,484
2025-12-26 12:30:00,1183,1184,1182,1182,157
2025-12-26 12:40:00,1182,1184,1182,1184,76
2025-12-26 12:50:00,1181,1185,1181,1182,488
2025-12-26 13:00:00,1183,1185,1183,1185,65
2025-12-26 13:10:00,1186,1187,1185,1186,65
2025-12-26 13:20:00,1186,1186,1185,1185,159
2025-12-26 13:30:00,1185,1186,1185,1186,127
2025-12-26 13:40:00,1185,1185,1185,1185,7
2025-12-26 13:50:00,1187,1188,1187,1188,120
2025-12-26 14:00:00,1186,1188,1186,1188,207
2025-12-26 14:10:00,1187,1188,1187,1187,328
2025-12-26 14:20:00,1187,1187,1186,1186,131
2025-12-26 14:30:00,1186,1186,1185,1185,200
2025-12-26 14:40:00,1187,1187,1185,1185,101
2025-12-26 14:50:00,1185,1189,1184,1189,450
2025-12-26 15:00:00,1190,1193,1190,1193,601
2025-12-26 15:10:00,1193,1193,1192,1192,851
2025-12-26 15:20:00,1192,1192,1190,1191,377
2025-12-26 15:30:00,1190,1190,1190,1190,4
2025-12-26 15:40:00,1190,1192,1190,1192,1565
2025-12-26 15:50:00,1193,1195,1189,1192,489
2025-12-26 16:00:00,1190,1194,1190,1194,158
2025-12-26 16:10:00,1194,1195,1194,1194,206
2025-12-26 16:20:00,1193,1193,1193,1193,93
2025-12-26 16:30:00,1192,1193,1192,1192,135
2025-12-26 16:40:00,1192,1194,1191,1194,503
2025-12-26 16:50:00,1192,1193,1192,1193,7
2025-12-26 17:00:00,1194,1195,1191,1191,975
2025-12-26 17:20:00,1194,1194,1194,1194,40
2025-12-26 17:40:00,1195,1195,1195,1195,200
2025-12-26 17:50:00,1194,1194,1194,1194,103
2025-12-26 18:00:00,1193,1193,1191,1192,433
2025-12-26 18:10:00,1193,1194,1193,1194,58
2025-12-26 18:20:00,1194,1194,1194,1194,2
2025-12-26 18:30:00,1195,1195,1195,1195,111
2025-12-26 18:40:00,1193,1194,1192,1194,95
2025-12-26 19:10:00,1195,1197,1194,1197,687
2025-12-26 19:30:00,1195,1195,1195,1195,70
2025-12-26 19:50:00,1195,1195,1195,1195,1
2025-12-26 20:00:00,1197,1198,1197,1197,281
2025-12-26 20:10:00,1196,1196,1196,1196,2
2025-12-26 20:20:00,1197,1198,1197,1197,245
2025-12-26 20:30:00,1198,1198,1198,1198,401
2025-12-26 20:40:00,1197,1198,1197,1197,9
2025-12-26 20:50:00,1198,1198,1198,1198,26
2025-12-26 21:00:00,1197,1197,1197,1197,72
2025-12-26 21:10:00,1198,1203,1198,1200,1216
2025-12-26 21:30:00,1198,1199,1198,1199,112
2025-12-26 21:40:00,1197,1197,1197,1197,20
2025-12-26 21:50:00,1197,1197,1197,1197,183
2025-12-26 22:00:00,1198,1198,1198,1198,1
2025-12-26 22:20:00,1196,1200,1196,1198,396
2025-12-26 22:30:00,1200,1200,1198,1198,7
2025-12-26 22:40:00,1199,1201,1198,1198,450
2025-12-26 22:50:00,1199,1199,1199,1199,596
2025-12-26 23:00:00,1200,1200,1200,1200,133
2025-12-26 23:10:00,1200,1202,1200,1202,289
2025-12-26 23:20:00,1202,1204,1202,1202,288
2025-12-26 23:30:00,1203,1204,1202,1202,972
2025-12-26 23:40:00,1201,1203,1201,1202,143
2025-12-27 10:00:00,1200,1207,1200,1206,148
2025-12-27 10:10:00,1204,1207,1204,1207,235
2025-12-27 10:20:00,1204,1207,1202,1202,93
2025-12-27 10:30:00,1203,1203,1202,1202,3
2025-12-27 10:40:00,1203,1203,1203,1203,52
2025-12-27 10:50:00,1203,1203,1203,1203,5
2025-12-27 11:20:00,1202,1202,1202,1202,5
2025-12-27 11:40:00,1203,1203,1203,1203,10
2025-12-27 11:50:00,1204,1204,1204,1204,1
2025-12-27 12:00:00,1206,1208,1205,1205,14
2025-12-27 12:10:00,1206,1208,1206,1208,79
2025-12-27 12:20:00,1207,1207,1206,1206,20
2025-12-27 12:40:00,1206,1206,1206,1206,2
2025-12-27 12:50:00,1206,1206,1205,1205,4
2025-12-27 13:00:00,1205,1205,1205,1205,23
2025-12-27 13:20:00,1205,1205,1205,1205,77
2025-12-27 13:30:00,1205,1205,1203,1203,6
2025-12-27 13:50:00,1203,1206,1203,1206,6
2025-12-27 14:00:00,1206,1206,1206,1206,19
2025-12-27 14:30:00,1205,1205,1205,1205,4
2025-12-27 15:40:00,1204,1204,1204,1204,1
2025-12-27 16:00:00,1205,1205,1205,1205,20
2025-12-27 16:20:00,1204,1204,1204,1204,2
2025-12-27 16:30:00,1204,1204,1204,1204,8
2025-12-27 16:40:00,1203,1203,1203,1203,276
2025-12-27 17:10:00,1203,1203,1202,1202,50
2025-12-27 17:20:00,1202,1202,1202,1202,25
2025-12-27 17:40:00,1202,1202,1202,1202,37
2025-12-27 18:30:00,1204,1204,1202,1203,7
2025-12-27 18:40:00,1202,1202,1202,1202,3
2025-12-28 10:00:00,1202,1202,1197,1199,242
2025-12-28 10:10:00,1198,1198,1198,1198,132
2025-12-28 10:20:00,1197,1197,1197,1197,75
2025-12-28 10:30:00,1194,1196,1194,1196,23
2025-12-28 10:40:00,1194,1194,1194,1194,2
2025-12-28 11:20:00,1196,1196,1196,1196,5
2025-12-28 12:00:00,1197,1197,1197,1197,1
2025-12-28 12:10:00,1199,1199,1198,1198,13
2025-12-28 12:40:00,1198,1198,1198,1198,13
2025-12-28 13:00:00,1197,1197,1196,1196,50
2025-12-28 13:50:00,1196,1196,1196,1196,5
2025-12-28 14:10:00,1198,1198,1198,1198,24
2025-12-28 14:30:00,1199,1199,1199,1199,41
2025-12-28 14:40:00,1199,1202,1199,1202,54
2025-12-28 14:50:00,1200,1200,1200,1200,1
2025-12-28 15:00:00,1202,1202,1199,1199,6
2025-12-28 15:20:00,1202,1202,1199,1199,11
2025-12-28 15:40:00,1202,1205,1202,1204,81
2025-12-28 17:00:00,1202,1202,1195,1202,1251
2025-12-28 17:10:00,1202,1202,1202,1202,8
2025-12-28 17:50:00,1203,1205,1203,1203,1012
2025-12-28 18:30:00,1202,1202,1201,1201,20
2025-12-28 18:40:00,1205,1205,1205,1205,100
2025-12-29 08:50:00,1196,1196,1196,1196,1
2025-12-29 09:00:00,1199,1199,1196,1197,1681
2025-12-29 09:10:00,1198,1198,1192,1195,322
2025-12-29 09:20:00,1195,1195,1195,1195,16
2025-12-29 09:30:00,1195,1195,1194,1194,12
2025-12-29 09:40:00,1196,1196,1195,1196,19
2025-12-29 09:50:00,1195,1195,1193,1193,457
2025-12-29 10:00:00,1194,1197,1192,1197,125
2025-12-29 10:10:00,1198,1203,1198,1200,1812
2025-12-29 10:20:00,1199,1200,1199,1200,604
2025-12-29 10:30:00,1198,1198,1198,1198,10
2025-12-29 10:40:00,1197,1200,1197,1200,99
2025-12-29 10:50:00,1200,1200,1198,1198,11
2025-12-29 11:00:00,1197,1197,1197,1197,150
2025-12-29 11:10:00,1198,1202,1198,1202,91
2025-12-29 11:20:00,1200,1205,1200,1205,286
2025-12-29 11:30:00,1206,1208,1205,1205,407
2025-12-29 11:40:00,1206,1213,1206,1213,2200
2025-12-29 11:50:00,1213,1222,1213,1221,695
2025-12-29 12:00:00,1221,1227,1210,1212,2156
2025-12-29 12:10:00,1213,1214,1211,1211,800
2025-12-29 12:20:00,1212,1215,1208,1210,1422
2025-12-29 12:30:00,1213,1213,1210,1212,164
2025-12-29 12:40:00,1210,1211,1208,1208,395
2025-12-29 12:50:00,1211,1214,1211,1214,97
2025-12-29 13:00:00,1214,1215,1213,1215,92
2025-12-29 13:10:00,1213,1213,1211,1211,820
2025-12-29 13:20:00,1214,1214,1212,1214,155
2025-12-29 13:30:00,1214,1216,1214,1216,532
2025-12-29 13:50:00,1214,1215,1214,1214,465
2025-12-29 14:00:00,1215,1215,1214,1214,22
2025-12-29 14:10:00,1214,1215,1214,1215,10
2025-12-29 14:20:00,1214,1214,1212,1214,374
2025-12-29 14:30:00,1213,1213,1212,1212,33
2025-12-29 14:40:00,1212,1212,1211,1211,100
2025-12-29 14:50:00,1212,1212,1212,1212,75
2025-12-29 15:00:00,1212,1213,1212,1213,27
2025-12-29 15:10:00,1212,1212,1212,1212,16
2025-12-29 15:20:00,1212,1212,1208,1210,2205
2025-12-29 15:30:00,1210,1210,1210,1210,38
2025-12-29 15:40:00,1210,1213,1210,1213,595
2025-12-29 15:50:00,1208,1210,1208,1210,130
2025-12-29 16:00:00,1210,1210,1207,1207,395
2025-12-29 16:10:00,1207,1209,1206,1207,450
2025-12-29 16:20:00,1206,1206,1203,1206,437
2025-12-29 16:30:00,1204,1205,1202,1204,566
2025-12-29 16:40:00,1204,1205,1202,1202,87
2025-12-29 16:50:00,1202,1202,1200,1201,389
2025-12-29 17:00:00,1201,1201,1197,1199,1161
2025-12-29 17:10:00,1198,1198,1198,1198,3
2025-12-29 17:30:00,1200,1201,1199,1201,98
2025-12-29 17:40:00,1202,1203,1202,1202,1101
2025-12-29 17:50:00,1200,1200,1196,1200,2743
2025-12-29 18:10:00,1199,1199,1189,1194,1833
2025-12-29 18:20:00,1194,1194,1192,1193,168
2025-12-29 18:30:00,1192,1193,1189,1189,1774
2025-12-29 18:40:00,1193,1200,1192,1200,290
2025-12-29 19:00:00,1192,1194,1192,1192,24
2025-12-29 19:10:00,1192,1194,1189,1190,37
2025-12-29 19:20:00,1191,1195,1189,1195,688
2025-12-29 19:30:00,1195,1195,1190,1190,471
2025-12-29 19:40:00,1191,1191,1191,1191,2
2025-12-29 19:50:00,1194,1194,1193,1193,10
2025-12-29 20:00:00,1193,1195,1193,1194,44
2025-12-29 20:10:00,1195,1195,1193,1193,137
2025-12-29 20:20:00,1196,1196,1195,1195,128
2025-12-29 20:40:00,1196,1196,1196,1196,10
2025-12-29 21:00:00,1197,1198,1197,1198,42
2025-12-29 21:10:00,1195,1195,1195,1195,31
2025-12-29 21:20:00,1196,1196,1195,1195,86
2025-12-29 21:30:00,1197,1197,1197,1197,1
2025-12-29 21:40:00,1197,1197,1197,1197,1
2025-12-29 22:00:00,1195,1195,1195,1195,8
2025-12-29 22:30:00,1196,1196,1196,1196,1
2025-12-29 22:40:00,1195,1195,1195,1195,1
2025-12-29 22:50:00,1195,1195,1195,1195,4
2025-12-29 23:20:00,1195,1195,1195,1195,50
2025-12-29 23:30:00,1195,1195,1195,1195,2
2025-12-29 23:40:00,1195,1195,1195,1195,15
2025-12-30 08:50:00,1196,1196,1196,1196,400
2025-12-30 09:00:00,1196,1202,1195,1195,1091
2025-12-30 09:10:00,1195,1198,1195,1198,274
2025-12-30 09:20:00,1199,1199,1198,1199,178
2025-12-30 09:30:00,1197,1197,1197,1197,18
2025-12-30 09:40:00,1195,1197,1195,1197,863
2025-12-30 10:00:00,1196,1196,1194,1195,1155
2025-12-30 10:10:00,1195,1195,1195,1195,360
2025-12-30 10:20:00,1196,1198,1196,1197,78
2025-12-30 10:30:00,1196,1196,1194,1194,54
2025-12-30 10:40:00,1195,1197,1195,1197,242
2025-12-30 10:50:00,1196,1196,1196,1196,4
2025-12-30 11:00:00,1197,1197,1197,1197,10
2025-12-30 11:10:00,1196,1196,1196,1196,92
2025-12-30 11:20:00,1194,1194,1194,1194,26
2025-12-30 11:30:00,1193,1195,1193,1195,1089
2025-12-30 11:50:00,1195,1195,1195,1195,56
2025-12-30 12:00:00,1197,1197,1196,1196,107
2025-12-30 12:10:00,1195,1196,1195,1195,190
2025-12-30 12:30:00,1199,1199,1199,1199,151
2025-12-30 12:40:00,1199,1199,1196,1196,946
2025-12-30 12:50:00,1199,1199,1199,1199,1
2025-12-30 13:00:00,1199,1200,1199,1199,95
2025-12-30 13:10:00,1200,1200,1200,1200,16
2025-12-30 13:20:00,1200,1200,1200,1200,220
2025-12-30 13:40:00,1200,1200,1200,1200,316
2025-12-30 13:50:00,1202,1204,1201,1201,1084
2025-12-30 14:10:00,1201,1203,1201,1203,276
2025-12-30 14:20:00,1202,1202,1200,1200,276
2025-12-30 14:30:00,1201,1203,1201,1203,27
2025-12-30 14:40:00,1201,1204,1201,1203,168
2025-12-30 15:00:00,1202,1202,1202,1202,25
2025-12-30 15:20:00,1203,1205,1203,1203,545
2025-12-30 15:30:00,1204,1204,1203,1203,53
2025-12-30 15:40:00,1203,1203,1202,1202,28
2025-12-30 16:00:00,1204,1206,1204,1205,682
2025-12-30 16:10:00,1206,1206,1206,1206,20
2025-12-30 16:20:00,1203,1203,1203,1203,173
2025-12-30 16:30:00,1203,1203,1203,1203,26
2025-12-30 16:50:00,1202,1202,1202,1202,116
2025-12-30 17:00:00,1205,1206,1205,1205,693
2025-12-30 17:10:00,1205,1205,1205,1205,10
2025-12-30 17:30:00,1205,1205,1205,1205,26
2025-12-30 17:40:00,1204,1204,1201,1201,239
2025-12-30 17:50:00,1200,1200,1199,1199,264
2025-12-30 18:00:00,1199,1199,1199,1199,223
2025-12-30 18:10:00,1199,1201,1199,1201,19
2025-12-30 18:20:00,1201,1202,1200,1202,153
2025-12-30 18:30:00,1201,1202,1200,1201,136
2025-12-30 18:40:00,1200,1200,1200,1200,79
2025-12-30 19:00:00,1204,1204,1201,1202,7
2025-12-30 19:10:00,1201,1201,1199,1200,103
2025-12-30 19:20:00,1200,1200,1200,1200,3
2025-12-30 19:40:00,1200,1200,1198,1198,6
2025-12-30 19:50:00,1200,1200,1200,1200,89
2025-12-30 20:00:00,1200,1200,1200,1200,61
2025-12-30 20:10:00,1198,1198,1198,1198,69
2025-12-30 20:20:00,1198,1198,1198,1198,127
2025-12-30 20:30:00,1198,1198,1198,1198,35
2025-12-30 20:50:00,1197,1197,1192,1192,135
2025-12-30 21:00:00,1192,1194,1192,1194,683
2025-12-30 21:10:00,1192,1195,1192,1195,52
2025-12-30 21:30:00,1195,1195,1195,1195,10
2025-12-30 21:40:00,1195,1195,1195,1195,10
2025-12-30 22:00:00,1196,1196,1196,1196,10
2025-12-30 22:20:00,1196,1196,1196,1196,938
2025-12-30 22:30:00,1197,1197,1197,1197,76
2025-12-30 22:40:00,1196,1198,1195,1198,1841
2025-12-30 22:50:00,1194,1194,1194,1194,1
2025-12-30 23:00:00,1195,1195,1195,1195,26
2025-12-30 23:10:00,1196,1196,1194,1194,43
2025-12-30 23:20:00,1194,1194,1194,1194,190
2025-12-30 23:30:00,1195,1195,1195,1195,20
2025-12-30 23:40:00,1195,1198,1195,1197,350
2026-01-05 09:00:00,1190,1210,1157,1189,4701
2026-01-05 09:10:00,1188,1189,1188,1189,23
2026-01-05 09:20:00,1187,1187,1187,1187,2
2026-01-05 09:30:00,1187,1187,1184,1186,454
2026-01-05 09:40:00,1186,1188,1186,1187,267
2026-01-05 09:50:00,1188,1189,1186,1186,77
2026-01-05 10:00:00,1186,1187,1185,1185,376
2026-01-05 10:10:00,1189,1190,1187,1189,536
2026-01-05 10:20:00,1189,1192,1189,1191,135
2026-01-05 10:30:00,1192,1192,1192,1192,10
2026-01-05 10:40:00,1190,1190,1190,1190,116
2026-01-05 10:50:00,1190,1190,1190,1190,1
2026-01-05 11:00:00,1189,1189,1186,1186,625
2026-01-05 11:20:00,1186,1188,1185,1188,224
2026-01-05 11:30:00,1188,1190,1188,1190,70
2026-01-05 11:50:00,1190,1190,1190,1190,25
2026-01-05 12:00:00,1192,1193,1192,1193,2
2026-01-05 12:10:00,1192,1192,1192,1192,2
2026-01-05 12:20:00,1190,1192,1190,1192,62
2026-01-05 12:30:00,1192,1192,1192,1192,5
2026-01-05 12:40:00,1191,1192,1190,1192,363
2026-01-05 12:50:00,1192,1192,1190,1190,929
2026-01-05 13:00:00,1190,1190,1190,1190,934
2026-01-05 13:10:00,1190,1190,1190,1190,36
2026-01-05 13:30:00,1189,1191,1189,1189,25
2026-01-05 13:40:00,1191,1191,1191,1191,1
2026-01-05 14:00:00,1189,1189,1189,1189,5
2026-01-05 14:10:00,1188,1188,1188,1188,18
2026-01-05 14:30:00,1190,1192,1190,1192,110
2026-01-05 14:50:00,1190,1192,1190,1192,257
2026-01-05 15:00:00,1190,1190,1189,1189,13
2026-01-05 15:10:00,1190,1190,1190,1190,3
2026-01-05 15:20:00,1191,1191,1191,1191,15
2026-01-05 15:30:00,1192,1193,1189,1189,158
2026-01-05 15:40:00,1190,1192,1190,1192,31
2026-01-05 15:50:00,1191,1191,1191,1191,2
2026-01-05 16:00:00,1192,1193,1192,1193,226
2026-01-05 16:10:00,1193,1193,1193,1193,14
2026-01-05 16:50:00,1191,1192,1191,1192,53
2026-01-05 17:00:00,1192,1192,1192,1192,100
2026-01-05 17:10:00,1192,1192,1192,1192,69
2026-01-05 17:20:00,1192,1192,1192,1192,50
2026-01-05 17:50:00,1194,1194,1194,1194,10
2026-01-05 18:00:00,1194,1194,1194,1194,133
2026-01-05 19:20:00,1193,1193,1193,1193,2
2026-01-05 19:30:00,1193,1193,1193,1193,48
2026-01-05 19:40:00,1193,1194,1193,1194,780
2026-01-05 20:00:00,1191,1192,1191,1192,12
2026-01-05 20:20:00,1190,1192,1190,1192,40
2026-01-05 20:50:00,1191,1191,1190,1190,60
2026-01-05 21:00:00,1191,1191,1191,1191,10
2026-01-05 21:30:00,1191,1191,1189,1189,43
2026-01-05 21:40:00,1190,1190,1190,1190,1
2026-01-05 22:00:00,1190,1190,1190,1190,1
2026-01-05 22:40:00,1189,1189,1188,1188,20
2026-01-05 22:50:00,1188,1188,1188,1188,200
2026-01-05 23:00:00,1190,1190,1188,1188,6
2026-01-05 23:10:00,1191,1191,1191,1191,101
2026-01-05 23:20:00,1190,1190,1190,1190,2
2026-01-05 23:30:00,1189,1190,1189,1190,18
2026-01-05 23:40:00,1190,1190,1190,1190,98
2026-01-06 09:00:00,1189,1189,1188,1188,100
2026-01-06 09:10:00,1191,1191,1191,1191,93
2026-01-06 09:20:00,1192,1194,1191,1193,95
2026-01-06 09:30:00,1194,1195,1193,1193,22
2026-01-06 09:40:00,1191,1195,1191,1195,85
2026-01-06 10:00:00,1192,1192,1192,1192,24
2026-01-06 10:10:00,1191,1191,1191,1191,3
2026-01-06 10:30:00,1191,1192,1191,1192,24
2026-01-06 10:40:00,1193,1193,1193,1193,1
2026-01-06 10:50:00,1193,1193,1193,1193,10
2026-01-06 11:00:00,1193,1193,1193,1193,670
2026-01-06 11:30:00,1193,1193,1193,1193,20
2026-01-06 11:40:00,1194,1194,1194,1194,35
2026-01-06 12:00:00,1192,1195,1192,1192,31
2026-01-06 12:10:00,1192,1192,1192,1192,2
2026-01-06 12:20:00,1191,1191,1188,1188,780
2026-01-06 12:40:00,1192,1192,1192,1192,10
2026-01-06 13:00:00,1190,1190,1190,1190,26
2026-01-06 13:10:00,1192,1192,1192,1192,5
2026-01-06 13:20:00,1192,1192,1192,1192,191
2026-01-06 13:40:00,1191,1191,1191,1191,1
2026-01-06 14:00:00,1190,1192,1190,1192,2
2026-01-06 14:20:00,1190,1190,1189,1190,71
2026-01-06 14:40:00,1188,1188,1188,1188,10
2026-01-06 15:00:00,1189,1189,1188,1188,3
2026-01-06 15:10:00,1187,1187,1185,1185,112
2026-01-06 15:30:00,1188,1188,1187,1187,100
2026-01-06 16:10:00,1187,1187,1187,1187,740
2026-01-06 16:30:00,1188,1188,1187,1187,71
2026-01-06 16:40:00,1186,1186,1186,1186,1
2026-01-06 16:50:00,1185,1185,1185,1185,26
2026-01-06 17:00:00,1184,1184,1182,1182,513
2026-01-06 17:10:00,1183,1183,1182,1182,148
2026-01-06 17:20:00,1182,1183,1182,1182,91
2026-01-06 17:30:00,1183,1183,1183,1183,1
2026-01-06 17:50:00,1183,1183,1183,1183,7
2026-01-06 18:00:00,1184,1187,1184,1187,323
2026-01-06 18:20:00,1184,1184,1178,1182,2432
2026-01-06 18:30:00,1178,1182,1178,1182,177
2026-01-06 18:40:00,1182,1182,1180,1180,41
2026-01-06 19:00:00,1182,1182,1181,1182,349
2026-01-06 19:10:00,1181,1182,1181,1181,395
2026-01-06 19:20:00,1182,1182,1182,1182,216
2026-01-06 19:30:00,1182,1183,1182,1183,198
2026-01-06 19:40:00,1181,1181,1177,1181,252
2026-01-06 19:50:00,1179,1180,1179,1180,2
2026-01-06 20:10:00,1179,1182,1179,1182,26
2026-01-06 20:20:00,1182,1182,1182,1182,36
2026-01-06 21:00:00,1181,1182,1181,1182,25
2026-01-06 21:10:00,1182,1182,1182,1182,4
2026-01-06 21:20:00,1182,1182,1182,1182,5
2026-01-06 21:30:00,1183,1183,1182,1183,53
2026-01-06 21:40:00,1181,1181,1179,1179,400
2026-01-06 22:00:00,1182,1182,1182,1182,2
2026-01-06 22:20:00,1180,1180,1179,1179,193
2026-01-06 22:40:00,1182,1182,1182,1182,5
2026-01-06 22:50:00,1183,1184,1183,1184,180
2026-01-08 09:00:00,1176,1176,1173,1174,452
2026-01-08 09:10:00,1173,1173,1169,1170,951
2026-01-08 09:20:00,1172,1173,1170,1173,1257
2026-01-08 09:30:00,1174,1174,1172,1173,37
2026-01-08 09:40:00,1173,1173,1170,1173,305
2026-01-08 10:00:00,1173,1173,1170,1173,268
2026-01-08 10:10:00,1173,1174,1173,1174,77
2026-01-08 10:20:00,1174,1176,1174,1176,559
2026-01-08 10:30:00,1176,1176,1176,1176,2
2026-01-08 10:40:00,1176,1176,1172,1172,351
2026-01-08 11:00:00,1173,1173,1173,1173,2
2026-01-08 11:10:00,1173,1174,1173,1174,38
2026-01-08 11:20:00,1173,1173,1173,1173,1
2026-01-08 11:30:00,1173,1173,1173,1173,4
2026-01-08 11:50:00,1174,1175,1174,1175,475
2026-01-08 12:20:00,1179,1179,1179,1179,150
2026-01-08 12:30:00,1176,1176,1176,1176,1
2026-01-08 12:50:00,1177,1177,1177,1177,184
2026-01-08 13:00:00,1177,1177,1177,1177,16
2026-01-08 13:10:00,1176,1176,1175,1175,21
2026-01-08 13:20:00,1174,1174,1174,1174,1
2026-01-08 13:30:00,1174,1174,1174,1174,11
2026-01-08 13:50:00,1174,1174,1174,1174,10
2026-01-08 14:00:00,1173,1173,1172,1172,800
2026-01-08 14:10:00,1173,1173,1173,1173,1
2026-01-08 14:30:00,1174,1174,1170,1172,1027
2026-01-08 14:40:00,1171,1171,1171,1171,26
2026-01-08 14:50:00,1171,1171,1171,1171,27
2026-01-08 15:00:00,1172,1172,1170,1171,377
2026-01-08 15:10:00,1170,1171,1170,1171,78
2026-01-08 15:20:00,1171,1173,1171,1173,741
2026-01-08 15:30:00,1173,1173,1173,1173,1
2026-01-08 16:00:00,1171,1172,1171,1172,88
2026-01-08 16:20:00,1170,1172,1168,1172,970
2026-01-08 16:30:00,1172,1172,1172,1172,5
2026-01-08 16:50:00,1172,1172,1172,1172,1
2026-01-08 17:00:00,1169,1169,1168,1168,520
2026-01-08 17:10:00,1170,1170,1170,1170,18
2026-01-08 17:20:00,1170,1170,1170,1170,63
2026-01-08 17:30:00,1171,1171,1171,1171,5
2026-01-08 17:40:00,1172,1172,1169,1169,301
2026-01-08 17:50:00,1173,1174,1173,1174,502
2026-01-08 18:00:00,1174,1174,1173,1173,70
2026-01-08 18:30:00,1173,1173,1171,1171,42
2026-01-08 18:40:00,1171,1173,1168,1173,399
2026-01-08 19:10:00,1173,1173,1172,1172,13
2026-01-08 19:20:00,1172,1172,1172,1172,40
2026-01-08 20:30:00,1174,1174,1172,1172,116
2026-01-08 21:00:00,1174,1174,1174,1174,45
2026-01-08 21:30:00,1173,1173,1173,1173,12
2026-01-08 22:00:00,1174,1174,1174,1174,86
2026-01-08 22:10:00,1174,1174,1174,1174,20
2026-01-08 22:30:00,1172,1172,1172,1172,1
2026-01-08 23:20:00,1171,1171,1171,1171,14
2026-01-08 23:40:00,1173,1173,1173,1173,184
2026-01-09 09:00:00,1173,1175,1173,1175,264
2026-01-09 09:10:00,1176,1177,1175,1175,71
2026-01-09 09:20:00,1175,1175,1172,1172,143
2026-01-09 09:30:00,1172,1172,1172,1172,27
2026-01-09 09:40:00,1172,1172,1172,1172,5
2026-01-09 09:50:00,1174,1174,1174,1174,7
2026-01-09 10:00:00,1174,1175,1174,1174,218
2026-01-09 10:10:00,1174,1174,1174,1174,27
2026-01-09 10:20:00,1174,1174,1174,1174,27
2026-01-09 10:30:00,1174,1174,1174,1174,143
2026-01-09 10:50:00,1174,1176,1174,1176,286
2026-01-09 11:00:00,1174,1176,1174,1175,14
2026-01-09 11:10:00,1177,1178,1175,1175,355
2026-01-09 11:20:00,1176,1176,1176,1176,1
2026-01-09 11:30:00,1177,1177,1177,1177,100
2026-01-09 11:40:00,1177,1177,1177,1177,27
2026-01-09 11:50:00,1175,1175,1175,1175,100
2026-01-09 12:00:00,1176,1176,1175,1175,159
2026-01-09 12:20:00,1176,1176,1176,1176,6
2026-01-09 13:10:00,1176,1177,1176,1176,56
2026-01-09 13:20:00,1176,1176,1176,1176,19
2026-01-09 13:30:00,1177,1177,1177,1177,109
2026-01-09 13:40:00,1177,1177,1177,1177,1
2026-01-09 13:50:00,1176,1177,1175,1177,21
2026-01-09 14:00:00,1178,1178,1178,1178,1
2026-01-09 14:10:00,1177,1177,1176,1176,10
2026-01-09 14:20:00,1175,1177,1175,1177,38
2026-01-09 14:30:00,1177,1177,1175,1175,3
2026-01-09 14:50:00,1175,1175,1175,1175,5
2026-01-09 15:10:00,1176,1176,1176,1176,327
2026-01-09 15:20:00,1176,1176,1176,1176,8
2026-01-09 15:30:00,1177,1177,1177,1177,9
2026-01-09 16:30:00,1176,1176,1176,1176,5
2026-01-09 16:40:00,1176,1176,1176,1176,6
2026-01-09 16:50:00,1176,1176,1176,1176,2
2026-01-09 17:10:00,1176,1177,1174,1177,68
2026-01-09 17:30:00,1174,1174,1170,1171,2102
2026-01-09 17:40:00,1173,1175,1173,1175,400
2026-01-09 18:00:00,1175,1175,1175,1175,70
2026-01-09 18:20:00,1175,1175,1175,1175,80
2026-01-09 18:30:00,1173,1174,1173,1174,12
2026-01-09 18:40:00,1174,1174,1174,1174,16
2026-01-09 19:20:00,1172,1172,1172,1172,2
2026-01-09 19:40:00,1173,1173,1173,1173,100
2026-01-09 20:00:00,1173,1173,1173,1173,1
2026-01-09 20:10:00,1173,1173,1173,1173,250
2026-01-09 21:40:00,1172,1172,1172,1172,101
2026-01-09 22:00:00,1172,1172,1172,1172,10
2026-01-09 22:20:00,1171,1171,1169,1171,56
2026-01-09 22:30:00,1171,1171,1171,1171,1
2026-01-09 23:10:00,1171,1171,1171,1171,20
2026-01-09 23:20:00,1171,1173,1171,1173,300
2026-01-09 23:30:00,1169,1169,1169,1169,20
2026-01-09 23:40:00,1170,1170,1169,1169,35
2026-01-12 09:00:00,1171,1175,1171,1174,298
2026-01-12 09:10:00,1174,1174,1173,1173,119
2026-01-12 09:20:00,1173,1175,1173,1173,13
2026-01-12 09:30:00,1175,1175,1175,1175,30
2026-01-12 09:40:00,1174,1174,1174,1174,2
2026-01-12 10:00:00,1174,1179,1174,1179,14
2026-01-12 10:10:00,1178,1179,1176,1176,829
2026-01-12 10:20:00,1176,1177,1176,1176,542
2026-01-12 10:30:00,1175,1175,1175,1175,20
2026-01-12 10:40:00,1176,1177,1176,1177,23
2026-01-12 10:50:00,1177,1177,1176,1176,243
2026-01-12 11:00:00,1177,1179,1176,1177,941
2026-01-12 11:10:00,1177,1177,1176,1176,25
2026-01-12 11:20:00,1177,1179,1174,1176,1652
2026-01-12 11:30:00,1174,1174,1174,1174,101
2026-01-12 11:50:00,1175,1176,1175,1176,52
2026-01-12 12:00:00,1177,1179,1176,1176,1614
2026-01-12 12:20:00,1177,1177,1177,1177,10
2026-01-12 12:30:00,1178,1179,1178,1179,157
2026-01-12 12:50:00,1179,1179,1179,1179,6
2026-01-12 13:00:00,1179,1179,1179,1179,20
2026-01-12 13:10:00,1179,1179,1179,1179,3
2026-01-12 13:20:00,1179,1179,1178,1178,941
2026-01-12 13:30:00,1177,1178,1177,1177,1211
2026-01-12 13:40:00,1177,1177,1177,1177,289
2026-01-12 13:50:00,1175,1175,1175,1175,1
2026-01-12 14:00:00,1174,1174,1174,1174,71
2026-01-12 14:10:00,1173,1173,1172,1172,34
2026-01-12 14:20:00,1173,1176,1173,1175,440
2026-01-12 14:30:00,1176,1176,1176,1176,40
2026-01-12 14:40:00,1175,1175,1174,1174,84
2026-01-12 14:50:00,1175,1176,1175,1175,613
2026-01-12 15:00:00,1174,1174,1173,1173,100
2026-01-12 15:10:00,1173,1175,1173,1175,9
2026-01-12 15:20:00,1175,1175,1175,1175,25
2026-01-12 15:50:00,1175,1175,1175,1175,1
2026-01-12 16:00:00,1175,1176,1175,1176,490
2026-01-12 16:30:00,1176,1176,1176,1176,100
2026-01-12 16:50:00,1178,1178,1176,1178,357
2026-01-12 17:00:00,1178,1178,1176,1176,217
2026-01-12 17:10:00,1176,1178,1176,1178,23
2026-01-12 17:20:00,1176,1176,1174,1174,384
2026-01-12 17:30:00,1175,1176,1175,1176,51
2026-01-12 17:50:00,1173,1173,1173,1173,2
2026-01-12 18:00:00,1173,1173,1172,1172,242
2026-01-12 18:10:00,1174,1174,1174,1174,1
2026-01-12 18:20:00,1173,1173,1173,1173,117
2026-01-12 18:30:00,1175,1175,1175,1175,82
2026-01-12 18:40:00,1174,1174,1174,1174,10
2026-01-12 19:10:00,1173,1173,1173,1173,24
2026-01-12 19:40:00,1173,1173,1173,1173,6
2026-01-12 20:00:00,1172,1172,1172,1172,10
2026-01-12 20:20:00,1174,1174,1174,1174,4
2026-01-12 20:50:00,1173,1173,1172,1172,200
2026-01-12 21:10:00,1172,1172,1163,1168,1461
2026-01-12 21:20:00,1168,1171,1167,1170,742
2026-01-12 21:40:00,1170,1170,1170,1170,2
2026-01-12 22:10:00,1170,1170,1170,1170,386
2026-01-12 22:30:00,1171,1171,1171,1171,1
2026-01-12 22:50:00,1171,1171,1170,1170,11
2026-01-12 23:20:00,1172,1172,1170,1170,926
2026-01-12 23:30:00,1170,1170,1170,1170,238
2026-01-12 23:40:00,1171,1173,1171,1171,67
2026-01-13 09:00:00,1171,1171,1169,1169,853
2026-01-13 09:10:00,1167,1169,1167,1167,53
2026-01-13 09:20:00,1169,1169,1169,1169,7
2026-01-13 09:30:00,1172,1173,1172,1173,110
2026-01-13 09:40:00,1169,1169,1167,1168,5
2026-01-13 09:50:00,1170,1170,1167,1170,40
2026-01-13 10:00:00,1170,1170,1168,1168,62
2026-01-13 10:10:00,1168,1168,1163,1167,733
2026-01-13 10:20:00,1168,1168,1166,1166,32
2026-01-13 10:30:00,1165,1165,1165,1165,4
2026-01-13 10:40:00,1165,1165,1164,1164,27
2026-01-13 10:50:00,1165,1165,1165,1165,1
2026-01-13 11:00:00,1165,1165,1165,1165,115
2026-01-13 11:20:00,1163,1163,1161,1161,549
2026-01-13 11:30:00,1161,1161,1159,1161,517
2026-01-13 11:40:00,1162,1164,1162,1164,419
2026-01-13 11:50:00,1163,1163,1162,1163,114
2026-01-13 12:00:00,1162,1162,1157,1162,734
2026-01-13 12:10:00,1160,1160,1160,1160,394
2026-01-13 12:20:00,1159,1159,1159,1159,110
2026-01-13 12:30:00,1160,1160,1160,1160,27
2026-01-13 12:50:00,1162,1163,1161,1163,35
2026-01-13 13:10:00,1161,1164,1161,1164,283
2026-01-13 13:20:00,1162,1164,1161,1163,214
2026-01-13 13:30:00,1163,1164,1163,1163,306
2026-01-13 13:40:00,1163,1163,1161,1161,205
2026-01-13 13:50:00,1160,1160,1160,1160,10
2026-01-13 14:00:00,1160,1160,1159,1159,13
2026-01-13 14:10:00,1160,1162,1159,1162,268
2026-01-13 14:20:00,1160,1165,1160,1164,389
2026-01-13 14:30:00,1165,1165,1165,1165,12
2026-01-13 14:40:00,1163,1163,1163,1163,10
2026-01-13 15:10:00,1163,1163,1163,1163,100
2026-01-13 15:20:00,1163,1163,1163,1163,282
2026-01-13 15:40:00,1163,1163,1161,1161,397
2026-01-13 15:50:00,1162,1162,1162,1162,2
2026-01-13 16:00:00,1164,1164,1163,1163,154
2026-01-13 16:10:00,1166,1172,1164,1170,628
2026-01-13 16:20:00,1170,1172,1170,1170,634
2026-01-13 16:30:00,1172,1172,1170,1170,3
2026-01-13 16:50:00,1169,1169,1166,1166,19
2026-01-13 17:00:00,1166,1166,1166,1166,2
2026-01-13 17:10:00,1167,1167,1167,1167,2
2026-01-13 17:30:00,1167,1167,1165,1165,14
2026-01-13 17:40:00,1165,1165,1165,1165,98
2026-01-13 17:50:00,1166,1166,1166,1166,6
2026-01-13 18:00:00,1165,1166,1164,1166,58
2026-01-13 18:10:00,1164,1164,1163,1163,28
2026-01-13 18:20:00,1162,1162,1162,1162,42
2026-01-13 18:30:00,1163,1164,1163,1164,99
2026-01-13 19:00:00,1163,1163,1163,1163,23
2026-01-13 19:30:00,1165,1166,1164,1166,776
2026-01-13 19:40:00,1165,1165,1165,1165,89
2026-01-13 20:00:00,1165,1165,1165,1165,1
2026-01-13 20:20:00,1166,1166,1166,1166,231
2026-01-13 20:40:00,1166,1166,1166,1166,14
2026-01-13 20:50:00,1164,1164,1164,1164,25
2026-01-13 21:00:00,1163,1164,1162,1163,43
2026-01-13 21:20:00,1163,1163,1163,1163,29
2026-01-13 21:30:00,1166,1166,1166,1166,60
2026-01-13 21:50:00,1166,1166,1166,1166,3
2026-01-13 22:00:00,1165,1165,1165,1165,5
2026-01-13 22:10:00,1165,1165,1163,1163,141
2026-01-13 22:20:00,1164,1165,1164,1165,39
2026-01-13 22:30:00,1165,1166,1165,1166,135
2026-01-13 23:00:00,1165,1165,1165,1165,4
2026-01-13 23:10:00,1165,1165,1165,1165,86
2026-01-13 23:20:00,1166,1166,1166,1166,26
2026-01-13 23:30:00,1165,1165,1164,1165,89
2026-01-13 23:40:00,1166,1166,1166,1166,1
2026-01-14 09:00:00,1164,1164,1164,1164,4
2026-01-14 09:10:00,1162,1162,1160,1160,130
2026-01-14 09:20:00,1160,1162,1150,1157,2267
2026-01-14 09:30:00,1156,1156,1155,1156,98
2026-01-14 09:40:00,1157,1157,1156,1157,757
2026-01-14 09:50:00,1156,1156,1156,1156,267
2026-01-14 10:00:00,1156,1156,1145,1145,3003
2026-01-14 10:10:00,1145,1145,1129,1139,7393
2026-01-14 10:20:00,1140,1144,1135,1141,4305
2026-01-14 10:30:00,1141,1147,1141,1147,473
2026-01-14 10:40:00,1148,1149,1148,1149,37
2026-01-14 10:50:00,1149,1150,1147,1147,177
2026-01-14 11:00:00,1147,1149,1147,1149,58
2026-01-14 11:10:00,1150,1151,1150,1151,100
2026-01-14 11:20:00,1153,1157,1153,1155,1248
2026-01-14 11:30:00,1155,1166,1154,1156,3316
2026-01-14 11:40:00,1157,1163,1157,1159,1971
2026-01-14 11:50:00,1160,1161,1158,1160,194
2026-01-14 12:00:00,1161,1164,1160,1161,159
2026-01-14 12:10:00,1161,1162,1160,1160,165
2026-01-14 12:20:00,1163,1165,1163,1165,82
2026-01-14 12:30:00,1165,1165,1163,1164,114
2026-01-14 12:40:00,1165,1166,1163,1164,563
2026-01-14 12:50:00,1164,1165,1161,1165,169
2026-01-14 13:00:00,1160,1161,1158,1161,829
2026-01-14 13:10:00,1160,1161,1158,1158,36
2026-01-14 13:20:00,1159,1160,1158,1158,7
2026-01-14 13:30:00,1158,1158,1158,1158,1
2026-01-14 13:40:00,1157,1157,1153,1154,177
2026-01-14 13:50:00,1153,1155,1153,1155,459
2026-01-14 14:00:00,1155,1155,1155,1155,20
2026-01-14 14:10:00,1155,1156,1154,1154,4
2026-01-14 14:20:00,1155,1155,1154,1154,26
2026-01-14 14:40:00,1155,1155,1155,1155,4
2026-01-14 14:50:00,1157,1157,1155,1155,526
2026-01-14 15:00:00,1158,1159,1158,1159,127
2026-01-14 15:10:00,1159,1159,1156,1156,72
2026-01-14 15:20:00,1157,1159,1157,1159,110
2026-01-14 15:30:00,1158,1158,1158,1158,3
2026-01-14 15:40:00,1156,1156,1156,1156,3
2026-01-14 15:50:00,1157,1157,1157,1157,10
2026-01-14 16:00:00,1155,1157,1155,1155,135
2026-01-14 16:10:00,1156,1156,1154,1154,3
2026-01-14 16:20:00,1153,1153,1150,1153,700
2026-01-14 16:30:00,1152,1154,1152,1154,12
2026-01-14 16:40:00,1154,1154,1154,1154,2
2026-01-14 16:50:00,1154,1155,1154,1154,454
2026-01-14 17:00:00,1154,1158,1154,1158,567
2026-01-14 17:10:00,1159,1159,1157,1157,104
2026-01-14 17:30:00,1158,1158,1156,1156,55
2026-01-14 17:40:00,1156,1158,1156,1156,113
2026-01-14 17:50:00,1156,1156,1151,1151,281
2026-01-14 18:00:00,1151,1155,1151,1153,8
2026-01-14 18:10:00,1154,1154,1154,1154,10
2026-01-14 18:20:00,1156,1156,1153,1153,500
2026-01-14 18:30:00,1153,1153,1152,1152,335
2026-01-14 18:40:00,1154,1154,1154,1154,30
2026-01-14 19:00:00,1153,1153,1149,1150,658
2026-01-14 19:10:00,1151,1153,1151,1153,11
2026-01-14 19:20:00,1150,1150,1149,1149,25
2026-01-14 19:30:00,1150,1150,1150,1150,4
2026-01-14 19:40:00,1152,1152,1152,1152,2
2026-01-14 20:00:00,1149,1151,1149,1151,24
2026-01-14 20:10:00,1149,1151,1149,1151,12
2026-01-14 20:20:00,1151,1151,1151,1151,1
2026-01-14 20:40:00,1153,1153,1153,1153,2
2026-01-14 21:10:00,1153,1153,1153,1153,6
2026-01-14 21:20:00,1153,1153,1153,1153,28
2026-01-14 21:50:00,1154,1155,1154,1155,58
2026-01-14 22:10:00,1153,1153,1153,1153,5
2026-01-14 22:30:00,1155,1156,1155,1156,82
2026-01-14 22:40:00,1156,1156,1156,1156,93
2026-01-14 22:50:00,1156,1156,1156,1156,55
2026-01-14 23:00:00,1158,1158,1157,1157,210
2026-01-14 23:10:00,1157,1157,1157,1157,30
2026-01-14 23:20:00,1157,1157,1157,1157,1
2026-01-14 23:30:00,1155,1155,1155,1155,7
2026-01-15 08:50:00,1156,1156,1156,1156,1
2026-01-15 09:00:00,1156,1157,1155,1155,823
2026-01-15 09:10:00,1156,1156,1155,1155,1925
2026-01-15 09:20:00,1156,1156,1156,1156,1242
2026-01-15 09:30:00,1155,1155,1155,1155,23
2026-01-15 09:40:00,1156,1156,1155,1156,24
2026-01-15 09:50:00,1157,1157,1156,1156,6
2026-01-15 10:00:00,1155,1155,1150,1153,2753
2026-01-15 10:10:00,1153,1154,1152,1154,310
2026-01-15 10:20:00,1154,1155,1153,1155,17
2026-01-15 10:40:00,1153,1154,1153,1153,98
2026-01-15 11:00:00,1153,1155,1153,1155,250
2026-01-15 11:10:00,1157,1157,1156,1156,453
2026-01-15 11:30:00,1155,1155,1155,1155,4
2026-01-15 11:40:00,1154,1156,1154,1156,4
2026-01-15 12:00:00,1154,1154,1153,1153,70
2026-01-15 12:20:00,1155,1155,1154,1154,2
2026-01-15 12:30:00,1154,1155,1153,1153,7
2026-01-15 12:40:00,1155,1155,1153,1153,3
2026-01-15 12:50:00,1152,1153,1152,1153,2
2026-01-15 13:00:00,1154,1155,1154,1155,166
2026-01-15 13:10:00,1156,1156,1156,1156,20
2026-01-15 13:30:00,1154,1154,1154,1154,27
2026-01-15 13:50:00,1155,1156,1155,1156,221
2026-01-15 14:10:00,1157,1157,1157,1157,8
2026-01-15 14:20:00,1157,1159,1157,1158,1012
2026-01-15 14:30:00,1159,1159,1159,1159,449
2026-01-15 14:40:00,1158,1158,1152,1153,50
2026-01-15 14:50:00,1154,1156,1154,1156,4
2026-01-15 15:00:00,1157,1157,1157,1157,1
2026-01-15 15:20:00,1157,1158,1157,1158,2
2026-01-15 15:30:00,1157,1157,1157,1157,200
2026-01-15 15:40:00,1158,1159,1158,1159,400
2026-01-15 15:50:00,1156,1156,1155,1155,94
2026-01-15 16:00:00,1155,1155,1155,1155,1
2026-01-15 16:10:00,1156,1157,1154,1157,59
2026-01-15 16:20:00,1154,1154,1154,1154,824
2026-01-15 16:30:00,1153,1155,1153,1154,284
2026-01-15 16:40:00,1154,1154,1153,1153,183
2026-01-15 16:50:00,1152,1155,1152,1155,21
2026-01-15 17:00:00,1155,1155,1155,1155,2
2026-01-15 17:10:00,1154,1154,1154,1154,11
2026-01-15 17:20:00,1155,1155,1155,1155,40
2026-01-15 17:40:00,1154,1155,1153,1153,62
2026-01-15 17:50:00,1155,1155,1155,1155,5
2026-01-15 18:20:00,1155,1155,1155,1155,138
2026-01-15 19:00:00,1155,1156,1155,1156,300
2026-01-15 19:40:00,1156,1156,1156,1156,5
2026-01-15 19:50:00,1155,1155,1153,1153,215
2026-01-15 20:50:00,1156,1156,1156,1156,1
2026-01-15 21:30:00,1154,1154,1154,1154,5
2026-01-15 21:50:00,1154,1154,1154,1154,51
2026-01-15 22:00:00,1155,1155,1155,1155,50
2026-01-15 22:10:00,1157,1157,1157,1157,2
2026-01-15 22:20:00,1156,1156,1156,1156,1
2026-01-15 22:40:00,1156,1156,1156,1156,76
2026-01-15 23:00:00,1157,1157,1156,1156,70
2026-01-15 23:10:00,1156,1156,1156,1156,2
2026-01-15 23:20:00,1157,1157,1157,1157,1
2026-01-15 23:30:00,1156,1156,1156,1156,3
2026-01-15 23:40:00,1158,1158,1158,1158,1
2026-01-16 09:00:00,1155,1155,1155,1155,240
2026-01-16 09:10:00,1155,1155,1154,1154,27
2026-01-16 09:20:00,1154,1157,1154,1157,16
2026-01-16 09:40:00,1157,1157,1157,1157,3
2026-01-16 10:00:00,1158,1158,1157,1157,36
2026-01-16 10:10:00,1155,1158,1155,1158,46
2026-01-16 10:20:00,1155,1155,1155,1155,35
2026-01-16 10:30:00,1158,1162,1158,1161,463
2026-01-16 10:40:00,1161,1163,1161,1162,704
2026-01-16 10:50:00,1162,1162,1160,1160,249
2026-01-16 11:00:00,1163,1165,1163,1165,530
2026-01-16 11:10:00,1165,1166,1164,1164,128
2026-01-16 11:20:00,1166,1166,1164,1166,128
2026-01-16 11:30:00,1166,1166,1163,1163,87
2026-01-16 11:40:00,1166,1166,1163,1163,83
2026-01-16 11:50:00,1163,1165,1163,1165,56
2026-01-16 12:00:00,1164,1166,1164,1164,92
2026-01-16 12:10:00,1163,1165,1163,1163,96
2026-01-16 12:20:00,1165,1165,1163,1165,32
2026-01-16 12:30:00,1165,1165,1163,1163,102
2026-01-16 12:40:00,1162,1162,1162,1162,1
2026-01-16 12:50:00,1165,1165,1163,1163,33
2026-01-16 13:00:00,1164,1164,1164,1164,4
2026-01-16 13:10:00,1165,1168,1165,1168,218
2026-01-16 13:20:00,1166,1166,1166,1166,1
2026-01-16 13:30:00,1166,1168,1166,1168,226
2026-01-16 13:40:00,1167,1167,1167,1167,937
2026-01-16 14:10:00,1167,1167,1167,1167,6
2026-01-16 14:20:00,1167,1167,1167,1167,121
2026-01-16 14:30:00,1167,1167,1167,1167,3
2026-01-16 14:40:00,1167,1168,1167,1168,511
2026-01-16 14:50:00,1169,1170,1168,1170,387
2026-01-16 15:00:00,1171,1171,1171,1171,48
2026-01-16 15:10:00,1171,1171,1169,1169,91
2026-01-16 15:20:00,1169,1169,1169,1169,6
2026-01-16 15:30:00,1170,1170,1168,1169,110
2026-01-16 15:40:00,1170,1171,1170,1171,150
2026-01-16 15:50:00,1167,1170,1167,1170,256
2026-01-16 16:00:00,1168,1168,1168,1168,501
2026-01-16 16:10:00,1171,1172,1171,1172,201
2026-01-16 16:20:00,1172,1174,1171,1173,1856
2026-01-16 16:30:00,1170,1171,1170,1171,11
2026-01-16 16:40:00,1171,1179,1171,1177,2129
2026-01-16 16:50:00,1179,1179,1177,1178,191
2026-01-16 17:00:00,1178,1178,1177,1177,163
2026-01-16 17:10:00,1177,1177,1174,1174,774
2026-01-16 17:20:00,1174,1175,1173,1175,129
2026-01-16 17:30:00,1175,1175,1174,1174,417
2026-01-16 17:50:00,1173,1175,1173,1175,2
2026-01-16 18:00:00,1175,1175,1172,1172,5
2026-01-16 18:10:00,1174,1174,1174,1174,5
2026-01-16 18:20:00,1174,1174,1173,1173,15
2026-01-16 18:30:00,1174,1174,1174,1174,2
2026-01-16 18:40:00,1173,1174,1173,1174,5
2026-01-16 19:00:00,1175,1176,1173,1173,102
2026-01-16 19:10:00,1175,1175,1173,1173,195
2026-01-16 19:20:00,1173,1175,1173,1175,4
2026-01-16 19:30:00,1175,1175,1175,1175,1
2026-01-16 20:00:00,1174,1174,1173,1173,60
2026-01-16 20:30:00,1174,1175,1172,1175,333
2026-01-16 20:50:00,1176,1176,1176,1176,4
2026-01-16 21:40:00,1175,1175,1173,1173,8
2026-01-16 21:50:00,1174,1174,1174,1174,10
2026-01-16 22:20:00,1173,1173,1173,1173,21
2026-01-16 22:40:00,1173,1173,1173,1173,1
2026-01-16 23:10:00,1172,1172,1172,1172,6
2026-01-16 23:20:00,1172,1172,1172,1172,2
2026-01-16 23:30:00,1172,1173,1172,1172,238
2026-01-16 23:40:00,1173,1173,1173,1173,50
2026-01-17 10:00:00,1175,1175,1175,1175,1
2026-01-17 10:30:00,1172,1172,1172,1172,20
2026-01-17 11:20:00,1175,1176,1175,1175,57
2026-01-17 11:40:00,1176,1176,1176,1176,10
2026-01-17 12:00:00,1176,1176,1176,1176,1
2026-01-17 13:50:00,1176,1176,1176,1176,1
2026-01-17 14:40:00,1175,1175,1175,1175,10
2026-01-17 14:50:00,1175,1175,1175,1175,5
2026-01-17 15:40:00,1175,1176,1175,1176,4
2026-01-17 17:00:00,1175,1175,1175,1175,11
2026-01-18 11:20:00,1174,1174,1174,1174,200
2026-01-18 12:20:00,1177,1177,1177,1177,2
2026-01-18 13:00:00,1174,1174,1172,1173,260
2026-01-18 13:10:00,1172,1172,1172,1172,1000
2026-01-18 13:30:00,1176,1176,1176,1176,502
2026-01-18 13:50:00,1177,1177,1177,1177,10
2026-01-18 14:10:00,1178,1180,1178,1180,40
2026-01-18 14:30:00,1179,1179,1179,1179,20
2026-01-18 14:50:00,1175,1175,1175,1175,10
2026-01-18 15:00:00,1179,1180,1179,1180,200
2026-01-18 15:20:00,1175,1175,1173,1173,155
2026-01-18 16:20:00,1176,1180,1176,1176,27
2026-01-18 16:40:00,1180,1180,1180,1180,11
2026-01-18 17:20:00,1180,1180,1180,1180,25
2026-01-18 17:50:00,1180,1180,1180,1180,1070
2026-01-18 18:00:00,1180,1180,1180,1180,44
2026-01-18 18:20:00,1180,1180,1180,1180,387
2026-01-19 09:00:00,1181,1181,1179,1181,875
2026-01-19 09:10:00,1181,1181,1179,1181,400
2026-01-19 09:20:00,1181,1181,1179,1180,475
2026-01-19 09:30:00,1182,1182,1181,1181,2
2026-01-19 09:40:00,1179,1179,1179,1179,2
2026-01-19 09:50:00,1180,1182,1179,1179,47
2026-01-19 10:00:00,1179,1179,1177,1177,60
2026-01-19 10:10:00,1179,1180,1179,1180,1018
2026-01-19 10:30:00,1182,1186,1182,1186,612
2026-01-19 10:40:00,1186,1186,1182,1182,127
2026-01-19 10:50:00,1180,1182,1180,1180,31
2026-01-19 11:00:00,1182,1182,1182,1182,6
2026-01-19 11:10:00,1181,1181,1180,1180,36
2026-01-19 11:20:00,1180,1180,1179,1179,127
2026-01-19 11:30:00,1182,1183,1182,1182,720
2026-01-19 11:40:00,1182,1183,1180,1180,313
2026-01-19 12:30:00,1180,1180,1180,1180,31
2026-01-19 12:50:00,1180,1180,1179,1179,163
2026-01-19 13:20:00,1179,1179,1179,1179,14
2026-01-19 13:30:00,1181,1182,1180,1180,843
2026-01-19 13:40:00,1179,1179,1179,1179,366
2026-01-19 13:50:00,1179,1180,1179,1180,21
2026-01-19 14:10:00,1180,1180,1180,1180,50
2026-01-19 14:20:00,1179,1181,1179,1181,5
2026-01-19 14:30:00,1181,1181,1181,1181,44
2026-01-19 14:40:00,1181,1181,1181,1181,1
2026-01-19 14:50:00,1181,1182,1179,1179,205
2026-01-19 15:00:00,1181,1181,1181,1181,20
2026-01-19 15:10:00,1182,1185,1182,1185,188
2026-01-19 15:20:00,1184,1186,1184,1186,639
2026-01-19 15:30:00,1187,1188,1185,1186,806
2026-01-19 15:40:00,1185,1187,1185,1186,511
2026-01-19 15:50:00,1185,1186,1181,1181,1011
2026-01-19 16:00:00,1184,1184,1184,1184,12
2026-01-19 16:10:00,1182,1182,1182,1182,4
2026-01-19 16:20:00,1183,1183,1183,1183,903
2026-01-19 16:30:00,1183,1183,1183,1183,1
2026-01-19 16:50:00,1179,1179,1179,1179,5
2026-01-19 17:00:00,1180,1181,1180,1181,18
2026-01-19 17:10:00,1182,1183,1182,1183,19
2026-01-19 17:20:00,1183,1184,1182,1183,77
2026-01-19 17:30:00,1183,1183,1183,1183,10
2026-01-19 17:40:00,1182,1182,1182,1182,65
2026-01-19 17:50:00,1182,1182,1181,1181,141
2026-01-19 18:10:00,1184,1184,1182,1182,437
2026-01-19 18:20:00,1181,1181,1181,1181,15
2026-01-19 18:30:00,1183,1183,1180,1180,33
2026-01-19 19:20:00,1181,1182,1181,1182,7
2026-01-19 19:30:00,1181,1181,1180,1180,14
2026-01-19 19:40:00,1182,1182,1182,1182,24
2026-01-19 20:00:00,1180,1180,1180,1180,1
2026-01-19 20:10:00,1182,1182,1182,1182,50
2026-01-19 20:20:00,1182,1182,1180,1180,151
2026-01-19 20:30:00,1180,1180,1180,1180,75
2026-01-19 20:40:00,1180,1182,1180,1182,229
2026-01-19 20:50:00,1181,1182,1181,1182,511
2026-01-19 21:30:00,1180,1181,1180,1181,43
2026-01-19 21:40:00,1180,1180,1180,1180,49
2026-01-19 22:00:00,1180,1180,1179,1179,364
2026-01-19 22:10:00,1180,1182,1180,1182,500
2026-01-19 22:20:00,1181,1181,1179,1179,264
2026-01-19 22:30:00,1179,1179,1179,1179,6
2026-01-19 22:40:00,1179,1181,1179,1179,190
2026-01-19 23:00:00,1179,1179,1175,1177,189
2026-01-19 23:30:00,1176,1176,1176,1176,1
2026-01-19 23:40:00,1175,1175,1174,1174,4
2026-01-20 09:00:00,1175,1178,1175,1178,454
2026-01-20 09:10:00,1179,1179,1177,1179,109
2026-01-20 09:20:00,1179,1180,1179,1180,72
2026-01-20 09:30:00,1177,1177,1177,1177,75
2026-01-20 09:40:00,1179,1179,1179,1179,1
2026-01-20 09:50:00,1176,1176,1176,1176,6
2026-01-20 10:00:00,1178,1178,1178,1178,1
2026-01-20 10:10:00,1177,1177,1171,1171,342
2026-01-20 10:20:00,1171,1173,1171,1173,100
2026-01-20 10:30:00,1173,1173,1173,1173,1
2026-01-20 10:40:00,1172,1172,1172,1172,26
2026-01-20 10:50:00,1172,1172,1172,1172,279
2026-01-20 11:00:00,1171,1171,1168,1168,433
2026-01-20 11:10:00,1169,1169,1168,1168,60
2026-01-20 11:20:00,1169,1169,1166,1167,15
2026-01-20 11:30:00,1166,1170,1166,1168,474
2026-01-20 11:40:00,1168,1168,1168,1168,24
2026-01-20 11:50:00,1171,1171,1171,1171,1
2026-01-20 12:00:00,1170,1170,1170,1170,514
2026-01-20 12:10:00,1169,1171,1169,1171,26
2026-01-20 12:30:00,1171,1171,1168,1169,16
2026-01-20 12:50:00,1172,1174,1172,1174,29
2026-01-20 13:00:00,1173,1173,1173,1173,6
2026-01-20 13:20:00,1173,1173,1173,1173,5
2026-01-20 13:30:00,1174,1174,1172,1174,33
2026-01-20 13:40:00,1172,1172,1171,1172,12
2026-01-20 13:50:00,1171,1171,1171,1171,5
2026-01-20 14:00:00,1171,1171,1171,1171,10
2026-01-20 14:10:00,1169,1169,1169,1169,201
2026-01-20 14:20:00,1172,1172,1172,1172,16
2026-01-20 14:30:00,1172,1172,1171,1171,23
2026-01-20 14:50:00,1172,1173,1172,1173,24
2026-01-20 15:10:00,1173,1173,1173,1173,12
2026-01-20 15:20:00,1173,1173,1173,1173,50
2026-01-20 15:30:00,1174,1176,1174,1176,246
2026-01-20 15:40:00,1176,1176,1176,1176,5
2026-01-20 15:50:00,1176,1177,1176,1177,116
2026-01-20 16:00:00,1178,1182,1178,1180,182
2026-01-20 16:10:00,1181,1181,1181,1181,5
2026-01-20 16:20:00,1181,1182,1180,1180,333
2026-01-20 16:30:00,1182,1183,1182,1183,142
2026-01-20 16:40:00,1184,1185,1182,1182,510
2026-01-20 16:50:00,1185,1185,1184,1185,43
2026-01-20 17:00:00,1183,1185,1181,1184,368
2026-01-20 17:10:00,1184,1184,1182,1182,10
2026-01-20 17:20:00,1184,1192,1184,1191,2989
2026-01-20 17:30:00,1191,1196,1191,1191,776
2026-01-20 17:40:00,1190,1190,1187,1189,263
2026-01-20 17:50:00,1193,1193,1193,1193,7
2026-01-20 18:00:00,1191,1194,1191,1193,386
2026-01-20 18:10:00,1191,1193,1187,1192,140
2026-01-20 18:20:00,1188,1192,1188,1192,25
2026-01-20 18:30:00,1192,1193,1191,1193,340
2026-01-20 19:00:00,1193,1193,1191,1192,17
2026-01-20 19:10:00,1192,1193,1190,1193,407
2026-01-20 19:20:00,1190,1190,1190,1190,7
2026-01-20 19:30:00,1190,1190,1190,1190,3
2026-01-20 19:40:00,1191,1191,1191,1191,1
2026-01-20 20:00:00,1190,1190,1190,1190,12
2026-01-20 20:10:00,1189,1191,1189,1191,34
2026-01-20 20:50:00,1189,1189,1189,1189,150
2026-01-20 21:10:00,1191,1194,1191,1194,156
2026-01-20 21:20:00,1191,1191,1191,1191,1
2026-01-20 21:40:00,1190,1192,1190,1192,2
2026-01-20 21:50:00,1190,1190,1190,1190,20
2026-01-20 22:20:00,1194,1194,1194,1194,15
2026-01-20 22:30:00,1193,1195,1191,1195,310
2026-01-20 22:40:00,1195,1195,1195,1195,105
2026-01-20 22:50:00,1192,1192,1192,1192,123
2026-01-20 23:00:00,1192,1192,1192,1192,8
2026-01-20 23:20:00,1193,1193,1193,1193,2
2026-01-20 23:30:00,1193,1193,1190,1190,4
2026-01-20 23:40:00,1194,1194,1194,1194,200
2026-01-21 09:00:00,1191,1191,1191,1191,197
2026-01-21 09:10:00,1191,1191,1190,1191,230
2026-01-21 09:20:00,1191,1193,1191,1193,150
2026-01-21 09:30:00,1191,1193,1191,1193,70
2026-01-21 09:50:00,1193,1193,1193,1193,1
2026-01-21 10:00:00,1192,1192,1192,1192,1
2026-01-21 10:10:00,1193,1193,1192,1193,405
2026-01-21 10:20:00,1193,1193,1191,1192,326
2026-01-21 10:30:00,1192,1194,1192,1194,95
2026-01-21 10:40:00,1195,1197,1195,1197,111
2026-01-21 10:50:00,1194,1195,1194,1195,11
2026-01-21 11:00:00,1193,1193,1193,1193,11
2026-01-21 11:10:00,1190,1190,1185,1188,1424
2026-01-21 11:20:00,1188,1188,1188,1188,30
2026-01-21 11:30:00,1189,1189,1189,1189,24
2026-01-21 12:00:00,1186,1187,1183,1184,637
2026-01-21 12:10:00,1185,1185,1185,1185,2
2026-01-21 12:20:00,1185,1189,1185,1189,96
2026-01-21 12:40:00,1186,1186,1186,1186,1
2026-01-21 12:50:00,1189,1189,1189,1189,7
2026-01-21 13:10:00,1192,1192,1192,1192,26
2026-01-21 13:20:00,1193,1196,1193,1195,2044
2026-01-21 13:30:00,1196,1197,1191,1197,243
2026-01-21 13:40:00,1196,1197,1195,1196,194
2026-01-21 13:50:00,1196,1197,1196,1197,249
2026-01-21 14:00:00,1197,1202,1197,1202,300
2026-01-21 14:10:00,1202,1205,1201,1205,589
2026-01-21 14:20:00,1205,1205,1201,1203,338
2026-01-21 14:30:00,1201,1203,1201,1201,187
2026-01-21 14:40:00,1201,1201,1200,1200,96
2026-01-21 14:50:00,1200,1200,1200,1200,1
2026-01-21 15:00:00,1200,1203,1200,1203,142
2026-01-21 15:10:00,1203,1203,1201,1201,233
2026-01-21 15:30:00,1202,1202,1202,1202,3
2026-01-21 15:40:00,1201,1203,1201,1202,173
2026-01-21 15:50:00,1204,1205,1204,1204,155
2026-01-21 16:00:00,1204,1204,1203,1203,4
2026-01-21 16:10:00,1200,1204,1200,1204,28
2026-01-21 16:20:00,1202,1202,1200,1201,74
2026-01-21 16:30:00,1201,1203,1201,1203,234
2026-01-21 16:50:00,1203,1203,1202,1203,38
2026-01-21 17:00:00,1203,1204,1202,1203,61
2026-01-21 17:10:00,1198,1198,1198,1198,252
2026-01-21 17:20:00,1198,1198,1198,1198,282
2026-01-21 17:40:00,1199,1199,1197,1197,506
2026-01-21 18:00:00,1197,1197,1197,1197,20
2026-01-21 18:10:00,1196,1196,1196,1196,40
2026-01-21 18:20:00,1196,1196,1196,1196,26
2026-01-21 18:30:00,1196,1198,1195,1198,182
2026-01-21 18:40:00,1195,1195,1195,1195,10
2026-01-21 19:00:00,1199,1199,1199,1199,20
2026-01-21 19:10:00,1196,1196,1196,1196,5
2026-01-21 19:20:00,1196,1196,1196,1196,60
2026-01-21 19:30:00,1196,1197,1196,1197,65
2026-01-21 19:40:00,1197,1197,1197,1197,35
2026-01-21 20:00:00,1196,1198,1196,1198,195
2026-01-21 20:10:00,1197,1197,1197,1197,72
2026-01-21 20:30:00,1197,1197,1197,1197,9
2026-01-21 20:40:00,1199,1199,1199,1199,10
2026-01-21 20:50:00,1199,1199,1199,1199,84
2026-01-21 21:00:00,1199,1201,1199,1199,71
2026-01-21 21:10:00,1199,1199,1199,1199,49
2026-01-21 21:20:00,1198,1200,1198,1200,287
2026-01-21 21:40:00,1200,1200,1200,1200,191
2026-01-21 22:00:00,1199,1199,1199,1199,8
2026-01-21 22:10:00,1199,1199,1199,1199,6
2026-01-21 22:30:00,1200,1200,1200,1200,5
2026-01-21 22:40:00,1201,1201,1201,1201,500
2026-01-21 22:50:00,1201,1201,1201,1201,2
2026-01-21 23:00:00,1200,1202,1200,1201,10
2026-01-21 23:10:00,1201,1201,1197,1197,53
2026-01-21 23:20:00,1199,1199,1198,1198,136
2026-01-21 23:30:00,1199,1199,1198,1198,701
2026-01-21 23:40:00,1198,1201,1198,1201,79
2026-01-22 09:00:00,1199,1200,1199,1200,15
2026-01-22 09:10:00,1196,1198,1196,1198,357
2026-01-22 09:20:00,1198,1199,1196,1196,142
2026-01-22 09:30:00,1199,1199,1199,1199,1
2026-01-22 09:50:00,1198,1199,1198,1199,7
2026-01-22 10:00:00,1200,1204,1200,1203,296
2026-01-22 10:10:00,1203,1203,1203,1203,125
2026-01-22 10:20:00,1203,1209,1203,1209,446
2026-01-22 10:30:00,1209,1211,1208,1208,1248
2026-01-22 10:40:00,1208,1208,1204,1205,1536
2026-01-22 10:50:00,1204,1207,1204,1205,848
2026-01-22 11:00:00,1207,1209,1207,1208,846
2026-01-22 11:10:00,1208,1208,1208,1208,33
2026-01-22 11:20:00,1209,1209,1208,1209,114
2026-01-22 11:30:00,1209,1210,1209,1210,173
2026-01-22 11:40:00,1208,1211,1208,1211,1009
2026-01-22 11:50:00,1211,1211,1210,1211,85
2026-01-22 12:00:00,1208,1208,1205,1206,1982
2026-01-22 12:10:00,1207,1207,1203,1203,516
2026-01-22 12:20:00,1202,1202,1202,1202,99
2026-01-22 12:40:00,1202,1203,1201,1203,385
2026-01-22 12:50:00,1203,1203,1203,1203,100
2026-01-22 13:00:00,1201,1203,1201,1203,90
2026-01-22 13:20:00,1203,1203,1201,1201,19
2026-01-22 13:30:00,1201,1201,1201,1201,2
2026-01-22 13:40:00,1201,1203,1201,1203,100
2026-01-22 13:50:00,1202,1202,1202,1202,40
2026-01-22 14:10:00,1202,1202,1197,1200,1530
2026-01-22 14:20:00,1200,1202,1200,1202,146
2026-01-22 14:30:00,1202,1202,1199,1201,531
2026-01-22 14:40:00,1201,1203,1201,1203,77
2026-01-22 14:50:00,1202,1202,1202,1202,100
2026-01-22 15:00:00,1200,1200,1200,1200,3
2026-01-22 15:10:00,1200,1200,1200,1200,11
2026-01-22 15:20:00,1200,1203,1200,1203,260
2026-01-22 15:30:00,1203,1205,1203,1205,800
2026-01-22 15:40:00,1205,1205,1205,1205,1
2026-01-22 15:50:00,1205,1205,1201,1202,75
2026-01-22 16:00:00,1199,1201,1199,1201,138
2026-01-22 16:10:00,1202,1202,1199,1199,61
2026-01-22 16:20:00,1196,1196,1189,1194,808
2026-01-22 16:30:00,1194,1194,1191,1191,32
2026-01-22 16:40:00,1191,1191,1191,1191,11
2026-01-22 16:50:00,1194,1195,1193,1195,184
2026-01-22 17:00:00,1192,1192,1190,1190,114
2026-01-22 17:10:00,1189,1189,1186,1186,34
2026-01-22 17:20:00,1185,1189,1183,1189,1376
2026-01-22 17:30:00,1188,1193,1188,1191,1237
2026-01-22 18:00:00,1190,1190,1190,1190,30
2026-01-22 18:20:00,1189,1189,1188,1188,272
2026-01-22 18:30:00,1188,1188,1187,1187,140
2026-01-22 19:00:00,1188,1191,1188,1191,28
2026-01-22 19:10:00,1192,1194,1192,1194,400
2026-01-22 19:20:00,1193,1193,1193,1193,1
2026-01-22 19:30:00,1190,1192,1190,1192,10
2026-01-22 19:40:00,1191,1191,1191,1191,3
2026-01-22 19:50:00,1192,1192,1190,1192,52
2026-01-22 20:00:00,1190,1190,1190,1190,1
2026-01-22 20:10:00,1190,1190,1190,1190,2
2026-01-22 20:20:00,1189,1189,1189,1189,100
2026-01-22 20:30:00,1189,1191,1189,1191,103
2026-01-22 20:40:00,1191,1192,1191,1192,100
2026-01-22 21:20:00,1193,1198,1193,1197,1475
2026-01-22 21:30:00,1198,1198,1197,1198,361
2026-01-22 21:40:00,1196,1196,1195,1195,5
2026-01-22 22:10:00,1195,1195,1195,1195,79
2026-01-22 22:20:00,1194,1194,1194,1194,48
2026-01-22 22:30:00,1194,1194,1194,1194,184
2026-01-22 23:00:00,1194,1194,1194,1194,2
2026-01-22 23:10:00,1194,1194,1194,1194,50
2026-01-22 23:30:00,1194,1194,1194,1194,56
2026-01-22 23:40:00,1193,1194,1193,1193,29
2026-01-23 09:00:00,1193,1193,1193,1193,50
2026-01-23 09:20:00,1192,1192,1190,1190,34
2026-01-23 09:30:00,1190,1190,1189,1190,781
2026-01-23 09:40:00,1188,1188,1187,1187,284
2026-01-23 09:50:00,1186,1186,1186,1186,1
2026-01-23 10:00:00,1186,1188,1186,1188,32
2026-01-23 10:10:00,1188,1188,1188,1188,50
2026-01-23 10:20:00,1188,1188,1187,1187,19
2026-01-23 10:30:00,1186,1186,1183,1183,277
2026-01-23 10:40:00,1184,1184,1183,1184,77
2026-01-23 10:50:00,1183,1184,1183,1184,7
2026-01-23 11:00:00,1183,1183,1183,1183,90
2026-01-23 11:10:00,1183,1185,1183,1185,633
2026-01-23 11:20:00,1185,1185,1185,1185,10
2026-01-23 11:30:00,1186,1189,1186,1187,301
2026-01-23 11:40:00,1188,1188,1187,1187,98
2026-01-23 11:50:00,1188,1188,1188,1188,3
2026-01-23 12:00:00,1187,1187,1186,1186,7
2026-01-23 12:10:00,1186,1186,1186,1186,5
2026-01-23 12:30:00,1185,1187,1183,1187,820
2026-01-23 12:50:00,1185,1186,1185,1186,60
2026-01-23 13:10:00,1186,1188,1186,1188,8
2026-01-23 13:20:00,1187,1187,1186,1186,7
2026-01-23 13:30:00,1186,1186,1186,1186,2
2026-01-23 13:40:00,1186,1186,1183,1183,19
2026-01-23 13:50:00,1183,1184,1183,1184,16
2026-01-23 14:00:00,1185,1185,1185,1185,101
2026-01-23 14:30:00,1183,1183,1183,1183,47
2026-01-23 14:40:00,1185,1185,1185,1185,352
2026-01-23 15:00:00,1183,1183,1183,1183,4
2026-01-23 15:30:00,1186,1186,1186,1186,20
2026-01-23 15:40:00,1184,1185,1184,1185,32
2026-01-23 15:50:00,1184,1186,1183,1186,457
2026-01-23 16:00:00,1184,1184,1184,1184,10
2026-01-23 16:10:00,1186,1186,1186,1186,24
2026-01-23 16:20:00,1185,1185,1185,1185,12
2026-01-23 16:30:00,1185,1185,1185,1185,2
2026-01-23 16:40:00,1185,1185,1185,1185,61
2026-01-23 16:50:00,1185,1185,1183,1183,18
2026-01-23 17:00:00,1183,1185,1183,1184,127
2026-01-23 17:10:00,1185,1185,1185,1185,8
2026-01-23 17:30:00,1186,1187,1186,1187,50
2026-01-23 17:40:00,1187,1187,1187,1187,5
2026-01-23 17:50:00,1187,1187,1187,1187,9
2026-01-23 18:00:00,1185,1185,1185,1185,41
2026-01-23 18:30:00,1184,1184,1184,1184,8
2026-01-23 18:40:00,1185,1185,1184,1184,20
2026-01-23 19:10:00,1185,1185,1185,1185,80
2026-01-23 19:20:00,1185,1187,1185,1187,21
2026-01-23 19:40:00,1185,1185,1185,1185,4
2026-01-23 19:50:00,1185,1185,1185,1185,26
2026-01-23 20:00:00,1185,1185,1185,1185,5
2026-01-23 20:10:00,1186,1190,1186,1190,77
2026-01-23 20:20:00,1189,1189,1189,1189,83
2026-01-23 20:40:00,1189,1193,1189,1193,314
2026-01-23 20:50:00,1193,1193,1192,1193,683
2026-01-23 21:10:00,1194,1195,1193,1193,111
2026-01-23 21:20:00,1195,1197,1195,1197,60
2026-01-23 21:30:00,1193,1193,1193,1193,199
2026-01-23 21:40:00,1196,1196,1196,1196,270
2026-01-23 21:50:00,1192,1194,1192,1192,111
2026-01-23 22:00:00,1195,1195,1195,1195,1
2026-01-23 22:10:00,1194,1194,1192,1192,37
2026-01-23 22:30:00,1192,1192,1191,1191,92
2026-01-23 23:00:00,1193,1193,1193,1193,2
2026-01-24 10:00:00,1190,1193,1178,1193,446
2026-01-24 10:10:00,1191,1191,1191,1191,35
2026-01-24 10:20:00,1191,1191,1191,1191,2
2026-01-24 10:40:00,1189,1192,1189,1189,2420
2026-01-24 10:50:00,1186,1186,1180,1180,833
2026-01-24 11:00:00,1182,1182,1182,1182,4
2026-01-24 11:20:00,1186,1188,1186,1188,27
2026-01-24 11:30:00,1189,1189,1189,1189,14
2026-01-24 11:40:00,1189,1189,1189,1189,1
2026-01-24 11:50:00,1185,1185,1185,1185,11
2026-01-24 12:10:00,1186,1186,1186,1186,7
2026-01-24 12:20:00,1186,1186,1186,1186,1
2026-01-24 12:50:00,1185,1185,1185,1185,100
2026-01-24 13:00:00,1185,1187,1185,1186,103
2026-01-24 13:10:00,1186,1186,1186,1186,9
2026-01-24 13:20:00,1185,1187,1182,1187,190
2026-01-24 13:30:00,1182,1182,1182,1182,110
2026-01-24 14:00:00,1187,1189,1187,1189,123
2026-01-24 15:30:00,1182,1182,1182,1182,122
2026-01-24 15:50:00,1185,1190,1185,1189,320
2026-01-24 16:20:00,1188,1188,1188,1188,13
2026-01-24 16:30:00,1189,1189,1189,1189,13
2026-01-24 17:40:00,1187,1187,1182,1182,1303
2026-01-24 17:50:00,1184,1184,1181,1181,1100
2026-01-25 10:20:00,1188,1189,1188,1189,70
2026-01-25 10:30:00,1189,1189,1189,1189,4
2026-01-25 10:40:00,1187,1187,1187,1187,31
2026-01-25 11:00:00,1190,1190,1190,1190,1
2026-01-25 11:10:00,1189,1190,1189,1190,36
2026-01-25 11:50:00,1188,1188,1188,1188,10
2026-01-25 12:00:00,1187,1187,1187,1187,1
2026-01-25 12:10:00,1188,1188,1188,1188,28
2026-01-25 12:20:00,1188,1188,1188,1188,20
2026-01-25 12:40:00,1189,1191,1189,1191,78
2026-01-25 12:50:00,1192,1192,1192,1192,50
2026-01-25 13:00:00,1193,1193,1193,1193,50
2026-01-25 13:10:00,1193,1193,1173,1189,3575
2026-01-25 13:50:00,1188,1188,1188,1188,11
2026-01-25 14:10:00,1188,1188,1188,1188,19
2026-01-25 14:20:00,1188,1191,1188,1189,368
2026-01-25 14:50:00,1190,1191,1190,1191,196
2026-01-25 15:20:00,1192,1192,1192,1192,1
2026-01-25 16:10:00,1189,1191,1189,1191,34
2026-01-25 17:20:00,1190,1190,1190,1190,3
2026-01-25 17:40:00,1192,1192,1192,1192,1
2026-01-25 17:50:00,1192,1192,1192,1192,3
2026-01-25 18:00:00,1190,1190,1190,1190,10
2026-01-25 18:10:00,1192,1192,1192,1192,2
2026-01-25 18:30:00,1192,1192,1192,1192,13
2026-01-25 18:50:00,1192,1193,1192,1193,65
2026-01-26 09:00:00,1184,1185,1181,1181,467
2026-01-26 09:10:00,1182,1184,1180,1181,937
2026-01-26 09:20:00,1180,1181,1179,1181,482
2026-01-26 09:30:00,1179,1181,1179,1181,45
2026-01-26 09:40:00,1178,1181,1178,1181,510
2026-01-26 09:50:00,1179,1179,1178,1178,340
2026-01-26 10:00:00,1178,1180,1178,1180,58
2026-01-26 10:10:00,1181,1181,1181,1181,149
2026-01-26 10:20:00,1181,1182,1181,1182,254
2026-01-26 10:40:00,1181,1181,1181,1181,4
2026-01-26 10:50:00,1178,1178,1178,1178,13
2026-01-26 11:00:00,1178,1180,1177,1180,176
2026-01-26 11:10:00,1178,1178,1177,1177,270
2026-01-26 11:20:00,1180,1180,1180,1180,75
2026-01-26 11:30:00,1180,1180,1177,1177,38
2026-01-26 11:40:00,1178,1178,1178,1178,94
2026-01-26 11:50:00,1179,1179,1179,1179,25
2026-01-26 12:00:00,1180,1180,1180,1180,955
2026-01-26 12:10:00,1181,1182,1180,1180,16
2026-01-26 12:20:00,1180,1182,1180,1182,331
2026-01-26 12:30:00,1179,1179,1178,1179,363
2026-01-26 12:40:00,1182,1182,1182,1182,64
2026-01-26 12:50:00,1181,1181,1181,1181,262
2026-01-26 13:00:00,1181,1182,1181,1182,86
2026-01-26 13:10:00,1181,1181,1181,1181,5
2026-01-26 13:20:00,1182,1183,1180,1180,853
2026-01-26 13:30:00,1182,1182,1179,1179,560
2026-01-26 13:40:00,1181,1181,1181,1181,25
2026-01-26 14:00:00,1183,1183,1183,1183,64
2026-01-26 14:30:00,1182,1182,1182,1182,5
2026-01-26 14:40:00,1182,1182,1181,1181,178
2026-01-26 14:50:00,1180,1180,1178,1180,213
2026-01-26 15:00:00,1180,1180,1180,1180,10
2026-01-26 15:10:00,1180,1180,1180,1180,1
2026-01-26 15:30:00,1180,1180,1180,1180,21
2026-01-26 15:40:00,1181,1181,1181,1181,466
2026-01-26 16:00:00,1182,1182,1182,1182,30
2026-01-26 16:20:00,1182,1182,1182,1182,9
2026-01-26 16:30:00,1181,1181,1181,1181,160
2026-01-26 16:50:00,1182,1183,1182,1183,1000
2026-01-26 17:10:00,1182,1182,1182,1182,50
2026-01-26 17:20:00,1182,1182,1180,1180,65
2026-01-26 17:40:00,1180,1183,1180,1183,69
2026-01-26 18:00:00,1179,1181,1179,1181,39
2026-01-26 18:10:00,1181,1182,1181,1182,110
2026-01-26 18:20:00,1179,1179,1177,1179,654
2026-01-26 18:30:00,1179,1179,1179,1179,120
2026-01-26 19:10:00,1178,1178,1178,1178,200
2026-01-26 19:40:00,1180,1182,1179,1182,264
2026-01-26 19:50:00,1182,1182,1182,1182,298
2026-01-26 20:10:00,1183,1183,1183,1183,20
2026-01-26 20:20:00,1183,1183,1181,1181,135
2026-01-26 20:30:00,1181,1181,1181,1181,90
2026-01-26 20:40:00,1183,1183,1183,1183,10
2026-01-26 21:00:00,1179,1179,1179,1179,300
2026-01-26 21:10:00,1179,1179,1179,1179,100
2026-01-26 21:30:00,1180,1182,1180,1182,1280
2026-01-26 21:40:00,1180,1183,1180,1183,500
2026-01-26 21:50:00,1179,1179,1179,1179,1
2026-01-26 22:10:00,1179,1180,1177,1180,1211
2026-01-26 22:30:00,1180,1180,1180,1180,1
2026-01-26 22:40:00,1178,1178,1177,1177,88
2026-01-26 23:00:00,1179,1179,1179,1179,2
2026-01-26 23:30:00,1181,1181,1181,1181,1
2026-01-26 23:40:00,1177,1177,1177,1177,4
2026-01-27 09:00:00,1179,1179,1178,1178,171
2026-01-27 09:10:00,1178,1178,1177,1177,45
2026-01-27 09:20:00,1177,1179,1177,1179,42
2026-01-27 09:30:00,1180,1180,1180,1180,5
2026-01-27 09:40:00,1180,1180,1180,1180,1
2026-01-27 09:50:00,1180,1180,1179,1179,51
2026-01-27 10:00:00,1179,1179,1179,1179,1
2026-01-27 10:10:00,1179,1179,1179,1179,9
2026-01-27 10:20:00,1178,1178,1178,1178,1
2026-01-27 10:30:00,1177,1177,1177,1177,9
2026-01-27 10:40:00,1176,1176,1176,1176,41
2026-01-27 11:00:00,1176,1177,1176,1177,52
2026-01-27 11:10:00,1175,1175,1174,1174,22
2026-01-27 11:20:00,1174,1174,1173,1174,94
2026-01-27 11:30:00,1174,1177,1174,1177,65
2026-01-27 11:40:00,1177,1177,1177,1177,38
2026-01-27 11:50:00,1177,1177,1177,1177,5
2026-01-27 12:10:00,1177,1178,1177,1178,55
2026-01-27 12:20:00,1178,1178,1178,1178,50
2026-01-27 12:30:00,1180,1180,1180,1180,60
2026-01-27 12:40:00,1181,1181,1181,1181,51
2026-01-27 13:00:00,1180,1180,1180,1180,7
2026-01-27 13:10:00,1179,1179,1179,1179,30
2026-01-27 13:30:00,1179,1179,1179,1179,62
2026-01-27 13:40:00,1179,1179,1179,1179,1
2026-01-27 13:50:00,1181,1181,1181,1181,1
2026-01-27 14:00:00,1181,1183,1180,1181,605
2026-01-27 14:10:00,1182,1182,1182,1182,1
2026-01-27 14:20:00,1183,1183,1182,1182,385
2026-01-27 14:30:00,1182,1186,1182,1185,484
2026-01-27 14:40:00,1186,1186,1185,1185,26
2026-01-27 14:50:00,1185,1189,1185,1189,583
2026-01-27 15:00:00,1188,1188,1186,1188,26
2026-01-27 15:10:00,1188,1188,1188,1188,1
2026-01-27 15:20:00,1186,1186,1186,1186,4
2026-01-27 15:30:00,1187,1189,1187,1189,164
2026-01-27 15:40:00,1189,1191,1189,1189,554
2026-01-27 16:00:00,1189,1189,1189,1189,3
2026-01-27 16:10:00,1190,1190,1190,1190,2
2026-01-27 16:30:00,1190,1190,1188,1188,52
2026-01-27 16:40:00,1188,1188,1187,1187,357
2026-01-27 16:50:00,1186,1189,1186,1189,229
2026-01-27 17:00:00,1189,1189,1188,1188,12
2026-01-27 17:10:00,1187,1187,1186,1186,50
2026-01-27 17:20:00,1185,1185,1184,1184,35
2026-01-27 17:30:00,1185,1185,1183,1183,2
2026-01-27 17:40:00,1184,1184,1184,1184,2
2026-01-27 17:50:00,1184,1187,1184,1184,1163
2026-01-27 18:10:00,1185,1187,1184,1186,412
2026-01-27 18:20:00,1185,1185,1185,1185,59
2026-01-27 18:30:00,1185,1187,1185,1186,164
2026-01-27 19:10:00,1187,1188,1187,1188,201
2026-01-27 19:30:00,1187,1189,1187,1189,180
2026-01-27 19:40:00,1189,1190,1189,1189,80
2026-01-27 19:50:00,1189,1189,1188,1189,34
2026-01-27 20:00:00,1189,1189,1188,1188,272
2026-01-27 20:10:00,1189,1189,1189,1189,5
2026-01-27 20:20:00,1188,1188,1188,1188,8
2026-01-27 20:30:00,1187,1191,1187,1188,304
2026-01-27 20:40:00,1190,1190,1190,1190,7
2026-01-27 20:50:00,1190,1191,1190,1191,13
2026-01-27 21:00:00,1191,1191,1189,1189,5
2026-01-27 21:10:00,1190,1190,1190,1190,100
2026-01-27 21:20:00,1190,1190,1189,1190,52
2026-01-27 21:30:00,1190,1190,1189,1190,208
2026-01-27 21:40:00,1190,1191,1190,1191,145
2026-01-27 21:50:00,1191,1191,1190,1191,41
2026-01-27 22:00:00,1191,1191,1191,1191,29
2026-01-27 22:10:00,1191,1191,1191,1191,235
2026-01-27 22:30:00,1191,1192,1190,1190,234
2026-01-27 22:40:00,1192,1192,1192,1192,640
2026-01-27 22:50:00,1189,1192,1189,1191,11
2026-01-27 23:00:00,1191,1191,1191,1191,1
2026-01-27 23:10:00,1191,1191,1191,1191,7
2026-01-27 23:20:00,1191,1191,1191,1191,481
2026-01-27 23:30:00,1192,1192,1191,1191,277
2026-01-27 23:40:00,1190,1192,1190,1192,72
2026-01-28 09:00:00,1192,1193,1190,1192,818
2026-01-28 09:10:00,1191,1192,1190,1192,63
2026-01-28 09:20:00,1190,1191,1189,1191,85
2026-01-28 09:30:00,1192,1192,1192,1192,1
2026-01-28 09:40:00,1192,1192,1189,1191,82
2026-01-28 10:00:00,1191,1191,1188,1188,872
2026-01-28 10:10:00,1188,1188,1187,1188,442
2026-01-28 10:20:00,1189,1189,1188,1188,120
2026-01-28 10:30:00,1187,1187,1187,1187,140
2026-01-28 10:40:00,1189,1189,1188,1188,21
2026-01-28 10:50:00,1189,1190,1189,1190,52
2026-01-28 11:00:00,1191,1191,1191,1191,20
2026-01-28 11:10:00,1190,1190,1189,1190,132
2026-01-28 11:20:00,1188,1188,1187,1187,5
2026-01-28 11:30:00,1186,1186,1186,1186,52
2026-01-28 11:50:00,1187,1187,1186,1186,177
2026-01-28 12:00:00,1186,1186,1184,1184,150
2026-01-28 12:10:00,1183,1185,1182,1183,411
2026-01-28 12:30:00,1185,1185,1183,1183,130
2026-01-28 12:50:00,1184,1185,1183,1185,75
2026-01-28 13:00:00,1185,1185,1185,1185,2
2026-01-28 13:10:00,1184,1185,1184,1185,11
2026-01-28 13:20:00,1184,1184,1184,1184,1
2026-01-28 13:30:00,1184,1184,1184,1184,91
2026-01-28 13:40:00,1184,1184,1183,1183,118
2026-01-28 14:00:00,1184,1184,1184,1184,5
2026-01-28 14:10:00,1185,1186,1185,1186,88
2026-01-28 14:20:00,1185,1185,1185,1185,12
2026-01-28 14:30:00,1184,1185,1183,1185,215
2026-01-28 14:50:00,1185,1185,1185,1185,1
2026-01-28 15:00:00,1184,1184,1184,1184,70
2026-01-28 15:10:00,1183,1183,1182,1182,11
2026-01-28 15:30:00,1183,1183,1182,1182,79
2026-01-28 15:40:00,1182,1182,1181,1181,80
2026-01-28 15:50:00,1183,1183,1182,1182,22
2026-01-28 16:00:00,1182,1182,1181,1181,81
2026-01-28 16:10:00,1180,1182,1180,1181,1004
2026-01-28 16:30:00,1182,1182,1182,1182,400
2026-01-28 16:40:00,1181,1181,1180,1181,27
2026-01-28 16:50:00,1180,1180,1180,1180,72
2026-01-28 17:00:00,1180,1181,1179,1181,10
2026-01-28 17:10:00,1180,1180,1179,1179,49
2026-01-28 17:20:00,1179,1181,1179,1181,545
2026-01-28 17:30:00,1180,1183,1180,1182,622
2026-01-28 17:40:00,1182,1183,1182,1183,5
2026-01-28 17:50:00,1183,1183,1183,1183,8
2026-01-28 18:00:00,1183,1185,1183,1183,610
2026-01-28 18:10:00,1181,1181,1181,1181,5
2026-01-28 18:20:00,1183,1184,1183,1184,169
2026-01-28 18:30:00,1183,1185,1178,1179,3109
2026-01-28 19:10:00,1183,1183,1183,1183,22
2026-01-28 19:20:00,1183,1185,1182,1182,385
2026-01-28 19:30:00,1182,1182,1181,1181,118
2026-01-28 19:40:00,1183,1183,1183,1183,1
2026-01-28 20:00:00,1182,1185,1182,1185,1091
2026-01-28 20:10:00,1185,1185,1185,1185,4
2026-01-28 20:40:00,1184,1184,1184,1184,50
2026-01-28 21:00:00,1184,1185,1184,1185,2
2026-01-28 21:20:00,1185,1185,1184,1185,251
2026-01-28 21:30:00,1184,1184,1184,1184,48
2026-01-28 22:10:00,1184,1185,1184,1184,32
2026-01-28 22:30:00,1185,1185,1185,1185,1
2026-01-28 22:40:00,1183,1183,1183,1183,326
2026-01-28 23:00:00,1184,1184,1184,1184,1
2026-01-28 23:20:00,1182,1182,1182,1182,1
2026-01-28 23:30:00,1183,1183,1183,1183,100
2026-01-28 23:40:00,1183,1184,1183,1183,666
2026-01-29 08:50:00,1188,1188,1188,1188,2
2026-01-29 09:00:00,1188,1188,1184,1184,101
2026-01-29 09:10:00,1184,1184,1184,1184,31
2026-01-29 09:20:00,1186,1189,1186,1189,5
2026-01-29 09:30:00,1187,1187,1187,1187,8
2026-01-29 09:40:00,1187,1191,1187,1191,566
2026-01-29 09:50:00,1191,1191,1189,1189,54
2026-01-29 10:00:00,1188,1196,1188,1193,782
2026-01-29 10:10:00,1192,1192,1190,1190,785
2026-01-29 10:20:00,1191,1199,1191,1195,1727
2026-01-29 10:30:00,1197,1199,1195,1195,2237
2026-01-29 10:40:00,1195,1197,1195,1195,408
2026-01-29 10:50:00,1195,1195,1194,1194,52
2026-01-29 11:00:00,1196,1197,1194,1196,656
2026-01-29 11:10:00,1197,1199,1196,1199,740
2026-01-29 11:20:00,1197,1197,1196,1196,224
2026-01-29 11:30:00,1197,1197,1196,1196,1707
2026-01-29 11:40:00,1196,1198,1196,1197,20
2026-01-29 11:50:00,1199,1200,1198,1199,352
2026-01-29 12:00:00,1199,1200,1198,1198,353
2026-01-29 12:10:00,1197,1198,1197,1198,98
2026-01-29 12:20:00,1198,1198,1196,1198,337
2026-01-29 12:30:00,1197,1198,1195,1195,501
2026-01-29 12:40:00,1195,1196,1195,1196,7
2026-01-29 12:50:00,1197,1197,1197,1197,55
2026-01-29 13:00:00,1197,1197,1196,1196,9
2026-01-29 13:10:00,1197,1198,1197,1198,85
2026-01-29 13:20:00,1197,1199,1197,1198,715
2026-01-29 13:30:00,1199,1200,1197,1199,683
2026-01-29 13:50:00,1201,1201,1199,1199,193
2026-01-29 14:00:00,1198,1198,1198,1198,10
2026-01-29 14:10:00,1200,1201,1197,1198,629
2026-01-29 14:20:00,1198,1201,1198,1200,489
2026-01-29 14:30:00,1200,1201,1199,1201,162
2026-01-29 14:40:00,1200,1201,1198,1198,273
2026-01-29 14:50:00,1197,1200,1197,1198,260
2026-01-29 15:00:00,1198,1200,1198,1198,380
2026-01-29 15:10:00,1198,1200,1198,1200,48
2026-01-29 15:20:00,1200,1201,1199,1200,31
2026-01-29 15:30:00,1200,1203,1200,1200,2393
2026-01-29 15:40:00,1200,1200,1200,1200,110
2026-01-29 15:50:00,1201,1202,1200,1201,42
2026-01-29 16:00:00,1202,1203,1202,1203,180
2026-01-29 16:10:00,1203,1203,1202,1202,48
2026-01-29 16:20:00,1201,1202,1201,1202,36
2026-01-29 16:30:00,1201,1203,1201,1203,274
2026-01-29 16:40:00,1204,1209,1203,1208,1694
2026-01-29 16:50:00,1208,1219,1208,1215,2614
2026-01-29 17:00:00,1216,1217,1214,1216,661
2026-01-29 17:10:00,1217,1217,1213,1215,1941
2026-01-29 17:20:00,1216,1218,1214,1218,2025
2026-01-29 17:30:00,1217,1217,1209,1209,368
2026-01-29 17:40:00,1210,1214,1208,1213,246
2026-01-29 17:50:00,1213,1215,1213,1215,532
2026-01-29 18:00:00,1214,1214,1205,1205,502
2026-01-29 18:10:00,1205,1205,1195,1195,2071
2026-01-29 18:20:00,1195,1197,1189,1189,2299
2026-01-29 18:30:00,1189,1191,1182,1187,1923
2026-01-29 18:40:00,1191,1195,1189,1195,274
2026-01-29 19:00:00,1195,1195,1195,1195,34
2026-01-29 19:10:00,1195,1195,1191,1191,306
2026-01-29 19:20:00,1191,1192,1191,1192,50
2026-01-29 19:30:00,1191,1196,1191,1196,263
2026-01-29 19:40:00,1196,1196,1195,1196,34
2026-01-29 19:50:00,1195,1195,1195,1195,46
2026-01-29 20:00:00,1196,1196,1196,1196,401
2026-01-29 20:10:00,1199,1199,1199,1199,200
2026-01-29 20:20:00,1198,1198,1198,1198,20
2026-01-29 20:30:00,1197,1197,1197,1197,50
2026-01-29 20:40:00,1197,1197,1195,1196,234
2026-01-29 20:50:00,1194,1194,1193,1193,63
2026-01-29 21:00:00,1192,1194,1192,1194,13
2026-01-29 21:10:00,1194,1198,1194,1198,581
2026-01-29 21:20:00,1198,1198,1195,1197,40
2026-01-29 21:30:00,1196,1196,1192,1194,643
2026-01-29 21:40:00,1191,1191,1191,1191,5
2026-01-29 21:50:00,1193,1195,1193,1195,150
2026-01-29 22:00:00,1193,1193,1193,1193,2
2026-01-29 22:10:00,1194,1195,1194,1195,8
2026-01-29 22:20:00,1196,1196,1196,1196,1
2026-01-29 22:30:00,1196,1197,1196,1196,89
2026-01-29 22:40:00,1198,1198,1198,1198,95
2026-01-29 22:50:00,1199,1202,1199,1202,277
2026-01-29 23:00:00,1202,1203,1199,1199,215
2026-01-29 23:10:00,1203,1207,1203,1206,464
2026-01-29 23:20:00,1207,1209,1207,1208,464
2026-01-29 23:30:00,1206,1210,1206,1210,64
2026-01-29 23:40:00,1210,1210,1210,1210,30
2026-01-30 08:50:00,1223,1223,1223,1223,116
2026-01-30 09:00:00,1223,1226,1218,1218,1576
2026-01-30 09:10:00,1218,1220,1218,1218,537
2026-01-30 09:20:00,1218,1222,1218,1222,1168
2026-01-30 09:30:00,1221,1223,1221,1223,1217
2026-01-30 09:40:00,1222,1222,1221,1221,267
2026-01-30 09:50:00,1221,1221,1219,1219,513
2026-01-30 10:00:00,1218,1219,1213,1213,862
2026-01-30 10:10:00,1213,1213,1206,1208,4573
2026-01-30 10:20:00,1207,1216,1207,1216,666
2026-01-30 10:30:00,1216,1216,1209,1209,173
2026-01-30 10:40:00,1208,1209,1207,1207,90
2026-01-30 10:50:00,1208,1214,1208,1213,663
2026-01-30 11:00:00,1212,1212,1210,1210,11
2026-01-30 11:10:00,1210,1210,1207,1207,124
2026-01-30 11:20:00,1207,1209,1191,1193,7242
2026-01-30 11:30:00,1191,1192,1187,1192,876
2026-01-30 11:40:00,1192,1192,1187,1187,2660
2026-01-30 11:50:00,1189,1189,1187,1187,518
2026-01-30 12:00:00,1186,1186,1180,1185,2590
2026-01-30 12:10:00,1188,1188,1183,1184,1461
2026-01-30 12:20:00,1185,1186,1185,1186,156
2026-01-30 12:30:00,1188,1191,1187,1190,241
2026-01-30 12:40:00,1190,1190,1189,1190,211
2026-01-30 12:50:00,1190,1190,1187,1187,171
2026-01-30 13:00:00,1190,1192,1190,1191,193
2026-01-30 13:10:00,1191,1192,1191,1191,1005
2026-01-30 13:20:00,1190,1191,1190,1191,17
2026-01-30 13:30:00,1191,1194,1191,1192,555
2026-01-30 13:40:00,1194,1195,1193,1193,614
2026-01-30 13:50:00,1193,1193,1193,1193,62
2026-01-30 14:00:00,1194,1194,1194,1194,1
2026-01-30 14:10:00,1193,1193,1193,1193,2
2026-01-30 14:20:00,1193,1197,1192,1195,697
2026-01-30 14:30:00,1193,1195,1193,1195,17
2026-01-30 15:00:00,1193,1193,1193,1193,75
2026-01-30 15:10:00,1193,1195,1192,1195,326
2026-01-30 15:20:00,1195,1195,1191,1191,22
2026-01-30 15:30:00,1190,1190,1190,1190,79
2026-01-30 15:40:00,1190,1192,1188,1188,455
2026-01-30 15:50:00,1190,1193,1189,1193,685
2026-01-30 16:00:00,1191,1191,1191,1191,181
2026-01-30 16:20:00,1195,1195,1195,1195,1
2026-01-30 16:30:00,1196,1196,1196,1196,5
2026-01-30 16:40:00,1196,1197,1195,1195,326
2026-01-30 17:20:00,1195,1197,1195,1197,438
2026-01-30 17:30:00,1197,1197,1197,1197,1
2026-01-30 17:50:00,1194,1194,1192,1193,407
2026-01-30 18:00:00,1194,1194,1188,1188,411
2026-01-30 18:10:00,1192,1192,1192,1192,12
2026-01-30 18:20:00,1192,1192,1185,1189,446
2026-01-30 18:30:00,1187,1188,1186,1188,137
2026-01-30 18:40:00,1194,1194,1194,1194,45
2026-01-30 19:00:00,1188,1188,1187,1187,88
2026-01-30 19:10:00,1189,1189,1186,1186,153
2026-01-30 19:20:00,1186,1187,1185,1187,128
2026-01-30 19:30:00,1187,1187,1185,1185,44
2026-01-30 19:40:00,1185,1187,1184,1187,205
2026-01-30 19:50:00,1187,1187,1184,1184,136
2026-01-30 20:00:00,1183,1185,1183,1185,253
2026-01-30 20:10:00,1185,1185,1184,1184,61
2026-01-30 20:20:00,1185,1186,1183,1185,147
2026-01-30 20:30:00,1184,1184,1184,1184,1
2026-01-30 20:40:00,1183,1183,1181,1181,611
2026-01-30 20:50:00,1181,1181,1181,1181,48
2026-01-30 21:00:00,1180,1189,1180,1183,1061
2026-01-30 21:10:00,1182,1182,1178,1178,1334
2026-01-30 21:20:00,1178,1179,1178,1179,155
2026-01-30 21:30:00,1179,1183,1179,1183,323
2026-01-30 21:40:00,1181,1182,1181,1181,210
2026-01-30 21:50:00,1183,1183,1183,1183,10
2026-01-30 22:00:00,1183,1183,1181,1182,362
2026-01-30 22:10:00,1179,1181,1178,1181,152
2026-01-30 22:20:00,1184,1184,1184,1184,5
2026-01-30 22:30:00,1183,1183,1181,1181,64
2026-01-30 22:40:00,1186,1186,1186,1186,530
2026-01-30 22:50:00,1186,1186,1186,1186,279
2026-01-30 23:00:00,1187,1187,1183,1183,151
2026-01-30 23:10:00,1185,1185,1185,1185,9
2026-01-30 23:20:00,1185,1185,1185,1185,5
2026-01-30 23:30:00,1185,1185,1180,1180,679
2026-01-30 23:40:00,1181,1185,1178,1178,1351
2026-01-31 10:00:00,1182,1182,1181,1181,11
2026-01-31 10:20:00,1184,1186,1184,1186,18
2026-01-31 10:30:00,1181,1181,1181,1181,3
2026-01-31 10:40:00,1181,1185,1181,1185,25
2026-01-31 10:50:00,1186,1186,1186,1186,1
2026-01-31 11:10:00,1185,1185,1185,1185,10
2026-01-31 11:30:00,1183,1183,1181,1181,86
2026-01-31 14:30:00,1182,1182,1182,1182,100
2026-01-31 15:20:00,1183,1183,1183,1183,30
2026-01-31 15:40:00,1186,1186,1186,1186,100
2026-01-31 16:30:00,1185,1185,1185,1185,5
2026-01-31 17:30:00,1185,1185,1185,1185,46
2026-01-31 18:30:00,1182,1185,1182,1185,114
2026-01-31 18:40:00,1183,1186,1183,1186,40
2026-02-01 10:50:00,1186,1186,1186,1186,1
2026-02-01 11:00:00,1186,1187,1186,1187,242
2026-02-01 11:10:00,1187,1187,1181,1181,140
2026-02-01 11:20:00,1187,1187,1187,1187,20
2026-02-01 11:30:00,1186,1186,1186,1186,1700
2026-02-01 11:40:00,1186,1188,1186,1188,2800
2026-02-01 11:50:00,1188,1189,1188,1189,790
2026-02-01 12:10:00,1188,1189,1188,1189,1425
2026-02-01 12:20:00,1184,1184,1183,1183,20
2026-02-01 12:30:00,1183,1187,1183,1187,18
2026-02-01 12:40:00,1183,1184,1183,1184,11
2026-02-01 12:50:00,1187,1187,1187,1187,1
2026-02-01 13:00:00,1184,1184,1183,1183,791
2026-02-01 13:20:00,1187,1188,1187,1188,500
2026-02-01 13:40:00,1192,1192,1190,1190,10
2026-02-01 13:50:00,1193,1194,1190,1190,350
2026-02-01 14:00:00,1191,1194,1188,1194,1724
2026-02-01 14:10:00,1194,1194,1190,1190,333
2026-02-01 14:30:00,1194,1194,1194,1194,1003
2026-02-01 14:40:00,1191,1191,1191,1191,1
2026-02-01 14:50:00,1191,1191,1188,1188,10
2026-02-01 15:40:00,1189,1193,1189,1193,104
2026-02-01 15:50:00,1193,1193,1193,1193,10
2026-02-01 16:10:00,1190,1190,1190,1190,4
2026-02-01 16:40:00,1190,1190,1190,1190,31
2026-02-01 16:50:00,1192,1192,1192,1192,100
2026-02-01 17:00:00,1190,1190,1187,1187,500
2026-02-01 17:10:00,1192,1192,1192,1192,1
2026-02-01 18:00:00,1192,1192,1192,1192,10
2026-02-01 18:10:00,1192,1192,1192,1192,150
2026-02-01 18:40:00,1193,1194,1189,1189,102
2026-02-01 18:50:00,1195,1195,1195,1195,10
2026-02-02 08:50:00,1188,1188,1188,1188,31
2026-02-02 09:00:00,1184,1186,1180,1183,883
2026-02-02 09:10:00,1185,1185,1177,1179,448
2026-02-02 09:20:00,1178,1180,1176,1179,2062
2026-02-02 09:30:00,1179,1180,1179,1180,300
2026-02-02 09:40:00,1177,1179,1176,1179,318
2026-02-02 09:50:00,1177,1178,1177,1178,37
2026-02-02 10:00:00,1177,1179,1177,1178,93
2026-02-02 10:10:00,1178,1178,1175,1175,1425
2026-02-02 10:20:00,1174,1175,1173,1173,513
2026-02-02 10:30:00,1179,1179,1179,1179,1
2026-02-02 10:40:00,1179,1184,1179,1183,1199
2026-02-02 11:00:00,1183,1183,1181,1183,674
2026-02-02 11:10:00,1179,1179,1179,1179,45
2026-02-02 11:20:00,1179,1179,1179,1179,35
2026-02-02 11:30:00,1179,1180,1179,1180,84
2026-02-02 11:40:00,1181,1182,1179,1181,255
2026-02-02 11:50:00,1179,1179,1177,1177,430
2026-02-02 12:00:00,1180,1180,1180,1180,10
2026-02-02 12:10:00,1180,1180,1180,1180,5
2026-02-02 12:20:00,1181,1181,1181,1181,15
2026-02-02 12:30:00,1183,1183,1181,1181,16
2026-02-02 12:40:00,1183,1184,1183,1183,258
2026-02-02 12:50:00,1183,1184,1183,1184,346
2026-02-02 13:00:00,1184,1184,1182,1182,197
2026-02-02 13:10:00,1184,1185,1184,1185,510
2026-02-02 13:20:00,1182,1182,1182,1182,5
2026-02-02 13:30:00,1183,1183,1182,1183,127
2026-02-02 13:40:00,1182,1182,1181,1181,200
2026-02-02 13:50:00,1183,1183,1181,1181,3
2026-02-02 14:00:00,1181,1181,1180,1180,205
2026-02-02 14:10:00,1179,1179,1179,1179,70
2026-02-02 14:20:00,1181,1181,1181,1181,25
2026-02-02 14:30:00,1180,1180,1180,1180,1
2026-02-02 15:00:00,1181,1181,1178,1178,951
2026-02-02 15:10:00,1178,1179,1177,1179,281
2026-02-02 15:20:00,1178,1179,1178,1179,215
2026-02-02 15:30:00,1179,1179,1176,1176,106
2026-02-02 15:40:00,1178,1181,1178,1180,610
2026-02-02 15:50:00,1181,1181,1181,1181,11
2026-02-02 16:00:00,1177,1178,1177,1177,1122
2026-02-02 16:10:00,1178,1178,1177,1177,1056
2026-02-02 16:20:00,1179,1179,1177,1178,566
2026-02-02 16:40:00,1178,1178,1177,1177,140
2026-02-02 16:50:00,1177,1177,1177,1177,10
2026-02-02 17:00:00,1177,1179,1176,1178,1697
2026-02-02 17:10:00,1179,1179,1177,1177,8
2026-02-02 17:20:00,1177,1179,1177,1177,13
2026-02-02 17:40:00,1176,1179,1176,1178,1690
2026-02-02 17:50:00,1177,1177,1177,1177,4072
2026-02-02 18:00:00,1176,1177,1174,1176,4107
2026-02-02 18:10:00,1175,1175,1174,1174,55
2026-02-02 18:20:00,1176,1176,1175,1175,20
2026-02-02 18:30:00,1174,1177,1174,1177,120
2026-02-02 18:40:00,1177,1177,1177,1177,56
2026-02-02 19:00:00,1178,1178,1178,1178,15
2026-02-02 19:10:00,1178,1180,1178,1180,781
2026-02-02 19:20:00,1180,1184,1180,1181,2680
2026-02-02 19:30:00,1183,1183,1180,1180,55
2026-02-02 19:40:00,1182,1184,1181,1182,355
2026-02-02 19:50:00,1183,1187,1183,1186,5835
2026-02-02 20:00:00,1186,1186,1182,1183,620
2026-02-02 20:10:00,1182,1184,1182,1184,43
2026-02-02 20:20:00,1182,1182,1182,1182,10
2026-02-02 20:30:00,1184,1184,1184,1184,10
2026-02-02 20:40:00,1187,1188,1187,1187,1992
2026-02-02 20:50:00,1188,1188,1188,1188,10
2026-02-02 21:10:00,1187,1187,1183,1183,54
2026-02-02 21:30:00,1183,1183,1183,1183,30
2026-02-02 21:50:00,1187,1189,1187,1188,323
2026-02-02 22:00:00,1188,1190,1188,1190,606
2026-02-02 22:10:00,1188,1191,1188,1191,1716
2026-02-02 22:20:00,1191,1193,1189,1190,226
2026-02-02 22:30:00,1193,1200,1193,1200,3193
2026-02-02 22:40:00,1199,1204,1198,1204,1401
2026-02-02 22:50:00,1203,1205,1203,1204,99
2026-02-02 23:00:00,1204,1204,1201,1202,1806
2026-02-02 23:10:00,1198,1198,1198,1198,410
2026-02-02 23:20:00,1198,1202,1196,1197,2047
2026-02-02 23:30:00,1199,1200,1199,1199,102
2026-02-02 23:40:00,1197,1197,1196,1197,167
2026-02-03 08:50:00,1210,1210,1210,1210,100
2026-02-03 09:00:00,1210,1213,1205,1205,6841
2026-02-03 09:10:00,1205,1211,1204,1208,2640
2026-02-03 09:20:00,1209,1211,1206,1206,262
2026-02-03 09:30:00,1206,1206,1204,1204,1361
2026-02-03 09:40:00,1206,1209,1204,1209,2950
2026-02-03 09:50:00,1206,1216,1206,1214,3973
2026-02-03 10:00:00,1214,1216,1211,1213,1936
2026-02-03 10:10:00,1209,1212,1208,1210,3062
2026-02-03 10:20:00,1211,1212,1200,1208,1993
2026-02-03 10:30:00,1206,1206,1205,1206,194
2026-02-03 10:40:00,1206,1207,1204,1204,2318
2026-02-03 10:50:00,1208,1213,1207,1213,2568
2026-02-03 11:00:00,1212,1221,1212,1214,10118
2026-02-03 11:10:00,1214,1216,1207,1210,1901
2026-02-03 11:20:00,1211,1216,1211,1216,1217
2026-02-03 11:30:00,1216,1217,1214,1214,149
2026-02-03 11:40:00,1214,1221,1214,1221,1768
2026-02-03 11:50:00,1219,1221,1218,1219,1587
2026-02-03 12:00:00,1218,1220,1215,1220,2527
2026-02-03 12:10:00,1220,1222,1220,1220,3277
2026-02-03 12:20:00,1220,1220,1216,1217,289
2026-02-03 12:30:00,1217,1217,1214,1216,541
2026-02-03 12:40:00,1215,1218,1214,1217,2172
2026-02-03 12:50:00,1215,1217,1214,1214,2480
2026-02-03 13:00:00,1217,1222,1216,1218,9993
2026-02-03 13:10:00,1219,1220,1218,1219,819
2026-02-03 13:20:00,1219,1220,1219,1219,83
2026-02-03 13:30:00,1219,1219,1215,1215,626
2026-02-03 13:40:00,1216,1217,1215,1215,2455
2026-02-03 13:50:00,1215,1216,1210,1210,5678
2026-02-03 14:00:00,1210,1212,1210,1212,414
2026-02-03 14:10:00,1212,1212,1212,1212,155
2026-02-03 14:20:00,1215,1216,1214,1214,206
2026-02-03 14:30:00,1214,1217,1212,1213,1031
2026-02-03 14:40:00,1213,1213,1209,1210,273
2026-02-03 14:50:00,1211,1213,1211,1213,14
2026-02-03 15:00:00,1212,1213,1212,1213,5
2026-02-03 15:10:00,1213,1217,1211,1211,349
2026-02-03 15:20:00,1211,1212,1209,1209,363
2026-02-03 15:30:00,1209,1209,1204,1204,1517
2026-02-03 15:40:00,1206,1206,1205,1206,99
2026-02-03 15:50:00,1205,1207,1205,1207,61
2026-02-03 16:00:00,1206,1206,1199,1201,2008
2026-02-03 16:10:00,1202,1207,1200,1207,216
2026-02-03 16:20:00,1206,1207,1205,1207,108
2026-02-03 16:30:00,1205,1207,1204,1207,342
2026-02-03 16:40:00,1206,1209,1206,1207,190
2026-02-03 16:50:00,1206,1206,1203,1206,553
2026-02-03 17:00:00,1206,1206,1199,1202,9077
2026-02-03 17:10:00,1201,1204,1199,1199,54
2026-02-03 17:20:00,1199,1204,1196,1204,7954
2026-02-03 17:30:00,1203,1203,1202,1202,757
2026-02-03 17:40:00,1203,1208,1203,1208,4478
2026-02-03 17:50:00,1209,1210,1208,1208,2860
2026-02-03 18:00:00,1208,1208,1208,1208,1137
2026-02-03 18:10:00,1208,1210,1207,1210,1130
2026-02-03 18:20:00,1210,1214,1209,1214,883
2026-02-03 18:30:00,1212,1213,1209,1210,421
2026-02-03 18:40:00,1209,1213,1209,1213,171
2026-02-03 19:10:00,1211,1211,1209,1209,15
2026-02-03 19:20:00,1210,1210,1210,1210,25
2026-02-03 19:40:00,1208,1208,1208,1208,2
2026-02-03 20:00:00,1207,1209,1206,1206,216
2026-02-03 20:10:00,1206,1206,1206,1206,120
2026-02-03 20:20:00,1208,1208,1207,1207,234
2026-02-03 20:30:00,1206,1207,1206,1207,46
2026-02-03 20:40:00,1207,1207,1204,1204,309
2026-02-03 20:50:00,1204,1204,1204,1204,111
2026-02-03 21:00:00,1203,1204,1203,1204,45
2026-02-03 21:10:00,1204,1205,1204,1205,329
2026-02-03 21:20:00,1206,1207,1206,1207,400
2026-02-03 21:30:00,1207,1207,1204,1204,4473
2026-02-03 21:40:00,1204,1204,1203,1204,181
2026-02-03 21:50:00,1206,1206,1206,1206,10
2026-02-03 22:00:00,1207,1210,1206,1206,184
2026-02-03 22:10:00,1206,1208,1205,1208,326
2026-02-03 22:20:00,1209,1210,1209,1210,190
2026-02-03 22:30:00,1210,1210,1210,1210,15
2026-02-03 22:50:00,1209,1209,1206,1206,124
2026-02-03 23:10:00,1208,1208,1208,1208,80
2026-02-03 23:20:00,1208,1208,1207,1207,220
2026-02-03 23:30:00,1207,1207,1207,1207,24
2026-02-03 23:40:00,1207,1209,1207,1209,321
2026-02-04 08:50:00,1212,1212,1212,1212,2
2026-02-04 09:00:00,1212,1218,1212,1216,652
2026-02-04 09:10:00,1217,1218,1213,1216,536
2026-02-04 09:20:00,1214,1217,1214,1214,184
2026-02-04 09:30:00,1214,1215,1212,1215,283
2026-02-04 09:40:00,1216,1217,1214,1214,601
2026-02-04 09:50:00,1218,1229,1218,1229,12179
2026-02-04 10:00:00,1229,1230,1221,1223,1845
2026-02-04 10:10:00,1221,1223,1216,1223,807
2026-02-04 10:20:00,1223,1224,1222,1222,2224
2026-02-04 10:30:00,1222,1224,1221,1224,264
2026-02-04 10:40:00,1224,1224,1223,1224,2156
2026-02-04 10:50:00,1224,1224,1222,1224,953
2026-02-04 11:00:00,1223,1237,1223,1228,13657
2026-02-04 11:10:00,1228,1228,1225,1227,1151
2026-02-04 11:20:00,1224,1227,1223,1225,3743
2026-02-04 11:30:00,1224,1226,1222,1223,1029
2026-02-04 11:40:00,1223,1226,1218,1221,8377
2026-02-04 11:50:00,1222,1223,1221,1221,594
2026-02-04 12:00:00,1222,1223,1220,1223,3558
2026-02-04 12:10:00,1221,1223,1220,1220,286
2026-02-04 12:20:00,1222,1222,1220,1220,140
2026-02-04 12:30:00,1221,1224,1221,1223,420
2026-02-04 12:40:00,1221,1221,1219,1219,204
2026-02-04 12:50:00,1219,1222,1218,1221,313
2026-02-04 13:00:00,1219,1220,1217,1220,311
2026-02-04 13:10:00,1219,1223,1219,1223,3187
2026-02-04 13:20:00,1223,1227,1222,1222,2890
2026-02-04 13:30:00,1222,1226,1222,1224,1060
2026-02-04 13:40:00,1224,1225,1221,1224,826
2026-02-04 13:50:00,1223,1225,1221,1221,228
2026-02-04 14:00:00,1220,1220,1220,1220,1
2026-02-04 14:10:00,1223,1226,1220,1220,750
2026-02-04 14:20:00,1219,1221,1216,1217,1896
2026-02-04 14:30:00,1216,1221,1216,1220,706
2026-02-04 14:40:00,1222,1253,1222,1250,10974
2026-02-04 14:50:00,1250,1253,1246,1246,6547
2026-02-04 15:00:00,1247,1263,1247,1256,11895
2026-02-04 15:10:00,1257,1270,1256,1259,6383
2026-02-04 15:20:00,1259,1268,1255,1262,16193
2026-02-04 15:30:00,1262,1263,1254,1254,6615
2026-02-04 15:40:00,1256,1259,1252,1259,5146
2026-02-04 15:50:00,1257,1259,1255,1259,3336
2026-02-04 16:00:00,1257,1258,1252,1258,3366
2026-02-04 16:10:00,1257,1257,1248,1251,2191
2026-02-04 16:20:00,1252,1255,1249,1252,3337
2026-02-04 16:30:00,1250,1253,1249,1251,381
2026-02-04 16:40:00,1254,1260,1254,1259,10416
2026-02-04 16:50:00,1260,1260,1258,1258,7101
2026-02-04 17:00:00,1259,1260,1255,1257,863
2026-02-04 17:10:00,1257,1259,1257,1259,253
2026-02-04 17:20:00,1259,1269,1259,1265,4607
2026-02-04 17:30:00,1264,1265,1261,1261,1211
2026-02-04 17:40:00,1262,1264,1259,1259,983
2026-02-04 17:50:00,1260,1273,1260,1268,5971
2026-02-04 18:00:00,1268,1276,1266,1272,11349
2026-02-04 18:10:00,1271,1273,1269,1272,2674
2026-02-04 18:20:00,1270,1275,1270,1271,2663
2026-02-04 18:30:00,1272,1276,1270,1276,1775
2026-02-04 18:40:00,1274,1276,1270,1270,1048
2026-02-04 19:00:00,1270,1272,1262,1264,2248
2026-02-04 19:10:00,1262,1267,1261,1265,2277
2026-02-04 19:20:00,1261,1263,1253,1253,4595
2026-02-04 19:30:00,1253,1262,1253,1258,3578
2026-02-04 19:40:00,1258,1264,1258,1262,1276
2026-02-04 19:50:00,1261,1264,1258,1262,1315
2026-02-04 20:00:00,1262,1262,1258,1258,2536
2026-02-04 20:10:00,1259,1262,1256,1258,1684
2026-02-04 20:20:00,1258,1259,1256,1256,351
2026-02-04 20:30:00,1259,1260,1255,1260,3887
2026-02-04 20:40:00,1256,1256,1244,1248,3281
2026-02-04 20:50:00,1247,1253,1245,1251,973
2026-02-04 21:00:00,1250,1251,1240,1251,1978
2026-02-04 21:10:00,1252,1253,1250,1253,276
2026-02-04 21:20:00,1253,1255,1251,1254,689
2026-02-04 21:30:00,1253,1254,1247,1253,6304
2026-02-04 21:40:00,1251,1251,1246,1246,2709
2026-02-04 21:50:00,1249,1249,1246,1247,61
2026-02-04 22:00:00,1246,1248,1244,1248,205
2026-02-04 22:10:00,1245,1246,1244,1245,927
2026-02-04 22:20:00,1244,1245,1240,1243,4983
2026-02-04 22:30:00,1244,1245,1244,1245,169
2026-02-04 22:40:00,1242,1242,1240,1242,171
2026-02-04 22:50:00,1240,1240,1235,1238,1464
2026-02-04 23:00:00,1237,1242,1237,1242,2209
2026-02-04 23:10:00,1242,1245,1241,1244,940
2026-02-04 23:20:00,1241,1249,1241,1248,3354
2026-02-04 23:30:00,1246,1247,1243,1246,365
2026-02-04 23:40:00,1246,1247,1246,1247,14
2026-02-05 09:00:00,1249,1249,1233,1240,2935
2026-02-05 09:10:00,1241,1241,1234,1237,2410
2026-02-05 09:20:00,1235,1236,1229,1236,1382
2026-02-05 09:30:00,1236,1237,1233,1234,716
2026-02-05 09:40:00,1234,1238,1234,1238,270
2026-02-05 09:50:00,1238,1241,1237,1237,412
2026-02-05 10:00:00,1237,1238,1231,1231,4552
2026-02-05 10:10:00,1231,1231,1228,1229,1694
2026-02-05 10:20:00,1230,1236,1230,1234,1987
2026-02-05 10:30:00,1234,1241,1234,1236,3571
2026-02-05 10:40:00,1237,1241,1236,1238,433
2026-02-05 10:50:00,1238,1245,1236,1242,1867
2026-02-05 11:00:00,1240,1242,1237,1237,1221
2026-02-05 11:10:00,1237,1239,1236,1236,229
2026-02-05 11:20:00,1236,1237,1231,1233,528
2026-02-05 11:30:00,1233,1234,1231,1232,977
2026-02-05 11:40:00,1233,1241,1231,1233,2636
2026-02-05 11:50:00,1234,1243,1233,1239,4655
2026-02-05 12:00:00,1238,1241,1235,1235,1490
2026-02-05 12:10:00,1234,1234,1234,1234,3
2026-02-05 12:20:00,1236,1238,1236,1237,149
2026-02-05 12:30:00,1237,1240,1236,1238,60
2026-02-05 12:40:00,1235,1235,1233,1233,174
2026-02-05 12:50:00,1232,1233,1229,1230,672
2026-02-05 13:00:00,1232,1233,1230,1233,4103
2026-02-05 13:10:00,1231,1233,1230,1230,367
2026-02-05 13:20:00,1231,1231,1228,1230,5047
2026-02-05 13:30:00,1230,1233,1224,1232,5883
2026-02-05 13:40:00,1230,1232,1229,1231,1592
2026-02-05 13:50:00,1230,1232,1226,1227,3822
2026-02-05 14:00:00,1229,1231,1228,1231,429
2026-02-05 14:10:00,1231,1231,1227,1227,93
2026-02-05 14:20:00,1228,1232,1228,1231,2961
2026-02-05 14:30:00,1231,1231,1223,1224,1218
2026-02-05 14:40:00,1226,1228,1223,1223,1928
2026-02-05 14:50:00,1223,1227,1223,1227,222
2026-02-05 15:00:00,1227,1228,1223,1223,388
2026-02-05 15:10:00,1223,1226,1223,1224,1461
2026-02-05 15:20:00,1225,1229,1224,1229,833
2026-02-05 15:30:00,1228,1228,1225,1225,243
2026-02-05 15:40:00,1225,1229,1223,1229,922
2026-02-05 15:50:00,1227,1227,1225,1226,408
2026-02-05 16:00:00,1228,1230,1228,1228,1400
2026-02-05 16:10:00,1228,1228,1227,1227,1342
2026-02-05 16:20:00,1227,1227,1227,1227,20
2026-02-05 16:30:00,1227,1231,1226,1227,5731
2026-02-05 16:40:00,1226,1229,1223,1229,6284
2026-02-05 16:50:00,1228,1229,1223,1227,3892
2026-02-05 17:00:00,1227,1227,1221,1225,4508
2026-02-05 17:10:00,1223,1227,1222,1224,977
2026-02-05 17:20:00,1225,1226,1221,1226,373
2026-02-05 17:30:00,1224,1229,1224,1228,191
2026-02-05 17:40:00,1228,1236,1227,1235,1599
2026-02-05 17:50:00,1237,1240,1234,1240,8333
2026-02-05 18:00:00,1239,1241,1235,1235,1352
2026-02-05 18:10:00,1236,1237,1234,1234,956
2026-02-05 18:20:00,1233,1236,1232,1233,4454
2026-02-05 18:30:00,1233,1233,1228,1229,1815
2026-02-05 18:40:00,1232,1235,1229,1234,714
2026-02-05 19:00:00,1234,1234,1231,1231,394
2026-02-05 19:10:00,1233,1236,1229,1229,3261
2026-02-05 19:20:00,1233,1233,1230,1232,744
2026-02-05 19:30:00,1230,1235,1230,1235,155
2026-02-05 19:40:00,1234,1234,1232,1232,250
2026-02-05 19:50:00,1232,1237,1232,1236,2131
2026-02-05 20:00:00,1235,1235,1232,1232,313
2026-02-05 20:10:00,1232,1235,1232,1235,20
2026-02-05 20:30:00,1236,1236,1233,1233,729
2026-02-05 20:40:00,1235,1235,1230,1230,362
2026-02-05 20:50:00,1231,1238,1231,1238,878
2026-02-05 21:00:00,1238,1241,1237,1237,1626
2026-02-05 21:10:00,1239,1239,1239,1239,15
2026-02-05 21:20:00,1239,1240,1238,1238,648
2026-02-05 21:30:00,1240,1241,1238,1241,1085
2026-02-05 21:40:00,1241,1243,1239,1239,446
2026-02-05 21:50:00,1240,1241,1238,1238,1916
2026-02-05 22:00:00,1238,1238,1238,1238,324
2026-02-05 22:10:00,1238,1238,1238,1238,18
2026-02-05 22:20:00,1239,1243,1237,1242,2138
2026-02-05 22:30:00,1240,1240,1238,1240,330
2026-02-05 22:40:00,1238,1240,1237,1240,229
2026-02-05 22:50:00,1240,1240,1239,1239,31
2026-02-05 23:00:00,1240,1240,1240,1240,4
2026-02-05 23:10:00,1238,1238,1236,1236,214
2026-02-05 23:20:00,1236,1238,1236,1236,679
2026-02-05 23:30:00,1236,1236,1233,1235,374
2026-02-05 23:40:00,1233,1236,1233,1236,290
2026-02-06 09:00:00,1237,1242,1234,1234,3901
2026-02-06 09:10:00,1239,1246,1239,1243,2841
2026-02-06 09:20:00,1243,1246,1242,1245,327
2026-02-06 09:30:00,1246,1258,1246,1255,5986
2026-02-06 09:40:00,1255,1257,1253,1253,2241
2026-02-06 09:50:00,1251,1253,1249,1253,546
2026-02-06 10:00:00,1254,1255,1246,1246,4057
2026-02-06 10:10:00,1244,1250,1244,1248,1539
2026-02-06 10:20:00,1246,1246,1239,1245,3028
2026-02-06 10:30:00,1244,1244,1236,1239,3829
2026-02-06 10:40:00,1241,1243,1238,1241,622
2026-02-06 10:50:00,1241,1242,1233,1237,1504
2026-02-06 11:00:00,1238,1240,1235,1238,1291
2026-02-06 11:10:00,1239,1243,1239,1241,5078
2026-02-06 11:20:00,1244,1245,1244,1245,62
2026-02-06 11:30:00,1245,1247,1240,1240,3532
2026-02-06 11:40:00,1240,1240,1235,1235,455
2026-02-06 11:50:00,1235,1238,1230,1232,3216
2026-02-06 12:00:00,1232,1233,1229,1229,660
2026-02-06 12:10:00,1230,1231,1225,1226,2170
2026-02-06 12:20:00,1227,1227,1219,1222,2667
2026-02-06 12:30:00,1224,1231,1223,1228,2030
2026-02-06 12:40:00,1230,1230,1225,1229,3715
2026-02-06 12:50:00,1229,1229,1229,1229,10
2026-02-06 13:00:00,1228,1232,1228,1232,145
2026-02-06 13:10:00,1231,1231,1231,1231,46
2026-02-06 13:20:00,1231,1234,1230,1234,299
2026-02-06 13:30:00,1235,1236,1231,1231,990
2026-02-06 13:40:00,1232,1236,1232,1235,3978
2026-02-06 13:50:00,1233,1235,1232,1235,567
2026-02-06 14:00:00,1236,1236,1234,1234,159
2026-02-06 14:10:00,1235,1236,1233,1235,278
2026-02-06 14:20:00,1235,1235,1230,1232,285
2026-02-06 14:30:00,1231,1231,1229,1229,695
2026-02-06 14:40:00,1228,1229,1228,1228,368
2026-02-06 14:50:00,1228,1228,1223,1223,2317
2026-02-06 15:00:00,1224,1229,1222,1223,3393
2026-02-06 15:10:00,1225,1225,1221,1222,1522
2026-02-06 15:20:00,1224,1224,1224,1224,30
2026-02-06 15:30:00,1224,1225,1224,1225,46
2026-02-06 15:40:00,1226,1227,1225,1227,560
2026-02-06 15:50:00,1226,1227,1225,1225,937
2026-02-06 16:10:00,1224,1225,1222,1225,720
2026-02-06 16:20:00,1225,1225,1220,1223,7780
2026-02-06 16:30:00,1224,1226,1221,1225,11123
2026-02-06 16:40:00,1225,1226,1221,1222,2728
2026-02-06 16:50:00,1223,1224,1222,1224,376
2026-02-06 17:00:00,1224,1224,1216,1222,13043
2026-02-06 17:10:00,1221,1224,1221,1221,628
2026-02-06 17:20:00,1220,1225,1219,1225,4514
2026-02-06 17:30:00,1225,1226,1224,1226,129
2026-02-06 17:40:00,1226,1226,1223,1223,353
2026-02-06 17:50:00,1223,1224,1222,1224,36
2026-02-06 18:00:00,1224,1224,1222,1222,273
2026-02-06 18:10:00,1223,1223,1221,1223,249
2026-02-06 18:20:00,1224,1224,1224,1224,240
2026-02-06 18:30:00,1222,1222,1218,1219,2888
2026-02-06 18:40:00,1219,1219,1219,1219,75
2026-02-06 19:00:00,1219,1219,1218,1219,388
2026-02-06 19:10:00,1219,1224,1218,1222,1164
2026-02-06 19:20:00,1220,1220,1220,1220,8
2026-02-06 19:30:00,1220,1221,1219,1221,71
2026-02-06 19:40:00,1222,1224,1222,1224,205
2026-02-06 19:50:00,1221,1221,1221,1221,415
2026-02-06 20:00:00,1221,1221,1221,1221,621
2026-02-06 20:10:00,1224,1224,1224,1224,20
2026-02-06 20:20:00,1225,1226,1225,1225,953
2026-02-06 20:30:00,1225,1225,1220,1220,74
2026-02-06 20:40:00,1219,1220,1219,1220,9
2026-02-06 20:50:00,1220,1220,1219,1219,505
2026-02-06 21:00:00,1220,1220,1219,1219,59
2026-02-06 21:10:00,1219,1219,1217,1218,3912
2026-02-06 21:20:00,1218,1219,1217,1217,167
2026-02-06 21:30:00,1217,1219,1217,1219,16
2026-02-06 21:50:00,1220,1220,1220,1220,5
2026-02-06 22:00:00,1220,1221,1220,1221,240
2026-02-06 22:10:00,1221,1221,1221,1221,855
2026-02-06 22:20:00,1222,1222,1222,1222,185
2026-02-06 22:30:00,1222,1223,1222,1223,403
2026-02-06 22:40:00,1223,1223,1222,1222,104
2026-02-06 22:50:00,1220,1222,1218,1218,1375
2026-02-06 23:00:00,1218,1219,1218,1219,265
2026-02-06 23:10:00,1219,1219,1219,1219,2
2026-02-06 23:30:00,1219,1219,1217,1217,401
2026-02-06 23:40:00,1218,1223,1218,1218,564
2026-02-07 10:00:00,1221,1226,1221,1226,354
2026-02-07 10:10:00,1225,1226,1224,1224,531
2026-02-07 10:20:00,1225,1226,1225,1226,7
2026-02-07 10:30:00,1224,1224,1222,1224,81
2026-02-07 10:40:00,1224,1224,1224,1224,415
2026-02-07 10:50:00,1223,1223,1221,1221,127
2026-02-07 11:10:00,1221,1221,1221,1221,20
2026-02-07 11:50:00,1222,1224,1222,1224,60
2026-02-07 12:00:00,1225,1225,1225,1225,126
2026-02-07 12:10:00,1225,1225,1225,1225,20
2026-02-07 12:20:00,1225,1226,1225,1226,51
2026-02-07 12:30:00,1226,1227,1225,1225,669
2026-02-07 12:40:00,1224,1228,1224,1228,391
2026-02-07 12:50:00,1228,1228,1228,1228,466
2026-02-07 13:00:00,1229,1229,1225,1225,139
2026-02-07 13:10:00,1225,1225,1224,1224,475
2026-02-07 13:20:00,1226,1230,1226,1230,134
2026-02-07 13:30:00,1227,1229,1227,1229,104
2026-02-07 13:40:00,1230,1230,1229,1229,226
2026-02-07 13:50:00,1229,1229,1229,1229,39
2026-02-07 14:00:00,1227,1230,1227,1230,17
2026-02-07 14:10:00,1230,1230,1227,1227,75
2026-02-07 14:20:00,1227,1227,1227,1227,10
2026-02-07 14:30:00,1230,1231,1230,1231,571
2026-02-07 14:40:00,1231,1232,1231,1232,294
2026-02-07 14:50:00,1232,1232,1229,1232,329
2026-02-07 15:00:00,1232,1236,1232,1233,2428
2026-02-07 15:10:00,1231,1231,1230,1230,84
2026-02-07 15:30:00,1231,1231,1231,1231,4
2026-02-07 15:40:00,1231,1231,1231,1231,11
2026-02-07 15:50:00,1233,1233,1233,1233,15
2026-02-07 16:00:00,1230,1231,1230,1231,325
2026-02-07 16:10:00,1231,1231,1229,1229,104
2026-02-07 16:20:00,1231,1233,1231,1232,839
2026-02-07 16:40:00,1232,1232,1232,1232,1
2026-02-07 16:50:00,1232,1232,1229,1229,55
2026-02-07 17:00:00,1229,1229,1229,1229,10
2026-02-07 17:10:00,1231,1231,1231,1231,20
2026-02-07 17:30:00,1231,1231,1231,1231,10
2026-02-07 17:40:00,1230,1238,1230,1238,2000
2026-02-07 17:50:00,1232,1234,1231,1232,414
2026-02-07 18:00:00,1232,1233,1231,1232,1112
2026-02-07 18:10:00,1231,1231,1231,1231,152
2026-02-07 18:30:00,1230,1230,1230,1230,5
2026-02-07 18:40:00,1231,1231,1231,1231,28
2026-02-07 18:50:00,1230,1230,1230,1230,19
2026-02-08 10:00:00,1229,1238,1229,1233,1671
2026-02-08 10:10:00,1233,1240,1233,1238,2019
2026-02-08 10:20:00,1239,1239,1238,1239,548
2026-02-08 10:30:00,1237,1238,1233,1236,240
2026-02-08 10:40:00,1236,1239,1236,1238,1080
2026-02-08 10:50:00,1237,1238,1236,1236,16
2026-02-08 11:00:00,1237,1237,1236,1236,449
2026-02-08 11:10:00,1235,1236,1234,1234,423
2026-02-08 11:20:00,1234,1235,1233,1234,742
2026-02-08 11:30:00,1235,1235,1235,1235,100
2026-02-08 11:40:00,1236,1237,1236,1236,650
2026-02-08 11:50:00,1237,1242,1236,1238,4200
2026-02-08 12:00:00,1237,1237,1236,1237,392
2026-02-08 12:10:00,1237,1237,1236,1236,178
2026-02-08 12:20:00,1237,1237,1236,1236,278
2026-02-08 12:30:00,1236,1236,1235,1235,200
2026-02-08 12:40:00,1237,1237,1236,1236,330
2026-02-08 12:50:00,1238,1238,1237,1238,141
2026-02-08 13:00:00,1237,1238,1237,1238,294
2026-02-08 13:10:00,1238,1239,1233,1235,520
2026-02-08 13:20:00,1236,1238,1236,1238,57
2026-02-08 13:30:00,1239,1239,1239,1239,60
2026-02-08 13:40:00,1237,1238,1236,1238,455
2026-02-08 13:50:00,1238,1238,1236,1236,114
2026-02-08 14:00:00,1237,1237,1237,1237,90
2026-02-08 14:10:00,1236,1236,1230,1232,2430
2026-02-08 14:20:00,1231,1232,1229,1230,564
2026-02-08 14:30:00,1232,1232,1232,1232,20
2026-02-08 14:40:00,1232,1232,1232,1232,21
2026-02-08 14:50:00,1232,1233,1232,1232,44
2026-02-08 15:00:00,1233,1233,1233,1233,13
2026-02-08 15:10:00,1232,1232,1232,1232,2
2026-02-08 15:20:00,1232,1232,1232,1232,21
2026-02-08 15:30:00,1232,1232,1230,1230,300
2026-02-08 15:40:00,1230,1232,1230,1232,189
2026-02-08 15:50:00,1230,1231,1230,1231,340
2026-02-08 16:00:00,1230,1231,1230,1230,219
2026-02-08 16:10:00,1230,1230,1228,1228,291
2026-02-08 16:20:00,1227,1229,1227,1227,477
2026-02-08 16:30:00,1229,1229,1228,1228,81
2026-02-08 16:40:00,1227,1227,1224,1225,547
2026-02-08 16:50:00,1225,1228,1225,1228,224
2026-02-08 17:00:00,1228,1229,1228,1229,179
2026-02-08 17:10:00,1229,1230,1227,1227,98
2026-02-08 17:40:00,1229,1229,1228,1228,13
2026-02-08 18:10:00,1228,1228,1228,1228,9
2026-02-08 18:20:00,1230,1230,1230,1230,1
2026-02-08 18:30:00,1230,1230,1228,1230,15
2026-02-08 18:40:00,1230,1230,1230,1230,14
2026-02-08 18:50:00,1230,1230,1230,1230,90
2026-02-09 08:50:00,1232,1232,1232,1232,2
2026-02-09 09:00:00,1228,1228,1223,1224,1614
2026-02-09 09:10:00,1222,1223,1221,1221,460
2026-02-09 09:20:00,1223,1224,1221,1221,272
2026-02-09 09:30:00,1222,1225,1221,1225,1034
2026-02-09 09:40:00,1225,1233,1223,1231,1442
2026-02-09 09:50:00,1232,1239,1230,1232,2557
2026-02-09 10:00:00,1232,1232,1222,1222,4926
2026-02-09 10:10:00,1224,1226,1219,1221,2307
2026-02-09 10:20:00,1222,1225,1220,1220,2079
2026-02-09 10:30:00,1223,1226,1220,1226,1661
2026-02-09 10:40:00,1226,1226,1222,1223,1662
2026-02-09 10:50:00,1223,1228,1223,1226,223
2026-02-09 11:00:00,1225,1235,1224,1233,3034
2026-02-09 11:10:00,1233,1235,1230,1232,1166
2026-02-09 11:20:00,1231,1236,1231,1233,1131
2026-02-09 11:30:00,1231,1243,1229,1243,14853
2026-02-09 11:40:00,1243,1253,1240,1243,28051
2026-02-09 11:50:00,1243,1245,1238,1240,8306
2026-02-09 12:00:00,1242,1246,1241,1241,1394
2026-02-09 12:10:00,1241,1245,1239,1240,755
2026-02-09 12:20:00,1242,1243,1239,1240,4102
2026-02-09 12:30:00,1239,1239,1238,1239,191
2026-02-09 12:40:00,1240,1241,1238,1240,1139
2026-02-09 12:50:00,1240,1240,1233,1234,2511
2026-02-09 13:00:00,1234,1234,1228,1231,1193
2026-02-09 13:10:00,1232,1236,1231,1235,634
2026-02-09 13:20:00,1236,1238,1236,1237,535
2026-02-09 13:30:00,1237,1237,1232,1232,636
2026-02-09 13:40:00,1234,1237,1233,1237,444
2026-02-09 13:50:00,1237,1237,1237,1237,6
2026-02-09 14:00:00,1237,1237,1234,1236,1225
2026-02-09 14:10:00,1236,1236,1232,1233,2135
2026-02-09 14:20:00,1232,1232,1229,1232,852
2026-02-09 14:30:00,1234,1234,1232,1233,117
2026-02-09 14:40:00,1233,1236,1233,1233,66
2026-02-09 14:50:00,1232,1233,1232,1232,206
2026-02-09 15:00:00,1231,1232,1231,1232,95
2026-02-09 15:10:00,1232,1235,1232,1235,807
2026-02-09 15:20:00,1235,1236,1235,1235,535
2026-02-09 15:30:00,1237,1241,1236,1241,1670
2026-02-09 15:40:00,1240,1240,1238,1238,1486
2026-02-09 15:50:00,1239,1240,1237,1240,458
2026-02-09 16:00:00,1240,1240,1236,1240,738
2026-02-09 16:10:00,1239,1239,1236,1236,452
2026-02-09 16:20:00,1237,1238,1236,1236,415
2026-02-09 16:30:00,1236,1237,1233,1233,450
2026-02-09 16:40:00,1234,1238,1234,1236,481
2026-02-09 16:50:00,1236,1236,1234,1234,47
2026-02-09 17:00:00,1235,1235,1235,1235,15
2026-02-09 17:10:00,1236,1237,1235,1237,95
2026-02-09 17:20:00,1237,1239,1236,1237,712
2026-02-09 17:30:00,1237,1239,1237,1239,98
2026-02-09 17:40:00,1239,1239,1239,1239,147
2026-02-09 17:50:00,1240,1240,1235,1235,1992
2026-02-09 18:00:00,1235,1235,1229,1231,2229
2026-02-09 18:10:00,1231,1231,1228,1228,1036
2026-02-09 18:20:00,1229,1231,1228,1229,523
2026-02-09 18:30:00,1230,1232,1229,1232,562
2026-02-09 19:10:00,1234,1234,1232,1232,111
2026-02-09 19:20:00,1232,1237,1232,1237,471
2026-02-09 19:30:00,1237,1237,1236,1236,104
2026-02-09 19:40:00,1235,1236,1235,1235,203
2026-02-09 19:50:00,1235,1236,1231,1236,1038
2026-02-09 20:00:00,1234,1235,1232,1232,288
2026-02-09 20:10:00,1234,1234,1231,1231,401
2026-02-09 20:20:00,1231,1231,1231,1231,4
2026-02-09 20:30:00,1231,1234,1231,1234,30
2026-02-09 21:00:00,1234,1236,1234,1236,123
2026-02-09 21:10:00,1235,1235,1235,1235,3
2026-02-09 21:20:00,1235,1235,1235,1235,500
2026-02-09 21:40:00,1234,1234,1233,1233,192
2026-02-09 21:50:00,1232,1232,1232,1232,40
2026-02-09 22:30:00,1232,1232,1232,1232,81
2026-02-09 22:40:00,1231,1232,1231,1232,232
2026-02-09 22:50:00,1232,1233,1232,1233,137
2026-02-09 23:00:00,1233,1233,1233,1233,33
2026-02-09 23:10:00,1234,1235,1234,1235,104
2026-02-09 23:20:00,1234,1234,1233,1233,173
2026-02-09 23:30:00,1233,1233,1233,1233,39
2026-02-10 08:50:00,1247,1247,1247,1247,750
2026-02-10 09:00:00,1247,1248,1243,1246,6631
2026-02-10 09:10:00,1247,1248,1246,1247,1198
2026-02-10 09:20:00,1249,1253,1249,1251,4325
2026-02-10 09:30:00,1250,1250,1248,1250,231
2026-02-10 09:40:00,1250,1251,1245,1247,927
2026-02-10 09:50:00,1247,1248,1246,1248,323
2026-02-10 10:00:00,1248,1250,1245,1247,4016
2026-02-10 10:10:00,1246,1251,1246,1251,3010
2026-02-10 10:20:00,1251,1251,1250,1250,2862
2026-02-10 10:30:00,1251,1252,1249,1250,2513
2026-02-10 10:40:00,1250,1251,1249,1250,2088
2026-02-10 10:50:00,1250,1253,1248,1253,1647
2026-02-10 11:00:00,1250,1251,1248,1248,645
2026-02-10 11:10:00,1247,1247,1244,1245,552
2026-02-10 11:20:00,1245,1246,1245,1246,234
2026-02-10 11:30:00,1245,1249,1245,1245,1719
2026-02-10 11:40:00,1246,1246,1246,1246,26
2026-02-10 11:50:00,1247,1247,1246,1246,486
2026-02-10 12:00:00,1245,1247,1245,1245,186
2026-02-10 12:10:00,1245,1248,1245,1248,3850
2026-02-10 12:20:00,1248,1249,1245,1246,189
2026-02-10 12:30:00,1246,1246,1243,1243,555
2026-02-10 12:40:00,1245,1247,1239,1239,1488
2026-02-10 12:50:00,1240,1244,1237,1240,5070
2026-02-10 13:00:00,1241,1241,1234,1235,3765
2026-02-10 13:10:00,1237,1239,1230,1239,5608
2026-02-10 13:20:00,1237,1237,1228,1234,10429
2026-02-10 13:30:00,1235,1240,1233,1239,824
2026-02-10 13:40:00,1239,1239,1236,1236,89
2026-02-10 13:50:00,1237,1240,1233,1233,1968
2026-02-10 14:00:00,1236,1236,1236,1236,202
2026-02-10 14:10:00,1237,1238,1236,1238,390
2026-02-10 14:20:00,1239,1239,1238,1238,213
2026-02-10 14:30:00,1238,1238,1234,1236,897
2026-02-10 14:40:00,1234,1237,1233,1237,407
2026-02-10 14:50:00,1237,1240,1237,1237,1968
2026-02-10 15:00:00,1237,1237,1236,1237,229
2026-02-10 15:10:00,1237,1238,1235,1235,66
2026-02-10 15:20:00,1236,1240,1236,1240,828
2026-02-10 15:30:00,1240,1243,1239,1240,2754
2026-02-10 15:40:00,1239,1239,1238,1238,82
2026-02-10 15:50:00,1237,1238,1233,1236,737
2026-02-10 16:00:00,1236,1238,1233,1234,1863
2026-02-10 16:10:00,1235,1237,1235,1237,247
2026-02-10 16:20:00,1237,1238,1237,1237,1065
2026-02-10 16:30:00,1236,1237,1235,1237,290
2026-02-10 16:40:00,1235,1236,1234,1234,341
2026-02-10 16:50:00,1236,1236,1234,1234,525
2026-02-10 17:00:00,1235,1235,1235,1235,13
2026-02-10 17:10:00,1234,1235,1234,1234,157
2026-02-10 17:20:00,1236,1236,1236,1236,1
2026-02-10 17:30:00,1236,1236,1231,1231,1472
2026-02-10 17:40:00,1232,1234,1231,1232,910
2026-02-10 17:50:00,1232,1232,1232,1232,365
2026-02-10 18:00:00,1232,1237,1232,1235,617
2026-02-10 18:10:00,1235,1235,1233,1234,421
2026-02-10 18:20:00,1232,1235,1232,1235,425
2026-02-10 18:30:00,1233,1238,1233,1237,680
2026-02-10 19:00:00,1233,1236,1233,1236,127
2026-02-10 19:10:00,1233,1237,1233,1237,582
2026-02-10 19:20:00,1237,1237,1233,1236,924
2026-02-10 19:30:00,1235,1235,1235,1235,26
2026-02-10 19:40:00,1235,1235,1234,1235,55
2026-02-10 19:50:00,1236,1239,1233,1238,815
2026-02-10 20:00:00,1236,1236,1234,1236,157
2026-02-10 20:10:00,1234,1234,1234,1234,150
2026-02-10 20:20:00,1234,1234,1234,1234,102
2026-02-10 20:30:00,1236,1236,1236,1236,105
2026-02-10 20:40:00,1237,1237,1237,1237,39
2026-02-10 20:50:00,1235,1235,1233,1233,121
2026-02-10 21:00:00,1234,1234,1233,1233,151
2026-02-10 21:10:00,1235,1235,1235,1235,20
2026-02-10 21:20:00,1235,1235,1234,1234,100
2026-02-10 21:30:00,1236,1236,1236,1236,20
2026-02-10 21:50:00,1237,1237,1235,1235,155
2026-02-10 22:00:00,1235,1235,1235,1235,3
2026-02-10 22:10:00,1237,1237,1237,1237,107
2026-02-10 22:20:00,1237,1237,1235,1235,180
2026-02-10 22:40:00,1237,1237,1237,1237,53
2026-02-10 22:50:00,1237,1237,1237,1237,60
2026-02-10 23:00:00,1236,1236,1236,1236,1
2026-02-10 23:30:00,1237,1237,1236,1236,9
2026-02-10 23:40:00,1236,1236,1236,1236,50
2026-02-11 08:50:00,1244,1244,1244,1244,100
2026-02-11 09:00:00,1241,1247,1240,1246,6432
2026-02-11 09:10:00,1246,1246,1243,1245,1264
2026-02-11 09:20:00,1245,1245,1241,1242,604
2026-02-11 09:30:00,1244,1244,1238,1241,709
2026-02-11 09:40:00,1241,1241,1239,1239,18
2026-02-11 09:50:00,1238,1238,1238,1238,400
2026-02-11 10:00:00,1238,1239,1236,1237,3601
2026-02-11 10:10:00,1237,1238,1223,1229,34793
2026-02-11 10:20:00,1229,1229,1224,1226,7485
2026-02-11 10:30:00,1227,1233,1227,1229,3966
2026-02-11 10:40:00,1229,1230,1224,1229,5063
2026-02-11 10:50:00,1230,1231,1227,1228,1569
2026-02-11 11:00:00,1229,1232,1229,1231,701
2026-02-11 11:10:00,1230,1232,1227,1229,634
2026-02-11 11:20:00,1228,1233,1228,1231,1051
2026-02-11 11:30:00,1231,1231,1231,1231,137
2026-02-11 11:40:00,1232,1234,1229,1229,1847
2026-02-11 11:50:00,1228,1230,1228,1230,404
2026-02-11 12:00:00,1228,1231,1228,1229,186
2026-02-11 12:10:00,1230,1231,1230,1231,15
2026-02-11 12:20:00,1229,1230,1226,1229,1529
2026-02-11 12:30:00,1229,1229,1229,1229,4
2026-02-11 12:40:00,1230,1233,1229,1229,2949
2026-02-11 12:50:00,1230,1237,1230,1235,2399
2026-02-11 13:00:00,1234,1234,1230,1231,1463
2026-02-11 13:10:00,1233,1233,1230,1230,1225
2026-02-11 13:20:00,1231,1234,1231,1233,430
2026-02-11 13:30:00,1234,1236,1231,1233,1267
2026-02-11 13:40:00,1235,1237,1233,1233,1709
2026-02-11 13:50:00,1232,1232,1232,1232,46
2026-02-11 14:00:00,1232,1232,1231,1231,72
2026-02-11 14:10:00,1230,1235,1230,1235,901
2026-02-11 14:20:00,1235,1235,1231,1231,348
2026-02-11 14:30:00,1231,1231,1228,1228,1355
2026-02-11 14:40:00,1227,1228,1226,1226,2008
2026-02-11 14:50:00,1226,1229,1224,1228,4136
2026-02-11 15:00:00,1230,1230,1230,1230,60
2026-02-11 15:10:00,1229,1229,1229,1229,203
2026-02-11 15:20:00,1230,1232,1230,1231,253
2026-02-11 15:30:00,1231,1231,1227,1227,834
2026-02-11 15:40:00,1228,1239,1227,1234,2980
2026-02-11 15:50:00,1236,1236,1232,1233,121
2026-02-11 16:00:00,1234,1235,1234,1235,58
2026-02-11 16:10:00,1235,1235,1233,1233,165
2026-02-11 16:20:00,1233,1237,1233,1237,603
2026-02-11 16:30:00,1235,1236,1233,1233,820
2026-02-11 16:40:00,1234,1235,1230,1235,662
2026-02-11 16:50:00,1236,1236,1233,1236,98
2026-02-11 17:00:00,1235,1237,1235,1237,314
2026-02-11 17:10:00,1235,1235,1235,1235,710
2026-02-11 17:20:00,1235,1236,1235,1235,1043
2026-02-11 17:30:00,1236,1237,1232,1235,2778
2026-02-11 17:40:00,1234,1237,1233,1237,546
2026-02-11 17:50:00,1237,1243,1237,1240,3976
2026-02-11 18:00:00,1241,1244,1238,1242,2212
2026-02-11 18:10:00,1241,1243,1240,1240,878
2026-02-11 18:20:00,1240,1243,1238,1238,2358
2026-02-11 18:30:00,1241,1247,1241,1243,2818
2026-02-11 18:40:00,1243,1248,1241,1247,2254
2026-02-11 19:00:00,1247,1247,1246,1247,697
2026-02-11 19:10:00,1247,1256,1247,1249,5351
2026-02-11 19:20:00,1250,1253,1250,1252,1664
2026-02-11 19:30:00,1253,1256,1249,1249,2613
2026-02-11 19:40:00,1251,1253,1250,1250,481
2026-02-11 19:50:00,1251,1255,1251,1251,873
2026-02-11 20:00:00,1254,1254,1251,1253,265
2026-02-11 20:10:00,1253,1255,1253,1255,638
2026-02-11 20:20:00,1255,1256,1252,1252,600
2026-02-11 20:30:00,1252,1253,1249,1250,594
2026-02-11 20:40:00,1249,1253,1246,1253,3081
2026-02-11 20:50:00,1253,1253,1244,1245,919
2026-02-11 21:00:00,1248,1248,1244,1246,738
2026-02-11 21:10:00,1244,1244,1239,1242,2963
2026-02-11 21:20:00,1242,1242,1241,1241,276
2026-02-11 21:30:00,1240,1243,1240,1243,160
2026-02-11 21:40:00,1243,1246,1243,1245,669
2026-02-11 21:50:00,1245,1246,1245,1245,143
2026-02-11 22:00:00,1245,1245,1244,1244,21
2026-02-11 22:10:00,1245,1246,1245,1246,67
2026-02-11 22:20:00,1245,1248,1245,1248,276
2026-02-11 22:30:00,1247,1247,1247,1247,25
2026-02-11 22:40:00,1248,1248,1248,1248,18
2026-02-11 22:50:00,1247,1250,1247,1250,101
2026-02-11 23:00:00,1248,1249,1242,1244,558
2026-02-11 23:10:00,1244,1248,1244,1247,326
2026-02-11 23:20:00,1244,1244,1240,1240,334
2026-02-11 23:30:00,1242,1250,1236,1244,7142
2026-02-11 23:40:00,1244,1245,1234,1243,1769
2026-02-12 08:50:00,1246,1246,1246,1246,40
2026-02-12 09:00:00,1245,1250,1242,1244,1980
2026-02-12 09:10:00,1244,1246,1244,1246,92
2026-02-12 09:20:00,1246,1253,1245,1253,1775
2026-02-12 09:30:00,1252,1253,1250,1251,1243
2026-02-12 09:40:00,1252,1263,1252,1261,7946
2026-02-12 09:50:00,1259,1263,1258,1260,3031
2026-02-12 10:00:00,1259,1263,1258,1262,2039
2026-02-12 10:10:00,1260,1261,1252,1257,4152
2026-02-12 10:20:00,1258,1258,1255,1258,1567
2026-02-12 10:30:00,1257,1259,1253,1259,1697
2026-02-12 10:40:00,1259,1263,1256,1263,12745
2026-02-12 10:50:00,1263,1276,1261,1269,17983
2026-02-12 11:00:00,1269,1273,1261,1266,5818
2026-02-12 11:10:00,1266,1268,1263,1264,2592
2026-02-12 11:20:00,1264,1278,1264,1276,10526
2026-02-12 11:30:00,1275,1283,1274,1282,16970
2026-02-12 11:40:00,1280,1283,1277,1282,7685
2026-02-12 11:50:00,1282,1282,1275,1276,3792
2026-02-12 12:00:00,1276,1279,1274,1279,4881
2026-02-12 12:10:00,1279,1282,1274,1275,8005
2026-02-12 12:20:00,1275,1278,1274,1278,1994
2026-02-12 12:30:00,1277,1281,1277,1279,4229
2026-02-12 12:40:00,1279,1281,1276,1280,4748
2026-02-12 12:50:00,1280,1281,1275,1279,5081
2026-02-12 13:00:00,1278,1279,1270,1271,4262
2026-02-12 13:10:00,1271,1276,1270,1274,2548
2026-02-12 13:20:00,1275,1275,1272,1275,575
2026-02-12 13:30:00,1273,1273,1262,1264,13298
2026-02-12 13:40:00,1263,1268,1263,1268,2484
2026-02-12 13:50:00,1270,1270,1266,1266,567
2026-02-12 14:00:00,1268,1269,1265,1265,1846
2026-02-12 14:10:00,1266,1268,1262,1267,3870
2026-02-12 14:20:00,1267,1273,1267,1270,2047
2026-02-12 14:30:00,1270,1276,1269,1276,3081
2026-02-12 14:40:00,1275,1276,1272,1274,2610
2026-02-12 14:50:00,1274,1274,1272,1273,374
2026-02-12 15:00:00,1273,1275,1269,1273,1750
2026-02-12 15:10:00,1273,1273,1270,1271,792
2026-02-12 15:20:00,1273,1275,1270,1273,712
2026-02-12 15:30:00,1275,1276,1274,1276,4467
2026-02-12 15:40:00,1275,1276,1275,1276,201
2026-02-12 15:50:00,1276,1276,1271,1271,5158
2026-02-12 16:00:00,1273,1275,1273,1274,427
2026-02-12 16:10:00,1274,1275,1273,1274,214
2026-02-12 16:20:00,1272,1276,1272,1274,563
2026-02-12 16:30:00,1275,1279,1274,1278,2434
2026-02-12 16:40:00,1278,1280,1277,1277,498
2026-02-12 16:50:00,1278,1278,1274,1277,2166
2026-02-12 17:00:00,1277,1278,1273,1273,453
2026-02-12 17:10:00,1273,1276,1273,1275,756
2026-02-12 17:20:00,1273,1273,1270,1270,1029
2026-02-12 17:30:00,1272,1273,1271,1273,206
2026-02-12 17:40:00,1274,1276,1272,1276,301
2026-02-12 17:50:00,1275,1277,1271,1277,4460
2026-02-12 18:00:00,1277,1278,1275,1278,1489
2026-02-12 18:10:00,1279,1279,1276,1276,634
2026-02-12 18:20:00,1276,1278,1274,1275,1242
2026-02-12 18:30:00,1274,1274,1272,1272,1053
2026-02-12 18:40:00,1272,1272,1267,1270,2484
2026-02-12 19:00:00,1272,1276,1272,1276,1066
2026-02-12 19:10:00,1274,1274,1268,1268,2427
2026-02-12 19:20:00,1268,1269,1266,1266,1808
2026-02-12 19:30:00,1266,1267,1265,1265,910
2026-02-12 19:40:00,1265,1267,1263,1266,2322
2026-02-12 19:50:00,1266,1268,1263,1263,2117
2026-02-12 20:00:00,1265,1266,1263,1264,738
2026-02-12 20:10:00,1265,1268,1265,1268,1237
2026-02-12 20:20:00,1268,1269,1266,1269,299
2026-02-12 20:30:00,1269,1269,1269,1269,29
2026-02-12 20:40:00,1269,1270,1268,1270,511
2026-02-12 20:50:00,1270,1270,1268,1268,387
2026-02-12 21:00:00,1268,1268,1266,1268,296
2026-02-12 21:10:00,1268,1268,1266,1266,77
2026-02-12 21:20:00,1268,1268,1260,1260,3086
2026-02-12 21:30:00,1261,1264,1261,1263,127
2026-02-12 21:40:00,1264,1265,1263,1265,112
2026-02-12 21:50:00,1266,1267,1263,1263,1046
2026-02-12 22:00:00,1263,1264,1262,1264,730
2026-02-12 22:10:00,1264,1264,1263,1264,61
2026-02-12 22:20:00,1264,1268,1261,1268,522
2026-02-12 22:30:00,1268,1268,1267,1267,1433
2026-02-12 22:40:00,1266,1266,1263,1263,453
2026-02-12 22:50:00,1266,1267,1265,1267,280
2026-02-12 23:00:00,1266,1266,1262,1262,62
2026-02-12 23:10:00,1262,1265,1262,1265,164
2026-02-12 23:20:00,1265,1271,1263,1270,1706
2026-02-12 23:30:00,1271,1271,1269,1271,204
2026-02-12 23:40:00,1271,1274,1266,1272,626
2026-02-13 08:50:00,1265,1265,1265,1265,104
2026-02-13 09:00:00,1264,1264,1252,1260,8721
2026-02-13 09:10:00,1261,1261,1258,1258,1210
2026-02-13 09:20:00,1257,1259,1255,1258,890
2026-02-13 09:30:00,1258,1258,1253,1253,1692
2026-02-13 09:40:00,1253,1257,1253,1255,913
2026-02-13 09:50:00,1257,1258,1256,1256,508
2026-02-13 10:00:00,1256,1257,1254,1256,911
2026-02-13 10:10:00,1256,1262,1256,1261,529
2026-02-13 10:20:00,1261,1262,1260,1260,357
2026-02-13 10:30:00,1262,1262,1256,1257,589
2026-02-13 10:40:00,1257,1262,1257,1262,1587
2026-02-13 10:50:00,1262,1268,1259,1267,2586
2026-02-13 11:00:00,1266,1268,1263,1264,2303
2026-02-13 11:10:00,1264,1266,1263,1264,836
2026-02-13 11:20:00,1264,1264,1263,1263,30
2026-02-13 11:30:00,1264,1264,1262,1264,142
2026-02-13 11:40:00,1264,1265,1262,1264,193
2026-02-13 11:50:00,1264,1264,1254,1254,3660
2026-02-13 12:00:00,1255,1258,1255,1256,376
2026-02-13 12:10:00,1256,1261,1256,1259,1013
2026-02-13 12:20:00,1260,1260,1259,1259,153
2026-02-13 12:30:00,1259,1264,1259,1263,1119
2026-02-13 12:40:00,1260,1267,1258,1265,634
2026-02-13 12:50:00,1265,1268,1262,1262,1138
2026-02-13 13:00:00,1261,1266,1260,1266,978
2026-02-13 13:10:00,1263,1264,1262,1262,143
2026-02-13 13:20:00,1261,1266,1260,1263,1585
2026-02-13 13:30:00,1263,1286,1259,1281,30410
2026-02-13 13:40:00,1281,1287,1275,1287,10663
2026-02-13 13:50:00,1286,1292,1282,1289,23994
2026-02-13 14:00:00,1288,1295,1286,1292,7339
2026-02-13 14:10:00,1291,1296,1285,1286,7058
2026-02-13 14:20:00,1285,1286,1280,1282,1981
2026-02-13 14:30:00,1284,1287,1283,1287,2573
2026-02-13 14:40:00,1287,1288,1286,1288,3140
2026-02-13 14:50:00,1288,1290,1284,1286,3999
2026-02-13 15:00:00,1286,1290,1284,1288,3211
2026-02-13 15:10:00,1289,1293,1286,1292,3969
2026-02-13 15:20:00,1292,1298,1288,1296,11057
2026-02-13 15:30:00,1295,1296,1291,1294,1476
2026-02-13 15:40:00,1291,1294,1288,1290,2216
2026-02-13 15:50:00,1290,1291,1286,1290,1540
2026-02-13 16:00:00,1290,1293,1286,1288,2097
2026-02-13 16:10:00,1288,1289,1285,1285,929
2026-02-13 16:20:00,1285,1286,1280,1283,2576
2026-02-13 16:30:00,1286,1288,1286,1288,2642
2026-02-13 16:40:00,1289,1291,1287,1291,609
2026-02-13 16:50:00,1292,1292,1290,1290,484
2026-02-13 17:00:00,1289,1292,1289,1291,2445
2026-02-13 17:10:00,1290,1292,1288,1291,1426
2026-02-13 17:20:00,1291,1293,1288,1290,859
2026-02-13 17:30:00,1289,1290,1288,1289,947
2026-02-13 17:40:00,1288,1292,1288,1288,781
2026-02-13 17:50:00,1288,1295,1288,1294,1362
2026-02-13 18:00:00,1294,1294,1290,1290,534
2026-02-13 18:10:00,1290,1291,1289,1291,363
2026-02-13 18:20:00,1292,1293,1290,1290,1161
2026-02-13 18:30:00,1289,1291,1288,1291,325
2026-02-13 18:40:00,1291,1294,1291,1293,541
2026-02-13 19:00:00,1291,1291,1288,1289,1370
2026-02-13 19:10:00,1287,1291,1286,1289,410
2026-02-13 19:20:00,1289,1294,1289,1293,821
2026-02-13 19:30:00,1293,1293,1290,1293,462
2026-02-13 19:40:00,1292,1292,1292,1292,41
2026-02-13 19:50:00,1292,1295,1292,1295,564
2026-02-13 20:00:00,1295,1296,1294,1294,563
2026-02-13 20:10:00,1294,1294,1293,1294,164
2026-02-13 20:20:00,1293,1297,1293,1297,4040
2026-02-13 20:30:00,1296,1300,1296,1299,1593
2026-02-13 20:40:00,1299,1299,1298,1299,822
2026-02-13 20:50:00,1297,1304,1296,1304,10134
2026-02-13 21:00:00,1303,1304,1302,1303,1447
2026-02-13 21:10:00,1302,1303,1301,1302,1879
2026-02-13 21:20:00,1302,1302,1298,1300,2582
2026-02-13 21:30:00,1299,1301,1299,1299,487
2026-02-13 21:40:00,1299,1300,1298,1298,649
2026-02-13 21:50:00,1299,1299,1296,1298,804
2026-02-13 22:00:00,1296,1296,1294,1296,380
2026-02-13 22:10:00,1296,1297,1294,1296,163
2026-02-13 22:20:00,1296,1298,1296,1298,208
2026-02-13 22:30:00,1297,1301,1297,1298,854
2026-02-13 22:40:00,1298,1299,1294,1298,1600
2026-02-13 22:50:00,1297,1301,1296,1301,959
2026-02-13 23:00:00,1301,1301,1300,1300,397
2026-02-13 23:10:00,1299,1301,1299,1300,1215
2026-02-13 23:20:00,1300,1300,1300,1300,2
2026-02-13 23:30:00,1300,1300,1297,1297,597
2026-02-13 23:40:00,1298,1302,1295,1297,2169
2026-02-16 08:50:00,1314,1314,1314,1314,1539
2026-02-16 09:00:00,1315,1320,1310,1313,10917
2026-02-16 09:10:00,1314,1318,1312,1316,4898
2026-02-16 09:20:00,1316,1318,1315,1317,1584
2026-02-16 09:30:00,1315,1320,1315,1319,2667
2026-02-16 09:40:00,1321,1323,1318,1320,4180
2026-02-16 09:50:00,1318,1327,1317,1326,9104
2026-02-16 10:00:00,1326,1329,1321,1322,10659
2026-02-16 10:10:00,1323,1323,1315,1320,3520
2026-02-16 10:20:00,1319,1321,1316,1316,3351
2026-02-16 10:30:00,1317,1320,1315,1316,1844
2026-02-16 10:40:00,1316,1316,1311,1313,2398
2026-02-16 10:50:00,1313,1316,1312,1316,1760
2026-02-16 11:00:00,1316,1318,1313,1314,925
2026-02-16 11:10:00,1315,1316,1314,1315,1017
2026-02-16 11:20:00,1315,1315,1313,1313,282
2026-02-16 11:30:00,1314,1314,1311,1313,871
2026-02-16 11:40:00,1314,1314,1313,1314,1147
2026-02-16 11:50:00,1312,1313,1312,1312,520
2026-02-16 12:00:00,1313,1315,1313,1313,808
2026-02-16 12:10:00,1314,1317,1313,1314,1373
2026-02-16 12:20:00,1313,1316,1313,1315,1165
2026-02-16 12:30:00,1316,1316,1312,1312,309
2026-02-16 12:40:00,1312,1312,1306,1306,9359
2026-02-16 12:50:00,1307,1310,1306,1309,753
2026-02-16 13:00:00,1310,1314,1310,1314,340
2026-02-16 13:10:00,1315,1315,1310,1311,428
2026-02-16 13:20:00,1310,1310,1301,1305,3827
2026-02-16 13:30:00,1304,1304,1298,1303,2748
2026-02-16 13:40:00,1303,1303,1301,1303,728
2026-02-16 13:50:00,1301,1304,1301,1304,330
2026-02-16 14:00:00,1304,1304,1304,1304,133
2026-02-16 14:10:00,1303,1303,1288,1291,12468
2026-02-16 14:20:00,1292,1294,1291,1294,1633
2026-02-16 14:30:00,1294,1299,1289,1299,6741
2026-02-16 14:40:00,1299,1299,1296,1297,1291
2026-02-16 14:50:00,1298,1302,1298,1299,684
2026-02-16 15:00:00,1301,1301,1297,1297,1223
2026-02-16 15:10:00,1297,1301,1296,1300,337
2026-02-16 15:20:00,1301,1303,1301,1301,692
2026-02-16 15:30:00,1301,1302,1300,1302,1128
2026-02-16 15:40:00,1300,1302,1292,1292,2543
2026-02-16 15:50:00,1293,1299,1293,1299,552
2026-02-16 16:00:00,1297,1300,1297,1298,472
2026-02-16 16:10:00,1298,1305,1298,1304,2098
2026-02-16 16:20:00,1304,1304,1301,1301,434
2026-02-16 16:30:00,1302,1308,1301,1308,1090
2026-02-16 16:40:00,1308,1311,1308,1308,5369
2026-02-16 16:50:00,1307,1308,1305,1308,393
2026-02-16 17:00:00,1307,1308,1304,1304,299
2026-02-16 17:10:00,1304,1307,1304,1307,4023
2026-02-16 17:20:00,1307,1309,1307,1308,282
2026-02-16 17:30:00,1309,1310,1305,1305,625
2026-02-16 17:40:00,1305,1305,1303,1305,393
2026-02-16 17:50:00,1306,1310,1305,1310,935
2026-02-16 18:00:00,1309,1312,1306,1312,3252
2026-02-16 18:10:00,1311,1314,1309,1314,5575
2026-02-16 18:20:00,1314,1314,1308,1313,6370
2026-02-16 18:30:00,1312,1316,1312,1314,1976
2026-02-16 18:40:00,1313,1315,1313,1313,131
2026-02-16 19:00:00,1313,1313,1309,1309,37
2026-02-16 19:10:00,1310,1310,1306,1310,2074
2026-02-16 19:20:00,1311,1311,1308,1310,660
2026-02-16 19:30:00,1312,1313,1310,1310,459
2026-02-16 19:40:00,1308,1309,1307,1309,555
2026-02-16 19:50:00,1309,1309,1308,1309,358
2026-02-16 20:00:00,1307,1309,1307,1309,31
2026-02-16 20:20:00,1308,1308,1307,1307,642
2026-02-16 20:30:00,1308,1309,1303,1304,363
2026-02-16 20:40:00,1305,1305,1304,1305,84
2026-02-16 20:50:00,1304,1305,1299,1301,3211
2026-02-16 21:00:00,1300,1301,1298,1301,2587
2026-02-16 21:10:00,1301,1305,1301,1305,929
2026-02-16 21:20:00,1305,1305,1302,1302,145
2026-02-16 21:30:00,1302,1302,1301,1301,429
2026-02-16 21:40:00,1301,1301,1300,1300,239
2026-02-16 21:50:00,1301,1301,1298,1298,4152
2026-02-16 22:00:00,1301,1302,1299,1302,131
2026-02-16 22:10:00,1302,1303,1302,1303,213
2026-02-16 22:20:00,1300,1300,1300,1300,156
2026-02-16 22:30:00,1300,1302,1300,1302,157
2026-02-16 22:40:00,1300,1302,1300,1302,120
2026-02-16 22:50:00,1302,1306,1298,1302,2024
2026-02-16 23:00:00,1302,1303,1302,1302,25
2026-02-16 23:10:00,1303,1303,1300,1302,56
2026-02-16 23:20:00,1302,1302,1300,1300,625
2026-02-16 23:30:00,1300,1300,1298,1298,7
2026-02-16 23:40:00,1302,1302,1302,1302,5
2026-02-17 09:00:00,1302,1306,1301,1305,275
2026-02-17 09:10:00,1304,1306,1304,1304,350
2026-02-17 09:20:00,1304,1305,1304,1304,2693
2026-02-17 09:30:00,1305,1306,1305,1306,220
2026-02-17 09:40:00,1304,1305,1304,1305,74
2026-02-17 09:50:00,1306,1307,1305,1305,1054
2026-02-17 10:00:00,1305,1306,1304,1304,183
2026-02-17 10:10:00,1303,1303,1302,1303,640
2026-02-17 10:20:00,1303,1310,1303,1308,1369
2026-02-17 10:30:00,1308,1309,1303,1304,484
2026-02-17 10:40:00,1305,1305,1304,1304,105
2026-02-17 10:50:00,1304,1305,1301,1302,496
2026-02-17 11:00:00,1303,1303,1302,1302,532
2026-02-17 11:10:00,1301,1302,1294,1296,5988
2026-02-17 11:20:00,1296,1297,1292,1292,1445
2026-02-17 11:30:00,1294,1295,1291,1294,819
2026-02-17 11:40:00,1294,1299,1294,1299,1156
2026-02-17 11:50:00,1297,1297,1297,1297,5
2026-02-17 12:00:00,1297,1297,1297,1297,170
2026-02-17 12:10:00,1298,1300,1298,1298,47
2026-02-17 12:20:00,1300,1300,1298,1298,178
2026-02-17 12:30:00,1301,1302,1300,1302,249
2026-02-17 12:40:00,1300,1300,1298,1298,346
2026-02-17 12:50:00,1298,1300,1298,1300,300
2026-02-17 13:00:00,1299,1300,1299,1300,210
2026-02-17 13:10:00,1300,1302,1299,1300,453
2026-02-17 13:20:00,1300,1301,1300,1301,81
2026-02-17 13:30:00,1299,1299,1297,1297,25
2026-02-17 13:40:00,1299,1299,1297,1297,212
2026-02-17 13:50:00,1297,1297,1295,1295,701
2026-02-17 14:00:00,1297,1300,1297,1299,225
2026-02-17 14:10:00,1299,1299,1298,1298,397
2026-02-17 14:20:00,1299,1299,1296,1298,125
2026-02-17 14:30:00,1298,1299,1296,1296,97
2026-02-17 14:40:00,1298,1299,1298,1298,11
2026-02-17 14:50:00,1298,1298,1296,1296,38
2026-02-17 15:00:00,1295,1296,1294,1295,534
2026-02-17 15:10:00,1295,1295,1295,1295,128
2026-02-17 15:20:00,1295,1295,1289,1293,1502
2026-02-17 15:30:00,1292,1293,1289,1291,744
2026-02-17 15:40:00,1292,1292,1290,1292,254
2026-02-17 15:50:00,1292,1294,1290,1290,402
2026-02-17 16:00:00,1289,1291,1288,1289,1487
2026-02-17 16:10:00,1289,1289,1288,1288,103
2026-02-17 16:20:00,1288,1291,1288,1291,269
2026-02-17 16:30:00,1291,1291,1290,1291,80
2026-02-17 16:40:00,1291,1293,1291,1293,291
2026-02-17 16:50:00,1293,1295,1292,1295,511
2026-02-17 17:00:00,1294,1295,1294,1295,166
2026-02-17 17:10:00,1295,1295,1295,1295,42
2026-02-17 17:20:00,1294,1295,1294,1294,289
2026-02-17 17:30:00,1293,1297,1293,1296,393
2026-02-17 17:40:00,1296,1296,1296,1296,55
2026-02-17 17:50:00,1296,1296,1294,1294,482
2026-02-17 18:00:00,1294,1294,1293,1293,13
2026-02-17 18:10:00,1294,1297,1293,1297,1263
2026-02-17 18:20:00,1297,1297,1296,1297,113
2026-02-17 18:30:00,1297,1297,1292,1293,424
2026-02-17 18:40:00,1293,1296,1293,1296,406
2026-02-17 19:00:00,1294,1294,1293,1293,4
2026-02-17 19:10:00,1292,1293,1288,1289,1254
2026-02-17 19:20:00,1292,1292,1292,1292,42
2026-02-17 19:30:00,1291,1291,1291,1291,1
2026-02-17 19:40:00,1291,1292,1291,1291,47
2026-02-17 19:50:00,1291,1292,1289,1289,2733
2026-02-17 20:00:00,1290,1293,1290,1293,284
2026-02-17 20:10:00,1293,1297,1293,1296,377
2026-02-17 20:20:00,1295,1301,1295,1301,614
2026-02-17 20:30:00,1300,1301,1300,1301,53
2026-02-17 20:40:00,1300,1300,1296,1299,761
2026-02-17 20:50:00,1297,1297,1296,1297,137
2026-02-17 21:00:00,1297,1297,1297,1297,62
2026-02-17 21:10:00,1298,1301,1298,1300,300
2026-02-17 21:20:00,1298,1299,1298,1298,70
2026-02-17 21:30:00,1300,1300,1300,1300,1
2026-02-17 21:40:00,1298,1298,1296,1296,101
2026-02-17 21:50:00,1298,1298,1298,1298,5
2026-02-17 22:00:00,1299,1299,1299,1299,135
2026-02-17 22:10:00,1298,1298,1298,1298,5
2026-02-17 22:30:00,1298,1299,1298,1299,65
2026-02-17 22:40:00,1299,1300,1298,1300,301
2026-02-17 22:50:00,1298,1298,1298,1298,60
2026-02-17 23:00:00,1298,1298,1298,1298,4
2026-02-17 23:10:00,1297,1297,1296,1297,728
2026-02-17 23:20:00,1298,1302,1298,1302,2387
2026-02-17 23:30:00,1301,1302,1300,1302,846
2026-02-17 23:40:00,1302,1306,1302,1306,1845
2026-02-18 08:50:00,1300,1300,1300,1300,20
2026-02-18 09:00:00,1299,1299,1288,1290,3225
2026-02-18 09:10:00,1292,1295,1291,1292,1680
2026-02-18 09:20:00,1292,1293,1292,1293,187
2026-02-18 09:30:00,1293,1293,1289,1289,313
2026-02-18 09:40:00,1289,1290,1288,1289,4178
2026-02-18 09:50:00,1293,1293,1291,1292,492
2026-02-18 10:00:00,1291,1293,1291,1291,900
2026-02-18 10:10:00,1291,1292,1286,1289,4938
2026-02-18 10:20:00,1288,1291,1286,1291,344
2026-02-18 10:30:00,1292,1295,1292,1295,2714
2026-02-18 10:40:00,1295,1295,1294,1294,399
2026-02-18 10:50:00,1293,1301,1292,1299,2478
2026-02-18 11:00:00,1301,1304,1298,1298,2706
2026-02-18 11:10:00,1301,1303,1299,1301,1482
2026-02-18 11:20:00,1299,1301,1299,1299,365
2026-02-18 11:30:00,1299,1302,1299,1301,1763
2026-02-18 11:40:00,1301,1304,1301,1302,6302
2026-02-18 11:50:00,1304,1304,1300,1301,272
2026-02-18 12:00:00,1300,1301,1298,1298,1247
2026-02-18 12:10:00,1300,1305,1300,1305,810
2026-02-18 12:20:00,1303,1303,1298,1300,113
2026-02-18 12:30:00,1299,1301,1298,1298,102
2026-02-18 12:40:00,1297,1300,1297,1300,643
2026-02-18 12:50:00,1300,1300,1292,1295,873
2026-02-18 13:00:00,1294,1296,1292,1294,4018
2026-02-18 13:10:00,1295,1298,1294,1294,159
2026-02-18 13:20:00,1294,1296,1293,1294,302
2026-02-18 13:30:00,1296,1298,1294,1294,391
2026-02-18 13:40:00,1293,1294,1289,1292,2159
2026-02-18 13:50:00,1292,1293,1290,1291,696
2026-02-18 14:00:00,1290,1290,1288,1290,1443
2026-02-18 14:10:00,1290,1295,1290,1292,973
2026-02-18 14:20:00,1292,1294,1292,1292,847
2026-02-18 14:40:00,1292,1292,1290,1292,349
2026-02-18 14:50:00,1292,1294,1292,1293,258
2026-02-18 15:00:00,1296,1299,1296,1299,555
2026-02-18 15:10:00,1298,1298,1297,1297,43
2026-02-18 15:20:00,1296,1296,1294,1296,286
2026-02-18 15:30:00,1294,1295,1293,1293,695
2026-02-18 15:40:00,1296,1296,1295,1296,136
2026-02-18 15:50:00,1296,1296,1296,1296,86
2026-02-18 16:00:00,1295,1297,1294,1297,404
2026-02-18 16:10:00,1297,1299,1297,1299,1565
2026-02-18 16:20:00,1299,1299,1293,1296,1387
2026-02-18 16:30:00,1295,1301,1295,1301,174
2026-02-18 16:40:00,1302,1302,1299,1301,774
2026-02-18 16:50:00,1302,1302,1300,1300,242
2026-02-18 17:00:00,1302,1303,1301,1303,174
2026-02-18 17:10:00,1302,1302,1301,1301,142
2026-02-18 17:20:00,1302,1302,1300,1301,1001
2026-02-18 17:30:00,1301,1303,1299,1299,330
2026-02-18 17:40:00,1300,1301,1300,1301,121
2026-02-18 17:50:00,1299,1302,1296,1299,2217
2026-02-18 18:00:00,1299,1302,1299,1300,796
2026-02-18 18:10:00,1302,1308,1301,1306,2042
2026-02-18 18:20:00,1307,1308,1306,1307,2619
2026-02-18 18:30:00,1307,1318,1307,1314,11957
2026-02-18 18:40:00,1314,1315,1313,1313,810
2026-02-18 19:00:00,1313,1313,1308,1308,2022
2026-02-18 19:10:00,1312,1314,1311,1312,556
2026-02-18 19:20:00,1314,1316,1313,1314,460
2026-02-18 19:30:00,1314,1318,1313,1318,1721
2026-02-18 19:40:00,1317,1318,1314,1314,2985
2026-02-18 19:50:00,1314,1314,1314,1314,141
2026-02-18 20:00:00,1314,1315,1314,1315,114
2026-02-18 20:10:00,1316,1318,1313,1314,1038
2026-02-18 20:20:00,1314,1318,1313,1316,2522
2026-02-18 20:30:00,1318,1318,1315,1316,4750
2026-02-18 20:40:00,1315,1317,1312,1314,1360
2026-02-18 20:50:00,1314,1316,1312,1312,173
2026-02-18 21:00:00,1312,1312,1310,1310,1092
2026-02-18 21:10:00,1309,1310,1305,1307,3814
2026-02-18 21:20:00,1307,1308,1307,1307,1096
2026-02-18 21:30:00,1306,1306,1304,1304,1030
2026-02-18 21:40:00,1303,1306,1303,1304,505
2026-02-18 21:50:00,1304,1308,1304,1308,376
2026-02-18 22:00:00,1309,1311,1309,1309,174
2026-02-18 22:10:00,1309,1309,1309,1309,60
2026-02-18 22:20:00,1310,1310,1310,1310,2
2026-02-18 22:30:00,1310,1310,1310,1310,1
2026-02-18 22:40:00,1310,1311,1310,1311,7
2026-02-18 22:50:00,1311,1312,1311,1311,998
2026-02-18 23:00:00,1310,1312,1310,1310,469
2026-02-18 23:10:00,1311,1316,1311,1314,420
2026-02-18 23:20:00,1312,1313,1308,1308,438
2026-02-18 23:30:00,1310,1310,1308,1310,88
2026-02-18 23:40:00,1311,1311,1306,1308,340
2026-02-19 09:00:00,1310,1317,1310,1316,1188
2026-02-19 09:10:00,1316,1316,1314,1315,234
2026-02-19 09:20:00,1315,1316,1315,1316,518
2026-02-19 09:30:00,1315,1318,1315,1317,708
2026-02-19 09:40:00,1317,1322,1317,1322,435
2026-02-19 09:50:00,1322,1323,1319,1322,2140
2026-02-19 10:00:00,1320,1322,1319,1321,327
2026-02-19 10:10:00,1321,1327,1319,1323,2548
2026-02-19 10:20:00,1323,1323,1319,1322,784
2026-02-19 10:30:00,1322,1326,1321,1322,1681
2026-02-19 10:40:00,1322,1322,1316,1316,3268
2026-02-19 10:50:00,1317,1320,1317,1320,991
2026-02-19 11:00:00,1319,1321,1317,1318,788
2026-02-19 11:10:00,1318,1321,1317,1319,1100
2026-02-19 11:20:00,1319,1323,1319,1323,412
2026-02-19 11:30:00,1322,1322,1321,1321,93
2026-02-19 11:40:00,1320,1320,1317,1318,8443
2026-02-19 11:50:00,1318,1327,1317,1325,3017
2026-02-19 12:00:00,1324,1326,1321,1323,514
2026-02-19 12:10:00,1323,1325,1323,1325,545
2026-02-19 12:20:00,1326,1327,1321,1321,645
2026-02-19 12:30:00,1321,1326,1321,1322,237
2026-02-19 12:40:00,1322,1323,1319,1322,797
2026-02-19 12:50:00,1322,1332,1321,1324,8062
2026-02-19 13:00:00,1324,1325,1322,1322,2156
2026-02-19 13:10:00,1322,1323,1321,1321,3448
2026-02-19 13:20:00,1322,1324,1320,1320,1484
2026-02-19 13:30:00,1320,1320,1314,1314,3412
2026-02-19 13:40:00,1313,1316,1313,1316,1407
2026-02-19 13:50:00,1315,1317,1315,1315,585
2026-02-19 14:00:00,1315,1315,1315,1315,243
2026-02-19 14:10:00,1314,1317,1313,1315,469
2026-02-19 14:20:00,1316,1316,1312,1314,597
2026-02-19 14:30:00,1313,1314,1312,1312,271
2026-02-19 14:40:00,1312,1313,1312,1313,264
2026-02-19 14:50:00,1314,1314,1309,1310,1807
2026-02-19 15:00:00,1310,1312,1310,1310,1042
2026-02-19 15:10:00,1310,1314,1310,1314,235
2026-02-19 15:20:00,1314,1315,1312,1313,1734
2026-02-19 15:30:00,1314,1314,1313,1314,30
2026-02-19 15:40:00,1313,1313,1310,1310,117
2026-02-19 15:50:00,1312,1312,1312,1312,160
2026-02-19 16:00:00,1314,1317,1314,1317,558
2026-02-19 16:10:00,1317,1320,1317,1320,443
2026-02-19 16:20:00,1318,1318,1316,1317,220
2026-02-19 16:30:00,1316,1317,1316,1317,46
2026-02-19 16:40:00,1317,1319,1317,1317,445
2026-02-19 16:50:00,1318,1318,1317,1317,1965
2026-02-19 17:00:00,1319,1319,1316,1316,376
2026-02-19 17:10:00,1316,1316,1316,1316,263
2026-02-19 17:20:00,1317,1319,1317,1317,501
2026-02-19 17:30:00,1319,1319,1316,1316,173
2026-02-19 17:40:00,1316,1321,1316,1319,888
2026-02-19 17:50:00,1320,1321,1319,1321,166
2026-02-19 18:00:00,1320,1321,1318,1318,1460
2026-02-19 18:10:00,1320,1322,1320,1322,717
2026-02-19 18:20:00,1322,1324,1322,1323,627
2026-02-19 18:30:00,1322,1324,1322,1324,345
2026-02-19 18:40:00,1323,1323,1321,1321,65
2026-02-19 19:00:00,1323,1324,1322,1322,353
2026-02-19 19:10:00,1323,1323,1321,1321,79
2026-02-19 19:20:00,1321,1321,1320,1320,742
2026-02-19 19:30:00,1320,1320,1319,1319,111
2026-02-19 19:40:00,1321,1322,1321,1321,1019
2026-02-19 19:50:00,1322,1323,1322,1323,149
2026-02-19 20:00:00,1321,1322,1321,1322,76
2026-02-19 20:10:00,1322,1322,1322,1322,1
2026-02-19 20:20:00,1323,1323,1321,1321,372
2026-02-19 20:30:00,1320,1320,1320,1320,120
2026-02-19 20:50:00,1319,1320,1316,1320,477
2026-02-19 21:00:00,1318,1318,1318,1318,71
2026-02-19 21:20:00,1318,1320,1318,1320,17
2026-02-19 21:30:00,1320,1321,1320,1321,452
2026-02-19 21:40:00,1321,1322,1321,1322,1038
2026-02-19 21:50:00,1322,1322,1317,1320,707
2026-02-19 22:10:00,1320,1320,1320,1320,15
2026-02-19 22:20:00,1320,1320,1320,1320,15
2026-02-19 22:30:00,1319,1322,1319,1322,46
2026-02-19 22:40:00,1320,1320,1320,1320,10
2026-02-19 22:50:00,1318,1318,1317,1317,43
2026-02-19 23:10:00,1319,1319,1319,1319,250
2026-02-19 23:20:00,1318,1319,1317,1317,96
2026-02-19 23:30:00,1317,1318,1317,1318,5
2026-02-19 23:40:00,1317,1318,1317,1318,287
2026-02-20 09:00:00,1318,1319,1317,1319,665
2026-02-20 09:10:00,1319,1320,1319,1320,574
2026-02-20 09:20:00,1320,1321,1316,1317,1223
2026-02-20 09:30:00,1318,1319,1318,1318,677
2026-02-20 09:40:00,1318,1319,1317,1319,331
2026-02-20 09:50:00,1317,1319,1317,1317,985
2026-02-20 10:00:00,1319,1319,1319,1319,76
2026-02-20 10:10:00,1317,1317,1312,1314,942
2026-02-20 10:20:00,1314,1320,1313,1320,982
2026-02-20 10:30:00,1321,1323,1320,1320,250
2026-02-20 10:40:00,1321,1323,1319,1319,1572
2026-02-20 10:50:00,1320,1321,1318,1321,532
2026-02-20 11:10:00,1321,1322,1321,1322,42
2026-02-20 11:20:00,1322,1322,1318,1322,797
2026-02-20 11:30:00,1321,1321,1319,1319,80
2026-02-20 11:40:00,1321,1321,1319,1321,39
2026-02-20 11:50:00,1319,1319,1319,1319,2
2026-02-20 12:00:00,1321,1322,1321,1322,183
2026-02-20 12:10:00,1320,1320,1319,1319,55
2026-02-20 12:20:00,1320,1325,1319,1324,1859
2026-02-20 12:30:00,1325,1326,1323,1326,109
2026-02-20 12:40:00,1325,1328,1325,1325,531
2026-02-20 12:50:00,1326,1326,1318,1322,1400
2026-02-20 13:00:00,1322,1322,1308,1315,13291
2026-02-20 13:10:00,1316,1318,1311,1311,15518
2026-02-20 13:20:00,1314,1315,1311,1314,2059
2026-02-20 13:30:00,1312,1315,1312,1315,148
2026-02-20 13:40:00,1316,1321,1316,1319,1696
2026-02-20 13:50:00,1320,1320,1316,1318,313
2026-02-20 14:00:00,1318,1318,1317,1317,179
2026-02-20 14:10:00,1318,1319,1317,1319,147
2026-02-20 14:20:00,1319,1320,1319,1320,81
2026-02-20 14:30:00,1320,1321,1320,1321,72
2026-02-20 14:40:00,1320,1321,1320,1321,162
2026-02-20 14:50:00,1320,1322,1320,1322,1335
2026-02-20 15:00:00,1321,1321,1319,1320,101
2026-02-20 15:10:00,1321,1322,1321,1322,169
2026-02-20 15:20:00,1320,1321,1320,1321,88
2026-02-20 15:30:00,1320,1320,1320,1320,70
2026-02-20 15:40:00,1322,1323,1321,1321,1196
2026-02-20 15:50:00,1321,1321,1321,1321,371
2026-02-20 16:00:00,1322,1323,1320,1322,637
2026-02-20 16:10:00,1321,1322,1320,1322,771
2026-02-20 16:20:00,1320,1321,1320,1320,790
2026-02-20 16:30:00,1320,1320,1319,1319,108
2026-02-20 16:40:00,1320,1320,1318,1320,331
2026-02-20 16:50:00,1320,1322,1320,1322,761
2026-02-20 17:00:00,1322,1323,1322,1322,97
2026-02-20 17:10:00,1323,1323,1322,1323,544
2026-02-20 17:20:00,1321,1322,1320,1322,668
2026-02-20 17:30:00,1322,1322,1321,1322,227
2026-02-20 17:40:00,1320,1321,1318,1319,264
2026-02-20 17:50:00,1319,1320,1318,1320,191
2026-02-20 18:00:00,1320,1320,1317,1317,475
2026-02-20 18:10:00,1317,1319,1317,1319,155
2026-02-20 18:20:00,1319,1319,1316,1317,520
2026-02-20 18:30:00,1317,1317,1314,1314,233
2026-02-20 18:40:00,1315,1318,1315,1318,385
2026-02-20 19:00:00,1317,1317,1316,1316,338
2026-02-20 19:10:00,1317,1317,1314,1314,391
2026-02-20 19:20:00,1317,1317,1315,1317,290
2026-02-20 19:30:00,1318,1318,1318,1318,344
2026-02-20 19:40:00,1320,1322,1319,1319,130
2026-02-20 19:50:00,1321,1321,1321,1321,16
2026-02-20 20:00:00,1321,1321,1319,1319,175
2026-02-20 20:10:00,1319,1319,1317,1319,93
2026-02-20 20:30:00,1318,1318,1318,1318,1
2026-02-20 20:50:00,1317,1317,1316,1316,197
2026-02-20 21:00:00,1315,1317,1315,1317,151
2026-02-20 21:10:00,1317,1317,1317,1317,201
2026-02-20 21:20:00,1317,1319,1317,1319,951
2026-02-20 21:30:00,1318,1318,1318,1318,5
2026-02-20 21:40:00,1318,1318,1318,1318,6
2026-02-20 21:50:00,1316,1319,1316,1317,113
2026-02-20 22:00:00,1317,1317,1316,1316,331
2026-02-20 22:10:00,1316,1316,1312,1316,763
2026-02-20 22:20:00,1317,1317,1317,1317,2
2026-02-20 22:30:00,1316,1316,1314,1316,1049
2026-02-20 22:40:00,1316,1318,1316,1318,1438
2026-02-20 22:50:00,1316,1316,1316,1316,30
2026-02-20 23:10:00,1317,1317,1317,1317,4
2026-02-20 23:20:00,1317,1317,1316,1317,698
2026-02-20 23:30:00,1317,1317,1314,1316,516
2026-02-20 23:40:00,1316,1316,1314,1316,247
2026-02-21 10:00:00,1316,1318,1316,1318,11
2026-02-21 10:10:00,1318,1319,1318,1319,30
2026-02-21 10:20:00,1319,1319,1319,1319,103
2026-02-21 10:30:00,1320,1320,1320,1320,1
2026-02-21 10:50:00,1320,1320,1318,1318,10
2026-02-21 11:10:00,1317,1319,1317,1319,30
2026-02-21 11:20:00,1319,1319,1319,1319,299
2026-02-21 11:40:00,1319,1320,1319,1320,735
2026-02-21 12:00:00,1320,1320,1320,1320,200
2026-02-21 13:00:00,1318,1320,1318,1320,7
2026-02-21 13:10:00,1318,1318,1318,1318,1
2026-02-21 13:20:00,1318,1320,1318,1320,160
2026-02-21 13:40:00,1319,1319,1319,1319,11
2026-02-21 13:50:00,1318,1318,1318,1318,4
2026-02-21 14:30:00,1318,1319,1318,1319,18
2026-02-21 14:40:00,1319,1319,1318,1318,212
2026-02-21 15:40:00,1318,1318,1318,1318,256
2026-02-21 16:00:00,1318,1319,1318,1319,19
2026-02-21 16:40:00,1319,1319,1319,1319,5
2026-02-21 17:30:00,1319,1319,1319,1319,17
2026-02-21 18:30:00,1318,1318,1318,1318,10
2026-02-21 18:40:00,1319,1319,1319,1319,44
2026-02-21 18:50:00,1317,1317,1316,1316,101
2026-02-22 10:00:00,1318,1321,1317,1321,365
2026-02-22 10:10:00,1321,1322,1321,1321,486
2026-02-22 10:20:00,1321,1321,1320,1321,85
2026-02-22 10:40:00,1320,1320,1319,1319,125
2026-02-22 10:50:00,1319,1319,1319,1319,5
2026-02-22 11:00:00,1320,1321,1320,1321,30
2026-02-22 11:10:00,1321,1321,1320,1321,23
2026-02-22 11:20:00,1320,1321,1320,1320,55
2026-02-22 11:30:00,1321,1321,1321,1321,1
2026-02-22 11:40:00,1319,1319,1319,1319,12
2026-02-22 11:50:00,1319,1319,1319,1319,21
2026-02-22 12:00:00,1319,1319,1316,1316,200
2026-02-22 12:10:00,1318,1319,1318,1319,76
2026-02-22 12:20:00,1319,1319,1319,1319,10
2026-02-22 12:30:00,1316,1316,1316,1316,20
2026-02-22 12:40:00,1319,1320,1319,1320,41
2026-02-22 13:00:00,1319,1320,1319,1319,396
2026-02-22 13:20:00,1318,1319,1318,1319,112
2026-02-22 13:30:00,1319,1319,1315,1315,211
2026-02-22 14:20:00,1317,1317,1316,1316,141
2026-02-22 14:40:00,1318,1318,1318,1318,1
2026-02-22 15:00:00,1317,1317,1316,1316,2
2026-02-22 15:20:00,1315,1315,1315,1315,4
2026-02-22 15:30:00,1317,1317,1317,1317,3
2026-02-22 15:40:00,1315,1318,1314,1316,231
2026-02-22 15:50:00,1316,1316,1316,1316,9
2026-02-22 16:10:00,1315,1315,1314,1314,15
2026-02-22 16:30:00,1317,1317,1317,1317,1
2026-02-22 16:50:00,1315,1317,1315,1317,2
2026-02-22 17:00:00,1317,1317,1317,1317,480
2026-02-22 17:10:00,1317,1317,1314,1314,25
2026-02-22 17:20:00,1316,1318,1316,1316,94
2026-02-22 17:50:00,1316,1316,1316,1316,13
2026-02-22 18:20:00,1317,1317,1314,1314,205
2026-02-22 18:30:00,1314,1314,1314,1314,5
2026-02-22 18:40:00,1314,1316,1313,1316,544
2026-02-22 18:50:00,1316,1316,1314,1314,169
2026-02-23 10:00:00,1312,1317,1312,1317,62
2026-02-23 10:10:00,1317,1317,1314,1315,620
2026-02-23 10:20:00,1314,1314,1313,1314,12
2026-02-23 10:30:00,1314,1315,1314,1315,101
2026-02-23 10:40:00,1315,1315,1312,1312,336
2026-02-23 10:50:00,1313,1313,1313,1313,3
2026-02-23 11:00:00,1314,1314,1313,1313,44
2026-02-23 11:10:00,1314,1314,1314,1314,17
2026-02-23 11:20:00,1315,1316,1314,1316,10
2026-02-23 11:30:00,1314,1316,1314,1314,62
2026-02-23 11:40:00,1314,1314,1314,1314,1
2026-02-23 11:50:00,1314,1314,1314,1314,12
2026-02-23 12:00:00,1313,1313,1313,1313,5
2026-02-23 12:20:00,1313,1313,1312,1312,30
2026-02-23 12:30:00,1313,1313,1312,1312,52
2026-02-23 12:50:00,1313,1314,1313,1314,30
2026-02-23 13:00:00,1314,1314,1314,1314,3
2026-02-23 13:10:00,1314,1314,1313,1313,34
2026-02-23 13:20:00,1314,1314,1314,1314,6
2026-02-23 13:30:00,1314,1314,1314,1314,6
2026-02-23 13:40:00,1314,1314,1314,1314,15
2026-02-23 13:50:00,1314,1314,1314,1314,3
2026-02-23 14:40:00,1315,1315,1315,1315,1
2026-02-23 15:00:00,1314,1314,1314,1314,44
2026-02-23 15:30:00,1316,1316,1316,1316,3
2026-02-23 15:40:00,1316,1316,1316,1316,8
2026-02-23 15:50:00,1314,1314,1314,1314,20
2026-02-23 16:00:00,1316,1316,1314,1316,3
2026-02-23 16:20:00,1316,1316,1316,1316,56
2026-02-23 16:50:00,1317,1318,1317,1318,33
2026-02-23 17:10:00,1318,1318,1316,1317,154
2026-02-23 17:30:00,1317,1317,1317,1317,50
2026-02-23 17:40:00,1316,1316,1316,1316,22
2026-02-23 17:50:00,1316,1316,1316,1316,4
2026-02-23 18:00:00,1316,1316,1316,1316,5
2026-02-23 18:10:00,1315,1316,1315,1316,114
2026-02-23 18:20:00,1318,1318,1318,1318,39
2026-02-23 18:40:00,1317,1317,1315,1315,22
2026-02-23 18:50:00,1315,1315,1315,1315,1
2026-02-24 09:00:00,1314,1315,1312,1315,170
2026-02-24 09:10:00,1312,1314,1312,1313,533
2026-02-24 09:20:00,1313,1314,1311,1312,520
2026-02-24 09:30:00,1312,1312,1311,1311,209
2026-02-24 09:40:00,1312,1312,1310,1311,339
2026-02-24 09:50:00,1312,1313,1310,1310,926
2026-02-24 10:00:00,1311,1311,1309,1311,234
2026-02-24 10:10:00,1311,1312,1309,1312,1509
2026-02-24 10:20:00,1312,1317,1312,1316,1034
2026-02-24 10:30:00,1317,1317,1315,1316,142
2026-02-24 10:40:00,1316,1317,1313,1313,643
2026-02-24 10:50:00,1312,1314,1311,1311,975
2026-02-24 11:00:00,1312,1313,1311,1313,634
2026-02-24 11:10:00,1310,1310,1303,1304,11740
2026-02-24 11:20:00,1304,1305,1300,1302,3545
2026-02-24 11:30:00,1302,1306,1302,1302,2814
2026-02-24 11:40:00,1304,1305,1301,1302,2121
2026-02-24 11:50:00,1303,1304,1302,1302,324
2026-02-24 12:00:00,1302,1303,1298,1302,3042
2026-02-24 12:10:00,1302,1304,1300,1304,1204
2026-02-24 12:20:00,1303,1303,1303,1303,271
2026-02-24 12:30:00,1304,1304,1303,1303,125
2026-02-24 12:40:00,1302,1304,1302,1302,335
2026-02-24 12:50:00,1302,1304,1301,1302,910
2026-02-24 13:00:00,1302,1304,1302,1304,46
2026-02-24 13:10:00,1303,1305,1303,1305,521
2026-02-24 13:20:00,1305,1305,1302,1303,973
2026-02-24 13:30:00,1302,1304,1302,1303,138
2026-02-24 13:40:00,1302,1302,1302,1302,1351
2026-02-24 13:50:00,1302,1304,1301,1303,896
2026-02-24 14:00:00,1303,1303,1301,1301,401
2026-02-24 14:10:00,1301,1304,1301,1304,841
2026-02-24 14:20:00,1303,1304,1302,1304,50
2026-02-24 14:30:00,1302,1304,1302,1302,94
2026-02-24 14:40:00,1304,1305,1304,1305,108
2026-02-24 14:50:00,1305,1305,1304,1305,756
2026-02-24 15:00:00,1304,1304,1304,1304,309
2026-02-24 15:10:00,1305,1310,1305,1310,1214
2026-02-24 15:20:00,1309,1311,1309,1311,1004
2026-02-24 15:30:00,1311,1311,1310,1310,434
2026-02-24 15:40:00,1308,1310,1308,1309,583
2026-02-24 15:50:00,1308,1308,1306,1306,454
2026-02-24 16:00:00,1305,1306,1305,1306,255
2026-02-24 16:10:00,1307,1307,1307,1307,40
2026-02-24 16:20:00,1306,1306,1306,1306,146
2026-02-24 16:30:00,1306,1306,1304,1305,296
2026-02-24 16:40:00,1305,1305,1301,1304,521
2026-02-24 16:50:00,1301,1302,1301,1301,3077
2026-02-24 17:00:00,1301,1301,1298,1300,2325
2026-02-24 17:10:00,1300,1303,1299,1302,793
2026-02-24 17:20:00,1303,1303,1301,1301,265
2026-02-24 17:30:00,1301,1301,1300,1300,350
2026-02-24 17:40:00,1300,1302,1300,1301,364
2026-02-24 17:50:00,1302,1303,1301,1303,359
2026-02-24 18:00:00,1302,1302,1300,1300,95
2026-02-24 18:10:00,1301,1303,1299,1303,2667
2026-02-24 18:20:00,1302,1303,1302,1303,13
2026-02-24 18:30:00,1302,1302,1301,1301,1167
2026-02-24 18:40:00,1300,1300,1300,1300,1
2026-02-24 19:00:00,1301,1301,1300,1300,11
2026-02-24 19:10:00,1300,1300,1299,1299,469
2026-02-24 19:20:00,1300,1300,1298,1298,2471
2026-02-24 19:30:00,1298,1298,1292,1292,1732
2026-02-24 19:40:00,1295,1300,1293,1298,1811
2026-02-24 19:50:00,1299,1299,1297,1298,15
2026-02-24 20:00:00,1298,1298,1298,1298,10
2026-02-24 20:10:00,1299,1299,1296,1296,426
2026-02-24 20:30:00,1297,1297,1295,1295,166
2026-02-24 20:40:00,1295,1295,1295,1295,168
2026-02-24 20:50:00,1296,1296,1294,1294,187
2026-02-24 21:00:00,1294,1297,1294,1297,441
2026-02-24 21:20:00,1296,1296,1292,1292,883
2026-02-24 21:30:00,1293,1293,1290,1293,2915
2026-02-24 21:40:00,1293,1293,1291,1292,452
2026-02-24 21:50:00,1294,1295,1294,1295,232
2026-02-24 22:00:00,1295,1296,1295,1296,84
2026-02-24 22:10:00,1296,1296,1296,1296,164
2026-02-24 22:20:00,1296,1296,1296,1296,375
2026-02-24 22:30:00,1297,1297,1297,1297,45
2026-02-24 22:40:00,1297,1297,1297,1297,101
2026-02-24 22:50:00,1298,1298,1297,1297,163
2026-02-24 23:00:00,1297,1297,1297,1297,10
2026-02-24 23:10:00,1299,1299,1299,1299,50
2026-02-24 23:20:00,1297,1299,1296,1299,406
2026-02-24 23:30:00,1298,1299,1298,1299,4
2026-02-24 23:40:00,1298,1299,1296,1299,156
2026-02-25 08:50:00,1300,1302,1300,1302,144
2026-02-25 09:00:00,1302,1303,1299,1301,633
2026-02-25 09:10:00,1301,1301,1299,1300,235
2026-02-25 09:20:00,1300,1300,1299,1300,228
2026-02-25 09:30:00,1300,1301,1298,1301,628
2026-02-25 09:40:00,1299,1299,1298,1298,74
2026-02-25 09:50:00,1298,1298,1298,1298,100
2026-02-25 10:00:00,1297,1299,1294,1295,775
2026-02-25 10:10:00,1295,1298,1294,1298,680
2026-02-25 10:20:00,1298,1300,1295,1295,761
2026-02-25 10:30:00,1294,1294,1291,1291,1326
2026-02-25 10:40:00,1292,1295,1292,1293,141
2026-02-25 10:50:00,1292,1292,1291,1291,225
2026-02-25 11:00:00,1291,1294,1291,1293,219
2026-02-25 11:10:00,1292,1292,1288,1289,1045
2026-02-25 11:20:00,1289,1293,1289,1293,303
2026-02-25 11:30:00,1293,1293,1290,1290,67
2026-02-25 11:40:00,1290,1292,1290,1292,13
2026-02-25 11:50:00,1292,1292,1291,1291,15
2026-02-25 12:00:00,1292,1293,1292,1292,509
2026-02-25 12:10:00,1293,1293,1292,1292,856
2026-02-25 12:20:00,1293,1294,1293,1294,201
2026-02-25 12:30:00,1294,1296,1294,1296,431
2026-02-25 12:40:00,1296,1297,1295,1296,720
2026-02-25 12:50:00,1297,1298,1297,1298,56
2026-02-25 13:00:00,1298,1298,1297,1298,79
2026-02-25 13:10:00,1297,1298,1295,1298,283
2026-02-25 13:20:00,1298,1298,1298,1298,100
2026-02-25 13:30:00,1298,1298,1298,1298,181
2026-02-25 13:40:00,1298,1300,1297,1297,218
2026-02-25 13:50:00,1298,1298,1298,1298,5
2026-02-25 14:00:00,1298,1298,1298,1298,179
2026-02-25 14:10:00,1297,1297,1297,1297,13
2026-02-25 14:20:00,1297,1297,1295,1295,538
2026-02-25 14:30:00,1294,1295,1293,1293,674
2026-02-25 14:40:00,1293,1295,1292,1292,361
2026-02-25 14:50:00,1293,1293,1293,1293,6
2026-02-25 15:00:00,1295,1295,1292,1292,191
2026-02-25 15:10:00,1292,1292,1290,1290,568
2026-02-25 15:20:00,1292,1292,1290,1290,29
2026-02-25 15:30:00,1290,1291,1289,1289,240
2026-02-25 15:40:00,1289,1290,1289,1289,291
2026-02-25 15:50:00,1290,1290,1289,1289,305
2026-02-25 16:00:00,1288,1288,1286,1287,1995
2026-02-25 16:10:00,1287,1289,1286,1287,934
2026-02-25 16:20:00,1287,1288,1284,1285,3601
2026-02-25 16:30:00,1285,1289,1285,1289,735
2026-02-25 16:40:00,1289,1290,1289,1289,520
2026-02-25 16:50:00,1289,1289,1288,1288,64
2026-02-25 17:00:00,1288,1290,1288,1289,250
2026-02-25 17:10:00,1290,1290,1289,1289,137
2026-02-25 17:20:00,1290,1292,1288,1292,850
2026-02-25 17:30:00,1294,1294,1290,1290,776
2026-02-25 17:40:00,1290,1293,1290,1290,1602
2026-02-25 17:50:00,1292,1293,1291,1291,178
2026-02-25 18:00:00,1292,1292,1290,1290,669
2026-02-25 18:10:00,1290,1296,1289,1295,3162
2026-02-25 18:20:00,1295,1296,1291,1294,1836
2026-02-25 18:30:00,1293,1295,1291,1291,825
2026-02-25 18:40:00,1292,1294,1292,1294,215
2026-02-25 19:00:00,1293,1294,1293,1293,115
2026-02-25 19:10:00,1293,1294,1292,1292,432
2026-02-25 19:20:00,1293,1295,1293,1294,191
2026-02-25 19:30:00,1294,1295,1293,1295,122
2026-02-25 19:40:00,1293,1294,1293,1294,28
2026-02-25 20:00:00,1293,1294,1293,1294,500
2026-02-25 20:10:00,1294,1294,1292,1293,123
2026-02-25 20:20:00,1291,1291,1290,1290,400
2026-02-25 20:30:00,1293,1294,1292,1292,403
2026-02-25 20:40:00,1295,1295,1293,1293,108
2026-02-25 20:50:00,1295,1295,1295,1295,581
2026-02-25 21:00:00,1295,1297,1294,1297,1090
2026-02-25 21:10:00,1294,1295,1292,1292,717
2026-02-25 21:20:00,1293,1294,1293,1293,233
2026-02-25 21:30:00,1294,1294,1291,1291,418
2026-02-25 21:40:00,1291,1292,1291,1292,203
2026-02-25 21:50:00,1291,1291,1291,1291,1
2026-02-25 22:00:00,1290,1290,1290,1290,33
2026-02-25 22:10:00,1289,1293,1287,1292,1399
2026-02-25 22:20:00,1291,1292,1290,1290,897
2026-02-25 22:30:00,1290,1291,1290,1291,352
2026-02-25 22:40:00,1292,1292,1292,1292,241
2026-02-25 22:50:00,1292,1294,1292,1294,106
2026-02-25 23:00:00,1293,1295,1292,1293,984
2026-02-25 23:10:00,1292,1294,1292,1294,483
2026-02-25 23:20:00,1296,1296,1294,1295,390
2026-02-25 23:30:00,1296,1296,1291,1291,705
2026-02-25 23:40:00,1294,1297,1291,1292,741
2026-02-26 08:50:00,1294,1294,1294,1294,98
2026-02-26 09:00:00,1295,1298,1293,1298,580
2026-02-26 09:10:00,1297,1303,1296,1303,3907
2026-02-26 09:20:00,1303,1304,1301,1302,1327
2026-02-26 09:30:00,1303,1305,1303,1305,742
2026-02-26 09:40:00,1304,1305,1300,1302,1691
2026-02-26 09:50:00,1302,1307,1302,1307,826
2026-02-26 10:00:00,1306,1306,1300,1301,1431
2026-02-26 10:10:00,1301,1301,1300,1300,175
2026-02-26 10:20:00,1300,1301,1298,1299,431
2026-02-26 10:30:00,1297,1300,1297,1300,170
2026-02-26 10:40:00,1300,1305,1297,1305,1179
2026-02-26 10:50:00,1304,1307,1302,1305,783
2026-02-26 11:00:00,1304,1306,1304,1306,109
2026-02-26 11:10:00,1304,1307,1304,1304,205
2026-02-26 11:20:00,1304,1304,1300,1302,1380
2026-02-26 11:30:00,1302,1303,1301,1303,62
2026-02-26 11:40:00,1301,1301,1301,1301,26
2026-02-26 11:50:00,1300,1300,1298,1298,228
2026-02-26 12:00:00,1299,1299,1292,1297,5578
2026-02-26 12:10:00,1296,1296,1296,1296,52
2026-02-26 12:20:00,1295,1296,1294,1294,190
2026-02-26 12:30:00,1296,1296,1296,1296,10
2026-02-26 12:40:00,1296,1297,1296,1297,195
2026-02-26 12:50:00,1296,1296,1296,1296,3
2026-02-26 13:00:00,1296,1298,1296,1297,320
2026-02-26 13:10:00,1298,1298,1297,1297,45
2026-02-26 13:20:00,1297,1298,1296,1296,263
2026-02-26 13:30:00,1296,1299,1296,1297,383
2026-02-26 13:40:00,1297,1297,1297,1297,66
2026-02-26 13:50:00,1298,1299,1297,1299,193
2026-02-26 14:00:00,1299,1299,1297,1299,75
2026-02-26 14:10:00,1297,1299,1297,1297,315
2026-02-26 14:20:00,1298,1299,1294,1294,951
2026-02-26 14:30:00,1294,1295,1293,1295,533
2026-02-26 14:40:00,1296,1296,1296,1296,1
2026-02-26 14:50:00,1296,1296,1295,1296,336
2026-02-26 15:10:00,1296,1300,1296,1300,759
2026-02-26 15:20:00,1302,1306,1298,1301,3534
2026-02-26 15:30:00,1301,1303,1301,1301,422
2026-02-26 15:40:00,1302,1303,1301,1301,68
2026-02-26 15:50:00,1301,1302,1301,1302,118
2026-02-26 16:00:00,1302,1303,1301,1303,366
2026-02-26 16:10:00,1300,1302,1300,1302,204
2026-02-26 16:20:00,1302,1303,1300,1303,358
2026-02-26 16:30:00,1303,1304,1303,1303,135
2026-02-26 16:40:00,1302,1303,1302,1303,123
2026-02-26 16:50:00,1301,1303,1301,1303,61
2026-02-26 17:00:00,1302,1302,1300,1300,664
2026-02-26 17:10:00,1300,1301,1299,1301,912
2026-02-26 17:20:00,1300,1300,1298,1298,229
2026-02-26 17:30:00,1298,1298,1296,1296,622
2026-02-26 17:40:00,1296,1296,1294,1295,847
2026-02-26 17:50:00,1296,1299,1296,1297,1014
2026-02-26 18:00:00,1298,1299,1296,1296,432
2026-02-26 18:10:00,1297,1297,1296,1297,16
2026-02-26 18:20:00,1296,1296,1291,1292,3461
2026-02-26 18:30:00,1291,1292,1289,1292,1191
2026-02-26 18:40:00,1293,1293,1292,1292,189
2026-02-26 19:00:00,1292,1292,1290,1290,47
2026-02-26 19:10:00,1292,1292,1290,1291,51
2026-02-26 19:20:00,1291,1293,1291,1293,190
2026-02-26 19:30:00,1292,1293,1292,1293,47
2026-02-26 19:40:00,1294,1294,1294,1294,36
2026-02-26 20:20:00,1294,1294,1294,1294,100
2026-02-26 20:40:00,1295,1295,1295,1295,3
2026-02-26 20:50:00,1296,1296,1296,1296,55
2026-02-26 21:10:00,1296,1296,1295,1295,53
2026-02-26 21:20:00,1296,1296,1294,1296,628
2026-02-26 21:30:00,1296,1296,1296,1296,4
2026-02-26 21:40:00,1296,1296,1296,1296,201
2026-02-26 21:50:00,1295,1296,1293,1296,954
2026-02-26 22:00:00,1297,1297,1297,1297,3
2026-02-26 22:10:00,1297,1297,1297,1297,35
2026-02-26 22:20:00,1297,1297,1296,1296,505
2026-02-26 22:30:00,1298,1298,1298,1298,72
2026-02-26 22:40:00,1297,1298,1297,1297,38
2026-02-26 22:50:00,1297,1297,1296,1297,13
2026-02-26 23:00:00,1297,1297,1296,1296,502
2026-02-26 23:10:00,1296,1296,1296,1296,45
2026-02-26 23:20:00,1296,1296,1296,1296,130
2026-02-26 23:30:00,1296,1297,1296,1296,695
2026-02-26 23:40:00,1297,1298,1297,1298,110
2026-02-27 09:00:00,1295,1295,1292,1294,654
2026-02-27 09:10:00,1294,1294,1292,1292,45
2026-02-27 09:20:00,1294,1294,1293,1294,597
2026-02-27 09:30:00,1293,1294,1293,1294,803
2026-02-27 09:40:00,1293,1293,1293,1293,27
2026-02-27 09:50:00,1293,1294,1267,1271,10097
2026-02-27 10:00:00,1271,1281,1269,1276,8149
2026-02-27 10:10:00,1276,1285,1276,1283,4597
2026-02-27 10:20:00,1283,1286,1282,1286,1147
2026-02-27 10:30:00,1286,1286,1282,1283,418
2026-02-27 10:40:00,1285,1285,1280,1280,357
2026-02-27 10:50:00,1281,1285,1281,1283,1135
2026-02-27 11:00:00,1283,1285,1282,1282,1991
2026-02-27 11:10:00,1284,1285,1283,1284,1729
2026-02-27 11:20:00,1283,1284,1283,1283,1462
2026-02-27 11:30:00,1283,1286,1283,1286,361
2026-02-27 11:40:00,1285,1285,1283,1283,207
2026-02-27 11:50:00,1283,1285,1282,1284,859
2026-02-27 12:00:00,1282,1284,1280,1284,856
2026-02-27 12:10:00,1284,1284,1280,1281,274
2026-02-27 12:20:00,1283,1284,1283,1284,77
2026-02-27 12:30:00,1284,1285,1283,1283,598
2026-02-27 12:40:00,1283,1285,1283,1283,543
2026-02-27 12:50:00,1285,1285,1284,1284,877
2026-02-27 13:00:00,1284,1287,1283,1287,908
2026-02-27 13:10:00,1285,1285,1282,1284,952
2026-02-27 13:20:00,1284,1287,1284,1287,634
2026-02-27 13:30:00,1287,1288,1287,1287,808
2026-02-27 13:40:00,1288,1290,1288,1289,1408
2026-02-27 13:50:00,1290,1290,1289,1289,583
2026-02-27 14:00:00,1288,1289,1287,1289,497
2026-02-27 14:10:00,1288,1288,1287,1288,72
2026-02-27 14:20:00,1288,1288,1286,1286,302
2026-02-27 14:30:00,1288,1288,1286,1286,120
2026-02-27 14:40:00,1288,1289,1287,1289,410
2026-02-27 14:50:00,1290,1291,1289,1291,247
2026-02-27 15:00:00,1291,1291,1290,1290,19
2026-02-27 15:10:00,1291,1291,1289,1289,84
2026-02-27 15:20:00,1290,1290,1290,1290,9
2026-02-27 15:30:00,1290,1290,1288,1288,44
2026-02-27 15:40:00,1290,1291,1289,1289,219
2026-02-27 15:50:00,1290,1293,1290,1290,598
2026-02-27 16:00:00,1291,1292,1290,1290,296
2026-02-27 16:10:00,1292,1292,1290,1290,41
2026-02-27 16:20:00,1292,1294,1292,1292,133
2026-02-27 16:30:00,1293,1295,1293,1293,300
2026-02-27 16:40:00,1293,1294,1293,1294,484
2026-02-27 16:50:00,1294,1296,1293,1293,2864
2026-02-27 17:00:00,1292,1293,1292,1293,151
2026-02-27 17:10:00,1292,1292,1291,1291,92
2026-02-27 17:20:00,1292,1292,1288,1288,1001
2026-02-27 17:30:00,1288,1289,1281,1284,1161
2026-02-27 17:40:00,1283,1285,1281,1284,565
2026-02-27 17:50:00,1284,1285,1284,1285,46
2026-02-27 18:00:00,1283,1283,1280,1281,228
2026-02-27 18:10:00,1282,1282,1279,1280,3512
2026-02-27 18:20:00,1280,1280,1278,1278,2331
2026-02-27 18:30:00,1278,1282,1278,1282,407
2026-02-27 18:40:00,1282,1282,1282,1282,117
2026-02-27 19:00:00,1281,1281,1280,1280,107
2026-02-27 19:10:00,1282,1283,1282,1283,5
2026-02-27 19:20:00,1283,1284,1282,1282,634
2026-02-27 19:30:00,1283,1283,1282,1282,238
2026-02-27 19:40:00,1283,1283,1281,1281,1140
2026-02-27 20:00:00,1282,1282,1280,1282,127
2026-02-27 20:10:00,1282,1282,1282,1282,64
2026-02-27 20:20:00,1283,1283,1283,1283,5
2026-02-27 20:30:00,1283,1283,1283,1283,6
2026-02-27 20:40:00,1283,1284,1283,1284,44
2026-02-27 20:50:00,1285,1285,1285,1285,50
2026-02-27 21:00:00,1285,1285,1284,1284,6
2026-02-27 21:10:00,1284,1286,1284,1286,220
2026-02-27 21:30:00,1285,1285,1285,1285,1
2026-02-27 21:40:00,1284,1284,1284,1284,150
2026-02-27 22:00:00,1283,1284,1283,1284,213
2026-02-27 22:10:00,1285,1285,1282,1282,883
2026-02-27 22:20:00,1282,1282,1281,1281,28
2026-02-27 22:30:00,1282,1282,1282,1282,130
2026-02-27 22:40:00,1282,1282,1281,1281,673
2026-02-27 22:50:00,1281,1281,1281,1281,10
2026-02-27 23:00:00,1282,1282,1282,1282,1
2026-02-27 23:10:00,1282,1282,1282,1282,52
2026-02-27 23:20:00,1283,1284,1282,1282,62
2026-02-27 23:30:00,1284,1284,1282,1283,36
2026-02-27 23:40:00,1282,1284,1282,1283,239
2026-02-28 10:00:00,1282,1282,1280,1280,221
2026-02-28 10:10:00,1281,1281,1281,1281,3
2026-02-28 10:20:00,1282,1282,1281,1281,63
2026-02-28 10:30:00,1280,1280,1276,1278,247
2026-02-28 10:40:00,1278,1278,1275,1275,164
2026-02-28 10:50:00,1275,1276,1272,1276,2234
2026-02-28 11:00:00,1275,1275,1275,1275,143
2026-02-28 11:10:00,1275,1276,1275,1276,59
2026-02-28 11:20:00,1275,1275,1265,1274,11777
2026-02-28 11:30:00,1275,1276,1274,1274,220
2026-02-28 11:40:00,1274,1274,1269,1270,1816
2026-02-28 11:50:00,1272,1272,1270,1270,859
2026-02-28 12:00:00,1270,1271,1270,1270,1322
2026-02-28 12:10:00,1272,1273,1270,1270,1238
2026-02-28 12:20:00,1270,1270,1265,1265,2892
2026-02-28 12:30:00,1268,1270,1268,1270,329
2026-02-28 12:40:00,1269,1269,1268,1269,198
2026-02-28 12:50:00,1270,1274,1270,1273,571
2026-02-28 13:00:00,1273,1273,1272,1273,319
2026-02-28 13:10:00,1272,1272,1270,1270,127
2026-02-28 13:20:00,1271,1272,1271,1272,6
2026-02-28 13:30:00,1272,1273,1272,1273,72
2026-02-28 13:40:00,1272,1272,1271,1272,13
2026-02-28 13:50:00,1273,1274,1270,1270,313
2026-02-28 14:00:00,1270,1273,1268,1269,584
2026-02-28 14:10:00,1268,1272,1268,1271,265
2026-02-28 14:20:00,1270,1270,1269,1269,122
2026-02-28 14:30:00,1271,1274,1269,1274,596
2026-02-28 14:40:00,1271,1271,1271,1271,50
2026-02-28 14:50:00,1272,1273,1272,1273,165
2026-02-28 15:10:00,1273,1273,1272,1272,29
2026-02-28 15:20:00,1272,1272,1271,1271,66
2026-02-28 15:30:00,1272,1273,1272,1272,393
2026-02-28 15:40:00,1271,1271,1271,1271,10
2026-02-28 15:50:00,1272,1272,1271,1272,275
2026-02-28 16:00:00,1272,1272,1272,1272,1
2026-02-28 16:10:00,1272,1272,1272,1272,300
2026-02-28 16:30:00,1273,1273,1273,1273,1
2026-02-28 16:40:00,1273,1273,1273,1273,2
2026-02-28 16:50:00,1272,1272,1272,1272,150
2026-02-28 17:00:00,1272,1273,1270,1271,733
2026-02-28 17:10:00,1271,1274,1271,1274,812
2026-02-28 17:20:00,1274,1274,1271,1271,268
2026-02-28 17:30:00,1273,1275,1272,1272,320
2026-02-28 17:40:00,1273,1274,1273,1274,290
2026-02-28 17:50:00,1274,1276,1274,1276,956
2026-02-28 18:00:00,1275,1276,1272,1272,608
2026-02-28 18:10:00,1272,1272,1272,1272,96
2026-02-28 18:20:00,1270,1270,1270,1270,21
2026-02-28 18:30:00,1270,1271,1269,1271,245
2026-02-28 18:40:00,1273,1273,1273,1273,2
2026-02-28 18:50:00,1270,1272,1268,1269,472
2026-03-01 09:50:00,1270,1270,1270,1270,3
2026-03-01 10:00:00,1270,1273,1270,1272,923
2026-03-01 10:10:00,1273,1273,1272,1272,56
2026-03-01 10:20:00,1272,1275,1272,1274,288
2026-03-01 10:30:00,1273,1275,1273,1273,61
2026-03-01 10:40:00,1274,1275,1271,1275,985
2026-03-01 10:50:00,1274,1274,1274,1274,1
2026-03-01 11:00:00,1275,1276,1275,1276,150
2026-03-01 11:10:00,1274,1274,1274,1274,22
2026-03-01 11:30:00,1276,1279,1275,1278,1729
2026-03-01 11:40:00,1276,1276,1274,1274,113
2026-03-01 11:50:00,1274,1274,1272,1272,279
2026-03-01 12:00:00,1271,1274,1271,1274,227
2026-03-01 12:10:00,1272,1272,1272,1272,60
2026-03-01 12:20:00,1273,1273,1273,1273,20
2026-03-01 12:40:00,1273,1273,1273,1273,100
2026-03-01 13:00:00,1271,1271,1271,1271,100
2026-03-01 13:10:00,1271,1271,1268,1270,727
2026-03-01 13:30:00,1272,1272,1272,1272,18
2026-03-01 13:40:00,1270,1270,1270,1270,1
2026-03-01 13:50:00,1270,1270,1270,1270,63
2026-03-01 14:00:00,1270,1272,1270,1272,100
2026-03-01 14:20:00,1271,1271,1270,1270,421
2026-03-01 14:30:00,1270,1270,1269,1269,105
2026-03-01 14:40:00,1271,1271,1271,1271,97
2026-03-01 15:00:00,1269,1269,1269,1269,413
2026-03-01 15:10:00,1268,1268,1268,1268,83
2026-03-01 15:20:00,1270,1272,1270,1272,41
2026-03-01 15:30:00,1272,1272,1272,1272,2
2026-03-01 15:50:00,1271,1271,1271,1271,1
2026-03-01 16:00:00,1270,1270,1270,1270,26
2026-03-01 16:40:00,1270,1270,1268,1270,1772
2026-03-01 17:00:00,1271,1271,1271,1271,5
2026-03-01 17:10:00,1270,1270,1268,1268,52
2026-03-01 17:20:00,1270,1271,1270,1271,26
2026-03-01 17:30:00,1269,1269,1269,1269,5
2026-03-01 17:40:00,1271,1272,1270,1272,823
2026-03-01 18:00:00,1270,1271,1270,1271,107
2026-03-01 18:10:00,1271,1272,1271,1272,110
2026-03-01 18:30:00,1272,1274,1272,1272,2700
2026-03-01 18:40:00,1273,1273,1270,1270,245
2026-03-01 18:50:00,1270,1273,1270,1273,98
2026-03-02 09:00:00,1274,1281,1272,1272,5472
2026-03-02 09:10:00,1275,1276,1273,1273,893
2026-03-02 09:20:00,1275,1276,1273,1276,232
2026-03-02 09:30:00,1275,1275,1274,1274,217
2026-03-02 09:40:00,1273,1273,1268,1269,2498
2026-03-02 09:50:00,1270,1271,1267,1270,2158
2026-03-02 10:00:00,1272,1272,1269,1272,367
2026-03-02 10:10:00,1272,1276,1272,1276,2610
2026-03-02 10:20:00,1276,1276,1271,1272,1410
2026-03-02 10:30:00,1274,1275,1273,1273,321
2026-03-02 10:40:00,1275,1275,1270,1275,3050
2026-03-02 10:50:00,1272,1273,1270,1273,1039
2026-03-02 11:00:00,1272,1273,1271,1271,1547
2026-03-02 11:10:00,1271,1272,1269,1271,13506
2026-03-02 11:20:00,1272,1277,1272,1274,1580
2026-03-02 11:30:00,1274,1275,1272,1272,148
2026-03-02 11:40:00,1272,1274,1271,1274,952
2026-03-02 11:50:00,1274,1274,1273,1273,128
2026-03-02 12:00:00,1272,1275,1272,1273,234
2026-03-02 12:10:00,1275,1276,1275,1275,240
2026-03-02 12:20:00,1273,1273,1273,1273,20
2026-03-02 12:40:00,1274,1280,1274,1277,3231
2026-03-02 12:50:00,1278,1281,1278,1281,438
2026-03-02 13:00:00,1281,1281,1279,1279,202
2026-03-02 13:10:00,1279,1279,1279,1279,24
2026-03-02 13:20:00,1279,1282,1278,1278,1474
2026-03-02 13:30:00,1280,1280,1278,1279,193
2026-03-02 13:40:00,1279,1284,1279,1283,1476
2026-03-02 13:50:00,1283,1287,1281,1287,1285
2026-03-02 14:00:00,1288,1291,1288,1289,3820
2026-03-02 14:10:00,1289,1291,1287,1288,979
2026-03-02 14:20:00,1288,1292,1287,1292,1128
2026-03-02 14:30:00,1291,1291,1289,1290,1031
2026-03-02 14:40:00,1290,1291,1289,1289,649
2026-03-02 14:50:00,1289,1290,1288,1290,194
2026-03-02 15:00:00,1290,1290,1289,1289,630
2026-03-02 15:10:00,1289,1289,1286,1286,3409
2026-03-02 15:20:00,1286,1287,1285,1287,264
2026-03-02 15:30:00,1287,1287,1285,1287,2659
2026-03-02 15:40:00,1287,1289,1286,1287,847
2026-03-02 15:50:00,1288,1289,1287,1288,413
2026-03-02 16:00:00,1288,1289,1287,1287,198
2026-03-02 16:10:00,1287,1289,1286,1286,827
2026-03-02 16:20:00,1286,1287,1285,1285,115
2026-03-02 16:30:00,1285,1285,1283,1283,219
2026-03-02 16:40:00,1283,1283,1279,1283,2175
2026-03-02 16:50:00,1283,1283,1278,1278,1184
2026-03-02 17:00:00,1278,1278,1276,1278,521
2026-03-02 17:10:00,1278,1282,1278,1278,1390
2026-03-02 17:20:00,1278,1278,1275,1275,1646
2026-03-02 17:30:00,1276,1276,1271,1275,1840
2026-03-02 17:40:00,1275,1275,1271,1274,1333
2026-03-02 17:50:00,1274,1274,1273,1273,93
2026-03-02 18:00:00,1272,1272,1270,1272,2059
2026-03-02 18:10:00,1271,1272,1271,1272,36
2026-03-02 18:20:00,1272,1272,1272,1272,149
2026-03-02 18:30:00,1272,1275,1272,1274,586
2026-03-02 18:40:00,1272,1272,1271,1271,329
2026-03-02 19:00:00,1271,1271,1271,1271,151
2026-03-02 19:10:00,1271,1274,1269,1271,2057
2026-03-02 19:20:00,1271,1272,1271,1272,234
2026-03-02 19:30:00,1272,1273,1272,1273,5
2026-03-02 19:40:00,1273,1273,1271,1272,301
2026-03-02 19:50:00,1272,1274,1272,1273,555
2026-03-02 20:00:00,1274,1276,1274,1276,47
2026-03-02 20:10:00,1276,1276,1276,1276,73
2026-03-02 20:20:00,1276,1276,1276,1276,213
2026-03-02 20:30:00,1277,1277,1277,1277,405
2026-03-02 20:40:00,1278,1280,1278,1280,805
2026-03-02 20:50:00,1279,1280,1277,1277,282
2026-03-02 21:00:00,1276,1277,1275,1275,166
2026-03-02 21:10:00,1276,1276,1275,1275,31
2026-03-02 21:20:00,1275,1275,1275,1275,252
2026-03-02 21:30:00,1278,1278,1276,1276,291
2026-03-02 21:40:00,1277,1278,1277,1278,100
2026-03-02 21:50:00,1275,1275,1275,1275,20
2026-03-02 22:00:00,1274,1277,1274,1277,1057
2026-03-02 22:10:00,1278,1278,1278,1278,260
2026-03-02 22:20:00,1278,1278,1278,1278,482
2026-03-02 22:30:00,1278,1281,1278,1281,229
2026-03-02 22:40:00,1281,1281,1279,1279,260
2026-03-02 22:50:00,1279,1279,1278,1278,271
2026-03-02 23:00:00,1278,1280,1278,1280,117
2026-03-02 23:10:00,1278,1278,1278,1278,10
2026-03-02 23:20:00,1279,1280,1278,1278,448
2026-03-02 23:30:00,1278,1278,1276,1276,2363
2026-03-02 23:40:00,1275,1275,1274,1274,84
2026-03-03 09:00:00,1276,1276,1272,1273,531
2026-03-03 09:10:00,1273,1273,1271,1271,619
2026-03-03 09:20:00,1271,1272,1270,1272,731
2026-03-03 09:30:00,1271,1271,1268,1270,752
2026-03-03 09:40:00,1269,1270,1268,1269,274
2026-03-03 09:50:00,1269,1270,1268,1269,1410
2026-03-03 10:00:00,1270,1271,1267,1267,1044
2026-03-03 10:10:00,1266,1284,1264,1283,4877
2026-03-03 10:20:00,1280,1280,1276,1276,660
2026-03-03 10:30:00,1276,1281,1276,1280,1012
2026-03-03 10:40:00,1280,1282,1280,1282,805
2026-03-03 10:50:00,1280,1280,1279,1280,587
2026-03-03 11:00:00,1281,1281,1280,1280,93
2026-03-03 11:10:00,1278,1280,1278,1278,71
2026-03-03 11:20:00,1279,1280,1279,1279,131
2026-03-03 11:30:00,1280,1281,1279,1280,564
2026-03-03 11:40:00,1282,1286,1282,1285,636
2026-03-03 11:50:00,1285,1286,1282,1283,986
2026-03-03 12:00:00,1282,1283,1281,1282,736
2026-03-03 12:10:00,1282,1284,1282,1283,896
2026-03-03 12:20:00,1285,1285,1277,1277,853
2026-03-03 12:30:00,1276,1277,1275,1277,216
2026-03-03 12:40:00,1278,1279,1278,1279,276
2026-03-03 12:50:00,1279,1279,1277,1277,151
2026-03-03 13:00:00,1277,1277,1275,1276,430
2026-03-03 13:10:00,1276,1281,1276,1280,563
2026-03-03 13:20:00,1281,1283,1280,1280,871
2026-03-03 13:30:00,1281,1282,1280,1282,245
2026-03-03 13:40:00,1281,1281,1277,1277,612
2026-03-03 13:50:00,1277,1280,1276,1277,1277
2026-03-03 14:00:00,1276,1276,1276,1276,62
2026-03-03 14:10:00,1278,1278,1277,1277,456
2026-03-03 14:20:00,1277,1277,1274,1274,1047
2026-03-03 14:30:00,1274,1274,1273,1273,657
2026-03-03 14:40:00,1273,1273,1272,1273,181
2026-03-03 14:50:00,1272,1272,1269,1272,1141
2026-03-03 15:00:00,1272,1272,1270,1271,57
2026-03-03 15:10:00,1271,1271,1270,1271,116
2026-03-03 15:30:00,1271,1274,1270,1273,3809
2026-03-03 15:40:00,1272,1273,1271,1273,312
2026-03-03 15:50:00,1273,1276,1273,1275,312
2026-03-03 16:00:00,1273,1273,1273,1273,51
2026-03-03 16:10:00,1274,1275,1273,1273,264
2026-03-03 16:20:00,1272,1272,1272,1272,26
2026-03-03 16:30:00,1271,1271,1269,1270,445
2026-03-03 16:40:00,1271,1273,1271,1272,213
2026-03-03 16:50:00,1272,1272,1272,1272,1
2026-03-03 17:00:00,1274,1275,1274,1275,58
2026-03-03 17:10:00,1274,1274,1274,1274,1
2026-03-03 17:20:00,1274,1274,1274,1274,48
2026-03-03 17:30:00,1275,1275,1274,1274,23
2026-03-03 17:40:00,1273,1274,1272,1272,265
2026-03-03 17:50:00,1272,1272,1270,1271,3028
2026-03-03 18:00:00,1270,1271,1268,1269,3954
2026-03-03 18:10:00,1270,1272,1270,1272,445
2026-03-03 18:20:00,1270,1273,1270,1270,841
2026-03-03 18:30:00,1270,1271,1270,1271,249
2026-03-03 18:40:00,1270,1270,1269,1269,170
2026-03-03 19:00:00,1271,1271,1269,1270,130
2026-03-03 19:10:00,1271,1271,1270,1270,16
2026-03-03 19:30:00,1269,1269,1267,1267,770
2026-03-03 19:40:00,1267,1267,1265,1265,381
2026-03-03 19:50:00,1265,1268,1265,1268,1261
2026-03-03 20:00:00,1268,1268,1268,1268,35
2026-03-03 20:10:00,1267,1268,1267,1267,320
2026-03-03 20:30:00,1267,1269,1267,1269,2207
2026-03-03 20:40:00,1268,1268,1266,1266,124
2026-03-03 20:50:00,1266,1268,1266,1268,203
2026-03-03 21:00:00,1268,1268,1267,1267,119
2026-03-03 21:10:00,1268,1272,1268,1270,252
2026-03-03 21:20:00,1272,1272,1270,1270,18
2026-03-03 21:40:00,1270,1270,1269,1269,217
2026-03-03 21:50:00,1269,1270,1269,1270,26
2026-03-03 22:00:00,1270,1272,1270,1272,270
2026-03-03 22:10:00,1270,1270,1270,1270,7
2026-03-03 22:20:00,1272,1275,1272,1275,497
2026-03-03 22:30:00,1275,1275,1274,1274,77
2026-03-03 22:40:00,1274,1275,1273,1273,43
2026-03-03 22:50:00,1274,1274,1274,1274,40
2026-03-03 23:00:00,1274,1274,1272,1272,150
2026-03-03 23:10:00,1271,1273,1271,1273,131
2026-03-03 23:20:00,1272,1272,1271,1271,39
2026-03-03 23:30:00,1271,1271,1271,1271,30
2026-03-03 23:40:00,1272,1272,1269,1270,323
2026-03-04 08:50:00,1272,1272,1272,1272,25
2026-03-04 09:00:00,1274,1278,1274,1278,981
2026-03-04 09:10:00,1277,1278,1276,1277,199
2026-03-04 09:20:00,1278,1278,1276,1276,64
2026-03-04 09:30:00,1276,1276,1276,1276,138
2026-03-04 09:40:00,1275,1275,1275,1275,145
2026-03-04 09:50:00,1276,1276,1276,1276,62
2026-03-04 10:00:00,1275,1275,1272,1273,727
2026-03-04 10:10:00,1275,1275,1269,1269,1217
2026-03-04 10:20:00,1269,1270,1266,1269,1399
2026-03-04 10:30:00,1267,1269,1267,1269,11
2026-03-04 10:40:00,1267,1267,1266,1266,602
2026-03-04 10:50:00,1268,1270,1268,1269,783
2026-03-04 11:00:00,1268,1268,1266,1266,843
2026-03-04 11:10:00,1266,1266,1255,1258,6311
2026-03-04 11:20:00,1258,1263,1256,1263,1668
2026-03-04 11:30:00,1263,1264,1257,1258,1349
2026-03-04 11:40:00,1258,1262,1258,1260,497
2026-03-04 11:50:00,1261,1264,1261,1264,244
2026-03-04 12:00:00,1264,1266,1263,1266,850
2026-03-04 12:10:00,1265,1266,1263,1266,1967
2026-03-04 12:20:00,1266,1266,1266,1266,21
2026-03-04 12:30:00,1266,1267,1266,1267,181
2026-03-04 12:40:00,1266,1269,1266,1267,90
2026-03-04 12:50:00,1266,1267,1265,1266,177
2026-03-04 13:00:00,1265,1265,1262,1262,345
2026-03-04 13:10:00,1261,1263,1260,1263,195
2026-03-04 13:30:00,1263,1264,1263,1264,236
2026-03-04 13:50:00,1265,1266,1265,1266,108
2026-03-04 14:00:00,1268,1268,1268,1268,287
2026-03-04 14:10:00,1268,1268,1267,1267,534
2026-03-04 14:20:00,1267,1267,1265,1265,1345
2026-03-04 14:30:00,1265,1265,1262,1263,445
2026-03-04 14:40:00,1262,1263,1261,1261,79
2026-03-04 14:50:00,1261,1262,1260,1260,312
2026-03-04 15:00:00,1262,1268,1262,1265,3477
2026-03-04 15:10:00,1265,1266,1264,1266,207
2026-03-04 15:20:00,1266,1266,1265,1266,9
2026-03-04 15:30:00,1266,1266,1266,1266,29
2026-03-04 15:40:00,1264,1264,1262,1262,266
2026-03-04 15:50:00,1263,1266,1263,1264,520
2026-03-04 16:00:00,1264,1264,1263,1263,425
2026-03-04 16:10:00,1262,1263,1259,1259,711
2026-03-04 16:20:00,1259,1261,1259,1259,202
2026-03-04 16:30:00,1259,1260,1259,1260,112
2026-03-04 16:40:00,1260,1260,1258,1258,190
2026-03-04 16:50:00,1258,1260,1257,1259,1374
2026-03-04 17:00:00,1258,1258,1256,1256,630
2026-03-04 17:10:00,1256,1256,1252,1253,1710
2026-03-04 17:20:00,1253,1256,1250,1256,1457
2026-03-04 17:30:00,1254,1255,1253,1253,790
2026-03-04 17:40:00,1254,1255,1253,1255,1379
2026-03-04 17:50:00,1254,1254,1252,1252,169
2026-03-04 18:00:00,1253,1256,1250,1254,4226
2026-03-04 18:10:00,1253,1254,1252,1254,335
2026-03-04 18:20:00,1254,1254,1251,1254,199
2026-03-04 18:30:00,1254,1256,1252,1256,241
2026-03-04 18:40:00,1256,1256,1256,1256,37
2026-03-04 19:00:00,1255,1260,1255,1258,1399
2026-03-04 19:10:00,1258,1259,1256,1256,805
2026-03-04 19:20:00,1258,1258,1254,1254,770
2026-03-04 19:30:00,1254,1254,1254,1254,20
2026-03-04 19:40:00,1256,1256,1254,1256,148
2026-03-04 19:50:00,1256,1256,1251,1254,2529
2026-03-04 20:00:00,1254,1254,1254,1254,85
2026-03-04 20:10:00,1254,1254,1254,1254,71
2026-03-04 20:20:00,1253,1253,1253,1253,1
2026-03-04 20:30:00,1252,1254,1252,1254,72
2026-03-04 20:40:00,1254,1254,1254,1254,30
2026-03-04 20:50:00,1254,1255,1252,1252,843
2026-03-04 21:00:00,1252,1252,1251,1252,449
2026-03-04 21:10:00,1253,1254,1247,1249,1363
2026-03-04 21:20:00,1247,1250,1247,1249,224
2026-03-04 21:30:00,1250,1250,1249,1249,407
2026-03-04 21:40:00,1249,1251,1248,1251,549
2026-03-04 21:50:00,1251,1252,1248,1250,612
2026-03-04 22:00:00,1251,1255,1251,1255,4294
2026-03-04 22:10:00,1256,1256,1256,1256,4
2026-03-04 22:20:00,1256,1256,1256,1256,1
2026-03-04 22:30:00,1254,1255,1254,1255,94
2026-03-04 22:40:00,1255,1256,1255,1256,27
2026-03-04 23:00:00,1254,1256,1254,1256,12
2026-03-04 23:10:00,1254,1254,1254,1254,45
2026-03-04 23:20:00,1255,1255,1254,1254,484
2026-03-04 23:30:00,1254,1254,1253,1253,7
2026-03-04 23:40:00,1255,1256,1255,1256,10
2026-03-05 08:50:00,1256,1256,1256,1256,48
2026-03-05 09:00:00,1258,1258,1255,1258,504
2026-03-05 09:10:00,1256,1256,1255,1255,696
2026-03-05 09:20:00,1255,1256,1255,1255,127
2026-03-05 09:30:00,1257,1257,1254,1254,394
2026-03-05 09:40:00,1254,1257,1254,1257,240
2026-03-05 09:50:00,1256,1256,1252,1253,167
2026-03-05 10:00:00,1254,1255,1253,1253,207
2026-03-05 10:10:00,1255,1255,1252,1252,422
2026-03-05 10:20:00,1254,1254,1254,1254,56
2026-03-05 10:30:00,1253,1256,1249,1249,2813
2026-03-05 10:40:00,1249,1250,1248,1250,110
2026-03-05 10:50:00,1250,1254,1250,1252,3109
2026-03-05 11:00:00,1253,1253,1251,1252,794
2026-03-05 11:10:00,1253,1255,1253,1255,33
2026-03-05 11:20:00,1256,1256,1254,1254,220
2026-03-05 11:30:00,1254,1258,1254,1257,890
2026-03-05 11:40:00,1259,1261,1259,1259,589
2026-03-05 11:50:00,1259,1262,1259,1262,466
2026-03-05 12:00:00,1262,1263,1260,1260,1079
2026-03-05 12:10:00,1259,1261,1259,1261,147
2026-03-05 12:20:00,1260,1262,1260,1262,90
2026-03-05 12:30:00,1262,1264,1260,1260,89
2026-03-05 12:40:00,1260,1261,1259,1261,271
2026-03-05 12:50:00,1260,1265,1260,1265,781
2026-03-05 13:00:00,1265,1265,1262,1262,201
2026-03-05 13:10:00,1262,1262,1261,1262,349
2026-03-05 13:20:00,1261,1261,1261,1261,45
2026-03-05 13:30:00,1261,1261,1261,1261,15
2026-03-05 13:40:00,1262,1262,1262,1262,116
2026-03-05 13:50:00,1262,1264,1262,1262,143
2026-03-05 14:00:00,1263,1265,1263,1265,400
2026-03-05 14:10:00,1265,1265,1264,1264,47
2026-03-05 14:20:00,1264,1265,1264,1265,1138
2026-03-05 14:30:00,1265,1266,1264,1265,884
2026-03-05 14:40:00,1265,1265,1265,1265,10
2026-03-05 14:50:00,1265,1268,1264,1265,1498
2026-03-05 15:00:00,1265,1265,1264,1264,309
2026-03-05 15:10:00,1264,1264,1264,1264,230
2026-03-05 15:20:00,1264,1264,1263,1263,23
2026-03-05 15:30:00,1263,1265,1263,1264,974
2026-03-05 15:40:00,1265,1265,1264,1264,18
2026-03-05 15:50:00,1264,1264,1262,1262,338
2026-03-05 16:00:00,1262,1266,1262,1266,236
2026-03-05 16:10:00,1264,1265,1264,1265,55
2026-03-05 16:20:00,1262,1263,1260,1261,719
2026-03-05 16:30:00,1261,1262,1261,1262,72
2026-03-05 16:40:00,1262,1262,1261,1262,448
2026-03-05 16:50:00,1263,1263,1263,1263,100
2026-03-05 17:10:00,1263,1263,1261,1261,89
2026-03-05 17:20:00,1262,1264,1259,1259,3049
2026-03-05 17:30:00,1258,1260,1258,1260,111
2026-03-05 17:40:00,1260,1260,1260,1260,65
2026-03-05 17:50:00,1262,1262,1262,1262,455
2026-03-05 18:00:00,1262,1262,1261,1261,74
2026-03-05 18:10:00,1260,1261,1260,1261,80
2026-03-05 18:20:00,1261,1263,1261,1263,465
2026-03-05 18:30:00,1263,1263,1259,1259,2507
2026-03-05 18:40:00,1261,1263,1261,1263,352
2026-03-05 19:00:00,1260,1260,1260,1260,25
2026-03-05 19:10:00,1261,1261,1261,1261,128
2026-03-05 19:20:00,1261,1261,1258,1261,611
2026-03-05 19:30:00,1260,1262,1260,1262,300
2026-03-05 19:40:00,1262,1263,1260,1260,267
2026-03-05 20:00:00,1260,1263,1260,1262,242
2026-03-05 20:10:00,1263,1263,1262,1262,125
2026-03-05 20:20:00,1263,1263,1263,1263,2
2026-03-05 20:30:00,1263,1263,1263,1263,1510
2026-03-05 20:40:00,1263,1263,1263,1263,69
2026-03-05 20:50:00,1262,1263,1262,1263,266
2026-03-05 21:00:00,1263,1263,1263,1263,2
2026-03-05 21:10:00,1263,1264,1262,1264,53
2026-03-05 21:20:00,1263,1264,1262,1263,777
2026-03-05 21:30:00,1263,1265,1263,1265,196
2026-03-05 21:40:00,1265,1267,1265,1265,2085
2026-03-05 21:50:00,1266,1266,1263,1263,630
2026-03-05 22:00:00,1266,1266,1266,1266,71
2026-03-05 22:10:00,1264,1265,1264,1265,353
2026-03-05 22:20:00,1264,1266,1264,1266,92
2026-03-05 22:30:00,1264,1264,1264,1264,6
2026-03-05 23:00:00,1264,1264,1263,1263,101
2026-03-05 23:10:00,1265,1265,1265,1265,10
2026-03-05 23:30:00,1264,1264,1263,1264,202
2026-03-05 23:40:00,1265,1266,1262,1262,159
2026-03-06 09:00:00,1262,1263,1261,1262,312
2026-03-06 09:10:00,1262,1263,1262,1263,141
2026-03-06 09:20:00,1264,1264,1262,1263,598
2026-03-06 09:30:00,1261,1261,1261,1261,8
2026-03-06 09:40:00,1260,1260,1260,1260,406
2026-03-06 09:50:00,1260,1265,1260,1265,1092
2026-03-06 10:00:00,1263,1264,1263,1264,201
2026-03-06 10:10:00,1263,1263,1262,1262,172
2026-03-06 10:20:00,1263,1263,1261,1263,425
2026-03-06 10:30:00,1263,1264,1263,1264,663
2026-03-06 10:40:00,1265,1266,1264,1266,1147
2026-03-06 10:50:00,1266,1266,1266,1266,14
2026-03-06 11:00:00,1266,1267,1265,1267,948
2026-03-06 11:10:00,1268,1272,1268,1269,1827
2026-03-06 11:20:00,1269,1271,1268,1270,1811
2026-03-06 11:30:00,1269,1270,1266,1267,1270
2026-03-06 11:40:00,1268,1270,1268,1268,216
2026-03-06 11:50:00,1269,1269,1269,1269,35
2026-03-06 12:00:00,1268,1269,1268,1269,195
2026-03-06 12:10:00,1269,1269,1267,1267,163
2026-03-06 12:20:00,1269,1269,1269,1269,1
2026-03-06 12:30:00,1267,1267,1265,1265,610
2026-03-06 12:40:00,1266,1266,1263,1264,736
2026-03-06 12:50:00,1264,1265,1262,1262,377
2026-03-06 13:00:00,1262,1264,1262,1264,167
2026-03-06 13:10:00,1263,1264,1262,1262,651
2026-03-06 13:20:00,1263,1263,1260,1260,322
2026-03-06 13:30:00,1260,1261,1260,1261,111
2026-03-06 13:40:00,1261,1262,1260,1262,120
2026-03-06 13:50:00,1260,1260,1260,1260,27
2026-03-06 14:00:00,1260,1260,1259,1259,210
2026-03-06 14:10:00,1259,1260,1258,1258,602
2026-03-06 14:20:00,1260,1260,1258,1258,1058
2026-03-06 14:30:00,1258,1258,1256,1256,119
2026-03-06 14:40:00,1258,1258,1258,1258,6
2026-03-06 14:50:00,1258,1260,1256,1256,530
2026-03-06 15:00:00,1258,1258,1256,1256,154
2026-03-06 15:10:00,1255,1255,1252,1254,1136
2026-03-06 15:20:00,1256,1257,1256,1257,101
2026-03-06 15:30:00,1256,1257,1256,1256,81
2026-03-06 15:40:00,1255,1255,1255,1255,3
2026-03-06 15:50:00,1256,1256,1256,1256,105
2026-03-06 16:00:00,1254,1255,1253,1254,813
2026-03-06 16:10:00,1254,1255,1254,1255,209
2026-03-06 16:20:00,1256,1257,1255,1257,276
2026-03-06 16:30:00,1257,1257,1255,1255,303
2026-03-06 16:40:00,1255,1255,1254,1254,1179
2026-03-06 16:50:00,1253,1254,1248,1251,1935
2026-03-06 17:00:00,1250,1250,1235,1243,18198
2026-03-06 17:10:00,1244,1245,1242,1243,1564
2026-03-06 17:20:00,1244,1246,1243,1245,391
2026-03-06 17:30:00,1245,1250,1245,1249,1089
2026-03-06 17:40:00,1249,1250,1248,1250,479
2026-03-06 17:50:00,1250,1250,1246,1246,1189
2026-03-06 18:00:00,1248,1249,1244,1247,736
2026-03-06 18:10:00,1248,1248,1244,1247,987
2026-03-06 18:20:00,1248,1249,1246,1249,657
2026-03-06 18:30:00,1250,1251,1248,1250,2793
2026-03-06 18:40:00,1248,1248,1248,1248,10
2026-03-06 19:00:00,1249,1249,1249,1249,202
2026-03-06 19:10:00,1252,1252,1250,1250,21
2026-03-06 19:20:00,1252,1255,1252,1255,2013
2026-03-06 19:30:00,1255,1255,1253,1253,76
2026-03-06 19:40:00,1254,1255,1252,1252,298
2026-03-06 19:50:00,1253,1253,1252,1252,470
2026-03-06 20:00:00,1251,1251,1251,1251,86
2026-03-06 20:10:00,1253,1253,1253,1253,1
2026-03-06 20:20:00,1251,1252,1251,1252,994
2026-03-06 20:30:00,1252,1252,1251,1252,426
2026-03-06 20:40:00,1251,1251,1250,1251,182
2026-03-06 20:50:00,1250,1251,1249,1249,322
2026-03-06 21:00:00,1249,1249,1247,1247,2036
2026-03-06 21:20:00,1248,1249,1247,1247,406
2026-03-06 21:30:00,1248,1249,1246,1246,260
2026-03-06 21:40:00,1246,1246,1246,1246,300
2026-03-06 22:00:00,1247,1248,1247,1248,224
2026-03-06 22:10:00,1248,1251,1248,1248,1275
2026-03-06 22:20:00,1249,1249,1248,1248,41
2026-03-06 22:30:00,1249,1250,1249,1250,200
2026-03-06 22:50:00,1251,1251,1250,1250,54
2026-03-06 23:00:00,1249,1250,1249,1249,68
2026-03-06 23:10:00,1249,1249,1249,1249,42
2026-03-06 23:20:00,1249,1249,1248,1248,202
2026-03-06 23:30:00,1248,1249,1248,1248,269
2026-03-06 23:40:00,1249,1249,1248,1248,215
2026-03-09 09:00:00,1249,1260,1249,1254,4806
2026-03-09 09:10:00,1254,1255,1248,1251,1724
2026-03-09 09:20:00,1251,1252,1251,1252,211
2026-03-09 09:30:00,1251,1251,1245,1246,1569
2026-03-09 09:40:00,1245,1248,1245,1245,608
2026-03-09 09:50:00,1248,1248,1246,1246,48
2026-03-09 10:00:00,1244,1248,1243,1248,1102
2026-03-09 10:10:00,1247,1250,1246,1250,272
2026-03-09 10:20:00,1251,1252,1250,1250,437
2026-03-09 10:30:00,1248,1253,1248,1252,514
2026-03-09 10:40:00,1252,1253,1252,1253,162
2026-03-09 10:50:00,1252,1254,1252,1252,431
2026-03-09 11:00:00,1253,1253,1253,1253,11
2026-03-09 11:10:00,1254,1255,1252,1252,115
2026-03-09 11:20:00,1252,1252,1250,1252,1457
2026-03-09 11:30:00,1252,1252,1250,1250,50
2026-03-09 11:40:00,1250,1251,1249,1251,348
2026-03-09 11:50:00,1249,1251,1247,1251,1780
2026-03-09 12:00:00,1248,1248,1248,1248,403
2026-03-09 12:10:00,1248,1249,1248,1249,133
2026-03-09 12:20:00,1248,1248,1247,1248,118
2026-03-09 12:30:00,1248,1248,1246,1247,957
2026-03-09 12:40:00,1247,1248,1247,1248,106
2026-03-09 12:50:00,1247,1248,1247,1248,501
2026-03-09 13:00:00,1247,1248,1247,1248,140
2026-03-09 13:10:00,1249,1249,1249,1249,15
2026-03-09 13:20:00,1249,1250,1249,1250,239
2026-03-09 13:30:00,1251,1252,1251,1251,410
2026-03-09 13:40:00,1250,1250,1250,1250,4
2026-03-09 14:10:00,1250,1253,1250,1252,702
2026-03-09 14:20:00,1252,1252,1251,1251,72
2026-03-09 14:30:00,1252,1253,1251,1251,118
2026-03-09 14:40:00,1254,1254,1254,1254,40
2026-03-09 14:50:00,1252,1254,1251,1254,131
2026-03-09 15:00:00,1254,1254,1254,1254,20
2026-03-09 15:10:00,1254,1254,1254,1254,1
2026-03-09 15:20:00,1252,1254,1252,1254,642
2026-03-09 15:30:00,1255,1258,1255,1258,1947
2026-03-09 15:40:00,1259,1264,1258,1263,3575
2026-03-09 15:50:00,1263,1263,1261,1261,564
2026-03-09 16:00:00,1261,1261,1260,1261,653
2026-03-09 16:10:00,1261,1264,1259,1261,1024
2026-03-09 16:20:00,1259,1260,1258,1260,205
2026-03-09 16:30:00,1260,1260,1259,1259,153
2026-03-09 16:40:00,1258,1260,1258,1260,33
2026-03-09 16:50:00,1260,1260,1260,1260,5
2026-03-09 17:00:00,1260,1260,1260,1260,158
2026-03-09 17:10:00,1261,1262,1261,1262,58
2026-03-09 17:20:00,1261,1261,1261,1261,138
2026-03-09 17:30:00,1259,1261,1259,1261,170
2026-03-09 17:40:00,1261,1261,1261,1261,90
2026-03-09 17:50:00,1261,1261,1261,1261,100
2026-03-09 18:00:00,1264,1265,1262,1262,305
2026-03-09 18:10:00,1262,1262,1259,1259,324
2026-03-09 18:20:00,1260,1261,1260,1261,167
2026-03-09 18:30:00,1265,1270,1265,1268,3498
2026-03-09 18:40:00,1268,1268,1268,1268,228
2026-03-09 19:00:00,1269,1269,1269,1269,100
2026-03-09 19:10:00,1268,1270,1266,1266,1588
2026-03-09 19:20:00,1270,1270,1270,1270,883
2026-03-09 19:30:00,1270,1272,1270,1272,366
2026-03-09 19:40:00,1270,1270,1268,1268,44
2026-03-09 19:50:00,1268,1270,1267,1270,170
2026-03-09 20:10:00,1271,1271,1268,1268,150
2026-03-09 20:30:00,1268,1268,1267,1267,105
2026-03-09 20:40:00,1269,1269,1266,1268,303
2026-03-09 20:50:00,1267,1267,1267,1267,200
2026-03-09 21:00:00,1266,1268,1265,1265,303
2026-03-09 21:10:00,1264,1264,1261,1264,412
2026-03-09 21:20:00,1264,1264,1264,1264,9
2026-03-09 21:30:00,1266,1270,1265,1270,487
2026-03-09 21:40:00,1268,1269,1268,1269,206
2026-03-09 21:50:00,1269,1270,1268,1269,475
2026-03-09 22:00:00,1269,1271,1269,1271,327
2026-03-09 22:10:00,1270,1270,1270,1270,1
2026-03-09 22:20:00,1270,1273,1266,1266,1652
2026-03-09 22:30:00,1268,1278,1268,1278,2631
2026-03-09 22:40:00,1279,1281,1274,1278,1081
2026-03-09 22:50:00,1278,1278,1276,1277,1075
2026-03-09 23:00:00,1277,1281,1276,1276,3217
2026-03-09 23:10:00,1275,1275,1272,1274,874
2026-03-09 23:20:00,1276,1278,1273,1273,1402
2026-03-09 23:30:00,1273,1278,1272,1274,599
2026-03-09 23:40:00,1274,1277,1273,1274,379
2026-03-10 09:00:00,1276,1285,1276,1284,6196
2026-03-10 09:10:00,1283,1289,1282,1288,3117
2026-03-10 09:20:00,1289,1289,1288,1288,520
2026-03-10 09:30:00,1288,1291,1288,1288,661
2026-03-10 09:40:00,1288,1288,1285,1288,1740
2026-03-10 09:50:00,1288,1288,1288,1288,41
2026-03-10 10:00:00,1288,1292,1288,1290,1194
2026-03-10 10:10:00,1289,1290,1284,1286,3342
2026-03-10 10:20:00,1284,1286,1280,1281,2096
2026-03-10 10:30:00,1281,1288,1278,1288,4643
2026-03-10 10:40:00,1288,1290,1286,1290,1547
2026-03-10 10:50:00,1291,1292,1289,1292,3082
2026-03-10 11:00:00,1292,1292,1288,1289,7478
2026-03-10 11:10:00,1290,1292,1289,1292,4989
2026-03-10 11:20:00,1292,1292,1290,1292,298
2026-03-10 11:30:00,1291,1291,1290,1290,374
2026-03-10 11:40:00,1290,1291,1289,1290,134
2026-03-10 11:50:00,1291,1291,1290,1290,644
2026-03-10 12:00:00,1290,1292,1290,1290,1115
2026-03-10 12:10:00,1290,1290,1289,1289,835
2026-03-10 12:20:00,1290,1290,1288,1289,2196
2026-03-10 12:30:00,1290,1290,1287,1289,248
2026-03-10 12:40:00,1287,1287,1285,1286,331
2026-03-10 12:50:00,1286,1288,1286,1288,122
2026-03-10 13:00:00,1286,1287,1286,1287,9
2026-03-10 13:10:00,1287,1289,1287,1289,444
2026-03-10 13:30:00,1286,1290,1286,1290,388
2026-03-10 13:40:00,1288,1288,1287,1287,129
2026-03-10 13:50:00,1286,1286,1286,1286,167
2026-03-10 14:00:00,1285,1285,1283,1283,1139
2026-03-10 14:10:00,1283,1283,1280,1283,3520
2026-03-10 14:20:00,1284,1286,1284,1284,1038
2026-03-10 14:40:00,1282,1286,1281,1285,607
2026-03-10 14:50:00,1283,1284,1282,1282,77
2026-03-10 15:00:00,1282,1282,1280,1281,361
2026-03-10 15:10:00,1280,1281,1279,1280,965
2026-03-10 15:20:00,1280,1280,1279,1279,114
2026-03-10 15:30:00,1278,1278,1276,1277,359
2026-03-10 15:40:00,1277,1278,1275,1275,1290
2026-03-10 15:50:00,1277,1277,1275,1277,192
2026-03-10 16:00:00,1277,1277,1275,1275,190
2026-03-10 16:10:00,1274,1275,1274,1274,117
2026-03-10 16:20:00,1274,1274,1272,1272,400
2026-03-10 16:30:00,1274,1276,1274,1275,496
2026-03-10 16:40:00,1277,1279,1277,1279,39
2026-03-10 16:50:00,1280,1280,1277,1277,197
2026-03-10 17:00:00,1276,1276,1272,1276,1498
2026-03-10 17:10:00,1276,1278,1274,1275,1201
2026-03-10 17:20:00,1274,1274,1271,1271,584
2026-03-10 17:30:00,1271,1274,1269,1272,1040
2026-03-10 17:40:00,1271,1271,1268,1271,685
2026-03-10 17:50:00,1270,1272,1268,1272,252
2026-03-10 18:00:00,1271,1271,1269,1269,546
2026-03-10 18:10:00,1271,1273,1270,1270,507
2026-03-10 18:20:00,1271,1275,1271,1272,669
2026-03-10 18:30:00,1274,1274,1274,1274,77
2026-03-10 18:40:00,1274,1274,1273,1273,102
2026-03-10 19:00:00,1272,1272,1264,1268,768
2026-03-10 19:10:00,1269,1270,1266,1269,374
2026-03-10 19:20:00,1269,1272,1269,1272,272
2026-03-10 19:30:00,1271,1271,1266,1266,356
2026-03-10 19:40:00,1266,1266,1265,1265,4
2026-03-10 19:50:00,1265,1265,1261,1261,616
2026-03-10 20:00:00,1261,1261,1261,1261,44
2026-03-10 20:10:00,1263,1266,1260,1266,1544
2026-03-10 20:20:00,1264,1268,1263,1264,494
2026-03-10 20:30:00,1266,1267,1264,1264,417
2026-03-10 20:40:00,1265,1266,1265,1266,28
2026-03-10 20:50:00,1266,1269,1266,1269,333
2026-03-10 21:00:00,1268,1268,1268,1268,150
2026-03-10 21:10:00,1268,1268,1268,1268,132
2026-03-10 21:20:00,1270,1270,1267,1267,1035
2026-03-10 21:30:00,1270,1270,1270,1270,90
2026-03-10 21:40:00,1269,1269,1268,1268,180
2026-03-10 21:50:00,1270,1271,1270,1271,94
2026-03-10 22:00:00,1271,1271,1270,1270,42
2026-03-10 22:10:00,1271,1271,1271,1271,21
2026-03-10 22:20:00,1270,1270,1270,1270,28
2026-03-10 22:30:00,1270,1270,1270,1270,132
2026-03-10 22:50:00,1270,1270,1268,1268,38
2026-03-10 23:00:00,1269,1269,1269,1269,41
2026-03-10 23:10:00,1269,1269,1268,1268,22
2026-03-10 23:30:00,1267,1267,1267,1267,18
2026-03-10 23:40:00,1268,1268,1267,1267,110
2026-03-11 08:50:00,1270,1270,1270,1270,27
2026-03-11 09:00:00,1271,1274,1270,1271,429
2026-03-11 09:10:00,1273,1273,1271,1273,127
2026-03-11 09:20:00,1272,1273,1272,1273,4
2026-03-11 09:30:00,1272,1273,1271,1271,589
2026-03-11 09:40:00,1271,1272,1270,1272,1225
2026-03-11 09:50:00,1273,1281,1272,1279,5393
2026-03-11 10:00:00,1279,1283,1279,1280,2819
2026-03-11 10:10:00,1280,1280,1279,1280,66
2026-03-11 10:20:00,1281,1282,1279,1281,337
2026-03-11 10:30:00,1281,1282,1281,1282,204
2026-03-11 10:40:00,1282,1282,1280,1280,25
2026-03-11 10:50:00,1282,1282,1280,1281,76
2026-03-11 11:00:00,1279,1279,1278,1278,815
2026-03-11 11:10:00,1278,1278,1278,1278,19
2026-03-11 11:20:00,1280,1280,1280,1280,524
2026-03-11 11:30:00,1280,1280,1280,1280,120
2026-03-11 11:40:00,1281,1281,1279,1281,26
2026-03-11 11:50:00,1279,1281,1279,1280,236
2026-03-11 12:00:00,1279,1279,1279,1279,987
2026-03-11 12:10:00,1280,1280,1280,1280,6
2026-03-11 12:20:00,1278,1280,1273,1273,2445
2026-03-11 12:30:00,1272,1274,1268,1271,2073
2026-03-11 12:40:00,1269,1270,1266,1268,640
2026-03-11 12:50:00,1270,1270,1268,1269,134
2026-03-11 13:00:00,1270,1271,1270,1271,16
2026-03-11 13:10:00,1271,1271,1271,1271,220
2026-03-11 13:20:00,1271,1272,1271,1272,29
2026-03-11 13:30:00,1270,1270,1265,1266,1656
2026-03-11 13:40:00,1267,1267,1261,1266,3033
2026-03-11 13:50:00,1266,1266,1265,1265,101
2026-03-11 14:00:00,1266,1266,1266,1266,115
2026-03-11 14:10:00,1265,1266,1262,1263,2866
2026-03-11 14:20:00,1264,1264,1261,1263,3713
2026-03-11 14:30:00,1261,1261,1256,1257,14726
2026-03-11 14:40:00,1256,1256,1250,1253,18087
2026-03-11 14:50:00,1252,1259,1252,1258,1896
2026-03-11 15:00:00,1257,1260,1257,1258,137
2026-03-11 15:10:00,1259,1260,1258,1260,561
2026-03-11 15:20:00,1260,1261,1260,1261,1210
2026-03-11 15:30:00,1261,1261,1259,1259,740
2026-03-11 15:40:00,1260,1260,1260,1260,50
2026-03-11 15:50:00,1258,1259,1255,1255,906
2026-03-11 16:00:00,1254,1256,1253,1254,707
2026-03-11 16:10:00,1255,1256,1253,1253,146
2026-03-11 16:20:00,1256,1256,1253,1253,349
2026-03-11 16:30:00,1253,1255,1251,1254,519
2026-03-11 16:40:00,1253,1253,1248,1251,4125
2026-03-11 16:50:00,1250,1252,1250,1250,404
2026-03-11 17:00:00,1249,1251,1249,1251,696
2026-03-11 17:10:00,1252,1254,1243,1248,4965
2026-03-11 17:20:00,1248,1248,1242,1246,2052
2026-03-11 17:30:00,1246,1247,1243,1246,1207
2026-03-11 17:40:00,1247,1248,1246,1248,307
2026-03-11 17:50:00,1245,1247,1245,1246,800
2026-03-11 18:00:00,1245,1247,1244,1245,988
2026-03-11 18:10:00,1246,1247,1245,1245,724
2026-03-11 18:20:00,1247,1248,1243,1243,940
2026-03-11 18:30:00,1245,1245,1245,1245,13
2026-03-11 18:40:00,1246,1247,1246,1247,52
2026-03-11 19:00:00,1245,1246,1244,1246,50
2026-03-11 19:10:00,1246,1246,1244,1246,158
2026-03-11 19:20:00,1246,1248,1244,1248,190
2026-03-11 19:30:00,1248,1249,1248,1249,617
2026-03-11 19:40:00,1249,1249,1249,1249,142
2026-03-11 19:50:00,1249,1249,1248,1249,1051
2026-03-11 20:00:00,1249,1249,1248,1248,387
2026-03-11 20:10:00,1249,1249,1249,1249,350
2026-03-11 20:20:00,1249,1249,1249,1249,35
2026-03-11 20:30:00,1249,1249,1249,1249,10
2026-03-11 20:40:00,1249,1250,1245,1248,2736
2026-03-11 20:50:00,1248,1251,1248,1248,635
2026-03-11 21:00:00,1249,1249,1249,1249,228
2026-03-11 21:10:00,1249,1249,1248,1248,3
2026-03-11 21:20:00,1248,1248,1248,1248,151
2026-03-11 21:30:00,1248,1248,1248,1248,28
2026-03-11 21:50:00,1247,1248,1247,1248,363
2026-03-11 22:00:00,1248,1250,1248,1250,180
2026-03-11 22:10:00,1250,1252,1250,1251,449
2026-03-11 22:20:00,1251,1253,1251,1253,485
2026-03-11 22:30:00,1252,1252,1251,1251,20
2026-03-11 22:50:00,1252,1252,1252,1252,180
2026-03-11 23:00:00,1251,1252,1251,1252,21
2026-03-11 23:10:00,1252,1252,1252,1252,23
2026-03-11 23:20:00,1252,1252,1252,1252,437
2026-03-11 23:30:00,1252,1252,1252,1252,109
2026-03-11 23:40:00,1251,1252,1251,1252,205
2026-03-12 08:50:00,1254,1254,1254,1254,32
2026-03-12 09:00:00,1254,1254,1252,1253,132
2026-03-12 09:10:00,1253,1256,1253,1254,855
2026-03-12 09:20:00,1256,1256,1252,1252,498
2026-03-12 09:30:00,1252,1252,1252,1252,143
2026-03-12 09:40:00,1253,1253,1252,1253,226
2026-03-12 09:50:00,1251,1253,1250,1253,503
2026-03-12 10:00:00,1251,1253,1251,1253,372
2026-03-12 10:10:00,1253,1255,1252,1252,2925
2026-03-12 10:20:00,1254,1255,1252,1254,1410
2026-03-12 10:30:00,1254,1255,1254,1255,460
2026-03-12 10:40:00,1255,1256,1253,1255,804
2026-03-12 10:50:00,1256,1256,1254,1254,45
2026-03-12 11:00:00,1256,1256,1252,1254,318
2026-03-12 11:10:00,1254,1254,1254,1254,35
2026-03-12 11:20:00,1251,1251,1247,1248,2253
2026-03-12 11:30:00,1248,1248,1247,1248,202
2026-03-12 11:40:00,1248,1249,1246,1248,332
2026-03-12 11:50:00,1249,1250,1247,1249,279
2026-03-12 12:00:00,1248,1248,1238,1240,3136
2026-03-12 12:10:00,1240,1249,1239,1245,5658
2026-03-12 12:20:00,1245,1245,1243,1245,225
2026-03-12 12:30:00,1243,1245,1243,1245,251
2026-03-12 12:40:00,1245,1247,1244,1246,906
2026-03-12 12:50:00,1245,1247,1245,1246,429
2026-03-12 13:00:00,1247,1247,1246,1246,75
2026-03-12 13:10:00,1246,1246,1246,1246,30
2026-03-12 13:20:00,1248,1250,1248,1249,612
2026-03-12 13:30:00,1250,1250,1248,1249,203
2026-03-12 13:40:00,1249,1249,1247,1247,1923
2026-03-12 13:50:00,1247,1247,1244,1244,396
2026-03-12 14:00:00,1246,1248,1246,1248,125
2026-03-12 14:10:00,1248,1248,1247,1247,83
2026-03-12 14:20:00,1247,1247,1245,1245,403
2026-03-12 14:30:00,1247,1250,1247,1248,3763
2026-03-12 14:40:00,1248,1248,1245,1247,236
2026-03-12 14:50:00,1248,1248,1246,1248,1136
2026-03-12 15:00:00,1249,1250,1249,1250,548
2026-03-12 15:10:00,1249,1250,1249,1250,554
2026-03-12 15:20:00,1249,1254,1249,1253,5503
2026-03-12 15:30:00,1252,1252,1251,1251,329
2026-03-12 15:40:00,1250,1250,1250,1250,38
2026-03-12 15:50:00,1249,1249,1249,1249,20
2026-03-12 16:00:00,1249,1249,1249,1249,22
2026-03-12 16:10:00,1251,1251,1249,1249,36
2026-03-12 16:20:00,1251,1251,1251,1251,1
2026-03-12 16:30:00,1249,1249,1248,1248,727
2026-03-12 16:40:00,1248,1248,1247,1247,275
2026-03-12 16:50:00,1248,1248,1247,1247,45
2026-03-12 17:00:00,1247,1248,1246,1248,33
2026-03-12 17:10:00,1249,1250,1245,1245,1432
2026-03-12 17:20:00,1245,1245,1245,1245,39
2026-03-12 17:30:00,1246,1246,1246,1246,27
2026-03-12 17:40:00,1244,1246,1244,1244,361
2026-03-12 17:50:00,1246,1247,1245,1245,210
2026-03-12 18:00:00,1244,1244,1244,1244,222
2026-03-12 18:10:00,1244,1245,1243,1245,510
2026-03-12 18:20:00,1245,1246,1244,1245,106
2026-03-12 18:30:00,1248,1248,1246,1247,240
2026-03-12 18:40:00,1245,1245,1245,1245,114
2026-03-12 19:00:00,1244,1246,1244,1246,203
2026-03-12 19:10:00,1244,1245,1244,1245,2
2026-03-12 19:20:00,1245,1245,1244,1244,770
2026-03-12 19:30:00,1246,1246,1243,1243,553
2026-03-12 19:40:00,1243,1243,1243,1243,68
2026-03-12 19:50:00,1243,1243,1242,1242,800
2026-03-12 20:00:00,1245,1246,1243,1246,314
2026-03-12 20:10:00,1243,1246,1243,1246,150
2026-03-12 20:30:00,1243,1245,1243,1243,260
2026-03-12 20:40:00,1243,1243,1243,1243,253
2026-03-12 20:50:00,1245,1245,1242,1245,1221
2026-03-12 21:00:00,1245,1245,1242,1242,100
2026-03-12 21:10:00,1242,1242,1242,1242,2
2026-03-12 21:20:00,1244,1244,1244,1244,1
2026-03-12 21:30:00,1242,1242,1242,1242,10
2026-03-12 21:40:00,1242,1243,1242,1242,151
2026-03-12 21:50:00,1244,1245,1244,1245,963
2026-03-12 22:10:00,1245,1245,1245,1245,5
2026-03-12 22:20:00,1245,1246,1244,1246,12
2026-03-12 22:30:00,1246,1246,1246,1246,1
2026-03-12 22:40:00,1245,1245,1244,1244,185
2026-03-12 22:50:00,1244,1247,1244,1247,477
2026-03-12 23:00:00,1247,1247,1247,1247,1
2026-03-12 23:30:00,1246,1246,1245,1245,62
2026-03-12 23:40:00,1247,1247,1247,1247,59
2026-03-13 08:50:00,1248,1248,1248,1248,27
2026-03-13 09:00:00,1248,1251,1248,1251,738
2026-03-13 09:10:00,1251,1259,1250,1253,4217
2026-03-13 09:20:00,1252,1253,1251,1251,331
2026-03-13 09:30:00,1252,1252,1251,1252,152
2026-03-13 09:40:00,1253,1260,1250,1258,2118
2026-03-13 09:50:00,1256,1263,1254,1261,2732
2026-03-13 10:00:00,1260,1260,1253,1255,1979
2026-03-13 10:10:00,1255,1256,1254,1256,911
2026-03-13 10:20:00,1256,1256,1255,1256,2017
2026-03-13 10:30:00,1256,1256,1253,1253,439
2026-03-13 10:40:00,1253,1253,1246,1249,5500
2026-03-13 10:50:00,1249,1249,1244,1247,1243
2026-03-13 11:00:00,1246,1248,1244,1247,2315
2026-03-13 11:10:00,1247,1247,1244,1244,405
2026-03-13 11:20:00,1244,1248,1242,1248,759
2026-03-13 11:30:00,1248,1249,1248,1248,875
2026-03-13 11:40:00,1246,1246,1245,1245,155
2026-03-13 11:50:00,1244,1247,1242,1242,2814
2026-03-13 12:00:00,1243,1243,1242,1242,3
2026-03-13 12:10:00,1242,1243,1240,1242,1782
2026-03-13 12:20:00,1241,1243,1239,1240,2454
2026-03-13 12:30:00,1240,1241,1240,1241,164
2026-03-13 12:40:00,1242,1243,1238,1241,2717
2026-03-13 12:50:00,1239,1241,1237,1241,1942
2026-03-13 13:00:00,1241,1241,1239,1239,146
2026-03-13 13:10:00,1241,1241,1241,1241,53
2026-03-13 13:20:00,1241,1241,1241,1241,57
2026-03-13 13:30:00,1241,1241,1239,1239,552
2026-03-13 13:40:00,1240,1240,1235,1240,1564
2026-03-13 13:50:00,1237,1239,1236,1239,386
2026-03-13 14:00:00,1238,1238,1237,1238,18
2026-03-13 14:10:00,1239,1239,1237,1237,358
2026-03-13 14:20:00,1236,1237,1236,1237,633
2026-03-13 14:30:00,1236,1240,1234,1238,3527
2026-03-13 14:40:00,1238,1238,1237,1237,236
2026-03-13 14:50:00,1238,1238,1232,1233,770
2026-03-13 15:00:00,1233,1233,1230,1233,3022
2026-03-13 15:10:00,1232,1232,1225,1232,2941
2026-03-13 15:20:00,1229,1230,1228,1228,861
2026-03-13 15:30:00,1230,1230,1225,1228,1043
2026-03-13 15:40:00,1230,1236,1227,1229,1366
2026-03-13 15:50:00,1232,1233,1228,1232,1529
2026-03-13 16:00:00,1229,1229,1227,1227,1748
2026-03-13 16:10:00,1229,1231,1229,1231,330
2026-03-13 16:20:00,1229,1229,1227,1229,2008
2026-03-13 16:30:00,1228,1231,1227,1228,2648
2026-03-13 16:40:00,1231,1232,1229,1230,1711
2026-03-13 16:50:00,1232,1233,1229,1231,2953
2026-03-13 17:00:00,1232,1234,1232,1234,708
2026-03-13 17:10:00,1233,1233,1231,1231,673
2026-03-13 17:20:00,1231,1232,1230,1230,165
2026-03-13 17:30:00,1230,1232,1230,1232,136
2026-03-13 17:40:00,1232,1233,1232,1233,610
2026-03-13 17:50:00,1232,1232,1231,1232,141
2026-03-13 18:00:00,1232,1232,1232,1232,50
2026-03-13 18:10:00,1231,1231,1230,1230,22
2026-03-13 18:20:00,1231,1231,1231,1231,1
2026-03-13 18:30:00,1232,1232,1230,1230,106
2026-03-13 18:40:00,1230,1232,1230,1230,285
2026-03-13 19:00:00,1230,1230,1230,1230,103
2026-03-13 19:10:00,1232,1232,1230,1230,913
2026-03-13 19:20:00,1232,1232,1230,1230,300
2026-03-13 19:30:00,1230,1230,1230,1230,823
2026-03-13 19:40:00,1228,1229,1228,1228,87
2026-03-13 19:50:00,1228,1228,1228,1228,10
2026-03-13 20:00:00,1228,1231,1228,1231,874
2026-03-13 20:10:00,1226,1228,1225,1225,140
2026-03-13 20:20:00,1228,1230,1228,1229,1040
2026-03-13 20:30:00,1229,1229,1228,1228,120
2026-03-13 20:40:00,1230,1230,1230,1230,100
2026-03-13 20:50:00,1231,1231,1231,1231,1
2026-03-13 21:00:00,1232,1233,1232,1233,279
2026-03-13 21:10:00,1230,1230,1229,1229,300
2026-03-13 21:20:00,1229,1229,1229,1229,10
2026-03-13 21:30:00,1231,1231,1231,1231,71
2026-03-13 21:50:00,1233,1234,1233,1233,31
2026-03-13 22:00:00,1232,1234,1231,1231,324
2026-03-13 22:10:00,1231,1231,1230,1230,851
2026-03-13 22:20:00,1233,1233,1233,1233,1
2026-03-13 22:30:00,1232,1232,1232,1232,11
2026-03-13 22:50:00,1232,1232,1229,1229,780
2026-03-13 23:00:00,1231,1231,1229,1229,222
2026-03-13 23:10:00,1230,1230,1229,1229,101
2026-03-13 23:30:00,1229,1230,1226,1226,2044
2026-03-13 23:40:00,1225,1230,1224,1224,248
2026-03-14 10:00:00,1224,1226,1224,1226,38
2026-03-14 10:10:00,1226,1229,1226,1228,460
2026-03-14 10:40:00,1229,1229,1225,1229,153
2026-03-14 10:50:00,1229,1229,1229,1229,230
2026-03-14 11:00:00,1230,1230,1230,1230,50
2026-03-14 11:10:00,1230,1230,1230,1230,5
2026-03-14 11:20:00,1230,1230,1230,1230,20
2026-03-14 11:30:00,1227,1227,1225,1225,36
2026-03-14 12:20:00,1229,1229,1229,1229,21
2026-03-14 12:30:00,1226,1226,1226,1226,10
2026-03-14 12:50:00,1226,1229,1225,1229,2010
2026-03-14 13:30:00,1228,1228,1228,1228,3
2026-03-14 13:50:00,1228,1228,1228,1228,4
2026-03-14 14:10:00,1228,1228,1228,1228,1
2026-03-14 15:30:00,1224,1227,1224,1224,22
2026-03-14 16:00:00,1227,1227,1227,1227,1
2026-03-14 16:40:00,1224,1224,1224,1224,18
2026-03-14 16:50:00,1224,1228,1224,1228,1584
2026-03-14 17:20:00,1226,1226,1226,1226,10
2026-03-14 17:40:00,1227,1227,1227,1227,2
2026-03-14 17:50:00,1227,1228,1227,1228,201
2026-03-14 18:00:00,1229,1229,1229,1229,1000
2026-03-14 18:10:00,1229,1229,1229,1229,1000
2026-03-14 18:20:00,1230,1230,1230,1230,2
2026-03-15 10:00:00,1228,1228,1228,1228,12
2026-03-15 10:40:00,1231,1236,1231,1234,238
2026-03-15 10:50:00,1234,1234,1231,1234,121
2026-03-15 11:00:00,1234,1234,1234,1234,7
2026-03-15 11:10:00,1233,1234,1231,1234,205
2026-03-15 11:30:00,1232,1232,1232,1232,50
2026-03-15 11:40:00,1234,1234,1234,1234,20
2026-03-15 11:50:00,1234,1234,1234,1234,25
2026-03-15 12:10:00,1235,1235,1235,1235,21
2026-03-15 13:20:00,1235,1235,1235,1235,2
2026-03-15 13:30:00,1232,1232,1232,1232,2
2026-03-15 14:30:00,1232,1232,1232,1232,15
2026-03-15 14:40:00,1235,1236,1235,1236,1208
2026-03-15 15:00:00,1235,1235,1235,1235,1
2026-03-15 15:30:00,1235,1235,1233,1233,271
2026-03-15 15:40:00,1235,1235,1235,1235,3
2026-03-15 16:00:00,1235,1235,1235,1235,1
2026-03-15 17:10:00,1236,1236,1236,1236,1
2026-03-15 17:30:00,1234,1234,1233,1233,20
2026-03-15 17:40:00,1234,1234,1234,1234,20
2026-03-15 17:50:00,1235,1235,1235,1235,2
2026-03-15 18:00:00,1235,1235,1235,1235,1
2026-03-15 18:10:00,1232,1232,1232,1232,20
2026-03-15 18:30:00,1232,1232,1229,1232,268
2026-03-15 18:50:00,1233,1233,1233,1233,295
2026-03-16 09:00:00,1235,1236,1231,1234,1531
2026-03-16 09:10:00,1235,1235,1232,1234,84
2026-03-16 09:20:00,1232,1235,1230,1230,1192
2026-03-16 09:30:00,1234,1234,1230,1230,200
2026-03-16 09:40:00,1230,1232,1229,1230,418
2026-03-16 09:50:00,1229,1231,1228,1231,701
2026-03-16 10:00:00,1232,1234,1230,1230,211
2026-03-16 10:10:00,1230,1237,1229,1234,571
2026-03-16 10:20:00,1235,1237,1227,1227,2758
2026-03-16 10:30:00,1229,1231,1229,1230,386
2026-03-16 10:40:00,1231,1231,1228,1230,915
2026-03-16 10:50:00,1231,1232,1231,1232,270
2026-03-16 11:00:00,1232,1232,1232,1232,15
2026-03-16 11:10:00,1234,1234,1234,1234,11
2026-03-16 11:20:00,1232,1234,1231,1232,616
2026-03-16 11:30:00,1233,1233,1231,1231,736
2026-03-16 11:40:00,1230,1233,1229,1233,1020
2026-03-16 12:00:00,1231,1232,1231,1232,15
2026-03-16 12:10:00,1229,1229,1226,1226,391
2026-03-16 12:20:00,1225,1225,1222,1225,1562
2026-03-16 12:30:00,1223,1224,1221,1224,1238
2026-03-16 12:40:00,1224,1225,1223,1223,161
2026-03-16 12:50:00,1225,1225,1223,1223,37
2026-03-16 13:00:00,1225,1228,1223,1225,3003
2026-03-16 13:10:00,1225,1228,1225,1228,397
2026-03-16 13:20:00,1227,1230,1227,1227,1024
2026-03-16 13:30:00,1228,1230,1227,1229,152
2026-03-16 13:40:00,1229,1229,1228,1228,102
2026-03-16 13:50:00,1229,1229,1229,1229,93
2026-03-16 14:00:00,1229,1229,1229,1229,30
2026-03-16 14:10:00,1229,1229,1225,1225,1449
2026-03-16 14:30:00,1226,1226,1224,1224,76
2026-03-16 14:40:00,1227,1227,1227,1227,1
2026-03-16 14:50:00,1227,1227,1227,1227,100
2026-03-16 15:00:00,1227,1227,1225,1225,110
2026-03-16 15:10:00,1225,1226,1224,1226,443
2026-03-16 15:20:00,1225,1226,1224,1226,1013
2026-03-16 15:30:00,1225,1226,1225,1226,500
2026-03-16 15:40:00,1225,1225,1225,1225,5
2026-03-16 15:50:00,1225,1225,1225,1225,20
2026-03-16 16:00:00,1224,1225,1224,1225,905
2026-03-16 16:10:00,1225,1225,1224,1224,2096
2026-03-16 16:20:00,1225,1226,1224,1224,510
2026-03-16 16:30:00,1224,1225,1223,1224,308
2026-03-16 16:40:00,1224,1225,1224,1225,403
2026-03-16 16:50:00,1224,1225,1222,1224,133
2026-03-16 17:00:00,1223,1225,1223,1225,104
2026-03-16 17:10:00,1224,1224,1223,1224,28
2026-03-16 17:20:00,1224,1225,1224,1225,55
2026-03-16 17:30:00,1225,1225,1225,1225,4
2026-03-16 17:40:00,1226,1226,1226,1226,8
2026-03-16 17:50:00,1226,1226,1223,1223,1138
2026-03-16 18:00:00,1223,1226,1223,1226,179
2026-03-16 18:10:00,1226,1233,1226,1231,1479
2026-03-16 18:20:00,1228,1228,1228,1228,30
2026-03-16 18:30:00,1231,1232,1231,1232,168
2026-03-16 18:40:00,1231,1231,1231,1231,42
2026-03-16 19:10:00,1232,1234,1232,1234,49
2026-03-16 19:20:00,1233,1233,1233,1233,1
2026-03-16 19:30:00,1231,1236,1230,1236,408
2026-03-16 19:40:00,1233,1233,1233,1233,15
2026-03-16 20:00:00,1232,1232,1229,1230,117
2026-03-16 20:10:00,1230,1230,1227,1229,149
2026-03-16 20:30:00,1226,1226,1226,1226,9
2026-03-16 20:40:00,1228,1228,1226,1226,14
2026-03-16 20:50:00,1229,1229,1229,1229,200
2026-03-16 21:00:00,1230,1230,1230,1230,47
2026-03-16 21:20:00,1226,1227,1225,1227,315
2026-03-16 21:30:00,1228,1228,1228,1228,9
2026-03-16 21:50:00,1226,1226,1226,1226,10
2026-03-16 22:00:00,1228,1228,1228,1228,2160
2026-03-16 22:10:00,1226,1226,1226,1226,35
2026-03-16 22:40:00,1228,1228,1228,1228,1
2026-03-16 22:50:00,1228,1229,1228,1228,58
2026-03-16 23:00:00,1228,1229,1228,1228,103
2026-03-16 23:10:00,1228,1229,1228,1229,601
2026-03-16 23:20:00,1228,1228,1228,1228,14
2026-03-16 23:30:00,1229,1229,1227,1227,288
2026-03-16 23:40:00,1226,1226,1226,1226,77
2026-03-17 08:50:00,1238,1238,1238,1238,50
2026-03-17 09:00:00,1230,1230,1226,1226,305
2026-03-17 09:10:00,1226,1229,1226,1226,254
2026-03-17 09:20:00,1228,1228,1219,1219,578
2026-03-17 09:30:00,1222,1223,1221,1221,720
2026-03-17 09:40:00,1222,1222,1219,1222,2416
2026-03-17 09:50:00,1221,1222,1220,1222,26
2026-03-17 10:00:00,1221,1221,1221,1221,73
2026-03-17 10:10:00,1221,1223,1220,1222,58
2026-03-17 10:20:00,1222,1222,1222,1222,100
2026-03-17 10:30:00,1222,1224,1221,1224,2530
2026-03-17 10:40:00,1223,1224,1222,1224,858
2026-03-17 10:50:00,1221,1223,1219,1219,339
2026-03-17 11:00:00,1219,1223,1219,1222,3503
2026-03-17 11:10:00,1222,1223,1221,1222,200
2026-03-17 11:20:00,1222,1222,1221,1221,281
2026-03-17 11:30:00,1222,1222,1222,1222,101
2026-03-17 11:40:00,1221,1222,1221,1222,31
2026-03-17 11:50:00,1221,1221,1221,1221,119
2026-03-17 12:00:00,1222,1222,1221,1221,465
2026-03-17 12:10:00,1222,1222,1221,1221,400
2026-03-17 12:20:00,1222,1222,1221,1221,57
2026-03-17 12:30:00,1220,1220,1219,1219,1350
2026-03-17 12:40:00,1221,1221,1221,1221,22
2026-03-17 12:50:00,1221,1221,1217,1217,45
2026-03-17 13:00:00,1217,1221,1217,1218,1060
2026-03-17 13:10:00,1221,1221,1221,1221,11
2026-03-17 13:20:00,1221,1222,1221,1221,157
2026-03-17 13:30:00,1219,1221,1219,1221,21
2026-03-17 13:40:00,1221,1221,1221,1221,20
2026-03-17 13:50:00,1221,1221,1219,1219,121
2026-03-17 14:00:00,1221,1221,1221,1221,3
2026-03-17 14:10:00,1221,1222,1220,1221,888
2026-03-17 14:20:00,1222,1223,1222,1222,604
2026-03-17 14:30:00,1221,1222,1220,1221,571
2026-03-17 14:40:00,1221,1222,1221,1222,58
2026-03-17 14:50:00,1223,1223,1223,1223,6
2026-03-17 15:00:00,1223,1223,1222,1223,23
2026-03-17 15:10:00,1222,1224,1221,1223,1211
2026-03-17 15:30:00,1222,1224,1222,1224,84
2026-03-17 15:40:00,1228,1228,1226,1228,166
2026-03-17 15:50:00,1227,1227,1227,1227,5
2026-03-17 16:00:00,1226,1227,1226,1227,292
2026-03-17 16:10:00,1226,1226,1225,1225,38
2026-03-17 16:20:00,1225,1225,1225,1225,112
2026-03-17 16:30:00,1225,1227,1225,1226,347
2026-03-17 16:40:00,1226,1226,1226,1226,8
2026-03-17 16:50:00,1228,1228,1227,1227,110
2026-03-17 17:10:00,1227,1229,1227,1229,26
2026-03-17 17:20:00,1228,1228,1228,1228,6
2026-03-17 17:30:00,1228,1228,1227,1227,99
2026-03-17 17:50:00,1227,1227,1225,1225,22
2026-03-17 18:00:00,1224,1224,1224,1224,21
2026-03-17 18:10:00,1224,1224,1222,1222,257
2026-03-17 18:20:00,1223,1225,1223,1225,98
2026-03-17 18:30:00,1222,1222,1221,1221,200
2026-03-17 18:40:00,1221,1221,1221,1221,1
2026-03-17 19:20:00,1224,1224,1224,1224,3
2026-03-17 19:30:00,1222,1224,1222,1224,17
2026-03-17 19:40:00,1225,1225,1225,1225,7
2026-03-17 19:50:00,1222,1222,1221,1221,2105
2026-03-17 20:10:00,1224,1224,1222,1222,2
2026-03-17 20:20:00,1225,1225,1225,1225,2
2026-03-17 20:30:00,1225,1225,1225,1225,40
2026-03-17 20:40:00,1225,1225,1225,1225,1
2026-03-17 20:50:00,1225,1225,1225,1225,92
2026-03-17 21:00:00,1225,1225,1225,1225,3
2026-03-17 22:00:00,1225,1225,1225,1225,220
2026-03-17 22:20:00,1225,1225,1225,1225,21
2026-03-17 22:40:00,1225,1225,1225,1225,5
2026-03-17 22:50:00,1224,1224,1223,1224,311
2026-03-17 23:00:00,1224,1224,1224,1224,2
2026-03-17 23:30:00,1223,1223,1221,1221,348
2026-03-17 23:40:00,1224,1224,1221,1221,21
2026-03-18 09:00:00,1224,1225,1222,1222,581
2026-03-18 09:10:00,1221,1221,1219,1221,121
2026-03-18 09:20:00,1220,1222,1219,1222,336
2026-03-18 09:30:00,1220,1220,1218,1218,801
2026-03-18 09:40:00,1221,1224,1221,1224,26
2026-03-18 09:50:00,1223,1223,1223,1223,70
2026-03-18 10:00:00,1224,1224,1218,1218,166
2026-03-18 10:10:00,1218,1222,1213,1222,1044
2026-03-18 10:20:00,1222,1224,1221,1224,546
2026-03-18 10:30:00,1224,1224,1222,1224,321
2026-03-18 10:40:00,1224,1228,1224,1228,1287
2026-03-18 10:50:00,1228,1228,1225,1227,195
2026-03-18 11:00:00,1226,1228,1225,1226,669
2026-03-18 11:10:00,1226,1227,1223,1227,797
2026-03-18 11:20:00,1225,1225,1222,1222,1452
2026-03-18 11:30:00,1223,1230,1222,1225,2998
2026-03-18 11:40:00,1226,1227,1221,1221,1264
2026-03-18 11:50:00,1222,1226,1221,1225,7802
2026-03-18 12:00:00,1225,1226,1225,1225,1004
2026-03-18 12:10:00,1225,1227,1223,1226,6673
2026-03-18 12:20:00,1225,1227,1225,1226,82
2026-03-18 12:30:00,1225,1225,1225,1225,3
2026-03-18 12:40:00,1227,1228,1227,1227,453
2026-03-18 12:50:00,1226,1227,1225,1227,928
2026-03-18 13:00:00,1225,1226,1225,1226,155
2026-03-18 13:10:00,1225,1227,1225,1227,4879
2026-03-18 13:20:00,1227,1227,1222,1223,1699
2026-03-18 13:30:00,1223,1226,1223,1226,152
2026-03-18 13:40:00,1225,1225,1225,1225,148
2026-03-18 13:50:00,1225,1225,1223,1223,369
2026-03-18 14:00:00,1225,1225,1225,1225,30
2026-03-18 14:10:00,1227,1227,1225,1225,121
2026-03-18 14:20:00,1223,1224,1223,1224,569
2026-03-18 14:30:00,1225,1225,1223,1223,861
2026-03-18 15:00:00,1223,1224,1223,1224,6
2026-03-18 15:10:00,1223,1224,1222,1222,682
2026-03-18 15:20:00,1223,1223,1222,1223,701
2026-03-18 15:30:00,1223,1224,1222,1224,511
2026-03-18 15:40:00,1225,1225,1223,1224,186
2026-03-18 15:50:00,1223,1223,1221,1221,1579
2026-03-18 16:00:00,1221,1222,1219,1219,989
2026-03-18 16:10:00,1220,1220,1214,1216,986
2026-03-18 16:20:00,1219,1219,1219,1219,2
2026-03-18 16:30:00,1219,1219,1219,1219,5
2026-03-18 16:40:00,1217,1217,1217,1217,5
2026-03-18 16:50:00,1216,1216,1214,1214,266
2026-03-18 17:00:00,1214,1217,1213,1217,1685
2026-03-18 17:10:00,1216,1216,1216,1216,81
2026-03-18 17:20:00,1215,1218,1214,1218,340
2026-03-18 17:30:00,1216,1217,1214,1214,122
2026-03-18 17:40:00,1216,1217,1216,1217,300
2026-03-18 17:50:00,1217,1217,1215,1215,1246
2026-03-18 18:00:00,1214,1217,1214,1217,1825
2026-03-18 18:10:00,1216,1217,1214,1214,902
2026-03-18 18:20:00,1216,1217,1213,1216,2016
2026-03-18 18:30:00,1215,1215,1209,1213,546
2026-03-18 18:40:00,1211,1215,1211,1215,279
2026-03-18 19:00:00,1215,1215,1215,1215,1
2026-03-18 19:10:00,1213,1216,1213,1216,165
2026-03-18 19:20:00,1216,1221,1214,1220,4857
2026-03-18 19:30:00,1220,1221,1218,1221,728
2026-03-18 19:40:00,1221,1223,1219,1219,4267
2026-03-18 19:50:00,1222,1224,1221,1221,713
2026-03-18 20:00:00,1224,1225,1220,1222,675
2026-03-18 20:10:00,1222,1224,1221,1223,1855
2026-03-18 20:20:00,1224,1225,1221,1225,975
2026-03-18 20:30:00,1225,1228,1222,1224,5297
2026-03-18 20:40:00,1224,1224,1222,1224,534
2026-03-18 20:50:00,1224,1224,1220,1222,1399
2026-03-18 21:00:00,1221,1229,1220,1221,2657
2026-03-18 21:10:00,1224,1224,1220,1220,321
2026-03-18 21:20:00,1223,1223,1220,1220,181
2026-03-18 21:30:00,1223,1225,1221,1222,2264
2026-03-18 21:40:00,1222,1224,1221,1224,469
2026-03-18 21:50:00,1222,1223,1221,1222,676
2026-03-18 22:00:00,1221,1224,1221,1222,54
2026-03-18 22:10:00,1222,1224,1222,1222,233
2026-03-18 22:20:00,1222,1224,1222,1223,421
2026-03-18 22:30:00,1223,1224,1222,1222,921
2026-03-18 22:40:00,1223,1223,1222,1222,65
2026-03-18 22:50:00,1223,1225,1221,1223,1327
2026-03-18 23:00:00,1221,1222,1220,1222,241
2026-03-18 23:10:00,1220,1220,1219,1220,132
2026-03-18 23:20:00,1220,1222,1219,1221,2788
2026-03-18 23:30:00,1222,1225,1219,1220,2257
2026-03-18 23:40:00,1220,1222,1219,1222,174
2026-03-19 09:00:00,1224,1224,1222,1224,2562
2026-03-19 09:10:00,1224,1224,1220,1223,1598
2026-03-19 09:20:00,1225,1226,1222,1224,1218
2026-03-19 09:30:00,1223,1227,1223,1226,2276
2026-03-19 09:40:00,1226,1226,1222,1222,1016
2026-03-19 09:50:00,1222,1224,1222,1224,1504
2026-03-19 10:00:00,1225,1226,1223,1223,540
2026-03-19 10:10:00,1225,1229,1221,1225,5486
2026-03-19 10:20:00,1224,1225,1221,1223,3495
2026-03-19 10:30:00,1224,1224,1223,1223,378
2026-03-19 10:40:00,1224,1224,1221,1223,330
2026-03-19 10:50:00,1221,1223,1221,1223,155
2026-03-19 11:00:00,1223,1223,1220,1220,1322
2026-03-19 11:10:00,1221,1221,1217,1219,2058
2026-03-19 11:20:00,1219,1219,1218,1219,75
2026-03-19 11:30:00,1220,1220,1218,1219,656
2026-03-19 11:40:00,1219,1219,1217,1218,826
2026-03-19 11:50:00,1218,1219,1217,1219,220
2026-03-19 12:00:00,1219,1219,1217,1219,994
2026-03-19 12:10:00,1218,1219,1213,1218,7263
2026-03-19 12:20:00,1216,1217,1214,1216,1408
2026-03-19 12:30:00,1215,1219,1214,1216,8545
2026-03-19 12:40:00,1215,1217,1215,1216,4533
2026-03-19 12:50:00,1218,1218,1215,1217,1737
2026-03-19 13:00:00,1216,1218,1215,1215,1290
2026-03-19 13:10:00,1215,1218,1215,1217,630
2026-03-19 13:20:00,1216,1218,1215,1218,331
2026-03-19 13:30:00,1217,1217,1215,1215,470
2026-03-19 13:40:00,1217,1217,1214,1217,1097
2026-03-19 13:50:00,1215,1215,1213,1215,615
2026-03-19 14:00:00,1216,1216,1214,1216,844
2026-03-19 14:10:00,1216,1216,1213,1216,513
2026-03-19 14:20:00,1214,1215,1213,1215,341
2026-03-19 14:30:00,1215,1215,1215,1215,50
2026-03-19 14:40:00,1215,1216,1214,1214,663
2026-03-19 14:50:00,1215,1217,1214,1217,1374
2026-03-19 15:00:00,1215,1215,1212,1214,2230
2026-03-19 15:10:00,1212,1216,1212,1213,815
2026-03-19 15:20:00,1213,1215,1210,1210,1242
2026-03-19 15:30:00,1210,1213,1208,1209,4932
2026-03-19 15:40:00,1211,1213,1208,1208,809
2026-03-19 15:50:00,1209,1211,1202,1206,12389
2026-03-19 16:00:00,1206,1211,1206,1211,367
2026-03-19 16:10:00,1211,1212,1210,1210,361
2026-03-19 16:20:00,1210,1213,1209,1212,646
2026-03-19 16:30:00,1213,1214,1213,1213,131
2026-03-19 16:40:00,1213,1215,1210,1210,1295
2026-03-19 16:50:00,1210,1210,1208,1209,681
2026-03-19 17:00:00,1208,1208,1204,1205,1900
2026-03-19 17:10:00,1207,1209,1204,1206,1861
2026-03-19 17:20:00,1205,1206,1201,1206,2356
2026-03-19 17:30:00,1207,1207,1205,1205,172
2026-03-19 17:40:00,1205,1205,1205,1205,38
2026-03-19 17:50:00,1205,1205,1204,1204,183
2026-03-19 18:00:00,1204,1204,1203,1204,308
2026-03-19 18:10:00,1204,1205,1203,1204,519
2026-03-19 18:20:00,1205,1206,1204,1204,474
2026-03-19 18:30:00,1204,1204,1203,1203,100
2026-03-19 18:40:00,1204,1204,1196,1198,2106
2026-03-19 19:00:00,1200,1233,1200,1204,584
2026-03-19 19:10:00,1203,1206,1202,1205,372
2026-03-19 19:20:00,1205,1205,1204,1205,17
2026-03-19 19:30:00,1206,1206,1206,1206,80
2026-03-19 19:40:00,1206,1208,1205,1208,1168
2026-03-19 19:50:00,1206,1206,1203,1203,360
2026-03-19 20:00:00,1204,1204,1204,1204,1
2026-03-19 20:10:00,1204,1204,1204,1204,11
2026-03-19 20:20:00,1205,1206,1205,1205,20
2026-03-19 20:30:00,1205,1205,1205,1205,3
2026-03-19 20:50:00,1204,1205,1203,1203,133
2026-03-19 21:00:00,1205,1205,1204,1204,143
2026-03-19 21:10:00,1204,1204,1202,1203,131
2026-03-19 21:20:00,1203,1203,1201,1203,133
2026-03-19 21:30:00,1203,1203,1202,1202,104
2026-03-19 21:40:00,1203,1203,1202,1202,104
2026-03-19 21:50:00,1203,1203,1203,1203,94
2026-03-19 22:00:00,1202,1204,1202,1204,106
2026-03-19 22:10:00,1204,1204,1203,1203,1562
2026-03-19 22:20:00,1203,1203,1203,1203,349
2026-03-19 22:30:00,1204,1204,1204,1204,23
2026-03-19 22:40:00,1205,1207,1205,1207,114
2026-03-19 22:50:00,1207,1209,1206,1209,51
2026-03-19 23:00:00,1209,1209,1204,1204,1090
2026-03-19 23:10:00,1207,1209,1207,1207,334
2026-03-19 23:20:00,1208,1210,1208,1210,652
2026-03-19 23:30:00,1209,1211,1208,1211,121
2026-03-19 23:40:00,1212,1212,1212,1212,47
2026-03-20 09:00:00,1209,1209,1205,1209,857
2026-03-20 09:10:00,1208,1212,1208,1212,17
2026-03-20 09:20:00,1212,1213,1212,1212,276
2026-03-20 09:30:00,1213,1214,1211,1212,775
2026-03-20 09:40:00,1212,1212,1210,1210,181
2026-03-20 09:50:00,1212,1212,1212,1212,27
2026-03-20 10:00:00,1212,1212,1212,1212,58
2026-03-20 10:10:00,1211,1213,1211,1211,1021
2026-03-20 10:20:00,1212,1214,1212,1214,349
2026-03-20 10:30:00,1214,1218,1214,1215,1831
2026-03-20 10:40:00,1216,1217,1214,1214,1060
2026-03-20 10:50:00,1214,1217,1214,1216,353
2026-03-20 11:00:00,1215,1217,1215,1217,158
2026-03-20 11:10:00,1215,1215,1213,1213,256
2026-03-20 11:20:00,1215,1216,1215,1216,104
2026-03-20 11:30:00,1214,1214,1212,1213,222
2026-03-20 11:40:00,1213,1213,1208,1208,2786
2026-03-20 11:50:00,1208,1210,1207,1210,504
2026-03-20 12:00:00,1208,1210,1208,1209,698
2026-03-20 12:10:00,1209,1210,1209,1209,516
2026-03-20 12:20:00,1207,1211,1207,1211,2752
2026-03-20 12:30:00,1210,1210,1209,1210,267
2026-03-20 12:40:00,1208,1211,1208,1210,1299
2026-03-20 12:50:00,1210,1213,1210,1211,343
2026-03-20 13:00:00,1212,1212,1211,1212,1653
2026-03-20 13:10:00,1212,1214,1212,1214,1242
2026-03-20 13:20:00,1214,1216,1211,1213,1981
2026-03-20 13:30:00,1213,1217,1203,1210,6228
2026-03-20 13:40:00,1211,1211,1204,1207,2157
2026-03-20 13:50:00,1209,1210,1205,1207,2331
2026-03-20 14:00:00,1207,1208,1205,1208,612
2026-03-20 14:10:00,1206,1207,1203,1205,721
2026-03-20 14:20:00,1205,1205,1202,1202,565
2026-03-20 14:30:00,1202,1205,1202,1204,803
2026-03-20 14:40:00,1203,1204,1198,1200,2065
2026-03-20 14:50:00,1201,1201,1199,1200,589
2026-03-20 15:00:00,1201,1203,1199,1201,2331
2026-03-20 15:10:00,1200,1201,1197,1197,1602
2026-03-20 15:20:00,1197,1201,1197,1200,815
2026-03-20 15:30:00,1199,1201,1199,1200,202
2026-03-20 15:40:00,1201,1201,1198,1198,270
2026-03-20 15:50:00,1198,1199,1197,1199,1055
2026-03-20 16:00:00,1199,1200,1199,1199,69
2026-03-20 16:10:00,1199,1200,1199,1199,54
2026-03-20 16:20:00,1198,1199,1198,1199,22
2026-03-20 16:30:00,1199,1199,1197,1197,8
2026-03-20 16:40:00,1197,1198,1197,1198,52
2026-03-20 16:50:00,1200,1200,1197,1199,103
2026-03-20 17:00:00,1197,1197,1197,1197,116
2026-03-20 17:10:00,1197,1198,1194,1194,378
2026-03-20 17:20:00,1193,1195,1193,1195,1617
2026-03-20 17:30:00,1195,1195,1193,1195,198
2026-03-20 17:40:00,1195,1197,1195,1197,473
2026-03-20 17:50:00,1195,1197,1195,1197,16
2026-03-20 18:00:00,1195,1196,1195,1196,7
2026-03-20 18:10:00,1196,1197,1196,1197,356
2026-03-20 18:20:00,1197,1197,1195,1195,187
2026-03-20 18:30:00,1195,1195,1195,1195,2
2026-03-20 18:40:00,1194,1197,1194,1197,21
2026-03-23 09:00:00,1190,1196,1184,1187,3618
2026-03-23 09:10:00,1187,1188,1185,1187,2472
2026-03-23 09:20:00,1185,1185,1180,1180,6001
2026-03-23 09:30:00,1180,1180,1175,1179,5464
2026-03-23 09:40:00,1179,1182,1179,1180,2075
2026-03-23 09:50:00,1180,1182,1179,1181,818
2026-03-23 10:00:00,1181,1183,1181,1181,324
2026-03-23 10:10:00,1181,1183,1181,1183,247
2026-03-23 10:20:00,1182,1182,1172,1173,1925
2026-03-23 10:30:00,1173,1175,1168,1171,3344
2026-03-23 10:40:00,1172,1175,1170,1171,835
2026-03-23 10:50:00,1172,1175,1172,1172,1787
2026-03-23 11:00:00,1174,1174,1171,1174,1373
2026-03-23 11:10:00,1174,1174,1164,1168,6565
2026-03-23 11:20:00,1169,1171,1166,1167,1108
2026-03-23 11:30:00,1167,1173,1166,1172,1815
2026-03-23 11:40:00,1173,1174,1173,1174,286
2026-03-23 11:50:00,1174,1177,1171,1177,14020
2026-03-23 12:00:00,1175,1178,1175,1178,330
2026-03-23 12:10:00,1177,1177,1174,1175,667
2026-03-23 12:20:00,1174,1176,1174,1176,133
2026-03-23 12:30:00,1175,1175,1173,1173,60
2026-03-23 12:40:00,1173,1174,1172,1174,129
2026-03-23 12:50:00,1173,1174,1172,1173,816
2026-03-23 13:00:00,1174,1176,1174,1174,3375
2026-03-23 13:10:00,1175,1176,1175,1175,308
2026-03-23 13:20:00,1174,1175,1173,1173,1172
2026-03-23 13:30:00,1173,1174,1173,1173,34
2026-03-23 13:40:00,1172,1174,1171,1172,397
2026-03-23 13:50:00,1172,1172,1171,1171,176
2026-03-23 14:00:00,1170,1171,1167,1171,1123
2026-03-23 14:10:00,1170,1175,1169,1174,3766
2026-03-23 14:20:00,1173,1173,1171,1172,705
2026-03-23 14:30:00,1172,1173,1170,1170,624
2026-03-23 14:40:00,1171,1172,1170,1172,240
2026-03-23 14:50:00,1171,1172,1171,1172,412
2026-03-23 15:00:00,1172,1172,1170,1171,385
2026-03-23 15:10:00,1170,1172,1168,1171,3076
2026-03-23 15:20:00,1171,1172,1171,1171,658
2026-03-23 15:30:00,1171,1172,1171,1171,1488
2026-03-23 15:40:00,1170,1170,1166,1166,375
2026-03-23 15:50:00,1166,1169,1166,1166,876
2026-03-23 16:00:00,1167,1169,1166,1168,3188
2026-03-23 16:10:00,1168,1168,1166,1168,145
2026-03-23 16:20:00,1169,1169,1167,1169,122
2026-03-23 16:30:00,1168,1169,1168,1169,72
2026-03-23 16:40:00,1168,1170,1168,1170,90
2026-03-23 16:50:00,1168,1170,1168,1170,656
2026-03-23 17:00:00,1170,1170,1166,1166,912
2026-03-23 17:10:00,1166,1166,1166,1166,24
2026-03-23 17:20:00,1167,1169,1167,1168,514
2026-03-23 17:30:00,1168,1169,1166,1166,508
2026-03-23 17:40:00,1168,1168,1167,1167,219
2026-03-23 17:50:00,1167,1170,1167,1168,696
2026-03-23 18:00:00,1169,1170,1169,1169,328
2026-03-23 18:10:00,1168,1168,1168,1168,101
2026-03-23 18:20:00,1170,1172,1167,1170,594
2026-03-23 18:30:00,1171,1175,1171,1173,1768
2026-03-23 18:40:00,1171,1173,1171,1171,78
2026-03-23 19:00:00,1171,1171,1170,1170,289
2026-03-23 19:10:00,1170,1173,1170,1172,76
2026-03-23 19:20:00,1170,1170,1164,1164,1840
2026-03-23 19:30:00,1166,1166,1165,1165,105
2026-03-23 19:40:00,1167,1167,1167,1167,2
2026-03-23 19:50:00,1166,1167,1166,1167,42
2026-03-23 20:10:00,1166,1166,1165,1165,113
2026-03-23 20:20:00,1165,1165,1164,1165,57
2026-03-23 20:30:00,1164,1164,1164,1164,50
2026-03-23 20:40:00,1164,1167,1164,1167,638
2026-03-23 20:50:00,1168,1168,1168,1168,622
2026-03-23 21:00:00,1169,1169,1168,1168,389
2026-03-23 21:10:00,1167,1167,1167,1167,102
2026-03-23 21:30:00,1167,1167,1167,1167,75
2026-03-23 21:50:00,1168,1168,1167,1167,113
2026-03-23 22:00:00,1168,1168,1167,1167,167
2026-03-23 22:10:00,1168,1170,1168,1169,1106
2026-03-23 22:20:00,1170,1170,1169,1169,571
2026-03-23 22:30:00,1169,1169,1168,1168,103
2026-03-23 22:40:00,1169,1169,1169,1169,201
2026-03-23 23:00:00,1168,1168,1167,1167,201
2026-03-23 23:10:00,1167,1167,1165,1165,300
2026-03-23 23:20:00,1166,1166,1165,1165,159
2026-03-23 23:30:00,1165,1166,1165,1166,71
2026-03-23 23:40:00,1167,1168,1166,1166,382
2026-03-24 09:00:00,1169,1172,1168,1170,203
2026-03-24 09:10:00,1169,1173,1169,1169,1075
2026-03-24 09:20:00,1169,1171,1169,1171,100
2026-03-24 09:30:00,1171,1173,1170,1170,872
2026-03-24 09:40:00,1171,1175,1171,1172,2012
2026-03-24 09:50:00,1172,1172,1172,1172,502
2026-03-24 10:00:00,1172,1174,1172,1172,2240
2026-03-24 10:10:00,1172,1173,1169,1173,2338
2026-03-24 10:20:00,1175,1175,1174,1175,437
2026-03-24 10:30:00,1175,1178,1175,1175,1964
2026-03-24 10:40:00,1175,1178,1174,1174,9513
2026-03-24 10:50:00,1174,1174,1169,1170,2126
2026-03-24 11:00:00,1170,1175,1170,1174,2243
2026-03-24 11:10:00,1172,1173,1172,1173,144
2026-03-24 11:20:00,1173,1176,1173,1174,999
2026-03-24 11:30:00,1173,1174,1171,1174,546
2026-03-24 11:40:00,1172,1172,1172,1172,115
2026-03-24 11:50:00,1174,1175,1173,1175,903
2026-03-24 12:00:00,1175,1175,1175,1175,4
2026-03-24 12:10:00,1176,1176,1173,1173,1600
2026-03-24 12:20:00,1173,1174,1173,1174,185
2026-03-24 12:30:00,1173,1173,1172,1172,1705
2026-03-24 12:40:00,1172,1174,1172,1174,372
2026-03-24 12:50:00,1174,1174,1170,1170,1458
2026-03-24 13:00:00,1172,1173,1172,1173,100
2026-03-24 13:10:00,1171,1172,1170,1170,1258
2026-03-24 13:20:00,1170,1170,1169,1169,78
2026-03-24 13:30:00,1170,1170,1167,1169,1913
2026-03-24 13:40:00,1169,1170,1169,1170,304
2026-03-24 13:50:00,1171,1171,1170,1170,338
2026-03-24 14:00:00,1170,1170,1168,1169,744
2026-03-24 14:10:00,1170,1170,1169,1169,295
2026-03-24 14:20:00,1169,1169,1168,1169,1732
2026-03-24 14:30:00,1169,1171,1169,1171,80
2026-03-24 14:40:00,1170,1171,1170,1171,206
2026-03-24 14:50:00,1170,1170,1169,1170,35
2026-03-24 15:00:00,1169,1169,1167,1167,1212
2026-03-24 15:10:00,1168,1168,1165,1167,2836
2026-03-24 15:20:00,1166,1166,1166,1166,1
2026-03-24 15:30:00,1166,1166,1161,1162,2220
2026-03-24 15:40:00,1163,1164,1163,1164,181
2026-03-24 15:50:00,1164,1164,1163,1164,75
2026-03-24 16:00:00,1164,1164,1163,1163,244
2026-03-24 16:10:00,1163,1163,1162,1162,270
2026-03-24 16:20:00,1162,1163,1161,1162,342
2026-03-24 16:30:00,1162,1162,1162,1162,33
2026-03-24 16:40:00,1162,1165,1162,1165,283
2026-03-24 16:50:00,1164,1164,1163,1163,151
2026-03-24 17:00:00,1163,1165,1162,1162,663
2026-03-24 17:10:00,1162,1162,1156,1157,6993
2026-03-24 17:20:00,1158,1160,1158,1160,777
2026-03-24 17:30:00,1160,1163,1160,1162,388
2026-03-24 17:40:00,1162,1162,1159,1160,4262
2026-03-24 17:50:00,1161,1161,1160,1161,80
2026-03-24 18:00:00,1159,1160,1157,1160,867
2026-03-24 18:10:00,1159,1161,1159,1159,385
2026-03-24 18:20:00,1159,1161,1158,1159,533
2026-03-24 18:30:00,1159,1160,1158,1160,62
2026-03-24 18:40:00,1159,1159,1158,1159,265
2026-03-24 18:50:00,1159,1160,1159,1159,50
2026-03-24 19:00:00,1161,1161,1159,1159,314
2026-03-24 19:10:00,1160,1160,1160,1160,80
2026-03-24 19:20:00,1160,1160,1160,1160,11
2026-03-24 19:30:00,1161,1162,1160,1162,545
2026-03-24 19:40:00,1161,1162,1161,1162,165
2026-03-24 19:50:00,1161,1161,1160,1160,132
2026-03-24 20:00:00,1162,1162,1162,1162,3
2026-03-24 20:20:00,1161,1163,1161,1161,679
2026-03-24 20:30:00,1163,1163,1163,1163,11
2026-03-24 20:40:00,1161,1161,1161,1161,10
2026-03-24 20:50:00,1163,1163,1163,1163,120
2026-03-24 21:00:00,1162,1163,1162,1163,87
2026-03-24 21:20:00,1162,1162,1162,1162,8
2026-03-24 21:40:00,1162,1162,1162,1162,85
2026-03-24 21:50:00,1163,1163,1161,1161,38
2026-03-24 22:00:00,1161,1164,1161,1163,929
2026-03-24 22:10:00,1164,1164,1163,1163,187
2026-03-24 22:20:00,1164,1164,1163,1164,820
2026-03-24 22:30:00,1164,1164,1162,1164,783
2026-03-24 22:40:00,1162,1162,1161,1161,806
2026-03-24 23:00:00,1163,1165,1163,1165,407
2026-03-24 23:10:00,1166,1166,1163,1163,304
2026-03-24 23:20:00,1164,1164,1163,1163,108
2026-03-24 23:30:00,1162,1165,1161,1165,286
2026-03-24 23:40:00,1165,1165,1161,1165,74
2026-03-25 09:00:00,1170,1170,1166,1169,815
2026-03-25 09:10:00,1170,1170,1168,1168,1701
2026-03-25 09:20:00,1170,1173,1169,1172,8397
2026-03-25 09:30:00,1171,1173,1171,1173,2776
2026-03-25 09:40:00,1174,1174,1173,1173,614
2026-03-25 09:50:00,1173,1174,1173,1174,439
2026-03-25 10:00:00,1174,1174,1173,1173,1763
2026-03-25 10:10:00,1174,1174,1170,1170,756
2026-03-25 10:20:00,1170,1171,1170,1170,50
2026-03-25 10:30:00,1171,1171,1171,1171,7
2026-03-25 10:40:00,1170,1171,1169,1170,667
2026-03-25 10:50:00,1171,1171,1169,1170,1012
2026-03-25 11:00:00,1169,1169,1162,1164,911
2026-03-25 11:10:00,1163,1164,1160,1160,1235
2026-03-25 11:20:00,1160,1160,1157,1159,7634
2026-03-25 11:30:00,1159,1159,1156,1158,1802
2026-03-25 11:40:00,1158,1160,1157,1158,1363
2026-03-25 11:50:00,1158,1158,1154,1155,2057
2026-03-25 12:00:00,1155,1159,1155,1159,507
2026-03-25 12:10:00,1157,1157,1154,1155,687
2026-03-25 12:20:00,1155,1158,1155,1157,251
2026-03-25 12:30:00,1157,1159,1155,1156,5450
2026-03-25 12:40:00,1156,1157,1156,1157,101
2026-03-25 12:50:00,1157,1157,1157,1157,72
2026-03-25 13:00:00,1158,1158,1157,1157,21
2026-03-25 13:10:00,1156,1157,1156,1157,51
2026-03-25 13:20:00,1157,1157,1156,1156,190
2026-03-25 13:30:00,1156,1156,1155,1155,505
2026-03-25 13:40:00,1156,1156,1155,1156,388
2026-03-25 13:50:00,1156,1156,1155,1155,128
2026-03-25 14:00:00,1156,1157,1154,1155,315
2026-03-25 14:10:00,1154,1157,1154,1156,353
2026-03-25 14:20:00,1157,1157,1155,1155,251
2026-03-25 14:30:00,1156,1158,1156,1157,50
2026-03-25 14:40:00,1157,1158,1155,1157,806
2026-03-25 14:50:00,1156,1156,1156,1156,78
2026-03-25 15:00:00,1156,1156,1155,1156,96
2026-03-25 15:10:00,1156,1156,1156,1156,102
2026-03-25 15:20:00,1155,1155,1153,1153,1839
2026-03-25 15:30:00,1154,1154,1153,1153,150
2026-03-25 15:40:00,1153,1154,1152,1153,806
2026-03-25 15:50:00,1153,1154,1153,1153,194
2026-03-25 16:00:00,1153,1155,1153,1155,37
2026-03-25 16:10:00,1155,1156,1155,1156,213
2026-03-25 16:20:00,1156,1157,1155,1155,354
2026-03-25 16:30:00,1155,1159,1155,1159,2106
2026-03-25 16:40:00,1158,1160,1157,1157,745
2026-03-25 16:50:00,1159,1162,1157,1162,2377
2026-03-25 17:00:00,1162,1163,1161,1163,528
2026-03-25 17:10:00,1163,1163,1163,1163,6
2026-03-25 17:20:00,1163,1163,1163,1163,10
2026-03-25 17:30:00,1163,1163,1160,1162,564
2026-03-25 17:40:00,1163,1163,1161,1162,90
2026-03-25 17:50:00,1163,1169,1162,1167,1213
2026-03-25 18:00:00,1169,1169,1168,1168,80
2026-03-25 18:10:00,1167,1169,1167,1168,504
2026-03-25 18:20:00,1169,1169,1168,1169,99
2026-03-25 18:30:00,1168,1168,1164,1166,1748
2026-03-25 18:40:00,1166,1166,1164,1164,358
2026-03-25 18:50:00,1164,1164,1164,1164,25
2026-03-25 19:00:00,1164,1165,1163,1163,309
2026-03-25 19:10:00,1165,1165,1165,1165,246
2026-03-25 19:20:00,1166,1167,1166,1167,661
2026-03-25 19:30:00,1165,1165,1165,1165,236
2026-03-25 19:40:00,1166,1166,1166,1166,101
2026-03-25 20:00:00,1166,1166,1165,1165,100
2026-03-25 20:10:00,1167,1167,1164,1165,710
2026-03-25 20:20:00,1165,1166,1164,1164,115
2026-03-25 20:40:00,1164,1164,1164,1164,209
2026-03-25 20:50:00,1164,1164,1164,1164,10
2026-03-25 21:00:00,1166,1166,1166,1166,26
2026-03-25 21:10:00,1166,1166,1164,1164,275
2026-03-25 21:20:00,1165,1165,1164,1164,200
2026-03-25 21:40:00,1165,1165,1165,1165,125
2026-03-25 21:50:00,1165,1165,1163,1163,103
2026-03-25 22:00:00,1163,1163,1163,1163,77
2026-03-25 22:10:00,1164,1164,1164,1164,99
2026-03-25 22:20:00,1165,1165,1165,1165,41
2026-03-25 22:30:00,1165,1170,1165,1170,1111
2026-03-25 22:40:00,1170,1170,1169,1170,78
2026-03-25 22:50:00,1170,1170,1169,1169,16
2026-03-25 23:00:00,1168,1169,1168,1169,64
2026-03-25 23:10:00,1169,1169,1168,1168,1008
2026-03-25 23:20:00,1170,1170,1170,1170,685
2026-03-25 23:30:00,1170,1170,1168,1170,69
2026-03-25 23:40:00,1170,1172,1169,1169,3101
2026-03-26 09:00:00,1169,1169,1167,1169,167
2026-03-26 09:10:00,1167,1169,1167,1168,28
2026-03-26 09:20:00,1167,1167,1167,1167,48
2026-03-26 09:30:00,1169,1171,1168,1168,750
2026-03-26 09:40:00,1169,1169,1168,1168,320
2026-03-26 10:00:00,1171,1171,1168,1169,893
2026-03-26 10:10:00,1169,1169,1166,1166,3725
2026-03-26 10:20:00,1166,1166,1163,1164,800
2026-03-26 10:30:00,1164,1165,1163,1163,234
2026-03-26 10:40:00,1164,1164,1163,1163,172
2026-03-26 11:00:00,1162,1163,1160,1160,753
2026-03-26 11:10:00,1160,1160,1158,1159,604
2026-03-26 11:20:00,1157,1157,1155,1157,1054
2026-03-26 11:30:00,1157,1160,1157,1158,1278
2026-03-26 11:40:00,1160,1161,1158,1158,831
2026-03-26 11:50:00,1158,1159,1155,1159,4038
2026-03-26 12:00:00,1159,1159,1159,1159,293
2026-03-26 12:10:00,1160,1160,1160,1160,2
2026-03-26 12:20:00,1159,1160,1159,1159,303
2026-03-26 12:30:00,1160,1161,1158,1158,449
2026-03-26 12:40:00,1159,1159,1159,1159,5
2026-03-26 12:50:00,1158,1158,1154,1157,2638
2026-03-26 13:00:00,1157,1157,1156,1157,346
2026-03-26 13:10:00,1157,1158,1157,1158,76
2026-03-26 13:20:00,1158,1165,1158,1164,2448
2026-03-26 13:30:00,1164,1169,1163,1169,1449
2026-03-26 13:40:00,1167,1168,1166,1166,281
2026-03-26 13:50:00,1166,1166,1164,1164,308
2026-03-26 14:00:00,1166,1166,1163,1164,136
2026-03-26 14:10:00,1165,1165,1163,1165,248
2026-03-26 14:20:00,1164,1165,1163,1165,632
2026-03-26 14:30:00,1165,1165,1162,1162,111
2026-03-26 14:40:00,1164,1164,1164,1164,5
2026-03-26 14:50:00,1162,1165,1162,1165,64
2026-03-26 15:00:00,1165,1165,1165,1165,187
2026-03-26 15:10:00,1163,1163,1162,1162,100
2026-03-26 15:20:00,1164,1164,1164,1164,200
2026-03-26 15:30:00,1163,1163,1162,1162,100
2026-03-26 15:40:00,1164,1164,1164,1164,1
2026-03-26 15:50:00,1162,1162,1160,1161,702
2026-03-26 16:00:00,1159,1159,1159,1159,168
2026-03-26 16:10:00,1160,1160,1158,1160,26
2026-03-26 16:20:00,1158,1160,1158,1160,179
2026-03-26 16:30:00,1159,1159,1157,1157,375
2026-03-26 16:40:00,1159,1159,1158,1158,501
2026-03-26 16:50:00,1158,1158,1157,1157,36
2026-03-26 17:00:00,1158,1158,1158,1158,15
2026-03-26 17:20:00,1158,1158,1158,1158,5
2026-03-26 17:30:00,1159,1159,1158,1159,731
2026-03-26 17:40:00,1159,1159,1157,1158,205
2026-03-26 17:50:00,1158,1159,1158,1159,2
2026-03-26 18:00:00,1159,1159,1159,1159,2
2026-03-26 18:10:00,1158,1159,1158,1159,83
2026-03-26 18:20:00,1159,1159,1158,1159,158
2026-03-26 18:30:00,1159,1159,1158,1159,32
2026-03-26 18:40:00,1157,1159,1157,1159,171
2026-03-26 18:50:00,1158,1158,1158,1158,25
2026-03-26 19:00:00,1159,1160,1158,1159,167
2026-03-26 19:20:00,1159,1159,1159,1159,22
2026-03-26 19:40:00,1160,1162,1159,1159,1900
2026-03-26 20:00:00,1161,1162,1159,1159,177
2026-03-26 20:10:00,1160,1160,1155,1155,750
2026-03-26 20:20:00,1156,1160,1155,1158,2089
2026-03-26 20:30:00,1159,1160,1157,1158,1137
2026-03-26 20:40:00,1159,1160,1158,1160,218
2026-03-26 20:50:00,1158,1159,1158,1159,150
2026-03-26 21:00:00,1159,1160,1159,1160,353
2026-03-26 21:20:00,1159,1159,1159,1159,1
2026-03-26 21:30:00,1158,1158,1158,1158,17
2026-03-26 21:40:00,1158,1158,1158,1158,1
2026-03-26 21:50:00,1159,1159,1157,1157,451
2026-03-26 22:10:00,1158,1158,1157,1158,61
2026-03-26 22:20:00,1157,1159,1157,1159,850
2026-03-26 22:30:00,1159,1159,1157,1157,613
2026-03-26 22:40:00,1158,1159,1157,1159,144
2026-03-26 22:50:00,1159,1160,1159,1159,352
2026-03-26 23:00:00,1160,1160,1159,1159,74
2026-03-26 23:10:00,1158,1159,1157,1159,242
2026-03-26 23:20:00,1157,1159,1157,1159,72
2026-03-26 23:30:00,1158,1159,1158,1159,69
2026-03-26 23:40:00,1159,1159,1159,1159,17
2026-03-27 09:00:00,1156,1158,1156,1157,316
2026-03-27 09:10:00,1157,1157,1156,1156,539
2026-03-27 09:20:00,1157,1158,1156,1158,387
2026-03-27 09:30:00,1158,1159,1157,1158,530
2026-03-27 09:40:00,1158,1159,1157,1158,494
2026-03-27 09:50:00,1158,1161,1158,1159,712
2026-03-27 10:00:00,1160,1160,1156,1156,1226
2026-03-27 10:10:00,1157,1159,1157,1158,1088
2026-03-27 10:20:00,1158,1159,1155,1157,3239
2026-03-27 10:30:00,1157,1159,1156,1157,278
2026-03-27 10:40:00,1157,1157,1157,1157,22
2026-03-27 10:50:00,1157,1157,1157,1157,110
2026-03-27 11:00:00,1158,1161,1157,1158,1346
2026-03-27 11:10:00,1160,1160,1149,1156,4343
2026-03-27 11:20:00,1156,1158,1156,1158,2750
2026-03-27 11:30:00,1156,1159,1156,1156,3784
2026-03-27 11:40:00,1156,1157,1154,1154,629
2026-03-27 11:50:00,1156,1156,1156,1156,11
2026-03-27 12:00:00,1156,1156,1153,1153,1383
2026-03-27 12:10:00,1153,1157,1153,1157,262
2026-03-27 12:20:00,1155,1155,1155,1155,62
2026-03-27 12:30:00,1155,1155,1155,1155,319
2026-03-27 12:40:00,1157,1157,1157,1157,29
2026-03-27 13:00:00,1157,1157,1155,1155,2040
2026-03-27 13:10:00,1154,1154,1154,1154,828
2026-03-27 13:20:00,1153,1153,1153,1153,26
2026-03-27 13:30:00,1154,1154,1148,1149,6930
2026-03-27 13:40:00,1150,1150,1148,1150,1826
2026-03-27 13:50:00,1150,1152,1149,1152,662
2026-03-27 14:00:00,1152,1153,1151,1152,571
2026-03-27 14:20:00,1152,1155,1152,1153,391
2026-03-27 14:30:00,1152,1154,1152,1154,19
2026-03-27 14:50:00,1153,1153,1152,1153,7
2026-03-27 15:00:00,1151,1151,1150,1150,93
2026-03-27 15:10:00,1151,1151,1149,1149,342
2026-03-27 15:20:00,1150,1150,1142,1145,842
2026-03-27 15:30:00,1146,1149,1143,1147,1980
2026-03-27 15:40:00,1146,1148,1145,1148,987
2026-03-27 15:50:00,1148,1148,1147,1147,454
2026-03-27 16:00:00,1147,1147,1144,1144,615
2026-03-27 16:10:00,1144,1145,1141,1141,802
2026-03-27 16:20:00,1140,1143,1140,1142,575
2026-03-27 16:30:00,1141,1144,1138,1138,1519
2026-03-27 16:40:00,1139,1141,1138,1138,881
2026-03-27 16:50:00,1138,1139,1136,1137,2527
2026-03-27 17:00:00,1137,1141,1135,1140,3241
2026-03-27 17:10:00,1139,1142,1139,1140,299
2026-03-27 17:20:00,1142,1144,1139,1140,1386
2026-03-27 17:30:00,1139,1141,1139,1141,84
2026-03-27 17:40:00,1141,1142,1140,1141,1482
2026-03-27 17:50:00,1140,1142,1140,1141,149
2026-03-27 18:00:00,1142,1144,1141,1144,230
2026-03-27 18:10:00,1144,1144,1140,1140,424
2026-03-27 18:20:00,1140,1140,1137,1138,587
2026-03-27 18:30:00,1137,1139,1137,1139,254
2026-03-27 18:40:00,1138,1142,1136,1141,652
2026-03-27 18:50:00,1141,1143,1141,1143,254
2026-03-27 19:00:00,1143,1143,1140,1140,309
2026-03-27 19:10:00,1140,1143,1140,1143,138
2026-03-27 19:20:00,1143,1144,1143,1144,493
2026-03-27 19:30:00,1143,1143,1140,1140,244
2026-03-27 19:40:00,1142,1142,1142,1142,20
2026-03-27 19:50:00,1142,1143,1141,1143,315
2026-03-27 20:00:00,1141,1145,1141,1145,406
2026-03-27 20:20:00,1143,1144,1142,1144,345
2026-03-27 20:30:00,1143,1143,1143,1143,59
2026-03-27 20:40:00,1143,1143,1143,1143,1
2026-03-27 20:50:00,1143,1143,1143,1143,78
2026-03-27 21:10:00,1144,1144,1143,1143,16
2026-03-27 21:20:00,1144,1146,1143,1146,233
2026-03-27 21:30:00,1146,1146,1145,1145,18
2026-03-27 21:40:00,1147,1147,1145,1145,7
2026-03-27 22:00:00,1147,1148,1147,1148,97
2026-03-27 22:10:00,1147,1148,1146,1146,126
2026-03-27 22:20:00,1146,1146,1146,1146,75
2026-03-27 22:30:00,1146,1146,1146,1146,8
2026-03-27 22:40:00,1147,1147,1145,1145,1123
2026-03-27 22:50:00,1146,1146,1145,1145,101
2026-03-27 23:00:00,1146,1146,1141,1141,6723
2026-03-27 23:10:00,1141,1141,1141,1141,225
2026-03-27 23:20:00,1140,1140,1140,1140,6
2026-03-27 23:30:00,1142,1142,1140,1141,334
2026-03-27 23:40:00,1139,1142,1139,1142,220
2026-03-28 10:00:00,1143,1143,1141,1142,152
2026-03-28 10:10:00,1139,1143,1138,1143,171
2026-03-28 10:20:00,1143,1143,1143,1143,2
2026-03-28 10:50:00,1142,1142,1139,1139,52
2026-03-28 11:10:00,1139,1139,1138,1139,114
2026-03-28 11:20:00,1141,1141,1141,1141,1
2026-03-28 11:30:00,1141,1141,1139,1141,27
2026-03-28 11:50:00,1139,1141,1139,1141,10
2026-03-28 12:00:00,1141,1141,1139,1139,14
2026-03-28 12:20:00,1139,1139,1139,1139,6
2026-03-28 12:50:00,1140,1140,1139,1139,136
2026-03-28 13:00:00,1139,1139,1139,1139,18
2026-03-28 13:10:00,1140,1140,1140,1140,10
2026-03-28 13:20:00,1140,1140,1140,1140,7
2026-03-28 15:00:00,1140,1140,1140,1140,10
2026-03-28 15:20:00,1140,1140,1138,1138,300
2026-03-28 15:30:00,1139,1139,1138,1138,328
2026-03-28 15:40:00,1138,1138,1138,1138,100
2026-03-28 15:50:00,1138,1138,1138,1138,100
2026-03-28 16:20:00,1140,1140,1140,1140,150
2026-03-28 17:10:00,1138,1138,1138,1138,1
2026-03-28 17:30:00,1140,1140,1140,1140,18
2026-03-28 17:40:00,1139,1139,1139,1139,5
2026-03-28 18:30:00,1139,1139,1138,1138,68
2026-03-28 18:40:00,1138,1139,1137,1139,148
2026-03-29 10:00:00,1137,1138,1136,1137,171
2026-03-29 10:10:00,1137,1139,1137,1139,8
2026-03-29 10:30:00,1139,1140,1137,1137,257
2026-03-29 10:40:00,1139,1141,1139,1141,193
2026-03-29 10:50:00,1140,1141,1140,1141,150
2026-03-29 11:20:00,1140,1142,1139,1142,78
2026-03-29 11:30:00,1142,1142,1142,1142,58
2026-03-29 12:10:00,1142,1143,1142,1143,59
2026-03-29 12:20:00,1143,1143,1143,1143,241
2026-03-29 12:30:00,1144,1144,1143,1143,11
2026-03-29 12:40:00,1143,1144,1143,1144,23
2026-03-29 12:50:00,1144,1144,1144,1144,18
2026-03-29 13:50:00,1144,1144,1144,1144,9
2026-03-29 14:10:00,1143,1143,1143,1143,71
2026-03-29 14:40:00,1144,1144,1144,1144,22
2026-03-29 15:00:00,1144,1144,1144,1144,72
2026-03-29 15:30:00,1144,1144,1144,1144,25
2026-03-29 15:40:00,1144,1144,1142,1144,316
2026-03-29 15:50:00,1144,1145,1144,1145,30
2026-03-29 16:00:00,1145,1145,1145,1145,1
2026-03-29 16:10:00,1145,1145,1145,1145,10
2026-03-29 16:30:00,1144,1145,1143,1145,103
2026-03-29 17:10:00,1145,1145,1145,1145,4
2026-03-29 17:20:00,1145,1145,1145,1145,12
2026-03-29 17:30:00,1146,1146,1146,1146,57
2026-03-29 18:10:00,1146,1146,1146,1146,100
2026-03-29 18:20:00,1146,1146,1145,1146,91
2026-03-29 18:30:00,1146,1146,1145,1145,41
2026-03-29 18:40:00,1146,1146,1146,1146,6
2026-03-29 18:50:00,1146,1146,1146,1146,25
2026-03-30 09:00:00,1144,1150,1144,1149,1804
2026-03-30 09:10:00,1149,1150,1149,1149,295
2026-03-30 09:20:00,1150,1150,1149,1149,106
2026-03-30 09:30:00,1150,1151,1150,1150,271
2026-03-30 09:40:00,1149,1151,1149,1151,1049
2026-03-30 09:50:00,1149,1149,1149,1149,4
2026-03-30 10:00:00,1150,1150,1147,1147,121
2026-03-30 10:10:00,1146,1147,1146,1147,92
2026-03-30 10:20:00,1145,1146,1145,1145,425
2026-03-30 10:30:00,1144,1146,1143,1144,2788
2026-03-30 10:40:00,1145,1147,1143,1146,992
2026-03-30 10:50:00,1145,1145,1143,1143,309
2026-03-30 11:00:00,1143,1144,1142,1142,180
2026-03-30 11:10:00,1142,1142,1142,1142,1197
2026-03-30 11:20:00,1143,1144,1141,1144,26
2026-03-30 11:30:00,1145,1145,1145,1145,24
2026-03-30 11:40:00,1145,1145,1145,1145,11
2026-03-30 11:50:00,1145,1147,1145,1147,151
2026-03-30 12:00:00,1146,1149,1146,1149,448
2026-03-30 12:10:00,1149,1150,1149,1149,322
2026-03-30 12:20:00,1149,1152,1149,1151,1488
2026-03-30 12:30:00,1152,1153,1150,1150,1355
2026-03-30 12:40:00,1150,1152,1149,1152,583
2026-03-30 12:50:00,1149,1150,1149,1150,2779
2026-03-30 13:00:00,1149,1149,1146,1148,217
2026-03-30 13:10:00,1148,1148,1147,1147,192
2026-03-30 13:30:00,1147,1147,1147,1147,1
2026-03-30 13:40:00,1147,1147,1147,1147,1
2026-03-30 13:50:00,1148,1149,1148,1149,90
2026-03-30 14:00:00,1149,1150,1149,1149,1115
2026-03-30 14:10:00,1148,1148,1148,1148,29
2026-03-30 14:20:00,1149,1150,1149,1150,260
2026-03-30 14:30:00,1149,1149,1147,1147,95
2026-03-30 14:40:00,1146,1146,1146,1146,13
2026-03-30 14:50:00,1147,1148,1147,1147,351
2026-03-30 15:00:00,1148,1148,1148,1148,200
2026-03-30 15:20:00,1149,1149,1149,1149,48
2026-03-30 15:30:00,1148,1148,1147,1147,214
2026-03-30 15:40:00,1147,1148,1147,1148,260
2026-03-30 15:50:00,1148,1149,1148,1149,500
2026-03-30 16:00:00,1148,1148,1148,1148,14
2026-03-30 16:10:00,1149,1149,1147,1147,235
2026-03-30 16:20:00,1147,1147,1146,1146,361
2026-03-30 16:30:00,1147,1147,1147,1147,34
2026-03-30 16:40:00,1147,1147,1146,1147,113
2026-03-30 16:50:00,1146,1146,1144,1145,661
2026-03-30 17:00:00,1144,1144,1142,1142,448
2026-03-30 17:10:00,1142,1142,1142,1142,151
2026-03-30 17:20:00,1142,1158,1142,1155,6541
2026-03-30 17:30:00,1153,1153,1149,1151,799
2026-03-30 17:40:00,1152,1153,1149,1150,2438
2026-03-30 17:50:00,1148,1151,1148,1151,209
2026-03-30 18:00:00,1151,1152,1149,1152,2026
2026-03-30 18:10:00,1153,1153,1151,1152,121
2026-03-30 18:20:00,1152,1152,1151,1151,122
2026-03-30 18:30:00,1151,1151,1151,1151,269
2026-03-30 18:40:00,1151,1153,1150,1151,1049
2026-03-30 18:50:00,1153,1153,1150,1150,167
2026-03-30 19:00:00,1151,1152,1151,1152,325
2026-03-30 19:10:00,1152,1153,1152,1153,310
2026-03-30 19:20:00,1153,1153,1152,1152,790
2026-03-30 19:30:00,1153,1153,1152,1152,57
2026-03-30 19:40:00,1152,1153,1152,1153,243
2026-03-30 19:50:00,1153,1153,1153,1153,11
2026-03-30 20:00:00,1153,1153,1151,1151,204
2026-03-30 20:10:00,1151,1152,1151,1152,286
2026-03-30 20:20:00,1152,1153,1152,1153,199
2026-03-30 20:30:00,1153,1153,1153,1153,9
2026-03-30 20:40:00,1153,1153,1153,1153,25
2026-03-30 20:50:00,1153,1153,1153,1153,5
2026-03-30 21:00:00,1153,1153,1153,1153,88
2026-03-30 21:10:00,1151,1151,1149,1149,56
2026-03-30 21:20:00,1149,1149,1149,1149,41
2026-03-30 21:30:00,1149,1149,1146,1147,581
2026-03-30 21:40:00,1148,1148,1147,1147,82
2026-03-30 21:50:00,1146,1147,1146,1147,163
2026-03-30 22:00:00,1145,1145,1145,1145,1
2026-03-30 22:10:00,1146,1146,1145,1145,805
2026-03-30 22:20:00,1145,1145,1145,1145,10
2026-03-30 22:30:00,1147,1147,1147,1147,25
2026-03-30 23:00:00,1147,1147,1145,1145,5
2026-03-30 23:10:00,1145,1145,1145,1145,1
2026-03-30 23:20:00,1145,1146,1145,1146,14
2026-03-30 23:30:00,1147,1147,1147,1147,150
2026-03-30 23:40:00,1148,1148,1148,1148,95
2026-03-31 09:00:00,1148,1148,1148,1148,2
2026-03-31 09:10:00,1148,1150,1148,1150,270
2026-03-31 09:20:00,1150,1151,1148,1148,210
2026-03-31 09:30:00,1151,1152,1151,1152,72
2026-03-31 09:40:00,1152,1152,1152,1152,100
2026-03-31 09:50:00,1152,1152,1149,1149,27
2026-03-31 10:00:00,1152,1152,1151,1151,1200
2026-03-31 10:20:00,1151,1151,1149,1149,102
2026-03-31 10:30:00,1150,1151,1149,1149,35
2026-03-31 10:40:00,1150,1151,1148,1150,553
2026-03-31 10:50:00,1149,1150,1147,1149,125
2026-03-31 11:00:00,1149,1149,1149,1149,42
2026-03-31 11:10:00,1150,1150,1148,1150,237
2026-03-31 11:20:00,1151,1151,1149,1150,103
2026-03-31 11:30:00,1149,1149,1149,1149,25
2026-03-31 11:40:00,1149,1149,1148,1148,20
2026-03-31 11:50:00,1149,1149,1149,1149,10
2026-03-31 12:00:00,1151,1151,1150,1150,258
2026-03-31 12:10:00,1151,1151,1150,1150,66
2026-03-31 12:20:00,1150,1151,1149,1151,53
2026-03-31 12:30:00,1150,1150,1150,1150,199
2026-03-31 12:50:00,1150,1151,1150,1151,157
2026-03-31 13:00:00,1150,1150,1150,1150,536
2026-03-31 13:10:00,1151,1152,1151,1152,500
2026-03-31 13:20:00,1153,1153,1152,1152,2
2026-03-31 13:30:00,1150,1150,1150,1150,30
2026-03-31 13:40:00,1152,1152,1150,1150,2101
2026-03-31 13:50:00,1149,1149,1148,1148,155
2026-03-31 14:00:00,1147,1148,1146,1147,815
2026-03-31 14:10:00,1146,1146,1144,1144,468
2026-03-31 14:20:00,1145,1146,1144,1146,617
2026-03-31 14:30:00,1145,1145,1141,1142,3589
2026-03-31 14:40:00,1142,1142,1141,1141,755
2026-03-31 14:50:00,1141,1141,1140,1141,709
2026-03-31 15:00:00,1140,1141,1137,1138,613
2026-03-31 15:10:00,1139,1141,1138,1138,2475
2026-03-31 15:20:00,1138,1139,1137,1138,290
2026-03-31 15:30:00,1139,1141,1137,1139,492
2026-03-31 15:40:00,1141,1143,1139,1141,861
2026-03-31 15:50:00,1142,1142,1142,1142,216
2026-03-31 16:00:00,1140,1140,1139,1139,200
2026-03-31 16:10:00,1140,1141,1138,1140,141
2026-03-31 16:20:00,1140,1140,1137,1138,1394
2026-03-31 16:30:00,1141,1142,1141,1142,1026
2026-03-31 16:40:00,1141,1141,1138,1139,1164
2026-03-31 16:50:00,1139,1140,1138,1140,1720
2026-03-31 17:00:00,1140,1140,1138,1138,450
2026-03-31 17:10:00,1140,1141,1138,1141,393
2026-03-31 17:20:00,1141,1141,1140,1140,100
2026-03-31 17:30:00,1140,1140,1138,1138,407
2026-03-31 17:40:00,1138,1139,1138,1139,404
2026-03-31 17:50:00,1139,1139,1136,1136,750
2026-03-31 18:00:00,1136,1137,1136,1137,191
2026-03-31 18:10:00,1135,1136,1135,1136,129
2026-03-31 18:20:00,1136,1137,1135,1137,305
2026-03-31 18:30:00,1137,1138,1137,1137,388
2026-03-31 18:40:00,1137,1138,1137,1138,216
2026-03-31 18:50:00,1137,1138,1137,1137,87
2026-03-31 19:00:00,1138,1139,1136,1136,373
2026-03-31 19:10:00,1138,1138,1138,1138,1
2026-03-31 19:20:00,1139,1139,1139,1139,130
2026-03-31 19:30:00,1138,1140,1137,1139,636
2026-03-31 19:40:00,1137,1138,1135,1138,616
2026-03-31 19:50:00,1136,1136,1135,1135,400
2026-03-31 20:00:00,1137,1137,1135,1136,338
2026-03-31 20:10:00,1136,1136,1136,1136,50
2026-03-31 20:20:00,1137,1137,1137,1137,4
2026-03-31 20:30:00,1136,1136,1136,1136,352
2026-03-31 20:40:00,1135,1137,1135,1137,318
2026-03-31 20:50:00,1137,1139,1137,1138,435
2026-03-31 21:00:00,1138,1139,1138,1139,30
2026-03-31 21:10:00,1137,1138,1136,1138,225
2026-03-31 21:20:00,1138,1139,1138,1139,45
2026-03-31 21:30:00,1139,1139,1139,1139,78
2026-03-31 21:40:00,1139,1139,1139,1139,10
2026-03-31 21:50:00,1138,1138,1137,1137,105
2026-03-31 22:00:00,1137,1140,1137,1140,205
2026-03-31 22:10:00,1138,1140,1137,1140,211
2026-03-31 22:20:00,1138,1139,1138,1138,500
2026-03-31 22:30:00,1138,1138,1138,1138,5
2026-03-31 23:00:00,1138,1138,1138,1138,26
2026-03-31 23:10:00,1137,1137,1137,1137,42
2026-03-31 23:20:00,1138,1138,1138,1138,27
2026-03-31 23:30:00,1137,1137,1137,1137,75
2026-03-31 23:40:00,1136,1137,1136,1137,200
2026-04-01 08:50:00,1133,1133,1133,1133,10
2026-04-01 09:00:00,1133,1134,1126,1133,2784
2026-04-01 09:10:00,1132,1133,1131,1132,209
2026-04-01 09:20:00,1132,1134,1131,1132,322
2026-04-01 09:30:00,1133,1134,1133,1134,11
2026-04-01 09:40:00,1134,1134,1132,1133,587
2026-04-01 09:50:00,1134,1135,1133,1133,227
2026-04-01 10:00:00,1132,1135,1132,1135,512
2026-04-01 10:10:00,1135,1143,1135,1143,4240
2026-04-01 10:20:00,1141,1144,1140,1143,2033
2026-04-01 10:30:00,1143,1145,1142,1143,1579
2026-04-01 10:40:00,1144,1147,1144,1145,1304
2026-04-01 10:50:00,1144,1144,1142,1144,793
2026-04-01 11:00:00,1145,1145,1141,1142,2288
2026-04-01 11:10:00,1142,1143,1141,1143,1111
2026-04-01 11:20:00,1143,1144,1143,1143,448
2026-04-01 11:30:00,1145,1145,1145,1145,3
2026-04-01 11:40:00,1143,1143,1143,1143,33
2026-04-01 11:50:00,1143,1144,1142,1144,383
2026-04-01 12:00:00,1144,1144,1144,1144,50
2026-04-01 12:10:00,1144,1144,1144,1144,150
2026-04-01 12:20:00,1143,1143,1142,1142,30
2026-04-01 12:30:00,1142,1145,1142,1143,1771
2026-04-01 12:40:00,1145,1145,1145,1145,1168
2026-04-01 12:50:00,1144,1145,1144,1145,266
2026-04-01 13:00:00,1145,1145,1143,1143,117
2026-04-01 13:10:00,1144,1145,1143,1144,288
2026-04-01 13:20:00,1143,1143,1142,1142,131
2026-04-01 13:30:00,1145,1145,1144,1144,416
2026-04-01 13:40:00,1145,1146,1144,1146,34
2026-04-01 13:50:00,1144,1146,1144,1146,920
2026-04-01 14:00:00,1146,1147,1146,1147,395
2026-04-01 14:10:00,1147,1153,1147,1151,3795
2026-04-01 14:20:00,1152,1152,1149,1151,363
2026-04-01 14:30:00,1151,1151,1146,1148,1927
2026-04-01 14:40:00,1148,1148,1145,1148,1598
2026-04-01 14:50:00,1147,1148,1146,1147,474
2026-04-01 15:00:00,1147,1147,1146,1146,3771
2026-04-01 15:10:00,1147,1151,1146,1151,385
2026-04-01 15:20:00,1150,1151,1149,1149,306
2026-04-01 15:30:00,1151,1151,1151,1151,151
2026-04-01 15:40:00,1152,1152,1150,1151,693
2026-04-01 15:50:00,1149,1150,1148,1150,428
2026-04-01 16:00:00,1149,1152,1149,1151,1217
2026-04-01 16:10:00,1151,1152,1149,1151,364
2026-04-01 16:20:00,1151,1151,1150,1150,35
2026-04-01 16:30:00,1151,1151,1149,1149,105
2026-04-01 16:40:00,1149,1149,1148,1148,407
2026-04-01 16:50:00,1150,1150,1150,1150,55
2026-04-01 17:00:00,1149,1151,1149,1151,234
2026-04-01 17:10:00,1151,1151,1151,1151,216
2026-04-01 17:20:00,1149,1149,1148,1149,272
2026-04-01 17:30:00,1149,1149,1148,1148,12
2026-04-01 17:40:00,1148,1149,1148,1149,61
2026-04-01 17:50:00,1148,1149,1147,1149,410
2026-04-01 18:00:00,1149,1149,1149,1149,58
2026-04-01 18:10:00,1147,1148,1147,1148,528
2026-04-01 18:20:00,1147,1148,1146,1148,1030
2026-04-01 18:30:00,1146,1149,1146,1149,673
2026-04-01 18:40:00,1148,1148,1148,1148,31
2026-04-01 18:50:00,1148,1148,1148,1148,11
2026-04-01 19:00:00,1148,1148,1148,1148,55
2026-04-01 19:10:00,1148,1148,1148,1148,6
2026-04-01 19:20:00,1146,1148,1146,1148,345
2026-04-01 19:30:00,1148,1149,1148,1149,1893
2026-04-01 19:40:00,1149,1149,1147,1147,105
2026-04-01 20:00:00,1148,1148,1145,1147,1349
2026-04-01 20:10:00,1147,1147,1147,1147,30
2026-04-01 20:20:00,1147,1149,1147,1149,21
2026-04-01 20:30:00,1149,1149,1149,1149,417
2026-04-01 20:40:00,1149,1149,1149,1149,601
2026-04-01 20:50:00,1149,1149,1149,1149,10
2026-04-01 21:00:00,1149,1150,1148,1150,652
2026-04-01 21:10:00,1149,1149,1149,1149,2023
2026-04-01 21:20:00,1150,1150,1150,1150,304
2026-04-01 21:30:00,1150,1150,1149,1149,71
2026-04-01 21:40:00,1150,1151,1150,1151,393
2026-04-01 21:50:00,1152,1152,1152,1152,60
2026-04-01 22:00:00,1150,1151,1149,1149,501
2026-04-01 22:10:00,1151,1152,1151,1152,184
2026-04-01 22:20:00,1152,1156,1150,1155,2192
2026-04-01 22:30:00,1156,1157,1154,1155,4520
2026-04-01 22:40:00,1155,1158,1155,1156,333
2026-04-01 22:50:00,1155,1157,1155,1157,19
2026-04-01 23:00:00,1157,1158,1156,1158,36
2026-04-01 23:10:00,1158,1160,1157,1158,1727
2026-04-01 23:20:00,1158,1158,1155,1158,727
2026-04-01 23:30:00,1158,1158,1155,1158,629
2026-04-01 23:40:00,1155,1159,1155,1157,235
2026-04-02 08:50:00,1158,1158,1158,1158,28
2026-04-02 09:00:00,1151,1154,1149,1153,7858
2026-04-02 09:10:00,1152,1154,1152,1154,1052
2026-04-02 09:20:00,1154,1154,1151,1151,510
2026-04-02 09:30:00,1151,1152,1150,1150,842
2026-04-02 09:40:00,1152,1153,1150,1151,467
2026-04-02 09:50:00,1151,1153,1151,1153,35
2026-04-02 10:00:00,1151,1151,1149,1149,1197
2026-04-02 10:10:00,1149,1149,1145,1145,1220
2026-04-02 10:20:00,1146,1146,1144,1144,805
2026-04-02 10:30:00,1144,1144,1142,1144,1846
2026-04-02 10:40:00,1143,1145,1142,1142,1583
2026-04-02 10:50:00,1144,1146,1142,1145,1586
2026-04-02 11:00:00,1143,1144,1143,1144,160
2026-04-02 11:10:00,1144,1145,1144,1145,86
2026-04-02 11:20:00,1145,1145,1145,1145,525
2026-04-02 11:30:00,1145,1147,1144,1145,2259
2026-04-02 11:40:00,1145,1149,1144,1149,1026
2026-04-02 11:50:00,1147,1149,1144,1145,407
2026-04-02 12:00:00,1146,1146,1143,1143,265
2026-04-02 12:10:00,1143,1146,1142,1144,2358
2026-04-02 12:20:00,1146,1146,1144,1145,49
2026-04-02 12:30:00,1145,1145,1145,1145,200
2026-04-02 12:40:00,1144,1144,1142,1143,580
2026-04-02 12:50:00,1144,1144,1141,1141,1492
2026-04-02 13:00:00,1142,1143,1141,1141,426
2026-04-02 13:10:00,1143,1145,1143,1143,301
2026-04-02 13:20:00,1142,1142,1140,1140,1104
2026-04-02 13:30:00,1140,1141,1139,1139,1652
2026-04-02 13:40:00,1139,1141,1139,1141,576
2026-04-02 13:50:00,1141,1143,1141,1143,497
2026-04-02 14:00:00,1143,1144,1143,1144,331
2026-04-02 14:10:00,1145,1147,1145,1147,169
2026-04-02 14:20:00,1146,1148,1146,1146,2250
2026-04-02 14:30:00,1147,1147,1147,1147,56
2026-04-02 14:40:00,1147,1148,1146,1148,384
2026-04-02 14:50:00,1149,1151,1148,1149,2106
2026-04-02 15:00:00,1151,1151,1149,1149,847
2026-04-02 15:10:00,1149,1149,1147,1147,103
2026-04-02 15:20:00,1149,1149,1145,1146,611
2026-04-02 15:30:00,1146,1147,1145,1147,113
2026-04-02 15:40:00,1146,1149,1146,1149,292
2026-04-02 15:50:00,1148,1149,1147,1149,122
2026-04-02 16:00:00,1148,1152,1148,1149,1597
2026-04-02 16:10:00,1151,1151,1149,1149,334
2026-04-02 16:20:00,1150,1151,1149,1150,1268
2026-04-02 16:30:00,1152,1153,1152,1152,50
2026-04-02 16:40:00,1153,1154,1153,1153,1241
2026-04-02 16:50:00,1154,1158,1153,1155,3030
2026-04-02 17:00:00,1155,1156,1154,1154,816
2026-04-02 17:10:00,1153,1153,1153,1153,158
2026-04-02 17:20:00,1155,1155,1152,1152,1163
2026-04-02 17:30:00,1154,1154,1152,1152,150
2026-04-02 18:00:00,1153,1153,1153,1153,1
2026-04-02 18:10:00,1153,1153,1153,1153,79
2026-04-02 18:20:00,1154,1154,1154,1154,82
2026-04-02 18:30:00,1154,1154,1154,1154,66
2026-04-02 18:40:00,1154,1154,1154,1154,64
2026-04-02 18:50:00,1152,1155,1152,1155,250
2026-04-02 19:00:00,1155,1155,1152,1154,2772
2026-04-02 19:20:00,1154,1154,1154,1154,6
2026-04-02 19:30:00,1154,1154,1152,1152,5
2026-04-02 19:40:00,1154,1154,1154,1154,1
2026-04-02 19:50:00,1152,1152,1152,1152,75
2026-04-02 20:00:00,1152,1152,1152,1152,5
2026-04-02 20:10:00,1152,1154,1152,1154,93
2026-04-02 20:20:00,1154,1154,1154,1154,4
2026-04-02 20:30:00,1153,1153,1153,1153,30
2026-04-02 20:40:00,1153,1153,1153,1153,5
2026-04-02 20:50:00,1152,1152,1152,1152,14
2026-04-02 21:10:00,1153,1154,1153,1154,100
2026-04-02 21:20:00,1152,1152,1152,1152,820
2026-04-02 21:30:00,1152,1153,1152,1153,10
2026-04-02 21:40:00,1153,1153,1153,1153,4
2026-04-02 21:50:00,1154,1154,1153,1154,201
2026-04-02 22:00:00,1153,1154,1153,1154,11
2026-04-02 22:20:00,1153,1154,1152,1154,110
2026-04-02 22:40:00,1152,1152,1152,1152,1
2026-04-02 22:50:00,1152,1152,1152,1152,401
2026-04-02 23:00:00,1152,1152,1152,1152,307
2026-04-02 23:10:00,1152,1152,1152,1152,60
2026-04-02 23:20:00,1154,1154,1152,1152,105
2026-04-02 23:30:00,1151,1152,1151,1152,14
2026-04-02 23:40:00,1151,1151,1149,1151,425
2026-04-03 08:50:00,1155,1155,1155,1155,4
2026-04-03 09:00:00,1156,1164,1156,1160,7470
2026-04-03 09:10:00,1163,1165,1159,1163,5737
2026-04-03 09:20:00,1163,1164,1159,1159,1872
2026-04-03 09:30:00,1159,1161,1158,1159,1397
2026-04-03 09:40:00,1161,1161,1159,1161,791
2026-04-03 09:50:00,1161,1162,1157,1161,1846
2026-04-03 10:00:00,1158,1159,1156,1159,1221
2026-04-03 10:10:00,1157,1158,1155,1157,683
2026-04-03 10:20:00,1159,1161,1158,1160,4345
2026-04-03 10:30:00,1160,1161,1158,1161,1680
2026-04-03 10:40:00,1162,1162,1160,1160,337
2026-04-03 10:50:00,1162,1162,1157,1157,929
2026-04-03 11:00:00,1157,1160,1157,1158,1206
2026-04-03 11:10:00,1158,1160,1158,1160,1494
2026-04-03 11:20:00,1160,1163,1160,1161,631
2026-04-03 11:30:00,1162,1163,1160,1161,1787
2026-04-03 11:40:00,1161,1162,1159,1161,1651
2026-04-03 11:50:00,1161,1162,1160,1161,211
2026-04-03 12:00:00,1161,1161,1159,1161,787
2026-04-03 12:10:00,1159,1159,1154,1154,1992
2026-04-03 12:20:00,1155,1156,1154,1154,1750
2026-04-03 12:30:00,1155,1157,1152,1157,3958
2026-04-03 12:40:00,1155,1157,1154,1154,1468
2026-04-03 12:50:00,1155,1156,1155,1155,531
2026-04-03 13:00:00,1157,1159,1156,1156,4573
2026-04-03 13:10:00,1158,1158,1156,1157,1434
2026-04-03 13:20:00,1156,1156,1156,1156,100
2026-04-03 13:30:00,1155,1155,1154,1154,690
2026-04-03 13:40:00,1154,1155,1153,1153,1894
2026-04-03 13:50:00,1154,1154,1153,1153,329
2026-04-03 14:10:00,1154,1154,1154,1154,100
2026-04-03 14:20:00,1154,1154,1153,1154,2365
2026-04-03 14:30:00,1153,1153,1147,1147,2282
2026-04-03 14:40:00,1149,1150,1141,1142,3966
2026-04-03 14:50:00,1143,1146,1140,1146,4494
2026-04-03 15:00:00,1146,1148,1140,1141,1474
2026-04-03 15:10:00,1141,1143,1141,1143,168
2026-04-03 15:20:00,1143,1144,1142,1144,298
2026-04-03 15:30:00,1144,1144,1144,1144,250
2026-04-03 15:40:00,1144,1145,1143,1145,401
2026-04-03 15:50:00,1144,1147,1143,1147,752
2026-04-03 16:00:00,1145,1145,1144,1144,200
2026-04-03 16:10:00,1144,1144,1143,1143,120
2026-04-03 16:20:00,1143,1143,1143,1143,59
2026-04-03 16:30:00,1143,1143,1143,1143,191
2026-04-03 16:40:00,1143,1143,1143,1143,174
2026-04-03 16:50:00,1143,1144,1142,1144,79
2026-04-03 17:00:00,1142,1157,1139,1155,8997
2026-04-03 17:10:00,1157,1162,1152,1157,10311
2026-04-03 17:20:00,1155,1155,1150,1154,940
2026-04-03 17:30:00,1153,1153,1148,1150,3028
2026-04-03 17:40:00,1148,1152,1148,1150,746
2026-04-03 17:50:00,1149,1149,1148,1149,167
2026-04-03 18:00:00,1151,1151,1148,1150,144
2026-04-03 18:10:00,1150,1150,1149,1149,100
2026-04-03 18:20:00,1150,1150,1147,1147,1103
2026-04-03 18:30:00,1147,1150,1147,1150,1293
2026-04-03 18:40:00,1150,1151,1150,1150,116
2026-04-03 18:50:00,1152,1152,1152,1152,100
2026-04-03 19:00:00,1151,1152,1150,1152,500
2026-04-03 19:10:00,1151,1151,1149,1149,256
2026-04-03 19:20:00,1150,1150,1150,1150,108
2026-04-03 19:30:00,1151,1151,1151,1151,53
2026-04-03 19:40:00,1152,1153,1151,1153,322
2026-04-03 19:50:00,1152,1152,1151,1151,350
2026-04-03 20:00:00,1153,1153,1153,1153,792
2026-04-03 20:10:00,1151,1151,1151,1151,75
2026-04-03 20:20:00,1153,1153,1151,1151,201
2026-04-03 20:30:00,1151,1152,1151,1152,265
2026-04-03 20:40:00,1152,1152,1152,1152,3
2026-04-03 20:50:00,1150,1152,1149,1149,531
2026-04-03 21:00:00,1149,1151,1149,1151,41
2026-04-03 21:10:00,1151,1151,1150,1150,142
2026-04-03 21:20:00,1153,1154,1153,1154,92
2026-04-03 21:30:00,1154,1154,1149,1150,787
2026-04-03 21:40:00,1150,1152,1150,1152,122
2026-04-03 21:50:00,1152,1152,1149,1149,48
2026-04-03 22:00:00,1149,1150,1149,1150,374
2026-04-03 22:10:00,1148,1148,1148,1148,500
2026-04-03 22:20:00,1149,1149,1149,1149,1
2026-04-03 22:30:00,1150,1150,1149,1149,402
2026-04-03 22:40:00,1150,1150,1148,1150,203
2026-04-03 22:50:00,1149,1149,1148,1148,400
2026-04-03 23:00:00,1149,1149,1148,1148,357
2026-04-03 23:20:00,1147,1147,1146,1146,666
2026-04-03 23:30:00,1147,1147,1142,1143,1204
2026-04-03 23:40:00,1143,1145,1143,1145,51
2026-04-04 09:50:00,1157,1157,1157,1157,2
2026-04-04 10:00:00,1144,1145,1144,1145,102
2026-04-04 10:50:00,1146,1146,1146,1146,3
2026-04-04 11:30:00,1144,1144,1143,1143,109
2026-04-04 11:40:00,1143,1143,1143,1143,1
2026-04-04 11:50:00,1145,1145,1145,1145,20
2026-04-04 12:00:00,1145,1145,1145,1145,14
2026-04-04 12:10:00,1145,1145,1145,1145,3
2026-04-04 12:30:00,1145,1145,1143,1143,21
2026-04-04 12:40:00,1144,1144,1144,1144,3
2026-04-04 13:00:00,1146,1147,1145,1145,58
2026-04-04 13:30:00,1145,1149,1142,1142,1551
2026-04-04 14:10:00,1145,1145,1145,1145,20
2026-04-04 14:50:00,1145,1145,1145,1145,6
2026-04-04 15:20:00,1144,1144,1144,1144,2
2026-04-04 15:30:00,1145,1145,1145,1145,1
2026-04-04 16:10:00,1144,1145,1143,1145,13
2026-04-04 16:20:00,1144,1144,1144,1144,3
2026-04-04 16:30:00,1144,1144,1144,1144,10
2026-04-04 16:40:00,1144,1145,1144,1145,173
2026-04-04 16:50:00,1146,1146,1146,1146,1
2026-04-04 17:10:00,1145,1145,1145,1145,6
2026-04-04 17:20:00,1145,1145,1145,1145,1
2026-04-04 17:30:00,1147,1147,1147,1147,5
2026-04-04 17:40:00,1147,1148,1147,1148,89
2026-04-04 18:20:00,1146,1146,1146,1146,17
2026-04-04 18:40:00,1148,1148,1148,1148,15
2026-04-05 10:00:00,1149,1150,1147,1147,222
2026-04-05 10:10:00,1148,1150,1148,1150,325
2026-04-05 10:20:00,1148,1148,1148,1148,5
2026-04-05 10:40:00,1148,1148,1148,1148,1
2026-04-05 10:50:00,1148,1148,1148,1148,1
2026-04-05 11:00:00,1149,1150,1149,1150,300
2026-04-05 11:10:00,1149,1150,1149,1150,2
2026-04-05 11:20:00,1149,1149,1148,1149,14
2026-04-05 11:40:00,1148,1148,1148,1148,196
2026-04-05 12:00:00,1148,1148,1148,1148,10
2026-04-05 12:10:00,1147,1147,1147,1147,56
2026-04-05 12:20:00,1147,1147,1147,1147,40
2026-04-05 12:30:00,1147,1149,1147,1149,116
2026-04-05 12:40:00,1148,1148,1147,1147,41
2026-04-05 13:00:00,1146,1146,1146,1146,5
2026-04-05 13:10:00,1146,1146,1146,1146,2
2026-04-05 13:30:00,1145,1147,1144,1147,254
2026-04-05 14:00:00,1146,1147,1145,1147,268
2026-04-05 14:10:00,1146,1146,1146,1146,60
2026-04-05 14:40:00,1148,1148,1148,1148,5
2026-04-05 15:00:00,1148,1148,1148,1148,20
2026-04-05 15:10:00,1148,1150,1148,1149,172
2026-04-05 15:20:00,1148,1149,1148,1149,87
2026-04-05 15:30:00,1149,1150,1149,1150,50
2026-04-05 16:10:00,1148,1148,1148,1148,1
2026-04-05 16:20:00,1150,1150,1150,1150,2
2026-04-05 17:20:00,1149,1150,1149,1150,51
2026-04-05 18:10:00,1151,1151,1151,1151,50
2026-04-05 18:30:00,1151,1151,1151,1151,45
2026-04-05 18:40:00,1151,1152,1151,1151,36
2026-04-06 08:50:00,1149,1149,1149,1149,51
2026-04-06 09:00:00,1147,1147,1141,1144,2260
2026-04-06 09:10:00,1145,1145,1142,1144,966
2026-04-06 09:20:00,1142,1143,1141,1142,1264
2026-04-06 09:30:00,1141,1142,1139,1141,1437
2026-04-06 09:40:00,1140,1141,1140,1141,151
2026-04-06 09:50:00,1141,1142,1140,1142,325
2026-04-06 10:00:00,1140,1144,1140,1143,939
2026-04-06 10:10:00,1144,1145,1144,1145,295
2026-04-06 10:20:00,1146,1146,1143,1143,26
2026-04-06 10:30:00,1145,1145,1143,1144,160
2026-04-06 10:40:00,1145,1147,1140,1143,1712
2026-04-06 10:50:00,1143,1143,1130,1136,6722
2026-04-06 11:00:00,1133,1137,1130,1137,2674
2026-04-06 11:10:00,1137,1137,1135,1136,139
2026-04-06 11:20:00,1136,1137,1136,1137,467
2026-04-06 11:30:00,1137,1138,1136,1136,197
2026-04-06 11:40:00,1138,1138,1136,1137,57
2026-04-06 11:50:00,1137,1138,1136,1137,220
2026-04-06 12:00:00,1136,1138,1135,1136,39
2026-04-06 12:10:00,1136,1138,1135,1136,779
2026-04-06 12:20:00,1137,1139,1136,1136,1735
2026-04-06 12:30:00,1138,1139,1136,1138,2440
2026-04-06 12:40:00,1138,1138,1138,1138,93
2026-04-06 12:50:00,1137,1139,1136,1137,578
2026-04-06 13:00:00,1137,1139,1137,1137,211
2026-04-06 13:10:00,1137,1138,1136,1136,1058
2026-04-06 13:20:00,1136,1137,1136,1136,150
2026-04-06 13:30:00,1138,1138,1138,1138,5
2026-04-06 13:40:00,1137,1138,1133,1134,3547
2026-04-06 13:50:00,1133,1135,1131,1135,2410
2026-04-06 14:00:00,1133,1135,1132,1134,232
2026-04-06 14:10:00,1135,1135,1135,1135,20
2026-04-06 14:20:00,1134,1134,1132,1132,221
2026-04-06 14:30:00,1134,1134,1133,1133,335
2026-04-06 14:50:00,1133,1133,1132,1132,24
2026-04-06 15:00:00,1132,1137,1132,1135,3432
2026-04-06 15:10:00,1135,1137,1134,1137,2373
2026-04-06 15:20:00,1137,1139,1137,1139,262
2026-04-06 15:30:00,1138,1139,1137,1139,250
2026-04-06 15:40:00,1137,1139,1137,1138,383
2026-04-06 15:50:00,1138,1140,1137,1139,217
2026-04-06 16:00:00,1140,1140,1137,1137,359
2026-04-06 16:10:00,1136,1137,1135,1136,600
2026-04-06 16:20:00,1136,1136,1135,1136,157
2026-04-06 16:30:00,1136,1136,1134,1136,674
2026-04-06 16:40:00,1134,1134,1133,1134,588
2026-04-06 16:50:00,1134,1134,1133,1134,300
2026-04-06 17:00:00,1135,1137,1135,1135,1204
2026-04-06 17:10:00,1137,1138,1137,1138,362
2026-04-06 17:20:00,1139,1141,1139,1139,295
2026-04-06 17:30:00,1139,1143,1139,1140,1834
2026-04-06 17:40:00,1142,1142,1140,1142,308
2026-04-06 17:50:00,1141,1142,1140,1142,411
2026-04-06 18:00:00,1143,1146,1143,1144,1950
2026-04-06 18:10:00,1144,1146,1142,1142,2249
2026-04-06 18:20:00,1143,1143,1140,1142,2456
2026-04-06 18:30:00,1143,1145,1143,1144,587
2026-04-06 18:40:00,1144,1147,1141,1142,1253
2026-04-06 18:50:00,1143,1143,1142,1143,66
2026-04-06 19:00:00,1144,1144,1139,1141,967
2026-04-06 19:10:00,1140,1140,1140,1140,458
2026-04-06 19:20:00,1142,1142,1141,1141,6
2026-04-06 19:30:00,1141,1143,1140,1143,1320
2026-04-06 19:40:00,1143,1143,1143,1143,4
2026-04-06 19:50:00,1142,1144,1142,1144,592
2026-04-06 20:00:00,1144,1144,1142,1142,1336
2026-04-06 20:10:00,1144,1144,1140,1144,3276
2026-04-06 20:20:00,1144,1145,1142,1144,219
2026-04-06 20:30:00,1145,1145,1143,1143,1827
2026-04-06 20:40:00,1143,1143,1142,1143,500
2026-04-06 20:50:00,1143,1143,1143,1143,166
2026-04-06 21:00:00,1143,1145,1142,1142,641
2026-04-06 21:10:00,1142,1142,1141,1141,500
2026-04-06 21:30:00,1142,1143,1142,1143,58
2026-04-06 21:40:00,1143,1144,1142,1143,490
2026-04-06 21:50:00,1142,1142,1141,1141,55
2026-04-06 22:00:00,1142,1142,1142,1142,7
2026-04-06 22:20:00,1142,1142,1141,1141,11
2026-04-06 22:30:00,1142,1142,1141,1141,340
2026-04-06 22:40:00,1143,1143,1143,1143,20
2026-04-06 23:00:00,1143,1143,1143,1143,10
2026-04-06 23:10:00,1143,1143,1143,1143,10
2026-04-06 23:20:00,1142,1143,1141,1143,569
2026-04-06 23:30:00,1141,1141,1141,1141,25
2026-04-06 23:40:00,1143,1143,1143,1143,50
2026-04-07 09:00:00,1142,1142,1136,1136,989
2026-04-07 09:10:00,1137,1137,1137,1137,32
2026-04-07 09:20:00,1136,1136,1136,1136,380
2026-04-07 09:30:00,1136,1136,1136,1136,162
2026-04-07 09:40:00,1136,1137,1136,1136,245
2026-04-07 09:50:00,1136,1138,1136,1138,150
2026-04-07 10:00:00,1138,1139,1138,1139,125
2026-04-07 10:10:00,1139,1139,1137,1138,69
2026-04-07 10:20:00,1138,1138,1138,1138,1
2026-04-07 10:30:00,1139,1140,1139,1140,155
2026-04-07 10:40:00,1137,1139,1137,1139,355
2026-04-07 10:50:00,1139,1139,1139,1139,100
2026-04-07 11:00:00,1140,1140,1138,1138,10
2026-04-07 11:10:00,1140,1140,1140,1140,71
2026-04-07 11:20:00,1138,1140,1138,1140,430
2026-04-07 11:30:00,1140,1143,1140,1142,861
2026-04-07 11:40:00,1142,1142,1141,1142,236
2026-04-07 11:50:00,1141,1141,1138,1138,1021
2026-04-07 12:00:00,1140,1140,1140,1140,100
2026-04-07 12:10:00,1140,1140,1140,1140,215
2026-04-07 12:20:00,1140,1141,1139,1141,1077
2026-04-07 12:30:00,1141,1142,1140,1140,1057
2026-04-07 12:40:00,1141,1142,1140,1142,124
2026-04-07 12:50:00,1140,1142,1140,1140,111
2026-04-07 13:00:00,1141,1142,1140,1142,470
2026-04-07 13:10:00,1142,1142,1140,1140,120
2026-04-07 13:20:00,1142,1142,1142,1142,1
2026-04-07 13:30:00,1141,1141,1140,1141,102
2026-04-07 13:40:00,1141,1142,1140,1140,206
2026-04-07 13:50:00,1140,1141,1138,1139,623
2026-04-07 14:00:00,1138,1139,1137,1137,17
2026-04-07 14:10:00,1139,1139,1139,1139,2
2026-04-07 14:20:00,1138,1138,1136,1137,1948
2026-04-07 14:30:00,1137,1137,1137,1137,29
2026-04-07 14:40:00,1136,1136,1133,1135,703
2026-04-07 14:50:00,1134,1134,1131,1133,2485
2026-04-07 15:00:00,1133,1134,1132,1134,970
2026-04-07 15:10:00,1134,1134,1132,1133,36
2026-04-07 15:20:00,1133,1134,1133,1134,30
2026-04-07 15:30:00,1134,1134,1134,1134,300
2026-04-07 15:40:00,1134,1134,1133,1134,520
2026-04-07 15:50:00,1133,1134,1133,1133,561
2026-04-07 16:00:00,1134,1134,1132,1132,511
2026-04-07 16:10:00,1133,1134,1133,1134,3200
2026-04-07 16:20:00,1133,1134,1132,1132,843
2026-04-07 16:30:00,1133,1133,1133,1133,5
2026-04-07 16:40:00,1132,1133,1131,1131,1221
2026-04-07 16:50:00,1132,1133,1132,1132,158
2026-04-07 17:00:00,1132,1132,1130,1130,4984
2026-04-07 17:10:00,1132,1132,1125,1128,2434
2026-04-07 17:20:00,1128,1128,1123,1126,1002
2026-04-07 17:30:00,1127,1128,1127,1128,2159
2026-04-07 17:40:00,1128,1128,1123,1124,898
2026-04-07 17:50:00,1124,1126,1117,1122,11321
2026-04-07 18:00:00,1123,1123,1113,1117,7810
2026-04-07 18:10:00,1118,1121,1117,1117,566
2026-04-07 18:20:00,1117,1117,1114,1115,3283
2026-04-07 18:30:00,1114,1117,1114,1117,1837
2026-04-07 18:40:00,1118,1120,1118,1119,2225
2026-04-07 18:50:00,1120,1121,1119,1120,1041
2026-04-07 19:00:00,1121,1121,1119,1120,1542
2026-04-07 19:10:00,1120,1121,1120,1121,506
2026-04-07 19:20:00,1120,1121,1120,1120,655
2026-04-07 19:30:00,1121,1125,1121,1122,3382
2026-04-07 19:40:00,1123,1124,1123,1124,414
2026-04-07 19:50:00,1124,1125,1123,1124,760
2026-04-07 20:00:00,1124,1124,1123,1123,1099
2026-04-07 20:10:00,1125,1125,1124,1124,60
2026-04-07 20:20:00,1124,1125,1123,1125,1125
2026-04-07 20:30:00,1123,1123,1123,1123,1
2026-04-07 20:40:00,1124,1124,1122,1122,153
2026-04-07 20:50:00,1122,1122,1121,1122,435
2026-04-07 21:00:00,1122,1122,1119,1119,173
2026-04-07 21:10:00,1119,1121,1119,1120,112
2026-04-07 21:20:00,1119,1119,1113,1119,2757
2026-04-07 21:30:00,1119,1119,1117,1117,125
2026-04-07 21:40:00,1118,1119,1116,1116,202
2026-04-07 21:50:00,1116,1116,1113,1115,717
2026-04-07 22:00:00,1115,1116,1114,1115,35
2026-04-07 22:10:00,1117,1117,1113,1115,464
2026-04-07 22:20:00,1114,1117,1114,1117,544
2026-04-07 22:30:00,1116,1116,1114,1116,730
2026-04-07 22:40:00,1117,1118,1116,1118,396
2026-04-07 22:50:00,1116,1118,1115,1115,557
2026-04-07 23:00:00,1117,1119,1116,1118,589
2026-04-07 23:10:00,1119,1119,1119,1119,10
2026-04-07 23:20:00,1119,1121,1118,1119,302
2026-04-07 23:30:00,1120,1120,1118,1118,547
2026-04-07 23:40:00,1117,1122,1117,1122,572
2026-04-08 09:00:00,1129,1133,1129,1129,3976
2026-04-08 09:10:00,1129,1131,1128,1129,269
2026-04-08 09:20:00,1129,1131,1128,1131,2486
2026-04-08 09:30:00,1132,1134,1131,1133,467
2026-04-08 09:40:00,1134,1134,1133,1133,1606
2026-04-08 09:50:00,1133,1133,1131,1133,1168
2026-04-08 10:00:00,1134,1135,1133,1133,571
2026-04-08 10:10:00,1134,1135,1134,1135,1648
2026-04-08 10:20:00,1135,1135,1131,1131,290
2026-04-08 10:30:00,1132,1132,1130,1130,340
2026-04-08 10:40:00,1130,1131,1129,1129,198
2026-04-08 10:50:00,1131,1131,1129,1129,777
2026-04-08 11:00:00,1130,1130,1128,1128,943
2026-04-08 11:10:00,1129,1130,1129,1130,84
2026-04-08 11:30:00,1128,1128,1128,1128,306
2026-04-08 11:40:00,1129,1129,1127,1127,2054
2026-04-08 11:50:00,1128,1128,1127,1127,112
2026-04-08 12:00:00,1126,1126,1126,1126,80
2026-04-08 12:10:00,1126,1128,1126,1128,453
2026-04-08 12:20:00,1128,1128,1128,1128,3
2026-04-08 12:30:00,1127,1129,1127,1128,85
2026-04-08 12:40:00,1128,1128,1125,1126,1977
2026-04-08 12:50:00,1126,1126,1126,1126,71
2026-04-08 13:00:00,1126,1128,1126,1128,92
2026-04-08 13:10:00,1128,1128,1127,1128,23
2026-04-08 13:20:00,1128,1128,1127,1127,7
2026-04-08 13:30:00,1125,1125,1123,1123,150
2026-04-08 13:40:00,1124,1124,1124,1124,30
2026-04-08 13:50:00,1126,1127,1126,1127,27
2026-04-08 14:00:00,1127,1127,1127,1127,5
2026-04-08 14:10:00,1127,1127,1127,1127,26
2026-04-08 14:20:00,1128,1129,1128,1129,617
2026-04-08 14:40:00,1129,1134,1129,1132,7180
2026-04-08 14:50:00,1131,1131,1131,1131,225
2026-04-08 15:00:00,1132,1132,1130,1130,239
2026-04-08 15:10:00,1130,1130,1129,1129,1476
2026-04-08 15:20:00,1128,1130,1128,1130,2023
2026-04-08 15:30:00,1130,1131,1128,1128,1659
2026-04-08 15:40:00,1127,1129,1127,1129,1421
2026-04-08 15:50:00,1128,1128,1127,1127,489
2026-04-08 16:00:00,1127,1128,1127,1127,428
2026-04-08 16:10:00,1127,1128,1125,1125,350
2026-04-08 16:20:00,1125,1125,1124,1124,106
2026-04-08 16:30:00,1124,1126,1123,1126,451
2026-04-08 16:40:00,1125,1126,1125,1126,117
2026-04-08 16:50:00,1126,1126,1125,1126,4
2026-04-08 17:00:00,1125,1125,1121,1122,369
2026-04-08 17:10:00,1122,1122,1121,1122,1081
2026-04-08 17:20:00,1123,1123,1122,1122,131
2026-04-08 17:30:00,1122,1122,1120,1121,436
2026-04-08 17:40:00,1121,1121,1118,1121,2341
2026-04-08 17:50:00,1121,1123,1121,1123,119
2026-04-08 18:00:00,1123,1123,1121,1123,930
2026-04-08 18:10:00,1121,1122,1120,1122,157
2026-04-08 18:20:00,1120,1121,1120,1120,233
2026-04-08 18:30:00,1120,1120,1118,1118,281
2026-04-08 18:40:00,1118,1119,1118,1119,509
2026-04-08 18:50:00,1119,1120,1119,1120,27
2026-04-08 19:00:00,1119,1120,1118,1118,171
2026-04-08 19:10:00,1118,1119,1118,1118,39
2026-04-08 19:20:00,1119,1119,1117,1119,101
2026-04-08 19:30:00,1119,1119,1117,1119,110
2026-04-08 19:40:00,1119,1119,1117,1118,669
2026-04-08 19:50:00,1118,1118,1118,1118,600
2026-04-08 20:00:00,1118,1119,1118,1119,9
2026-04-08 20:10:00,1118,1118,1118,1118,175
2026-04-08 20:20:00,1119,1119,1119,1119,224
2026-04-08 20:40:00,1121,1121,1121,1121,38
2026-04-08 21:00:00,1121,1121,1120,1121,245
2026-04-08 21:10:00,1120,1120,1120,1120,271
2026-04-08 21:20:00,1120,1120,1119,1119,40
2026-04-08 21:30:00,1120,1120,1120,1120,8
2026-04-08 21:40:00,1120,1120,1120,1120,11
2026-04-08 21:50:00,1120,1120,1120,1120,5
2026-04-08 22:10:00,1119,1120,1119,1119,16
2026-04-08 22:20:00,1120,1120,1120,1120,23
2026-04-08 22:30:00,1120,1120,1120,1120,2
2026-04-08 22:40:00,1120,1120,1120,1120,4
2026-04-08 22:50:00,1120,1120,1120,1120,10
2026-04-08 23:00:00,1120,1120,1120,1120,78
2026-04-08 23:20:00,1120,1120,1120,1120,15
2026-04-08 23:30:00,1122,1122,1119,1119,77
2026-04-08 23:40:00,1121,1124,1121,1123,1079
2026-04-09 09:00:00,1124,1125,1120,1120,1616
2026-04-09 09:20:00,1120,1121,1113,1119,1845
2026-04-09 09:30:00,1117,1117,1115,1115,298
2026-04-09 09:40:00,1117,1118,1115,1115,311
2026-04-09 09:50:00,1116,1119,1116,1118,264
2026-04-09 10:00:00,1117,1117,1114,1116,1679
2026-04-09 10:10:00,1117,1117,1116,1117,32
2026-04-09 10:20:00,1117,1118,1117,1117,321
2026-04-09 10:30:00,1116,1117,1116,1117,170
2026-04-09 10:40:00,1117,1118,1116,1118,144
2026-04-09 10:50:00,1117,1117,1116,1116,114
2026-04-09 11:00:00,1117,1117,1115,1115,182
2026-04-09 11:10:00,1117,1117,1117,1117,116
2026-04-09 11:20:00,1117,1117,1115,1115,515
2026-04-09 11:30:00,1114,1114,1114,1114,207
2026-04-09 11:40:00,1115,1115,1115,1115,843
2026-04-09 11:50:00,1115,1115,1115,1115,36
2026-04-09 12:00:00,1117,1117,1115,1115,807
2026-04-09 12:10:00,1115,1116,1115,1115,1328
2026-04-09 12:20:00,1114,1114,1114,1114,23
2026-04-09 12:30:00,1115,1115,1113,1113,510
2026-04-09 12:40:00,1115,1115,1110,1110,1680
2026-04-09 12:50:00,1110,1111,1110,1110,706
2026-04-09 13:00:00,1110,1110,1102,1105,10767
2026-04-09 13:10:00,1105,1107,1103,1104,6715
2026-04-09 13:20:00,1106,1109,1105,1107,3655
2026-04-09 13:30:00,1106,1107,1103,1103,1094
2026-04-09 13:40:00,1104,1106,1103,1106,483
2026-04-09 13:50:00,1106,1106,1106,1106,253
2026-04-09 14:00:00,1106,1106,1105,1105,610
2026-04-09 14:10:00,1105,1105,1105,1105,1
2026-04-09 14:20:00,1105,1106,1104,1104,732
2026-04-09 14:30:00,1104,1105,1103,1103,346
2026-04-09 14:40:00,1103,1103,1101,1101,550
2026-04-09 14:50:00,1102,1106,1101,1105,2852
2026-04-09 15:00:00,1103,1104,1101,1103,1025
2026-04-09 15:10:00,1103,1105,1103,1105,192
2026-04-09 15:30:00,1105,1107,1105,1107,3013
2026-04-09 15:40:00,1106,1106,1105,1105,350
2026-04-09 15:50:00,1105,1105,1104,1104,266
2026-04-09 16:00:00,1106,1106,1104,1104,167
2026-04-09 16:10:00,1104,1104,1095,1098,5574
2026-04-09 16:20:00,1097,1100,1096,1097,2925
2026-04-09 16:30:00,1098,1099,1096,1098,1648
2026-04-09 16:40:00,1099,1099,1095,1097,1651
2026-04-09 16:50:00,1097,1100,1096,1096,1528
2026-04-09 17:00:00,1096,1099,1095,1096,2725
2026-04-09 17:10:00,1096,1097,1095,1097,350
2026-04-09 17:20:00,1097,1098,1094,1095,2090
2026-04-09 17:30:00,1097,1098,1095,1096,772
2026-04-09 17:40:00,1096,1099,1096,1098,1372
2026-04-09 17:50:00,1098,1098,1094,1094,1480
2026-04-09 18:00:00,1094,1097,1094,1097,502
2026-04-09 18:10:00,1098,1098,1096,1097,861
2026-04-09 18:20:00,1096,1097,1096,1097,191
2026-04-09 18:30:00,1097,1098,1096,1098,3220
2026-04-09 18:40:00,1098,1102,1097,1098,6267
2026-04-09 18:50:00,1097,1098,1097,1098,754
2026-04-09 19:00:00,1098,1099,1098,1099,87
2026-04-09 19:10:00,1099,1100,1098,1099,1646
2026-04-09 19:20:00,1101,1102,1099,1102,2764
2026-04-09 19:30:00,1101,1102,1101,1101,607
2026-04-09 19:40:00,1101,1102,1101,1102,52
2026-04-09 19:50:00,1102,1102,1099,1099,223
2026-04-09 20:00:00,1100,1100,1100,1100,100
2026-04-09 20:10:00,1099,1101,1099,1101,357
2026-04-09 20:20:00,1101,1101,1098,1098,910
2026-04-09 20:30:00,1100,1101,1100,1101,101
2026-04-09 20:40:00,1099,1100,1098,1100,110
2026-04-09 20:50:00,1100,1100,1098,1098,106
2026-04-09 21:00:00,1099,1100,1097,1099,600
2026-04-09 21:10:00,1099,1099,1098,1098,350
2026-04-09 21:20:00,1100,1100,1099,1099,290
2026-04-09 21:30:00,1098,1099,1097,1099,2251
2026-04-09 21:40:00,1097,1098,1096,1097,634
2026-04-09 21:50:00,1097,1097,1096,1096,700
2026-04-09 22:00:00,1097,1104,1096,1103,2868
2026-04-09 22:10:00,1103,1106,1100,1100,3893
2026-04-09 22:20:00,1102,1103,1100,1100,551
2026-04-09 22:30:00,1102,1102,1099,1099,1703
2026-04-09 22:40:00,1099,1101,1098,1098,1967
2026-04-09 22:50:00,1100,1100,1100,1100,1
2026-04-09 23:00:00,1099,1100,1099,1100,53
2026-04-09 23:10:00,1100,1101,1100,1101,65
2026-04-09 23:20:00,1101,1103,1101,1102,265
2026-04-09 23:30:00,1101,1101,1100,1101,463
2026-04-09 23:40:00,1102,1104,1101,1101,914
2026-04-10 08:50:00,1114,1114,1114,1114,1
2026-04-10 09:00:00,1102,1107,1102,1106,7173
2026-04-10 09:10:00,1105,1106,1103,1104,511
2026-04-10 09:20:00,1103,1103,1101,1102,367
2026-04-10 09:30:00,1102,1105,1102,1102,453
2026-04-10 09:40:00,1101,1103,1101,1101,25
2026-04-10 09:50:00,1101,1101,1099,1100,484
2026-04-10 10:00:00,1101,1103,1097,1099,2004
2026-04-10 10:10:00,1100,1101,1100,1101,277
2026-04-10 10:20:00,1099,1100,1098,1100,559
2026-04-10 10:30:00,1098,1099,1095,1095,3288
2026-04-10 10:40:00,1095,1096,1095,1095,785
2026-04-10 10:50:00,1094,1095,1092,1092,2414
2026-04-10 11:00:00,1094,1096,1092,1094,1370
2026-04-10 11:10:00,1095,1095,1093,1093,680
2026-04-10 11:20:00,1093,1094,1092,1092,332
2026-04-10 11:30:00,1093,1094,1093,1094,41
2026-04-10 11:40:00,1093,1093,1089,1089,2116
2026-04-10 11:50:00,1089,1091,1089,1091,409
2026-04-10 12:00:00,1090,1092,1090,1092,904
2026-04-10 12:10:00,1090,1090,1090,1090,28
2026-04-10 12:20:00,1091,1097,1091,1091,1330
2026-04-10 12:30:00,1092,1092,1090,1092,325
2026-04-10 12:40:00,1092,1092,1092,1092,111
2026-04-10 12:50:00,1091,1092,1090,1092,210
2026-04-10 13:00:00,1090,1090,1090,1090,174
2026-04-10 13:10:00,1092,1093,1091,1091,185
2026-04-10 13:20:00,1091,1091,1090,1090,955
2026-04-10 13:30:00,1091,1091,1089,1090,2082
2026-04-10 13:40:00,1090,1090,1089,1089,222
2026-04-10 13:50:00,1091,1093,1091,1093,376
2026-04-10 14:00:00,1095,1098,1094,1095,3656
2026-04-10 14:10:00,1094,1095,1091,1093,2259
2026-04-10 14:20:00,1093,1094,1093,1094,450
2026-04-10 14:30:00,1093,1095,1093,1095,184
2026-04-10 14:40:00,1095,1096,1095,1096,165
2026-04-10 14:50:00,1096,1096,1095,1095,15
2026-04-10 15:00:00,1095,1095,1095,1095,25
2026-04-10 15:10:00,1095,1095,1092,1092,1605
2026-04-10 15:20:00,1092,1094,1092,1093,115
2026-04-10 15:40:00,1093,1094,1093,1094,21
2026-04-10 15:50:00,1093,1093,1091,1091,1744
2026-04-10 16:00:00,1090,1091,1090,1091,434
2026-04-10 16:10:00,1090,1090,1090,1090,30
2026-04-10 16:20:00,1089,1091,1089,1091,640
2026-04-10 16:30:00,1090,1090,1089,1089,445
2026-04-10 16:40:00,1090,1090,1086,1086,1206
2026-04-10 16:50:00,1086,1088,1086,1086,1278
2026-04-10 17:00:00,1086,1088,1086,1088,1505
2026-04-10 17:10:00,1088,1088,1087,1088,2128
2026-04-10 17:20:00,1088,1088,1087,1087,934
2026-04-10 17:30:00,1088,1088,1088,1088,613
2026-04-10 17:40:00,1087,1087,1081,1085,14349
2026-04-10 17:50:00,1085,1086,1083,1084,759
2026-04-10 18:00:00,1084,1085,1084,1085,710
2026-04-10 18:10:00,1085,1085,1084,1085,738
2026-04-10 18:20:00,1085,1086,1085,1086,206
2026-04-10 18:30:00,1087,1089,1087,1089,1593
2026-04-10 18:40:00,1089,1090,1089,1090,94
2026-04-10 18:50:00,1090,1090,1087,1087,242
2026-04-10 19:00:00,1089,1089,1088,1088,100
2026-04-10 19:10:00,1089,1089,1087,1087,201
2026-04-10 19:20:00,1088,1088,1085,1085,1127
2026-04-10 19:30:00,1087,1089,1087,1089,68
2026-04-10 19:50:00,1088,1088,1088,1088,107
2026-04-10 20:00:00,1088,1088,1088,1088,100
2026-04-10 20:10:00,1089,1089,1089,1089,50
2026-04-10 20:20:00,1089,1090,1087,1087,800
2026-04-10 20:30:00,1089,1089,1087,1087,151
2026-04-10 20:50:00,1088,1088,1088,1088,20
2026-04-10 21:00:00,1088,1088,1088,1088,128
2026-04-10 21:10:00,1087,1088,1086,1086,29
2026-04-10 21:20:00,1086,1086,1084,1086,242
2026-04-10 21:30:00,1084,1084,1084,1084,300
2026-04-10 21:40:00,1086,1086,1083,1085,2699
2026-04-10 21:50:00,1085,1085,1085,1085,10
2026-04-10 22:00:00,1085,1085,1084,1085,500
2026-04-10 22:10:00,1085,1085,1084,1085,252
2026-04-10 22:20:00,1086,1086,1084,1085,724
2026-04-10 22:30:00,1086,1086,1085,1086,151
2026-04-10 22:40:00,1086,1087,1086,1086,131
2026-04-10 22:50:00,1087,1087,1087,1087,3
2026-04-10 23:00:00,1087,1087,1086,1087,223
2026-04-10 23:10:00,1086,1086,1084,1084,672
2026-04-10 23:20:00,1084,1087,1083,1087,680
2026-04-10 23:30:00,1087,1087,1085,1087,13
2026-04-10 23:40:00,1085,1085,1083,1085,55
2026-04-11 10:00:00,1087,1088,1087,1087,279
2026-04-11 10:10:00,1087,1087,1086,1086,42
2026-04-11 10:40:00,1085,1086,1085,1086,470
2026-04-11 10:50:00,1086,1086,1086,1086,280
2026-04-11 11:00:00,1086,1086,1086,1086,204
2026-04-11 11:10:00,1086,1086,1086,1086,4
2026-04-11 11:20:00,1086,1087,1086,1087,121
2026-04-11 11:30:00,1087,1089,1087,1089,1014
2026-04-11 11:40:00,1088,1089,1088,1089,260
2026-04-11 11:50:00,1088,1088,1088,1088,1
2026-04-11 12:00:00,1088,1090,1087,1090,1103
2026-04-11 12:10:00,1090,1091,1088,1088,380
2026-04-11 12:20:00,1089,1089,1089,1089,102
2026-04-11 12:30:00,1088,1090,1088,1090,42
2026-04-11 13:00:00,1090,1090,1090,1090,6
2026-04-11 13:10:00,1091,1092,1091,1092,105
2026-04-11 13:20:00,1092,1092,1092,1092,20
2026-04-11 13:30:00,1092,1093,1091,1091,136
2026-04-11 13:40:00,1092,1092,1091,1091,50
2026-04-11 13:50:00,1092,1093,1092,1093,197
2026-04-11 14:00:00,1092,1092,1091,1091,20
2026-04-11 14:10:00,1091,1091,1090,1090,96
2026-04-11 14:20:00,1090,1090,1090,1090,10
2026-04-11 14:50:00,1091,1091,1091,1091,1
2026-04-11 15:00:00,1090,1090,1090,1090,21
2026-04-11 15:20:00,1091,1091,1091,1091,1
2026-04-11 15:30:00,1090,1090,1090,1090,8
2026-04-11 15:50:00,1091,1092,1091,1092,100
2026-04-11 16:20:00,1092,1092,1090,1090,35
2026-04-11 16:40:00,1090,1090,1090,1090,28
2026-04-11 16:50:00,1090,1090,1090,1090,5
2026-04-11 17:00:00,1090,1090,1090,1090,5
2026-04-11 17:10:00,1090,1091,1090,1091,63
2026-04-11 17:30:00,1091,1092,1091,1092,125
2026-04-11 18:40:00,1092,1092,1092,1092,60
2026-04-12 10:00:00,1092,1092,1091,1091,4
2026-04-12 10:20:00,1091,1091,1091,1091,1
2026-04-12 10:30:00,1092,1092,1092,1092,11
2026-04-12 10:40:00,1092,1092,1092,1092,12
2026-04-12 10:50:00,1092,1092,1092,1092,1
2026-04-12 11:00:00,1090,1091,1089,1091,84
2026-04-12 11:40:00,1091,1091,1091,1091,5
2026-04-12 11:50:00,1091,1091,1091,1091,2
2026-04-12 12:00:00,1092,1092,1092,1092,4
2026-04-12 12:10:00,1092,1093,1092,1093,962
2026-04-12 12:30:00,1093,1093,1093,1093,1
2026-04-12 12:40:00,1092,1092,1091,1091,76
2026-04-12 13:10:00,1090,1090,1089,1089,301
2026-04-12 13:30:00,1091,1091,1091,1091,50
2026-04-12 13:40:00,1091,1092,1091,1092,51
2026-04-12 14:00:00,1091,1091,1091,1091,1
2026-04-12 14:10:00,1091,1092,1091,1092,2
2026-04-12 14:30:00,1092,1092,1092,1092,65
2026-04-12 14:50:00,1092,1093,1092,1093,200
2026-04-12 15:00:00,1092,1092,1092,1092,60
2026-04-12 15:30:00,1091,1093,1091,1092,79
2026-04-12 15:50:00,1092,1092,1091,1091,65
2026-04-12 16:00:00,1091,1093,1091,1093,43
2026-04-12 16:10:00,1093,1094,1093,1094,339
2026-04-12 16:20:00,1094,1094,1094,1094,50
2026-04-12 16:30:00,1094,1095,1094,1095,53
2026-04-12 16:40:00,1095,1099,1095,1097,747
2026-04-12 16:50:00,1096,1097,1095,1096,504
2026-04-12 17:00:00,1097,1098,1095,1095,287
2026-04-12 17:10:00,1095,1095,1095,1095,11
2026-04-12 17:20:00,1096,1096,1096,1096,27
2026-04-12 17:30:00,1095,1095,1095,1095,4
2026-04-12 17:40:00,1095,1096,1095,1096,142
2026-04-12 17:50:00,1095,1095,1095,1095,52
2026-04-12 18:00:00,1095,1095,1094,1094,93
2026-04-12 18:10:00,1095,1095,1095,1095,110
2026-04-12 18:20:00,1095,1096,1095,1096,20
2026-04-12 18:30:00,1095,1095,1093,1093,200
2026-04-12 18:40:00,1095,1095,1095,1095,5
2026-04-12 18:50:00,1094,1094,1092,1092,40
2026-04-13 09:00:00,1092,1092,1091,1091,16
2026-04-13 09:10:00,1092,1093,1091,1093,1221
2026-04-13 09:20:00,1092,1094,1091,1094,211
2026-04-13 09:30:00,1094,1094,1092,1092,82
2026-04-13 09:40:00,1092,1092,1089,1089,260
2026-04-13 09:50:00,1089,1091,1089,1091,14
2026-04-13 10:00:00,1091,1091,1091,1091,12
2026-04-13 10:10:00,1089,1089,1087,1087,1185
2026-04-13 10:20:00,1089,1089,1089,1089,35
2026-04-13 10:30:00,1089,1089,1088,1088,838
2026-04-13 10:40:00,1087,1087,1082,1083,4846
2026-04-13 10:50:00,1083,1084,1081,1081,399
2026-04-13 11:00:00,1081,1081,1078,1078,1646
2026-04-13 11:10:00,1079,1080,1075,1078,3126
2026-04-13 11:20:00,1078,1079,1073,1077,6698
2026-04-13 11:30:00,1076,1079,1075,1077,2009
2026-04-13 11:40:00,1079,1079,1079,1079,122
2026-04-13 11:50:00,1079,1079,1077,1078,93
2026-04-13 12:00:00,1078,1079,1075,1078,3306
2026-04-13 12:10:00,1077,1077,1075,1075,706
2026-04-13 12:20:00,1075,1076,1073,1073,1220
2026-04-13 12:30:00,1073,1074,1073,1074,175
2026-04-13 12:40:00,1074,1075,1074,1075,294
2026-04-13 12:50:00,1074,1075,1074,1075,450
2026-04-13 13:00:00,1075,1075,1075,1075,585
2026-04-13 13:10:00,1075,1076,1073,1073,1181
2026-04-13 13:20:00,1075,1075,1073,1074,157
2026-04-13 13:40:00,1074,1075,1073,1075,369
2026-04-13 13:50:00,1075,1075,1074,1075,145
2026-04-13 14:00:00,1075,1078,1075,1078,1519
2026-04-13 14:10:00,1076,1077,1075,1077,467
2026-04-13 14:20:00,1077,1077,1075,1076,904
2026-04-13 14:30:00,1077,1077,1076,1076,42
2026-04-13 14:40:00,1077,1078,1077,1078,150
2026-04-13 14:50:00,1078,1081,1077,1081,1381
2026-04-13 15:00:00,1081,1085,1081,1084,1526
2026-04-13 15:10:00,1085,1085,1079,1079,1015
2026-04-13 15:20:00,1079,1079,1077,1079,189
2026-04-13 15:40:00,1078,1078,1078,1078,1
2026-04-13 15:50:00,1077,1077,1076,1076,136
2026-04-13 16:00:00,1076,1078,1076,1076,1031
2026-04-13 16:10:00,1076,1076,1076,1076,24
2026-04-13 16:20:00,1076,1076,1075,1075,115
2026-04-13 16:30:00,1076,1080,1076,1080,422
2026-04-13 16:40:00,1079,1079,1079,1079,10
2026-04-13 16:50:00,1077,1078,1075,1077,913
2026-04-13 17:00:00,1077,1079,1077,1079,419
2026-04-13 17:10:00,1079,1079,1079,1079,765
2026-04-13 17:20:00,1078,1080,1078,1079,184
2026-04-13 17:30:00,1078,1078,1077,1077,101
2026-04-13 17:40:00,1077,1077,1077,1077,13
2026-04-13 17:50:00,1077,1078,1077,1078,38
2026-04-13 18:00:00,1078,1078,1078,1078,100
2026-04-13 18:10:00,1078,1078,1077,1077,54
2026-04-13 18:20:00,1077,1078,1077,1078,257
2026-04-13 18:30:00,1078,1079,1077,1079,327
2026-04-13 18:40:00,1079,1081,1078,1081,565
2026-04-13 18:50:00,1079,1079,1079,1079,160
2026-04-13 19:10:00,1080,1080,1080,1080,1
2026-04-13 19:20:00,1081,1081,1081,1081,24
2026-04-13 19:40:00,1080,1082,1080,1082,901
2026-04-13 19:50:00,1081,1081,1081,1081,7
2026-04-13 20:00:00,1081,1081,1081,1081,163
2026-04-13 20:10:00,1080,1081,1080,1081,100
2026-04-13 20:30:00,1080,1080,1080,1080,70
2026-04-13 20:40:00,1079,1079,1078,1078,200
2026-04-13 20:50:00,1078,1080,1078,1080,6
2026-04-13 21:00:00,1081,1081,1078,1078,111
2026-04-13 21:10:00,1079,1079,1078,1078,1000
2026-04-13 21:20:00,1078,1078,1078,1078,52
2026-04-13 21:30:00,1079,1081,1078,1081,236
2026-04-13 21:50:00,1080,1080,1080,1080,200
2026-04-13 22:00:00,1080,1083,1080,1083,390
2026-04-13 22:10:00,1082,1082,1082,1082,7
2026-04-13 22:20:00,1082,1082,1082,1082,1
2026-04-13 22:30:00,1081,1081,1081,1081,311
2026-04-13 22:40:00,1081,1081,1080,1081,73
2026-04-13 22:50:00,1082,1083,1082,1083,241
2026-04-13 23:00:00,1083,1084,1083,1083,350
2026-04-13 23:10:00,1084,1086,1084,1085,502
2026-04-13 23:20:00,1085,1086,1085,1086,101
2026-04-13 23:30:00,1086,1087,1086,1087,129
2026-04-13 23:40:00,1087,1088,1086,1088,385
2026-04-14 09:00:00,1085,1088,1084,1084,1044
2026-04-14 09:10:00,1085,1085,1083,1083,194
2026-04-14 09:20:00,1083,1084,1083,1083,32
2026-04-14 09:30:00,1083,1085,1083,1085,310
2026-04-14 09:40:00,1084,1084,1083,1083,32
2026-04-14 09:50:00,1084,1086,1084,1084,211
2026-04-14 10:00:00,1085,1085,1082,1082,1084
2026-04-14 10:10:00,1082,1082,1081,1081,81
2026-04-14 10:20:00,1080,1082,1080,1080,117
2026-04-14 10:30:00,1082,1082,1082,1082,20
2026-04-14 10:50:00,1083,1083,1082,1082,43
2026-04-14 11:00:00,1082,1084,1082,1084,126
2026-04-14 11:10:00,1084,1084,1082,1082,234
2026-04-14 11:20:00,1081,1081,1078,1078,679
2026-04-14 11:30:00,1078,1079,1075,1075,1187
2026-04-14 11:40:00,1075,1076,1074,1074,533
2026-04-14 11:50:00,1074,1076,1073,1073,710
2026-04-14 12:00:00,1073,1079,1073,1079,334
2026-04-14 12:10:00,1078,1079,1077,1077,75
2026-04-14 12:30:00,1078,1078,1078,1078,3
2026-04-14 12:40:00,1079,1079,1079,1079,200
2026-04-14 12:50:00,1079,1079,1077,1078,770
2026-04-14 13:10:00,1077,1079,1077,1079,129
2026-04-14 13:20:00,1079,1081,1079,1080,1119
2026-04-14 13:30:00,1080,1082,1080,1082,1032
2026-04-14 13:40:00,1082,1091,1082,1090,904
2026-04-14 13:50:00,1090,1093,1090,1091,1604
2026-04-14 14:00:00,1092,1092,1088,1088,884
2026-04-14 14:10:00,1088,1089,1088,1088,209
2026-04-14 14:20:00,1089,1090,1088,1088,1015
2026-04-14 14:30:00,1089,1089,1089,1089,202
2026-04-14 14:40:00,1089,1089,1082,1082,2653
2026-04-14 14:50:00,1083,1083,1079,1079,558
2026-04-14 15:00:00,1081,1083,1080,1083,344
2026-04-14 15:20:00,1081,1081,1079,1079,400
2026-04-14 15:30:00,1080,1081,1080,1081,25
2026-04-14 15:40:00,1081,1081,1081,1081,4
2026-04-14 15:50:00,1080,1081,1080,1081,55
2026-04-14 16:00:00,1083,1083,1083,1083,100
2026-04-14 16:10:00,1083,1083,1083,1083,40
2026-04-14 16:20:00,1083,1085,1083,1085,237
2026-04-14 16:30:00,1085,1085,1084,1084,10
2026-04-14 16:40:00,1083,1083,1083,1083,33
2026-04-14 17:00:00,1085,1085,1085,1085,182
2026-04-14 17:10:00,1085,1085,1084,1085,213
2026-04-14 17:20:00,1086,1087,1086,1086,112
2026-04-14 17:30:00,1086,1086,1085,1085,122
2026-04-14 17:40:00,1085,1085,1085,1085,340
2026-04-14 17:50:00,1085,1085,1083,1085,415
2026-04-14 18:00:00,1085,1085,1084,1084,300
2026-04-14 18:10:00,1084,1084,1084,1084,20
2026-04-14 18:30:00,1085,1085,1082,1082,244
2026-04-14 18:40:00,1083,1083,1083,1083,5
2026-04-14 19:00:00,1083,1083,1083,1083,50
2026-04-14 19:10:00,1081,1081,1081,1081,30
2026-04-14 19:20:00,1082,1082,1082,1082,1
2026-04-14 19:30:00,1083,1083,1083,1083,6
2026-04-14 19:50:00,1082,1082,1081,1081,5
2026-04-14 20:00:00,1081,1081,1081,1081,2
2026-04-14 20:10:00,1081,1081,1081,1081,25
2026-04-14 20:20:00,1081,1084,1081,1083,1366
2026-04-14 20:30:00,1084,1084,1082,1082,105
2026-04-14 20:40:00,1082,1083,1082,1083,18
2026-04-14 21:10:00,1082,1082,1082,1082,1
2026-04-14 21:20:00,1081,1081,1081,1081,1
2026-04-14 21:50:00,1081,1081,1081,1081,1
2026-04-14 22:00:00,1083,1083,1083,1083,1
2026-04-14 22:10:00,1083,1085,1082,1084,202
2026-04-14 22:20:00,1083,1085,1083,1085,73
2026-04-14 22:30:00,1085,1085,1083,1083,21
2026-04-14 22:40:00,1084,1084,1084,1084,30
2026-04-14 23:00:00,1084,1084,1084,1084,4
2026-04-14 23:10:00,1084,1084,1084,1084,40
2026-04-14 23:20:00,1083,1084,1083,1083,365
2026-04-14 23:30:00,1082,1082,1081,1081,246
2026-04-14 23:40:00,1082,1082,1081,1081,26
2026-04-15 09:00:00,1084,1084,1083,1083,220
2026-04-15 09:10:00,1083,1084,1083,1084,94
2026-04-15 09:20:00,1084,1085,1084,1085,284
2026-04-15 09:30:00,1083,1088,1083,1088,1166
2026-04-15 09:40:00,1087,1090,1087,1090,500
2026-04-15 09:50:00,1090,1095,1090,1095,1995
2026-04-15 10:00:00,1092,1093,1090,1090,171
2026-04-15 10:10:00,1089,1089,1087,1087,718
2026-04-15 10:20:00,1086,1087,1084,1084,644
2026-04-15 10:30:00,1083,1083,1082,1083,366
2026-04-15 10:40:00,1082,1083,1081,1082,1571
2026-04-15 10:50:00,1082,1084,1082,1084,550
2026-04-15 11:00:00,1081,1081,1081,1081,278
2026-04-15 11:10:00,1080,1081,1080,1081,65
2026-04-15 11:20:00,1082,1083,1082,1083,599
2026-04-15 11:40:00,1083,1085,1081,1085,1128
2026-04-15 11:50:00,1086,1089,1086,1089,221
2026-04-15 12:00:00,1089,1089,1088,1089,200
2026-04-15 12:10:00,1087,1089,1087,1089,138
2026-04-15 12:20:00,1089,1090,1089,1090,4
2026-04-15 12:30:00,1089,1089,1086,1086,1851
2026-04-15 12:40:00,1088,1088,1087,1087,123
2026-04-15 12:50:00,1088,1088,1088,1088,2
2026-04-15 13:00:00,1088,1088,1088,1088,10
2026-04-15 13:10:00,1088,1095,1088,1095,1915
2026-04-15 13:20:00,1095,1099,1095,1099,1823
2026-04-15 13:30:00,1099,1109,1099,1103,8370
2026-04-15 13:40:00,1104,1111,1104,1109,4911
2026-04-15 13:50:00,1108,1110,1107,1108,2524
2026-04-15 14:00:00,1109,1109,1105,1105,3179
2026-04-15 14:10:00,1106,1109,1105,1105,1639
2026-04-15 14:20:00,1105,1105,1097,1098,1017
2026-04-15 14:30:00,1098,1103,1098,1102,1437
2026-04-15 14:40:00,1102,1103,1102,1103,113
2026-04-15 14:50:00,1103,1104,1101,1104,585
2026-04-15 15:00:00,1103,1106,1103,1106,57
2026-04-15 15:10:00,1106,1106,1103,1104,800
2026-04-15 15:20:00,1103,1105,1103,1105,68
2026-04-15 15:30:00,1105,1105,1102,1103,128
2026-04-15 15:40:00,1103,1103,1100,1102,852
2026-04-15 15:50:00,1101,1102,1101,1102,668
2026-04-15 16:00:00,1103,1104,1102,1102,401
2026-04-15 16:10:00,1102,1104,1102,1102,3383
2026-04-15 16:20:00,1102,1108,1102,1107,6523
2026-04-15 16:30:00,1108,1118,1107,1114,10389
2026-04-15 16:40:00,1112,1113,1111,1112,363
2026-04-15 16:50:00,1113,1116,1111,1114,1209
2026-04-15 17:00:00,1114,1115,1110,1110,1172
2026-04-15 17:10:00,1111,1112,1110,1111,206
2026-04-15 17:20:00,1111,1111,1108,1108,215
2026-04-15 17:30:00,1109,1113,1109,1112,3121
2026-04-15 17:40:00,1111,1115,1111,1113,2089
2026-04-15 17:50:00,1113,1114,1111,1113,6419
2026-04-15 18:00:00,1114,1115,1114,1114,1299
2026-04-15 18:10:00,1113,1115,1113,1115,2093
2026-04-15 18:20:00,1114,1115,1113,1113,272
2026-04-15 18:30:00,1114,1114,1113,1114,1020
2026-04-15 18:40:00,1114,1114,1110,1112,1683
2026-04-15 18:50:00,1110,1111,1109,1110,317
2026-04-15 19:00:00,1111,1114,1110,1114,399
2026-04-15 19:10:00,1115,1117,1115,1116,531
2026-04-15 19:20:00,1117,1123,1117,1121,1988
2026-04-15 19:30:00,1119,1119,1117,1119,1774
2026-04-15 19:40:00,1119,1121,1119,1121,137
2026-04-15 19:50:00,1119,1124,1117,1124,6924
2026-04-15 20:00:00,1121,1127,1120,1123,8763
2026-04-15 20:10:00,1125,1126,1122,1122,1291
2026-04-15 20:20:00,1122,1123,1120,1121,1700
2026-04-15 20:30:00,1121,1122,1121,1121,254
2026-04-15 20:40:00,1121,1125,1120,1125,566
2026-04-15 20:50:00,1125,1126,1124,1125,139
2026-04-15 21:00:00,1125,1126,1125,1126,986
2026-04-15 21:10:00,1125,1125,1123,1123,642
2026-04-15 21:20:00,1122,1124,1122,1124,21
2026-04-15 21:30:00,1124,1124,1124,1124,18
2026-04-15 21:40:00,1124,1124,1122,1124,30
2026-04-15 21:50:00,1122,1125,1122,1122,801
2026-04-15 22:00:00,1122,1123,1121,1123,142
2026-04-15 22:10:00,1123,1123,1120,1120,323
2026-04-15 22:20:00,1122,1122,1122,1122,35
2026-04-15 22:30:00,1123,1123,1123,1123,34
2026-04-15 22:40:00,1122,1123,1122,1123,140
2026-04-15 22:50:00,1123,1123,1122,1122,17
2026-04-15 23:00:00,1122,1122,1122,1122,3
2026-04-15 23:10:00,1122,1124,1121,1124,824
2026-04-15 23:30:00,1123,1125,1123,1123,421
2026-04-15 23:40:00,1123,1126,1121,1121,443
2026-04-16 09:00:00,1126,1128,1122,1124,1201
2026-04-16 09:10:00,1124,1126,1123,1124,649
2026-04-16 09:20:00,1124,1124,1124,1124,204
2026-04-16 09:30:00,1124,1126,1124,1126,131
2026-04-16 09:40:00,1126,1127,1125,1127,528
2026-04-16 09:50:00,1127,1127,1125,1125,1408
2026-04-16 10:00:00,1124,1124,1122,1124,452
2026-04-16 10:10:00,1124,1126,1123,1126,1229
2026-04-16 10:20:00,1125,1129,1125,1128,1256
2026-04-16 10:30:00,1127,1129,1127,1129,3077
2026-04-16 10:40:00,1129,1131,1127,1127,4123
2026-04-16 10:50:00,1128,1129,1124,1124,1850
2026-04-16 11:00:00,1123,1124,1121,1123,222
2026-04-16 11:10:00,1123,1126,1122,1125,771
2026-04-16 11:20:00,1125,1125,1125,1125,60
2026-04-16 11:30:00,1124,1124,1123,1124,325
2026-04-16 11:40:00,1123,1124,1123,1124,368
2026-04-16 11:50:00,1124,1124,1123,1124,128
2026-04-16 12:00:00,1124,1125,1123,1124,631
2026-04-16 12:10:00,1124,1127,1124,1126,611
2026-04-16 12:20:00,1126,1127,1126,1126,130
2026-04-16 12:30:00,1126,1126,1126,1126,97
2026-04-16 12:40:00,1126,1127,1126,1127,148
2026-04-16 12:50:00,1126,1127,1126,1127,11
2026-04-16 13:00:00,1126,1127,1126,1127,34
2026-04-16 13:10:00,1125,1126,1124,1126,178
2026-04-16 13:20:00,1124,1128,1124,1128,409
2026-04-16 13:30:00,1128,1130,1128,1130,874
2026-04-16 13:40:00,1129,1131,1129,1131,1053
2026-04-16 13:50:00,1131,1132,1130,1132,1036
2026-04-16 14:00:00,1132,1132,1130,1131,526
2026-04-16 14:10:00,1131,1132,1126,1126,9856
2026-04-16 14:20:00,1127,1129,1127,1129,253
2026-04-16 14:30:00,1128,1128,1128,1128,191
2026-04-16 14:40:00,1129,1130,1129,1130,411
2026-04-16 14:50:00,1129,1129,1128,1129,916
2026-04-16 15:00:00,1128,1129,1128,1128,262
2026-04-16 15:10:00,1129,1129,1128,1128,426
2026-04-16 15:20:00,1129,1130,1128,1130,368
2026-04-16 15:30:00,1130,1130,1129,1129,257
2026-04-16 15:40:00,1128,1128,1114,1116,3760
2026-04-16 15:50:00,1117,1119,1116,1119,579
2026-04-16 16:00:00,1119,1119,1116,1118,376
2026-04-16 16:10:00,1118,1121,1118,1121,204
2026-04-16 16:20:00,1120,1120,1114,1114,2811
2026-04-16 16:30:00,1114,1114,1106,1111,10058
2026-04-16 16:40:00,1111,1115,1110,1114,1083
2026-04-16 16:50:00,1115,1115,1110,1112,799
2026-04-16 17:00:00,1113,1116,1113,1113,424
2026-04-16 17:10:00,1114,1115,1113,1114,270
2026-04-16 17:20:00,1115,1115,1113,1113,410
2026-04-16 17:30:00,1111,1111,1109,1111,446
2026-04-16 17:40:00,1109,1109,1106,1108,2761
2026-04-16 17:50:00,1109,1109,1101,1102,3932
2026-04-16 18:00:00,1102,1108,1101,1101,5715
2026-04-16 18:10:00,1104,1107,1104,1105,1726
2026-04-16 18:20:00,1105,1107,1105,1106,1184
2026-04-16 18:30:00,1105,1106,1104,1104,2067
2026-04-16 18:40:00,1105,1107,1104,1107,1031
2026-04-16 18:50:00,1107,1107,1107,1107,209
2026-04-16 19:00:00,1107,1107,1107,1107,55
2026-04-16 19:10:00,1106,1107,1106,1107,354
2026-04-16 19:20:00,1106,1106,1104,1106,322
2026-04-16 19:30:00,1106,1107,1106,1107,188
2026-04-16 19:40:00,1107,1110,1107,1110,3193
2026-04-16 19:50:00,1110,1110,1106,1109,674
2026-04-16 20:00:00,1109,1109,1105,1108,621
2026-04-16 20:10:00,1108,1109,1106,1109,520
2026-04-16 20:20:00,1109,1109,1107,1107,130
2026-04-16 20:30:00,1109,1109,1109,1109,30
2026-04-16 20:50:00,1107,1109,1107,1109,367
2026-04-16 21:00:00,1108,1108,1103,1107,2193
2026-04-16 21:10:00,1107,1107,1107,1107,26
2026-04-16 21:40:00,1107,1107,1106,1106,119
2026-04-16 21:50:00,1106,1106,1105,1105,207
2026-04-16 22:10:00,1107,1107,1107,1107,40
2026-04-16 22:20:00,1107,1107,1107,1107,57
2026-04-16 22:30:00,1107,1107,1105,1105,254
2026-04-16 22:50:00,1107,1107,1107,1107,47
2026-04-16 23:00:00,1107,1109,1107,1109,64
2026-04-16 23:10:00,1109,1109,1108,1108,23
2026-04-16 23:20:00,1108,1109,1108,1109,343
2026-04-16 23:30:00,1109,1109,1108,1109,213
2026-04-16 23:40:00,1110,1111,1109,1109,160
2026-04-17 09:00:00,1110,1112,1109,1112,1142
2026-04-17 09:10:00,1112,1112,1112,1112,52
2026-04-17 09:20:00,1113,1113,1112,1112,119
2026-04-17 09:30:00,1111,1111,1108,1110,887
2026-04-17 09:40:00,1109,1109,1109,1109,502
2026-04-17 09:50:00,1109,1109,1106,1109,331
2026-04-17 10:00:00,1107,1107,1104,1105,755
2026-04-17 10:10:00,1105,1105,1103,1103,315
2026-04-17 10:20:00,1103,1104,1102,1103,307
2026-04-17 10:30:00,1103,1104,1103,1103,225
2026-04-17 10:40:00,1104,1111,1104,1111,746
2026-04-17 10:50:00,1110,1112,1107,1111,2345
2026-04-17 11:00:00,1111,1112,1109,1109,909
2026-04-17 11:10:00,1108,1110,1108,1110,97
2026-04-17 11:20:00,1111,1115,1111,1115,990
2026-04-17 11:30:00,1115,1119,1115,1119,2833
2026-04-17 11:40:00,1120,1123,1117,1120,2710
2026-04-17 11:50:00,1121,1121,1116,1116,679
2026-04-17 12:00:00,1116,1117,1116,1116,333
2026-04-17 12:10:00,1116,1118,1116,1118,199
2026-04-17 12:20:00,1118,1118,1117,1118,570
2026-04-17 12:30:00,1118,1118,1118,1118,2
2026-04-17 12:40:00,1118,1119,1117,1119,659
2026-04-17 12:50:00,1119,1119,1117,1119,408
2026-04-17 13:00:00,1119,1121,1118,1120,1739
2026-04-17 13:10:00,1120,1120,1118,1118,750
2026-04-17 13:20:00,1119,1120,1119,1120,81
2026-04-17 13:30:00,1118,1118,1117,1117,118
2026-04-17 13:40:00,1116,1119,1116,1116,992
2026-04-17 13:50:00,1116,1118,1116,1118,93
2026-04-17 14:00:00,1116,1116,1116,1116,1
2026-04-17 14:10:00,1118,1118,1117,1118,135
2026-04-17 14:20:00,1119,1121,1119,1121,1117
2026-04-17 14:30:00,1120,1122,1120,1120,263
2026-04-17 14:40:00,1121,1122,1120,1121,1180
2026-04-17 14:50:00,1120,1121,1119,1119,704
2026-04-17 15:10:00,1120,1121,1120,1120,620
2026-04-17 15:20:00,1120,1121,1119,1119,1952
2026-04-17 15:30:00,1120,1121,1120,1121,29
2026-04-17 15:40:00,1120,1120,1120,1120,1
2026-04-17 15:50:00,1121,1121,1117,1119,2950
2026-04-17 16:00:00,1118,1118,1112,1112,1574
2026-04-17 16:10:00,1112,1112,1110,1110,450
2026-04-17 16:20:00,1111,1114,1110,1113,601
2026-04-17 16:30:00,1113,1116,1113,1116,546
2026-04-17 16:40:00,1116,1117,1115,1117,317
2026-04-17 16:50:00,1116,1116,1115,1115,103
2026-04-17 17:00:00,1115,1115,1112,1113,1077
2026-04-17 17:10:00,1113,1114,1113,1113,157
2026-04-17 17:20:00,1113,1115,1113,1113,1521
2026-04-17 17:30:00,1113,1114,1111,1111,615
2026-04-17 17:40:00,1112,1113,1111,1111,420
2026-04-17 17:50:00,1112,1114,1112,1114,59
2026-04-17 18:00:00,1113,1115,1113,1115,631
2026-04-17 18:10:00,1116,1119,1115,1119,456
2026-04-17 18:20:00,1120,1123,1119,1122,979
2026-04-17 18:30:00,1123,1125,1122,1123,292
2026-04-17 18:40:00,1122,1123,1121,1123,96
2026-04-17 18:50:00,1122,1123,1119,1121,818
2026-04-17 19:00:00,1120,1122,1119,1119,167
2026-04-17 19:10:00,1119,1119,1119,1119,50
2026-04-17 19:20:00,1119,1119,1119,1119,10
2026-04-17 19:30:00,1120,1120,1119,1119,41
2026-04-17 19:40:00,1120,1120,1118,1118,104
2026-04-17 19:50:00,1117,1117,1116,1117,266
2026-04-17 20:00:00,1117,1118,1117,1118,11
2026-04-17 20:10:00,1118,1118,1117,1117,35
2026-04-17 20:20:00,1118,1119,1117,1117,786
2026-04-17 20:30:00,1118,1119,1118,1119,70
2026-04-17 20:40:00,1118,1118,1118,1118,50
2026-04-17 20:50:00,1118,1118,1117,1117,111
2026-04-17 21:10:00,1117,1118,1117,1118,303
2026-04-17 21:20:00,1119,1119,1118,1118,52
2026-04-17 21:30:00,1120,1120,1119,1119,173
2026-04-17 21:40:00,1120,1121,1119,1119,71
2026-04-17 21:50:00,1119,1120,1119,1119,24
2026-04-17 22:00:00,1119,1119,1118,1118,514
2026-04-17 22:10:00,1120,1120,1120,1120,6
2026-04-17 22:20:00,1121,1121,1121,1121,100
2026-04-17 22:30:00,1120,1121,1120,1121,453
2026-04-17 22:40:00,1121,1123,1121,1123,576
2026-04-17 22:50:00,1123,1123,1120,1120,523
2026-04-17 23:00:00,1121,1121,1121,1121,20
2026-04-17 23:10:00,1119,1120,1119,1119,308
2026-04-17 23:20:00,1119,1119,1119,1119,54
2026-04-17 23:30:00,1120,1121,1120,1121,52
2026-04-17 23:40:00,1121,1121,1121,1121,66
2026-04-18 10:00:00,1121,1124,1121,1123,276
2026-04-18 10:10:00,1123,1124,1123,1124,150
2026-04-18 10:20:00,1124,1124,1124,1124,15
2026-04-18 10:30:00,1124,1124,1124,1124,108
2026-04-18 10:40:00,1124,1124,1124,1124,6
2026-04-18 10:50:00,1122,1122,1122,1122,3
2026-04-18 11:10:00,1121,1121,1121,1121,10
2026-04-18 11:20:00,1121,1121,1121,1121,52
2026-04-18 11:30:00,1122,1123,1122,1123,15
2026-04-18 11:40:00,1121,1121,1121,1121,30
2026-04-18 11:50:00,1121,1121,1120,1120,175
2026-04-18 12:00:00,1120,1120,1120,1120,111
2026-04-18 12:20:00,1121,1122,1121,1122,63
2026-04-18 12:30:00,1120,1120,1120,1120,5
2026-04-18 13:00:00,1120,1120,1120,1120,164
2026-04-18 13:10:00,1121,1121,1121,1121,1
2026-04-18 13:20:00,1122,1122,1122,1122,27
2026-04-18 13:50:00,1122,1122,1122,1122,25
2026-04-18 14:00:00,1121,1121,1120,1120,150
2026-04-18 14:10:00,1122,1122,1122,1122,6
2026-04-18 14:20:00,1122,1122,1120,1120,46
2026-04-18 14:30:00,1120,1120,1120,1120,15
2026-04-18 14:40:00,1121,1123,1121,1123,65
2026-04-18 15:20:00,1121,1121,1121,1121,52
2026-04-18 15:30:00,1120,1121,1120,1121,38
2026-04-18 15:40:00,1120,1120,1120,1120,200
2026-04-18 15:50:00,1120,1120,1120,1120,5
2026-04-18 16:00:00,1121,1121,1121,1121,31
2026-04-18 16:10:00,1122,1122,1120,1121,450
2026-04-18 16:20:00,1121,1121,1121,1121,20
2026-04-18 16:30:00,1122,1122,1122,1122,20
2026-04-18 16:40:00,1122,1122,1122,1122,250
2026-04-18 17:10:00,1122,1122,1120,1120,8
2026-04-18 18:30:00,1121,1121,1120,1120,75
2026-04-18 18:40:00,1122,1122,1122,1122,1
2026-04-19 10:00:00,1120,1120,1119,1119,58
2026-04-19 10:10:00,1121,1122,1121,1122,110
2026-04-19 10:20:00,1123,1123,1122,1122,51
2026-04-19 10:40:00,1121,1121,1121,1121,50
2026-04-19 11:00:00,1121,1122,1121,1122,11
2026-04-19 11:10:00,1122,1122,1122,1122,1
2026-04-19 11:30:00,1123,1125,1123,1123,333
2026-04-19 11:40:00,1123,1123,1123,1123,1
2026-04-19 12:10:00,1124,1124,1124,1124,28
2026-04-19 12:20:00,1124,1125,1124,1125,14
2026-04-19 12:40:00,1125,1126,1125,1125,72
2026-04-19 12:50:00,1125,1126,1124,1126,141
2026-04-19 13:00:00,1125,1125,1125,1125,13
2026-04-19 13:30:00,1125,1125,1125,1125,58
2026-04-19 13:50:00,1124,1124,1124,1124,68
2026-04-19 14:20:00,1125,1126,1125,1126,128
2026-04-19 14:30:00,1125,1125,1125,1125,23
2026-04-19 14:50:00,1125,1125,1125,1125,37
2026-04-19 15:00:00,1125,1125,1125,1125,2
2026-04-19 15:20:00,1126,1127,1125,1125,554
2026-04-19 15:40:00,1124,1124,1124,1124,140
2026-04-19 15:50:00,1124,1124,1123,1123,62
2026-04-19 16:10:00,1123,1123,1122,1122,2
2026-04-19 16:30:00,1124,1124,1124,1124,15
2026-04-19 17:40:00,1123,1126,1123,1126,780
2026-04-19 17:50:00,1125,1125,1124,1124,210
2026-04-19 18:00:00,1124,1124,1124,1124,31
2026-04-19 18:30:00,1123,1124,1121,1124,1407
2026-04-19 18:40:00,1121,1121,1121,1121,11
2026-04-19 18:50:00,1123,1124,1123,1124,111
2026-04-20 09:00:00,1125,1125,1122,1122,214
2026-04-20 09:10:00,1122,1122,1120,1120,349
2026-04-20 09:20:00,1122,1123,1120,1120,59
2026-04-20 09:30:00,1119,1121,1118,1121,207
2026-04-20 09:40:00,1121,1123,1121,1122,140
2026-04-20 09:50:00,1122,1123,1122,1123,31
2026-04-20 10:00:00,1122,1122,1121,1121,63
2026-04-20 10:10:00,1119,1119,1119,1119,52
2026-04-20 10:20:00,1117,1117,1114,1116,619
2026-04-20 10:30:00,1117,1117,1115,1115,171
2026-04-20 10:40:00,1117,1119,1117,1119,608
2026-04-20 10:50:00,1119,1119,1119,1119,300
2026-04-20 11:00:00,1119,1120,1119,1120,64
2026-04-20 11:10:00,1121,1121,1121,1121,884
2026-04-20 11:20:00,1119,1121,1119,1121,70
2026-04-20 11:30:00,1121,1121,1121,1121,500
2026-04-20 11:40:00,1121,1122,1119,1120,2112
2026-04-20 11:50:00,1122,1127,1122,1127,760
2026-04-20 12:00:00,1128,1128,1125,1127,381
2026-04-20 12:10:00,1127,1129,1126,1127,984
2026-04-20 12:20:00,1126,1128,1126,1127,249
2026-04-20 12:40:00,1127,1127,1125,1126,726
2026-04-20 12:50:00,1125,1127,1125,1127,1091
2026-04-20 13:00:00,1126,1126,1125,1125,87
2026-04-20 13:10:00,1126,1127,1125,1127,87
2026-04-20 13:20:00,1127,1127,1125,1125,152
2026-04-20 13:30:00,1125,1128,1125,1125,1673
2026-04-20 13:50:00,1127,1128,1126,1128,253
2026-04-20 14:00:00,1127,1127,1127,1127,65
2026-04-20 14:10:00,1126,1130,1126,1127,2194
2026-04-20 14:20:00,1127,1135,1127,1135,1477
2026-04-20 14:30:00,1134,1138,1134,1137,2961
2026-04-20 14:40:00,1137,1138,1136,1137,1313
2026-04-20 14:50:00,1138,1139,1137,1137,980
2026-04-20 15:00:00,1137,1138,1136,1137,1696
2026-04-20 15:10:00,1135,1135,1134,1134,425
2026-04-20 15:20:00,1133,1134,1133,1133,244
2026-04-20 15:30:00,1134,1135,1134,1135,32
2026-04-20 15:40:00,1134,1135,1134,1134,732
2026-04-20 15:50:00,1133,1134,1132,1133,143
2026-04-20 16:00:00,1132,1132,1132,1132,550
2026-04-20 16:10:00,1132,1134,1132,1134,52
2026-04-20 16:20:00,1133,1133,1132,1132,215
2026-04-20 16:30:00,1133,1134,1133,1134,651
2026-04-20 16:40:00,1134,1135,1134,1135,1001
2026-04-20 16:50:00,1135,1135,1134,1134,220
2026-04-20 17:00:00,1135,1135,1133,1133,162
2026-04-20 17:10:00,1133,1133,1132,1132,237
2026-04-20 17:20:00,1133,1136,1133,1136,1635
2026-04-20 17:30:00,1135,1138,1134,1138,780
2026-04-20 17:40:00,1138,1139,1137,1139,596
2026-04-20 17:50:00,1139,1141,1139,1139,892
2026-04-20 18:00:00,1139,1140,1139,1139,136
2026-04-20 18:10:00,1140,1141,1139,1140,490
2026-04-20 18:20:00,1140,1140,1139,1140,269
2026-04-20 18:30:00,1140,1142,1140,1142,468
2026-04-20 18:40:00,1142,1143,1142,1143,222
2026-04-20 18:50:00,1143,1144,1142,1144,976
2026-04-20 19:00:00,1143,1145,1141,1143,710
2026-04-20 19:10:00,1142,1143,1142,1143,102
2026-04-20 19:20:00,1141,1142,1141,1142,152
2026-04-20 19:30:00,1142,1143,1142,1143,60
2026-04-20 19:40:00,1144,1144,1142,1142,85
2026-04-20 19:50:00,1143,1144,1143,1144,467
2026-04-20 20:00:00,1142,1143,1142,1143,77
2026-04-20 20:10:00,1144,1144,1143,1143,12
2026-04-20 20:20:00,1144,1144,1143,1143,162
2026-04-20 20:30:00,1143,1143,1143,1143,1105
2026-04-20 20:40:00,1143,1143,1142,1142,562
2026-04-20 20:50:00,1141,1142,1141,1142,15
2026-04-20 21:00:00,1141,1141,1141,1141,42
2026-04-20 21:10:00,1142,1142,1141,1141,31
2026-04-20 21:20:00,1141,1141,1141,1141,50
2026-04-20 21:40:00,1141,1142,1140,1140,79
2026-04-20 21:50:00,1140,1142,1139,1140,262
2026-04-20 22:00:00,1140,1140,1140,1140,55
2026-04-20 22:10:00,1141,1141,1141,1141,100
2026-04-20 22:20:00,1141,1142,1141,1141,545
2026-04-20 22:30:00,1141,1141,1139,1139,525
2026-04-20 22:40:00,1138,1141,1138,1141,239
2026-04-20 22:50:00,1140,1142,1139,1141,135
2026-04-20 23:00:00,1141,1141,1139,1139,322
2026-04-20 23:10:00,1141,1142,1140,1142,1371
2026-04-20 23:30:00,1141,1141,1140,1140,4
2026-04-20 23:40:00,1140,1140,1139,1140,84
2026-04-21 09:00:00,1136,1139,1135,1139,501
2026-04-21 09:10:00,1138,1139,1138,1139,167
2026-04-21 09:20:00,1138,1141,1138,1139,600
2026-04-21 09:30:00,1139,1139,1139,1139,146
2026-04-21 09:40:00,1138,1139,1137,1139,231
2026-04-21 09:50:00,1139,1143,1139,1143,1993
2026-04-21 10:00:00,1142,1142,1140,1140,204
2026-04-21 10:10:00,1140,1140,1140,1140,2
2026-04-21 10:20:00,1140,1141,1139,1139,490
2026-04-21 10:30:00,1139,1139,1139,1139,510
2026-04-21 10:40:00,1139,1139,1139,1139,86
2026-04-21 10:50:00,1139,1139,1139,1139,36
2026-04-21 11:00:00,1138,1138,1136,1136,537
2026-04-21 11:10:00,1137,1138,1136,1136,98
2026-04-21 11:20:00,1136,1136,1136,1136,53
2026-04-21 11:30:00,1135,1136,1135,1136,16
2026-04-21 11:40:00,1135,1135,1133,1134,752
2026-04-21 11:50:00,1135,1136,1131,1133,3185
2026-04-21 12:00:00,1132,1133,1131,1133,168
2026-04-21 12:10:00,1132,1132,1130,1130,128
2026-04-21 12:20:00,1130,1132,1130,1132,34
2026-04-21 12:30:00,1132,1132,1131,1131,441
2026-04-21 12:40:00,1132,1133,1132,1133,730
2026-04-21 12:50:00,1133,1133,1133,1133,175
2026-04-21 13:00:00,1133,1133,1132,1132,143
2026-04-21 13:20:00,1134,1134,1134,1134,42
2026-04-21 13:30:00,1135,1135,1135,1135,5
2026-04-21 13:40:00,1135,1137,1135,1137,140
2026-04-21 13:50:00,1135,1135,1135,1135,15
2026-04-21 14:00:00,1134,1134,1132,1133,635
2026-04-21 14:10:00,1134,1135,1133,1135,286
2026-04-21 14:20:00,1137,1137,1137,1137,1
2026-04-21 14:30:00,1135,1137,1135,1137,51
2026-04-21 14:40:00,1135,1135,1135,1135,214
2026-04-21 14:50:00,1134,1134,1134,1134,6
2026-04-21 15:00:00,1133,1133,1133,1133,10
2026-04-21 15:10:00,1134,1134,1134,1134,1
2026-04-21 15:20:00,1134,1134,1129,1129,3487
2026-04-21 15:30:00,1128,1129,1127,1129,136
2026-04-21 15:40:00,1129,1130,1125,1125,613
2026-04-21 15:50:00,1125,1126,1123,1125,937
2026-04-21 16:00:00,1124,1127,1124,1127,142
2026-04-21 16:10:00,1127,1127,1126,1126,51
2026-04-21 16:20:00,1127,1127,1125,1125,30
2026-04-21 16:30:00,1125,1125,1123,1124,407
2026-04-21 16:40:00,1123,1123,1122,1122,109
2026-04-21 16:50:00,1123,1125,1123,1123,175
2026-04-21 17:00:00,1124,1125,1123,1123,58
2026-04-21 17:10:00,1123,1127,1123,1127,903
2026-04-21 17:20:00,1127,1128,1125,1128,179
2026-04-21 17:30:00,1129,1129,1127,1129,2173
2026-04-21 17:40:00,1129,1129,1127,1127,613
2026-04-21 17:50:00,1127,1128,1126,1128,329
2026-04-21 18:00:00,1128,1129,1126,1126,885
2026-04-21 18:10:00,1125,1127,1125,1127,62
2026-04-21 18:20:00,1127,1128,1127,1128,190
2026-04-21 18:30:00,1127,1127,1127,1127,29
2026-04-21 18:40:00,1127,1127,1126,1126,610
2026-04-21 18:50:00,1126,1126,1126,1126,20
2026-04-21 19:10:00,1126,1126,1125,1125,353
2026-04-21 19:20:00,1126,1126,1124,1124,657
2026-04-21 19:30:00,1124,1124,1122,1123,1262
2026-04-21 19:40:00,1123,1123,1123,1123,4
2026-04-21 19:50:00,1124,1126,1124,1126,413
2026-04-21 20:10:00,1125,1125,1124,1124,981
2026-04-21 20:20:00,1124,1124,1124,1124,12
2026-04-21 20:30:00,1126,1126,1126,1126,80
2026-04-21 20:40:00,1123,1123,1123,1123,11
2026-04-21 20:50:00,1125,1125,1123,1123,9
2026-04-21 21:00:00,1123,1125,1123,1125,86
2026-04-21 21:10:00,1123,1125,1123,1125,84
2026-04-21 21:20:00,1126,1126,1126,1126,2
2026-04-21 21:50:00,1125,1125,1125,1125,105
2026-04-21 22:00:00,1125,1125,1125,1125,180
2026-04-21 22:30:00,1126,1126,1124,1124,441
2026-04-21 22:50:00,1124,1124,1121,1123,2131
2026-04-21 23:00:00,1125,1125,1123,1123,118
2026-04-21 23:10:00,1123,1125,1123,1125,705
2026-04-21 23:20:00,1125,1126,1125,1126,32
2026-04-21 23:30:00,1126,1126,1123,1126,135
2026-04-21 23:40:00,1126,1127,1125,1125,401
2026-04-22 09:00:00,1127,1130,1126,1126,1933
2026-04-22 09:10:00,1127,1132,1127,1130,1274
2026-04-22 09:20:00,1131,1134,1131,1133,562
2026-04-22 09:30:00,1133,1134,1133,1133,1640
2026-04-22 09:40:00,1134,1135,1133,1134,724
2026-04-22 09:50:00,1134,1134,1132,1132,353
2026-04-22 10:00:00,1132,1132,1130,1131,950
2026-04-22 10:10:00,1130,1130,1129,1130,500
2026-04-22 10:20:00,1131,1132,1130,1130,227
2026-04-22 10:30:00,1131,1132,1131,1132,231
2026-04-22 10:40:00,1130,1130,1129,1130,127
2026-04-22 10:50:00,1130,1132,1130,1132,1004
2026-04-22 11:00:00,1130,1131,1130,1131,183
2026-04-22 11:10:00,1132,1133,1130,1131,792
2026-04-22 11:20:00,1132,1132,1132,1132,4
2026-04-22 11:30:00,1130,1130,1130,1130,100
2026-04-22 11:40:00,1129,1129,1127,1129,1228
2026-04-22 11:50:00,1129,1129,1129,1129,4
2026-04-22 12:00:00,1129,1130,1129,1130,59
2026-04-22 12:10:00,1131,1131,1131,1131,252
2026-04-22 12:20:00,1130,1132,1129,1132,1206
2026-04-22 12:30:00,1131,1137,1131,1136,602
2026-04-22 12:40:00,1136,1136,1136,1136,302
2026-04-22 12:50:00,1138,1140,1137,1137,2771
2026-04-22 13:10:00,1137,1137,1137,1137,5
2026-04-22 13:20:00,1136,1136,1136,1136,50
2026-04-22 13:30:00,1137,1137,1136,1136,287
2026-04-22 13:40:00,1136,1137,1135,1137,1275
2026-04-22 13:50:00,1135,1137,1135,1137,135
2026-04-22 14:00:00,1137,1137,1134,1134,152
2026-04-22 14:10:00,1135,1135,1132,1132,591
2026-04-22 14:20:00,1133,1133,1133,1133,30
2026-04-22 14:30:00,1135,1136,1134,1136,153
2026-04-22 14:40:00,1134,1137,1134,1137,37
2026-04-22 14:50:00,1136,1136,1135,1135,25
2026-04-22 15:00:00,1136,1136,1134,1134,178
2026-04-22 15:20:00,1134,1135,1134,1135,50
2026-04-22 15:30:00,1135,1136,1135,1136,101
2026-04-22 15:40:00,1136,1137,1136,1137,82
2026-04-22 15:50:00,1137,1139,1137,1138,39
2026-04-22 16:00:00,1136,1136,1136,1136,601
2026-04-22 16:10:00,1137,1137,1136,1136,454
2026-04-22 16:20:00,1136,1136,1134,1134,304
2026-04-22 16:30:00,1134,1135,1134,1135,60
2026-04-22 16:40:00,1134,1134,1133,1133,40
2026-04-22 16:50:00,1133,1133,1133,1133,18
2026-04-22 17:00:00,1133,1133,1133,1133,50
2026-04-22 17:10:00,1133,1133,1132,1132,100
2026-04-22 17:20:00,1134,1134,1130,1130,1430
2026-04-22 17:30:00,1133,1135,1133,1135,808
2026-04-22 17:40:00,1135,1136,1135,1136,18
2026-04-22 17:50:00,1136,1136,1135,1136,30
2026-04-22 18:00:00,1135,1136,1134,1134,119
2026-04-22 18:10:00,1136,1137,1136,1137,450
2026-04-22 18:20:00,1137,1137,1137,1137,109
2026-04-22 18:30:00,1137,1137,1137,1137,67
2026-04-22 18:40:00,1136,1136,1136,1136,130
2026-04-22 18:50:00,1137,1138,1136,1138,213
2026-04-22 19:00:00,1138,1141,1138,1141,4370
2026-04-22 19:10:00,1141,1141,1140,1140,470
2026-04-22 19:20:00,1140,1145,1140,1144,4378
2026-04-22 19:30:00,1144,1147,1144,1147,468
2026-04-22 19:40:00,1146,1146,1142,1142,682
2026-04-22 19:50:00,1144,1144,1141,1143,225
2026-04-22 20:00:00,1143,1143,1141,1141,184
2026-04-22 20:10:00,1141,1141,1141,1141,69
2026-04-22 20:20:00,1141,1142,1140,1140,352
2026-04-22 20:30:00,1141,1143,1140,1142,590
2026-04-22 20:40:00,1140,1140,1138,1140,2198
2026-04-22 20:50:00,1141,1141,1141,1141,200
2026-04-22 21:00:00,1141,1141,1141,1141,1
2026-04-22 21:10:00,1140,1141,1140,1141,23
2026-04-22 21:20:00,1141,1141,1140,1140,176
2026-04-22 21:30:00,1139,1141,1139,1141,517
2026-04-22 21:40:00,1141,1141,1141,1141,9
2026-04-22 21:50:00,1141,1143,1141,1141,606
2026-04-22 22:00:00,1140,1140,1140,1140,1
2026-04-22 22:30:00,1142,1142,1142,1142,15
2026-04-22 22:40:00,1140,1142,1140,1141,265
2026-04-22 23:10:00,1143,1143,1141,1141,2
2026-04-22 23:20:00,1141,1143,1141,1142,32
2026-04-22 23:30:00,1142,1144,1142,1144,840
2026-04-22 23:40:00,1144,1145,1143,1143,816
2026-04-23 08:50:00,1149,1149,1149,1149,14
2026-04-23 09:00:00,1146,1154,1143,1149,17301
2026-04-23 09:10:00,1149,1150,1147,1147,1079
2026-04-23 09:20:00,1148,1148,1147,1147,213
2026-04-23 09:30:00,1148,1148,1146,1147,402
2026-04-23 09:40:00,1147,1147,1143,1143,2291
2026-04-23 09:50:00,1145,1145,1143,1145,78
2026-04-23 10:00:00,1143,1143,1141,1141,2072
2026-04-23 10:10:00,1141,1142,1140,1140,409
2026-04-23 10:20:00,1141,1143,1141,1143,558
2026-04-23 10:30:00,1143,1143,1142,1143,174
2026-04-23 10:40:00,1143,1143,1140,1140,473
2026-04-23 10:50:00,1140,1140,1138,1139,601
2026-04-23 11:00:00,1140,1140,1140,1140,2
2026-04-23 11:10:00,1138,1138,1136,1136,250
2026-04-23 11:20:00,1136,1137,1135,1136,238
2026-04-23 11:30:00,1136,1137,1135,1135,259
2026-04-23 11:40:00,1135,1135,1135,1135,356
2026-04-23 11:50:00,1137,1137,1132,1133,6496
2026-04-23 12:00:00,1134,1134,1134,1134,1006
2026-04-23 12:10:00,1135,1135,1134,1134,1765
2026-04-23 12:20:00,1134,1134,1134,1134,2474
2026-04-23 12:30:00,1135,1135,1135,1135,109
2026-04-23 12:40:00,1135,1136,1135,1135,411
2026-04-23 12:50:00,1134,1134,1133,1133,101
2026-04-23 13:00:00,1133,1133,1130,1131,1104
2026-04-23 13:10:00,1132,1133,1131,1132,1062
2026-04-23 13:20:00,1132,1132,1131,1132,257
2026-04-23 13:30:00,1132,1136,1132,1136,1804
2026-04-23 13:40:00,1136,1136,1133,1133,401
2026-04-23 13:50:00,1133,1134,1133,1134,6
2026-04-23 14:00:00,1133,1134,1133,1134,130
2026-04-23 14:10:00,1133,1133,1131,1133,241
2026-04-23 14:20:00,1133,1133,1131,1131,401
2026-04-23 14:30:00,1131,1133,1130,1130,412
2026-04-23 14:40:00,1131,1133,1131,1131,415
2026-04-23 14:50:00,1132,1132,1131,1131,200
2026-04-23 15:00:00,1133,1134,1131,1131,650
2026-04-23 15:10:00,1132,1132,1132,1132,263
2026-04-23 15:20:00,1131,1132,1131,1132,71
2026-04-23 15:30:00,1131,1134,1131,1133,2122
2026-04-23 15:40:00,1134,1138,1133,1137,1065
2026-04-23 15:50:00,1137,1139,1135,1138,2779
2026-04-23 16:00:00,1138,1139,1137,1137,387
2026-04-23 16:10:00,1137,1137,1133,1133,3634
2026-04-23 16:20:00,1133,1133,1131,1132,705
2026-04-23 16:30:00,1132,1133,1132,1133,550
2026-04-23 16:40:00,1132,1132,1132,1132,52
2026-04-23 16:50:00,1131,1131,1131,1131,51
2026-04-23 17:00:00,1130,1132,1130,1130,772
2026-04-23 17:10:00,1131,1131,1131,1131,53
2026-04-23 17:20:00,1132,1133,1132,1133,323
2026-04-23 17:30:00,1132,1137,1132,1136,654
2026-04-23 17:40:00,1136,1138,1136,1138,167
2026-04-23 17:50:00,1138,1138,1138,1138,51
2026-04-23 18:00:00,1138,1138,1138,1138,120
2026-04-23 18:10:00,1138,1138,1137,1137,476
2026-04-23 18:30:00,1136,1136,1136,1136,400
2026-04-23 18:40:00,1136,1136,1135,1135,28
2026-04-23 18:50:00,1136,1136,1135,1135,6
2026-04-23 19:00:00,1135,1135,1135,1135,118
2026-04-23 19:20:00,1134,1134,1134,1134,100
2026-04-23 19:30:00,1135,1135,1132,1135,397
2026-04-23 19:40:00,1133,1135,1133,1135,288
2026-04-23 19:50:00,1135,1135,1135,1135,174
2026-04-23 20:00:00,1133,1134,1133,1134,7
2026-04-23 20:10:00,1135,1135,1133,1133,143
2026-04-23 20:20:00,1135,1135,1131,1132,720
2026-04-23 20:30:00,1133,1134,1132,1134,130
2026-04-23 20:40:00,1135,1135,1132,1132,48
2026-04-23 21:00:00,1134,1134,1134,1134,1
2026-04-23 21:10:00,1134,1134,1123,1128,15262
2026-04-23 21:20:00,1129,1131,1129,1131,6
2026-04-23 21:30:00,1131,1131,1131,1131,106
2026-04-23 21:40:00,1131,1131,1131,1131,302
2026-04-23 21:50:00,1131,1131,1131,1131,5
2026-04-23 22:00:00,1130,1132,1130,1132,227
2026-04-23 22:10:00,1131,1132,1131,1132,430
2026-04-23 22:20:00,1132,1133,1132,1133,428
2026-04-23 22:30:00,1131,1131,1131,1131,4
2026-04-23 22:50:00,1131,1132,1131,1132,133
2026-04-23 23:20:00,1133,1133,1132,1132,5
2026-04-23 23:30:00,1133,1133,1132,1132,178
2026-04-23 23:40:00,1131,1132,1131,1132,101
2026-04-24 09:00:00,1133,1134,1133,1133,647
2026-04-24 09:10:00,1135,1136,1133,1136,1000
2026-04-24 09:20:00,1135,1137,1135,1137,53
2026-04-24 09:30:00,1137,1138,1137,1138,1361
2026-04-24 09:40:00,1138,1138,1137,1137,337
2026-04-24 09:50:00,1137,1137,1134,1137,1258
2026-04-24 10:00:00,1135,1135,1133,1133,53
2026-04-24 10:10:00,1133,1133,1133,1133,3
2026-04-24 10:20:00,1133,1133,1133,1133,498
2026-04-24 10:30:00,1132,1133,1132,1133,5
2026-04-24 10:50:00,1132,1135,1132,1135,470
2026-04-24 11:00:00,1132,1132,1132,1132,441
2026-04-24 11:10:00,1131,1132,1130,1130,403
2026-04-24 11:20:00,1130,1131,1130,1131,276
2026-04-24 11:30:00,1131,1131,1131,1131,10
2026-04-24 11:40:00,1131,1131,1131,1131,1
2026-04-24 11:50:00,1130,1130,1130,1130,85
2026-04-24 12:00:00,1130,1131,1129,1131,420
2026-04-24 12:10:00,1131,1132,1131,1132,86
2026-04-24 12:20:00,1132,1132,1130,1132,1616
2026-04-24 12:30:00,1130,1133,1130,1133,346
2026-04-24 12:40:00,1133,1134,1131,1131,301
2026-04-24 12:50:00,1132,1132,1129,1130,916
2026-04-24 13:00:00,1130,1131,1130,1131,159
2026-04-24 13:10:00,1130,1131,1129,1131,476
2026-04-24 13:20:00,1129,1132,1129,1131,289
2026-04-24 13:30:00,1129,1129,1104,1110,24737
2026-04-24 13:40:00,1110,1116,1108,1110,4409
2026-04-24 13:50:00,1110,1112,1106,1109,4520
2026-04-24 14:00:00,1109,1110,1106,1107,2714
2026-04-24 14:10:00,1109,1111,1108,1111,2467
2026-04-24 14:20:00,1111,1111,1107,1107,2235
2026-04-24 14:30:00,1107,1107,1103,1105,2043
2026-04-24 14:40:00,1105,1106,1104,1106,575
2026-04-24 14:50:00,1105,1106,1104,1104,1376
2026-04-24 15:00:00,1104,1105,1103,1104,935
2026-04-24 15:10:00,1104,1105,1091,1094,7118
2026-04-24 15:20:00,1096,1100,1095,1100,4230
2026-04-24 15:30:00,1099,1099,1093,1094,790
2026-04-24 15:40:00,1093,1097,1093,1097,125
2026-04-24 15:50:00,1098,1098,1095,1095,169
2026-04-24 16:00:00,1095,1097,1092,1093,1886
2026-04-24 16:10:00,1092,1095,1091,1093,1847
2026-04-24 16:20:00,1093,1094,1086,1088,5761
2026-04-24 16:30:00,1089,1093,1087,1093,1337
2026-04-24 16:40:00,1093,1100,1093,1098,1138
2026-04-24 16:50:00,1099,1100,1096,1100,1762
2026-04-24 17:00:00,1099,1102,1099,1101,528
2026-04-24 17:10:00,1100,1103,1099,1099,1348
2026-04-24 17:20:00,1100,1104,1099,1102,1606
2026-04-24 17:30:00,1103,1103,1103,1103,367
2026-04-24 17:40:00,1101,1101,1097,1097,938
2026-04-24 17:50:00,1097,1098,1095,1097,218
2026-04-24 18:00:00,1097,1098,1095,1097,258
2026-04-24 18:10:00,1098,1099,1098,1099,436
2026-04-24 18:20:00,1097,1097,1092,1095,3832
2026-04-24 18:30:00,1095,1097,1095,1096,624
2026-04-24 18:40:00,1095,1096,1094,1094,643
2026-04-24 19:00:00,1097,1097,1095,1097,183
2026-04-24 19:10:00,1097,1100,1097,1100,297
2026-04-24 19:20:00,1100,1100,1100,1100,25
2026-04-24 19:30:00,1101,1101,1101,1101,2
2026-04-24 19:40:00,1101,1103,1101,1101,782
2026-04-24 19:50:00,1102,1103,1101,1103,449
2026-04-24 20:00:00,1102,1102,1102,1102,223
2026-04-24 20:10:00,1102,1103,1102,1103,511
2026-04-24 20:20:00,1104,1105,1102,1102,406
2026-04-24 20:30:00,1102,1102,1102,1102,281
2026-04-24 20:40:00,1102,1103,1101,1101,53
2026-04-24 20:50:00,1101,1103,1101,1101,751
2026-04-24 21:00:00,1100,1100,1099,1100,116
2026-04-24 21:10:00,1100,1102,1100,1102,313
2026-04-24 21:20:00,1102,1102,1102,1102,6
2026-04-24 21:30:00,1102,1102,1102,1102,2
2026-04-24 22:00:00,1102,1103,1101,1103,177
2026-04-24 22:20:00,1102,1103,1101,1101,169
2026-04-24 22:30:00,1100,1100,1099,1099,13
2026-04-24 22:40:00,1099,1099,1099,1099,275
2026-04-24 22:50:00,1099,1099,1099,1099,83
2026-04-24 23:10:00,1100,1101,1100,1100,1434
2026-04-24 23:20:00,1099,1101,1099,1101,484
2026-04-24 23:30:00,1099,1102,1099,1102,147
2026-04-24 23:40:00,1102,1102,1099,1102,156
2026-04-25 10:00:00,1104,1104,1099,1099,258
2026-04-25 10:40:00,1101,1105,1101,1103,1453
2026-04-25 10:50:00,1103,1103,1103,1103,1
2026-04-25 11:10:00,1102,1103,1100,1100,500
2026-04-25 11:20:00,1100,1100,1100,1100,3
2026-04-25 11:40:00,1100,1100,1100,1100,15
2026-04-25 11:50:00,1102,1102,1102,1102,1
2026-04-25 12:00:00,1100,1100,1100,1100,1
2026-04-25 12:40:00,1100,1101,1100,1101,34
2026-04-25 12:50:00,1099,1099,1099,1099,67
2026-04-25 13:10:00,1098,1098,1097,1097,68
2026-04-25 13:20:00,1099,1099,1099,1099,2
2026-04-25 13:30:00,1097,1097,1097,1097,1
2026-04-25 13:50:00,1098,1098,1096,1096,211
2026-04-25 14:30:00,1096,1096,1096,1096,2
2026-04-25 14:40:00,1099,1099,1099,1099,100
2026-04-25 15:10:00,1097,1097,1096,1096,50
2026-04-25 15:40:00,1099,1099,1099,1099,100
2026-04-25 15:50:00,1096,1096,1096,1096,1
2026-04-25 16:20:00,1098,1099,1098,1099,1000
2026-04-25 16:30:00,1097,1097,1097,1097,2
2026-04-25 17:10:00,1096,1096,1096,1096,5
2026-04-25 17:30:00,1097,1097,1097,1097,3
2026-04-25 17:50:00,1097,1097,1097,1097,66
2026-04-25 18:00:00,1096,1096,1096,1096,80
2026-04-25 18:30:00,1099,1099,1099,1099,80
2026-04-26 09:50:00,1100,1100,1100,1100,3
2026-04-26 10:00:00,1100,1100,1097,1097,18
2026-04-26 10:10:00,1100,1100,1100,1100,12
2026-04-26 11:10:00,1099,1099,1099,1099,5
2026-04-26 11:40:00,1097,1097,1092,1095,656
2026-04-26 11:50:00,1097,1097,1097,1097,4
2026-04-26 12:10:00,1097,1097,1097,1097,48
2026-04-26 13:00:00,1097,1097,1097,1097,98
2026-04-26 13:40:00,1097,1097,1097,1097,1
2026-04-26 14:00:00,1096,1096,1096,1096,48
2026-04-26 14:20:00,1096,1096,1096,1096,14
2026-04-26 14:40:00,1097,1098,1097,1098,9
2026-04-26 14:50:00,1097,1097,1097,1097,19
2026-04-26 15:40:00,1097,1097,1097,1097,3
2026-04-26 15:50:00,1096,1096,1096,1096,39
2026-04-26 16:40:00,1098,1099,1098,1099,600
2026-04-26 17:10:00,1098,1098,1098,1098,1
2026-04-26 17:20:00,1097,1097,1097,1097,50
2026-04-26 17:40:00,1097,1097,1097,1097,20
2026-04-26 17:50:00,1096,1096,1096,1096,1
2026-04-26 18:00:00,1096,1096,1096,1096,12
2026-04-26 18:30:00,1096,1096,1095,1095,125
2026-04-26 18:50:00,1097,1097,1097,1097,30
2026-04-27 08:50:00,1097,1097,1097,1097,4
2026-04-27 09:00:00,1096,1096,1089,1090,2497
2026-04-27 09:10:00,1089,1091,1076,1088,12173
2026-04-27 09:20:00,1085,1086,1081,1082,5530
2026-04-27 09:30:00,1082,1085,1082,1083,1330
2026-04-27 09:40:00,1083,1085,1083,1084,120
2026-04-27 09:50:00,1083,1084,1082,1084,219
2026-04-27 10:00:00,1084,1085,1082,1085,269
2026-04-27 10:10:00,1084,1087,1083,1086,589
2026-04-27 10:20:00,1085,1087,1084,1087,784
2026-04-27 10:30:00,1085,1087,1085,1085,91
2026-04-27 10:40:00,1085,1089,1085,1089,471
2026-04-27 10:50:00,1089,1089,1086,1088,57
2026-04-27 11:00:00,1088,1088,1088,1088,271
2026-04-27 11:10:00,1089,1089,1088,1088,272
2026-04-27 11:20:00,1088,1088,1088,1088,10
2026-04-27 11:30:00,1088,1088,1087,1087,3
2026-04-27 11:40:00,1088,1088,1088,1088,5
2026-04-27 11:50:00,1087,1087,1085,1085,143
2026-04-27 12:00:00,1086,1088,1086,1087,1837
2026-04-27 12:10:00,1086,1086,1086,1086,20
2026-04-27 12:20:00,1085,1085,1084,1085,108
2026-04-27 12:30:00,1085,1085,1083,1083,143
2026-04-27 12:40:00,1083,1084,1082,1084,506
2026-04-27 12:50:00,1084,1084,1084,1084,325
2026-04-27 13:00:00,1083,1083,1082,1082,557
2026-04-27 13:10:00,1082,1082,1082,1082,11
2026-04-27 13:30:00,1085,1085,1085,1085,1
2026-04-27 13:40:00,1084,1085,1083,1085,230
2026-04-27 13:50:00,1085,1085,1085,1085,25
2026-04-27 14:00:00,1086,1086,1086,1086,57
2026-04-27 14:10:00,1086,1086,1084,1084,416
2026-04-27 14:20:00,1084,1086,1084,1084,609
2026-04-27 14:40:00,1084,1085,1084,1084,80
2026-04-27 14:50:00,1084,1084,1084,1084,7
2026-04-27 15:00:00,1084,1085,1084,1085,93
2026-04-27 15:10:00,1084,1084,1084,1084,3
2026-04-27 15:20:00,1084,1084,1083,1083,100
2026-04-27 15:30:00,1083,1083,1081,1082,746
2026-04-27 15:40:00,1083,1083,1080,1080,509
2026-04-27 15:50:00,1081,1081,1081,1081,432
2026-04-27 16:00:00,1080,1080,1080,1080,155
2026-04-27 16:10:00,1080,1081,1080,1081,10
2026-04-27 16:20:00,1080,1081,1080,1081,351
2026-04-27 16:30:00,1081,1084,1081,1084,1762
2026-04-27 16:40:00,1084,1085,1084,1084,83
2026-04-27 16:50:00,1084,1085,1084,1084,123
2026-04-27 17:00:00,1085,1088,1085,1088,583
2026-04-27 17:10:00,1088,1088,1087,1087,41
2026-04-27 17:20:00,1087,1087,1086,1087,7
2026-04-27 17:30:00,1085,1085,1083,1083,122
2026-04-27 17:40:00,1083,1086,1082,1086,2530
2026-04-27 18:00:00,1087,1087,1087,1087,4
2026-04-27 18:10:00,1087,1087,1086,1086,63
2026-04-27 18:20:00,1087,1087,1086,1086,257
2026-04-27 18:30:00,1086,1087,1086,1087,483
2026-04-27 19:00:00,1087,1087,1085,1085,11
2026-04-27 19:20:00,1086,1086,1086,1086,1
2026-04-27 19:30:00,1085,1085,1085,1085,60
2026-04-27 19:40:00,1085,1089,1085,1089,502
2026-04-27 19:50:00,1087,1087,1083,1084,598
2026-04-27 20:00:00,1085,1085,1085,1085,30
2026-04-27 20:10:00,1084,1084,1083,1083,10
2026-04-27 20:20:00,1083,1083,1082,1083,185
2026-04-27 20:30:00,1083,1083,1083,1083,100
2026-04-27 20:40:00,1082,1082,1082,1082,50
2026-04-27 20:50:00,1083,1083,1082,1083,15
2026-04-27 21:00:00,1083,1083,1082,1082,2
2026-04-27 21:10:00,1082,1082,1081,1082,288
2026-04-27 21:20:00,1081,1083,1081,1083,175
2026-04-27 21:30:00,1082,1083,1081,1081,556
2026-04-27 21:40:00,1081,1081,1080,1080,80
2026-04-27 21:50:00,1080,1082,1080,1080,24
2026-04-27 22:00:00,1082,1082,1079,1079,805
2026-04-27 22:10:00,1081,1081,1081,1081,3
2026-04-27 22:20:00,1082,1083,1082,1083,30
2026-04-27 22:30:00,1083,1083,1083,1083,3
2026-04-27 22:40:00,1083,1083,1083,1083,3
2026-04-27 23:00:00,1083,1083,1081,1083,601
2026-04-27 23:10:00,1082,1082,1082,1082,31
2026-04-27 23:20:00,1082,1083,1082,1083,26
2026-04-27 23:30:00,1083,1083,1080,1083,659
2026-04-27 23:40:00,1083,1085,1082,1085,180
2026-04-28 09:00:00,1083,1087,1080,1087,4509
2026-04-28 09:10:00,1086,1087,1085,1086,446
2026-04-28 09:20:00,1085,1086,1081,1082,1259
2026-04-28 09:30:00,1082,1083,1081,1083,284
2026-04-28 09:40:00,1083,1083,1082,1083,162
2026-04-28 09:50:00,1081,1081,1081,1081,22
2026-04-28 10:00:00,1081,1081,1077,1077,723
2026-04-28 10:10:00,1077,1078,1075,1076,2617
2026-04-28 10:20:00,1077,1078,1075,1077,2582
2026-04-28 10:30:00,1075,1078,1075,1078,170
2026-04-28 10:40:00,1075,1076,1074,1075,859
2026-04-28 10:50:00,1076,1077,1072,1073,4380
2026-04-28 11:00:00,1074,1075,1071,1074,2244
2026-04-28 11:10:00,1074,1074,1072,1073,1333
2026-04-28 11:20:00,1074,1075,1074,1075,482
2026-04-28 11:30:00,1075,1076,1075,1075,135
2026-04-28 11:40:00,1075,1077,1075,1076,263
2026-04-28 11:50:00,1076,1076,1075,1075,110
2026-04-28 12:00:00,1075,1075,1072,1072,1069
2026-04-28 12:10:00,1073,1074,1073,1073,390
2026-04-28 12:20:00,1073,1073,1073,1073,1
2026-04-28 12:30:00,1074,1075,1074,1075,3
2026-04-28 12:40:00,1073,1073,1073,1073,29
2026-04-28 12:50:00,1073,1073,1071,1071,308
2026-04-28 13:00:00,1071,1071,1071,1071,209
2026-04-28 13:10:00,1072,1073,1071,1073,248
2026-04-28 13:20:00,1074,1074,1071,1072,1640
2026-04-28 13:30:00,1072,1073,1072,1072,110
2026-04-28 13:40:00,1073,1073,1073,1073,55
2026-04-28 13:50:00,1072,1073,1072,1072,52
2026-04-28 14:10:00,1072,1075,1072,1073,468
2026-04-28 14:20:00,1075,1076,1075,1075,568
2026-04-28 14:30:00,1077,1078,1077,1077,603
2026-04-28 14:40:00,1077,1077,1077,1077,1
2026-04-28 14:50:00,1078,1078,1076,1076,25
2026-04-28 15:00:00,1076,1078,1076,1078,52
2026-04-28 15:10:00,1078,1079,1078,1078,46
2026-04-28 15:20:00,1077,1078,1076,1077,130
2026-04-28 15:30:00,1075,1075,1073,1075,606
2026-04-28 15:40:00,1073,1074,1073,1074,4
2026-04-28 15:50:00,1074,1074,1071,1071,1178
2026-04-28 16:00:00,1070,1070,1067,1068,2868
2026-04-28 16:10:00,1068,1070,1068,1070,304
2026-04-28 16:20:00,1068,1068,1068,1068,55
2026-04-28 16:30:00,1069,1070,1068,1070,454
2026-04-28 16:40:00,1070,1070,1069,1069,86
2026-04-28 16:50:00,1069,1069,1066,1067,3326
2026-04-28 17:00:00,1067,1070,1067,1070,172
2026-04-28 17:10:00,1071,1071,1069,1069,413
2026-04-28 17:20:00,1071,1071,1070,1070,287
2026-04-28 17:30:00,1070,1072,1069,1069,891
2026-04-28 17:40:00,1069,1070,1066,1068,349
2026-04-28 17:50:00,1069,1069,1069,1069,24
2026-04-28 18:00:00,1069,1070,1069,1070,146
2026-04-28 18:10:00,1068,1068,1068,1068,26
2026-04-28 18:20:00,1068,1069,1068,1069,589
2026-04-28 18:30:00,1068,1069,1068,1069,204
2026-04-28 18:40:00,1068,1069,1068,1069,172
2026-04-28 18:50:00,1070,1071,1069,1071,591
2026-04-28 19:10:00,1070,1070,1069,1069,854
2026-04-28 19:20:00,1070,1070,1070,1070,18
2026-04-28 19:30:00,1069,1071,1068,1071,678
2026-04-28 19:50:00,1069,1070,1069,1069,293
2026-04-28 20:00:00,1069,1071,1069,1071,310
2026-04-28 20:20:00,1072,1072,1072,1072,1
2026-04-28 20:30:00,1071,1071,1071,1071,23
2026-04-28 20:40:00,1071,1071,1071,1071,104
2026-04-28 20:50:00,1071,1071,1069,1069,63
2026-04-28 21:00:00,1072,1073,1072,1073,272
2026-04-28 21:10:00,1073,1073,1073,1073,201
2026-04-28 21:20:00,1072,1073,1072,1073,122
2026-04-28 21:30:00,1072,1072,1071,1071,60
2026-04-28 22:00:00,1071,1071,1068,1070,990
2026-04-28 22:20:00,1070,1070,1070,1070,1
2026-04-28 22:40:00,1071,1071,1069,1069,33
2026-04-28 22:50:00,1069,1071,1069,1071,5
2026-04-28 23:00:00,1071,1071,1069,1071,106
2026-04-28 23:10:00,1070,1072,1069,1069,102
2026-04-28 23:20:00,1070,1070,1069,1069,154
2026-04-28 23:30:00,1068,1069,1067,1067,114
2026-04-28 23:40:00,1067,1069,1067,1069,102
2026-04-29 09:00:00,1073,1073,1069,1069,474
2026-04-29 09:10:00,1070,1071,1069,1071,293
2026-04-29 09:20:00,1070,1071,1069,1071,472
2026-04-29 09:30:00,1071,1071,1069,1070,152
2026-04-29 09:40:00,1069,1070,1069,1070,54
2026-04-29 09:50:00,1069,1072,1069,1072,104
2026-04-29 10:00:00,1071,1073,1070,1071,517
2026-04-29 10:10:00,1070,1070,1067,1067,168
2026-04-29 10:20:00,1067,1067,1063,1064,1097
2026-04-29 10:30:00,1065,1066,1063,1065,1234
2026-04-29 10:40:00,1064,1067,1064,1067,220
2026-04-29 10:50:00,1066,1067,1065,1065,203
2026-04-29 11:00:00,1066,1069,1066,1069,11
2026-04-29 11:10:00,1069,1069,1067,1067,465
2026-04-29 11:20:00,1068,1068,1067,1067,277
2026-04-29 11:30:00,1068,1068,1068,1068,2
2026-04-29 11:40:00,1067,1067,1066,1067,115
2026-04-29 11:50:00,1067,1069,1067,1069,80
2026-04-29 12:00:00,1070,1070,1070,1070,33
2026-04-29 12:10:00,1071,1071,1071,1071,2
2026-04-29 12:20:00,1070,1073,1070,1072,678
2026-04-29 12:30:00,1073,1077,1073,1074,695
2026-04-29 12:40:00,1074,1074,1074,1074,18
2026-04-29 12:50:00,1076,1076,1076,1076,50
2026-04-29 13:00:00,1075,1075,1075,1075,35
2026-04-29 13:10:00,1074,1074,1072,1072,75
2026-04-29 13:20:00,1072,1073,1072,1073,16
2026-04-29 13:30:00,1075,1075,1075,1075,25
2026-04-29 13:40:00,1073,1073,1069,1072,183
2026-04-29 13:50:00,1070,1070,1068,1068,227
2026-04-29 14:00:00,1069,1069,1069,1069,20
2026-04-29 14:10:00,1069,1071,1069,1071,102
2026-04-29 14:20:00,1071,1071,1069,1069,75
2026-04-29 14:30:00,1069,1070,1069,1069,147
2026-04-29 14:40:00,1068,1068,1065,1065,252
2026-04-29 14:50:00,1065,1065,1060,1063,5463
2026-04-29 15:00:00,1065,1065,1065,1065,195
2026-04-29 15:10:00,1065,1067,1065,1066,66
2026-04-29 15:20:00,1067,1067,1063,1063,67
2026-04-29 15:30:00,1063,1063,1061,1061,531
2026-04-29 15:40:00,1061,1061,1058,1060,1329
2026-04-29 15:50:00,1059,1062,1059,1062,697
2026-04-29 16:00:00,1062,1062,1061,1061,143
2026-04-29 16:10:00,1060,1061,1058,1060,394
2026-04-29 16:20:00,1061,1061,1059,1059,468
2026-04-29 16:30:00,1061,1061,1059,1061,607
2026-04-29 16:40:00,1060,1060,1054,1055,2587
2026-04-29 16:50:00,1055,1056,1055,1055,281
2026-04-29 17:00:00,1054,1057,1054,1056,664
2026-04-29 17:10:00,1057,1057,1056,1056,64
2026-04-29 17:20:00,1055,1055,1050,1052,5402
2026-04-29 17:30:00,1054,1057,1054,1055,1816
2026-04-29 17:40:00,1055,1057,1054,1055,2151
2026-04-29 17:50:00,1055,1055,1053,1053,878
2026-04-29 18:00:00,1053,1053,1038,1041,6735
2026-04-29 18:10:00,1041,1043,1033,1043,12959
2026-04-29 18:20:00,1042,1043,1041,1043,2069
2026-04-29 18:30:00,1042,1049,1042,1048,6537
2026-04-29 18:40:00,1048,1050,1047,1050,1006
2026-04-29 18:50:00,1049,1049,1049,1049,225
2026-04-29 19:00:00,1049,1053,1047,1053,1358
2026-04-29 19:10:00,1053,1053,1050,1052,161
2026-04-29 19:20:00,1051,1051,1049,1049,226
2026-04-29 19:30:00,1051,1051,1050,1051,208
2026-04-29 19:40:00,1049,1052,1049,1052,3
2026-04-29 19:50:00,1052,1053,1052,1053,240
2026-04-29 20:00:00,1053,1053,1053,1053,30
2026-04-29 20:10:00,1051,1053,1049,1053,578
2026-04-29 20:20:00,1053,1056,1053,1056,2451
2026-04-29 20:30:00,1056,1058,1055,1056,627
2026-04-29 20:40:00,1056,1056,1055,1056,798
2026-04-29 20:50:00,1056,1056,1056,1056,2066
2026-04-29 21:00:00,1055,1060,1055,1060,813
2026-04-29 21:10:00,1061,1061,1059,1059,152
2026-04-29 21:20:00,1058,1063,1058,1061,231
2026-04-29 21:30:00,1063,1063,1061,1061,404
2026-04-29 21:40:00,1060,1060,1057,1057,234
2026-04-29 21:50:00,1058,1059,1058,1059,31
2026-04-29 22:00:00,1059,1059,1059,1059,52
2026-04-29 22:10:00,1058,1058,1056,1057,69
2026-04-29 22:20:00,1056,1057,1055,1055,37
2026-04-29 22:30:00,1055,1055,1051,1054,399
2026-04-29 22:40:00,1055,1056,1055,1056,54
2026-04-29 22:50:00,1056,1057,1056,1057,400
2026-04-29 23:00:00,1057,1057,1057,1057,100
2026-04-29 23:20:00,1058,1058,1058,1058,39
2026-04-29 23:30:00,1057,1059,1056,1057,534
2026-04-29 23:40:00,1056,1057,1056,1056,211
2026-04-30 09:00:00,1055,1055,1049,1052,1212
2026-04-30 09:10:00,1049,1050,1045,1047,339
2026-04-30 09:20:00,1048,1051,1047,1051,783
2026-04-30 09:30:00,1051,1055,1049,1055,1397
2026-04-30 09:40:00,1055,1055,1054,1055,114
2026-04-30 09:50:00,1056,1057,1054,1055,4087
2026-04-30 10:00:00,1053,1056,1049,1050,746
2026-04-30 10:10:00,1051,1060,1051,1060,2044
2026-04-30 10:20:00,1059,1059,1057,1057,396
2026-04-30 10:30:00,1056,1056,1052,1053,757
2026-04-30 10:40:00,1053,1053,1053,1053,87
2026-04-30 10:50:00,1054,1059,1054,1059,1517
2026-04-30 11:00:00,1059,1059,1057,1059,864
2026-04-30 11:10:00,1059,1065,1058,1058,2155
2026-04-30 11:20:00,1058,1059,1057,1058,82
2026-04-30 11:30:00,1058,1059,1058,1059,514
2026-04-30 11:40:00,1059,1061,1058,1058,242
2026-04-30 11:50:00,1057,1057,1055,1055,237
2026-04-30 12:00:00,1056,1057,1056,1057,337
2026-04-30 12:10:00,1058,1058,1058,1058,128
2026-04-30 12:20:00,1057,1057,1053,1053,210
2026-04-30 12:30:00,1053,1054,1052,1052,312
2026-04-30 12:40:00,1052,1052,1052,1052,170
2026-04-30 12:50:00,1053,1053,1053,1053,11
2026-04-30 13:00:00,1052,1052,1051,1051,217
2026-04-30 13:10:00,1050,1051,1050,1051,32
2026-04-30 13:20:00,1052,1052,1052,1052,5
2026-04-30 13:30:00,1052,1053,1052,1053,678
2026-04-30 13:40:00,1051,1051,1051,1051,56
2026-04-30 13:50:00,1051,1052,1051,1052,70
2026-04-30 14:00:00,1050,1050,1050,1050,12
2026-04-30 14:10:00,1049,1050,1043,1043,1343
2026-04-30 14:20:00,1042,1043,1041,1041,1053
2026-04-30 14:30:00,1040,1041,1040,1041,1029
2026-04-30 14:40:00,1042,1043,1041,1041,329
2026-04-30 14:50:00,1040,1042,1040,1041,815
2026-04-30 15:00:00,1043,1044,1041,1043,559
2026-04-30 15:10:00,1044,1044,1044,1044,157
2026-04-30 15:20:00,1045,1045,1043,1043,65
2026-04-30 15:30:00,1043,1044,1043,1044,64
2026-04-30 15:40:00,1044,1044,1044,1044,1384
2026-04-30 15:50:00,1043,1043,1043,1043,19
2026-04-30 16:00:00,1043,1043,1043,1043,14
2026-04-30 16:10:00,1044,1044,1043,1043,9
2026-04-30 16:20:00,1044,1044,1044,1044,236
2026-04-30 16:30:00,1043,1044,1043,1044,4
2026-04-30 16:40:00,1043,1044,1042,1043,1762
2026-04-30 16:50:00,1043,1043,1042,1042,1110
2026-04-30 17:20:00,1043,1045,1043,1044,40
2026-04-30 17:30:00,1045,1048,1045,1046,1466
2026-04-30 17:40:00,1046,1047,1046,1047,118
2026-04-30 17:50:00,1045,1045,1045,1045,83
2026-04-30 18:00:00,1045,1045,1045,1045,1
2026-04-30 18:10:00,1046,1046,1046,1046,595
2026-04-30 18:20:00,1046,1046,1046,1046,50
2026-04-30 18:30:00,1046,1046,1045,1045,123
2026-04-30 18:40:00,1045,1045,1044,1044,207
2026-04-30 19:00:00,1045,1045,1045,1045,10
2026-04-30 19:10:00,1046,1046,1046,1046,30
2026-04-30 19:20:00,1046,1046,1046,1046,20
2026-04-30 19:30:00,1046,1047,1046,1047,281
2026-04-30 19:40:00,1048,1048,1047,1048,68
2026-04-30 19:50:00,1048,1048,1048,1048,11
2026-04-30 20:00:00,1048,1048,1045,1045,323
2026-04-30 20:20:00,1045,1045,1045,1045,20
2026-04-30 20:40:00,1047,1047,1046,1046,149
2026-04-30 20:50:00,1046,1046,1046,1046,7
2026-04-30 21:10:00,1047,1047,1046,1046,59
2026-04-30 21:20:00,1046,1046,1046,1046,140
2026-04-30 21:40:00,1045,1046,1045,1046,47
2026-04-30 21:50:00,1047,1047,1047,1047,4
2026-04-30 22:00:00,1047,1050,1047,1050,1124
2026-04-30 22:10:00,1049,1053,1049,1052,2189
2026-04-30 22:20:00,1049,1049,1049,1049,200
2026-04-30 22:40:00,1051,1051,1051,1051,41
2026-04-30 22:50:00,1051,1051,1051,1051,9
2026-04-30 23:00:00,1050,1051,1050,1051,21
2026-04-30 23:10:00,1050,1050,1050,1050,10
2026-04-30 23:20:00,1051,1051,1049,1050,528
2026-04-30 23:30:00,1050,1051,1048,1048,808
2026-04-30 23:40:00,1047,1047,1041,1043,2376
2026-05-01 10:00:00,1049,1049,1047,1047,31
2026-05-01 10:10:00,1047,1047,1045,1045,50
2026-05-01 10:20:00,1047,1047,1047,1047,50
2026-05-01 10:40:00,1048,1048,1048,1048,12
2026-05-01 10:50:00,1047,1048,1047,1048,30
2026-05-01 11:00:00,1046,1048,1046,1048,166
2026-05-01 11:10:00,1048,1048,1048,1048,242
2026-05-01 11:20:00,1048,1048,1048,1048,2
2026-05-01 11:40:00,1048,1049,1048,1048,673
2026-05-01 11:50:00,1048,1048,1048,1048,249
2026-05-01 12:00:00,1048,1048,1048,1048,101
2026-05-01 12:10:00,1048,1048,1048,1048,22
2026-05-01 12:20:00,1048,1048,1048,1048,1
2026-05-01 12:40:00,1048,1048,1048,1048,234
2026-05-01 13:10:00,1048,1048,1048,1048,10
2026-05-01 13:20:00,1048,1048,1048,1048,2
2026-05-01 14:20:00,1048,1048,1048,1048,41
2026-05-01 14:30:00,1047,1047,1046,1046,200
2026-05-01 14:50:00,1047,1048,1047,1048,3
2026-05-01 15:00:00,1048,1048,1048,1048,52
2026-05-01 15:40:00,1048,1048,1048,1048,9
2026-05-01 16:00:00,1048,1048,1048,1048,3
2026-05-01 16:20:00,1048,1048,1048,1048,105
2026-05-01 16:30:00,1048,1048,1048,1048,5
2026-05-01 16:50:00,1048,1048,1048,1048,500
2026-05-01 17:00:00,1048,1048,1048,1048,54
2026-05-01 17:20:00,1047,1047,1046,1046,100
2026-05-01 17:30:00,1046,1046,1044,1044,276
2026-05-01 17:50:00,1046,1046,1046,1046,32
2026-05-01 18:00:00,1046,1046,1046,1046,8
2026-05-01 18:10:00,1047,1047,1047,1047,51
2026-05-01 18:40:00,1048,1048,1048,1048,30
2026-05-01 20:10:00,1045,1045,1043,1045,220
2026-05-01 21:30:00,1045,1045,1045,1045,5
2026-05-01 21:40:00,1045,1046,1045,1046,447
2026-05-01 22:20:00,1045,1046,1045,1046,9
2026-05-01 22:40:00,1046,1046,1046,1046,30
2026-05-01 23:30:00,1047,1049,1047,1049,200
2026-05-01 23:40:00,1049,1049,1049,1049,6
2026-05-02 10:00:00,1047,1047,1045,1045,131
2026-05-02 10:20:00,1046,1046,1046,1046,2
2026-05-02 10:30:00,1047,1047,1047,1047,63
2026-05-02 10:50:00,1048,1048,1048,1048,3
2026-05-02 11:20:00,1047,1047,1046,1046,200
2026-05-02 11:50:00,1048,1048,1047,1047,2
2026-05-02 12:40:00,1047,1047,1047,1047,4
2026-05-02 12:50:00,1046,1048,1046,1048,72
2026-05-02 13:00:00,1048,1048,1048,1048,5
2026-05-02 13:40:00,1047,1047,1045,1045,629
2026-05-02 14:00:00,1045,1045,1044,1044,1321
2026-05-02 14:10:00,1046,1046,1046,1046,5
2026-05-02 15:00:00,1046,1046,1046,1046,10
2026-05-02 15:40:00,1044,1044,1044,1044,10
2026-05-02 16:20:00,1044,1044,1044,1044,121
2026-05-02 16:30:00,1046,1046,1046,1046,3
2026-05-02 16:40:00,1046,1046,1046,1046,7
2026-05-02 17:00:00,1046,1047,1046,1047,5
2026-05-02 17:50:00,1047,1047,1047,1047,1
2026-05-02 18:30:00,1045,1045,1044,1044,236
2026-05-03 10:00:00,1044,1044,1044,1044,10
2026-05-03 10:10:00,1046,1047,1046,1047,13
2026-05-03 10:20:00,1047,1047,1047,1047,1
2026-05-03 10:30:00,1047,1047,1045,1047,15
2026-05-03 10:40:00,1047,1047,1045,1045,46
2026-05-03 10:50:00,1047,1048,1045,1046,42
2026-05-03 11:00:00,1048,1048,1046,1046,27
2026-05-03 11:10:00,1048,1049,1045,1045,95
2026-05-03 11:20:00,1047,1047,1046,1046,9
2026-05-03 11:40:00,1047,1047,1045,1047,235
2026-05-03 11:50:00,1045,1047,1045,1045,12
2026-05-03 12:00:00,1047,1047,1047,1047,1
2026-05-03 13:50:00,1047,1047,1047,1047,1
2026-05-03 14:00:00,1047,1047,1047,1047,3
2026-05-03 14:10:00,1046,1049,1046,1049,92
2026-05-03 14:20:00,1048,1049,1048,1049,215
2026-05-03 14:30:00,1049,1049,1048,1048,74
2026-05-03 14:40:00,1048,1048,1047,1048,253
2026-05-03 14:50:00,1048,1048,1048,1048,150
2026-05-03 15:00:00,1048,1048,1048,1048,1
2026-05-03 15:20:00,1048,1048,1048,1048,1
2026-05-03 15:40:00,1047,1047,1047,1047,1
2026-05-03 16:10:00,1048,1048,1048,1048,1
2026-05-03 16:50:00,1048,1048,1048,1048,50
2026-05-03 17:30:00,1047,1047,1047,1047,100
2026-05-03 17:40:00,1048,1048,1048,1048,88
2026-05-03 18:50:00,1048,1048,1048,1048,1
2026-05-04 08:50:00,1050,1050,1050,1050,90
2026-05-04 09:00:00,1050,1056,1050,1056,1324
2026-05-04 09:10:00,1056,1056,1054,1054,241
2026-05-04 09:20:00,1056,1058,1056,1057,2168
2026-05-04 09:30:00,1058,1059,1058,1058,44
2026-05-04 09:40:00,1058,1060,1056,1060,2378
2026-05-04 09:50:00,1057,1057,1052,1053,3398
2026-05-04 10:00:00,1053,1056,1053,1056,1915
2026-05-04 10:10:00,1057,1059,1055,1055,297
2026-05-04 10:20:00,1058,1060,1056,1059,852
2026-05-04 10:30:00,1060,1062,1059,1060,1170
2026-05-04 10:40:00,1059,1059,1058,1058,193
2026-05-04 10:50:00,1059,1059,1059,1059,29
2026-05-04 11:00:00,1060,1060,1055,1055,884
2026-05-04 11:10:00,1056,1056,1055,1055,2204
2026-05-04 11:20:00,1056,1056,1054,1054,1554
2026-05-04 11:30:00,1053,1053,1053,1053,130
2026-05-04 11:40:00,1052,1053,1051,1051,182
2026-05-04 11:50:00,1051,1051,1045,1045,435
2026-05-04 12:00:00,1045,1045,1043,1045,940
2026-05-04 12:10:00,1045,1045,1041,1045,6052
2026-05-04 12:20:00,1045,1046,1041,1041,1288
2026-05-04 12:30:00,1043,1044,1043,1043,7557
2026-05-04 12:40:00,1045,1045,1043,1043,631
2026-05-04 12:50:00,1045,1045,1043,1043,305
2026-05-04 13:00:00,1043,1048,1043,1048,781
2026-05-04 13:10:00,1047,1047,1043,1047,3233
2026-05-04 13:20:00,1047,1048,1045,1048,333
2026-05-04 13:30:00,1046,1046,1043,1045,601
2026-05-04 13:40:00,1046,1046,1045,1045,18
2026-05-04 13:50:00,1045,1045,1043,1045,329
2026-05-04 14:00:00,1045,1045,1043,1043,200
2026-05-04 14:10:00,1045,1047,1044,1047,803
2026-05-04 14:20:00,1046,1046,1045,1045,523
2026-05-04 14:30:00,1045,1045,1043,1043,305
2026-05-04 14:40:00,1043,1044,1041,1041,4935
2026-05-04 14:50:00,1041,1041,1038,1038,1503
2026-05-04 15:00:00,1038,1038,1032,1038,1803
2026-05-04 15:10:00,1038,1038,1034,1034,234
2026-05-04 15:20:00,1036,1039,1035,1036,2006
2026-05-04 15:30:00,1036,1036,1029,1032,5372
2026-05-04 15:40:00,1032,1041,1032,1037,6208
2026-05-04 15:50:00,1038,1040,1038,1040,418
2026-05-04 16:00:00,1041,1041,1037,1037,850
2026-05-04 16:10:00,1038,1038,1033,1036,2440
2026-05-04 16:20:00,1035,1037,1035,1037,100
2026-05-04 16:30:00,1037,1037,1037,1037,5
2026-05-04 16:40:00,1036,1036,1034,1036,118
2026-05-04 16:50:00,1033,1034,1032,1033,144
2026-05-04 17:00:00,1032,1037,1032,1037,988
2026-05-04 17:10:00,1037,1038,1034,1034,778
2026-05-04 17:20:00,1036,1038,1035,1038,615
2026-05-04 17:30:00,1038,1041,1038,1041,194
2026-05-04 17:40:00,1040,1043,1040,1042,189
2026-05-04 17:50:00,1043,1043,1042,1042,113
2026-05-04 18:00:00,1043,1046,1043,1045,1663
2026-05-04 18:10:00,1043,1043,1043,1043,195
2026-05-04 18:20:00,1043,1043,1042,1042,118
2026-05-04 18:30:00,1042,1043,1041,1043,816
2026-05-04 18:40:00,1042,1044,1042,1044,625
2026-05-04 18:50:00,1042,1042,1042,1042,100
2026-05-04 19:00:00,1043,1043,1043,1043,75
2026-05-04 19:10:00,1043,1045,1043,1045,127
2026-05-04 19:20:00,1045,1045,1045,1045,1
2026-05-04 19:30:00,1045,1045,1044,1044,329
2026-05-04 19:40:00,1045,1045,1043,1043,77
2026-05-04 19:50:00,1043,1044,1042,1044,257
2026-05-04 20:00:00,1042,1044,1042,1042,56
2026-05-04 20:10:00,1042,1045,1042,1045,55
2026-05-04 20:20:00,1044,1046,1044,1044,111
2026-05-04 20:30:00,1046,1046,1045,1045,83
2026-05-04 20:40:00,1043,1043,1043,1043,9
2026-05-04 20:50:00,1043,1043,1043,1043,4
2026-05-04 21:00:00,1044,1044,1043,1043,552
2026-05-04 21:10:00,1044,1044,1044,1044,10
2026-05-04 21:20:00,1042,1042,1042,1042,5
2026-05-04 21:30:00,1042,1042,1042,1042,80
2026-05-04 21:40:00,1042,1046,1042,1046,247
2026-05-04 21:50:00,1046,1049,1046,1047,2639
2026-05-04 22:00:00,1048,1048,1047,1048,472
2026-05-04 22:10:00,1049,1050,1049,1050,156
2026-05-04 22:20:00,1050,1050,1048,1049,226
2026-05-04 22:30:00,1049,1050,1048,1049,85
2026-05-04 22:40:00,1047,1048,1047,1048,193
2026-05-04 23:00:00,1047,1047,1046,1046,60
2026-05-04 23:10:00,1046,1046,1046,1046,122
2026-05-04 23:20:00,1047,1047,1046,1046,486
2026-05-04 23:30:00,1045,1047,1045,1046,164
2026-05-04 23:40:00,1045,1045,1042,1045,1007
2026-05-05 09:00:00,1045,1046,1044,1045,519
2026-05-05 09:10:00,1045,1045,1043,1043,157
2026-05-05 09:20:00,1041,1041,1041,1041,22
2026-05-05 09:30:00,1041,1044,1041,1044,123
2026-05-05 09:40:00,1045,1046,1044,1044,176
2026-05-05 09:50:00,1044,1044,1044,1044,10
2026-05-05 10:00:00,1045,1046,1044,1046,147
2026-05-05 10:10:00,1045,1047,1045,1045,91
2026-05-05 10:30:00,1046,1047,1045,1047,481
2026-05-05 10:40:00,1047,1047,1046,1046,8
2026-05-05 10:50:00,1046,1046,1041,1041,690
2026-05-05 11:00:00,1041,1042,1038,1038,536
2026-05-05 11:10:00,1038,1039,1036,1036,998
2026-05-05 11:20:00,1037,1037,1034,1035,794
2026-05-05 11:30:00,1035,1037,1034,1037,274
2026-05-05 11:40:00,1037,1038,1037,1038,7
2026-05-05 11:50:00,1038,1039,1036,1036,353
2026-05-05 12:00:00,1037,1041,1035,1041,368
2026-05-05 12:10:00,1042,1042,1040,1042,88
2026-05-05 12:20:00,1042,1044,1042,1044,256
2026-05-05 12:30:00,1045,1047,1045,1046,311
2026-05-05 12:40:00,1047,1047,1046,1047,1825
2026-05-05 12:50:00,1047,1047,1046,1047,1431
2026-05-05 13:00:00,1047,1047,1046,1046,163
2026-05-05 13:10:00,1046,1046,1043,1043,1096
2026-05-05 13:20:00,1043,1043,1043,1043,1057
2026-05-05 13:30:00,1042,1042,1039,1039,2166
2026-05-05 13:40:00,1041,1046,1041,1046,4352
2026-05-05 13:50:00,1046,1049,1045,1045,2639
2026-05-05 14:00:00,1045,1045,1045,1045,30
2026-05-05 14:10:00,1044,1044,1044,1044,100
2026-05-05 14:20:00,1045,1048,1045,1047,281
2026-05-05 14:30:00,1048,1055,1048,1053,3757
2026-05-05 14:40:00,1053,1053,1052,1052,186
2026-05-05 14:50:00,1054,1055,1052,1053,799
2026-05-05 15:00:00,1052,1055,1052,1054,869
2026-05-05 15:10:00,1054,1058,1053,1058,680
2026-05-05 15:20:00,1057,1059,1056,1058,648
2026-05-05 15:30:00,1057,1059,1056,1056,574
2026-05-05 15:40:00,1056,1056,1055,1055,160
2026-05-05 15:50:00,1055,1058,1055,1056,216
2026-05-05 16:00:00,1056,1057,1055,1057,400
2026-05-05 16:10:00,1057,1059,1056,1057,494
2026-05-05 16:20:00,1059,1059,1055,1056,509
2026-05-05 16:30:00,1055,1056,1055,1056,33
2026-05-05 16:40:00,1057,1057,1057,1057,51
2026-05-05 16:50:00,1058,1062,1058,1061,2108
2026-05-05 17:00:00,1061,1062,1060,1061,1016
2026-05-05 17:10:00,1061,1063,1061,1063,2465
2026-05-05 17:20:00,1062,1063,1061,1063,1609
2026-05-05 17:30:00,1063,1063,1062,1062,661
2026-05-05 17:40:00,1063,1070,1063,1068,2069
2026-05-05 17:50:00,1069,1070,1067,1068,473
2026-05-05 18:00:00,1068,1068,1065,1065,852
2026-05-05 18:10:00,1065,1067,1063,1067,452
2026-05-05 18:20:00,1065,1067,1064,1066,1112
2026-05-05 18:30:00,1066,1066,1063,1064,938
2026-05-05 18:40:00,1063,1065,1063,1064,939
2026-05-05 18:50:00,1064,1065,1064,1065,550
2026-05-05 19:00:00,1065,1067,1065,1067,132
2026-05-05 19:10:00,1068,1068,1065,1067,194
2026-05-05 19:20:00,1066,1066,1066,1066,1
2026-05-05 19:30:00,1065,1066,1062,1065,647
2026-05-05 19:40:00,1065,1065,1065,1065,43
2026-05-05 19:50:00,1065,1065,1063,1064,164
2026-05-05 20:00:00,1064,1067,1064,1067,318
2026-05-05 20:10:00,1065,1066,1065,1065,211
2026-05-05 20:20:00,1066,1066,1066,1066,106
2026-05-05 20:30:00,1064,1067,1064,1067,646
2026-05-05 20:40:00,1066,1066,1066,1066,10
2026-05-05 21:00:00,1065,1065,1065,1065,72
2026-05-05 21:10:00,1065,1065,1065,1065,20
2026-05-05 21:20:00,1065,1065,1065,1065,22
2026-05-05 21:30:00,1064,1066,1064,1066,433
2026-05-05 21:40:00,1066,1067,1064,1067,327
2026-05-05 21:50:00,1066,1066,1066,1066,30
2026-05-05 22:00:00,1067,1067,1064,1065,476
2026-05-05 22:10:00,1066,1066,1066,1066,10
2026-05-05 22:20:00,1065,1065,1065,1065,2
2026-05-05 22:30:00,1066,1066,1063,1063,43
2026-05-05 22:40:00,1064,1065,1063,1065,220
2026-05-05 23:10:00,1065,1067,1065,1065,1148
2026-05-05 23:20:00,1067,1067,1065,1065,30
2026-05-05 23:30:00,1067,1067,1067,1067,5
2026-05-05 23:40:00,1067,1067,1067,1067,466
2026-05-06 09:00:00,1065,1065,1060,1060,496
2026-05-06 09:10:00,1060,1061,1059,1061,728
2026-05-06 09:20:00,1061,1062,1059,1059,1183
2026-05-06 09:30:00,1062,1063,1062,1063,120
2026-05-06 09:40:00,1063,1063,1060,1060,982
2026-05-06 09:50:00,1060,1060,1059,1060,135
2026-05-06 10:00:00,1060,1065,1058,1061,1389
2026-05-06 10:10:00,1061,1066,1061,1066,468
2026-05-06 10:20:00,1065,1065,1063,1063,232
2026-05-06 10:30:00,1063,1064,1060,1060,260
2026-05-06 10:40:00,1059,1059,1059,1059,3
2026-05-06 10:50:00,1059,1060,1058,1060,1601
2026-05-06 11:00:00,1058,1060,1058,1060,315
2026-05-06 11:10:00,1061,1064,1061,1064,248
2026-05-06 11:20:00,1064,1067,1064,1066,1187
2026-05-06 11:30:00,1067,1067,1065,1065,632
2026-05-06 11:40:00,1067,1069,1067,1067,605
2026-05-06 11:50:00,1067,1068,1064,1066,1060
2026-05-06 12:00:00,1066,1066,1059,1063,693
2026-05-06 12:10:00,1063,1065,1062,1062,1142
2026-05-06 12:20:00,1062,1063,1062,1063,680
2026-05-06 12:30:00,1061,1061,1058,1060,3503
2026-05-06 12:40:00,1060,1061,1059,1059,194
2026-05-06 12:50:00,1059,1059,1057,1058,1225
2026-05-06 13:00:00,1057,1058,1051,1051,8245
2026-05-06 13:10:00,1052,1053,1051,1052,1654
2026-05-06 13:20:00,1053,1059,1053,1058,1648
2026-05-06 13:30:00,1058,1059,1055,1057,394
2026-05-06 13:40:00,1056,1057,1054,1057,178
2026-05-06 13:50:00,1053,1056,1053,1056,509
2026-05-06 14:00:00,1056,1061,1056,1059,1551
2026-05-06 14:10:00,1061,1061,1061,1061,27
2026-05-06 14:20:00,1059,1060,1059,1059,28
2026-05-06 14:30:00,1059,1059,1058,1058,103
2026-05-06 14:40:00,1059,1059,1059,1059,16
2026-05-06 14:50:00,1059,1061,1059,1060,824
2026-05-06 15:00:00,1060,1061,1060,1061,127
2026-05-06 15:10:00,1061,1062,1059,1062,1751
2026-05-06 15:20:00,1061,1061,1059,1061,222
2026-05-06 15:30:00,1059,1060,1058,1060,88
2026-05-06 15:50:00,1058,1058,1057,1057,56
2026-05-06 16:00:00,1057,1057,1057,1057,5
2026-05-06 16:20:00,1057,1057,1057,1057,19
2026-05-06 16:30:00,1057,1057,1057,1057,181
2026-05-06 16:40:00,1057,1058,1055,1058,619
2026-05-06 16:50:00,1058,1058,1056,1056,32
2026-05-06 17:00:00,1058,1058,1058,1058,11
2026-05-06 17:10:00,1057,1059,1057,1059,69
2026-05-06 17:20:00,1059,1059,1058,1058,21
2026-05-06 17:30:00,1059,1061,1059,1061,114
2026-05-06 17:40:00,1062,1065,1062,1065,397
2026-05-06 17:50:00,1065,1065,1065,1065,181
2026-05-06 18:00:00,1066,1070,1066,1067,2944
2026-05-06 18:10:00,1065,1065,1065,1065,150
2026-05-06 18:20:00,1066,1067,1064,1065,240
2026-05-06 18:30:00,1065,1065,1065,1065,4
2026-05-06 18:40:00,1065,1065,1064,1064,30
2026-05-06 18:50:00,1064,1065,1063,1065,412
2026-05-06 19:00:00,1065,1067,1065,1067,123
2026-05-06 19:10:00,1065,1065,1063,1063,1010
2026-05-06 19:20:00,1063,1064,1062,1062,282
2026-05-06 19:30:00,1061,1061,1059,1059,120
2026-05-06 19:40:00,1058,1060,1058,1060,176
2026-05-06 19:50:00,1060,1060,1057,1057,8
2026-05-06 20:00:00,1057,1057,1057,1057,50
2026-05-06 20:10:00,1057,1057,1057,1057,101
2026-05-06 20:30:00,1058,1059,1058,1059,51
2026-05-06 20:40:00,1058,1058,1058,1058,2
2026-05-06 20:50:00,1059,1059,1059,1059,20
2026-05-06 21:20:00,1057,1057,1057,1057,8
2026-05-06 21:30:00,1057,1057,1057,1057,29
2026-05-06 21:40:00,1057,1057,1056,1056,113
2026-05-06 22:00:00,1055,1055,1055,1055,70
2026-05-06 22:10:00,1057,1057,1056,1056,62
2026-05-06 22:20:00,1056,1056,1054,1056,225
2026-05-06 22:30:00,1056,1056,1046,1052,2367
2026-05-06 22:40:00,1052,1052,1051,1051,174
2026-05-06 23:00:00,1051,1051,1051,1051,103
2026-05-06 23:10:00,1052,1052,1047,1052,1235
2026-05-06 23:20:00,1052,1053,1051,1053,105
2026-05-06 23:30:00,1051,1051,1051,1051,40
2026-05-06 23:40:00,1053,1053,1053,1053,1
2026-05-07 08:50:00,1058,1058,1058,1058,1
2026-05-07 09:00:00,1050,1052,1050,1052,8
2026-05-07 09:10:00,1052,1053,1052,1053,98
2026-05-07 09:20:00,1052,1053,1052,1052,494
2026-05-07 09:30:00,1053,1053,1053,1053,41
2026-05-07 09:40:00,1054,1054,1051,1051,156
2026-05-07 09:50:00,1051,1052,1050,1052,149
2026-05-07 10:00:00,1050,1050,1049,1050,172
2026-05-07 10:10:00,1050,1050,1046,1047,1588
2026-05-07 10:20:00,1047,1053,1047,1053,858
2026-05-07 10:30:00,1054,1055,1053,1055,245
2026-05-07 10:40:00,1055,1058,1055,1057,1857
2026-05-07 10:50:00,1056,1057,1054,1054,321
2026-05-07 11:00:00,1053,1056,1053,1056,69
2026-05-07 11:10:00,1056,1057,1056,1057,9
2026-05-07 11:30:00,1057,1057,1053,1053,420
2026-05-07 11:40:00,1052,1052,1051,1052,560
2026-05-07 11:50:00,1052,1052,1052,1052,4
2026-05-07 12:00:00,1052,1052,1049,1049,95
2026-05-07 12:10:00,1050,1051,1050,1051,18
2026-05-07 12:30:00,1050,1054,1050,1054,71
2026-05-07 12:40:00,1054,1054,1053,1053,5
2026-05-07 12:50:00,1055,1055,1055,1055,50
2026-05-07 13:00:00,1056,1056,1056,1056,13
2026-05-07 13:10:00,1056,1057,1055,1055,42
2026-05-07 13:30:00,1054,1054,1054,1054,37
2026-05-07 13:40:00,1055,1056,1055,1056,105
2026-05-07 13:50:00,1056,1056,1056,1056,4
2026-05-07 14:00:00,1057,1057,1057,1057,10
2026-05-07 14:10:00,1057,1057,1055,1055,15
2026-05-07 14:30:00,1057,1057,1057,1057,100
2026-05-07 14:40:00,1057,1057,1057,1057,5
2026-05-07 14:50:00,1057,1057,1057,1057,10
2026-05-07 15:10:00,1057,1057,1055,1055,14
2026-05-07 15:20:00,1055,1055,1055,1055,39
2026-05-07 15:30:00,1054,1055,1053,1055,130
2026-05-07 15:40:00,1055,1055,1055,1055,50
2026-05-07 16:00:00,1056,1056,1050,1052,1931
2026-05-07 16:10:00,1053,1054,1052,1052,178
2026-05-07 16:20:00,1052,1052,1047,1047,1530
2026-05-07 16:30:00,1048,1048,1048,1048,61
2026-05-07 16:40:00,1047,1047,1046,1046,11
2026-05-07 16:50:00,1046,1046,1045,1046,695
2026-05-07 17:00:00,1045,1047,1045,1047,131
2026-05-07 17:20:00,1047,1049,1047,1049,83
2026-05-07 17:30:00,1049,1049,1049,1049,19
2026-05-07 17:40:00,1051,1053,1051,1051,406
2026-05-07 17:50:00,1049,1049,1049,1049,70
2026-05-07 18:00:00,1051,1053,1051,1053,150
2026-05-07 18:10:00,1053,1053,1052,1052,4
2026-05-07 18:20:00,1051,1051,1050,1050,200
2026-05-07 18:30:00,1050,1053,1050,1053,63
2026-05-07 18:40:00,1052,1052,1051,1051,21
2026-05-07 18:50:00,1051,1051,1051,1051,10
2026-05-07 19:10:00,1050,1050,1050,1050,3
2026-05-07 19:20:00,1049,1049,1049,1049,30
2026-05-07 19:30:00,1049,1050,1049,1049,75
2026-05-07 19:40:00,1049,1051,1049,1051,78
2026-05-07 20:40:00,1048,1048,1048,1048,768
2026-05-07 20:50:00,1047,1048,1047,1048,6
2026-05-07 21:10:00,1047,1047,1047,1047,34
2026-05-07 21:20:00,1048,1048,1048,1048,8
2026-05-07 21:30:00,1047,1047,1047,1047,207
2026-05-07 21:40:00,1047,1048,1047,1048,13
2026-05-07 22:30:00,1046,1047,1046,1047,302
2026-05-07 22:40:00,1045,1045,1045,1045,100
2026-05-07 22:50:00,1047,1047,1047,1047,20
2026-05-07 23:20:00,1047,1047,1047,1047,12
2026-05-07 23:30:00,1047,1047,1047,1047,5
2026-05-07 23:40:00,1047,1047,1047,1047,10
2026-05-08 09:00:00,1046,1047,1043,1043,403
2026-05-08 09:10:00,1043,1044,1043,1043,106
2026-05-08 09:20:00,1042,1042,1040,1041,293
2026-05-08 09:30:00,1042,1042,1040,1041,75
2026-05-08 09:40:00,1041,1043,1040,1041,239
2026-05-08 09:50:00,1043,1043,1043,1043,50
2026-05-08 10:00:00,1042,1043,1041,1041,164
2026-05-08 10:10:00,1041,1043,1041,1043,96
2026-05-08 10:20:00,1043,1043,1043,1043,34
2026-05-08 10:30:00,1042,1042,1042,1042,18
2026-05-08 10:40:00,1042,1042,1041,1041,688
2026-05-08 10:50:00,1041,1043,1041,1043,22
2026-05-08 11:00:00,1043,1045,1043,1045,286
2026-05-08 11:10:00,1045,1045,1044,1044,36
2026-05-08 11:20:00,1043,1045,1041,1041,432
2026-05-08 11:30:00,1041,1042,1041,1041,265
2026-05-08 11:40:00,1041,1042,1040,1042,216
2026-05-08 11:50:00,1043,1045,1043,1045,115
2026-05-08 12:30:00,1043,1043,1043,1043,28
2026-05-08 12:40:00,1043,1043,1043,1043,1
2026-05-08 12:50:00,1045,1045,1045,1045,45
2026-05-08 13:00:00,1045,1045,1043,1043,11
2026-05-08 13:10:00,1042,1042,1042,1042,80
2026-05-08 13:40:00,1042,1043,1042,1043,17
2026-05-08 13:50:00,1043,1043,1043,1043,53
2026-05-08 14:00:00,1043,1043,1043,1043,12
2026-05-08 14:10:00,1042,1042,1042,1042,11
2026-05-08 14:20:00,1043,1043,1042,1042,53
2026-05-08 14:40:00,1043,1043,1043,1043,5
2026-05-08 14:50:00,1043,1043,1043,1043,3
2026-05-08 15:00:00,1043,1043,1043,1043,100
2026-05-08 15:30:00,1042,1043,1042,1043,66
2026-05-08 15:50:00,1042,1043,1042,1042,153
2026-05-08 16:00:00,1042,1043,1042,1042,234
2026-05-08 16:10:00,1042,1042,1041,1041,392
2026-05-08 16:20:00,1041,1041,1041,1041,4
2026-05-08 16:30:00,1042,1042,1041,1041,217
2026-05-08 16:40:00,1042,1042,1042,1042,682
2026-05-08 16:50:00,1042,1042,1042,1042,2
2026-05-08 17:10:00,1041,1041,1040,1040,237
2026-05-08 17:20:00,1040,1041,1039,1039,870
2026-05-08 17:30:00,1039,1041,1039,1041,427
2026-05-08 17:40:00,1041,1041,1040,1040,70
2026-05-08 17:50:00,1042,1042,1042,1042,60
2026-05-08 18:00:00,1040,1040,1040,1040,21
2026-05-08 18:20:00,1040,1040,1040,1040,17
2026-05-08 18:30:00,1041,1041,1041,1041,25
2026-05-08 18:40:00,1041,1041,1041,1041,2
2026-05-08 19:00:00,1041,1041,1041,1041,5
2026-05-08 19:40:00,1041,1041,1041,1041,61
2026-05-08 20:10:00,1041,1043,1041,1042,198
2026-05-08 20:20:00,1043,1044,1043,1044,412
2026-05-08 20:30:00,1044,1044,1044,1044,116
2026-05-08 21:00:00,1042,1045,1042,1045,154
2026-05-08 21:10:00,1046,1051,1046,1047,627
2026-05-08 21:20:00,1049,1052,1048,1048,1165
2026-05-08 21:30:00,1050,1051,1050,1050,540
2026-05-08 21:40:00,1052,1053,1052,1053,268
2026-05-08 21:50:00,1053,1058,1053,1058,559
2026-05-08 22:00:00,1058,1058,1054,1054,506
2026-05-08 22:10:00,1054,1057,1054,1057,224
2026-05-08 22:20:00,1055,1056,1055,1055,153
2026-05-08 22:30:00,1057,1057,1055,1055,16
2026-05-08 22:40:00,1057,1058,1057,1057,231
2026-05-08 22:50:00,1055,1055,1055,1055,1
2026-05-08 23:00:00,1055,1055,1055,1055,250
2026-05-08 23:10:00,1057,1059,1057,1058,1800
2026-05-08 23:20:00,1059,1059,1058,1058,541
2026-05-08 23:30:00,1058,1059,1055,1055,368
2026-05-08 23:40:00,1055,1055,1051,1051,648
2026-05-11 09:00:00,1059,1059,1055,1058,1306
2026-05-11 09:10:00,1058,1061,1058,1060,2154
2026-05-11 09:20:00,1059,1060,1059,1060,48
2026-05-11 09:40:00,1059,1061,1059,1061,528
2026-05-11 09:50:00,1061,1064,1061,1063,1613
2026-05-11 10:00:00,1063,1065,1061,1065,681
2026-05-11 10:10:00,1066,1068,1064,1067,501
2026-05-11 10:20:00,1066,1067,1065,1065,121
2026-05-11 10:30:00,1066,1067,1065,1065,249
2026-05-11 10:40:00,1064,1065,1063,1063,180
2026-05-11 10:50:00,1063,1064,1062,1064,140
2026-05-11 11:00:00,1064,1064,1062,1062,32
2026-05-11 11:10:00,1064,1064,1064,1064,50
2026-05-11 11:20:00,1064,1064,1061,1062,676
2026-05-11 11:30:00,1063,1063,1062,1062,112
2026-05-11 11:40:00,1062,1064,1062,1064,51
2026-05-11 11:50:00,1064,1067,1064,1067,744
2026-05-11 12:00:00,1065,1065,1065,1065,39
2026-05-11 12:10:00,1065,1065,1063,1063,168
2026-05-11 12:20:00,1065,1065,1065,1065,3
2026-05-11 12:30:00,1066,1067,1066,1067,126
2026-05-11 12:40:00,1067,1068,1066,1068,1022
2026-05-11 12:50:00,1068,1068,1068,1068,26
2026-05-11 13:00:00,1067,1068,1066,1066,95
2026-05-11 13:10:00,1067,1069,1067,1068,1001
2026-05-11 13:20:00,1068,1069,1068,1069,109
2026-05-11 13:30:00,1069,1069,1067,1069,88
2026-05-11 14:00:00,1067,1068,1067,1068,54
2026-05-11 14:10:00,1067,1068,1066,1066,148
2026-05-11 14:20:00,1066,1066,1066,1066,187
2026-05-11 14:30:00,1065,1065,1065,1065,51
2026-05-11 14:40:00,1066,1067,1065,1065,182
2026-05-11 15:10:00,1066,1067,1066,1067,122
2026-05-11 15:20:00,1065,1065,1063,1063,1059
2026-05-11 16:00:00,1063,1063,1062,1063,142
2026-05-11 16:10:00,1062,1062,1060,1062,533
2026-05-11 16:30:00,1063,1063,1063,1063,154
2026-05-11 16:40:00,1061,1063,1061,1063,202
2026-05-11 17:00:00,1063,1063,1062,1062,11
2026-05-11 17:10:00,1062,1064,1062,1064,168
2026-05-11 17:20:00,1065,1065,1065,1065,120
2026-05-11 17:30:00,1063,1063,1063,1063,100
2026-05-11 17:40:00,1065,1066,1065,1066,75
2026-05-11 17:50:00,1066,1068,1066,1067,164
2026-05-11 18:00:00,1068,1068,1066,1066,282
2026-05-11 18:10:00,1066,1067,1065,1065,135
2026-05-11 18:20:00,1067,1067,1067,1067,90
2026-05-11 18:40:00,1067,1067,1067,1067,2
2026-05-11 18:50:00,1067,1067,1065,1065,20
2026-05-11 19:00:00,1067,1067,1067,1067,5
2026-05-11 19:20:00,1066,1066,1066,1066,72
2026-05-11 19:40:00,1067,1067,1067,1067,200
2026-05-11 20:10:00,1066,1066,1066,1066,5
2026-05-11 20:20:00,1067,1067,1067,1067,4
2026-05-11 20:40:00,1067,1067,1066,1066,348
2026-05-11 21:10:00,1067,1068,1067,1068,346
2026-05-11 21:20:00,1068,1068,1068,1068,49
2026-05-11 21:30:00,1068,1068,1068,1068,19
2026-05-11 21:40:00,1068,1069,1066,1066,630
2026-05-11 21:50:00,1067,1067,1067,1067,36
2026-05-11 22:00:00,1067,1067,1067,1067,255
2026-05-11 22:10:00,1067,1067,1067,1067,35
2026-05-11 22:20:00,1067,1067,1067,1067,1418
2026-05-11 22:40:00,1067,1067,1067,1067,2
2026-05-11 22:50:00,1068,1069,1068,1068,370
2026-05-11 23:00:00,1068,1068,1068,1068,29
2026-05-11 23:10:00,1068,1069,1068,1069,125
2026-05-11 23:20:00,1069,1069,1069,1069,323
2026-05-11 23:30:00,1069,1069,1066,1068,113
2026-05-11 23:40:00,1066,1066,1066,1066,102
2026-05-12 09:00:00,1064,1064,1060,1063,995
2026-05-12 09:10:00,1064,1065,1063,1065,184
2026-05-12 09:20:00,1065,1065,1065,1065,5
2026-05-12 09:30:00,1066,1066,1066,1066,1
2026-05-12 09:50:00,1065,1065,1063,1063,402
2026-05-12 10:00:00,1063,1066,1063,1066,618
2026-05-12 10:10:00,1067,1079,1067,1074,3154
2026-05-12 10:20:00,1074,1078,1071,1071,995
2026-05-12 10:30:00,1073,1077,1073,1076,273
2026-05-12 10:40:00,1074,1076,1074,1075,213
2026-05-12 10:50:00,1077,1078,1077,1077,280
2026-05-12 11:00:00,1078,1079,1075,1075,1698
2026-05-12 11:10:00,1075,1076,1074,1074,180
2026-05-12 11:20:00,1074,1075,1073,1073,137
2026-05-12 11:30:00,1073,1073,1072,1073,567
2026-05-12 11:40:00,1073,1074,1072,1074,160
2026-05-12 11:50:00,1073,1073,1073,1073,5
2026-05-12 12:00:00,1073,1073,1073,1073,144
2026-05-12 12:10:00,1073,1073,1071,1071,206
2026-05-12 12:20:00,1071,1071,1071,1071,840
2026-05-12 12:30:00,1072,1073,1072,1073,869
2026-05-12 12:40:00,1073,1075,1072,1073,1006
2026-05-12 12:50:00,1072,1075,1072,1075,235
2026-05-12 13:00:00,1076,1081,1076,1081,1966
2026-05-12 13:10:00,1081,1086,1079,1082,4889
2026-05-12 13:20:00,1082,1086,1082,1086,896
2026-05-12 13:30:00,1086,1087,1084,1086,502
2026-05-12 13:40:00,1086,1087,1084,1086,1190
2026-05-12 13:50:00,1085,1087,1083,1083,2115
2026-05-12 14:00:00,1086,1087,1085,1085,358
2026-05-12 14:10:00,1085,1086,1085,1086,37
2026-05-12 14:20:00,1086,1086,1086,1086,35
2026-05-12 14:30:00,1085,1086,1084,1084,369
2026-05-12 14:40:00,1086,1086,1086,1086,5
2026-05-12 14:50:00,1085,1086,1085,1085,412
2026-05-12 15:00:00,1084,1084,1082,1083,1041
2026-05-12 15:10:00,1084,1085,1083,1085,59
2026-05-12 15:20:00,1085,1085,1084,1084,154
2026-05-12 15:30:00,1083,1084,1083,1084,117
2026-05-12 15:40:00,1083,1091,1083,1089,2106
2026-05-12 15:50:00,1089,1092,1089,1091,838
2026-05-12 16:00:00,1092,1093,1086,1086,2713
2026-05-12 16:10:00,1086,1087,1084,1084,2653
2026-05-12 16:20:00,1084,1085,1083,1085,635
2026-05-12 16:30:00,1084,1086,1082,1084,783
2026-05-12 16:40:00,1084,1084,1082,1082,35
2026-05-12 16:50:00,1083,1083,1083,1083,24
2026-05-12 17:00:00,1085,1091,1085,1091,439
2026-05-12 17:10:00,1092,1094,1090,1094,1001
2026-05-12 17:20:00,1094,1094,1090,1090,881
2026-05-12 17:30:00,1093,1093,1089,1090,566
2026-05-12 17:40:00,1089,1089,1089,1089,60
2026-05-12 17:50:00,1090,1090,1088,1088,131
2026-05-12 18:00:00,1090,1090,1090,1090,79
2026-05-12 18:10:00,1089,1089,1086,1088,965
2026-05-12 18:20:00,1089,1089,1087,1088,102
2026-05-12 18:30:00,1089,1090,1088,1089,321
2026-05-12 18:40:00,1089,1092,1088,1090,1030
2026-05-12 18:50:00,1089,1091,1089,1091,109
2026-05-12 19:00:00,1089,1091,1089,1091,162
2026-05-12 19:10:00,1091,1091,1089,1091,174
2026-05-12 19:20:00,1091,1091,1086,1086,1335
2026-05-12 19:30:00,1087,1087,1082,1084,4688
2026-05-12 19:40:00,1084,1086,1084,1086,296
2026-05-12 19:50:00,1087,1090,1083,1086,2856
2026-05-12 20:00:00,1086,1088,1085,1088,392
2026-05-12 20:10:00,1089,1090,1088,1088,116
2026-05-12 20:20:00,1089,1091,1089,1090,302
2026-05-12 20:30:00,1091,1091,1090,1090,944
2026-05-12 20:40:00,1090,1090,1090,1090,49
2026-05-12 20:50:00,1089,1089,1089,1089,46
2026-05-12 21:00:00,1090,1090,1088,1090,1264
2026-05-12 21:10:00,1090,1090,1090,1090,18
2026-05-12 21:20:00,1091,1092,1091,1092,460
2026-05-12 21:30:00,1093,1094,1093,1094,553
2026-05-12 21:40:00,1093,1094,1093,1093,66
2026-05-12 21:50:00,1094,1094,1094,1094,5
2026-05-12 22:00:00,1095,1095,1092,1095,505
2026-05-12 22:20:00,1094,1096,1094,1096,274
2026-05-12 22:30:00,1094,1095,1094,1094,702
2026-05-12 22:40:00,1095,1097,1094,1095,1948
2026-05-12 22:50:00,1094,1095,1093,1095,22
2026-05-12 23:10:00,1094,1094,1094,1094,3
2026-05-12 23:20:00,1093,1094,1093,1093,229
2026-05-12 23:30:00,1093,1094,1093,1094,162
2026-05-12 23:40:00,1093,1094,1093,1094,273
2026-05-13 09:00:00,1092,1092,1090,1092,425
2026-05-13 09:10:00,1092,1093,1090,1090,415
2026-05-13 09:20:00,1090,1091,1090,1091,100
2026-05-13 09:30:00,1091,1092,1090,1090,76
2026-05-13 09:40:00,1090,1093,1090,1091,304
2026-05-13 09:50:00,1090,1090,1089,1089,324
2026-05-13 10:00:00,1090,1090,1087,1088,463
2026-05-13 10:10:00,1087,1087,1083,1083,2764
2026-05-13 10:20:00,1083,1083,1080,1082,1857
2026-05-13 10:30:00,1082,1086,1082,1086,112
2026-05-13 10:40:00,1085,1085,1082,1083,507
2026-05-13 10:50:00,1085,1087,1084,1086,422
2026-05-13 11:00:00,1087,1087,1082,1082,1464
2026-05-13 11:10:00,1084,1084,1083,1083,34
2026-05-13 11:20:00,1084,1084,1077,1077,944
2026-05-13 11:30:00,1079,1083,1079,1082,290
2026-05-13 11:40:00,1083,1085,1083,1084,242
2026-05-13 11:50:00,1083,1084,1082,1082,956
2026-05-13 12:00:00,1081,1082,1080,1082,270
2026-05-13 12:10:00,1081,1082,1080,1082,58
2026-05-13 12:20:00,1081,1081,1081,1081,150
2026-05-13 12:30:00,1083,1084,1083,1084,1049
2026-05-13 12:40:00,1084,1084,1081,1083,233
2026-05-13 13:00:00,1082,1083,1082,1083,102
2026-05-13 13:10:00,1085,1085,1085,1085,61
2026-05-13 13:20:00,1086,1087,1085,1085,139
2026-05-13 13:30:00,1086,1086,1085,1085,25
2026-05-13 13:40:00,1085,1085,1085,1085,10
2026-05-13 13:50:00,1083,1083,1083,1083,5
2026-05-13 14:10:00,1084,1084,1084,1084,19
2026-05-13 14:20:00,1085,1085,1080,1083,756
2026-05-13 14:40:00,1083,1084,1083,1083,106
2026-05-13 15:00:00,1085,1098,1085,1094,1846
2026-05-13 15:10:00,1094,1094,1091,1091,380
2026-05-13 15:20:00,1091,1091,1089,1091,937
2026-05-13 15:30:00,1090,1092,1090,1092,152
2026-05-13 15:40:00,1092,1092,1089,1089,340
2026-05-13 15:50:00,1089,1093,1089,1093,538
2026-05-13 16:00:00,1093,1093,1091,1091,375
2026-05-13 16:10:00,1091,1092,1090,1092,246
2026-05-13 16:20:00,1092,1092,1090,1090,19
2026-05-13 16:30:00,1090,1090,1090,1090,1
2026-05-13 16:40:00,1092,1092,1091,1091,59
2026-05-13 17:00:00,1093,1093,1093,1093,51
2026-05-13 17:10:00,1093,1093,1092,1092,56
2026-05-13 17:20:00,1092,1092,1090,1091,230
2026-05-13 17:30:00,1091,1091,1090,1090,70
2026-05-13 17:40:00,1093,1093,1092,1092,58
2026-05-13 17:50:00,1093,1093,1093,1093,1
2026-05-13 18:00:00,1092,1093,1090,1090,363
2026-05-13 18:10:00,1090,1091,1089,1089,409
2026-05-13 18:20:00,1088,1090,1088,1090,124
2026-05-13 18:30:00,1089,1089,1086,1086,194
2026-05-13 18:40:00,1086,1089,1086,1089,4
2026-05-13 19:00:00,1088,1088,1088,1088,22
2026-05-13 19:10:00,1088,1088,1088,1088,28
2026-05-13 19:20:00,1088,1088,1086,1088,209
2026-05-13 19:30:00,1087,1087,1087,1087,174
2026-05-13 19:40:00,1087,1087,1086,1086,95
2026-05-13 20:00:00,1088,1088,1088,1088,3
2026-05-13 20:10:00,1087,1087,1087,1087,1
2026-05-13 20:20:00,1088,1088,1088,1088,1
2026-05-13 20:30:00,1088,1089,1088,1089,11
2026-05-13 20:40:00,1089,1090,1089,1089,280
2026-05-13 21:10:00,1089,1090,1089,1089,801
2026-05-13 21:20:00,1089,1089,1088,1088,53
2026-05-13 21:50:00,1088,1088,1088,1088,1
2026-05-13 22:00:00,1088,1088,1081,1083,2226
2026-05-13 22:10:00,1081,1083,1080,1083,591
2026-05-13 22:20:00,1082,1083,1082,1083,100
2026-05-13 22:30:00,1081,1083,1081,1083,23
2026-05-13 22:40:00,1083,1083,1083,1083,60
2026-05-13 22:50:00,1081,1083,1081,1083,108
2026-05-13 23:00:00,1082,1082,1082,1082,126
2026-05-13 23:20:00,1081,1082,1079,1079,1215
2026-05-13 23:30:00,1079,1079,1079,1079,109
2026-05-13 23:40:00,1079,1083,1079,1082,282
2026-05-14 09:00:00,1086,1087,1084,1084,91
2026-05-14 09:10:00,1085,1088,1085,1088,2000
2026-05-14 09:20:00,1085,1085,1083,1084,586
2026-05-14 09:30:00,1084,1085,1084,1084,37
2026-05-14 09:50:00,1084,1085,1084,1085,360
2026-05-14 10:00:00,1085,1085,1084,1084,261
2026-05-14 10:10:00,1085,1085,1084,1084,77
2026-05-14 10:20:00,1084,1084,1084,1084,74
2026-05-14 10:30:00,1085,1085,1083,1084,422
2026-05-14 10:40:00,1084,1084,1083,1083,39
2026-05-14 10:50:00,1083,1083,1081,1081,118
2026-05-14 11:00:00,1081,1082,1079,1082,2622
2026-05-14 11:10:00,1082,1083,1082,1082,149
2026-05-14 11:30:00,1082,1082,1080,1080,638
2026-05-14 11:40:00,1080,1081,1080,1081,399
2026-05-14 12:00:00,1080,1080,1080,1080,26
2026-05-14 12:10:00,1080,1080,1079,1079,180
2026-05-14 12:20:00,1079,1079,1079,1079,38
2026-05-14 12:30:00,1079,1080,1079,1079,114
2026-05-14 12:40:00,1079,1080,1078,1080,592
2026-05-14 12:50:00,1081,1081,1081,1081,200
2026-05-14 13:00:00,1079,1079,1079,1079,72
2026-05-14 13:10:00,1081,1089,1081,1089,896
2026-05-14 13:20:00,1089,1091,1088,1091,406
2026-05-14 13:30:00,1091,1091,1087,1087,271
2026-05-14 13:40:00,1088,1088,1081,1081,1233
2026-05-14 13:50:00,1082,1086,1082,1086,1021
2026-05-14 14:00:00,1084,1084,1084,1084,147
2026-05-14 14:10:00,1084,1084,1082,1082,1640
2026-05-14 14:20:00,1083,1085,1082,1085,1953
2026-05-14 14:30:00,1085,1088,1085,1086,449
2026-05-14 14:40:00,1088,1088,1087,1087,71
2026-05-14 14:50:00,1088,1088,1088,1088,3
2026-05-14 15:00:00,1087,1087,1085,1085,114
2026-05-14 15:10:00,1085,1085,1081,1081,139
2026-05-14 15:20:00,1080,1081,1077,1081,838
2026-05-14 15:30:00,1080,1080,1077,1077,1832
2026-05-14 15:40:00,1077,1077,1069,1074,10282
2026-05-14 15:50:00,1075,1075,1075,1075,15
2026-05-14 16:00:00,1073,1075,1073,1075,397
2026-05-14 16:10:00,1075,1075,1075,1075,2
2026-05-14 16:20:00,1074,1075,1074,1075,100
2026-05-14 16:30:00,1074,1077,1074,1077,56
2026-05-14 16:40:00,1077,1080,1077,1080,413
2026-05-14 16:50:00,1081,1081,1081,1081,20
2026-05-14 17:00:00,1081,1081,1081,1081,118
2026-05-14 17:10:00,1079,1082,1079,1082,439
2026-05-14 17:20:00,1082,1085,1082,1085,799
2026-05-14 17:30:00,1083,1083,1083,1083,1
2026-05-14 17:40:00,1083,1083,1083,1083,50
2026-05-14 17:50:00,1083,1083,1080,1080,735
2026-05-14 18:00:00,1080,1080,1079,1079,70
2026-05-14 18:20:00,1079,1079,1079,1079,71
2026-05-14 18:30:00,1079,1079,1079,1079,50
2026-05-14 18:40:00,1079,1079,1077,1077,202
2026-05-14 18:50:00,1076,1076,1075,1075,300
2026-05-14 19:00:00,1077,1077,1073,1075,2137
2026-05-14 19:10:00,1076,1077,1076,1077,186
2026-05-14 19:20:00,1076,1077,1075,1077,125
2026-05-14 19:30:00,1077,1077,1076,1077,190
2026-05-14 19:50:00,1076,1078,1076,1078,35
2026-05-14 20:00:00,1078,1078,1076,1076,425
2026-05-14 20:10:00,1079,1081,1079,1081,303
2026-05-14 20:20:00,1083,1089,1083,1086,1948
2026-05-14 20:40:00,1086,1086,1086,1086,120
2026-05-14 20:50:00,1086,1087,1086,1087,110
2026-05-14 21:00:00,1087,1087,1087,1087,1
2026-05-14 21:10:00,1086,1086,1086,1086,550
2026-05-14 21:20:00,1086,1086,1086,1086,100
2026-05-14 21:30:00,1087,1087,1087,1087,1
2026-05-14 21:40:00,1086,1087,1086,1087,16
2026-05-14 21:50:00,1086,1086,1086,1086,6
2026-05-14 22:10:00,1087,1087,1086,1087,72
2026-05-14 22:20:00,1086,1086,1085,1085,88
2026-05-14 22:40:00,1084,1084,1084,1084,7
2026-05-14 23:00:00,1084,1084,1084,1084,2
2026-05-14 23:10:00,1084,1084,1084,1084,1
2026-05-14 23:20:00,1084,1087,1084,1087,36
2026-05-14 23:30:00,1086,1088,1086,1088,90
2026-05-14 23:40:00,1086,1086,1086,1086,219
2026-05-15 09:00:00,1086,1090,1086,1090,269
2026-05-15 09:10:00,1090,1101,1089,1097,4054
2026-05-15 09:20:00,1097,1097,1091,1093,1676
2026-05-15 09:30:00,1095,1095,1091,1092,363
2026-05-15 09:40:00,1093,1102,1093,1100,2747
2026-05-15 09:50:00,1100,1102,1097,1098,4132
2026-05-15 10:00:00,1098,1099,1095,1097,941
2026-05-15 10:10:00,1097,1098,1093,1094,1057
2026-05-15 10:20:00,1093,1093,1092,1093,4472
2026-05-15 10:30:00,1093,1093,1087,1088,1287
2026-05-15 10:40:00,1087,1087,1080,1081,10783
2026-05-15 10:50:00,1081,1086,1080,1080,2084
2026-05-15 11:00:00,1080,1081,1079,1079,428
2026-05-15 11:10:00,1078,1078,1070,1071,3099
2026-05-15 11:20:00,1071,1074,1068,1072,3724
2026-05-15 11:30:00,1073,1073,1070,1071,1157
2026-05-15 11:40:00,1072,1076,1070,1074,1323
2026-05-15 11:50:00,1075,1075,1071,1073,1425
2026-05-15 12:00:00,1073,1073,1071,1073,353
2026-05-15 12:10:00,1074,1074,1072,1074,764
2026-05-15 12:20:00,1073,1076,1073,1076,154
2026-05-15 12:30:00,1075,1075,1072,1074,240
2026-05-15 12:40:00,1074,1075,1074,1075,22
2026-05-15 12:50:00,1073,1073,1056,1063,7577
2026-05-15 13:00:00,1063,1066,1062,1066,2119
2026-05-15 13:10:00,1067,1067,1065,1065,122
2026-05-15 13:20:00,1065,1065,1058,1061,1901
2026-05-15 13:30:00,1062,1065,1061,1061,1584
2026-05-15 13:40:00,1062,1063,1062,1063,180
2026-05-15 13:50:00,1064,1067,1064,1067,1017
2026-05-15 14:00:00,1066,1066,1060,1060,2521
2026-05-15 14:10:00,1060,1060,1052,1057,6132
2026-05-15 14:20:00,1058,1058,1053,1053,1933
2026-05-15 14:30:00,1053,1054,1053,1053,3700
2026-05-15 14:40:00,1054,1054,1053,1054,9895
2026-05-15 14:50:00,1054,1057,1054,1054,1674
2026-05-15 15:00:00,1054,1055,1054,1054,48
2026-05-15 15:10:00,1055,1056,1050,1050,2041
2026-05-15 15:20:00,1050,1053,1050,1053,554
2026-05-15 15:30:00,1052,1053,1051,1053,416
2026-05-15 15:40:00,1053,1058,1053,1058,939
2026-05-15 15:50:00,1058,1062,1057,1062,900
2026-05-15 16:00:00,1061,1066,1061,1063,4194
2026-05-15 16:10:00,1063,1063,1056,1057,2527
2026-05-15 16:20:00,1057,1061,1057,1060,548
2026-05-15 16:30:00,1060,1061,1060,1061,200
2026-05-15 16:40:00,1060,1062,1060,1061,679
2026-05-15 16:50:00,1062,1064,1062,1063,736
2026-05-15 17:00:00,1062,1063,1057,1059,6009
2026-05-15 17:10:00,1059,1059,1056,1056,333
2026-05-15 17:20:00,1055,1056,1054,1056,1217
2026-05-15 17:30:00,1056,1057,1054,1055,406
2026-05-15 17:40:00,1055,1057,1054,1057,77
2026-05-15 17:50:00,1056,1056,1054,1055,923
2026-05-15 18:00:00,1055,1056,1055,1056,76
2026-05-15 18:10:00,1056,1056,1053,1054,144
2026-05-15 18:20:00,1055,1055,1053,1055,360
2026-05-15 18:30:00,1055,1055,1051,1053,1382
2026-05-15 18:40:00,1054,1054,1054,1054,90
2026-05-15 18:50:00,1055,1055,1054,1055,136
2026-05-15 19:00:00,1054,1055,1054,1054,151
2026-05-15 19:10:00,1054,1055,1054,1054,96
2026-05-15 19:20:00,1053,1055,1053,1055,81
2026-05-15 19:30:00,1054,1054,1054,1054,120
2026-05-15 19:40:00,1054,1054,1054,1054,30
2026-05-15 20:00:00,1053,1053,1053,1053,100
2026-05-15 20:10:00,1053,1053,1052,1052,1166
2026-05-15 20:20:00,1053,1053,1053,1053,105
2026-05-15 20:30:00,1054,1054,1054,1054,10
2026-05-15 20:50:00,1053,1053,1053,1053,34
2026-05-15 21:00:00,1054,1054,1053,1054,49
2026-05-15 21:10:00,1054,1054,1053,1053,24
2026-05-15 21:20:00,1054,1055,1053,1055,417
2026-05-15 21:30:00,1054,1057,1054,1057,818
2026-05-15 21:40:00,1057,1057,1057,1057,98
2026-05-15 21:50:00,1057,1058,1057,1058,20
2026-05-15 22:10:00,1057,1057,1057,1057,1
2026-05-15 22:20:00,1057,1057,1057,1057,1
2026-05-15 22:30:00,1057,1057,1057,1057,350
2026-05-15 22:40:00,1058,1058,1057,1057,3
2026-05-15 22:50:00,1058,1059,1058,1059,104
2026-05-15 23:00:00,1059,1059,1059,1059,1
2026-05-15 23:10:00,1057,1057,1054,1056,1075
2026-05-15 23:20:00,1056,1056,1055,1055,38
2026-05-15 23:30:00,1055,1066,1053,1057,3431
2026-05-16 10:10:00,1058,1058,1057,1058,36
2026-05-16 10:20:00,1057,1057,1051,1051,6451
2026-05-16 10:30:00,1051,1051,1044,1051,5352
2026-05-16 10:40:00,1051,1051,1051,1051,150
2026-05-16 10:50:00,1051,1051,1051,1051,130
2026-05-16 11:00:00,1051,1052,1051,1052,63
2026-05-16 11:10:00,1052,1052,1052,1052,20
2026-05-16 11:40:00,1052,1052,1052,1052,5
2026-05-16 11:50:00,1051,1051,1050,1051,201
2026-05-16 12:20:00,1052,1052,1052,1052,222
2026-05-16 12:30:00,1051,1052,1049,1050,644
2026-05-16 12:40:00,1050,1051,1050,1051,42
2026-05-16 12:50:00,1051,1051,1051,1051,6
2026-05-16 13:10:00,1051,1051,1051,1051,4
2026-05-16 13:20:00,1051,1051,1051,1051,40
2026-05-16 13:30:00,1050,1050,1050,1050,7
2026-05-16 14:30:00,1051,1052,1050,1052,8
2026-05-16 15:00:00,1051,1051,1051,1051,1
2026-05-16 15:20:00,1052,1052,1052,1052,1
2026-05-16 15:40:00,1052,1052,1052,1052,8
2026-05-16 15:50:00,1052,1052,1052,1052,72
2026-05-16 16:00:00,1052,1052,1052,1052,140
2026-05-16 16:40:00,1052,1052,1052,1052,20
2026-05-16 17:40:00,1052,1052,1052,1052,3
2026-05-16 17:50:00,1051,1051,1051,1051,237
2026-05-16 18:00:00,1050,1050,1049,1050,445
2026-05-16 18:10:00,1050,1051,1050,1051,66
2026-05-16 18:40:00,1050,1050,1049,1050,322
2026-05-16 18:50:00,1050,1050,1050,1050,23
