time,open,high,low,close,volume
2023-01-03 09:00:00,15020.0,15020.0,15020.0,15020.0,1
2023-01-03 14:10:00,15060.0,15430.0,15060.0,15430.0,2
2023-01-03 19:50:00,15100.0,15100.0,15100.0,15100.0,1
2023-01-03 20:30:00,15410.0,15430.0,15410.0,15430.0,5
2023-01-03 20:40:00,15430.0,15430.0,15430.0,15430.0,2
2023-01-03 21:00:00,15430.0,15430.0,15110.0,15110.0,4
2023-01-03 21:10:00,15080.0,15080.0,15060.0,15060.0,3
2023-01-03 22:20:00,15090.0,15090.0,15090.0,15090.0,1
2023-01-04 10:00:00,15390.0,15390.0,15390.0,15390.0,1
2023-01-04 11:40:00,15080.0,15080.0,15070.0,15070.0,2
2023-01-04 11:50:00,15070.0,15070.0,15000.0,15000.0,3
2023-01-04 18:10:00,15010.0,15010.0,15010.0,15010.0,2
2023-01-04 19:00:00,15000.0,15000.0,14950.0,14950.0,8
2023-01-05 09:30:00,15160.0,15160.0,15160.0,15160.0,1
2023-01-06 11:50:00,15060.0,15060.0,15060.0,15060.0,1
2023-01-06 19:30:00,15150.0,15150.0,15150.0,15150.0,1
2023-01-09 10:10:00,15060.0,15060.0,15060.0,15060.0,1
2023-01-09 13:50:00,15060.0,15060.0,15060.0,15060.0,1
2023-01-09 20:30:00,15220.0,15220.0,15220.0,15220.0,3
2023-01-10 15:20:00,15210.0,15210.0,15210.0,15210.0,1
2023-01-11 16:50:00,15080.0,15080.0,15080.0,15080.0,1
2023-01-12 15:50:00,15080.0,15080.0,15080.0,15080.0,1
2023-01-13 11:20:00,15410.0,15410.0,15410.0,15410.0,1
2023-01-13 23:30:00,15070.0,15070.0,15070.0,15070.0,1
2023-01-23 14:20:00,15070.0,15070.0,15070.0,15070.0,1
2023-01-30 19:30:00,15070.0,15070.0,15070.0,15070.0,1
2023-01-31 16:40:00,13800.0,13800.0,13740.0,13740.0,4
2023-01-31 16:50:00,13650.0,13650.0,13650.0,13650.0,1
2023-01-31 17:40:00,13680.0,13680.0,13680.0,13680.0,1
2023-02-03 14:50:00,13580.0,13580.0,13580.0,13580.0,1
2023-02-06 14:10:00,13570.0,13570.0,13570.0,13570.0,1
2023-02-07 13:40:00,13690.0,13690.0,13690.0,13690.0,1
2023-02-08 10:10:00,13530.0,13530.0,13530.0,13530.0,1
2023-02-15 15:40:00,13480.0,13480.0,13480.0,13480.0,1
2023-02-15 20:00:00,13740.0,13770.0,13740.0,13770.0,5
2023-02-17 12:40:00,13770.0,13770.0,13770.0,13770.0,20
2023-02-17 13:50:00,13760.0,13760.0,13760.0,13760.0,1
2023-02-24 09:10:00,13760.0,15100.0,13760.0,15100.0,2
2023-02-24 09:20:00,13760.0,15100.0,13760.0,15100.0,10
2023-02-24 09:50:00,13360.0,13360.0,13360.0,13360.0,1
2023-02-27 10:40:00,13260.0,13260.0,13260.0,13260.0,1
2023-02-28 13:50:00,13410.0,13420.0,13410.0,13420.0,2
2023-02-28 19:10:00,13450.0,13460.0,13450.0,13460.0,10
2023-02-28 20:50:00,13100.0,13100.0,13100.0,13100.0,1
2023-03-01 11:00:00,13470.0,13470.0,13470.0,13470.0,1
2023-03-01 11:40:00,14150.0,14150.0,14150.0,14150.0,7
2023-03-01 12:00:00,13250.0,13250.0,13250.0,13250.0,6
2023-03-01 12:20:00,14180.0,14180.0,14180.0,14180.0,5
2023-03-01 21:20:00,13480.0,13480.0,13480.0,13480.0,2
2023-03-01 21:30:00,13480.0,13480.0,13480.0,13480.0,1
2023-03-01 22:40:00,13480.0,13480.0,13480.0,13480.0,1
2023-03-02 09:40:00,13150.0,13150.0,13150.0,13150.0,1
2023-03-02 11:10:00,13290.0,13290.0,13290.0,13290.0,1
2023-03-02 13:20:00,13280.0,13280.0,13280.0,13280.0,1
2023-03-02 16:10:00,13220.0,13220.0,13220.0,13220.0,1500
2023-03-03 09:20:00,13180.0,13180.0,13180.0,13180.0,1
2023-03-03 17:30:00,12890.0,13080.0,12880.0,13070.0,32
2023-03-03 22:00:00,13180.0,13180.0,13180.0,13180.0,1
2023-03-06 23:30:00,13180.0,13180.0,13180.0,13180.0,1
2023-03-07 14:10:00,12970.0,12970.0,12970.0,12970.0,1
2023-03-07 19:50:00,13210.0,13210.0,13210.0,13210.0,1
2023-03-07 21:20:00,13380.0,13380.0,13380.0,13380.0,3
2023-03-07 22:00:00,12980.0,12980.0,12980.0,12980.0,1
2023-03-09 11:50:00,12980.0,12980.0,12880.0,12880.0,1516
2023-03-09 14:10:00,12880.0,12880.0,12880.0,12880.0,1
2023-03-09 16:30:00,12860.0,12860.0,12860.0,12860.0,1
2023-03-10 11:20:00,12710.0,12710.0,12650.0,12650.0,112
2023-03-10 11:40:00,12650.0,12650.0,12650.0,12650.0,1
2023-03-10 11:50:00,12910.0,12910.0,12910.0,12910.0,1
2023-03-10 16:20:00,12740.0,12740.0,12740.0,12740.0,1
2023-03-10 19:40:00,12630.0,12630.0,12630.0,12630.0,2
2023-03-10 20:30:00,12670.0,12680.0,12670.0,12680.0,5
2023-03-13 09:40:00,12250.0,12580.0,12250.0,12580.0,2
2023-03-13 10:00:00,12340.0,12340.0,12340.0,12340.0,1
2023-03-13 11:40:00,12570.0,12570.0,12570.0,12570.0,1
2023-03-13 17:20:00,13280.0,13280.0,12660.0,12660.0,6
2023-03-14 09:00:00,12550.0,12550.0,12550.0,12550.0,1
2023-03-15 10:20:00,12580.0,12580.0,12580.0,12580.0,1
2023-03-15 20:40:00,12680.0,12680.0,12680.0,12680.0,5
2023-03-15 22:20:00,12680.0,12680.0,12680.0,12680.0,3
2023-03-16 10:10:00,12580.0,12580.0,12580.0,12580.0,2
2023-03-16 10:30:00,12530.0,12530.0,12520.0,12520.0,7
2023-03-16 14:10:00,12520.0,15080.0,12520.0,12520.0,3
2023-03-16 14:20:00,12520.0,15080.0,12520.0,15080.0,2
2023-03-16 15:10:00,13150.0,13150.0,13150.0,13150.0,1
2023-03-16 23:00:00,13500.0,13510.0,13500.0,13510.0,10
2023-03-17 12:00:00,13470.0,14660.0,13470.0,14660.0,2
2023-03-17 12:10:00,13470.0,14660.0,13470.0,14660.0,8
2023-03-20 12:00:00,13130.0,13130.0,13130.0,13130.0,1
2023-03-20 18:00:00,13380.0,13380.0,13380.0,13380.0,1
2023-03-22 10:40:00,13330.0,13330.0,13330.0,13330.0,1
2023-03-22 10:50:00,13050.0,13050.0,13050.0,13050.0,1
2023-03-22 14:20:00,13080.0,13080.0,13080.0,13080.0,1
2023-03-22 17:50:00,13320.0,13320.0,13320.0,13320.0,1
2023-03-22 19:50:00,13410.0,13410.0,13410.0,13410.0,1
2023-03-22 20:30:00,13430.0,13430.0,13430.0,13430.0,1
2023-03-23 11:50:00,13430.0,13430.0,13430.0,13430.0,1
2023-03-23 15:20:00,13160.0,13160.0,13080.0,13080.0,28
2023-03-23 15:30:00,13120.0,13120.0,13120.0,13120.0,1
2023-03-23 16:40:00,13120.0,13120.0,13120.0,13120.0,1
2023-03-23 20:40:00,13440.0,13450.0,13440.0,13450.0,4
2023-03-23 21:10:00,12800.0,12800.0,12780.0,12780.0,5
2023-03-24 12:10:00,12890.0,12890.0,12890.0,12890.0,1
2023-03-24 17:00:00,13060.0,13180.0,13060.0,13180.0,5
2023-03-24 19:10:00,13170.0,13460.0,13170.0,13460.0,4
2023-03-24 20:40:00,13420.0,13420.0,13420.0,13420.0,1
2023-03-27 09:40:00,12830.0,12830.0,12820.0,12820.0,4
2023-03-27 13:50:00,13270.0,13270.0,13270.0,13270.0,3
2023-03-27 19:50:00,12870.0,12870.0,12860.0,12860.0,5
2023-03-27 21:10:00,13360.0,13360.0,13360.0,13360.0,1
2023-03-28 12:10:00,13170.0,13170.0,13170.0,13170.0,1
2023-03-28 17:10:00,12940.0,12940.0,12940.0,12940.0,1
2023-03-28 17:50:00,12580.0,15080.0,12580.0,15080.0,8
2023-03-28 18:00:00,12580.0,12580.0,12580.0,12580.0,2
2023-03-28 18:30:00,15060.0,15060.0,15060.0,15060.0,1
2023-03-28 19:20:00,14410.0,14410.0,14410.0,14410.0,1
2023-03-29 10:00:00,12880.0,12880.0,12880.0,12880.0,1
2023-03-29 11:50:00,13070.0,13070.0,13070.0,13070.0,1
2023-03-29 12:30:00,12880.0,12880.0,12870.0,12870.0,2
2023-03-29 14:20:00,12930.0,12940.0,12930.0,12940.0,2
2023-03-30 09:20:00,13230.0,13230.0,13230.0,13230.0,1
2023-03-30 09:30:00,13080.0,13080.0,13050.0,13050.0,3
2023-03-30 09:40:00,12990.0,12990.0,12990.0,12990.0,1
2023-03-30 09:50:00,12790.0,12800.0,12780.0,12800.0,22
2023-03-30 11:10:00,12980.0,12980.0,12980.0,12980.0,3
2023-03-30 12:30:00,12970.0,12970.0,12970.0,12970.0,1
2023-03-30 12:40:00,12940.0,12940.0,12930.0,12930.0,3
2023-03-30 13:00:00,13000.0,13010.0,13000.0,13010.0,1000
2023-03-30 13:40:00,13000.0,13000.0,13000.0,13000.0,1
2023-03-30 13:50:00,12950.0,13000.0,12880.0,12880.0,3
2023-03-30 19:00:00,12930.0,12930.0,12930.0,12930.0,1
2023-03-30 22:10:00,13200.0,13200.0,13200.0,13200.0,1
2023-03-31 09:10:00,13240.0,13250.0,12990.0,12990.0,6
2023-03-31 09:20:00,12970.0,12970.0,12960.0,12960.0,8
2023-03-31 09:30:00,12960.0,12960.0,12930.0,12930.0,7
2023-03-31 10:00:00,12930.0,12930.0,12920.0,12920.0,3
2023-03-31 10:30:00,12980.0,12990.0,12980.0,12980.0,11
2023-03-31 11:00:00,12990.0,12990.0,12980.0,12980.0,2
2023-03-31 14:40:00,12980.0,12980.0,12980.0,12980.0,4
2023-03-31 17:50:00,12980.0,12980.0,12980.0,12980.0,6
2023-03-31 19:00:00,12940.0,12940.0,12940.0,12940.0,2
2023-03-31 20:50:00,13020.0,13020.0,13020.0,13020.0,1
2023-03-31 21:00:00,13020.0,13020.0,13020.0,13020.0,1
2023-03-31 22:00:00,13020.0,13030.0,13020.0,13030.0,2
2023-03-31 22:40:00,13100.0,13100.0,13100.0,13100.0,1
2023-04-03 09:30:00,13010.0,13010.0,12980.0,12980.0,2
2023-04-03 09:50:00,12980.0,12980.0,12980.0,12980.0,1
2023-04-03 10:20:00,12980.0,12980.0,12980.0,12980.0,1
2023-04-03 10:40:00,12320.0,12320.0,12070.0,12150.0,1007
2023-04-03 11:10:00,12140.0,12140.0,12140.0,12140.0,1
2023-04-03 11:20:00,12140.0,12400.0,12140.0,12400.0,6
2023-04-03 11:30:00,12030.0,12390.0,12010.0,12010.0,4
2023-04-03 11:50:00,12150.0,12150.0,12150.0,12150.0,1
2023-04-03 12:00:00,12150.0,12150.0,12150.0,12150.0,1
2023-04-03 12:10:00,12150.0,12150.0,12150.0,12150.0,9
2023-04-03 12:30:00,12160.0,12160.0,12160.0,12160.0,5
2023-04-03 13:30:00,12120.0,12120.0,12120.0,12120.0,94
2023-04-03 14:10:00,12120.0,12120.0,12120.0,12120.0,7
2023-04-03 14:30:00,12120.0,12120.0,12120.0,12120.0,124
2023-04-03 15:00:00,12100.0,12130.0,12100.0,12130.0,6
2023-04-03 16:20:00,12130.0,12130.0,12130.0,12130.0,750
2023-04-03 16:40:00,12130.0,12130.0,12130.0,12130.0,1
2023-04-03 16:50:00,12040.0,12130.0,12030.0,12130.0,2503
2023-04-03 18:30:00,12240.0,12250.0,12240.0,12250.0,3
2023-04-03 19:30:00,12310.0,12310.0,12310.0,12310.0,1
2023-04-03 19:50:00,12230.0,12230.0,12230.0,12230.0,1
2023-04-04 09:20:00,12290.0,12290.0,12290.0,12290.0,1
2023-04-04 10:00:00,12240.0,12240.0,12240.0,12240.0,1
2023-04-04 11:20:00,12300.0,12310.0,12300.0,12310.0,2
2023-04-04 12:00:00,12310.0,12310.0,12310.0,12310.0,2
2023-04-04 12:30:00,12320.0,12340.0,12320.0,12340.0,2701
2023-04-04 13:00:00,12530.0,12530.0,12530.0,12530.0,10
2023-04-04 13:10:00,12290.0,12290.0,12290.0,12290.0,1
2023-04-04 14:10:00,12530.0,12530.0,12530.0,12530.0,1
2023-04-04 15:00:00,12530.0,12530.0,12530.0,12530.0,500
2023-04-04 15:10:00,12010.0,12010.0,12010.0,12010.0,1
2023-04-04 15:20:00,12010.0,12020.0,12010.0,12020.0,20
2023-04-04 15:30:00,11980.0,11990.0,11980.0,11980.0,3
2023-04-04 16:00:00,11980.0,11980.0,11980.0,11980.0,1
2023-04-04 16:40:00,12000.0,12000.0,12000.0,12000.0,1
2023-04-04 16:50:00,12000.0,12000.0,12000.0,12000.0,1
2023-04-04 17:10:00,12000.0,12010.0,12000.0,12010.0,3
2023-04-04 17:20:00,12020.0,12020.0,12020.0,12020.0,1
2023-04-04 20:10:00,12010.0,12010.0,12010.0,12010.0,1
2023-04-04 22:20:00,11890.0,11890.0,11890.0,11890.0,1
2023-04-04 23:10:00,11990.0,12000.0,11990.0,12000.0,2
2023-04-05 12:50:00,12000.0,12000.0,12000.0,12000.0,1
2023-04-05 15:00:00,11950.0,11950.0,11950.0,11950.0,1
2023-04-05 15:20:00,11900.0,11900.0,11900.0,11900.0,2
2023-04-05 15:50:00,11900.0,11940.0,11830.0,11940.0,11
2023-04-05 17:10:00,11850.0,11850.0,11850.0,11850.0,1
2023-04-05 17:30:00,11840.0,11840.0,11840.0,11840.0,1
2023-04-05 17:40:00,11840.0,11840.0,11840.0,11840.0,1
2023-04-05 22:20:00,11900.0,11930.0,11900.0,11930.0,6
2023-04-05 22:30:00,11940.0,11940.0,11940.0,11940.0,2
2023-04-05 23:00:00,11860.0,11860.0,11790.0,11790.0,8
2023-04-06 11:10:00,11830.0,11830.0,11830.0,11830.0,1
2023-04-06 12:20:00,11900.0,11900.0,11900.0,11900.0,2
2023-04-06 12:50:00,11920.0,11920.0,11920.0,11920.0,1
2023-04-06 13:20:00,11930.0,11930.0,11930.0,11930.0,1
2023-04-06 13:30:00,11850.0,11850.0,11850.0,11850.0,1
2023-04-06 15:10:00,11930.0,11930.0,11930.0,11930.0,1
2023-04-06 19:30:00,11930.0,11930.0,11930.0,11930.0,1
2023-04-06 21:40:00,11890.0,11890.0,11890.0,11890.0,1
2023-04-07 09:50:00,11910.0,11910.0,11910.0,11910.0,1
2023-04-07 10:00:00,11780.0,11780.0,11780.0,11780.0,1
2023-04-07 10:10:00,11900.0,11900.0,11900.0,11900.0,1
2023-04-07 10:40:00,11910.0,11910.0,11910.0,11910.0,1
2023-04-07 13:20:00,11850.0,11850.0,11850.0,11850.0,2
2023-04-07 13:50:00,11830.0,11830.0,11830.0,11830.0,1
2023-04-07 14:00:00,11830.0,11830.0,11830.0,11830.0,2
2023-04-07 14:30:00,11900.0,11900.0,11900.0,11900.0,1
2023-04-07 19:40:00,11870.0,11870.0,11870.0,11870.0,2
2023-04-10 12:00:00,11820.0,11820.0,11820.0,11820.0,2
2023-04-10 16:10:00,11790.0,11790.0,11790.0,11790.0,3
2023-04-10 19:10:00,11790.0,11790.0,11790.0,11790.0,1
2023-04-10 19:30:00,11770.0,11770.0,11770.0,11770.0,2
2023-04-10 20:00:00,11780.0,11780.0,11780.0,11780.0,216
2023-04-10 22:30:00,11840.0,11840.0,11840.0,11840.0,1
2023-04-11 12:10:00,11890.0,11890.0,11890.0,11890.0,2
2023-04-11 15:10:00,11900.0,11900.0,11900.0,11900.0,1
2023-04-11 15:30:00,11840.0,11840.0,11830.0,11830.0,1276
2023-04-11 16:50:00,11750.0,11750.0,11750.0,11750.0,2
2023-04-12 11:50:00,11880.0,11980.0,11880.0,11980.0,2813
2023-04-12 12:00:00,11940.0,11940.0,11940.0,11940.0,1
2023-04-12 12:50:00,12040.0,12050.0,12040.0,12050.0,3
2023-04-12 14:00:00,12050.0,12050.0,12050.0,12050.0,1
2023-04-12 14:10:00,12060.0,12060.0,12060.0,12060.0,2
2023-04-12 15:40:00,12060.0,12060.0,12060.0,12060.0,2
2023-04-12 15:50:00,12060.0,12070.0,11940.0,12050.0,18
2023-04-12 16:00:00,12040.0,12040.0,12040.0,12040.0,1
2023-04-12 16:10:00,11990.0,11990.0,11990.0,11990.0,2
2023-04-12 16:20:00,11990.0,11990.0,11990.0,11990.0,1
2023-04-12 16:40:00,11990.0,11990.0,11940.0,11940.0,8
2023-04-12 18:20:00,11950.0,11950.0,11940.0,11940.0,189
2023-04-12 19:00:00,11950.0,11950.0,11950.0,11950.0,1
2023-04-12 20:20:00,12040.0,12040.0,12040.0,12040.0,1
2023-04-12 21:20:00,12030.0,12030.0,12030.0,12030.0,2
2023-04-13 15:40:00,12030.0,12030.0,12030.0,12030.0,1
2023-04-13 16:40:00,12050.0,12050.0,11930.0,11930.0,14
2023-04-13 22:00:00,11980.0,11980.0,11980.0,11980.0,1
2023-04-14 13:10:00,12130.0,12130.0,12130.0,12130.0,1
2023-04-14 13:30:00,12120.0,12130.0,12120.0,12130.0,2
2023-04-14 16:00:00,12130.0,12130.0,12130.0,12130.0,7
2023-04-14 16:30:00,12000.0,12000.0,11990.0,11990.0,2
2023-04-14 19:50:00,11950.0,11950.0,11950.0,11950.0,1
2023-04-17 09:00:00,12070.0,12070.0,12070.0,12070.0,1
2023-04-17 09:30:00,12120.0,12120.0,12120.0,12120.0,2
2023-04-17 10:10:00,12150.0,12150.0,12150.0,12150.0,1
2023-04-17 10:50:00,12110.0,12110.0,12110.0,12110.0,1
2023-04-17 11:20:00,12100.0,12160.0,12100.0,12160.0,11
2023-04-17 13:30:00,12150.0,12150.0,12150.0,12150.0,1
2023-04-17 13:40:00,12130.0,12130.0,12130.0,12130.0,1
2023-04-17 15:00:00,12130.0,12130.0,12130.0,12130.0,1
2023-04-17 15:40:00,12130.0,12130.0,12130.0,12130.0,1
2023-04-25 10:30:00,12130.0,12130.0,12130.0,12130.0,1
2023-04-25 12:40:00,11730.0,11730.0,11730.0,11730.0,1
2023-04-25 13:30:00,12120.0,12120.0,12120.0,12120.0,1
2023-05-04 19:40:00,12330.0,12340.0,12330.0,12340.0,2
2023-05-04 20:00:00,11210.0,11210.0,11210.0,11210.0,2
2023-05-17 16:00:00,12130.0,12130.0,12130.0,12130.0,1
2023-05-19 15:20:00,12130.0,12130.0,12130.0,12130.0,1
2023-05-19 17:50:00,11740.0,11740.0,11740.0,11740.0,1
2023-05-24 13:10:00,12130.0,12140.0,12130.0,12140.0,501
2023-05-24 18:10:00,12460.0,12460.0,12460.0,12460.0,1
2023-05-25 09:10:00,11440.0,11440.0,11440.0,11440.0,1
2023-05-25 22:50:00,12570.0,12570.0,12570.0,12570.0,1
2023-05-26 17:20:00,12050.0,12050.0,12050.0,12050.0,1
2023-06-13 11:10:00,12470.0,12470.0,12470.0,12470.0,20
2023-06-14 10:10:00,12480.0,12480.0,12480.0,12480.0,500
2023-06-14 15:20:00,12810.0,12810.0,12810.0,12810.0,1
2023-06-14 15:50:00,12810.0,12810.0,12810.0,12810.0,3
2023-06-19 09:00:00,13280.0,13280.0,13280.0,13280.0,1
2023-06-19 09:10:00,13280.0,13280.0,13280.0,13280.0,2
2023-06-19 10:10:00,12810.0,12810.0,12810.0,12810.0,500
2023-06-19 17:30:00,13140.0,13140.0,13140.0,13140.0,7
2023-06-19 19:40:00,13280.0,13280.0,13280.0,13280.0,1
2023-06-19 20:20:00,13280.0,13280.0,13280.0,13280.0,1
2023-06-20 12:40:00,12720.0,12720.0,12710.0,12710.0,4
2023-06-20 16:10:00,12720.0,12720.0,12720.0,12720.0,1
2023-06-20 21:10:00,12960.0,12960.0,12960.0,12960.0,1
2023-06-21 18:10:00,13130.0,13130.0,13130.0,13130.0,1
2023-06-22 23:10:00,13130.0,13130.0,13130.0,13130.0,1
2023-06-30 14:30:00,13130.0,13140.0,13130.0,13140.0,11
2023-08-07 17:40:00,15960.0,15970.0,15960.0,15970.0,4
2023-08-07 19:00:00,15970.0,15970.0,15970.0,15970.0,1
2023-08-07 19:10:00,15970.0,15970.0,15970.0,15970.0,1
2023-08-07 23:10:00,16320.0,16320.0,16320.0,16320.0,1
2023-08-08 08:50:00,16340.0,16340.0,16340.0,16340.0,1
2023-08-08 09:20:00,16340.0,16340.0,16340.0,16340.0,1
2023-08-08 11:00:00,14970.0,14970.0,14970.0,14970.0,1
2023-08-09 11:50:00,16190.0,16190.0,16190.0,16190.0,1
2023-08-09 15:10:00,15380.0,15380.0,15380.0,15380.0,1
2023-08-10 15:10:00,16080.0,16080.0,16080.0,16080.0,1
2023-08-14 12:10:00,15030.0,15030.0,15030.0,15030.0,1
2023-08-14 19:10:00,16500.0,16500.0,16500.0,16500.0,1
2023-08-15 12:20:00,15570.0,15570.0,15570.0,15570.0,1
2023-08-15 15:00:00,16470.0,16470.0,16470.0,16470.0,1
2023-08-15 15:10:00,16450.0,16450.0,16450.0,16450.0,1
2023-08-15 22:00:00,15660.0,15660.0,15660.0,15660.0,1
2023-08-16 10:40:00,16360.0,16370.0,16360.0,16370.0,2
2023-08-16 21:30:00,15440.0,15440.0,15400.0,15400.0,3
2023-08-17 15:10:00,15530.0,15530.0,15530.0,15530.0,2
2023-08-17 15:40:00,16190.0,16200.0,16190.0,16200.0,2
2023-08-17 22:00:00,15350.0,15350.0,15350.0,15350.0,2
2023-08-18 16:00:00,15920.0,16010.0,15920.0,16010.0,5
2023-08-18 19:10:00,15500.0,15500.0,15040.0,15040.0,5
2023-08-21 14:00:00,15660.0,15710.0,15660.0,15710.0,3
2023-08-21 14:10:00,15700.0,15710.0,14930.0,14930.0,9
2023-08-21 20:40:00,15470.0,15480.0,15470.0,15480.0,2
2023-08-21 22:40:00,15220.0,15220.0,15220.0,15220.0,1
2023-08-22 17:10:00,15060.0,15060.0,15040.0,15040.0,3
2023-08-22 20:30:00,15210.0,15210.0,15210.0,15210.0,1
2023-08-23 18:00:00,15010.0,15020.0,15010.0,15020.0,3
2023-08-23 19:50:00,14440.0,14440.0,14440.0,14440.0,2
2023-08-23 21:30:00,14050.0,15110.0,14040.0,15110.0,4
2023-08-24 10:10:00,14960.0,14960.0,14960.0,14960.0,1
2023-08-24 11:00:00,14870.0,14880.0,14870.0,14880.0,2
2023-08-24 11:30:00,14180.0,14180.0,14180.0,14180.0,1
2023-08-24 13:50:00,15080.0,15080.0,14530.0,14530.0,2
2023-08-24 14:00:00,14520.0,14520.0,14520.0,14520.0,1
2023-08-24 19:50:00,14300.0,14300.0,14300.0,14300.0,2
2023-08-24 21:10:00,14240.0,14240.0,14240.0,14240.0,1
2023-08-24 22:20:00,14240.0,14240.0,14180.0,14180.0,3
2023-08-25 16:20:00,14180.0,14180.0,14180.0,14180.0,1
2023-08-25 21:30:00,13770.0,13770.0,13770.0,13770.0,2
2023-08-28 19:30:00,13630.0,13630.0,13630.0,13630.0,1
2023-08-30 14:50:00,13490.0,13490.0,13490.0,13490.0,1
2023-08-30 19:40:00,13540.0,13540.0,13540.0,13540.0,3
2023-09-06 21:00:00,13480.0,13480.0,13480.0,13480.0,1
2023-09-14 19:40:00,13420.0,13420.0,13420.0,13420.0,2
2023-09-18 16:10:00,12750.0,13120.0,12740.0,13120.0,3
2023-09-18 16:20:00,12720.0,12720.0,12720.0,12720.0,1
2023-09-20 10:30:00,11860.0,11860.0,11860.0,11860.0,1
2023-09-20 11:40:00,11870.0,11870.0,11870.0,11870.0,1
2023-09-20 12:10:00,13340.0,13340.0,13340.0,13340.0,1
2023-09-26 09:30:00,12590.0,12590.0,12590.0,12590.0,1
2023-09-27 13:50:00,12600.0,12600.0,12600.0,12600.0,1
2023-09-29 17:00:00,12770.0,12770.0,12770.0,12770.0,1
2023-09-29 18:20:00,12770.0,12770.0,12770.0,12770.0,12
2023-10-02 18:00:00,12740.0,12740.0,12740.0,12740.0,3
2023-10-05 17:00:00,12730.0,12730.0,12730.0,12730.0,1
2023-10-13 16:20:00,12730.0,12730.0,12730.0,12730.0,1
2023-10-16 14:00:00,11930.0,11930.0,11930.0,11930.0,2
2023-10-16 19:50:00,13010.0,13010.0,13010.0,13010.0,1
2023-10-17 13:20:00,12910.0,12910.0,12910.0,12910.0,1
2023-10-19 09:00:00,12770.0,12770.0,12770.0,12770.0,1
2023-10-19 23:30:00,13330.0,13370.0,13330.0,13370.0,6
2023-10-20 09:00:00,13370.0,13370.0,13370.0,13370.0,1
2023-10-20 11:30:00,12830.0,13370.0,12830.0,13370.0,8
2023-10-20 13:50:00,12920.0,12920.0,12920.0,12920.0,1
2023-10-30 16:30:00,13270.0,14050.0,13180.0,14050.0,6
2023-10-30 17:00:00,12690.0,12690.0,12690.0,12690.0,1
2023-11-02 09:40:00,13710.0,13710.0,13700.0,13700.0,2
2023-11-02 10:00:00,12730.0,12730.0,12730.0,12730.0,1
2023-11-02 23:00:00,13670.0,13670.0,13670.0,13670.0,2
2023-11-03 13:50:00,12990.0,12990.0,12990.0,12990.0,1
2023-11-03 14:30:00,12990.0,12990.0,12620.0,12620.0,7
2023-11-03 17:00:00,13430.0,13430.0,13430.0,13430.0,3
2023-11-06 10:20:00,13330.0,13340.0,13330.0,13340.0,4
2023-11-06 16:10:00,13390.0,13390.0,13300.0,13300.0,3
2023-11-13 15:20:00,13190.0,13190.0,13190.0,13190.0,1
2023-11-13 18:20:00,12770.0,12770.0,12770.0,12770.0,1
2023-11-17 18:20:00,12890.0,12890.0,12890.0,12890.0,1
2023-11-22 15:00:00,13000.0,13010.0,13000.0,13010.0,5
2023-11-23 11:20:00,12920.0,12930.0,12920.0,12930.0,3
2023-11-23 11:50:00,12940.0,12940.0,12930.0,12930.0,3
2023-11-23 14:40:00,12720.0,12720.0,12720.0,12720.0,1
2023-11-23 14:50:00,12710.0,12710.0,12710.0,12710.0,5
2023-11-24 22:40:00,12690.0,12700.0,12690.0,12700.0,2
2023-11-28 10:00:00,13490.0,13490.0,13490.0,13490.0,1
2023-11-28 10:50:00,12610.0,12610.0,12610.0,12610.0,2
2023-11-28 12:50:00,12690.0,12690.0,12630.0,12630.0,3
2023-11-29 12:40:00,11870.0,12170.0,11870.0,12170.0,3
2023-12-04 16:50:00,12180.0,12180.0,12170.0,12170.0,2
2023-12-04 20:10:00,12170.0,12170.0,12170.0,12170.0,1
2023-12-04 21:10:00,12170.0,12170.0,12170.0,12170.0,2
2023-12-07 20:00:00,12150.0,12150.0,12150.0,12150.0,1
2023-12-07 20:10:00,12140.0,12140.0,12140.0,12140.0,1
2023-12-08 14:50:00,12720.0,12720.0,12720.0,12720.0,34
2023-12-08 15:20:00,12720.0,12720.0,12720.0,12720.0,55
2023-12-08 15:30:00,12720.0,12720.0,12720.0,12720.0,11
2023-12-08 16:30:00,12720.0,12720.0,12720.0,12720.0,100
2023-12-11 16:30:00,12730.0,12730.0,12720.0,12720.0,14
2023-12-11 18:40:00,11960.0,11960.0,11960.0,11960.0,1
2023-12-12 11:50:00,12710.0,12710.0,12710.0,12710.0,3
2023-12-12 12:00:00,12710.0,12710.0,12710.0,12710.0,16
2023-12-12 12:10:00,12710.0,12710.0,12710.0,12710.0,100
2023-12-12 12:20:00,12710.0,12710.0,12710.0,12710.0,1
2023-12-12 12:30:00,12710.0,12710.0,12710.0,12710.0,6
2023-12-12 13:10:00,12710.0,12710.0,12710.0,12710.0,5
2023-12-12 18:20:00,12270.0,12270.0,12270.0,12270.0,1
2023-12-13 13:10:00,12680.0,12680.0,12680.0,12680.0,5
2023-12-13 14:10:00,12680.0,12680.0,12680.0,12680.0,27
2023-12-13 15:50:00,12680.0,12680.0,12680.0,12680.0,5
2023-12-13 18:20:00,12350.0,12350.0,12250.0,12250.0,3
2023-12-14 16:10:00,12620.0,12620.0,12620.0,12620.0,38
2023-12-14 16:50:00,12620.0,12620.0,12620.0,12620.0,2
2023-12-14 17:30:00,12620.0,12620.0,12620.0,12620.0,11
2023-12-14 18:20:00,12350.0,12350.0,12350.0,12350.0,1
2023-12-14 19:20:00,12300.0,12300.0,11900.0,11900.0,11
2023-12-15 11:20:00,12520.0,12520.0,12520.0,12520.0,2
2023-12-15 12:20:00,12520.0,12520.0,12520.0,12520.0,6
2023-12-15 18:30:00,12530.0,12530.0,12140.0,12140.0,11
2023-12-15 19:00:00,11920.0,11920.0,11920.0,11920.0,1
2023-12-15 23:40:00,11920.0,11920.0,11920.0,11920.0,1
2023-12-18 12:40:00,11040.0,11040.0,11040.0,11040.0,1
2023-12-18 14:50:00,11040.0,11040.0,11040.0,11040.0,1
2023-12-18 15:10:00,11040.0,11040.0,11040.0,11040.0,9
2023-12-18 15:30:00,11020.0,11020.0,11020.0,11020.0,1
2023-12-18 15:50:00,11020.0,11020.0,11020.0,11020.0,1
2023-12-18 20:00:00,10590.0,10590.0,10590.0,10590.0,1
2023-12-18 20:20:00,10580.0,10580.0,10580.0,10580.0,2
2023-12-19 19:00:00,10290.0,10290.0,10290.0,10290.0,1
2023-12-20 13:30:00,11020.0,11020.0,11020.0,11020.0,1
2023-12-20 17:50:00,11020.0,11020.0,11020.0,11020.0,1
2023-12-20 18:40:00,10640.0,10640.0,10640.0,10640.0,1
2023-12-20 19:00:00,10200.0,10200.0,10200.0,10200.0,1
2023-12-21 19:00:00,10130.0,10130.0,10130.0,10130.0,1
2023-12-22 19:10:00,11080.0,11080.0,10990.0,10990.0,2
2023-12-26 19:10:00,10220.0,10220.0,10220.0,10220.0,1
2023-12-26 22:10:00,11720.0,11720.0,11720.0,11720.0,1
2023-12-26 22:50:00,10660.0,10660.0,10660.0,10660.0,1
2023-12-27 11:30:00,10930.0,10930.0,10930.0,10930.0,1
2023-12-27 11:40:00,10920.0,10920.0,10920.0,10920.0,1
2023-12-27 12:10:00,10920.0,10920.0,10920.0,10920.0,3
2023-12-27 13:40:00,10920.0,10920.0,10920.0,10920.0,6
2023-12-27 14:00:00,10920.0,10920.0,10920.0,10920.0,547
2023-12-27 14:10:00,10920.0,10920.0,10920.0,10920.0,3
2023-12-27 14:20:00,10230.0,10230.0,10220.0,10220.0,2
2023-12-27 14:30:00,11010.0,11010.0,11010.0,11010.0,1
2023-12-27 14:40:00,10530.0,10530.0,10530.0,10530.0,1
2023-12-27 19:40:00,10470.0,10470.0,10470.0,10470.0,1
2023-12-28 13:40:00,10460.0,10460.0,10460.0,10460.0,1
2023-12-28 17:20:00,10470.0,10470.0,10130.0,10130.0,3
2023-12-28 19:10:00,10870.0,10880.0,10870.0,10880.0,2
2023-12-28 19:20:00,10150.0,10150.0,10150.0,10150.0,1
2023-12-28 21:00:00,10270.0,10270.0,9980.0,9980.0,10
2023-12-28 21:30:00,10130.0,11000.0,10130.0,11000.0,4
2023-12-28 21:40:00,10790.0,10790.0,10260.0,10260.0,7
2023-12-28 21:50:00,10710.0,10730.0,10710.0,10730.0,10
2023-12-28 22:00:00,10800.0,10800.0,10730.0,10740.0,19
2023-12-28 22:10:00,10800.0,10800.0,10240.0,10240.0,6
2023-12-28 22:20:00,10770.0,10800.0,10730.0,10790.0,25
2023-12-28 22:30:00,10790.0,10790.0,10790.0,10790.0,3
2023-12-28 22:40:00,10810.0,10810.0,10810.0,10810.0,1
2023-12-28 22:50:00,10970.0,10970.0,10370.0,10810.0,11
2023-12-28 23:00:00,10800.0,10800.0,10800.0,10800.0,1
2023-12-28 23:10:00,10330.0,10800.0,10330.0,10800.0,4
2023-12-28 23:40:00,10550.0,10550.0,10550.0,10550.0,1
2023-12-29 09:00:00,10340.0,10340.0,10340.0,10340.0,1
2023-12-29 09:10:00,10710.0,10710.0,10710.0,10710.0,11
2023-12-29 09:20:00,10830.0,10830.0,10830.0,10830.0,1
2023-12-29 09:40:00,10570.0,10570.0,10570.0,10570.0,1
2023-12-29 09:50:00,10720.0,10720.0,10720.0,10720.0,4
2023-12-29 11:10:00,10600.0,10800.0,10600.0,10800.0,3
2023-12-29 11:20:00,10610.0,10610.0,10600.0,10600.0,3
2023-12-29 13:20:00,10550.0,10550.0,10550.0,10550.0,1
2023-12-29 14:10:00,10690.0,10690.0,10690.0,10690.0,2
2023-12-29 18:30:00,10550.0,10550.0,10550.0,10550.0,1
2023-12-29 18:40:00,10540.0,10550.0,10540.0,10550.0,3
2023-12-29 19:10:00,10420.0,10420.0,10420.0,10420.0,1
2024-01-03 09:10:00,10390.0,10390.0,10390.0,10390.0,1
2024-01-03 09:50:00,10970.0,11390.0,10660.0,10660.0,14
2024-01-03 10:00:00,10680.0,10680.0,10190.0,10190.0,15
2024-01-03 11:30:00,10950.0,10950.0,10390.0,10390.0,2
2024-01-03 12:10:00,10130.0,10130.0,10130.0,10130.0,1
2024-01-03 13:20:00,11650.0,11650.0,11650.0,11650.0,1
2024-01-03 13:40:00,10210.0,10210.0,10210.0,10210.0,1
2024-01-03 13:50:00,10420.0,10420.0,10360.0,10360.0,2
2024-01-03 19:00:00,10380.0,10380.0,10040.0,10040.0,4
2024-01-03 21:50:00,10240.0,10240.0,10140.0,10140.0,2
2024-01-03 22:10:00,10160.0,10690.0,10150.0,10690.0,29
2024-01-03 22:20:00,10200.0,10200.0,10200.0,10200.0,1
2024-01-04 12:30:00,10480.0,10480.0,10480.0,10480.0,1
2024-01-04 12:40:00,10480.0,10480.0,10480.0,10480.0,1
2024-01-04 19:10:00,10440.0,10440.0,10440.0,10440.0,1
2024-01-04 19:20:00,10470.0,10470.0,10470.0,10470.0,1
2024-01-05 09:00:00,11200.0,11370.0,10820.0,10860.0,8
2024-01-05 09:10:00,10850.0,10850.0,10850.0,10850.0,1
2024-01-05 10:20:00,10900.0,10900.0,10900.0,10900.0,1
2024-01-05 11:20:00,11050.0,11460.0,11040.0,11460.0,11
2024-01-05 11:30:00,10920.0,10920.0,10920.0,10920.0,1
2024-01-05 14:40:00,10370.0,10370.0,10370.0,10370.0,1
2024-01-05 22:10:00,11240.0,11240.0,10810.0,10810.0,9
2024-01-08 17:30:00,10510.0,10510.0,9990.0,9990.0,4
2024-01-08 18:30:00,10420.0,10420.0,10420.0,10420.0,2
2024-01-08 18:40:00,10280.0,10280.0,10280.0,10280.0,1
2024-01-08 19:10:00,10400.0,10400.0,10400.0,10400.0,1
2024-01-08 21:00:00,10310.0,10310.0,10310.0,10310.0,1
2024-01-09 09:30:00,10780.0,10790.0,10780.0,10790.0,2
2024-01-09 09:40:00,10330.0,10330.0,10330.0,10330.0,1
2024-01-09 16:00:00,11090.0,11090.0,11090.0,11090.0,1
2024-01-09 16:10:00,10390.0,10390.0,10390.0,10390.0,1
2024-01-09 16:20:00,11310.0,11330.0,11310.0,11330.0,4
2024-01-09 17:00:00,11010.0,11130.0,11010.0,11130.0,3
2024-01-09 17:10:00,10700.0,10700.0,10700.0,10700.0,1
2024-01-09 20:30:00,11250.0,11310.0,11250.0,11310.0,3
2024-01-09 22:30:00,11460.0,11460.0,11460.0,11460.0,1
2024-01-09 23:00:00,11290.0,11310.0,10790.0,10790.0,10
2024-01-10 09:10:00,10860.0,10860.0,10660.0,10660.0,3
2024-01-10 18:40:00,11880.0,11880.0,11880.0,11880.0,1
2024-01-10 19:00:00,10740.0,10740.0,10410.0,10410.0,2
2024-01-10 19:40:00,11970.0,11970.0,11970.0,11970.0,1
2024-01-10 19:50:00,11400.0,11400.0,11400.0,11400.0,1
2024-01-10 20:00:00,11810.0,11810.0,11810.0,11810.0,1
2024-01-11 11:10:00,11190.0,11820.0,11090.0,11820.0,5
2024-01-11 12:50:00,10680.0,10680.0,10680.0,10680.0,5
2024-01-11 14:10:00,10830.0,10840.0,10830.0,10840.0,2
2024-01-11 14:20:00,10810.0,10810.0,10800.0,10800.0,703
2024-01-11 17:00:00,10820.0,10820.0,10800.0,10800.0,101
2024-01-11 17:30:00,10800.0,10800.0,10800.0,10800.0,200
2024-01-11 17:50:00,10710.0,10710.0,10710.0,10710.0,1
2024-01-11 19:10:00,10700.0,10700.0,10640.0,10640.0,3
2024-01-11 20:50:00,12300.0,12300.0,12300.0,12300.0,1
2024-01-11 23:10:00,12150.0,12150.0,12150.0,12150.0,1
2024-01-12 09:00:00,11330.0,11330.0,11330.0,11330.0,1
2024-01-12 09:10:00,12300.0,12300.0,12300.0,12300.0,1
2024-01-12 09:30:00,12310.0,12310.0,12310.0,12310.0,1
2024-01-12 14:00:00,10370.0,10370.0,10340.0,10340.0,3
2024-01-12 14:10:00,11570.0,11570.0,11570.0,11570.0,1
2024-01-12 19:00:00,10360.0,10790.0,9880.0,9880.0,5
2024-01-12 19:20:00,11760.0,11780.0,11460.0,11780.0,3
2024-01-12 21:50:00,10570.0,10570.0,10570.0,10570.0,2
2024-01-12 23:20:00,11780.0,11780.0,11780.0,11780.0,1
2024-01-15 09:50:00,10750.0,10760.0,10750.0,10760.0,2
2024-01-15 14:10:00,10590.0,10590.0,10590.0,10590.0,1
2024-01-15 19:40:00,10520.0,10520.0,10520.0,10520.0,1
2024-01-16 14:50:00,10590.0,10590.0,10590.0,10590.0,2
2024-01-16 15:00:00,10570.0,10570.0,10570.0,10570.0,1
2024-01-16 16:00:00,10570.0,10570.0,10540.0,10540.0,5
2024-01-16 17:30:00,10510.0,10510.0,10510.0,10510.0,1
2024-01-16 21:20:00,10660.0,10740.0,10660.0,10740.0,6
2024-01-16 21:30:00,10480.0,10480.0,10480.0,10480.0,1
2024-01-17 09:30:00,10460.0,10460.0,10460.0,10460.0,1
2024-01-17 13:30:00,10440.0,10440.0,10440.0,10440.0,1
2024-01-17 17:10:00,10450.0,10450.0,10450.0,10450.0,1
2024-01-17 18:40:00,10440.0,10440.0,10440.0,10440.0,1
2024-01-18 16:20:00,10300.0,10300.0,10280.0,10280.0,2
2024-01-18 21:40:00,11450.0,11450.0,11450.0,11450.0,1
2024-01-19 10:30:00,10270.0,10270.0,10210.0,10210.0,126
2024-01-19 10:40:00,10250.0,10250.0,10220.0,10220.0,75
2024-01-19 12:50:00,10480.0,10480.0,10480.0,10480.0,1
2024-01-19 13:10:00,10350.0,10350.0,10350.0,10350.0,1
2024-01-19 14:50:00,10250.0,10250.0,10250.0,10250.0,1
2024-01-19 15:50:00,10340.0,10350.0,10340.0,10340.0,11
2024-01-19 16:30:00,10240.0,10240.0,10240.0,10240.0,1
2024-01-19 17:40:00,10200.0,10200.0,10200.0,10200.0,1
2024-01-22 20:50:00,10500.0,10500.0,10480.0,10480.0,2
2024-01-22 21:00:00,10260.0,10260.0,10260.0,10260.0,1
2024-01-22 23:10:00,10260.0,10260.0,10240.0,10240.0,3
2024-01-23 09:30:00,10250.0,10250.0,10210.0,10210.0,17
2024-01-23 09:40:00,10200.0,10210.0,10200.0,10210.0,4
2024-01-23 11:00:00,11510.0,11510.0,11510.0,11510.0,1
2024-01-23 20:40:00,11220.0,11220.0,11220.0,11220.0,1
2024-01-24 09:50:00,10270.0,10270.0,10220.0,10220.0,5
2024-01-24 18:00:00,10180.0,10180.0,10180.0,10180.0,1
2024-01-25 20:10:00,10220.0,10220.0,10180.0,10180.0,10
2024-01-26 15:50:00,10200.0,10200.0,10170.0,10170.0,5
2024-01-26 16:10:00,10170.0,10170.0,10140.0,10140.0,4
2024-01-29 16:10:00,10150.0,10150.0,9970.0,9970.0,7
2024-01-29 16:30:00,10910.0,10910.0,10910.0,10910.0,1
2024-01-30 14:30:00,10060.0,10060.0,9950.0,9950.0,8
2024-01-30 15:40:00,9940.0,9940.0,9930.0,9930.0,2
2024-01-30 16:20:00,9910.0,9910.0,9910.0,9910.0,1
2024-01-30 20:50:00,9880.0,9880.0,9870.0,9870.0,2
2024-01-31 10:20:00,9880.0,9880.0,9830.0,9830.0,8
2024-01-31 10:30:00,9840.0,9840.0,9820.0,9820.0,3
2024-01-31 11:10:00,9900.0,9900.0,9820.0,9820.0,2
2024-02-02 13:30:00,9860.0,9860.0,9860.0,9860.0,1
2024-02-02 13:50:00,9840.0,9840.0,9840.0,9840.0,1
2024-02-02 15:50:00,9850.0,9850.0,9790.0,9790.0,7
2024-02-02 18:40:00,9760.0,9760.0,9760.0,9760.0,1
2024-02-06 18:00:00,9800.0,9800.0,9800.0,9800.0,1
2024-02-06 23:00:00,9800.0,9800.0,9800.0,9800.0,1
2024-02-07 09:10:00,9800.0,9800.0,9800.0,9800.0,1
2024-02-07 10:30:00,9800.0,9800.0,9710.0,9710.0,11
2024-02-07 12:30:00,9770.0,9770.0,9700.0,9700.0,10
2024-02-07 13:10:00,9750.0,9750.0,9720.0,9720.0,5
2024-02-07 15:20:00,9740.0,9740.0,9740.0,9740.0,1
2024-02-07 15:40:00,9710.0,9710.0,9710.0,9710.0,1
2024-02-07 15:50:00,9700.0,9700.0,9700.0,9700.0,1
2024-02-08 11:50:00,9710.0,9710.0,9710.0,9710.0,1
2024-02-08 12:40:00,9700.0,9700.0,9700.0,9700.0,61
2024-02-08 13:00:00,9710.0,9710.0,9710.0,9710.0,1
2024-02-08 13:20:00,9700.0,9700.0,9700.0,9700.0,2
2024-02-08 14:20:00,9700.0,9700.0,9700.0,9700.0,1
2024-02-08 15:40:00,9700.0,9700.0,9700.0,9700.0,1
2024-02-08 16:50:00,9700.0,9700.0,9680.0,9680.0,51
2024-02-08 17:20:00,9610.0,9610.0,9610.0,9610.0,1
2024-02-08 20:50:00,9600.0,9600.0,9520.0,9520.0,8
2024-02-08 21:10:00,9720.0,9740.0,9720.0,9740.0,2
2024-02-08 22:50:00,9560.0,9560.0,9560.0,9560.0,1
2024-02-08 23:00:00,9830.0,9830.0,9470.0,9470.0,4
2024-02-09 09:30:00,9550.0,9550.0,9550.0,9550.0,3
2024-02-09 09:40:00,9550.0,9550.0,9550.0,9550.0,2
2024-02-09 10:40:00,9550.0,9550.0,9550.0,9550.0,1
2024-02-09 12:10:00,9550.0,9550.0,9550.0,9550.0,2
2024-02-09 15:30:00,9560.0,9560.0,9520.0,9520.0,4
2024-02-09 15:40:00,9550.0,9550.0,9550.0,9550.0,6
2024-02-09 18:40:00,9550.0,9550.0,9550.0,9550.0,5
2024-02-09 19:50:00,9550.0,9550.0,9370.0,9370.0,7
2024-02-09 20:00:00,9550.0,9550.0,9550.0,9550.0,1
2024-02-12 09:00:00,9500.0,9500.0,9500.0,9500.0,1
2024-02-12 11:50:00,9510.0,9510.0,9490.0,9490.0,2
2024-02-12 12:10:00,10360.0,10360.0,9950.0,9950.0,3
2024-02-12 16:50:00,10530.0,10530.0,10530.0,10530.0,1
2024-02-12 18:00:00,10370.0,10370.0,10370.0,10370.0,1
2024-02-12 19:10:00,10220.0,10220.0,10220.0,10220.0,3
2024-02-12 20:10:00,11200.0,11200.0,11200.0,11200.0,1
2024-02-13 19:00:00,9460.0,9460.0,9460.0,9460.0,1
2024-02-13 19:30:00,10570.0,10570.0,10570.0,10570.0,1
2024-02-13 19:40:00,9500.0,9500.0,9500.0,9500.0,5
2024-02-13 20:20:00,9500.0,9500.0,9500.0,9500.0,1
2024-02-13 21:20:00,9500.0,9500.0,9500.0,9500.0,1
2024-02-14 12:20:00,9650.0,9650.0,9550.0,9550.0,2
2024-02-14 12:50:00,9550.0,9550.0,9530.0,9530.0,53
2024-02-14 21:30:00,9530.0,9530.0,9530.0,9530.0,2
2024-02-14 22:50:00,9690.0,9690.0,9690.0,9690.0,1
2024-02-15 09:20:00,9510.0,9690.0,9510.0,9690.0,3
2024-02-15 12:20:00,9540.0,9540.0,9540.0,9540.0,1
2024-02-15 14:50:00,9560.0,9560.0,9550.0,9550.0,2
2024-02-15 15:00:00,9550.0,9550.0,9550.0,9550.0,2
2024-02-15 15:10:00,9550.0,9550.0,9550.0,9550.0,2
2024-02-15 15:40:00,9550.0,9550.0,9540.0,9540.0,8
2024-02-15 22:00:00,9640.0,9640.0,9640.0,9640.0,1
2024-02-16 10:30:00,9930.0,9930.0,9930.0,9930.0,1
2024-02-16 11:00:00,9940.0,9940.0,9940.0,9940.0,1
2024-02-16 11:30:00,9540.0,9540.0,9540.0,9540.0,1
2024-02-16 11:40:00,9560.0,9560.0,9560.0,9560.0,1
2024-02-16 14:10:00,9540.0,9540.0,9540.0,9540.0,1
2024-02-16 15:40:00,9600.0,9600.0,9600.0,9600.0,50
2024-02-16 16:00:00,9600.0,9600.0,9580.0,9580.0,51
2024-02-19 09:30:00,9560.0,9560.0,9560.0,9560.0,33
2024-02-19 10:30:00,9510.0,9510.0,9510.0,9510.0,1
2024-02-19 11:50:00,10400.0,10400.0,10400.0,10400.0,1
2024-02-19 14:20:00,9560.0,9560.0,9560.0,9560.0,1
2024-02-19 15:00:00,10390.0,10390.0,10390.0,10390.0,1
2024-02-19 15:10:00,10250.0,10250.0,10250.0,10250.0,1
2024-02-20 10:10:00,9410.0,9490.0,9410.0,9490.0,3
2024-02-20 14:40:00,10330.0,10330.0,10330.0,10330.0,1
2024-02-20 20:30:00,9490.0,9490.0,9490.0,9490.0,12
2024-02-20 20:40:00,9460.0,9460.0,9460.0,9460.0,12
2024-02-21 13:00:00,9510.0,9510.0,9500.0,9500.0,4
2024-02-21 15:40:00,9550.0,9550.0,9500.0,9500.0,47
2024-02-21 16:00:00,9450.0,9450.0,9450.0,9450.0,42
2024-02-21 18:00:00,10380.0,10380.0,10380.0,10380.0,1
2024-02-21 21:30:00,9610.0,9610.0,9610.0,9610.0,2
2024-02-21 21:50:00,9620.0,9630.0,9620.0,9630.0,2
2024-02-22 11:20:00,9640.0,9640.0,9640.0,9640.0,1
2024-02-22 11:30:00,9410.0,9410.0,9410.0,9410.0,2
2024-02-22 13:20:00,9630.0,9660.0,9630.0,9660.0,5
2024-02-22 13:30:00,9650.0,9660.0,9420.0,9420.0,7
2024-02-22 20:40:00,9630.0,9630.0,9630.0,9630.0,1
2024-02-26 10:40:00,9880.0,9880.0,9880.0,9880.0,1
2024-02-26 11:50:00,9910.0,9910.0,9910.0,9910.0,1
2024-02-26 12:50:00,10450.0,10450.0,10450.0,10450.0,1
2024-02-26 20:00:00,9550.0,9550.0,9550.0,9550.0,3
2024-02-26 21:20:00,9340.0,9340.0,9340.0,9340.0,3
2024-02-27 11:40:00,10050.0,10050.0,10050.0,10050.0,1
2024-02-27 13:20:00,10390.0,10390.0,10390.0,10390.0,1
2024-02-27 13:50:00,9540.0,9540.0,9540.0,9540.0,1
2024-02-27 16:40:00,9450.0,9450.0,9380.0,9380.0,3
2024-02-27 16:50:00,9380.0,9380.0,9380.0,9380.0,5
2024-02-28 11:00:00,10190.0,10250.0,10190.0,10250.0,2
2024-02-28 12:50:00,10250.0,10250.0,10250.0,10250.0,1
2024-02-28 13:10:00,10650.0,10840.0,10650.0,10840.0,2
2024-02-28 15:00:00,10500.0,10500.0,10500.0,10500.0,1
2024-02-28 15:10:00,10470.0,10680.0,10470.0,10680.0,2
2024-02-28 17:00:00,10080.0,10080.0,9970.0,9970.0,7
2024-02-29 09:00:00,10330.0,10340.0,10330.0,10340.0,2
2024-02-29 09:10:00,10340.0,10340.0,10340.0,10340.0,1
2024-02-29 09:20:00,9580.0,9580.0,9580.0,9580.0,1
2024-02-29 09:30:00,10340.0,10340.0,10340.0,10340.0,1
2024-02-29 10:00:00,10340.0,10340.0,10340.0,10340.0,2
2024-02-29 10:10:00,10440.0,10440.0,10430.0,10430.0,2
2024-02-29 18:10:00,10160.0,10160.0,10160.0,10160.0,1
2024-02-29 22:10:00,9370.0,9370.0,9370.0,9370.0,1
2024-03-01 09:30:00,9530.0,9550.0,9530.0,9550.0,3
2024-03-01 09:40:00,9360.0,9360.0,9360.0,9360.0,4
2024-03-01 10:20:00,9600.0,9600.0,9600.0,9600.0,1
2024-03-01 11:40:00,9540.0,9550.0,9540.0,9550.0,5
2024-03-01 12:30:00,9370.0,9370.0,9310.0,9310.0,4
2024-03-01 13:20:00,9320.0,9320.0,9320.0,9320.0,1
2024-03-01 18:10:00,9500.0,9500.0,9500.0,9500.0,3
2024-03-01 19:40:00,10420.0,10690.0,10420.0,10690.0,3
2024-03-01 21:30:00,9520.0,9520.0,9520.0,9520.0,1
2024-03-01 21:50:00,10370.0,10370.0,10370.0,10370.0,2
2024-03-04 20:00:00,9470.0,9470.0,9470.0,9470.0,1
2024-03-05 16:00:00,9410.0,9410.0,9410.0,9410.0,2
2024-03-05 18:20:00,9490.0,9490.0,9490.0,9490.0,1
2024-03-05 21:50:00,9390.0,9390.0,9390.0,9390.0,1
2024-03-06 12:30:00,10260.0,10260.0,10260.0,10260.0,1
2024-03-06 18:00:00,9490.0,9490.0,9490.0,9490.0,7
2024-03-06 18:10:00,9490.0,9490.0,9490.0,9490.0,1
2024-03-06 19:00:00,9620.0,9620.0,9620.0,9620.0,1
2024-03-06 19:10:00,9630.0,9630.0,9620.0,9620.0,5
2024-03-06 19:30:00,9610.0,9640.0,9610.0,9640.0,4
2024-03-06 22:30:00,11360.0,11360.0,11360.0,11360.0,1
2024-03-07 09:10:00,9460.0,9460.0,9460.0,9460.0,1
2024-03-07 10:20:00,9440.0,9440.0,9430.0,9430.0,5
2024-03-07 10:50:00,9400.0,9400.0,9390.0,9390.0,2
2024-03-07 15:00:00,10580.0,10580.0,10580.0,10580.0,1
2024-03-07 15:50:00,9400.0,9400.0,9400.0,9400.0,1
2024-03-07 17:30:00,9350.0,9350.0,9350.0,9350.0,1
2024-03-07 19:20:00,9340.0,9340.0,9340.0,9340.0,1
2024-03-11 10:00:00,9360.0,9360.0,9360.0,9360.0,1
2024-03-11 11:10:00,9390.0,9390.0,9360.0,9360.0,2
2024-03-11 14:30:00,9250.0,9250.0,9250.0,9250.0,1
2024-03-11 18:00:00,9430.0,9430.0,9430.0,9430.0,3
2024-03-12 09:10:00,9220.0,9220.0,9150.0,9150.0,5
2024-03-12 15:10:00,9310.0,9340.0,9310.0,9340.0,4
2024-03-12 16:10:00,9230.0,9230.0,9170.0,9170.0,4
2024-03-13 09:10:00,9070.0,9070.0,9050.0,9050.0,2
2024-03-13 09:30:00,9140.0,9140.0,9140.0,9140.0,1
2024-03-13 10:20:00,9140.0,9140.0,9100.0,9100.0,8
2024-03-13 11:20:00,9100.0,9100.0,9100.0,9100.0,5
2024-03-13 12:40:00,11040.0,11050.0,11040.0,11050.0,2
2024-03-13 13:30:00,9100.0,9100.0,9100.0,9100.0,1
2024-03-13 13:50:00,9100.0,9100.0,9100.0,9100.0,1
2024-03-13 15:30:00,9070.0,9070.0,9060.0,9060.0,3
2024-03-13 16:10:00,9090.0,9090.0,9090.0,9090.0,1
2024-03-13 16:40:00,9180.0,9220.0,9180.0,9220.0,2
2024-03-13 17:50:00,9200.0,9200.0,9200.0,9200.0,1
2024-03-14 09:10:00,9110.0,9110.0,9070.0,9070.0,3
2024-03-14 11:50:00,9010.0,9010.0,9010.0,9010.0,1
2024-03-14 12:00:00,9020.0,9020.0,9020.0,9020.0,1
2024-03-14 12:30:00,8970.0,8970.0,8970.0,8970.0,101
2024-03-14 12:50:00,8950.0,8960.0,8930.0,8930.0,3
2024-03-14 15:40:00,10430.0,11980.0,10430.0,11980.0,3
2024-03-14 16:30:00,8940.0,8940.0,8940.0,8940.0,1
2024-03-14 17:20:00,8960.0,8960.0,8960.0,8960.0,3
2024-03-14 17:40:00,8900.0,8900.0,8850.0,8900.0,104
2024-03-14 17:50:00,8900.0,8900.0,8900.0,8900.0,1
2024-03-14 19:40:00,8450.0,8450.0,8340.0,8340.0,3
2024-03-14 20:10:00,8890.0,9060.0,8890.0,9060.0,3
2024-03-15 09:00:00,8850.0,8850.0,8850.0,8850.0,10
2024-03-15 11:10:00,11040.0,11040.0,11040.0,11040.0,2
2024-03-15 11:30:00,9020.0,9020.0,8850.0,8850.0,21
2024-03-15 13:10:00,8850.0,8850.0,8850.0,8850.0,10
2024-03-15 16:00:00,8960.0,8960.0,8960.0,8960.0,1
2024-03-15 16:20:00,8960.0,8960.0,8960.0,8960.0,4
2024-03-15 17:30:00,8960.0,8960.0,8960.0,8960.0,1
2024-03-15 18:10:00,8960.0,8960.0,8960.0,8960.0,2
2024-03-15 21:50:00,8950.0,8950.0,8950.0,8950.0,1
2024-03-15 22:20:00,8950.0,8950.0,8950.0,8950.0,2
2024-03-18 10:00:00,8990.0,8990.0,8990.0,8990.0,1
2024-03-18 10:20:00,11370.0,11370.0,11370.0,11370.0,1
2024-03-18 11:00:00,9040.0,9040.0,9040.0,9040.0,1
2024-03-18 11:50:00,9040.0,9040.0,9040.0,9040.0,1
2024-03-18 12:20:00,9030.0,9040.0,9030.0,9040.0,4
2024-03-18 12:30:00,9040.0,9040.0,9040.0,9040.0,6
2024-03-18 14:30:00,8890.0,8890.0,8890.0,8890.0,1
2024-03-18 14:40:00,8880.0,8880.0,8880.0,8880.0,1
2024-03-18 14:50:00,8880.0,8880.0,8880.0,8880.0,3
2024-03-18 15:00:00,8880.0,8880.0,8880.0,8880.0,1
2024-03-18 15:10:00,8880.0,8880.0,8880.0,8880.0,1
2024-03-18 15:30:00,8910.0,8920.0,8910.0,8920.0,3
2024-03-18 15:40:00,11270.0,11270.0,11270.0,11270.0,1
2024-03-18 16:50:00,8870.0,8870.0,8870.0,8870.0,1
2024-03-18 18:30:00,8930.0,8930.0,8930.0,8930.0,1
2024-03-18 20:50:00,9010.0,9010.0,9010.0,9010.0,1
2024-03-18 23:00:00,9000.0,9020.0,9000.0,9020.0,2
2024-03-19 09:10:00,9030.0,9040.0,9030.0,9040.0,12
2024-03-19 10:40:00,9010.0,9020.0,9010.0,9020.0,7
2024-03-19 11:10:00,9030.0,9040.0,9030.0,9040.0,5
2024-03-19 13:00:00,9030.0,9050.0,9030.0,9050.0,5
2024-03-19 14:50:00,8940.0,8940.0,8940.0,8940.0,1
2024-03-19 15:10:00,8930.0,8930.0,8920.0,8920.0,3
2024-03-19 15:40:00,8910.0,8910.0,8910.0,8910.0,1
2024-03-19 18:40:00,8850.0,8850.0,8850.0,8850.0,1
2024-03-19 19:00:00,8850.0,8850.0,8850.0,8850.0,5
2024-03-20 09:20:00,9020.0,9020.0,9020.0,9020.0,1
2024-03-20 10:00:00,8980.0,8980.0,8980.0,8980.0,1
2024-03-20 11:00:00,8980.0,8980.0,8980.0,8980.0,1
2024-03-20 11:10:00,8940.0,8940.0,8940.0,8940.0,1
2024-03-20 13:30:00,8960.0,8960.0,8950.0,8950.0,2
2024-03-20 16:30:00,8910.0,8910.0,8910.0,8910.0,1
2024-03-20 17:00:00,8870.0,8870.0,8870.0,8870.0,1
2024-03-20 17:10:00,8870.0,8910.0,8870.0,8910.0,2
2024-03-20 17:50:00,8860.0,8860.0,8860.0,8860.0,1
2024-03-20 18:00:00,9000.0,9000.0,9000.0,9000.0,1
2024-03-20 18:10:00,9000.0,9010.0,9000.0,9010.0,2
2024-03-20 18:20:00,9010.0,9040.0,9010.0,9040.0,4
2024-03-20 19:20:00,9030.0,9030.0,9030.0,9030.0,1
2024-03-20 22:40:00,9030.0,9040.0,9030.0,9040.0,5
2024-03-21 09:00:00,8980.0,8980.0,8980.0,8980.0,1
2024-03-21 11:20:00,8950.0,8950.0,8950.0,8950.0,1
2024-03-21 12:40:00,8950.0,8950.0,8950.0,8950.0,5
2024-03-21 16:10:00,8890.0,8890.0,8860.0,8860.0,6
2024-03-21 16:50:00,11460.0,11460.0,11460.0,11460.0,2
2024-03-21 17:00:00,8920.0,8920.0,8920.0,8920.0,1
2024-03-21 17:40:00,10240.0,10240.0,10070.0,10070.0,2
2024-03-21 18:00:00,8850.0,8850.0,8850.0,8850.0,1
2024-03-21 18:10:00,11320.0,11320.0,11320.0,11320.0,1
2024-03-22 15:10:00,8870.0,8870.0,8870.0,8870.0,2
2024-03-22 15:20:00,8870.0,8870.0,8870.0,8870.0,1
2024-03-22 17:00:00,8940.0,8960.0,8940.0,8960.0,2
2024-03-22 19:10:00,8970.0,8970.0,8970.0,8970.0,1
2024-03-22 22:30:00,9010.0,9020.0,9010.0,9020.0,2
2024-03-22 23:40:00,9000.0,9000.0,9000.0,9000.0,1
2024-03-25 09:30:00,9930.0,11570.0,9930.0,11570.0,2
2024-03-25 11:10:00,8920.0,8920.0,8920.0,8920.0,1
2024-03-25 12:50:00,8930.0,8940.0,8930.0,8930.0,31
2024-03-25 21:20:00,9020.0,9140.0,9020.0,9140.0,28
2024-03-25 21:30:00,9110.0,9120.0,9110.0,9120.0,2
2024-03-26 09:00:00,8910.0,8910.0,8880.0,8880.0,3
2024-03-26 10:00:00,8920.0,8920.0,8910.0,8910.0,22
2024-03-26 10:50:00,8990.0,8990.0,8990.0,8990.0,1
2024-03-26 11:10:00,8950.0,8950.0,8950.0,8950.0,7
2024-03-26 14:10:00,8990.0,8990.0,8990.0,8990.0,1
2024-03-26 17:00:00,8980.0,8980.0,8970.0,8970.0,2
2024-03-26 20:30:00,8940.0,8940.0,8940.0,8940.0,1
2024-03-27 09:40:00,9060.0,9060.0,9060.0,9060.0,1
2024-03-27 09:50:00,9100.0,9100.0,9100.0,9100.0,1
2024-03-27 10:00:00,9100.0,9100.0,9100.0,9100.0,1
2024-03-27 13:10:00,9050.0,9050.0,8950.0,8950.0,16
2024-03-27 17:20:00,11120.0,11120.0,11120.0,11120.0,1
2024-03-27 17:50:00,11230.0,11230.0,11230.0,11230.0,1
2024-03-27 19:00:00,9070.0,9130.0,9070.0,9130.0,3
2024-03-27 19:10:00,9110.0,9110.0,9110.0,9110.0,1
2024-03-27 20:50:00,9000.0,9000.0,9000.0,9000.0,1
2024-03-27 22:50:00,9110.0,9110.0,9110.0,9110.0,1
2024-03-27 23:10:00,9110.0,9110.0,9110.0,9110.0,1
2024-03-28 11:30:00,10730.0,10730.0,10670.0,10670.0,3
2024-03-28 14:30:00,9150.0,9150.0,9150.0,9150.0,1
2024-03-28 14:50:00,9240.0,9310.0,8980.0,8980.0,7
2024-03-28 15:00:00,9140.0,9140.0,9140.0,9140.0,3
2024-03-28 15:40:00,9150.0,9150.0,9150.0,9150.0,2
2024-03-28 15:50:00,9280.0,9350.0,9280.0,9350.0,134
2024-03-28 16:20:00,9350.0,9350.0,9350.0,9350.0,12
2024-03-28 16:50:00,9320.0,9320.0,8930.0,9100.0,27
2024-03-28 17:00:00,9320.0,9320.0,9320.0,9320.0,1
2024-03-28 18:10:00,9370.0,9370.0,9370.0,9370.0,1
2024-03-28 19:20:00,9370.0,9370.0,9370.0,9370.0,1
2024-03-28 19:30:00,9380.0,9380.0,9380.0,9380.0,1
2024-03-28 22:00:00,9400.0,9400.0,9400.0,9400.0,1
2024-03-28 22:30:00,9410.0,9410.0,9410.0,9410.0,1
2024-03-29 10:10:00,9330.0,9750.0,9330.0,9620.0,11
2024-03-29 10:40:00,9630.0,9630.0,9630.0,9630.0,1
2024-03-29 11:20:00,9630.0,9640.0,9630.0,9640.0,9
2024-03-29 13:20:00,9620.0,9620.0,9610.0,9610.0,3
2024-03-29 13:30:00,9620.0,9620.0,9610.0,9610.0,10
2024-03-29 13:40:00,9680.0,9680.0,9680.0,9680.0,1
2024-03-29 14:10:00,9610.0,9610.0,9550.0,9550.0,7
2024-03-29 14:20:00,9500.0,9500.0,9490.0,9490.0,4
2024-03-29 14:50:00,9620.0,9620.0,9620.0,9620.0,2
2024-03-29 15:30:00,11150.0,11150.0,11150.0,11150.0,1
2024-03-29 16:20:00,9610.0,9610.0,9610.0,9610.0,1
2024-03-29 18:40:00,9590.0,9590.0,9590.0,9590.0,1
2024-03-29 19:20:00,9530.0,9530.0,9520.0,9520.0,2
2024-03-29 19:30:00,9630.0,9650.0,9630.0,9650.0,4
2024-03-29 19:40:00,9630.0,9650.0,9630.0,9650.0,3
2024-03-29 19:50:00,9650.0,9650.0,9650.0,9650.0,1
2024-04-01 09:00:00,9730.0,9740.0,9730.0,9740.0,2
2024-04-01 09:10:00,11480.0,11480.0,11480.0,11480.0,1
2024-04-01 09:20:00,9770.0,9820.0,9770.0,9820.0,4
2024-04-01 10:00:00,11720.0,12400.0,11720.0,12400.0,4
2024-04-01 10:10:00,9760.0,10020.0,9760.0,10020.0,20
2024-04-01 10:20:00,9760.0,9760.0,9760.0,9760.0,5
2024-04-01 10:40:00,9780.0,9780.0,9780.0,9780.0,1
2024-04-01 11:00:00,9780.0,9780.0,9780.0,9780.0,2
2024-04-01 11:10:00,11830.0,11830.0,11830.0,11830.0,2
2024-04-01 11:20:00,11470.0,11470.0,11470.0,11470.0,1
2024-04-01 11:50:00,9730.0,9730.0,9730.0,9730.0,2
2024-04-01 12:00:00,9770.0,9770.0,9740.0,9740.0,3
2024-04-01 13:10:00,9750.0,9750.0,9750.0,9750.0,1
2024-04-01 13:40:00,9760.0,9780.0,9760.0,9780.0,2
2024-04-01 14:30:00,9780.0,9790.0,9780.0,9790.0,4
2024-04-01 14:40:00,9790.0,9810.0,9790.0,9810.0,4
2024-04-01 15:10:00,9810.0,9820.0,9810.0,9820.0,2
2024-04-01 15:40:00,9810.0,9810.0,9810.0,9810.0,1
2024-04-01 15:50:00,9820.0,9820.0,9820.0,9820.0,1
2024-04-01 16:10:00,9770.0,9770.0,9730.0,9730.0,8
2024-04-01 16:40:00,9770.0,9770.0,9770.0,9770.0,1
2024-04-01 17:50:00,9810.0,9810.0,9810.0,9810.0,6
2024-04-01 18:00:00,9770.0,9770.0,9750.0,9750.0,6
2024-04-01 18:30:00,9740.0,9740.0,9660.0,9660.0,10
2024-04-01 18:40:00,9760.0,9810.0,9760.0,9810.0,10
2024-04-01 19:10:00,9780.0,9810.0,9670.0,9670.0,14
2024-04-01 21:20:00,9680.0,9680.0,9680.0,9680.0,1
2024-04-02 10:00:00,9800.0,9800.0,9800.0,9800.0,1
2024-04-02 11:20:00,9790.0,9790.0,9790.0,9790.0,1
2024-04-02 17:20:00,9800.0,9800.0,9800.0,9800.0,1
2024-04-02 17:50:00,9820.0,9820.0,9820.0,9820.0,1
2024-04-02 18:40:00,9850.0,9850.0,9850.0,9850.0,1
2024-04-02 19:30:00,9850.0,9860.0,9850.0,9860.0,4
2024-04-02 20:50:00,9870.0,9870.0,9870.0,9870.0,1
2024-04-02 21:10:00,9880.0,9880.0,9880.0,9880.0,2
2024-04-02 22:00:00,9870.0,9870.0,9870.0,9870.0,1
2024-04-03 09:20:00,9910.0,9940.0,9700.0,9930.0,9
2024-04-03 09:30:00,11450.0,11450.0,11450.0,11450.0,2
2024-04-03 11:00:00,9730.0,9730.0,9730.0,9730.0,1
2024-04-03 11:20:00,9720.0,9720.0,9720.0,9720.0,4
2024-04-03 11:30:00,9720.0,9720.0,9720.0,9720.0,25
2024-04-03 11:50:00,9720.0,9720.0,9720.0,9720.0,5
2024-04-03 12:00:00,9710.0,9710.0,9700.0,9700.0,2
2024-04-03 12:40:00,9680.0,9680.0,9670.0,9670.0,2
2024-04-03 13:00:00,9710.0,9710.0,9710.0,9710.0,2
2024-04-03 14:20:00,11700.0,11700.0,11700.0,11700.0,1
2024-04-03 14:30:00,11730.0,11730.0,11730.0,11730.0,1
2024-04-03 16:00:00,9700.0,9700.0,9700.0,9700.0,1
2024-04-03 17:00:00,9670.0,9670.0,9670.0,9670.0,2
2024-04-03 18:10:00,9690.0,9690.0,9690.0,9690.0,1
2024-04-03 19:20:00,9660.0,9660.0,9590.0,9590.0,9
2024-04-03 19:50:00,9650.0,9650.0,9640.0,9640.0,2
2024-04-03 20:10:00,9740.0,9740.0,9740.0,9740.0,1
2024-04-03 23:10:00,9730.0,9740.0,9730.0,9740.0,48
2024-04-04 09:00:00,9750.0,9750.0,9750.0,9750.0,1
2024-04-04 09:40:00,9740.0,9740.0,9740.0,9740.0,13
2024-04-04 10:20:00,9760.0,9760.0,9760.0,9760.0,1
2024-04-04 11:50:00,9760.0,9860.0,9760.0,9860.0,3
2024-04-04 13:00:00,11430.0,11430.0,11430.0,11430.0,2
2024-04-04 13:20:00,9840.0,9840.0,9840.0,9840.0,1
2024-04-04 14:40:00,9850.0,9850.0,9700.0,9840.0,12
2024-04-04 15:10:00,9840.0,9840.0,9840.0,9840.0,1
2024-04-04 15:20:00,9840.0,9970.0,9840.0,9950.0,26
2024-04-04 15:40:00,9840.0,9840.0,9800.0,9800.0,3
2024-04-04 16:40:00,11260.0,11260.0,11260.0,11260.0,2
2024-04-04 21:30:00,9890.0,9890.0,9890.0,9890.0,3
2024-04-04 22:30:00,9880.0,9910.0,9880.0,9910.0,5
2024-04-05 09:00:00,9810.0,9810.0,9800.0,9800.0,2
2024-04-05 09:20:00,9890.0,9890.0,9890.0,9890.0,1
2024-04-05 10:00:00,12090.0,12090.0,12090.0,12090.0,1
2024-04-05 10:10:00,9900.0,9900.0,9850.0,9850.0,3
2024-04-05 10:30:00,9790.0,9890.0,9570.0,9890.0,17
2024-04-05 10:50:00,9870.0,9870.0,9870.0,9870.0,2
2024-04-05 12:10:00,9690.0,9690.0,9580.0,9580.0,56
2024-04-05 12:30:00,9640.0,9640.0,9640.0,9640.0,1
2024-04-05 12:40:00,12070.0,12070.0,12070.0,12070.0,1
2024-04-05 13:10:00,9590.0,9590.0,9580.0,9580.0,2
2024-04-05 13:30:00,9630.0,9630.0,9630.0,9630.0,1
2024-04-05 13:40:00,9630.0,9630.0,9630.0,9630.0,1
2024-04-05 14:10:00,9640.0,9640.0,9640.0,9640.0,2
2024-04-05 14:20:00,9640.0,9640.0,9640.0,9640.0,5
2024-04-05 14:30:00,11900.0,11900.0,11270.0,11270.0,2
2024-04-05 14:40:00,11290.0,11290.0,11290.0,11290.0,1
2024-04-05 15:20:00,9640.0,9650.0,9640.0,9650.0,5
2024-04-05 15:40:00,9620.0,9640.0,9600.0,9600.0,8
2024-04-05 15:50:00,9640.0,9640.0,9640.0,9640.0,2
2024-04-05 16:30:00,9640.0,9640.0,9640.0,9640.0,1
2024-04-05 16:40:00,9640.0,9640.0,9640.0,9640.0,2
2024-04-05 16:50:00,9650.0,9650.0,9650.0,9650.0,10
2024-04-05 17:20:00,9640.0,9640.0,9640.0,9640.0,2
2024-04-05 17:50:00,9750.0,9750.0,9750.0,9750.0,5
2024-04-05 18:40:00,9720.0,9720.0,9600.0,9720.0,8
2024-04-05 21:30:00,11410.0,11410.0,11410.0,11410.0,1
2024-04-08 09:00:00,9610.0,9610.0,9600.0,9600.0,2
2024-04-08 09:30:00,9620.0,9620.0,9620.0,9620.0,1
2024-04-08 10:40:00,9770.0,9770.0,9770.0,9770.0,1
2024-04-08 11:50:00,9620.0,9620.0,9620.0,9620.0,1
2024-04-08 12:00:00,9620.0,9620.0,9580.0,9580.0,7
2024-04-08 13:00:00,9600.0,9600.0,9550.0,9550.0,12
2024-04-08 13:20:00,9550.0,9550.0,9540.0,9550.0,8
2024-04-08 13:30:00,9550.0,9550.0,9550.0,9550.0,2
2024-04-08 13:50:00,9540.0,9540.0,9540.0,9540.0,1
2024-04-08 14:00:00,9540.0,9540.0,9540.0,9540.0,3
2024-04-08 14:10:00,9530.0,9530.0,9530.0,9530.0,1
2024-04-08 14:50:00,9480.0,9480.0,9480.0,9480.0,1
2024-04-08 15:10:00,9480.0,9480.0,9450.0,9450.0,5
2024-04-08 16:10:00,9460.0,9460.0,9450.0,9450.0,7
2024-04-08 16:20:00,9540.0,9550.0,9540.0,9550.0,2
2024-04-08 17:40:00,9500.0,9500.0,9500.0,9500.0,7
2024-04-08 20:20:00,9530.0,9530.0,9530.0,9530.0,1
2024-04-08 23:10:00,9650.0,9650.0,9650.0,9650.0,1
2024-04-09 09:20:00,9490.0,9490.0,9490.0,9490.0,1
2024-04-09 13:00:00,9560.0,9560.0,9560.0,9560.0,1
2024-04-09 13:20:00,9550.0,9570.0,9550.0,9570.0,6
2024-04-09 15:00:00,9510.0,9510.0,9510.0,9510.0,2
2024-04-09 17:30:00,9590.0,9590.0,9450.0,9450.0,51
2024-04-09 18:20:00,9570.0,9570.0,9570.0,9570.0,1
2024-04-09 18:40:00,9460.0,9460.0,9370.0,9370.0,10
2024-04-09 20:50:00,9480.0,9480.0,9480.0,9480.0,1
2024-04-10 09:20:00,9510.0,9510.0,9510.0,9510.0,1
2024-04-10 09:40:00,9520.0,9520.0,9520.0,9520.0,1
2024-04-10 10:40:00,9530.0,9610.0,9530.0,9610.0,7
2024-04-10 11:10:00,9600.0,9600.0,9600.0,9600.0,1
2024-04-10 12:00:00,11290.0,11290.0,11290.0,11290.0,2
2024-04-10 12:30:00,9430.0,9430.0,9420.0,9420.0,2
2024-04-10 12:50:00,9420.0,9420.0,9350.0,9350.0,30
2024-04-10 13:00:00,9350.0,9350.0,9330.0,9330.0,15
2024-04-10 13:40:00,9350.0,9350.0,9350.0,9350.0,5
2024-04-10 14:10:00,9350.0,9350.0,9340.0,9350.0,7
2024-04-10 14:50:00,9350.0,9350.0,9350.0,9350.0,1
2024-04-10 16:00:00,9350.0,9350.0,9350.0,9350.0,19
2024-04-10 16:30:00,9350.0,9350.0,9350.0,9350.0,1
2024-04-10 17:00:00,9350.0,9350.0,9350.0,9350.0,38
2024-04-10 17:50:00,9440.0,9440.0,9440.0,9440.0,1
2024-04-10 19:10:00,9460.0,9460.0,9460.0,9460.0,1
2024-04-11 12:20:00,9360.0,9360.0,9350.0,9350.0,2
2024-04-11 12:30:00,9300.0,9300.0,9300.0,9300.0,5
2024-04-11 13:40:00,9300.0,9300.0,9300.0,9300.0,10
2024-04-11 13:50:00,9300.0,9300.0,9300.0,9300.0,11
2024-04-11 14:10:00,9300.0,9300.0,9300.0,9300.0,30
2024-04-11 14:30:00,11280.0,11340.0,11280.0,11340.0,4
2024-04-11 14:50:00,11300.0,11300.0,11290.0,11290.0,2
2024-04-11 15:30:00,9300.0,9300.0,9300.0,9300.0,4
2024-04-11 15:40:00,9300.0,9300.0,9300.0,9300.0,10
2024-04-11 15:50:00,9300.0,9300.0,9300.0,9300.0,11
2024-04-11 17:10:00,9300.0,9300.0,9300.0,9300.0,1
2024-04-11 18:20:00,9440.0,9440.0,9440.0,9440.0,1
2024-04-11 19:50:00,9420.0,9420.0,9420.0,9420.0,1
2024-04-11 20:20:00,12100.0,12100.0,12100.0,12100.0,1
2024-04-11 20:30:00,12140.0,12140.0,12140.0,12140.0,7
2024-04-11 22:10:00,11830.0,11830.0,11830.0,11830.0,1
2024-04-12 10:50:00,9290.0,9290.0,9250.0,9250.0,4
2024-04-12 11:00:00,12040.0,12040.0,12040.0,12040.0,1
2024-04-12 11:10:00,9250.0,9250.0,9250.0,9250.0,194
2024-04-12 11:30:00,9250.0,9250.0,9250.0,9250.0,200
2024-04-12 11:40:00,9250.0,9250.0,9250.0,9250.0,143
2024-04-12 11:50:00,9250.0,9250.0,9250.0,9250.0,57
2024-04-12 12:00:00,9250.0,9250.0,9250.0,9250.0,200
2024-04-12 12:10:00,9250.0,9250.0,9250.0,9250.0,45
2024-04-12 12:20:00,12090.0,12090.0,12090.0,12090.0,1
2024-04-12 12:50:00,9250.0,9250.0,9250.0,9250.0,35
2024-04-12 13:00:00,9250.0,9250.0,9250.0,9250.0,520
2024-04-12 13:10:00,9300.0,9300.0,9300.0,9300.0,1
2024-04-12 13:20:00,9290.0,9290.0,9260.0,9260.0,8
2024-04-12 13:30:00,9260.0,9260.0,9250.0,9250.0,10
2024-04-12 14:10:00,9250.0,9250.0,9250.0,9250.0,3
2024-04-12 14:30:00,9250.0,9250.0,9250.0,9250.0,3
2024-04-12 15:40:00,9250.0,9350.0,9250.0,9350.0,273
2024-04-12 15:50:00,9300.0,9350.0,9300.0,9350.0,17
2024-04-12 16:00:00,9320.0,9330.0,9320.0,9330.0,2
2024-04-12 16:10:00,9280.0,9280.0,9250.0,9250.0,40
2024-04-12 18:10:00,9320.0,9320.0,9320.0,9320.0,1
2024-04-12 18:40:00,12010.0,12010.0,12010.0,12010.0,1
2024-04-12 19:10:00,9310.0,9310.0,9310.0,9310.0,1
2024-04-12 20:30:00,9300.0,9340.0,9300.0,9340.0,4
2024-04-12 23:30:00,9330.0,9340.0,9330.0,9340.0,10
2024-04-15 09:10:00,9340.0,9340.0,9340.0,9340.0,3
2024-04-15 11:20:00,9340.0,9350.0,9340.0,9350.0,5
2024-04-15 12:00:00,9340.0,9350.0,9340.0,9350.0,3
2024-04-15 12:50:00,9330.0,9350.0,9330.0,9350.0,5
2024-04-16 09:20:00,9340.0,9340.0,9340.0,9340.0,1
2024-04-16 10:10:00,9310.0,9340.0,9310.0,9340.0,15
2024-04-16 13:20:00,9340.0,9350.0,9340.0,9340.0,7
2024-04-16 13:40:00,9350.0,9350.0,9330.0,9350.0,4
2024-04-16 15:00:00,9300.0,9300.0,9280.0,9280.0,4
2024-04-16 15:40:00,9280.0,9280.0,9190.0,9190.0,20
2024-04-16 15:50:00,9320.0,9320.0,9320.0,9320.0,1
2024-04-16 17:00:00,9320.0,9320.0,9320.0,9320.0,1
2024-04-16 17:30:00,9330.0,9380.0,9330.0,9380.0,20
2024-04-16 19:00:00,9310.0,9310.0,9310.0,9310.0,2
2024-04-16 21:00:00,9340.0,9370.0,9340.0,9370.0,10
2024-04-16 21:40:00,9350.0,9350.0,9350.0,9350.0,1
2024-04-17 09:10:00,9350.0,9380.0,9350.0,9380.0,30
2024-04-17 12:30:00,9350.0,9390.0,9350.0,9390.0,60
2024-04-17 12:40:00,9390.0,9390.0,9390.0,9390.0,40
2024-04-17 13:20:00,9360.0,9380.0,9360.0,9380.0,20
2024-04-17 14:20:00,9370.0,9380.0,9370.0,9380.0,10
2024-04-17 15:40:00,9360.0,9360.0,9360.0,9360.0,1
2024-04-17 17:00:00,9370.0,9370.0,9280.0,9290.0,14
2024-04-17 17:40:00,9340.0,9340.0,9340.0,9340.0,1
2024-04-17 17:50:00,11530.0,11530.0,11530.0,11530.0,1
2024-04-17 22:00:00,9340.0,9340.0,9340.0,9340.0,1
2024-04-18 09:40:00,9350.0,9350.0,9350.0,9350.0,1
2024-04-18 10:50:00,9350.0,9370.0,9350.0,9370.0,40
2024-04-18 13:20:00,9360.0,9370.0,9360.0,9370.0,86
2024-04-18 13:30:00,9330.0,9330.0,9320.0,9320.0,3
2024-04-18 13:50:00,9370.0,9430.0,9370.0,9430.0,130
2024-04-18 14:40:00,9390.0,9400.0,9390.0,9400.0,4
2024-04-18 15:20:00,9350.0,9350.0,9330.0,9330.0,9
2024-04-18 16:10:00,9340.0,9340.0,9340.0,9340.0,1
2024-04-18 17:00:00,9340.0,9340.0,9340.0,9340.0,1
2024-04-18 18:10:00,9390.0,9400.0,9390.0,9400.0,8
2024-04-18 19:40:00,9350.0,9350.0,9350.0,9350.0,1
2024-04-18 20:00:00,9380.0,9400.0,9380.0,9400.0,2
2024-04-19 09:50:00,9360.0,9360.0,9360.0,9360.0,3
2024-04-19 10:00:00,9380.0,9400.0,9380.0,9400.0,5
2024-04-19 10:10:00,9400.0,9420.0,9400.0,9420.0,26
2024-04-19 10:20:00,9410.0,9410.0,9410.0,9410.0,1
2024-04-19 10:40:00,9420.0,9420.0,9420.0,9420.0,1
2024-04-19 11:00:00,9420.0,9420.0,9420.0,9420.0,1
2024-04-19 12:10:00,9410.0,9460.0,9410.0,9450.0,100
2024-04-19 12:40:00,9450.0,9450.0,9450.0,9450.0,104
2024-04-19 12:50:00,9450.0,9450.0,9450.0,9450.0,1
2024-04-19 13:20:00,11460.0,11460.0,11350.0,11350.0,4
2024-04-19 14:30:00,9390.0,9450.0,9390.0,9450.0,8
2024-04-19 15:30:00,9430.0,9460.0,9430.0,9460.0,2
2024-04-19 15:40:00,11350.0,11350.0,11350.0,11350.0,1
2024-04-19 16:30:00,11350.0,11350.0,11350.0,11350.0,1
2024-04-19 16:40:00,9450.0,9450.0,9450.0,9450.0,2
2024-04-19 16:50:00,9440.0,9440.0,9390.0,9390.0,2
2024-04-19 18:40:00,9450.0,9450.0,9450.0,9450.0,1
2024-04-19 20:10:00,9400.0,9400.0,9360.0,9360.0,8
2024-04-19 20:50:00,9440.0,9450.0,9440.0,9450.0,2
2024-04-19 22:00:00,9460.0,9510.0,9460.0,9510.0,21
2024-04-19 22:10:00,9500.0,9500.0,9500.0,9500.0,37
2024-04-19 23:00:00,9520.0,9530.0,9520.0,9530.0,12
2024-04-19 23:40:00,9560.0,9560.0,9560.0,9560.0,6
2024-04-22 09:00:00,9540.0,9540.0,9510.0,9510.0,2
2024-04-22 09:20:00,9510.0,9510.0,9510.0,9510.0,1
2024-04-22 09:30:00,9530.0,9530.0,9500.0,9500.0,3
2024-04-22 10:40:00,9500.0,9500.0,9500.0,9500.0,1
2024-04-22 11:20:00,9410.0,9410.0,9410.0,9410.0,1
2024-04-22 11:30:00,9400.0,9400.0,9400.0,9400.0,12
2024-04-22 11:40:00,9480.0,9480.0,9480.0,9480.0,1
2024-04-22 11:50:00,9480.0,9480.0,9450.0,9450.0,16
2024-04-22 12:00:00,9500.0,9500.0,9500.0,9500.0,1
2024-04-22 12:30:00,9440.0,9470.0,9410.0,9410.0,9
2024-04-22 12:50:00,9440.0,9440.0,9430.0,9430.0,27
2024-04-22 13:00:00,9470.0,9490.0,9470.0,9490.0,24
2024-04-22 13:20:00,11340.0,11340.0,11340.0,11340.0,1
2024-04-22 13:30:00,9550.0,9550.0,9550.0,9550.0,9
2024-04-22 13:40:00,11330.0,11330.0,11330.0,11330.0,1
2024-04-22 14:20:00,9550.0,9550.0,9550.0,9550.0,11
2024-04-22 14:30:00,9560.0,9560.0,9560.0,9560.0,1
2024-04-22 14:50:00,9570.0,9570.0,9570.0,9570.0,1
2024-04-22 15:10:00,9560.0,9560.0,9560.0,9560.0,1
2024-04-22 15:30:00,11050.0,11050.0,11050.0,11050.0,1
2024-04-22 15:40:00,9570.0,9630.0,9570.0,9630.0,11
2024-04-22 15:50:00,9600.0,9600.0,9600.0,9600.0,1
2024-04-22 16:10:00,9570.0,9570.0,9570.0,9570.0,1
2024-04-22 16:50:00,9610.0,9610.0,9610.0,9610.0,1
2024-04-22 17:10:00,9580.0,9580.0,9580.0,9580.0,1
2024-04-22 17:40:00,9590.0,9600.0,9590.0,9600.0,3
2024-04-22 17:50:00,9610.0,9610.0,9580.0,9580.0,19
2024-04-22 18:10:00,9610.0,9610.0,9610.0,9610.0,2
2024-04-22 18:40:00,12150.0,12150.0,11400.0,11400.0,21
2024-04-22 19:30:00,9590.0,9600.0,9590.0,9600.0,5
2024-04-22 19:40:00,9600.0,9600.0,9600.0,9600.0,10
2024-04-22 19:50:00,9600.0,9600.0,9600.0,9600.0,4
2024-04-22 20:20:00,9600.0,9600.0,9600.0,9600.0,2
2024-04-22 20:40:00,9610.0,9610.0,9610.0,9610.0,2
2024-04-22 21:00:00,9600.0,9600.0,9600.0,9600.0,1
2024-04-22 21:20:00,9590.0,9590.0,9590.0,9590.0,1
2024-04-22 21:50:00,9610.0,9610.0,9610.0,9610.0,8
2024-04-22 22:20:00,9610.0,9610.0,9610.0,9610.0,1
2024-04-22 22:40:00,9620.0,9650.0,9620.0,9650.0,5
2024-04-22 23:00:00,9640.0,9650.0,9640.0,9650.0,3
2024-04-22 23:40:00,9660.0,9660.0,9640.0,9640.0,2
2024-04-23 09:00:00,9620.0,9660.0,9610.0,9660.0,5
2024-04-23 09:10:00,9670.0,9670.0,9670.0,9670.0,2
2024-04-23 09:20:00,9630.0,9630.0,9610.0,9610.0,6
2024-04-23 09:50:00,9640.0,9640.0,9640.0,9640.0,1
2024-04-23 10:10:00,9640.0,9650.0,9640.0,9650.0,10
2024-04-23 10:20:00,9650.0,9650.0,9650.0,9650.0,2
2024-04-23 10:30:00,9660.0,9660.0,9660.0,9660.0,1
2024-04-23 10:40:00,9670.0,9700.0,9670.0,9700.0,20
2024-04-23 11:00:00,9680.0,9680.0,9680.0,9680.0,1
2024-04-23 11:10:00,9650.0,9650.0,9650.0,9650.0,7
2024-04-23 11:50:00,9660.0,9660.0,9660.0,9660.0,4
2024-04-23 12:00:00,9700.0,9700.0,9700.0,9700.0,4
2024-04-23 12:30:00,9700.0,9700.0,9700.0,9700.0,4
2024-04-23 12:40:00,9700.0,9720.0,9700.0,9700.0,7
2024-04-23 13:10:00,9700.0,9710.0,9700.0,9710.0,14
2024-04-23 13:30:00,9720.0,9750.0,9720.0,9750.0,87
2024-04-23 13:40:00,9750.0,9750.0,9750.0,9750.0,27
2024-04-23 13:50:00,9740.0,9940.0,9740.0,9940.0,20
2024-04-23 14:00:00,9850.0,9850.0,9850.0,9850.0,1
2024-04-23 14:10:00,12420.0,12420.0,12420.0,12420.0,1
2024-04-23 14:30:00,9820.0,9870.0,9820.0,9870.0,4
2024-04-23 14:40:00,12620.0,12660.0,12620.0,12660.0,3
2024-04-23 14:50:00,9760.0,9760.0,9750.0,9750.0,16
2024-04-23 15:00:00,9750.0,9750.0,9750.0,9750.0,2
2024-04-23 15:30:00,12360.0,12360.0,12350.0,12350.0,3
2024-04-23 15:50:00,9760.0,9760.0,9760.0,9760.0,1
2024-04-23 16:00:00,9770.0,9770.0,9770.0,9770.0,1
2024-04-23 16:20:00,9780.0,9780.0,9780.0,9780.0,1
2024-04-23 16:30:00,9770.0,9840.0,9770.0,9820.0,3
2024-04-23 17:00:00,9820.0,9820.0,9820.0,9820.0,1
2024-04-23 17:10:00,9790.0,9790.0,9780.0,9780.0,3
2024-04-23 17:20:00,9790.0,9790.0,9790.0,9790.0,5
2024-04-23 17:30:00,9820.0,9820.0,9820.0,9820.0,2
2024-04-23 18:00:00,9800.0,9800.0,9800.0,9800.0,5
2024-04-23 18:10:00,9800.0,9800.0,9800.0,9800.0,5
2024-04-23 18:40:00,9800.0,9800.0,9800.0,9800.0,15
2024-04-23 19:10:00,9800.0,9800.0,9800.0,9800.0,4
2024-04-23 20:10:00,9820.0,9820.0,9820.0,9820.0,2
2024-04-23 21:50:00,9840.0,9840.0,9840.0,9840.0,1
2024-04-23 22:40:00,9860.0,9860.0,9860.0,9860.0,1
2024-04-24 09:00:00,9860.0,9860.0,9860.0,9860.0,1
2024-04-24 09:10:00,9870.0,9900.0,9870.0,9900.0,7
2024-04-24 09:20:00,9900.0,9900.0,9900.0,9900.0,1
2024-04-24 10:00:00,9900.0,9900.0,9900.0,9900.0,2
2024-04-24 10:10:00,9910.0,9910.0,9910.0,9910.0,1
2024-04-24 10:20:00,9920.0,9920.0,9920.0,9920.0,1
2024-04-24 10:40:00,9930.0,9940.0,9930.0,9940.0,50
2024-04-24 10:50:00,9950.0,9950.0,9950.0,9950.0,4
2024-04-24 11:10:00,9960.0,9960.0,9900.0,9900.0,97
2024-04-24 11:20:00,9930.0,9930.0,9930.0,9930.0,1
2024-04-24 13:00:00,9910.0,9920.0,9910.0,9920.0,22
2024-04-24 13:10:00,9890.0,9890.0,9890.0,9890.0,1
2024-04-24 13:20:00,9890.0,9980.0,9840.0,9980.0,10
2024-04-24 13:30:00,9990.0,10000.0,9990.0,10000.0,4
2024-04-24 13:40:00,10000.0,10020.0,10000.0,10020.0,10
2024-04-24 13:50:00,10040.0,10040.0,10040.0,10040.0,3
2024-04-24 14:40:00,10040.0,10040.0,10030.0,10030.0,8
2024-04-24 15:10:00,9990.0,10000.0,9990.0,9990.0,27
2024-04-24 15:30:00,9980.0,10010.0,9970.0,10010.0,12
2024-04-24 15:40:00,10020.0,10020.0,10020.0,10020.0,1
2024-04-24 16:10:00,10010.0,10050.0,10010.0,10050.0,22
2024-04-24 16:40:00,10080.0,10090.0,10080.0,10090.0,3
2024-04-24 17:30:00,10000.0,10000.0,9980.0,9980.0,21
2024-04-24 18:40:00,10020.0,10020.0,10020.0,10020.0,1
2024-04-24 19:00:00,10090.0,10090.0,9990.0,9990.0,3
2024-04-24 19:30:00,10010.0,10080.0,10010.0,10080.0,5
2024-04-24 19:50:00,10070.0,10070.0,10070.0,10070.0,1
2024-04-24 20:00:00,10060.0,10060.0,10060.0,10060.0,1
2024-04-24 21:10:00,10080.0,10080.0,9970.0,9970.0,10
2024-04-24 21:30:00,9970.0,9970.0,9940.0,9950.0,6
2024-04-24 21:50:00,9970.0,9970.0,9970.0,9970.0,1
2024-04-25 09:30:00,9990.0,10030.0,9990.0,10030.0,3
2024-04-25 09:40:00,10030.0,10090.0,10030.0,10090.0,12
2024-04-25 10:10:00,10150.0,10150.0,10140.0,10140.0,10
2024-04-25 10:20:00,10130.0,10140.0,10130.0,10140.0,6
2024-04-25 10:30:00,10140.0,10140.0,10140.0,10140.0,1
2024-04-25 10:40:00,10090.0,10120.0,10070.0,10120.0,6
2024-04-25 11:00:00,10120.0,10150.0,10120.0,10150.0,31
2024-04-25 11:10:00,10160.0,10200.0,10160.0,10200.0,16
2024-04-25 11:20:00,10210.0,10250.0,10210.0,10250.0,12
2024-04-25 11:30:00,10200.0,10240.0,10200.0,10240.0,12
2024-04-25 11:50:00,10270.0,10420.0,10210.0,10420.0,11
2024-04-25 12:10:00,10240.0,10240.0,10180.0,10180.0,5
2024-04-25 12:20:00,10180.0,10180.0,10180.0,10180.0,8
2024-04-25 12:50:00,12990.0,12990.0,12680.0,12680.0,2
2024-04-25 13:20:00,10250.0,10320.0,10250.0,10320.0,44
2024-04-25 13:30:00,11910.0,11930.0,11660.0,11930.0,4
2024-04-25 13:40:00,10310.0,10310.0,10300.0,10300.0,3
2024-04-25 13:50:00,10440.0,10440.0,10260.0,10260.0,12
2024-04-25 15:00:00,10290.0,10290.0,10290.0,10290.0,1
2024-04-25 15:20:00,10350.0,10370.0,10270.0,10270.0,3
2024-04-25 15:30:00,10270.0,10540.0,10270.0,10280.0,6
2024-04-25 15:50:00,10280.0,10290.0,10280.0,10290.0,2
2024-04-25 17:10:00,10310.0,10310.0,10310.0,10310.0,1
2024-04-25 18:30:00,10310.0,10310.0,10310.0,10310.0,1
2024-04-25 18:40:00,10400.0,10400.0,10400.0,10400.0,2
2024-04-25 20:30:00,11880.0,11880.0,11880.0,11880.0,1
2024-04-25 20:50:00,10450.0,10450.0,10450.0,10450.0,1
2024-04-25 21:10:00,10450.0,10530.0,10450.0,10510.0,5
2024-04-25 21:30:00,11880.0,11880.0,11880.0,11880.0,1
2024-04-25 22:10:00,10510.0,10520.0,10510.0,10520.0,5
2024-04-25 22:20:00,10510.0,10540.0,10510.0,10540.0,10
2024-04-25 22:30:00,10510.0,10510.0,10510.0,10510.0,1
2024-04-25 23:30:00,10480.0,10480.0,10430.0,10430.0,33
2024-04-26 09:50:00,10480.0,10480.0,10480.0,10480.0,1
2024-04-26 10:00:00,10490.0,10490.0,10490.0,10490.0,2
2024-04-26 10:10:00,10480.0,10530.0,10480.0,10530.0,5
2024-04-26 10:20:00,10530.0,10550.0,10530.0,10530.0,102
2024-04-26 10:50:00,10540.0,10540.0,10540.0,10540.0,1
2024-04-26 11:00:00,10540.0,10540.0,10540.0,10540.0,1
2024-04-26 11:20:00,10540.0,10540.0,10540.0,10540.0,2
2024-04-26 11:40:00,10530.0,10530.0,10500.0,10510.0,6
2024-04-26 12:30:00,10530.0,10550.0,10530.0,10530.0,52
2024-04-26 13:00:00,10530.0,10530.0,10530.0,10530.0,1
2024-04-26 13:20:00,10530.0,10530.0,10530.0,10530.0,1
2024-04-26 13:50:00,10530.0,10530.0,10530.0,10530.0,4
2024-04-26 14:00:00,10530.0,10550.0,10530.0,10550.0,7
2024-04-26 14:10:00,10550.0,10550.0,10540.0,10550.0,201
2024-04-26 14:30:00,10580.0,10690.0,10580.0,10670.0,194
2024-04-26 14:40:00,10640.0,10640.0,10580.0,10580.0,42
2024-04-26 14:50:00,10600.0,10600.0,10600.0,10600.0,2
2024-04-26 15:00:00,10610.0,10610.0,10610.0,10610.0,1
2024-04-26 15:10:00,10600.0,10600.0,10600.0,10600.0,11
2024-04-26 15:20:00,10600.0,10600.0,10600.0,10600.0,3
2024-04-26 15:30:00,10630.0,10640.0,10600.0,10600.0,12
2024-04-26 15:40:00,10600.0,10600.0,10590.0,10590.0,3
2024-04-26 15:50:00,10580.0,10600.0,10440.0,10600.0,59
2024-04-26 16:00:00,10570.0,10570.0,10560.0,10560.0,2
2024-04-26 16:10:00,10560.0,10590.0,10450.0,10460.0,17
2024-04-26 16:20:00,10460.0,10460.0,10450.0,10450.0,6
2024-04-26 16:40:00,12730.0,12730.0,12550.0,12550.0,3
2024-04-26 17:00:00,10470.0,10470.0,10470.0,10470.0,2
2024-04-26 17:40:00,10490.0,10530.0,10460.0,10460.0,22
2024-04-26 18:10:00,10500.0,10540.0,10500.0,10540.0,3
2024-04-26 18:20:00,10540.0,10540.0,10460.0,10460.0,12
2024-04-26 19:00:00,10470.0,10470.0,10470.0,10470.0,1
2024-04-26 19:50:00,10520.0,10520.0,10520.0,10520.0,1
2024-04-26 20:00:00,10530.0,10550.0,10530.0,10550.0,4
2024-04-26 20:10:00,10510.0,10550.0,10510.0,10550.0,2
2024-04-26 20:30:00,10550.0,10660.0,10460.0,10470.0,46
2024-04-26 20:40:00,10450.0,10540.0,10360.0,10390.0,49
2024-04-26 21:00:00,10500.0,10540.0,10500.0,10540.0,8
2024-04-26 21:20:00,10530.0,10530.0,10530.0,10530.0,1
2024-04-26 21:50:00,10510.0,10510.0,10510.0,10510.0,1
2024-04-27 09:10:00,10450.0,10450.0,10450.0,10450.0,1
2024-04-27 09:20:00,10440.0,10440.0,10440.0,10440.0,2
2024-04-27 10:00:00,10500.0,10500.0,10500.0,10500.0,1
2024-04-27 10:20:00,10510.0,10530.0,10510.0,10530.0,2
2024-04-27 11:30:00,10520.0,10520.0,10500.0,10500.0,3
2024-04-27 12:10:00,10530.0,10530.0,10530.0,10530.0,1
2024-04-27 12:30:00,10540.0,10540.0,10540.0,10540.0,1
2024-04-27 12:40:00,10520.0,10520.0,10510.0,10510.0,6
2024-04-27 13:10:00,10530.0,10530.0,10530.0,10530.0,11
2024-04-27 13:40:00,10510.0,10530.0,10390.0,10410.0,18
2024-04-27 13:50:00,10470.0,10470.0,10470.0,10470.0,1
2024-04-27 14:00:00,10450.0,10450.0,10400.0,10400.0,11
2024-04-27 14:10:00,10490.0,10490.0,10410.0,10470.0,4
2024-04-27 14:20:00,10450.0,10450.0,10450.0,10450.0,1
2024-04-27 14:40:00,11480.0,11530.0,11480.0,11530.0,4
2024-04-27 14:50:00,10420.0,10440.0,10420.0,10440.0,3
2024-04-27 15:10:00,10450.0,10450.0,10450.0,10450.0,1
2024-04-27 15:20:00,10400.0,10400.0,10400.0,10400.0,1
2024-04-27 15:30:00,12440.0,12440.0,12440.0,12440.0,2
2024-04-27 15:40:00,10400.0,10400.0,10400.0,10400.0,11
2024-04-27 15:50:00,10390.0,10390.0,10370.0,10390.0,12
2024-04-27 16:00:00,10390.0,10390.0,10390.0,10390.0,6
2024-04-27 16:10:00,10400.0,10410.0,10400.0,10410.0,2
2024-04-27 16:20:00,10420.0,10420.0,10420.0,10420.0,4
2024-04-27 16:30:00,12200.0,12770.0,12170.0,12770.0,3
2024-04-27 16:40:00,10390.0,10390.0,10350.0,10350.0,238
2024-04-27 16:50:00,10350.0,10350.0,10340.0,10340.0,22
2024-04-27 17:10:00,10320.0,10390.0,10320.0,10390.0,3
2024-04-27 17:30:00,10340.0,10370.0,10340.0,10370.0,21
2024-04-27 17:50:00,10330.0,10340.0,10310.0,10340.0,14
2024-04-27 18:10:00,10350.0,10350.0,10350.0,10350.0,1
2024-04-27 18:20:00,10320.0,10340.0,10310.0,10340.0,3
2024-04-27 18:30:00,10340.0,10340.0,10340.0,10340.0,1
2024-04-27 18:40:00,12280.0,12280.0,12280.0,12280.0,1
2024-04-27 19:20:00,10290.0,10290.0,10290.0,10290.0,1
2024-04-27 20:00:00,11530.0,11530.0,11530.0,11530.0,1
2024-04-27 20:10:00,10260.0,10260.0,10220.0,10260.0,50
2024-04-27 20:20:00,10300.0,10300.0,10270.0,10270.0,25
2024-04-27 20:30:00,10260.0,10320.0,10260.0,10320.0,5
2024-04-27 20:50:00,10330.0,10330.0,10330.0,10330.0,1
2024-04-29 09:10:00,10370.0,10370.0,10360.0,10360.0,3
2024-04-29 09:20:00,10380.0,10380.0,10380.0,10380.0,1
2024-04-29 09:30:00,10380.0,10380.0,10380.0,10380.0,1
2024-04-29 09:50:00,10380.0,10380.0,10300.0,10300.0,5
2024-04-29 10:00:00,10250.0,10300.0,10250.0,10260.0,18
2024-04-29 11:00:00,10360.0,10360.0,10360.0,10360.0,5
2024-04-29 11:30:00,10360.0,10360.0,10360.0,10360.0,2
2024-04-29 12:10:00,10300.0,10300.0,10300.0,10300.0,2
2024-04-29 12:50:00,10300.0,10300.0,10300.0,10300.0,7
2024-04-29 13:10:00,10300.0,10300.0,10300.0,10300.0,1
2024-04-29 14:20:00,10370.0,10370.0,10370.0,10370.0,2
2024-04-29 15:40:00,10410.0,10460.0,10410.0,10450.0,22
2024-04-29 15:50:00,10450.0,10450.0,10450.0,10450.0,1
2024-04-29 17:00:00,10450.0,10450.0,10450.0,10450.0,1
2024-04-29 17:10:00,10370.0,10370.0,10370.0,10370.0,1
2024-04-29 17:20:00,10450.0,10450.0,10450.0,10450.0,2
2024-04-29 18:20:00,10440.0,10440.0,10440.0,10440.0,1
2024-04-29 18:30:00,10400.0,10400.0,10400.0,10400.0,1
2024-04-29 21:00:00,10420.0,10420.0,10420.0,10420.0,2
2024-04-29 22:20:00,10420.0,10420.0,10420.0,10420.0,3
2024-04-29 22:30:00,10400.0,10400.0,10400.0,10400.0,1
2024-04-29 22:50:00,10440.0,10440.0,10440.0,10440.0,3
2024-04-29 23:30:00,10410.0,10410.0,10410.0,10410.0,1
2024-04-30 09:00:00,10410.0,10410.0,10410.0,10410.0,5
2024-04-30 09:10:00,10460.0,10460.0,10460.0,10460.0,2
2024-04-30 09:20:00,10460.0,10460.0,10410.0,10410.0,2
2024-04-30 10:20:00,10410.0,10410.0,10400.0,10400.0,13
2024-04-30 10:30:00,10460.0,10460.0,10460.0,10460.0,2
2024-04-30 10:50:00,10410.0,10410.0,10400.0,10400.0,20
2024-04-30 11:30:00,10410.0,10410.0,10410.0,10410.0,1
2024-04-30 11:50:00,10400.0,10400.0,10400.0,10400.0,1
2024-04-30 12:00:00,10470.0,10470.0,10470.0,10470.0,1
2024-04-30 12:50:00,10440.0,10440.0,10440.0,10440.0,1
2024-04-30 13:00:00,10490.0,10490.0,10490.0,10490.0,2
2024-04-30 13:10:00,10490.0,10490.0,10490.0,10490.0,10
2024-04-30 13:30:00,10520.0,10520.0,10520.0,10520.0,1
2024-04-30 13:40:00,10510.0,10520.0,10510.0,10520.0,5
2024-04-30 14:20:00,10480.0,10480.0,10480.0,10480.0,1
2024-04-30 15:00:00,10410.0,10410.0,10410.0,10410.0,1
2024-04-30 15:10:00,10510.0,10530.0,10410.0,10410.0,11
2024-04-30 15:20:00,10400.0,10400.0,10400.0,10400.0,2
2024-04-30 16:40:00,10400.0,10500.0,10400.0,10400.0,3
2024-04-30 17:00:00,10460.0,10460.0,10460.0,10460.0,1
2024-04-30 17:10:00,10500.0,10500.0,10500.0,10500.0,1
2024-04-30 17:20:00,10510.0,10510.0,10510.0,10510.0,1
2024-04-30 18:10:00,10490.0,10510.0,10310.0,10510.0,31
2024-04-30 18:40:00,10310.0,10310.0,10310.0,10310.0,1
2024-04-30 20:00:00,10320.0,10320.0,10280.0,10280.0,5
2024-04-30 20:20:00,10290.0,10350.0,10290.0,10350.0,2
2024-04-30 21:20:00,10440.0,10440.0,10440.0,10440.0,1
2024-04-30 22:00:00,10310.0,10310.0,10310.0,10310.0,1
2024-04-30 22:10:00,10310.0,10310.0,10310.0,10310.0,1
2024-05-02 09:00:00,10410.0,10410.0,10410.0,10410.0,1
2024-05-02 09:20:00,10360.0,10360.0,10360.0,10360.0,8
2024-05-02 09:30:00,10390.0,10500.0,10310.0,10310.0,9
2024-05-02 10:10:00,10370.0,10370.0,10300.0,10300.0,3
2024-05-02 10:20:00,10420.0,10430.0,10420.0,10430.0,2
2024-05-02 10:30:00,10480.0,10480.0,10480.0,10480.0,1
2024-05-02 10:40:00,11540.0,11540.0,11540.0,11540.0,1
2024-05-02 11:00:00,11530.0,11530.0,11530.0,11530.0,1
2024-05-02 11:10:00,10330.0,10330.0,10330.0,10330.0,1
2024-05-02 11:30:00,10350.0,10350.0,10340.0,10340.0,4
2024-05-02 12:30:00,10340.0,10340.0,10310.0,10310.0,11
2024-05-02 12:40:00,10340.0,10340.0,10310.0,10310.0,2
2024-05-02 13:20:00,10320.0,10320.0,10320.0,10320.0,1
2024-05-02 13:40:00,10320.0,10320.0,10320.0,10320.0,1
2024-05-02 14:00:00,10320.0,10320.0,10320.0,10320.0,2
2024-05-02 14:20:00,10360.0,10360.0,10320.0,10320.0,2
2024-05-02 14:30:00,10360.0,10370.0,10360.0,10370.0,3
2024-05-02 14:50:00,10360.0,10360.0,10360.0,10360.0,1
2024-05-02 15:00:00,11920.0,11920.0,11920.0,11920.0,1
2024-05-02 15:20:00,12200.0,12200.0,12200.0,12200.0,1
2024-05-02 15:40:00,10360.0,10360.0,10360.0,10360.0,1
2024-05-02 16:00:00,10330.0,10330.0,10320.0,10320.0,2
2024-05-02 16:30:00,10360.0,10380.0,10360.0,10380.0,4
2024-05-02 16:40:00,10360.0,10500.0,10360.0,10360.0,36
2024-05-02 17:00:00,10400.0,10510.0,10400.0,10510.0,20
2024-05-02 17:20:00,10500.0,10500.0,10500.0,10500.0,10
2024-05-02 17:30:00,10470.0,10470.0,10420.0,10470.0,6
2024-05-02 17:40:00,10470.0,10470.0,10470.0,10470.0,1
2024-05-02 17:50:00,10500.0,10500.0,10500.0,10500.0,2
2024-05-02 18:00:00,10470.0,10470.0,10420.0,10420.0,5
2024-05-02 18:20:00,10460.0,10460.0,10300.0,10300.0,147
2024-05-02 18:30:00,10320.0,10320.0,10310.0,10310.0,2
2024-05-02 18:40:00,10360.0,10490.0,10360.0,10490.0,20
2024-05-02 20:30:00,10450.0,10450.0,10450.0,10450.0,1
2024-05-02 21:00:00,10460.0,10460.0,10460.0,10460.0,1
2024-05-02 21:20:00,10450.0,10450.0,10450.0,10450.0,11
2024-05-02 21:40:00,10470.0,10490.0,10470.0,10490.0,20
2024-05-02 22:10:00,10370.0,10370.0,10370.0,10370.0,1
2024-05-02 22:30:00,10480.0,10480.0,10480.0,10480.0,10
2024-05-02 23:40:00,10370.0,10370.0,10370.0,10370.0,1
2024-05-03 09:10:00,11940.0,11940.0,11800.0,11800.0,3
2024-05-03 09:30:00,12130.0,12190.0,12130.0,12190.0,9
2024-05-03 09:40:00,12220.0,12220.0,12220.0,12220.0,2
2024-05-03 09:50:00,12220.0,12220.0,12220.0,12220.0,1
2024-05-03 10:20:00,10480.0,10480.0,10480.0,10480.0,2
2024-05-03 11:00:00,10470.0,10470.0,10470.0,10470.0,1
2024-05-03 11:30:00,12290.0,12290.0,12290.0,12290.0,1
2024-05-03 11:40:00,10480.0,10490.0,10480.0,10490.0,4
2024-05-03 11:50:00,10450.0,10450.0,10450.0,10450.0,2
2024-05-03 12:30:00,12610.0,12610.0,12600.0,12600.0,5
2024-05-03 13:40:00,10490.0,10490.0,10490.0,10490.0,1
2024-05-03 14:50:00,12580.0,12580.0,12580.0,12580.0,2
2024-05-03 15:50:00,10490.0,10490.0,10490.0,10490.0,8
2024-05-03 16:20:00,10460.0,10460.0,10460.0,10460.0,1
2024-05-03 16:50:00,10500.0,10510.0,10500.0,10510.0,29
2024-05-03 17:10:00,10520.0,10520.0,10520.0,10520.0,1
2024-05-03 18:00:00,10520.0,10520.0,10520.0,10520.0,4
2024-05-03 18:20:00,10510.0,10510.0,10510.0,10510.0,6
2024-05-03 18:30:00,10520.0,10550.0,10520.0,10550.0,3
2024-05-03 18:40:00,10550.0,10550.0,10520.0,10520.0,2
2024-05-03 19:10:00,10550.0,10670.0,10550.0,10570.0,103
2024-05-03 19:30:00,10610.0,10610.0,10610.0,10610.0,3
2024-05-03 19:50:00,10610.0,10610.0,10610.0,10610.0,3
2024-05-03 20:00:00,10620.0,10620.0,10620.0,10620.0,1
2024-05-03 20:10:00,10620.0,10700.0,10620.0,10700.0,11
2024-05-03 20:20:00,10640.0,10660.0,10630.0,10630.0,14
2024-05-03 20:30:00,10650.0,10680.0,10640.0,10640.0,3
2024-05-03 20:50:00,10640.0,10640.0,10640.0,10640.0,1
2024-05-03 21:20:00,10630.0,10630.0,10620.0,10620.0,11
2024-05-03 21:40:00,10630.0,10630.0,10630.0,10630.0,1
2024-05-03 22:00:00,10650.0,10650.0,10650.0,10650.0,1
2024-05-03 22:10:00,10620.0,10620.0,10620.0,10620.0,20
2024-05-03 22:20:00,10620.0,10640.0,10610.0,10640.0,9
2024-05-03 22:30:00,10620.0,10620.0,10550.0,10550.0,46
2024-05-03 23:20:00,10590.0,10630.0,10490.0,10500.0,19
2024-05-03 23:40:00,10480.0,10480.0,10470.0,10470.0,2
2024-05-06 09:20:00,10550.0,10550.0,10550.0,10550.0,1
2024-05-06 09:40:00,10610.0,10610.0,10490.0,10490.0,7
2024-05-06 10:00:00,10510.0,10560.0,10510.0,10560.0,4
2024-05-06 10:10:00,10590.0,10620.0,10590.0,10620.0,8
2024-05-06 10:30:00,11420.0,11420.0,11380.0,11380.0,2
2024-05-06 10:40:00,11350.0,11350.0,11350.0,11350.0,1
2024-05-06 10:50:00,10620.0,10620.0,10620.0,10620.0,1
2024-05-06 11:10:00,10590.0,10590.0,10590.0,10590.0,1
2024-05-06 11:40:00,10620.0,10620.0,10620.0,10620.0,1
2024-05-06 12:30:00,10590.0,10590.0,10590.0,10590.0,2
2024-05-06 12:50:00,10610.0,10620.0,10540.0,10620.0,27
2024-05-06 13:00:00,10550.0,10570.0,10550.0,10570.0,58
2024-05-06 13:10:00,10540.0,10540.0,10540.0,10540.0,1
2024-05-06 13:50:00,11840.0,11840.0,11440.0,11440.0,2
2024-05-06 14:40:00,10530.0,10530.0,10530.0,10530.0,1
2024-05-06 15:00:00,10530.0,10530.0,10470.0,10470.0,8
2024-05-06 15:10:00,10570.0,10580.0,10570.0,10580.0,2
2024-05-06 15:30:00,10580.0,10580.0,10580.0,10580.0,1
2024-05-06 15:50:00,10570.0,10570.0,10570.0,10570.0,1
2024-05-06 16:00:00,10530.0,10570.0,10530.0,10570.0,2
2024-05-06 16:10:00,10520.0,10570.0,10460.0,10570.0,4
2024-05-06 16:20:00,10490.0,10490.0,10490.0,10490.0,2
2024-05-06 16:30:00,10560.0,10560.0,10560.0,10560.0,2
2024-05-06 16:40:00,10550.0,10580.0,10510.0,10510.0,11
2024-05-06 17:00:00,11820.0,11820.0,11820.0,11820.0,2
2024-05-06 17:30:00,11810.0,11820.0,11810.0,11820.0,3
2024-05-06 18:10:00,10540.0,10540.0,10540.0,10540.0,1
2024-05-06 18:40:00,11550.0,11550.0,11550.0,11550.0,1
2024-05-06 19:30:00,10540.0,10540.0,10540.0,10540.0,1
2024-05-06 21:40:00,10580.0,10580.0,10580.0,10580.0,1
2024-05-06 23:30:00,10530.0,10530.0,10530.0,10530.0,1
2024-05-07 09:10:00,10570.0,10600.0,10570.0,10600.0,24
2024-05-07 09:20:00,10600.0,10610.0,10600.0,10610.0,8
2024-05-07 09:30:00,10660.0,10680.0,10650.0,10650.0,8
2024-05-07 09:40:00,10610.0,10610.0,10580.0,10580.0,15
2024-05-07 10:00:00,10650.0,10650.0,10650.0,10650.0,1
2024-05-07 10:10:00,10600.0,10600.0,10590.0,10590.0,5
2024-05-07 11:00:00,10620.0,10630.0,10620.0,10620.0,11
2024-05-07 11:10:00,10620.0,10620.0,10620.0,10620.0,10
2024-05-07 11:30:00,10630.0,10640.0,10630.0,10640.0,6
2024-05-07 11:40:00,13370.0,13370.0,13370.0,13370.0,1
2024-05-07 12:20:00,10630.0,10630.0,10630.0,10630.0,1
2024-05-07 12:30:00,12690.0,12690.0,12690.0,12690.0,1
2024-05-07 12:50:00,12010.0,12010.0,12010.0,12010.0,1
2024-05-07 13:00:00,10630.0,10640.0,10630.0,10640.0,31
2024-05-07 13:10:00,10650.0,10660.0,10650.0,10660.0,12
2024-05-07 13:40:00,10660.0,10810.0,10660.0,10810.0,112
2024-05-07 13:50:00,10850.0,10850.0,10610.0,10630.0,89
2024-05-07 14:10:00,12690.0,12690.0,12690.0,12690.0,1
2024-05-07 14:30:00,10750.0,10750.0,10750.0,10750.0,50
2024-05-07 14:40:00,10740.0,10740.0,10740.0,10740.0,4
2024-05-07 14:50:00,10720.0,10720.0,10670.0,10670.0,10
2024-05-07 15:00:00,10730.0,10730.0,10730.0,10730.0,2
2024-05-07 15:20:00,10730.0,10740.0,10680.0,10680.0,7
2024-05-07 15:40:00,10700.0,10700.0,10700.0,10700.0,2
2024-05-07 16:10:00,10740.0,10740.0,10740.0,10740.0,1
2024-05-07 16:20:00,10740.0,10750.0,10740.0,10750.0,50
2024-05-07 16:30:00,10740.0,10750.0,10740.0,10750.0,53
2024-05-07 16:40:00,10770.0,10790.0,10750.0,10780.0,54
2024-05-07 16:50:00,10780.0,10780.0,10780.0,10780.0,1
2024-05-07 17:10:00,10780.0,10780.0,10780.0,10780.0,1
2024-05-07 17:30:00,10800.0,10800.0,10770.0,10800.0,3
2024-05-07 17:50:00,10800.0,10800.0,10770.0,10770.0,2
2024-05-07 18:00:00,10770.0,10770.0,10760.0,10760.0,2
2024-05-07 18:10:00,10760.0,10760.0,10760.0,10760.0,3
2024-05-07 18:30:00,10790.0,10790.0,10750.0,10750.0,2
2024-05-07 19:10:00,10810.0,10810.0,10810.0,10810.0,3
2024-05-07 19:20:00,10810.0,10820.0,10760.0,10820.0,5
2024-05-07 20:30:00,10820.0,10820.0,10820.0,10820.0,1
2024-05-07 20:50:00,10820.0,10840.0,10820.0,10840.0,10
2024-05-07 21:00:00,10840.0,10840.0,10840.0,10840.0,1
2024-05-07 21:20:00,10840.0,10840.0,10840.0,10840.0,1
2024-05-07 23:10:00,10830.0,10830.0,10830.0,10830.0,1
2024-05-08 10:00:00,10860.0,10890.0,10860.0,10890.0,5
2024-05-08 10:10:00,10890.0,10890.0,10890.0,10890.0,2
2024-05-08 10:20:00,10890.0,10890.0,10890.0,10890.0,16
2024-05-08 10:30:00,10890.0,10900.0,10890.0,10890.0,38
2024-05-08 10:40:00,10870.0,10870.0,10850.0,10850.0,37
2024-05-08 10:50:00,10860.0,10860.0,10860.0,10860.0,3
2024-05-08 11:00:00,10870.0,10870.0,10870.0,10870.0,2
2024-05-08 11:10:00,10870.0,10870.0,10870.0,10870.0,1
2024-05-08 11:40:00,10880.0,10880.0,10870.0,10870.0,4
2024-05-08 12:10:00,10890.0,10890.0,10890.0,10890.0,2
2024-05-08 12:20:00,10880.0,10880.0,10880.0,10880.0,1
2024-05-08 12:30:00,10890.0,10910.0,10890.0,10910.0,11
2024-05-08 12:40:00,10910.0,10910.0,10890.0,10890.0,2
2024-05-08 13:00:00,10890.0,10890.0,10890.0,10890.0,1
2024-05-08 13:20:00,10880.0,10880.0,10870.0,10870.0,12
2024-05-08 13:30:00,10870.0,10870.0,10870.0,10870.0,1
2024-05-08 14:30:00,10880.0,10910.0,10880.0,10910.0,7
2024-05-08 14:40:00,10880.0,10890.0,10880.0,10880.0,4
2024-05-08 16:00:00,10910.0,10970.0,10880.0,10970.0,60
2024-05-08 16:10:00,10910.0,10910.0,10910.0,10910.0,1
2024-05-08 16:40:00,10960.0,10960.0,10960.0,10960.0,1
2024-05-08 16:50:00,10940.0,10940.0,10940.0,10940.0,1
2024-05-08 17:20:00,10960.0,10960.0,10960.0,10960.0,1
2024-05-08 17:30:00,10960.0,10960.0,10960.0,10960.0,1
2024-05-08 17:40:00,10960.0,10960.0,10960.0,10960.0,1
2024-05-08 17:50:00,10940.0,10940.0,10940.0,10940.0,1
2024-05-08 18:00:00,10940.0,10940.0,10940.0,10940.0,1
2024-05-08 18:10:00,12220.0,12220.0,12220.0,12220.0,1
2024-05-08 18:30:00,10920.0,10920.0,10920.0,10920.0,6
2024-05-08 18:40:00,10930.0,10930.0,10920.0,10920.0,4
2024-05-08 19:20:00,10930.0,10930.0,10930.0,10930.0,1
2024-05-08 19:30:00,10960.0,10960.0,10960.0,10960.0,1
2024-05-08 19:40:00,10930.0,10970.0,10930.0,10970.0,14
2024-05-08 19:50:00,10940.0,10970.0,10940.0,10970.0,3
2024-05-08 20:30:00,10940.0,10940.0,10940.0,10940.0,10
2024-05-08 20:40:00,12260.0,12280.0,12260.0,12280.0,3
2024-05-08 21:00:00,10940.0,10940.0,10940.0,10940.0,9
2024-05-08 21:20:00,10940.0,10940.0,10940.0,10940.0,8
2024-05-08 22:00:00,10960.0,10960.0,10960.0,10960.0,2
2024-05-08 22:10:00,10930.0,10930.0,10930.0,10930.0,5
2024-05-08 22:30:00,12430.0,12430.0,12430.0,12430.0,1
2024-05-08 22:40:00,10930.0,10930.0,10880.0,10880.0,43
2024-05-08 23:10:00,10950.0,10950.0,10950.0,10950.0,4
2024-05-08 23:20:00,10960.0,10990.0,10960.0,10990.0,20
2024-05-08 23:30:00,10990.0,11030.0,10990.0,11030.0,37
2024-05-08 23:40:00,11030.0,11030.0,10920.0,10920.0,7
2024-05-10 09:00:00,10910.0,10910.0,10910.0,10910.0,5
2024-05-10 09:10:00,10990.0,10990.0,10990.0,10990.0,2
2024-05-10 09:20:00,10990.0,10990.0,10990.0,10990.0,3
2024-05-10 09:30:00,13690.0,13690.0,13690.0,13690.0,1
2024-05-10 09:40:00,11000.0,11020.0,11000.0,11020.0,4
2024-05-10 09:50:00,11000.0,11000.0,11000.0,11000.0,4
2024-05-10 10:00:00,11000.0,11000.0,10970.0,10970.0,12
2024-05-10 10:10:00,10990.0,11000.0,10980.0,10980.0,12
2024-05-10 10:20:00,10970.0,11140.0,10910.0,11140.0,34
2024-05-10 10:30:00,11140.0,11250.0,11140.0,11180.0,13
2024-05-10 10:40:00,11250.0,11250.0,11250.0,11250.0,1
2024-05-10 10:50:00,12720.0,12720.0,12430.0,12480.0,6
2024-05-10 11:00:00,11180.0,11180.0,11180.0,11180.0,1
2024-05-10 11:10:00,11190.0,11190.0,11100.0,11100.0,2
2024-05-10 12:00:00,11190.0,11190.0,11180.0,11180.0,2
2024-05-10 12:10:00,11200.0,11200.0,11200.0,11200.0,1
2024-05-10 12:20:00,11200.0,11200.0,11200.0,11200.0,1
2024-05-10 12:30:00,12720.0,12720.0,12720.0,12720.0,2
2024-05-10 12:40:00,11260.0,11370.0,11240.0,11240.0,41
2024-05-10 13:40:00,11330.0,11350.0,11150.0,11150.0,21
2024-05-10 13:50:00,11180.0,11180.0,11180.0,11180.0,1
2024-05-10 14:00:00,11170.0,11170.0,11170.0,11170.0,2
2024-05-10 14:10:00,12720.0,12740.0,12720.0,12740.0,8
2024-05-10 14:20:00,11260.0,11260.0,11260.0,11260.0,1
2024-05-10 14:30:00,11220.0,11220.0,11200.0,11200.0,25
2024-05-10 14:40:00,11230.0,11240.0,11200.0,11240.0,81
2024-05-10 14:50:00,11220.0,11220.0,11200.0,11200.0,4
2024-05-10 15:10:00,12900.0,12900.0,12900.0,12900.0,2
2024-05-10 15:20:00,14150.0,14150.0,14150.0,14150.0,9
2024-05-10 15:50:00,11240.0,11250.0,11240.0,11250.0,7
2024-05-10 16:00:00,11250.0,11250.0,11250.0,11250.0,3
2024-05-10 16:10:00,11250.0,11250.0,11220.0,11250.0,3
2024-05-10 16:20:00,13850.0,13850.0,13850.0,13850.0,1
2024-05-10 16:50:00,11250.0,11250.0,11250.0,11250.0,5
2024-05-10 17:10:00,11230.0,11250.0,11230.0,11250.0,4
2024-05-10 17:20:00,11250.0,11250.0,11250.0,11250.0,1
2024-05-10 17:30:00,11250.0,11250.0,11250.0,11250.0,2
2024-05-10 17:40:00,11250.0,11250.0,11250.0,11250.0,1
2024-05-10 18:40:00,11250.0,11250.0,11210.0,11210.0,6
2024-05-10 20:00:00,11230.0,11230.0,11220.0,11220.0,3
2024-05-10 20:50:00,11220.0,11220.0,11220.0,11220.0,5
2024-05-10 21:00:00,11220.0,11370.0,11220.0,11370.0,32
2024-05-10 21:10:00,11250.0,11320.0,11250.0,11320.0,2
2024-05-10 21:20:00,11330.0,11510.0,11330.0,11510.0,40
2024-05-10 21:30:00,11290.0,11540.0,11290.0,11410.0,42
2024-05-10 21:40:00,11430.0,11540.0,11430.0,11450.0,39
2024-05-10 21:50:00,11530.0,11550.0,11510.0,11510.0,13
2024-05-10 22:00:00,11490.0,11490.0,11490.0,11490.0,1
2024-05-10 22:10:00,11500.0,11540.0,11480.0,11480.0,10
2024-05-10 22:20:00,13080.0,13080.0,13080.0,13080.0,1
2024-05-10 22:30:00,13100.0,13100.0,13100.0,13100.0,1
2024-05-10 22:40:00,11470.0,11480.0,11320.0,11400.0,31
2024-05-10 23:00:00,11400.0,11400.0,11370.0,11390.0,4
2024-05-10 23:10:00,11400.0,11400.0,11380.0,11400.0,6
2024-05-10 23:20:00,11400.0,11400.0,11400.0,11400.0,3
2024-05-10 23:30:00,11400.0,11400.0,11380.0,11380.0,2
2024-05-10 23:40:00,11470.0,11480.0,11340.0,11350.0,13
2024-05-13 09:00:00,11500.0,11610.0,11420.0,11450.0,60
2024-05-13 09:10:00,11550.0,11600.0,11550.0,11550.0,8
2024-05-13 09:20:00,11610.0,11650.0,11560.0,11600.0,31
2024-05-13 09:30:00,14410.0,14410.0,14410.0,14410.0,1
2024-05-13 09:40:00,11590.0,11630.0,11520.0,11520.0,19
2024-05-13 09:50:00,11600.0,11620.0,11550.0,11620.0,5
2024-05-13 10:00:00,13370.0,13390.0,13370.0,13390.0,2
2024-05-13 10:10:00,13390.0,13410.0,13390.0,13410.0,4
2024-05-13 10:40:00,11630.0,11640.0,11470.0,11470.0,136
2024-05-13 10:50:00,11550.0,11580.0,11550.0,11580.0,5
2024-05-13 11:00:00,11580.0,11610.0,11550.0,11550.0,16
2024-05-13 11:10:00,11580.0,11580.0,11580.0,11580.0,4
2024-05-13 11:20:00,11590.0,11590.0,11590.0,11590.0,6
2024-05-13 11:30:00,11600.0,11600.0,11600.0,11600.0,3
2024-05-13 11:40:00,11600.0,11610.0,11600.0,11610.0,3
2024-05-13 11:50:00,13660.0,13830.0,13420.0,13420.0,11
2024-05-13 12:00:00,11630.0,11630.0,11590.0,11590.0,49
2024-05-13 12:10:00,11560.0,11560.0,11490.0,11560.0,48
2024-05-13 12:20:00,13830.0,13860.0,13810.0,13810.0,4
2024-05-13 12:30:00,11610.0,11610.0,11540.0,11610.0,10
2024-05-13 12:50:00,11600.0,11600.0,11530.0,11580.0,6
2024-05-13 13:00:00,11570.0,11570.0,11570.0,11570.0,2
2024-05-13 13:10:00,11570.0,11570.0,11570.0,11570.0,1
2024-05-13 13:20:00,11570.0,11590.0,11570.0,11570.0,28
2024-05-13 13:30:00,11580.0,11600.0,11510.0,11510.0,74
2024-05-13 13:40:00,11520.0,11540.0,11520.0,11540.0,2
2024-05-13 13:50:00,14320.0,14320.0,14320.0,14320.0,1
2024-05-13 14:00:00,11570.0,11570.0,11570.0,11570.0,2
2024-05-13 14:10:00,11570.0,11570.0,11500.0,11510.0,21
2024-05-13 14:20:00,14320.0,14320.0,14320.0,14320.0,2
2024-05-13 14:40:00,11510.0,11560.0,11510.0,11560.0,11
2024-05-13 15:00:00,11560.0,11560.0,11560.0,11560.0,2
2024-05-13 15:10:00,11560.0,11560.0,11560.0,11560.0,29
2024-05-13 15:20:00,11520.0,11520.0,11500.0,11500.0,20
2024-05-13 15:30:00,11520.0,11560.0,11520.0,11560.0,10
2024-05-13 15:40:00,13460.0,13460.0,13460.0,13460.0,1
2024-05-13 15:50:00,11510.0,11510.0,11510.0,11510.0,1
2024-05-13 16:00:00,11560.0,11570.0,11560.0,11570.0,4
2024-05-13 16:10:00,11570.0,11570.0,11570.0,11570.0,4
2024-05-13 16:20:00,11570.0,11570.0,11570.0,11570.0,3
2024-05-13 16:30:00,11520.0,11520.0,11520.0,11520.0,4
2024-05-13 16:40:00,14480.0,14480.0,14480.0,14480.0,1
2024-05-13 16:50:00,11690.0,11930.0,11600.0,11790.0,82
2024-05-13 17:10:00,11840.0,11910.0,11840.0,11900.0,4
2024-05-13 17:20:00,14310.0,14310.0,14310.0,14310.0,1
2024-05-13 17:30:00,13630.0,13630.0,13630.0,13630.0,1
2024-05-13 17:40:00,11720.0,11720.0,11720.0,11720.0,1
2024-05-13 17:50:00,11710.0,11810.0,11700.0,11810.0,12
2024-05-13 18:00:00,11800.0,11840.0,11750.0,11750.0,5
2024-05-13 18:10:00,11720.0,11750.0,11720.0,11750.0,2
2024-05-13 18:20:00,11820.0,11820.0,11740.0,11740.0,2
2024-05-13 18:30:00,14310.0,14310.0,14310.0,14310.0,1
2024-05-13 18:40:00,13860.0,13860.0,13860.0,13860.0,5
2024-05-13 19:00:00,11900.0,11900.0,11900.0,11900.0,1
2024-05-13 19:10:00,14270.0,14840.0,14000.0,14120.0,28
2024-05-13 19:20:00,14610.0,14610.0,14610.0,14610.0,1
2024-05-13 19:30:00,11890.0,11900.0,11890.0,11900.0,8
2024-05-13 19:40:00,11900.0,11900.0,11860.0,11860.0,23
2024-05-13 19:50:00,11900.0,11900.0,11900.0,11900.0,5
2024-05-13 20:00:00,11930.0,11960.0,11930.0,11960.0,4
2024-05-13 20:10:00,11960.0,11970.0,11960.0,11970.0,11
2024-05-13 20:20:00,11970.0,11970.0,11970.0,11970.0,1
2024-05-13 20:30:00,11980.0,12020.0,11970.0,11970.0,16
2024-05-13 20:50:00,11970.0,12020.0,11940.0,12020.0,10
2024-05-13 21:00:00,14500.0,14500.0,14500.0,14500.0,1
2024-05-13 21:10:00,11950.0,12350.0,11950.0,12090.0,106
2024-05-13 21:20:00,12190.0,12200.0,12190.0,12200.0,2
2024-05-13 21:30:00,14650.0,14700.0,14650.0,14700.0,6
2024-05-13 21:40:00,12250.0,12300.0,12250.0,12270.0,22
2024-05-13 21:50:00,12270.0,12270.0,12260.0,12260.0,6
2024-05-13 22:00:00,14570.0,14570.0,14570.0,14570.0,2
2024-05-13 22:10:00,12350.0,12470.0,12350.0,12470.0,31
2024-05-13 22:20:00,12470.0,12580.0,12470.0,12530.0,197
2024-05-13 22:30:00,12550.0,12580.0,12550.0,12580.0,63
2024-05-13 22:40:00,12580.0,12580.0,12580.0,12580.0,56
2024-05-13 22:50:00,12580.0,12580.0,12580.0,12580.0,74
2024-05-13 23:00:00,14680.0,14790.0,14680.0,14790.0,3
2024-05-13 23:10:00,12580.0,12580.0,12580.0,12580.0,52
2024-05-13 23:20:00,12580.0,12580.0,12580.0,12580.0,13
2024-05-13 23:30:00,12580.0,12580.0,12580.0,12580.0,10
2024-05-13 23:40:00,12580.0,12580.0,12580.0,12580.0,3
2024-05-14 08:50:00,12580.0,12580.0,12580.0,12580.0,1
2024-05-14 09:00:00,14770.0,14770.0,14720.0,14720.0,11
2024-05-14 09:10:00,14330.0,14330.0,14310.0,14310.0,2
2024-05-14 09:20:00,11770.0,11850.0,11740.0,11820.0,109
2024-05-14 09:30:00,11820.0,11850.0,11740.0,11780.0,146
2024-05-14 09:40:00,11780.0,11790.0,11740.0,11740.0,55
2024-05-14 09:50:00,11740.0,11740.0,11700.0,11700.0,45
2024-05-14 10:00:00,11760.0,11770.0,11700.0,11750.0,39
2024-05-14 10:10:00,14310.0,14310.0,14310.0,14310.0,2
2024-05-14 10:20:00,14310.0,14360.0,14310.0,14360.0,3
2024-05-14 10:30:00,14340.0,14350.0,14340.0,14340.0,3
2024-05-14 10:40:00,14340.0,14340.0,14340.0,14340.0,1
2024-05-14 10:50:00,14060.0,14060.0,14060.0,14060.0,1
2024-05-14 11:00:00,11730.0,11750.0,11730.0,11740.0,57
2024-05-14 11:10:00,14340.0,14350.0,14340.0,14350.0,5
2024-05-14 11:20:00,11730.0,11730.0,11730.0,11730.0,3
2024-05-14 11:30:00,14350.0,14350.0,14350.0,14350.0,5
2024-05-14 11:40:00,11750.0,11750.0,11750.0,11750.0,15
2024-05-14 11:50:00,14350.0,14350.0,14350.0,14350.0,3
2024-05-14 12:00:00,11750.0,11750.0,11700.0,11700.0,55
2024-05-14 12:10:00,11710.0,11710.0,11710.0,11710.0,12
2024-05-14 12:20:00,14320.0,14320.0,14320.0,14320.0,15
2024-05-14 12:30:00,14340.0,14350.0,14340.0,14350.0,2
2024-05-14 12:40:00,14120.0,14120.0,14120.0,14120.0,1
2024-05-14 12:50:00,11830.0,11840.0,11740.0,11840.0,64
2024-05-14 13:00:00,11740.0,11840.0,11740.0,11740.0,15
2024-05-14 13:10:00,11750.0,11830.0,11720.0,11730.0,114
2024-05-14 13:20:00,11730.0,11800.0,11720.0,11800.0,11
2024-05-14 13:30:00,11730.0,11730.0,11720.0,11720.0,50
2024-05-14 13:40:00,11720.0,11720.0,11720.0,11720.0,2
2024-05-14 14:00:00,11770.0,11780.0,11770.0,11780.0,2
2024-05-14 14:10:00,11770.0,11770.0,11770.0,11770.0,1
2024-05-14 14:20:00,11740.0,11740.0,11740.0,11740.0,1
2024-05-14 14:50:00,11740.0,11740.0,11740.0,11740.0,1
2024-05-14 15:00:00,11780.0,11780.0,11780.0,11780.0,1
2024-05-14 15:10:00,11780.0,11780.0,11780.0,11780.0,1
2024-05-14 15:20:00,11790.0,11860.0,11780.0,11860.0,205
2024-05-14 15:30:00,11860.0,11860.0,11850.0,11860.0,28
2024-05-14 15:50:00,11850.0,11850.0,11750.0,11850.0,19
2024-05-14 16:10:00,13750.0,13790.0,13750.0,13790.0,2
2024-05-14 16:20:00,14310.0,14450.0,14310.0,14450.0,10
2024-05-14 16:40:00,11800.0,11850.0,11780.0,11850.0,22
2024-05-14 17:00:00,14460.0,14460.0,14460.0,14460.0,1
2024-05-14 17:10:00,14410.0,14410.0,14410.0,14410.0,1
2024-05-14 17:20:00,11860.0,11860.0,11780.0,11780.0,36
2024-05-14 17:30:00,11850.0,11850.0,11740.0,11740.0,51
2024-05-14 17:40:00,14500.0,14590.0,14500.0,14590.0,4
2024-05-14 17:50:00,11800.0,11830.0,11800.0,11830.0,2
2024-05-14 18:00:00,11800.0,11800.0,11800.0,11800.0,5
2024-05-14 18:10:00,11810.0,11810.0,11760.0,11760.0,4
2024-05-14 18:20:00,14320.0,14320.0,14320.0,14320.0,1
2024-05-14 18:30:00,11800.0,11820.0,11740.0,11740.0,4
2024-05-14 18:40:00,11750.0,11800.0,11750.0,11800.0,5
2024-05-14 19:10:00,11750.0,11750.0,11750.0,11750.0,1
2024-05-14 19:20:00,11750.0,11750.0,11750.0,11750.0,1
2024-05-14 19:30:00,11760.0,11760.0,11750.0,11750.0,3
2024-05-14 19:40:00,11750.0,11800.0,11750.0,11800.0,9
2024-05-14 19:50:00,11800.0,11800.0,11780.0,11790.0,17
2024-05-14 20:00:00,11830.0,11840.0,11830.0,11840.0,5
2024-05-14 20:10:00,11850.0,11850.0,11800.0,11800.0,12
2024-05-14 20:20:00,11830.0,11860.0,11830.0,11850.0,38
2024-05-14 20:30:00,11860.0,11860.0,11860.0,11860.0,1
2024-05-14 20:40:00,11850.0,11860.0,11820.0,11820.0,7
2024-05-14 20:50:00,11810.0,11810.0,11810.0,11810.0,10
2024-05-14 21:00:00,11800.0,11800.0,11800.0,11800.0,10
2024-05-14 21:10:00,11820.0,11840.0,11820.0,11840.0,13
2024-05-14 21:50:00,11840.0,11840.0,11840.0,11840.0,1
2024-05-14 22:00:00,11830.0,11860.0,11800.0,11800.0,100
2024-05-14 22:20:00,14690.0,14750.0,14690.0,14750.0,5
2024-05-14 22:30:00,11750.0,11840.0,11750.0,11840.0,42
2024-05-14 22:40:00,11830.0,11840.0,11830.0,11840.0,10
2024-05-14 22:50:00,11830.0,11830.0,11830.0,11830.0,27
2024-05-14 23:00:00,14530.0,14530.0,14530.0,14530.0,1
2024-05-14 23:10:00,11820.0,11840.0,11820.0,11840.0,16
2024-05-14 23:20:00,11830.0,11830.0,11790.0,11830.0,11
2024-05-14 23:40:00,11830.0,11850.0,11830.0,11850.0,43
2024-05-15 09:00:00,11800.0,11800.0,11750.0,11780.0,155
2024-05-15 09:10:00,14340.0,14350.0,14250.0,14250.0,14
2024-05-15 09:20:00,14230.0,14230.0,14050.0,14050.0,6
2024-05-15 09:30:00,14110.0,14110.0,14110.0,14110.0,2
2024-05-15 09:40:00,14290.0,14300.0,14290.0,14300.0,4
2024-05-15 10:00:00,11780.0,11780.0,11650.0,11650.0,97
2024-05-15 10:10:00,11670.0,11690.0,11630.0,11650.0,60
2024-05-15 10:20:00,11650.0,11690.0,11650.0,11690.0,5
2024-05-15 10:30:00,11690.0,11690.0,11690.0,11690.0,1
2024-05-15 10:40:00,11690.0,11690.0,11670.0,11670.0,11
2024-05-15 10:50:00,11690.0,11690.0,11650.0,11650.0,32
2024-05-15 11:00:00,13960.0,13960.0,13920.0,13920.0,13
2024-05-15 11:10:00,13920.0,13920.0,13800.0,13800.0,5
2024-05-15 11:20:00,13780.0,13780.0,13760.0,13760.0,3
2024-05-15 11:30:00,14050.0,14050.0,14050.0,14050.0,2
2024-05-15 11:40:00,11670.0,11750.0,11670.0,11750.0,34
2024-05-15 11:50:00,11750.0,11760.0,11750.0,11760.0,6
2024-05-15 12:00:00,11780.0,11840.0,11730.0,11810.0,115
2024-05-15 12:10:00,11820.0,11840.0,11820.0,11830.0,46
2024-05-15 12:20:00,11830.0,11840.0,11830.0,11840.0,11
2024-05-15 12:30:00,11840.0,11840.0,11840.0,11840.0,4
2024-05-15 12:40:00,11840.0,11850.0,11840.0,11850.0,19
2024-05-15 12:50:00,11840.0,12120.0,11840.0,11840.0,337
2024-05-15 13:00:00,12040.0,12130.0,11970.0,11970.0,30
2024-05-15 13:10:00,11970.0,11970.0,11970.0,11970.0,3
2024-05-15 13:20:00,14040.0,14040.0,14040.0,14040.0,1
2024-05-15 13:30:00,12010.0,12010.0,11960.0,11960.0,43
2024-05-15 13:40:00,12010.0,12060.0,11970.0,12000.0,18
2024-05-15 13:50:00,12000.0,12000.0,11990.0,12000.0,5
2024-05-15 14:00:00,11900.0,11900.0,11830.0,11830.0,10
2024-05-15 14:30:00,11910.0,11910.0,11910.0,11910.0,5
2024-05-15 14:40:00,11910.0,12020.0,11910.0,12010.0,38
2024-05-15 14:50:00,12030.0,12050.0,11860.0,12050.0,33
2024-05-15 15:00:00,12050.0,12210.0,12050.0,12090.0,78
2024-05-15 15:10:00,12080.0,12140.0,12050.0,12060.0,50
2024-05-15 15:20:00,12060.0,12060.0,12060.0,12060.0,2
2024-05-15 15:30:00,12080.0,12080.0,12070.0,12070.0,103
2024-05-15 15:40:00,12060.0,12060.0,12060.0,12060.0,1
2024-05-15 16:10:00,12020.0,12020.0,12020.0,12020.0,3
2024-05-15 16:20:00,12060.0,12170.0,11990.0,12050.0,41
2024-05-15 16:30:00,12060.0,12090.0,12060.0,12090.0,3
2024-05-15 16:40:00,12060.0,12060.0,12060.0,12060.0,1
2024-05-15 17:10:00,12050.0,12050.0,12050.0,12050.0,1
2024-05-15 17:20:00,14110.0,14160.0,14110.0,14160.0,6
2024-05-15 17:40:00,14090.0,14090.0,14090.0,14090.0,2
2024-05-15 17:50:00,12050.0,12070.0,12050.0,12070.0,13
2024-05-15 18:00:00,12050.0,12050.0,12050.0,12050.0,2
2024-05-15 18:20:00,12050.0,12050.0,11970.0,11980.0,7
2024-05-15 18:30:00,14240.0,14240.0,14240.0,14240.0,2
2024-05-15 18:40:00,11990.0,12030.0,11980.0,11980.0,7
2024-05-15 19:00:00,12060.0,12060.0,12060.0,12060.0,2
2024-05-15 19:20:00,12000.0,12040.0,11980.0,11990.0,7
2024-05-15 19:30:00,14390.0,14390.0,14380.0,14380.0,2
2024-05-15 19:40:00,11990.0,11990.0,11980.0,11980.0,5
2024-05-15 20:00:00,11970.0,12020.0,11950.0,11950.0,17
2024-05-15 20:20:00,11960.0,12000.0,11940.0,11950.0,8
2024-05-15 20:40:00,11940.0,11940.0,11940.0,11940.0,4
2024-05-15 21:00:00,11940.0,11940.0,11940.0,11940.0,1
2024-05-15 21:10:00,11980.0,12040.0,11960.0,11960.0,4
2024-05-15 21:30:00,14440.0,14440.0,14440.0,14440.0,1
2024-05-15 21:40:00,12070.0,12080.0,12060.0,12060.0,13
2024-05-15 22:10:00,14460.0,14460.0,14460.0,14460.0,1
2024-05-15 22:20:00,12040.0,12050.0,12040.0,12050.0,3
2024-05-15 22:30:00,14780.0,14780.0,14780.0,14780.0,1
2024-05-15 22:40:00,14100.0,14100.0,14100.0,14100.0,1
2024-05-15 22:50:00,14460.0,14460.0,14460.0,14460.0,1
2024-05-15 23:00:00,12000.0,12000.0,12000.0,12000.0,3
2024-05-15 23:10:00,11980.0,11980.0,11980.0,11980.0,4
2024-05-15 23:30:00,11990.0,11990.0,11990.0,11990.0,1
2024-05-15 23:40:00,12000.0,12000.0,12000.0,12000.0,2
2024-05-16 09:00:00,12000.0,12000.0,11990.0,11990.0,18
2024-05-16 09:10:00,9820.0,9940.0,9820.0,9940.0,11
2024-05-16 09:20:00,9900.0,9930.0,9900.0,9930.0,10
2024-05-16 09:30:00,9920.0,9920.0,9880.0,9880.0,2
2024-05-16 09:40:00,9910.0,9910.0,9860.0,9860.0,14
2024-05-16 09:50:00,9950.0,10250.0,9950.0,9990.0,117
2024-05-16 10:00:00,12000.0,12000.0,12000.0,12000.0,1
2024-05-16 10:10:00,11900.0,11900.0,11900.0,11900.0,2
2024-05-16 10:20:00,11900.0,11900.0,11900.0,11900.0,4
2024-05-16 10:30:00,11310.0,11310.0,11310.0,11310.0,1
2024-05-16 10:40:00,9360.0,9360.0,9360.0,9360.0,25
2024-05-16 10:50:00,9360.0,9360.0,9340.0,9340.0,3
2024-05-16 11:00:00,9410.0,9410.0,9400.0,9410.0,5
2024-05-16 11:10:00,9400.0,9400.0,9380.0,9380.0,12
2024-05-16 11:20:00,9370.0,9390.0,9350.0,9390.0,11
2024-05-16 11:30:00,9400.0,9400.0,9400.0,9400.0,1
2024-05-16 11:40:00,9350.0,9350.0,9350.0,9350.0,1
2024-05-16 11:50:00,9350.0,9350.0,9350.0,9350.0,1
2024-05-16 12:00:00,9390.0,9410.0,9350.0,9410.0,133
2024-05-16 12:10:00,9410.0,9410.0,9360.0,9370.0,84
2024-05-16 12:20:00,9360.0,9360.0,9360.0,9360.0,1
2024-05-16 12:30:00,9380.0,9390.0,9340.0,9340.0,47
2024-05-16 12:40:00,9340.0,9350.0,9250.0,9340.0,43
2024-05-16 12:50:00,9250.0,9260.0,9170.0,9260.0,130
2024-05-16 13:00:00,9250.0,9260.0,9170.0,9250.0,28
2024-05-16 13:10:00,11230.0,11230.0,11040.0,11040.0,31
2024-05-16 13:20:00,9270.0,9280.0,9270.0,9280.0,3
2024-05-16 13:30:00,9250.0,9250.0,9250.0,9250.0,1
2024-05-16 13:40:00,9280.0,9280.0,9280.0,9280.0,1
2024-05-16 14:00:00,9280.0,9280.0,9280.0,9280.0,1
2024-05-16 14:10:00,11030.0,11030.0,11030.0,11030.0,7
2024-05-16 14:20:00,11080.0,11080.0,11080.0,11080.0,2
2024-05-16 14:30:00,9260.0,9260.0,9230.0,9230.0,6
2024-05-16 14:40:00,9230.0,9270.0,9220.0,9270.0,6
2024-05-16 15:00:00,9260.0,9390.0,9240.0,9240.0,33
2024-05-16 15:20:00,9240.0,9260.0,9220.0,9260.0,7
2024-05-16 15:30:00,9260.0,9360.0,9260.0,9350.0,77
2024-05-16 15:40:00,11080.0,11080.0,11080.0,11080.0,1
2024-05-16 15:50:00,9290.0,9420.0,9240.0,9420.0,31
2024-05-16 16:00:00,9420.0,9420.0,9250.0,9410.0,13
2024-05-16 16:20:00,9410.0,9440.0,9410.0,9420.0,11
2024-05-16 16:30:00,9440.0,9440.0,9440.0,9440.0,10
2024-05-16 16:50:00,11080.0,11080.0,11080.0,11080.0,3
2024-05-16 17:00:00,9360.0,9410.0,9360.0,9410.0,33
2024-05-16 17:10:00,9420.0,9420.0,9350.0,9350.0,11
2024-05-16 17:30:00,9350.0,9380.0,9350.0,9380.0,9
2024-05-16 17:40:00,9350.0,9350.0,9320.0,9320.0,5
2024-05-16 17:50:00,9330.0,9330.0,9330.0,9330.0,1
2024-05-16 18:00:00,9320.0,9320.0,9320.0,9320.0,2
2024-05-16 18:10:00,9370.0,9420.0,9370.0,9420.0,18
2024-05-16 18:20:00,9410.0,9410.0,9410.0,9410.0,1
2024-05-16 18:30:00,9340.0,9440.0,9290.0,9440.0,18
2024-05-16 18:40:00,9320.0,9430.0,9320.0,9430.0,4
2024-05-16 19:00:00,11130.0,11130.0,11130.0,11130.0,1
2024-05-16 19:10:00,9350.0,9370.0,9340.0,9370.0,3
2024-05-16 19:20:00,11120.0,11120.0,11120.0,11120.0,1
2024-05-16 19:30:00,9430.0,9430.0,9430.0,9430.0,1
2024-05-16 19:40:00,9430.0,9430.0,9380.0,9380.0,5
2024-05-16 20:00:00,9400.0,9420.0,9380.0,9420.0,17
2024-05-16 20:10:00,9380.0,9380.0,9380.0,9380.0,1
2024-05-16 20:20:00,9410.0,9410.0,9410.0,9410.0,1
2024-05-16 20:30:00,9380.0,9380.0,9380.0,9380.0,2
2024-05-16 21:00:00,9370.0,9370.0,9370.0,9370.0,1
2024-05-16 21:10:00,9410.0,9430.0,9390.0,9390.0,3
2024-05-16 21:20:00,9330.0,9340.0,9320.0,9320.0,8
2024-05-16 21:30:00,9400.0,9410.0,9400.0,9410.0,4
2024-05-16 22:00:00,9390.0,9460.0,9390.0,9460.0,5
2024-05-16 22:10:00,9370.0,9370.0,9340.0,9340.0,6
2024-05-16 22:20:00,9390.0,9390.0,9380.0,9380.0,3
2024-05-16 22:30:00,9430.0,9430.0,9430.0,9430.0,2
2024-05-16 22:50:00,9370.0,9370.0,9340.0,9350.0,8
2024-05-16 23:00:00,9350.0,9350.0,9350.0,9350.0,1
2024-05-16 23:20:00,9390.0,9450.0,9390.0,9450.0,10
2024-05-16 23:30:00,9450.0,9450.0,9450.0,9450.0,1
2024-05-16 23:40:00,9390.0,9390.0,9270.0,9270.0,37
2024-05-17 09:00:00,9270.0,9270.0,9270.0,9270.0,14
2024-05-17 09:10:00,9270.0,9320.0,9270.0,9320.0,2
2024-05-17 09:20:00,9330.0,9330.0,9330.0,9330.0,1
2024-05-17 09:30:00,10930.0,10930.0,10930.0,10930.0,2
2024-05-17 10:00:00,9290.0,9290.0,9290.0,9290.0,1
2024-05-17 10:20:00,9270.0,9270.0,9260.0,9270.0,3
2024-05-17 10:30:00,9270.0,9270.0,9270.0,9270.0,5
2024-05-17 10:40:00,9270.0,9270.0,9270.0,9270.0,7
2024-05-17 11:40:00,10270.0,10270.0,10270.0,10270.0,3
2024-05-17 11:50:00,9290.0,9290.0,9250.0,9250.0,949
2024-05-17 12:00:00,9270.0,9270.0,9250.0,9250.0,3
2024-05-17 12:30:00,9260.0,9260.0,9210.0,9260.0,201
2024-05-17 13:00:00,9170.0,9170.0,9170.0,9170.0,1
2024-05-17 13:10:00,9200.0,9280.0,9200.0,9280.0,4
2024-05-17 13:40:00,10060.0,10120.0,10030.0,10030.0,17
2024-05-17 13:50:00,10950.0,10950.0,10950.0,10950.0,128
2024-05-17 14:00:00,10950.0,10950.0,10950.0,10950.0,10
2024-05-17 14:10:00,9140.0,9140.0,9060.0,9060.0,26
2024-05-17 14:20:00,9090.0,9090.0,9050.0,9050.0,12
2024-05-17 14:30:00,9070.0,9070.0,9070.0,9070.0,9
2024-05-17 14:40:00,9830.0,9830.0,9740.0,9740.0,8
2024-05-17 14:50:00,9080.0,9180.0,9080.0,9180.0,4
2024-05-17 15:00:00,10020.0,10020.0,10020.0,10020.0,1
2024-05-17 15:40:00,9140.0,9170.0,9140.0,9170.0,2
2024-05-17 16:00:00,9170.0,9170.0,9170.0,9170.0,5
2024-05-17 16:10:00,9170.0,9170.0,9170.0,9170.0,10
2024-05-17 16:20:00,9150.0,9150.0,9150.0,9150.0,1
2024-05-17 16:40:00,9170.0,9180.0,9160.0,9180.0,13
2024-05-17 17:10:00,11010.0,11020.0,11010.0,11020.0,9
2024-05-17 17:20:00,9140.0,9210.0,9140.0,9210.0,13
2024-05-17 17:30:00,9230.0,9230.0,9220.0,9220.0,2
2024-05-17 17:40:00,11020.0,11020.0,11020.0,11020.0,6
2024-05-17 17:50:00,9210.0,9210.0,9130.0,9130.0,13
2024-05-17 18:10:00,9110.0,9120.0,9110.0,9120.0,2
2024-05-17 18:40:00,9130.0,9130.0,9130.0,9130.0,5
2024-05-17 19:10:00,9120.0,9150.0,9100.0,9140.0,10
2024-05-17 19:30:00,9190.0,9310.0,9190.0,9270.0,11
2024-05-17 19:40:00,9250.0,9250.0,9250.0,9250.0,11
2024-05-17 19:50:00,9190.0,9190.0,9190.0,9190.0,2
2024-05-17 20:00:00,9120.0,9120.0,9120.0,9120.0,1
2024-05-17 20:30:00,10020.0,10020.0,10020.0,10020.0,1
2024-05-17 20:40:00,9930.0,9930.0,9770.0,9770.0,3
2024-05-17 20:50:00,11130.0,11130.0,11130.0,11130.0,1
2024-05-17 21:00:00,9140.0,9140.0,9130.0,9140.0,14
2024-05-17 21:10:00,9140.0,9270.0,9140.0,9270.0,2
2024-05-17 21:20:00,9140.0,9280.0,9140.0,9280.0,2
2024-05-17 21:40:00,9140.0,9330.0,9140.0,9300.0,64
2024-05-17 21:50:00,9310.0,9330.0,9300.0,9320.0,75
2024-05-17 22:00:00,9120.0,9170.0,9120.0,9170.0,3
2024-05-17 22:40:00,9090.0,9090.0,9090.0,9090.0,2
2024-05-17 23:10:00,9120.0,9260.0,9120.0,9260.0,6
2024-05-17 23:20:00,9270.0,9270.0,9270.0,9270.0,2
2024-05-17 23:30:00,9240.0,9240.0,9240.0,9240.0,1
2024-05-20 09:00:00,9320.0,9320.0,9230.0,9310.0,35
2024-05-20 09:10:00,9240.0,9240.0,9230.0,9230.0,2
2024-05-20 09:20:00,9220.0,9240.0,9220.0,9220.0,14
2024-05-20 09:30:00,10070.0,10070.0,10070.0,10070.0,1
2024-05-20 09:50:00,10030.0,10030.0,9930.0,9930.0,2
2024-05-20 10:00:00,9210.0,9210.0,9130.0,9130.0,8
2024-05-20 10:10:00,9130.0,9220.0,9130.0,9220.0,4
2024-05-20 10:20:00,9220.0,9220.0,9220.0,9220.0,3
2024-05-20 10:30:00,9920.0,9920.0,9920.0,9920.0,1
2024-05-20 10:40:00,9920.0,9920.0,9920.0,9920.0,1
2024-05-20 11:20:00,9180.0,9200.0,9180.0,9200.0,3
2024-05-20 11:30:00,9210.0,9210.0,9210.0,9210.0,1
2024-05-20 12:00:00,9200.0,9200.0,9200.0,9200.0,1
2024-05-20 12:20:00,9160.0,9230.0,9160.0,9230.0,5
2024-05-20 12:30:00,9220.0,9220.0,9220.0,9220.0,3
2024-05-20 12:50:00,10770.0,10770.0,10750.0,10750.0,5
2024-05-20 13:00:00,9210.0,9330.0,9210.0,9330.0,100
2024-05-20 13:10:00,9310.0,9310.0,9310.0,9310.0,2
2024-05-20 13:20:00,9270.0,9270.0,9270.0,9270.0,1
2024-05-20 13:30:00,9270.0,9270.0,9270.0,9270.0,2
2024-05-20 13:40:00,9310.0,9320.0,9310.0,9320.0,3
2024-05-20 13:50:00,10760.0,10760.0,10700.0,10700.0,14
2024-05-20 14:00:00,9310.0,9310.0,9310.0,9310.0,1
2024-05-20 14:10:00,9320.0,9330.0,9320.0,9330.0,2
2024-05-20 14:20:00,9330.0,9920.0,9330.0,9920.0,805
2024-05-20 14:30:00,9640.0,10210.0,9620.0,9890.0,58
2024-05-20 14:40:00,9890.0,9890.0,9890.0,9890.0,2
2024-05-20 14:50:00,9890.0,9890.0,9850.0,9850.0,7
2024-05-20 15:00:00,9850.0,9930.0,9730.0,9730.0,24
2024-05-20 15:10:00,10220.0,10330.0,10220.0,10330.0,5
2024-05-20 15:20:00,10060.0,10060.0,10060.0,10060.0,1
2024-05-20 15:30:00,10290.0,10290.0,10290.0,10290.0,2
2024-05-20 15:50:00,9770.0,9770.0,9770.0,9770.0,1
2024-05-20 16:00:00,10740.0,10740.0,10740.0,10740.0,7
2024-05-20 16:10:00,9790.0,9920.0,9770.0,9920.0,20
2024-05-20 16:20:00,9930.0,9940.0,9890.0,9930.0,9
2024-05-20 16:30:00,10290.0,10290.0,10290.0,10290.0,2
2024-05-20 16:40:00,9950.0,9970.0,9880.0,9880.0,9
2024-05-20 17:00:00,9880.0,9880.0,9880.0,9880.0,1
2024-05-20 17:10:00,9960.0,9960.0,9960.0,9960.0,1
2024-05-20 17:20:00,9890.0,9890.0,9880.0,9880.0,5
2024-05-20 17:30:00,10220.0,10220.0,10220.0,10220.0,1
2024-05-20 17:40:00,10280.0,10280.0,10280.0,10280.0,3
2024-05-20 17:50:00,10070.0,10080.0,10010.0,10010.0,3
2024-05-20 18:00:00,10010.0,10080.0,10010.0,10080.0,4
2024-05-20 18:10:00,10280.0,10290.0,10280.0,10290.0,2
2024-05-20 18:20:00,10080.0,10090.0,10080.0,10090.0,33
2024-05-20 18:30:00,10100.0,10110.0,10100.0,10110.0,3
2024-05-20 18:40:00,10120.0,10120.0,10120.0,10120.0,1
2024-05-20 19:10:00,10130.0,10210.0,10120.0,10210.0,24
2024-05-20 19:20:00,10190.0,10410.0,10190.0,10230.0,19
2024-05-20 19:30:00,10330.0,10340.0,10330.0,10340.0,2
2024-05-20 19:40:00,10340.0,10340.0,10330.0,10330.0,8
2024-05-20 19:50:00,10320.0,10330.0,10320.0,10330.0,2
2024-05-20 20:00:00,10230.0,10230.0,10200.0,10200.0,13
2024-05-20 20:10:00,10240.0,10240.0,10240.0,10240.0,1
2024-05-20 20:20:00,10100.0,10380.0,10100.0,10380.0,3
2024-05-20 20:30:00,10300.0,10300.0,10300.0,10300.0,1
2024-05-20 20:40:00,10420.0,10430.0,10420.0,10430.0,2
2024-05-20 20:50:00,10240.0,10240.0,10240.0,10240.0,1
2024-05-20 21:00:00,10320.0,10380.0,10320.0,10380.0,8
2024-05-20 21:10:00,10370.0,10400.0,10370.0,10400.0,12
2024-05-20 21:20:00,10380.0,10380.0,10370.0,10380.0,11
2024-05-20 21:30:00,10620.0,10620.0,10620.0,10620.0,1
2024-05-20 21:40:00,10380.0,10380.0,10380.0,10380.0,1
2024-05-20 21:50:00,10390.0,10390.0,10390.0,10390.0,1
2024-05-20 22:00:00,10390.0,10390.0,10390.0,10390.0,4
2024-05-20 22:20:00,10400.0,10400.0,10400.0,10400.0,2
2024-05-20 22:30:00,10630.0,10630.0,10630.0,10630.0,2
2024-05-20 22:50:00,10420.0,10420.0,10420.0,10420.0,6
2024-05-20 23:10:00,10440.0,10870.0,10440.0,10870.0,19
2024-05-20 23:20:00,10530.0,10530.0,10520.0,10520.0,5
2024-05-20 23:30:00,10480.0,10480.0,10480.0,10480.0,2
2024-05-20 23:40:00,10410.0,10410.0,10410.0,10410.0,1
2024-05-21 08:50:00,10420.0,10420.0,10420.0,10420.0,2
2024-05-21 09:00:00,12310.0,12310.0,12310.0,12310.0,1
2024-05-21 09:10:00,10700.0,10760.0,10090.0,10620.0,258
2024-05-21 09:20:00,10420.0,10420.0,10180.0,10410.0,46
2024-05-21 09:30:00,10420.0,10430.0,10340.0,10430.0,52
2024-05-21 09:40:00,10420.0,10420.0,10420.0,10420.0,1
2024-05-21 10:00:00,10430.0,10430.0,10380.0,10380.0,7
2024-05-21 10:10:00,10330.0,10330.0,10290.0,10290.0,3
2024-05-21 10:20:00,10340.0,10340.0,10320.0,10320.0,2
2024-05-21 10:30:00,10280.0,10280.0,10280.0,10280.0,3
2024-05-21 10:40:00,10380.0,10380.0,10380.0,10380.0,1
2024-05-21 11:20:00,10340.0,10340.0,10340.0,10340.0,3
2024-05-21 11:30:00,10480.0,10480.0,10430.0,10430.0,8
2024-05-21 11:40:00,10520.0,10520.0,10520.0,10520.0,3
2024-05-21 12:00:00,10280.0,10320.0,10100.0,10130.0,307
2024-05-21 12:10:00,10190.0,10190.0,10130.0,10130.0,3
2024-05-21 12:20:00,10100.0,10100.0,10100.0,10100.0,2
2024-05-21 12:30:00,10330.0,10440.0,10330.0,10440.0,2
2024-05-21 12:40:00,9890.0,9890.0,9720.0,9760.0,302
2024-05-21 12:50:00,10290.0,10290.0,10290.0,10290.0,1
2024-05-21 13:00:00,10500.0,10500.0,10470.0,10470.0,2
2024-05-21 13:10:00,9480.0,9480.0,9480.0,9480.0,2
2024-05-21 13:20:00,11150.0,11150.0,11140.0,11140.0,200
2024-05-21 13:30:00,9510.0,9530.0,9510.0,9530.0,31
2024-05-21 13:40:00,9530.0,9530.0,9510.0,9510.0,48
2024-05-21 13:50:00,9400.0,9400.0,9390.0,9390.0,3
2024-05-21 14:00:00,9510.0,9530.0,9510.0,9520.0,9
2024-05-21 14:10:00,10460.0,10460.0,10460.0,10460.0,1
2024-05-21 14:20:00,9520.0,9520.0,9500.0,9500.0,4
2024-05-21 14:30:00,9510.0,9510.0,9460.0,9460.0,5
2024-05-21 14:40:00,9500.0,9500.0,9500.0,9500.0,1
2024-05-21 14:50:00,10280.0,10280.0,10280.0,10280.0,2
2024-05-21 15:00:00,9520.0,9520.0,9520.0,9520.0,2
2024-05-21 15:10:00,9490.0,9530.0,9280.0,9280.0,29
2024-05-21 15:20:00,9280.0,9330.0,9210.0,9210.0,93
2024-05-21 15:30:00,9340.0,9340.0,9340.0,9340.0,4
2024-05-21 15:40:00,9390.0,9490.0,9280.0,9420.0,4
2024-05-21 15:50:00,10230.0,10230.0,10230.0,10230.0,1
2024-05-21 16:00:00,10280.0,10280.0,10280.0,10280.0,1
2024-05-21 16:10:00,9400.0,9400.0,9400.0,9400.0,1
2024-05-21 16:20:00,10670.0,10670.0,10670.0,10670.0,2
2024-05-21 16:30:00,10280.0,10280.0,10280.0,10280.0,1
2024-05-21 16:40:00,9420.0,9420.0,9420.0,9420.0,11
2024-05-21 16:50:00,9300.0,9490.0,9300.0,9490.0,13
2024-05-21 17:00:00,9410.0,9480.0,9410.0,9480.0,4
2024-05-21 17:10:00,9490.0,9500.0,9490.0,9500.0,3
2024-05-21 17:20:00,9500.0,9500.0,9500.0,9500.0,1
2024-05-21 17:30:00,10690.0,10690.0,10650.0,10650.0,7
2024-05-21 18:00:00,9450.0,9500.0,9380.0,9380.0,14
2024-05-21 18:10:00,9380.0,9510.0,9380.0,9510.0,3
2024-05-21 18:20:00,10280.0,10280.0,10280.0,10280.0,1
2024-05-21 18:30:00,10280.0,10280.0,10280.0,10280.0,1
2024-05-21 18:40:00,10650.0,10650.0,10650.0,10650.0,1
2024-05-21 19:10:00,9690.0,9690.0,9690.0,9690.0,3
2024-05-21 19:20:00,9700.0,9870.0,9700.0,9810.0,6
2024-05-21 19:30:00,9800.0,9980.0,9800.0,9980.0,6
2024-05-21 19:40:00,10330.0,10330.0,10330.0,10330.0,1
2024-05-21 19:50:00,9820.0,9890.0,9690.0,9890.0,86
2024-05-21 20:00:00,9890.0,9890.0,9870.0,9870.0,17
2024-05-21 20:10:00,9740.0,9760.0,9740.0,9760.0,15
2024-05-21 20:20:00,10420.0,10420.0,10420.0,10420.0,1
2024-05-21 20:30:00,9810.0,9810.0,9770.0,9770.0,2
2024-05-21 20:50:00,9870.0,9870.0,9870.0,9870.0,10
2024-05-21 21:00:00,9870.0,9870.0,9740.0,9740.0,4
2024-05-21 21:10:00,10420.0,10420.0,10420.0,10420.0,1
2024-05-21 21:30:00,10420.0,10420.0,10420.0,10420.0,1
2024-05-21 21:40:00,9820.0,9850.0,9820.0,9850.0,6
2024-05-21 22:00:00,9840.0,9840.0,9840.0,9840.0,1
2024-05-21 22:10:00,9710.0,9710.0,9710.0,9710.0,10
2024-05-21 22:20:00,9710.0,9710.0,9710.0,9710.0,5
2024-05-21 22:30:00,9870.0,9900.0,9870.0,9900.0,7
2024-05-21 22:40:00,9740.0,9930.0,9740.0,9930.0,2
2024-05-21 22:50:00,9960.0,9960.0,9960.0,9960.0,2
2024-05-21 23:00:00,9940.0,9940.0,9940.0,9940.0,1
2024-05-21 23:10:00,9820.0,9820.0,9820.0,9820.0,2
2024-05-21 23:30:00,10830.0,10830.0,10830.0,10830.0,1
2024-05-22 09:00:00,9800.0,9800.0,9040.0,9440.0,172
2024-05-22 09:10:00,9440.0,9450.0,9440.0,9450.0,2
2024-05-22 09:20:00,10060.0,10060.0,10060.0,10060.0,1
2024-05-22 09:30:00,9450.0,9490.0,9450.0,9490.0,11
2024-05-22 09:40:00,10230.0,10270.0,10230.0,10270.0,3
2024-05-22 09:50:00,9420.0,9630.0,9420.0,9630.0,20
2024-05-22 10:00:00,9610.0,9630.0,9440.0,9510.0,9
2024-05-22 10:10:00,9520.0,9520.0,9260.0,9290.0,14
2024-05-22 10:40:00,9480.0,9490.0,9320.0,9490.0,17
2024-05-22 10:50:00,9510.0,9510.0,9450.0,9510.0,16
2024-05-22 11:00:00,9510.0,9510.0,9510.0,9510.0,2
2024-05-22 11:10:00,9510.0,9510.0,9510.0,9510.0,3
2024-05-22 11:40:00,9620.0,9620.0,9620.0,9620.0,1
2024-05-22 11:50:00,9560.0,9560.0,9560.0,9560.0,1
2024-05-22 12:00:00,9570.0,9630.0,9570.0,9630.0,10
2024-05-22 12:20:00,9610.0,9630.0,9610.0,9630.0,20
2024-05-22 12:40:00,9680.0,9680.0,9680.0,9680.0,1
2024-05-22 12:50:00,10150.0,10330.0,10150.0,10330.0,3
2024-05-22 13:00:00,10220.0,10220.0,10220.0,10220.0,1
2024-05-22 13:50:00,9630.0,9630.0,9630.0,9630.0,1
2024-05-22 14:00:00,9630.0,9830.0,9630.0,9830.0,21
2024-05-22 14:10:00,9550.0,9550.0,9550.0,9550.0,1
2024-05-22 14:20:00,11210.0,11210.0,11210.0,11210.0,1
2024-05-22 14:50:00,9800.0,9820.0,9800.0,9820.0,10
2024-05-22 15:10:00,9810.0,9810.0,9580.0,9580.0,3
2024-05-22 15:20:00,10430.0,10430.0,10430.0,10430.0,1
2024-05-22 15:30:00,9600.0,9610.0,9540.0,9540.0,14
2024-05-22 15:40:00,9710.0,9820.0,9540.0,9540.0,35
2024-05-22 15:50:00,9770.0,9810.0,9750.0,9800.0,57
2024-05-22 16:00:00,9810.0,9810.0,9700.0,9700.0,3
2024-05-22 16:20:00,9710.0,9710.0,9710.0,9710.0,1
2024-05-22 16:40:00,9780.0,9810.0,9780.0,9810.0,6
2024-05-22 17:00:00,9760.0,9760.0,9760.0,9760.0,1
2024-05-22 17:10:00,9810.0,9830.0,9810.0,9820.0,79
2024-05-22 17:20:00,10230.0,10230.0,10230.0,10230.0,1
2024-05-22 17:40:00,9760.0,9800.0,9720.0,9720.0,24
2024-05-22 17:50:00,9760.0,9760.0,9720.0,9720.0,11
2024-05-22 18:20:00,10140.0,10140.0,10140.0,10140.0,2
2024-05-22 18:30:00,10210.0,10210.0,10210.0,10210.0,1
2024-05-22 19:00:00,9810.0,9810.0,9810.0,9810.0,1
2024-05-22 19:10:00,10650.0,10650.0,10650.0,10650.0,1
2024-05-22 19:20:00,9750.0,9750.0,9740.0,9740.0,2
2024-05-22 20:10:00,9740.0,9740.0,9740.0,9740.0,2
2024-05-22 21:20:00,9950.0,10110.0,9940.0,10110.0,5
2024-05-22 21:30:00,10300.0,10300.0,10300.0,10300.0,1
2024-05-22 21:40:00,9700.0,9700.0,9620.0,9620.0,26
2024-05-22 22:10:00,10180.0,10180.0,10180.0,10180.0,5
2024-05-22 22:30:00,9660.0,9770.0,9660.0,9770.0,10
2024-05-22 23:00:00,9770.0,9780.0,9770.0,9780.0,2
2024-05-22 23:20:00,9700.0,9700.0,9700.0,9700.0,1
2024-05-22 23:30:00,9700.0,9700.0,9700.0,9700.0,1
2024-05-22 23:40:00,9670.0,9670.0,9670.0,9670.0,1
2024-05-23 09:10:00,9730.0,9730.0,9700.0,9700.0,3
2024-05-23 09:20:00,9520.0,9700.0,9440.0,9700.0,4
2024-05-23 09:30:00,9700.0,9710.0,9700.0,9710.0,3
2024-05-23 09:40:00,9710.0,9710.0,9710.0,9710.0,1
2024-05-23 09:50:00,9650.0,9650.0,9650.0,9650.0,1
2024-05-23 10:00:00,10640.0,10640.0,10640.0,10640.0,1
2024-05-23 10:10:00,9540.0,9580.0,9410.0,9430.0,22
2024-05-23 10:50:00,9630.0,9630.0,9630.0,9630.0,4
2024-05-23 11:00:00,10190.0,10190.0,10180.0,10180.0,2
2024-05-23 11:20:00,9540.0,9540.0,9540.0,9540.0,1
2024-05-23 11:40:00,9540.0,9540.0,9540.0,9540.0,2
2024-05-23 11:50:00,9670.0,9820.0,9670.0,9820.0,10
2024-05-23 12:10:00,9780.0,9780.0,9750.0,9750.0,6
2024-05-23 12:40:00,9730.0,9730.0,9710.0,9710.0,7
2024-05-23 13:00:00,10180.0,10180.0,10180.0,10180.0,7
2024-05-23 14:30:00,9770.0,9770.0,9770.0,9770.0,2
2024-05-23 14:40:00,10280.0,10280.0,10280.0,10280.0,2
2024-05-23 14:50:00,9770.0,9780.0,9770.0,9780.0,13
2024-05-23 15:00:00,9770.0,9770.0,9770.0,9770.0,1
2024-05-23 15:20:00,9780.0,9810.0,9780.0,9810.0,22
2024-05-23 15:30:00,9820.0,9830.0,9820.0,9830.0,6
2024-05-23 15:40:00,9810.0,9810.0,9800.0,9800.0,20
2024-05-23 15:50:00,9780.0,9780.0,9780.0,9780.0,3
2024-05-23 16:10:00,9820.0,9820.0,9820.0,9820.0,3
2024-05-23 16:20:00,9800.0,9800.0,9800.0,9800.0,2
2024-05-23 16:30:00,9810.0,9830.0,9800.0,9800.0,38
2024-05-23 16:50:00,10150.0,10150.0,10150.0,10150.0,1
2024-05-23 17:00:00,9800.0,9800.0,9790.0,9790.0,5
2024-05-23 17:10:00,9790.0,9790.0,9550.0,9550.0,87
2024-05-23 17:20:00,9660.0,9660.0,9660.0,9660.0,10
2024-05-23 17:30:00,9710.0,9710.0,9710.0,9710.0,1
2024-05-23 18:30:00,9790.0,9850.0,9790.0,9850.0,4
2024-05-23 19:10:00,9860.0,10100.0,9860.0,10090.0,22
2024-05-23 19:20:00,9940.0,9980.0,9940.0,9980.0,5
2024-05-23 19:30:00,9930.0,9990.0,9930.0,9990.0,7
2024-05-23 20:00:00,9920.0,9920.0,9920.0,9920.0,4
2024-05-23 20:20:00,9950.0,9970.0,9950.0,9970.0,3
2024-05-23 20:30:00,9930.0,9980.0,9930.0,9980.0,10
2024-05-23 21:00:00,9980.0,9980.0,9980.0,9980.0,8
2024-05-23 21:20:00,9980.0,9980.0,9980.0,9980.0,2
2024-05-23 21:30:00,9930.0,10000.0,9930.0,9990.0,53
2024-05-23 21:40:00,9990.0,10000.0,9920.0,9920.0,10
2024-05-23 22:50:00,9980.0,9980.0,9980.0,9980.0,1
2024-05-23 23:00:00,10000.0,10000.0,10000.0,10000.0,1
2024-05-23 23:10:00,10000.0,10000.0,10000.0,10000.0,1
2024-05-23 23:20:00,9930.0,9930.0,9930.0,9930.0,3
2024-05-24 09:20:00,10080.0,10080.0,9960.0,9960.0,2
2024-05-24 09:30:00,11560.0,11600.0,11560.0,11600.0,3
2024-05-24 09:40:00,10020.0,10020.0,9950.0,9950.0,8
2024-05-24 09:50:00,9960.0,9960.0,9950.0,9960.0,27
2024-05-24 10:00:00,10080.0,10080.0,10080.0,10080.0,2
2024-05-24 10:10:00,9990.0,9990.0,9960.0,9960.0,12
2024-05-24 10:20:00,11170.0,11170.0,11170.0,11170.0,1
2024-05-24 10:30:00,10050.0,10050.0,9960.0,9960.0,2
2024-05-24 10:40:00,9990.0,9990.0,9990.0,9990.0,1
2024-05-24 10:50:00,10000.0,10000.0,9990.0,9990.0,2
2024-05-24 11:00:00,10000.0,10000.0,10000.0,10000.0,2
2024-05-24 11:20:00,10040.0,10040.0,10040.0,10040.0,1
2024-05-24 11:30:00,10040.0,10050.0,10040.0,10050.0,5
2024-05-24 11:40:00,10060.0,10060.0,10060.0,10060.0,1
2024-05-24 12:00:00,11170.0,11170.0,11170.0,11170.0,1
2024-05-24 12:10:00,10010.0,10010.0,10000.0,10000.0,2
2024-05-24 12:20:00,10020.0,10020.0,10000.0,10000.0,27
2024-05-24 12:30:00,10000.0,10060.0,9990.0,10000.0,56
2024-05-24 12:40:00,11180.0,11180.0,11180.0,11180.0,3
2024-05-24 13:30:00,10050.0,10050.0,10050.0,10050.0,1
2024-05-24 13:40:00,10040.0,10040.0,10040.0,10040.0,1
2024-05-24 13:50:00,10040.0,10040.0,10040.0,10040.0,1
2024-05-24 14:20:00,9940.0,9940.0,9920.0,9920.0,10
2024-05-24 14:50:00,11190.0,11190.0,11190.0,11190.0,1
2024-05-24 15:00:00,9920.0,9920.0,9920.0,9920.0,8
2024-05-24 15:50:00,9960.0,9960.0,9960.0,9960.0,1
2024-05-24 16:00:00,11190.0,11190.0,11190.0,11190.0,1
2024-05-24 16:10:00,10050.0,10060.0,10050.0,10060.0,2
2024-05-24 16:20:00,10000.0,10000.0,10000.0,10000.0,1
2024-05-24 16:30:00,10030.0,10030.0,9930.0,9930.0,20
2024-05-24 17:30:00,10000.0,10010.0,10000.0,10010.0,2
2024-05-24 17:40:00,10010.0,10010.0,10010.0,10010.0,6
2024-05-24 17:50:00,10030.0,10030.0,10030.0,10030.0,10
2024-05-24 18:00:00,10030.0,10030.0,10030.0,10030.0,14
2024-05-24 18:10:00,10030.0,10040.0,10030.0,10040.0,22
2024-05-24 18:20:00,10070.0,10080.0,10050.0,10060.0,5
2024-05-24 19:20:00,10070.0,10070.0,10070.0,10070.0,4
2024-05-24 19:50:00,10290.0,10320.0,10290.0,10320.0,3
2024-05-24 20:00:00,10320.0,10320.0,10320.0,10320.0,7
2024-05-24 20:20:00,10330.0,10430.0,10330.0,10430.0,3
2024-05-24 20:30:00,10430.0,10520.0,10430.0,10520.0,2
2024-05-24 20:40:00,10090.0,10100.0,10090.0,10100.0,3
2024-05-24 20:50:00,10340.0,10340.0,10320.0,10320.0,5
2024-05-24 21:00:00,10070.0,10070.0,10070.0,10070.0,10
2024-05-24 21:30:00,10320.0,10320.0,10320.0,10320.0,1
2024-05-24 22:20:00,10520.0,10520.0,10520.0,10520.0,1
2024-05-24 23:00:00,10250.0,10250.0,10250.0,10250.0,1
2024-05-24 23:10:00,10810.0,10810.0,10810.0,10810.0,1
2024-05-27 09:00:00,10120.0,10130.0,10120.0,10130.0,11
2024-05-27 09:10:00,10650.0,10650.0,10650.0,10650.0,1
2024-05-27 09:30:00,10100.0,10100.0,10100.0,10100.0,2
2024-05-27 09:40:00,10100.0,10130.0,10100.0,10130.0,11
2024-05-27 09:50:00,10120.0,10130.0,10120.0,10130.0,45
2024-05-27 10:00:00,10130.0,10130.0,10110.0,10110.0,24
2024-05-27 10:10:00,10120.0,10120.0,10120.0,10120.0,1
2024-05-27 10:40:00,10120.0,10130.0,10120.0,10130.0,9
2024-05-27 10:50:00,10130.0,10130.0,10130.0,10130.0,14
2024-05-27 11:00:00,10390.0,10390.0,10380.0,10380.0,2
2024-05-27 11:10:00,10130.0,10130.0,10130.0,10130.0,12
2024-05-27 11:20:00,10330.0,10330.0,10330.0,10330.0,1
2024-05-27 11:30:00,10130.0,10130.0,10130.0,10130.0,1
2024-05-27 11:40:00,10120.0,10120.0,10120.0,10120.0,2
2024-05-27 11:50:00,10120.0,10120.0,10120.0,10120.0,1
2024-05-27 12:10:00,10120.0,10120.0,10120.0,10120.0,4
2024-05-27 12:30:00,10120.0,10120.0,10120.0,10120.0,7
2024-05-27 12:40:00,10130.0,10130.0,10130.0,10130.0,1
2024-05-27 12:50:00,10130.0,10130.0,10130.0,10130.0,15
2024-05-27 13:00:00,10160.0,10160.0,10050.0,10050.0,42
2024-05-27 13:10:00,10130.0,10130.0,10130.0,10130.0,7
2024-05-27 13:20:00,10120.0,10120.0,10120.0,10120.0,1
2024-05-27 13:30:00,10130.0,10330.0,10130.0,10330.0,42
2024-05-27 13:50:00,10520.0,10520.0,10520.0,10520.0,1
2024-05-27 14:00:00,10300.0,10310.0,10300.0,10310.0,4
2024-05-27 14:10:00,10530.0,10630.0,10530.0,10630.0,2
2024-05-27 14:20:00,10510.0,10510.0,10440.0,10440.0,3
2024-05-27 14:30:00,10510.0,10510.0,10510.0,10510.0,1
2024-05-27 14:40:00,10410.0,10630.0,10310.0,10610.0,17
2024-05-27 14:50:00,10600.0,10600.0,10360.0,10360.0,5
2024-05-27 15:00:00,10530.0,10530.0,10530.0,10530.0,1
2024-05-27 15:20:00,10520.0,10520.0,10520.0,10520.0,5
2024-05-27 15:30:00,10380.0,10480.0,10380.0,10480.0,2
2024-05-27 15:50:00,10730.0,10850.0,10630.0,10630.0,101
2024-05-27 16:00:00,10520.0,10730.0,10520.0,10710.0,57
2024-05-27 16:20:00,10620.0,10820.0,10520.0,10750.0,13
2024-05-27 16:30:00,10750.0,10810.0,10750.0,10770.0,15
2024-05-27 16:40:00,10910.0,10920.0,10910.0,10920.0,2
2024-05-27 16:50:00,10800.0,10810.0,10740.0,10740.0,48
2024-05-27 17:00:00,10760.0,10780.0,10610.0,10780.0,8
2024-05-27 17:10:00,10750.0,10790.0,10620.0,10760.0,4
2024-05-27 17:20:00,10790.0,10790.0,10650.0,10690.0,20
2024-05-27 17:30:00,10680.0,10680.0,10680.0,10680.0,2
2024-05-27 17:40:00,10700.0,10810.0,10700.0,10810.0,11
2024-05-27 17:50:00,10930.0,10930.0,10930.0,10930.0,1
2024-05-27 18:00:00,10680.0,10680.0,10680.0,10680.0,5
2024-05-27 18:10:00,10800.0,10800.0,10680.0,10680.0,4
2024-05-27 18:20:00,10930.0,10930.0,10930.0,10930.0,2
2024-05-27 18:30:00,10800.0,10800.0,10700.0,10700.0,3
2024-05-27 18:40:00,10700.0,10810.0,10670.0,10670.0,19
2024-05-27 19:00:00,10780.0,10880.0,10780.0,10880.0,10
2024-05-27 19:10:00,10690.0,10690.0,10570.0,10590.0,40
2024-05-27 19:20:00,10580.0,10580.0,10560.0,10560.0,3
2024-05-27 19:30:00,10570.0,10570.0,10560.0,10560.0,14
2024-05-27 19:40:00,10560.0,10730.0,10500.0,10710.0,21
2024-05-27 19:50:00,10660.0,10730.0,10660.0,10720.0,11
2024-05-27 20:00:00,10910.0,10930.0,10910.0,10930.0,2
2024-05-27 20:10:00,10720.0,10730.0,10720.0,10730.0,3
2024-05-27 20:20:00,10690.0,10720.0,10670.0,10720.0,5
2024-05-27 20:30:00,10760.0,10770.0,10760.0,10770.0,2
2024-05-27 20:40:00,10760.0,10760.0,10740.0,10740.0,8
2024-05-27 20:50:00,10750.0,10750.0,10750.0,10750.0,9
2024-05-27 21:00:00,10820.0,10820.0,10820.0,10820.0,3
2024-05-27 21:20:00,10820.0,10840.0,10820.0,10840.0,11
2024-05-27 21:30:00,10930.0,10930.0,10930.0,10930.0,1
2024-05-27 21:40:00,10770.0,10770.0,10770.0,10770.0,1
2024-05-27 21:50:00,10820.0,10830.0,10820.0,10830.0,16
2024-05-27 22:10:00,10830.0,10840.0,10830.0,10840.0,2
2024-05-27 22:20:00,10830.0,10840.0,10830.0,10840.0,16
2024-05-27 22:30:00,10840.0,10840.0,10830.0,10830.0,26
2024-05-27 22:40:00,10830.0,10830.0,10830.0,10830.0,1
2024-05-27 23:10:00,10770.0,10770.0,10770.0,10770.0,10
2024-05-27 23:20:00,10820.0,10840.0,10820.0,10840.0,15
2024-05-27 23:30:00,10810.0,10810.0,10810.0,10810.0,1
2024-05-27 23:40:00,10770.0,10770.0,10770.0,10770.0,1
2024-05-28 09:00:00,10840.0,10840.0,10840.0,10840.0,1
2024-05-28 09:10:00,10840.0,10850.0,10840.0,10850.0,4
2024-05-28 09:20:00,10830.0,10860.0,10830.0,10860.0,10
2024-05-28 09:30:00,10870.0,10870.0,10870.0,10870.0,1
2024-05-28 09:40:00,10870.0,10880.0,10870.0,10880.0,84
2024-05-28 09:50:00,10860.0,10860.0,10860.0,10860.0,1
2024-05-28 10:00:00,10930.0,11160.0,10930.0,11130.0,106
2024-05-28 10:10:00,10860.0,10880.0,10820.0,10820.0,19
2024-05-28 10:20:00,10940.0,10940.0,10930.0,10930.0,3
2024-05-28 10:30:00,10830.0,10850.0,10790.0,10850.0,54
2024-05-28 10:40:00,10810.0,10810.0,10810.0,10810.0,4
2024-05-28 11:10:00,10810.0,10850.0,10810.0,10810.0,3
2024-05-28 12:10:00,10810.0,10860.0,10800.0,10800.0,6
2024-05-28 12:30:00,10790.0,10790.0,10780.0,10780.0,4
2024-05-28 12:40:00,10850.0,10860.0,10850.0,10860.0,3
2024-05-28 13:00:00,10850.0,10860.0,10850.0,10860.0,12
2024-05-28 13:10:00,10860.0,10860.0,10860.0,10860.0,1
2024-05-28 13:20:00,10840.0,10840.0,10840.0,10840.0,1
2024-05-28 13:30:00,10860.0,10860.0,10840.0,10840.0,20
2024-05-28 13:50:00,10840.0,10840.0,10480.0,10730.0,610
2024-05-28 14:00:00,10720.0,10720.0,10720.0,10720.0,1
2024-05-28 14:10:00,10850.0,10880.0,10850.0,10880.0,55
2024-05-28 14:20:00,10880.0,10880.0,10880.0,10880.0,14
2024-05-28 14:50:00,10880.0,10920.0,10880.0,10920.0,47
2024-05-28 15:00:00,10920.0,10920.0,10920.0,10920.0,11
2024-05-28 15:10:00,10920.0,10920.0,10920.0,10920.0,12
2024-05-28 15:20:00,10900.0,10900.0,10900.0,10900.0,3
2024-05-28 15:30:00,10910.0,10930.0,10910.0,10930.0,22
2024-05-28 15:40:00,10920.0,11120.0,10920.0,10960.0,38
2024-05-28 15:50:00,11100.0,11110.0,11050.0,11050.0,7
2024-05-28 16:00:00,11050.0,11050.0,10980.0,10980.0,2
2024-05-28 16:10:00,10980.0,10980.0,10950.0,10950.0,5
2024-05-28 16:20:00,10970.0,11110.0,10970.0,11090.0,29
2024-05-28 16:30:00,11040.0,11110.0,11040.0,11110.0,7
2024-05-28 16:40:00,11110.0,11120.0,11110.0,11120.0,13
2024-05-28 16:50:00,11130.0,11130.0,11120.0,11130.0,12
2024-05-28 17:00:00,11130.0,11130.0,11020.0,11020.0,16
2024-05-28 17:10:00,11130.0,11130.0,11110.0,11110.0,3
2024-05-28 17:20:00,11280.0,11340.0,11240.0,11340.0,236
2024-05-28 17:30:00,11040.0,11110.0,11040.0,11110.0,17
2024-05-28 17:40:00,11130.0,11130.0,11130.0,11130.0,1
2024-05-28 17:50:00,11090.0,11090.0,11090.0,11090.0,1
2024-05-28 18:00:00,11090.0,11090.0,11090.0,11090.0,4
2024-05-28 18:10:00,11020.0,11020.0,11020.0,11020.0,2
2024-05-28 18:20:00,11130.0,11130.0,11130.0,11130.0,10
2024-05-28 18:30:00,11130.0,11320.0,11130.0,11160.0,42
2024-05-28 18:40:00,11300.0,11310.0,11090.0,11310.0,29
2024-05-28 19:00:00,11320.0,11360.0,11320.0,11360.0,9
2024-05-28 19:10:00,11330.0,11360.0,11240.0,11290.0,19
2024-05-28 19:20:00,11270.0,11280.0,11270.0,11270.0,27
2024-05-28 19:30:00,11240.0,11300.0,11010.0,11290.0,52
2024-05-28 19:40:00,11220.0,11300.0,11220.0,11300.0,7
2024-05-28 19:50:00,11290.0,11290.0,11130.0,11290.0,68
2024-05-28 20:00:00,11290.0,11290.0,11280.0,11280.0,28
2024-05-28 20:10:00,11280.0,11300.0,11280.0,11280.0,12
2024-05-28 20:20:00,11280.0,11300.0,11280.0,11280.0,9
2024-05-28 20:30:00,11290.0,11290.0,11290.0,11290.0,1
2024-05-28 20:40:00,11280.0,11280.0,11280.0,11280.0,8
2024-05-28 20:50:00,11270.0,11300.0,11270.0,11300.0,27
2024-05-28 21:00:00,11280.0,11280.0,11270.0,11270.0,2
2024-05-28 21:10:00,11270.0,11270.0,11270.0,11270.0,9
2024-05-28 21:20:00,11270.0,11310.0,11270.0,11310.0,16
2024-05-28 21:40:00,11310.0,11310.0,11310.0,11310.0,1
2024-05-28 21:50:00,11310.0,11310.0,11310.0,11310.0,8
2024-05-28 22:10:00,11310.0,11310.0,11310.0,11310.0,5
2024-05-28 22:40:00,11300.0,11300.0,11280.0,11280.0,17
2024-05-28 22:50:00,11280.0,11280.0,11280.0,11280.0,5
2024-05-28 23:00:00,11280.0,11290.0,11280.0,11290.0,3
2024-05-28 23:10:00,11290.0,11290.0,11260.0,11260.0,6
2024-05-28 23:20:00,11260.0,11260.0,11250.0,11250.0,6
2024-05-28 23:40:00,11270.0,11360.0,11270.0,11360.0,30
2024-05-29 09:00:00,11360.0,11430.0,11360.0,11410.0,16
2024-05-29 09:10:00,11410.0,11520.0,11400.0,11520.0,78
2024-05-29 09:20:00,11530.0,11630.0,11510.0,11630.0,43
2024-05-29 09:30:00,11560.0,11630.0,11540.0,11630.0,14
2024-05-29 09:40:00,11820.0,11820.0,11820.0,11820.0,1
2024-05-29 09:50:00,11640.0,11820.0,11580.0,11580.0,45
2024-05-29 10:00:00,11520.0,11520.0,11490.0,11490.0,66
2024-05-29 10:10:00,11690.0,11740.0,11690.0,11730.0,4
2024-05-29 10:20:00,11640.0,11680.0,11640.0,11680.0,6
2024-05-29 10:30:00,11650.0,11650.0,11650.0,11650.0,1
2024-05-29 10:40:00,11650.0,11670.0,11630.0,11670.0,15
2024-05-29 10:50:00,11680.0,11680.0,11670.0,11670.0,5
2024-05-29 11:00:00,11660.0,11670.0,11650.0,11650.0,16
2024-05-29 11:10:00,10970.0,10970.0,10970.0,10970.0,1
2024-05-29 11:20:00,11660.0,11720.0,11610.0,11720.0,27
2024-05-29 11:30:00,11720.0,11770.0,11720.0,11770.0,41
2024-05-29 11:40:00,11770.0,11770.0,11750.0,11750.0,7
2024-05-29 11:50:00,11750.0,11780.0,11750.0,11780.0,4
2024-05-29 12:00:00,11870.0,11870.0,11870.0,11870.0,2
2024-05-29 12:10:00,11870.0,11870.0,11870.0,11870.0,8
2024-05-29 12:20:00,11860.0,11860.0,11860.0,11860.0,3
2024-05-29 12:30:00,11860.0,11860.0,11860.0,11860.0,12
2024-05-29 12:40:00,11860.0,11860.0,11860.0,11860.0,1
2024-05-29 12:50:00,11760.0,11790.0,11760.0,11790.0,12
2024-05-29 13:00:00,11880.0,11880.0,11880.0,11880.0,1
2024-05-29 13:10:00,11880.0,11910.0,11880.0,11910.0,6
2024-05-29 13:20:00,11980.0,12050.0,11900.0,12050.0,131
2024-05-29 13:30:00,11910.0,11980.0,11910.0,11980.0,106
2024-05-29 13:40:00,12040.0,12040.0,12030.0,12030.0,27
2024-05-29 13:50:00,12020.0,12080.0,11920.0,12050.0,66
2024-05-29 14:00:00,12050.0,12400.0,12050.0,12160.0,44
2024-05-29 14:10:00,11920.0,11920.0,11920.0,11920.0,1
2024-05-29 14:20:00,12030.0,12070.0,12030.0,12060.0,79
2024-05-29 14:30:00,12110.0,12410.0,12110.0,12410.0,76
2024-05-29 14:40:00,12250.0,12450.0,12250.0,12290.0,28
2024-05-29 14:50:00,12400.0,12430.0,12320.0,12410.0,41
2024-05-29 15:00:00,12170.0,12170.0,12170.0,12170.0,10
2024-05-29 15:10:00,12360.0,12360.0,12280.0,12280.0,64
2024-05-29 15:20:00,12180.0,12180.0,12180.0,12180.0,3
2024-05-29 15:30:00,12180.0,12190.0,12180.0,12190.0,31
2024-05-29 15:40:00,12320.0,12350.0,12320.0,12350.0,60
2024-05-29 15:50:00,12280.0,12300.0,12280.0,12280.0,28
2024-05-29 16:00:00,12190.0,12190.0,12190.0,12190.0,1
2024-05-29 16:10:00,12190.0,12370.0,12190.0,12230.0,8
2024-05-29 16:20:00,12030.0,12100.0,12030.0,12100.0,13
2024-05-29 16:30:00,12090.0,12090.0,12090.0,12090.0,5
2024-05-29 16:40:00,12190.0,12190.0,12180.0,12180.0,25
2024-05-29 16:50:00,12030.0,12030.0,12020.0,12030.0,8
2024-05-29 17:00:00,11340.0,11340.0,11330.0,11330.0,10
2024-05-29 17:10:00,11790.0,12030.0,11790.0,11920.0,48
2024-05-29 17:20:00,11960.0,11970.0,11960.0,11970.0,3
2024-05-29 17:30:00,11610.0,11610.0,11530.0,11530.0,3
2024-05-29 17:40:00,11870.0,11870.0,11870.0,11870.0,1
2024-05-29 17:50:00,11880.0,11880.0,11870.0,11870.0,4
2024-05-29 18:00:00,11940.0,12080.0,11940.0,12080.0,37
2024-05-29 18:10:00,12080.0,12080.0,12080.0,12080.0,140
2024-05-29 18:20:00,12040.0,12040.0,12040.0,12040.0,1
2024-05-29 18:40:00,12050.0,12180.0,12050.0,12050.0,15
2024-05-29 19:00:00,12050.0,12050.0,11930.0,11960.0,12
2024-05-29 19:10:00,11980.0,12220.0,11980.0,12220.0,6
2024-05-29 19:20:00,12210.0,12220.0,12190.0,12220.0,7
2024-05-29 19:30:00,12220.0,12220.0,12220.0,12220.0,11
2024-05-29 19:40:00,12210.0,12220.0,12200.0,12200.0,20
2024-05-29 19:50:00,12220.0,12680.0,12140.0,12310.0,58
2024-05-29 20:00:00,11630.0,11630.0,11630.0,11630.0,1
2024-05-29 20:10:00,11630.0,11630.0,11630.0,11630.0,1
2024-05-29 20:20:00,12400.0,12410.0,12340.0,12410.0,18
2024-05-29 20:30:00,12380.0,12400.0,12340.0,12400.0,7
2024-05-29 20:40:00,12360.0,12360.0,12340.0,12340.0,33
2024-05-29 20:50:00,12370.0,12370.0,12360.0,12360.0,4
2024-05-29 21:00:00,12340.0,12340.0,12250.0,12270.0,13
2024-05-29 21:10:00,12270.0,12380.0,12270.0,12380.0,7
2024-05-29 21:30:00,12290.0,12290.0,12280.0,12280.0,2
2024-05-29 21:40:00,12270.0,12270.0,12270.0,12270.0,1
2024-05-29 21:50:00,12330.0,12330.0,12330.0,12330.0,3
2024-05-29 22:00:00,12080.0,12230.0,12080.0,12230.0,4
2024-05-29 22:10:00,12250.0,12260.0,12250.0,12260.0,4
2024-05-29 22:20:00,12080.0,12080.0,12080.0,12080.0,1
2024-05-29 22:30:00,12200.0,12200.0,12190.0,12190.0,27
2024-05-29 22:40:00,12240.0,12240.0,12240.0,12240.0,1
2024-05-29 22:50:00,12240.0,12240.0,12230.0,12240.0,7
2024-05-29 23:00:00,12240.0,12250.0,12240.0,12250.0,5
2024-05-29 23:30:00,12240.0,12240.0,12230.0,12240.0,3
2024-05-29 23:40:00,12240.0,12240.0,12230.0,12230.0,11
2024-05-30 09:00:00,12230.0,12460.0,12230.0,12440.0,44
2024-05-30 09:10:00,12450.0,12450.0,12390.0,12410.0,32
2024-05-30 09:20:00,11820.0,11820.0,11820.0,11820.0,1
2024-05-30 09:30:00,12400.0,12410.0,12350.0,12410.0,8
2024-05-30 09:40:00,11720.0,11730.0,11720.0,11730.0,3
2024-05-30 09:50:00,12330.0,12330.0,12330.0,12330.0,1
2024-05-30 10:00:00,12460.0,12460.0,12460.0,12460.0,14
2024-05-30 10:10:00,11960.0,11960.0,11960.0,11960.0,3
2024-05-30 10:20:00,12530.0,12530.0,12460.0,12520.0,9
2024-05-30 10:30:00,12520.0,12530.0,12480.0,12530.0,13
2024-05-30 10:40:00,12510.0,12570.0,12470.0,12470.0,15
2024-05-30 10:50:00,12320.0,12320.0,12320.0,12320.0,1
2024-05-30 11:00:00,12570.0,12580.0,12530.0,12530.0,3
2024-05-30 11:10:00,12530.0,12580.0,12530.0,12580.0,3
2024-05-30 11:20:00,12230.0,12230.0,12210.0,12210.0,2
2024-05-30 11:30:00,12550.0,12580.0,12550.0,12550.0,7
2024-05-30 11:40:00,12550.0,12600.0,12550.0,12600.0,14
2024-05-30 11:50:00,12580.0,12610.0,12470.0,12600.0,30
2024-05-30 12:00:00,12320.0,12330.0,12320.0,12330.0,4
2024-05-30 12:10:00,12590.0,12590.0,12560.0,12590.0,3
2024-05-30 12:20:00,12560.0,12600.0,12530.0,12530.0,38
2024-05-30 12:30:00,12210.0,12320.0,12130.0,12130.0,5
2024-05-30 12:40:00,12240.0,12250.0,12230.0,12250.0,19
2024-05-30 12:50:00,12250.0,12310.0,12250.0,12280.0,6
2024-05-30 13:00:00,12280.0,12280.0,12190.0,12190.0,39
2024-05-30 13:10:00,12200.0,12260.0,12200.0,12200.0,6
2024-05-30 13:20:00,12200.0,12360.0,12190.0,12360.0,15
2024-05-30 13:30:00,12360.0,12400.0,12360.0,12400.0,15
2024-05-30 13:40:00,12400.0,12400.0,12360.0,12360.0,5
2024-05-30 13:50:00,11920.0,11920.0,11920.0,11920.0,1
2024-05-30 14:00:00,12320.0,12320.0,12320.0,12320.0,1
2024-05-30 14:10:00,12370.0,12450.0,12370.0,12440.0,27
2024-05-30 14:20:00,12460.0,12510.0,12460.0,12510.0,8
2024-05-30 14:30:00,11740.0,11740.0,11730.0,11730.0,2
2024-05-30 14:40:00,11730.0,11730.0,11680.0,11680.0,5
2024-05-30 14:50:00,11810.0,11810.0,11810.0,11810.0,1
2024-05-30 15:00:00,11890.0,11900.0,11830.0,11900.0,17
2024-05-30 15:10:00,11830.0,11830.0,11790.0,11820.0,42
2024-05-30 15:20:00,11800.0,11890.0,11800.0,11860.0,9
2024-05-30 15:30:00,11810.0,11900.0,11810.0,11900.0,21
2024-05-30 15:40:00,11900.0,11900.0,11900.0,11900.0,4
2024-05-30 15:50:00,11910.0,11970.0,11910.0,11960.0,25
2024-05-30 16:00:00,11970.0,11970.0,11970.0,11970.0,20
2024-05-30 16:10:00,11960.0,11960.0,11950.0,11950.0,5
2024-05-30 16:20:00,11950.0,11960.0,11930.0,11930.0,8
2024-05-30 16:30:00,11820.0,11820.0,11820.0,11820.0,1
2024-05-30 16:40:00,11880.0,11880.0,11870.0,11870.0,9
2024-05-30 16:50:00,11870.0,11870.0,11860.0,11860.0,5
2024-05-30 17:00:00,11860.0,11930.0,11810.0,11930.0,26
2024-05-30 17:10:00,11950.0,11950.0,11800.0,11820.0,18
2024-05-30 17:20:00,12150.0,12150.0,12140.0,12140.0,4
2024-05-30 17:30:00,12130.0,12130.0,12130.0,12130.0,12
2024-05-30 17:40:00,12040.0,12040.0,11590.0,11820.0,560
2024-05-30 17:50:00,11700.0,11700.0,11680.0,11680.0,20
2024-05-30 18:00:00,11460.0,11530.0,11420.0,11520.0,53
2024-05-30 18:10:00,11480.0,11480.0,11480.0,11480.0,1
2024-05-30 18:20:00,11460.0,11510.0,11420.0,11420.0,24
2024-05-30 18:30:00,11270.0,11270.0,11270.0,11270.0,2
2024-05-30 18:40:00,11240.0,11240.0,11240.0,11240.0,1
2024-05-30 19:00:00,11390.0,11390.0,11390.0,11390.0,5
2024-05-30 19:10:00,11340.0,11340.0,10430.0,10590.0,345
2024-05-30 19:20:00,10670.0,11040.0,10670.0,10840.0,87
2024-05-30 19:30:00,10830.0,11020.0,10830.0,10920.0,100
2024-05-30 19:40:00,10930.0,11020.0,10930.0,11000.0,60
2024-05-30 19:50:00,10980.0,10980.0,10950.0,10950.0,11
2024-05-30 20:00:00,10930.0,10980.0,10730.0,10980.0,79
2024-05-30 20:10:00,10900.0,10910.0,10710.0,10780.0,95
2024-05-30 20:20:00,11810.0,11810.0,11810.0,11810.0,5
2024-05-30 20:30:00,10620.0,10620.0,10450.0,10460.0,67
2024-05-30 20:40:00,10480.0,10720.0,10430.0,10720.0,159
2024-05-30 20:50:00,10540.0,10720.0,10440.0,10640.0,83
2024-05-30 21:00:00,10620.0,10630.0,10540.0,10540.0,16
2024-05-30 21:10:00,10610.0,10630.0,10540.0,10540.0,14
2024-05-30 21:20:00,10540.0,10610.0,10540.0,10610.0,10
2024-05-30 21:30:00,10560.0,10650.0,10430.0,10430.0,111
2024-05-30 21:40:00,10430.0,10450.0,10430.0,10450.0,52
2024-05-30 21:50:00,10430.0,10440.0,10430.0,10430.0,7
2024-05-30 22:00:00,10430.0,10430.0,10430.0,10430.0,39
2024-05-30 22:10:00,10880.0,10880.0,10880.0,10880.0,1
2024-05-30 22:20:00,10430.0,10430.0,10430.0,10430.0,4
2024-05-30 22:40:00,10430.0,10430.0,10430.0,10430.0,2
2024-05-30 22:50:00,10430.0,10430.0,10430.0,10430.0,5
2024-05-30 23:00:00,10430.0,10430.0,10430.0,10430.0,45
2024-05-30 23:10:00,10430.0,10430.0,10430.0,10430.0,3
2024-05-30 23:20:00,10430.0,10430.0,10430.0,10430.0,7
2024-05-30 23:30:00,10430.0,10430.0,10430.0,10430.0,9
2024-05-30 23:40:00,10430.0,10430.0,10430.0,10430.0,7
2024-05-31 08:50:00,10510.0,10510.0,10510.0,10510.0,5
2024-05-31 09:00:00,10490.0,10560.0,10490.0,10550.0,33
2024-05-31 09:10:00,10820.0,10850.0,10820.0,10850.0,6
2024-05-31 09:20:00,10620.0,10830.0,10580.0,10820.0,117
2024-05-31 09:30:00,10830.0,10930.0,10760.0,10910.0,66
2024-05-31 09:40:00,11080.0,11080.0,11080.0,11080.0,2
2024-05-31 09:50:00,10790.0,10820.0,10790.0,10800.0,9
2024-05-31 10:00:00,10800.0,10910.0,10800.0,10810.0,11
2024-05-31 10:10:00,10890.0,10890.0,10800.0,10800.0,5
2024-05-31 10:20:00,11140.0,11140.0,11140.0,11140.0,1
2024-05-31 10:30:00,11090.0,11090.0,11090.0,11090.0,1
2024-05-31 10:40:00,10900.0,10900.0,10840.0,10840.0,4
2024-05-31 10:50:00,10850.0,10930.0,10850.0,10930.0,15
2024-05-31 11:00:00,10910.0,10970.0,10890.0,10970.0,95
2024-05-31 11:10:00,10920.0,10970.0,10870.0,10940.0,47
2024-05-31 11:20:00,11060.0,11070.0,10930.0,11050.0,15
2024-05-31 11:30:00,10670.0,10990.0,10590.0,10990.0,198
2024-05-31 11:40:00,11030.0,11070.0,10930.0,10930.0,6
2024-05-31 11:50:00,10840.0,10840.0,10840.0,10840.0,1
2024-05-31 12:00:00,10860.0,10860.0,10850.0,10850.0,6
2024-05-31 12:10:00,10790.0,10790.0,10700.0,10720.0,3
2024-05-31 12:20:00,10850.0,10850.0,10720.0,10840.0,14
2024-05-31 12:30:00,10940.0,10940.0,10940.0,10940.0,3
2024-05-31 12:40:00,11110.0,11110.0,11110.0,11110.0,4
2024-05-31 12:50:00,10670.0,10680.0,10580.0,10580.0,38
2024-05-31 13:00:00,10610.0,10740.0,10610.0,10740.0,18
2024-05-31 13:10:00,11050.0,11050.0,10930.0,10930.0,12
2024-05-31 13:20:00,10640.0,10760.0,10640.0,10720.0,14
2024-05-31 13:30:00,10680.0,10690.0,10680.0,10690.0,2
2024-05-31 13:40:00,10650.0,10650.0,10120.0,10120.0,16
2024-05-31 13:50:00,10500.0,10500.0,10120.0,10120.0,3
2024-05-31 14:00:00,10130.0,10130.0,10120.0,10120.0,6
2024-05-31 14:10:00,10200.0,10200.0,9940.0,10030.0,3
2024-05-31 14:20:00,9970.0,9970.0,9300.0,9800.0,10
2024-05-31 14:30:00,10010.0,10010.0,9910.0,9910.0,2
2024-05-31 14:40:00,9450.0,9450.0,9450.0,9450.0,45
2024-05-31 14:50:00,9450.0,9450.0,9450.0,9450.0,15
2024-05-31 15:00:00,9010.0,9010.0,9010.0,9010.0,4
2024-05-31 15:10:00,9450.0,9450.0,9450.0,9450.0,171
2024-05-31 15:20:00,10800.0,10800.0,10800.0,10800.0,1
2024-05-31 15:30:00,9450.0,9450.0,9450.0,9450.0,85
2024-05-31 15:40:00,10720.0,10720.0,10720.0,10720.0,1
2024-05-31 15:50:00,9460.0,9550.0,9450.0,9470.0,21
2024-05-31 16:00:00,9490.0,9540.0,9490.0,9540.0,9
2024-05-31 16:10:00,9230.0,9230.0,9230.0,9230.0,231
2024-05-31 16:20:00,9470.0,9470.0,9450.0,9450.0,20
2024-05-31 16:30:00,9470.0,9510.0,9450.0,9450.0,11
2024-05-31 16:40:00,9290.0,9390.0,9290.0,9390.0,6
2024-05-31 16:50:00,9450.0,9450.0,9450.0,9450.0,7
2024-05-31 17:00:00,9450.0,9450.0,9450.0,9450.0,5
2024-05-31 17:10:00,10590.0,10590.0,10590.0,10590.0,1
2024-05-31 17:20:00,9490.0,9490.0,9450.0,9450.0,15
2024-05-31 17:30:00,9460.0,9460.0,9460.0,9460.0,1
2024-05-31 17:40:00,9450.0,9450.0,9450.0,9450.0,4
2024-05-31 17:50:00,9450.0,9450.0,9450.0,9450.0,3
2024-05-31 18:10:00,10810.0,10920.0,10810.0,10920.0,2
2024-05-31 18:20:00,9330.0,9330.0,9330.0,9330.0,2
2024-05-31 18:30:00,9330.0,9390.0,9330.0,9390.0,5
2024-05-31 18:40:00,9450.0,9450.0,9450.0,9450.0,1
2024-05-31 19:00:00,10020.0,10020.0,10020.0,10020.0,1
2024-05-31 19:10:00,9930.0,9930.0,9930.0,9930.0,7
2024-05-31 19:20:00,8560.0,8920.0,8530.0,8920.0,100
2024-05-31 19:30:00,8620.0,8870.0,8560.0,8590.0,76
2024-05-31 19:40:00,8590.0,8590.0,8490.0,8520.0,251
2024-05-31 19:50:00,8500.0,8700.0,8500.0,8550.0,38
2024-05-31 20:00:00,8550.0,8730.0,8550.0,8730.0,58
2024-05-31 20:10:00,9440.0,9440.0,9400.0,9430.0,5
2024-05-31 20:20:00,10000.0,10000.0,9730.0,9730.0,2
2024-05-31 20:30:00,8720.0,8880.0,8720.0,8880.0,86
2024-05-31 20:40:00,8850.0,8950.0,8760.0,8760.0,325
2024-05-31 20:50:00,8770.0,8930.0,8770.0,8820.0,8
2024-05-31 21:00:00,8820.0,8820.0,8820.0,8820.0,1
2024-05-31 21:10:00,8860.0,8870.0,8830.0,8870.0,14
2024-05-31 21:20:00,8870.0,8870.0,8800.0,8870.0,16
2024-05-31 21:30:00,8810.0,9070.0,8810.0,9060.0,178
2024-05-31 21:40:00,9030.0,9070.0,9030.0,9070.0,11
2024-05-31 21:50:00,8950.0,9000.0,8800.0,8800.0,130
2024-05-31 22:00:00,8850.0,8880.0,8820.0,8880.0,9
2024-05-31 22:10:00,8980.0,9000.0,8980.0,9000.0,7
2024-05-31 22:20:00,9130.0,9130.0,9130.0,9130.0,4
2024-05-31 22:30:00,9010.0,9020.0,9000.0,9020.0,4
2024-05-31 22:40:00,9000.0,9050.0,9000.0,9050.0,9
2024-05-31 22:50:00,9050.0,9060.0,9050.0,9050.0,4
2024-05-31 23:00:00,9060.0,9060.0,9060.0,9060.0,2
2024-05-31 23:10:00,9010.0,9010.0,9000.0,9000.0,2
2024-05-31 23:20:00,9030.0,9030.0,9000.0,9000.0,4
2024-05-31 23:30:00,9000.0,9000.0,8890.0,8910.0,7
2024-05-31 23:40:00,8910.0,8910.0,8910.0,8910.0,1
2024-06-03 09:00:00,8910.0,9120.0,8890.0,9120.0,119
2024-06-03 09:10:00,9120.0,9120.0,9040.0,9120.0,28
2024-06-03 09:20:00,9050.0,9270.0,9050.0,9110.0,79
2024-06-03 09:30:00,9220.0,9350.0,9210.0,9300.0,50
2024-06-03 09:40:00,9410.0,9450.0,9230.0,9360.0,39
2024-06-03 09:50:00,9340.0,9340.0,9340.0,9340.0,1
2024-06-03 10:00:00,9470.0,9490.0,9470.0,9490.0,6
2024-06-03 10:10:00,9310.0,9310.0,9310.0,9310.0,1
2024-06-03 10:20:00,9510.0,9630.0,9320.0,9480.0,241
2024-06-03 10:30:00,9480.0,9630.0,9140.0,9300.0,1442
2024-06-03 10:40:00,9310.0,9480.0,9240.0,9290.0,44
2024-06-03 10:50:00,9280.0,9370.0,9260.0,9370.0,39
2024-06-03 11:00:00,9470.0,9470.0,9470.0,9470.0,1
2024-06-03 11:10:00,9770.0,9770.0,9770.0,9770.0,1
2024-06-03 11:20:00,9260.0,9340.0,9190.0,9220.0,33
2024-06-03 11:30:00,9480.0,9480.0,9480.0,9480.0,2
2024-06-03 11:40:00,9210.0,9210.0,9210.0,9210.0,1
2024-06-03 11:50:00,9490.0,9490.0,9490.0,9490.0,1
2024-06-03 12:00:00,9770.0,9770.0,9770.0,9770.0,5
2024-06-03 12:10:00,9120.0,9150.0,9120.0,9130.0,9
2024-06-03 12:20:00,9470.0,9470.0,9470.0,9470.0,1
2024-06-03 12:30:00,9150.0,9200.0,9130.0,9200.0,45
2024-06-03 12:40:00,9180.0,9200.0,9180.0,9200.0,5
2024-06-03 12:50:00,9200.0,9200.0,9180.0,9180.0,9
2024-06-03 13:00:00,9190.0,9200.0,9180.0,9200.0,9
2024-06-03 13:10:00,9180.0,9180.0,9180.0,9180.0,9
2024-06-03 13:20:00,9180.0,9190.0,9180.0,9190.0,3
2024-06-03 13:30:00,9180.0,9180.0,9180.0,9180.0,1
2024-06-03 13:40:00,9180.0,9180.0,9180.0,9180.0,6
2024-06-03 13:50:00,9180.0,9180.0,9010.0,9020.0,24
2024-06-03 14:00:00,9020.0,9020.0,8970.0,8970.0,69
2024-06-03 14:10:00,8970.0,9030.0,8900.0,9020.0,37
2024-06-03 14:30:00,9020.0,9020.0,9020.0,9020.0,3
2024-06-03 14:40:00,9410.0,9410.0,9410.0,9410.0,1
2024-06-03 14:50:00,9030.0,9030.0,8990.0,8990.0,3
2024-06-03 15:00:00,8990.0,8990.0,8990.0,8990.0,2
2024-06-03 15:10:00,9040.0,9110.0,9040.0,9070.0,25
2024-06-03 15:30:00,9070.0,9070.0,9070.0,9070.0,20
2024-06-03 15:40:00,9460.0,9460.0,9460.0,9460.0,1
2024-06-03 15:50:00,9050.0,9100.0,9050.0,9100.0,3
2024-06-03 16:00:00,9770.0,9770.0,9770.0,9770.0,4
2024-06-03 16:10:00,9200.0,9200.0,9200.0,9200.0,6
2024-06-03 16:20:00,9170.0,9190.0,8990.0,9180.0,14
2024-06-03 16:30:00,9020.0,9170.0,9010.0,9170.0,5
2024-06-03 16:50:00,9160.0,9160.0,9160.0,9160.0,1
2024-06-03 17:00:00,9170.0,9170.0,9170.0,9170.0,2
2024-06-03 17:10:00,9170.0,9170.0,9020.0,9020.0,6
2024-06-03 17:30:00,9050.0,9070.0,9030.0,9030.0,26
2024-06-03 17:40:00,9380.0,9380.0,9380.0,9380.0,2
2024-06-03 17:50:00,9030.0,9040.0,9000.0,9000.0,6
2024-06-03 18:00:00,9030.0,9160.0,9030.0,9160.0,16
2024-06-03 18:20:00,9160.0,9160.0,9160.0,9160.0,3
2024-06-03 18:30:00,9160.0,9160.0,9160.0,9160.0,2
2024-06-03 18:40:00,9160.0,9170.0,8870.0,8880.0,91
2024-06-03 19:00:00,9010.0,9010.0,9000.0,9000.0,2
2024-06-03 19:10:00,8880.0,8880.0,8880.0,8880.0,1
2024-06-03 19:20:00,9370.0,9370.0,9370.0,9370.0,2
2024-06-03 19:30:00,9110.0,9460.0,9110.0,9460.0,2
2024-06-03 19:40:00,8960.0,8960.0,8960.0,8960.0,2
2024-06-03 19:50:00,8970.0,8970.0,8830.0,8960.0,3
2024-06-03 20:00:00,9060.0,9060.0,9060.0,9060.0,1
2024-06-03 20:10:00,9420.0,9420.0,9420.0,9420.0,1
2024-06-03 20:20:00,8960.0,8960.0,8910.0,8910.0,2
2024-06-03 20:30:00,8900.0,8920.0,8900.0,8920.0,3
2024-06-03 20:40:00,8890.0,8920.0,8880.0,8880.0,8
2024-06-03 20:50:00,8880.0,8880.0,8870.0,8870.0,6
2024-06-03 21:00:00,8870.0,8870.0,8870.0,8870.0,4
2024-06-03 21:10:00,8840.0,8970.0,8830.0,8970.0,15
2024-06-03 21:20:00,8960.0,8980.0,8960.0,8970.0,38
2024-06-03 21:30:00,8970.0,8970.0,8880.0,8970.0,5
2024-06-03 21:40:00,8970.0,8970.0,8970.0,8970.0,1
2024-06-03 21:50:00,9110.0,9110.0,9110.0,9110.0,1
2024-06-03 22:00:00,9060.0,9060.0,9060.0,9060.0,2
2024-06-03 22:10:00,8930.0,8930.0,8930.0,8930.0,1
2024-06-03 22:20:00,9330.0,9330.0,9330.0,9330.0,1
2024-06-03 22:30:00,8950.0,8950.0,8930.0,8930.0,3
2024-06-03 22:40:00,8920.0,8950.0,8880.0,8880.0,5
2024-06-03 22:50:00,8880.0,8880.0,8880.0,8880.0,2
2024-06-03 23:00:00,8890.0,8890.0,8880.0,8880.0,3
2024-06-03 23:10:00,8880.0,8940.0,8880.0,8940.0,4
2024-06-03 23:20:00,8940.0,8940.0,8940.0,8940.0,4
2024-06-03 23:30:00,8950.0,8950.0,8950.0,8950.0,1
2024-06-04 09:00:00,8970.0,8980.0,8970.0,8980.0,6
2024-06-04 09:10:00,8970.0,8970.0,8900.0,8960.0,3
2024-06-04 09:20:00,8960.0,8960.0,8960.0,8960.0,2
2024-06-04 09:40:00,8900.0,8960.0,8900.0,8960.0,5
2024-06-04 09:50:00,9160.0,9160.0,9070.0,9070.0,4
2024-06-04 10:00:00,8970.0,8970.0,8930.0,8930.0,5
2024-06-04 10:10:00,8980.0,8990.0,8980.0,8990.0,7
2024-06-04 10:20:00,8950.0,8950.0,8950.0,8950.0,4
2024-06-04 10:30:00,8950.0,9020.0,8950.0,9020.0,13
2024-06-04 10:40:00,9170.0,9170.0,9170.0,9170.0,1
2024-06-04 10:50:00,9170.0,9170.0,9170.0,9170.0,5
2024-06-04 11:00:00,9170.0,9170.0,9170.0,9170.0,1
2024-06-04 11:10:00,9070.0,9070.0,8980.0,9030.0,29
2024-06-04 11:20:00,9090.0,9090.0,9090.0,9090.0,1
2024-06-04 11:40:00,9070.0,9070.0,8860.0,8870.0,279
2024-06-04 11:50:00,8910.0,9000.0,8860.0,9000.0,5
2024-06-04 12:00:00,8960.0,8960.0,8960.0,8960.0,2
2024-06-04 12:10:00,8990.0,8990.0,8990.0,8990.0,1
2024-06-04 12:20:00,8900.0,8920.0,8870.0,8870.0,9
2024-06-04 12:30:00,8950.0,8950.0,8950.0,8950.0,1
2024-06-04 12:50:00,8950.0,8950.0,8650.0,8650.0,330
2024-06-04 13:00:00,8680.0,8890.0,8650.0,8800.0,49
2024-06-04 13:10:00,8760.0,8770.0,8750.0,8750.0,13
2024-06-04 13:20:00,8740.0,8760.0,8700.0,8740.0,29
2024-06-04 13:30:00,8740.0,8760.0,8730.0,8730.0,17
2024-06-04 13:40:00,8760.0,8770.0,8760.0,8770.0,51
2024-06-04 13:50:00,8770.0,8770.0,8770.0,8770.0,1
2024-06-04 14:00:00,8750.0,8750.0,8740.0,8740.0,4
2024-06-04 14:10:00,8740.0,8740.0,8710.0,8710.0,9
2024-06-04 14:20:00,8740.0,8740.0,8720.0,8720.0,5
2024-06-04 14:30:00,8690.0,8690.0,8580.0,8580.0,111
2024-06-04 14:40:00,8580.0,8700.0,8580.0,8700.0,36
2024-06-04 14:50:00,9120.0,9130.0,9120.0,9130.0,5
2024-06-04 15:00:00,8780.0,9030.0,8780.0,9030.0,3
2024-06-04 15:10:00,9040.0,9040.0,9040.0,9040.0,1
2024-06-04 15:20:00,8600.0,8600.0,8580.0,8580.0,28
2024-06-04 15:30:00,9120.0,9120.0,9120.0,9120.0,1
2024-06-04 15:40:00,8620.0,8640.0,8590.0,8590.0,13
2024-06-04 15:50:00,8590.0,8590.0,8570.0,8570.0,30
2024-06-04 16:00:00,8580.0,8590.0,8580.0,8590.0,3
2024-06-04 16:10:00,8610.0,8630.0,8610.0,8630.0,7
2024-06-04 16:20:00,8590.0,8590.0,8580.0,8580.0,4
2024-06-04 16:40:00,8580.0,8580.0,8580.0,8580.0,3
2024-06-04 16:50:00,9030.0,9030.0,9030.0,9030.0,1
2024-06-04 17:00:00,8790.0,8790.0,8790.0,8790.0,4
2024-06-04 17:10:00,8830.0,8830.0,8830.0,8830.0,1
2024-06-04 17:20:00,8610.0,8610.0,8610.0,8610.0,3
2024-06-04 17:30:00,8580.0,8580.0,8580.0,8580.0,11
2024-06-04 17:40:00,8620.0,8630.0,8620.0,8630.0,3
2024-06-04 17:50:00,8580.0,8580.0,8570.0,8570.0,3
2024-06-04 18:00:00,8620.0,8630.0,8600.0,8600.0,17
2024-06-04 18:10:00,8580.0,8620.0,8570.0,8570.0,6
2024-06-04 18:20:00,9110.0,9110.0,9110.0,9110.0,1
2024-06-04 18:30:00,9100.0,9110.0,9100.0,9110.0,2
2024-06-04 18:40:00,8770.0,8770.0,8670.0,8670.0,4
2024-06-04 19:00:00,8610.0,8610.0,8580.0,8580.0,8
2024-06-04 19:10:00,9120.0,9120.0,9120.0,9120.0,1
2024-06-04 19:30:00,8620.0,8640.0,8620.0,8620.0,13
2024-06-04 19:40:00,8620.0,8640.0,8620.0,8640.0,12
2024-06-04 19:50:00,8590.0,8590.0,8590.0,8590.0,3
2024-06-04 20:10:00,8600.0,8600.0,8590.0,8590.0,7
2024-06-04 20:20:00,8580.0,8730.0,8580.0,8700.0,26
2024-06-04 20:50:00,8580.0,8580.0,8580.0,8580.0,2
2024-06-04 21:10:00,9170.0,9170.0,9170.0,9170.0,53
2024-06-04 21:20:00,8620.0,8620.0,8620.0,8620.0,1
2024-06-04 22:00:00,8610.0,8610.0,8570.0,8580.0,21
2024-06-04 22:10:00,8620.0,8630.0,8620.0,8630.0,2
2024-06-04 22:20:00,8650.0,8650.0,8620.0,8620.0,4
2024-06-04 22:30:00,8630.0,8630.0,8630.0,8630.0,2
2024-06-04 22:40:00,8630.0,8630.0,8630.0,8630.0,1
2024-06-04 22:50:00,8630.0,8630.0,8630.0,8630.0,2
2024-06-04 23:10:00,8590.0,8590.0,8590.0,8590.0,1
2024-06-04 23:20:00,8590.0,8590.0,8590.0,8590.0,6
2024-06-04 23:30:00,8590.0,8610.0,8580.0,8610.0,7
2024-06-04 23:40:00,8580.0,8580.0,8580.0,8580.0,3
2024-06-05 09:00:00,8580.0,8580.0,8570.0,8570.0,2
2024-06-05 09:10:00,8630.0,8630.0,8630.0,8630.0,1
2024-06-05 09:20:00,8610.0,8610.0,8610.0,8610.0,1
2024-06-05 09:40:00,8610.0,8610.0,8610.0,8610.0,1
2024-06-05 10:00:00,8590.0,8600.0,8590.0,8600.0,2
2024-06-05 10:10:00,8800.0,8800.0,8800.0,8800.0,2
2024-06-05 10:30:00,8570.0,8570.0,8570.0,8570.0,5
2024-06-05 10:40:00,8580.0,8580.0,8570.0,8570.0,14
2024-06-05 10:50:00,8580.0,8580.0,8520.0,8520.0,36
2024-06-05 11:00:00,8520.0,8530.0,8520.0,8530.0,6
2024-06-05 11:10:00,8580.0,8580.0,8580.0,8580.0,2
2024-06-05 11:20:00,8470.0,8470.0,8290.0,8290.0,47
2024-06-05 11:30:00,8420.0,8420.0,8400.0,8400.0,28
2024-06-05 11:40:00,8390.0,8430.0,8340.0,8340.0,19
2024-06-05 11:50:00,8380.0,8390.0,8380.0,8390.0,2
2024-06-05 12:00:00,8430.0,8440.0,8430.0,8430.0,7
2024-06-05 12:10:00,8430.0,8550.0,8430.0,8550.0,5
2024-06-05 12:20:00,8440.0,8440.0,8390.0,8390.0,4
2024-06-05 12:30:00,8480.0,8480.0,8480.0,8480.0,1
2024-06-05 12:40:00,8430.0,8440.0,8430.0,8440.0,3
2024-06-05 12:50:00,8430.0,8430.0,8290.0,8300.0,87
2024-06-05 13:00:00,8410.0,8410.0,8320.0,8340.0,9
2024-06-05 13:10:00,8360.0,8370.0,8330.0,8370.0,9
2024-06-05 13:20:00,8350.0,8370.0,8340.0,8340.0,9
2024-06-05 13:30:00,8740.0,8740.0,8740.0,8740.0,1
2024-06-05 13:40:00,8380.0,8420.0,8380.0,8420.0,6
2024-06-05 13:50:00,8430.0,8570.0,8430.0,8570.0,80
2024-06-05 14:10:00,8420.0,8420.0,8410.0,8410.0,3
2024-06-05 14:20:00,8530.0,8540.0,8420.0,8540.0,8
2024-06-05 14:30:00,8430.0,8540.0,8430.0,8540.0,3
2024-06-05 14:40:00,8440.0,8440.0,8430.0,8430.0,3
2024-06-05 14:50:00,8420.0,8520.0,8410.0,8410.0,8
2024-06-05 15:00:00,8430.0,8430.0,8430.0,8430.0,3
2024-06-05 15:30:00,8570.0,8570.0,8430.0,8430.0,7
2024-06-05 15:40:00,8470.0,8470.0,8450.0,8450.0,3
2024-06-05 15:50:00,8520.0,8610.0,8510.0,8510.0,17
2024-06-05 16:00:00,8560.0,8560.0,8510.0,8560.0,17
2024-06-05 16:10:00,8520.0,8660.0,8520.0,8660.0,33
2024-06-05 16:20:00,8610.0,8660.0,8610.0,8660.0,6
2024-06-05 16:30:00,8520.0,8650.0,8520.0,8650.0,7
2024-06-05 16:40:00,8600.0,8660.0,8540.0,8570.0,16
2024-06-05 16:50:00,8590.0,8650.0,8570.0,8570.0,14
2024-06-05 17:00:00,8580.0,8580.0,8450.0,8470.0,18
2024-06-05 17:10:00,8520.0,8520.0,8520.0,8520.0,3
2024-06-05 17:30:00,8500.0,8520.0,8480.0,8480.0,7
2024-06-05 17:40:00,8470.0,8480.0,8470.0,8480.0,2
2024-06-05 17:50:00,8760.0,8760.0,8530.0,8530.0,7
2024-06-05 18:10:00,8500.0,8530.0,8500.0,8530.0,3
2024-06-05 18:20:00,8550.0,8650.0,8550.0,8650.0,5
2024-06-05 18:30:00,8650.0,8670.0,8650.0,8660.0,29
2024-06-05 18:40:00,8600.0,8660.0,8600.0,8660.0,6
2024-06-05 19:00:00,8590.0,8590.0,8590.0,8590.0,4
2024-06-05 19:10:00,8590.0,8620.0,8430.0,8500.0,41
2024-06-05 19:20:00,8560.0,8560.0,8560.0,8560.0,1
2024-06-05 19:30:00,8600.0,8630.0,8600.0,8630.0,5
2024-06-05 19:40:00,8610.0,8660.0,8590.0,8590.0,25
2024-06-05 19:50:00,8580.0,8590.0,8570.0,8570.0,30
2024-06-05 20:00:00,8600.0,8600.0,8490.0,8490.0,20
2024-06-05 20:20:00,8620.0,8620.0,8620.0,8620.0,1
2024-06-05 20:30:00,8640.0,8640.0,8640.0,8640.0,4
2024-06-05 20:50:00,8640.0,8650.0,8620.0,8620.0,7
2024-06-05 21:00:00,8560.0,8560.0,8560.0,8560.0,2
2024-06-05 21:10:00,8550.0,8550.0,8540.0,8540.0,3
2024-06-05 21:30:00,8620.0,8630.0,8620.0,8630.0,3
2024-06-05 21:50:00,8640.0,8650.0,8640.0,8650.0,10
2024-06-05 22:10:00,8650.0,8650.0,8650.0,8650.0,1
2024-06-05 22:20:00,9830.0,9830.0,9830.0,9830.0,1
2024-06-05 22:50:00,9330.0,9330.0,9330.0,9330.0,1
2024-06-05 23:10:00,9310.0,9310.0,9300.0,9300.0,6
2024-06-05 23:30:00,9300.0,9310.0,9300.0,9300.0,19
2024-06-05 23:40:00,9190.0,9190.0,9190.0,9190.0,1
2024-06-06 09:10:00,9330.0,9360.0,9330.0,9360.0,5
2024-06-06 09:20:00,9350.0,9360.0,9350.0,9360.0,20
2024-06-06 09:30:00,9260.0,9260.0,9260.0,9260.0,1
2024-06-06 09:40:00,9360.0,9400.0,9310.0,9310.0,59
2024-06-06 09:50:00,9390.0,9400.0,9390.0,9390.0,14
2024-06-06 10:00:00,9400.0,9400.0,9340.0,9340.0,9
2024-06-06 10:10:00,9310.0,9390.0,9300.0,9390.0,3
2024-06-06 10:20:00,9390.0,9390.0,9390.0,9390.0,7
2024-06-06 10:50:00,9390.0,9400.0,9390.0,9400.0,6
2024-06-06 11:00:00,9370.0,9400.0,9370.0,9400.0,3
2024-06-06 11:10:00,9400.0,9400.0,9400.0,9400.0,15
2024-06-06 11:20:00,9410.0,9410.0,9410.0,9410.0,11
2024-06-06 11:30:00,9410.0,9410.0,9410.0,9410.0,5
2024-06-06 11:40:00,9410.0,9410.0,9410.0,9410.0,4
2024-06-06 11:50:00,9410.0,9440.0,9410.0,9440.0,6
2024-06-06 12:00:00,9430.0,9430.0,9430.0,9430.0,5
2024-06-06 12:10:00,9430.0,9430.0,9430.0,9430.0,8
2024-06-06 12:20:00,9400.0,9430.0,9380.0,9380.0,32
2024-06-06 12:40:00,9350.0,9350.0,9350.0,9350.0,2
2024-06-06 13:00:00,9320.0,9370.0,9320.0,9370.0,6
2024-06-06 13:10:00,9360.0,9360.0,9360.0,9360.0,1
2024-06-06 13:20:00,9320.0,9320.0,9270.0,9270.0,13
2024-06-06 13:30:00,9290.0,9290.0,9290.0,9290.0,1
2024-06-06 14:10:00,9290.0,9330.0,9290.0,9330.0,3
2024-06-06 14:20:00,9460.0,9460.0,9460.0,9460.0,1
2024-06-06 14:30:00,9390.0,9410.0,9380.0,9410.0,4
2024-06-06 14:40:00,9400.0,9430.0,9340.0,9430.0,62
2024-06-06 14:50:00,9430.0,9430.0,9430.0,9430.0,1
2024-06-06 15:00:00,9430.0,9430.0,9430.0,9430.0,1
2024-06-06 15:10:00,9430.0,9440.0,9380.0,9380.0,14
2024-06-06 15:20:00,9450.0,9450.0,9450.0,9450.0,2
2024-06-06 15:30:00,9550.0,9550.0,9540.0,9540.0,8
2024-06-06 15:40:00,9540.0,9560.0,9500.0,9550.0,30
2024-06-06 15:50:00,9540.0,9660.0,9540.0,9660.0,121
2024-06-06 16:00:00,9650.0,9650.0,9650.0,9650.0,3
2024-06-06 16:10:00,9620.0,9640.0,9480.0,9640.0,12
2024-06-06 16:20:00,9640.0,9650.0,9470.0,9600.0,16
2024-06-06 16:30:00,9460.0,9650.0,9440.0,9650.0,39
2024-06-06 16:40:00,9650.0,9650.0,9650.0,9650.0,1
2024-06-06 16:50:00,9610.0,9610.0,9480.0,9480.0,10
2024-06-06 17:00:00,9520.0,9650.0,9510.0,9650.0,44
2024-06-06 17:20:00,9650.0,9650.0,9570.0,9570.0,3
2024-06-06 17:30:00,9640.0,9650.0,9540.0,9540.0,12
2024-06-06 17:40:00,9560.0,9560.0,9560.0,9560.0,1
2024-06-06 18:00:00,9640.0,9650.0,9640.0,9650.0,7
2024-06-06 18:10:00,9650.0,9650.0,9650.0,9650.0,6
2024-06-06 18:20:00,9550.0,9650.0,9550.0,9640.0,8
2024-06-06 18:30:00,9650.0,9660.0,9650.0,9660.0,10
2024-06-06 18:40:00,9660.0,9660.0,9660.0,9660.0,1
2024-06-06 19:00:00,9660.0,9710.0,9660.0,9710.0,6
2024-06-06 19:10:00,9660.0,9660.0,9650.0,9660.0,4
2024-06-06 19:20:00,9650.0,9650.0,9630.0,9630.0,7
2024-06-06 19:30:00,9660.0,9660.0,9660.0,9660.0,1
2024-06-06 20:00:00,9650.0,9650.0,9620.0,9620.0,3
2024-06-06 20:10:00,9800.0,9800.0,9800.0,9800.0,1
2024-06-06 20:30:00,9650.0,9650.0,9480.0,9640.0,24
2024-06-06 20:50:00,9800.0,9810.0,9800.0,9810.0,2
2024-06-06 21:00:00,9630.0,9630.0,9630.0,9630.0,1
2024-06-06 21:20:00,9630.0,9640.0,9630.0,9630.0,4
2024-06-06 21:30:00,9600.0,9600.0,9600.0,9600.0,2
2024-06-06 21:40:00,9800.0,9800.0,9800.0,9800.0,1
2024-06-06 21:50:00,9600.0,9600.0,9600.0,9600.0,8
2024-06-06 22:00:00,9570.0,9650.0,9500.0,9650.0,10
2024-06-06 22:10:00,9620.0,9620.0,9620.0,9620.0,1
2024-06-06 22:20:00,9530.0,9530.0,9530.0,9530.0,1
2024-06-06 22:30:00,9580.0,9600.0,9580.0,9600.0,2
2024-06-06 22:50:00,9570.0,9570.0,9450.0,9450.0,32
2024-06-06 23:00:00,9470.0,9490.0,9470.0,9490.0,3
2024-06-06 23:10:00,9500.0,9570.0,9500.0,9570.0,14
2024-06-06 23:20:00,9550.0,9550.0,9550.0,9550.0,2
2024-06-06 23:40:00,9570.0,9570.0,9570.0,9570.0,1
2024-06-07 08:50:00,9490.0,9490.0,9490.0,9490.0,2
2024-06-07 09:00:00,9320.0,9320.0,9320.0,9320.0,2
2024-06-07 09:10:00,9450.0,9450.0,9380.0,9380.0,7
2024-06-07 09:20:00,9370.0,9370.0,9370.0,9370.0,1
2024-06-07 09:30:00,9390.0,9390.0,9320.0,9320.0,22
2024-06-07 09:40:00,9350.0,9350.0,9350.0,9350.0,1
2024-06-07 09:50:00,9250.0,9370.0,9160.0,9190.0,65
2024-06-07 10:00:00,9110.0,9310.0,9110.0,9130.0,31
2024-06-07 10:10:00,9230.0,9230.0,9110.0,9170.0,9
2024-06-07 10:20:00,9120.0,9180.0,9120.0,9120.0,16
2024-06-07 10:30:00,9160.0,9240.0,9160.0,9160.0,22
2024-06-07 10:40:00,9180.0,9190.0,9180.0,9190.0,26
2024-06-07 10:50:00,9220.0,9230.0,9210.0,9230.0,12
2024-06-07 11:00:00,9230.0,9230.0,9160.0,9210.0,16
2024-06-07 11:10:00,9210.0,9300.0,9190.0,9290.0,35
2024-06-07 11:20:00,9280.0,9290.0,9280.0,9290.0,20
2024-06-07 11:30:00,9290.0,9290.0,9250.0,9250.0,9
2024-06-07 11:40:00,9340.0,9340.0,9340.0,9340.0,3
2024-06-07 11:50:00,9320.0,9460.0,9320.0,9460.0,55
2024-06-07 12:00:00,9450.0,9450.0,9270.0,9350.0,14
2024-06-07 12:10:00,9280.0,9360.0,9280.0,9360.0,5
2024-06-07 12:20:00,9310.0,9440.0,9290.0,9300.0,14
2024-06-07 12:30:00,9300.0,9430.0,9270.0,9430.0,10
2024-06-07 12:40:00,9290.0,9410.0,9160.0,9340.0,59
2024-06-07 12:50:00,9180.0,9350.0,9130.0,9340.0,17
2024-06-07 13:00:00,9270.0,9270.0,9270.0,9270.0,1
2024-06-07 13:10:00,9270.0,9310.0,9260.0,9310.0,4
2024-06-07 13:20:00,9310.0,9310.0,9300.0,9300.0,7
2024-06-07 13:30:00,9270.0,9270.0,9270.0,9270.0,25
2024-06-07 13:40:00,9230.0,9370.0,9070.0,9160.0,88
2024-06-07 13:50:00,9150.0,9200.0,9150.0,9200.0,11
2024-06-07 14:00:00,9170.0,9340.0,9020.0,9340.0,219
2024-06-07 14:10:00,9210.0,9350.0,9070.0,9350.0,20
2024-06-07 14:30:00,9330.0,9340.0,9330.0,9340.0,5
2024-06-07 14:40:00,9150.0,9150.0,9030.0,9130.0,28
2024-06-07 14:50:00,9070.0,9360.0,9020.0,9360.0,65
2024-06-07 15:00:00,9040.0,9040.0,9040.0,9040.0,1
2024-06-07 15:10:00,9040.0,9040.0,9030.0,9030.0,5
2024-06-07 15:20:00,9340.0,9340.0,9340.0,9340.0,1
2024-06-07 15:30:00,9020.0,9060.0,8980.0,9030.0,36
2024-06-07 15:40:00,8990.0,9030.0,8980.0,8980.0,10
2024-06-07 15:50:00,8980.0,8980.0,8800.0,8860.0,379
2024-06-07 16:00:00,8890.0,9010.0,8860.0,9000.0,18
2024-06-07 16:10:00,9010.0,9020.0,8960.0,8960.0,9
2024-06-07 16:20:00,8990.0,8990.0,8980.0,8980.0,5
2024-06-07 16:30:00,9120.0,9120.0,9120.0,9120.0,1
2024-06-07 16:40:00,8830.0,8830.0,8810.0,8810.0,9
2024-06-07 16:50:00,9450.0,9450.0,9450.0,9450.0,1
2024-06-07 17:00:00,8860.0,8860.0,8860.0,8860.0,4
2024-06-07 17:10:00,8830.0,8860.0,8810.0,8860.0,55
2024-06-07 17:20:00,9300.0,9300.0,9300.0,9300.0,1
2024-06-07 17:30:00,8830.0,8830.0,8830.0,8830.0,1
2024-06-07 17:40:00,8890.0,8920.0,8890.0,8920.0,9
2024-06-07 18:00:00,8860.0,8900.0,8830.0,8900.0,5
2024-06-07 18:10:00,9070.0,9070.0,9070.0,9070.0,1
2024-06-07 18:20:00,8900.0,8900.0,8900.0,8900.0,2
2024-06-07 18:30:00,8900.0,8900.0,8900.0,8900.0,1
2024-06-07 18:40:00,9220.0,9220.0,9220.0,9220.0,1
2024-06-07 19:10:00,8890.0,8890.0,8880.0,8880.0,4
2024-06-07 19:20:00,8880.0,8880.0,8880.0,8880.0,1
2024-06-07 19:30:00,8910.0,8940.0,8910.0,8940.0,8
2024-06-07 19:40:00,8930.0,8930.0,8930.0,8930.0,1
2024-06-07 19:50:00,8930.0,8990.0,8930.0,8980.0,11
2024-06-07 20:00:00,8980.0,8980.0,8980.0,8980.0,1
2024-06-07 20:10:00,8980.0,8980.0,8900.0,8900.0,5
2024-06-07 20:20:00,8910.0,8910.0,8910.0,8910.0,1
2024-06-07 21:20:00,8960.0,9000.0,8960.0,9000.0,14
2024-06-07 21:50:00,8930.0,8930.0,8890.0,8890.0,18
2024-06-07 22:30:00,8910.0,8910.0,8910.0,8910.0,1
2024-06-07 22:40:00,8890.0,8890.0,8860.0,8860.0,70
2024-06-07 22:50:00,8870.0,8870.0,8860.0,8860.0,4
2024-06-07 23:00:00,8860.0,8860.0,8860.0,8860.0,1
2024-06-10 09:00:00,9110.0,9110.0,9110.0,9110.0,1
2024-06-10 09:10:00,8950.0,8950.0,8950.0,8950.0,1
2024-06-10 09:20:00,8950.0,8950.0,8860.0,8860.0,85
2024-06-10 09:30:00,8890.0,8900.0,8760.0,8760.0,38
2024-06-10 09:40:00,8760.0,8850.0,8760.0,8830.0,4
2024-06-10 09:50:00,8970.0,8970.0,8960.0,8960.0,5
2024-06-10 10:00:00,8810.0,8830.0,8810.0,8830.0,5
2024-06-10 10:10:00,8910.0,8910.0,8910.0,8910.0,1
2024-06-10 10:20:00,8920.0,8920.0,8920.0,8920.0,2
2024-06-10 10:30:00,8810.0,8810.0,8810.0,8810.0,2
2024-06-10 10:40:00,8810.0,8850.0,8760.0,8850.0,51
2024-06-10 10:50:00,8880.0,8880.0,8870.0,8870.0,20
2024-06-10 11:00:00,8870.0,8870.0,8860.0,8860.0,410
2024-06-10 11:10:00,8770.0,8770.0,8770.0,8770.0,1
2024-06-10 11:20:00,8750.0,8750.0,8670.0,8690.0,24
2024-06-10 11:40:00,8700.0,8700.0,8660.0,8700.0,9
2024-06-10 11:50:00,8760.0,8950.0,8610.0,8730.0,11
2024-06-10 12:00:00,8660.0,8700.0,8660.0,8700.0,14
2024-06-10 12:10:00,8700.0,8750.0,8700.0,8700.0,14
2024-06-10 12:20:00,8740.0,8740.0,8660.0,8680.0,120
2024-06-10 12:30:00,8690.0,8690.0,8690.0,8690.0,1
2024-06-10 12:50:00,8660.0,8660.0,8660.0,8660.0,1
2024-06-10 13:00:00,8690.0,8710.0,8690.0,8710.0,5
2024-06-10 13:10:00,8710.0,8710.0,8710.0,8710.0,1
2024-06-10 13:20:00,8740.0,8740.0,8740.0,8740.0,1
2024-06-10 13:30:00,8700.0,8700.0,8690.0,8690.0,2
2024-06-10 13:40:00,8720.0,8810.0,8720.0,8800.0,11
2024-06-10 14:00:00,8800.0,8810.0,8800.0,8800.0,9
2024-06-10 14:10:00,8750.0,8800.0,8750.0,8800.0,3
2024-06-10 14:20:00,8800.0,8800.0,8800.0,8800.0,2
2024-06-10 14:30:00,8780.0,8780.0,8780.0,8780.0,1
2024-06-10 14:40:00,8750.0,8750.0,8740.0,8740.0,5
2024-06-10 14:50:00,8730.0,8730.0,8730.0,8730.0,2
2024-06-10 15:00:00,8750.0,8770.0,8730.0,8770.0,6
2024-06-10 15:20:00,8750.0,8750.0,8750.0,8750.0,1
2024-06-10 15:30:00,8790.0,8840.0,8790.0,8800.0,49
2024-06-10 15:40:00,8800.0,8850.0,8800.0,8850.0,4
2024-06-10 15:50:00,8850.0,8850.0,8850.0,8850.0,1
2024-06-10 16:00:00,8860.0,8860.0,8860.0,8860.0,2
2024-06-10 16:10:00,8800.0,8840.0,8710.0,8780.0,40
2024-06-10 16:30:00,8780.0,8780.0,8780.0,8780.0,1
2024-06-10 16:40:00,8810.0,8810.0,8780.0,8780.0,4
2024-06-10 17:10:00,8810.0,8810.0,8810.0,8810.0,1
2024-06-10 17:20:00,8780.0,8780.0,8780.0,8780.0,1
2024-06-10 17:40:00,8760.0,8760.0,8750.0,8750.0,4
2024-06-10 18:10:00,8750.0,8750.0,8730.0,8740.0,10
2024-06-10 18:20:00,8810.0,8810.0,8810.0,8810.0,1
2024-06-10 18:30:00,8730.0,8730.0,8730.0,8730.0,1
2024-06-10 18:40:00,8760.0,8760.0,8760.0,8760.0,1
2024-06-10 19:00:00,8790.0,8810.0,8790.0,8810.0,14
2024-06-10 19:10:00,8810.0,8810.0,8810.0,8810.0,6
2024-06-10 19:30:00,8820.0,8860.0,8820.0,8860.0,15
2024-06-10 19:40:00,8880.0,8880.0,8880.0,8880.0,6
2024-06-10 20:00:00,8880.0,8890.0,8880.0,8890.0,2
2024-06-10 20:20:00,8860.0,8860.0,8860.0,8860.0,1
2024-06-10 20:30:00,8830.0,8830.0,8830.0,8830.0,2
2024-06-10 20:40:00,8850.0,8850.0,8850.0,8850.0,1
2024-06-10 21:00:00,8890.0,8890.0,8890.0,8890.0,3
2024-06-10 21:10:00,9180.0,9180.0,9180.0,9180.0,1
2024-06-10 21:30:00,8920.0,8920.0,8920.0,8920.0,3
2024-06-10 21:40:00,8930.0,9030.0,8920.0,9020.0,24
2024-06-10 21:50:00,9020.0,9020.0,8970.0,8970.0,3
2024-06-10 22:00:00,9010.0,9010.0,8920.0,8920.0,6
2024-06-10 22:10:00,8920.0,8920.0,8900.0,8910.0,4
2024-06-10 22:20:00,9000.0,9020.0,9000.0,9020.0,3
2024-06-10 22:30:00,8940.0,8940.0,8940.0,8940.0,2
2024-06-10 23:30:00,8940.0,8940.0,8930.0,8930.0,7
2024-06-10 23:40:00,8940.0,8940.0,8930.0,8930.0,4
2024-06-11 09:00:00,8940.0,8940.0,8840.0,8840.0,44
2024-06-11 09:10:00,8880.0,8880.0,8870.0,8870.0,5
2024-06-11 09:20:00,8860.0,8860.0,8860.0,8860.0,13
2024-06-11 09:30:00,8850.0,8870.0,8850.0,8870.0,5
2024-06-11 09:50:00,8860.0,8960.0,8860.0,8960.0,17
2024-06-11 10:00:00,8910.0,8910.0,8840.0,8840.0,5
2024-06-11 10:10:00,8800.0,8830.0,8770.0,8780.0,16
2024-06-11 10:30:00,8830.0,8830.0,8780.0,8780.0,5
2024-06-11 10:40:00,8780.0,8780.0,8780.0,8780.0,1
2024-06-11 11:00:00,8790.0,8890.0,8790.0,8890.0,4
2024-06-11 11:10:00,8860.0,8880.0,8750.0,8880.0,11
2024-06-11 11:20:00,8850.0,8850.0,8850.0,8850.0,5
2024-06-11 11:50:00,8780.0,8780.0,8780.0,8780.0,1
2024-06-11 12:00:00,8850.0,8850.0,8850.0,8850.0,4
2024-06-11 12:30:00,8840.0,8840.0,8840.0,8840.0,1
2024-06-11 12:40:00,9070.0,9070.0,9070.0,9070.0,1
2024-06-11 12:50:00,8820.0,8820.0,8820.0,8820.0,2
2024-06-11 13:20:00,8780.0,8780.0,8780.0,8780.0,3
2024-06-11 13:30:00,8830.0,8830.0,8780.0,8780.0,6
2024-06-11 13:40:00,8780.0,8830.0,8770.0,8830.0,3
2024-06-11 13:50:00,8820.0,8830.0,8820.0,8830.0,2
2024-06-11 14:00:00,8810.0,8810.0,8810.0,8810.0,1
2024-06-11 14:20:00,9060.0,9060.0,9060.0,9060.0,1
2024-06-11 14:40:00,8780.0,8780.0,8780.0,8780.0,1
2024-06-11 15:00:00,8900.0,8900.0,8900.0,8900.0,1
2024-06-11 15:10:00,8810.0,8810.0,8810.0,8810.0,3
2024-06-11 15:30:00,8850.0,8880.0,8850.0,8880.0,23
2024-06-11 15:40:00,8890.0,8940.0,8880.0,8880.0,3
2024-06-11 15:50:00,8920.0,8930.0,8920.0,8930.0,8
2024-06-11 16:00:00,8950.0,8950.0,8820.0,8820.0,3
2024-06-11 16:10:00,9040.0,9040.0,9040.0,9040.0,1
2024-06-11 16:20:00,8920.0,8950.0,8920.0,8950.0,4
2024-06-11 16:30:00,9320.0,9320.0,9320.0,9320.0,1
2024-06-11 16:40:00,8910.0,8910.0,8910.0,8910.0,1
2024-06-11 16:50:00,8950.0,8950.0,8840.0,8940.0,17
2024-06-11 17:00:00,8900.0,8900.0,8900.0,8900.0,1
2024-06-11 17:10:00,8930.0,8930.0,8930.0,8930.0,1
2024-06-11 17:20:00,8900.0,8940.0,8900.0,8940.0,2
2024-06-11 17:30:00,8930.0,8950.0,8930.0,8950.0,7
2024-06-11 17:40:00,8870.0,8870.0,8840.0,8840.0,5
2024-06-11 17:50:00,9040.0,9040.0,9040.0,9040.0,1
2024-06-11 18:00:00,8950.0,8960.0,8950.0,8960.0,20
2024-06-11 18:20:00,9040.0,9130.0,9040.0,9130.0,18
2024-06-11 18:30:00,8950.0,8950.0,8930.0,8930.0,3
2024-06-11 18:40:00,8940.0,8970.0,8940.0,8970.0,32
2024-06-11 19:00:00,8920.0,8920.0,8780.0,8780.0,24
2024-06-11 19:10:00,8920.0,8990.0,8830.0,8980.0,19
2024-06-11 19:20:00,8860.0,8860.0,8860.0,8860.0,1
2024-06-11 19:40:00,8960.0,9000.0,8900.0,8900.0,11
2024-06-11 19:50:00,8990.0,9050.0,8890.0,9050.0,36
2024-06-11 20:00:00,9040.0,9050.0,8850.0,9050.0,20
2024-06-11 20:10:00,9050.0,9050.0,8940.0,8940.0,2
2024-06-11 20:20:00,9020.0,9070.0,9020.0,9060.0,19
2024-06-11 20:30:00,9060.0,9070.0,9060.0,9070.0,17
2024-06-11 20:40:00,9410.0,9420.0,9410.0,9420.0,4
2024-06-11 20:50:00,9070.0,9070.0,8980.0,8980.0,11
2024-06-11 21:10:00,9070.0,9070.0,9070.0,9070.0,2
2024-06-11 21:20:00,9020.0,9020.0,8960.0,8960.0,6
2024-06-11 21:30:00,9380.0,9380.0,9370.0,9370.0,24
2024-06-11 21:40:00,9220.0,9220.0,9220.0,9220.0,1
2024-06-11 21:50:00,8880.0,8880.0,8880.0,8880.0,2
2024-06-11 22:10:00,8880.0,8920.0,8880.0,8920.0,15
2024-06-11 23:00:00,8860.0,8860.0,8860.0,8860.0,3
2024-06-11 23:20:00,8870.0,8920.0,8870.0,8920.0,19
2024-06-11 23:30:00,8920.0,8920.0,8920.0,8920.0,4
2024-06-11 23:40:00,9320.0,9320.0,9320.0,9320.0,1
2024-06-13 09:50:00,8970.0,8970.0,8970.0,8970.0,25
2024-06-13 10:00:00,8970.0,9200.0,8930.0,9200.0,129
2024-06-13 10:10:00,9200.0,9200.0,9150.0,9150.0,2
2024-06-13 10:20:00,9110.0,9110.0,8950.0,8970.0,21
2024-06-13 10:30:00,9230.0,9230.0,8970.0,8970.0,39
2024-06-13 10:40:00,9040.0,9040.0,9040.0,9040.0,1
2024-06-13 10:50:00,8980.0,9080.0,8980.0,9080.0,3
2024-06-13 11:00:00,9080.0,9080.0,9080.0,9080.0,1
2024-06-13 11:10:00,9100.0,9100.0,9100.0,9100.0,5
2024-06-13 11:20:00,8850.0,8850.0,8850.0,8850.0,1
2024-06-13 11:30:00,9030.0,9030.0,9030.0,9030.0,1
2024-06-13 11:40:00,9040.0,9060.0,9040.0,9060.0,6
2024-06-13 12:00:00,9110.0,9180.0,9110.0,9160.0,122
2024-06-13 12:10:00,9180.0,9190.0,9160.0,9190.0,40
2024-06-13 12:20:00,9200.0,9200.0,9200.0,9200.0,1
2024-06-13 12:30:00,9190.0,9240.0,9080.0,9080.0,1416
2024-06-13 12:40:00,9210.0,9210.0,9210.0,9210.0,4
2024-06-13 12:50:00,9270.0,9400.0,9210.0,9210.0,49
2024-06-13 13:00:00,9340.0,9400.0,9340.0,9390.0,14
2024-06-13 13:10:00,9390.0,9560.0,9390.0,9560.0,1099
2024-06-13 13:20:00,9610.0,9610.0,9490.0,9580.0,22
2024-06-13 13:30:00,9480.0,9480.0,9480.0,9480.0,1
2024-06-13 13:40:00,9600.0,9600.0,9500.0,9530.0,12
2024-06-13 13:50:00,9530.0,9600.0,9530.0,9600.0,18
2024-06-13 14:00:00,9600.0,9700.0,9600.0,9690.0,92
2024-06-13 14:10:00,9680.0,9700.0,9640.0,9700.0,45
2024-06-13 14:20:00,9680.0,9680.0,9680.0,9680.0,1
2024-06-13 14:30:00,9830.0,9830.0,9830.0,9830.0,1
2024-06-13 14:40:00,9640.0,9640.0,9480.0,9570.0,68
2024-06-13 14:50:00,9510.0,9680.0,9500.0,9630.0,10
2024-06-13 15:00:00,9570.0,9570.0,9570.0,9570.0,1
2024-06-13 15:20:00,9570.0,9570.0,9570.0,9570.0,1
2024-06-13 15:30:00,9620.0,9620.0,9490.0,9490.0,6
2024-06-13 15:50:00,9520.0,9520.0,9490.0,9490.0,7
2024-06-13 16:00:00,9570.0,9570.0,9570.0,9570.0,1
2024-06-13 16:10:00,9830.0,9830.0,9830.0,9830.0,1
2024-06-13 16:30:00,9580.0,9670.0,9580.0,9650.0,15
2024-06-13 16:40:00,9610.0,9680.0,9580.0,9680.0,29
2024-06-13 16:50:00,9840.0,9840.0,9780.0,9780.0,3
2024-06-13 17:00:00,9630.0,9680.0,9590.0,9590.0,12
2024-06-13 17:20:00,9590.0,9640.0,9590.0,9640.0,12
2024-06-13 17:30:00,9640.0,9640.0,9640.0,9640.0,1
2024-06-13 17:40:00,9640.0,9640.0,9640.0,9640.0,2
2024-06-13 17:50:00,9780.0,9780.0,9770.0,9770.0,2
2024-06-13 18:00:00,9600.0,9600.0,9600.0,9600.0,2
2024-06-13 18:20:00,9600.0,9640.0,9590.0,9600.0,9
2024-06-13 18:30:00,9590.0,9590.0,9590.0,9590.0,2
2024-06-13 18:40:00,9640.0,9680.0,9640.0,9680.0,10
2024-06-13 19:20:00,9600.0,9610.0,9600.0,9610.0,2
2024-06-13 19:30:00,9670.0,9680.0,9670.0,9680.0,4
2024-06-13 19:40:00,9860.0,9870.0,9860.0,9870.0,6
2024-06-13 19:50:00,9680.0,9690.0,9680.0,9690.0,19
2024-06-13 20:10:00,9660.0,9660.0,9630.0,9630.0,9
2024-06-13 20:20:00,9630.0,9690.0,9630.0,9630.0,4
2024-06-13 20:30:00,9980.0,10040.0,9970.0,10040.0,8
2024-06-13 20:40:00,10040.0,10040.0,10040.0,10040.0,1
2024-06-13 20:50:00,9690.0,9690.0,9690.0,9690.0,1
2024-06-13 21:20:00,9670.0,9670.0,9670.0,9670.0,1
2024-06-13 21:30:00,9670.0,9690.0,9670.0,9690.0,4
2024-06-13 21:40:00,9680.0,9680.0,9680.0,9680.0,1
2024-06-13 21:50:00,9640.0,9640.0,9640.0,9640.0,1
2024-06-13 22:00:00,9630.0,9630.0,9630.0,9630.0,1
2024-06-13 22:20:00,9630.0,9680.0,9630.0,9680.0,7
2024-06-13 22:30:00,9620.0,9630.0,9620.0,9620.0,3
2024-06-13 23:00:00,9670.0,9670.0,9670.0,9670.0,3
2024-06-13 23:30:00,9630.0,9630.0,9630.0,9630.0,3
2024-06-13 23:40:00,10100.0,10100.0,10100.0,10100.0,1
2024-06-14 09:50:00,9700.0,9700.0,9700.0,9700.0,10
2024-06-14 10:00:00,9690.0,9700.0,9630.0,9700.0,16
2024-06-14 10:10:00,9690.0,9700.0,9690.0,9690.0,12
2024-06-14 10:20:00,10000.0,10000.0,10000.0,10000.0,1
2024-06-14 10:30:00,9680.0,9700.0,9680.0,9700.0,5
2024-06-14 10:40:00,9670.0,9700.0,9660.0,9660.0,13
2024-06-14 11:00:00,9870.0,9870.0,9870.0,9870.0,1
2024-06-14 11:10:00,9680.0,9680.0,9680.0,9680.0,2
2024-06-14 11:20:00,9670.0,9670.0,9670.0,9670.0,1
2024-06-14 11:30:00,9590.0,9590.0,9580.0,9580.0,3
2024-06-14 11:40:00,9960.0,9980.0,9960.0,9980.0,5
2024-06-14 11:50:00,9580.0,9580.0,9480.0,9480.0,60
2024-06-14 12:00:00,9560.0,9610.0,9520.0,9600.0,7
2024-06-14 12:10:00,9850.0,9850.0,9850.0,9850.0,1
2024-06-14 12:20:00,9590.0,9680.0,9590.0,9680.0,14
2024-06-14 12:40:00,9660.0,9660.0,9660.0,9660.0,1
2024-06-14 12:50:00,9580.0,9670.0,9580.0,9670.0,5
2024-06-14 13:10:00,9670.0,9760.0,9640.0,9760.0,34
2024-06-14 13:20:00,9750.0,9870.0,9750.0,9800.0,92
2024-06-14 13:30:00,9800.0,9860.0,9760.0,9770.0,19
2024-06-14 13:40:00,9860.0,9860.0,9790.0,9800.0,21
2024-06-14 13:50:00,9800.0,9870.0,9800.0,9870.0,62
2024-06-14 14:00:00,9860.0,9860.0,9850.0,9850.0,2
2024-06-14 14:10:00,9810.0,9810.0,9810.0,9810.0,15
2024-06-14 14:20:00,9960.0,9960.0,9960.0,9960.0,1
2024-06-14 14:30:00,9660.0,9780.0,9570.0,9780.0,51
2024-06-14 14:40:00,9740.0,9790.0,9730.0,9790.0,19
2024-06-14 14:50:00,9780.0,9790.0,9780.0,9790.0,7
2024-06-14 15:00:00,9790.0,9790.0,9790.0,9790.0,1
2024-06-14 15:10:00,9790.0,9800.0,9790.0,9800.0,18
2024-06-14 15:30:00,9790.0,9830.0,9790.0,9830.0,51
2024-06-14 15:40:00,9820.0,9830.0,9820.0,9830.0,20
2024-06-14 15:50:00,9830.0,9830.0,9820.0,9820.0,13
2024-06-14 16:00:00,9820.0,9820.0,9820.0,9820.0,4
2024-06-14 16:10:00,9820.0,9820.0,9820.0,9820.0,3
2024-06-14 16:20:00,9820.0,9820.0,9820.0,9820.0,5
2024-06-14 16:30:00,9820.0,9820.0,9820.0,9820.0,5
2024-06-14 16:40:00,9900.0,9900.0,9900.0,9900.0,1
2024-06-14 16:50:00,9820.0,9820.0,9740.0,9740.0,5
2024-06-14 17:00:00,9750.0,9750.0,9730.0,9730.0,7
2024-06-14 17:10:00,9710.0,9710.0,9610.0,9610.0,25
2024-06-14 17:20:00,9640.0,9750.0,9640.0,9670.0,20
2024-06-14 17:30:00,9730.0,9740.0,9730.0,9730.0,6
2024-06-14 17:40:00,9740.0,9810.0,9740.0,9810.0,22
2024-06-14 17:50:00,9800.0,9800.0,9800.0,9800.0,2
2024-06-14 18:10:00,9780.0,9780.0,9750.0,9750.0,5
2024-06-14 18:30:00,9780.0,9780.0,9780.0,9780.0,5
2024-06-14 18:40:00,9750.0,9790.0,9750.0,9790.0,7
2024-06-14 19:10:00,9770.0,9770.0,9750.0,9750.0,4
2024-06-14 19:20:00,9960.0,10000.0,9960.0,10000.0,7
2024-06-14 19:30:00,9760.0,9780.0,9730.0,9730.0,5
2024-06-14 19:40:00,9790.0,9790.0,9790.0,9790.0,1
2024-06-14 19:50:00,9800.0,9800.0,9800.0,9800.0,2
2024-06-14 20:20:00,9790.0,9800.0,9790.0,9800.0,7
2024-06-14 21:00:00,9760.0,9760.0,9760.0,9760.0,1
2024-06-14 21:10:00,9760.0,9760.0,9760.0,9760.0,1
2024-06-14 22:10:00,9770.0,9770.0,9770.0,9770.0,3
2024-06-14 22:30:00,9760.0,9760.0,9760.0,9760.0,2
2024-06-14 23:00:00,9710.0,9710.0,9680.0,9680.0,18
2024-06-14 23:10:00,9750.0,9760.0,9750.0,9760.0,5
2024-06-14 23:30:00,9750.0,9800.0,9750.0,9800.0,13
2024-06-17 09:50:00,9800.0,9800.0,9800.0,9800.0,2
2024-06-17 10:00:00,9800.0,9800.0,9680.0,9790.0,21
2024-06-17 10:10:00,9800.0,9800.0,9750.0,9750.0,40
2024-06-17 10:20:00,9750.0,9750.0,9700.0,9700.0,70
2024-06-17 10:30:00,9620.0,9630.0,9620.0,9630.0,6
2024-06-17 10:40:00,9700.0,9700.0,9700.0,9700.0,1
2024-06-17 10:50:00,9700.0,9700.0,9460.0,9490.0,175
2024-06-17 11:00:00,9490.0,9650.0,9490.0,9510.0,30
2024-06-17 11:10:00,9610.0,9650.0,9570.0,9570.0,9
2024-06-17 11:20:00,9650.0,9660.0,9650.0,9660.0,3
2024-06-17 11:30:00,9580.0,9580.0,9570.0,9570.0,5
2024-06-17 11:40:00,9580.0,9580.0,9580.0,9580.0,1
2024-06-17 11:50:00,9580.0,9590.0,9580.0,9590.0,19
2024-06-17 12:00:00,9560.0,9610.0,9560.0,9610.0,6
2024-06-17 12:20:00,9580.0,9590.0,9580.0,9590.0,2
2024-06-17 12:30:00,9540.0,9540.0,9430.0,9460.0,69
2024-06-17 12:40:00,9620.0,9620.0,9620.0,9620.0,2
2024-06-17 12:50:00,9450.0,9490.0,9400.0,9490.0,101
2024-06-17 13:00:00,9390.0,9390.0,9290.0,9290.0,67
2024-06-17 13:10:00,9330.0,9350.0,9330.0,9350.0,6
2024-06-17 13:20:00,9350.0,9350.0,9270.0,9280.0,222
2024-06-17 13:30:00,9280.0,9300.0,9280.0,9300.0,6
2024-06-17 13:40:00,9330.0,9330.0,9330.0,9330.0,1
2024-06-17 13:50:00,9330.0,9330.0,9330.0,9330.0,2
2024-06-17 14:00:00,9390.0,9440.0,9390.0,9430.0,24
2024-06-17 14:20:00,9420.0,9430.0,9420.0,9430.0,30
2024-06-17 14:30:00,9440.0,9440.0,9350.0,9350.0,200
2024-06-17 14:40:00,9420.0,9420.0,9420.0,9420.0,6
2024-06-17 14:50:00,9620.0,9620.0,9620.0,9620.0,1
2024-06-17 15:00:00,9410.0,9410.0,9410.0,9410.0,2
2024-06-17 15:10:00,9360.0,9360.0,9280.0,9280.0,22
2024-06-17 15:20:00,9300.0,9420.0,9300.0,9420.0,11
2024-06-17 15:30:00,9420.0,9420.0,9370.0,9420.0,27
2024-06-17 15:40:00,9420.0,9420.0,9420.0,9420.0,2
2024-06-17 16:10:00,9390.0,9390.0,9370.0,9370.0,3
2024-06-17 16:20:00,9410.0,9420.0,9370.0,9380.0,17
2024-06-17 16:30:00,9370.0,9370.0,9370.0,9370.0,2
2024-06-17 16:40:00,9330.0,9330.0,9310.0,9310.0,3
2024-06-17 16:50:00,9380.0,9420.0,9380.0,9400.0,4
2024-06-17 17:00:00,9330.0,9330.0,9300.0,9300.0,15
2024-06-17 17:10:00,9300.0,9300.0,9190.0,9260.0,253
2024-06-17 17:20:00,9460.0,9460.0,9450.0,9450.0,7
2024-06-17 17:30:00,9240.0,9300.0,9200.0,9300.0,7
2024-06-17 17:40:00,9230.0,9230.0,9210.0,9210.0,5
2024-06-17 17:50:00,9220.0,9220.0,9200.0,9200.0,4
2024-06-17 18:00:00,9240.0,9270.0,9240.0,9270.0,2
2024-06-17 18:20:00,9250.0,9250.0,9250.0,9250.0,1
2024-06-17 18:30:00,9260.0,9260.0,9260.0,9260.0,1
2024-06-17 18:40:00,9430.0,9430.0,9430.0,9430.0,1
2024-06-17 19:10:00,9190.0,9190.0,9160.0,9160.0,115
2024-06-17 19:20:00,9160.0,9240.0,9160.0,9240.0,5
2024-06-17 19:30:00,9170.0,9170.0,9170.0,9170.0,2
2024-06-17 19:40:00,9170.0,9230.0,9160.0,9230.0,11
2024-06-17 19:50:00,9210.0,9210.0,9150.0,9150.0,4
2024-06-17 20:10:00,9200.0,9200.0,9200.0,9200.0,1
2024-06-17 20:40:00,9180.0,9200.0,9180.0,9200.0,6
2024-06-17 20:50:00,9220.0,9220.0,9220.0,9220.0,5
2024-06-17 21:10:00,9230.0,9230.0,9230.0,9230.0,3
2024-06-17 21:40:00,9190.0,9220.0,9190.0,9220.0,3
2024-06-17 21:50:00,9220.0,9220.0,9220.0,9220.0,1
2024-06-17 22:20:00,9210.0,9210.0,9210.0,9210.0,2
2024-06-17 22:30:00,9220.0,9220.0,9220.0,9220.0,2
2024-06-17 22:40:00,9190.0,9190.0,9190.0,9190.0,2
2024-06-17 22:50:00,9180.0,9180.0,9180.0,9180.0,1
2024-06-17 23:00:00,9180.0,9180.0,9180.0,9180.0,3
2024-06-17 23:10:00,9180.0,9180.0,9180.0,9180.0,5
2024-06-17 23:40:00,9180.0,9180.0,9180.0,9180.0,5
2024-06-18 09:50:00,9290.0,9290.0,9290.0,9290.0,1
2024-06-18 10:00:00,9190.0,9360.0,9190.0,9300.0,34
2024-06-18 10:10:00,9300.0,9320.0,9290.0,9320.0,7
2024-06-18 10:20:00,9320.0,9360.0,9320.0,9360.0,28
2024-06-18 10:30:00,9360.0,9360.0,9270.0,9290.0,20
2024-06-18 10:40:00,9260.0,9260.0,9200.0,9200.0,13
2024-06-18 10:50:00,9640.0,9640.0,9640.0,9640.0,1
2024-06-18 11:00:00,9260.0,9260.0,9260.0,9260.0,1
2024-06-18 11:10:00,9290.0,9330.0,9280.0,9320.0,11
2024-06-18 11:20:00,9260.0,9260.0,9240.0,9240.0,7
2024-06-18 11:40:00,9240.0,9240.0,9240.0,9240.0,1
2024-06-18 11:50:00,9410.0,9410.0,9410.0,9410.0,1
2024-06-18 12:00:00,9240.0,9280.0,9240.0,9280.0,13
2024-06-18 12:10:00,9290.0,9290.0,9290.0,9290.0,2
2024-06-18 12:20:00,9290.0,9300.0,9290.0,9300.0,6
2024-06-18 12:30:00,9290.0,9310.0,9180.0,9180.0,190
2024-06-18 12:40:00,9280.0,9320.0,9180.0,9180.0,49
2024-06-18 12:50:00,9160.0,9200.0,9150.0,9200.0,8
2024-06-18 13:00:00,9160.0,9160.0,9150.0,9150.0,7
2024-06-18 13:10:00,9110.0,9180.0,9000.0,9010.0,224
2024-06-18 13:20:00,8990.0,9160.0,8980.0,8980.0,15
2024-06-18 13:30:00,9090.0,9110.0,8990.0,8990.0,8
2024-06-18 13:40:00,8990.0,9150.0,8990.0,9150.0,13
2024-06-18 13:50:00,9050.0,9050.0,9000.0,9000.0,15
2024-06-18 14:00:00,9010.0,9010.0,9010.0,9010.0,1
2024-06-18 14:20:00,9010.0,9010.0,9010.0,9010.0,2
2024-06-18 14:30:00,8990.0,8990.0,8960.0,8960.0,134
2024-06-18 14:40:00,8920.0,9000.0,8920.0,9000.0,4
2024-06-18 14:50:00,9000.0,9000.0,9000.0,9000.0,10
2024-06-18 15:00:00,9000.0,9000.0,9000.0,9000.0,1
2024-06-18 15:20:00,9010.0,9010.0,8910.0,8910.0,16
2024-06-18 15:30:00,8980.0,9010.0,8940.0,9010.0,8
2024-06-18 15:50:00,8950.0,8990.0,8930.0,8930.0,11
2024-06-18 16:00:00,8910.0,8990.0,8910.0,8950.0,11
2024-06-18 16:10:00,8950.0,8950.0,8900.0,8900.0,7
2024-06-18 16:20:00,9370.0,9370.0,9220.0,9220.0,21
2024-06-18 16:30:00,8900.0,8900.0,8900.0,8900.0,3
2024-06-18 16:40:00,8910.0,8980.0,8910.0,8980.0,100
2024-06-18 16:50:00,8960.0,8960.0,8910.0,8910.0,2
2024-06-18 17:00:00,8900.0,8960.0,8890.0,8950.0,19
2024-06-18 17:10:00,8950.0,8960.0,8950.0,8960.0,5
2024-06-18 17:20:00,8970.0,8970.0,8920.0,8920.0,3
2024-06-18 17:30:00,8960.0,8970.0,8960.0,8970.0,4
2024-06-18 17:40:00,8920.0,8920.0,8920.0,8920.0,3
2024-06-18 17:50:00,8920.0,8960.0,8890.0,8960.0,6
2024-06-18 18:00:00,8960.0,8980.0,8960.0,8980.0,35
2024-06-18 18:10:00,8980.0,9010.0,8980.0,9010.0,10
2024-06-18 18:20:00,9020.0,9040.0,9020.0,9030.0,18
2024-06-18 18:30:00,9460.0,9460.0,9460.0,9460.0,1
2024-06-18 19:20:00,9020.0,9050.0,9020.0,9050.0,5
2024-06-18 19:30:00,9060.0,9070.0,9060.0,9070.0,4
2024-06-18 19:40:00,9090.0,9100.0,9090.0,9100.0,17
2024-06-18 19:50:00,9100.0,9100.0,9100.0,9100.0,7
2024-06-18 20:00:00,9110.0,9110.0,9100.0,9100.0,23
2024-06-18 20:20:00,9100.0,9100.0,9100.0,9100.0,2
2024-06-18 21:00:00,9100.0,9100.0,9100.0,9100.0,1
2024-06-18 21:10:00,9110.0,9110.0,9110.0,9110.0,1
2024-06-18 21:20:00,9110.0,9160.0,9110.0,9130.0,8
2024-06-18 21:40:00,9130.0,9130.0,9130.0,9130.0,1
2024-06-18 21:50:00,9560.0,9560.0,9560.0,9560.0,1
2024-06-18 22:00:00,9070.0,9070.0,9050.0,9050.0,5
2024-06-18 22:10:00,9040.0,9110.0,9040.0,9110.0,6
2024-06-18 22:40:00,9050.0,9050.0,9040.0,9040.0,7
2024-06-18 22:50:00,9050.0,9050.0,9050.0,9050.0,1
2024-06-18 23:20:00,9040.0,9060.0,9040.0,9060.0,3
2024-06-18 23:30:00,9100.0,9100.0,9100.0,9100.0,2
2024-06-19 10:10:00,9330.0,9330.0,9330.0,9330.0,1
2024-06-19 10:20:00,9110.0,9110.0,9100.0,9110.0,16
2024-06-19 10:30:00,9330.0,9330.0,9330.0,9330.0,1
2024-06-19 10:40:00,8920.0,8920.0,8910.0,8910.0,5
2024-06-19 11:00:00,8940.0,8940.0,8920.0,8920.0,6
2024-06-19 11:10:00,8920.0,8920.0,8910.0,8910.0,2
2024-06-19 11:20:00,10010.0,10010.0,9320.0,9320.0,2
2024-06-19 11:30:00,8920.0,8920.0,8910.0,8910.0,7
2024-06-19 11:40:00,8940.0,8940.0,8910.0,8940.0,21
2024-06-19 11:50:00,8910.0,8910.0,8910.0,8910.0,1
2024-06-19 12:00:00,8910.0,8910.0,8910.0,8910.0,1
2024-06-19 12:20:00,8910.0,8910.0,8880.0,8880.0,40
2024-06-19 12:30:00,8890.0,8900.0,8880.0,8900.0,51
2024-06-19 12:40:00,8930.0,8930.0,8930.0,8930.0,1
2024-06-19 12:50:00,8890.0,8910.0,8830.0,8910.0,150
2024-06-19 13:00:00,8900.0,8900.0,8850.0,8850.0,31
2024-06-19 13:10:00,8920.0,9260.0,8830.0,8880.0,325
2024-06-19 13:20:00,9100.0,9100.0,8820.0,8820.0,80
2024-06-19 13:30:00,8850.0,8950.0,8850.0,8920.0,14
2024-06-19 13:40:00,8850.0,8850.0,8830.0,8830.0,17
2024-06-19 13:50:00,8830.0,8830.0,8830.0,8830.0,7
2024-06-19 14:00:00,8870.0,8870.0,8870.0,8870.0,1
2024-06-19 14:10:00,8870.0,8870.0,8780.0,8830.0,30
2024-06-19 14:20:00,9230.0,9230.0,9230.0,9230.0,1
2024-06-19 14:30:00,8780.0,8780.0,8760.0,8760.0,20
2024-06-19 14:40:00,8760.0,8760.0,8750.0,8750.0,16
2024-06-19 15:00:00,9260.0,9260.0,9260.0,9260.0,3
2024-06-19 15:20:00,8830.0,8830.0,8810.0,8810.0,3
2024-06-19 15:30:00,9230.0,9230.0,9230.0,9230.0,4
2024-06-19 15:40:00,8760.0,8760.0,8760.0,8760.0,2
2024-06-19 15:50:00,9230.0,9230.0,9230.0,9230.0,1
2024-06-19 16:00:00,8750.0,8760.0,8750.0,8760.0,15
2024-06-19 16:10:00,8750.0,8760.0,8750.0,8760.0,4
2024-06-19 16:20:00,8740.0,8740.0,8740.0,8740.0,16
2024-06-19 16:30:00,8740.0,8760.0,8740.0,8760.0,4
2024-06-19 16:40:00,8750.0,8750.0,8750.0,8750.0,5
2024-06-19 16:50:00,8750.0,8750.0,8750.0,8750.0,1
2024-06-19 17:00:00,8750.0,8750.0,8750.0,8750.0,1
2024-06-19 17:10:00,8750.0,8750.0,8750.0,8750.0,3
2024-06-19 17:20:00,9220.0,9220.0,9220.0,9220.0,1
2024-06-19 17:30:00,8800.0,8820.0,8800.0,8820.0,5
2024-06-19 17:50:00,8810.0,8810.0,8810.0,8810.0,2
2024-06-19 18:10:00,8800.0,8810.0,8800.0,8810.0,15
2024-06-19 18:20:00,9230.0,9230.0,9230.0,9230.0,1
2024-06-19 18:40:00,9140.0,9140.0,9070.0,9080.0,4
2024-06-19 19:10:00,8820.0,8830.0,8820.0,8830.0,2
2024-06-19 19:30:00,8830.0,8840.0,8830.0,8840.0,3
2024-06-19 20:10:00,8840.0,8840.0,8840.0,8840.0,17
2024-06-19 20:20:00,8850.0,8850.0,8850.0,8850.0,4
2024-06-19 20:30:00,9500.0,9500.0,9500.0,9500.0,1
2024-06-19 20:40:00,8910.0,8910.0,8910.0,8910.0,3
2024-06-19 21:00:00,8860.0,8890.0,8790.0,8890.0,11
2024-06-19 22:20:00,8820.0,8820.0,8810.0,8810.0,5
2024-06-19 22:30:00,8860.0,8860.0,8860.0,8860.0,1
2024-06-19 23:00:00,8860.0,8860.0,8860.0,8860.0,1
2024-06-19 23:10:00,8810.0,8810.0,8790.0,8790.0,5
2024-06-19 23:20:00,8800.0,8800.0,8800.0,8800.0,1
2024-06-20 09:50:00,8770.0,8770.0,8770.0,8770.0,1
2024-06-20 10:00:00,8940.0,8940.0,8890.0,8890.0,10
2024-06-20 10:20:00,8860.0,8860.0,8860.0,8860.0,2
2024-06-20 10:30:00,8860.0,8860.0,8780.0,8780.0,7
2024-06-20 10:40:00,8800.0,8800.0,8790.0,8790.0,6
2024-06-20 10:50:00,8780.0,8850.0,8780.0,8850.0,9
2024-06-20 11:10:00,8850.0,8850.0,8730.0,8730.0,223
2024-06-20 11:20:00,8730.0,8810.0,8660.0,8690.0,71
2024-06-20 11:30:00,8750.0,8760.0,8750.0,8760.0,3
2024-06-20 11:40:00,8760.0,8760.0,8700.0,8700.0,5
2024-06-20 11:50:00,8700.0,8700.0,8660.0,8660.0,17
2024-06-20 12:00:00,8660.0,8660.0,8660.0,8660.0,4
2024-06-20 12:10:00,8670.0,8670.0,8670.0,8670.0,2
2024-06-20 12:20:00,8710.0,8710.0,8710.0,8710.0,1
2024-06-20 12:30:00,8710.0,8710.0,8680.0,8680.0,2
2024-06-20 12:50:00,8680.0,8680.0,8510.0,8600.0,212
2024-06-20 13:00:00,9090.0,9090.0,9090.0,9090.0,4
2024-06-20 13:10:00,9280.0,9280.0,9280.0,9280.0,2
2024-06-20 13:20:00,8570.0,8570.0,8550.0,8550.0,14
2024-06-20 13:40:00,8540.0,8590.0,8530.0,8530.0,10
2024-06-20 13:50:00,9100.0,9100.0,9100.0,9100.0,5
2024-06-20 14:00:00,8530.0,8530.0,8480.0,8480.0,62
2024-06-20 14:10:00,8490.0,8490.0,8480.0,8480.0,8
2024-06-20 14:20:00,8540.0,8560.0,8540.0,8560.0,3
2024-06-20 14:30:00,9250.0,9350.0,9250.0,9350.0,40
2024-06-20 14:40:00,8530.0,8530.0,8510.0,8510.0,3
2024-06-20 14:50:00,9210.0,9210.0,9210.0,9210.0,4
2024-06-20 15:00:00,8510.0,8520.0,8480.0,8520.0,45
2024-06-20 15:10:00,9090.0,9160.0,8960.0,9160.0,116
2024-06-20 15:20:00,8510.0,8520.0,8510.0,8520.0,7
2024-06-20 15:30:00,8520.0,8520.0,8510.0,8510.0,5
2024-06-20 15:40:00,8480.0,8480.0,8480.0,8480.0,11
2024-06-20 15:50:00,8510.0,8510.0,8480.0,8480.0,79
2024-06-20 16:00:00,8480.0,8520.0,8480.0,8520.0,81
2024-06-20 16:10:00,8480.0,8480.0,8480.0,8480.0,3
2024-06-20 16:20:00,8480.0,8480.0,8480.0,8480.0,1
2024-06-20 16:30:00,8480.0,8520.0,8480.0,8520.0,34
2024-06-20 16:50:00,8530.0,8540.0,8480.0,8480.0,23
2024-06-20 17:00:00,8490.0,8490.0,8480.0,8480.0,8
2024-06-20 17:10:00,9110.0,9110.0,9110.0,9110.0,1
2024-06-20 17:30:00,8490.0,8490.0,8480.0,8480.0,21
2024-06-20 17:50:00,8530.0,8530.0,8530.0,8530.0,8
2024-06-20 18:00:00,8520.0,8530.0,8490.0,8490.0,7
2024-06-20 18:10:00,9100.0,9100.0,9100.0,9100.0,1
2024-06-20 18:20:00,8540.0,8540.0,8540.0,8540.0,1
2024-06-20 18:30:00,8540.0,8550.0,8540.0,8550.0,15
2024-06-20 18:40:00,8530.0,8540.0,8480.0,8480.0,63
2024-06-20 19:10:00,8540.0,8540.0,8540.0,8540.0,1
2024-06-20 19:20:00,8530.0,8530.0,8530.0,8530.0,1
2024-06-20 19:30:00,8490.0,8550.0,8490.0,8550.0,15
2024-06-20 19:40:00,8500.0,8550.0,8480.0,8550.0,26
2024-06-20 20:00:00,8490.0,8490.0,8480.0,8480.0,30
2024-06-20 20:10:00,8520.0,8520.0,8520.0,8520.0,1
2024-06-20 20:30:00,8520.0,8530.0,8520.0,8530.0,3
2024-06-20 20:40:00,9150.0,9150.0,9150.0,9150.0,1
2024-06-20 20:50:00,8520.0,8520.0,8520.0,8520.0,2
2024-06-20 21:00:00,8520.0,8520.0,8520.0,8520.0,3
2024-06-20 21:20:00,8530.0,8530.0,8530.0,8530.0,1
2024-06-20 21:50:00,8480.0,8480.0,8480.0,8480.0,3
2024-06-20 22:00:00,8480.0,8480.0,8480.0,8480.0,6
2024-06-20 22:10:00,8470.0,8520.0,8470.0,8520.0,2
2024-06-20 22:20:00,8510.0,8510.0,8510.0,8510.0,5
2024-06-20 22:40:00,8510.0,8510.0,8510.0,8510.0,5
2024-06-20 22:50:00,8510.0,8510.0,8510.0,8510.0,6
2024-06-21 10:00:00,8460.0,8460.0,8310.0,8350.0,105
2024-06-21 10:10:00,8350.0,8350.0,8330.0,8330.0,57
2024-06-21 10:20:00,8330.0,8330.0,8330.0,8330.0,1
2024-06-21 10:30:00,8330.0,8350.0,8330.0,8350.0,14
2024-06-21 10:40:00,8910.0,8910.0,8910.0,8910.0,1
2024-06-21 10:50:00,8350.0,8380.0,8330.0,8380.0,24
2024-06-21 11:00:00,8910.0,8910.0,8910.0,8910.0,4
2024-06-21 11:10:00,8380.0,8380.0,8380.0,8380.0,1
2024-06-21 11:20:00,8960.0,8960.0,8960.0,8960.0,1
2024-06-21 11:30:00,8960.0,8960.0,8960.0,8960.0,10
2024-06-21 11:40:00,8940.0,8940.0,8940.0,8940.0,2
2024-06-21 11:50:00,8870.0,8870.0,8860.0,8860.0,5
2024-06-21 12:10:00,8950.0,8950.0,8950.0,8950.0,1
2024-06-21 13:00:00,8880.0,8880.0,8860.0,8860.0,10
2024-06-21 13:10:00,8400.0,8460.0,8400.0,8460.0,38
2024-06-21 13:20:00,8460.0,8460.0,8460.0,8460.0,1
2024-06-21 13:40:00,8950.0,8950.0,8950.0,8950.0,1
2024-06-21 13:50:00,8460.0,8470.0,8460.0,8470.0,32
2024-06-21 14:10:00,8480.0,8670.0,8480.0,8660.0,81
2024-06-21 14:20:00,8690.0,8740.0,8630.0,8710.0,14
2024-06-21 14:30:00,8650.0,8680.0,8650.0,8680.0,9
2024-06-21 14:40:00,8870.0,8870.0,8860.0,8860.0,40
2024-06-21 14:50:00,8560.0,8640.0,8540.0,8620.0,36
2024-06-21 15:00:00,8620.0,8630.0,8520.0,8520.0,171
2024-06-21 15:10:00,8490.0,8510.0,8480.0,8480.0,6
2024-06-21 15:20:00,8510.0,8510.0,8510.0,8510.0,2
2024-06-21 15:30:00,8480.0,8480.0,8480.0,8480.0,7
2024-06-21 15:40:00,8460.0,8460.0,8460.0,8460.0,5
2024-06-21 15:50:00,8510.0,8510.0,8510.0,8510.0,1
2024-06-21 16:10:00,8460.0,8460.0,8460.0,8460.0,1
2024-06-21 16:20:00,8510.0,8510.0,8440.0,8490.0,5
2024-06-21 16:30:00,9000.0,9000.0,9000.0,9000.0,1
2024-06-21 16:40:00,9000.0,9000.0,9000.0,9000.0,1
2024-06-21 16:50:00,8480.0,8480.0,8480.0,8480.0,1
2024-06-21 17:20:00,8480.0,8480.0,8480.0,8480.0,1
2024-06-21 17:40:00,8480.0,8520.0,8480.0,8520.0,10
2024-06-21 18:00:00,8520.0,8520.0,8520.0,8520.0,4
2024-06-21 18:10:00,8460.0,8460.0,8460.0,8460.0,1
2024-06-21 19:00:00,8460.0,8460.0,8450.0,8450.0,3
2024-06-21 19:30:00,8500.0,8500.0,8360.0,8360.0,25
2024-06-21 19:40:00,8390.0,8390.0,8320.0,8320.0,37
2024-06-21 19:50:00,8400.0,8400.0,8390.0,8390.0,3
2024-06-21 20:00:00,8390.0,8400.0,8390.0,8400.0,7
2024-06-21 20:10:00,8400.0,8400.0,8400.0,8400.0,5
2024-06-21 20:20:00,8410.0,8420.0,8410.0,8420.0,3
2024-06-21 20:40:00,8420.0,8420.0,8420.0,8420.0,8
2024-06-21 20:50:00,8400.0,8430.0,8400.0,8430.0,2
2024-06-21 21:00:00,8410.0,8410.0,8410.0,8410.0,3
2024-06-21 21:40:00,8410.0,8410.0,8400.0,8400.0,10
2024-06-21 21:50:00,8960.0,8960.0,8960.0,8960.0,1
2024-06-21 22:00:00,8370.0,8420.0,8370.0,8420.0,2
2024-06-21 22:10:00,8440.0,8440.0,8440.0,8440.0,1
2024-06-21 22:20:00,8430.0,8430.0,8430.0,8430.0,1
2024-06-21 22:30:00,8480.0,8480.0,8480.0,8480.0,1
2024-06-21 23:10:00,8960.0,8960.0,8960.0,8960.0,1
2024-06-21 23:20:00,8480.0,8500.0,8480.0,8500.0,5
2024-06-21 23:30:00,8540.0,8560.0,8420.0,8420.0,16
2024-06-24 10:10:00,8960.0,9190.0,8960.0,9180.0,6
2024-06-24 10:20:00,9180.0,9180.0,9070.0,9070.0,6
2024-06-24 10:30:00,8440.0,8440.0,8310.0,8310.0,39
2024-06-24 10:50:00,9160.0,9210.0,9160.0,9210.0,43
2024-06-24 11:00:00,9220.0,9220.0,8960.0,8960.0,25
2024-06-24 12:10:00,8480.0,8570.0,8480.0,8500.0,36
2024-06-24 12:20:00,8480.0,8510.0,8440.0,8440.0,12
2024-06-24 12:30:00,8540.0,8790.0,8540.0,8790.0,1172
2024-06-24 12:40:00,8730.0,8730.0,8700.0,8700.0,34
2024-06-24 12:50:00,8700.0,8730.0,8700.0,8730.0,7
2024-06-24 13:00:00,8730.0,8860.0,8730.0,8860.0,14
2024-06-24 13:10:00,8890.0,8890.0,8870.0,8870.0,41
2024-06-24 13:20:00,8870.0,8870.0,8870.0,8870.0,1
2024-06-24 13:30:00,8870.0,8870.0,8780.0,8780.0,19
2024-06-24 13:40:00,9170.0,9260.0,9170.0,9260.0,3
2024-06-24 13:50:00,8770.0,9060.0,8770.0,9040.0,90
2024-06-24 14:00:00,8900.0,8900.0,8800.0,8800.0,7
2024-06-24 14:10:00,8830.0,8830.0,8830.0,8830.0,2
2024-06-24 14:20:00,8870.0,8930.0,8860.0,8930.0,7
2024-06-24 14:30:00,8920.0,8930.0,8870.0,8870.0,5
2024-06-24 14:40:00,8920.0,8930.0,8920.0,8930.0,2
2024-06-24 14:50:00,8930.0,8950.0,8930.0,8950.0,5
2024-06-24 15:00:00,8940.0,8960.0,8880.0,8880.0,7
2024-06-24 15:10:00,9260.0,9260.0,9260.0,9260.0,3
2024-06-24 15:30:00,8870.0,8960.0,8850.0,8960.0,16
2024-06-24 15:40:00,9260.0,9260.0,9260.0,9260.0,6
2024-06-24 15:50:00,8920.0,8990.0,8920.0,8990.0,3
2024-06-24 16:00:00,8990.0,9000.0,8990.0,8990.0,11
2024-06-24 16:10:00,8990.0,9000.0,8940.0,8990.0,8
2024-06-24 16:20:00,8990.0,9000.0,8960.0,8960.0,14
2024-06-24 16:30:00,8960.0,8960.0,8960.0,8960.0,1
2024-06-24 16:40:00,8960.0,8960.0,8940.0,8940.0,13
2024-06-24 17:00:00,8910.0,8910.0,8890.0,8910.0,6
2024-06-24 17:10:00,8860.0,8860.0,8860.0,8860.0,4
2024-06-24 17:20:00,8860.0,8860.0,8840.0,8840.0,16
2024-06-24 17:50:00,8840.0,8840.0,8840.0,8840.0,2
2024-06-24 18:00:00,8850.0,8850.0,8850.0,8850.0,1
2024-06-24 18:10:00,9150.0,9150.0,9150.0,9150.0,1
2024-06-24 18:20:00,8880.0,8900.0,8880.0,8900.0,17
2024-06-24 18:40:00,8920.0,8920.0,8920.0,8920.0,1
2024-06-24 19:00:00,8980.0,8980.0,8960.0,8960.0,2
2024-06-24 19:20:00,8920.0,8920.0,8920.0,8920.0,1
2024-06-24 19:30:00,8910.0,8910.0,8910.0,8910.0,1
2024-06-24 19:40:00,9160.0,9160.0,9160.0,9160.0,5
2024-06-24 20:00:00,8920.0,8920.0,8920.0,8920.0,1
2024-06-24 20:20:00,9160.0,9240.0,9160.0,9240.0,2
2024-06-24 20:30:00,9250.0,9250.0,9250.0,9250.0,1
2024-06-24 20:40:00,9160.0,9160.0,9160.0,9160.0,1
2024-06-24 21:00:00,9180.0,9180.0,9170.0,9170.0,5
2024-06-24 21:10:00,9260.0,9260.0,9260.0,9260.0,2
2024-06-24 21:20:00,8880.0,8900.0,8880.0,8900.0,3
2024-06-24 21:30:00,9210.0,9210.0,9210.0,9210.0,1
2024-06-24 21:50:00,8890.0,8890.0,8890.0,8890.0,1
2024-06-24 22:10:00,8860.0,8860.0,8860.0,8860.0,1
2024-06-24 23:00:00,8890.0,8890.0,8890.0,8890.0,1
2024-06-24 23:20:00,8900.0,8940.0,8900.0,8940.0,30
2024-06-24 23:30:00,8890.0,8890.0,8890.0,8890.0,3
2024-06-25 09:50:00,9260.0,9260.0,9260.0,9260.0,1
2024-06-25 10:00:00,9010.0,9110.0,8930.0,9110.0,14
2024-06-25 10:10:00,9300.0,9350.0,9300.0,9350.0,12
2024-06-25 10:20:00,9380.0,9380.0,9350.0,9350.0,6
2024-06-25 10:30:00,9080.0,9090.0,9080.0,9090.0,2
2024-06-25 10:40:00,9430.0,9430.0,9430.0,9430.0,1
2024-06-25 11:00:00,9080.0,9080.0,8960.0,8960.0,2
2024-06-25 11:10:00,9080.0,9140.0,9080.0,9130.0,94
2024-06-25 11:20:00,9130.0,9150.0,9090.0,9090.0,45
2024-06-25 11:40:00,9090.0,9090.0,9090.0,9090.0,1
2024-06-25 11:50:00,9090.0,9090.0,9090.0,9090.0,1
2024-06-25 12:00:00,9410.0,9410.0,9410.0,9410.0,1
2024-06-25 12:10:00,9420.0,9420.0,9340.0,9340.0,8
2024-06-25 12:20:00,9430.0,9510.0,9430.0,9510.0,2
2024-06-25 12:30:00,9440.0,9490.0,9440.0,9490.0,2
2024-06-25 12:40:00,9080.0,9080.0,9080.0,9080.0,27
2024-06-25 13:00:00,9080.0,9080.0,9070.0,9070.0,14
2024-06-25 13:10:00,9140.0,9140.0,9140.0,9140.0,2
2024-06-25 13:20:00,9070.0,9130.0,9060.0,9130.0,13
2024-06-25 13:30:00,9370.0,9370.0,9360.0,9360.0,7
2024-06-25 13:40:00,9110.0,9130.0,9110.0,9130.0,20
2024-06-25 13:50:00,9350.0,9350.0,9290.0,9290.0,2
2024-06-25 14:10:00,9100.0,9100.0,8930.0,8930.0,80
2024-06-25 14:30:00,9080.0,9090.0,8960.0,9090.0,9
2024-06-25 14:40:00,9100.0,9130.0,9100.0,9130.0,14
2024-06-25 14:50:00,9100.0,9100.0,9100.0,9100.0,2
2024-06-25 15:10:00,9120.0,9120.0,9120.0,9120.0,2
2024-06-25 15:20:00,9020.0,9020.0,9020.0,9020.0,3
2024-06-25 15:30:00,9020.0,9020.0,9000.0,9000.0,10
2024-06-25 15:40:00,9380.0,9390.0,9380.0,9390.0,5
2024-06-25 16:20:00,9060.0,9070.0,9060.0,9070.0,10
2024-06-25 16:50:00,9070.0,9100.0,9070.0,9100.0,11
2024-06-25 17:00:00,8990.0,9100.0,8990.0,9100.0,5
2024-06-25 17:10:00,9060.0,9140.0,9060.0,9140.0,50
2024-06-25 18:20:00,9050.0,9050.0,9040.0,9040.0,6
2024-06-25 18:30:00,9050.0,9050.0,9050.0,9050.0,2
2024-06-25 18:40:00,9110.0,9130.0,9110.0,9130.0,40
2024-06-25 19:10:00,9110.0,9110.0,9040.0,9040.0,2
2024-06-25 19:20:00,9380.0,9380.0,9210.0,9380.0,4
2024-06-25 19:30:00,9040.0,9040.0,9020.0,9020.0,5
2024-06-25 19:40:00,9000.0,9000.0,9000.0,9000.0,1
2024-06-25 20:30:00,9020.0,9020.0,9020.0,9020.0,3
2024-06-25 20:40:00,9020.0,9020.0,9010.0,9010.0,5
2024-06-25 20:50:00,9000.0,9000.0,8960.0,8960.0,31
2024-06-25 21:10:00,8960.0,8960.0,8950.0,8950.0,10
2024-06-25 21:40:00,8950.0,8950.0,8950.0,8950.0,1
2024-06-25 22:00:00,9360.0,9360.0,9360.0,9360.0,1
2024-06-25 22:40:00,9360.0,9420.0,9360.0,9420.0,5
2024-06-25 23:00:00,9000.0,9010.0,9000.0,9010.0,15
2024-06-25 23:30:00,8990.0,8990.0,8990.0,8990.0,1
2024-06-26 10:00:00,8990.0,9230.0,8990.0,9050.0,12
2024-06-26 10:10:00,9070.0,9180.0,9070.0,9170.0,5
2024-06-26 10:20:00,9060.0,9070.0,8990.0,8990.0,31
2024-06-26 11:20:00,8940.0,8940.0,8870.0,8870.0,2
2024-06-26 11:30:00,8880.0,8880.0,8880.0,8880.0,1
2024-06-26 12:00:00,8850.0,8850.0,8850.0,8850.0,3
2024-06-26 12:30:00,8850.0,8850.0,8850.0,8850.0,2
2024-06-26 12:50:00,8850.0,8850.0,8840.0,8840.0,2
2024-06-26 13:00:00,8840.0,8840.0,8810.0,8810.0,15
2024-06-26 13:50:00,8820.0,8990.0,8820.0,8970.0,7
2024-06-26 15:10:00,8820.0,8820.0,8620.0,8760.0,301
2024-06-26 15:40:00,8860.0,8860.0,8860.0,8860.0,5
2024-06-26 17:00:00,8830.0,9040.0,8800.0,8800.0,21
2024-06-26 18:20:00,8960.0,8960.0,8960.0,8960.0,1
2024-06-26 19:20:00,9020.0,9030.0,9020.0,9030.0,2
2024-06-26 21:30:00,8930.0,8930.0,8930.0,8930.0,2
2024-06-27 10:00:00,9060.0,9060.0,9060.0,9060.0,1
2024-06-27 10:30:00,8980.0,9000.0,8980.0,9000.0,3
2024-06-27 11:00:00,8970.0,8970.0,8970.0,8970.0,1
2024-06-27 14:00:00,8880.0,8930.0,8880.0,8930.0,2
2024-06-27 14:10:00,8930.0,8930.0,8930.0,8930.0,1
2024-06-27 14:30:00,8820.0,8900.0,8640.0,8900.0,22
2024-06-27 15:30:00,8850.0,8900.0,8850.0,8900.0,3
2024-06-27 15:40:00,8750.0,8750.0,8740.0,8740.0,10
2024-06-27 15:50:00,8660.0,8820.0,8570.0,8820.0,5
2024-06-27 16:00:00,8900.0,8900.0,8900.0,8900.0,1
2024-06-27 16:20:00,8750.0,8750.0,8750.0,8750.0,1
2024-06-27 17:00:00,8910.0,8910.0,8910.0,8910.0,1
2024-06-27 17:30:00,8910.0,8910.0,8910.0,8910.0,1
2024-06-27 17:40:00,8910.0,9010.0,8910.0,9010.0,6
2024-06-27 19:10:00,8800.0,8800.0,8790.0,8790.0,2
2024-06-27 19:20:00,8980.0,9000.0,8980.0,9000.0,3
2024-06-27 19:50:00,8990.0,8990.0,8740.0,8740.0,26
2024-06-27 20:30:00,8850.0,8850.0,8850.0,8850.0,1
2024-06-27 21:20:00,8800.0,8800.0,8800.0,8800.0,1
2024-06-27 21:40:00,8930.0,8970.0,8930.0,8970.0,4
2024-06-28 10:30:00,8860.0,8860.0,8860.0,8860.0,1
2024-06-28 10:40:00,8860.0,8970.0,8860.0,8970.0,3
2024-06-28 11:00:00,8970.0,8970.0,8970.0,8970.0,1
2024-06-28 12:00:00,8860.0,8860.0,8860.0,8860.0,1
2024-06-28 12:50:00,8930.0,8970.0,8930.0,8970.0,3
2024-06-28 14:00:00,8870.0,8870.0,8870.0,8870.0,1
2024-06-28 15:30:00,8970.0,8970.0,8970.0,8970.0,1
2024-06-28 19:50:00,8790.0,8790.0,8790.0,8790.0,2
2024-06-28 20:50:00,8780.0,8780.0,8640.0,8640.0,2
2024-06-28 21:20:00,8740.0,8740.0,8740.0,8740.0,5
2024-06-28 21:50:00,8850.0,8850.0,8850.0,8850.0,1
2024-07-01 10:00:00,8860.0,9080.0,8860.0,9080.0,4
2024-07-01 10:10:00,8990.0,9070.0,8990.0,9070.0,5
2024-07-01 10:30:00,8870.0,9000.0,8850.0,9000.0,9
2024-07-01 11:30:00,8990.0,9070.0,8990.0,9070.0,3
2024-07-01 11:50:00,9030.0,9050.0,9030.0,9050.0,3
2024-07-01 12:30:00,8950.0,8950.0,8740.0,8800.0,17
2024-07-01 12:40:00,8740.0,9000.0,8620.0,8660.0,55
2024-07-01 12:50:00,8750.0,8920.0,8740.0,8740.0,14
2024-07-01 13:20:00,8650.0,8650.0,8440.0,8440.0,300
2024-07-01 13:30:00,8700.0,8700.0,8700.0,8700.0,1
2024-07-01 14:10:00,8700.0,8700.0,8540.0,8540.0,46
2024-07-01 14:20:00,8500.0,8500.0,8490.0,8490.0,3
2024-07-01 14:30:00,8530.0,8530.0,8530.0,8530.0,1
2024-07-01 14:50:00,8510.0,8510.0,8510.0,8510.0,5
2024-07-01 15:20:00,8540.0,8540.0,8540.0,8540.0,1
2024-07-01 15:30:00,8540.0,8550.0,8490.0,8490.0,5
2024-07-01 15:40:00,8490.0,8490.0,8490.0,8490.0,1
2024-07-01 16:30:00,8520.0,8520.0,8520.0,8520.0,1
2024-07-01 17:10:00,8600.0,8600.0,8600.0,8600.0,3
2024-07-01 17:20:00,8600.0,8600.0,8600.0,8600.0,3
2024-07-01 18:40:00,8680.0,9010.0,8680.0,9010.0,15
2024-07-01 19:00:00,9090.0,9500.0,9040.0,9140.0,7
2024-07-01 19:10:00,8910.0,8910.0,8910.0,8910.0,1
2024-07-01 19:30:00,8820.0,9020.0,8820.0,9020.0,7
2024-07-01 19:40:00,8670.0,8670.0,8660.0,8660.0,2
2024-07-01 19:50:00,8700.0,8700.0,8700.0,8700.0,1
2024-07-01 20:40:00,8750.0,8750.0,8750.0,8750.0,1
2024-07-02 10:00:00,8790.0,8940.0,8790.0,8920.0,4
2024-07-02 10:40:00,8830.0,8830.0,8820.0,8820.0,2
2024-07-02 11:30:00,8830.0,8830.0,8690.0,8710.0,70
2024-07-02 13:00:00,8700.0,8770.0,8700.0,8770.0,3
2024-07-02 13:20:00,8650.0,8650.0,8650.0,8650.0,1
2024-07-02 13:40:00,8740.0,8740.0,8740.0,8740.0,1
2024-07-02 13:50:00,8740.0,8740.0,8740.0,8740.0,2
2024-07-02 14:00:00,8740.0,8740.0,8740.0,8740.0,7
2024-07-02 14:20:00,8720.0,8800.0,8720.0,8800.0,5
2024-07-02 15:30:00,8730.0,8730.0,8730.0,8730.0,1
2024-07-02 16:00:00,8730.0,8730.0,8730.0,8730.0,1
2024-07-02 17:50:00,8730.0,8730.0,8730.0,8730.0,1
2024-07-02 18:20:00,8730.0,8740.0,8720.0,8720.0,7
2024-07-02 18:30:00,8670.0,8670.0,8540.0,8540.0,14
2024-07-02 19:00:00,8800.0,8800.0,8800.0,8800.0,1
2024-07-02 19:10:00,8580.0,8580.0,8580.0,8580.0,2
2024-07-02 19:20:00,8720.0,8800.0,8720.0,8800.0,3
2024-07-02 22:40:00,8770.0,8770.0,8770.0,8770.0,1
2024-07-03 10:00:00,8630.0,8630.0,8620.0,8620.0,16
2024-07-03 10:10:00,8730.0,8830.0,8730.0,8830.0,3
2024-07-03 10:50:00,8650.0,8820.0,8490.0,8640.0,47
2024-07-03 12:20:00,8660.0,8660.0,8660.0,8660.0,1
2024-07-03 12:30:00,8540.0,8540.0,8450.0,8450.0,58
2024-07-03 13:10:00,8590.0,8590.0,8590.0,8590.0,1
2024-07-03 13:20:00,8590.0,8590.0,8590.0,8590.0,1
2024-07-03 14:20:00,8580.0,8580.0,8580.0,8580.0,1
2024-07-03 14:30:00,8560.0,8590.0,8560.0,8590.0,2
2024-07-03 14:40:00,8670.0,8740.0,8670.0,8740.0,6
2024-07-03 15:10:00,8630.0,8630.0,8450.0,8450.0,11
2024-07-03 15:40:00,8460.0,8460.0,8340.0,8340.0,11
2024-07-03 15:50:00,8530.0,8530.0,8390.0,8390.0,14
2024-07-03 16:30:00,8460.0,8510.0,8460.0,8510.0,21
2024-07-03 16:40:00,8540.0,8540.0,8540.0,8540.0,1
2024-07-03 16:50:00,8510.0,8510.0,8510.0,8510.0,1
2024-07-03 17:50:00,8900.0,8900.0,8900.0,8900.0,1
2024-07-03 18:30:00,8470.0,8470.0,8440.0,8440.0,3
2024-07-03 18:40:00,8440.0,8440.0,8390.0,8390.0,8
2024-07-03 19:00:00,8540.0,8560.0,8540.0,8560.0,5
2024-07-03 19:20:00,8540.0,8550.0,8460.0,8460.0,12
2024-07-03 19:40:00,8500.0,8500.0,8500.0,8500.0,1
2024-07-03 20:00:00,8490.0,8490.0,8490.0,8490.0,2
2024-07-03 20:20:00,8470.0,8470.0,8450.0,8450.0,10
2024-07-03 20:40:00,8450.0,8500.0,8450.0,8500.0,6
2024-07-03 21:40:00,8450.0,8450.0,8440.0,8440.0,5
2024-07-04 09:50:00,8420.0,8420.0,8420.0,8420.0,3
2024-07-04 10:00:00,8350.0,8350.0,8330.0,8330.0,12
2024-07-04 10:10:00,8430.0,8430.0,8430.0,8430.0,1
2024-07-04 10:30:00,8420.0,8480.0,8420.0,8480.0,30
2024-07-04 11:00:00,8310.0,8310.0,8210.0,8210.0,71
2024-07-04 11:20:00,8210.0,8210.0,8200.0,8200.0,15
2024-07-04 12:00:00,8210.0,8210.0,8210.0,8210.0,5
2024-07-04 12:10:00,8220.0,8220.0,8220.0,8220.0,6
2024-07-04 12:20:00,8200.0,8200.0,8200.0,8200.0,1
2024-07-04 12:40:00,8150.0,8170.0,8050.0,8120.0,28
2024-07-04 12:50:00,8120.0,8120.0,8110.0,8110.0,5
2024-07-04 13:10:00,8050.0,8050.0,8040.0,8040.0,47
2024-07-04 13:30:00,8140.0,8140.0,8140.0,8140.0,10
2024-07-04 14:10:00,8140.0,8420.0,8080.0,8400.0,39
2024-07-04 14:20:00,8170.0,8170.0,8170.0,8170.0,2
2024-07-04 14:30:00,8170.0,8170.0,8170.0,8170.0,1
2024-07-04 15:10:00,8170.0,8400.0,8170.0,8400.0,15
2024-07-04 15:20:00,8370.0,8370.0,8370.0,8370.0,1
2024-07-04 16:20:00,8330.0,8330.0,8330.0,8330.0,1
2024-07-04 17:10:00,8230.0,8230.0,8230.0,8230.0,1
2024-07-04 17:20:00,8230.0,8230.0,8230.0,8230.0,1
2024-07-04 17:30:00,8260.0,8260.0,8240.0,8240.0,14
2024-07-04 17:40:00,8240.0,8240.0,8240.0,8240.0,5
2024-07-04 17:50:00,8150.0,8150.0,8040.0,8040.0,65
2024-07-04 18:00:00,8090.0,8090.0,8090.0,8090.0,1
2024-07-04 18:30:00,8080.0,8080.0,8080.0,8080.0,3
2024-07-04 19:00:00,8200.0,8200.0,8200.0,8200.0,2
2024-07-04 19:10:00,8090.0,8090.0,8090.0,8090.0,8
2024-07-04 19:30:00,8180.0,8180.0,8180.0,8180.0,2
2024-07-04 19:40:00,8180.0,8310.0,8180.0,8310.0,11
2024-07-04 22:30:00,8040.0,8040.0,7970.0,7970.0,13
2024-07-04 23:30:00,8140.0,8140.0,8140.0,8140.0,1
2024-07-05 10:10:00,8070.0,8070.0,8070.0,8070.0,2
2024-07-05 10:20:00,8070.0,8080.0,8070.0,8080.0,15
2024-07-05 10:40:00,8080.0,8080.0,8080.0,8080.0,1
2024-07-05 10:50:00,8070.0,8300.0,8070.0,8300.0,72
2024-07-05 11:00:00,8130.0,8130.0,8100.0,8100.0,10
2024-07-05 11:20:00,8090.0,8090.0,8090.0,8090.0,10
2024-07-05 12:00:00,8110.0,8110.0,8060.0,8060.0,185
2024-07-05 12:30:00,8060.0,8060.0,8060.0,8060.0,1
2024-07-05 12:50:00,8040.0,8040.0,8040.0,8040.0,2
2024-07-05 13:00:00,8050.0,8050.0,8050.0,8050.0,1
2024-07-05 13:20:00,8050.0,8050.0,8050.0,8050.0,1
2024-07-05 14:50:00,8040.0,8140.0,8040.0,8140.0,10
2024-07-05 15:00:00,8120.0,8120.0,8120.0,8120.0,1
2024-07-05 15:20:00,8130.0,8130.0,8130.0,8130.0,9
2024-07-05 17:30:00,8130.0,8140.0,8130.0,8140.0,2
2024-07-05 17:40:00,8140.0,8140.0,8140.0,8140.0,1
2024-07-05 18:00:00,8140.0,8140.0,8140.0,8140.0,1
2024-07-05 19:50:00,8220.0,8310.0,8220.0,8310.0,7
2024-07-05 20:20:00,8300.0,8400.0,8300.0,8370.0,4
2024-07-05 20:40:00,8180.0,8380.0,8180.0,8380.0,6
2024-07-05 21:10:00,8170.0,8170.0,8140.0,8140.0,4
2024-07-05 21:30:00,8160.0,8340.0,8160.0,8340.0,2
2024-07-05 22:10:00,8240.0,8310.0,8240.0,8310.0,2
2024-07-08 10:00:00,8320.0,8320.0,8040.0,8050.0,72
2024-07-08 10:10:00,8050.0,8050.0,8030.0,8030.0,4
2024-07-08 10:20:00,7990.0,7990.0,7990.0,7990.0,2
2024-07-08 10:40:00,7980.0,7990.0,7980.0,7990.0,2
2024-07-08 11:10:00,8030.0,8030.0,8030.0,8030.0,2
2024-07-08 11:30:00,8030.0,8030.0,8030.0,8030.0,1
2024-07-08 11:50:00,8030.0,8030.0,8030.0,8030.0,1
2024-07-08 12:10:00,8030.0,8030.0,8030.0,8030.0,1
2024-07-08 12:30:00,7960.0,7960.0,7960.0,7960.0,2
2024-07-08 12:40:00,7960.0,7960.0,7960.0,7960.0,2
2024-07-08 12:50:00,7960.0,7960.0,7950.0,7960.0,3
2024-07-08 13:00:00,8010.0,8010.0,7840.0,7850.0,122
2024-07-08 13:10:00,7860.0,7860.0,7860.0,7860.0,1
2024-07-08 13:30:00,7880.0,7880.0,7880.0,7880.0,1
2024-07-08 13:40:00,7880.0,7880.0,7880.0,7880.0,1
2024-07-08 13:50:00,7880.0,7880.0,7880.0,7880.0,1
2024-07-08 14:00:00,7850.0,7850.0,7850.0,7850.0,3
2024-07-08 14:10:00,7840.0,7840.0,7750.0,7800.0,23
2024-07-08 14:20:00,7790.0,7790.0,7740.0,7740.0,22
2024-07-08 14:30:00,7750.0,7750.0,7740.0,7740.0,10
2024-07-08 14:40:00,7820.0,7820.0,7820.0,7820.0,1
2024-07-08 14:50:00,7820.0,7820.0,7820.0,7820.0,3
2024-07-08 15:20:00,7800.0,7800.0,7800.0,7800.0,1
2024-07-08 16:30:00,7750.0,7750.0,7750.0,7750.0,2
2024-07-08 16:50:00,7800.0,7840.0,7800.0,7810.0,24
2024-07-08 17:10:00,7850.0,7850.0,7850.0,7850.0,1
2024-07-08 17:40:00,7870.0,7890.0,7870.0,7890.0,11
2024-07-08 18:20:00,7820.0,7820.0,7820.0,7820.0,1
2024-07-08 18:30:00,7880.0,7880.0,7880.0,7880.0,1
2024-07-08 18:40:00,7800.0,7800.0,7800.0,7800.0,5
2024-07-08 19:00:00,7860.0,7870.0,7860.0,7870.0,2
2024-07-08 19:30:00,7780.0,7780.0,7780.0,7780.0,2
2024-07-08 19:40:00,7780.0,7870.0,7780.0,7870.0,3
2024-07-08 21:40:00,7780.0,7780.0,7740.0,7740.0,8
2024-07-08 21:50:00,7740.0,7740.0,7740.0,7740.0,2
2024-07-08 22:10:00,7720.0,7720.0,7710.0,7710.0,3
2024-07-08 22:20:00,7710.0,7730.0,7680.0,7730.0,7
2024-07-08 22:30:00,7700.0,7700.0,7700.0,7700.0,1
2024-07-08 23:10:00,7800.0,7810.0,7800.0,7810.0,2
2024-07-09 10:00:00,7800.0,7810.0,7700.0,7700.0,6
2024-07-09 10:10:00,7700.0,7780.0,7670.0,7780.0,9
2024-07-09 10:20:00,7780.0,7780.0,7780.0,7780.0,1
2024-07-09 10:40:00,7700.0,7750.0,7660.0,7750.0,14
2024-07-09 11:10:00,7730.0,7730.0,7730.0,7730.0,1
2024-07-09 11:20:00,7660.0,7700.0,7650.0,7700.0,21
2024-07-09 11:40:00,7640.0,7650.0,7640.0,7640.0,3
2024-07-09 11:50:00,7640.0,7640.0,7590.0,7600.0,19
2024-07-09 12:00:00,7600.0,7620.0,7550.0,7620.0,39
2024-07-09 12:10:00,7550.0,7570.0,7540.0,7540.0,23
2024-07-09 12:20:00,7540.0,7540.0,7460.0,7470.0,58
2024-07-09 12:40:00,7560.0,7560.0,7560.0,7560.0,1
2024-07-09 12:50:00,7540.0,7540.0,7540.0,7540.0,1
2024-07-09 13:10:00,7650.0,7690.0,7650.0,7690.0,12
2024-07-09 13:30:00,7650.0,7650.0,7550.0,7650.0,16
2024-07-09 13:40:00,7560.0,7560.0,7560.0,7560.0,1
2024-07-09 13:50:00,7610.0,7610.0,7590.0,7590.0,5
2024-07-09 14:20:00,7610.0,7610.0,7610.0,7610.0,1
2024-07-09 15:10:00,7590.0,7590.0,7590.0,7590.0,2
2024-07-09 16:00:00,7600.0,7600.0,7600.0,7600.0,3
2024-07-09 16:30:00,7600.0,7600.0,7600.0,7600.0,1
2024-07-09 16:40:00,7580.0,7580.0,7550.0,7550.0,2
2024-07-09 17:50:00,7560.0,7560.0,7560.0,7560.0,5
2024-07-09 18:10:00,7550.0,7550.0,7550.0,7550.0,1
2024-07-09 18:20:00,7590.0,7590.0,7590.0,7590.0,1
2024-07-09 18:30:00,7600.0,7600.0,7590.0,7590.0,2
2024-07-09 18:40:00,7600.0,7600.0,7600.0,7600.0,10
2024-07-09 21:10:00,7620.0,7620.0,7620.0,7620.0,1
2024-07-09 21:20:00,7620.0,7620.0,7620.0,7620.0,1
2024-07-09 23:00:00,7620.0,7620.0,7620.0,7620.0,2
2024-07-10 10:00:00,7600.0,7600.0,7500.0,7500.0,252
2024-07-10 10:10:00,7540.0,7540.0,7450.0,7450.0,18
2024-07-10 10:20:00,7460.0,7460.0,7440.0,7450.0,7
2024-07-10 10:30:00,7460.0,7460.0,7450.0,7450.0,25
2024-07-10 10:50:00,7530.0,7530.0,7530.0,7530.0,1
2024-07-10 11:40:00,7530.0,7530.0,7530.0,7530.0,1
2024-07-10 11:50:00,7490.0,7490.0,7440.0,7440.0,26
2024-07-10 12:10:00,7520.0,7520.0,7520.0,7520.0,1
2024-07-10 12:20:00,7530.0,7600.0,7530.0,7600.0,10
2024-07-10 14:20:00,7550.0,7550.0,7550.0,7550.0,1
2024-07-10 14:30:00,7500.0,7500.0,7490.0,7490.0,5
2024-07-10 15:00:00,7490.0,7540.0,7440.0,7540.0,42
2024-07-10 15:10:00,7470.0,7470.0,7470.0,7470.0,3
2024-07-10 15:20:00,7520.0,7520.0,7520.0,7520.0,1
2024-07-10 16:40:00,7520.0,7520.0,7520.0,7520.0,2
2024-07-10 16:50:00,7520.0,7520.0,7490.0,7490.0,208
2024-07-10 17:20:00,7490.0,7490.0,7450.0,7450.0,12
2024-07-10 18:00:00,7500.0,7500.0,7500.0,7500.0,2
2024-07-10 18:10:00,7490.0,7490.0,7480.0,7480.0,2
2024-07-10 21:30:00,7480.0,7480.0,7480.0,7480.0,1
2024-07-10 21:50:00,7480.0,7480.0,7450.0,7450.0,8
2024-07-11 10:10:00,7460.0,7460.0,7440.0,7440.0,205
2024-07-12 19:30:00,7440.0,7440.0,6940.0,6940.0,3
2024-07-18 10:20:00,7500.0,7500.0,6070.0,6070.0,3
2024-07-18 12:40:00,7190.0,7190.0,7090.0,7190.0,3
2024-07-22 20:50:00,6150.0,6150.0,6150.0,6150.0,1
2024-07-25 10:50:00,7650.0,7650.0,7650.0,7650.0,2
2024-07-25 12:10:00,7080.0,7190.0,7080.0,7190.0,8
2024-07-25 12:20:00,7120.0,7120.0,5870.0,6870.0,11
2024-07-25 12:40:00,7420.0,7420.0,7420.0,7420.0,1
2024-07-25 15:10:00,7260.0,7260.0,7260.0,7260.0,2
2024-07-25 15:40:00,7250.0,7330.0,7250.0,7330.0,2
2024-07-25 16:40:00,6690.0,6690.0,6690.0,6690.0,2
2024-07-25 17:20:00,6830.0,6830.0,6830.0,6830.0,2
2024-07-25 21:10:00,7300.0,7300.0,7300.0,7300.0,1
2024-07-26 17:50:00,6850.0,6850.0,6850.0,6850.0,1
2024-07-29 10:10:00,7680.0,7680.0,7640.0,7640.0,2
2024-07-29 10:20:00,7610.0,7610.0,7610.0,7610.0,1
2024-07-29 10:50:00,7610.0,7610.0,7610.0,7610.0,1
2024-07-30 12:30:00,7250.0,7250.0,7250.0,7250.0,1
2024-07-30 23:00:00,8040.0,8040.0,8040.0,8040.0,1
2024-07-31 13:40:00,7290.0,7290.0,7290.0,7290.0,2
2024-07-31 14:20:00,8130.0,8180.0,8130.0,8180.0,4
2024-07-31 14:50:00,7410.0,7410.0,7260.0,7260.0,8
2024-08-01 14:40:00,7830.0,7830.0,7830.0,7830.0,1
2024-08-05 12:40:00,7740.0,7750.0,7740.0,7740.0,4
2024-08-05 12:50:00,7750.0,7750.0,7740.0,7740.0,5
2024-08-05 13:30:00,7740.0,7740.0,7740.0,7740.0,3
2024-08-05 14:30:00,7740.0,7740.0,7350.0,7350.0,6
2024-08-05 22:20:00,7700.0,7700.0,7700.0,7700.0,1
2024-08-06 18:10:00,7770.0,7770.0,7770.0,7770.0,1
2024-08-07 18:20:00,8140.0,8210.0,8140.0,8210.0,4
2024-08-07 22:40:00,8170.0,8170.0,8170.0,8170.0,2
2024-08-08 11:40:00,7970.0,7970.0,7960.0,7960.0,3
2024-08-08 18:40:00,8060.0,8170.0,8060.0,8170.0,2
2024-08-08 19:50:00,8190.0,8230.0,8190.0,8230.0,7
2024-08-12 16:40:00,8230.0,8230.0,8230.0,8230.0,2
2024-08-14 10:40:00,8040.0,8040.0,8040.0,8040.0,1
2024-08-15 15:50:00,8000.0,8000.0,7930.0,7930.0,2
2024-08-19 13:40:00,7920.0,7920.0,7920.0,7920.0,1
2024-08-20 15:30:00,7920.0,7920.0,5720.0,5720.0,4
2024-08-23 12:00:00,6670.0,6670.0,6670.0,6670.0,3
2024-08-29 10:20:00,7070.0,7070.0,7070.0,7070.0,5
2024-08-29 10:50:00,7220.0,7220.0,7220.0,7220.0,1
2024-08-29 13:10:00,6910.0,6910.0,6910.0,6910.0,1
2024-08-30 10:50:00,6980.0,6990.0,6980.0,6990.0,2
2024-08-30 11:30:00,6980.0,6980.0,6770.0,6770.0,19
2024-09-05 17:20:00,6930.0,6930.0,6930.0,6930.0,1
2024-09-06 11:50:00,7420.0,7420.0,7420.0,7420.0,1
2024-09-06 14:50:00,7520.0,7520.0,7520.0,7520.0,5
2024-09-06 18:00:00,7610.0,7610.0,7610.0,7610.0,1
2024-09-06 18:20:00,7220.0,7220.0,7220.0,7220.0,1
2024-09-06 19:30:00,7650.0,7650.0,7650.0,7650.0,1
2024-09-06 19:40:00,6920.0,6920.0,6920.0,6920.0,1
2024-09-06 20:10:00,7290.0,7290.0,7290.0,7290.0,5
2024-09-06 20:40:00,7600.0,7600.0,7600.0,7600.0,1
2024-09-06 21:50:00,7110.0,7430.0,7110.0,7430.0,2
2024-09-09 12:40:00,7270.0,7270.0,7270.0,7270.0,5
2024-09-09 16:00:00,7170.0,7170.0,6830.0,6830.0,4
2024-09-09 16:10:00,6880.0,6880.0,6510.0,6590.0,5
2024-09-09 18:00:00,7190.0,7190.0,7190.0,7190.0,1
2024-09-11 10:00:00,6170.0,6170.0,6150.0,6150.0,2
2024-09-11 23:20:00,7270.0,7270.0,7270.0,7270.0,1
2024-09-11 23:40:00,7270.0,7270.0,7270.0,7270.0,1
2024-09-12 17:20:00,7400.0,7410.0,7400.0,7410.0,4
2024-09-12 18:40:00,7400.0,7400.0,7400.0,7400.0,10
2024-09-12 19:10:00,6410.0,6410.0,6410.0,6410.0,3
2024-09-12 19:30:00,6490.0,6490.0,6490.0,6490.0,6
2024-09-12 19:40:00,6480.0,6490.0,6480.0,6490.0,5
2024-09-12 20:20:00,7080.0,7080.0,7080.0,7080.0,1
2024-09-12 21:50:00,6630.0,6630.0,6630.0,6630.0,1
2024-09-13 14:00:00,6740.0,6740.0,6740.0,6740.0,2
2024-09-13 14:10:00,6680.0,6680.0,6680.0,6680.0,1
2024-09-13 15:30:00,7680.0,7680.0,7680.0,7680.0,1
2024-09-13 20:10:00,7480.0,7480.0,7480.0,7480.0,1
2024-09-13 20:50:00,6580.0,6580.0,6580.0,6580.0,1
2024-09-16 11:50:00,7220.0,7220.0,7220.0,7220.0,1
2024-09-16 20:40:00,7230.0,7230.0,7230.0,7230.0,1
2024-09-20 14:50:00,8410.0,8580.0,8400.0,8570.0,16
2024-09-20 15:00:00,8440.0,8440.0,8440.0,8440.0,2
2024-09-20 15:30:00,7410.0,7410.0,7410.0,7410.0,1
2024-09-20 16:50:00,8170.0,8220.0,8170.0,8220.0,2
2024-09-20 17:20:00,8310.0,8450.0,8310.0,8450.0,7
2024-09-20 18:20:00,8420.0,8420.0,8420.0,8420.0,2
2024-09-20 18:40:00,7720.0,7740.0,7720.0,7740.0,2
2024-09-20 20:20:00,8490.0,8490.0,8490.0,8490.0,1
2024-09-20 23:30:00,8270.0,8270.0,8270.0,8270.0,1
2024-09-23 10:20:00,8670.0,8670.0,8670.0,8670.0,1
2024-09-23 11:10:00,7990.0,7990.0,7990.0,7990.0,1
2024-09-23 11:20:00,7890.0,7890.0,7890.0,7890.0,1
2024-09-23 11:30:00,7890.0,7890.0,7890.0,7890.0,1
2024-09-23 12:00:00,6370.0,6370.0,6370.0,6370.0,1
2024-09-23 13:40:00,8450.0,8450.0,8450.0,8450.0,1
2024-09-23 15:20:00,7270.0,7270.0,7270.0,7270.0,2
2024-09-23 16:30:00,7940.0,7940.0,7310.0,7310.0,4
2024-09-23 17:50:00,8270.0,8270.0,8270.0,8270.0,1
2024-09-24 10:10:00,7260.0,7260.0,7150.0,7150.0,3
2024-09-24 12:50:00,8440.0,8440.0,8440.0,8440.0,1
2024-09-27 15:50:00,7170.0,7170.0,7170.0,7170.0,1
2024-09-27 21:50:00,8340.0,8340.0,8340.0,8340.0,1
2024-09-30 17:00:00,7370.0,7370.0,7370.0,7370.0,1
2024-09-30 20:10:00,7550.0,7550.0,7550.0,7550.0,1
2024-09-30 23:30:00,7830.0,7830.0,7830.0,7830.0,1
2024-10-01 13:20:00,7670.0,7670.0,7670.0,7670.0,1
2024-10-01 14:10:00,7670.0,7710.0,7670.0,7710.0,22
2024-10-01 16:00:00,9760.0,9760.0,9760.0,9760.0,1
2024-10-01 16:10:00,9800.0,9800.0,9800.0,9800.0,1
2024-10-01 16:40:00,7720.0,7720.0,7720.0,7720.0,3
2024-10-01 17:00:00,9800.0,9800.0,9800.0,9800.0,1
2024-10-01 17:40:00,7720.0,7720.0,7720.0,7720.0,10
2024-10-01 19:10:00,9840.0,9840.0,9840.0,9840.0,1
2024-10-02 10:00:00,8450.0,8450.0,8450.0,8450.0,1
2024-10-02 10:10:00,7760.0,7760.0,7760.0,7760.0,1
2024-10-02 10:20:00,7760.0,7760.0,7760.0,7760.0,1
2024-10-02 10:40:00,7770.0,7770.0,7770.0,7770.0,5
2024-10-02 12:10:00,10480.0,10480.0,10480.0,10480.0,2
2024-10-02 13:20:00,10230.0,10230.0,10230.0,10230.0,1
2024-10-02 15:20:00,7780.0,7780.0,7780.0,7780.0,4
2024-10-02 16:10:00,10480.0,10480.0,10480.0,10480.0,1
2024-10-02 16:30:00,10480.0,10490.0,10480.0,10490.0,2
2024-10-02 17:40:00,7780.0,7810.0,7780.0,7810.0,31
2024-10-02 18:10:00,10140.0,10140.0,10140.0,10140.0,1
2024-10-02 19:50:00,9950.0,9950.0,9950.0,9950.0,1
2024-10-03 10:00:00,7850.0,7850.0,7850.0,7850.0,30
2024-10-03 10:50:00,8610.0,8610.0,8590.0,8590.0,25
2024-10-03 19:50:00,9760.0,9760.0,9760.0,9760.0,1
2024-10-04 10:10:00,9970.0,9970.0,9970.0,9970.0,1
2024-10-04 10:40:00,9730.0,9730.0,9730.0,9730.0,1
2024-10-04 16:20:00,10250.0,10250.0,10250.0,10250.0,1
2024-10-04 19:30:00,9640.0,9640.0,9370.0,9370.0,4
2024-10-07 10:00:00,9990.0,9990.0,9990.0,9990.0,15
2024-10-07 10:20:00,9750.0,9750.0,9750.0,9750.0,1
2024-10-07 15:00:00,10250.0,10250.0,10250.0,10250.0,1
2024-10-07 16:30:00,9850.0,9850.0,9850.0,9850.0,1
2024-10-07 19:40:00,10150.0,10150.0,10150.0,10150.0,2
2024-10-07 21:30:00,9870.0,9870.0,9620.0,9620.0,3
2024-10-07 23:20:00,10050.0,10050.0,10050.0,10050.0,1
2024-10-09 13:10:00,10050.0,10380.0,10050.0,10060.0,7
2024-10-09 16:30:00,10250.0,10250.0,10250.0,10250.0,1
2024-10-09 18:10:00,10130.0,10130.0,10130.0,10130.0,1
2024-10-10 22:30:00,10280.0,10280.0,10280.0,10280.0,2
2024-10-11 10:30:00,10280.0,10280.0,10280.0,10280.0,1
2024-10-15 10:00:00,9780.0,9780.0,9780.0,9780.0,2
2024-10-15 10:10:00,9570.0,9570.0,9570.0,9570.0,5
2024-10-15 10:40:00,9640.0,9640.0,9640.0,9640.0,1
2024-10-15 12:50:00,10140.0,10240.0,9260.0,9260.0,37
2024-10-15 13:10:00,9960.0,10030.0,9960.0,10030.0,10
2024-10-15 14:30:00,9690.0,9690.0,9380.0,9380.0,5
2024-10-15 14:40:00,9990.0,9990.0,9990.0,9990.0,1
2024-10-16 12:10:00,9940.0,9940.0,9940.0,9940.0,1
2024-10-16 12:40:00,9850.0,9850.0,9850.0,9850.0,1
2024-10-16 15:10:00,9840.0,9840.0,9840.0,9840.0,1
2024-10-16 15:30:00,9850.0,9850.0,9850.0,9850.0,1
2024-10-17 15:10:00,9550.0,9550.0,9550.0,9550.0,1
2024-10-18 15:40:00,9680.0,9680.0,9680.0,9680.0,1
2024-10-18 16:10:00,9380.0,9380.0,9380.0,9380.0,1
2024-10-24 18:20:00,9680.0,9680.0,9680.0,9680.0,1
2024-10-25 17:50:00,9510.0,9510.0,9510.0,9510.0,1
2024-10-31 12:30:00,9480.0,9480.0,9480.0,9480.0,1
2024-10-31 12:50:00,9950.0,9950.0,9950.0,9950.0,1
2024-10-31 13:00:00,9960.0,9960.0,9960.0,9960.0,1
2024-10-31 13:30:00,9480.0,9480.0,9480.0,9480.0,1
2024-10-31 19:20:00,9510.0,9510.0,9510.0,9510.0,1
2024-10-31 22:30:00,9330.0,9330.0,9330.0,9330.0,1
2024-11-01 13:20:00,9330.0,9980.0,9330.0,9980.0,2
2024-11-01 14:40:00,9940.0,9940.0,9940.0,9940.0,1
2024-11-06 15:00:00,9320.0,9320.0,9320.0,9320.0,1
2024-11-06 15:10:00,9940.0,9940.0,9330.0,9330.0,2
2024-11-08 11:30:00,9980.0,9990.0,9980.0,9990.0,2
2024-11-08 13:00:00,9890.0,9970.0,9890.0,9970.0,5
2024-11-08 15:10:00,9300.0,9300.0,9300.0,9300.0,1
2024-11-08 15:20:00,9960.0,9960.0,9960.0,9960.0,1
2024-11-08 18:10:00,9330.0,9330.0,9270.0,9270.0,5
2024-11-08 19:30:00,9980.0,9980.0,9210.0,9210.0,2
2024-11-08 19:40:00,9970.0,9970.0,9280.0,9280.0,2
2024-11-18 15:30:00,9280.0,9280.0,9280.0,9280.0,1
2024-11-22 11:40:00,9290.0,9290.0,9290.0,9290.0,4
2024-11-28 16:00:00,9300.0,9300.0,9300.0,9300.0,1
2024-11-29 10:00:00,9310.0,9310.0,9310.0,9310.0,1
2024-12-04 16:20:00,9040.0,9040.0,9040.0,9040.0,1
2024-12-18 14:50:00,9240.0,9240.0,9240.0,9240.0,1
2024-12-19 10:40:00,9240.0,9240.0,9240.0,9240.0,1
2024-12-20 12:50:00,9070.0,9070.0,9070.0,9070.0,1
2024-12-20 16:00:00,9070.0,9070.0,9070.0,9070.0,6
2024-12-23 16:40:00,9090.0,9090.0,9090.0,9090.0,1
2025-01-09 11:10:00,9090.0,9090.0,9050.0,9050.0,12
2025-01-09 12:00:00,9090.0,9090.0,9090.0,9090.0,6
2025-01-09 12:30:00,9070.0,9070.0,9070.0,9070.0,3
2025-01-09 13:00:00,9060.0,9060.0,9060.0,9060.0,4
2025-01-09 13:10:00,9040.0,9040.0,9040.0,9040.0,5
2025-01-09 13:20:00,9030.0,9030.0,9010.0,9010.0,6
2025-01-09 13:30:00,9010.0,9010.0,9000.0,9000.0,4
2025-01-09 15:20:00,9000.0,9000.0,9000.0,9000.0,26
2025-01-09 16:00:00,8920.0,8920.0,8920.0,8920.0,74
2025-01-09 17:30:00,7700.0,7700.0,7700.0,7700.0,10
2025-01-09 18:40:00,7700.0,7700.0,7700.0,7700.0,1
2025-01-09 21:40:00,6430.0,6430.0,6430.0,6430.0,1
2025-01-10 10:00:00,6430.0,6430.0,6430.0,6430.0,8
2025-01-10 11:00:00,6430.0,7870.0,6430.0,7860.0,33
2025-01-10 11:10:00,6430.0,6430.0,6430.0,6430.0,3
2025-01-10 14:10:00,5180.0,5180.0,5180.0,5180.0,1
2025-01-10 14:20:00,6430.0,6430.0,6430.0,6430.0,7
2025-01-10 21:20:00,4970.0,4970.0,4970.0,4970.0,1
2025-01-13 10:00:00,4970.0,6430.0,4970.0,6430.0,56
2025-01-13 10:30:00,6360.0,6360.0,6360.0,6360.0,2
2025-01-13 13:40:00,4970.0,4970.0,4970.0,4970.0,1
2025-01-13 15:00:00,3740.0,3740.0,3740.0,3740.0,2
2025-01-13 15:20:00,5670.0,6070.0,5670.0,6070.0,9
2025-01-13 16:20:00,3980.0,6010.0,3980.0,6010.0,4
2025-01-13 18:40:00,4010.0,4010.0,4010.0,4010.0,1
2025-01-13 20:20:00,5210.0,5210.0,5210.0,5210.0,1
2025-01-13 21:40:00,4080.0,4080.0,4080.0,4080.0,1
2025-01-14 10:30:00,5210.0,5210.0,5210.0,5210.0,1
2025-01-14 11:00:00,5210.0,5210.0,5210.0,5210.0,2
2025-01-14 12:10:00,4270.0,4270.0,4270.0,4270.0,1
2025-01-14 12:30:00,4260.0,4260.0,4260.0,4260.0,2
2025-01-14 12:50:00,4260.0,4260.0,4260.0,4260.0,1
2025-01-14 13:40:00,4270.0,4270.0,4270.0,4270.0,102
2025-01-14 17:00:00,4260.0,4260.0,4260.0,4260.0,1
2025-01-14 23:20:00,4020.0,4020.0,4020.0,4020.0,1
2025-01-15 13:50:00,3400.0,3400.0,3400.0,3400.0,1
2025-01-15 15:50:00,3480.0,3490.0,3470.0,3470.0,4
2025-01-15 17:00:00,3560.0,3560.0,3560.0,3560.0,1
2025-01-15 17:20:00,3560.0,3560.0,3560.0,3560.0,1
2025-01-15 20:20:00,3710.0,3710.0,3710.0,3710.0,1
2025-01-15 21:50:00,3670.0,3670.0,3670.0,3670.0,1
2025-01-16 12:10:00,3670.0,3670.0,3670.0,3670.0,1
2025-01-16 12:40:00,3660.0,3660.0,3660.0,3660.0,2
2025-01-16 12:50:00,3660.0,3670.0,3660.0,3670.0,2
2025-01-17 12:10:00,3740.0,3740.0,3740.0,3740.0,1
2025-01-17 12:20:00,3740.0,3750.0,3740.0,3750.0,12
2025-01-17 12:30:00,3770.0,3770.0,3770.0,3770.0,26
2025-01-17 17:00:00,3820.0,3820.0,3820.0,3820.0,1
2025-01-17 18:20:00,3870.0,3870.0,3870.0,3870.0,2
2025-01-17 19:10:00,3870.0,3870.0,3870.0,3870.0,1
2025-01-20 10:20:00,3600.0,3600.0,3600.0,3600.0,3
2025-01-21 10:10:00,3600.0,3600.0,3600.0,3600.0,1
2025-01-21 17:50:00,3470.0,3470.0,3470.0,3470.0,1
2025-01-22 10:10:00,3470.0,3470.0,3420.0,3420.0,29
2025-01-22 15:30:00,3170.0,3190.0,3170.0,3190.0,2
2025-01-22 18:10:00,3080.0,3080.0,3080.0,3080.0,1
2025-01-22 18:30:00,3080.0,3080.0,3080.0,3080.0,1
2025-01-22 20:10:00,2900.0,3440.0,2900.0,3440.0,2
2025-01-23 10:50:00,3310.0,3310.0,3310.0,3310.0,1
2025-01-24 19:00:00,3470.0,3470.0,3470.0,3470.0,2
2025-01-24 19:10:00,2660.0,2660.0,2660.0,2660.0,2
2025-01-24 21:40:00,2670.0,2670.0,2670.0,2670.0,1
2025-01-27 11:50:00,2620.0,2620.0,2620.0,2620.0,1
2025-01-27 12:20:00,2520.0,2560.0,2520.0,2560.0,3
2025-01-27 17:00:00,2530.0,2530.0,2420.0,2420.0,10
2025-01-27 22:00:00,2370.0,2400.0,2370.0,2400.0,4
2025-01-28 12:20:00,2770.0,2770.0,2770.0,2770.0,1
2025-01-28 15:10:00,2380.0,2380.0,2370.0,2370.0,2
2025-01-28 19:40:00,2670.0,2750.0,2670.0,2750.0,2
2025-01-29 11:20:00,2750.0,2750.0,2750.0,2750.0,1
2025-01-29 22:00:00,3130.0,3130.0,3130.0,3130.0,1
2025-01-30 12:40:00,3040.0,3040.0,3040.0,3040.0,1
2025-01-30 16:30:00,2630.0,2630.0,2570.0,2570.0,110
2025-01-30 16:40:00,2590.0,2590.0,2560.0,2560.0,7
2025-01-30 17:00:00,2560.0,2560.0,2560.0,2560.0,2
2025-01-30 17:10:00,2560.0,2570.0,2560.0,2570.0,3
2025-01-30 18:10:00,2470.0,2470.0,2470.0,2470.0,1
2025-01-31 15:30:00,3000.0,3000.0,3000.0,3000.0,1
2025-01-31 15:40:00,3000.0,3000.0,3000.0,3000.0,1
2025-01-31 18:40:00,2570.0,2570.0,2570.0,2570.0,1
2025-02-03 10:10:00,2970.0,2980.0,2970.0,2980.0,3
2025-02-03 16:10:00,2980.0,2980.0,2980.0,2980.0,1
2025-02-03 17:10:00,2980.0,2980.0,2980.0,2980.0,2
2025-02-03 22:20:00,3050.0,3050.0,3050.0,3050.0,1
2025-02-04 09:40:00,3120.0,3120.0,3120.0,3120.0,2
2025-02-04 11:20:00,3140.0,3140.0,3140.0,3140.0,2
2025-02-04 13:40:00,3220.0,3270.0,3220.0,3270.0,205
2025-02-04 13:50:00,3340.0,3340.0,3340.0,3340.0,2
2025-02-04 14:20:00,3400.0,3400.0,3400.0,3400.0,2
2025-02-04 14:30:00,3410.0,3410.0,3410.0,3410.0,1
2025-02-04 15:10:00,3430.0,3710.0,3430.0,3710.0,50
2025-02-04 15:20:00,3700.0,3700.0,3700.0,3700.0,1
2025-02-04 15:30:00,3700.0,3700.0,3700.0,3700.0,1
2025-02-04 16:10:00,3760.0,3760.0,3760.0,3760.0,2
2025-02-04 16:30:00,3780.0,3790.0,3780.0,3790.0,2
2025-02-04 17:20:00,3780.0,3780.0,3350.0,3370.0,8
2025-02-04 17:30:00,3340.0,3340.0,3340.0,3340.0,1
2025-02-05 09:10:00,3270.0,3270.0,2200.0,2260.0,50
2025-02-05 10:00:00,2470.0,2600.0,2470.0,2490.0,7
2025-02-05 10:10:00,2660.0,2660.0,2660.0,2660.0,1
2025-02-05 12:50:00,2600.0,2600.0,2600.0,2600.0,6
2025-02-05 13:30:00,2600.0,2600.0,2600.0,2600.0,2
2025-02-05 13:50:00,2600.0,2600.0,2600.0,2600.0,1
2025-02-05 14:00:00,2770.0,2770.0,2770.0,2770.0,1
2025-02-05 14:40:00,2600.0,2600.0,2600.0,2600.0,1
2025-02-05 23:40:00,2810.0,3670.0,2810.0,2900.0,12
2025-02-06 11:40:00,2900.0,2900.0,2900.0,2900.0,2
2025-02-06 15:20:00,2970.0,2970.0,2970.0,2970.0,1
2025-02-07 17:40:00,2600.0,2600.0,2550.0,2550.0,10
2025-02-07 17:50:00,2580.0,2580.0,2580.0,2580.0,2
2025-02-07 18:30:00,2830.0,2830.0,2830.0,2830.0,1
2025-02-07 19:20:00,3030.0,3030.0,3030.0,3030.0,1
2025-02-07 19:30:00,2600.0,2600.0,2600.0,2600.0,2
2025-02-10 10:00:00,2610.0,2610.0,2030.0,2070.0,23
2025-02-10 10:10:00,2190.0,2240.0,2190.0,2240.0,37
2025-02-10 10:20:00,2260.0,2260.0,2260.0,2260.0,2
2025-02-10 10:50:00,2070.0,2260.0,2070.0,2260.0,4
2025-02-10 11:00:00,2260.0,2260.0,2260.0,2260.0,4
2025-02-10 11:30:00,2260.0,2260.0,2260.0,2260.0,1
2025-02-10 11:40:00,2260.0,2270.0,2260.0,2270.0,206
2025-02-10 13:50:00,2410.0,2440.0,2410.0,2440.0,2
2025-02-10 14:00:00,2440.0,2440.0,2440.0,2440.0,1
2025-02-10 14:20:00,2470.0,2470.0,2470.0,2470.0,1
2025-02-10 14:40:00,2510.0,2510.0,2510.0,2510.0,1
2025-02-10 14:50:00,2470.0,2470.0,2470.0,2470.0,1
2025-02-10 16:50:00,2390.0,2390.0,2390.0,2390.0,1
2025-02-10 18:30:00,2470.0,2470.0,2470.0,2470.0,1
2025-02-10 21:30:00,2610.0,2610.0,2610.0,2610.0,1
2025-02-10 21:50:00,2480.0,2480.0,2480.0,2480.0,2
2025-02-11 10:30:00,2490.0,2490.0,2490.0,2490.0,1
2025-02-11 11:20:00,2490.0,2490.0,2490.0,2490.0,1
2025-02-11 12:30:00,2690.0,2690.0,2690.0,2690.0,3
2025-02-11 12:50:00,2510.0,2510.0,2510.0,2510.0,1
2025-02-11 13:50:00,2500.0,2500.0,2500.0,2500.0,1
2025-02-12 11:10:00,2380.0,2380.0,2370.0,2370.0,3
2025-02-12 11:20:00,2670.0,2670.0,2670.0,2670.0,1
2025-02-12 12:10:00,2370.0,2370.0,2370.0,2370.0,1
2025-02-12 19:00:00,2620.0,2620.0,2620.0,2620.0,1
2025-02-13 10:00:00,2280.0,2280.0,2280.0,2280.0,2
2025-02-13 11:40:00,2460.0,2520.0,2460.0,2520.0,2
2025-02-13 20:30:00,2290.0,2290.0,2290.0,2290.0,1
2025-02-18 10:10:00,2460.0,2460.0,2460.0,2460.0,1
2025-02-18 18:30:00,2260.0,2260.0,2260.0,2260.0,1
2025-02-18 18:40:00,2460.0,2460.0,2460.0,2460.0,1
2025-02-19 16:50:00,2670.0,2670.0,2670.0,2670.0,1
2025-02-19 20:40:00,2770.0,2770.0,2770.0,2770.0,1
2025-02-20 08:50:00,2770.0,2770.0,2770.0,2770.0,1
2025-02-20 17:10:00,2480.0,2480.0,2480.0,2480.0,1
2025-02-21 18:00:00,2120.0,2120.0,2120.0,2120.0,1
2025-02-27 09:40:00,2690.0,2690.0,2690.0,2690.0,1
2025-02-27 09:50:00,2170.0,2170.0,2170.0,2170.0,1
2025-02-27 14:20:00,2570.0,2570.0,2570.0,2570.0,1
2025-02-27 20:20:00,2620.0,2620.0,2620.0,2620.0,1
2025-02-28 22:50:00,2190.0,2190.0,2190.0,2190.0,1
2025-02-28 23:40:00,2660.0,2660.0,2660.0,2660.0,1
2025-03-03 12:20:00,2660.0,2660.0,2660.0,2660.0,3
2025-03-03 13:10:00,2770.0,2770.0,2770.0,2770.0,2
2025-03-05 14:30:00,2740.0,2740.0,2740.0,2740.0,3
2025-03-11 18:10:00,2270.0,2270.0,2270.0,2270.0,1
2025-03-13 12:40:00,2660.0,2660.0,2660.0,2660.0,1
2025-03-13 19:40:00,2710.0,2710.0,2710.0,2710.0,1
2025-03-14 15:20:00,2610.0,2610.0,2610.0,2610.0,1
2025-03-14 16:20:00,2610.0,2610.0,2610.0,2610.0,2
2025-03-17 16:40:00,2600.0,2600.0,2600.0,2600.0,1
2025-03-18 19:10:00,2660.0,2660.0,2660.0,2660.0,2
2025-03-19 16:50:00,2660.0,2660.0,2660.0,2660.0,3
2025-03-21 16:10:00,2320.0,2320.0,2320.0,2320.0,1
2025-03-26 09:00:00,2700.0,2700.0,2700.0,2700.0,2
2025-03-26 17:00:00,2690.0,2700.0,2690.0,2700.0,3
2025-03-26 20:10:00,2710.0,2710.0,2710.0,2710.0,1
2025-03-27 14:10:00,2900.0,2900.0,2900.0,2900.0,1
2025-03-28 12:10:00,2590.0,2590.0,2550.0,2550.0,4
2025-03-31 09:30:00,2730.0,2780.0,2730.0,2780.0,2
2025-04-01 10:50:00,2480.0,2480.0,2470.0,2470.0,2
2025-04-01 12:10:00,2450.0,2450.0,2450.0,2450.0,1
2025-04-07 21:20:00,2410.0,2410.0,2410.0,2410.0,2
2025-04-10 18:30:00,2810.0,2810.0,2400.0,2400.0,2
2025-04-14 11:00:00,2720.0,2720.0,2720.0,2720.0,1
2025-04-15 12:10:00,2440.0,2440.0,2320.0,2320.0,312
2025-04-15 12:40:00,2310.0,2310.0,2270.0,2270.0,2
2025-04-15 16:20:00,2280.0,2280.0,2240.0,2240.0,3
2025-04-16 11:00:00,2210.0,2210.0,2210.0,2210.0,1
2025-04-16 16:20:00,2210.0,2210.0,1860.0,2190.0,101
2025-04-17 11:30:00,2120.0,2120.0,1780.0,1920.0,309
2025-04-17 12:00:00,1920.0,1920.0,1920.0,1920.0,1
2025-04-17 12:40:00,1920.0,1920.0,1920.0,1920.0,1
2025-04-17 14:50:00,1920.0,1930.0,1920.0,1930.0,3
2025-04-17 17:20:00,1930.0,1930.0,1930.0,1930.0,1
2025-04-23 11:40:00,1500.0,1500.0,1500.0,1500.0,1
2025-04-24 14:30:00,1570.0,1680.0,1570.0,1680.0,7
2025-04-28 21:40:00,1320.0,1320.0,950.0,950.0,3
2025-04-28 21:50:00,1270.0,1270.0,980.0,1090.0,10
2025-04-28 22:20:00,1800.0,1890.0,1800.0,1890.0,4
2025-04-28 23:30:00,1580.0,1580.0,1580.0,1580.0,1
2025-04-28 23:40:00,1370.0,1370.0,1370.0,1370.0,1
2025-04-29 10:50:00,1380.0,1380.0,1380.0,1380.0,1
2025-04-29 13:30:00,1620.0,1620.0,1620.0,1620.0,2
2025-04-30 23:40:00,1690.0,1690.0,1690.0,1690.0,1
2025-05-05 10:40:00,1430.0,1430.0,1320.0,1320.0,19
2025-05-07 10:40:00,1300.0,1670.0,1300.0,1670.0,2
2025-05-07 19:50:00,1760.0,1760.0,1760.0,1760.0,1
2025-05-12 17:10:00,1770.0,1770.0,1770.0,1770.0,1
2025-05-13 09:10:00,1850.0,1850.0,1850.0,1850.0,2
2025-05-13 17:20:00,1840.0,1840.0,1430.0,1430.0,2
2025-05-13 20:30:00,1820.0,1820.0,1820.0,1820.0,1
2025-05-15 11:20:00,1510.0,1510.0,1420.0,1420.0,300
2025-05-15 11:50:00,1530.0,1530.0,1530.0,1530.0,1
2025-05-15 14:10:00,1530.0,1530.0,1530.0,1530.0,1
2025-05-15 16:20:00,1530.0,1530.0,1530.0,1530.0,12
2025-05-16 10:30:00,1500.0,1500.0,1500.0,1500.0,15
2025-05-16 14:00:00,1470.0,1470.0,1460.0,1460.0,4
2025-05-16 14:20:00,1460.0,1460.0,1460.0,1460.0,3
2025-05-16 14:30:00,1450.0,1450.0,1450.0,1450.0,1
2025-05-16 15:10:00,1450.0,1450.0,1450.0,1450.0,17
2025-05-16 16:00:00,1410.0,1410.0,1410.0,1410.0,2
2025-05-16 18:30:00,870.0,870.0,870.0,870.0,2
2025-05-19 11:20:00,870.0,870.0,870.0,870.0,1
2025-05-19 12:30:00,-990.0,-990.0,-990.0,-990.0,1
2025-05-19 14:30:00,-870.0,-870.0,-870.0,-870.0,1
2025-05-19 15:00:00,-870.0,-870.0,-870.0,-870.0,1
2025-05-19 17:20:00,-990.0,-990.0,-990.0,-990.0,1
2025-05-21 10:40:00,-990.0,-990.0,-990.0,-990.0,1
2025-05-21 11:30:00,-1190.0,-1190.0,-1600.0,-1470.0,4
2025-05-21 13:30:00,-1460.0,-1460.0,-1460.0,-1460.0,1
2025-05-21 16:40:00,-1460.0,-1460.0,-1460.0,-1460.0,2
2025-05-26 13:40:00,-1580.0,-1580.0,-1580.0,-1580.0,1
2025-05-26 18:20:00,-2310.0,-1830.0,-2310.0,-1830.0,38
2025-05-26 19:10:00,-1830.0,-1830.0,-1830.0,-1830.0,4
2025-05-26 19:20:00,-1830.0,-1830.0,-1830.0,-1830.0,4
2025-05-27 11:50:00,-2420.0,-2420.0,-2420.0,-2420.0,1
2025-05-27 16:40:00,-2700.0,-2700.0,-2700.0,-2700.0,1
2025-05-27 17:20:00,-2390.0,-2370.0,-2390.0,-2370.0,2
2025-05-27 17:40:00,-2010.0,-2000.0,-2010.0,-2000.0,2
2025-05-27 19:20:00,-1980.0,-1980.0,-1980.0,-1980.0,1
2025-05-27 20:20:00,-1970.0,-1970.0,-1970.0,-1970.0,6
2025-05-29 09:30:00,-2140.0,-2140.0,-2140.0,-2140.0,1
2025-05-29 09:50:00,-1740.0,-1740.0,-1740.0,-1740.0,1
2025-05-29 10:00:00,-1780.0,-1780.0,-2140.0,-2140.0,3
2025-05-29 10:30:00,-2140.0,-2140.0,-2140.0,-2140.0,19
2025-05-29 10:50:00,-1740.0,-1740.0,-1740.0,-1740.0,1
2025-06-02 09:00:00,-1790.0,-1700.0,-1790.0,-1700.0,6
2025-06-02 12:00:00,-1790.0,-1790.0,-1790.0,-1790.0,1
2025-06-03 23:10:00,-1340.0,-1340.0,-1340.0,-1340.0,1
2025-06-04 11:40:00,-2090.0,-2090.0,-2090.0,-2090.0,1
2025-06-04 21:00:00,-1990.0,-1990.0,-1990.0,-1990.0,1
2025-06-04 22:00:00,-1370.0,-1370.0,-1370.0,-1370.0,1
2025-06-04 22:40:00,-2060.0,-2060.0,-2060.0,-2060.0,1
2025-06-04 22:50:00,-1370.0,-1370.0,-1370.0,-1370.0,1
2025-06-05 11:00:00,-1430.0,-1430.0,-1430.0,-1430.0,1
2025-06-06 11:50:00,-1540.0,-1500.0,-1540.0,-1500.0,3
2025-06-06 14:50:00,-1390.0,-1390.0,-1390.0,-1390.0,1
2025-06-09 14:30:00,-2480.0,-2480.0,-2480.0,-2480.0,1
2025-06-09 14:40:00,-1080.0,-1080.0,-1080.0,-1080.0,1
2025-06-10 21:30:00,-1260.0,-1260.0,-1260.0,-1260.0,1
2025-06-11 10:40:00,-1400.0,-1400.0,-1400.0,-1400.0,1
2025-06-11 16:20:00,-1690.0,-1690.0,-1690.0,-1690.0,1
2025-06-16 10:40:00,-1820.0,-1820.0,-1820.0,-1820.0,1
2025-06-16 10:50:00,-1700.0,-1700.0,-1700.0,-1700.0,2
2025-06-16 11:00:00,-1740.0,-1730.0,-1740.0,-1730.0,2
2025-06-16 13:20:00,-1640.0,-1640.0,-1640.0,-1640.0,1
2025-06-16 16:00:00,-1670.0,-1670.0,-1670.0,-1670.0,1
2025-06-18 14:30:00,-1590.0,-1590.0,-1590.0,-1590.0,1
2025-06-18 16:50:00,-1660.0,-1660.0,-1670.0,-1670.0,2
2025-06-18 17:00:00,-1780.0,-1780.0,-1780.0,-1780.0,1
2025-06-18 17:10:00,-1410.0,-1410.0,-1410.0,-1410.0,1
2025-06-18 17:20:00,-1980.0,-1980.0,-1980.0,-1980.0,1
2025-06-18 21:00:00,-1530.0,-1530.0,-1530.0,-1530.0,1
2025-06-19 15:20:00,-1360.0,-1360.0,-1360.0,-1360.0,1
2025-06-19 16:30:00,-1360.0,-1360.0,-1360.0,-1360.0,1
2025-06-19 16:40:00,-1370.0,-1370.0,-1930.0,-1930.0,4
2025-06-23 11:00:00,-1870.0,-1870.0,-1870.0,-1870.0,2
2025-06-23 11:10:00,-1580.0,-1490.0,-1580.0,-1490.0,2
2025-06-23 12:40:00,-1570.0,-1570.0,-1570.0,-1570.0,1
2025-06-23 23:10:00,-1550.0,-1540.0,-1550.0,-1540.0,20
2025-06-23 23:30:00,-1870.0,-1870.0,-2490.0,-2030.0,22
2025-06-24 09:00:00,-2560.0,-2560.0,-2600.0,-2600.0,3
2025-06-24 13:30:00,-1990.0,-1990.0,-1990.0,-1990.0,1
2025-06-24 17:30:00,-1820.0,-1820.0,-1820.0,-1820.0,1
2025-06-26 10:30:00,-1820.0,-1820.0,-1820.0,-1820.0,1
2025-06-26 20:10:00,-2180.0,-2180.0,-2190.0,-2190.0,4
2025-06-27 09:00:00,-2020.0,-2020.0,-2020.0,-2020.0,1
2025-07-24 09:20:00,-2020.0,-1960.0,-2020.0,-1960.0,3
2025-07-25 23:20:00,-2220.0,-2220.0,-2220.0,-2220.0,1
2025-07-28 23:30:00,-1640.0,-1640.0,-1640.0,-1640.0,1
2025-07-31 22:00:00,-2910.0,-1720.0,-3000.0,-1720.0,7
2025-07-31 22:10:00,-1560.0,-1560.0,-1560.0,-1560.0,1
2025-08-01 12:30:00,-1740.0,-1740.0,-1740.0,-1740.0,1
2025-08-01 12:40:00,-1750.0,-1750.0,-1750.0,-1750.0,1
2025-08-01 19:00:00,-2890.0,-2890.0,-2890.0,-2890.0,2
2025-08-01 19:30:00,-1740.0,-1240.0,-2970.0,-1240.0,9
2025-08-01 19:40:00,-2140.0,-1690.0,-2650.0,-2650.0,4
2025-08-01 20:10:00,-2570.0,-2570.0,-2580.0,-2580.0,2
2025-08-01 23:30:00,-1730.0,-1650.0,-1730.0,-1650.0,3
2025-08-04 13:40:00,-2610.0,-2610.0,-2610.0,-2610.0,1
2025-08-04 14:30:00,-1780.0,-1630.0,-1780.0,-1630.0,3
2025-08-04 14:40:00,-2570.0,-2570.0,-2570.0,-2570.0,2
2025-08-04 16:10:00,-1690.0,-1690.0,-1690.0,-1690.0,1
2025-08-04 17:00:00,-2680.0,-2680.0,-2680.0,-2680.0,2
2025-08-04 18:40:00,-1840.0,-1830.0,-1840.0,-1830.0,2
2025-08-06 10:10:00,-2710.0,-2710.0,-2710.0,-2710.0,2
2025-08-06 10:40:00,-1760.0,-1760.0,-1760.0,-1760.0,1
2025-08-08 10:20:00,-1770.0,-1770.0,-1770.0,-1770.0,1
2025-08-08 17:40:00,-1730.0,-1730.0,-1730.0,-1730.0,3
2025-08-08 17:50:00,-1730.0,-1730.0,-1730.0,-1730.0,2
2025-08-08 23:00:00,-1870.0,-1870.0,-1870.0,-1870.0,2
2025-08-11 12:40:00,-2090.0,-2090.0,-2090.0,-2090.0,5
2025-08-11 15:00:00,-2090.0,-2090.0,-2090.0,-2090.0,1
2025-08-11 22:50:00,-2100.0,-2100.0,-2100.0,-2100.0,1
2025-08-12 18:20:00,-2440.0,-2440.0,-2440.0,-2440.0,1
2025-08-13 17:50:00,-2450.0,-2450.0,-2450.0,-2450.0,1
2025-08-14 11:50:00,-2450.0,-2450.0,-2450.0,-2450.0,1
2025-08-15 15:40:00,-2550.0,-2550.0,-2550.0,-2550.0,1
2025-08-18 13:10:00,-2900.0,-2900.0,-2900.0,-2900.0,2
2025-08-18 13:20:00,-3240.0,-3240.0,-3240.0,-3240.0,1
2025-08-18 15:40:00,-3250.0,-3250.0,-3250.0,-3250.0,1
2025-08-18 18:00:00,-3250.0,-3250.0,-3250.0,-3250.0,3
2025-08-18 19:10:00,-3250.0,-3250.0,-3250.0,-3250.0,2
2025-08-18 19:40:00,-3260.0,-3260.0,-3260.0,-3260.0,13
2025-08-18 20:10:00,-3260.0,-3260.0,-3260.0,-3260.0,1
2025-08-18 20:50:00,-3250.0,-3250.0,-3250.0,-3250.0,1
2025-08-18 21:00:00,-3250.0,-3250.0,-3250.0,-3250.0,1
2025-08-18 22:20:00,-3250.0,-3250.0,-3250.0,-3250.0,13
2025-08-19 10:40:00,-3340.0,-3340.0,-3610.0,-3550.0,13
2025-08-19 13:10:00,-3500.0,-3500.0,-3500.0,-3500.0,1
2025-08-19 15:10:00,-3550.0,-3550.0,-3550.0,-3550.0,1
2025-08-20 16:50:00,-3550.0,-3550.0,-3550.0,-3550.0,2
2025-08-21 13:00:00,-3550.0,-3550.0,-3550.0,-3550.0,2
2025-08-23 13:10:00,-3550.0,-3550.0,-3550.0,-3550.0,1
2025-08-25 10:00:00,-3280.0,-3200.0,-3280.0,-3200.0,7
2025-08-25 13:00:00,-3260.0,-3250.0,-3260.0,-3250.0,3
2025-08-25 16:20:00,-3260.0,-3260.0,-3260.0,-3260.0,1
2025-08-25 16:40:00,-3650.0,-3650.0,-3690.0,-3690.0,3
2025-08-28 21:00:00,-3260.0,-3250.0,-3260.0,-3250.0,6
2025-08-28 21:30:00,-3250.0,-3250.0,-3250.0,-3250.0,1
2025-08-28 22:10:00,-3250.0,-3250.0,-3250.0,-3250.0,1
2025-08-29 10:50:00,-3260.0,-3260.0,-3260.0,-3260.0,1
2025-08-29 19:50:00,-3250.0,-3250.0,-3250.0,-3250.0,2
2025-08-31 10:20:00,-3320.0,-3320.0,-3320.0,-3320.0,1
2025-08-31 12:10:00,-3260.0,-3260.0,-3260.0,-3260.0,1
2025-09-01 13:10:00,-3250.0,-3250.0,-3250.0,-3250.0,5
2025-09-01 17:30:00,-3250.0,-3250.0,-3250.0,-3250.0,17
2025-09-02 13:50:00,-3250.0,-3250.0,-3250.0,-3250.0,1
2025-09-03 18:40:00,-3260.0,-3260.0,-3260.0,-3260.0,2
2025-09-05 13:30:00,-3470.0,-3470.0,-4090.0,-3690.0,9
2025-09-06 11:50:00,-3360.0,-3360.0,-3360.0,-3360.0,1
2025-09-09 09:40:00,-3260.0,-3250.0,-3260.0,-3250.0,4
2025-09-09 16:30:00,-3260.0,-3260.0,-3260.0,-3260.0,1
2025-09-10 19:20:00,-3350.0,-3350.0,-3350.0,-3350.0,1
2025-09-11 10:10:00,-3400.0,-3400.0,-3400.0,-3400.0,2
2025-09-11 11:20:00,-3450.0,-3450.0,-3450.0,-3450.0,1
2025-09-11 23:40:00,-2890.0,-2890.0,-2890.0,-2890.0,3
2025-09-12 14:20:00,-2890.0,-2890.0,-2890.0,-2890.0,1
2025-09-30 21:10:00,-3160.0,-3160.0,-3160.0,-3160.0,2
2025-10-15 12:20:00,-3160.0,-3160.0,-3160.0,-3160.0,2
2025-10-17 15:10:00,-3010.0,-3010.0,-3010.0,-3010.0,1
2025-10-20 10:30:00,-3010.0,-3010.0,-3010.0,-3010.0,1
2025-10-20 11:40:00,-1940.0,-1940.0,-1940.0,-1940.0,5
2025-10-24 15:50:00,-1970.0,-1970.0,-1970.0,-1970.0,2
2025-10-24 16:00:00,-2030.0,-2030.0,-2110.0,-2110.0,6
2025-10-24 16:10:00,-2160.0,-2160.0,-2300.0,-2300.0,6
2025-10-24 16:20:00,-2360.0,-2360.0,-2360.0,-2360.0,2
2025-10-24 18:30:00,-2400.0,-2400.0,-2400.0,-2400.0,2
2025-10-27 16:10:00,-2440.0,-2440.0,-2440.0,-2440.0,2
2025-10-27 17:10:00,-2110.0,-2110.0,-2110.0,-2110.0,1
2025-10-28 11:20:00,-2420.0,-2420.0,-2420.0,-2420.0,2
2025-10-28 11:30:00,-2420.0,-2420.0,-2420.0,-2420.0,1
2025-10-29 09:10:00,-2120.0,-2080.0,-2210.0,-2210.0,7
2025-10-29 09:20:00,-2320.0,-2320.0,-2320.0,-2320.0,1
2025-10-29 09:30:00,-2390.0,-2390.0,-2390.0,-2390.0,1
2025-10-29 18:10:00,-2430.0,-2430.0,-2440.0,-2440.0,4
2025-10-31 14:40:00,-2440.0,-2440.0,-3420.0,-2520.0,4
2025-12-19 22:30:00,-3220.0,-3220.0,-3220.0,-3220.0,1
2025-12-22 13:50:00,-3220.0,-3220.0,-3220.0,-3220.0,4
2026-01-05 10:00:00,-2260.0,-1630.0,-2260.0,-1630.0,4
2026-01-05 10:10:00,-510.0,-510.0,-630.0,-510.0,5
2026-01-05 10:30:00,-510.0,-510.0,-510.0,-510.0,61
2026-01-05 11:00:00,-510.0,-510.0,-510.0,-510.0,50
2026-01-05 11:10:00,-510.0,-510.0,-510.0,-510.0,1
2026-01-05 11:40:00,-510.0,-510.0,-510.0,-510.0,2
2026-01-05 12:30:00,-510.0,-510.0,-510.0,-510.0,2
2026-01-05 13:20:00,-510.0,-510.0,-510.0,-510.0,9
2026-01-05 14:00:00,480.0,530.0,380.0,380.0,15
2026-01-05 14:10:00,360.0,360.0,-250.0,80.0,16
2026-01-05 14:20:00,80.0,310.0,-20.0,70.0,21
2026-01-05 14:30:00,30.0,310.0,30.0,220.0,6
2026-01-05 14:50:00,260.0,370.0,260.0,370.0,11
2026-01-05 15:20:00,150.0,150.0,150.0,150.0,1
2026-01-05 15:30:00,90.0,90.0,30.0,30.0,5
2026-01-05 16:00:00,60.0,60.0,60.0,60.0,1
2026-01-05 16:20:00,20.0,20.0,20.0,20.0,1
2026-01-05 16:40:00,60.0,360.0,60.0,360.0,9
2026-01-05 16:50:00,200.0,200.0,200.0,200.0,1
2026-01-05 17:00:00,50.0,50.0,-20.0,-20.0,4
2026-01-05 17:10:00,110.0,110.0,-20.0,-20.0,2
2026-01-05 18:20:00,-10.0,-10.0,-510.0,-420.0,138
2026-01-05 18:30:00,80.0,90.0,80.0,90.0,5
2026-01-05 19:10:00,90.0,90.0,90.0,90.0,1
2026-01-05 20:40:00,-10.0,-10.0,-10.0,-10.0,1
2026-01-05 20:50:00,-10.0,-10.0,-10.0,-10.0,1
2026-01-05 21:00:00,-50.0,-50.0,-50.0,-50.0,1
2026-01-05 21:10:00,-50.0,-50.0,-380.0,-50.0,73
2026-01-05 21:40:00,70.0,70.0,70.0,70.0,1
2026-01-05 22:20:00,-380.0,-20.0,-380.0,-20.0,2
2026-01-05 22:30:00,70.0,100.0,70.0,100.0,8
2026-01-05 23:00:00,150.0,150.0,150.0,150.0,1
2026-01-05 23:10:00,-20.0,170.0,-20.0,170.0,9
2026-01-05 23:40:00,-20.0,-20.0,-20.0,-20.0,3
2026-01-06 09:00:00,-330.0,-330.0,-330.0,-330.0,3
2026-01-06 09:20:00,-40.0,130.0,-40.0,130.0,3
2026-01-06 09:30:00,-30.0,30.0,-30.0,30.0,3
2026-01-06 10:10:00,-150.0,-150.0,-310.0,-310.0,11
2026-01-06 10:20:00,-10.0,-10.0,-10.0,-10.0,2
2026-01-06 12:20:00,20.0,20.0,20.0,20.0,1
2026-01-06 13:00:00,20.0,20.0,20.0,20.0,3
2026-01-06 14:20:00,-90.0,-90.0,-90.0,-90.0,1
2026-01-06 15:10:00,30.0,80.0,30.0,80.0,5
2026-01-06 15:20:00,-70.0,-70.0,-70.0,-70.0,1
2026-01-06 17:10:00,-50.0,-50.0,-50.0,-50.0,1
2026-01-06 17:30:00,80.0,80.0,80.0,80.0,1
2026-01-08 09:00:00,-820.0,870.0,-820.0,870.0,8
2026-01-08 09:20:00,210.0,210.0,210.0,210.0,3
2026-01-08 10:50:00,210.0,230.0,210.0,230.0,5
2026-01-08 13:20:00,220.0,1120.0,180.0,180.0,140
2026-01-08 13:30:00,180.0,180.0,180.0,180.0,1
2026-01-08 13:50:00,230.0,230.0,230.0,230.0,1
2026-01-08 14:20:00,230.0,230.0,230.0,230.0,1
2026-01-08 15:30:00,180.0,180.0,180.0,180.0,1
2026-01-08 16:00:00,180.0,180.0,180.0,180.0,60
2026-01-08 16:20:00,180.0,180.0,180.0,180.0,1
2026-01-08 20:30:00,180.0,180.0,180.0,180.0,2
2026-01-09 13:20:00,90.0,90.0,90.0,90.0,1
2026-01-09 16:30:00,70.0,70.0,60.0,60.0,3
2026-01-09 18:00:00,150.0,150.0,150.0,150.0,2
2026-01-12 09:00:00,1150.0,1150.0,1150.0,1150.0,3
2026-01-12 09:30:00,420.0,420.0,140.0,140.0,5
2026-01-12 09:50:00,250.0,250.0,250.0,250.0,2
2026-01-12 10:00:00,180.0,180.0,150.0,150.0,7
2026-01-12 11:10:00,200.0,200.0,190.0,190.0,5
2026-01-12 12:20:00,270.0,270.0,120.0,120.0,3
2026-01-12 13:30:00,290.0,290.0,290.0,290.0,2
2026-01-12 14:00:00,290.0,290.0,290.0,290.0,40
2026-01-12 22:50:00,330.0,330.0,330.0,330.0,2
2026-01-13 15:20:00,170.0,300.0,170.0,300.0,3
2026-01-13 16:50:00,300.0,300.0,300.0,300.0,68
2026-01-13 17:10:00,340.0,340.0,340.0,340.0,1
2026-01-13 18:20:00,300.0,300.0,230.0,230.0,5
2026-01-13 20:00:00,170.0,170.0,170.0,170.0,2
2026-01-13 20:10:00,170.0,170.0,170.0,170.0,1
2026-01-14 16:20:00,240.0,660.0,240.0,660.0,5
2026-01-15 10:20:00,660.0,660.0,660.0,660.0,1
2026-01-15 13:00:00,30.0,30.0,30.0,30.0,2
2026-01-15 13:30:00,540.0,540.0,540.0,540.0,2
2026-01-15 16:20:00,580.0,580.0,580.0,580.0,2
2026-01-15 19:40:00,120.0,120.0,120.0,120.0,1
2026-01-16 11:50:00,110.0,110.0,110.0,110.0,1
2026-01-16 20:00:00,20.0,20.0,20.0,20.0,1
2026-01-16 21:10:00,110.0,110.0,110.0,110.0,1
2026-01-18 10:30:00,110.0,110.0,110.0,110.0,1
2026-01-19 12:40:00,180.0,250.0,180.0,250.0,4
2026-01-19 13:00:00,240.0,240.0,240.0,240.0,1
2026-01-19 14:00:00,800.0,800.0,800.0,800.0,6
2026-01-19 14:40:00,350.0,350.0,350.0,350.0,2
2026-01-19 15:30:00,350.0,350.0,350.0,350.0,1
2026-01-19 20:00:00,1310.0,1310.0,850.0,850.0,2
2026-01-19 22:00:00,220.0,220.0,220.0,220.0,1
2026-01-20 20:40:00,850.0,1710.0,850.0,1710.0,10
2026-01-21 10:00:00,760.0,760.0,360.0,440.0,40
2026-01-21 10:10:00,400.0,400.0,400.0,400.0,5
2026-01-21 10:40:00,450.0,450.0,450.0,450.0,1
2026-01-21 13:00:00,500.0,500.0,500.0,500.0,2
2026-01-21 14:20:00,440.0,440.0,440.0,440.0,2
2026-01-21 15:20:00,590.0,590.0,590.0,590.0,2
2026-01-21 16:30:00,590.0,590.0,590.0,590.0,2
2026-01-21 18:40:00,450.0,450.0,450.0,450.0,1
2026-01-22 16:00:00,450.0,450.0,450.0,450.0,1
2026-01-22 18:30:00,490.0,490.0,490.0,490.0,1
2026-01-23 12:30:00,470.0,470.0,470.0,470.0,2
2026-01-23 19:40:00,490.0,490.0,490.0,490.0,2
2026-01-26 10:20:00,490.0,490.0,490.0,490.0,1
2026-01-26 20:50:00,940.0,940.0,940.0,940.0,2
2026-01-27 10:00:00,1610.0,1610.0,1610.0,1610.0,1
2026-01-27 11:20:00,-440.0,-440.0,-440.0,-440.0,2
2026-01-27 11:30:00,1340.0,1340.0,1340.0,1340.0,1
2026-01-27 12:20:00,1300.0,1300.0,1300.0,1300.0,1
2026-01-27 13:00:00,1280.0,1280.0,1280.0,1280.0,1
2026-01-27 13:20:00,1280.0,1280.0,1280.0,1280.0,1
2026-01-27 14:10:00,1300.0,1300.0,420.0,420.0,2
2026-01-27 17:50:00,1280.0,1280.0,1280.0,1280.0,1
2026-01-27 18:40:00,1270.0,1270.0,1270.0,1270.0,1
2026-01-27 19:10:00,420.0,420.0,420.0,420.0,1
2026-01-28 11:00:00,1270.0,1270.0,1270.0,1270.0,1
2026-01-28 12:30:00,1260.0,1260.0,1260.0,1260.0,1
2026-01-29 14:00:00,1260.0,1260.0,1260.0,1260.0,2
2026-01-29 14:10:00,1250.0,1250.0,1250.0,1250.0,1
2026-01-29 15:30:00,1860.0,1890.0,1860.0,1890.0,6
2026-01-29 15:40:00,1250.0,1250.0,1240.0,1240.0,4
2026-01-29 17:10:00,1860.0,1860.0,1860.0,1860.0,1
2026-01-29 18:10:00,1400.0,1400.0,1380.0,1380.0,3
2026-01-29 18:30:00,1380.0,1380.0,1380.0,1380.0,1
2026-01-29 22:20:00,1590.0,1860.0,1580.0,1860.0,19
2026-01-29 22:30:00,1890.0,1890.0,1870.0,1870.0,2
2026-01-30 09:20:00,1890.0,1890.0,1890.0,1890.0,2
2026-01-30 10:00:00,1890.0,1890.0,1890.0,1890.0,2
2026-01-30 10:10:00,1860.0,1860.0,1860.0,1860.0,1
2026-01-30 12:10:00,1860.0,1860.0,1860.0,1860.0,1
2026-01-30 12:50:00,1870.0,2440.0,1870.0,2440.0,2
2026-01-30 13:30:00,2390.0,2390.0,2390.0,2390.0,1
2026-01-30 15:40:00,2390.0,2680.0,2390.0,2680.0,13
2026-01-30 16:00:00,1860.0,1860.0,1740.0,1740.0,13
2026-01-30 17:00:00,1740.0,1740.0,1740.0,1740.0,1
2026-01-30 18:00:00,1760.0,1760.0,1760.0,1760.0,1
2026-01-31 12:00:00,1970.0,1970.0,1970.0,1970.0,2
2026-02-02 10:40:00,1760.0,1760.0,1740.0,1740.0,4
2026-02-02 17:40:00,1940.0,1940.0,1940.0,1940.0,1
2026-02-06 17:50:00,1940.0,1940.0,1940.0,1940.0,1
2026-02-08 12:30:00,1950.0,1950.0,1950.0,1950.0,1
2026-02-10 19:20:00,1330.0,1330.0,1330.0,1330.0,1
2026-02-11 17:20:00,1940.0,1940.0,1940.0,1940.0,1
2026-02-12 14:30:00,1910.0,1910.0,1910.0,1910.0,1
2026-02-13 17:50:00,1720.0,1720.0,1720.0,1720.0,1
2026-02-17 09:20:00,1690.0,1690.0,1690.0,1690.0,1
2026-02-17 19:30:00,1500.0,1500.0,1500.0,1500.0,2
2026-02-18 09:00:00,1510.0,1510.0,1510.0,1510.0,1
2026-02-19 09:00:00,1920.0,1920.0,1920.0,1920.0,1
2026-02-19 09:30:00,1730.0,1990.0,1730.0,1990.0,20
2026-02-19 10:40:00,1650.0,1650.0,1520.0,1520.0,20
2026-02-22 10:10:00,1350.0,1350.0,1350.0,1350.0,1
2026-02-25 17:20:00,1550.0,1550.0,1550.0,1550.0,1
2026-03-06 20:20:00,1990.0,1990.0,1990.0,1990.0,4
2026-03-06 20:40:00,1990.0,1990.0,1990.0,1990.0,1
2026-03-09 09:40:00,1990.0,1990.0,1990.0,1990.0,2
2026-03-09 09:50:00,1990.0,1990.0,1990.0,1990.0,8
2026-03-09 10:00:00,1990.0,1990.0,1990.0,1990.0,2
2026-03-09 10:10:00,1990.0,1990.0,1990.0,1990.0,2
2026-03-09 10:40:00,1990.0,1990.0,1990.0,1990.0,2
2026-03-09 10:50:00,1990.0,1990.0,1990.0,1990.0,2
2026-03-09 11:00:00,1990.0,1990.0,1990.0,1990.0,4
2026-03-09 11:10:00,1990.0,2590.0,1990.0,2590.0,3
2026-03-09 13:40:00,2390.0,2390.0,2390.0,2390.0,1
2026-03-09 17:20:00,2390.0,2390.0,2390.0,2390.0,1
2026-03-09 17:50:00,1270.0,1270.0,1270.0,1270.0,1
2026-03-10 09:40:00,2340.0,2340.0,2340.0,2340.0,1
2026-03-10 09:50:00,730.0,730.0,730.0,730.0,1
2026-03-10 13:20:00,1470.0,1470.0,1450.0,1450.0,10
2026-03-10 21:10:00,1810.0,1810.0,1810.0,1810.0,2
2026-03-10 23:00:00,1530.0,1530.0,1530.0,1530.0,2
2026-03-11 09:50:00,1750.0,1750.0,1750.0,1750.0,2
2026-03-11 13:40:00,1660.0,1660.0,1660.0,1660.0,6
2026-03-11 14:10:00,1670.0,1670.0,1670.0,1670.0,2
2026-03-11 15:50:00,1670.0,1670.0,1670.0,1670.0,2
2026-03-12 10:50:00,2040.0,2040.0,2040.0,2040.0,1
2026-03-13 10:00:00,1860.0,1860.0,1810.0,1810.0,2
2026-03-13 11:20:00,1690.0,1690.0,1690.0,1690.0,2
2026-03-13 13:30:00,1750.0,1750.0,1750.0,1750.0,1
2026-03-13 23:00:00,1870.0,1870.0,1870.0,1870.0,1
2026-03-16 09:00:00,2090.0,2090.0,2090.0,2090.0,10
2026-03-16 09:10:00,2090.0,2090.0,2090.0,2090.0,2
2026-03-16 09:20:00,2170.0,2170.0,2170.0,2170.0,2
2026-03-16 09:30:00,2190.0,2190.0,2190.0,2190.0,2
2026-03-16 09:40:00,2250.0,2250.0,2250.0,2250.0,2
2026-03-16 10:30:00,2200.0,2200.0,2180.0,2180.0,6
2026-03-16 10:50:00,2260.0,2690.0,2260.0,2690.0,6
2026-03-16 11:00:00,2360.0,2360.0,2360.0,2360.0,2
2026-03-16 11:40:00,2260.0,2260.0,2260.0,2260.0,2
2026-03-16 14:30:00,2440.0,2440.0,2440.0,2440.0,1
2026-03-16 16:40:00,2440.0,2700.0,2440.0,2700.0,10
2026-03-16 17:20:00,2220.0,2220.0,2220.0,2220.0,1
2026-03-16 21:40:00,2690.0,2980.0,2690.0,2980.0,3
2026-03-17 12:10:00,2670.0,2690.0,2670.0,2670.0,7
2026-03-17 14:00:00,2680.0,2680.0,2680.0,2680.0,1
2026-03-18 12:10:00,2890.0,2890.0,2890.0,2890.0,3
2026-03-18 13:30:00,2900.0,2900.0,2900.0,2900.0,2
2026-03-18 14:30:00,2790.0,2790.0,2790.0,2790.0,1
2026-03-18 15:30:00,2900.0,2900.0,2900.0,2900.0,2
2026-03-18 16:30:00,3090.0,3090.0,3090.0,3090.0,5
2026-03-18 17:40:00,3090.0,3090.0,3090.0,3090.0,1
2026-03-18 18:20:00,3090.0,3090.0,3090.0,3090.0,4
2026-03-18 21:40:00,3090.0,3090.0,3090.0,3090.0,1
2026-03-18 22:20:00,3080.0,3080.0,3080.0,3080.0,2
2026-03-18 23:40:00,3280.0,3830.0,3280.0,3450.0,9
2026-03-19 09:00:00,3820.0,3820.0,3820.0,3820.0,1
2026-03-19 09:10:00,3820.0,3820.0,3570.0,3570.0,5
2026-03-19 09:40:00,3690.0,3690.0,3690.0,3690.0,1
2026-03-19 09:50:00,3490.0,3490.0,3490.0,3490.0,3
2026-03-19 10:30:00,3810.0,3810.0,3810.0,3810.0,2
2026-03-19 10:40:00,3670.0,3670.0,3670.0,3670.0,1
2026-03-19 10:50:00,3670.0,3770.0,3670.0,3770.0,9
2026-03-19 11:20:00,3860.0,3870.0,3860.0,3860.0,23
2026-03-19 11:30:00,3670.0,3670.0,3590.0,3590.0,31
2026-03-19 11:40:00,3590.0,3590.0,3590.0,3590.0,1
2026-03-19 12:00:00,3590.0,3590.0,3590.0,3590.0,1
2026-03-19 12:10:00,3590.0,3590.0,3590.0,3590.0,1
2026-03-19 12:20:00,3590.0,3590.0,3590.0,3590.0,2
2026-03-19 13:50:00,3590.0,3590.0,3590.0,3590.0,1
2026-03-19 14:10:00,3590.0,3590.0,3590.0,3590.0,3
2026-03-19 14:20:00,3590.0,3590.0,3590.0,3590.0,8
2026-03-19 16:40:00,3420.0,3420.0,3420.0,3420.0,2
2026-03-19 18:00:00,3490.0,3490.0,3290.0,3290.0,25
2026-03-19 18:10:00,3190.0,3190.0,3190.0,3190.0,1
2026-03-19 18:30:00,3430.0,3590.0,3430.0,3590.0,16
2026-03-19 19:30:00,4030.0,4070.0,4030.0,4070.0,20
2026-03-19 19:40:00,4030.0,4040.0,4030.0,4040.0,8
2026-03-19 21:20:00,4080.0,4080.0,4080.0,4080.0,3
2026-03-19 21:30:00,4080.0,4370.0,4080.0,4370.0,13
2026-03-19 22:10:00,4260.0,4260.0,4260.0,4260.0,1
2026-03-19 22:40:00,3850.0,4310.0,3850.0,4310.0,12
2026-03-19 23:10:00,3910.0,3910.0,3910.0,3910.0,2
2026-03-20 09:10:00,3910.0,4590.0,3910.0,4090.0,10
2026-03-20 09:20:00,4080.0,4510.0,4080.0,4480.0,3
2026-03-20 10:00:00,4130.0,4470.0,4130.0,4470.0,3
2026-03-20 10:40:00,4610.0,4620.0,4610.0,4620.0,4
2026-03-20 10:50:00,4620.0,4620.0,4620.0,4620.0,1
2026-03-20 11:50:00,4620.0,4620.0,4620.0,4620.0,1
2026-03-20 12:10:00,4620.0,4620.0,4150.0,4150.0,3
2026-03-20 12:20:00,4150.0,4620.0,3970.0,4620.0,6
2026-03-20 12:50:00,4620.0,4620.0,4620.0,4620.0,1
2026-03-20 13:30:00,4620.0,4620.0,4620.0,4620.0,1
2026-03-20 14:10:00,5690.0,5690.0,5690.0,5690.0,4
2026-03-20 14:20:00,4180.0,4180.0,4180.0,4180.0,2
2026-03-20 16:00:00,5150.0,5150.0,5130.0,5130.0,2
2026-03-20 16:20:00,4830.0,4830.0,4830.0,4830.0,2
2026-03-20 16:50:00,4740.0,4740.0,4730.0,4730.0,8
2026-03-20 17:20:00,4730.0,4730.0,4730.0,4730.0,2
2026-03-20 17:30:00,4730.0,4730.0,4720.0,4720.0,6
2026-03-20 17:40:00,4690.0,4690.0,4510.0,4510.0,10
2026-03-20 17:50:00,4510.0,4510.0,4030.0,4090.0,51
2026-03-20 18:10:00,4280.0,4280.0,4280.0,4280.0,2
2026-03-20 18:30:00,4140.0,4140.0,4090.0,4090.0,4
2026-03-20 18:40:00,4090.0,4090.0,4090.0,4090.0,5
2026-03-23 09:40:00,3580.0,3870.0,3580.0,3870.0,3
2026-03-23 10:00:00,3890.0,3890.0,3890.0,3890.0,1
2026-03-23 10:30:00,4560.0,4560.0,4560.0,4560.0,1
2026-03-23 11:20:00,4130.0,4130.0,4130.0,4130.0,1
2026-03-23 12:50:00,4510.0,4510.0,4510.0,4510.0,2
2026-03-23 14:00:00,4010.0,4010.0,3850.0,3850.0,10
2026-03-23 18:10:00,3840.0,3840.0,3520.0,3520.0,4
2026-03-23 18:50:00,3520.0,3520.0,3450.0,3480.0,30
2026-03-23 19:00:00,3790.0,3840.0,3660.0,3660.0,6
2026-03-23 21:50:00,3970.0,3970.0,3970.0,3970.0,2
2026-03-23 23:10:00,3970.0,3970.0,3970.0,3970.0,1
2026-03-24 09:20:00,4480.0,4480.0,3280.0,3280.0,8
2026-03-24 09:30:00,3890.0,3890.0,3890.0,3890.0,1
2026-03-24 10:10:00,3560.0,3560.0,3540.0,3540.0,3
2026-03-24 10:20:00,3560.0,3560.0,3560.0,3560.0,1
2026-03-24 10:50:00,3560.0,3560.0,3560.0,3560.0,3
2026-03-24 11:10:00,3560.0,3560.0,3560.0,3560.0,4
2026-03-24 11:50:00,3560.0,3560.0,3560.0,3560.0,1
2026-03-24 12:30:00,3560.0,3560.0,3560.0,3560.0,1
2026-03-24 13:40:00,3560.0,3560.0,3560.0,3560.0,1
2026-03-24 18:50:00,3560.0,3560.0,3560.0,3560.0,1
2026-03-24 20:20:00,3560.0,3560.0,3560.0,3560.0,2
2026-03-24 20:50:00,3560.0,3560.0,3560.0,3560.0,2
2026-03-24 23:40:00,3480.0,3480.0,2730.0,2730.0,6
2026-03-25 10:20:00,3590.0,3590.0,3590.0,3590.0,1
2026-03-25 10:40:00,3780.0,3780.0,3780.0,3780.0,1
2026-03-25 12:30:00,3750.0,3750.0,3750.0,3750.0,1
2026-03-25 13:40:00,3750.0,3790.0,3750.0,3790.0,2
2026-03-25 15:40:00,3590.0,3590.0,3590.0,3590.0,1
2026-03-25 16:50:00,3550.0,3550.0,3550.0,3550.0,1
2026-03-25 17:00:00,3590.0,3590.0,3590.0,3590.0,2
2026-03-25 17:40:00,3590.0,3590.0,3590.0,3590.0,3
2026-03-25 18:20:00,3760.0,3790.0,3760.0,3790.0,27
2026-03-25 18:40:00,3790.0,3790.0,3790.0,3790.0,1
2026-03-25 18:50:00,3400.0,3790.0,3400.0,3790.0,5
2026-03-25 19:10:00,3790.0,3790.0,3790.0,3790.0,2
2026-03-25 19:30:00,4040.0,4040.0,4040.0,4040.0,2
2026-03-25 20:20:00,3800.0,3800.0,3800.0,3800.0,1
2026-03-25 20:40:00,4020.0,4020.0,4020.0,4020.0,2
2026-03-25 21:10:00,3810.0,3810.0,3810.0,3810.0,1
2026-03-25 21:30:00,4020.0,4020.0,4020.0,4020.0,3
2026-03-25 22:00:00,3820.0,3820.0,3820.0,3820.0,2
2026-03-25 23:00:00,4000.0,4000.0,4000.0,4000.0,3
2026-03-25 23:10:00,4010.0,4010.0,4010.0,4010.0,1
2026-03-25 23:30:00,4010.0,4010.0,4010.0,4010.0,1
2026-03-26 09:00:00,3400.0,3400.0,3390.0,3390.0,2
2026-03-26 09:10:00,4840.0,4850.0,4840.0,4850.0,2
2026-03-26 09:20:00,4680.0,4680.0,3990.0,3990.0,3
2026-03-26 09:40:00,4610.0,4610.0,4610.0,4610.0,1
2026-03-26 10:20:00,4110.0,4110.0,4090.0,4090.0,3
2026-03-26 10:30:00,4540.0,4540.0,4540.0,4540.0,2
2026-03-26 11:10:00,4540.0,4540.0,4090.0,4090.0,3
2026-03-26 11:20:00,4010.0,4010.0,4010.0,4010.0,1
2026-03-26 11:50:00,4090.0,4420.0,4090.0,4390.0,3
2026-03-26 13:30:00,4400.0,4400.0,4400.0,4400.0,2
2026-03-26 14:00:00,4370.0,4370.0,4090.0,4370.0,9
2026-03-26 14:10:00,4170.0,4170.0,4070.0,4070.0,4
2026-03-26 14:20:00,4250.0,4250.0,4250.0,4250.0,2
2026-03-26 14:40:00,4230.0,4230.0,4200.0,4200.0,4
2026-03-26 14:50:00,4120.0,4120.0,4110.0,4110.0,5
2026-03-26 15:00:00,4090.0,4090.0,4090.0,4090.0,2
2026-03-26 15:40:00,4030.0,4030.0,4030.0,4030.0,1
2026-03-26 15:50:00,4260.0,4260.0,4260.0,4260.0,1
2026-03-26 16:20:00,3990.0,3990.0,3990.0,3990.0,1
2026-03-26 18:20:00,4050.0,4050.0,4050.0,4050.0,2
2026-03-26 18:40:00,4260.0,4260.0,4260.0,4260.0,1
2026-03-26 19:40:00,4020.0,4020.0,4020.0,4020.0,1
2026-03-27 10:30:00,4120.0,4660.0,3600.0,4660.0,5
2026-03-27 12:00:00,4620.0,4630.0,4590.0,4620.0,8
2026-03-27 12:10:00,4160.0,4160.0,4090.0,4090.0,32
2026-03-27 13:50:00,4530.0,4530.0,4530.0,4530.0,1
2026-03-27 14:50:00,4100.0,4100.0,4090.0,4090.0,2
2026-03-27 17:10:00,4090.0,4090.0,4090.0,4090.0,20
2026-03-27 17:50:00,4330.0,4330.0,4330.0,4330.0,1
2026-03-27 18:10:00,4090.0,4090.0,4090.0,4090.0,1
2026-03-29 13:40:00,4090.0,4090.0,4090.0,4090.0,3
2026-03-30 10:00:00,4460.0,4460.0,4460.0,4460.0,1
2026-03-30 20:30:00,4140.0,4140.0,4140.0,4140.0,1
2026-03-31 09:00:00,4840.0,4840.0,4840.0,4840.0,1
2026-03-31 10:20:00,3910.0,4030.0,3910.0,4030.0,4
2026-03-31 11:00:00,4040.0,4160.0,4040.0,4160.0,2
2026-03-31 11:10:00,4290.0,4290.0,4140.0,4140.0,3
2026-03-31 11:20:00,4110.0,4110.0,4110.0,4110.0,2
2026-03-31 15:40:00,4260.0,4260.0,4260.0,4260.0,1
2026-03-31 19:00:00,4270.0,4280.0,4090.0,4090.0,7
2026-03-31 19:10:00,3610.0,3610.0,3610.0,3610.0,4
2026-03-31 19:20:00,3890.0,3890.0,3890.0,3890.0,1
2026-03-31 20:20:00,3650.0,4230.0,3650.0,4230.0,2
2026-04-01 09:20:00,3430.0,3610.0,3390.0,3600.0,23
2026-04-01 09:40:00,3340.0,3340.0,3320.0,3320.0,16
2026-04-01 10:10:00,3920.0,3920.0,3910.0,3910.0,4
2026-04-01 13:40:00,3430.0,3430.0,3370.0,3370.0,10
2026-04-01 14:30:00,3590.0,3590.0,3590.0,3590.0,1
2026-04-01 14:40:00,3380.0,3380.0,3380.0,3380.0,1
2026-04-01 14:50:00,3590.0,3640.0,3590.0,3640.0,39
2026-04-01 16:10:00,3440.0,3490.0,3440.0,3490.0,4
2026-04-01 16:20:00,3670.0,3670.0,3670.0,3670.0,1
2026-04-01 16:50:00,3640.0,3900.0,3640.0,3900.0,7
2026-04-01 17:00:00,3420.0,3420.0,3410.0,3410.0,4
2026-04-01 17:10:00,3410.0,3900.0,3410.0,3890.0,6
2026-04-01 17:40:00,3430.0,3430.0,3420.0,3420.0,3
2026-04-01 19:10:00,3590.0,3590.0,3590.0,3590.0,4
2026-04-01 19:20:00,3800.0,3810.0,3800.0,3810.0,5
2026-04-02 09:30:00,3780.0,3780.0,3780.0,3780.0,2
2026-04-02 11:30:00,3690.0,3690.0,3690.0,3690.0,2
2026-04-02 13:50:00,3790.0,3790.0,3790.0,3790.0,1
2026-04-02 14:50:00,3700.0,3700.0,3690.0,3690.0,2
2026-04-02 17:30:00,4210.0,4210.0,3990.0,3990.0,2
2026-04-02 17:50:00,4040.0,4040.0,4040.0,4040.0,2
2026-04-02 18:30:00,4040.0,4040.0,4040.0,4040.0,2
2026-04-03 18:20:00,3950.0,3950.0,3950.0,3950.0,1
2026-04-03 21:20:00,4100.0,4100.0,4100.0,4100.0,1
2026-04-04 16:10:00,4100.0,4100.0,4100.0,4100.0,1
2026-04-05 12:20:00,4140.0,4140.0,4140.0,4140.0,2
2026-04-05 13:10:00,4140.0,4140.0,4140.0,4140.0,18
2026-04-05 13:30:00,4080.0,4080.0,4080.0,4080.0,2
2026-04-05 17:00:00,4050.0,4050.0,3990.0,3990.0,27
2026-04-06 09:40:00,4050.0,4050.0,4050.0,4050.0,1
2026-04-06 11:20:00,4090.0,4090.0,4090.0,4090.0,2
2026-04-06 11:50:00,4210.0,4210.0,4210.0,4210.0,1
2026-04-06 12:20:00,4270.0,4270.0,4270.0,4270.0,1
2026-04-06 15:00:00,4260.0,4260.0,4260.0,4260.0,1
2026-04-06 16:30:00,4270.0,4270.0,4270.0,4270.0,2
2026-04-06 16:40:00,4270.0,4270.0,4270.0,4270.0,2
2026-04-06 18:50:00,4270.0,4270.0,4270.0,4270.0,1
2026-04-07 11:20:00,4180.0,4180.0,4180.0,4180.0,1
2026-04-07 13:20:00,4090.0,4090.0,4090.0,4090.0,1
2026-04-07 15:20:00,4230.0,4230.0,4230.0,4230.0,1
2026-04-07 20:20:00,4150.0,4150.0,4150.0,4150.0,1
2026-04-07 21:50:00,4180.0,4180.0,4180.0,4180.0,2
2026-04-07 23:30:00,4070.0,4070.0,4070.0,4070.0,1
2026-04-08 09:00:00,4040.0,4040.0,3490.0,3990.0,3
2026-04-08 09:30:00,3980.0,3980.0,3980.0,3980.0,2
2026-04-08 09:40:00,3880.0,3880.0,3880.0,3880.0,2
2026-04-08 10:10:00,3860.0,3860.0,3860.0,3860.0,1
2026-04-08 10:20:00,3830.0,3830.0,3830.0,3830.0,2
2026-04-08 11:00:00,3780.0,3780.0,3470.0,3470.0,10
2026-04-08 11:10:00,3510.0,3700.0,3310.0,3700.0,6
2026-04-08 12:20:00,3690.0,3690.0,3690.0,3690.0,1
2026-04-08 15:10:00,3660.0,3660.0,3660.0,3660.0,1
2026-04-08 16:10:00,3850.0,3890.0,3850.0,3890.0,3
2026-04-08 17:30:00,3890.0,3890.0,3890.0,3890.0,1
2026-04-08 17:40:00,3760.0,3760.0,3760.0,3760.0,2
2026-04-08 18:10:00,3710.0,3710.0,3710.0,3710.0,2
2026-04-08 19:20:00,3720.0,3720.0,3720.0,3720.0,1
2026-04-08 21:20:00,3720.0,3720.0,3720.0,3720.0,2
2026-04-09 12:50:00,3840.0,3840.0,3840.0,3840.0,3
2026-04-09 13:50:00,3740.0,3740.0,3740.0,3740.0,1
2026-04-09 15:10:00,3540.0,3690.0,3540.0,3690.0,2
2026-04-09 16:10:00,3540.0,3540.0,3540.0,3540.0,1
2026-04-09 19:10:00,3580.0,3580.0,3580.0,3580.0,1
2026-04-10 18:20:00,3730.0,3730.0,3730.0,3730.0,1
2026-04-10 23:10:00,3600.0,3600.0,3600.0,3600.0,1
2026-04-11 12:30:00,3740.0,3740.0,3740.0,3740.0,3
2026-04-12 13:10:00,3740.0,3750.0,3740.0,3750.0,3
2026-04-12 16:00:00,3880.0,3890.0,3880.0,3890.0,2
2026-04-13 13:10:00,4100.0,4190.0,4100.0,4190.0,10
2026-04-13 15:20:00,4050.0,4050.0,4050.0,4050.0,1
2026-04-13 21:40:00,3800.0,3800.0,3660.0,3660.0,2
2026-04-14 09:10:00,3890.0,3890.0,3890.0,3890.0,1
2026-04-14 09:50:00,3890.0,3890.0,3890.0,3890.0,1
2026-04-14 12:50:00,3900.0,3900.0,3800.0,3800.0,317
2026-04-14 18:50:00,3790.0,3790.0,3620.0,3620.0,2
2026-04-17 10:10:00,4000.0,4000.0,4000.0,4000.0,2
2026-04-17 11:40:00,4130.0,4130.0,4130.0,4130.0,1
2026-04-17 12:10:00,3990.0,3990.0,3990.0,3990.0,2
2026-04-17 12:20:00,4090.0,4090.0,4090.0,4090.0,2
2026-04-17 13:30:00,4100.0,4120.0,4100.0,4120.0,7
2026-04-17 14:10:00,3990.0,3990.0,3990.0,3990.0,1
2026-04-17 14:40:00,4090.0,4130.0,3890.0,4090.0,9
2026-04-17 14:50:00,4070.0,4100.0,4070.0,4100.0,4
2026-04-17 15:20:00,4020.0,4020.0,4020.0,4020.0,2
2026-04-17 15:30:00,4020.0,4020.0,4020.0,4020.0,1
2026-04-17 15:40:00,4110.0,4110.0,4110.0,4110.0,2
2026-04-17 15:50:00,4110.0,4110.0,4110.0,4110.0,1
2026-04-17 16:00:00,4110.0,4110.0,4110.0,4110.0,2
2026-04-17 16:10:00,4030.0,4030.0,4030.0,4030.0,3
2026-04-17 16:50:00,4020.0,4020.0,3170.0,3170.0,31
2026-04-17 17:00:00,3480.0,3480.0,3480.0,3480.0,4
2026-04-17 17:10:00,3440.0,3440.0,3230.0,3230.0,7
2026-04-17 18:00:00,3820.0,3820.0,3820.0,3820.0,1
2026-04-17 18:30:00,3820.0,3820.0,3820.0,3820.0,1
2026-04-17 21:00:00,3800.0,3800.0,3800.0,3800.0,1
2026-04-17 21:40:00,3750.0,3770.0,3750.0,3770.0,5
2026-04-18 11:30:00,3510.0,3510.0,3510.0,3510.0,1
2026-04-18 15:40:00,3910.0,3910.0,3910.0,3910.0,1
2026-04-18 17:10:00,3910.0,3910.0,3910.0,3910.0,2
2026-04-19 18:10:00,3690.0,3690.0,3690.0,3690.0,1
2026-04-20 09:00:00,3260.0,3260.0,3260.0,3260.0,1
2026-04-20 10:10:00,3670.0,3670.0,3670.0,3670.0,2
2026-04-20 12:30:00,3670.0,3670.0,3670.0,3670.0,1
2026-04-20 12:40:00,3670.0,3670.0,3670.0,3670.0,1
2026-04-20 15:00:00,3550.0,3550.0,3270.0,3270.0,28
2026-04-20 16:00:00,3270.0,3270.0,3270.0,3270.0,3
2026-04-20 16:50:00,3390.0,3390.0,3390.0,3390.0,2
2026-04-21 12:10:00,3390.0,3390.0,3090.0,3090.0,12
2026-04-21 12:20:00,3090.0,3090.0,3090.0,3090.0,1
2026-04-21 13:00:00,3090.0,3090.0,3090.0,3090.0,7
2026-04-21 14:20:00,3170.0,3170.0,3170.0,3170.0,2
2026-04-21 14:30:00,3260.0,3260.0,3260.0,3260.0,2
2026-04-21 16:00:00,3290.0,3290.0,3290.0,3290.0,2
2026-04-21 18:10:00,3440.0,3440.0,3440.0,3440.0,2
2026-04-21 19:40:00,3440.0,3440.0,3440.0,3440.0,1
2026-04-22 09:10:00,3670.0,4070.0,3670.0,4070.0,40
2026-04-22 11:20:00,3490.0,3730.0,3490.0,3730.0,4
2026-04-22 14:20:00,3760.0,3920.0,3760.0,3920.0,6
2026-04-22 16:10:00,3910.0,3920.0,3910.0,3920.0,3
2026-04-22 16:40:00,3810.0,3810.0,3810.0,3810.0,2
2026-04-22 22:10:00,3790.0,3790.0,3790.0,3790.0,1
2026-04-23 09:20:00,3890.0,3890.0,3890.0,3890.0,1
2026-04-23 09:30:00,3900.0,3900.0,3900.0,3900.0,1
2026-04-23 12:50:00,4040.0,4050.0,4040.0,4050.0,2
2026-04-23 18:40:00,4020.0,4020.0,4020.0,4020.0,1
2026-04-23 23:40:00,4020.0,4020.0,4020.0,4020.0,1
2026-04-24 12:10:00,4020.0,4070.0,4020.0,4070.0,2
2026-04-24 14:00:00,4020.0,4020.0,4020.0,4020.0,1
2026-04-24 15:50:00,3980.0,3980.0,3980.0,3980.0,1
2026-04-24 19:50:00,3980.0,3980.0,3980.0,3980.0,1
2026-04-24 20:50:00,4080.0,4090.0,3560.0,3560.0,58
2026-04-25 12:00:00,4070.0,4090.0,4070.0,4090.0,8
2026-04-25 12:50:00,3890.0,3890.0,3890.0,3890.0,3
2026-04-25 18:20:00,3990.0,3990.0,3990.0,3990.0,1
2026-04-26 12:50:00,3890.0,3890.0,3890.0,3890.0,1
2026-04-26 15:40:00,4080.0,4080.0,4080.0,4080.0,1
2026-04-26 18:20:00,3890.0,3890.0,3890.0,3890.0,1
2026-04-27 10:40:00,3990.0,4080.0,3990.0,4080.0,5
2026-04-27 16:10:00,3980.0,3980.0,3980.0,3980.0,1
2026-04-27 16:30:00,3890.0,3890.0,3790.0,3790.0,4
2026-04-28 11:20:00,4000.0,4000.0,4000.0,4000.0,2
2026-04-28 12:20:00,3790.0,3790.0,3790.0,3790.0,2
2026-04-28 16:20:00,4030.0,4030.0,4030.0,4030.0,1
2026-04-28 17:10:00,3800.0,3800.0,3790.0,3790.0,3
2026-04-28 23:20:00,3980.0,3980.0,3980.0,3980.0,1
2026-04-29 09:40:00,4040.0,4320.0,3490.0,4320.0,7
2026-04-29 10:00:00,4090.0,4090.0,4090.0,4090.0,1
2026-04-29 13:50:00,3830.0,3830.0,3830.0,3830.0,1
2026-04-29 14:30:00,3860.0,3860.0,3860.0,3860.0,1
2026-04-29 23:40:00,3950.0,3950.0,3950.0,3950.0,2
2026-04-30 09:20:00,3950.0,3950.0,3950.0,3950.0,2
2026-04-30 10:00:00,3950.0,3950.0,3950.0,3950.0,1
2026-04-30 12:40:00,3900.0,3900.0,3890.0,3890.0,2
2026-04-30 13:00:00,3890.0,3890.0,3890.0,3890.0,2
2026-04-30 14:20:00,3890.0,3890.0,3890.0,3890.0,2
2026-04-30 21:10:00,3890.0,3890.0,3890.0,3890.0,1
2026-04-30 22:10:00,3890.0,3890.0,3890.0,3890.0,2
2026-05-01 10:50:00,3940.0,3940.0,3940.0,3940.0,1
2026-05-01 11:30:00,3760.0,3760.0,3760.0,3760.0,1
2026-05-01 18:30:00,3890.0,3890.0,3890.0,3890.0,1
2026-05-01 19:40:00,3790.0,3790.0,3790.0,3790.0,1
2026-05-04 09:30:00,3930.0,3930.0,3930.0,3930.0,2
2026-05-04 13:50:00,3990.0,3990.0,3990.0,3990.0,1
2026-05-04 19:20:00,3980.0,3990.0,3980.0,3990.0,4
2026-05-04 22:50:00,3990.0,3990.0,3990.0,3990.0,1
2026-05-05 11:50:00,3990.0,3990.0,3990.0,3990.0,2
2026-05-05 16:30:00,3810.0,3810.0,3100.0,3790.0,26
2026-05-06 11:50:00,3580.0,3780.0,3580.0,3780.0,7
2026-05-06 12:00:00,3730.0,3730.0,3730.0,3730.0,1
2026-05-06 12:10:00,3730.0,3730.0,3580.0,3580.0,2
2026-05-06 13:00:00,3670.0,3670.0,3420.0,3420.0,3
2026-05-06 13:40:00,3790.0,4050.0,3790.0,4050.0,2
2026-05-06 16:20:00,3660.0,3660.0,3660.0,3660.0,2
2026-05-06 21:10:00,3660.0,3660.0,3660.0,3660.0,2
2026-05-06 21:40:00,3600.0,3600.0,3600.0,3600.0,3
2026-05-07 19:10:00,3600.0,3600.0,3600.0,3600.0,2
2026-05-07 20:20:00,3600.0,3600.0,3600.0,3600.0,2
2026-05-07 21:40:00,3600.0,3600.0,3600.0,3600.0,2
2026-05-07 21:50:00,3690.0,3690.0,3690.0,3690.0,2
2026-05-08 11:30:00,3760.0,3760.0,3760.0,3760.0,2
2026-05-08 19:10:00,3680.0,3680.0,3250.0,3250.0,32
2026-05-08 19:20:00,3590.0,3590.0,3250.0,3520.0,30
2026-05-08 19:30:00,3430.0,3430.0,3430.0,3430.0,1
2026-05-08 20:20:00,3540.0,3610.0,3540.0,3610.0,35
2026-05-08 21:40:00,3490.0,3490.0,3490.0,3490.0,2
2026-05-11 15:10:00,3690.0,3690.0,3690.0,3690.0,1
2026-05-11 15:20:00,3690.0,3690.0,3690.0,3690.0,1
2026-05-11 15:40:00,3800.0,3800.0,3800.0,3800.0,1
2026-05-11 18:40:00,3700.0,3700.0,3700.0,3700.0,1
2026-05-11 18:50:00,3720.0,3720.0,3720.0,3720.0,1
2026-05-11 23:00:00,3720.0,3720.0,3720.0,3720.0,1
2026-05-12 10:10:00,3780.0,3780.0,3780.0,3780.0,1
2026-05-12 10:50:00,3790.0,3790.0,3790.0,3790.0,1
2026-05-12 12:40:00,3790.0,3790.0,3790.0,3790.0,2
2026-05-12 13:10:00,3790.0,3790.0,3790.0,3790.0,2
2026-05-12 14:00:00,3880.0,3880.0,3880.0,3880.0,4
2026-05-12 16:20:00,3890.0,3980.0,3890.0,3980.0,5
2026-05-12 17:10:00,3960.0,3960.0,3960.0,3960.0,1
2026-05-12 18:20:00,3790.0,3790.0,3790.0,3790.0,1
2026-05-12 20:30:00,3970.0,3980.0,3970.0,3980.0,2
2026-05-12 22:20:00,3980.0,3980.0,3980.0,3980.0,2
2026-05-12 23:10:00,3870.0,3870.0,3870.0,3870.0,2
2026-05-12 23:30:00,3980.0,3980.0,3980.0,3980.0,4
2026-05-13 09:00:00,3980.0,3980.0,3980.0,3980.0,2
2026-05-13 09:30:00,3840.0,3840.0,3840.0,3840.0,1
2026-05-13 09:40:00,3980.0,3980.0,3980.0,3980.0,2
2026-05-13 09:50:00,3890.0,3980.0,3890.0,3980.0,2
2026-05-13 13:00:00,3810.0,3810.0,3810.0,3810.0,2
2026-05-13 15:30:00,3970.0,3980.0,3970.0,3980.0,5
2026-05-13 15:40:00,3980.0,3980.0,3980.0,3980.0,3
2026-05-13 18:00:00,3830.0,3830.0,3830.0,3830.0,2
2026-05-13 19:20:00,3830.0,3830.0,3830.0,3830.0,2
2026-05-13 19:30:00,3890.0,3980.0,3890.0,3980.0,20
2026-05-13 19:40:00,3840.0,3840.0,3840.0,3840.0,4
2026-05-14 09:30:00,3850.0,3850.0,3850.0,3850.0,1
2026-05-14 09:40:00,3840.0,3840.0,3840.0,3840.0,1
2026-05-14 10:20:00,3950.0,3950.0,3950.0,3950.0,1
2026-05-14 10:30:00,3980.0,3980.0,3980.0,3980.0,24
2026-05-14 15:30:00,3840.0,3840.0,3840.0,3840.0,1
2026-05-15 12:40:00,3910.0,3910.0,3910.0,3910.0,2
2026-05-15 21:30:00,3900.0,3940.0,3900.0,3940.0,5
2026-05-16 11:40:00,4010.0,4010.0,4010.0,4010.0,2
2026-05-16 12:00:00,4010.0,4010.0,4010.0,4010.0,1
