time,open,high,low,close,volume
1401829200000,1546.7,1546.8,1163,1170,35146
1401915600000,1187.3,1195,1141.1,1145.1,24974
1402002000000,1158.3,1173.5,1151,1163,7889
1402261200000,1178.9,1185.6,1155.7,1172.1,7304
1402347600000,1178.9,1181,1160.1,1170,3216
1402434000000,1175,1183,1157.1,1179.9,8837
1402866000000,1164,1181.2,1150,1165,13904
1402952400000,1157.5,1187.7,1157.5,1185.5,8519
1403038800000,1180.1,1185,1176,1182.9,1455
1403125200000,1176,1182.7,1165,1168,1396
1403211600000,1165.2,1179,1160,1175,2702
1403470800000,1193.1,1218.8,1185,1196,14181
1403557200000,1200,1208.9,1191,1191.8,3895
1403643600000,1185.1,1195,1153.1,1176.8,3985
1403730000000,1185,1188.5,1168.9,1185,2403
1403816400000,1172.1,1197,1165,1185,1148
1404075600000,1185,1218.1,1184.1,1218,8754
1404162000000,1212.5,1239.8,1212.5,1218.2,3036
1404248400000,1218,1220,1195,1200,33473
1404334800000,1189.6,1213.8,1184,1192,25620
1404421200000,1184.9,1204.9,1183,1186,2133
1404680400000,1200,1211.8,1152,1160,19359
1404766800000,1165,1180,1100,1113.4,26565
1404853200000,1100,1111,1073.8,1094,19466
1404939600000,1102.5,1125.7,1061.5,1077.8,11235
1405026000000,1072.2,1101.5,1056,1099.3,35563
1405285200000,1109.6,1123.5,1090.2,1118.9,6202
1405371600000,1123.3,1127.5,1110,1114.3,2789
1405458000000,1114.2,1115.5,1098.1,1106.5,7340
1405544400000,1098,1107.5,1067.6,1088,7221
1405630800000,1084.2,1084.2,1054.1,1072.3,7146
1405890000000,1080,1081.4,1035,1047.5,8353
1405976400000,1050.4,1060,1043.9,1060,10468
1406062800000,1061.4,1062,1047.4,1056.2,5286
1406149200000,1056.2,1093.4,1048.3,1077.8,5186
1406235600000,1077.8,1109.4,1070.1,1075.1,5127
1406494800000,1060.2,1075,1050.1,1055,3992
1406581200000,1055.1,1147.6,1055.1,1116,11794
1406667600000,1112.3,1129.8,1106,1120,3075
1406754000000,1129.9,1129.9,1081.1,1087.7,4886
1406840400000,1096.9,1096.9,1060,1062.2,6621
1407099600000,1073.2,1101.9,1072.7,1089.5,7073
1407186000000,1101.3,1110.9,1076.1,1094.6,528
1407272400000,1076.1,1076.1,1043,1060.1,3329
1407358800000,1041.1,1055,1041.1,1054.5,3528
1407445200000,1077.2,1077.2,1033.5,1033.5,7627
1407704400000,1040,1071.9,1040,1055.4,13253
1407790800000,1050,1070,1027.9,1052.1,15203
1407877200000,1050,1067,1045.1,1056,2046
1407963600000,1047.5,1065.4,1040,1053.1,3752
1408050000000,1040.6,1060,1040,1041,3211
1408309200000,1025,1038.4,1025,1032,5929
1408395600000,1046.8,1100,1040,1090,15171
1408482000000,1081.3,1116.9,1081.3,1109.7,6577
1408568400000,1098.1,1103.3,1085.7,1089.2,10737
1408654800000,1085,1085,1041,1050.8,15774
1408914000000,1054,1066.9,1051,1060.7,2672
1409000400000,1062,1068,1056,1056,3465
1409086800000,1059.8,1062.1,1058,1062.1,457
1409173200000,1050.2,1060,1041,1055,10192
1409259600000,1047,1061.6,1044.9,1050,7012
1409518800000,1061.7,1061.7,1050.5,1055.5,184
1409605200000,1059.5,1092.9,1057.5,1087.6,1756
1409691600000,1089.9,1133.3,1079.8,1116.8,49804
1409778000000,1120.4,1133.9,1100.1,1119,13880
1409864400000,1109.9,1160,1106.3,1159.6,15060
1410123600000,1166.5,1537.8,1159.7,1173.7,12376
1410210000000,1170,1170,1157.3,1157.3,1918
1410296400000,1150.1,1168.5,1141.1,1149,3514
1410382800000,1154,1174,1148.5,1149.9,3651
1410469200000,1144.1,1200.9,1144.1,1173.7,4322
1410728400000,1187.7,1230,1175,1230,26905
1410814800000,1195.6,1549.9,1167.1,1176.8,41462
1410901200000,1189.5,1212.9,1165,1174.1,22337
1410987600000,1174.5,1205,1159.2,1164.1,17209
1411074000000,1162,1177,1121.6,1148.5,18414
1411333200000,1159.9,1179,1113,1135.2,9633
1411419600000,1115,1144.8,1103,1125,11478
1411506000000,1125,1146.4,1112,1130,12744
1411592400000,1140.6,1171.6,1140.6,1154,16407
1411678800000,1164.7,1168.8,1112.1,1162,8655
1411938000000,1163.9,1180,1120.6,1131.3,15825
1412024400000,1120,1160,1114.1,1130.7,18898
1412110800000,1110,1116,1077,1091,10870
1412197200000,1072,1076,1032,1035,9479
1412283600000,1065,1084,1056,1078,7461
1412542800000,1081,1107,1078,1082,12208
1412629200000,1077,1080,1060,1069,6037
1412715600000,1061,1061,1035,1036,5456
1412802000000,1047,1058,1037,1037,3451
1412888400000,1045,1046,1006,1011,4958
1413147600000,1027,1048,986,996,18937
1413234000000,1010,1050,1010,1050,17512
1413320400000,1031,1055,1001,1015,15854
1413406800000,1026,1049,1010,1035,11639
1413493200000,1040,1105,1040,1077,19695
1413752400000,1080,1092,1060,1072,7157
1413838800000,1078,1104,1076,1096,7164
1413925200000,1115,1127,1106,1125,12210
1414011600000,1113,1180,1075,1155,41504
1414098000000,1147,1168,1132,1142,11694
1414357200000,1150,1176,1136,1153,4996
1414443600000,1154,1196,1154,1196,17960
1414530000000,1207,1232,1202,1208,14261
1414616400000,1212,1240,1166,1174,17743
1414702800000,1171,1237,1160,1213,39161
1414962000000,1232,1250,1200,1233,3698
1415134800000,1205,1247,1172,1214,8978
1415221200000,1228,1277,1221,1229,12389
1415307600000,1242,1350,1205,1233,13308
1415566800000,1243,1300,1156,1214,16825
1415653200000,1232,1248,1182,1221,9302
1415739600000,1226,1232,1186,1221,4480
1415826000000,1222,1332,1220,1230,4985
1415912400000,1228,1298,1210,1224,3632
1416171600000,1225,1253,1223,1230,2447
1416258000000,1221,1234,1212,1224,5125
1416344400000,1221,1222,1204,1206,1726
1416430800000,1206,1212,1194,1209,3247
1416517200000,1206,1231,1180,1226,10804
1416776400000,1207,1251,1174,1183,6219
1416862800000,1163,1215,1162,1208,4155
1416949200000,1196,1244,1184,1235,7898
1417035600000,1232,1257,1174,1230,9577
1417122000000,1240,1289,1218,1238,19198
1417381200000,1242,1324,1200,1244,21771
1417467600000,1222,1283,1205,1283,17393
1417554000000,1260,1323,1240,1280,22431
1417640400000,1274,1321,1210,1236,19206
1417726800000,1248,1248,1137,1149,29998
1417986000000,1144,1196,1076,1090,16368
1418072400000,1090,1090,1034,1075,24783
1418158800000,1082,1157,1055,1088,35769
1418245200000,1079,1085,1050,1055,28533
1418331600000,1055,1152,955,1133,26472
1418590800000,1125,1195,1087,1127,33525
1418677200000,1095,1198,1061,1131,26790
1418763600000,1175,1180,1078,1096,13521
1418850000000,1101,1149,1061,1100,27341
1418936400000,1118,1132,1022,1063,32333
1419195600000,1065,1065,973,1000,27332
1419282000000,1002,1032,990,1013,11153
1419368400000,980,1014,980,996,40942
1419454800000,1001,1045,1001,1038,35626
1419541200000,1036,1045,980,991,24041
1419800400000,1010,1044,971,1028,37278
1419886800000,1047,1060,1010,1025,11610
1420405200000,1064,1080,1051,1079,8834
1420491600000,1123,1123,1047,1092,4009
1420664400000,1084,1117,1069,1094,5960
1420750800000,1101,1116,1030,1098,3064
1421010000000,1100,1129,1093,1113,7511
1421096400000,1115,1155,1115,1153,72155
1421182800000,1150,1185,1147,1177,18285
1421269200000,1181,1200,1165,1175,34207
1421355600000,1165,1170,1150,1165,8067
1421614800000,1121,1182,1121,1165,9278
1421701200000,1165,1167,1101,1122,41989
1421787600000,1110,1125,1075,1083,109370
1421874000000,1085,1115,1084,1106,25857
1421960400000,1111,1161,1104,1117,36333
1422219600000,1133,1133,1105,1121,11550
1422306000000,1099,1116,1084,1095,12515
1422392400000,1093,1105,1069,1081,23975
1422478800000,1060,1079,1045,1075,83883
1422565200000,1090,1100,1052,1075,99815
1422824400000,1058,1088,980,998,56487
1422910800000,1010,1034,992,997,75020
1422997200000,1008,1051,1005,1050,41377
1423083600000,1040,1096,1035,1090,37434
1423170000000,1085,1125,1080,1084,20518
1423429200000,1084,1150,1060,1078,65849
1423515600000,1060,1101,1036,1045,69119
1423602000000,1049,1078,1019,1037,49561
1423688400000,1047,1130,1030,1071,79591
1423774800000,1062,1120,1062,1115,40958
1424034000000,1105,1105,1066,1070,46228
1424120400000,1049,1094,1025,1030,60018
1424206800000,1035,1160,1035,1084,159145
1424293200000,1080,1098,1033,1049,66788
1424379600000,1050,1085,1045,1053,56420
1424725200000,1044,1049,1030,1038,53301
1424811600000,1040,1075,1007,1025,95426
1424898000000,1039,1039,1005,1009,59208
1424984400000,1016,1028,1004,1016,46134
1425243600000,1001,1030,991,1000,68716
1425330000000,1009,1022,998,1000,99947
1425416400000,1000,1033,985,996,361836
1425502800000,995,1025,961,970,298623
1425589200000,970,970,924,932,98064
1425934800000,910,917,866,885,111168
1426021200000,890,905,866,898,73769
1426107600000,900,903,881,894,29977
1426194000000,923,923,870,880,42268
1426453200000,891,905,876,878,45891
1426539600000,878,890,870,889,34938
1426626000000,890,899,871,877,29003
1426712400000,877,888,857,874,46106
1426798800000,874,874,863,866,33000
1427058000000,866,891,863,874,42844
1427144400000,874,885,852,866,53437
1427230800000,871,890,866,885,33468
1427317200000,885,888,859,880,36203
1427403600000,875,885,865,883,20583
1427662800000,877,903,877,887,38555
1427749200000,891,895,878,893,28269
1427835600000,885,903,883,902,45171
1427922000000,902,920,887,919,63305
1428008400000,924,946,922,940,34954
1428267600000,949,957,914,934,39601
1428354000000,940,958,934,942,58412
1428440400000,939,958,920,946,38481
1428526800000,948,948,919,939,38163
1428613200000,939,946,922,940,41815
1428872400000,945,969,931,941,61203
1428958800000,943,947,903,910,65429
1429045200000,911,977,908,973,77722
1429131600000,987,1049,983,1028,201660
1429218000000,1037,1064,1010,1053,97633
1429477200000,1061,1076,1039,1054,70768
1429563600000,1075,1100,1061,1091,112991
1429650000000,1044,1095,1044,1081,29001
1429736400000,1088,1088,1056,1076,20456
1429822800000,1064,1072,1050,1052,26802
1430082000000,1060,1075,1050,1070,13031
1430168400000,1070,1070,947,986,136393
1430254800000,994,1013,968,997,35140
1430341200000,998,1010,994,1001,23473
1430773200000,999,1013,984,985,46740
1430859600000,995,1009,979,1006,55440
1430946000000,1001,1005,961,968,82000
1431032400000,970,991,963,979,52763
1431378000000,986,995,970,979,38788
1431464400000,977,982,940,944,78032
1431550800000,954,982,954,971,34923
1431637200000,980,984,948,950,28844
1431896400000,948,948,928,944,45590
1431982800000,955,957,933,939,54805
1432069200000,940,940,923,926,9760
1432155600000,928,940,926,935,25100
1432242000000,932,936,923,928,27601
1432501200000,927,930,916,928,14561
1432587600000,967,967,915,923,20690
1432674000000,925,935,911,919,29120
1432760400000,928,964,926,950,26138
1432846800000,964,980,941,941,31993
1433106000000,949,968,948,950,16336
1433192400000,953,997,953,997,32356
1433278800000,990,1004,976,980,43881
1433365200000,980,999,970,993,28282
1433451600000,995,998,960,976,44361
1433710800000,974,995,970,977,20654
1433797200000,975,975,948,965,25460
1433883600000,960,970,940,950,32914
1433970000000,954,954,936,950,35944
1434315600000,954,964,942,946,23830
1434402000000,941,944,921,927,26004
1434488400000,933,940,920,930,13611
1434574800000,932,932,902,906,41408
1434661200000,913,919,895,910,16535
1434920400000,914,927,870,881,89054
1435006800000,885,894,866,871,44558
1435093200000,870,878,861,871,25909
1435179600000,879,881,861,866,25123
1435266000000,866,884,846,855,52782
1435525200000,854,863,835,842,32921
1435611600000,840,864,822,848,58506
1435698000000,847,865,845,853,24063
1435784400000,850,856,840,853,24700
1435870800000,853,859,843,857,13915
1436130000000,853,867,843,860,36238
1436216400000,858,880,801,820,128528
1436302800000,840,852,821,845,69615
1436389200000,860,862,838,855,40753
1436475600000,854,867,838,845,29611
1436734800000,835,857,835,857,27807
1436821200000,858,880,858,880,46773
1436907600000,880,890,856,875,23962
1436994000000,875,880,867,873,21227
1437080400000,873,904,873,900,39649
1437339600000,885,904,885,891,29295
1437426000000,889,894,873,889,25412
1437512400000,887,887,865,865,22417
1437598800000,868,879,859,879,21943
1437685200000,874,890,856,867,28701
1437944400000,866,871,845,860,21662
1438030800000,860,890,860,883,40624
1438117200000,883,914,880,903,25671
1438203600000,905,929,884,898,99490
1438290000000,888,888,850,882,96600
1438549200000,864,886,845,866,45982
1438635600000,866,885,860,869,23533
1438722000000,868,885,864,878,21998
1438808400000,880,880,844,850,75981
1438894800000,854,869,854,860,28458
1439154000000,855,870,853,858,23258
1439240400000,858,869,846,851,52602
1439326800000,851,858,825,830,101531
1439413200000,837,851,831,839,95839
1439499600000,840,846,821,831,64741
1439758800000,828,847,825,835,64859
1439845200000,830,831,812,819,43912
1439931600000,822,832,790,799,125770
1440018000000,799,809,773,780,76956
1440104400000,780,787,762,770,60797
1440363600000,741,762,711,738,163995
1440450000000,732,769,732,764,111491
1440536400000,754,767,737,742,103780
1440622800000,748,780,746,776,121225
1440709200000,786,806,783,800,99472
1440968400000,801,814,791,805,78096
1441054800000,797,807,770,782,96381
1441141200000,775,797,772,780,58513
1441227600000,783,801,783,795,55513
1441314000000,789,797,782,790,69142
1441573200000,787,795,784,786,39642
1441659600000,788,799,785,786,39570
1441746000000,786,801,782,787,89630
1441832400000,787,795,767,773,104104
1441918800000,775,780,755,760,81910
1442178000000,762,836,741,809,347085
1442264400000,813,829,792,815,138531
1442350800000,814,872,807,862,156563
1442437200000,859,869,850,860,45814
1442523600000,860,873,832,841,68502
1442782800000,841,847,821,826,22676
1442869200000,820,821,774,775,106292
1442955600000,780,800,749,752,153537
1443042000000,750,752,705,714,152650
1443128400000,716,738,706,714,140554
1443387600000,712,720,686,694,92047
1443474000000,689,715,683,703,129448
1443560400000,710,732,704,713,110553
1443646800000,718,722,698,704,58288
1443733200000,706,734,701,730,81032
1443992400000,737,783,737,775,130635
1444078800000,784,794,752,769,103725
1444165200000,770,785,738,745,111838
1444251600000,749,749,731,736,62763
1444338000000,742,769,736,763,76620
1444597200000,764,767,732,743,63319
1444683600000,744,821,744,814,239794
1444770000000,804,823,787,818,151268
1444856400000,828,862,821,821,214592
1444942800000,828,844,813,813,78331
1445202000000,811,857,811,845,85526
1445288400000,842,854,830,834,52935
1445374800000,831,836,801,822,62432
1445461200000,820,840,813,836,49449
1445547600000,822,823,798,813,122032
1445806800000,815,854,808,838,91353
1445893200000,862,965,851,940,624018
1445979600000,960,1009,932,1002,321318
1446066000000,996,1020,971,1009,123641
1446152400000,995,1022,989,1016,59156
1446411600000,1018,1036.8,1003.1,1030,83386
1446498000000,1030.3,1039.9,1011,1011,76620
1446670800000,1002.2,1011.7,980,980,66631
1446757200000,982.1,1005,967,994.9,55334
1447016400000,999,1028.4,994.2,1012,44129
1447102800000,1021.1,1036.5,1011.7,1027,63241
1447189200000,1020.1,1048.9,1015.2,1040,51775
1447275600000,1040.5,1049.9,1005,1020.6,55771
1447362000000,1017.9,1020,990,1001,42234
1447621200000,996,1022,996,1015.1,31869
1447707600000,1014.9,1080.5,1012.2,1059,103890
1447794000000,1060,1098.8,1050.2,1094,116318
1447880400000,1099,1106.8,1071.8,1086,150586
1447966800000,1090.3,1120.9,1089.1,1111,44906
1448226000000,1112,1150,1112,1129.9,56337
1448312400000,1129.9,1131.4,1060,1092,87960
1448398800000,1095.6,1149.9,1095.5,1127,48845
1448485200000,1119.9,1148.8,1115,1117.7,23568
1448571600000,1116.2,1121.6,1066.2,1074.5,51467
1448830800000,1074.5,1099,1074.4,1094,33276
1448917200000,1097.2,1108.2,1076,1086,22606
1449003600000,1079.8,1104,1051.8,1104,68237
1449090000000,1105,1114,1094.8,1099,24364
1449176400000,1090,1104.9,1071.6,1087.1,37266
1449435600000,1091.5,1091.6,1038.2,1060,36564
1449522000000,1060,1060,1003.1,1038.9,58910
1449608400000,1038.9,1060,1034.4,1050,22044
1449694800000,1047,1051.7,1030,1030.3,31961
1449781200000,1030.1,1055,1020.1,1037,37769
1450040400000,1020.1,1030,981.1,984.4,57851
1450126800000,995,1059.6,994.5,1055,81872
1450213200000,1060,1085,1056,1067,28717
1450299600000,1070,1111.1,1064.9,1084.9,42162
1450386000000,1085,1089.9,1061.2,1075.1,29649
1450645200000,1085,1103.8,1070.2,1095.1,28543
1450731600000,1104,1119,1090.1,1090.1,28554
1450818000000,1090.8,1129.4,1090.8,1125.1,44673
1450904400000,1117,1136,1100.6,1129.1,29435
1450990800000,1110.2,1121.3,1102.1,1110,19317
1451250000000,1109.2,1133.6,1107.8,1119.5,25923
1451336400000,1121.1,1152.1,1121.1,1138,27102
1451422800000,1136.1,1159.8,1136.1,1147,25502
1451854800000,1148.9,1157.9,1060,1064.1,55784
1451941200000,1080,1134.8,1075.2,1133.9,42595
1452027600000,1131.9,1133.5,1095,1112,38189
1452459600000,1027.5,1075,987,987,141641
1452546000000,982.5,1004.2,972.2,999,109973
1452632400000,1004.1,1023.8,1004.1,1006,50693
1452718800000,995.2,1009.9,970.2,1009,72398
1452805200000,1010,1014,930,954,85969
1453064400000,949,978.1,900.1,963,46699
1453150800000,966,990.8,951.7,954,86381
1453237200000,946.9,946.9,903.2,912.5,98391
1453323600000,926.9,1023,920.1,1020,146147
1453410000000,1020.3,1039,995.5,1020,96563
1453669200000,1020,1030,988,1002.1,64008
1453755600000,1003,1023.8,990,1012,59016
1453842000000,1018.1,1054.8,1018.1,1049.9,89060
1453928400000,1049.6,1051,1011,1017.4,84859
1454014800000,1019,1029.8,1005.2,1007,58267
1454274000000,1015,1026,1000,1013,39640
1454360400000,1019.5,1041,1006,1012,50536
1454446800000,1012.5,1028,1000.5,1012.5,39735
1454533200000,1020,1061,1016.5,1054,122967
1454619600000,1046,1046,1023,1023,46337
1454878800000,1021.5,1022,968,986,95061
1454965200000,992.5,1017,970,992,82271
1455051600000,980.5,1010,975,998,63650
1455138000000,999,1013,985,1007,59547
1455224400000,1006,1022.5,989,989,50041
1455483600000,1004,1018.5,1000,1008,37830
1455570000000,1014.5,1075.5,997,1072,174736
1455656400000,1064,1081,1036,1044,127367
1455742800000,1035,1060,1004,1014,114862
1455829200000,1005,1012.5,976.5,989,155183
1455915600000,985.5,996,980,988,14832
1456088400000,996,1008.5,986,1002.5,47757
1456261200000,990.5,1001.5,972,974.5,76231
1456347600000,990,995,976.5,982,70286
1456434000000,977.5,1012,975.5,983.5,145778
1456693200000,980,994.5,976,978,67973
1456779600000,975.5,991.5,971,989.5,62397
1456866000000,995,1009,980.5,1003,71342
1456952400000,1019.5,1045.5,1010,1018,125197
1457038800000,1006,1021,987.5,999,115556
1457298000000,1095.5,1095.5,1007.5,1020,81633
1457470800000,1001,1009,991,994,109964
1457557200000,990,998,976,978.5,95908
1457643600000,986.5,993,973,979,84480
1457902800000,993,1035.5,985.5,1023,220667
1457989200000,1033,1039.5,995.5,1004,109439
1458075600000,1000,1039.5,997.5,1021,132707
1458162000000,1040,1044,1022,1032,67243
1458248400000,1040,1049,1021.5,1034.5,61476
1458507600000,1033.5,1037.5,1020,1022,44912
1458594000000,1026,1027,1005,1023.5,50907
1458680400000,1025.5,1035,1018.5,1020.5,41697
1458766800000,1028,1032,1018,1028,28409
1458853200000,1029.5,1037,1026.5,1032.5,6445
1459112400000,1035,1040.5,1001,1013,38499
1459198800000,1022,1036,1006,1036,49125
1459285200000,1039,1061,1036,1041.5,70012
1459371600000,1043.5,1050,1015,1022,57981
1459458000000,1025,1035,1014,1028,41564
1459717200000,1039,1042.5,1030,1033,32692
1459803600000,1033,1046,1023,1039,33833
1459890000000,1035.5,1047,1026.5,1041,31361
1459976400000,1041,1063.5,1035.5,1060,69169
1460062800000,1042.5,1049.5,1018,1018,123002
1460322000000,1015,1054.5,1011.5,1045,112451
1460408400000,1042.5,1093,1041.5,1088.5,111892
1460494800000,1093,1133,1089.5,1127,94438
1460581200000,1112,1124,1090,1109.5,71959
1460667600000,1104.5,1114.5,1101.5,1109,33596
1460926800000,1091,1139,1084,1130,47984
1461013200000,1139.5,1150,1130,1148,54309
1461099600000,1147,1188,1142.5,1186,62000
1461186000000,1186,1209.5,1171,1200,85214
1461272400000,1200.5,1218,1190,1196,82140
1461531600000,1197.5,1218.5,1175.5,1176.5,79699
1461618000000,1180,1190,1171,1173,34421
1461704400000,1182,1197,1164.5,1194,59542
1461790800000,1191.5,1310,1190.5,1300,327259
1461877200000,1290,1313,1271,1301,82429
1462309200000,1301.5,1400,1295.5,1337.5,39847
1462395600000,1334.5,1334.5,1292,1316.5,60698
1462482000000,1315.5,1316,1270,1291,69623
1462827600000,1283.5,1299.5,1260,1291.5,55376
1462914000000,1298,1310,1284.5,1286,29919
1463000400000,1286.5,1298.5,1266,1277,36641
1463086800000,1264,1289,1250.5,1276.5,35654
1463346000000,1263.5,1302,1262,1297,35943
1463432400000,1299.5,1299.5,1266,1278.5,45377
1463518800000,1276.5,1287.5,1265,1267.5,24537
1463605200000,1265,1272.5,1245,1261,34258
1463691600000,1260.5,1282.5,1256,1278,48660
1463950800000,1276,1298.5,1266,1288,39669
1464037200000,1285,1291,1278.5,1289.5,28406
1464123600000,1287.5,1309,1280.5,1305,62664
1464210000000,1302.5,1329,1292.5,1303.5,51473
1464296400000,1310,1329.5,1305.5,1311,32577
1464555600000,1321,1326.5,1314.5,1317.5,7512
1464642000000,1318,1370,1304,1357,66821
1464728400000,1370,1390.5,1342.5,1369.5,45287
1464814800000,1369.5,1389.5,1353.5,1371,27014
1464901200000,1372.5,1387,1358,1370,38564
1465160400000,1390,1427,1383,1399,63212
1465246800000,1405,1427,1396,1413,36754
1465333200000,1422,1456,1410,1450,26614
1465419600000,1452.5,1476,1445,1464,31928
1465506000000,1469,1499.5,1430,1430,37549
1465851600000,1431,1431,1371,1375.5,62611
1465938000000,1385,1419.5,1372.5,1408.5,55396
1466024400000,1402,1402,1353.5,1380,49886
1466110800000,1366,1414,1363,1406,44249
1466370000000,1424.5,1450,1408.5,1418.5,52708
1466456400000,1427,1429,1371,1377,30701
1466542800000,1384.5,1414.5,1371.5,1407,28283
1466629200000,1406,1448,1405.5,1428,23256
1466715600000,1401.5,1429.5,1360.5,1379.5,51711
1466974800000,1391,1409.5,1280,1291,82886
1467061200000,1300.5,1353,1300.5,1336,32564
1467147600000,1359.5,1374.5,1335,1372.5,19361
1467234000000,1375,1406,1360.5,1399,24258
1467320400000,1408.5,1415.5,1375,1403,25892
1467579600000,1401.5,1401.5,1379.5,1390,13185
1467666000000,1380.5,1402,1364,1383,20290
1467752400000,1380.5,1399.5,1348,1373.5,23956
1467838800000,1378,1409,1375,1390,41954
1467925200000,1391,1424,1383,1413,15692
1468184400000,1425,1434,1403.5,1407,17593
1468270800000,1410,1479,1406.5,1473,31278
1468357200000,1473,1473,1400.5,1403,33035
1468443600000,1413.5,1429.5,1391,1391,43031
1468530000000,1390,1414,1371,1373.5,48896
1468789200000,1375,1375,1347.5,1354,50312
1468875600000,1358,1364.5,1341.5,1345.5,28147
1468962000000,1343,1360,1335,1360,18096
1469048400000,1357.5,1388.5,1354,1376,18811
1469134800000,1370.5,1395,1360,1387.5,16493
1469394000000,1398,1413,1368,1377.5,20457
1469480400000,1373,1417,1365,1404,40460
1469566800000,1392.5,1419.5,1390.5,1419,33913
1469653200000,1439,1543,1424,1485.5,157314
1469739600000,1487,1512.5,1430.5,1442,45706
1469998800000,1457,1464,1426.5,1438.5,26802
1470085200000,1434,1444.5,1400,1416,37551
1470171600000,1415,1435,1400.5,1409,22141
1470258000000,1402.5,1419.5,1395,1417,30524
1470344400000,1412,1429,1401,1429,19140
1470603600000,1428,1434,1410.5,1420,10165
1470690000000,1415,1449,1410.5,1447,15415
1470776400000,1455,1460,1440.5,1447,17010
1470862800000,1445.5,1492,1438.5,1485,27183
1470949200000,1494,1510.5,1485.5,1506,21162
1471208400000,1506.5,1529,1495,1498,28247
1471294800000,1498,1514.5,1476.5,1491,18163
1471381200000,1493,1497,1445,1459,40022
1471467600000,1462,1476,1443,1451,48051
1471554000000,1464.5,1464.5,1439,1445.5,18219
1471813200000,1433.5,1459,1415.5,1441,29111
1471899600000,1433.5,1454.5,1430,1449,25140
1471986000000,1459,1463.5,1440.5,1453,18354
1472072400000,1465,1476,1444.5,1444.5,23227
1472158800000,1441,1470,1430,1447,31614
1472418000000,1440.5,1457,1430.5,1442,28693
1472504400000,1442.5,1454,1430.5,1437.5,19520
1472590800000,1440,1447.5,1421,1428,20219
1472677200000,1430.5,1469,1430,1464,32846
1472763600000,1464.5,1475,1447.5,1463,19268
1473022800000,1463,1465,1455,1455.5,5391
1473109200000,1458.5,1482.5,1439,1441,38416
1473195600000,1439,1441.5,1410.5,1418,42668
1473282000000,1420,1443.5,1408.5,1409,54985
1473368400000,1410,1410,1345.5,1370,95698
1473627600000,1360,1365.5,1317,1350,172415
1473714000000,1359.5,1360,1302,1326,89319
1473800400000,1326.5,1339.5,1316,1321.5,36058
1473886800000,1324,1342,1309,1319.5,67920
1473973200000,1339,1344.5,1316,1335,28865
1474232400000,1348,1359,1338,1341,27941
1474318800000,1340.5,1354.5,1333,1341,24801
1474405200000,1359,1359.5,1338,1348.5,16237
1474491600000,1361,1403.5,1352,1401,52357
1474578000000,1408,1408,1377.5,1398.5,28981
1474837200000,1381,1385,1356.5,1370,24176
1474923600000,1370.5,1383,1347,1353,19375
1475010000000,1363,1369,1350,1355,20131
1475096400000,1364.5,1369.5,1341,1353,38708
1475182800000,1350,1353.5,1327,1341,24120
1475442000000,1327,1359,1320,1356,24546
1475528400000,1365,1365,1334,1346,19351
1475614800000,1333,1375,1330,1371,35997
1475701200000,1378,1383,1359,1376.5,22804
1475787600000,1375,1391,1363,1367,14441
1476046800000,1361.5,1381.5,1350,1352.5,11316
1476133200000,1350,1361,1340.5,1350.5,24277
1476219600000,1353.5,1354.5,1282,1290,62073
1476306000000,1277,1288,1218,1231,152326
1476392400000,1209.5,1243,1194.5,1212,76972
1476651600000,1202.5,1207,1181,1186,45866
1476738000000,1194,1237.5,1194,1228.5,40471
1476824400000,1236.5,1255.5,1232.5,1238.5,44582
1476910800000,1244,1245.5,1223,1234,25030
1476997200000,1222.5,1235,1212.5,1213.5,14982
1477256400000,1235,1267.5,1211.5,1221,68786
1477342800000,1221.5,1262,1213.5,1222.5,58180
1477429200000,1225,1239.5,1187.5,1194.5,53193
1477515600000,1209.5,1295,1199,1261,182573
1477602000000,1271,1287.5,1254.5,1270,71501
1477861200000,1279,1279,1238,1256,48748
1477947600000,1259.5,1264,1231.5,1243.5,42155
1478034000000,1243,1245,1209,1212,51835
1478120400000,1210,1224,1180,1190,77147
1478466000000,1191.5,1219.5,1191.5,1196,29781
1478552400000,1190,1221,1172,1197,41939
1478638800000,1180,1234,1155.5,1234,59396
1478725200000,1241.5,1307,1240,1240.5,157425
1478811600000,1244.5,1269.5,1201,1225,73265
1479070800000,1225,1238.5,1192,1195,36589
1479157200000,1195,1199.5,1168.5,1170,65832
1479243600000,1172,1192,1160.5,1164,73581
1479330000000,1150.5,1163,1143,1150,100946
1479416400000,1159,1203.5,1155,1203.5,107262
1479675600000,1200,1220,1190.5,1201,27076
1479762000000,1200,1200,1160,1177,64462
1479848400000,1203,1240,1197,1228,103126
1479934800000,1230,1240,1223,1228.5,23227
1480021200000,1223,1248.5,1221,1221.5,49149
1480280400000,1222.5,1233.5,1204,1213,73341
1480366800000,1204.5,1215,1195,1215,48646
1480453200000,1216,1219.5,1190,1201.5,70116
1480539600000,1210.5,1239.5,1204,1217,109372
1480626000000,1195.5,1213,1181.5,1197.5,73609
1480885200000,1184.5,1202,1182.5,1199,124376
1480971600000,1215,1241,1209,1231,158043
1481058000000,1234.5,1250,1216.5,1243,41363
1481144400000,1249,1261.5,1241.5,1252,60765
1481230800000,1262,1277.5,1241,1248,30463
1481490000000,1245.5,1260,1220,1239,124603
1481576400000,1240,1285,1235.5,1277,69767
1481662800000,1279,1290,1242,1282.5,113976
1481749200000,1285,1310,1266.5,1292,130042
1481835600000,1274.5,1311,1252,1263,169724
1482094800000,1271,1273.5,1245,1255,68159
1482181200000,1259.5,1267,1235.5,1267,68428
1482267600000,1271,1285,1244,1245,54285
1482354000000,1246,1259.5,1236.5,1246,80931
1482440400000,1242.5,1262,1236.5,1252,37694
1482699600000,1252,1257.5,1244.5,1245,20730
1482786000000,1251,1258.5,1235.5,1237,36756
1482872400000,1237,1250,1228,1228,33174
1482958800000,1239,1243,1216.5,1241,27620
1483045200000,1240,1252.5,1239.5,1247.5,21350
1483390800000,1256,1269.5,1235,1241,76614
1483477200000,1247.5,1257,1233.5,1239,38728
1483563600000,1246.5,1254.5,1212,1252,77016
1483650000000,1290,1295,1260,1291,85164
1483909200000,1295,1322,1288.5,1317,66910
1483995600000,1321.5,1332,1305.5,1319.5,43883
1484082000000,1309,1309,1290.5,1299,49886
1484168400000,1293.5,1298,1266,1271.5,57400
1484254800000,1272,1288,1259,1286.5,32527
1484514000000,1284.5,1310,1277.5,1305,17621
1484600400000,1291.5,1307,1280.5,1303,27699
1484686800000,1296,1312,1292.5,1299,24144
1484773200000,1304.5,1312,1293.5,1307,19013
1484859600000,1315,1320,1299,1315,26353
1485118800000,1310.5,1315.5,1288,1295,21659
1485205200000,1301.5,1350,1301.5,1349,71015
1485291600000,1350,1393.5,1350,1381,79953
1485378000000,1394,1424.5,1386,1411,74959
1485464400000,1411.5,1425,1391,1418.5,43891
1485723600000,1408.5,1417,1362.5,1370,52000
1485810000000,1375,1395,1375,1379,14882
1485896400000,1380,1407.5,1373,1384,22789
1485982800000,1391,1407.5,1365.5,1370,33089
1486069200000,1370.5,1399,1370.5,1387,19432
1486328400000,1394,1394,1346.5,1357.5,21119
1486414800000,1358,1388,1358,1382,19341
1486501200000,1367.5,1380.5,1345,1350,35970
1486587600000,1363,1365,1326.5,1356.5,41988
1486674000000,1360,1369,1332,1345,16669
1486933200000,1357,1359.5,1335,1335,29261
1487019600000,1334,1344,1304,1312,36209
1487106000000,1316.5,1336,1263,1316,42532
1487192400000,1335.5,1412,1312,1401,112650
1487278800000,1400,1436.5,1385.5,1425,218189
1487538000000,1427,1437.5,1420,1425,21970
1487624400000,1423,1429.5,1392,1395,25664
1487710800000,1397,1404.5,1380,1399,50108
1487883600000,1380,1381,1356,1368.5,17277
1488142800000,1371,1379.5,1334.5,1354,21493
1488229200000,1343.5,1354,1309,1330,27553
1488315600000,1325,1354,1303.5,1334,61899
1488402000000,1358.5,1369.5,1335.5,1358.5,54697
1488488400000,1358.5,1373,1351.5,1370,16787
1488747600000,1370,1374.5,1341,1359,27380
1488834000000,1372,1372,1349,1364,13439
1489006800000,1370.5,1389,1352,1359.5,48524
1489093200000,1361,1365,1335.5,1360,26524
1489352400000,1350.5,1377.5,1350.5,1366.5,14819
1489438800000,1378.5,1379.5,1354,1357,33875
1489525200000,1369,1374.5,1329,1341,29476
1489611600000,1351.5,1390,1327,1375,64823
1489698000000,1377.5,1396.5,1351.5,1354,31069
1489957200000,1359.5,1360,1340,1347,13925
1490043600000,1342,1359.5,1309,1311,41760
1490130000000,1294,1297,1279,1291,74287
1490216400000,1292,1309.5,1278.5,1288,17787
1490302800000,1290,1294,1271,1280,13202
1490562000000,1270,1285,1238,1261,33038
1490648400000,1262,1280,1260,1275,14867
1490734800000,1278,1295,1255.5,1262,27076
1490821200000,1262.5,1277.5,1242,1247.5,26400
1490907600000,1244.5,1250,1231,1245.5,14507
1491166800000,1232,1259.5,1225.5,1242,32441
1491253200000,1240,1258,1234,1239,13511
1491339600000,1237.5,1298,1236.5,1298,67084
1491426000000,1281,1304.5,1279,1289,25717
1491512400000,1286,1290,1240.5,1260,50278
1491771600000,1260,1260,1225,1249.5,28178
1491858000000,1230,1257,1230,1251,30577
1491944400000,1257,1293,1253.5,1284,38610
1492030800000,1298,1298,1265,1289,27588
1492117200000,1270.5,1291.5,1266,1268.5,4672
1492376400000,1266.5,1368,1256,1367.5,59222
1492462800000,1370,1370,1331,1336.5,22274
1492549200000,1337.5,1355,1326,1329.5,16519
1492635600000,1321.5,1340,1310,1328,17368
1492722000000,1328,1335,1307,1310,24706
1492981200000,1315.5,1335,1307,1317,55296
1493067600000,1315,1338.5,1305.5,1338,28152
1493154000000,1344,1423,1337.5,1404,119834
1493240400000,1410,1537,1405.5,1520,290446
1493326800000,1530.5,1569,1502,1534.5,68139
1493672400000,1552.5,1590,1545,1549,45680
1493758800000,1549,1558.5,1500.5,1528,86267
1493845200000,1548.5,1589,1538,1581,84099
1493931600000,1553,1589,1551.5,1570,22265
1494363600000,1577,1601,1576.5,1590,33096
1494450000000,1589.5,1667.5,1554,1562.5,86567
1494536400000,1575,1595,1551,1592,81394
1494795600000,1601,1640.5,1595.5,1619,75039
1494882000000,1619,1648,1565.5,1611,83374
1494968400000,1625,1633,1601.5,1608,38229
1495054800000,1589.5,1599.5,1550,1565,83971
1495141200000,1581,1634,1565,1614.5,67478
1495400400000,1618,1624,1595.5,1608,32791
1495486800000,1618,1630,1593,1611.5,46015
1495573200000,1618.5,1619.5,1595.5,1611,10624
1495659600000,1600.5,1620.5,1575.5,1584,20112
1495746000000,1590,1590,1565.5,1568,13513
1496005200000,1565,1583.5,1565,1573.5,9795
1496091600000,1565,1576.5,1547,1552,24153
1496178000000,1568,1568,1497.5,1505,59351
1496264400000,1485.5,1527.5,1482,1520.5,18969
1496350800000,1507.5,1531,1474.5,1478,62833
1496610000000,1494,1535,1482.5,1525,59949
1496696400000,1538.5,1555,1522.5,1524.5,20730
1496782800000,1539.5,1540,1516,1526,18247
1496869200000,1526,1535.5,1513,1521.5,21783
1496955600000,1523.5,1548,1520.5,1541.5,15331
1497301200000,1491,1506,1467,1480,51706
1497387600000,1490.5,1510.5,1474,1482.5,37914
1497474000000,1461.5,1502,1430,1495.5,217036
1497560400000,1503,1508.5,1460.5,1464.5,23282
1497819600000,1475,1549.5,1466.5,1541,44234
1497906000000,1548.5,1580,1544.5,1554,21169
1497992400000,1554,1605,1548.5,1585,21339
1498078800000,1595,1640.5,1595,1618,63536
1498165200000,1611.5,1629.5,1575,1616.5,31002
1498424400000,1629.5,1643,1595.5,1608,21154
1498510800000,1614,1614.5,1580.5,1582.5,28432
1498597200000,1582.5,1633,1552,1612,41610
1498683600000,1630.5,1639.5,1585,1588,21636
1498770000000,1588,1604.5,1532.5,1536,46980
1499029200000,1553,1570,1538.5,1560,21669
1499115600000,1549,1579,1543.5,1566.5,10409
1499202000000,1570.5,1578.5,1545,1558.5,15095
1499288400000,1569.5,1581.5,1550.5,1564,29909
1499374800000,1574.5,1592,1555,1578.5,19820
1499634000000,1597,1604,1568,1594,25902
1499720400000,1604,1616,1579,1612,25724
1499806800000,1613,1681.5,1601,1632,31792
1499893200000,1640,2039.5,1640,1898.5,637803
1499979600000,1909.5,1909.5,1842,1867,91798
1500238800000,1865,1889.5,1846,1866,60697
1500325200000,1865.5,1910,1851,1867,65060
1500411600000,1879,1902,1835,1849,69365
1500498000000,1850,1859.5,1815,1845,30628
1500584400000,1840,1869.5,1835,1856,28229
1500843600000,1856,1928.5,1856,1916,46392
1500930000000,1925,1927,1881,1906,36508
1501016400000,1903,1916,1891.5,1899.5,21234
1501102800000,1900,1923.5,1879.5,1888.5,29420
1501189200000,1837.5,1850,1735,1754.5,176936
1501448400000,1764,1787,1743,1743,27756
1501534800000,1758,1785,1739.5,1746.5,36253
1501621200000,1756,1767,1708,1719,38174
1501707600000,1710,1757,1710,1744,40973
1501794000000,1751,1779.5,1732.5,1770.5,42076
1502053200000,1770.5,1811.5,1770.5,1795.5,52612
1502139600000,1817,1818,1765.5,1792.5,40324
1502226000000,1794.5,1915,1760,1835.5,218744
1502312400000,1864,1872.5,1780.5,1786,73101
1502398800000,1774,1785.5,1731.5,1731.5,55459
1502658000000,1742,1783.5,1742,1765.5,36533
1502744400000,1792,1808,1770.5,1798,21086
1502830800000,1805,1840,1801,1818,28312
1502917200000,1821.5,1864.5,1820,1832,28157
1503003600000,1820,1820,1761,1785,59873
1503262800000,1780,1787.5,1751,1769,39656
1503349200000,1779.5,1779.5,1745.5,1756,31470
1503435600000,1770,1783,1752,1765,28695
1503522000000,1771,1791.5,1758,1768,39906
1503608400000,1767.5,1800,1745,1757,86552
1503867600000,1759.5,1769.5,1722.5,1725.5,89502
1503954000000,1730,1746.5,1710.5,1743,32440
1504040400000,1746.5,1754,1720.5,1728.5,51305
1504126800000,1737,1775.5,1734.5,1752,51111
1504213200000,1746.5,1867.5,1740,1820,113715
1504472400000,1817,1837.5,1817,1833,20587
1504558800000,1831.5,1886,1821,1863,88227
1504645200000,1861.5,1885,1821,1843,50823
1504731600000,1849,1854,1798,1820,34801
1504818000000,1855.5,1897,1851.5,1865.5,57644
1505077200000,1859.5,1881.5,1835.5,1867,78812
1505163600000,1867,1938,1867,1903.5,63303
1505250000000,1903,1925,1874,1876,91462
1505336400000,1871.5,1882,1841,1858,78682
1505422800000,1869,1913.5,1850.5,1895,62930
1505682000000,1890,1908,1863,1893.5,34230
1505768400000,1892.5,1894,1840,1872.5,56666
1505854800000,1880,1891,1863.5,1872,28348
1505941200000,1884.5,1894.5,1860,1872,68504
1506027600000,1875,1930,1867,1922,71190
1506286800000,1900.5,1936,1846,1853,169934
1506373200000,1864.5,1885,1831.5,1848,78570
1506459600000,1857.5,1880,1841,1867,45374
1506546000000,1876,1901.5,1846.5,1856.5,69245
1506632400000,1865.5,1877,1850,1873,32317
1506891600000,1880.5,1940,1880.5,1906.5,79811
1506978000000,1914.5,1974.5,1901,1961,80270
1507064400000,1951,1992.5,1933,1942.5,44684
1507150800000,1934.5,1972,1911,1925,54926
1507237200000,1939,1960,1890.5,1893,61115
1507496400000,1907.5,1924,1890,1920,35213
1507582800000,1910,1910,1838,1840,135995
1507669200000,1854.5,1864,1830,1855.5,63386
1507755600000,1855,1878,1833.5,1863,45672
1507842000000,1864,1874.5,1847.5,1858,73895
1508101200000,1850,1869.5,1825,1832,57553
1508187600000,1832,1852.5,1815.5,1833,45820
1508274000000,1833,1857,1816,1852,52711
1508360400000,1859,1860,1830,1839.5,49930
1508446800000,1825,1839.5,1790,1796,60794
1508706000000,1796,1812,1782,1799,44436
1508792400000,1787,1950,1743,1889,355146
1508878800000,1899.5,1908,1836.5,1855,55192
1508965200000,1859.5,1915,1840,1896,85961
1509051600000,1908,1955,1890.5,1921,105024
1509310800000,1919,1919,1878,1898,47462
1509397200000,1900.5,1971,1881.5,1950,113758
1509483600000,1950,2023.5,1950,1991.5,103642
1509570000000,1980,1984.5,1927,1932,90102
1509656400000,1932.5,1977,1930,1965,46580
1510002000000,1966,1993.5,1943.5,1950.5,62261
1510088400000,1944,1969.5,1920.5,1935.5,58256
1510174800000,1933.5,1949,1883,1890,70138
1510261200000,1890,1910,1855.5,1856.5,57188
1510520400000,1856,1875,1840.5,1860,62531
1510606800000,1874.5,1929.5,1862,1890,92529
1510693200000,1890,1894,1857,1873,30431
1510779600000,1889,1926,1868,1925.5,43257
1510866000000,1926.5,1967.5,1915,1949.5,53704
1511125200000,1965,2008,1950.5,2002.5,61177
1511211600000,2001,2060,1990,2038,84419
1511298000000,2030,2039.5,1957.5,1975,66128
1511384400000,1980.5,1998.5,1980,1987.5,23237
1511470800000,1981.5,2079.5,1981.5,2025,119156
1511730000000,2033,2055,2015,2017,61352
1511816400000,2019,2029.5,1988,1991.5,63360
1511902800000,2002.5,2030,1933,1957,86994
1511989200000,1949.5,1949.5,1881,1940.5,30801
1512075600000,1935,1949.5,1916.5,1931.5,28442
1512334800000,1932,1939,1901,1907,58477
1512421200000,1900,1912.5,1867,1899,57954
1512507600000,1899.5,1936.5,1889,1900,49982
1512594000000,1920,1949.5,1908,1949.5,84854
1512680400000,1949.5,1979.5,1949.5,1957,33746
1512939600000,1960,1999,1958.5,1997.5,51613
1513026000000,1996,1996,1944,1954,33770
1513112400000,1935,1975,1930,1938,54188
1513198800000,1935,1950,1909,1919,50311
1513285200000,1915,1915,1875.5,1895,64641
1513544400000,1895,1910,1880,1892,36343
1513630800000,1892,1905,1872,1902,33688
1513717200000,1898,1906.5,1865.5,1873.5,122127
1513803600000,1885.5,1895,1851.5,1884,50054
1513890000000,1865,1865,1832,1832,59116
1514149200000,1832.5,1852.5,1832.5,1847,18232
1514235600000,1852,1863.5,1820,1840,63457
1514322000000,1845,1874.5,1845,1865,25108
1514408400000,1867.5,1885,1859,1883.5,27016
1514494800000,1880,1911.5,1860.5,1894,20586
1514926800000,1919,1949.5,1915,1943.5,33305
1515013200000,1943,1985,1943,1978,38181
1515099600000,1966,1966,1921,1942.5,23258
1515445200000,1957.5,1982,1954,1963,42866
1515531600000,1963,1980,1931.5,1972,44377
1515618000000,1963.5,1985,1955,1963,40478
1515704400000,1955,1968,1945.5,1955,17647
1515963600000,1958,1979,1954.5,1970,14695
1516050000000,1964,2044,1940.5,1992.5,118550
1516136400000,1993,2046.5,1981,2035,45442
1516222800000,2050,2100,2045,2099,84022
1516309200000,2112,2134,2090.5,2098.5,48111
1516568400000,2095.5,2122.5,2080.5,2118.5,38452
1516654800000,2131.5,2145,2111.5,2145,59566
1516741200000,2159.5,2159.5,2129.5,2138,19139
1516827600000,2138.5,2155,2105,2134,44060
1516914000000,2135,2179.5,2134,2176,47185
1517173200000,2191.5,2214.5,2178.5,2197.5,29584
1517259600000,2176.5,2176.5,2120,2150,136911
1517346000000,2160.5,2196.5,2133.5,2179,29178
1517432400000,2183,2229,2168,2202,67901
1517518800000,2190.5,2224.5,2115.5,2150,50026
1517778000000,2145.5,2172,2113.5,2150,40173
1517864400000,2073,2130,2048.5,2054.5,114684
1517950800000,2106,2174,2100.5,2140.5,48371
1518037200000,2137,2187,2125.5,2159,60932
1518123600000,2090.5,2107,2062,2086.5,80902
1518382800000,2101.5,2135,2101.5,2127,47976
1518469200000,2124,2141.5,2111,2135,70588
1518555600000,2155,2220.5,2144,2200,95068
1518642000000,2250,2420,2211,2283.5,382032
1518728400000,2341.5,2374,2291.5,2371.5,134206
1518987600000,2371,2430,2361,2416.5,47627
1519074000000,2420,2439,2376.5,2413,54879
1519160400000,2424.5,2474.5,2418,2473.5,86053
1519246800000,2469,2494,2410.5,2435.5,73319
1519592400000,2450,2450,2362,2383,81198
1519678800000,2363,2391,2320.5,2386,68516
1519765200000,2381.5,2385,2327,2343.5,35054
1519851600000,2329.5,2344.5,2300.5,2310,49324
1519938000000,2309,2310,2241,2280.5,90866
1520197200000,2313.5,2372,2313.5,2347.5,46728
1520283600000,2377.5,2395,2351,2389.5,72563
1520370000000,2399,2439.5,2368,2427.5,78782
1520542800000,2474,2519,2451,2469,45325
1520802000000,2465,2486,2439.5,2450,57553
1520888400000,2449,2476,2385,2415,67369
1520974800000,2425,2439.5,2394,2430.5,44402
1521061200000,2442.5,2469,2415.5,2446,81567
1521147600000,2441,2450,2418,2436,25213
1521406800000,2435,2452,2406.5,2426,28486
1521493200000,2427.5,2485.5,2427,2463,37047
1521579600000,2465,2497.5,2450,2497.5,33650
1521666000000,2487.5,2487.5,2375.5,2385,68242
1521752400000,2390,2425,2372,2385.5,60542
1522011600000,2377,2405,2314,2344,81787
1522098000000,2360.5,2393.5,2351.5,2364,39252
1522184400000,2339.5,2339.5,2234,2265,94351
1522270800000,2279,2328.5,2271,2314,82016
1522357200000,2288.5,2307.5,2260,2287,30495
1522616400000,2290,2290,2244,2253,48226
1522702800000,2250,2294,2240,2263,51515
1522789200000,2255,2255,2202,2249.5,69304
1522875600000,2264.5,2318,2264.5,2315,56423
1522962000000,2313,2318,2292,2312,36505
1523221200000,2310,2313,2077,2124,192952
1523307600000,2090.5,2205,2048,2169,169835
1523394000000,2168.5,2244.5,2140.5,2240,118733
1523480400000,2211,2349.5,2130,2161.5,306603
1523566800000,2139.5,2250,2060.5,2083.5,258752
1523826000000,2051,2110,1995,2020.5,191042
1523912400000,2148.5,2222.5,2067.5,2103.5,128957
1523998800000,2080,2167,2075,2142,228505
1524085200000,2160,2216,2089,2096.5,250630
1524171600000,2111,2137.5,2068,2084.5,79764
1524430800000,2095,2192,2086,2140.5,150640
1524517200000,2142,2160,2094.5,2105.5,170432
1524603600000,2090.5,2140,1982,2025,481872
1524690000000,2051,2094.5,2041,2061,179097
1524776400000,2075,2088,1994,2015.5,290902
1524862800000,2035,2040,2021,2030,35573
1525035600000,2035.5,2110,2020,2097.5,111929
1525208400000,2106.5,2220,2070.5,2215,260489
1525294800000,2203.5,2203.5,2114,2128,141710
1525381200000,2149,2149.5,2082,2107,79927
1525640400000,2115.5,2166.5,2107.5,2152.5,92277
1525726800000,2152.5,2172.5,2111,2127.5,77716
1525899600000,2140.5,2200,2137,2190,125038
1525986000000,2181,2211,2170.5,2201,115370
1526245200000,2196,2204,2155,2186,99241
1526331600000,2172.5,2178.5,2105.5,2118.5,115916
1526418000000,2126,2147.5,2101,2114,90432
1526504400000,2123,2135,2102,2131,57904
1526590800000,2120,2129,2107.5,2119.5,53134
1526850000000,2123,2163.5,2123,2142,111107
1526936400000,2149,2149,2110.5,2122.5,45741
1527022800000,2100,2114.5,2075,2086.5,86579
1527109200000,2103.5,2125,2086,2094,113314
1527195600000,2084.5,2097,2070,2089,66210
1527454800000,2089,2104,2078,2102.5,31582
1527541200000,2102,2129,2059,2079,98162
1527627600000,2059.5,2072,2025.5,2072,99923
1527714000000,2062.5,2110,2062.5,2076.5,73496
1527800400000,2088.5,2139.5,2084.5,2137,136874
1528059600000,2132.5,2179,2129,2163.5,93814
1528146000000,2188.5,2255.5,2177.5,2213,184262
1528232400000,2216,2239,2193.5,2214,67853
1528318800000,2234.5,2234.5,2160,2175,82446
1528405200000,2159.5,2159.5,2117,2144,104856
1528491600000,2147,2167.5,2146,2159,11360
1528664400000,2164,2211.5,2143,2192.5,74235
1528837200000,2252.5,2325,2251.5,2290.5,230602
1528923600000,2289,2301.5,2257,2292,104249
1529010000000,2300,2309.5,2256,2268,68263
1529269200000,2255.5,2302.5,2240.5,2287,99350
1529355600000,2310,2320,2265,2295,99459
1529442000000,2295,2332,2286,2301.5,79390
1529528400000,2304.5,2311,2246,2270.5,73634
1529614800000,2257,2268.5,2190,2220,98379
1529874000000,2232,2232,2165.5,2177,132848
1529960400000,2179,2197.5,2150.5,2185,102159
1530046800000,2197.5,2245,2189,2227.5,100522
1530133200000,2202.5,2206,2165,2193.5,78603
1530219600000,2206,2261,2201.5,2244,101394
1530478800000,2238.5,2271.5,2223,2257.5,68935
1530565200000,2280,2290,2240.5,2240.5,56242
1530651600000,2243,2245,2225,2236,20444
1530738000000,2230,2256.5,2210,2226,75776
1530824400000,2266.5,2325,2256,2315,97229
1531083600000,2320,2357,2314.5,2316.5,67386
1531170000000,2330,2351,2300,2302.5,63452
1531256400000,2299.5,2320,2259,2303,64712
1531342800000,2302.5,2349.5,2281.5,2345,54530
1531429200000,2376,2399,2353,2390,95179
1531688400000,2383,2383,2310,2333,64538
1531774800000,2333.5,2425,2312,2420,85666
1531861200000,2419.5,2419.5,2370.5,2398.5,90259
1531947600000,2390,2414,2364,2364.5,94503
1532034000000,2341,2348,2290,2329.5,94165
1532293200000,2338.5,2344.5,2306.5,2333,50543
1532379600000,2354,2419,2340.5,2377,76462
1532466000000,2363,2396,2353,2391.5,80469
1532552400000,2410.5,2499.5,2348,2430,365402
1532638800000,2384.5,2431,2355,2388,111300
1532898000000,2350,2364.5,2232.5,2242.5,221762
1532984400000,2240.5,2284,2220.5,2250,140207
1533070800000,2257,2295,2253,2272,145450
1533157200000,2266,2279.5,2210.5,2237,91881
1533243600000,2260.5,2273,2241.5,2252.5,77789
1533502800000,2260,2276,2225,2230.5,63599
1533589200000,2241,2290,2231.5,2272.5,103704
1533675600000,2255,2274.5,2156,2185,189475
1533762000000,2142,2185,2102.5,2132,249507
1533848400000,2134,2145,2080,2128,168041
1534107600000,2140,2170,2120,2152.5,96246
1534194000000,2165,2184,2111,2150,237622
1534280400000,2142,2142,2061.5,2091,195533
1534366800000,2105.5,2140,2100.5,2123.5,75583
1534453200000,2123.5,2137,2082.5,2099,87893
1534712400000,2108,2145,2100.5,2133.5,71547
1534798800000,2125,2168,2115,2164,62569
1534885200000,2163.5,2170.5,2125,2137,76861
1534971600000,2150,2165.5,2110,2120,110286
1535058000000,2118,2130,2104,2115,68578
1535317200000,2142,2163,2124.5,2151,61819
1535403600000,2158,2184.5,2148,2153.5,83228
1535490000000,2159,2170,2149.5,2168.5,35834
1535576400000,2170,2173,2122.5,2142,71020
1535662800000,2132,2160,2113.5,2150,89048
1535922000000,2159,2180,2159,2179.5,24172
1536008400000,2183.5,2194.5,2146.5,2168,76617
1536094800000,2170,2185.5,2106,2125,122387
1536181200000,2122.5,2133.5,2075,2105.5,109100
1536267600000,2080,2109,2055,2098.5,142791
1536526800000,2100.5,2125,2097,2111.5,47127
1536613200000,2123.5,2124.5,2080,2094.5,58567
1536699600000,2097,2111.5,2035,2066.5,104781
1536786000000,2070.5,2159,2070.5,2132,156096
1536872400000,2145,2195,2126,2187,98416
1537131600000,2192,2208.5,2135,2148,82826
1537218000000,2117,2150,2110.5,2144.5,116020
1537304400000,2140,2163.5,2121,2145,96622
1537390800000,2152.5,2219,2150.5,2174.5,197682
1537477200000,2178,2217.5,2166,2204,100099
1537736400000,2202.5,2202.5,2145,2193.5,94301
1537822800000,2196.5,2214.5,2184,2213,59058
1537909200000,2213,2230.5,2197.5,2216,69275
1537995600000,2194,2233,2180,2185,116402
1538082000000,2195,2196.5,2140.5,2160.5,89353
1538341200000,2168,2184.5,2130,2134,80762
1538427600000,2136,2146,2093.5,2136.5,132994
1538514000000,2143.5,2179,2137,2172.5,84637
1538600400000,2185.5,2189.5,2139,2157.5,217410
1538686800000,2151,2180.5,2105.5,2143,140297
1538946000000,2143,2204.5,2130,2170.5,153636
1539032400000,2197.5,2249,2186.5,2220,135035
1539118800000,2219.5,2227,2128,2146,139225
1539205200000,2111.5,2165.5,2097,2118,192946
1539291600000,2130,2169.5,2120.5,2140,74895
1539550800000,2152,2181.5,2121,2178,81153
1539637200000,2178,2327.5,2160.5,2307,225685
1539723600000,2308,2330.5,2285.5,2310,109279
1539810000000,2322,2356.5,2185,2235,386264
1539896400000,2012,2095,1736,1790,3394213
1540155600000,1830,1990,1687.5,1755,3147286
1540242000000,1764.5,1837.5,1717,1760,1007555
1540328400000,1769.5,1819.5,1765,1781,591064
1540414800000,1749.5,1789.5,1710,1777,411197
1540501200000,1770,1787,1722.5,1761.5,405340
1540760400000,1777,1928.5,1770.5,1859.5,1334575
1540846800000,1829.5,1885,1800,1843,613437
1540933200000,1875,1975,1854,1916.5,1297928
1541019600000,1965.5,1999,1935,1999,866068
1541106000000,2006.5,2041.5,1977,1995,801450
1541451600000,2000.5,2019,1984,2002,295335
1541538000000,1999.5,2005.5,1970,1995,238473
1541624400000,1987.5,1999.5,1959,1982,283095
1541710800000,1954.5,1964,1902.5,1921.5,298773
1541970000000,1928.5,1939,1873,1886,342057
1542056400000,1886,1925.5,1875,1903.5,269990
1542142800000,1905.5,1964.5,1894,1940,253933
1542229200000,1940,1957.5,1913,1920,179429
1542315600000,1933,1951,1907.5,1916,164418
1542574800000,1927,1944.5,1915.5,1924.5,136072
1542661200000,1915,1915,1851,1902,232412
1542747600000,1879.5,1923,1872,1909,214905
1542834000000,1924.5,1930,1915.5,1921,63265
1542920400000,1912,1917,1871,1898.5,182357
1543179600000,1894.5,1924.5,1851,1920,310159
1543266000000,1924,1949,1915,1945,136992
1543352400000,1949.5,1977,1935.5,1945.5,235387
1543438800000,1976,1998,1950,1967.5,233302
1543525200000,1950,1971,1930,1965,119212
1543784400000,1975,2019.5,1975,1989,409063
1543870800000,1995,1995,1954,1957.5,107634
1543957200000,1949.5,1965,1921,1955,79094
1544043600000,1936,1939.5,1868.5,1914,328177
1544130000000,1913.5,1936.5,1907,1912.5,132246
1544389200000,1911.5,1927,1893.5,1903,101014
1544475600000,1890,1899.5,1865.5,1869.5,179773
1544562000000,1849.5,1876.5,1781.5,1871.5,323276
1544648400000,1900,1910,1870.5,1888,143351
1544734800000,1869,1869,1836,1860.5,123442
1544994000000,1868.5,1883,1850,1869,94943
1545080400000,1850,1870,1836,1856,163852
1545166800000,1850,1905,1836,1894,148234
1545253200000,1850,1880,1834.5,1864,235385
1545339600000,1860,1877,1847.5,1860.5,123085
1545598800000,1850,1854.5,1805,1840.5,211397
1545685200000,1829.5,1840,1785.5,1828,117377
1545771600000,1830,1875,1816.5,1832,237870
1545858000000,1870,1901,1863.5,1880,220773
1545944400000,1894,1939,1894,1916,175594
1546030800000,1920.5,1934,1920,1930,47573
1546462800000,1918.5,1918.5,1857,1859.5,148487
1546549200000,1861.5,1924,1861.5,1916,187797
1546894800000,1933,1953,1919,1926.5,114452
1546981200000,1936.5,1970,1934,1960,133630
1547067600000,1970.5,1985.5,1955,1985,142546
1547154000000,1983,1997,1973.5,1983,101638
1547413200000,1985,1997,1964.5,1992.5,107716
1547499600000,1993.5,2009.5,1980.5,1999.5,190886
1547586000000,1997.5,2006,1977,1980,179500
1547672400000,1979.5,2006,1960,1993.5,154687
1547758800000,2024,2059.5,2020.5,2044.5,277420
1548018000000,2048.5,2049.5,2040,2044.5,48804
1548104400000,2033,2077,2011,2051,138732
1548190800000,2039,2075.5,2035,2060,190116
1548277200000,2057,2098,2050,2083,217522
1548363600000,2099.5,2172.5,2095.5,2152,278632
1548622800000,2170,2188.5,2124,2167,305057
1548709200000,2176.5,2184,2151.5,2152,156601
1548795600000,2147,2172.5,2136,2157,131154
1548882000000,2180.5,2214.5,2180,2212,264189
1548968400000,2200.2,2215,2165.4,2197.2,169741
1549227600000,2195,2215,2195,2212,83835
1549314000000,2220,2262,2215.6,2250.8,222590
1549400400000,2261,2261.6,2225.2,2244,130657
1549486800000,2230.8,2231.4,2181.8,2192.2,139310
1549573200000,2189,2189,2142.4,2163.4,132679
1549832400000,2170,2223,2170,2196,166813
1549918800000,2206,2241.8,2200.4,2230,177278
1550005200000,2233,2258.2,2201,2258,385668
1550091600000,2229,2269.6,2212,2264,336454
1550178000000,2290,2335,2148.8,2200.2,1081955
1550437200000,2140,2174.4,2116.2,2161,683691
1550523600000,2169.8,2179.8,2095,2126.6,574622
1550610000000,2161,2187.4,2148.6,2166.2,281378
1550696400000,2167,2176,2110,2115,222203
1550782800000,2108,2139,2090.4,2133,252076
1551042000000,2181,2235,2180.2,2214.6,393776
1551128400000,2198,2204.8,2162,2169.6,136769
1551214800000,2177.8,2189.8,2158.8,2163,158283
1551301200000,2165,2214,2145.2,2208,171973
1551387600000,2235.6,2270,2230,2247.4,329179
1551646800000,2260,2319.6,2260,2303.6,204278
1551733200000,2290.4,2340.2,2272,2340.2,178112
1551819600000,2355,2404,2350.2,2362,238266
1551906000000,2363,2382,2312,2329.2,132912
1552251600000,2320,2364.8,2320,2346.4,94106
1552338000000,2369,2380,2344,2355,79477
1552424400000,2349.6,2368.4,2325,2345,90222
1552510800000,2344.8,2354.8,2300.2,2303.4,89290
1552597200000,2325,2355,2325,2352.8,85803
1552856400000,2354.8,2398,2297.8,2306,252612
1552942800000,2323.8,2339.8,2315.6,2318.8,70620
1553029200000,2318.8,2329.8,2295,2301.4,97547
1553115600000,2299.8,2348,2259,2274,464428
1553202000000,2290,2310,2275,2276.4,113230
1553461200000,2274,2318.4,2210,2293.8,102835
1553547600000,2295,2329,2290.2,2315.8,94399
1553634000000,2306.6,2317.6,2266.6,2268,109702
1553720400000,2270,2332.2,2250,2317.8,163395
1553806800000,2332.2,2335,2280,2293.6,199349
1554066000000,2289.4,2291,2232,2243.4,237119
1554152400000,2238,2252.8,2218.2,2249,174857
1554238800000,2271.6,2286.8,2255.6,2268.2,137553
1554325200000,2265,2301.8,2250.4,2280.8,110798
1554411600000,2280,2305,2267.2,2298,88179
1554670800000,2291.4,2313.8,2283.6,2301.6,70154
1554757200000,2312,2346,2300.4,2346,134803
1554843600000,2330.2,2352,2110.8,2350.8,134037
1554930000000,2374,2444,2374,2434,291645
1555016400000,2435.2,2454.8,2425.8,2435.2,128247
1555275600000,2483.6,2494,2443.6,2453,255882
1555362000000,2477,2513,2476.2,2499.8,205802
1555448400000,2499,2518,2451,2451,147924
1555534800000,2449.2,2449.2,2382.6,2383.2,118360
1555621200000,2383.4,2424.8,2383.2,2415.2,48505
1555880400000,2417,2437.6,2392.4,2400,113236
1555966800000,2399.8,2428.8,2391,2412.8,109222
1556053200000,2420.8,2424,2395.2,2410.6,78745
1556139600000,2415.2,2489.8,2337,2407.6,437305
1556226000000,2407.6,2414.6,2364.2,2389,132209
1556485200000,2387,2423,2376,2406,106045
1556571600000,2406,2408.6,2380,2391,45363
1556744400000,2445.2,2481.8,2405.2,2413,228451
1556830800000,2409.8,2437.6,2392.4,2414,176077
1557090000000,2401,2414,2350.4,2407,195472
1557176400000,2400,2418,2375,2388.6,89944
1557262800000,2396,2396,2356.2,2379,139743
1557435600000,2371,2389.8,2336,2340,107231
1557694800000,2350,2357.4,2286.6,2286.6,136260
1557781200000,2299.8,2315,2266.4,2299,111309
1557867600000,2302,2325.4,2245.6,2312,191896
1557954000000,2330,2401.8,2325.2,2392,188849
1558040400000,2395.8,2434.6,2355.2,2425,157570
1558299600000,2449,2449.4,2377.2,2407.8,122679
1558386000000,2398,2414.8,2378.2,2392.4,128461
1558472400000,2400,2432,2380.8,2424.8,137997
1558558800000,2411.4,2415,2361.8,2365,111108
1558645200000,2365.2,2392,2362.2,2383.4,90468
1558904400000,2392,2409,2392,2404.6,35633
1558990800000,2396.4,2409.8,2240.2,2280.2,653401
1559077200000,2300,2368,2222,2350.2,482295
1559163600000,2357,2379.8,2346.4,2379.6,131449
1559250000000,2360,2362.2,2325.6,2336.6,120085
1559509200000,2330.2,2350,2292.4,2319,202663
1559595600000,2319,2344,2283.8,2341,253184
1559682000000,2354.8,2364,2340,2361,166714
1559768400000,2366,2394.2,2355.6,2389,136524
1559854800000,2402.2,2447.8,2396,2418.6,196867
1560114000000,2415,2444.8,2402.6,2435,136487
1560200400000,2438,2510.6,2435.2,2494.8,298617
1560373200000,2488.4,2514.4,2475.2,2492,159220
1560459600000,2488,2499.4,2456,2465,103547
1560718800000,2459.8,2478,2445,2455.8,142114
1560805200000,2475.8,2498,2455.4,2480.2,93549
1560891600000,2488.8,2500,2470,2470.2,83187
1560978000000,2490,2531.6,2472,2492.8,430923
1561064400000,2488.8,2488.8,2463,2468.4,100197
1561323600000,2483.8,2484.8,2448,2452.6,81125
1561410000000,2446.8,2459.2,2415,2424.6,112543
1561496400000,2399.8,2432.8,2382.4,2391.6,373854
1561582800000,2391.8,2416.2,2372,2410,210511
1561669200000,2435.2,2447.6,2378,2405.4,199955
1561928400000,2420,2499,2415.8,2482.4,274397
1562014800000,2482.8,2520,2452.4,2491.2,197217
1562101200000,2501.2,2520,2495.4,2505.4,152267
1562187600000,2499.6,2499.6,2480.2,2494.8,53001
1562274000000,2494.8,2499.8,2451,2481.4,118935
1562533200000,2488.6,2499,2458,2465,115601
1562619600000,2456.2,2479.8,2436.2,2478,121874
1562706000000,2493.4,2527.8,2490.6,2500.2,201316
1562792400000,2503.6,2524.6,2486,2495,121575
1562878800000,2509.2,2590,2507.4,2573,311453
1563138000000,2565,2574.2,2535.2,2546.4,195675
1563224400000,2538.2,2568.2,2517.2,2542.6,163969
1563310800000,2554.8,2560,2505.2,2509.2,123801
1563397200000,2499.2,2507.2,2480,2489.8,140177
1563483600000,2506,2554,2500.2,2518,169480
1563742800000,2491,2495,2470,2486,173900
1563829200000,2496,2509.8,2482.4,2482.8,95831
1563915600000,2497.2,2518,2482.6,2507,109924
1564002000000,2520,2547,2432.2,2461.6,524551
1564088400000,2456,2679,2420,2520,1641208
1564347600000,2436,2497.6,2390,2441,1637686
1564434000000,2486.6,2547,2466.4,2480.4,1275155
1564520400000,2481.4,2503.2,2455.2,2490,401672
1564606800000,2488.6,2567.2,2475.6,2550.6,412609
1564693200000,2489.8,2514.8,2450.2,2470,447656
1564952400000,2449.8,2449.8,2357,2369.6,538317
1565038800000,2381.4,2434,2374,2413,378898
1565125200000,2419,2440,2383,2428.8,273785
1565211600000,2417.2,2432,2406,2413.2,203905
1565298000000,2425,2425,2404,2405,116411
1565557200000,2410,2428,2398.2,2410,109632
1565643600000,2384.6,2446.8,2373.6,2428,301867
1565730000000,2440,2440,2365.8,2374,254862
1565816400000,2390,2395,2351,2365.4,225714
1565902800000,2374.8,2397,2351.2,2394,130462
1566162000000,2420,2454,2402,2424,329128
1566248400000,2437.6,2453.2,2420.2,2438.4,126157
1566334800000,2438,2443,2415.6,2421.2,165215
1566421200000,2412,2417,2385,2399,166178
1566507600000,2410,2423,2386,2391,164050
1566766800000,2379.8,2405,2361,2394.4,164348
1566853200000,2394,2437,2394,2429.8,158316
1566939600000,2431,2434.8,2410,2434,168444
1567026000000,2424,2444.8,2417.2,2441,276564
1567112400000,2443.4,2470,2443.4,2462.8,162217
1567371600000,2470,2485,2464.8,2469.8,51494
1567458000000,2473.6,2497,2446.2,2487,247856
1567544400000,2487,2498,2469.2,2487,134789
1567630800000,2500.4,2515,2463.6,2509.2,231841
1567717200000,2514,2519.6,2491.4,2503.6,144718
1567976400000,2507,2520,2464,2466,163373
1568062800000,2463.2,2474.8,2432.2,2450.2,213756
1568149200000,2456.4,2482.6,2453.2,2466.2,176921
1568235600000,2466.2,2474.8,2449.4,2457,133680
1568322000000,2457,2459,2434.4,2453,122068
1568581200000,2449,2449.8,2430,2447.6,166791
1568667600000,2440,2459.8,2435,2438.4,175816
1568754000000,2439.2,2452.2,2430.6,2432,297196
1568840400000,2419.8,2426,2398.2,2407.4,352686
1568926800000,2409.8,2413.8,2350.2,2350.2,577584
1569186000000,2343.8,2349.8,2305.2,2342.2,442244
1569272400000,2305,2344.8,2292,2301.4,437281
1569358800000,2308,2329.8,2281.6,2322.4,283444
1569445200000,2332,2355,2317,2319.6,255984
1569531600000,2323.8,2339.8,2308,2315.8,138508
1569790800000,2310,2311.8,2254,2263.4,372912
1569877200000,2271.4,2319.8,2271.4,2287,309065
1569963600000,2284,2294.8,2235,2250,254761
1570050000000,2234.2,2283.2,2207.6,2265,345903
1570136400000,2280.2,2288.8,2256.2,2274.4,236916
1570395600000,2270,2299.8,2264.8,2284.2,141878
1570482000000,2296.6,2304.8,2270,2295.2,164533
1570568400000,2305.4,2323.4,2303.8,2312,156160
1570654800000,2307.4,2330,2298,2327,226461
1570741200000,2314.8,2315,1852.4,1898,5984353
1571000400000,1935.8,2025,1901,1975.6,3695198
1571086800000,1970.2,2005,1965.6,1986.6,1297444
1571173200000,1975,1990,1943,1957.2,1096214
1571259600000,1949.6,1949.6,1903.4,1927,912882
1571346000000,1929.2,1978.8,1926,1934,784016
1571605200000,2043,2142.8,2030,2061,4624847
1571691600000,2093,2110,2050,2054.6,1282197
1571778000000,2054.6,2069,2032,2046.6,645769
1571864400000,2049.8,2092,2041.6,2090.2,1160874
1571950800000,2100,2158.6,2041,2064,2281301
1572210000000,2073.4,2149.2,2065,2118.4,1299592
1572296400000,2138.8,2152.8,2105.8,2134.4,901455
1572382800000,2142,2164.6,2134.4,2156,617236
1572469200000,2156,2164.8,2115,2125.8,689192
1572555600000,2141.8,2143.8,2125,2138,354492
1572901200000,2162.6,2178,2150.2,2171.4,601804
1572987600000,2178,2198.6,2176,2191,518024
1573074000000,2185,2198.8,2171,2187.8,413649
1573160400000,2176.8,2189,1962.4,2184.8,594011
1573419600000,2184.8,2191,2161.2,2179.6,357052
1573506000000,2183,2189,2168,2184,345968
1573592400000,2175,2182.6,2168,2173.8,287619
1573678800000,2180,2193,2172,2186.4,326460
1573765200000,2201.6,2269.8,2195.2,2267,1043115
1574024400000,2375,2540,2350,2525.2,4299962
1574110800000,2545.2,2545.4,2480,2510,1532269
1574197200000,2492.6,2524,2453,2514.4,679264
1574283600000,2538,2564.2,2515.2,2549,757387
1574370000000,2541,2569.8,2535,2566.2,462448
1574629200000,2570.4,2629,2560,2629,438635
1574715600000,2624.6,2662,2593,2635.8,489145
1574802000000,2648.8,2682,2640.2,2668,485951
1574888400000,2669,2676.6,2600.2,2624.6,524581
1574974800000,2624.6,2696.8,2606.4,2693,626398
1575234000000,2695,2728.8,2613,2620.6,975004
1575320400000,2631.2,2654.8,2582.4,2599,578816
1575406800000,2601,2642,2592.6,2607.4,318633
1575493200000,2603.8,2603.8,2555.6,2568.4,361210
1575579600000,2568.6,2595.8,2541.6,2570.4,279789
1575838800000,2575,2608.8,2560.2,2584,271020
1575925200000,2578.8,2593.4,2536,2588,269996
1576011600000,2577,2598,2571.4,2595,209314
1576098000000,2610.8,2649.8,2600,2628,294220
1576184400000,2636,2663,2605.2,2662.8,357034
1576443600000,2700.2,2718.8,2675.4,2690,569932
1576530000000,2676,2693.6,2644.2,2660,291791
1576616400000,2634.4,2654.8,2612,2625,352397
1576702800000,2617.2,2659,2615,2623.2,514688
1576789200000,2653,2693.8,2650.2,2680,486341
1577048400000,2680.4,2707.6,2675.2,2699.8,281956
1577134800000,2704.6,2711.8,2676.2,2688,158499
1577221200000,2688,2693,2672,2687,57922
1577307600000,2689,2718.6,2678,2713,176612
1577394000000,2713.4,2750,2710,2736,289417
1577653200000,2736,2740,2665,2697,248658
1577998800000,2712.8,2718,2677.4,2685,263537
1578258000000,2682.4,2682.4,2650.6,2672,226724
1578430800000,2663.8,2707,2636.2,2677,252558
1578517200000,2682.6,2737.2,2682.6,2728.4,306801
1578603600000,2728.4,2760,2700.2,2725,308145
1578862800000,2715,2729.8,2692,2703.4,331165
1578949200000,2719,2750,2683.8,2685,468539
1579035600000,2677,2708.4,2660,2690,416206
1579122000000,2678.8,2869.2,2673.2,2719.8,1471243
1579208400000,2730,2776.8,2726.2,2772.8,669449
1579467600000,2791,2827,2777,2800,339683
1579554000000,2800,2800,2762.6,2770,350435
1579640400000,2800,2800,2673.2,2790,757936
1579726800000,2790.8,2826.6,2740,2820.2,482676
1579813200000,2798,2818,2775.8,2798,367077
1580072400000,2780.2,2802,2735.2,2780,482636
1580158800000,2784.6,2813.8,2765.6,2799.8,357683
1580245200000,2812.4,2890,2812.4,2890,683094
1580331600000,2881.4,2905,2852.4,2888,344250
1580418000000,2910,2913,2865.4,2873.4,297476
1580677200000,2856.8,2899.6,2843.2,2880.6,271864
1580763600000,2912.4,2994.8,2907,2990,471235
1580850000000,3018.2,3081,2992.4,3008.2,695949
1580936400000,3029.4,3076,3003.4,3048.2,390042
1581022800000,3058.6,3140,3022.4,3103.8,482075
1581282000000,3103.8,3143,3065,3087.2,426521
1581368400000,3095,3131.2,3066.2,3085,340417
1581454800000,3084.6,3084.6,3033,3037.2,551284
1581541200000,3067,3097,3035.2,3087.4,516501
1581627600000,3120,3127.6,2950.8,3011,1996834
1581886800000,2980,2989.8,2935.4,2983.6,498766
1581973200000,2993,2993,2917.2,2937,591328
1582059600000,2918.6,2991.2,2912.6,2953,730102
1582146000000,2942.8,2996.4,2941.4,2988.4,739275
1582232400000,2970.2,2996,2910.6,2911.8,646552
1582578000000,2800,2869.8,2672.6,2681.8,2316706
1582664400000,2661.6,2704.8,2538.4,2690.8,2321091
1582750800000,2666,2744.4,2620.4,2678.2,1666401
1582837200000,2622,2686,2540.2,2659.8,1467113
1583096400000,2749.8,2762.8,2615.2,2721.4,1292874
1583182800000,2745,2784.8,2701.4,2723,972855
1583269200000,2680,2708.8,2632.6,2654.2,698834
1583355600000,2755,2755,2643.2,2728.2,911088
1583442000000,2700.8,2711.8,2556,2685,1007226
1583787600000,2509.2,2757.8,2500,2590,1513950
1583874000000,2616.8,2640,2520,2615,913216
1583960400000,2559.8,2560,2350,2460,1547961
1584046800000,2439.8,2620.6,2400,2470,1221529
1584306000000,2459.6,2459.6,2241.2,2370,1291268
1584392400000,2312.8,2438.8,2257,2425,1079881
1584478800000,2357,2400,2251,2318.8,1289880
1584565200000,2346.8,2464.4,2273.2,2434,1510071
1584651600000,2482.6,2593.4,2414,2455.2,1336561
1584910800000,2368.6,2494.4,2295,2299.8,1234866
1584997200000,2363,2489,2363,2459,1075475
1585083600000,2550,2595,2480.2,2555.8,1346702
1585170000000,2584,2640,2505,2610,1170937
1585256400000,2650,2668,2552.6,2597,800030
1585515600000,2577.2,2678.8,2577,2670.2,660170
1585602000000,2700,2749.4,2647,2714.4,815976
1585688400000,2652,2679.6,2591,2605.8,763626
1585774800000,2621,2650,2493.8,2550.8,1105528
1585861200000,2540.2,2584,2514.4,2520,917226
1586120400000,2566.4,2609,2536.2,2582,788118
1586206800000,2609,2695,2602.2,2668,912075
1586293200000,2622,2742.6,2600.2,2742.6,758477
1586379600000,2724.8,2755.8,2661.2,2697.2,1047151
1586466000000,2705.6,2705.6,2671.6,2701,263041
1586725200000,2659.6,2688,2623.2,2659,350747
1586811600000,2698.8,2782.4,2687.6,2755.6,910209
1586898000000,2718.6,2719.8,2584.4,2588.2,777641
1586984400000,2603,2680,2570.2,2637.8,709630
1587070800000,2659.6,2668.8,2620.2,2630.4,462419
1587330000000,2670,2746,2642,2736.4,867166
1587416400000,2681.6,2695.4,2601,2659.2,1020212
1587502800000,2651.6,2706.8,2631.2,2655,786098
1587589200000,2666,2677,2621.4,2640.6,506952
1587675600000,2634.4,2655,2606.6,2621,404824
1587934800000,2651.6,2715,2647,2715,793139
1588021200000,2730.2,2856.8,2716.4,2754.8,1304030
1588107600000,2807,2874,2775.4,2870,779540
1588194000000,2898,2924,2812.2,2850.8,746737
1588539600000,2809.8,2848.8,2776.8,2828.8,415030
1588626000000,2849,2876.8,2831,2842.2,353407
1588712400000,2849.2,2883.2,2830.2,2864,376937
1588798800000,2869,2918.8,2858,2910.2,430103
1588885200000,2979.2,2992,2933,2975.2,473580
1589230800000,2968.2,2979.8,2927,2977,282520
1589317200000,2959,2959,2890.4,2893.4,511932
1589403600000,2875,2883,2785.8,2821.8,559421
1589490000000,2856.8,2894,2795.8,2839.6,519556
1589749200000,2885.4,2947,2870.4,2945,481338
1589835600000,2975.2,2980,2923.6,2970,341141
1589922000000,2956.8,3000,2941,2964.6,511103
1590008400000,2942,2960,2895,2910.8,504666
1590094800000,2887.6,2938.8,2880.6,2905,337096
1590354000000,2914.2,2962,2908.2,2960.6,259047
1590440400000,2968.2,2992.8,2911.4,2913.2,554429
1590526800000,2905.8,2942.8,2817.2,2826,688788
1590613200000,2876.8,2916.8,2860.4,2888,623729
1590699600000,2865,2884,2811.6,2833.2,530841
1590958800000,2849.6,2869.8,2814.4,2846,636311
1591045200000,2845,2875,2821.2,2837.8,697387
1591131600000,2837.2,2879.6,2835,2867.6,667359
1591218000000,2856,2882,2837,2861.6,458687
1591304400000,2871,2911.8,2850,2884,425169
1591563600000,2896.6,2917.8,2866,2873.2,364302
1591650000000,2897,2905,2855,2902,336667
1591736400000,2896.2,2919.4,2867,2881.2,353145
1591822800000,2873,2879.8,2817.6,2850,477778
1592168400000,2836,2975,2820.4,2967.4,799897
1592254800000,2984.2,3062,2967.4,3009,918979
1592341200000,3024.8,3074,3010,3068.2,606921
1592427600000,3058.6,3115,3021.2,3108,741344
1592514000000,3108,3176.2,3107,3155,700753
1592773200000,3170.2,3270.8,3115,3254.2,760655
1592859600000,3240.4,3444.8,3240.4,3358.6,1724050
1593032400000,3432.2,3509.2,3383,3499,1294164
1593118800000,3476.2,3519.4,3417,3430,611209
1593378000000,3431.2,3483.2,3380.2,3467,560922
1593464400000,3467.6,3564.6,3423,3545.6,632234
1593637200000,3524,3588,3502,3548.6,439277
1593723600000,3560.4,3575,3513,3549.6,274349
1593982800000,3572.8,3710,3555.6,3639,612441
1594069200000,3643,3664.2,3572,3598.8,612278
1594155600000,3595.4,3636,3553,3581.8,572037
1594242000000,3590,3658,3575.4,3637.8,495768
1594328400000,3629.6,3684.8,3590.6,3633,502621
1594587600000,3637,3719.6,3635,3678,463290
1594674000000,3670.2,3789,3581.2,3772,733774
1594760400000,3762,3896.4,3762,3882.8,818255
1594846800000,3844.8,3882.8,3807,3824,502440
1594933200000,3824,3966,3824,3950,638346
1595192400000,3957,4029.4,3901,4029,587623
1595278800000,4015,4202,3921.2,3964,1031334
1595365200000,3965,4026.6,3910.6,4010,704547
1595451600000,4020,4069.6,3952.2,4002.8,577281
1595538000000,3982,4045,3931,4017.2,489641
1595797200000,4035,4155,4012,4123,534471
1595883600000,4194,4198.8,3971.8,4114.4,1297648
1595970000000,4131,4222,4121.6,4187.8,544793
1596056400000,4182.2,4196.8,4104.4,4191,548725
1596142800000,4213,4267.6,4180.2,4257,810848
1596402000000,4261.2,4328.8,4242.6,4288.6,546607
1596488400000,4304,4348.8,4280.2,4312,343978
1596574800000,4333.2,4355,4310,4340.2,508679
1596661200000,4335,4417.6,4330.2,4413.8,431272
1596747600000,4394,4443.6,4321,4360,565762
1597006800000,4381,4396,4173.8,4205,846701
1597093200000,4228.2,4329,4135.2,4185.8,1318614
1597179600000,4208.2,4330,4182,4288.8,1221420
1597266000000,4411,4554.2,4317.4,4366,3736375
1597352400000,4406.6,4459.8,4370.4,4389.6,2195788
1597611600000,4409.8,4534.6,4406,4500,2533222
1597698000000,4491.6,4548,4464.4,4503,1978565
1597784400000,4513,4624.4,4505.4,4620,1961791
1597870800000,4594.8,4760,4586,4700,2994516
1597957200000,4725,4823.8,4717.6,4772,2526075
1598216400000,4800,4920,4770.2,4913.4,2314473
1598302800000,4920,5078.2,4890.6,5055,2619632
1598389200000,5060.4,5135.8,4816.4,4973.6,3776836
1598475600000,4993.6,5022.8,4791,4842.8,2606600
1598562000000,4870.2,4928.2,4761,4845,2432083
1598821200000,4890.6,5165,4881,5089.4,22765694
1598907600000,5080,5177,4984.8,5033,3626441
1598994000000,5070,5118.2,4943,5070,2464483
1599080400000,5043,5106,4870,4917.8,2588571
1599166800000,4885.8,4993.8,4766,4885,2802034
1599426000000,4845,4997.8,4810,4975,1265262
1599512400000,4980.6,5035,4660.2,4670.2,3248592
1599598800000,4698.8,4759,4650,4743.4,1690403
1599685200000,4740,4775,4585,4597.8,1790522
1599771600000,4629.8,4692.2,4572.2,4662,1497601
1600030800000,4679.8,4760,4665.2,4730,1132684
1600117200000,4730,4836.8,4656,4685.8,1759953
1600203600000,4704.6,4719.6,4608,4637,901204
1600290000000,4606.8,4614,4483.4,4595,1640159
1600376400000,4581,4643.6,4552,4628,1016207
1600635600000,4627,4627,4488.2,4527.8,1003620
1600722000000,4534,4900,4490,4900,3099250
1600808400000,4980.8,5653.2,4941.6,5008.6,13061601
1600894800000,5016.6,5045.8,4763.4,4775,2952871
1600981200000,4800,4959.8,4710,4934,1843772
1601240400000,4958,5119.8,4941.8,5080,1759539
1601326800000,5071,5131,4940,5095,1483591
1601413200000,5078.4,5106.8,5022.4,5062,704854
1601499600000,5070,5108.6,4902,4928.8,1210075
1601586000000,4908,4988.6,4844.8,4907,1198526
1601845200000,4938,5010,4872.2,4980,816998
1601931600000,4992,4999.2,4833.4,4869,1010113
1602018000000,4891.8,4902.8,4740,4779.4,981494
1602104400000,4804,4816.6,4690.2,4714.6,905134
1602190800000,4732.2,4766,4620.8,4683,1094137
1602450000000,4697.8,4794,4685,4759.8,966086
1602536400000,4750.4,4855,4736.8,4838.8,1225081
1602622800000,4845.2,4885.4,4752,4772,869085
1602709200000,4755.4,4780,4677,4754.4,1013956
1602795600000,4754,4779.8,4503,4530,2240185
1603054800000,4551.8,4571.8,4427.2,4457,1426469
1603141200000,4465,4494,4311.4,4340,1494288
1603227600000,4352.8,4440,4263.6,4410.2,1858260
1603314000000,4400,4508.6,4373,4455,1490905
1603400400000,4441,4529.8,4435.2,4523.2,766444
1603659600000,4499.8,4540.6,4450.2,4504,624260
1603746000000,4499.8,4623,4475.6,4600.8,902131
1603832400000,4590,4637,4500,4586,1388665
1603918800000,4600,4655,4584.4,4637.2,995354
1604005200000,4597.6,4619.6,4515,4561,652276
1604264400000,4560,4685,4543.4,4589.2,844103
1604350800000,4602,4627.8,4536,4591,859047
1604523600000,4765.4,4867,4710.2,4854.8,1498229
1604610000000,4831.6,4934.4,4780,4927,1024455
1604869200000,4988.8,5077.8,4933.4,4985.4,1832408
1604955600000,4975,4986,4696,4696,1651647
1605042000000,4726.6,4813.6,4666.2,4724.8,1632429
1605128400000,4708.8,4775,4703,4718.8,596130
1605214800000,4748.8,4799.8,4732,4799,382387
1605474000000,4805.2,4839.8,4705.2,4735.2,691520
1605560400000,4738,4765,4632,4680,464650
1605646800000,4672,4750,4641.2,4691.2,504344
1605733200000,4696,4755,4678,4742.6,353099
1605819600000,4743.6,4792.8,4720,4745.6,335373
1606078800000,4750,4783,4680,4687.6,612109
1606165200000,4711,4966.6,4695.4,4935.8,1518449
1606251600000,4950.2,4960,4846,4946,837651
1606338000000,4940,5034.8,4915.8,4985.2,621382
1606424400000,5007,5170,4970.2,5115,989012
1606683600000,5099.8,5418.4,5065.2,5278,3552414
1606770000000,5308.2,5389.6,5240.4,5310.4,1217771
1606856400000,5309,5327.2,5180.2,5193.6,785412
1606942800000,5211.4,5245,5136.2,5166,524409
1607029200000,5185,5228,5055.4,5065.2,821852
1607288400000,5065.4,5113.2,4962.6,5002.2,733274
1607374800000,5009.6,5077.8,4952.6,5066.4,777145
1607461200000,5063.4,5230.8,5040,5094,970456
1607547600000,5119.6,5189.8,4990.6,5169.2,761494
1607634000000,5140.6,5194,5092.2,5124,494218
1607893200000,5161,5161,5010.2,5040,593283
1607979600000,5058.8,5109.4,5015,5050,385742
1608066000000,5076,5204.8,5050,5198,537219
1608152400000,5182,5283.6,5100.8,5145.4,927693
1608238800000,5161,5209,5080.2,5082,761583
1608498000000,5100,5139.8,4991.4,5004.4,875742
1608584400000,5009.8,5095,4982,5084,424981
1608670800000,5078,5149.8,5041.4,5113,351114
1608757200000,5137.8,5137.8,4990.4,5029,335422
1608843600000,5032,5049.8,5002,5039.8,91796
1609102800000,5041,5078.4,4986.2,5026.4,337393
1609189200000,5014,5065.2,4996,5020.4,342208
1609275600000,5021,5183.2,5006.4,5167,476427
1609707600000,5187.8,5235,5113,5185.2,574355
1609794000000,5184,5389.4,5141,5340.4,688431
1609880400000,5300,5338.8,5150,5188.8,807871
1610053200000,5230,5323.4,5220,5254.2,892390
1610312400000,5257.4,5303,5200.4,5214.2,797506
1610398800000,5222.2,5270,5100.2,5121.8,626670
1610485200000,5159.2,5198.6,5053,5079.8,555186
1610571600000,5098,5132.4,5006,5077.4,740656
1610658000000,5070,5128,4988.8,4998,796914
1610917200000,5002,5061,4990,5043.6,535641
1611003600000,5055.8,5069.8,4965.4,5008.8,647154
1611090000000,5019,5178,4985,5170,819821
1611176400000,5130.2,5167,5006.2,5069,1025025
1611262800000,5028.6,5098.8,5010,5015.8,577594
1611522000000,5039.8,5089,4860.4,4901.8,1249512
1611608400000,4941.8,4984,4884.6,4898.2,1028163
1611694800000,4909.2,4937,4775.4,4828.4,1030407
1611781200000,4824.8,4917,4800.4,4876.2,480171
1611867600000,4859.8,4879.2,4713.2,4760.6,809644
1612126800000,4786.4,4857.8,4728.6,4847.4,574355
1612213200000,4850.2,4999.8,4850.2,4997,846853
1612299600000,4984,5005,4901.6,4917.2,674477
1612386000000,4934.6,5018.6,4903.4,5016.6,686785
1612472400000,4990.2,5024.6,4913,4973.6,587103
1612731600000,5000,5075,4973.2,5060.4,556335
1612818000000,5061,5170,4995.2,5147.2,787381
1612904400000,5142.2,5349.6,5105,5306,1508981
1612990800000,5310,5394,5229.6,5361.6,912527
1613077200000,5374.6,5459.2,5265,5448,1041105
1613336400000,5460,5549.6,5404,5478,576526
1613422800000,5483.8,5517.2,5325.4,5348,1160743
1613509200000,5348,5362.8,5100.2,5187,1369364
1613595600000,5205,5207,5005.4,5007.8,1182812
1613682000000,5037.4,5142,4951.2,5005,1449994
1613768400000,5053.4,5067.6,5007,5064,201588
1613941200000,5024.4,5048.8,4902.2,4918,909137
1614114000000,4962.2,5032,4901.2,4928.2,1004427
1614200400000,4948,4975,4821,4857.4,907416
1614286800000,4851,4875.8,4762,4813.2,1439800
1614546000000,4860,5009.2,4820.2,5004.6,1091709
1614632400000,4962.2,5068.6,4960,5027,684763
1614718800000,5050.2,5133,4875,4890.2,1021828
1614805200000,4908,4953,4662.4,4718.2,1343391
1614891600000,4729.8,4819.8,4626.8,4722.8,1440442
1615237200000,4590,4769.2,4575,4707.6,1506835
1615323600000,4725,4831.2,4652.8,4692,1120762
1615410000000,4716,4898,4713.6,4889.8,941718
1615496400000,4858.8,4963.6,4816,4960.4,758281
1615755600000,4971,5063.8,4932,5039,1140434
1615842000000,5049.2,5177.8,4957,5161.8,1551924
1615928400000,5136,5150,4955,5037.6,1873547
1616014800000,5074.8,5120,4826.2,4858,1792693
1616101200000,4872,4954.8,4812.6,4880,1155613
1616360400000,4891,4954.6,4875,4891,539538
1616446800000,4890.6,4953.6,4853.8,4906,670149
1616533200000,4909.2,4977.2,4825,4850,845688
1616619600000,4855,4878.8,4683,4741,1120384
1616706000000,4765,4833.8,4700.2,4785,799219
1616965200000,4784.8,4835,4735,4830,620506
1617051600000,4813.4,4818.6,4721,4788,715666
1617138000000,4807,4915,4725,4859,1119814
1617224400000,4886,4962.8,4868,4949.2,833318
1617310800000,4960,4960,4890,4935,294626
1617570000000,4935.2,4958.4,4884,4940,409412
1617656400000,4934.6,4991.6,4917.8,4961.8,692228
1617742800000,4962.4,4979.8,4822,4845.2,667099
1617829200000,4872.4,4958,4850,4888,701153
1617915600000,4885,4891.4,4794,4813,469505
1618174800000,4806,4907,4777.2,4854.8,627584
1618261200000,4865,4882,4510,4600,3818047
1618347600000,4631.6,4721.4,4576.2,4661,2830020
1618434000000,4635,4697.4,4617,4677.8,990278
1618520400000,4682.2,4697,4650.6,4690,554047
1618779600000,4695,4743.4,4650,4663.8,953981
1618866000000,4679.4,4707,4621,4665.6,797700
1618952400000,4679,4679,4631.4,4648,423735
1619038800000,4642,4687,4590,4605,851860
1619125200000,4624.8,4624.8,4521.4,4570.2,831848
1619384400000,4570.2,4721,4558.8,4703.6,1112764
1619470800000,4707,4776,4671,4732,994400
1619557200000,4732,4857.8,4676.2,4834.8,2010016
1619643600000,4851,5054.8,4834,5040,1771635
1619730000000,5026.8,5048,4887.2,4934.8,1319086
1620075600000,4913.8,4948,4742,4802.2,989899
1620162000000,4827.2,4924.8,4815.2,4864.4,698851
1620248400000,4848.8,4909,4751.2,4828.6,771877
1620334800000,4840,4859,4785,4831.6,515195
1620594000000,4824,4836.8,4690,4702.8,679641
1620680400000,4677,4698,4570.8,4678,1205126
1620766800000,4678,4731.4,4581.4,4601,964744
1620853200000,4600,4659.8,4574,4638.4,837167
1620939600000,4650,4699.2,4615.6,4687,504116
1621198800000,4686,4706.6,4609.2,4704.2,537816
1621285200000,4730,4814.6,4700,4740,969067
1621371600000,4759.8,4759.8,4653,4741.6,595523
1621458000000,4745.2,4762,4666,4750.8,549432
1621544400000,4740.2,4796.6,4692,4767.2,636091
1621803600000,4790,4900,4741.2,4891.8,785791
1621890000000,4890,4928.8,4881.2,4897.8,489860
1621976400000,4905.4,5005,4898.4,4995.4,728714
1622062800000,4995.4,5020,4930,4962.2,1124314
1622149200000,4980.8,5012.6,4920.2,4945,363853
1622408400000,4977,4998.8,4916.2,4942,231560
1622494800000,4954,5030,4890,4933,581864
1622581200000,4933,4988,4895,4948,680113
1622667600000,4975,4994,4886.6,4901.8,454193
1622754000000,4919,4935.4,4861.2,4923.4,534923
1623013200000,4924,4928.2,4865,4911.4,322087
1623099600000,4922.4,4935.2,4871.8,4889.6,429527
1623186000000,4892,5020,4865.2,4973,843314
1623272400000,4972.8,5025,4930,5005.8,510647
1623358800000,5020,5093.2,4975.6,5056.8,871887
1623618000000,5070.2,5096.4,5037.2,5090,214827
1623704400000,5089,5089,4910.2,4925,559259
1623790800000,4932.8,4993,4899,4962.8,534851
1623877200000,4950.4,5063,4928.2,5041.4,642804
1623963600000,5020.2,5110,4951.6,5047,868599
1624222800000,5047.4,5123,5002,5008.4,492244
1624309200000,5008.4,5036,4982,5007,367401
1624395600000,5008.8,5046.4,4985,5040,320099
1624482000000,5050.6,5070,5007,5033,375934
1624568400000,5050,5103,5020.6,5088,363605
1624827600000,5088,5155,5064,5099.8,337756
1624914000000,5100,5119.8,5027,5084.6,486823
1625000400000,5071,5199,5071,5176.6,861121
1625086800000,5180,5199,5089.4,5168.6,380958
1625173200000,5140.6,5229.8,5127.6,5216,339356
1625432400000,5239,5239,5191.2,5212.4,192214
1625518800000,5205,5262.4,5163,5247.4,476785
1625605200000,5248,5410,5235.6,5341.4,1001912
1625691600000,5340,5379.8,5216,5354.2,619525
1625778000000,5371,5371,5151,5235.8,625379
1626037200000,5250.2,5296.8,5208.8,5281,349942
1626123600000,5275,5298,5206.2,5256.8,374360
1626210000000,5240.2,5278.8,5172.2,5177.8,382862
1626296400000,5176.8,5238.8,5140,5188,313636
1626382800000,5188,5235,5137.8,5150,345083
1626642000000,5150,5179,5059.8,5109,545847
1626728400000,5122.4,5127.6,5045.2,5095.4,332920
1626814800000,5100,5165,5075.4,5151.2,260068
1626901200000,5160,5198.8,5112,5165.8,381263
1626987600000,5180,5198.8,5115,5196.4,304414
1627246800000,5185.8,5237,5130,5155.2,669645
1627333200000,5155,5177.2,4975.4,5035.2,740148
1627419600000,5000.2,5137.4,5000.2,5076.8,695681
1627506000000,5076,5095.8,5005,5034.6,505883
1627592400000,5008.4,5026,4905,4970.4,955247
1627851600000,4994,5007.6,4928,4938,353811
1627938000000,4951,4972,4910.2,4934,445189
1628024400000,4945.4,5019.8,4910,4989.6,479603
1628110800000,4992.4,5032.2,4960.2,4995,377016
1628197200000,4994.2,5025.2,4920,4971.2,393787
1628456400000,4971.2,5007,4936,4971,268762
1628542800000,4986.4,4994,4930.8,4966.2,276418
1628629200000,4966.4,5065,4945,5036.4,453412
1628715600000,5025.2,5068.6,4971,4984.4,370181
1628802000000,4984.8,5000.4,4935,4975,214780
1629061200000,4971,5093.4,4960,5093,582134
1629147600000,5060,5139.8,5060,5065.2,538028
1629234000000,5098.6,5127,5052.4,5055.2,295033
1629320400000,5054,5115,4994.2,5065.6,506131
1629406800000,5065.6,5113.8,5016,5061,287274
1629666000000,5094.4,5124.8,5047,5104,304458
1629752400000,5110.4,5159.2,5061.2,5159,372508
1629838800000,5150,5155.4,5106,5129.6,248440
1629925200000,5129.6,5233.8,5091,5219,399220
1630011600000,5216,5326.8,5180,5308,594225
1630270800000,5308.2,5405,5290,5352.4,570611
1630357200000,5385.8,5647,5378,5615,1521178
1630443600000,5621.2,5767.4,5565,5699.6,1062735
1630530000000,5725,5773,5629.6,5636.4,710448
1630616400000,5649.8,5738.2,5592,5732.6,525485
1630875600000,5740,5860,5726.6,5804,382781
1630962000000,5810,5828.6,5689,5690.8,618954
1631048400000,5685,5759.8,5647.4,5712.6,543559
1631134800000,5701.4,5766,5642,5735,411474
1631221200000,5746,5896,5707.8,5868.4,450412
1631480400000,5906.6,5948,5817,5939.2,517425
1631566800000,5942,5988.6,5872,5973,533973
1631653200000,5962,5990.4,5861.8,5892,504504
1631739600000,5892,5986.4,5866.4,5872,659653
1631826000000,5884,5924.8,5825.6,5828.4,543404
1632085200000,5826.8,5877,5767,5785,494746
1632171600000,5808,5839,5726,5771.8,379837
1632258000000,5780.2,5796.6,5722,5755,382832
1632344400000,5755,5890,5735,5885,354544
1632430800000,5890,5890,5786,5850.4,272784
1632690000000,5858,5980,5831.4,5949.2,694576
1632776400000,5950,5964.8,5750.2,5788,509468
1632862800000,5799.8,5880,5741,5762.4,351702
1632949200000,5769.6,5849,5731,5804.6,501154
1633035600000,5774,5843.8,5745.2,5766.4,334116
1633294800000,5764.8,5774.6,5433.4,5504,937337
1633381200000,5470,5639.6,5464.2,5594.2,932264
1633467600000,5590,5699,5500,5694.2,765041
1633554000000,5698.2,5767.8,5649.8,5705.2,756523
1633640400000,5700.4,5729.6,5639.2,5701.6,498066
1633899600000,5702.2,5736.8,5587.6,5622.2,446336
1633986000000,5600,5653.6,5545,5549,491846
1634072400000,5560,5629,5524.6,5553.8,483994
1634158800000,5597,5619,5492.2,5518,578237
1634245200000,5549.6,5549.6,5400.2,5427.2,591160
1634504400000,5403.4,5489.2,5382,5488.8,349721
1634590800000,5495,5540,5431,5480,498587
1634677200000,5491,5526,5405.2,5420.2,414093
1634763600000,5416,5449,5370,5390,364879
1634850000000,5385,5434.8,5308.6,5325.8,445067
1635109200000,5340,5422,5319,5383,429565
1635195600000,5415.6,5432,5283.8,5309.6,441077
1635282000000,5315,5628.6,5241.4,5573.8,1334333
1635368400000,5557.8,5872.4,5542,5823,1469124
1635454800000,5808,5913.6,5742,5879.2,1104152
1635714000000,5860.8,5947.4,5767,5890,575554
1635800400000,5897,5974,5866.2,5942.4,434453
1635886800000,5940,6046.6,5880.2,6027,552132
1636059600000,6028,6145,5964.2,6120,794837
1636318800000,6148,6217,6080,6161,626072
1636405200000,6135,6188,5981.2,5990.4,475170
1636491600000,5990.6,6057,5847,5857.8,554647
1636578000000,5880.2,6024.8,5843.2,5966.6,457512
1636664400000,5975,6023.8,5835.6,5970.2,870729
1636923600000,5970.2,6045.6,5894,5928.4,498501
1637010000000,5927,5962,5875.8,5936.4,391610
1637096400000,5931.2,5957.6,5870.2,5931.6,317222
1637182800000,5925,5995.8,5894.4,5993.8,323150
1637269200000,5999.8,6150,5916,5968.8,668262
1637528400000,6000,6048.6,5339.8,5450,2337141
1637614800000,5430,5659.8,5372,5571,1534645
1637701200000,5594,5640,5435,5542.2,1007377
1637787600000,5561.2,5639.8,5526.2,5552.8,339374
1637874000000,5416.2,5530.2,5316.2,5380,1250402
1638133200000,5395,5529,5333,5407,1150658
1638219600000,5353,5510,5261.2,5359.4,1632649
1638306000000,5412,5458.6,5330,5330.8,617156
1638392400000,5338.4,5412.6,5185,5255,955367
1638478800000,5260,5283,5073,5100.6,880159
1638738000000,5100.6,5169,4905,5068,820384
1638824400000,5080.2,5178,4983.2,4992,978824
1638910800000,5016,5071.2,4775,4932.2,1047131
1638997200000,4934,5013.2,4825,4853.6,897648
1639083600000,4859,4887,4650,4664,1103345
1639342800000,4674.4,4728.8,4505,4560,1414531
1639429200000,4560,4675,4237.2,4586.4,1153010
1639515600000,4587.4,4619,4462,4511.6,826881
1639602000000,4526,4810.4,4505.6,4609.6,1817894
1639688400000,4610,4700.6,4541,4630.2,1105994
1639947600000,4599.8,4649.4,4471.2,4474.8,772841
1640034000000,4490,4603.6,4480.4,4578.8,630011
1640120400000,4621,4650.2,4488,4488.4,916730
1640206800000,4500,4539.6,4366,4410.6,801733
1640293200000,4426.4,4449,4325.8,4424.8,553626
1640552400000,4427,4500,4427,4467.8,597509
1640638800000,4471,4535,4457.6,4482,698082
1640725200000,4482,4528.6,4380,4418.8,887137
1640811600000,4426.6,4584.6,4409.6,4569.4,755800
1641157200000,4569.4,4631.8,4503.2,4515.2,848838
1641243600000,4525.8,4577,4413,4479.8,906794
1641330000000,4477,4477,4270,4275,990787
1641416400000,4269.6,4374.2,4206.2,4226.6,1178007
1641762000000,4194,4262.4,4061.4,4196.4,1492461
1641848400000,4217.2,4398.6,4177.8,4338.2,1677360
1641934800000,4343,4464.8,4330,4393.2,1487576
1642021200000,4393.2,4450,4150,4168,1979099
1642107600000,4153,4250,3726,3938.6,3328695
1642366800000,3952,4088.8,3875,4075.6,1906507
1642453200000,4076,4115.6,3739,3769,2665772
1642539600000,3769,3968.6,3570,3701.8,3633933
1642626000000,3701.8,3860,3665,3669.2,2676169
1642712400000,3650,3748.2,3475.2,3490,2985092
1642971600000,3491.8,3550,3094.8,3345,4852822
1643058000000,3330,3477,3225,3409.2,3462606
1643144400000,3427,3563.8,3314.4,3364.8,3250161
1643230800000,3315,3595,3276,3405.2,4035349
1643317200000,3420.8,3525,3371.6,3448.4,3395469
1643576400000,3488,3718.2,3456,3717.6,2663507
1643662800000,3715,3944.8,3662.8,3724,3345854
1643749200000,3749,3840,3640,3675,2710952
1643835600000,3630,3635.6,3483.4,3517,2415339
1643922000000,3575,3644,3460.6,3502.4,2121419
1644181200000,3511.4,3550,3422.8,3468,1247485
1644267600000,3478,3625.8,3452.8,3624.2,1924606
1644354000000,3640.2,3777,3633.6,3763,2115989
1644440400000,3763,3900.2,3651.8,3805,2899988
1644526800000,3768.2,3828,3400,3429.8,3930122
1644786000000,3428.2,3540,3306.8,3471.4,4797695
1644872400000,3518.8,3992.8,3497.4,3953.2,7829268
1644958800000,3981,4184.4,3893,4044.8,5894408
1645045200000,4044.8,4044.8,3737.2,3772.6,4475828
1645131600000,3800,3880,3457,3475.4,5001200
1645390800000,3470,3648.8,2845,3065.8,10652702
1645477200000,3026.8,3409.8,2900,3154.8,10242769
1645650000000,2954,2954,1700,1990,9015219
1645736400000,1949.8,2385,1900,1931.2,5757694
1648501200000,2010,2173,1932,2020,2592384
1648587600000,2100,2250,2025,2154,1778096
1648674000000,2233,2290,2155,2259,1683816
1648760400000,2299.4,2460,2280,2325,2145260
1649019600000,2370,2420,2201,2285,1775610
1649106000000,2295.4,2340,2020,2158.4,1725243
1649192400000,2109,2145,2025,2070.8,1398633
1649278800000,2071,2246.2,2071,2130,1409056
1649365200000,2173.8,2188.6,2075,2115,626344
1649624400000,2120,2160,2071,2097,429678
1649710800000,2097,2115,1980.8,2074,472507
1649797200000,2088,2115,2050,2088,244637
1649883600000,2088,2099.2,1943,1945.2,511340
1649970000000,1955.4,1996,1900.2,1979.6,343213
1650229200000,1998,2019.2,1871.2,1880.2,419970
1650315600000,1885.2,1910.6,1732.2,1857.6,784348
1650402000000,1867,1890,1782.4,1789.8,781642
1650488400000,1794.6,1808.6,1642.8,1646,970849
1650574800000,1670,1695,1532,1692,1136197
1650834000000,1692,1698,1520,1520.8,818754
1650920400000,1520.8,1628,1500,1600.8,981415
1651006800000,1620,1770,1587,1748.6,915372
1651093200000,1767,1928.6,1717,1721,1226293
1651179600000,1735,1817.6,1734.2,1766.6,395085
1651611600000,1792.2,1813.6,1684.2,1699,368603
1651698000000,1719,1751.8,1703,1734.4,187668
1651784400000,1734,1734,1655,1688,200402
1652216400000,1688,1728.6,1634,1677.4,255646
1652302800000,1694.8,1694.8,1543.6,1594,259926
1652389200000,1604.6,1624.6,1574.2,1593,121145
1652648400000,1618,1679,1562,1638.2,266037
1652734800000,1653,1707,1649.8,1701,204920
1652821200000,1707.8,1795,1701.8,1715.8,321629
1652907600000,1700,1713,1640,1705,203895
1652994000000,1722,1733.4,1600,1646,261098
1653253200000,1636,1673.8,1570.6,1592.8,199405
1653339600000,1592,1629,1530.2,1590,197074
1653426000000,1594,1636,1572,1608,187766
1653512400000,1618,1708.6,1608,1670,461177
1653598800000,1700,1705,1630,1644,221086
1653858000000,1654,1663,1592.2,1597.6,214285
1653944400000,1591,1602,1550.4,1567.8,151996
1654030800000,1566.8,1623,1559,1586,226672
1654117200000,1590.8,1607.6,1564.6,1592,204052
1654203600000,1593,1620,1366.4,1497,1367308
1654462800000,1513,1525.6,1385,1399.8,904102
1654549200000,1397.8,1442.6,1333,1438,760606
1654635600000,1470,1495,1441.4,1456.2,370122
1654722000000,1456.6,1461.2,1382,1401.4,379496
1654808400000,1390,1470,1350,1400.8,492966
1655154000000,1360,1429.2,1360,1386,324922
1655240400000,1398.6,1407.8,1380.2,1390,239641
1655326800000,1404,1457,1390,1456.2,474175
1655413200000,1472,1511.4,1433.4,1465,454570
1655672400000,1468,1566,1467.8,1560.8,570138
1655758800000,1574.8,1629,1531.2,1533.8,592516
1655845200000,1525,1600,1500.4,1600,331678
1655931600000,1604.6,1669,1581,1662,460814
1656018000000,1665,1680,1610.4,1645,246009
1656277200000,1660,1779,1645.2,1779,523233
1656363600000,1781,1781.2,1731.2,1750,396257
1656450000000,1748.8,1748.8,1666.2,1712,310178
1656536400000,1710,1730,1565.8,1603.8,489999
1656622800000,1595.2,1627,1552,1596,215291
1656882000000,1604.6,1688,1571.8,1660,317034
1656968400000,1680,1742,1660,1701.4,358305
1657054800000,1720.6,1748,1634.8,1655,400939
1657141200000,1660,1729,1660,1711,418758
1657227600000,1729,1739.4,1685.4,1704,262131
1657486800000,1706,1740,1660,1678,360338
1657573200000,1678,1680.6,1595,1660.6,409971
1657659600000,1660.6,1688.8,1586,1600,239329
1657746000000,1618,1669,1572,1613.6,304541
1657832400000,1625.6,1642,1602.6,1638.6,225785
1658091600000,1650,1719.6,1645,1696,436685
1658178000000,1698,1705.8,1645,1672.4,314098
1658264400000,1680,1748,1670.4,1715.4,439310
1658350800000,1720.4,1733.8,1658.6,1701,216728
1658437200000,1708,1804,1706.2,1800,607010
1658696400000,1827,1978.8,1810,1973,1206214
1658782800000,1994,2170,1975.2,2136,2864855
1658869200000,2149,2150,2020,2072,1813672
1658955600000,2096,2109,2038,2063,570958
1659042000000,2055,2078,1950,1952,1288329
1659301200000,1948,1973,1852.2,1926.2,981252
1659387600000,1923,1948,1860.2,1891.2,643452
1659474000000,1898,1986.2,1895,1956,710250
1659560400000,1985,2032,1975,2000,707565
1659646800000,2032,2032,1811.2,1837,1360391
1659906000000,1984,1985.6,1893,1933,921073
1659992400000,1933,1949,1887.6,1944.4,429517
1660078800000,1944.6,1989,1930.2,1971.8,393812
1660165200000,1980,2014.4,1901,1915.6,571316
1660251600000,1915.6,1948.8,1888.8,1903,509677
1660510800000,1908,1933,1872.2,1904,350686
1660597200000,1917.8,1940.8,1901,1935,226933
1660683600000,1940,1979.2,1930.2,1958,317210
1660770000000,1960,1975,1943,1966,208422
1660856400000,1964,1965,1920,1936.6,191728
1661115600000,1936.6,2022,1920.4,2006,578816
1661202000000,2011,2089,2011,2082.2,757782
1661288400000,2095,2123,2070,2085.2,536350
1661374800000,2087,2120,2085,2118.8,425445
1661461200000,2119.4,2130,2089.4,2100,310171
1661720400000,2100,2112,2081.8,2105,282672
1661806800000,2108,2205,2096,2190,1022110
1661893200000,2198,2236,2111.2,2170.6,695211
1661979600000,2184,2195.4,2150.4,2178,301049
1662066000000,2177.2,2180,2116,2150,424207
1662325200000,2158,2160,2121.6,2155,211323
1662411600000,2156,2183,2007.2,2070,856700
1662498000000,2071,2105.6,2034,2076,386744
1662584400000,2076,2095,2036,2064,304247
1662670800000,2071,2095,2042,2093,243668
1662930000000,2089.8,2181.6,2078,2148.6,798459
1663016400000,2160,2206.6,2142.4,2191.4,787671
1663102800000,2193.2,2193.2,2109.4,2167.4,522539
1663189200000,2166.2,2195,2151.2,2177.6,421394
1663275600000,2184.8,2238,2175,2206,781491
1663534800000,2206.2,2250,2198,2230,513652
1663621200000,2240,2254,1890,2010,3599016
1663707600000,1782.2,1978,1688.6,1899.4,2225489
1663794000000,1902.6,1969.8,1892.4,1916.8,978679
1663880400000,1923,1923,1750,1791.8,1516590
1664139600000,1750.2,1762,1505,1543,2238228
1664226000000,1575,1715,1575,1713.2,1712346
1664312400000,1713.2,1796,1669.2,1780,1812317
1664398800000,1802.4,1880,1756,1840.6,1822177
1664485200000,1840,1940,1801.2,1877.6,2257323
1664744400000,1878,1959.6,1868,1959,937157
1664830800000,1968,2004,1901,1985,1245778
1664917200000,1987,2059.4,1940.4,2029.8,1990459
1665003600000,2043.8,2056,1977,2004.4,893389
1665090000000,1993,1995.4,1913,1930.2,932727
1665349200000,1810,1999.8,1810,1998,1428331
1665435600000,2003,2037.8,1986,2006.6,849345
1665522000000,2019.8,2058.8,1986,2044,837645
1665608400000,2044.2,2089,2005.6,2032,1076773
1665694800000,2039,2052,1967.2,1991,867570
1665954000000,2001,2024.6,1983.6,2022.2,475370
1666040400000,2034.4,2045,1953.4,1968,610814
1666126800000,1968,1995,1871.6,1927.4,1427441
1666213200000,1935,1955.2,1907,1928.8,540145
1666299600000,1929,1982.4,1910.8,1976,446820
1666558800000,1982,2012,1950.8,1973.4,353623
1666645200000,1976,2026.8,1957,2020.2,471861
1666731600000,2030,2036.8,1984.8,2008,463943
1666818000000,2018.2,2038.6,2002.6,2021,415438
1666904400000,2011.4,2026.8,1962.8,2021.8,473013
1667163600000,2030,2109,2025,2109,804929
1667250000000,2119,2160,2097,2157,749909
1667336400000,2160,2165,2055,2110,575115
1667422800000,2110,2134,2080,2119,805076
1667768400000,2146,2162,2130,2151.6,576834
1667854800000,2155,2165,2111.2,2127.6,343975
1667941200000,2130,2130,2035.4,2060.4,607685
1668027600000,2060.4,2129,2040,2111.6,492253
1668114000000,2119.8,2139.6,2111.8,2122.2,328600
1668373200000,2122.2,2150,2102.6,2132.4,318113
1668459600000,2140,2184,1950,2071.6,1055816
1668546000000,2089,2124,2066,2114.2,327224
1668632400000,2120,2128.6,2081.2,2097.8,185221
1668718800000,2097,2110.4,2065,2098.2,232001
1668978000000,2091,2102.4,2038,2068,378460
1669064400000,2067.6,2095.2,2050,2083.8,202485
1669150800000,2092.8,2159.4,2061,2135,669573
1669237200000,2151,2154.6,2108.4,2130,346231
1669323600000,2120,2153,2006,2020.4,1925083
1669582800000,1995,1995.6,1885.8,1914.2,2250752
1669669200000,1918.8,1992,1916.4,1986.2,1184421
1669755600000,1988,2014.6,1954.8,1996.6,763500
1669842000000,2000,2003.6,1960,1980.2,412844
1669928400000,1980.2,1980.2,1957.2,1971.2,268377
1670187600000,1963.2,2004.4,1963.2,1985.8,601596
1670274000000,1988,2000,1961.6,1989.4,367307
1670360400000,1989.4,1989.8,1962,1976.4,218528
1670446800000,1976.6,1984.8,1940.8,1958.4,312451
1670533200000,1950.2,1963,1933,1949.4,193634
1670792400000,1950.8,1959.6,1910,1921.8,279448
1670878800000,1926,1927,1881,1899.2,489645
1670965200000,1900,1900,1826.4,1851,749290
1671051600000,1850,1883,1823.6,1849.6,567675
1671138000000,1854.8,1862.2,1830.8,1836.4,255838
1671397200000,1830,1834.8,1762.4,1768.8,583812
1671483600000,1764.6,1845,1764.6,1842,509995
1671570000000,1856,1878,1791.2,1833.8,522598
1671656400000,1836.4,1865,1810,1847,425059
1671742800000,1847,1847,1811,1821.2,401515
1672002000000,1826,1829.8,1793,1811.4,393801
1672088400000,1817.2,1849.6,1797.2,1834,356239
1672174800000,1822.8,1846,1811,1815.8,349565
1672261200000,1816.6,1828.2,1806.2,1819.6,233791
1672347600000,1812.2,1823,1791,1817.8,370916
1672693200000,1817,1839,1805.8,1832,210144
1672779600000,1832,1877,1827.2,1867,221874
1672866000000,1871,1886.8,1841.2,1855.4,156867
1672952400000,1856,1864.4,1845,1850.4,74726
1673211600000,1855.8,1874.2,1850,1866.8,216523
1673298000000,1869.8,1873.8,1855,1870,195539
1673384400000,1874.8,1909.6,1873,1909,307074
1673470800000,1909,1914.8,1886.8,1897.8,203032
1673557200000,1900,1914.6,1883.4,1912,208336
1673816400000,1925.6,1955,1923,1953.8,314693
1673902800000,1959,1959,1869.8,1889.6,533198
1673989200000,1889,1931.8,1872.8,1906.6,408580
1674075600000,1910,1914,1873.2,1882.4,196325
1674162000000,1877.8,1913.8,1871.2,1904.8,308450
1674421200000,1910,1948,1903.2,1945,338795
1674507600000,1949.6,1959.8,1912.2,1919.8,422884
1674594000000,1920.2,1927.6,1897.2,1914.8,237593
1674680400000,1910,1924.8,1885,1902.8,250598
1674766800000,1900,1916,1897.6,1912,154610
1675026000000,1912,1938.6,1912,1934,188918
1675112400000,1938.6,2047.4,1934,2047.2,1186594
1675198800000,2050,2128,2036.2,2088,1733264
1675285200000,2099.8,2102.6,2055,2075,420353
1675371600000,2074.8,2074.8,2025,2055.8,538459
1675630800000,2070,2108,2070,2094.6,764671
1675717200000,2090,2104.2,2061,2076.6,442888
1675803600000,2080.6,2080.6,2036,2060.2,421576
1675890000000,2057.2,2058.6,2032,2040.4,246706
1675976400000,2046.2,2065.2,2032.8,2060.8,322535
1676235600000,2071,2092.4,2057.8,2065.2,399731
1676322000000,2064.8,2065,1994,2028.6,796126
1676408400000,2030.2,2048,1921.6,1969.2,1837212
1676494800000,1980,2023,1958,1976.4,626499
1676581200000,1975,1987.8,1956,1971,332342
1676840400000,1963,1968,1913,1958,449058
1676926800000,1970,2034.8,1960,1993.8,821232
1677013200000,1998.6,1999.6,1969.8,1980.4,242292
1677186000000,1986.4,1998.2,1980.4,1986.6,144989
1677445200000,1948,2025,1930.2,2007.4,669644
1677531600000,2015,2036,2010,2015,353995
1677618000000,2016,2040,2015,2033.8,343545
1677704400000,2037.8,2037.8,1955.2,1970.8,1220606
1677790800000,1970.4,1991.2,1932.4,1984.2,355874
1678050000000,1996,1999.2,1964,1973,591453
1678136400000,1974.8,1978.6,1956.2,1961.8,338370
1678309200000,1962,1970.4,1935.4,1942,465674
1678395600000,1933.8,1940,1911,1917,481031
1678654800000,1919.4,1939.6,1880.4,1907.4,680349
1678741200000,1912.2,1913.8,1886,1901.2,384094
1678827600000,1906.8,1910.8,1860,1864.2,544153
1678914000000,1855,1882,1812,1851,1265769
1679000400000,1859.8,1899.2,1847.2,1898,674292
1679259600000,1900,1915,1881,1910,666187
1679346000000,1915,1920,1866,1887.6,464576
1679432400000,1885,1903.4,1866.6,1887.8,368753
1679518800000,1886.2,1907.6,1885.2,1902,264221
1679605200000,1905,1909,1880,1886.4,183604
1679864400000,1888.4,1920,1888.4,1919.6,370705
1679950800000,1923.6,1947,1920.8,1929.6,353808
1680037200000,1932.4,1936.8,1907,1919.6,271669
1680123600000,1919.6,1926.4,1911,1917.4,230387
1680210000000,1924,1924,1888.4,1901.6,304841
1680469200000,1910.6,1919,1902.6,1913,225470
1680555600000,1917,1925,1896.4,1905,345785
1680642000000,1905.8,1909,1892,1907.2,201797
1680728400000,1907.2,1934,1906.2,1912.8,422190
1680814800000,1917,1925,1910.4,1919.8,196362
1681074000000,1925,1998.2,1922.2,1993,1386407
1681160400000,1998,2019,1927.8,1952.2,1083195
1681246800000,1962,1969.8,1935.2,1953.6,309953
1681333200000,1959.4,1966.8,1942,1954,243763
1681419600000,1957,1959.6,1940,1945,178518
1681678800000,1955,1980,1948,1964.8,334702
1681765200000,1970,1985,1953,1981.4,422957
1681851600000,1987,2028.2,1962,1989.6,1006720
1681938000000,1996.2,2100,1963.2,2098.6,1934934
1682024400000,2106.6,2128.6,2062,2086.8,1233355
1682283600000,2087,2108.2,2065.8,2080,506596
1682370000000,2087.4,2088.2,2044,2059.4,408505
1682456400000,2063,2125,2059.6,2113,1088288
1682542800000,2123.2,2159,2082,2101.6,1693389
1682629200000,2102,2108,2050.2,2070.6,626663
1682974800000,2075,2099,1980,2015,1006835
1683061200000,2028.6,2028.6,1922.2,1930.4,1079240
1683147600000,1935,1992.4,1930.2,1979.6,712315
1683234000000,1979.4,1988.2,1946.2,1948,426605
1683493200000,1949,1969,1930.4,1943,166172
1683666000000,1956,2012,1945.8,2008.8,657348
1683752400000,2030,2052,1961,2007.2,1236556
1683838800000,2000,2017,1991,2012,355081
1684098000000,2020,2050,2013.2,2049.6,414173
1684184400000,2056.6,2063.6,2022,2045.6,370194
1684270800000,2047.4,2077.8,2028,2058,453021
1684357200000,2064,2072.8,2026,2032.8,443683
1684443600000,2033,2285.4,2020,2223.2,6557118
1684702800000,2300,2371.4,2235,2300,3773233
1684789200000,2318,2330,2212.2,2242.8,1426676
1684875600000,2244,2256.4,2172.2,2220,1036457
1684962000000,2222,2350,2165.6,2350,3408528
1685048400000,2356,2357.6,2294.2,2322,1093150
1685307600000,2335,2410,2295.6,2390,1489054
1685394000000,2315,2385,2263,2303.6,1703701
1685480400000,2299.6,2353,2244.2,2324.2,1037156
1685566800000,2328.2,2356,2294.8,2313.4,659179
1685653200000,2324.8,2348,2292.2,2343.6,557313
1685912400000,2340,2383.2,2282,2305.8,929861
1685998800000,2290,2334.6,2260.2,2323.2,685501
1686085200000,2323.2,2430,2310.6,2425.4,1490407
1686171600000,2427,2523,2426,2520,2589720
1686258000000,2532.6,2557,2481,2506.6,1363179
1686603600000,2506.6,2568,2470,2566.8,947741
1686690000000,2570,2655,2550.4,2620,1538877
1686776400000,2640.8,2649,2557,2600,1334749
1686862800000,2607.8,2615,2500.8,2547,2371168
1687122000000,2546.8,2555.6,2475,2510.4,1031116
1687208400000,2504,2560,2461,2510.6,834068
1687294800000,2517.4,2542,2490.8,2529.6,508843
1687381200000,2529.2,2537.2,2474,2492.6,463156
1687467600000,2482.4,2487.6,2372,2393.4,1870867
1687726800000,2415,2448,2294,2379,1929203
1687813200000,2398,2443.8,2351.8,2431.4,961893
1687899600000,2438.4,2472,2420.2,2462,879768
1687986000000,2479,2497,2458.2,2468.6,498110
1688072400000,2473,2487.4,2420.6,2439.6,395908
1688331600000,2456.4,2457,2381,2402.8,683147
1688418000000,2407.2,2416,2296,2366,788584
1688504400000,2382,2421,2370,2403.6,479319
1688590800000,2406,2427.8,2370,2390.2,493092
1688677200000,2390,2390,2337,2365.6,713314
1688936400000,2371,2408,2355,2407.6,763287
1689022800000,2409,2463.2,2404.2,2462,777459
1689109200000,2471,2477.6,2420.4,2445,643426
1689195600000,2457,2479,2425.6,2464.6,673638
1689282000000,2464.6,2557.6,2450,2555,1749120
1689541200000,2515,2580.6,2491,2538.4,1401670
1689627600000,2538.4,2600,2536,2590,1109817
1689714000000,2590,2609,2550.8,2571.6,951270
1689800400000,2571.6,2578.6,2481,2492.2,1177854
1689886800000,2492.4,2537.6,2492.4,2532,672093
1690146000000,2542.8,2633.8,2537,2630,1382598
1690232400000,2640,2662,2611.2,2642.6,1334868
1690318800000,2642.4,2666.4,2611.6,2655.2,1113769
1690405200000,2665.6,2685,2616,2630,1779979
1690491600000,2630,2642,2613,2636,771507
1690750800000,2641.8,2652.8,2605,2635,1015331
1690837200000,2635,2717.2,2612.8,2670,1680190
1690923600000,2670,2727,2666.2,2709.4,1648657
1691010000000,2709.4,2785,2695,2780,1254154
1691096400000,2785.4,2872,2657.4,2731,3359518
1691355600000,2750,2795.6,2662.4,2709,1191045
1691442000000,2700,2730,2627.2,2728.6,1045242
1691528400000,2732.2,2748,2694.4,2723.2,666380
1691614800000,2730,2765,2661.8,2718,2098736
1691701200000,2718.6,2729,2685.2,2704.2,628954
1691960400000,2712.4,2732,2605,2610,1380574
1692046800000,2599.2,2695.6,2540,2615.8,1109002
1692133200000,2630,2645,2450.2,2570.6,1587267
1692219600000,2597.6,2623,2528,2581.6,1108836
1692306000000,2581.6,2609,2537.8,2602.2,819576
1692565200000,2612,2674.4,2582,2662.4,964271
1692651600000,2676.8,2718.4,2650,2710.8,1033838
1692738000000,2714,2720,2589.6,2604,1283172
1692824400000,2630,2660.4,2619.6,2648.4,468080
1692910800000,2649.4,2669.8,2630.4,2648.6,416406
1693170000000,2655,2685,2652,2670,563677
1693256400000,2666.6,2710,2666,2698.8,803014
1693342800000,2689.2,2708,2654.6,2668.2,572946
1693429200000,2668,2694,2641.8,2689,599952
1693515600000,2690,2700,2670,2690.2,418286
1693774800000,2690,2756,2688.8,2744,1165657
1693861200000,2744.8,2754.8,2711.2,2726.6,588467
1693947600000,2730,2733,2653,2664.6,950616
1694034000000,2664.8,2673.4,2555.2,2585.6,1562895
1694120400000,2585.6,2609,2526.2,2547.6,864916
1694379600000,2567,2584.8,2470,2488.8,1194100
1694466000000,2497,2598,2497,2579.2,1054261
1694552400000,2580.2,2633,2535.6,2550.8,1044259
1694638800000,2551.4,2561.2,2450.2,2508.8,1127378
1694725200000,2499,2588,2485,2568,630957
1694984400000,2594,2620,2508.8,2518,820163
1695070800000,2527,2527,2422.2,2442.2,1283916
1695157200000,2456.8,2460,2358,2418,1495744
1695243600000,2401.4,2419,2350.8,2355.4,1153205
1695330000000,2355.2,2435,2323.2,2410.2,986094
1695589200000,2428.4,2428.4,2369.6,2391,543849
1695675600000,2390.8,2411.8,2352.8,2391,707576
1695762000000,2405,2466,2390.4,2453.8,997249
1695848400000,2457,2475.2,2422.8,2439.4,835796
1695934800000,2448.8,2449.4,2392,2402.2,898924
1696194000000,2415,2434,2377.6,2395.8,763357
1696280400000,2390,2414.4,2367.2,2386.8,658794
1696366800000,2384,2410,2373.2,2379.6,718754
1696453200000,2390,2483.6,2360.2,2480,2258401
1696539600000,2492.8,2516.8,2468,2482.2,1531949
1696798800000,2482.4,2498.8,2470,2477.4,511216
1696885200000,2478,2507.8,2454.2,2485.2,831588
1696971600000,2490.8,2500,2420,2444,646509
1697058000000,2435,2472,2421,2465,522579
1697144400000,2470,2534,2466,2512.6,1235967
1697403600000,2528.8,2552,2520.8,2530,676536
1697490000000,2527,2540.6,2509.6,2527.4,536965
1697576400000,2522.2,2539,2511.8,2527.2,542562
1697662800000,2520.8,2675.4,2517,2660.6,3277444
1697749200000,2668.8,2700,2611,2679.4,1964016
1698008400000,2690,2717.4,2656.8,2677.2,979394
1698094800000,2670,2730,2632.4,2725.2,1225245
1698181200000,2727,2750,2700,2737,1014441
1698267600000,2760,2772.4,2675,2682.4,1758662
1698354000000,2684.8,2736,2620,2666.6,2313425
1698613200000,2666.8,2677,2600.2,2603.6,818174
1698699600000,2595,2640,2557,2612,1052727
1698786000000,2611.8,2672.2,2600,2639.8,818558
1698872400000,2649.8,2665,2603,2625.6,643105
1698958800000,2633.6,2638.2,2594.2,2613,543026
1699218000000,2612.8,2653.2,2606.2,2638,300339
1699304400000,2638,2645,2616.6,2633.2,307705
1699390800000,2639,2661.8,2605,2614.8,596365
1699477200000,2619,2623.4,2582.6,2611.6,584286
1699563600000,2619,2620,2587.8,2598.8,346453
1699822800000,2598,2599.8,2568.6,2577.2,471739
1699909200000,2571,2677.8,2531.6,2600,2305287
1699995600000,2590,2651.8,2590,2620,883282
1700082000000,2620,2631.2,2564.6,2569,1162238
1700168400000,2569,2593.6,2546,2572,478474
1700427600000,2572.4,2589.2,2557,2573.4,573761
1700514000000,2570,2587.8,2563,2572.6,341513
1700600400000,2578.6,2599,2568,2573.4,486333
1700686800000,2583,2598,2540,2559.2,585442
1700773200000,2569.8,2616.4,2560,2594.6,1006713
1701032400000,2593.4,2659.4,2587,2593.2,1904951
1701118800000,2599.4,2628,2591,2602.6,809718
1701205200000,2602,2628.8,2563.6,2574,903232
1701291600000,2575,2603.8,2501,2523.4,1098089
1701378000000,2525,2548,2410,2420.6,1684155
1701637200000,2420,2436.8,2365.6,2397.8,1242732
1701723600000,2419.8,2433,2385,2418.6,646256
1701810000000,2420.2,2428.8,2301,2320.6,1297718
1701896400000,2327,2367.6,2296.2,2349.8,1012528
1701982800000,2365,2385,2335.2,2337.6,696951
1702242000000,2339,2343.8,2191.4,2207.6,2086681
1702328400000,2218,2284.4,2201,2257,1884850
1702414800000,2243,2288,2230.2,2266.8,1088991
1702501200000,2276,2276,2140,2157.6,1561494
1702587600000,2162,2244,2116.2,2224.4,2089036
1702846800000,2228.8,2271,2217.4,2250.4,1390164
1702933200000,2250.2,2274,2231.8,2242.2,899863
1703019600000,2247,2318.8,2242.6,2288.8,2253096
1703106000000,2279,2286.8,2245.2,2267.2,944837
1703192400000,2267.2,2303.8,2266.2,2295.8,802695
1703451600000,2300,2455.8,2297,2396.6,4168672
1703538000000,2399.8,2439.8,2361,2427.6,1544935
1703624400000,2428,2574.6,2428,2550,2791472
1703710800000,2594.2,2610,2520,2531.2,2108340
1703797200000,2535,2566,2505.6,2540,860507
1704229200000,2560,2593,2542,2581,427501
1704315600000,2570.4,2580.4,2554.4,2568,397779
1704402000000,2568.4,2586.6,2566.2,2576.8,264683
1704661200000,2584,2618.8,2579.2,2611,673211
1704747600000,2629.8,2629.8,2584,2607,628300
1704834000000,2607,2615.2,2573.4,2586.4,526896
1704920400000,2587,2614.6,2583.6,2605,551084
1705006800000,2610,2644,2606,2631,746858
1705266000000,2645,2695,2642.2,2690.2,1007955
1705352400000,2699,2699,2630.6,2647.2,956550
1705438800000,2639.6,2674.8,2635.2,2652.4,494221
1705525200000,2654.4,2660,2590.8,2595.8,828426
1705611600000,2607,2607,2550,2569.8,806517
1705870800000,2573,2615.4,2551,2601,558595
1705957200000,2661,2690,2612.2,2635.4,1655584
1706043600000,2636,2658.8,2615,2645.8,817019
1706130000000,2650,2798,2633.6,2779,2795122
1706216400000,2789.4,2895,2778.8,2873,4138928
1706475600000,2900,2996.6,2896.4,2995,3230839
1706562000000,2999,3138.8,2966,3078,6295305
1706648400000,3100,3117.8,3019.4,3026,2391248
1706734800000,3025,3130,3002.2,3108,2742476
1706821200000,3118.8,3169.6,3059.8,3163,3016977
1707080400000,2900,3086.6,2870,3047,11206431
1707166800000,3044,3137,3019.2,3108.6,3490609
1707253200000,3118.2,3363.6,3110.4,3325,7856308
1707339600000,3339,3432,3242.8,3306.2,9581170
1707426000000,3321.2,3340,3204,3290.4,2732702
1707685200000,3296,3317,3226,3304.6,1664563
1707771600000,3320,3497.4,3292.4,3477,4107724
1707858000000,3483,3543.8,3392.2,3439.4,3425351
1707944400000,3440.6,3497.4,3393.2,3444.2,2913352
1708030800000,3445,3464,3362,3417,2463779
1708290000000,3424.8,3444,3282.6,3310.4,1948365
1708376400000,3311,3392.8,3273.8,3314.6,2705903
1708462800000,3314.6,3342,3173.8,3246.2,3114489
1708549200000,3255,3285,3204,3241.8,1404852
1708894800000,3345,3411.2,3294,3404.8,1771546
1708981200000,3415,3417,3340,3365.8,1088468
1709067600000,3365.8,3396,3337,3375.8,960594
1709154000000,3384,3400,3350,3383,630597
1709240400000,3386,3542,3380.2,3539.4,2839678
1709499600000,3580,3718,3565.2,3700.6,4325306
1709586000000,3710,3710,3600.2,3627,2496099
1709672400000,3626.8,3626.8,3562.8,3577.8,1381768
1709758800000,3567,3670,3546,3623.8,1312072
1710104400000,3634.4,3650,3507.4,3544.4,2830108
1710190800000,3550,3550,3487.6,3499.6,948625
1710277200000,3499.8,3610,3488,3588.6,1750681
1710363600000,3589,3631.8,3550,3598.8,1553547
1710450000000,3602.2,3667.8,3571.4,3635.6,1781459
1710709200000,3620,3708.8,3595,3686.2,1639551
1710795600000,3687,3859.4,3683.2,3797,4108671
1710882000000,3817.8,3972.6,3810,3948,3671350
1710968400000,3952,4004.8,3842.4,3882,3389849
1711054800000,3885,3944.6,3800,3834,2441164
1711314000000,3850,4025,3845.2,4024.6,1938567
1711400400000,4039,4080,3985,4018.8,1526579
1711486800000,4024.6,4033.4,3986.6,4007.2,729553
1711573200000,4015,4050,3983.4,4003.8,646208
1711659600000,4015,4015,3973.2,3994,648804
1711918800000,4020,4055,3940.2,3975,1215489
1712005200000,3980,3992.4,3735.8,3868,4566363
1712091600000,3882.8,3936.4,3820.8,3920.2,965486
1712178000000,3931,3985,3918,3960,718894
1712264400000,3963,4007,3949.6,3995,548932
1712523600000,4010.8,4010.8,3878.4,3959,1454655
1712610000000,3958,3965.8,3926.4,3954.6,577008
1712696400000,3954,4007.8,3935,3980,536924
1712782800000,3990,3995,3935,3946,379283
1712869200000,3944.4,3999.8,3944,3990,412038
1713128400000,3988,4076.2,3942,4046,1088939
1713214800000,4050,4077,4014.6,4049.6,386492
1713301200000,4055,4200,4052,4199.8,1599530
1713387600000,4200,4222,4143.2,4193,720872
1713474000000,4195,4269,4156.8,4257.2,785946
1713733200000,4265,4348.6,4069.2,4290.2,2292855
1713819600000,4290.2,4299,4152.6,4172.2,816658
1713906000000,4164,4184.6,4087.4,4111.8,904365
1713992400000,4100.6,4184.6,4020.2,4164.6,1439124
1714078800000,4165,4251,4101.2,4231.6,1019800
1714165200000,4231.6,4260.4,4120.4,4160.2,845557
1714338000000,4160.2,4180,4113.6,4173.4,305267
1714424400000,4174,4174.4,4130.6,4149.6,103770
1714597200000,4149.6,4195,4114.8,4177,384284
1714683600000,4182,4246.4,4125.6,4236.4,401738
1714942800000,4250,4313.4,4237,4274,536755
1715029200000,4274,4371,4242.8,4356,647767
1715115600000,4360,4390,4274,4310,632381
1715288400000,4319.4,4360,4301.2,4356.2,180750
1715547600000,4363.6,4592.2,4125,4407,4615106
1715634000000,4407,4517.4,4401.4,4489.8,1535883
1715720400000,4491,4508,4334,4355.2,1239697
1715806800000,4344.8,4410.6,4237.8,4361.2,1173963
1715893200000,4350,4373.2,4257,4271,842298
1716152400000,4259.6,4300,4150.6,4196,1221059
1716238800000,4181.2,4275,4100.2,4106.4,1013808
1716325200000,4087.2,4297.4,4060,4234,852829
1716411600000,4233.8,4285,4180,4206.4,463122
1716498000000,4205,4275.6,4146,4189.2,554356
1716757200000,4184.4,4399,4070,4084,758780
1716843600000,4084,4186,4012.6,4038.4,407521
1716930000000,4038.4,4098,4002.2,4051,237947
1717016400000,4050,4159,4021.2,4032.8,344726
1717102800000,4033,4080,3939,3996.8,471739
1717362000000,4036,4070,3890,4044.4,393757
1717448400000,4045.2,4215.6,4006.2,4177.8,357726
1717534800000,4180.4,4250,4130,4159.2,435992
1717621200000,4180.8,4238,4151.4,4204.2,261280
1717707600000,4229,4284.2,4210.6,4222,329137
1717966800000,4222,4248,4082.8,4125.6,297380
1718053200000,4100.6,4140.6,4092,4102,233821
1718226000000,3980,4160,3901,4048,362747
1718312400000,4048,4128.8,4030,4071.2,330616
