time,open,high,low,close,volume
2024-10-08 10:20:00,2999.0,2999.0,2999.0,2999.0,1
2024-10-08 11:10:00,3050.0,3050.0,3050.0,3050.0,1
2024-10-08 16:20:00,3097.5,3097.5,3097.5,3097.5,5
2024-10-08 16:30:00,3100.0,3100.0,3100.0,3100.0,10
2024-10-08 17:40:00,3092.0,3096.5,3092.0,3095.5,150
2024-10-08 17:50:00,3099.5,3099.5,3095.0,3095.0,60
2024-10-08 21:10:00,3050.5,3050.5,3050.5,3050.5,1
2024-10-09 15:00:00,3027.5,3027.5,3027.5,3027.5,5
2024-10-09 16:30:00,2993.0,2993.0,2989.0,2989.0,12
2024-10-09 17:30:00,2985.0,2985.0,2985.0,2985.0,1
2024-10-09 18:00:00,2992.5,2992.5,2992.5,2992.5,1
2024-10-10 16:10:00,3061.0,3075.5,3061.0,3075.5,2000
2024-10-10 19:00:00,3085.5,3085.5,3085.5,3085.5,1
2024-10-11 13:30:00,3118.0,3118.0,3103.0,3103.0,2
2024-10-11 16:10:00,3115.5,3117.0,3115.5,3117.0,2
2024-10-11 17:30:00,3134.0,3134.0,3134.0,3134.0,3
2024-10-11 18:20:00,3138.0,3139.0,3138.0,3139.0,12
2024-10-11 21:00:00,3146.0,3146.0,3146.0,3146.0,1
2024-10-11 21:10:00,3146.0,3146.0,3146.0,3146.0,1
2024-10-14 10:10:00,3112.5,3112.5,3084.0,3084.0,1278
2024-10-14 10:50:00,3095.0,3095.0,3089.5,3089.5,6
2024-10-14 11:20:00,3096.0,3096.0,3096.0,3096.0,1
2024-10-14 13:00:00,3086.0,3086.0,3076.5,3076.5,3
2024-10-14 13:40:00,3076.0,3076.0,3075.0,3075.0,2
2024-10-14 14:30:00,3062.5,3062.5,3062.5,3062.5,1
2024-10-14 14:40:00,3056.5,3056.5,3056.5,3056.5,15
2024-10-14 15:40:00,3067.5,3067.5,3067.5,3067.5,1
2024-10-14 15:50:00,3067.0,3067.0,3067.0,3067.0,15
2024-10-14 16:20:00,3062.5,3062.5,3061.5,3061.5,3
2024-10-15 10:00:00,3056.0,3056.0,3056.0,3056.0,1
2024-10-15 10:10:00,3037.0,3037.0,3037.0,3037.0,1
2024-10-15 10:40:00,3028.5,3028.5,2999.5,3000.5,2008
2024-10-15 11:20:00,3002.5,3002.5,3002.5,3002.5,5
2024-10-15 12:20:00,2998.5,2998.5,2998.5,2998.5,1
2024-10-15 13:50:00,2999.5,2999.5,2999.5,2999.5,1
2024-10-15 16:00:00,3003.5,3003.5,3003.5,3003.5,1
2024-10-15 16:20:00,3011.0,3011.0,3011.0,3011.0,2
2024-10-15 17:10:00,3025.5,3025.5,3025.5,3025.5,1000
2024-10-15 19:40:00,3041.5,3041.5,3041.5,3041.5,20
2024-10-15 20:00:00,3040.5,3040.5,3040.5,3040.5,1
2024-10-15 21:10:00,3040.5,3040.5,3040.5,3040.5,1
2024-10-16 10:20:00,3075.0,3090.5,3075.0,3090.5,2002
2024-10-16 11:00:00,3075.5,3082.5,3075.5,3082.5,2
2024-10-16 11:10:00,3077.5,3077.5,3077.5,3077.5,1
2024-10-16 11:40:00,3078.0,3078.0,3078.0,3078.0,1
2024-10-16 15:40:00,3081.5,3081.5,3081.5,3081.5,1
2024-10-16 17:20:00,3074.5,3074.5,3074.5,3074.5,1
2024-10-16 17:30:00,3069.0,3069.0,3069.0,3069.0,1000
2024-10-16 21:40:00,3050.5,3050.5,3050.5,3050.5,2
2024-10-17 09:50:00,3049.5,3049.5,3049.5,3049.5,3
2024-10-17 10:40:00,3022.0,3022.0,3004.0,3004.0,259
2024-10-17 10:50:00,3001.0,3001.0,3001.0,3001.0,1
2024-10-17 11:40:00,2995.0,2995.0,2995.0,2995.0,1000
2024-10-17 12:30:00,2983.0,2983.0,2983.0,2983.0,1
2024-10-17 12:40:00,2983.5,2983.5,2983.5,2983.5,1000
2024-10-17 13:40:00,3001.5,3001.5,3001.5,3001.5,1
2024-10-17 14:10:00,3005.5,3005.5,3005.5,3005.5,100
2024-10-17 15:30:00,2991.0,2991.0,2980.5,2980.5,27
2024-10-17 15:40:00,3002.0,3014.5,2980.5,3000.0,1201
2024-10-17 15:50:00,2980.5,2992.5,2980.5,2992.5,380
2024-10-17 16:40:00,3027.5,3031.0,3027.5,3031.0,2
2024-10-17 20:20:00,3034.0,3034.0,3034.0,3034.0,1
2024-10-18 10:10:00,3062.5,3062.5,3062.5,3062.5,1
2024-10-18 10:20:00,3069.0,3069.0,3069.0,3069.0,1
2024-10-18 11:40:00,3049.5,3058.0,3049.5,3058.0,1001
2024-10-18 14:30:00,3071.5,3071.5,3071.5,3071.5,1000
2024-10-18 17:20:00,3078.5,3079.0,3078.5,3079.0,2
2024-10-18 17:40:00,3080.0,3080.0,3080.0,3080.0,2
2024-10-18 17:50:00,3081.0,3082.0,3081.0,3082.0,3
2024-10-18 18:30:00,3087.0,3087.0,3087.0,3087.0,2
2024-10-18 19:10:00,3098.5,3098.5,3098.5,3098.5,2
2024-10-18 19:20:00,3100.0,3100.0,3100.0,3100.0,1
2024-10-18 19:50:00,3087.0,3087.0,3087.0,3087.0,1000
2024-10-21 09:50:00,3099.0,3099.0,3099.0,3099.0,4
2024-10-21 10:00:00,3117.5,3117.5,3117.0,3117.0,68
2024-10-21 10:10:00,3117.0,3122.0,3117.0,3122.0,2000
2024-10-21 10:30:00,3122.0,3125.5,3122.0,3125.5,5
2024-10-21 10:40:00,3125.5,3125.5,3125.5,3125.5,5
2024-10-21 10:50:00,3124.5,3124.5,3124.5,3124.5,10
2024-10-21 11:10:00,3126.5,3126.5,3121.0,3121.0,75
2024-10-21 13:20:00,3123.0,3123.0,3123.0,3123.0,3
2024-10-21 13:30:00,3113.0,3113.0,3113.0,3113.0,1
2024-10-21 14:30:00,3114.0,3114.0,3114.0,3114.0,1
2024-10-21 15:00:00,3124.0,3124.0,3124.0,3124.0,60
2024-10-21 15:20:00,3121.5,3121.5,3121.5,3121.5,1000
2024-10-21 16:00:00,3102.5,3102.5,3099.5,3100.0,1065
2024-10-21 18:30:00,3080.0,3080.0,3080.0,3080.0,1
2024-10-21 20:10:00,3082.0,3082.0,3082.0,3082.0,5
2024-10-21 20:30:00,3074.5,3074.5,3074.5,3074.5,1
2024-10-21 22:40:00,3070.0,3070.0,2965.0,2965.0,9
2024-10-22 10:20:00,3113.0,3123.5,3113.0,3123.0,1086
2024-10-22 10:30:00,3123.5,3123.5,3123.5,3123.5,1
2024-10-22 10:50:00,3125.0,3125.0,3125.0,3125.0,1
2024-10-22 11:00:00,3132.5,3132.5,3127.0,3127.0,11
2024-10-22 11:10:00,3132.0,3132.0,3132.0,3132.0,1
2024-10-22 12:00:00,3130.5,3130.5,3130.5,3130.5,1
2024-10-22 12:30:00,3125.5,3126.5,3125.5,3126.5,5
2024-10-22 13:20:00,3132.5,3139.5,3132.5,3139.5,5
2024-10-22 13:40:00,3137.5,3137.5,3137.5,3137.5,1
2024-10-22 14:20:00,3131.5,3131.5,3131.5,3131.5,1
2024-10-22 14:30:00,3141.0,3142.0,3141.0,3142.0,2
2024-10-22 14:40:00,3142.0,3142.0,3142.0,3142.0,1
2024-10-22 14:50:00,3126.0,3131.5,3126.0,3131.5,6
2024-10-22 16:30:00,3148.0,3148.0,3137.0,3137.0,6
2024-10-22 17:00:00,3146.0,3146.0,3146.0,3146.0,1
2024-10-22 17:10:00,3142.0,3142.0,3142.0,3142.0,1
2024-10-22 17:20:00,3130.0,3130.0,3130.0,3130.0,2
2024-10-22 17:30:00,3126.5,3126.5,3126.5,3126.5,2
2024-10-22 17:40:00,3130.0,3130.0,3130.0,3130.0,1
2024-10-22 18:10:00,3127.5,3127.5,3127.5,3127.5,1
2024-10-22 18:20:00,3147.0,3147.0,3147.0,3147.0,3
2024-10-22 18:30:00,3137.5,3137.5,3137.5,3137.5,1
2024-10-22 19:00:00,3139.5,3139.5,3139.5,3139.5,1
2024-10-22 19:30:00,3144.0,3144.0,3144.0,3144.0,1
2024-10-22 22:40:00,3150.0,3150.0,3115.5,3120.0,8
2024-10-23 10:10:00,3119.0,3119.0,3105.0,3112.0,88
2024-10-23 10:30:00,3117.0,3117.0,3117.0,3117.0,20
2024-10-23 11:10:00,3119.0,3129.0,3119.0,3129.0,40
2024-10-23 11:20:00,3132.0,3136.0,3132.0,3136.0,20
2024-10-23 12:00:00,3146.5,3146.5,3146.5,3146.5,30
2024-10-23 12:10:00,3146.0,3146.0,3146.0,3146.0,1
2024-10-23 13:10:00,3149.0,3149.0,3149.0,3149.0,1
2024-10-23 14:30:00,3138.0,3138.0,3138.0,3138.0,1
2024-10-23 14:40:00,3134.5,3134.5,3134.5,3134.5,1
2024-10-23 15:20:00,3133.0,3133.0,3133.0,3133.0,1
2024-10-23 16:10:00,3134.5,3134.5,3134.5,3134.5,1000
2024-10-23 16:30:00,3138.5,3148.5,3138.5,3148.5,3
2024-10-23 17:20:00,3148.0,3154.0,3148.0,3154.0,8
2024-10-23 18:00:00,3146.0,3146.0,3146.0,3146.0,1
2024-10-23 18:10:00,3141.0,3141.0,3141.0,3141.0,1
2024-10-23 18:30:00,3149.5,3167.0,3149.5,3160.0,2022
2024-10-23 18:40:00,3157.0,3157.0,3155.0,3155.0,24
2024-10-23 19:20:00,3164.5,3164.5,3164.5,3164.5,5
2024-10-23 23:40:00,3180.0,3190.0,3180.0,3190.0,3
2024-10-24 10:00:00,3260.0,3303.0,3260.0,3302.0,159
2024-10-24 10:20:00,3297.0,3297.0,3296.5,3296.5,1002
2024-10-24 10:30:00,3297.0,3297.0,3297.0,3297.0,2
2024-10-24 10:40:00,3295.5,3295.5,3295.5,3295.5,2
2024-10-24 10:50:00,3298.5,3298.5,3298.5,3298.5,3
2024-10-24 11:00:00,3276.0,3276.0,3276.0,3276.0,1
2024-10-24 11:50:00,3238.5,3238.5,3222.5,3222.5,2
2024-10-24 12:10:00,3223.0,3223.0,3223.0,3223.0,1
2024-10-24 12:30:00,3214.5,3214.5,3214.5,3214.5,5
2024-10-24 12:40:00,3208.5,3208.5,3208.5,3208.5,6
2024-10-24 14:00:00,3201.5,3201.5,3201.5,3201.5,2
2024-10-24 14:10:00,3215.5,3215.5,3215.5,3215.5,3
2024-10-24 14:20:00,3210.0,3210.0,3210.0,3210.0,2
2024-10-24 17:20:00,3210.0,3210.0,3210.0,3210.0,3
2024-10-24 17:40:00,3197.5,3197.5,3196.0,3196.0,4
2024-10-24 17:50:00,3194.0,3194.0,3188.0,3188.0,13
2024-10-24 19:40:00,3188.0,3189.0,3188.0,3189.0,6
2024-10-24 21:50:00,3254.0,3254.0,3254.0,3254.0,1
2024-10-24 22:50:00,3246.5,3246.5,3205.0,3205.0,2
2024-10-25 09:50:00,3120.0,3120.0,3120.0,3120.0,3
2024-10-25 10:00:00,3119.0,3227.0,3109.0,3109.0,67
2024-10-25 10:10:00,3107.5,3107.5,3105.5,3105.5,3
2024-10-25 10:20:00,3106.0,3106.0,3079.0,3079.0,1037
2024-10-25 10:30:00,3089.0,3090.0,3077.0,3079.0,2007
2024-10-25 10:40:00,3094.5,3094.5,3094.5,3094.5,1
2024-10-25 10:50:00,3089.0,3089.0,3089.0,3089.0,1
2024-10-25 11:00:00,3087.0,3087.0,3081.5,3081.5,12
2024-10-25 11:10:00,3075.0,3075.0,3073.0,3073.0,3
2024-10-25 11:20:00,3073.0,3073.0,3073.0,3073.0,1
2024-10-25 11:30:00,3076.0,3076.0,3076.0,3076.0,1
2024-10-25 11:40:00,3076.0,3076.0,3076.0,3076.0,1
2024-10-25 12:50:00,3079.0,3079.0,3068.5,3068.5,10
2024-10-25 13:00:00,3068.0,3068.0,3068.0,3068.0,1
2024-10-25 13:20:00,3068.0,3068.0,3052.0,3052.0,11
2024-10-25 13:30:00,3050.0,3050.0,3050.0,3050.0,1
2024-10-25 13:40:00,3049.5,3049.5,3047.0,3047.0,2
2024-10-25 13:50:00,3042.0,3042.5,3042.0,3042.5,2
2024-10-25 14:10:00,3059.0,3059.0,3059.0,3059.0,1
2024-10-25 14:30:00,3065.0,3065.0,3065.0,3065.0,3
2024-10-25 14:40:00,3069.0,3069.0,3069.0,3069.0,2
2024-10-25 15:00:00,3076.0,3076.0,3076.0,3076.0,1
2024-10-25 16:00:00,3088.5,3088.5,3088.5,3088.5,1
2024-10-25 16:20:00,3090.0,3090.0,3090.0,3090.0,2
2024-10-25 17:10:00,3098.0,3098.0,3098.0,3098.0,1
2024-10-25 17:50:00,3095.0,3096.0,3095.0,3096.0,3
2024-10-25 18:00:00,3105.0,3105.0,3105.0,3105.0,1
2024-10-25 18:10:00,3113.5,3114.5,3113.5,3114.5,4
2024-10-25 18:20:00,3096.0,3096.0,3096.0,3096.0,4
2024-10-25 19:30:00,3099.0,3099.0,3099.0,3099.0,1
2024-10-25 20:40:00,3111.5,3111.5,3111.5,3111.5,1
2024-10-25 21:20:00,3092.0,3092.0,3092.0,3092.0,3
2024-10-25 22:20:00,3148.5,3148.5,3148.5,3148.5,1
2024-10-28 09:50:00,3100.0,3100.0,3100.0,3100.0,1
2024-10-28 10:00:00,3058.0,3058.0,3058.0,3058.0,2
2024-10-28 10:10:00,3100.0,3146.0,3100.0,3146.0,6
2024-10-28 10:40:00,3089.0,3089.0,3072.5,3072.5,2
2024-10-28 11:40:00,3088.0,3088.0,3088.0,3088.0,2
2024-10-28 12:00:00,3090.0,3090.0,3071.0,3071.0,9
2024-10-28 12:20:00,3066.0,3066.0,3066.0,3066.0,1
2024-10-28 12:30:00,3059.5,3069.0,3059.5,3069.0,2
2024-10-28 13:30:00,3074.0,3074.0,3074.0,3074.0,1
2024-10-28 16:00:00,3102.5,3102.5,3102.5,3102.5,1
2024-10-28 16:10:00,3108.0,3108.0,3108.0,3108.0,1
2024-10-28 16:40:00,3105.0,3105.0,3105.0,3105.0,1
2024-10-28 17:20:00,3120.0,3120.0,3120.0,3120.0,1
2024-10-28 18:40:00,3120.0,3130.0,3120.0,3122.5,3
2024-10-28 19:40:00,3155.5,3155.5,3155.5,3155.5,1
2024-10-28 20:30:00,3151.5,3151.5,3151.5,3151.5,3
2024-10-28 21:00:00,3154.0,3154.0,3154.0,3154.0,1
2024-10-28 21:20:00,3157.0,3157.0,3157.0,3157.0,1
2024-10-28 21:40:00,3158.0,3158.0,3158.0,3158.0,1
2024-10-29 10:10:00,3140.0,3140.0,3140.0,3140.0,3
2024-10-29 11:50:00,3133.0,3134.5,3133.0,3134.5,6
2024-10-29 12:30:00,3185.5,3185.5,3185.5,3185.5,2
2024-10-29 12:50:00,3174.0,3174.0,3174.0,3174.0,1
2024-10-29 13:20:00,3178.5,3178.5,3178.5,3178.5,1
2024-10-29 16:30:00,3142.5,3142.5,3142.5,3142.5,8
2024-10-29 16:40:00,3153.0,3153.0,3153.0,3153.0,1
2024-10-29 19:30:00,3137.5,3137.5,3137.5,3137.5,1
2024-10-30 14:40:00,3132.0,3132.0,3132.0,3132.0,2
2024-10-30 23:40:00,3195.0,3195.0,3195.0,3195.0,2
2024-10-31 10:10:00,3118.5,3118.5,3118.5,3118.5,1
2024-10-31 10:20:00,3112.0,3112.0,3112.0,3112.0,1
2024-10-31 10:50:00,3104.5,3104.5,3104.5,3104.5,1
2024-10-31 11:10:00,3106.5,3106.5,3106.5,3106.5,2
2024-10-31 12:00:00,3106.5,3106.5,3106.5,3106.5,1
2024-10-31 14:00:00,3070.0,3070.0,3070.0,3070.0,1
2024-10-31 15:30:00,3079.0,3079.0,3079.0,3079.0,2
2024-10-31 17:00:00,3070.0,3070.0,3070.0,3070.0,1
2024-10-31 17:20:00,3051.5,3051.5,3050.0,3050.0,7
2024-10-31 18:00:00,3039.0,3039.0,3039.0,3039.0,1
2024-10-31 18:30:00,3032.5,3032.5,3032.5,3032.5,1
2024-10-31 22:30:00,3008.5,3008.5,3008.5,3008.5,2
2024-11-01 10:00:00,3037.0,3037.0,3037.0,3037.0,2
2024-11-01 12:40:00,3051.5,3051.5,3051.0,3051.0,2
2024-11-01 16:10:00,3074.5,3074.5,3074.5,3074.5,1
2024-11-05 11:10:00,3054.0,3054.0,3054.0,3054.0,1
2024-11-05 11:50:00,3070.5,3070.5,3070.5,3070.5,1
2024-11-05 15:50:00,3069.5,3069.5,3069.5,3069.5,1
2024-11-05 20:10:00,3097.0,3097.0,3097.0,3097.0,2
2024-11-06 10:00:00,3058.0,3058.0,3058.0,3058.0,6
2024-11-06 10:10:00,3064.5,3064.5,3064.5,3064.5,3
2024-11-06 11:30:00,3064.5,3064.5,3064.5,3064.5,1
2024-11-06 13:10:00,3046.5,3046.5,3046.5,3046.5,1
2024-11-06 14:00:00,3032.0,3032.0,3032.0,3032.0,1
2024-11-06 14:30:00,3033.0,3033.0,3033.0,3033.0,2
2024-11-06 15:30:00,3005.0,3005.0,2959.5,2977.5,30
2024-11-06 16:00:00,2976.5,2976.5,2972.5,2974.5,9
2024-11-06 17:50:00,2967.5,2967.5,2967.5,2967.5,1
2024-11-06 18:20:00,2963.5,2963.5,2963.5,2963.5,4
2024-11-06 18:30:00,2964.0,2964.0,2964.0,2964.0,1
2024-11-06 19:50:00,2971.5,2971.5,2971.5,2971.5,5
2024-11-06 20:00:00,2966.0,2966.0,2966.0,2966.0,2
2024-11-06 20:50:00,2966.0,2966.0,2966.0,2966.0,1
2024-11-06 21:10:00,2967.0,2967.0,2967.0,2967.0,1
2024-11-06 21:20:00,2972.5,2972.5,2956.0,2956.0,8
2024-11-06 23:00:00,2960.0,2960.0,2960.0,2960.0,1
2024-11-07 10:00:00,3012.5,3012.5,3011.0,3011.0,17
2024-11-07 10:10:00,3020.0,3020.0,3020.0,3020.0,28
2024-11-07 10:20:00,3018.5,3018.5,3018.5,3018.5,2
2024-11-07 10:50:00,3022.0,3033.0,3022.0,3027.0,4
2024-11-07 11:10:00,3030.0,3030.0,3030.0,3030.0,1
2024-11-07 11:20:00,3033.0,3034.5,3033.0,3034.5,3
2024-11-07 12:00:00,3040.0,3040.0,3040.0,3040.0,2
2024-11-07 12:40:00,3057.5,3057.5,3038.0,3038.0,3
2024-11-07 12:50:00,3044.0,3044.0,3044.0,3044.0,2
2024-11-07 17:10:00,3053.5,3053.5,3053.5,3053.5,1
2024-11-07 18:40:00,3061.5,3061.5,3061.5,3061.5,5
2024-11-07 19:40:00,3047.5,3047.5,3047.5,3047.5,5
2024-11-08 10:20:00,3020.0,3020.0,3020.0,3020.0,1
2024-11-08 13:10:00,2987.5,2987.5,2987.5,2987.5,3
2024-11-08 13:30:00,2984.5,2984.5,2984.5,2984.5,1
2024-11-08 13:40:00,2980.0,2980.0,2980.0,2980.0,2
2024-11-08 14:50:00,2981.0,2981.0,2981.0,2981.0,6
2024-11-08 15:00:00,2981.5,2981.5,2981.5,2981.5,6
2024-11-08 15:10:00,2980.0,2980.0,2980.0,2980.0,2
2024-11-08 15:30:00,2977.5,2977.5,2977.5,2977.5,10
2024-11-08 15:40:00,2978.5,2978.5,2978.5,2978.5,12
2024-11-08 18:00:00,2987.5,2987.5,2987.5,2987.5,1
2024-11-08 18:40:00,2972.0,2972.0,2972.0,2972.0,1
2024-11-08 19:10:00,2972.5,2972.5,2972.5,2972.5,1
2024-11-08 19:20:00,2972.0,2973.0,2972.0,2973.0,2
2024-11-08 19:30:00,2972.5,2972.5,2972.5,2972.5,15
2024-11-08 20:00:00,2967.5,2967.5,2966.0,2966.0,15
2024-11-08 20:10:00,2969.0,2969.0,2969.0,2969.0,5
2024-11-08 22:50:00,2961.0,2961.0,2945.0,2945.0,5
2024-11-11 10:40:00,2966.0,2966.0,2966.0,2966.0,1
2024-11-11 12:00:00,2979.0,3001.5,2979.0,3001.5,6
2024-11-11 12:40:00,2978.5,2978.5,2978.5,2978.5,1
2024-11-11 13:30:00,2992.5,2992.5,2992.5,2992.5,1
2024-11-11 19:00:00,2966.0,2966.0,2966.0,2966.0,7
2024-11-11 19:10:00,2969.5,2969.5,2969.5,2969.5,1
2024-11-11 20:30:00,2966.0,2966.0,2966.0,2966.0,1
2024-11-12 10:30:00,2947.5,2947.5,2947.5,2947.5,1
2024-11-12 10:40:00,2940.5,2940.5,2940.0,2940.0,3
2024-11-12 12:10:00,2906.5,2906.5,2906.5,2906.5,7
2024-11-12 12:30:00,2908.5,2908.5,2908.5,2908.5,1
2024-11-12 15:00:00,2911.0,2911.5,2911.0,2911.5,13
2024-11-12 15:30:00,2915.0,2915.0,2915.0,2915.0,1
2024-11-12 16:30:00,2942.0,2947.5,2942.0,2947.5,2
2024-11-12 17:30:00,2935.5,2937.0,2935.5,2937.0,3
2024-11-13 10:20:00,2907.0,2914.0,2907.0,2914.0,3
2024-11-13 10:40:00,2911.5,2911.5,2911.5,2911.5,1
2024-11-13 11:00:00,2902.0,2902.0,2902.0,2902.0,2
2024-11-13 16:00:00,2925.5,2925.5,2925.5,2925.5,1
2024-11-13 16:10:00,2933.5,2933.5,2933.5,2933.5,1
2024-11-13 16:30:00,2944.0,2944.0,2944.0,2944.0,2
2024-11-13 17:10:00,2951.0,2951.0,2951.0,2951.0,1
2024-11-13 18:20:00,2921.0,2924.0,2921.0,2924.0,3
2024-11-13 19:30:00,2970.5,2972.5,2970.0,2972.5,6
2024-11-13 20:30:00,2969.0,2969.0,2969.0,2969.0,2
2024-11-13 21:10:00,2966.0,2966.0,2966.0,2966.0,1
2024-11-13 21:30:00,2964.5,2964.5,2964.5,2964.5,1
2024-11-14 10:50:00,2885.0,2891.0,2825.0,2825.0,8
2024-11-14 11:00:00,2832.0,2832.0,2830.0,2830.0,3
2024-11-14 11:20:00,2877.0,2877.0,2872.5,2872.5,2
2024-11-14 11:40:00,2877.0,2897.0,2877.0,2897.0,10
2024-11-14 12:20:00,2875.0,2875.0,2872.5,2872.5,3
2024-11-14 13:40:00,2827.5,2827.5,2824.0,2824.0,4
2024-11-14 13:50:00,2850.0,2879.0,2850.0,2879.0,4
2024-11-14 14:00:00,2883.0,2883.0,2883.0,2883.0,3
2024-11-14 14:20:00,2840.0,2875.5,2840.0,2875.5,2
2024-11-14 16:00:00,2919.5,2919.5,2908.0,2908.0,4
2024-11-14 16:10:00,2911.0,2911.0,2911.0,2911.0,2
2024-11-14 16:30:00,2914.5,2914.5,2914.5,2914.5,12
2024-11-14 16:50:00,2926.0,2926.0,2926.0,2926.0,1
2024-11-14 17:10:00,2938.0,2938.0,2938.0,2938.0,1
2024-11-14 17:20:00,2944.5,2944.5,2944.5,2944.5,10
2024-11-14 19:40:00,2940.0,2940.0,2940.0,2940.0,1
2024-11-14 19:50:00,2929.5,2929.5,2929.5,2929.5,1
2024-11-14 20:00:00,2928.5,2928.5,2928.5,2928.5,1
2024-11-15 11:10:00,2959.5,2970.5,2959.5,2970.5,3
2024-11-15 11:50:00,2970.5,2980.0,2970.5,2980.0,10
2024-11-15 12:00:00,2977.0,2977.0,2977.0,2977.0,50
2024-11-15 14:00:00,3017.5,3017.5,3017.5,3017.5,5
2024-11-15 14:30:00,3032.0,3032.0,3032.0,3032.0,1
2024-11-15 15:00:00,3029.5,3029.5,3029.5,3029.5,9
2024-11-15 15:20:00,3017.5,3017.5,3010.0,3010.0,15
2024-11-15 16:00:00,3007.0,3007.0,3007.0,3007.0,15
2024-11-15 16:20:00,2978.0,2978.0,2978.0,2978.0,9
2024-11-15 18:30:00,2956.0,2956.0,2956.0,2956.0,1
2024-11-15 20:50:00,2945.5,2945.5,2945.5,2945.5,1
2024-11-15 21:20:00,2948.0,2948.0,2948.0,2948.0,1
2024-11-18 10:00:00,2974.0,2974.0,2974.0,2974.0,1
2024-11-18 12:00:00,2960.0,2960.0,2960.0,2960.0,5
2024-11-18 19:30:00,2961.5,2961.5,2961.5,2961.5,1
2024-11-19 10:20:00,2970.0,2979.0,2970.0,2979.0,10
2024-11-19 15:40:00,2957.5,2957.5,2957.5,2957.5,1
2024-11-19 17:20:00,2951.0,2951.0,2951.0,2951.0,2
2024-11-19 20:40:00,2955.5,2957.0,2955.5,2957.0,7
2024-11-19 21:00:00,2944.5,2944.5,2942.0,2942.0,8
2024-11-20 10:20:00,2979.0,2979.0,2979.0,2979.0,1
2024-11-20 11:20:00,2992.5,2992.5,2992.5,2992.5,3
2024-11-20 12:20:00,2984.5,2984.5,2984.5,2984.5,1
2024-11-20 12:40:00,2980.0,2980.0,2980.0,2980.0,1
2024-11-20 18:40:00,2960.0,2960.0,2960.0,2960.0,1
2024-11-20 19:40:00,2982.0,2982.0,2982.0,2982.0,2
2024-11-20 20:10:00,2980.0,2980.0,2980.0,2980.0,1
2024-11-20 20:20:00,2973.0,2973.0,2973.0,2973.0,1
2024-11-21 10:20:00,2836.0,2990.0,2836.0,2990.0,2
2024-11-21 10:40:00,2977.0,2977.0,2977.0,2977.0,1
2024-11-21 12:20:00,2970.0,2970.0,2967.0,2967.0,2
2024-11-21 15:30:00,2990.0,2990.0,2990.0,2990.0,1
2024-11-21 16:10:00,3000.0,3000.0,3000.0,3000.0,1
2024-11-21 16:50:00,3010.0,3010.0,3010.0,3010.0,1
2024-11-21 17:10:00,3022.0,3022.0,3022.0,3022.0,1
2024-11-21 18:20:00,3016.5,3016.5,3003.5,3003.5,2
2024-11-21 19:10:00,2994.0,2994.0,2994.0,2994.0,1
2024-11-22 11:00:00,3002.5,3002.5,3002.5,3002.5,700
2024-11-22 15:10:00,2971.5,2971.5,2971.5,2971.5,1
2024-11-22 15:50:00,2971.5,2971.5,2971.5,2971.5,4
2024-11-22 16:10:00,2969.5,2969.5,2969.5,2969.5,1
2024-11-22 18:40:00,2989.0,2989.5,2989.0,2989.5,2
2024-11-22 19:30:00,2975.5,2975.5,2975.5,2975.5,3
2024-11-22 21:20:00,2971.5,2971.5,2971.5,2971.5,1
2024-11-25 14:00:00,3003.5,3003.5,3003.5,3003.5,1
2024-11-25 17:30:00,3013.5,3013.5,3013.5,3013.5,1
2024-11-26 10:10:00,3031.0,3031.0,3031.0,3031.0,2
2024-11-26 12:00:00,3035.0,3035.0,3035.0,3035.0,1
2024-11-26 12:20:00,3070.5,3070.5,3070.5,3070.5,3
2024-11-26 12:30:00,3073.0,3073.0,3073.0,3073.0,1
2024-11-26 13:50:00,3080.0,3080.0,3080.0,3080.0,1
2024-11-26 16:20:00,3086.5,3086.5,3086.5,3086.5,1
2024-11-26 17:30:00,3081.0,3081.0,3081.0,3081.0,5
2024-11-26 18:40:00,3090.0,3090.0,3089.5,3089.5,11
2024-11-26 19:10:00,3098.5,3098.5,3098.5,3098.5,10
2024-11-26 19:50:00,3094.5,3094.5,3094.5,3094.5,1
2024-11-26 20:30:00,3081.5,3081.5,3081.5,3081.5,3
2024-11-26 21:10:00,3078.5,3078.5,3063.5,3063.5,2
2024-11-27 10:20:00,3108.0,3108.0,3108.0,3108.0,3
2024-11-27 11:00:00,3120.0,3120.0,3120.0,3120.0,1
2024-11-27 11:30:00,3125.5,3125.5,3125.5,3125.5,1
2024-11-27 11:50:00,3128.0,3144.5,3128.0,3144.5,3
2024-11-27 12:50:00,3113.5,3113.5,3113.5,3113.5,1
2024-11-27 14:10:00,3120.5,3120.5,3120.5,3120.5,1
2024-11-27 14:40:00,3110.0,3110.0,3110.0,3110.0,3
2024-11-27 16:40:00,3115.5,3115.5,3115.5,3115.5,1
2024-11-27 19:10:00,3129.0,3129.0,3129.0,3129.0,2
2024-11-28 10:10:00,3084.5,3084.5,3084.5,3084.5,2
2024-11-28 12:00:00,3026.5,3026.5,3026.5,3026.5,1
2024-11-28 14:10:00,3038.0,3038.0,3038.0,3038.0,1
2024-11-28 16:10:00,3052.0,3052.0,3052.0,3052.0,1
2024-11-29 16:30:00,3088.0,3088.0,3088.0,3088.0,1
2024-11-29 16:40:00,3079.5,3080.0,3079.5,3080.0,7
2024-11-29 17:50:00,3083.0,3083.0,3083.0,3083.0,2
2024-11-29 18:00:00,3091.5,3093.5,3091.5,3093.5,9
2024-11-29 18:30:00,3101.5,3101.5,3101.5,3101.5,1
2024-11-29 19:30:00,3111.5,3111.5,3111.5,3111.5,5
2024-11-29 19:40:00,3105.5,3105.5,3105.5,3105.5,5
2024-11-29 19:50:00,3104.5,3104.5,3104.5,3104.5,1
2024-12-02 19:20:00,3081.5,3081.5,3081.5,3081.5,1
2024-12-02 20:40:00,3075.5,3075.5,3075.5,3075.5,2
2024-12-02 20:50:00,3075.0,3075.0,3075.0,3075.0,3
2024-12-03 11:00:00,3083.5,3083.5,3083.5,3083.5,1
2024-12-03 11:30:00,3083.5,3083.5,3083.5,3083.5,1
2024-12-18 11:10:00,2981.5,2981.5,2981.5,2981.5,1
2024-12-19 11:20:00,2960.0,2960.0,2960.0,2960.0,1
2024-12-19 11:30:00,2957.5,2957.5,2957.5,2957.5,1
2024-12-19 16:00:00,2974.0,2974.0,2974.0,2974.0,1
2024-12-19 16:20:00,2978.5,2978.5,2978.5,2978.5,2
2024-12-19 17:20:00,2971.5,2971.5,2971.5,2971.5,2
2024-12-20 11:20:00,2955.5,2955.5,2955.5,2955.5,1
2024-12-20 13:50:00,2953.5,2953.5,2953.5,2953.5,1
2024-12-20 17:30:00,2949.5,2949.5,2949.5,2949.5,1
2024-12-20 18:00:00,2948.5,2948.5,2948.5,2948.5,1
2024-12-23 11:10:00,2983.0,2983.0,2983.0,2983.0,2
2024-12-23 14:10:00,3003.5,3003.5,3003.5,3003.5,1
2025-01-03 10:20:00,2898.0,2898.0,2898.0,2898.0,10
2025-01-03 10:30:00,2897.5,2897.5,2897.5,2897.5,10
2025-01-03 12:00:00,2883.0,2883.0,2883.0,2883.0,5
2025-01-03 12:10:00,2891.5,2891.5,2891.5,2891.5,1
2025-01-03 12:50:00,2880.0,2880.0,2880.0,2880.0,1
2025-01-06 10:40:00,2868.5,2868.5,2868.5,2868.5,1
2025-01-06 13:10:00,2872.0,2872.0,2872.0,2872.0,1
2025-01-06 13:20:00,2867.0,2867.0,2867.0,2867.0,5
2025-01-06 15:30:00,2900.0,2900.5,2900.0,2900.5,6
2025-01-08 11:00:00,2832.0,2833.0,2830.5,2830.5,37
2025-01-08 12:40:00,2841.5,2841.5,2841.5,2841.5,1
2025-01-08 13:10:00,2833.0,2833.5,2833.0,2833.5,2
2025-01-08 14:00:00,2832.0,2832.0,2832.0,2832.0,26
2025-01-08 14:10:00,2830.5,2830.5,2830.0,2830.0,3
2025-01-08 14:20:00,2831.5,2831.5,2831.5,2831.5,25
2025-01-08 14:30:00,2828.0,2828.0,2825.0,2825.0,5
2025-01-08 16:00:00,2818.5,2818.5,2818.5,2818.5,25
2025-01-08 16:30:00,2804.5,2804.5,2801.5,2801.5,11
2025-01-08 16:50:00,2808.5,2808.5,2808.5,2808.5,2
2025-01-08 17:00:00,2812.5,2812.5,2812.5,2812.5,1
2025-01-08 17:30:00,2802.0,2802.0,2802.0,2802.0,1
2025-01-08 18:40:00,2798.0,2798.0,2798.0,2798.0,2
2025-01-09 11:30:00,2823.0,2828.0,2823.0,2827.0,6
2025-01-09 11:40:00,2825.0,2825.0,2825.0,2825.0,1
2025-01-09 12:00:00,2833.0,2841.0,2833.0,2841.0,6
2025-01-09 15:40:00,2837.0,2837.0,2837.0,2837.0,1
2025-01-09 16:00:00,2835.0,2835.0,2835.0,2835.0,125
2025-01-09 16:30:00,2833.0,2833.0,2833.0,2833.0,2
2025-01-09 19:00:00,2815.0,2815.0,2815.0,2815.0,1
2025-01-09 19:10:00,2813.0,2813.0,2813.0,2813.0,4
2025-01-10 10:40:00,2832.5,2832.5,2832.5,2832.5,1
2025-01-10 12:10:00,2858.0,2858.0,2858.0,2858.0,1
2025-01-10 13:10:00,2859.0,2863.0,2859.0,2863.0,2
2025-01-10 13:20:00,2858.0,2858.0,2858.0,2858.0,1
2025-01-10 16:30:00,2858.0,2858.0,2858.0,2858.0,1
2025-01-10 17:10:00,2873.0,2873.0,2873.0,2873.0,1
2025-01-10 17:20:00,2884.5,2884.5,2884.5,2884.5,3
2025-01-10 18:40:00,2870.5,2870.5,2870.5,2870.5,1
2025-01-10 19:30:00,2840.0,2851.5,2840.0,2851.5,9
2025-01-13 16:00:00,2858.5,2858.5,2858.5,2858.5,1
2025-01-13 17:00:00,2846.0,2846.5,2844.0,2846.5,11
2025-01-13 21:40:00,2836.5,2836.5,2836.5,2836.5,3
2025-01-13 22:30:00,2991.5,3002.0,2988.5,3002.0,4
2025-01-13 22:40:00,2794.5,2794.5,2745.5,2745.5,4
2025-01-13 22:50:00,2828.0,2833.0,2828.0,2833.0,3
2025-01-14 10:00:00,2832.5,2832.5,2832.5,2832.5,1
2025-01-14 10:20:00,2832.5,2832.5,2832.5,2832.5,2
2025-01-14 10:30:00,2833.0,2837.5,2833.0,2837.5,19
2025-01-14 19:30:00,2843.0,2844.5,2832.5,2832.5,8
2025-01-15 17:00:00,2832.0,2832.0,2832.0,2832.0,4
2025-01-17 23:00:00,3036.5,3036.5,3036.5,3036.5,1
2025-01-20 10:20:00,2902.5,2902.5,2902.5,2902.5,1
2025-01-20 10:30:00,2905.5,2905.5,2905.5,2905.5,2
2025-01-20 10:40:00,2905.5,2913.5,2905.5,2913.5,30
2025-01-20 11:20:00,2933.0,2933.0,2933.0,2933.0,1
2025-01-20 12:20:00,2893.0,2893.0,2893.0,2893.0,1
2025-01-20 13:10:00,2911.0,2911.0,2911.0,2911.0,1
2025-01-20 14:40:00,2908.5,2908.5,2908.5,2908.5,1
2025-01-20 14:50:00,2908.0,2908.0,2908.0,2908.0,1
2025-01-21 18:20:00,2894.5,2894.5,2894.5,2894.5,1
2025-01-21 20:30:00,2888.0,2888.0,2888.0,2888.0,1
2025-01-22 13:40:00,2866.0,2866.0,2866.0,2866.0,10
2025-01-22 14:10:00,2864.0,2864.0,2864.0,2864.0,1
2025-01-22 14:20:00,2870.0,2870.0,2870.0,2870.0,1
2025-01-22 16:40:00,2873.0,2873.0,2873.0,2873.0,1
2025-01-22 19:10:00,2873.0,2873.0,2873.0,2873.0,1
2025-01-23 18:30:00,2833.5,2833.5,2833.5,2833.5,1
2025-01-23 21:50:00,2821.5,2821.5,2821.5,2821.5,10
2025-01-23 23:40:00,2881.0,2881.0,2881.0,2881.0,1
2025-01-24 10:00:00,2856.0,2856.0,2846.5,2846.5,11
2025-01-24 11:10:00,2860.0,2860.0,2860.0,2860.0,1
2025-01-24 13:00:00,2853.5,2853.5,2853.5,2853.5,4
2025-01-24 17:30:00,2821.5,2821.5,2821.5,2821.5,25
2025-01-24 17:50:00,2812.0,2812.0,2812.0,2812.0,10
2025-01-24 18:30:00,2809.5,2810.5,2809.5,2810.5,12
2025-01-24 19:20:00,2804.0,2804.0,2799.0,2799.0,16
2025-01-24 21:00:00,2803.5,2803.5,2803.5,2803.5,7
2025-01-27 10:00:00,2791.0,2801.5,2791.0,2801.5,39
2025-01-27 16:10:00,2813.0,2813.0,2813.0,2813.0,2
2025-01-27 17:30:00,2792.0,2792.0,2792.0,2792.0,36
2025-01-28 09:20:00,2789.0,2789.0,2789.0,2789.0,1
2025-01-28 16:00:00,2766.0,2766.0,2766.0,2766.0,3
2025-01-28 16:40:00,2756.5,2757.5,2756.5,2757.5,3
2025-01-28 19:30:00,2753.0,2753.0,2746.5,2746.5,4
2025-01-28 20:40:00,2728.0,2741.5,2728.0,2741.5,6
2025-01-28 20:50:00,2739.0,2739.0,2739.0,2739.0,1
2025-01-28 21:20:00,2740.5,2740.5,2740.5,2740.5,1
2025-01-28 21:30:00,2740.5,2740.5,2740.5,2740.5,1
2025-01-29 10:40:00,2729.0,2729.0,2729.0,2729.0,3
2025-01-29 12:00:00,2723.0,2723.0,2721.0,2721.0,2
2025-01-29 12:20:00,2727.5,2727.5,2727.5,2727.5,5
2025-01-30 09:40:00,2745.5,2745.5,2745.5,2745.5,1
2025-01-30 11:10:00,2746.0,2746.0,2746.0,2746.0,1
2025-01-30 11:40:00,2753.0,2754.0,2753.0,2754.0,5
2025-01-30 16:50:00,2769.0,2769.5,2768.5,2769.5,77
2025-01-30 18:10:00,2783.0,2783.0,2783.0,2783.0,1
2025-01-30 18:30:00,2779.0,2779.0,2779.0,2779.0,1
2025-01-30 19:20:00,2777.5,2777.5,2770.0,2770.0,12
2025-01-30 19:30:00,2763.0,2763.0,2762.0,2762.0,2
2025-01-30 20:50:00,2757.0,2757.0,2757.0,2757.0,1
2025-01-31 10:20:00,2748.0,2748.0,2748.0,2748.0,1
2025-01-31 10:50:00,2748.0,2748.0,2748.0,2748.0,1
2025-01-31 13:10:00,2743.0,2743.0,2743.0,2743.0,1
2025-01-31 13:20:00,2743.0,2743.0,2743.0,2743.0,2
2025-01-31 14:10:00,2737.5,2737.5,2737.5,2737.5,1
2025-01-31 14:20:00,2733.0,2733.0,2733.0,2733.0,1
2025-01-31 15:10:00,2734.0,2734.0,2734.0,2734.0,1
2025-01-31 17:10:00,2725.0,2725.0,2725.0,2725.0,1
2025-01-31 17:20:00,2722.0,2722.0,2722.0,2722.0,2
2025-01-31 18:00:00,2722.0,2722.0,2722.0,2722.0,1
2025-01-31 19:00:00,2716.0,2716.0,2716.0,2716.0,1
2025-01-31 19:40:00,2713.5,2713.5,2713.5,2713.5,2
2025-01-31 21:50:00,2716.0,2716.0,2716.0,2716.0,2
2025-02-03 09:10:00,2691.0,2691.0,2691.0,2691.0,1
2025-02-03 09:50:00,2683.0,2683.0,2681.0,2681.0,3
2025-02-03 10:20:00,2699.0,2699.0,2699.0,2699.0,3
2025-02-03 12:00:00,2699.0,2699.0,2699.0,2699.0,2
2025-02-03 15:40:00,2699.0,2699.0,2699.0,2699.0,1
2025-02-03 16:50:00,2713.0,2713.0,2713.0,2713.0,1
2025-02-03 17:30:00,2714.0,2714.0,2714.0,2714.0,1
2025-02-03 17:40:00,2729.0,2729.0,2729.0,2729.0,700
2025-02-03 17:50:00,2734.5,2734.5,2734.5,2734.5,700
2025-02-03 18:00:00,2741.5,2741.5,2726.0,2726.0,2041
2025-02-03 19:00:00,2755.0,2755.0,2755.0,2755.0,2
2025-02-03 19:40:00,2764.5,2764.5,2764.5,2764.5,4
2025-02-03 20:20:00,2772.5,2772.5,2772.0,2772.0,9
2025-02-03 20:50:00,2765.0,2765.0,2765.0,2765.0,700
2025-02-03 21:30:00,2723.0,2773.0,2723.0,2773.0,2
2025-02-04 09:20:00,2771.5,2771.5,2771.5,2771.5,2
2025-02-04 09:30:00,2771.5,2772.0,2771.5,2772.0,9
2025-02-04 11:00:00,2744.5,2744.5,2744.5,2744.5,1
2025-02-04 11:10:00,2744.0,2745.5,2744.0,2745.5,2
2025-02-04 11:30:00,2757.0,2760.0,2757.0,2760.0,2
2025-02-04 12:40:00,2772.0,2772.0,2772.0,2772.0,1
2025-02-04 13:00:00,2776.5,2776.5,2776.5,2776.5,1
2025-02-04 13:40:00,2771.5,2771.5,2771.5,2771.5,8
2025-02-04 17:30:00,2767.5,2767.5,2767.5,2767.5,1
2025-02-04 17:50:00,2781.0,2781.0,2781.0,2781.0,700
2025-02-04 18:00:00,2783.0,2783.0,2783.0,2783.0,1
2025-02-04 18:10:00,2780.5,2783.0,2780.5,2783.0,2
2025-02-04 18:30:00,2788.0,2791.0,2788.0,2791.0,3
2025-02-04 19:40:00,2770.5,2770.5,2770.5,2770.5,3
2025-02-04 21:30:00,2769.0,2769.0,2769.0,2769.0,1
2025-02-04 21:50:00,2768.5,2768.5,2768.5,2768.5,1
2025-02-05 08:50:00,2762.5,2762.5,2762.5,2762.5,1
2025-02-05 09:10:00,2766.5,2766.5,2766.5,2766.5,10
2025-02-05 10:10:00,2770.5,2770.5,2770.5,2770.5,1
2025-02-05 13:20:00,2747.0,2747.0,2747.0,2747.0,3
2025-02-05 14:30:00,2733.5,2733.5,2733.5,2733.5,1
2025-02-05 16:30:00,2733.0,2733.0,2725.0,2725.0,3
2025-02-05 16:40:00,2728.0,2728.0,2728.0,2728.0,4
2025-02-05 17:10:00,2735.0,2735.0,2735.0,2735.0,1
2025-02-05 18:10:00,2747.0,2747.0,2747.0,2747.0,1
2025-02-05 20:40:00,2752.0,2752.0,2752.0,2752.0,1
2025-02-06 09:40:00,2790.5,2790.5,2789.0,2789.0,3
2025-02-06 10:00:00,2787.5,2800.5,2787.5,2800.5,6
2025-02-06 10:10:00,2784.0,2784.0,2784.0,2784.0,1
2025-02-06 10:50:00,2775.5,2775.5,2775.5,2775.5,1
2025-02-06 13:30:00,2783.5,2783.5,2783.5,2783.5,700
2025-02-06 13:40:00,2750.5,2750.5,2750.5,2750.5,2
2025-02-06 17:50:00,2793.0,2793.0,2793.0,2793.0,1
2025-02-06 18:30:00,2786.5,2786.5,2786.5,2786.5,1
2025-02-06 18:40:00,2789.5,2789.5,2789.5,2789.5,1
2025-02-06 19:30:00,2783.0,2783.0,2783.0,2783.0,10
2025-02-07 10:30:00,2821.5,2821.5,2821.5,2821.5,1
2025-02-07 10:50:00,2822.5,2822.5,2822.5,2822.5,1
2025-02-07 11:20:00,2832.5,2832.5,2832.5,2832.5,2
2025-02-07 13:00:00,2829.0,2829.0,2829.0,2829.0,1
2025-02-07 13:30:00,2820.5,2820.5,2820.5,2820.5,3
2025-02-07 15:00:00,2819.5,2823.0,2818.0,2818.0,3
2025-02-07 17:00:00,2813.0,2813.0,2813.0,2813.0,30
2025-02-07 17:10:00,2818.5,2818.5,2818.5,2818.5,12
2025-02-07 17:30:00,2820.0,2820.0,2820.0,2820.0,5
2025-02-07 17:40:00,2829.0,2829.0,2829.0,2829.0,2
2025-02-07 18:00:00,2827.5,2827.5,2816.5,2818.0,12
2025-02-07 18:30:00,2816.0,2816.0,2815.0,2816.0,19
2025-02-07 18:40:00,2814.0,2814.0,2814.0,2814.0,1
2025-02-07 19:00:00,2810.5,2810.5,2810.5,2810.5,1
2025-02-10 09:10:00,2793.0,2793.0,2793.0,2793.0,1
2025-02-10 10:10:00,2795.0,2795.0,2795.0,2795.0,1
2025-02-10 12:00:00,2795.0,2795.0,2795.0,2795.0,1
2025-02-10 12:40:00,2784.0,2784.0,2784.0,2784.0,5
2025-02-10 15:10:00,2787.0,2787.0,2787.0,2787.0,6
2025-02-10 17:50:00,2788.0,2788.0,2788.0,2788.0,1
2025-02-10 20:00:00,2794.0,2794.0,2794.0,2794.0,1
2025-02-11 10:30:00,2793.0,2793.0,2793.0,2793.0,1
2025-02-11 18:00:00,2774.0,2774.0,2774.0,2774.0,3
2025-02-11 18:40:00,2779.5,2779.5,2779.5,2779.5,1
2025-02-11 23:10:00,2885.5,2885.5,2885.5,2885.5,1
2025-02-11 23:20:00,2719.5,2752.0,2719.5,2752.0,6
2025-02-11 23:40:00,2783.0,2783.0,2783.0,2783.0,1
2025-02-12 09:00:00,2799.5,2799.5,2799.5,2799.5,2
2025-02-12 09:40:00,2813.5,2813.5,2813.5,2813.5,1
2025-02-12 09:50:00,2813.5,2814.5,2813.5,2814.5,2
2025-02-12 10:20:00,2804.0,2810.0,2804.0,2810.0,4
2025-02-12 10:40:00,2809.5,2811.5,2809.5,2811.5,3
2025-02-12 11:50:00,2824.5,2824.5,2824.5,2824.5,1
2025-02-12 13:00:00,2820.0,2820.0,2817.0,2817.0,2
2025-02-12 15:30:00,2826.0,2826.0,2826.0,2826.0,1
2025-02-12 15:40:00,2817.0,2817.0,2817.0,2817.0,1
2025-02-12 18:00:00,2798.5,2798.5,2798.5,2798.5,1
2025-02-12 18:30:00,2816.5,2816.5,2816.5,2816.5,1
2025-02-12 20:20:00,2829.0,2829.0,2829.0,2829.0,1
2025-02-13 10:00:00,2813.0,2813.0,2813.0,2813.0,1
2025-02-13 10:20:00,2822.5,2822.5,2822.5,2822.5,1
2025-02-13 15:00:00,2810.0,2810.5,2798.0,2798.0,6
2025-02-13 15:10:00,2808.5,2808.5,2808.0,2808.0,5
2025-02-13 15:30:00,2809.0,2809.5,2809.0,2809.5,4
2025-02-13 15:50:00,2809.5,2815.5,2809.5,2815.5,3
2025-02-13 16:30:00,2814.0,2814.0,2814.0,2814.0,2
2025-02-13 16:40:00,2806.0,2818.0,2806.0,2815.5,3
2025-02-13 16:50:00,2803.0,2803.0,2803.0,2803.0,35
2025-02-14 13:10:00,2859.0,2859.0,2859.0,2859.0,5
2025-02-14 13:20:00,2858.5,2858.5,2846.0,2846.5,6
2025-02-14 15:40:00,2858.5,2858.5,2858.5,2858.5,4
2025-02-14 15:50:00,2852.0,2852.0,2852.0,2852.0,4
2025-02-17 15:40:00,2805.0,2805.0,2805.0,2805.0,2
2025-02-17 16:00:00,2801.0,2801.0,2801.0,2801.0,4
2025-02-18 10:20:00,2825.5,2825.5,2825.5,2825.5,1
2025-02-18 12:20:00,2818.0,2818.0,2818.0,2818.0,11
2025-02-18 13:40:00,2830.0,2830.0,2830.0,2830.0,1
2025-02-18 19:10:00,2853.0,2853.0,2853.0,2853.0,1
2025-02-18 21:00:00,2842.5,2842.5,2842.5,2842.5,2
2025-02-19 11:00:00,2842.0,2842.0,2842.0,2842.0,3
2025-02-19 14:50:00,2845.0,2845.0,2845.0,2845.0,2
2025-02-19 16:30:00,2843.0,2843.0,2843.0,2843.0,1
2025-02-19 19:20:00,2836.0,2836.0,2836.0,2836.0,11
2025-02-19 20:20:00,2838.5,2838.5,2838.5,2838.5,1
2025-02-20 11:00:00,2864.5,2864.5,2864.5,2864.5,11
2025-02-20 11:20:00,2860.5,2860.5,2860.5,2860.5,10
2025-02-20 15:10:00,2867.0,2867.0,2867.0,2867.0,1
2025-02-20 15:50:00,2870.5,2870.5,2870.5,2870.5,2
2025-02-20 17:00:00,2876.5,2876.5,2876.5,2876.5,1
2025-02-21 12:00:00,2849.5,2849.5,2849.5,2849.5,2
2025-02-21 12:10:00,2858.0,2858.0,2858.0,2858.0,1
2025-02-21 13:00:00,2869.0,2869.0,2858.5,2858.5,16
2025-02-21 16:30:00,2869.5,2869.5,2859.5,2859.5,4
2025-02-21 16:40:00,2869.5,2869.5,2859.5,2859.5,2
2025-02-21 17:00:00,2868.0,2868.0,2858.0,2859.0,6
2025-02-24 09:10:00,2872.5,2873.5,2859.5,2873.5,8
2025-02-24 09:20:00,2873.0,2873.0,2860.0,2860.5,4
2025-02-24 16:10:00,2832.5,2832.5,2832.5,2832.5,1
2025-02-24 16:20:00,2821.0,2821.0,2821.0,2821.0,1
2025-02-24 17:10:00,2821.0,2821.0,2821.0,2821.0,1
2025-02-24 21:20:00,2797.0,2797.0,2797.0,2797.0,1
2025-02-24 21:40:00,2800.0,2800.0,2800.0,2800.0,1
2025-02-25 10:30:00,2793.5,2793.5,2793.5,2793.5,4
2025-02-25 11:50:00,2784.0,2784.0,2784.0,2784.0,1
2025-02-25 12:40:00,2768.5,2781.0,2768.5,2768.5,14
2025-02-25 12:50:00,2774.5,2774.5,2774.5,2774.5,1
2025-02-25 13:00:00,2773.0,2773.0,2773.0,2773.0,1
2025-02-25 15:10:00,2772.0,2772.0,2772.0,2772.0,1
2025-02-25 18:30:00,2777.5,2778.0,2767.5,2767.5,26
2025-02-25 19:20:00,2773.0,2773.0,2773.0,2773.0,5
2025-02-25 20:30:00,2767.0,2767.0,2767.0,2767.0,10
2025-02-25 20:50:00,2768.5,2768.5,2768.5,2768.5,10
2025-02-26 12:50:00,2789.5,2789.5,2789.5,2789.5,5
2025-02-26 17:00:00,2778.0,2778.0,2778.0,2778.0,1
2025-02-26 17:30:00,2773.0,2773.0,2768.0,2768.0,3
2025-02-26 19:30:00,2773.5,2773.5,2773.5,2773.5,1
2025-02-26 20:20:00,2783.0,2783.0,2783.0,2783.0,10
2025-02-26 20:30:00,2781.5,2781.5,2781.5,2781.5,1
2025-02-26 21:00:00,2766.0,2766.0,2766.0,2766.0,3
2025-02-27 11:00:00,2787.0,2787.0,2787.0,2787.0,5
2025-02-27 11:10:00,2786.0,2786.0,2786.0,2786.0,2
2025-02-27 12:10:00,2797.5,2797.5,2797.5,2797.5,3
2025-02-27 13:30:00,2807.5,2807.5,2807.5,2807.5,13
2025-02-27 14:00:00,2810.0,2810.0,2809.0,2809.0,8
2025-02-27 15:00:00,2800.0,2800.0,2800.0,2800.0,10
2025-02-27 15:20:00,2797.5,2797.5,2797.5,2797.5,1
2025-02-27 15:50:00,2788.0,2788.0,2788.0,2788.0,10
2025-02-27 16:50:00,2788.0,2788.0,2788.0,2788.0,1
2025-02-27 17:40:00,2786.0,2786.0,2783.0,2783.0,3
2025-02-27 18:00:00,2787.0,2787.0,2787.0,2787.0,2
2025-02-27 20:50:00,2773.0,2773.0,2764.5,2764.5,3
2025-02-27 21:30:00,2778.0,2778.0,2778.0,2778.0,1
2025-02-28 12:30:00,2738.0,2738.0,2737.5,2737.5,5
2025-02-28 12:40:00,2749.0,2749.0,2749.0,2749.0,1
2025-02-28 17:50:00,2759.0,2759.0,2759.0,2759.0,1
2025-02-28 18:00:00,2754.0,2754.0,2754.0,2754.0,11
2025-03-03 13:30:00,2789.5,2789.5,2789.5,2789.5,1
2025-03-03 19:50:00,2799.0,2799.0,2799.0,2799.0,3
2025-03-04 09:00:00,2794.0,2794.0,2794.0,2794.0,10
2025-03-05 12:00:00,2818.0,2820.5,2818.0,2820.5,7
2025-03-05 14:10:00,2826.0,2826.0,2815.0,2815.0,2
2025-03-05 14:20:00,2814.0,2814.0,2814.0,2814.0,2
2025-03-05 17:10:00,2819.0,2819.0,2819.0,2819.0,1
2025-03-05 17:40:00,2820.5,2820.5,2820.5,2820.5,14
2025-03-05 18:10:00,2821.5,2821.5,2821.5,2821.5,20
2025-03-05 18:40:00,2822.0,2822.0,2822.0,2822.0,1
2025-03-05 22:20:00,2912.0,2912.0,2833.0,2833.0,2
2025-03-06 10:30:00,2855.5,2855.5,2855.5,2855.5,8
2025-03-06 10:40:00,2853.5,2853.5,2853.5,2853.5,2
2025-03-06 11:10:00,2857.5,2858.5,2857.5,2858.5,2
2025-03-06 19:00:00,2877.5,2877.5,2877.5,2877.5,3
2025-03-06 20:20:00,2881.0,2881.0,2881.0,2881.0,11
2025-03-07 15:40:00,2849.0,2849.0,2848.0,2848.0,2
2025-03-07 15:50:00,2845.0,2845.0,2842.5,2842.5,701
2025-03-07 16:20:00,2836.5,2836.5,2836.5,2836.5,2
2025-03-07 17:10:00,2836.0,2836.0,2836.0,2836.0,1
2025-03-10 15:40:00,2938.0,2938.0,2828.0,2828.0,4
2025-03-10 15:50:00,2827.5,2827.5,2815.5,2815.5,2
2025-03-10 16:10:00,2816.0,2816.0,2816.0,2816.0,2
2025-03-10 16:40:00,2822.0,2822.0,2822.0,2822.0,2
2025-03-10 16:50:00,2826.5,2826.5,2826.5,2826.5,2
2025-03-11 13:10:00,2862.0,2862.0,2862.0,2862.0,2
2025-03-11 14:20:00,2869.0,2869.0,2869.0,2869.0,2
2025-03-11 16:30:00,2864.5,2864.5,2864.5,2864.5,1
2025-03-11 18:00:00,2861.0,2861.0,2861.0,2861.0,2
2025-03-12 09:00:00,2883.0,2883.0,2883.0,2883.0,1
2025-03-12 09:10:00,2864.5,2864.5,2864.5,2864.5,13
2025-03-12 10:00:00,2858.0,2858.0,2858.0,2858.0,1
2025-03-12 10:10:00,2861.5,2861.5,2861.5,2861.5,1
2025-03-12 10:50:00,2868.0,2868.0,2868.0,2868.0,4
2025-03-12 11:00:00,2876.0,2876.5,2876.0,2876.5,2
2025-03-17 19:10:00,2967.0,2967.0,2967.0,2967.0,1
2025-03-17 19:40:00,2932.5,2932.5,2932.5,2932.5,1
2025-03-17 19:50:00,2884.5,2884.5,2884.5,2884.5,1
2025-03-17 21:40:00,2891.0,2891.0,2891.0,2891.0,1
2025-03-17 21:50:00,2972.5,2972.5,2972.5,2972.5,1
2025-03-18 09:00:00,2927.0,2927.0,2927.0,2927.0,3
2025-03-18 12:10:00,2933.0,2933.0,2933.0,2933.0,1
2025-07-25 23:00:00,2933.0,2933.0,2933.0,2933.0,2
2025-07-28 14:20:00,2763.5,2763.5,2763.5,2763.5,1
2025-07-28 15:30:00,2773.0,2773.0,2773.0,2773.0,1
2025-07-30 13:10:00,2816.5,2881.0,2816.5,2881.0,4
2025-07-30 21:20:00,2749.0,2749.0,2749.0,2749.0,4
2025-07-31 11:10:00,2818.5,2818.5,2818.5,2818.5,1
2025-07-31 21:20:00,2855.5,2907.0,2855.5,2907.0,3
2025-07-31 23:00:00,2906.5,2906.5,2906.5,2906.5,2
2025-08-01 16:30:00,2763.0,2763.0,2763.0,2763.0,1
2025-08-01 16:50:00,2763.0,2763.0,2763.0,2763.0,1
2025-08-01 19:40:00,2898.0,2898.0,2898.0,2898.0,3
2025-08-01 20:00:00,2763.5,2763.5,2763.5,2763.5,6
2025-08-01 20:10:00,2894.0,2894.0,2894.0,2894.0,3
2025-08-04 21:10:00,2771.0,2771.0,2771.0,2771.0,3
2025-08-05 09:00:00,2870.0,2870.0,2870.0,2870.0,1
2025-08-05 10:40:00,2870.0,2870.0,2870.0,2870.0,1
2025-08-05 11:20:00,2812.5,2812.5,2812.5,2812.5,1
2025-08-05 17:00:00,2773.5,2773.5,2773.5,2773.5,1
2025-08-06 09:30:00,2861.5,2861.5,2861.5,2861.5,1
2025-08-06 10:10:00,2858.5,2859.0,2858.5,2859.0,8
2025-08-06 10:30:00,2781.5,2781.5,2781.5,2781.5,4
2025-08-06 11:20:00,2790.0,2790.0,2790.0,2790.0,6
2025-08-06 13:10:00,2855.0,2855.0,2855.0,2855.0,1
2025-08-06 13:20:00,2792.0,2792.0,2792.0,2792.0,1
2025-08-06 13:30:00,2855.0,2858.5,2855.0,2858.5,3
2025-08-06 14:50:00,2818.0,2818.0,2818.0,2818.0,2
2025-08-06 16:20:00,2827.0,2827.0,2827.0,2827.0,1
2025-08-06 16:30:00,2826.5,2826.5,2826.5,2826.5,1
2025-08-06 16:40:00,2825.5,2825.5,2817.5,2817.5,2
2025-08-06 16:50:00,2855.0,2861.5,2855.0,2861.5,5
2025-08-06 18:00:00,2855.0,2855.0,2855.0,2855.0,1
2025-08-06 20:40:00,2820.5,2820.5,2820.5,2820.5,1
2025-08-07 17:10:00,2851.0,2851.0,2851.0,2851.0,1
2025-08-07 21:30:00,2870.5,2870.5,2820.5,2820.5,3
2025-08-07 23:40:00,2820.5,2820.5,2820.5,2820.5,2
2025-08-08 17:30:00,2850.5,2850.5,2850.5,2850.5,2
2025-08-08 18:00:00,2850.5,2850.5,2850.5,2850.5,1
2025-08-11 13:50:00,2850.5,2850.5,2850.5,2850.5,1
2025-08-11 19:30:00,2849.0,2849.0,2849.0,2849.0,1
2025-08-13 18:00:00,2856.5,2856.5,2855.5,2855.5,2
2025-08-13 18:20:00,2843.5,2843.5,2837.5,2837.5,2
2025-08-14 09:40:00,2821.0,2821.0,2821.0,2821.0,1
2025-08-17 10:00:00,2805.5,2805.5,2805.5,2805.5,1
2025-08-20 22:30:00,2799.5,2799.5,2799.5,2799.5,1
2025-08-21 16:10:00,2741.0,2794.5,2741.0,2794.5,2
2025-08-24 15:10:00,2860.5,2863.0,2860.5,2863.0,5
2025-08-25 09:20:00,2871.5,2893.5,2871.5,2893.5,42
2025-08-25 09:30:00,2876.5,2876.5,2876.5,2876.5,1
2025-08-25 09:40:00,2854.5,2854.5,2830.0,2830.0,42
2025-08-25 11:20:00,2833.0,2833.0,2833.0,2833.0,1
2025-08-26 11:10:00,2851.5,2851.5,2851.5,2851.5,1
2025-08-26 13:00:00,2812.5,2830.5,2811.5,2830.5,5
2025-08-26 23:40:00,2859.5,2859.5,2859.5,2859.5,1
2025-08-27 16:00:00,2793.5,2793.5,2785.5,2785.5,2
2025-08-27 16:20:00,2803.5,2803.5,2803.5,2803.5,1
2025-08-27 16:30:00,2784.5,2784.5,2784.5,2784.5,1
2025-08-27 19:10:00,2803.5,2803.5,2803.5,2803.5,1
2025-08-27 19:20:00,2803.5,2803.5,2785.5,2785.5,16
2025-08-28 11:00:00,2786.0,2786.0,2785.5,2785.5,3
2025-08-28 23:40:00,2814.5,2814.5,2814.5,2814.5,1
2025-08-29 10:10:00,2803.5,2803.5,2803.5,2803.5,1
2025-08-29 10:30:00,2814.5,2814.5,2814.5,2814.5,1
2025-08-29 10:50:00,2777.0,2777.0,2777.0,2777.0,1
2025-08-29 11:30:00,2804.0,2839.0,2804.0,2839.0,2
2025-08-29 14:00:00,2819.5,2819.5,2785.5,2785.5,15
2025-08-29 19:30:00,2785.5,2785.5,2785.5,2785.5,2
2025-08-30 15:00:00,2814.0,2814.0,2814.0,2814.0,1
2025-09-02 11:20:00,2843.0,2843.0,2843.0,2843.0,1
2025-09-02 11:30:00,2870.0,2870.0,2870.0,2870.0,1
2025-09-02 12:20:00,2872.0,2876.5,2872.0,2876.5,2
2025-09-02 13:10:00,2868.5,2868.5,2868.5,2868.5,1
2025-09-02 13:30:00,2845.5,2845.5,2845.5,2845.5,4
2025-09-02 14:30:00,2846.0,2846.0,2846.0,2846.0,2
2025-09-03 09:10:00,2875.0,2885.0,2875.0,2885.0,2
2025-09-03 10:40:00,2914.0,2914.0,2914.0,2914.0,1
2025-09-03 11:00:00,2891.0,2891.0,2891.0,2891.0,1
2025-09-03 11:30:00,2914.0,2914.0,2914.0,2914.0,1
2025-09-03 13:10:00,2906.0,2920.0,2906.0,2920.0,2
2025-09-03 15:50:00,2868.0,2868.0,2855.5,2855.5,2
2025-09-03 22:30:00,2884.5,2884.5,2884.5,2884.5,1
2025-09-04 10:20:00,2862.5,2862.5,2862.5,2862.5,1
2025-09-04 23:30:00,2827.0,2827.0,2827.0,2827.0,1
2025-09-05 14:00:00,2866.0,2866.0,2866.0,2866.0,1
2025-09-08 11:00:00,2865.5,2865.5,2865.5,2865.5,2
2025-09-08 11:30:00,2891.0,2891.0,2891.0,2891.0,1
2025-09-08 15:10:00,2880.5,2880.5,2880.5,2880.5,1
2025-09-08 15:50:00,2880.5,2880.5,2880.5,2880.5,1
2025-09-08 22:20:00,2906.0,2919.5,2906.0,2919.5,2
2025-09-09 09:50:00,2862.0,2862.0,2850.5,2850.5,2
2025-09-10 17:10:00,2869.0,2869.0,2869.0,2869.0,55
2025-09-10 17:20:00,2869.0,2869.0,2869.0,2869.0,1
2025-09-10 20:40:00,2869.5,2869.5,2869.5,2869.5,1
2025-09-11 16:20:00,2868.0,2868.0,2868.0,2868.0,1
2025-09-11 17:30:00,2893.0,2893.0,2893.0,2893.0,1
2025-09-11 21:20:00,2916.5,2916.5,2916.5,2916.5,1
2025-09-12 09:00:00,2909.0,2909.0,2909.0,2909.0,1
2025-09-12 09:10:00,2894.0,2894.0,2894.0,2894.0,30
2025-09-12 10:30:00,2895.5,2895.5,2895.5,2895.5,1
2025-09-12 10:50:00,2892.0,2892.0,2892.0,2892.0,3
2025-09-12 11:00:00,2909.0,2909.0,2909.0,2909.0,2
2025-09-12 17:00:00,2932.5,2932.5,2932.5,2932.5,10
2025-09-12 18:30:00,2932.5,2932.5,2932.5,2932.5,1
2025-09-12 18:40:00,2937.0,2937.0,2937.0,2937.0,2
2025-09-12 23:00:00,2935.5,2935.5,2935.5,2935.5,1
2025-09-14 10:40:00,2952.5,2953.0,2952.5,2953.0,2
2025-09-14 12:20:00,2966.5,2971.5,2966.5,2971.5,4
2025-09-14 13:20:00,2903.0,2969.5,2893.0,2969.5,12
2025-09-14 18:50:00,2961.5,2967.5,2961.5,2967.5,5
2025-09-15 09:10:00,2955.5,2955.5,2955.0,2955.0,6
2025-09-15 10:20:00,2945.5,2945.5,2945.5,2945.5,1
2025-09-15 12:20:00,2938.5,2938.5,2938.5,2938.5,1
2025-09-15 13:10:00,2935.0,2935.0,2825.5,2825.5,6
2025-09-15 14:00:00,2933.0,2933.0,2926.5,2926.5,2
2025-09-15 16:00:00,2945.5,2945.5,2945.5,2945.5,1
2025-09-15 17:30:00,2950.5,2950.5,2950.5,2950.5,1
2025-09-15 18:00:00,2958.0,2958.0,2958.0,2958.0,1
2025-09-15 18:30:00,2963.0,2963.0,2963.0,2963.0,1
2025-09-15 23:20:00,2963.0,2963.0,2963.0,2963.0,1
2025-09-16 12:10:00,2954.5,2954.5,2954.5,2954.5,1
2025-09-16 12:20:00,2957.5,2957.5,2957.5,2957.5,3
2025-09-16 13:40:00,2962.5,2962.5,2962.5,2962.5,10
2025-09-16 14:00:00,2959.5,2973.0,2959.5,2973.0,2
2025-09-16 15:10:00,2973.0,2973.0,2973.0,2973.0,1
2025-09-16 15:30:00,2977.0,2977.0,2977.0,2977.0,20
2025-09-16 16:20:00,2975.5,2975.5,2975.5,2975.5,1
2025-09-16 16:30:00,2986.0,2986.0,2986.0,2986.0,2
2025-09-16 16:40:00,2986.5,2986.5,2986.5,2986.5,1
2025-09-16 17:30:00,2980.5,2980.5,2980.5,2980.5,1
2025-09-16 17:40:00,2983.5,2983.5,2983.5,2983.5,2
2025-09-16 18:10:00,2993.5,2993.5,2986.5,2986.5,30
2025-09-16 19:10:00,2977.5,2977.5,2977.5,2977.5,6
2025-09-17 10:20:00,2948.0,2961.0,2948.0,2961.0,16
2025-09-17 10:30:00,2961.0,2969.5,2961.0,2969.5,12
2025-09-17 11:10:00,2952.0,2952.0,2952.0,2952.0,2
2025-09-17 13:20:00,2942.5,2942.5,2942.5,2942.5,4
2025-09-17 14:10:00,2938.5,2938.5,2938.5,2938.5,4
2025-09-17 14:50:00,2934.5,2934.5,2934.5,2934.5,2
2025-09-17 17:50:00,2939.5,2939.5,2939.5,2939.5,1
2025-09-17 20:20:00,2931.5,2931.5,2931.5,2931.5,2
2025-09-18 09:30:00,2897.0,2897.0,2897.0,2897.0,2
2025-09-18 10:50:00,2896.5,2896.5,2896.5,2896.5,2
2025-09-18 12:10:00,2904.5,2904.5,2904.5,2904.5,1
2025-09-18 21:10:00,2837.5,2837.5,2837.5,2837.5,1
2025-09-19 09:00:00,2898.5,2898.5,2898.5,2898.5,1
2025-09-19 09:10:00,2914.0,2914.0,2900.0,2900.0,10
2025-09-19 09:20:00,2900.0,2900.0,2900.0,2900.0,2
2025-09-19 11:40:00,2904.5,2904.5,2904.5,2904.5,1
2025-09-19 12:20:00,2898.5,2898.5,2898.5,2898.5,1
2025-09-19 13:30:00,2892.5,2892.5,2892.5,2892.5,1
2025-09-19 14:40:00,2882.5,2882.5,2882.5,2882.5,1
2025-09-19 22:00:00,2976.0,2976.5,2976.0,2976.5,2
2025-09-19 22:20:00,2975.0,2975.0,2975.0,2975.0,1
2025-09-19 23:10:00,2874.0,2874.0,2874.0,2874.0,1
2025-09-19 23:20:00,2902.0,2902.0,2902.0,2902.0,2
2025-09-22 09:00:00,2896.5,2896.5,2896.5,2896.5,3
2025-09-22 10:50:00,2899.5,2899.5,2899.5,2899.5,2
2025-09-22 13:20:00,2911.0,2911.0,2911.0,2911.0,15
2025-09-22 15:20:00,2917.0,2917.0,2917.0,2917.0,1
2025-09-22 16:00:00,2910.5,2910.5,2910.5,2910.5,1
2025-09-22 16:20:00,2901.0,2901.0,2901.0,2901.0,2
2025-09-22 16:30:00,2893.0,2893.0,2892.5,2892.5,15
2025-09-23 09:10:00,2853.0,2853.0,2853.0,2853.0,1
2025-09-23 09:30:00,2853.5,2853.5,2853.5,2853.5,1
2025-09-23 09:40:00,2866.5,2866.5,2866.5,2866.5,1
2025-09-23 12:10:00,2867.5,2867.5,2867.5,2867.5,1
2025-09-23 12:30:00,2867.5,2867.5,2867.5,2867.5,16
2025-09-23 12:40:00,2870.5,2873.0,2859.5,2873.0,4
2025-09-23 13:20:00,2871.0,2871.0,2871.0,2871.0,2
2025-09-23 14:10:00,2860.0,2873.5,2860.0,2873.5,6
2025-09-23 14:40:00,2870.0,2870.0,2870.0,2870.0,1
2025-09-23 15:00:00,2856.0,2856.0,2856.0,2856.0,18
2025-09-23 16:20:00,2866.0,2866.0,2866.0,2866.0,1
2025-09-23 22:00:00,2848.0,2848.0,2847.5,2847.5,2
2025-09-24 09:00:00,2869.0,2869.0,2869.0,2869.0,1
2025-09-24 12:20:00,2876.5,2876.5,2876.5,2876.5,2
2025-09-24 16:10:00,2873.5,2873.5,2873.5,2873.5,1
2025-09-24 18:10:00,2902.5,2902.5,2902.5,2902.5,1
2025-09-24 19:10:00,2918.5,2918.5,2918.5,2918.5,1
2025-09-24 22:00:00,2870.5,2870.5,2870.5,2870.5,1
2025-09-25 09:50:00,2909.0,2909.0,2909.0,2909.0,1
2025-09-25 15:50:00,2926.5,2926.5,2925.5,2925.5,2
2025-09-25 17:10:00,2917.0,2919.0,2917.0,2919.0,8
2025-09-25 19:10:00,2919.5,2919.5,2919.5,2919.5,1
2025-09-25 20:00:00,2914.5,2914.5,2914.5,2914.5,15
2025-09-26 10:20:00,2890.5,2890.5,2870.5,2870.5,29
2025-09-26 11:20:00,2889.0,2889.0,2889.0,2889.0,5
2025-09-26 15:30:00,2886.5,2886.5,2886.5,2886.5,5
2025-09-26 18:20:00,2880.5,2880.5,2880.5,2880.5,5
2025-09-29 09:40:00,2887.0,2887.5,2885.5,2885.5,15
2025-09-29 10:00:00,2888.0,2888.0,2888.0,2888.0,5
2025-09-29 12:00:00,2903.0,2903.0,2903.0,2903.0,5
2025-09-29 12:40:00,2910.0,2910.0,2910.0,2910.0,10
2025-09-29 12:50:00,2912.5,2912.5,2912.5,2912.5,1
2025-09-29 16:10:00,2900.0,2900.0,2900.0,2900.0,2
2025-09-29 16:40:00,2918.5,2918.5,2918.5,2918.5,6
2025-09-29 17:50:00,2929.5,2929.5,2929.5,2929.5,1
2025-09-29 19:00:00,2935.5,2935.5,2935.5,2935.5,8
2025-09-30 12:10:00,2915.5,2915.5,2915.5,2915.5,1
2025-09-30 13:00:00,2919.0,2919.0,2919.0,2919.0,3
2025-09-30 17:30:00,2956.5,2956.5,2956.5,2956.5,5
2025-09-30 17:40:00,2943.0,2943.0,2943.0,2943.0,5
2025-09-30 19:30:00,2928.0,2928.0,2928.0,2928.0,4
2025-10-01 14:40:00,2961.0,2961.0,2961.0,2961.0,2
2025-10-01 17:30:00,2945.5,2945.5,2945.5,2945.5,1
2025-10-02 12:10:00,2998.5,2998.5,2998.0,2998.0,10
2025-10-02 15:20:00,3002.5,3002.5,3002.5,3002.5,1
2025-10-02 17:10:00,3000.5,3000.5,3000.5,3000.5,1
2025-10-02 17:40:00,2946.5,2946.5,2946.5,2946.5,2
2025-10-02 18:10:00,2946.5,2946.5,2946.5,2946.5,1
2025-10-03 09:20:00,3023.5,3038.0,3022.5,3038.0,25
2025-10-03 09:30:00,3038.0,3038.0,3038.0,3038.0,1
2025-10-03 09:50:00,3035.5,3037.5,3035.5,3037.5,5
2025-10-03 10:20:00,3037.0,3037.0,3037.0,3037.0,1
2025-10-03 10:40:00,3029.5,3029.5,3029.5,3029.5,1
2025-10-03 11:00:00,3008.5,3008.5,3008.5,3008.5,1
2025-10-03 11:20:00,3000.0,3000.0,3000.0,3000.0,2
2025-10-03 11:30:00,3010.5,3010.5,3010.5,3010.5,1
2025-10-03 11:40:00,3004.5,3004.5,3004.5,3004.5,2
2025-10-03 12:10:00,3004.0,3004.0,3003.0,3003.0,2
2025-10-03 14:50:00,3003.0,3003.0,3003.0,3003.0,1
2025-10-03 15:10:00,2995.5,2995.5,2995.5,2995.5,1
2025-10-03 15:30:00,2997.5,2997.5,2997.5,2997.5,1
2025-10-03 17:10:00,2997.5,2997.5,2997.5,2997.5,1
2025-10-03 18:20:00,3029.5,3029.5,3029.5,3029.5,1
2025-10-03 19:20:00,3021.0,3021.0,3021.0,3021.0,6
2025-10-06 09:20:00,3015.0,3015.0,3015.0,3015.0,4
2025-10-06 20:00:00,2991.0,2991.0,2991.0,2991.0,1
2025-10-07 12:00:00,3005.0,3019.0,3005.0,3019.0,2
2025-10-07 13:50:00,3019.5,3019.5,3019.5,3019.5,4
2025-10-07 15:10:00,3029.5,3029.5,3029.5,3029.5,2
2025-10-07 15:20:00,3016.5,3016.5,3016.5,3016.5,1
2025-10-07 15:40:00,3032.0,3034.0,3032.0,3033.5,314
2025-10-07 15:50:00,3033.5,3034.0,3021.0,3034.0,10
2025-10-07 16:00:00,3030.5,3030.5,3030.5,3030.5,25
2025-10-07 16:10:00,3032.5,3032.5,3032.5,3032.5,2
2025-10-07 16:30:00,3048.5,3049.0,3048.5,3049.0,8
2025-10-07 16:50:00,3050.5,3050.5,3050.5,3050.5,2
2025-10-07 17:00:00,3037.0,3037.0,3036.5,3036.5,7
2025-10-07 17:50:00,3046.5,3046.5,3046.5,3046.5,2
2025-10-07 18:00:00,3046.5,3046.5,3046.5,3046.5,2
2025-10-07 18:40:00,3046.5,3046.5,3046.5,3046.5,1
2025-10-07 19:00:00,3049.5,3049.5,3049.5,3049.5,1
2025-10-07 20:30:00,3049.5,3049.5,3049.5,3049.5,2
2025-10-07 20:40:00,3051.5,3051.5,3051.5,3051.5,1
2025-10-07 20:50:00,3051.5,3051.5,3051.5,3051.5,4
2025-10-07 21:00:00,3051.5,3051.5,3051.5,3051.5,1
2025-10-07 21:10:00,3022.5,3022.5,3022.5,3022.5,10
2025-10-07 22:30:00,3048.5,3048.5,3022.5,3022.5,6
2025-10-07 23:30:00,3045.5,3051.5,3045.5,3051.5,22
2025-10-08 09:20:00,3050.5,3050.5,3050.5,3050.5,5
2025-10-08 10:10:00,3035.5,3035.5,3035.5,3035.5,20
2025-10-08 11:10:00,3050.5,3050.5,3050.5,3050.5,1
2025-10-08 14:30:00,3035.5,3035.5,3035.5,3035.5,1
2025-10-08 14:40:00,3033.5,3033.5,3033.5,3033.5,1
2025-10-08 15:00:00,3028.5,3028.5,3020.5,3020.5,26
2025-10-08 16:00:00,3009.5,3009.5,3009.0,3009.0,4
2025-10-08 16:10:00,3011.5,3011.5,3011.5,3011.5,1
2025-10-08 16:50:00,3020.5,3020.5,3020.5,3020.5,1
2025-10-08 18:10:00,3016.0,3016.0,3016.0,3016.0,3
2025-10-08 18:30:00,3006.0,3006.0,3005.5,3005.5,4
2025-10-08 18:40:00,3005.5,3005.5,3005.5,3005.5,1
2025-10-08 19:10:00,3005.5,3010.5,2999.5,3010.5,299
2025-10-08 19:20:00,3009.5,3010.0,3009.5,3010.0,8
2025-10-08 19:30:00,2997.0,2997.0,2997.0,2997.0,5
2025-10-08 19:40:00,2996.5,2996.5,2994.5,2994.5,11
2025-10-08 20:00:00,2995.0,2995.0,2995.0,2995.0,1
2025-10-08 20:40:00,2999.0,2999.0,2999.0,2999.0,1
2025-10-08 20:50:00,3000.0,3000.0,3000.0,3000.0,3
2025-10-08 22:30:00,3000.0,3000.0,3000.0,3000.0,3
2025-10-09 11:30:00,3019.0,3019.0,3019.0,3019.0,5
2025-10-09 11:40:00,3031.5,3031.5,3031.5,3031.5,1
2025-10-09 12:30:00,3033.5,3033.5,3033.5,3033.5,1
2025-10-09 14:10:00,3036.0,3036.0,3036.0,3036.0,1
2025-10-09 14:20:00,3028.5,3028.5,3028.0,3028.0,10
2025-10-09 14:50:00,3042.0,3042.5,3042.0,3042.5,5
2025-10-09 15:40:00,3070.0,3078.5,3063.5,3078.5,12
2025-10-09 16:10:00,3072.0,3072.0,3072.0,3072.0,1
2025-10-09 16:30:00,3044.0,3044.0,3044.0,3044.0,13
2025-10-09 17:00:00,3048.0,3048.0,3048.0,3048.0,1
2025-10-09 17:20:00,3029.0,3029.0,3029.0,3029.0,1
2025-10-09 17:50:00,3044.0,3044.0,3044.0,3044.0,1
2025-10-09 19:30:00,3021.0,3021.0,3021.0,3021.0,1
2025-10-09 19:40:00,3005.0,3006.0,3005.0,3006.0,42
2025-10-09 21:50:00,3003.5,3003.5,3003.5,3003.5,1
2025-10-09 22:20:00,3033.5,3033.5,3033.5,3033.5,1
2025-10-10 10:10:00,2998.0,2998.0,2991.5,2991.5,2
2025-10-10 10:40:00,2990.5,3009.0,2990.5,3009.0,2
2025-10-10 11:50:00,3008.0,3008.0,3008.0,3008.0,1
2025-10-10 12:50:00,3030.5,3030.5,3030.5,3030.5,1
2025-10-10 14:00:00,3033.5,3033.5,3033.5,3033.5,2
2025-10-10 14:50:00,3032.5,3032.5,3032.5,3032.5,20
2025-10-10 15:20:00,3037.5,3037.5,3037.5,3037.5,1
2025-10-10 16:30:00,3060.5,3060.5,3060.5,3060.5,49
2025-10-10 17:30:00,3037.5,3037.5,3023.0,3023.0,3
2025-10-10 18:40:00,3005.5,3005.5,3005.5,3005.5,1
2025-10-10 23:00:00,2985.5,2985.5,2985.5,2985.5,1
2025-10-10 23:10:00,2985.5,2985.5,2985.5,2985.5,1
2025-10-12 12:00:00,2950.5,2950.5,2950.5,2950.5,1
2025-10-12 12:30:00,2950.5,2950.5,2950.5,2950.5,1
2025-10-12 15:10:00,2981.0,2981.0,2981.0,2981.0,1
2025-10-13 09:30:00,3015.5,3020.5,3015.5,3020.5,2
2025-10-13 10:00:00,3021.5,3021.5,3021.5,3021.5,1
2025-10-13 10:20:00,3023.0,3023.0,3023.0,3023.0,1
2025-10-13 11:40:00,2990.0,2990.0,2990.0,2990.0,5
2025-10-13 11:50:00,3000.0,3000.0,3000.0,3000.0,1
2025-10-13 14:30:00,3011.0,3011.0,3011.0,3011.0,4
2025-10-13 14:50:00,3018.0,3018.5,3018.0,3018.5,50
2025-10-13 17:20:00,3033.5,3033.5,3033.5,3033.5,5
2025-10-13 17:40:00,3035.0,3035.0,3035.0,3035.0,1
2025-10-13 19:20:00,3034.0,3034.0,3034.0,3034.0,1
2025-10-13 21:10:00,2980.5,2980.5,2980.5,2980.5,2
2025-10-14 09:00:00,2996.5,2996.5,2996.5,2996.5,2
2025-10-14 09:50:00,2994.5,2994.5,2994.5,2994.5,2
2025-10-14 10:00:00,2987.0,2987.0,2983.0,2983.0,11
2025-10-14 10:10:00,2978.0,2978.0,2978.0,2978.0,30
2025-10-14 10:20:00,2968.0,2968.0,2968.0,2968.0,1
2025-10-14 11:00:00,2988.0,2988.0,2988.0,2988.0,30
2025-10-14 11:40:00,2967.5,2967.5,2967.5,2967.5,1
2025-10-14 13:00:00,2954.0,2966.0,2953.5,2953.5,17
2025-10-14 13:10:00,2950.5,2950.5,2950.5,2950.5,9
2025-10-14 13:20:00,2939.0,2939.0,2936.0,2936.0,61
2025-10-14 13:40:00,2933.5,2933.5,2933.0,2933.0,4
2025-10-14 14:20:00,2944.0,2944.0,2944.0,2944.0,2
2025-10-14 15:00:00,2943.0,2943.5,2943.0,2943.5,4
2025-10-14 15:10:00,2934.5,2934.5,2934.5,2934.5,1
2025-10-14 15:50:00,2919.0,2919.0,2919.0,2919.0,15
2025-10-14 16:10:00,2919.5,2919.5,2919.5,2919.5,1
2025-10-14 16:40:00,2914.0,2914.0,2914.0,2914.0,1
2025-10-14 18:00:00,2930.5,2930.5,2930.5,2930.5,1
2025-10-14 18:20:00,2937.0,2937.0,2937.0,2937.0,1
2025-10-14 21:10:00,2970.0,2970.0,2970.0,2970.0,1
2025-10-14 22:10:00,2932.5,2932.5,2932.5,2932.5,1
2025-10-14 23:30:00,2930.5,2930.5,2930.5,2930.5,1
2025-10-15 09:00:00,2936.0,2936.0,2936.0,2936.0,1
2025-10-15 09:10:00,2936.0,2936.0,2936.0,2936.0,1
2025-10-15 09:30:00,2936.0,2936.0,2936.0,2936.0,1
2025-10-15 09:40:00,2948.0,2948.0,2948.0,2948.0,3
2025-10-15 10:20:00,2938.0,2938.0,2935.5,2935.5,3
2025-10-15 11:10:00,2931.0,2931.0,2931.0,2931.0,1
2025-10-15 13:50:00,2953.5,2953.5,2941.0,2941.0,2
2025-10-15 17:40:00,2962.0,2962.0,2962.0,2962.0,1
2025-10-15 18:30:00,2943.5,2943.5,2943.5,2943.5,1
2025-10-15 19:20:00,2947.0,2947.0,2947.0,2947.0,1
2025-10-15 20:10:00,2940.5,2943.5,2929.5,2929.5,8
2025-10-15 21:30:00,2895.5,2895.5,2885.5,2885.5,2
2025-10-15 21:50:00,2970.5,2995.5,2970.5,2995.5,3
2025-10-15 22:00:00,2993.5,2993.5,2993.5,2993.5,1
2025-10-16 09:00:00,2954.0,2954.0,2954.0,2954.0,2
2025-10-16 09:20:00,2953.0,2953.5,2953.0,2953.5,2
2025-10-16 10:10:00,2954.0,2954.0,2954.0,2954.0,10
2025-10-16 10:30:00,2956.5,2956.5,2956.5,2956.5,1
2025-10-16 10:40:00,2957.0,2957.0,2957.0,2957.0,1
2025-10-16 10:50:00,2944.0,2944.0,2944.0,2944.0,3
2025-10-16 11:00:00,2960.0,2960.0,2942.0,2942.0,3
2025-10-16 12:00:00,2942.0,2942.0,2942.0,2942.0,1
2025-10-16 14:10:00,2952.0,2952.0,2952.0,2952.0,1
2025-10-16 15:50:00,2944.0,2995.5,2944.0,2995.5,15
2025-10-16 18:40:00,2975.0,2975.0,2975.0,2975.0,4
2025-10-16 20:40:00,2975.0,2975.0,2975.0,2975.0,4
2025-10-16 20:50:00,2972.0,2972.0,2972.0,2972.0,13
2025-10-17 09:10:00,2947.5,2947.5,2947.5,2947.5,1
2025-10-17 10:00:00,2942.0,2942.0,2942.0,2942.0,30
2025-10-17 10:20:00,2935.0,2935.0,2924.0,2924.0,3
2025-10-17 11:00:00,2941.5,2941.5,2941.5,2941.5,1
2025-10-17 11:20:00,2925.5,2925.5,2925.5,2925.5,20
2025-10-17 11:40:00,2925.5,2925.5,2918.5,2918.5,10
2025-10-17 11:50:00,2919.0,2919.0,2919.0,2919.0,1
2025-10-17 13:30:00,2926.0,2926.0,2926.0,2926.0,1
2025-10-17 16:30:00,2942.5,2942.5,2929.5,2929.5,2
2025-10-17 20:00:00,2924.5,2924.5,2924.5,2924.5,23
2025-10-18 14:10:00,2967.5,2967.5,2967.5,2967.5,1
2025-10-20 09:00:00,2946.0,2946.0,2946.0,2946.0,1
2025-10-20 10:30:00,2942.5,2942.5,2942.5,2942.5,1
2025-10-20 11:40:00,2940.0,2940.0,2940.0,2940.0,1
2025-10-20 12:50:00,2936.5,2936.5,2936.5,2936.5,2
2025-10-20 13:10:00,2950.5,2950.5,2937.5,2937.5,3
2025-10-20 14:10:00,2937.0,2937.0,2937.0,2937.0,1
2025-10-20 15:10:00,2948.0,2948.0,2946.5,2946.5,2
2025-10-20 15:30:00,2954.5,2954.5,2954.5,2954.5,2
2025-10-20 17:20:00,2965.0,2965.0,2965.0,2965.0,1
2025-10-20 22:50:00,2989.5,2990.5,2989.5,2990.5,2
2025-10-21 09:10:00,2987.0,2987.0,2987.0,2987.0,1
2025-10-21 10:20:00,2982.5,2982.5,2982.5,2982.5,1
2025-10-21 10:50:00,2988.0,2988.0,2988.0,2988.0,5
2025-10-21 11:00:00,2985.5,2985.5,2985.5,2985.5,1
2025-10-21 11:40:00,2993.0,2993.0,2993.0,2993.0,1
2025-10-21 11:50:00,2985.5,2985.5,2985.5,2985.5,30
2025-10-21 12:00:00,2989.0,2989.0,2989.0,2989.0,1
2025-10-21 12:50:00,2993.0,2993.0,2993.0,2993.0,1
2025-10-21 13:00:00,2991.0,2991.0,2991.0,2991.0,3
2025-10-21 14:20:00,2982.0,2982.0,2982.0,2982.0,1
2025-10-21 16:20:00,2995.5,2995.5,2995.5,2995.5,2
2025-10-21 17:10:00,2982.0,2982.0,2982.0,2982.0,13
2025-10-21 18:30:00,2980.0,2980.0,2980.0,2980.0,1
2025-10-21 21:10:00,2992.5,2992.5,2992.5,2992.5,2
2025-10-21 21:30:00,2999.5,3000.5,2999.5,3000.5,12
2025-10-21 23:20:00,3010.0,3018.0,3010.0,3018.0,2
2025-10-22 09:10:00,3017.5,3017.5,3017.5,3017.5,1
2025-10-22 10:00:00,3009.5,3009.5,3009.5,3009.5,1
2025-10-22 11:30:00,3013.5,3013.5,3013.5,3013.5,1
2025-10-22 11:50:00,2999.0,2999.0,2998.5,2998.5,9
2025-10-22 12:30:00,3003.5,3003.5,3003.5,3003.5,1
2025-10-22 14:30:00,3007.0,3007.0,3007.0,3007.0,1
2025-10-22 15:00:00,3019.5,3019.5,3019.5,3019.5,1
2025-10-22 16:50:00,3037.0,3037.0,3037.0,3037.0,1
2025-10-22 18:20:00,3045.5,3047.5,3043.0,3047.5,3
2025-10-22 19:20:00,3035.0,3035.0,3035.0,3035.0,1
2025-10-22 23:20:00,3008.0,3008.0,3008.0,3008.0,1
2025-10-23 09:00:00,3036.5,3036.5,3036.5,3036.5,1
2025-10-23 09:20:00,3049.0,3049.0,3049.0,3049.0,1
2025-10-23 10:50:00,3064.5,3065.5,3064.5,3065.5,2
2025-10-23 13:50:00,3025.5,3025.5,3024.5,3024.5,3
2025-10-23 14:30:00,3022.0,3022.0,3022.0,3022.0,1
2025-10-23 17:10:00,3022.0,3022.0,3022.0,3022.0,2
2025-10-23 18:30:00,3031.5,3031.5,3031.5,3031.5,1
2025-10-23 19:10:00,3034.5,3034.5,3034.5,3034.5,2
2025-10-23 19:40:00,3036.0,3036.0,3036.0,3036.0,4
2025-10-23 20:00:00,3038.0,3038.0,3038.0,3038.0,1
2025-10-23 22:30:00,3038.0,3038.0,3038.0,3038.0,1
2025-10-24 09:10:00,3036.5,3036.5,3036.5,3036.5,3
2025-10-24 11:50:00,3018.5,3018.5,3018.5,3018.5,3
2025-10-24 12:10:00,3018.5,3018.5,3018.5,3018.5,1
2025-10-24 12:20:00,3018.5,3018.5,3018.5,3018.5,3
2025-10-24 12:30:00,3007.0,3007.0,3007.0,3007.0,1
2025-10-24 12:50:00,3016.5,3016.5,3001.0,3015.5,5
2025-10-24 15:00:00,3025.0,3025.0,3025.0,3025.0,1
2025-10-24 17:40:00,3025.0,3030.5,3025.0,3030.5,9
2025-10-24 18:30:00,3028.5,3028.5,3028.5,3028.5,1
2025-10-24 18:40:00,3031.0,3031.0,3031.0,3031.0,1
2025-10-24 19:40:00,3036.5,3036.5,3036.5,3036.5,1
2025-10-27 12:20:00,3065.5,3072.5,3065.5,3072.5,2
2025-10-27 13:00:00,3072.5,3072.5,3072.5,3072.5,2
2025-10-27 13:50:00,3070.0,3070.0,3070.0,3070.0,1
2025-10-27 14:40:00,3079.5,3079.5,3079.5,3079.5,1
2025-10-27 14:50:00,3074.0,3074.0,3074.0,3074.0,1
2025-10-27 16:00:00,3065.0,3065.0,3065.0,3065.0,1
2025-10-27 16:50:00,3072.5,3072.5,3072.5,3072.5,5
2025-10-27 17:20:00,3077.0,3077.0,3077.0,3077.0,1
2025-10-27 18:10:00,3045.0,3045.0,3045.0,3045.0,1
2025-10-28 10:40:00,3046.0,3046.5,3046.0,3046.5,10
2025-10-28 14:50:00,3051.0,3051.0,3051.0,3051.0,1
2025-10-28 18:10:00,3070.5,3070.5,3070.5,3070.5,1
2025-10-28 19:20:00,3081.0,3081.0,3076.0,3076.0,2
2025-10-28 20:40:00,3080.0,3080.0,3080.0,3080.0,3
2025-10-29 09:40:00,3080.0,3080.0,3080.0,3080.0,1
2025-10-29 13:00:00,3099.5,3099.5,3099.5,3099.5,1
2025-10-29 13:20:00,3099.0,3100.0,3099.0,3100.0,2
2025-10-29 14:10:00,3105.5,3105.5,3105.5,3105.5,2
2025-10-29 14:20:00,3104.5,3104.5,3104.5,3104.5,1
2025-10-29 16:20:00,3103.5,3103.5,3103.5,3103.5,6
2025-10-29 16:30:00,3104.5,3104.5,3104.5,3104.5,1
2025-10-29 19:10:00,3096.5,3096.5,3096.5,3096.5,1
2025-10-29 20:50:00,3090.5,3090.5,3090.5,3090.5,2
2025-10-29 23:10:00,3123.5,3123.5,3123.5,3123.5,2
2025-10-30 09:00:00,3077.0,3077.0,3074.0,3074.0,3
2025-10-30 09:10:00,3075.0,3075.0,3075.0,3075.0,1
2025-10-30 10:30:00,3076.0,3076.0,3076.0,3076.0,1
2025-10-30 10:40:00,3073.0,3084.0,3073.0,3084.0,5
2025-10-30 10:50:00,3070.5,3070.5,3070.5,3070.5,1
2025-10-30 11:20:00,3070.5,3070.5,3070.5,3070.5,1
2025-10-30 13:40:00,3062.5,3062.5,3062.5,3062.5,1
2025-10-30 13:50:00,3061.0,3061.0,3061.0,3061.0,1
2025-10-30 15:10:00,3060.5,3060.5,3060.5,3060.5,1
2025-10-30 15:30:00,3055.5,3055.5,3055.5,3055.5,5
2025-10-30 15:40:00,3051.0,3051.0,3046.0,3046.0,5
2025-10-30 16:00:00,3051.5,3052.0,3051.5,3052.0,7
2025-10-30 16:50:00,3052.5,3052.5,3052.5,3052.5,2
2025-10-30 19:30:00,3061.0,3061.0,3061.0,3061.0,20
2025-10-30 19:40:00,3057.5,3057.5,3057.5,3057.5,1
2025-10-30 20:10:00,3054.0,3054.0,3054.0,3054.0,1
2025-10-30 20:20:00,3055.5,3055.5,3055.5,3055.5,20
2025-10-31 09:10:00,3041.0,3041.0,3041.0,3041.0,40
2025-10-31 09:20:00,3039.0,3039.0,3039.0,3039.0,2
2025-10-31 10:10:00,3048.5,3048.5,3048.5,3048.5,1
2025-10-31 13:00:00,3036.0,3036.0,3036.0,3036.0,2
2025-10-31 13:10:00,3036.0,3036.0,3036.0,3036.0,2
2025-10-31 15:10:00,3070.0,3070.0,3070.0,3070.0,1
2025-10-31 18:30:00,3080.5,3080.5,3080.5,3080.5,1
2025-10-31 18:40:00,3080.5,3080.5,3080.5,3080.5,1
2025-10-31 19:10:00,3080.5,3080.5,3070.5,3070.5,7
2025-10-31 19:50:00,3070.0,3070.0,3070.0,3070.0,1
2025-11-01 10:50:00,3121.5,3121.5,3070.5,3070.5,2
2025-11-01 15:10:00,3070.0,3085.5,3008.5,3085.5,11
2025-11-01 16:30:00,3078.5,3078.5,3078.5,3078.5,1
2025-11-03 09:00:00,3096.0,3096.0,3096.0,3096.0,1
2025-11-03 11:00:00,3090.5,3090.5,3090.5,3090.5,18
2025-11-03 12:40:00,3108.5,3109.0,3108.5,3109.0,16
2025-11-03 14:10:00,3110.0,3110.0,3110.0,3110.0,6
2025-11-03 16:10:00,3105.5,3105.5,3105.5,3105.5,1
2025-11-03 17:00:00,3125.0,3125.0,3125.0,3125.0,4
2025-11-03 17:10:00,3126.5,3126.5,3126.5,3126.5,2
2025-11-03 17:20:00,3125.0,3125.5,3125.0,3125.5,7
2025-11-03 17:50:00,3103.5,3103.5,3103.5,3103.5,3
2025-11-03 19:40:00,3125.5,3125.5,3125.5,3125.5,1
2025-11-03 20:00:00,3125.5,3125.5,3125.5,3125.5,3
2025-11-03 21:00:00,3137.0,3137.0,3137.0,3137.0,1
2025-11-03 21:10:00,3136.0,3136.0,3136.0,3136.0,1
2025-11-03 21:30:00,3152.0,3152.0,3152.0,3152.0,2
2025-11-03 21:40:00,3152.5,3152.5,3152.5,3152.5,2
2025-11-03 21:50:00,3154.5,3154.5,3154.5,3154.5,1
2025-11-03 23:00:00,3154.0,3154.0,3154.0,3154.0,1
2025-11-05 09:00:00,3085.5,3109.5,3085.5,3109.5,45
2025-11-05 09:10:00,3125.0,3125.0,3125.0,3125.0,1
2025-11-05 10:00:00,3117.5,3117.5,3117.5,3117.5,2
2025-11-05 10:10:00,3130.0,3130.0,3116.0,3116.0,28
2025-11-05 11:00:00,3118.5,3118.5,3118.0,3118.0,100
2025-11-05 11:10:00,3126.0,3127.0,3126.0,3127.0,20
2025-11-05 11:20:00,3131.5,3131.5,3130.0,3131.0,40
2025-11-05 11:40:00,3128.5,3128.5,3127.5,3127.5,32
2025-11-05 11:50:00,3133.0,3133.0,3133.0,3133.0,5
2025-11-05 12:00:00,3124.0,3124.0,3123.0,3123.0,5
2025-11-05 12:20:00,3102.5,3102.5,3102.5,3102.5,5
2025-11-05 12:40:00,3089.0,3089.0,3089.0,3089.0,6
2025-11-05 14:20:00,3064.5,3064.5,3064.0,3064.0,17
2025-11-05 14:30:00,3066.5,3066.5,3066.5,3066.5,1
2025-11-05 14:40:00,3071.5,3084.0,3071.0,3084.0,11
2025-11-05 15:50:00,3098.0,3098.0,3098.0,3098.0,10
2025-11-05 16:00:00,3097.0,3097.0,3097.0,3097.0,1
2025-11-05 16:40:00,3091.0,3091.0,3091.0,3091.0,2
2025-11-05 18:00:00,3079.0,3079.0,3079.0,3079.0,1
2025-11-05 20:10:00,3075.5,3075.5,3075.5,3075.5,1
2025-11-05 20:20:00,3084.5,3084.5,3084.5,3084.5,1
2025-11-05 22:10:00,3125.0,3125.0,3125.0,3125.0,1
2025-11-05 23:10:00,3057.0,3057.0,3057.0,3057.0,3
2025-11-06 09:00:00,3093.0,3093.0,3093.0,3093.0,1
2025-11-06 12:00:00,3085.5,3085.5,3085.5,3085.5,5
2025-11-06 12:30:00,3091.5,3091.5,3091.5,3091.5,1
2025-11-06 14:10:00,3074.0,3074.0,3074.0,3074.0,3
2025-11-06 14:30:00,3088.0,3088.0,3088.0,3088.0,3
2025-11-06 14:50:00,3075.0,3075.0,3074.5,3074.5,7
2025-11-06 18:30:00,3073.5,3073.5,3073.5,3073.5,1
2025-11-06 20:20:00,3029.0,3029.0,3029.0,3029.0,1
2025-11-06 20:30:00,3071.5,3077.5,3071.5,3077.5,3
2025-11-06 21:00:00,3079.0,3079.0,3079.0,3079.0,2
2025-11-07 09:30:00,3084.5,3084.5,3084.5,3084.5,4
2025-11-07 09:50:00,3084.5,3084.5,3084.5,3084.5,1
2025-11-07 10:20:00,3076.5,3076.5,3076.0,3076.0,10
2025-11-07 11:30:00,3083.5,3083.5,3083.5,3083.5,10
2025-11-07 13:00:00,3090.0,3091.0,3090.0,3091.0,46
2025-11-07 13:10:00,3091.0,3093.0,3091.0,3093.0,30
2025-11-07 14:30:00,3085.0,3085.0,3085.0,3085.0,4
2025-11-07 20:20:00,3079.5,3079.5,3079.5,3079.5,5
2025-11-09 15:30:00,3079.5,3079.5,3079.5,3079.5,1
2025-11-09 16:20:00,3064.0,3064.5,3064.0,3064.5,2
2025-11-09 18:40:00,3062.0,3062.0,3062.0,3062.0,1
2025-11-10 09:50:00,3065.5,3065.5,3065.5,3065.5,1
2025-11-10 10:00:00,3003.5,3003.5,3003.5,3003.5,1
2025-11-10 11:10:00,3008.0,3008.0,3004.0,3004.0,5
2025-11-10 13:10:00,3064.0,3064.0,3064.0,3064.0,1
2025-11-10 13:50:00,3019.0,3019.0,3019.0,3019.0,1
2025-11-10 14:20:00,3080.0,3083.0,3080.0,3083.0,3
2025-11-10 15:10:00,3082.0,3082.0,3082.0,3082.0,2
2025-11-10 18:40:00,3048.5,3062.5,3048.5,3062.5,2
2025-11-10 19:10:00,3026.0,3026.0,3025.5,3025.5,2
2025-11-11 12:50:00,3021.0,3021.0,3020.5,3020.5,5
2025-11-11 13:20:00,3021.0,3021.0,3020.5,3020.5,11
2025-11-11 14:30:00,3030.0,3030.0,3030.0,3030.0,1
2025-11-11 17:40:00,3030.5,3032.0,3030.5,3032.0,5
2025-11-11 18:40:00,2980.5,2980.5,2980.5,2980.5,1
2025-11-12 09:30:00,2993.5,3035.0,2804.5,3035.0,35
2025-11-12 14:10:00,3010.5,3020.5,3010.5,3020.5,11
2025-11-12 14:20:00,3031.5,3037.5,3031.5,3037.5,5
2025-11-12 14:40:00,2975.0,3016.0,2975.0,3015.5,7
2025-11-12 15:00:00,3016.0,3016.0,3015.5,3015.5,6
2025-11-12 17:20:00,3020.5,3020.5,3020.5,3020.5,1
2025-11-13 09:00:00,3064.5,3163.0,3064.5,3163.0,117
2025-11-13 09:10:00,3108.5,3108.5,3091.5,3091.5,9
2025-11-13 09:20:00,3092.5,3092.5,3092.5,3092.5,1
2025-11-13 09:40:00,3092.0,3092.0,3092.0,3092.0,1
2025-11-13 09:50:00,3090.5,3090.5,3090.5,3090.5,1
2025-11-13 11:00:00,3088.5,3107.0,3088.5,3107.0,4
2025-11-13 11:40:00,3096.5,3096.5,3096.5,3096.5,1
2025-11-13 12:50:00,3040.5,3040.5,3040.5,3040.5,1
2025-11-14 09:10:00,3044.0,3044.0,3044.0,3044.0,1
2025-11-14 11:20:00,3016.0,3016.0,3016.0,3016.0,1
2025-11-14 12:40:00,3014.0,3014.0,3014.0,3014.0,1
2025-11-14 12:50:00,3001.0,3001.0,3000.5,3000.5,3
2025-11-14 13:20:00,3001.0,3001.0,3000.5,3000.5,2
2025-11-14 16:50:00,3000.5,3000.5,3000.5,3000.5,1
2025-11-14 19:30:00,3001.0,3001.0,3000.5,3000.5,2
2025-11-14 20:00:00,3011.5,3013.0,3011.5,3013.0,6
2025-11-15 13:00:00,2971.0,2971.0,2971.0,2971.0,1
2025-11-16 10:30:00,3020.0,3020.0,3020.0,3020.0,2
2025-11-16 13:50:00,3015.5,3021.5,3015.5,3021.5,6
2025-11-16 14:20:00,3029.0,3030.0,3029.0,3030.0,2
2025-11-16 14:30:00,3036.5,3043.0,3036.5,3043.0,2
2025-11-16 15:10:00,3060.5,3060.5,2946.5,2946.5,2
2025-11-16 15:30:00,2944.0,2944.0,2944.0,2944.0,1
2025-11-16 18:20:00,3005.5,3005.5,3005.5,3005.5,3
2025-11-16 18:40:00,3005.5,3005.5,3005.5,3005.5,3
2025-11-17 09:00:00,2978.5,2978.5,2950.5,2950.5,9
2025-11-17 16:50:00,2958.0,2958.0,2937.5,2937.5,13
2025-11-17 21:20:00,2962.0,2962.0,2962.0,2962.0,1
2025-11-17 23:20:00,2934.5,2934.5,2934.5,2934.5,1
2025-11-17 23:30:00,2917.5,2925.0,2894.0,2925.0,4
2025-11-18 10:10:00,2949.5,2949.5,2897.0,2899.5,12
2025-11-18 10:30:00,2903.0,2903.0,2903.0,2903.0,1
2025-11-18 16:00:00,2922.5,2922.5,2922.5,2922.5,1
2025-11-18 22:20:00,2931.5,2931.5,2931.5,2931.5,9
2025-11-19 09:10:00,2971.5,2976.0,2971.5,2976.0,3
2025-11-19 13:10:00,2979.5,2979.5,2979.5,2979.5,1
2025-11-19 13:20:00,2981.0,2981.0,2981.0,2981.0,1
2025-11-19 16:30:00,2942.5,2942.5,2942.5,2942.5,1
2025-11-19 20:10:00,2934.0,2934.0,2934.0,2934.0,1
2025-11-24 09:00:00,2976.5,2976.5,2976.5,2976.5,1
2025-11-24 17:10:00,2980.5,2980.5,2980.5,2980.5,1
2025-11-25 11:30:00,2977.0,2977.0,2964.5,2964.5,9
2025-11-25 11:40:00,2961.5,2961.5,2949.5,2949.5,48
2025-11-25 15:10:00,2948.5,2948.5,2948.5,2948.5,1
2025-11-25 17:40:00,2948.0,2948.0,2948.0,2948.0,1
2025-11-25 22:50:00,2941.0,2941.0,2941.0,2941.0,1
2025-11-26 12:00:00,2983.0,2983.0,2964.0,2964.0,3
2025-11-26 15:00:00,2975.5,2975.5,2975.5,2975.5,10
2025-11-26 17:50:00,2997.5,2997.5,2996.0,2996.0,2
2025-11-26 23:30:00,3054.0,3054.0,3015.5,3015.5,5
2025-11-27 15:30:00,2996.5,2996.5,2996.5,2996.5,1
2025-11-28 16:50:00,3030.0,3030.0,3026.5,3026.5,2
2025-11-28 17:40:00,3028.0,3028.0,3027.5,3027.5,2
2025-11-28 17:50:00,3061.0,3061.0,3061.0,3061.0,1
2025-11-28 18:20:00,3034.5,3034.5,3032.5,3032.5,3
2025-11-28 20:10:00,3030.5,3030.5,3030.5,3030.5,1
2025-11-28 21:50:00,2988.0,2988.0,2988.0,2988.0,2
2025-11-28 22:00:00,3048.0,3058.5,3048.0,3058.5,3
2025-11-28 22:10:00,3051.5,3051.5,3042.5,3042.5,6
2025-12-01 09:00:00,3048.0,3048.0,3048.0,3048.0,1
2025-12-01 10:10:00,3044.0,3044.0,3044.0,3044.0,2
2025-12-01 11:10:00,3049.0,3049.0,3046.5,3046.5,2
2025-12-01 16:10:00,3063.5,3063.5,3057.0,3057.0,3
2025-12-01 16:30:00,3065.5,3065.5,3065.5,3065.5,1
2025-12-01 17:00:00,3065.5,3065.5,3065.5,3065.5,1
2025-12-01 17:20:00,3065.5,3065.5,3065.5,3065.5,4
2025-12-01 19:30:00,3087.5,3087.5,3070.0,3071.5,5
2025-12-01 21:50:00,3088.5,3088.5,3088.5,3088.5,1
2025-12-02 09:30:00,3094.0,3098.0,3088.5,3088.5,5
2025-12-02 10:10:00,3088.5,3088.5,3088.5,3088.5,2
2025-12-02 10:20:00,3083.5,3083.5,3083.5,3083.5,1
2025-12-02 12:20:00,3090.5,3090.5,3090.0,3090.0,3
2025-12-02 19:40:00,3043.0,3043.0,3043.0,3043.0,1
2025-12-02 20:00:00,3034.5,3034.5,3034.5,3034.5,2
2025-12-02 20:10:00,3034.5,3034.5,3034.5,3034.5,1
2025-12-03 09:40:00,3031.0,3031.0,3031.0,3031.0,1
2025-12-03 12:20:00,3061.5,3062.5,3061.5,3062.5,2
2025-12-03 12:30:00,3067.5,3107.5,3067.5,3107.0,6
2025-12-03 13:00:00,3069.0,3069.0,3049.0,3049.0,2
2025-12-03 13:50:00,3067.0,3067.0,3067.0,3067.0,1
2025-12-03 14:50:00,3051.5,3051.5,3051.5,3051.5,2
2025-12-03 15:00:00,3051.5,3052.0,3051.5,3051.5,3
2025-12-03 15:10:00,3051.5,3051.5,3051.5,3051.5,1
2025-12-03 15:20:00,3051.5,3051.5,3051.5,3051.5,1
2025-12-03 15:40:00,3051.5,3051.5,3035.5,3035.5,17
2025-12-03 15:50:00,3027.5,3027.5,3026.5,3026.5,5
2025-12-03 16:40:00,3030.5,3030.5,3030.5,3030.5,1
2025-12-03 16:50:00,3025.5,3025.5,3025.5,3025.5,1
2025-12-03 18:40:00,3029.0,3029.5,3029.0,3029.5,2
2025-12-03 23:00:00,3042.5,3042.5,3042.5,3042.5,1
2025-12-03 23:10:00,3037.5,3037.5,3037.5,3037.5,1
2025-12-04 10:20:00,3037.5,3037.5,3032.5,3032.5,4
2025-12-04 11:30:00,3008.5,3019.5,3007.5,3010.5,17
2025-12-04 12:00:00,3005.5,3005.5,3003.5,3003.5,3
2025-12-04 12:50:00,3012.5,3013.0,3012.5,3013.0,3
2025-12-04 13:30:00,3008.0,3008.0,3008.0,3008.0,1
2025-12-04 15:40:00,2992.0,2992.0,2992.0,2992.0,1
2025-12-04 15:50:00,3000.5,3000.5,3000.5,3000.5,1
2025-12-04 16:00:00,3001.5,3001.5,3001.5,3001.5,1
2025-12-04 16:20:00,3010.5,3010.5,3010.5,3010.5,1
2025-12-04 16:40:00,3011.0,3011.0,3011.0,3011.0,1
2025-12-04 17:10:00,3024.5,3024.5,3024.5,3024.5,1
2025-12-04 17:20:00,3025.0,3028.5,3025.0,3028.5,4
2025-12-04 18:10:00,3027.5,3027.5,3027.5,3027.5,1
2025-12-04 18:20:00,3027.0,3027.0,3027.0,3027.0,3
2025-12-04 18:40:00,3027.0,3027.0,3027.0,3027.0,1
2025-12-04 19:00:00,3051.5,3051.5,3046.5,3046.5,2
2025-12-04 20:20:00,3032.0,3032.0,3032.0,3032.0,1
2025-12-04 22:30:00,3032.0,3032.0,3032.0,3032.0,1
2025-12-05 09:10:00,3063.0,3063.0,3041.0,3041.0,5
2025-12-05 09:30:00,3050.5,3050.5,3050.5,3050.5,1
2025-12-05 09:50:00,3055.5,3055.5,3055.5,3055.5,2
2025-12-05 15:20:00,3069.5,3069.5,3069.0,3069.0,2
2025-12-05 16:10:00,3059.0,3059.0,3059.0,3059.0,1
2025-12-05 16:20:00,3059.0,3059.0,3059.0,3059.0,1
2025-12-08 09:00:00,3115.5,3115.5,3059.0,3075.5,5
2025-12-08 09:10:00,3075.5,3075.5,3075.5,3075.5,29
2025-12-08 09:40:00,3076.5,3076.5,3076.5,3076.5,1
2025-12-08 09:50:00,3079.0,3079.0,3079.0,3079.0,3
2025-12-08 10:00:00,3079.0,3079.0,3078.5,3078.5,2
2025-12-08 11:00:00,3068.5,3068.5,3068.5,3068.5,1
2025-12-08 12:50:00,3068.5,3068.5,3068.5,3068.5,1
2025-12-08 13:00:00,3072.5,3072.5,3072.5,3072.5,1
2025-12-08 16:40:00,3076.5,3076.5,3076.5,3076.5,2
2025-12-08 18:40:00,3123.0,3123.0,3110.5,3121.0,5
2025-12-08 19:20:00,3085.5,3085.5,3085.5,3085.5,1
2025-12-08 19:50:00,3114.5,3114.5,3102.5,3112.5,5
2025-12-08 20:10:00,3109.5,3109.5,3108.5,3108.5,3
2025-12-08 20:50:00,3110.5,3111.0,3110.5,3111.0,2
2025-12-08 21:00:00,3113.5,3113.5,3113.5,3113.5,2
2025-12-09 09:30:00,3109.0,3109.0,3109.0,3109.0,1
2025-12-09 17:00:00,3099.5,3099.5,3099.5,3099.5,1
2025-12-09 19:50:00,3048.5,3099.0,3048.5,3099.0,2
2025-12-09 20:50:00,3099.0,3099.0,3099.0,3099.0,1
2025-12-10 12:00:00,3094.0,3094.0,3094.0,3094.0,1
2025-12-10 17:30:00,3079.5,3079.5,3079.0,3079.0,4
2025-12-11 09:20:00,3035.0,3035.0,2957.0,2961.0,242
2025-12-11 09:30:00,2962.0,2962.0,2962.0,2962.0,1
2025-12-11 09:50:00,2962.0,2962.0,2962.0,2962.0,1
2025-12-11 10:00:00,2960.5,2960.5,2960.5,2960.5,2
2025-12-11 10:10:00,2960.5,2960.5,2960.5,2960.5,1
2025-12-11 10:30:00,2960.5,2960.5,2955.5,2955.5,2
2025-12-11 10:40:00,2960.0,2964.0,2960.0,2964.0,60
2025-12-11 10:50:00,2966.5,2966.5,2966.5,2966.5,1
2025-12-11 11:00:00,2968.5,2968.5,2968.5,2968.5,1
2025-12-11 11:10:00,2953.5,2953.5,2953.5,2953.5,1
2025-12-11 11:40:00,2960.5,2960.5,2960.5,2960.5,1
2025-12-11 11:50:00,2970.5,2970.5,2970.5,2970.5,10
2025-12-11 12:50:00,2973.5,2974.0,2973.5,2974.0,22
2025-12-11 13:20:00,2974.0,2974.0,2974.0,2974.0,2
2025-12-11 14:00:00,2966.0,2966.0,2960.0,2960.0,2
2025-12-11 14:10:00,2975.5,2980.0,2975.5,2980.0,3
2025-12-11 14:40:00,2972.5,2982.5,2972.5,2982.5,2
2025-12-11 15:30:00,2996.5,2996.5,2996.5,2996.5,1
2025-12-11 15:40:00,2997.0,2997.0,2997.0,2997.0,1
2025-12-11 15:50:00,2999.0,2999.0,2999.0,2999.0,1
2025-12-11 16:30:00,3024.0,3024.0,3024.0,3024.0,1
2025-12-11 17:20:00,3041.5,3041.5,3036.0,3036.0,2
2025-12-11 17:50:00,3054.0,3054.0,3054.0,3054.0,4
2025-12-11 18:00:00,3053.5,3055.5,3053.5,3054.5,3
2025-12-11 18:30:00,3062.0,3062.0,3062.0,3062.0,1
2025-12-11 18:40:00,3063.5,3063.5,3063.5,3063.5,1
2025-12-11 19:20:00,3068.5,3068.5,3068.5,3068.5,1
2025-12-11 19:40:00,3078.5,3078.5,3078.5,3078.5,1
2025-12-11 20:00:00,3082.0,3082.0,3082.0,3082.0,1
2025-12-11 20:20:00,3087.0,3087.0,3087.0,3087.0,2
2025-12-11 20:30:00,3082.0,3082.0,3082.0,3082.0,1
2025-12-11 20:50:00,3077.5,3077.5,3077.5,3077.5,5
2025-12-11 21:00:00,3071.5,3071.5,3071.5,3071.5,2
2025-12-11 21:10:00,3074.0,3074.0,3074.0,3074.0,1
2025-12-12 09:50:00,3059.5,3059.5,3055.5,3055.5,4
2025-12-12 10:20:00,3055.5,3055.5,3055.5,3055.5,5
2025-12-12 10:30:00,3070.0,3070.0,3065.0,3065.0,3
2025-12-12 11:40:00,3069.5,3070.5,3069.5,3070.5,3
2025-12-12 11:50:00,3073.5,3073.5,3073.5,3073.5,3
2025-12-12 12:20:00,3076.0,3076.0,3071.0,3071.0,3
2025-12-12 13:00:00,3066.0,3066.0,3066.0,3066.0,4
2025-12-12 15:20:00,3048.5,3048.5,3045.5,3045.5,9
2025-12-12 15:30:00,3036.0,3036.0,3036.0,3036.0,5
2025-12-12 16:10:00,3049.0,3049.0,3049.0,3049.0,5
2025-12-12 17:00:00,3040.5,3040.5,3040.5,3040.5,1
2025-12-12 17:20:00,3049.5,3049.5,3049.5,3049.5,1
2025-12-12 17:30:00,3044.5,3044.5,3044.5,3044.5,1
2025-12-12 18:30:00,3004.5,3010.5,2999.0,3010.5,11
2025-12-12 19:40:00,2996.0,2996.0,2992.5,2992.5,2
2025-12-12 20:00:00,2997.5,2997.5,2997.5,2997.5,1
2025-12-13 12:30:00,3005.5,3005.5,3005.5,3005.5,1
2025-12-13 15:30:00,3078.5,3079.0,3007.5,3007.5,3
2025-12-13 16:20:00,3073.5,3073.5,3073.5,3073.5,1
2025-12-14 15:20:00,3065.0,3065.0,3065.0,3065.0,1
2025-12-15 09:10:00,3028.0,3028.0,3028.0,3028.0,1
2025-12-15 10:10:00,3016.5,3016.5,3016.5,3016.5,1
2025-12-15 10:20:00,3014.5,3014.5,3014.5,3014.5,1
2025-12-15 10:30:00,3014.0,3014.0,3014.0,3014.0,1
2025-12-15 10:40:00,3011.5,3011.5,3011.5,3011.5,5
2025-12-15 10:50:00,3005.5,3005.5,3005.5,3005.5,2
2025-12-15 11:30:00,3016.5,3016.5,3016.5,3016.5,2
2025-12-15 11:50:00,3021.5,3021.5,3021.5,3021.5,4
2025-12-15 12:40:00,3001.5,3001.5,3001.5,3001.5,2
2025-12-15 12:50:00,2996.5,2996.5,2996.5,2996.5,2
2025-12-15 14:00:00,2981.0,2981.0,2975.5,2975.5,14
2025-12-15 14:10:00,2979.0,2979.0,2979.0,2979.0,2
2025-12-15 14:40:00,2980.0,2980.0,2979.5,2979.5,6
2025-12-15 15:00:00,2979.5,2979.5,2979.5,2979.5,1
2025-12-15 15:10:00,2973.5,2973.5,2973.5,2973.5,2
2025-12-15 15:50:00,2990.5,2995.0,2990.5,2995.0,4
2025-12-15 16:00:00,2988.0,2993.0,2987.5,2990.0,69
2025-12-15 16:10:00,2993.5,2993.5,2993.5,2993.5,6
2025-12-15 16:20:00,2983.5,2983.5,2983.5,2983.5,5
2025-12-15 16:40:00,2967.0,2967.0,2967.0,2967.0,1
2025-12-15 16:50:00,2965.5,2965.5,2965.5,2965.5,5
2025-12-15 18:10:00,2985.5,2985.5,2985.5,2985.5,1
2025-12-15 19:20:00,2965.5,2965.5,2965.5,2965.5,1
2025-12-15 19:50:00,2969.0,2970.5,2969.0,2970.5,3
2025-12-15 23:40:00,2986.0,2986.0,2986.0,2986.0,1
2025-12-16 09:10:00,2925.5,2933.0,2925.5,2925.5,4
2025-12-16 10:00:00,2929.5,2929.5,2929.5,2929.5,11
2025-12-16 10:20:00,2923.0,2923.0,2923.0,2923.0,1
2025-12-16 10:40:00,2922.5,2922.5,2922.5,2922.5,1
2025-12-16 11:10:00,2920.5,2920.5,2920.5,2920.5,2
2025-12-16 11:30:00,2914.5,2914.5,2914.5,2914.5,5
2025-12-16 11:40:00,2932.0,2932.0,2932.0,2932.0,1
2025-12-16 11:50:00,2929.5,2929.5,2929.5,2929.5,1
2025-12-16 12:00:00,2911.5,2911.5,2911.5,2911.5,10
2025-12-16 12:10:00,2900.0,2905.5,2900.0,2905.5,3
2025-12-16 12:20:00,2914.5,2914.5,2914.5,2914.5,1
2025-12-16 12:30:00,2932.5,2932.5,2932.5,2932.5,2
2025-12-16 12:40:00,2922.0,2922.0,2922.0,2922.0,1
2025-12-16 12:50:00,2915.5,2915.5,2915.5,2915.5,20
2025-12-16 13:30:00,2920.0,2920.0,2920.0,2920.0,5
2025-12-16 13:40:00,2931.5,2935.5,2931.5,2935.5,12
2025-12-16 14:40:00,2916.0,2927.5,2916.0,2927.5,2
2025-12-16 16:40:00,2920.5,2920.5,2920.5,2920.5,5
2025-12-16 17:10:00,2926.0,2926.0,2926.0,2926.0,1
2025-12-16 18:00:00,2929.5,2929.5,2929.5,2929.5,5
2025-12-16 18:30:00,2927.0,2927.0,2927.0,2927.0,1
2025-12-16 20:10:00,2905.0,2905.0,2895.5,2895.5,6
2025-12-17 10:00:00,2930.5,2930.5,2930.5,2930.5,1
2025-12-17 10:30:00,2918.5,2918.5,2916.0,2916.0,2
2025-12-17 10:40:00,2916.0,2916.0,2916.0,2916.0,3
2025-12-17 11:00:00,2906.0,2921.0,2906.0,2921.0,5
2025-12-17 11:20:00,2905.5,2905.5,2905.5,2905.5,2
2025-12-17 13:20:00,2922.0,2922.0,2922.0,2922.0,10
2025-12-17 14:10:00,2932.0,2932.0,2932.0,2932.0,1
2025-12-17 14:20:00,2932.0,2932.0,2932.0,2932.0,15
2025-12-17 14:30:00,2927.0,2930.0,2927.0,2930.0,6
2025-12-17 15:00:00,2922.0,2922.0,2922.0,2922.0,1
2025-12-17 15:30:00,2929.5,2931.0,2929.5,2931.0,3
2025-12-17 15:50:00,2926.0,2926.0,2926.0,2926.0,1
2025-12-17 16:20:00,2934.5,2934.5,2934.5,2934.5,1
2025-12-17 16:40:00,2935.0,2935.0,2935.0,2935.0,1
2025-12-17 19:40:00,2945.0,2945.0,2936.0,2936.0,2
2025-12-17 19:50:00,2940.0,2940.0,2940.0,2940.0,1
2025-12-17 20:50:00,2941.5,2944.0,2941.5,2944.0,10
2025-12-18 09:00:00,2935.5,2935.5,2921.0,2921.0,6
2025-12-18 09:20:00,2937.0,2937.0,2937.0,2937.0,1
2025-12-18 10:00:00,2936.5,2938.0,2936.5,2938.0,7
2025-12-18 11:00:00,2930.5,2930.5,2930.5,2930.5,2
2025-12-18 11:10:00,2927.5,2927.5,2925.5,2925.5,2
2025-12-18 11:50:00,2930.5,2930.5,2930.5,2930.5,1
2025-12-18 12:40:00,2927.5,2927.5,2927.5,2927.5,1
2025-12-18 14:30:00,2920.5,2920.5,2920.5,2920.5,1
2025-12-18 15:10:00,2927.5,2927.5,2927.5,2927.5,1
2025-12-18 15:40:00,2922.5,2922.5,2922.5,2922.5,1
2025-12-18 16:40:00,2929.5,2929.5,2929.5,2929.5,1
2025-12-18 21:40:00,2932.0,2932.0,2932.0,2932.0,1
2025-12-18 22:20:00,2924.5,2924.5,2924.5,2924.5,1
2025-12-19 09:10:00,2943.0,2951.5,2943.0,2951.5,4
2025-12-19 09:20:00,2951.0,2951.0,2951.0,2951.0,1
2025-12-19 09:50:00,2949.0,2949.0,2949.0,2949.0,1
2025-12-19 10:30:00,2944.5,2944.5,2944.5,2944.5,1
2025-12-19 10:50:00,2933.0,2933.0,2933.0,2933.0,2
2025-12-19 11:40:00,2932.5,2932.5,2932.5,2932.5,3
2025-12-19 13:00:00,2932.5,2932.5,2932.5,2932.5,1
2025-12-19 14:40:00,2941.5,2941.5,2941.5,2941.5,1
2025-12-19 16:00:00,2935.5,2935.5,2935.5,2935.5,10
2025-12-19 20:10:00,2952.5,2952.5,2952.5,2952.5,30
2025-12-19 21:50:00,2950.5,2951.0,2950.5,2951.0,4
2025-12-19 22:00:00,2963.5,2963.5,2963.5,2963.5,1
2025-12-19 22:40:00,2963.5,2963.5,2963.5,2963.5,1
2025-12-19 22:50:00,2965.0,2965.5,2965.0,2965.5,2
2025-12-20 16:40:00,3005.0,3005.5,3005.0,3005.5,2
2025-12-21 10:00:00,3004.5,3004.5,3004.5,3004.5,1
2025-12-21 17:40:00,2967.5,2967.5,2967.5,2967.5,1
2025-12-21 17:50:00,2966.0,2966.0,2965.5,2965.5,2
2025-12-22 09:00:00,2961.0,2961.0,2961.0,2961.0,3
2025-12-22 09:20:00,2952.5,2952.5,2952.5,2952.5,1
2025-12-22 10:00:00,2962.5,2962.5,2962.5,2962.5,2
2025-12-22 10:10:00,2955.0,2955.0,2950.0,2950.0,2
2025-12-22 11:00:00,2962.5,2962.5,2962.5,2962.5,3
2025-12-22 11:30:00,2957.5,2957.5,2957.5,2957.5,1
2025-12-22 11:50:00,2952.5,2952.5,2952.5,2952.5,1
2025-12-22 12:30:00,2956.5,2956.5,2956.5,2956.5,1
2025-12-22 12:40:00,2951.5,2951.5,2951.5,2951.5,1
2025-12-22 12:50:00,2948.5,2948.5,2948.5,2948.5,1
2025-12-22 13:20:00,2946.5,2946.5,2941.5,2941.5,2
2025-12-22 13:30:00,2950.5,2950.5,2950.5,2950.5,1
2025-12-22 15:40:00,2945.5,2945.5,2945.5,2945.5,1
2025-12-22 16:10:00,2950.0,2950.0,2945.0,2945.0,2
2025-12-22 16:20:00,2940.0,2940.0,2940.0,2940.0,1
2025-12-22 16:40:00,2944.0,2944.0,2944.0,2944.0,2
2025-12-22 17:20:00,2944.5,2944.5,2944.5,2944.5,8
2025-12-22 19:00:00,2952.5,2952.5,2952.5,2952.5,2
2025-12-22 19:20:00,2947.5,2953.5,2947.5,2953.5,9
2025-12-22 19:30:00,2959.0,2959.0,2959.0,2959.0,5
2025-12-22 20:10:00,2954.0,2954.0,2954.0,2954.0,1
2025-12-22 21:10:00,2953.5,2953.5,2953.5,2953.5,6
2025-12-22 21:20:00,2953.5,2953.5,2953.5,2953.5,1
2025-12-23 10:00:00,2957.5,2957.5,2957.5,2957.5,1
2025-12-23 10:10:00,2948.5,2953.5,2948.5,2953.5,6
2025-12-23 10:40:00,2962.5,2962.5,2962.5,2962.5,30
2025-12-23 10:50:00,2968.5,2968.5,2968.5,2968.5,1
2025-12-23 11:00:00,2969.5,2969.5,2969.5,2969.5,1
2025-12-23 11:20:00,2974.5,2983.5,2974.5,2983.5,79
2025-12-23 11:30:00,2982.0,2982.5,2978.0,2978.0,67
2025-12-23 11:40:00,2982.0,2985.5,2982.0,2985.5,43
2025-12-23 11:50:00,2982.0,2982.0,2982.0,2982.0,2
2025-12-23 12:00:00,2983.0,2983.0,2980.5,2980.5,11
2025-12-23 12:10:00,2984.0,2984.0,2972.5,2972.5,32
2025-12-23 12:20:00,2975.5,2983.5,2975.5,2982.5,9
2025-12-23 12:40:00,2983.0,2986.5,2983.0,2986.5,9
2025-12-23 12:50:00,2980.0,2980.0,2980.0,2980.0,1
2025-12-23 13:10:00,2987.5,2992.0,2987.5,2992.0,10
2025-12-23 13:20:00,2990.0,2990.0,2983.0,2989.5,25
2025-12-23 13:30:00,2997.0,2997.0,2997.0,2997.0,1
2025-12-23 13:40:00,3001.0,3001.0,2996.5,2998.5,3
2025-12-23 13:50:00,2998.0,2998.5,2998.0,2998.5,2
2025-12-23 14:10:00,2999.5,2999.5,2999.5,2999.5,1
2025-12-23 14:20:00,3001.0,3001.5,3001.0,3001.5,10
2025-12-23 14:30:00,3001.5,3001.5,3001.5,3001.5,1
2025-12-23 15:00:00,2999.0,2999.0,2999.0,2999.0,6
2025-12-23 15:20:00,2998.5,2998.5,2998.5,2998.5,1
2025-12-23 15:30:00,2998.0,2998.0,2996.5,2996.5,6
2025-12-23 15:50:00,2996.5,2996.5,2996.5,2996.5,1
2025-12-23 16:20:00,2994.5,2999.0,2994.5,2999.0,19
2025-12-23 16:50:00,3001.0,3005.0,2989.5,2989.5,39
2025-12-23 17:00:00,2994.5,2994.5,2993.0,2993.0,5
2025-12-23 17:10:00,2994.5,2994.5,2994.5,2994.5,2
2025-12-23 17:20:00,2987.5,2987.5,2987.5,2987.5,1
2025-12-23 17:40:00,2987.5,2987.5,2978.5,2978.5,31
2025-12-23 17:50:00,2978.0,2978.0,2967.5,2967.5,16
2025-12-23 18:00:00,2972.5,2972.5,2972.5,2972.5,1
2025-12-23 18:10:00,2973.0,2973.5,2973.0,2973.5,3
2025-12-23 18:20:00,2975.0,2980.0,2975.0,2980.0,4
2025-12-23 19:20:00,2991.0,2991.0,2986.0,2986.0,3
2025-12-23 19:30:00,2981.0,2981.0,2972.0,2973.0,6
2025-12-23 20:10:00,2977.0,2977.5,2977.0,2977.0,3
2025-12-23 20:20:00,2978.5,2978.5,2978.5,2978.5,8
2025-12-23 20:40:00,2977.0,2977.0,2977.0,2977.0,1
2025-12-23 21:10:00,2978.0,2978.0,2978.0,2978.0,4
2025-12-23 21:50:00,2973.5,2973.5,2972.0,2972.0,7
2025-12-23 22:50:00,2974.5,2974.5,2974.5,2974.5,1
2025-12-23 23:10:00,2995.5,2995.5,2990.5,2990.5,2
2025-12-23 23:30:00,2985.5,2985.5,2985.5,2985.5,1
2025-12-24 09:30:00,3000.0,3000.0,3000.0,3000.0,1
2025-12-24 09:40:00,3009.0,3009.0,3001.5,3008.5,7
2025-12-24 09:50:00,3007.5,3007.5,3002.5,3002.5,5
2025-12-24 10:00:00,3002.5,3003.5,3002.5,3003.0,8
2025-12-24 10:10:00,3003.0,3003.5,3000.5,3000.5,14
2025-12-24 10:20:00,2996.5,3000.5,2996.5,3000.5,23
2025-12-24 10:30:00,3001.0,3002.0,3001.0,3002.0,13
2025-12-24 10:40:00,3002.0,3002.0,3002.0,3002.0,4
2025-12-24 10:50:00,3000.0,3000.0,2998.5,3000.0,36
2025-12-24 11:00:00,2998.5,2998.5,2993.5,2998.5,21
2025-12-24 11:10:00,2993.5,2996.5,2992.0,2996.0,14
2025-12-24 11:20:00,2992.5,2992.5,2990.5,2990.5,15
2025-12-24 11:30:00,2987.5,2987.5,2987.5,2987.5,2
2025-12-24 11:40:00,2991.5,2991.5,2987.5,2987.5,7
2025-12-24 11:50:00,2992.0,2992.0,2991.0,2991.0,15
2025-12-24 12:00:00,2988.0,2988.0,2980.5,2980.5,20
2025-12-24 12:30:00,2980.5,2980.5,2979.5,2979.5,6
2025-12-24 12:40:00,2979.5,2981.5,2976.5,2981.5,6
2025-12-24 13:00:00,2980.0,2980.0,2979.5,2979.5,3
2025-12-24 13:30:00,2976.5,2976.5,2974.5,2974.5,6
2025-12-24 13:40:00,2977.5,2977.5,2977.0,2977.0,4
2025-12-24 14:20:00,2974.5,2974.5,2974.5,2974.5,19
2025-12-24 14:30:00,2975.5,2976.0,2973.5,2973.5,15
2025-12-24 14:40:00,2972.5,2976.5,2972.5,2976.5,14
2025-12-24 14:50:00,2977.0,2977.0,2977.0,2977.0,1
2025-12-24 15:00:00,2978.0,2978.0,2976.5,2976.5,8
2025-12-24 15:20:00,2978.0,2978.0,2977.0,2977.0,2
2025-12-24 15:30:00,2982.5,2983.0,2982.5,2983.0,3
2025-12-24 15:40:00,2976.5,2976.5,2976.5,2976.5,34
2025-12-24 15:50:00,2977.0,2977.0,2973.0,2973.0,15
2025-12-24 16:00:00,2970.5,2970.5,2960.5,2962.0,29
2025-12-24 16:10:00,2958.5,2963.5,2958.5,2963.0,4
2025-12-24 16:20:00,2960.0,2965.0,2959.0,2965.0,6
2025-12-24 16:30:00,2965.5,3013.5,2965.0,2967.5,30
2025-12-24 16:40:00,2969.5,2969.5,2969.5,2969.5,10
2025-12-24 17:00:00,2970.0,2970.0,2970.0,2970.0,1
2025-12-24 17:30:00,2970.0,2970.0,2967.0,2967.0,4
2025-12-24 17:40:00,2967.0,2968.0,2964.5,2968.0,15
2025-12-24 17:50:00,2964.5,2964.5,2962.5,2962.5,11
2025-12-24 18:00:00,2960.0,2963.5,2959.5,2961.0,35
2025-12-24 18:10:00,2959.0,2961.5,2959.0,2961.0,4
2025-12-24 18:20:00,2958.5,2958.5,2957.5,2957.5,12
2025-12-24 18:30:00,2957.5,2957.5,2941.0,2941.0,37
2025-12-24 18:40:00,2954.0,2954.0,2942.5,2942.5,6
2025-12-24 19:00:00,2949.0,2949.0,2949.0,2949.0,1
2025-12-24 19:20:00,2960.0,2960.0,2960.0,2960.0,1
2025-12-24 19:40:00,2958.5,2972.0,2958.5,2972.0,3
2025-12-24 19:50:00,2972.5,2974.0,2972.5,2974.0,10
2025-12-24 20:10:00,2966.5,2966.5,2966.5,2966.5,1
2025-12-24 21:00:00,2961.5,2961.5,2956.0,2957.0,8
2025-12-24 21:10:00,2957.0,2957.0,2957.0,2957.0,1
2025-12-24 21:20:00,2963.0,2963.0,2963.0,2963.0,4
2025-12-24 21:30:00,2964.0,2964.0,2959.5,2959.5,2
2025-12-24 21:50:00,2959.5,2962.5,2956.0,2961.0,21
2025-12-24 22:30:00,2956.0,2956.0,2950.0,2950.0,3
2025-12-24 23:40:00,2951.0,2951.0,2951.0,2951.0,1
2025-12-25 09:30:00,2957.5,2957.5,2957.5,2957.5,1
2025-12-25 11:10:00,2959.0,2959.5,2959.0,2959.5,4
2025-12-25 11:20:00,2965.0,2965.0,2965.0,2965.0,2
2025-12-25 11:40:00,2959.5,2959.5,2959.5,2959.5,1
2025-12-25 11:50:00,2959.0,2959.0,2959.0,2959.0,2
2025-12-25 12:20:00,2965.0,2965.5,2965.0,2965.5,8
2025-12-25 13:40:00,2993.0,2993.5,2992.0,2993.5,11
2025-12-25 13:50:00,2993.0,3001.0,2993.0,3001.0,20
2025-12-25 14:00:00,2999.5,2999.5,2999.5,2999.5,2
2025-12-25 14:10:00,2965.5,2969.0,2965.5,2969.0,6
2025-12-25 15:00:00,2995.5,2995.5,2995.5,2995.5,2
2025-12-25 15:50:00,2992.5,2992.5,2992.0,2992.0,5
2025-12-25 17:00:00,2971.5,2971.5,2971.5,2971.5,2
2025-12-25 17:50:00,2990.0,2990.0,2990.0,2990.0,2
2025-12-25 18:30:00,2973.5,2973.5,2973.5,2973.5,2
2025-12-25 22:10:00,2990.5,2992.0,2990.5,2992.0,9
2025-12-25 22:20:00,2989.5,2989.5,2988.5,2988.5,4
2025-12-26 09:20:00,3000.5,3013.5,3000.5,3013.5,10
2025-12-26 09:30:00,3001.0,3001.0,3001.0,3001.0,20
2025-12-26 09:40:00,2995.5,2995.5,2995.5,2995.5,3
2025-12-26 10:10:00,2994.5,2994.5,2994.5,2994.5,1
2025-12-26 10:20:00,2995.5,2995.5,2995.5,2995.5,14
2025-12-26 11:50:00,2994.5,2994.5,2994.5,2994.5,1
2025-12-26 12:00:00,2994.5,2994.5,2994.5,2994.5,6
2025-12-26 12:10:00,2995.5,2995.5,2995.5,2995.5,1
2025-12-26 13:00:00,2995.5,2995.5,2995.5,2995.5,1
2025-12-26 13:40:00,2995.5,2995.5,2995.5,2995.5,4
2025-12-26 13:50:00,2995.5,2995.5,2995.5,2995.5,3
2025-12-26 14:20:00,2991.0,2991.0,2991.0,2991.0,1
2025-12-26 14:30:00,2995.0,2995.5,2995.0,2995.5,5
2025-12-26 15:20:00,2998.5,2998.5,2998.5,2998.5,1
2025-12-26 15:50:00,2998.5,2998.5,2998.5,2998.5,1
2025-12-26 16:00:00,2998.5,3001.0,2998.5,3001.0,2
2025-12-26 16:20:00,3001.0,3001.0,3001.0,3001.0,12
2025-12-26 16:30:00,3001.0,3013.5,2999.0,2999.0,14
2025-12-26 16:50:00,3013.0,3013.0,3013.0,3013.0,1
2025-12-26 17:20:00,3000.5,3000.5,3000.5,3000.5,2
2025-12-26 17:50:00,3010.5,3013.5,3010.5,3013.5,24
2025-12-26 18:20:00,3013.5,3013.5,3013.5,3013.5,6
2025-12-26 19:10:00,3013.5,3045.5,3013.5,3045.5,48
2025-12-26 20:10:00,3045.5,3045.5,3045.5,3045.5,1
2025-12-26 20:40:00,3045.5,3055.5,2958.0,2966.5,28
2025-12-26 21:00:00,3022.5,3050.5,3022.5,3050.5,10
2025-12-26 21:10:00,3004.5,3004.5,3000.5,3000.5,2
2025-12-26 21:30:00,3045.0,3051.5,3030.5,3030.5,13
2025-12-26 21:40:00,3030.5,3030.5,3030.5,3030.5,1
2025-12-26 21:50:00,3031.0,3031.0,3030.5,3030.5,13
2025-12-26 22:30:00,3006.5,3006.5,3006.5,3006.5,1
2025-12-26 23:30:00,3011.0,3011.0,3011.0,3011.0,1
2025-12-27 09:50:00,3011.0,3011.0,3011.0,3011.0,1
2025-12-27 10:10:00,3011.0,3011.0,3011.0,3011.0,1
2025-12-27 11:30:00,3055.0,3055.0,3055.0,3055.0,3
2025-12-27 11:40:00,3050.5,3050.5,3050.5,3050.5,3
2025-12-27 13:00:00,3053.0,3053.0,3053.0,3053.0,1
2025-12-27 13:10:00,3053.5,3055.0,3053.5,3055.0,3
2025-12-27 13:40:00,3055.0,3065.5,3055.0,3059.5,16
2025-12-27 14:40:00,3039.5,3039.5,3011.0,3011.5,17
2025-12-27 14:50:00,3015.5,3015.5,3015.5,3015.5,1
2025-12-27 15:30:00,3011.5,3011.5,3011.0,3011.0,12
2025-12-27 15:50:00,3015.5,3015.5,3013.5,3013.5,2
2025-12-27 16:10:00,3017.0,3024.0,3017.0,3024.0,10
2025-12-27 16:20:00,3023.5,3024.0,3019.5,3024.0,3
2025-12-27 16:50:00,3050.0,3050.0,3050.0,3050.0,1
2025-12-27 17:30:00,3022.0,3027.5,3022.0,3027.5,2
2025-12-27 18:40:00,3033.0,3033.0,3033.0,3033.0,1
2025-12-28 10:50:00,3049.0,3050.5,3049.0,3050.5,3
2025-12-28 11:00:00,3055.5,3055.5,3055.5,3055.5,1
2025-12-28 11:40:00,3055.5,3065.5,3055.5,3065.0,6
2025-12-28 11:50:00,3046.0,3046.0,3046.0,3046.0,1
2025-12-28 12:50:00,3056.0,3065.5,3056.0,3065.5,2
2025-12-28 13:30:00,3065.5,3065.5,3065.5,3065.5,1
2025-12-28 13:40:00,3056.0,3056.0,3046.0,3046.0,7
2025-12-28 14:30:00,3049.0,3049.0,3049.0,3049.0,1
2025-12-28 14:40:00,3046.5,3046.5,3046.5,3046.5,1
2025-12-28 15:10:00,3049.0,3049.0,3049.0,3049.0,1
2025-12-28 15:20:00,3046.5,3050.0,3046.5,3050.0,2
2025-12-28 15:30:00,3050.5,3050.5,3050.5,3050.5,1
2025-12-28 16:00:00,3064.5,3065.5,3064.5,3065.5,5
2025-12-28 16:20:00,3065.0,3065.0,3065.0,3065.0,1
2025-12-28 16:30:00,3065.0,3065.0,3065.0,3065.0,3
2025-12-28 16:40:00,3065.5,3066.5,3046.0,3050.5,26
2025-12-28 17:40:00,3063.0,3065.0,3063.0,3065.0,2
2025-12-28 18:40:00,3064.5,3064.5,3064.5,3064.5,1
2025-12-29 08:50:00,3037.5,3037.5,3037.5,3037.5,5
2025-12-29 09:00:00,3013.0,3066.5,3010.5,3021.5,17
2025-12-29 09:10:00,3022.0,3036.5,3022.0,3023.0,14
2025-12-29 09:20:00,3035.5,3064.0,3033.5,3064.0,13
2025-12-29 09:40:00,3023.0,3023.0,3022.5,3022.5,5
2025-12-29 09:50:00,3022.0,3022.0,3010.5,3010.5,15
2025-12-29 10:00:00,2999.5,3058.5,2991.5,2993.5,73
2025-12-29 10:10:00,3047.0,3047.0,3002.0,3002.0,4
2025-12-29 10:30:00,3024.5,3024.5,3001.5,3001.5,10
2025-12-29 10:40:00,3014.0,3015.5,3014.0,3015.5,10
2025-12-29 10:50:00,3008.5,3009.0,3007.5,3007.5,3
2025-12-29 11:00:00,3002.5,3009.5,3001.5,3009.5,16
2025-12-29 11:30:00,3003.5,3007.0,3003.0,3007.0,3
2025-12-29 11:50:00,3003.0,3044.0,3003.0,3006.0,4
2025-12-29 12:30:00,3044.0,3046.5,3044.0,3046.5,3
2025-12-29 13:30:00,3043.5,3046.5,3043.5,3046.5,30
2025-12-29 13:40:00,3032.5,3032.5,3027.5,3027.5,9
2025-12-29 14:10:00,3042.5,3043.0,3042.5,3043.0,2
2025-12-29 14:30:00,3022.0,3022.0,3021.5,3021.5,3
2025-12-29 15:00:00,3020.5,3020.5,3020.5,3020.5,1
2025-12-29 15:30:00,3033.5,3034.0,3033.5,3034.0,3
2025-12-29 16:10:00,3034.0,3034.0,3034.0,3034.0,1
2025-12-29 16:40:00,3020.0,3020.0,3017.5,3017.5,4
2025-12-29 16:50:00,3017.0,3038.5,2983.5,3038.5,42
2025-12-29 17:00:00,3038.0,3038.0,3038.0,3038.0,1
2025-12-29 17:10:00,3004.0,3004.0,3004.0,3004.0,1
2025-12-29 17:40:00,2992.0,3038.0,2986.0,3038.0,19
2025-12-29 17:50:00,3000.5,3000.5,3000.5,3000.5,18
2025-12-29 18:10:00,2992.0,2992.0,2984.5,2984.5,10
2025-12-29 18:20:00,2984.0,2987.0,2890.5,2972.5,209
2025-12-29 18:30:00,2975.5,2975.5,2975.5,2975.5,6
2025-12-29 18:40:00,2975.5,2982.5,2971.0,2971.0,8
2025-12-29 19:00:00,2984.5,2984.5,2984.5,2984.5,3
2025-12-29 19:20:00,2978.5,2978.5,2978.5,2978.5,1
2025-12-29 20:00:00,2955.0,2964.5,2955.0,2962.5,16
2025-12-29 20:30:00,2954.5,2954.5,2954.5,2954.5,1
2025-12-29 21:20:00,2967.5,2968.0,2967.5,2968.0,15
2025-12-29 21:30:00,2953.5,2953.5,2952.5,2952.5,10
2025-12-29 22:10:00,2982.5,2982.5,2982.5,2982.5,2
2025-12-29 22:20:00,2981.5,2981.5,2981.5,2981.5,1
2025-12-29 22:50:00,2947.0,2947.5,2940.5,2947.5,9
2025-12-29 23:00:00,3000.0,3000.5,3000.0,3000.0,4
2025-12-30 09:00:00,3035.5,3037.5,3000.5,3000.5,8
2025-12-30 09:10:00,2997.0,2997.0,2996.5,2996.5,3
2025-12-30 09:30:00,2996.5,2996.5,2996.5,2996.5,1
2025-12-30 10:00:00,2991.5,2991.5,2991.5,2991.5,1
2025-12-30 10:10:00,2988.5,2988.5,2988.5,2988.5,2
2025-12-30 11:10:00,2980.0,2980.0,2980.0,2980.0,5
2025-12-30 11:20:00,2988.0,2991.5,2988.0,2991.5,23
2025-12-30 11:30:00,2993.5,2994.0,2993.5,2994.0,9
2025-12-30 11:50:00,2997.0,2997.0,2997.0,2997.0,1
2025-12-30 12:10:00,2988.0,2988.0,2987.5,2987.5,14
2025-12-30 13:20:00,2986.5,2986.5,2986.5,2986.5,4
2025-12-30 14:20:00,2993.5,2993.5,2993.5,2993.5,1
2025-12-30 14:30:00,2991.0,2991.0,2991.0,2991.0,2
2025-12-30 14:50:00,2995.0,2995.0,2995.0,2995.0,4
2025-12-30 15:00:00,2995.5,2997.5,2995.5,2997.5,2
2025-12-30 15:50:00,3003.0,3004.5,3003.0,3004.5,2
2025-12-30 16:00:00,3004.0,3006.5,3004.0,3006.5,31
2025-12-30 16:10:00,3005.5,3013.5,3005.5,3013.5,5
2025-12-30 16:20:00,3012.0,3012.0,3012.0,3012.0,2
2025-12-30 16:30:00,3001.5,3002.0,3001.5,3002.0,19
2025-12-30 16:50:00,3014.5,3014.5,3014.5,3014.5,21
2025-12-30 17:00:00,3015.0,3015.5,3015.0,3015.5,10
2025-12-30 17:10:00,3015.5,3015.5,3009.0,3009.0,9
2025-12-30 17:20:00,3015.0,3015.0,3011.5,3011.5,2
2025-12-30 17:30:00,3013.5,3013.5,3013.5,3013.5,1
2025-12-30 17:50:00,3013.5,3013.5,3013.5,3013.5,1
2025-12-30 18:00:00,3014.0,3014.0,3014.0,3014.0,2
2025-12-30 19:20:00,3013.5,3013.5,3013.5,3013.5,1
2025-12-30 19:30:00,3010.5,3011.0,3010.5,3011.0,5
2025-12-30 19:40:00,3006.0,3006.0,3006.0,3006.0,1
2025-12-30 21:20:00,2997.0,2997.0,2996.5,2996.5,4
2025-12-30 23:10:00,3006.0,3015.5,2967.5,2967.5,8
2025-12-30 23:30:00,2970.0,2970.0,2970.0,2970.0,1
2025-12-30 23:40:00,2975.0,2975.0,2975.0,2975.0,2
2026-01-05 08:50:00,2939.0,2939.0,2939.0,2939.0,10
2026-01-05 09:00:00,3015.0,3051.0,2939.0,3051.0,71
2026-01-05 09:10:00,3050.0,3050.0,3045.5,3045.5,11
2026-01-05 09:20:00,3039.0,3039.0,3039.0,3039.0,1
2026-01-05 09:50:00,3050.5,3050.5,3050.5,3050.5,1
2026-01-05 10:00:00,3039.0,3045.0,3039.0,3045.0,8
2026-01-05 10:10:00,3037.5,3037.5,3037.0,3037.0,3
2026-01-05 11:00:00,3037.5,3037.5,3031.0,3031.0,26
2026-01-05 11:30:00,3037.0,3037.0,3036.5,3036.5,6
2026-01-05 12:10:00,3038.0,3038.0,3038.0,3038.0,1
2026-01-05 12:30:00,3036.0,3036.0,3036.0,3036.0,2
2026-01-05 12:40:00,3033.0,3033.0,3033.0,3033.0,2
2026-01-05 13:10:00,3038.5,3040.5,3038.5,3040.5,7
2026-01-05 14:00:00,3039.5,3039.5,3039.5,3039.5,1
2026-01-05 14:10:00,3046.5,3046.5,3046.5,3046.5,1
2026-01-05 14:30:00,3037.0,3037.0,3036.5,3036.5,3
2026-01-05 14:50:00,3046.5,3046.5,3046.5,3046.5,2
2026-01-05 15:00:00,3047.0,3047.0,3047.0,3047.0,1
2026-01-05 16:10:00,3050.5,3050.5,3050.5,3050.5,1
2026-01-05 16:30:00,3059.0,3059.5,3059.0,3059.5,38
2026-01-05 17:00:00,3066.0,3066.5,3059.5,3065.5,26
2026-01-05 18:30:00,3064.5,3064.5,3064.5,3064.5,5
2026-01-05 18:40:00,3070.0,3081.0,3068.0,3081.0,24
2026-01-05 19:10:00,3081.0,3081.5,3081.0,3081.5,3
2026-01-05 19:50:00,3079.5,3081.0,3079.5,3081.0,2
2026-01-05 20:00:00,3067.5,3067.5,3067.0,3067.0,31
2026-01-05 20:10:00,3069.5,3069.5,3069.5,3069.5,1
2026-01-05 20:20:00,3080.5,3080.5,3080.5,3080.5,1
2026-01-05 20:30:00,3081.5,3088.0,3081.5,3088.0,5
2026-01-05 20:50:00,3088.0,3088.0,3088.0,3088.0,1
2026-01-05 21:30:00,3079.5,3079.5,3062.0,3062.0,4
2026-01-05 21:40:00,3086.5,3086.5,3086.5,3086.5,1
2026-01-05 22:00:00,3062.5,3085.0,3013.5,3085.0,20
2026-01-05 22:50:00,3075.5,3075.5,3075.5,3075.5,15
2026-01-06 09:00:00,3107.5,3107.5,3107.5,3107.5,15
2026-01-06 09:10:00,3106.0,3115.0,3106.0,3112.5,4
2026-01-06 09:20:00,3125.0,3125.0,3124.0,3124.0,3
2026-01-06 09:30:00,3124.5,3124.5,3112.5,3122.0,3
2026-01-06 09:50:00,3120.5,3120.5,3120.5,3120.5,2
2026-01-06 10:00:00,3112.5,3112.5,3112.5,3112.5,6
2026-01-06 10:10:00,3112.5,3112.5,3112.5,3112.5,1
2026-01-06 10:20:00,3117.0,3120.0,3117.0,3120.0,36
2026-01-06 10:30:00,3120.0,3120.0,3115.5,3115.5,5
2026-01-06 10:40:00,3115.0,3115.0,3112.5,3112.5,8
2026-01-06 11:00:00,3121.0,3121.5,3121.0,3121.5,2
2026-01-06 11:10:00,3119.5,3120.5,3119.5,3120.5,25
2026-01-06 11:20:00,3113.0,3113.0,3113.0,3113.0,1
2026-01-06 11:30:00,3127.5,3127.5,3127.5,3127.5,2
2026-01-06 11:40:00,3120.5,3134.5,3120.5,3134.5,5
2026-01-06 11:50:00,3134.5,3134.5,3134.5,3134.5,2
2026-01-06 12:00:00,3127.5,3127.5,3117.5,3125.0,14
2026-01-06 12:10:00,3125.5,3128.0,3125.5,3128.0,6
2026-01-06 12:20:00,3126.0,3126.0,3126.0,3126.0,1
2026-01-06 12:30:00,3112.5,3112.5,3108.0,3108.0,6
2026-01-06 13:00:00,3108.0,3108.0,3106.5,3106.5,5
2026-01-06 13:10:00,3119.5,3119.5,3119.5,3119.5,2
2026-01-06 13:20:00,3116.0,3117.5,3116.0,3117.5,21
2026-01-06 13:40:00,3108.0,3108.0,3105.0,3105.0,27
2026-01-06 14:00:00,3109.0,3109.0,3109.0,3109.0,2
2026-01-06 14:10:00,3115.5,3115.5,3115.5,3115.5,2
2026-01-06 14:30:00,3116.5,3117.5,3116.5,3117.5,9
2026-01-06 14:50:00,3117.5,3117.5,3117.5,3117.5,1
2026-01-06 15:00:00,3115.5,3115.5,3115.5,3115.5,5
2026-01-06 15:10:00,3114.5,3115.5,3114.0,3114.0,10
2026-01-06 15:20:00,3114.0,3114.0,3114.0,3114.0,2
2026-01-06 15:40:00,3126.5,3126.5,3124.0,3124.5,14
2026-01-06 15:50:00,3125.5,3125.5,3125.5,3125.5,1
2026-01-06 16:20:00,3125.5,3133.5,3125.5,3133.5,4
2026-01-06 16:30:00,3118.5,3118.5,3118.0,3118.0,8
2026-01-06 16:50:00,3122.5,3125.5,3121.5,3121.5,4
2026-01-06 17:00:00,3131.0,3134.5,3131.0,3134.5,3
2026-01-06 17:10:00,3137.5,3145.5,3137.5,3145.0,6
2026-01-06 17:20:00,3134.5,3134.5,3128.5,3128.5,15
2026-01-06 17:50:00,3141.0,3141.0,3141.0,3141.0,1
2026-01-06 18:00:00,3132.0,3139.5,3131.5,3131.5,20
2026-01-06 18:10:00,3136.5,3136.5,3124.0,3124.5,22
2026-01-06 18:20:00,3137.0,3137.0,3137.0,3137.0,1
2026-01-06 18:30:00,3130.5,3130.5,3124.0,3124.0,11
2026-01-06 18:40:00,3114.5,3114.5,3114.5,3114.5,2
2026-01-06 19:00:00,3116.5,3119.5,3116.5,3119.5,16
2026-01-06 19:20:00,3109.0,3109.0,3109.0,3109.0,1
2026-01-06 19:40:00,3131.5,3135.0,3131.5,3135.0,30
2026-01-06 20:00:00,3131.5,3132.0,3131.5,3132.0,60
2026-01-06 20:10:00,3129.0,3129.0,3129.0,3129.0,1
2026-01-06 20:40:00,3117.5,3117.5,3117.5,3117.5,2
2026-01-06 20:50:00,3129.5,3129.5,3129.5,3129.5,2
2026-01-06 21:00:00,3123.0,3124.5,3123.0,3124.5,7
2026-01-06 21:30:00,3125.5,3125.5,3125.5,3125.5,1
2026-01-06 21:40:00,3123.5,3123.5,3123.5,3123.5,1
2026-01-06 23:00:00,3117.0,3117.0,3117.0,3117.0,2
2026-01-06 23:40:00,3116.0,3116.0,3115.5,3115.5,4
2026-01-08 08:50:00,3079.5,3079.5,3079.5,3079.5,7
2026-01-08 09:00:00,3036.5,3073.5,2940.5,3017.0,226
2026-01-08 09:10:00,3015.5,3016.0,3010.0,3010.0,65
2026-01-08 09:20:00,3013.5,3024.0,3013.5,3023.0,26
2026-01-08 09:30:00,3041.5,3041.5,3041.5,3041.5,1
2026-01-08 09:40:00,3032.0,3032.0,3031.0,3031.0,4
2026-01-08 10:10:00,3037.5,3044.0,3037.5,3040.5,5
2026-01-08 10:20:00,3033.5,3033.5,3029.0,3029.0,40
2026-01-08 10:30:00,3027.0,3027.0,3027.0,3027.0,1
2026-01-08 10:40:00,3029.0,3029.0,3028.5,3028.5,5
2026-01-08 10:50:00,3028.0,3028.0,3027.5,3027.5,16
2026-01-08 11:10:00,3024.0,3024.0,3022.5,3022.5,4
2026-01-08 11:30:00,3019.5,3019.5,3019.0,3019.0,3
2026-01-08 11:40:00,3016.5,3016.5,3016.5,3016.5,1
2026-01-08 12:00:00,3019.5,3019.5,3016.5,3016.5,13
2026-01-08 12:10:00,3015.5,3015.5,3015.5,3015.5,1
2026-01-08 12:20:00,3019.5,3019.5,3015.5,3015.5,2
2026-01-08 12:30:00,3020.5,3020.5,3020.5,3020.5,4
2026-01-08 12:40:00,3015.0,3015.0,3014.5,3014.5,2
2026-01-08 12:50:00,3017.0,3017.5,3017.0,3017.5,2
2026-01-08 13:00:00,3022.0,3031.0,3022.0,3031.0,6
2026-01-08 13:20:00,3024.0,3024.0,3024.0,3024.0,1
2026-01-08 13:40:00,3030.5,3030.5,3030.5,3030.5,1
2026-01-08 14:10:00,3031.0,3031.0,3028.0,3028.0,13
2026-01-08 14:30:00,3028.0,3030.5,3028.0,3030.5,2
2026-01-08 14:40:00,3027.5,3027.5,3027.0,3027.0,2
2026-01-08 14:50:00,3017.5,3017.5,3017.5,3017.5,1
2026-01-08 15:00:00,3017.0,3017.0,3010.0,3015.5,4
2026-01-08 15:40:00,3018.5,3018.5,3018.5,3018.5,6
2026-01-08 16:00:00,3013.0,3013.0,3010.0,3010.0,3
2026-01-08 16:10:00,3002.0,3011.0,2998.5,3011.0,13
2026-01-08 17:00:00,3005.5,3005.5,3005.5,3005.5,2
2026-01-08 17:40:00,2985.5,2988.5,2985.5,2988.5,6
2026-01-08 17:50:00,3001.0,3001.0,3001.0,3001.0,1
2026-01-08 18:00:00,2993.5,2993.5,2993.5,2993.5,4
2026-01-08 18:10:00,3009.5,3009.5,3009.5,3009.5,3
2026-01-08 18:30:00,3009.5,3009.5,3009.5,3009.5,1
2026-01-08 19:10:00,3015.5,3015.5,3015.5,3015.5,7
2026-01-08 19:30:00,3007.0,3007.0,3007.0,3007.0,1
2026-01-08 19:40:00,2999.5,2999.5,2999.0,2999.0,3
2026-01-08 19:50:00,3001.5,3001.5,3001.5,3001.5,1
2026-01-08 20:10:00,3004.5,3004.5,3004.5,3004.5,1
2026-01-08 20:30:00,3006.0,3006.0,3006.0,3006.0,1
2026-01-08 20:40:00,3005.5,3005.5,3004.5,3004.5,15
2026-01-08 20:50:00,2991.5,2991.5,2989.0,2990.5,12
2026-01-09 08:50:00,3006.5,3006.5,3006.5,3006.5,1
2026-01-09 09:00:00,3019.5,3019.5,3019.5,3019.5,1
2026-01-09 09:30:00,3023.0,3023.5,3023.0,3023.5,4
2026-01-09 09:40:00,3030.5,3035.0,3030.5,3035.0,8
2026-01-09 10:00:00,3012.5,3012.5,3012.5,3012.5,1
2026-01-09 10:10:00,3014.5,3014.5,3012.5,3012.5,4
2026-01-09 10:20:00,3005.0,3005.0,3005.0,3005.0,2
2026-01-09 10:40:00,3017.5,3017.5,3017.5,3017.5,1
2026-01-09 11:00:00,3011.0,3011.0,3011.0,3011.0,12
2026-01-09 11:20:00,3011.5,3011.5,3011.5,3011.5,4
2026-01-09 11:30:00,3011.0,3011.0,3007.5,3007.5,7
2026-01-09 11:40:00,3008.5,3008.5,3007.5,3007.5,31
2026-01-09 12:00:00,3011.0,3013.0,3011.0,3013.0,22
2026-01-09 12:10:00,3018.0,3018.0,3018.0,3018.0,1
2026-01-09 12:30:00,3017.5,3018.0,3017.5,3018.0,9
2026-01-09 12:50:00,3014.5,3015.0,3013.5,3013.5,15
2026-01-09 13:00:00,3013.5,3013.5,3013.5,3013.5,5
2026-01-09 13:10:00,3014.0,3014.0,3014.0,3014.0,1
2026-01-09 13:30:00,3016.5,3017.0,3016.5,3017.0,7
2026-01-09 14:20:00,3020.5,3020.5,3018.0,3018.0,3
2026-01-09 15:00:00,3033.0,3033.5,3032.0,3032.0,6
2026-01-09 15:10:00,3030.0,3030.0,3030.0,3030.0,1
2026-01-09 15:20:00,3028.5,3028.5,3028.5,3028.5,1
2026-01-09 15:50:00,3015.0,3020.0,3014.0,3020.0,21
2026-01-09 16:00:00,3031.5,3031.5,3031.5,3031.5,1
2026-01-09 16:30:00,3019.0,3019.0,3019.0,3019.0,11
2026-01-09 17:10:00,3014.5,3014.5,3014.0,3014.0,9
2026-01-09 17:20:00,3026.0,3026.0,3026.0,3026.0,1
2026-01-09 18:00:00,3016.0,3016.0,3016.0,3016.0,5
2026-01-09 18:10:00,3013.5,3013.5,3013.5,3013.5,1
2026-01-09 18:30:00,3023.0,3023.0,3023.0,3023.0,9
2026-01-09 19:20:00,3026.5,3026.5,3026.5,3026.5,2
2026-01-09 20:00:00,3026.0,3026.5,3026.0,3026.5,16
2026-01-09 20:10:00,3026.5,3026.5,3026.5,3026.5,10
2026-01-09 20:30:00,3026.5,3026.5,3026.5,3026.5,1
2026-01-09 20:40:00,3026.0,3026.0,3026.0,3026.0,2
2026-01-09 20:50:00,3025.5,3025.5,3025.5,3025.5,1
2026-01-09 21:00:00,3019.0,3019.0,3017.0,3017.0,51
2026-01-09 21:50:00,3024.0,3024.0,3024.0,3024.0,1
2026-01-09 23:10:00,3031.0,3031.0,3031.0,3031.0,1
2026-01-09 23:20:00,3031.0,3031.0,3031.0,3031.0,5
2026-01-09 23:30:00,3031.0,3031.0,3031.0,3031.0,9
2026-01-12 08:50:00,3069.5,3069.5,3069.5,3069.5,1
2026-01-12 09:00:00,3069.0,3069.0,3032.0,3032.5,23
2026-01-12 09:10:00,3032.5,3044.0,3032.0,3044.0,44
2026-01-12 09:30:00,3046.5,3046.5,3046.5,3046.5,1
2026-01-12 10:00:00,3049.0,3049.0,3043.5,3048.5,4
2026-01-12 10:10:00,3045.0,3045.5,3045.0,3045.5,2
2026-01-12 10:20:00,3048.0,3049.0,3047.0,3048.5,13
2026-01-12 10:30:00,3048.5,3048.5,3048.5,3048.5,2
2026-01-12 10:50:00,3049.0,3050.5,3049.0,3050.5,5
2026-01-12 11:00:00,3047.0,3047.0,3047.0,3047.0,6
2026-01-12 11:10:00,3047.0,3048.0,3047.0,3048.0,3
2026-01-12 11:20:00,3047.0,3047.0,3045.0,3045.0,9
2026-01-12 11:30:00,3043.5,3043.5,3039.5,3040.0,17
2026-01-12 11:40:00,3039.0,3039.0,3039.0,3039.0,1
2026-01-12 12:30:00,3046.5,3046.5,3044.5,3044.5,2
2026-01-12 12:40:00,3039.5,3039.5,3038.0,3038.0,10
2026-01-12 13:00:00,3043.5,3044.5,3043.5,3044.5,21
2026-01-12 14:00:00,3044.5,3045.5,3044.5,3045.5,8
2026-01-12 14:10:00,3056.5,3056.5,3042.5,3042.5,4
2026-01-12 15:00:00,3056.5,3057.0,3056.5,3057.0,6
2026-01-12 15:10:00,3056.5,3060.0,3056.0,3056.0,13
2026-01-12 15:20:00,3058.5,3058.5,3057.0,3057.0,17
2026-01-12 15:40:00,3055.5,3055.5,3055.5,3055.5,1
2026-01-12 15:50:00,3065.0,3065.0,3065.0,3065.0,2
2026-01-12 16:10:00,3065.5,3065.5,3065.5,3065.5,5
2026-01-12 16:20:00,3066.5,3075.0,3066.5,3075.0,4
2026-01-12 16:30:00,3072.5,3081.0,3072.5,3081.0,11
2026-01-12 16:50:00,3084.0,3085.0,3079.5,3085.0,702
2026-01-12 17:00:00,3056.5,3056.5,3056.5,3056.5,1
2026-01-12 17:10:00,3065.0,3085.5,3065.0,3085.5,3
2026-01-12 17:30:00,3071.0,3071.0,3062.0,3062.0,6
2026-01-12 19:10:00,3085.5,3101.5,3085.5,3101.5,33
2026-01-12 19:50:00,3086.0,3086.0,3080.0,3080.0,14
2026-01-12 20:00:00,3080.0,3080.0,3079.5,3079.5,3
2026-01-12 20:10:00,3085.0,3085.0,3085.0,3085.0,1
2026-01-12 21:40:00,3089.0,3089.0,3089.0,3089.0,5
2026-01-12 21:50:00,3089.0,3089.5,3089.0,3089.5,6
2026-01-12 22:00:00,3089.5,3089.5,3089.5,3089.5,2
2026-01-12 22:50:00,3090.5,3090.5,3090.5,3090.5,1
2026-01-13 09:00:00,3090.0,3090.0,3085.0,3085.0,9
2026-01-13 09:20:00,3080.5,3080.5,3080.5,3080.5,1
2026-01-13 09:30:00,3071.5,3071.5,3071.5,3071.5,7
2026-01-13 09:40:00,3077.0,3077.0,3077.0,3077.0,3
2026-01-13 10:00:00,3084.0,3086.5,3078.0,3086.5,9
2026-01-13 10:40:00,3081.0,3081.0,3077.5,3077.5,5
2026-01-13 11:00:00,3081.5,3081.5,3081.5,3081.5,1
2026-01-13 11:10:00,3097.0,3109.0,3092.5,3109.0,12
2026-01-13 11:40:00,3093.5,3093.5,3093.0,3093.0,3
2026-01-13 12:00:00,3108.5,3108.5,3108.5,3108.5,4
2026-01-13 12:10:00,3108.5,3109.0,3108.5,3109.0,2
2026-01-13 12:20:00,3109.0,3109.0,3109.0,3109.0,1
2026-01-13 12:30:00,3106.0,3106.0,3106.0,3106.0,1
2026-01-13 12:50:00,3105.5,3105.5,3105.0,3105.5,3
2026-01-13 13:00:00,3112.0,3113.5,3111.5,3111.5,46
2026-01-13 14:20:00,3117.5,3117.5,3112.0,3113.5,14
2026-01-13 14:30:00,3112.5,3112.5,3112.5,3112.5,1
2026-01-13 14:40:00,3114.0,3128.0,3114.0,3128.0,534
2026-01-13 14:50:00,3127.5,3127.5,3127.5,3127.5,1
2026-01-13 15:20:00,3128.0,3128.0,3128.0,3128.0,1
2026-01-13 15:50:00,3129.0,3131.5,3129.0,3131.5,30
2026-01-13 16:00:00,3133.5,3157.0,3133.5,3153.0,534
2026-01-13 16:10:00,3150.0,3157.5,3150.0,3157.5,20
2026-01-13 16:20:00,3157.5,3165.0,3157.0,3158.0,36
2026-01-13 16:30:00,3166.5,3166.5,3156.5,3157.5,152
2026-01-13 16:40:00,3159.5,3159.5,3142.0,3142.0,61
2026-01-13 16:50:00,3150.5,3150.5,3143.5,3146.5,112
2026-01-13 17:00:00,3145.5,3160.5,3145.5,3157.5,43
2026-01-13 17:10:00,3158.0,3159.0,3150.0,3150.0,42
2026-01-13 17:20:00,3149.0,3149.0,3142.0,3142.0,11
2026-01-13 17:30:00,3148.5,3148.5,3143.5,3147.5,4
2026-01-13 17:40:00,3150.0,3152.5,3150.0,3152.5,6
2026-01-13 17:50:00,3149.5,3153.5,3147.0,3147.0,43
2026-01-13 18:00:00,3149.0,3149.0,3141.5,3141.5,49
2026-01-13 18:10:00,3144.5,3148.0,3120.5,3120.5,83
2026-01-13 18:20:00,3120.5,3129.0,3120.5,3126.5,14
2026-01-13 18:30:00,3126.5,3126.5,3125.0,3126.0,21
2026-01-13 18:40:00,3126.5,3127.0,3126.5,3127.0,10
2026-01-13 19:00:00,3163.0,3163.0,3114.5,3127.0,13
2026-01-13 19:10:00,3126.0,3127.0,3124.5,3124.5,6
2026-01-13 19:20:00,3117.5,3117.5,3082.5,3111.0,47
2026-01-13 19:30:00,3108.0,3108.0,3095.5,3095.5,10
2026-01-13 19:40:00,3102.5,3102.5,3102.5,3102.5,2
2026-01-13 19:50:00,3106.0,3106.0,3106.0,3106.0,1
2026-01-13 20:00:00,3106.0,3106.0,3106.0,3106.0,1
2026-01-13 20:10:00,3090.5,3096.5,3090.5,3096.5,10
2026-01-13 20:20:00,3090.5,3090.5,3090.5,3090.5,34
2026-01-13 20:40:00,3105.0,3105.0,3102.0,3102.0,2
2026-01-13 20:50:00,3095.5,3095.5,3095.5,3095.5,2
2026-01-13 21:00:00,3095.5,3100.5,3095.5,3100.5,11
2026-01-13 21:10:00,3097.5,3098.0,3095.5,3095.5,9
2026-01-13 21:20:00,3098.5,3098.5,3097.5,3097.5,6
2026-01-13 21:30:00,3098.0,3098.0,3096.0,3096.0,7
2026-01-13 21:40:00,3099.0,3099.0,3099.0,3099.0,2
2026-01-13 21:50:00,3091.5,3091.5,3090.5,3090.5,4
2026-01-13 22:00:00,3095.5,3095.5,3095.5,3095.5,1
2026-01-13 22:20:00,3120.5,3140.5,3096.5,3096.5,10
2026-01-13 22:30:00,3134.0,3134.0,3132.5,3133.0,3
2026-01-13 22:50:00,3132.5,3132.5,3132.5,3132.5,1
2026-01-13 23:00:00,3132.0,3132.0,3132.0,3132.0,2
2026-01-13 23:20:00,3132.0,3132.0,3132.0,3132.0,2
2026-01-13 23:30:00,3100.5,3100.5,3099.5,3099.5,3
2026-01-14 09:00:00,3106.0,3112.0,3105.5,3112.0,31
2026-01-14 09:10:00,3115.0,3118.0,3115.0,3117.0,7
2026-01-14 09:20:00,3116.0,3116.0,3116.0,3116.0,1
2026-01-14 09:30:00,3119.5,3119.5,3112.5,3114.0,9
2026-01-14 09:40:00,3115.0,3115.0,3115.0,3115.0,1
2026-01-14 09:50:00,3111.0,3118.0,3111.0,3118.0,4
2026-01-14 10:10:00,3111.5,3111.5,3110.5,3110.5,6
2026-01-14 10:20:00,3112.0,3122.0,3112.0,3122.0,11
2026-01-14 10:30:00,3120.0,3120.0,3120.0,3120.0,1
2026-01-14 10:40:00,3115.5,3118.5,3107.5,3118.5,6
2026-01-14 11:00:00,3113.0,3115.5,3107.5,3107.5,235
2026-01-14 11:10:00,3115.5,3115.5,3115.5,3115.5,10
2026-01-14 11:20:00,3113.5,3113.5,3113.5,3113.5,1
2026-01-14 11:30:00,3115.5,3115.5,3112.5,3112.5,2
2026-01-14 11:50:00,3111.5,3111.5,3099.5,3100.5,95
2026-01-14 12:20:00,3104.0,3104.0,3104.0,3104.0,2
2026-01-14 12:30:00,3104.0,3112.0,3104.0,3112.0,4
2026-01-14 12:50:00,3112.0,3112.5,3112.0,3112.5,6
2026-01-14 13:00:00,3113.0,3122.5,3113.0,3120.5,161
2026-01-14 13:10:00,3118.0,3118.0,3118.0,3118.0,1
2026-01-14 13:20:00,3120.5,3122.0,3120.5,3122.0,3
2026-01-14 13:50:00,3118.0,3118.0,3115.5,3115.5,10
2026-01-14 14:00:00,3118.0,3118.0,3117.5,3117.5,14
2026-01-14 14:20:00,3135.5,3135.5,3135.0,3135.5,4
2026-01-14 14:30:00,3135.0,3135.0,3135.0,3135.0,1
2026-01-14 14:40:00,3126.5,3126.5,3123.0,3123.0,6
2026-01-14 14:50:00,3135.0,3135.0,3135.0,3135.0,5
2026-01-14 15:00:00,3135.5,3146.0,3135.5,3144.5,11
2026-01-14 15:10:00,3134.0,3134.0,3134.0,3134.0,4
2026-01-14 15:20:00,3146.5,3146.5,3146.5,3146.5,4
2026-01-14 15:30:00,3135.5,3135.5,3135.5,3135.5,1
2026-01-14 15:40:00,3146.5,3146.5,3146.5,3146.5,4
2026-01-14 15:50:00,3145.5,3146.5,3135.5,3146.5,58
2026-01-14 16:00:00,3151.5,3151.5,3135.5,3135.5,12
2026-01-14 16:10:00,3128.5,3128.5,3128.0,3128.0,5
2026-01-14 16:40:00,3129.0,3129.5,3129.0,3129.5,8
2026-01-14 17:00:00,3144.5,3155.0,3138.5,3154.0,15
2026-01-14 17:10:00,3155.5,3156.5,3155.5,3156.5,22
2026-01-14 17:20:00,3159.5,3160.0,3158.5,3160.0,54
2026-01-14 17:30:00,3160.0,3160.0,3153.5,3159.5,57
2026-01-14 17:40:00,3160.5,3160.5,3153.5,3153.5,9
2026-01-14 17:50:00,3147.0,3175.5,3146.0,3146.0,33
2026-01-14 18:00:00,3146.0,3163.5,3140.5,3140.5,39
2026-01-14 18:10:00,3160.0,3160.5,3151.5,3156.5,13
2026-01-14 18:20:00,3155.5,3155.5,3155.5,3155.5,12
2026-01-14 18:30:00,3155.5,3158.5,3151.5,3158.5,4
2026-01-14 18:40:00,3162.0,3162.0,3162.0,3162.0,4
2026-01-14 19:00:00,3162.5,3165.0,3162.5,3165.0,16
2026-01-14 19:10:00,3165.5,3165.5,3165.5,3165.5,1
2026-01-14 19:20:00,3175.5,3179.0,3175.5,3177.5,20
2026-01-14 19:30:00,3177.5,3177.5,3155.5,3155.5,15
2026-01-14 19:50:00,3160.5,3160.5,3160.5,3160.5,5
2026-01-14 20:00:00,3165.5,3165.5,3165.5,3165.5,1
2026-01-14 20:10:00,3165.5,3165.5,3165.5,3165.5,8
2026-01-14 20:30:00,3172.0,3173.5,3172.0,3173.5,11
2026-01-14 20:50:00,3175.5,3175.5,3172.0,3172.0,4
2026-01-14 21:10:00,3175.5,3175.5,3175.5,3175.5,5
2026-01-14 21:20:00,3178.0,3178.0,3178.0,3178.0,35
2026-01-14 21:50:00,3184.5,3184.5,3184.5,3184.5,1
2026-01-14 22:20:00,3166.5,3166.5,3118.0,3121.0,43
2026-01-14 22:30:00,3145.5,3147.5,3145.5,3147.5,24
2026-01-14 22:40:00,3151.0,3151.0,3151.0,3151.0,1
2026-01-14 22:50:00,3174.0,3174.0,3174.0,3174.0,1
2026-01-14 23:20:00,3172.0,3175.5,3172.0,3175.0,12
2026-01-15 09:00:00,3180.0,3180.0,3168.5,3168.5,4
2026-01-15 09:10:00,3173.0,3195.0,3173.0,3195.0,20
2026-01-15 09:20:00,3195.0,3200.0,3191.0,3191.0,13
2026-01-15 09:30:00,3190.0,3190.0,3187.5,3187.5,28
2026-01-15 09:40:00,3182.5,3189.5,3182.5,3189.5,22
2026-01-15 10:00:00,3185.5,3197.0,3185.5,3197.0,315
2026-01-15 10:10:00,3198.0,3198.0,3194.5,3194.5,5
2026-01-15 10:20:00,3196.5,3196.5,3196.5,3196.5,1
2026-01-15 10:30:00,3197.5,3198.0,3197.5,3198.0,22
2026-01-15 10:40:00,3198.0,3198.0,3189.0,3189.0,11
2026-01-15 10:50:00,3186.0,3186.0,3175.0,3175.0,36
2026-01-15 11:00:00,3177.5,3177.5,3177.0,3177.0,7
2026-01-15 11:10:00,3176.0,3178.5,3173.5,3173.5,7
2026-01-15 11:20:00,3173.0,3173.0,3165.5,3165.5,7
2026-01-15 11:30:00,3166.5,3170.0,3166.5,3170.0,2
2026-01-15 11:40:00,3176.5,3181.0,3171.0,3181.0,20
2026-01-15 11:50:00,3185.0,3185.0,3185.0,3185.0,1
2026-01-15 12:00:00,3195.5,3204.5,3195.5,3204.5,14
2026-01-15 12:10:00,3201.0,3201.0,3198.0,3198.0,5
2026-01-15 12:20:00,3191.5,3198.0,3191.5,3194.5,49
2026-01-15 12:30:00,3196.0,3201.5,3196.0,3201.5,3
2026-01-15 12:40:00,3204.0,3209.5,3197.5,3199.5,15
2026-01-15 13:00:00,3202.0,3202.0,3201.5,3201.5,2
2026-01-15 13:20:00,3209.5,3209.5,3209.5,3209.5,10
2026-01-15 13:30:00,3211.5,3211.5,3211.5,3211.5,1
2026-01-15 13:40:00,3216.5,3216.5,3216.5,3216.5,11
2026-01-15 13:50:00,3216.5,3216.5,3216.5,3216.5,2
2026-01-15 14:10:00,3216.0,3216.5,3216.0,3216.5,5
2026-01-15 14:20:00,3215.0,3215.0,3215.0,3215.0,1
2026-01-15 14:30:00,3213.5,3213.5,3205.0,3210.5,4
2026-01-15 14:50:00,3203.5,3207.0,3203.5,3206.5,8
2026-01-15 15:00:00,3208.0,3208.0,3208.0,3208.0,1
2026-01-15 15:10:00,3212.0,3215.0,3212.0,3215.0,2
2026-01-15 15:30:00,3214.0,3214.0,3214.0,3214.0,1
2026-01-15 15:40:00,3213.5,3219.5,3208.5,3208.5,25
2026-01-15 15:50:00,3204.0,3204.0,3203.5,3203.5,6
2026-01-15 16:00:00,3199.0,3199.0,3174.5,3174.5,32
2026-01-15 16:10:00,3174.0,3182.5,3165.5,3165.5,53
2026-01-15 16:20:00,3162.5,3162.5,3151.0,3151.5,520
2026-01-15 16:30:00,3151.5,3151.5,3147.5,3147.5,5
2026-01-15 16:40:00,3151.5,3165.5,3146.0,3146.0,13
2026-01-15 16:50:00,3152.0,3166.0,3152.0,3153.5,9
2026-01-15 17:00:00,3162.0,3169.5,3162.0,3169.5,4
2026-01-15 17:10:00,3168.0,3168.0,3168.0,3168.0,2
2026-01-15 17:20:00,3193.0,3193.0,3193.0,3193.0,2
2026-01-15 17:30:00,3194.5,3194.5,3177.5,3177.5,27
2026-01-15 17:50:00,3189.5,3189.5,3189.5,3189.5,1
2026-01-15 18:00:00,3177.5,3177.5,3177.5,3177.5,1
2026-01-15 18:10:00,3190.0,3190.0,3190.0,3190.0,1
2026-01-15 18:20:00,3181.0,3189.5,3180.5,3189.5,23
2026-01-15 18:40:00,3183.0,3191.5,3183.0,3188.0,11
2026-01-15 19:20:00,3195.5,3195.5,3195.5,3195.5,1
2026-01-15 19:30:00,3207.5,3214.0,3193.0,3193.0,7
2026-01-15 19:40:00,3192.0,3192.0,3192.0,3192.0,1
2026-01-15 20:10:00,3203.0,3208.0,3203.0,3208.0,4
2026-01-15 20:20:00,3192.0,3192.0,3192.0,3192.0,1
2026-01-15 20:30:00,3196.5,3196.5,3196.5,3196.5,1
2026-01-15 20:50:00,3196.5,3196.5,3196.5,3196.5,1
2026-01-15 21:10:00,3196.5,3196.5,3196.5,3196.5,1
2026-01-15 22:00:00,3194.5,3194.5,3194.5,3194.5,1
2026-01-15 22:20:00,3194.5,3194.5,3186.5,3186.5,4
2026-01-15 22:50:00,3185.5,3185.5,3185.5,3185.5,3
2026-01-16 08:50:00,3178.5,3178.5,3178.5,3178.5,1
2026-01-16 09:00:00,3166.5,3172.5,3152.5,3159.5,321
2026-01-16 09:10:00,3159.5,3160.0,3153.0,3153.0,16
2026-01-16 09:20:00,3148.0,3148.0,3148.0,3148.0,6
2026-01-16 09:30:00,3148.0,3152.5,3148.0,3152.5,4
2026-01-16 09:40:00,3152.5,3152.5,3152.5,3152.5,3
2026-01-16 10:00:00,3162.0,3162.0,3155.0,3155.0,2
2026-01-16 10:10:00,3171.5,3172.5,3171.5,3172.5,6
2026-01-16 10:20:00,3167.0,3173.0,3161.5,3167.5,504
2026-01-16 10:30:00,3167.5,3168.5,3158.5,3168.5,7
2026-01-16 10:50:00,3166.0,3166.0,3166.0,3166.0,1
2026-01-16 11:00:00,3166.0,3166.0,3166.0,3166.0,1
2026-01-16 11:10:00,3161.0,3161.0,3161.0,3161.0,1
2026-01-16 11:20:00,3162.5,3162.5,3155.0,3156.0,23
2026-01-16 11:30:00,3155.5,3155.5,3155.5,3155.5,4
2026-01-16 11:40:00,3155.0,3155.0,3152.5,3152.5,4
2026-01-16 11:50:00,3148.0,3148.0,3132.0,3132.0,48
2026-01-16 12:00:00,3142.0,3142.0,3122.0,3122.0,13
2026-01-16 12:10:00,3127.0,3132.0,3127.0,3132.0,14
2026-01-16 12:20:00,3132.0,3140.0,3132.0,3134.5,6
2026-01-16 12:30:00,3132.5,3134.5,3123.0,3123.0,8
2026-01-16 12:40:00,3132.0,3132.0,3132.0,3132.0,1
2026-01-16 13:00:00,3135.5,3135.5,3128.0,3129.0,39
2026-01-16 13:10:00,3135.0,3140.5,3135.0,3140.5,4
2026-01-16 13:20:00,3139.5,3139.5,3139.5,3139.5,1
2026-01-16 13:40:00,3139.5,3139.5,3139.5,3139.5,5
2026-01-16 13:50:00,3137.0,3137.0,3130.0,3130.0,10
2026-01-16 14:00:00,3131.0,3131.0,3131.0,3131.0,1
2026-01-16 14:10:00,3145.5,3145.5,3145.5,3145.5,2
2026-01-16 14:30:00,3143.0,3143.0,3141.0,3141.0,2
2026-01-16 14:40:00,3131.0,3135.0,3131.0,3135.0,2
2026-01-16 14:50:00,3143.5,3143.5,3143.5,3143.5,2
2026-01-16 15:00:00,3143.5,3143.5,3143.5,3143.5,1
2026-01-16 15:10:00,3143.5,3143.5,3140.5,3140.5,4
2026-01-16 15:30:00,3131.0,3131.0,3129.0,3129.0,12
2026-01-16 15:40:00,3121.5,3122.0,3121.5,3122.0,6
2026-01-16 15:50:00,3122.5,3122.5,3122.5,3122.5,3
2026-01-16 16:00:00,3122.0,3122.0,3095.5,3103.0,36
2026-01-16 16:10:00,3103.0,3104.5,3087.0,3088.5,121
2026-01-16 16:20:00,3087.5,3091.0,3085.0,3085.0,310
2026-01-16 16:30:00,3085.5,3085.5,3085.5,3085.5,2
2026-01-16 16:40:00,3086.5,3094.0,3081.0,3087.0,19
2026-01-16 16:50:00,3100.5,3100.5,3099.5,3100.5,45
2026-01-16 17:00:00,3095.0,3095.0,3095.0,3095.0,3
2026-01-16 17:30:00,3103.5,3103.5,3095.5,3103.0,3
2026-01-16 17:40:00,3102.5,3102.5,3102.5,3102.5,4
2026-01-16 17:50:00,3097.0,3097.0,3097.0,3097.0,10
2026-01-16 18:00:00,3105.5,3105.5,3105.5,3105.5,1
2026-01-16 18:20:00,3095.5,3095.5,3093.0,3093.0,2
2026-01-16 18:30:00,3086.0,3092.0,3082.5,3090.0,153
2026-01-16 18:40:00,3081.0,3081.0,3080.5,3080.5,46
2026-01-16 19:10:00,3090.5,3090.5,3090.5,3090.5,2
2026-01-16 19:30:00,3095.5,3095.5,3095.5,3095.5,1
2026-01-16 19:40:00,3097.5,3100.0,3096.5,3098.5,20
2026-01-16 19:50:00,3100.5,3100.5,3091.5,3096.5,17
2026-01-16 20:00:00,3097.0,3097.0,3095.0,3095.0,2
2026-01-16 20:10:00,3092.0,3092.0,3092.0,3092.0,2
2026-01-16 20:40:00,3096.5,3096.5,3096.5,3096.5,2
2026-01-16 21:00:00,3096.5,3096.5,3096.5,3096.5,1
2026-01-16 21:20:00,3097.5,3098.0,3097.5,3098.0,2
2026-01-16 21:30:00,3099.0,3099.0,3099.0,3099.0,1
2026-01-16 21:50:00,3098.5,3098.5,3097.5,3097.5,4
2026-01-16 22:10:00,3104.5,3104.5,3104.5,3104.5,1
2026-01-17 10:00:00,3117.0,3117.0,3117.0,3117.0,1
2026-01-17 10:20:00,3117.5,3117.5,3117.5,3117.5,1
2026-01-17 11:00:00,3139.0,3139.0,3139.0,3139.0,3
2026-01-17 11:10:00,3138.5,3139.0,3137.5,3139.0,11
2026-01-17 12:00:00,3136.5,3137.0,3136.5,3137.0,3
2026-01-17 13:50:00,3123.5,3123.5,3123.0,3123.0,5
2026-01-17 15:30:00,3123.0,3123.0,3118.0,3118.0,5
2026-01-17 16:00:00,3133.5,3134.0,3130.5,3130.5,3
2026-01-17 16:20:00,3125.0,3125.0,3125.0,3125.0,1
2026-01-17 16:40:00,3118.0,3118.0,3110.5,3110.5,5
2026-01-17 17:10:00,3132.5,3133.0,3132.5,3133.0,4
2026-01-17 17:20:00,3131.5,3131.5,3118.0,3130.0,13
2026-01-17 18:10:00,3126.5,3126.5,3126.5,3126.5,3
2026-01-17 18:20:00,3120.0,3120.0,3120.0,3120.0,3
2026-01-17 18:30:00,3119.5,3119.5,3119.5,3119.5,1
2026-01-17 18:50:00,3126.0,3126.0,3126.0,3126.0,1
2026-01-18 10:30:00,3135.0,3135.0,3135.0,3135.0,1
2026-01-18 13:40:00,3124.5,3124.5,3112.0,3112.0,8
2026-01-18 13:50:00,3112.5,3112.5,3112.5,3112.5,2
2026-01-18 14:20:00,3115.0,3115.0,3115.0,3115.0,1
2026-01-18 15:50:00,3129.0,3129.0,3129.0,3129.0,1
2026-01-19 09:00:00,3116.5,3116.5,3115.5,3115.5,13
2026-01-19 09:10:00,3110.0,3118.0,3110.0,3114.5,17
2026-01-19 09:20:00,3116.5,3118.5,3116.5,3118.5,23
2026-01-19 09:30:00,3119.0,3119.0,3119.0,3119.0,1
2026-01-19 09:40:00,3116.5,3118.5,3116.5,3118.5,3
2026-01-19 09:50:00,3117.5,3117.5,3115.0,3116.0,17
2026-01-19 10:00:00,3115.0,3115.0,3108.5,3109.0,10
2026-01-19 10:10:00,3102.0,3107.0,3100.5,3100.5,27
2026-01-19 10:20:00,3103.0,3103.0,3087.5,3093.5,308
2026-01-19 10:30:00,3094.5,3094.5,3094.0,3094.5,4
2026-01-19 10:40:00,3095.5,3097.0,3094.0,3097.0,4
2026-01-19 10:50:00,3096.0,3096.0,3083.0,3084.0,16
2026-01-19 11:00:00,3084.0,3092.0,3080.5,3091.0,66
2026-01-19 11:10:00,3089.5,3091.0,3089.5,3091.0,3
2026-01-19 11:20:00,3087.0,3088.0,3085.5,3088.0,8
2026-01-19 11:30:00,3092.5,3092.5,3086.0,3087.5,26
2026-01-19 11:40:00,3093.5,3093.5,3093.0,3093.5,12
2026-01-19 11:50:00,3092.5,3094.0,3092.5,3093.5,22
2026-01-19 12:00:00,3094.0,3096.0,3094.0,3096.0,33
2026-01-19 12:10:00,3094.5,3094.5,3094.0,3094.0,2
2026-01-19 12:20:00,3092.0,3092.0,3087.0,3087.5,31
2026-01-19 12:40:00,3086.0,3086.5,3086.0,3086.5,11
2026-01-19 12:50:00,3090.0,3093.5,3090.0,3093.5,4
2026-01-19 13:10:00,3091.0,3091.0,3089.5,3089.5,6
2026-01-19 13:20:00,3093.5,3094.0,3093.5,3094.0,14
2026-01-19 13:30:00,3093.0,3093.0,3093.0,3093.0,1
2026-01-19 13:40:00,3090.0,3090.0,3090.0,3090.0,1
2026-01-19 14:00:00,3090.0,3090.0,3089.5,3089.5,4
2026-01-19 14:10:00,3090.5,3090.5,3090.5,3090.5,10
2026-01-19 14:20:00,3091.0,3091.0,3090.5,3090.5,8
2026-01-19 14:30:00,3095.0,3095.5,3095.0,3095.5,2
2026-01-19 14:40:00,3096.5,3096.5,3096.5,3096.5,1
2026-01-19 14:50:00,3097.5,3097.5,3097.5,3097.5,1
2026-01-19 15:00:00,3097.0,3098.5,3097.0,3098.5,9
2026-01-19 15:10:00,3099.0,3103.0,3099.0,3103.0,2
2026-01-19 15:20:00,3105.0,3105.0,3105.0,3105.0,2
2026-01-19 15:50:00,3100.5,3101.5,3100.0,3100.0,4
2026-01-19 16:00:00,3102.0,3106.0,3102.0,3106.0,22
2026-01-19 16:10:00,3111.0,3111.0,3103.5,3103.5,3
2026-01-19 16:20:00,3103.5,3105.5,3103.5,3105.5,7
2026-01-19 16:40:00,3109.0,3109.0,3109.0,3109.0,1
2026-01-19 16:50:00,3108.5,3108.5,3108.5,3108.5,1
2026-01-19 17:10:00,3109.0,3109.5,3107.0,3107.0,18
2026-01-19 17:20:00,3101.0,3101.0,3098.0,3098.0,12
2026-01-19 17:30:00,3110.5,3110.5,3109.5,3109.5,3
2026-01-19 18:00:00,3110.5,3118.5,3110.5,3112.0,24
2026-01-19 18:10:00,3111.5,3111.5,3110.5,3110.5,11
2026-01-19 18:30:00,3109.5,3109.5,3109.5,3109.5,1
2026-01-19 18:40:00,3102.0,3104.0,3099.5,3104.0,9
2026-01-19 19:50:00,3104.5,3104.5,3104.5,3104.5,1
2026-01-19 20:00:00,3109.0,3110.0,3109.0,3110.0,4
2026-01-19 20:20:00,3108.0,3110.0,3108.0,3110.0,2
2026-01-19 21:10:00,3110.0,3110.0,3110.0,3110.0,2
2026-01-19 21:20:00,3110.0,3110.0,3110.0,3110.0,1
2026-01-19 22:00:00,3108.0,3110.0,3108.0,3110.0,3
2026-01-19 22:10:00,3106.0,3106.0,3106.0,3106.0,1
2026-01-19 22:20:00,3106.0,3106.0,3104.0,3104.0,11
2026-01-19 22:30:00,3123.0,3123.0,3116.5,3116.5,4
2026-01-19 22:50:00,3120.5,3120.5,3120.5,3120.5,2
2026-01-19 23:00:00,3126.5,3144.5,3126.5,3137.0,26
2026-01-19 23:10:00,3136.5,3136.5,3122.0,3122.0,10
2026-01-20 09:00:00,3136.0,3137.5,3117.5,3117.5,43
2026-01-20 09:10:00,3117.0,3121.5,3114.0,3114.0,37
2026-01-20 09:20:00,3114.0,3114.5,3114.0,3114.5,5
2026-01-20 09:30:00,3107.5,3107.5,3095.5,3095.5,11
2026-01-20 09:40:00,3096.5,3096.5,3096.5,3096.5,10
2026-01-20 10:20:00,3105.5,3106.0,3105.5,3106.0,3
2026-01-20 10:30:00,3105.5,3105.5,3098.5,3098.5,22
2026-01-20 10:40:00,3108.5,3108.5,3108.5,3108.5,1
2026-01-20 11:00:00,3113.0,3113.5,3113.0,3113.5,7
2026-01-20 11:10:00,3111.5,3113.5,3111.5,3113.5,12
2026-01-20 11:20:00,3109.0,3109.0,3108.5,3108.5,9
2026-01-20 11:30:00,3112.5,3112.5,3101.0,3101.0,2
2026-01-20 12:00:00,3101.5,3101.5,3093.0,3093.0,17
2026-01-20 12:10:00,3092.0,3093.0,3091.0,3091.0,6
2026-01-20 12:30:00,3090.5,3090.5,3090.5,3090.5,2
2026-01-20 12:40:00,3086.5,3091.0,3086.0,3089.5,6
2026-01-20 12:50:00,3089.0,3089.0,3087.5,3087.5,3
2026-01-20 13:00:00,3085.5,3085.5,3065.5,3078.5,79
2026-01-20 13:10:00,3074.5,3074.5,3074.5,3074.5,2
2026-01-20 13:20:00,3075.5,3075.5,3075.5,3075.5,1
2026-01-20 13:50:00,3076.5,3076.5,3076.5,3076.5,3
2026-01-20 14:00:00,3086.5,3088.5,3086.5,3086.5,5
2026-01-20 14:20:00,3085.0,3086.5,3085.0,3086.5,12
2026-01-20 14:30:00,3090.0,3090.0,3083.5,3083.5,4
2026-01-20 14:50:00,3088.0,3088.0,3088.0,3088.0,1
2026-01-20 15:20:00,3090.0,3101.5,3089.0,3093.0,20
2026-01-20 15:40:00,3095.5,3095.5,3089.0,3089.0,6
2026-01-20 15:50:00,3083.5,3084.0,3083.5,3084.0,6
2026-01-20 16:00:00,3081.5,3081.5,3066.0,3066.0,32
2026-01-20 16:20:00,3074.0,3074.0,3065.5,3068.5,22
2026-01-20 16:30:00,3074.0,3074.0,3074.0,3074.0,1
2026-01-20 16:40:00,3074.0,3074.0,3074.0,3074.0,2
2026-01-20 16:50:00,3070.5,3070.5,3065.5,3065.5,7
2026-01-20 17:00:00,3065.5,3065.5,3065.5,3065.5,40
2026-01-20 17:10:00,3065.5,3065.5,3057.5,3062.5,26
2026-01-20 17:20:00,3062.5,3062.5,3062.5,3062.5,1
2026-01-20 17:30:00,3061.0,3061.0,3061.0,3061.0,1
2026-01-20 17:50:00,3061.5,3061.5,3061.0,3061.0,3
2026-01-20 18:10:00,3066.0,3066.0,3061.5,3061.5,5
2026-01-20 18:20:00,3061.0,3061.0,3058.0,3058.0,5
2026-01-20 18:30:00,3060.5,3060.5,3060.5,3060.5,1
2026-01-20 18:40:00,3067.5,3068.0,3067.5,3068.0,17
2026-01-20 19:00:00,3079.5,3079.5,3052.5,3070.0,42
2026-01-20 19:20:00,3059.0,3059.0,3056.5,3059.0,6
2026-01-20 19:30:00,3056.0,3060.5,3055.0,3060.5,32
2026-01-20 20:00:00,3060.5,3060.5,3060.5,3060.5,1
2026-01-20 20:10:00,3058.0,3058.0,3058.0,3058.0,2
2026-01-20 20:20:00,3055.5,3055.5,3049.5,3054.0,7
2026-01-20 20:30:00,3054.0,3054.0,3054.0,3054.0,5
2026-01-20 20:40:00,3060.5,3064.0,3058.5,3058.5,7
2026-01-20 20:50:00,3058.0,3058.0,3058.0,3058.0,6
2026-01-20 21:20:00,3061.0,3061.0,3061.0,3061.0,1
2026-01-20 21:50:00,3060.0,3060.0,3060.0,3060.0,1
2026-01-20 22:00:00,3055.5,3070.5,3055.5,3061.0,83
2026-01-20 22:10:00,3061.5,3075.5,3060.0,3069.0,83
2026-01-20 22:20:00,3062.5,3067.0,3061.5,3065.0,22
2026-01-20 22:30:00,3060.5,3065.0,3060.5,3063.0,18
2026-01-20 22:50:00,3062.0,3062.0,3054.0,3054.0,10
2026-01-20 23:00:00,3063.0,3064.5,3055.0,3057.0,39
2026-01-20 23:10:00,3057.5,3063.0,3057.5,3063.0,4
2026-01-20 23:20:00,3061.5,3065.5,3061.5,3065.5,8
2026-01-20 23:40:00,3065.5,3065.5,3065.5,3065.5,2
2026-01-21 09:00:00,3072.5,3072.5,3072.5,3072.5,4
2026-01-21 09:10:00,3084.0,3088.0,3084.0,3085.0,8
2026-01-21 09:20:00,3085.5,3085.5,3085.5,3085.5,1
2026-01-21 09:30:00,3078.0,3085.0,3078.0,3081.0,17
2026-01-21 09:40:00,3081.0,3081.5,3080.0,3080.0,12
2026-01-21 09:50:00,3083.0,3085.5,3083.0,3085.5,10
2026-01-21 10:00:00,3080.5,3080.5,3076.5,3076.5,2
2026-01-21 10:20:00,3070.0,3070.0,3070.0,3070.0,4
2026-01-21 10:40:00,3068.0,3068.5,3067.5,3068.0,9
2026-01-21 11:00:00,3072.5,3072.5,3068.5,3068.5,2
2026-01-21 11:20:00,3069.0,3069.0,3069.0,3069.0,6
2026-01-21 11:40:00,3068.5,3068.5,3065.5,3065.5,5
2026-01-21 11:50:00,3075.0,3075.5,3075.0,3075.5,12
2026-01-21 12:00:00,3081.5,3084.0,3081.5,3084.0,5
2026-01-21 12:10:00,3083.0,3085.5,3078.5,3085.5,17
2026-01-21 12:20:00,3085.0,3085.0,3085.0,3085.0,1
2026-01-21 13:10:00,3080.5,3085.0,3080.5,3085.0,11
2026-01-21 13:20:00,3078.5,3078.5,3078.5,3078.5,2
2026-01-21 13:30:00,3080.5,3080.5,3080.5,3080.5,3
2026-01-21 14:10:00,3082.0,3082.0,3082.0,3082.0,2
2026-01-21 14:20:00,3093.5,3093.5,3093.5,3093.5,1
2026-01-21 14:50:00,3083.5,3084.0,3083.0,3083.0,11
2026-01-21 15:00:00,3083.5,3083.5,3083.5,3083.5,2
2026-01-21 16:00:00,3080.0,3083.5,3079.0,3079.0,31
2026-01-21 16:30:00,3080.5,3080.5,3080.5,3080.5,5
2026-01-21 16:40:00,3080.5,3080.5,3080.5,3080.5,5
2026-01-21 16:50:00,3084.0,3084.0,3084.0,3084.0,2
2026-01-21 17:00:00,3073.0,3073.0,3072.5,3072.5,4
2026-01-21 17:10:00,3071.5,3076.5,3071.5,3076.5,11
2026-01-21 17:20:00,3067.0,3075.5,3067.0,3075.5,33
2026-01-21 17:40:00,3068.0,3068.0,3068.0,3068.0,8
2026-01-21 18:00:00,3076.0,3076.0,3076.0,3076.0,1
2026-01-21 18:10:00,3066.0,3066.0,3065.5,3065.5,5
2026-01-21 18:20:00,3057.5,3057.5,3052.5,3052.5,6
2026-01-21 18:30:00,3053.0,3053.0,3052.5,3052.5,7
2026-01-21 19:00:00,3051.5,3051.5,3051.5,3051.5,1
2026-01-21 19:20:00,3053.0,3055.5,3051.5,3055.5,14
2026-01-21 19:30:00,3062.0,3062.0,3062.0,3062.0,1
2026-01-21 20:10:00,3050.5,3050.5,3050.5,3050.5,1
2026-01-21 21:30:00,3062.0,3062.0,3062.0,3062.0,1
2026-01-21 22:00:00,3077.0,3077.0,3077.0,3077.0,1
2026-01-21 23:20:00,3052.0,3052.0,3052.0,3052.0,1
2026-01-22 09:00:00,3072.0,3073.5,3072.0,3072.0,18
2026-01-22 09:20:00,3074.5,3074.5,3074.5,3074.5,1
2026-01-22 09:30:00,3074.5,3093.0,3074.5,3093.0,9
2026-01-22 09:40:00,3086.5,3086.5,3079.0,3079.0,2
2026-01-22 10:00:00,3085.5,3085.5,3085.5,3085.5,21
2026-01-22 10:30:00,3076.0,3076.0,3068.5,3068.5,22
2026-01-22 10:40:00,3073.0,3074.5,3073.0,3074.5,6
2026-01-22 11:00:00,3076.0,3077.0,3074.0,3074.0,6
2026-01-22 11:10:00,3077.0,3077.5,3077.0,3077.5,5
2026-01-22 11:40:00,3070.5,3072.0,3070.5,3072.0,14
2026-01-22 12:00:00,3073.5,3073.5,3073.5,3073.5,1
2026-01-22 12:30:00,3087.0,3087.0,3087.0,3087.0,1
2026-01-22 12:50:00,3085.5,3085.5,3085.5,3085.5,1
2026-01-22 13:00:00,3088.0,3095.0,3082.5,3083.5,14
2026-01-22 13:20:00,3072.0,3072.0,3071.0,3071.0,3
2026-01-22 14:10:00,3076.0,3079.5,3076.0,3079.5,7
2026-01-22 14:30:00,3075.5,3075.5,3075.5,3075.5,1
2026-01-22 14:50:00,3077.0,3081.5,3076.5,3081.5,10
2026-01-22 15:40:00,3077.5,3079.0,3077.0,3077.5,16
2026-01-22 16:00:00,3072.5,3072.5,3071.0,3071.0,7
2026-01-22 16:30:00,3079.5,3089.0,3079.5,3089.0,14
2026-01-22 16:40:00,3084.0,3084.5,3084.0,3084.0,6
2026-01-22 17:20:00,3093.0,3093.0,3091.0,3091.0,2
2026-01-22 17:30:00,3094.0,3095.0,3094.0,3095.0,2
2026-01-22 17:40:00,3104.5,3104.5,3099.5,3099.5,15
2026-01-22 17:50:00,3090.5,3090.5,3090.5,3090.5,1
2026-01-22 18:20:00,3085.0,3085.0,3085.0,3085.0,2
2026-01-22 19:50:00,3101.0,3101.0,3101.0,3101.0,2
2026-01-22 20:00:00,3099.5,3101.0,3099.5,3101.0,24
2026-01-22 20:10:00,3099.5,3101.5,3099.5,3101.5,13
2026-01-22 20:30:00,3102.0,3102.5,3101.5,3102.5,14
2026-01-22 20:40:00,3102.5,3114.5,3102.5,3114.5,3
2026-01-22 20:50:00,3114.5,3114.5,3114.5,3114.5,5
2026-01-22 21:20:00,3117.5,3118.5,3117.5,3118.5,3
2026-01-22 21:50:00,3110.0,3110.0,3109.5,3109.5,5
2026-01-22 22:50:00,3104.5,3104.5,3093.5,3101.0,14
2026-01-22 23:00:00,3100.0,3104.5,3078.0,3087.5,110
2026-01-22 23:10:00,3092.5,3094.5,3082.5,3090.0,107
2026-01-22 23:20:00,3088.5,3106.0,3088.5,3105.5,77
2026-01-22 23:30:00,3105.0,3108.0,3094.0,3108.0,75
2026-01-22 23:40:00,3106.5,3106.5,3079.0,3079.0,5
2026-01-23 09:00:00,3137.5,3195.5,3120.5,3137.0,37
2026-01-23 09:10:00,3130.5,3139.5,3124.5,3124.5,83
2026-01-23 09:20:00,3127.0,3137.0,3124.0,3137.0,28
2026-01-23 09:40:00,3132.5,3132.5,3123.5,3123.5,11
2026-01-23 09:50:00,3133.5,3134.0,3133.5,3134.0,3
2026-01-23 10:00:00,3120.5,3120.5,3120.0,3120.0,5
2026-01-23 10:20:00,3107.0,3107.0,3104.0,3104.0,11
2026-01-23 10:50:00,3108.5,3110.0,3108.5,3110.0,3
2026-01-23 11:00:00,3108.0,3108.0,3107.5,3107.5,11
2026-01-23 11:10:00,3110.5,3113.0,3110.5,3113.0,12
2026-01-23 11:30:00,3111.5,3111.5,3111.5,3111.5,1
2026-01-23 11:40:00,3105.5,3105.5,3105.5,3105.5,1
2026-01-23 12:00:00,3114.0,3114.5,3114.0,3114.5,13
2026-01-23 12:10:00,3115.0,3115.0,3115.0,3115.0,1
2026-01-23 12:20:00,3115.5,3115.5,3110.5,3110.5,29
2026-01-23 12:40:00,3117.0,3119.0,3117.0,3119.0,12
2026-01-23 12:50:00,3110.0,3120.0,3110.0,3120.0,2
2026-01-23 13:00:00,3111.0,3111.0,3106.0,3106.0,6
2026-01-23 14:00:00,3106.5,3106.5,3106.5,3106.5,1
2026-01-23 14:10:00,3102.0,3102.0,3102.0,3102.0,1
2026-01-23 15:10:00,3112.0,3112.0,3111.5,3111.5,3
2026-01-23 15:20:00,3122.5,3122.5,3122.5,3122.5,1
2026-01-23 15:40:00,3134.5,3142.0,3134.5,3142.0,18
2026-01-23 15:50:00,3146.5,3149.0,3144.5,3149.0,303
2026-01-23 16:00:00,3145.5,3166.5,3145.5,3145.5,219
2026-01-23 16:10:00,3142.5,3142.5,3142.5,3142.5,1
2026-01-23 16:30:00,3137.0,3137.0,3136.5,3136.5,9
2026-01-23 17:20:00,3155.5,3155.5,3155.5,3155.5,1
2026-01-23 17:40:00,3151.5,3151.5,3151.5,3151.5,16
2026-01-23 17:50:00,3151.5,3151.5,3151.5,3151.5,4
2026-01-23 18:10:00,3156.0,3156.0,3156.0,3156.0,1
2026-01-23 18:40:00,3163.0,3163.0,3163.0,3163.0,1
2026-01-23 19:20:00,3155.5,3165.5,3155.5,3165.5,13
2026-01-23 19:30:00,3163.5,3163.5,3151.5,3151.5,78
2026-01-23 19:50:00,3143.5,3143.5,3143.5,3143.5,1
2026-01-23 20:00:00,3153.5,3162.0,3153.5,3162.0,5
2026-01-23 20:20:00,3161.0,3161.0,3161.0,3161.0,14
2026-01-23 20:30:00,3161.5,3162.0,3161.5,3162.0,4
2026-01-23 20:40:00,3171.5,3171.5,3171.5,3171.5,1
2026-01-23 21:00:00,3158.5,3169.0,3158.5,3169.0,7
2026-01-23 21:20:00,3158.5,3158.5,3153.5,3153.5,24
2026-01-23 21:40:00,3155.0,3155.0,3155.0,3155.0,1
2026-01-23 22:00:00,3160.5,3160.5,3160.5,3160.5,1
2026-01-23 22:30:00,3168.0,3173.0,3154.0,3158.5,70
2026-01-23 22:40:00,3169.0,3170.5,3154.5,3169.0,83
2026-01-23 22:50:00,3171.0,3171.5,3158.0,3163.0,84
2026-01-23 23:00:00,3159.0,3180.0,3158.0,3165.0,41
2026-01-23 23:10:00,3165.0,3177.5,3163.0,3175.5,46
2026-01-23 23:20:00,3180.0,3180.0,3157.5,3170.5,66
2026-01-23 23:30:00,3174.5,3179.0,3174.0,3177.5,8
2026-01-23 23:40:00,3180.5,3184.5,3165.5,3165.5,13
2026-01-24 10:00:00,3197.5,3197.5,3197.5,3197.5,1
2026-01-24 10:20:00,3196.5,3196.5,3196.0,3196.0,2
2026-01-24 10:40:00,3190.5,3190.5,3190.5,3190.5,1
2026-01-24 11:00:00,3185.0,3185.0,3157.0,3157.0,3
2026-01-24 11:20:00,3161.5,3161.5,3161.5,3161.5,1
2026-01-24 11:50:00,3169.0,3170.0,3168.5,3170.0,3
2026-01-24 12:10:00,3185.0,3185.0,3185.0,3185.0,1
2026-01-24 14:10:00,3181.5,3185.0,3181.5,3185.0,10
2026-01-24 14:20:00,3183.5,3183.5,3183.5,3183.5,1
2026-01-24 14:40:00,3183.5,3185.0,3183.5,3185.0,3
2026-01-24 15:20:00,3183.5,3183.5,3183.5,3183.5,1
2026-01-24 18:20:00,3179.0,3179.0,3179.0,3179.0,2
2026-01-25 10:00:00,3204.5,3204.5,3204.5,3204.5,1
2026-01-25 10:10:00,3212.5,3212.5,3212.5,3212.5,1
2026-01-25 10:20:00,3203.0,3203.0,3203.0,3203.0,1
2026-01-25 10:40:00,3197.5,3197.5,3197.5,3197.5,1
2026-01-25 10:50:00,3184.0,3184.0,3184.0,3184.0,1
2026-01-25 11:00:00,3197.0,3212.5,3197.0,3212.5,5
2026-01-25 11:20:00,3211.0,3211.0,3211.0,3211.0,2
2026-01-25 11:30:00,3211.5,3211.5,3205.5,3205.5,8
2026-01-25 12:20:00,3205.5,3205.5,3196.5,3196.5,4
2026-01-25 12:40:00,3196.5,3196.5,3196.5,3196.5,1
2026-01-25 13:00:00,3200.5,3200.5,3200.5,3200.5,1
2026-01-25 13:10:00,3200.5,3200.5,3200.5,3200.5,1
2026-01-25 13:50:00,3202.0,3205.5,3202.0,3205.5,2
2026-01-25 14:00:00,3208.5,3212.5,3208.5,3212.5,5
2026-01-25 14:20:00,3209.5,3209.5,3209.5,3209.5,2
2026-01-25 14:30:00,3209.5,3209.5,3209.5,3209.5,1
2026-01-25 14:40:00,3208.5,3208.5,3208.5,3208.5,1
2026-01-25 17:00:00,3208.0,3208.0,3208.0,3208.0,2
2026-01-25 17:50:00,3208.0,3208.5,3208.0,3208.5,5
2026-01-25 18:10:00,3208.5,3208.5,3208.0,3208.0,6
2026-01-25 18:50:00,3203.0,3203.0,3200.5,3200.5,9
2026-01-26 09:00:00,3174.5,3177.5,3160.5,3173.0,53
2026-01-26 09:10:00,3176.0,3176.0,3171.0,3171.0,4
2026-01-26 09:20:00,3171.5,3180.0,3171.5,3180.0,9
2026-01-26 09:30:00,3180.5,3183.5,3180.5,3183.5,4
2026-01-26 09:40:00,3184.5,3185.5,3183.5,3183.5,3
2026-01-26 09:50:00,3186.5,3186.5,3186.5,3186.5,1
2026-01-26 10:00:00,3180.0,3190.5,3177.5,3190.5,6
2026-01-26 10:10:00,3196.0,3196.0,3196.0,3196.0,2
2026-01-26 10:30:00,3195.5,3195.5,3195.5,3195.5,4
2026-01-26 10:40:00,3196.0,3197.5,3196.0,3197.5,11
2026-01-26 10:50:00,3197.5,3197.5,3197.5,3197.5,1
2026-01-26 11:00:00,3202.0,3202.0,3193.5,3196.0,39
2026-01-26 11:20:00,3188.0,3195.5,3188.0,3195.5,7
2026-01-26 11:30:00,3194.0,3194.0,3191.0,3191.0,13
2026-01-26 11:50:00,3196.5,3196.5,3196.5,3196.5,1
2026-01-26 12:00:00,3198.0,3212.5,3198.0,3212.5,14
2026-01-26 12:10:00,3212.5,3230.5,3212.5,3218.0,17
2026-01-26 12:20:00,3224.0,3224.0,3224.0,3224.0,3
2026-01-26 12:30:00,3225.5,3232.5,3225.5,3227.5,144
2026-01-26 12:40:00,3231.0,3231.5,3231.0,3231.5,3
2026-01-26 12:50:00,3231.0,3231.0,3214.0,3214.0,44
2026-01-26 13:10:00,3226.0,3228.5,3226.0,3228.5,23
2026-01-26 13:20:00,3232.5,3246.0,3232.5,3240.5,49
2026-01-26 13:30:00,3240.5,3243.0,3240.5,3243.0,12
2026-01-26 13:40:00,3245.0,3252.0,3245.0,3251.5,528
2026-01-26 13:50:00,3252.0,3253.5,3252.0,3253.5,300
2026-01-26 14:00:00,3253.5,3256.5,3247.0,3247.0,69
2026-01-26 14:10:00,3249.0,3249.5,3237.5,3237.5,265
2026-01-26 14:20:00,3250.5,3250.5,3250.5,3250.5,2
2026-01-26 14:30:00,3242.5,3259.5,3242.5,3252.5,66
2026-01-26 14:40:00,3254.5,3262.5,3254.5,3262.5,8
2026-01-26 14:50:00,3259.5,3264.0,3259.5,3264.0,23
2026-01-26 15:00:00,3273.5,3273.5,3265.5,3265.5,14
2026-01-26 15:10:00,3277.5,3277.5,3277.5,3277.5,10
2026-01-26 15:20:00,3275.5,3275.5,3275.5,3275.5,24
2026-01-26 15:30:00,3278.0,3278.5,3265.5,3275.0,32
2026-01-26 15:40:00,3268.5,3275.5,3268.5,3269.0,5
2026-01-26 15:50:00,3267.5,3270.0,3264.5,3270.0,30
2026-01-26 16:00:00,3264.0,3264.0,3257.0,3257.0,28
2026-01-26 16:10:00,3260.5,3273.0,3247.5,3269.0,106
2026-01-26 16:20:00,3263.5,3263.5,3256.0,3256.0,14
2026-01-26 16:30:00,3255.5,3255.5,3237.0,3251.0,52
2026-01-26 16:40:00,3254.0,3254.0,3254.0,3254.0,6
2026-01-26 16:50:00,3245.0,3245.0,3241.0,3241.0,3
2026-01-26 17:00:00,3244.0,3246.5,3240.0,3246.5,51
2026-01-26 17:10:00,3256.5,3262.0,3253.5,3262.0,113
2026-01-26 17:20:00,3267.0,3268.5,3261.0,3261.0,7
2026-01-26 17:30:00,3267.5,3268.5,3267.5,3268.5,10
2026-01-26 17:40:00,3267.5,3267.5,3267.5,3267.5,2
2026-01-26 17:50:00,3266.0,3271.0,3265.5,3265.5,32
2026-01-26 18:00:00,3264.5,3265.0,3258.5,3258.5,42
2026-01-26 18:10:00,3259.5,3266.5,3259.0,3266.5,7
2026-01-26 18:20:00,3266.5,3266.5,3266.5,3266.5,5
2026-01-26 18:30:00,3259.0,3262.0,3242.5,3242.5,57
2026-01-26 18:40:00,3242.0,3257.0,3242.0,3257.0,11
2026-01-26 19:00:00,3246.0,3246.0,3245.5,3245.5,4
2026-01-26 19:10:00,3238.5,3241.0,3235.5,3241.0,37
2026-01-26 19:20:00,3237.5,3241.5,3237.5,3241.5,15
2026-01-26 19:30:00,3242.5,3247.0,3242.5,3247.0,28
2026-01-26 19:50:00,3256.5,3257.0,3252.5,3257.0,11
2026-01-26 20:00:00,3257.5,3257.5,3257.0,3257.5,14
2026-01-26 20:10:00,3257.5,3258.5,3257.5,3258.5,18
2026-01-26 20:20:00,3257.0,3257.0,3247.5,3247.5,5
2026-01-26 20:30:00,3256.5,3256.5,3256.5,3256.5,2
2026-01-26 20:40:00,3256.5,3261.5,3256.5,3261.5,180
2026-01-26 20:50:00,3259.5,3263.5,3259.5,3263.5,13
2026-01-26 21:00:00,3265.5,3265.5,3265.5,3265.5,3
2026-01-26 21:10:00,3265.0,3265.0,3265.0,3265.0,5
2026-01-26 21:20:00,3260.0,3265.5,3260.0,3265.5,4
2026-01-26 21:30:00,3253.0,3255.0,3253.0,3255.0,4
2026-01-26 21:40:00,3255.0,3255.0,3254.0,3254.0,6
2026-01-26 21:50:00,3255.0,3255.0,3255.0,3255.0,11
2026-01-26 22:00:00,3262.5,3263.5,3253.5,3253.5,26
2026-01-26 22:10:00,3262.5,3262.5,3262.5,3262.5,2
2026-01-26 22:20:00,3258.0,3258.0,3217.5,3224.5,17
2026-01-26 22:30:00,3240.0,3260.0,3232.5,3255.0,13
2026-01-26 22:40:00,3255.5,3255.5,3240.0,3240.5,19
2026-01-26 22:50:00,3233.5,3233.5,3193.5,3195.5,312
2026-01-26 23:00:00,3202.0,3204.5,3201.0,3201.0,46
2026-01-26 23:10:00,3208.5,3208.5,3198.5,3198.5,8
2026-01-26 23:20:00,3199.0,3199.0,3195.5,3195.5,20
2026-01-26 23:30:00,3201.5,3206.5,3201.0,3206.5,18
2026-01-26 23:40:00,3206.5,3206.5,3206.5,3206.5,1
2026-01-27 09:00:00,3225.0,3236.5,3219.5,3233.0,170
2026-01-27 09:20:00,3231.0,3233.0,3231.0,3233.0,14
2026-01-27 09:30:00,3243.5,3243.5,3243.5,3243.5,700
2026-01-27 09:40:00,3245.0,3245.0,3245.0,3245.0,2
2026-01-27 09:50:00,3258.0,3258.0,3258.0,3258.0,70
2026-01-27 10:00:00,3254.5,3254.5,3245.5,3245.5,3
2026-01-27 10:10:00,3255.0,3256.5,3245.5,3255.5,13
2026-01-27 10:40:00,3255.5,3257.0,3245.0,3245.0,24
2026-01-27 10:50:00,3236.0,3236.0,3235.0,3235.0,2
2026-01-27 11:20:00,3234.0,3241.0,3226.5,3241.0,98
2026-01-27 11:40:00,3232.5,3232.5,3232.5,3232.5,2
2026-01-27 11:50:00,3228.0,3228.0,3228.0,3228.0,1
2026-01-27 12:00:00,3231.0,3231.5,3231.0,3231.5,7
2026-01-27 12:10:00,3231.5,3231.5,3231.5,3231.5,1
2026-01-27 12:20:00,3240.5,3244.5,3238.5,3238.5,5
2026-01-27 12:30:00,3245.0,3245.0,3243.0,3243.0,3
2026-01-27 12:40:00,3240.5,3241.5,3240.0,3241.5,4
2026-01-27 13:40:00,3249.5,3249.5,3249.5,3249.5,1
2026-01-27 13:50:00,3252.5,3252.5,3244.0,3244.0,4
2026-01-27 14:20:00,3252.5,3258.5,3252.5,3254.0,13
2026-01-27 14:30:00,3253.0,3253.0,3249.5,3249.5,2
2026-01-27 14:40:00,3247.0,3247.0,3247.0,3247.0,1
2026-01-27 14:50:00,3251.5,3253.5,3251.5,3253.5,3
2026-01-27 15:00:00,3251.0,3251.0,3251.0,3251.0,1
2026-01-27 15:10:00,3250.5,3250.5,3250.5,3250.5,1
2026-01-27 15:20:00,3250.5,3250.5,3250.5,3250.5,1
2026-01-27 15:30:00,3243.5,3243.5,3242.0,3242.0,3
2026-01-27 15:40:00,3242.0,3242.0,3242.0,3242.0,1
2026-01-27 15:50:00,3242.0,3242.0,3241.5,3241.5,3
2026-01-27 16:00:00,3238.0,3250.5,3237.5,3250.5,13
2026-01-27 16:10:00,3250.5,3250.5,3250.5,3250.5,13
2026-01-27 16:30:00,3251.5,3264.0,3251.5,3264.0,198
2026-01-27 16:40:00,3262.0,3262.0,3255.5,3255.5,9
2026-01-27 16:50:00,3256.5,3256.5,3256.0,3256.0,3
2026-01-27 17:00:00,3255.5,3255.5,3255.5,3255.5,11
2026-01-27 17:10:00,3251.5,3251.5,3230.0,3230.0,20
2026-01-27 17:30:00,3232.5,3232.5,3232.5,3232.5,2
2026-01-27 17:40:00,3235.5,3235.5,3232.5,3232.5,5
2026-01-27 17:50:00,3233.0,3235.5,3225.5,3225.5,82
2026-01-27 18:00:00,3225.5,3225.5,3225.5,3225.5,2
2026-01-27 18:10:00,3221.0,3221.0,3220.5,3220.5,2
2026-01-27 18:20:00,3231.0,3238.5,3227.5,3238.5,22
2026-01-27 18:30:00,3230.5,3230.5,3230.5,3230.5,1
2026-01-27 19:10:00,3247.0,3255.5,3247.0,3255.5,8
2026-01-27 19:20:00,3255.5,3256.5,3255.5,3256.5,2
2026-01-27 19:30:00,3259.5,3259.5,3252.5,3252.5,2
2026-01-27 20:00:00,3257.5,3257.5,3257.5,3257.5,1
2026-01-27 20:10:00,3252.0,3252.0,3252.0,3252.0,1
2026-01-27 20:20:00,3258.0,3258.0,3257.0,3257.0,3
2026-01-27 20:40:00,3262.0,3262.0,3256.5,3256.5,2
2026-01-27 20:50:00,3258.5,3258.5,3257.5,3257.5,2
2026-01-27 21:20:00,3257.5,3257.5,3257.5,3257.5,1
2026-01-27 21:40:00,3256.5,3259.0,3256.5,3259.0,3
2026-01-27 21:50:00,3257.0,3261.5,3250.5,3251.0,9
2026-01-27 22:00:00,3245.5,3245.5,3245.5,3245.5,3
2026-01-27 22:20:00,3246.5,3247.0,3246.5,3247.0,2
2026-01-27 22:40:00,3260.5,3260.5,3260.5,3260.5,2
2026-01-27 23:00:00,3262.0,3265.5,3262.0,3264.5,4
2026-01-27 23:20:00,3262.5,3307.5,3262.5,3271.5,140
2026-01-27 23:40:00,3295.5,3295.5,3295.5,3295.5,1
2026-01-28 09:00:00,3301.0,3319.5,3300.5,3305.0,101
2026-01-28 09:10:00,3315.0,3315.0,3303.0,3315.0,87
2026-01-28 09:20:00,3315.5,3315.5,3295.5,3302.5,32
2026-01-28 09:30:00,3294.0,3306.0,3294.0,3306.0,29
2026-01-28 09:40:00,3306.0,3306.0,3306.0,3306.0,16
2026-01-28 09:50:00,3315.0,3335.5,3315.0,3325.5,92
2026-01-28 10:00:00,3325.5,3329.5,3324.5,3325.5,42
2026-01-28 10:10:00,3331.5,3335.5,3321.5,3334.5,56
2026-01-28 10:20:00,3324.5,3329.5,3315.0,3315.0,15
2026-01-28 10:30:00,3318.5,3325.5,3318.5,3320.5,22
2026-01-28 10:40:00,3318.5,3320.5,3311.0,3311.0,15
2026-01-28 10:50:00,3308.5,3313.0,3307.0,3313.0,7
2026-01-28 11:00:00,3312.0,3312.0,3305.5,3305.5,6
2026-01-28 11:10:00,3312.5,3315.0,3312.5,3315.0,12
2026-01-28 11:20:00,3315.5,3320.5,3315.5,3320.5,2
2026-01-28 11:30:00,3322.5,3332.5,3322.5,3332.5,11
2026-01-28 11:40:00,3333.0,3333.0,3333.0,3333.0,1
2026-01-28 11:50:00,3329.0,3338.0,3328.5,3338.0,33
2026-01-28 12:00:00,3330.0,3330.0,3328.5,3329.0,10
2026-01-28 12:10:00,3321.5,3321.5,3321.0,3321.0,2
2026-01-28 12:20:00,3315.5,3316.0,3315.5,3316.0,2
2026-01-28 12:30:00,3316.0,3317.5,3315.5,3317.5,4
2026-01-28 12:50:00,3315.0,3315.0,3315.0,3315.0,1
2026-01-28 13:00:00,3315.0,3323.0,3315.0,3323.0,4
2026-01-28 13:10:00,3326.5,3338.0,3323.5,3338.0,22
2026-01-28 13:20:00,3336.0,3336.5,3321.0,3329.0,17
2026-01-28 13:30:00,3320.5,3320.5,3315.5,3315.5,9
2026-01-28 13:40:00,3315.5,3326.5,3315.5,3326.5,5
2026-01-28 13:50:00,3325.5,3325.5,3325.5,3325.5,16
2026-01-28 14:00:00,3325.5,3325.5,3279.0,3314.5,201
2026-01-28 14:20:00,3308.5,3308.5,3308.5,3308.5,2
2026-01-28 14:50:00,3298.0,3314.0,3298.0,3314.0,11
2026-01-28 15:00:00,3313.0,3313.0,3313.0,3313.0,2
2026-01-28 15:10:00,3313.0,3313.5,3313.0,3313.5,2
2026-01-28 15:30:00,3308.5,3308.5,3307.0,3307.5,12
2026-01-28 15:40:00,3303.5,3303.5,3291.0,3300.5,10
2026-01-28 15:50:00,3295.0,3305.5,3295.0,3305.5,3
2026-01-28 16:10:00,3297.0,3297.5,3275.5,3285.0,115
2026-01-28 16:20:00,3297.5,3297.5,3297.5,3297.5,1
2026-01-28 16:30:00,3295.5,3295.5,3287.5,3287.5,15
2026-01-28 16:40:00,3280.0,3292.0,3280.0,3292.0,2
2026-01-28 16:50:00,3292.0,3294.0,3292.0,3294.0,2
2026-01-28 17:00:00,3295.0,3295.5,3293.0,3295.5,22
2026-01-28 17:20:00,3299.5,3307.5,3298.5,3298.5,22
2026-01-28 17:30:00,3295.5,3301.5,3295.5,3301.5,20
2026-01-28 18:00:00,3305.5,3305.5,3293.5,3293.5,6
2026-01-28 18:10:00,3291.0,3291.0,3291.0,3291.0,1
2026-01-28 18:20:00,3286.5,3286.5,3286.5,3286.5,1
2026-01-28 18:30:00,3286.5,3286.5,3280.5,3284.5,12
2026-01-28 18:40:00,3285.5,3285.5,3285.5,3285.5,1
2026-01-28 19:10:00,3285.5,3285.5,3285.5,3285.5,4
2026-01-28 19:20:00,3284.5,3284.5,3284.5,3284.5,1
2026-01-28 19:30:00,3277.5,3280.0,3275.5,3276.5,165
2026-01-28 19:40:00,3285.0,3285.0,3285.0,3285.0,1
2026-01-28 20:10:00,3296.0,3305.5,3296.0,3296.0,7
2026-01-28 21:10:00,3294.5,3294.5,3294.5,3294.5,1
2026-01-28 21:20:00,3301.0,3301.0,3301.0,3301.0,2
2026-01-28 21:30:00,3300.5,3300.5,3300.5,3300.5,2
2026-01-28 21:40:00,3301.5,3301.5,3301.5,3301.5,1
2026-01-28 21:50:00,3292.5,3292.5,3290.5,3290.5,3
2026-01-28 22:00:00,3306.0,3317.0,3301.0,3304.5,75
2026-01-28 22:10:00,3304.5,3313.5,3302.0,3307.0,115
2026-01-28 22:20:00,3306.5,3309.0,3300.5,3309.0,37
2026-01-28 22:30:00,3301.5,3310.0,3301.0,3305.5,77
2026-01-28 22:40:00,3309.0,3309.0,3306.5,3307.5,8
2026-01-28 22:50:00,3305.5,3322.0,3305.5,3317.0,37
2026-01-28 23:00:00,3315.5,3315.5,3315.5,3315.5,1
2026-01-28 23:10:00,3315.0,3316.0,3303.5,3303.5,6
2026-01-28 23:20:00,3303.5,3312.5,3303.5,3312.5,3
2026-01-28 23:30:00,3313.5,3313.5,3293.5,3307.5,55
2026-01-28 23:40:00,3301.0,3315.0,3301.0,3315.0,8
2026-01-29 08:50:00,3326.0,3326.0,3326.0,3326.0,2
2026-01-29 09:00:00,3342.5,3412.0,3342.5,3402.5,35
2026-01-29 09:10:00,3401.0,3401.0,3378.0,3385.5,35
2026-01-29 09:20:00,3385.5,3453.5,3378.5,3394.5,67
2026-01-29 09:30:00,3432.5,3432.5,3394.5,3395.0,18
2026-01-29 09:40:00,3423.0,3423.0,3378.5,3385.5,25
2026-01-29 09:50:00,3385.5,3385.5,3330.5,3330.5,83
2026-01-29 10:00:00,3330.5,3364.0,3330.5,3350.5,8
2026-01-29 10:10:00,3363.5,3364.5,3340.5,3340.5,51
2026-01-29 10:20:00,3363.5,3364.0,3333.5,3333.5,8
2026-01-29 10:30:00,3360.0,3360.5,3355.5,3355.5,6
2026-01-29 10:40:00,3358.0,3362.5,3346.5,3361.5,36
2026-01-29 10:50:00,3361.0,3361.5,3345.0,3354.0,43
2026-01-29 11:00:00,3346.0,3382.5,3345.5,3369.0,84
2026-01-29 11:10:00,3370.5,3378.0,3370.0,3375.0,39
2026-01-29 11:20:00,3383.5,3390.5,3376.5,3387.5,72
2026-01-29 11:30:00,3387.0,3388.0,3377.5,3384.0,22
2026-01-29 11:40:00,3378.5,3395.5,3378.5,3378.5,99
2026-01-29 11:50:00,3378.5,3378.5,3376.0,3376.0,10
2026-01-29 12:00:00,3392.0,3393.0,3392.0,3393.0,7
2026-01-29 12:10:00,3390.5,3398.5,3390.5,3398.5,7
2026-01-29 12:20:00,3404.5,3418.5,3404.5,3418.5,14
2026-01-29 12:30:00,3418.5,3424.5,3416.5,3424.5,23
2026-01-29 12:40:00,3410.0,3410.0,3410.0,3410.0,1
2026-01-29 12:50:00,3409.5,3410.0,3386.5,3410.0,16
2026-01-29 13:00:00,3396.5,3400.5,3392.5,3400.5,9
2026-01-29 13:10:00,3407.0,3407.5,3407.0,3407.0,3
2026-01-29 13:20:00,3418.0,3418.0,3418.0,3418.0,2
2026-01-29 13:30:00,3418.0,3419.0,3407.0,3407.0,16
2026-01-29 13:40:00,3401.5,3401.5,3401.0,3401.0,3
2026-01-29 14:00:00,3425.5,3426.0,3425.0,3425.0,3
2026-01-29 14:10:00,3424.0,3424.0,3424.0,3424.0,1
2026-01-29 14:30:00,3409.0,3409.0,3402.0,3402.0,2
2026-01-29 14:50:00,3406.0,3406.0,3406.0,3406.0,1
2026-01-29 15:10:00,3418.5,3418.5,3406.0,3406.0,6
2026-01-29 15:30:00,3414.0,3415.5,3414.0,3415.5,4
2026-01-29 15:40:00,3415.5,3425.0,3415.5,3425.0,14
2026-01-29 15:50:00,3425.5,3438.5,3425.5,3427.0,119
2026-01-29 16:00:00,3433.5,3465.5,3433.5,3465.5,25
2026-01-29 16:10:00,3468.5,3472.5,3452.5,3452.5,112
2026-01-29 16:20:00,3451.5,3480.5,3444.0,3474.0,23
2026-01-29 16:30:00,3484.5,3486.5,3471.0,3474.5,56
2026-01-29 16:40:00,3479.5,3494.0,3469.0,3469.0,536
2026-01-29 16:50:00,3462.5,3462.5,3462.5,3462.5,1
2026-01-29 17:00:00,3492.5,3495.0,3480.5,3493.5,22
2026-01-29 17:10:00,3493.5,3493.5,3484.0,3484.0,14
2026-01-29 17:20:00,3483.0,3502.5,3483.0,3502.5,4
2026-01-29 17:30:00,3486.5,3486.5,3486.5,3486.5,18
2026-01-29 17:40:00,3481.0,3489.0,3465.5,3478.0,27
2026-01-29 17:50:00,3465.0,3472.5,3451.5,3459.5,144
2026-01-29 18:00:00,3456.5,3459.5,3419.0,3420.5,45
2026-01-29 18:10:00,3434.5,3434.5,3353.5,3378.0,343
2026-01-29 18:20:00,3386.0,3393.0,3350.5,3350.5,53
2026-01-29 18:30:00,3359.5,3369.5,3350.5,3350.5,267
2026-01-29 18:40:00,3369.5,3369.5,3335.5,3357.0,138
2026-01-29 19:00:00,3369.5,3406.0,3369.5,3392.0,55
2026-01-29 19:10:00,3392.0,3402.5,3392.0,3394.5,3
2026-01-29 19:20:00,3379.0,3379.0,3356.5,3357.5,10
2026-01-29 19:30:00,3364.0,3364.0,3320.5,3327.5,122
2026-01-29 19:40:00,3331.5,3344.5,3331.5,3344.5,13
2026-01-29 19:50:00,3338.0,3345.0,3336.0,3345.0,12
2026-01-29 20:00:00,3344.5,3349.0,3342.0,3343.0,16
2026-01-29 20:10:00,3343.5,3353.0,3343.5,3352.5,19
2026-01-29 20:20:00,3353.0,3361.5,3350.5,3360.0,17
2026-01-29 20:30:00,3358.0,3370.0,3357.0,3370.0,14
2026-01-29 20:40:00,3368.5,3370.0,3368.5,3369.5,4
2026-01-29 20:50:00,3364.5,3364.5,3364.5,3364.5,1
2026-01-29 21:10:00,3361.0,3361.0,3355.5,3357.0,11
2026-01-29 21:20:00,3357.5,3358.5,3351.0,3351.0,10
2026-01-29 21:30:00,3354.0,3375.0,3354.0,3364.5,17
2026-01-29 21:40:00,3377.5,3381.5,3373.0,3373.5,12
2026-01-29 21:50:00,3364.0,3365.5,3363.0,3365.5,11
2026-01-29 22:00:00,3368.0,3378.0,3360.5,3373.5,70
2026-01-29 22:10:00,3374.0,3388.0,3372.0,3381.0,61
2026-01-29 22:20:00,3380.5,3384.0,3372.0,3381.5,90
2026-01-29 22:30:00,3378.0,3385.5,3375.5,3382.0,40
2026-01-29 22:40:00,3382.0,3391.5,3382.0,3391.5,2
2026-01-29 22:50:00,3392.5,3450.0,3382.5,3382.5,15
2026-01-29 23:00:00,3384.5,3412.5,3384.0,3412.5,13
2026-01-29 23:10:00,3409.5,3409.5,3408.5,3408.5,2
2026-01-29 23:20:00,3408.0,3409.0,3408.0,3408.5,10
2026-01-29 23:40:00,3412.5,3412.5,3412.5,3412.5,7
2026-01-30 08:50:00,3326.0,3326.0,3326.0,3326.0,20
2026-01-30 09:00:00,3324.5,3340.0,3279.5,3332.5,173
2026-01-30 09:10:00,3316.5,3316.5,3311.5,3316.0,21
2026-01-30 09:20:00,3310.0,3316.0,3310.0,3316.0,7
2026-01-30 09:30:00,3316.0,3335.0,3299.5,3332.5,57
2026-01-30 10:00:00,3318.0,3323.5,3304.5,3322.0,24
2026-01-30 10:10:00,3306.0,3306.0,3305.5,3305.5,2
2026-01-30 10:20:00,3317.0,3317.5,3317.0,3317.5,2
2026-01-30 10:30:00,3304.5,3304.5,3280.5,3281.0,56
2026-01-30 10:40:00,3301.0,3301.0,3285.5,3293.5,48
2026-01-30 10:50:00,3300.5,3308.5,3300.5,3308.5,35
2026-01-30 11:00:00,3294.5,3294.5,3294.5,3294.5,4
2026-01-30 11:10:00,3296.5,3296.5,3296.5,3296.5,2
2026-01-30 11:20:00,3297.0,3305.0,3296.0,3305.0,3
2026-01-30 11:40:00,3287.0,3287.0,3287.0,3287.0,1
2026-01-30 12:00:00,3285.5,3285.5,3285.5,3285.5,2
2026-01-30 12:10:00,3285.5,3285.5,3270.5,3270.5,52
2026-01-30 12:20:00,3282.5,3283.5,3214.5,3265.5,98
2026-01-30 12:30:00,3260.5,3276.5,3260.5,3274.0,20
2026-01-30 12:40:00,3274.0,3274.0,3250.5,3254.0,36
2026-01-30 12:50:00,3258.0,3268.0,3256.5,3257.5,104
2026-01-30 13:00:00,3271.0,3271.0,3271.0,3271.0,10
2026-01-30 13:10:00,3272.0,3274.5,3271.5,3271.5,82
2026-01-30 13:20:00,3271.0,3281.5,3265.5,3275.5,10
2026-01-30 13:30:00,3275.5,3275.5,3275.5,3275.5,10
2026-01-30 13:40:00,3270.0,3270.0,3254.5,3254.5,69
2026-01-30 13:50:00,3273.0,3273.5,3272.5,3273.5,10
2026-01-30 14:00:00,3262.5,3262.5,3260.5,3260.5,150
2026-01-30 14:10:00,3278.0,3291.0,3278.0,3287.0,7
2026-01-30 14:20:00,3288.0,3288.0,3279.5,3281.0,68
2026-01-30 14:40:00,3281.5,3281.5,3281.0,3281.0,12
2026-01-30 14:50:00,3289.5,3304.0,3282.0,3288.5,29
2026-01-30 15:00:00,3294.0,3299.0,3294.0,3299.0,4
2026-01-30 15:20:00,3301.5,3302.0,3301.5,3302.0,4
2026-01-30 15:40:00,3277.5,3277.5,3277.5,3277.5,3
2026-01-30 15:50:00,3277.0,3277.0,3277.0,3277.0,1
2026-01-30 16:00:00,3275.0,3280.0,3274.5,3280.0,5
2026-01-30 16:10:00,3291.0,3291.0,3291.0,3291.0,1
2026-01-30 16:20:00,3279.0,3279.0,3277.5,3277.5,5
2026-01-30 16:30:00,3279.5,3279.5,3279.5,3279.5,6
2026-01-30 16:40:00,3279.5,3279.5,3279.5,3279.5,2
2026-01-30 16:50:00,3265.5,3265.5,3260.0,3261.5,12
2026-01-30 17:10:00,3295.0,3309.5,3295.0,3309.5,26
2026-01-30 17:20:00,3320.5,3320.5,3301.0,3301.0,12
2026-01-30 18:00:00,3295.0,3295.0,3295.0,3295.0,2
2026-01-30 18:40:00,3302.0,3302.0,3302.0,3302.0,10
2026-01-30 19:00:00,3311.0,3311.5,3311.0,3311.5,8
2026-01-30 19:10:00,3308.5,3312.0,3306.5,3306.5,11
2026-01-30 19:20:00,3294.0,3295.5,3293.5,3295.5,9
2026-01-30 19:30:00,3303.0,3314.5,3303.0,3312.5,9
2026-01-30 19:40:00,3302.5,3315.0,3302.5,3315.0,3
2026-01-30 19:50:00,3308.0,3315.5,3308.0,3315.5,3
2026-01-30 20:00:00,3313.5,3313.5,3313.5,3313.5,4
2026-01-30 20:10:00,3311.0,3311.0,3311.0,3311.0,19
2026-01-30 20:20:00,3311.0,3311.0,3288.0,3288.0,1207
2026-01-30 20:30:00,3289.0,3295.5,3289.0,3290.5,13
2026-01-30 20:50:00,3290.5,3290.5,3275.5,3275.5,88
2026-01-30 21:00:00,3274.5,3288.5,3273.5,3287.0,138
2026-01-30 21:10:00,3260.0,3260.0,3260.0,3260.0,1
2026-01-30 21:20:00,3256.0,3256.0,3238.0,3239.5,429
2026-01-30 21:30:00,3240.0,3259.5,3234.5,3234.5,134
2026-01-30 21:40:00,3234.0,3234.0,3234.0,3234.0,1
2026-01-30 21:50:00,3255.5,3268.0,3255.5,3268.0,11
2026-01-30 22:10:00,3318.0,3320.5,3318.0,3320.5,11
2026-01-30 22:20:00,3320.5,3320.5,3268.5,3268.5,8
2026-01-30 22:30:00,3251.0,3282.0,3217.5,3272.0,14
2026-01-30 22:40:00,3272.0,3272.0,3225.5,3227.0,30
2026-01-30 22:50:00,3225.5,3226.0,3225.5,3226.0,3
2026-01-30 23:00:00,3226.0,3261.5,3226.0,3239.5,162
2026-01-30 23:10:00,3241.0,3305.0,3215.5,3215.5,157
2026-01-30 23:20:00,3223.5,3256.0,3211.5,3225.5,98
2026-01-30 23:30:00,3205.5,3222.0,3202.5,3222.0,5
2026-01-30 23:40:00,3248.0,3248.5,3248.0,3248.5,5
2026-01-31 10:00:00,3342.5,3342.5,3325.0,3325.0,2
2026-01-31 10:10:00,3205.5,3205.5,3203.5,3203.5,2
2026-01-31 10:30:00,3208.0,3208.0,3208.0,3208.0,1
2026-01-31 10:40:00,3255.5,3255.5,3255.5,3255.5,2
2026-01-31 10:50:00,3244.5,3244.5,3244.5,3244.5,1
2026-01-31 11:30:00,3256.5,3257.0,3256.5,3257.0,3
2026-01-31 11:40:00,3253.0,3253.0,3253.0,3253.0,2
2026-01-31 12:50:00,3236.5,3241.0,3236.5,3241.0,2
2026-01-31 13:00:00,3237.5,3237.5,3237.5,3237.5,1
2026-01-31 14:20:00,3253.5,3253.5,3253.0,3253.0,2
2026-01-31 14:50:00,3237.5,3237.5,3237.5,3237.5,2
2026-01-31 17:30:00,3253.0,3253.0,3253.0,3253.0,1
2026-01-31 18:10:00,3249.5,3249.5,3249.5,3249.5,3
2026-01-31 18:20:00,3250.5,3251.5,3250.5,3251.5,5
2026-02-01 12:50:00,3253.5,3253.5,3253.5,3253.5,2
2026-02-01 16:30:00,3253.5,3253.5,3253.5,3253.5,2
2026-02-01 18:20:00,3248.5,3248.5,3248.5,3248.5,1
2026-02-01 18:40:00,3248.5,3248.5,3248.5,3248.5,1
2026-02-02 08:50:00,3195.5,3195.5,3195.5,3195.5,4
2026-02-02 09:00:00,3167.5,3195.5,3154.5,3195.5,105
2026-02-02 09:10:00,3161.0,3194.0,3149.0,3157.0,129
2026-02-02 09:20:00,3157.0,3171.5,3137.5,3156.5,37
2026-02-02 09:30:00,3145.5,3174.5,3145.5,3153.0,7
2026-02-02 09:40:00,3157.5,3158.5,3157.0,3158.5,11
2026-02-02 09:50:00,3158.5,3158.5,3158.5,3158.5,1
2026-02-02 10:00:00,3173.5,3173.5,3170.5,3173.5,30
2026-02-02 10:10:00,3173.5,3173.5,3160.5,3163.5,709
2026-02-02 10:20:00,3168.5,3190.0,3168.5,3190.0,21
2026-02-02 10:30:00,3190.5,3225.5,3190.5,3225.5,7
2026-02-02 10:40:00,3222.0,3222.0,3187.0,3194.0,37
2026-02-02 10:50:00,3211.0,3224.5,3188.0,3193.0,20
2026-02-02 11:00:00,3187.0,3191.5,3187.0,3191.5,5
2026-02-02 11:10:00,3201.5,3208.0,3201.5,3208.0,2
2026-02-02 11:20:00,3191.0,3191.0,3187.5,3187.5,41
2026-02-02 11:30:00,3200.0,3209.0,3200.0,3206.0,16
2026-02-02 11:40:00,3197.5,3206.0,3190.0,3198.0,48
2026-02-02 11:50:00,3190.5,3190.5,3187.5,3187.5,11
2026-02-02 12:00:00,3191.0,3191.0,3174.0,3174.0,16
2026-02-02 12:10:00,3189.5,3214.0,3189.5,3214.0,9
2026-02-02 12:20:00,3212.5,3214.5,3212.5,3214.5,19
2026-02-02 12:30:00,3214.0,3216.0,3214.0,3216.0,6
2026-02-02 12:40:00,3232.5,3234.0,3232.5,3233.0,11
2026-02-02 12:50:00,3228.5,3233.5,3217.5,3217.5,4
2026-02-02 13:10:00,3235.0,3235.0,3235.0,3235.0,1
2026-02-02 13:20:00,3229.5,3229.5,3227.5,3227.5,38
2026-02-02 13:30:00,3227.5,3227.5,3227.5,3227.5,3
2026-02-02 13:40:00,3241.0,3241.5,3236.0,3236.5,4
2026-02-02 14:10:00,3240.0,3247.5,3240.0,3241.5,12
2026-02-02 14:40:00,3238.5,3238.5,3235.5,3235.5,9
2026-02-02 14:50:00,3242.5,3242.5,3235.5,3235.5,10
2026-02-02 15:00:00,3242.5,3260.0,3242.5,3260.0,111
2026-02-02 15:10:00,3258.0,3274.5,3258.0,3264.0,29
2026-02-02 15:20:00,3267.0,3267.5,3262.0,3267.5,5
2026-02-02 15:30:00,3274.5,3294.0,3270.0,3270.0,3
2026-02-02 15:40:00,3277.0,3283.5,3274.0,3274.0,30
2026-02-02 15:50:00,3274.5,3274.5,3265.5,3265.5,18
2026-02-02 16:20:00,3267.0,3267.0,3249.0,3250.5,42
2026-02-02 16:30:00,3249.5,3249.5,3236.5,3236.5,14
2026-02-02 16:40:00,3250.0,3260.0,3250.0,3260.0,27
2026-02-02 16:50:00,3261.0,3265.5,3256.5,3265.5,16
2026-02-02 17:10:00,3266.0,3266.0,3262.0,3262.0,3
2026-02-02 17:20:00,3260.0,3260.0,3260.0,3260.0,2
2026-02-02 17:30:00,3262.5,3278.5,3262.5,3278.5,7
2026-02-02 17:40:00,3276.5,3277.0,3249.5,3249.5,59
2026-02-02 18:40:00,3269.0,3269.0,3238.0,3238.0,4
2026-02-02 19:10:00,3240.0,3254.0,3240.0,3249.0,55
2026-02-02 19:20:00,3241.0,3262.5,3217.5,3225.0,111
2026-02-02 19:30:00,3224.5,3233.5,3224.5,3229.0,14
2026-02-02 19:40:00,3226.0,3233.0,3224.0,3230.5,29
2026-02-02 19:50:00,3232.5,3239.5,3231.0,3231.0,9
2026-02-02 20:00:00,3225.0,3230.0,3220.5,3221.5,19
2026-02-02 20:10:00,3224.0,3241.0,3224.0,3234.0,58
2026-02-02 20:20:00,3240.0,3240.0,3238.0,3238.5,6
2026-02-02 20:30:00,3241.0,3248.0,3241.0,3248.0,4
2026-02-02 20:40:00,3232.5,3232.5,3227.0,3227.0,2
2026-02-02 21:00:00,3235.5,3235.5,3218.5,3219.0,24
2026-02-02 21:30:00,3218.5,3218.5,3218.5,3218.5,2
2026-02-02 22:00:00,3231.5,3246.0,3231.5,3246.0,2
2026-02-02 23:00:00,3230.5,3230.5,3219.5,3219.5,7
2026-02-02 23:10:00,3232.0,3232.0,3232.0,3232.0,3
2026-02-02 23:30:00,3230.5,3230.5,3230.5,3230.5,6
2026-02-02 23:40:00,3233.0,3233.0,3233.0,3233.0,6
2026-02-03 09:10:00,3251.5,3252.0,3251.5,3252.0,4
2026-02-03 09:40:00,3255.5,3256.0,3255.5,3256.0,2
2026-02-03 09:50:00,3251.5,3251.5,3238.5,3238.5,8
2026-02-03 10:00:00,3251.0,3256.5,3251.0,3256.5,10
2026-02-03 10:10:00,3264.5,3264.5,3261.5,3261.5,3
2026-02-03 10:20:00,3257.5,3257.5,3255.5,3255.5,6
2026-02-03 10:30:00,3258.0,3261.0,3258.0,3261.0,4
2026-02-03 10:40:00,3258.0,3262.0,3255.0,3262.0,7
2026-02-03 10:50:00,3255.0,3255.0,3248.5,3248.5,5
2026-02-03 11:00:00,3249.5,3250.5,3243.5,3245.0,38
2026-02-03 11:10:00,3251.0,3251.0,3250.5,3250.5,10
2026-02-03 11:30:00,3240.5,3242.0,3234.5,3234.5,37
2026-02-03 11:40:00,3237.5,3237.5,3234.0,3237.5,23
2026-02-03 11:50:00,3232.0,3232.0,3220.5,3220.5,12
2026-02-03 12:00:00,3221.0,3221.0,3209.5,3218.5,34
2026-02-03 12:10:00,3207.5,3207.5,3197.5,3197.5,10
2026-02-03 12:20:00,3189.5,3192.5,3189.5,3192.5,6
2026-02-03 12:30:00,3190.5,3190.5,3185.5,3185.5,2
2026-02-03 12:40:00,3188.0,3188.0,3181.0,3187.5,5
2026-02-03 12:50:00,3184.5,3185.0,3171.5,3183.5,129
2026-02-03 13:00:00,3181.5,3187.5,3178.5,3184.0,32
2026-02-03 13:10:00,3186.5,3188.5,3180.5,3180.5,24
2026-02-03 13:20:00,3182.0,3182.0,3180.5,3180.5,13
2026-02-03 13:30:00,3187.5,3187.5,3179.5,3179.5,4
2026-02-03 13:40:00,3192.5,3192.5,3192.5,3192.5,2
2026-02-03 13:50:00,3193.5,3193.5,3193.5,3193.5,5
2026-02-03 14:00:00,3184.0,3187.5,3175.5,3187.5,73
2026-02-03 14:10:00,3178.0,3182.0,3175.5,3175.5,58
2026-02-03 14:20:00,3174.5,3174.5,3174.5,3174.5,1
2026-02-03 15:00:00,3190.0,3190.0,3190.0,3190.0,1
2026-02-03 15:20:00,3191.0,3193.5,3190.5,3193.5,24
2026-02-03 15:40:00,3204.0,3204.5,3204.0,3204.5,6
2026-02-03 15:50:00,3197.5,3203.5,3197.0,3203.5,3
2026-02-03 16:00:00,3207.5,3218.0,3207.5,3218.0,3
2026-02-03 16:10:00,3210.5,3210.5,3210.5,3210.5,2
2026-02-03 16:20:00,3206.5,3210.0,3206.5,3210.0,4
2026-02-03 16:30:00,3200.5,3200.5,3200.5,3200.5,4
2026-02-03 16:40:00,3203.5,3210.0,3203.5,3210.0,7
2026-02-03 16:50:00,3207.0,3210.5,3207.0,3210.5,13
2026-02-03 17:00:00,3206.5,3206.5,3190.5,3196.5,31
2026-02-03 17:10:00,3203.5,3203.5,3195.0,3195.0,7
2026-02-03 17:20:00,3196.0,3200.0,3196.0,3200.0,3
2026-02-03 17:30:00,3201.0,3204.0,3199.0,3199.0,5
2026-02-03 17:40:00,3210.5,3210.5,3210.5,3210.5,22
2026-02-03 17:50:00,3213.0,3215.5,3209.0,3209.0,3
2026-02-03 18:00:00,3209.0,3209.0,3199.5,3203.0,23
2026-02-03 18:10:00,3204.5,3204.5,3204.5,3204.5,1
2026-02-03 18:20:00,3211.5,3212.0,3211.5,3212.0,3
2026-02-03 18:30:00,3209.5,3209.5,3209.5,3209.5,1
2026-02-03 19:00:00,3215.5,3228.5,3215.5,3222.5,19
2026-02-03 19:10:00,3218.5,3235.5,3218.5,3227.5,9
2026-02-03 19:20:00,3222.5,3222.5,3221.0,3221.0,3
2026-02-03 19:30:00,3220.5,3220.5,3220.5,3220.5,1
2026-02-03 19:50:00,3220.5,3224.5,3220.5,3222.0,9
2026-02-03 20:00:00,3220.0,3220.0,3203.5,3203.5,2
2026-02-03 20:10:00,3208.5,3208.5,3208.5,3208.5,1
2026-02-03 20:20:00,3206.0,3206.0,3203.0,3203.0,5
2026-02-03 20:40:00,3207.0,3213.0,3207.0,3213.0,24
2026-02-03 21:00:00,3200.0,3200.0,3200.0,3200.0,1
2026-02-03 21:10:00,3209.5,3209.5,3209.5,3209.5,1
2026-02-03 21:40:00,3198.5,3198.5,3198.5,3198.5,1
2026-02-03 21:50:00,3188.5,3188.5,3177.5,3177.5,3
2026-02-03 22:00:00,3188.5,3212.5,3185.5,3197.5,217
2026-02-03 22:10:00,3196.5,3211.5,3193.0,3201.5,149
2026-02-03 22:20:00,3216.0,3216.0,3192.5,3204.0,68
2026-02-03 22:30:00,3205.5,3220.0,3197.5,3201.5,55
2026-02-03 22:40:00,3216.0,3216.0,3175.5,3180.0,56
2026-02-03 22:50:00,3194.0,3218.0,3184.0,3188.0,12
2026-02-03 23:00:00,3215.0,3217.5,3215.0,3217.5,5
2026-02-04 09:00:00,3216.0,3223.5,3216.0,3223.5,3
2026-02-04 09:10:00,3224.0,3224.0,3224.0,3224.0,1
2026-02-04 09:40:00,3232.0,3233.5,3232.0,3233.5,7
2026-02-04 09:50:00,3234.0,3245.5,3234.0,3245.5,2
2026-02-04 10:00:00,3237.5,3245.5,3237.5,3245.5,2
2026-02-04 10:10:00,3235.5,3235.5,3229.5,3229.5,6
2026-02-04 10:20:00,3232.0,3232.0,3232.0,3232.0,1
2026-02-04 10:30:00,3222.5,3222.5,3222.5,3222.5,1
2026-02-04 11:10:00,3212.5,3212.5,3212.5,3212.5,1
2026-02-04 11:30:00,3196.0,3196.0,3195.0,3195.0,6
2026-02-04 11:40:00,3207.5,3216.0,3207.5,3211.5,10
2026-02-04 11:50:00,3212.0,3212.0,3212.0,3212.0,1
2026-02-04 12:00:00,3214.0,3214.5,3210.5,3210.5,13
2026-02-04 12:20:00,3222.0,3222.5,3222.0,3222.5,5
2026-02-04 12:30:00,3215.5,3215.5,3215.5,3215.5,5
2026-02-04 12:50:00,3215.5,3215.5,3215.5,3215.5,2
2026-02-04 13:00:00,3220.0,3220.0,3220.0,3220.0,2
2026-02-04 13:10:00,3217.0,3217.0,3215.5,3215.5,8
2026-02-04 13:20:00,3211.0,3211.0,3211.0,3211.0,1
2026-02-04 13:30:00,3220.5,3220.5,3220.5,3220.5,4
2026-02-04 14:00:00,3222.5,3222.5,3222.5,3222.5,1
2026-02-04 14:20:00,3234.5,3235.5,3234.5,3235.5,9
2026-02-04 14:40:00,3235.5,3235.5,3235.5,3235.5,1
2026-02-04 15:10:00,3229.0,3229.0,3228.5,3228.5,2
2026-02-04 15:50:00,3235.0,3235.0,3233.0,3233.0,17
2026-02-04 16:20:00,3218.5,3218.5,3218.5,3218.5,1
2026-02-04 16:30:00,3229.5,3231.0,3229.5,3231.0,5
2026-02-04 16:40:00,3236.5,3240.0,3236.5,3240.0,50
2026-02-04 17:10:00,3230.5,3230.5,3230.0,3230.0,2
2026-02-04 17:20:00,3232.5,3232.5,3232.0,3232.0,3
2026-02-04 17:30:00,3235.5,3235.5,3235.5,3235.5,1
2026-02-04 17:40:00,3223.5,3223.5,3223.5,3223.5,2
2026-02-04 18:10:00,3217.0,3217.0,3214.5,3214.5,30
2026-02-04 18:20:00,3217.0,3217.0,3217.0,3217.0,2
2026-02-04 18:30:00,3211.0,3211.0,3211.0,3211.0,4
2026-02-04 19:10:00,3200.0,3200.0,3200.0,3200.0,4
2026-02-04 19:30:00,3204.5,3204.5,3204.5,3204.5,1
2026-02-04 19:40:00,3193.5,3193.5,3193.5,3193.5,2
2026-02-04 20:50:00,3189.0,3189.0,3179.5,3187.0,24
2026-02-04 21:10:00,3188.5,3188.5,3188.5,3188.5,1
2026-02-04 22:00:00,3256.0,3257.5,3198.5,3214.0,32
2026-02-04 22:10:00,3194.0,3229.0,3193.0,3225.0,109
2026-02-04 22:20:00,3225.0,3225.0,3196.0,3205.0,79
2026-02-04 22:30:00,3224.5,3224.5,3200.5,3211.0,28
2026-02-04 23:10:00,3220.0,3220.0,3220.0,3220.0,1
2026-02-04 23:20:00,3197.5,3197.5,3197.5,3197.5,1
2026-02-05 09:00:00,3169.5,3179.5,3164.5,3167.5,26
2026-02-05 09:30:00,3167.5,3167.5,3163.5,3163.5,3
2026-02-05 09:40:00,3171.0,3171.0,3171.0,3171.0,1
2026-02-05 09:50:00,3169.0,3169.0,3169.0,3169.0,1
2026-02-05 10:20:00,3176.5,3176.5,3167.0,3167.0,3
2026-02-05 10:30:00,3177.5,3178.0,3177.5,3178.0,4
2026-02-05 10:40:00,3170.5,3170.5,3170.5,3170.5,1
2026-02-05 10:50:00,3169.0,3169.0,3168.5,3168.5,2
2026-02-05 11:10:00,3182.5,3182.5,3182.5,3182.5,1
2026-02-05 11:20:00,3178.0,3178.0,3178.0,3178.0,1
2026-02-05 11:30:00,3166.5,3166.5,3156.5,3165.0,6
2026-02-05 11:40:00,3164.0,3164.0,3164.0,3164.0,3
2026-02-05 11:50:00,3162.5,3162.5,3162.5,3162.5,1
2026-02-05 12:40:00,3167.5,3167.5,3167.5,3167.5,1
2026-02-05 13:10:00,3174.0,3174.0,3174.0,3174.0,1
2026-02-05 13:30:00,3169.0,3169.0,3169.0,3169.0,3
2026-02-05 13:40:00,3164.0,3164.0,3163.5,3163.5,5
2026-02-05 13:50:00,3171.0,3171.5,3171.0,3171.5,10
2026-02-05 14:10:00,3173.0,3173.5,3173.0,3173.5,2
2026-02-05 15:20:00,3166.0,3166.0,3157.0,3157.0,10
2026-02-05 15:40:00,3155.5,3155.5,3155.5,3155.5,10
2026-02-05 16:00:00,3163.5,3163.5,3154.5,3154.5,16
2026-02-05 16:10:00,3154.5,3167.5,3154.5,3167.5,20
2026-02-05 16:20:00,3166.5,3166.5,3166.5,3166.5,3
2026-02-05 16:30:00,3170.5,3182.0,3170.5,3182.0,16
2026-02-05 16:50:00,3182.5,3182.5,3182.5,3182.5,1
2026-02-05 17:20:00,3169.5,3169.5,3169.5,3169.5,2
2026-02-05 17:30:00,3178.5,3179.0,3174.5,3179.0,10
2026-02-05 17:40:00,3182.5,3182.5,3182.5,3182.5,2
2026-02-05 17:50:00,3182.5,3182.5,3182.5,3182.5,1
2026-02-05 18:00:00,3178.0,3178.0,3164.5,3167.0,11
2026-02-05 18:20:00,3172.0,3172.0,3165.5,3165.5,2
2026-02-05 19:10:00,3156.0,3173.5,3155.5,3173.5,5
2026-02-05 19:40:00,3181.0,3193.5,3181.0,3193.5,3
2026-02-05 19:50:00,3185.5,3185.5,3185.5,3185.5,1
2026-02-05 20:00:00,3183.5,3186.0,3183.5,3186.0,14
2026-02-05 20:10:00,3183.0,3183.0,3183.0,3183.0,1
2026-02-05 20:20:00,3182.5,3188.0,3182.5,3188.0,3
2026-02-05 22:00:00,3177.5,3259.0,3174.0,3239.5,107
2026-02-05 22:10:00,3236.5,3236.5,3186.0,3215.0,60
2026-02-05 22:20:00,3198.5,3243.5,3193.0,3197.0,16
2026-02-05 22:30:00,3216.0,3222.0,3184.5,3206.0,130
2026-02-05 22:40:00,3203.5,3210.0,3190.0,3210.0,37
2026-02-05 23:10:00,3218.5,3218.5,3209.0,3209.0,4
2026-02-05 23:30:00,3211.0,3211.0,3211.0,3211.0,1
2026-02-05 23:40:00,3181.0,3181.0,3181.0,3181.0,1
2026-02-06 09:00:00,3169.5,3180.5,3169.5,3180.5,2
2026-02-06 09:10:00,3178.0,3178.0,3178.0,3178.0,1
2026-02-06 09:20:00,3182.0,3182.0,3180.5,3180.5,6
2026-02-06 09:50:00,3169.0,3177.0,3167.0,3177.0,32
2026-02-06 10:00:00,3164.0,3164.0,3139.5,3139.5,8
2026-02-06 10:10:00,3170.5,3170.5,3169.0,3169.0,2
2026-02-06 10:20:00,3175.5,3175.5,3175.5,3175.5,1
2026-02-06 10:30:00,3172.5,3173.0,3166.0,3166.0,3
2026-02-06 10:40:00,3172.5,3173.0,3172.5,3172.5,4
2026-02-06 11:00:00,3170.0,3170.0,3169.5,3169.5,2
2026-02-06 11:10:00,3172.5,3172.5,3172.5,3172.5,1
2026-02-06 11:20:00,3185.5,3185.5,3179.0,3179.0,6
2026-02-06 11:50:00,3179.5,3179.5,3179.5,3179.5,3
2026-02-06 12:10:00,3177.0,3177.0,3177.0,3177.0,1
2026-02-06 12:40:00,3182.5,3182.5,3179.0,3181.5,6
2026-02-06 13:00:00,3187.5,3187.5,3187.5,3187.5,2
2026-02-06 13:10:00,3187.5,3188.0,3187.5,3188.0,2
2026-02-06 14:50:00,3203.5,3205.0,3203.5,3205.0,2
2026-02-06 15:00:00,3195.5,3195.5,3195.5,3195.5,2
2026-02-06 15:40:00,3195.5,3195.5,3195.5,3195.5,2
2026-02-06 16:00:00,3192.0,3192.0,3191.5,3191.5,16
2026-02-06 16:10:00,3187.5,3187.5,3187.5,3187.5,1
2026-02-06 16:20:00,3193.0,3193.0,3191.0,3191.0,2
2026-02-06 16:30:00,3192.5,3192.5,3192.5,3192.5,2
2026-02-06 16:40:00,3185.5,3185.5,3185.5,3185.5,1
2026-02-06 17:50:00,3203.5,3214.0,3203.5,3214.0,17
2026-02-06 18:00:00,3213.5,3214.0,3213.5,3214.0,6
2026-02-06 18:10:00,3210.0,3210.0,3210.0,3210.0,1
2026-02-06 18:20:00,3206.5,3208.5,3206.0,3208.5,45
2026-02-06 18:40:00,3212.5,3212.5,3212.5,3212.5,3
2026-02-06 19:30:00,3220.0,3220.5,3220.0,3220.5,3
2026-02-06 20:00:00,3240.5,3250.5,3240.5,3250.5,23
2026-02-06 20:10:00,3247.0,3247.0,3247.0,3247.0,3
2026-02-06 20:30:00,3243.5,3249.0,3243.5,3246.0,4
2026-02-06 20:50:00,3250.5,3257.0,3250.5,3257.0,4
2026-02-06 21:10:00,3257.0,3257.0,3257.0,3257.0,2
2026-02-06 21:20:00,3257.0,3257.0,3251.0,3251.0,2
2026-02-06 21:30:00,3247.5,3251.5,3247.5,3251.5,22
2026-02-06 21:40:00,3259.0,3261.5,3259.0,3261.5,29
2026-02-06 21:50:00,3257.0,3257.0,3257.0,3257.0,1
2026-02-06 22:20:00,3259.0,3274.5,3254.5,3255.5,17
2026-02-06 22:30:00,3255.0,3255.0,3240.5,3246.5,7
2026-02-06 22:40:00,3253.5,3258.5,3251.5,3258.5,7
2026-02-07 10:50:00,3264.0,3264.5,3264.0,3264.5,30
2026-02-07 11:00:00,3264.0,3264.0,3264.0,3264.0,9
2026-02-07 11:10:00,3264.0,3264.0,3264.0,3264.0,11
2026-02-07 11:20:00,3264.0,3264.0,3264.0,3264.0,3
2026-02-07 11:40:00,3264.5,3264.5,3264.5,3264.5,1
2026-02-07 11:50:00,3264.5,3291.5,3264.5,3270.5,21
2026-02-07 12:00:00,3263.0,3263.0,3218.5,3218.5,3
2026-02-07 12:50:00,3233.5,3234.0,3233.5,3234.0,2
2026-02-07 13:00:00,3284.0,3284.0,3284.0,3284.0,1
2026-02-07 13:20:00,3281.5,3281.5,3281.5,3281.5,1
2026-02-07 14:40:00,3270.5,3270.5,3270.5,3270.5,1
2026-02-07 14:50:00,3266.5,3266.5,3266.5,3266.5,1
2026-02-07 15:00:00,3251.0,3268.0,3251.0,3268.0,3
2026-02-07 15:40:00,3269.0,3269.0,3269.0,3269.0,1
2026-02-07 16:30:00,3269.0,3269.5,3235.5,3269.5,11
2026-02-07 17:40:00,3269.0,3269.0,3269.0,3269.0,1
2026-02-08 12:50:00,3282.5,3282.5,3271.5,3271.5,2
2026-02-08 14:50:00,3270.0,3305.5,3112.5,3269.5,441
2026-02-08 15:00:00,3269.5,3269.5,3268.5,3268.5,40
2026-02-08 15:10:00,3239.0,3256.5,3239.0,3256.5,5
2026-02-08 15:20:00,3254.5,3255.0,3254.5,3255.0,8
2026-02-08 15:40:00,3251.0,3251.0,3251.0,3251.0,4
2026-02-08 15:50:00,3255.0,3255.0,3253.0,3253.0,2
2026-02-08 16:10:00,3256.5,3261.5,3252.5,3254.0,10
2026-02-08 17:10:00,3261.0,3265.0,3260.0,3265.0,49
2026-02-08 17:20:00,3263.5,3265.0,3262.5,3265.0,34
2026-02-08 17:30:00,3259.5,3265.0,3256.0,3256.0,30
2026-02-08 17:40:00,3259.0,3259.0,3259.0,3259.0,2
2026-02-08 17:50:00,3259.0,3259.0,3259.0,3259.0,2
2026-02-08 18:40:00,3258.5,3258.5,3256.0,3256.0,2
2026-02-08 18:50:00,3262.5,3263.0,3262.5,3263.0,10
2026-02-09 08:50:00,3256.0,3256.0,3242.5,3242.5,3
2026-02-09 09:00:00,3242.5,3246.0,3241.5,3246.0,22
2026-02-09 09:10:00,3244.5,3244.5,3237.5,3237.5,16
2026-02-09 09:50:00,3238.0,3238.0,3233.5,3233.5,3
2026-02-09 11:10:00,3230.0,3233.0,3228.0,3228.0,20
2026-02-09 11:20:00,3218.0,3218.0,3218.0,3218.0,1
2026-02-09 11:40:00,3218.5,3218.5,3218.5,3218.5,1
2026-02-09 12:20:00,3224.0,3224.0,3224.0,3224.0,1
2026-02-09 12:40:00,3227.5,3229.5,3227.5,3229.5,6
2026-02-09 12:50:00,3224.0,3224.0,3223.5,3223.5,8
2026-02-09 13:20:00,3225.0,3225.0,3225.0,3225.0,1
2026-02-09 13:30:00,3218.0,3218.0,3215.5,3215.5,16
2026-02-09 13:40:00,3215.5,3215.5,3215.5,3215.5,2
2026-02-09 14:20:00,3216.0,3216.0,3210.0,3210.0,12
2026-02-09 14:40:00,3226.0,3226.0,3226.0,3226.0,4
2026-02-09 14:50:00,3226.0,3226.0,3226.0,3226.0,1
2026-02-09 15:20:00,3232.0,3232.5,3232.0,3232.5,2
2026-02-09 15:30:00,3223.0,3223.0,3223.0,3223.0,1
2026-02-09 15:50:00,3228.0,3235.5,3228.0,3235.5,87
2026-02-09 16:10:00,3236.0,3236.5,3236.0,3236.5,2
2026-02-09 16:30:00,3235.5,3235.5,3235.5,3235.5,1
2026-02-09 17:00:00,3238.0,3238.0,3238.0,3238.0,8
2026-02-09 17:30:00,3247.5,3257.0,3247.5,3257.0,18
2026-02-09 17:40:00,3250.0,3255.0,3250.0,3255.0,20
2026-02-09 18:30:00,3260.0,3260.0,3260.0,3260.0,1
2026-02-09 19:20:00,3261.0,3261.0,3261.0,3261.0,5
2026-02-09 19:30:00,3253.0,3253.0,3252.5,3252.5,4
2026-02-09 20:00:00,3255.0,3255.0,3255.0,3255.0,3
2026-02-09 20:10:00,3259.0,3260.0,3259.0,3260.0,2
2026-02-09 20:20:00,3258.5,3269.5,3258.5,3269.5,14
2026-02-09 20:40:00,3265.5,3265.5,3265.5,3265.5,2
2026-02-09 21:30:00,3264.5,3264.5,3264.5,3264.5,1
2026-02-09 22:00:00,3277.0,3286.5,3269.0,3273.0,69
2026-02-09 22:10:00,3276.5,3276.5,3237.5,3259.0,93
2026-02-09 22:20:00,3265.5,3270.0,3250.5,3262.5,73
2026-02-09 23:30:00,3262.5,3262.5,3250.5,3254.5,17
2026-02-09 23:40:00,3245.5,3269.0,3245.5,3269.0,6
2026-02-10 09:30:00,3246.5,3246.5,3242.5,3242.5,6
2026-02-10 09:40:00,3259.0,3259.0,3259.0,3259.0,1
2026-02-10 10:00:00,3242.5,3242.5,3242.0,3242.0,2
2026-02-10 10:10:00,3246.0,3246.0,3246.0,3246.0,16
2026-02-10 11:20:00,3235.5,3235.5,3235.5,3235.5,1
2026-02-10 11:30:00,3238.5,3238.5,3238.5,3238.5,1
2026-02-10 11:40:00,3238.5,3238.5,3238.5,3238.5,5
2026-02-10 12:50:00,3239.0,3239.0,3239.0,3239.0,2
2026-02-10 13:20:00,3258.5,3258.5,3258.5,3258.5,2
2026-02-10 14:30:00,3255.0,3255.0,3255.0,3255.0,1
2026-02-10 15:10:00,3255.5,3255.5,3255.5,3255.5,1
2026-02-10 15:40:00,3242.5,3242.5,3242.0,3242.0,2
2026-02-10 16:30:00,3238.0,3238.0,3237.0,3237.0,6
2026-02-10 16:40:00,3235.5,3235.5,3235.5,3235.5,1
2026-02-10 16:50:00,3233.5,3233.5,3233.5,3233.5,1
2026-02-10 17:00:00,3244.0,3244.5,3244.0,3244.5,6
2026-02-10 17:10:00,3258.0,3258.0,3258.0,3258.0,1
2026-02-10 17:50:00,3252.0,3259.5,3252.0,3259.5,10
2026-02-10 18:00:00,3259.5,3259.5,3259.5,3259.5,1
2026-02-10 18:10:00,3264.0,3264.0,3264.0,3264.0,1
2026-02-10 19:00:00,3256.0,3256.0,3253.0,3253.0,2
2026-02-10 19:10:00,3264.5,3264.5,3264.5,3264.5,5
2026-02-10 19:30:00,3279.5,3279.5,3279.5,3279.5,1
2026-02-10 19:40:00,3270.0,3270.0,3270.0,3270.0,1
2026-02-10 19:50:00,3272.0,3272.0,3272.0,3272.0,1
2026-02-10 20:20:00,3270.5,3270.5,3270.5,3270.5,1
2026-02-10 20:50:00,3275.0,3275.5,3275.0,3275.5,6
2026-02-10 21:10:00,3286.5,3292.0,3286.5,3292.0,5
2026-02-10 22:10:00,3260.0,3260.0,3259.5,3259.5,2
2026-02-11 09:00:00,3292.0,3300.5,3292.0,3300.5,31
2026-02-11 09:10:00,3308.5,3316.0,3308.5,3316.0,11
2026-02-11 09:20:00,3316.0,3316.5,3303.0,3303.0,61
2026-02-11 09:40:00,3305.5,3309.5,3305.5,3309.5,6
2026-02-11 09:50:00,3310.5,3311.0,3310.5,3311.0,4
2026-02-11 10:00:00,3311.0,3311.0,3300.0,3300.0,3
2026-02-11 10:20:00,3318.0,3318.0,3318.0,3318.0,2
2026-02-11 10:30:00,3318.5,3318.5,3312.0,3312.0,17
2026-02-11 10:50:00,3311.5,3311.5,3309.0,3310.5,7
2026-02-11 11:00:00,3316.5,3316.5,3316.5,3316.5,1
2026-02-11 11:10:00,3312.0,3312.0,3312.0,3312.0,1
2026-02-11 11:20:00,3311.5,3311.5,3306.5,3306.5,37
2026-02-11 11:40:00,3322.0,3322.0,3322.0,3322.0,2
2026-02-11 11:50:00,3318.5,3318.5,3315.0,3315.0,3
2026-02-11 12:00:00,3321.0,3323.0,3320.5,3320.5,13
2026-02-11 12:10:00,3316.0,3316.0,3315.5,3315.5,7
2026-02-11 12:20:00,3316.0,3316.0,3316.0,3316.0,14
2026-02-11 12:40:00,3322.0,3324.0,3322.0,3324.0,2
2026-02-11 12:50:00,3335.5,3335.5,3325.0,3325.0,3
2026-02-11 13:20:00,3339.5,3339.5,3339.5,3339.5,2
2026-02-11 13:30:00,3331.5,3339.5,3331.0,3339.5,9
2026-02-11 13:40:00,3340.0,3340.0,3339.5,3339.5,2
2026-02-11 14:50:00,3350.0,3350.5,3350.0,3350.5,2
2026-02-11 15:30:00,3345.0,3345.5,3339.0,3339.5,18
2026-02-11 15:50:00,3339.0,3339.0,3338.5,3338.5,8
2026-02-11 16:20:00,3325.0,3325.0,3323.5,3323.5,3
2026-02-11 16:50:00,3336.0,3339.0,3334.0,3339.0,18
2026-02-11 17:00:00,3339.5,3339.5,3339.5,3339.5,1
2026-02-11 17:10:00,3334.5,3334.5,3334.5,3334.5,1
2026-02-11 17:40:00,3315.0,3315.5,3308.0,3315.5,9
2026-02-11 17:50:00,3313.0,3319.0,3311.0,3317.0,10
2026-02-11 18:00:00,3316.5,3320.5,3316.5,3320.5,3
2026-02-11 18:20:00,3298.0,3298.0,3296.5,3296.5,7
2026-02-11 18:30:00,3297.5,3297.5,3297.5,3297.5,25
2026-02-11 19:00:00,3290.5,3290.5,3290.5,3290.5,2
2026-02-11 19:10:00,3299.5,3301.5,3299.5,3299.5,9
2026-02-11 19:50:00,3311.0,3311.0,3311.0,3311.0,1
2026-02-11 20:10:00,3308.5,3308.5,3308.5,3308.5,1
2026-02-11 20:30:00,3318.5,3320.0,3317.5,3317.5,21
2026-02-11 20:40:00,3317.5,3319.0,3311.0,3311.0,39
2026-02-11 20:50:00,3316.0,3319.5,3311.5,3316.5,12
2026-02-11 21:00:00,3321.0,3321.0,3321.0,3321.0,12
2026-02-11 21:10:00,3317.0,3317.0,3308.5,3308.5,20
2026-02-11 21:30:00,3318.5,3319.0,3318.5,3319.0,4
2026-02-11 21:40:00,3318.0,3321.0,3307.0,3317.0,17
2026-02-11 21:50:00,3314.5,3323.5,3314.5,3323.5,5
2026-02-11 22:00:00,3319.0,3339.0,3319.0,3339.0,4
2026-02-11 22:20:00,3339.0,3354.0,3339.0,3354.0,6
2026-02-11 22:30:00,3352.0,3359.0,3352.0,3355.0,10
2026-02-11 22:40:00,3345.0,3345.0,3345.0,3345.0,1
2026-02-11 22:50:00,3351.0,3351.5,3351.0,3351.5,7
2026-02-11 23:00:00,3351.5,3351.5,3351.5,3351.5,1
2026-02-11 23:40:00,3336.5,3350.0,3329.0,3350.0,19
2026-02-12 09:00:00,3359.0,3359.0,3316.5,3324.0,52
2026-02-12 09:10:00,3321.0,3321.0,3321.0,3321.0,1
2026-02-12 09:20:00,3325.5,3328.0,3325.5,3326.0,21
2026-02-12 09:30:00,3327.0,3327.0,3318.0,3324.0,23
2026-02-12 09:40:00,3318.0,3318.0,3317.5,3317.5,4
2026-02-12 10:00:00,3318.5,3318.5,3318.5,3318.5,1
2026-02-12 10:10:00,3319.0,3319.0,3319.0,3319.0,1
2026-02-12 10:30:00,3323.0,3323.5,3323.0,3323.5,2
2026-02-12 10:40:00,3321.0,3321.0,3314.5,3314.5,4
2026-02-12 10:50:00,3318.5,3318.5,3318.5,3318.5,1
2026-02-12 11:00:00,3316.5,3319.0,3316.5,3319.0,11
2026-02-12 11:10:00,3316.0,3316.0,3305.5,3305.5,15
2026-02-12 11:30:00,3305.0,3305.0,3302.0,3302.0,21
2026-02-12 11:40:00,3302.5,3307.5,3302.5,3307.5,2
2026-02-12 11:50:00,3307.5,3307.5,3307.5,3307.5,2
2026-02-12 12:00:00,3308.5,3313.5,3308.5,3313.5,13
2026-02-12 12:10:00,3322.0,3322.0,3322.0,3322.0,3
2026-02-12 12:20:00,3319.5,3319.5,3319.5,3319.5,1
2026-02-12 12:40:00,3327.0,3327.5,3327.0,3327.5,6
2026-02-12 12:50:00,3326.5,3326.5,3325.5,3325.5,22
2026-02-12 13:50:00,3325.5,3325.5,3325.5,3325.5,2
2026-02-12 14:10:00,3325.5,3325.5,3325.5,3325.5,1
2026-02-12 14:40:00,3317.5,3317.5,3317.5,3317.5,1
2026-02-12 15:20:00,3322.5,3325.0,3322.5,3325.0,7
2026-02-12 15:40:00,3317.5,3321.0,3317.5,3321.0,9
2026-02-12 15:50:00,3317.5,3317.5,3307.5,3307.5,10
2026-02-12 16:00:00,3309.5,3309.5,3309.5,3309.5,1
2026-02-12 16:10:00,3309.5,3309.5,3309.5,3309.5,10
2026-02-12 16:30:00,3312.5,3313.5,3312.5,3313.5,6
2026-02-12 16:40:00,3320.0,3320.0,3320.0,3320.0,1
2026-02-12 16:50:00,3316.5,3317.0,3316.5,3317.0,4
2026-02-12 17:10:00,3312.5,3312.5,3312.5,3312.5,3
2026-02-12 18:20:00,3308.5,3308.5,3308.5,3308.5,1
2026-02-12 18:30:00,3303.5,3303.5,3300.5,3301.0,6
2026-02-12 19:00:00,3295.0,3295.0,3295.0,3295.0,1
2026-02-12 19:10:00,3285.5,3287.5,3256.0,3264.5,21
2026-02-12 19:20:00,3265.0,3265.0,3192.5,3239.0,59
2026-02-12 19:30:00,3262.5,3262.5,3261.5,3262.0,6
2026-02-12 19:40:00,3267.0,3267.5,3256.5,3256.5,40
2026-02-12 20:00:00,3259.5,3259.5,3259.5,3259.5,1
2026-02-12 20:10:00,3260.0,3260.0,3254.5,3254.5,5
2026-02-12 20:50:00,3254.5,3266.5,3254.5,3266.5,11
2026-02-12 21:20:00,3262.0,3262.0,3262.0,3262.0,1
2026-02-12 21:30:00,3262.0,3262.0,3262.0,3262.0,1
2026-02-12 22:00:00,3272.0,3282.5,3272.0,3282.0,3
2026-02-12 23:40:00,3266.5,3266.5,3263.0,3263.0,3
2026-02-13 09:10:00,3233.0,3233.0,3233.0,3233.0,1
2026-02-13 09:20:00,3246.5,3247.5,3244.5,3244.5,7
2026-02-13 09:50:00,3236.0,3236.0,3236.0,3236.0,4
2026-02-13 10:00:00,3236.0,3236.0,3235.5,3235.5,14
2026-02-13 10:10:00,3235.5,3235.5,3225.5,3234.5,23
2026-02-13 10:20:00,3234.5,3235.5,3234.0,3235.5,7
2026-02-13 10:30:00,3234.5,3234.5,3234.5,3234.5,6
2026-02-13 10:40:00,3235.5,3235.5,3235.5,3235.5,30
2026-02-13 11:00:00,3241.5,3241.5,3241.5,3241.5,2
2026-02-13 11:20:00,3236.0,3236.0,3236.0,3236.0,1
2026-02-13 11:30:00,3225.0,3225.0,3224.5,3224.5,12
2026-02-13 11:40:00,3218.0,3225.5,3218.0,3225.5,2
2026-02-13 11:50:00,3225.0,3227.0,3225.0,3227.0,12
2026-02-13 12:00:00,3217.0,3217.0,3215.5,3215.5,11
2026-02-13 12:10:00,3215.5,3215.5,3214.5,3214.5,2
2026-02-13 12:20:00,3209.5,3209.5,3206.0,3206.0,7
2026-02-13 12:30:00,3206.0,3207.5,3205.5,3207.5,23
2026-02-13 12:40:00,3195.5,3195.5,3195.0,3195.0,49
2026-02-13 12:50:00,3199.5,3199.5,3199.5,3199.5,2
2026-02-13 13:00:00,3197.5,3197.5,3197.5,3197.5,2
2026-02-13 13:20:00,3199.0,3199.0,3199.0,3199.0,6
2026-02-13 13:30:00,3205.0,3205.0,3200.5,3200.5,2
2026-02-13 13:50:00,3196.0,3196.0,3195.5,3195.5,3
2026-02-13 14:20:00,3190.5,3190.5,3189.0,3189.0,10
2026-02-13 14:30:00,3182.0,3182.0,3182.0,3182.0,4
2026-02-13 14:50:00,3183.5,3184.0,3183.5,3184.0,10
2026-02-13 15:00:00,3185.5,3185.5,3185.5,3185.5,8
2026-02-13 15:10:00,3191.5,3197.5,3191.5,3197.5,8
2026-02-13 15:20:00,3201.0,3206.0,3201.0,3206.0,5
2026-02-13 15:40:00,3200.5,3200.5,3200.5,3200.5,1
2026-02-13 16:10:00,3196.0,3196.0,3195.5,3195.5,34
2026-02-13 16:30:00,3205.0,3205.0,3205.0,3205.0,1
2026-02-13 16:50:00,3216.5,3216.5,3216.5,3216.5,1
2026-02-13 17:00:00,3216.5,3221.5,3216.5,3221.5,2
2026-02-13 17:30:00,3219.0,3219.5,3219.0,3219.5,11
2026-02-13 17:40:00,3219.5,3219.5,3219.5,3219.5,1
2026-02-13 17:50:00,3217.5,3217.5,3215.5,3215.5,9
2026-02-13 18:00:00,3214.0,3214.5,3214.0,3214.5,2
2026-02-13 19:10:00,3213.0,3213.0,3211.0,3211.0,3
2026-02-13 19:20:00,3223.0,3223.0,3223.0,3223.0,1
2026-02-13 20:00:00,3225.5,3225.5,3225.5,3225.5,1
2026-02-13 20:40:00,3225.5,3225.5,3225.5,3225.5,1
2026-02-13 21:00:00,3225.5,3225.5,3225.5,3225.5,3
2026-02-13 21:10:00,3231.5,3231.5,3231.5,3231.5,1
2026-02-13 21:30:00,3232.5,3232.5,3232.5,3232.5,5
2026-02-13 22:50:00,3235.5,3235.5,3235.5,3235.5,1
2026-02-13 23:10:00,3237.5,3237.5,3237.5,3237.5,1
2026-02-13 23:20:00,3238.5,3238.5,3238.5,3238.5,1
2026-02-16 08:50:00,3249.0,3249.0,3249.0,3249.0,1
2026-02-16 09:00:00,3207.5,3207.5,3203.5,3203.5,44
2026-02-16 09:10:00,3203.5,3204.0,3203.5,3204.0,2
2026-02-16 09:40:00,3208.0,3208.0,3208.0,3208.0,12
2026-02-16 10:00:00,3210.0,3210.0,3210.0,3210.0,1
2026-02-16 10:10:00,3215.5,3216.0,3215.5,3216.0,9
2026-02-16 10:20:00,3242.5,3262.5,3242.5,3262.5,4
2026-02-16 10:30:00,3240.0,3240.0,3231.0,3231.0,3
2026-02-16 10:40:00,3228.5,3236.5,3228.5,3234.5,47
2026-02-16 10:50:00,3225.0,3225.0,3224.5,3224.5,3
2026-02-16 11:00:00,3226.5,3226.5,3226.5,3226.5,1
2026-02-16 11:10:00,3220.5,3220.5,3220.0,3220.0,2
2026-02-16 11:40:00,3207.5,3207.5,3203.0,3203.0,5
2026-02-16 12:00:00,3207.0,3207.5,3206.5,3207.0,8
2026-02-16 12:10:00,3206.0,3209.0,3206.0,3209.0,3
2026-02-16 12:20:00,3206.0,3208.0,3206.0,3208.0,2
2026-02-16 12:40:00,3203.5,3203.5,3202.5,3202.5,2
2026-02-16 13:10:00,3203.5,3216.5,3203.5,3216.5,25
2026-02-16 13:20:00,3203.5,3203.5,3196.0,3196.0,12
2026-02-16 13:30:00,3186.5,3186.5,3186.5,3186.5,1
2026-02-16 14:10:00,3185.5,3185.5,3185.0,3185.0,3
2026-02-16 14:20:00,3190.0,3190.0,3183.5,3183.5,2
2026-02-16 14:30:00,3187.5,3189.0,3187.5,3189.0,2
2026-02-16 15:10:00,3183.0,3183.0,3182.0,3182.0,3
2026-02-16 15:20:00,3179.0,3179.0,3179.0,3179.0,3
2026-02-16 15:50:00,3169.0,3169.0,3168.0,3168.0,4
2026-02-16 16:00:00,3166.0,3166.0,3159.5,3165.5,5
2026-02-16 16:10:00,3159.5,3159.5,3159.5,3159.5,1
2026-02-16 16:20:00,3149.0,3149.0,3148.5,3149.0,4
2026-02-16 16:30:00,3157.5,3157.5,3157.5,3157.5,1
2026-02-16 16:50:00,3153.5,3153.5,3153.5,3153.5,2
2026-02-16 17:00:00,3153.5,3153.5,3153.5,3153.5,2
2026-02-16 17:20:00,3145.0,3145.0,3145.0,3145.0,1
2026-02-16 18:00:00,3156.5,3159.5,3156.5,3159.5,4
2026-02-16 18:20:00,3156.0,3156.0,3156.0,3156.0,1
2026-02-16 19:20:00,3157.0,3164.0,3157.0,3164.0,2
2026-02-16 19:40:00,3163.0,3166.0,3163.0,3166.0,3
2026-02-16 20:10:00,3157.0,3157.0,3157.0,3157.0,1
2026-02-16 20:30:00,3167.0,3168.0,3167.0,3168.0,4
2026-02-16 20:40:00,3168.0,3168.0,3168.0,3168.0,5
2026-02-16 21:40:00,3170.0,3177.5,3170.0,3177.5,6
2026-02-16 22:20:00,3166.0,3166.0,3165.5,3165.5,2
2026-02-16 23:40:00,3164.5,3164.5,3164.5,3164.5,9
2026-02-17 09:00:00,3164.0,3164.0,3105.0,3136.0,42
2026-02-17 09:10:00,3136.5,3136.5,3136.5,3136.5,2
2026-02-17 09:20:00,3136.5,3147.0,3136.5,3147.0,78
2026-02-17 09:30:00,3146.5,3146.5,3146.5,3146.5,1
2026-02-17 09:50:00,3145.5,3145.5,3145.5,3145.5,2
2026-02-17 10:00:00,3145.5,3145.5,3145.5,3145.5,3
2026-02-17 10:50:00,3152.5,3152.5,3152.5,3152.5,2
2026-02-17 11:00:00,3155.5,3160.5,3155.5,3160.5,3
2026-02-17 11:10:00,3163.5,3163.5,3163.5,3163.5,1
2026-02-17 11:20:00,3158.5,3158.5,3158.5,3158.5,2
2026-02-17 11:40:00,3149.5,3149.5,3147.0,3147.0,34
2026-02-17 12:00:00,3158.5,3158.5,3158.5,3158.5,6
2026-02-17 13:20:00,3155.0,3162.5,3155.0,3162.5,3
2026-02-17 13:40:00,3154.5,3157.5,3154.5,3157.5,2
2026-02-17 15:00:00,3159.5,3159.5,3159.5,3159.5,1
2026-02-17 15:20:00,3161.5,3161.5,3161.5,3161.5,2
2026-02-17 16:30:00,3147.5,3147.5,3147.5,3147.5,1
2026-02-17 16:40:00,3148.5,3152.5,3148.5,3152.5,24
2026-02-17 17:00:00,3140.5,3140.5,3133.5,3137.0,100
2026-02-17 17:10:00,3142.0,3142.0,3142.0,3142.0,1
2026-02-17 17:20:00,3149.5,3153.0,3149.5,3153.0,2
2026-02-17 17:30:00,3143.0,3148.5,3142.5,3148.5,18
2026-02-17 17:40:00,3149.5,3149.5,3149.5,3149.5,1
2026-02-17 17:50:00,3138.5,3139.0,3132.0,3132.0,218
2026-02-17 18:00:00,3130.5,3141.5,3130.5,3141.5,29
2026-02-17 18:10:00,3135.5,3135.5,3134.5,3134.5,3
2026-02-17 19:00:00,3149.5,3150.0,3149.5,3150.0,7
2026-02-17 19:30:00,3159.5,3159.5,3159.5,3159.5,1
2026-02-17 19:50:00,3165.5,3165.5,3165.5,3165.5,5
2026-02-17 20:20:00,3160.5,3160.5,3160.5,3160.5,1
2026-02-17 21:20:00,3157.0,3158.5,3157.0,3158.5,3
2026-02-17 23:30:00,3135.0,3135.0,3126.0,3126.5,3
2026-02-18 09:00:00,3162.0,3162.0,3162.0,3162.0,2
2026-02-18 09:20:00,3179.5,3180.5,3179.5,3180.5,2
2026-02-18 09:40:00,3186.0,3186.0,3186.0,3186.0,7
2026-02-18 10:30:00,3184.5,3184.5,3184.5,3184.5,5
2026-02-18 10:40:00,3184.5,3184.5,3184.5,3184.5,1
2026-02-18 11:00:00,3170.5,3179.0,3170.5,3179.0,11
2026-02-18 11:30:00,3167.5,3170.5,3167.5,3170.5,3
2026-02-18 11:50:00,3166.0,3166.0,3165.5,3165.5,8
2026-02-18 12:00:00,3161.0,3161.0,3160.5,3160.5,12
2026-02-18 13:10:00,3160.0,3160.5,3160.0,3160.5,14
2026-02-18 15:30:00,3179.0,3179.0,3179.0,3179.0,11
2026-02-18 15:50:00,3179.5,3179.5,3179.5,3179.5,1
2026-02-18 16:20:00,3181.5,3197.5,3181.5,3197.5,21
2026-02-18 16:30:00,3197.5,3197.5,3197.5,3197.5,2
2026-02-18 16:50:00,3197.5,3197.5,3197.5,3197.5,1
2026-02-18 17:10:00,3190.0,3190.0,3183.0,3183.0,20
2026-02-18 17:30:00,3195.5,3196.0,3195.5,3196.0,7
2026-02-18 17:40:00,3205.0,3225.5,3205.0,3225.5,25
2026-02-18 17:50:00,3231.0,3231.0,3231.0,3231.0,19
2026-02-18 18:10:00,3223.5,3223.5,3218.0,3218.0,5
2026-02-18 18:30:00,3217.0,3217.0,3217.0,3217.0,9
2026-02-18 19:10:00,3227.0,3238.0,3225.5,3238.0,5
2026-02-18 19:20:00,3229.0,3229.0,3229.0,3229.0,1
2026-02-18 19:50:00,3238.0,3238.0,3234.5,3234.5,12
2026-02-18 20:10:00,3240.5,3240.5,3240.5,3240.5,1
2026-02-18 21:10:00,3244.5,3244.5,3244.5,3244.5,1
2026-02-18 21:30:00,3237.0,3237.0,3237.0,3237.0,1
2026-02-19 09:10:00,3219.5,3224.5,3219.0,3224.5,5
2026-02-19 09:20:00,3227.5,3227.5,3227.5,3227.5,1
2026-02-19 09:50:00,3235.5,3236.5,3235.5,3236.5,3
2026-02-19 10:00:00,3252.5,3252.5,3242.5,3242.5,2
2026-02-19 11:20:00,3216.5,3216.5,3209.0,3209.5,15
2026-02-19 11:50:00,3233.0,3233.0,3233.0,3233.0,1
2026-02-19 13:30:00,3210.5,3211.0,3210.5,3210.5,3
2026-02-19 16:40:00,3196.5,3196.5,3196.5,3196.5,1
2026-02-19 17:30:00,3187.0,3187.0,3187.0,3187.0,1
2026-02-19 17:40:00,3184.0,3184.0,3184.0,3184.0,1
2026-02-19 18:40:00,3215.0,3222.5,3214.0,3222.5,15
2026-02-19 19:10:00,3215.5,3215.5,3215.5,3215.5,17
2026-02-19 19:20:00,3215.5,3215.5,3215.5,3215.5,2
2026-02-19 19:40:00,3215.5,3221.5,3215.5,3221.5,4
2026-02-19 20:00:00,3221.5,3221.5,3221.5,3221.5,3
2026-02-19 21:00:00,3221.5,3221.5,3221.5,3221.5,1
2026-02-19 22:00:00,3210.0,3219.0,3203.0,3203.0,30
2026-02-19 22:10:00,3205.0,3219.5,3201.5,3219.5,7
2026-02-19 22:20:00,3227.5,3227.5,3217.5,3217.5,5
2026-02-19 22:30:00,3219.5,3219.5,3207.5,3209.0,33
2026-02-19 22:50:00,3209.0,3209.0,3208.5,3208.5,5
2026-02-19 23:00:00,3212.0,3214.0,3212.0,3214.0,2
2026-02-19 23:30:00,3214.5,3214.5,3214.5,3214.5,2
2026-02-19 23:40:00,3219.0,3219.0,3219.0,3219.0,1
2026-02-20 09:00:00,3221.0,3221.0,3220.5,3220.5,24
2026-02-20 09:10:00,3229.5,3232.5,3229.5,3232.5,5
2026-02-20 09:30:00,3233.5,3233.5,3233.5,3233.5,19
2026-02-20 09:40:00,3228.5,3229.0,3228.5,3229.0,3
2026-02-20 09:50:00,3236.5,3237.0,3236.5,3237.0,3
2026-02-20 10:10:00,3237.5,3237.5,3237.5,3237.5,1
2026-02-20 10:30:00,3237.0,3237.0,3230.5,3230.5,2
2026-02-20 11:50:00,3229.0,3229.0,3227.5,3227.5,10
2026-02-20 12:00:00,3225.5,3225.5,3225.5,3225.5,1
2026-02-20 12:10:00,3233.0,3233.0,3233.0,3233.0,1
2026-02-20 12:40:00,3216.5,3216.5,3216.0,3216.0,15
2026-02-20 13:50:00,3216.5,3216.5,3216.5,3216.5,1
2026-02-20 14:40:00,3216.0,3216.0,3215.5,3215.5,11
2026-02-20 14:50:00,3215.5,3215.5,3215.5,3215.5,1
2026-02-20 15:30:00,3213.5,3218.0,3213.0,3218.0,4
2026-02-20 15:40:00,3219.0,3219.0,3219.0,3219.0,1
2026-02-20 15:50:00,3213.5,3213.5,3213.5,3213.5,4
2026-02-20 16:10:00,3214.0,3214.0,3214.0,3214.0,2
2026-02-20 17:40:00,3237.0,3237.5,3237.0,3237.5,17
2026-02-20 18:00:00,3243.5,3243.5,3243.5,3243.5,8
2026-02-20 18:10:00,3230.5,3230.5,3230.5,3230.5,1
2026-02-20 18:40:00,3251.5,3252.5,3251.5,3252.5,4
2026-02-20 19:10:00,3265.0,3265.0,3265.0,3265.0,3
2026-02-20 19:20:00,3250.0,3250.0,3250.0,3250.0,4
2026-02-20 19:30:00,3250.0,3250.0,3250.0,3250.0,1
2026-02-20 19:40:00,3257.0,3257.0,3257.0,3257.0,1
2026-02-20 19:50:00,3257.0,3265.5,3257.0,3265.5,2
2026-02-20 20:30:00,3251.0,3251.5,3251.0,3251.5,2
2026-02-20 21:00:00,3257.0,3268.0,3257.0,3268.0,12
2026-02-20 21:30:00,3253.0,3253.0,3253.0,3253.0,2
2026-02-21 10:20:00,3263.0,3266.5,3214.0,3229.0,41
2026-02-21 10:30:00,3227.5,3229.5,3226.5,3226.5,5
2026-02-21 10:40:00,3225.0,3226.5,3224.5,3225.5,19
2026-02-21 10:50:00,3225.5,3226.5,3225.5,3226.5,3
2026-02-21 11:10:00,3220.5,3229.0,3220.5,3227.5,12
2026-02-21 11:20:00,3228.0,3228.0,3228.0,3228.0,1
2026-02-21 11:40:00,3226.0,3226.5,3225.5,3226.0,8
2026-02-21 11:50:00,3228.5,3228.5,3228.5,3228.5,3
2026-02-21 12:00:00,3234.5,3235.5,3218.0,3229.0,27
2026-02-21 14:30:00,3226.5,3226.5,3226.5,3226.5,1
2026-02-21 16:50:00,3226.0,3226.0,3226.0,3226.0,1
2026-02-21 17:00:00,3223.5,3223.5,3223.5,3223.5,1
2026-02-22 11:00:00,3239.0,3239.0,3239.0,3239.0,1
2026-02-22 14:30:00,3214.0,3214.0,3213.5,3213.5,5
2026-02-22 14:40:00,3200.0,3201.5,3200.0,3201.5,2
2026-02-22 14:50:00,3214.0,3214.0,3214.0,3214.0,1
2026-02-23 09:50:00,3239.5,3239.5,3239.5,3239.5,3
2026-02-23 10:10:00,3225.5,3225.5,3225.5,3225.5,1
2026-02-23 10:20:00,3239.0,3243.0,3239.0,3242.0,57
2026-02-23 10:30:00,3255.0,3255.0,3255.0,3255.0,1
2026-02-23 10:50:00,3254.5,3255.5,3254.5,3255.5,2
2026-02-23 11:00:00,3254.5,3254.5,3254.5,3254.5,2
2026-02-23 11:10:00,3247.0,3247.0,3247.0,3247.0,1
2026-02-23 12:10:00,3247.5,3247.5,3247.5,3247.5,1
2026-02-23 13:10:00,3246.5,3246.5,3246.5,3246.5,1
2026-02-23 13:40:00,3237.5,3237.5,3237.5,3237.5,1
2026-02-23 14:10:00,3236.0,3236.0,3229.0,3229.0,5
2026-02-23 14:20:00,3232.0,3232.0,3228.5,3228.5,5
2026-02-23 14:40:00,3231.5,3231.5,3231.5,3231.5,1
2026-02-23 17:30:00,3246.0,3246.0,3238.0,3238.0,2
2026-02-23 17:50:00,3245.0,3245.0,3245.0,3245.0,1
2026-02-23 18:00:00,3240.5,3240.5,3240.5,3240.5,1
2026-02-23 18:20:00,3243.5,3243.5,3243.5,3243.5,1
2026-02-23 18:40:00,3240.0,3240.0,3240.0,3240.0,39
2026-02-24 09:00:00,3273.5,3298.5,3263.0,3298.5,22
2026-02-24 09:20:00,3287.0,3287.0,3287.0,3287.0,1
2026-02-24 09:40:00,3285.5,3285.5,3285.5,3285.5,5
2026-02-24 09:50:00,3278.5,3282.5,3276.5,3282.5,23
2026-02-24 10:30:00,3277.0,3277.0,3277.0,3277.0,1
2026-02-24 11:00:00,3269.5,3271.5,3269.5,3271.0,21
2026-02-24 11:10:00,3277.0,3277.0,3275.5,3275.5,2
2026-02-24 11:20:00,3270.0,3270.0,3270.0,3270.0,1
2026-02-24 11:30:00,3266.5,3266.5,3263.0,3265.5,14
2026-02-24 11:50:00,3259.0,3259.0,3259.0,3259.0,8
2026-02-24 12:10:00,3258.5,3258.5,3258.5,3258.5,1
2026-02-24 12:20:00,3244.0,3244.0,3244.0,3244.0,2
2026-02-24 12:50:00,3253.5,3253.5,3253.5,3253.5,2
2026-02-24 13:00:00,3248.5,3248.5,3248.5,3248.5,8
2026-02-24 13:20:00,3241.0,3241.0,3240.0,3240.0,40
2026-02-24 15:00:00,3240.0,3240.0,3240.0,3240.0,1
2026-02-24 16:00:00,3264.5,3264.5,3264.5,3264.5,1
2026-02-24 16:30:00,3260.5,3260.5,3260.5,3260.5,2
2026-02-24 17:00:00,3243.5,3253.5,3243.0,3253.5,3
2026-02-24 17:20:00,3243.0,3243.0,3243.0,3243.0,1
2026-02-24 17:30:00,3248.5,3248.5,3248.5,3248.5,1
2026-02-24 17:50:00,3257.0,3257.5,3257.0,3257.5,17
2026-02-24 19:10:00,3259.0,3259.0,3259.0,3259.0,45
2026-02-24 19:20:00,3241.0,3241.0,3241.0,3241.0,25
2026-02-24 21:10:00,3264.5,3264.5,3264.5,3264.5,1
2026-02-24 21:50:00,3248.5,3249.5,3248.5,3249.5,17
2026-02-24 23:40:00,3246.0,3246.0,3246.0,3246.0,1
2026-02-25 09:00:00,3280.0,3286.0,3280.0,3284.0,13
2026-02-25 09:20:00,3274.5,3274.5,3264.0,3264.0,27
2026-02-25 09:50:00,3266.5,3266.5,3266.5,3266.5,1
2026-02-25 10:10:00,3280.0,3280.0,3280.0,3280.0,2
2026-02-25 11:00:00,3277.0,3277.0,3277.0,3277.0,13
2026-02-25 11:10:00,3279.5,3281.0,3279.5,3281.0,17
2026-02-25 11:20:00,3283.5,3283.5,3283.5,3283.5,1
2026-02-25 12:40:00,3281.5,3282.0,3281.5,3282.0,10
2026-02-25 13:10:00,3275.5,3275.5,3275.5,3275.5,1
2026-02-25 14:00:00,3249.0,3249.0,3248.5,3248.5,5
2026-02-25 14:10:00,3252.5,3252.5,3245.5,3245.5,11
2026-02-25 15:00:00,3253.0,3253.0,3253.0,3253.0,1
2026-02-25 15:30:00,3257.0,3261.5,3255.5,3255.5,8
2026-02-25 15:40:00,3251.0,3257.0,3250.5,3255.5,29
2026-02-25 16:20:00,3256.0,3256.0,3250.5,3250.5,9
2026-02-25 16:40:00,3247.5,3247.5,3247.5,3247.5,1
2026-02-25 17:30:00,3240.0,3245.0,3231.5,3238.0,9
2026-02-25 19:30:00,3262.5,3262.5,3262.5,3262.5,1
2026-02-25 19:40:00,3267.0,3267.0,3267.0,3267.0,1
2026-02-25 20:00:00,3256.5,3260.5,3256.5,3260.5,12
2026-02-25 20:50:00,3260.0,3260.0,3260.0,3260.0,12
2026-02-25 21:00:00,3260.0,3260.0,3260.0,3260.0,6
2026-02-25 21:20:00,3260.5,3260.5,3260.5,3260.5,1
2026-02-25 21:40:00,3257.5,3257.5,3257.5,3257.5,1
2026-02-25 21:50:00,3255.0,3255.0,3253.5,3253.5,26
2026-02-25 22:00:00,3252.5,3252.5,3252.5,3252.5,1
2026-02-25 22:10:00,3252.5,3252.5,3252.5,3252.5,1
2026-02-25 23:20:00,3265.0,3307.5,3232.0,3296.0,11
2026-02-25 23:30:00,3285.5,3285.5,3285.5,3285.5,1
2026-02-26 09:10:00,3240.5,3241.0,3240.5,3241.0,2
2026-02-26 09:30:00,3248.0,3248.0,3248.0,3248.0,1
2026-02-26 10:50:00,3240.5,3240.5,3236.5,3236.5,4
2026-02-26 11:00:00,3235.5,3235.5,3233.5,3233.5,25
2026-02-26 11:10:00,3230.5,3230.5,3230.0,3230.0,2
2026-02-26 11:50:00,3227.0,3227.0,3227.0,3227.0,1
2026-02-26 12:10:00,3225.0,3225.0,3225.0,3225.0,1
2026-02-26 12:40:00,3223.0,3225.0,3223.0,3225.0,21
2026-02-26 14:50:00,3221.5,3221.5,3220.5,3220.5,50
2026-02-26 16:00:00,3242.0,3242.0,3236.5,3236.5,10
2026-02-26 16:40:00,3243.0,3251.0,3242.5,3243.0,10
2026-02-26 16:50:00,3250.5,3251.0,3250.0,3250.0,4
2026-02-26 19:40:00,3258.0,3260.0,3258.0,3259.5,8
2026-02-26 20:20:00,3251.0,3251.5,3250.5,3250.5,11
2026-02-27 09:40:00,3251.0,3264.5,3250.5,3264.5,12
2026-02-27 10:10:00,3253.0,3253.0,3253.0,3253.0,1
2026-02-27 10:40:00,3254.5,3254.5,3254.5,3254.5,2
2026-02-27 11:00:00,3260.0,3260.0,3260.0,3260.0,1
2026-02-27 11:40:00,3246.0,3246.0,3246.0,3246.0,2
2026-02-27 11:50:00,3260.0,3262.5,3257.0,3257.0,3
2026-02-27 13:50:00,3227.5,3227.5,3227.5,3227.5,17
2026-02-27 15:00:00,3228.0,3228.0,3227.0,3227.0,3
2026-02-27 15:10:00,3227.5,3227.5,3227.5,3227.5,1
2026-02-27 15:30:00,3238.0,3238.0,3238.0,3238.0,1
2026-02-27 15:40:00,3225.5,3225.5,3225.5,3225.5,1
2026-02-27 16:00:00,3225.5,3225.5,3223.5,3223.5,5
2026-02-27 16:30:00,3226.5,3226.5,3219.0,3221.0,20
2026-02-27 16:40:00,3220.5,3220.5,3213.5,3213.5,62
2026-02-27 17:00:00,3212.5,3215.0,3212.5,3215.0,11
2026-02-27 17:10:00,3215.0,3217.5,3215.0,3217.5,4
2026-02-27 17:40:00,3214.0,3214.0,3214.0,3214.0,1
2026-02-27 18:00:00,3201.5,3205.5,3201.5,3205.5,3
2026-02-27 18:10:00,3212.0,3214.5,3206.0,3206.0,4
2026-02-27 18:30:00,3205.5,3205.5,3205.5,3205.5,1
2026-02-27 19:10:00,3211.5,3211.5,3211.5,3211.5,1
2026-02-27 19:20:00,3205.5,3205.5,3205.5,3205.5,1
2026-02-27 19:30:00,3206.5,3207.0,3191.5,3191.5,21
2026-02-27 19:50:00,3204.0,3205.0,3201.0,3204.5,28
2026-02-27 20:00:00,3201.0,3201.0,3200.5,3200.5,11
2026-02-27 20:10:00,3193.0,3193.0,3191.0,3191.0,8
2026-02-27 20:20:00,3199.5,3201.0,3199.5,3199.5,3
2026-02-27 20:30:00,3200.0,3200.0,3200.0,3200.0,1
2026-02-27 20:40:00,3200.0,3200.0,3194.5,3194.5,7
2026-02-27 21:00:00,3200.5,3200.5,3196.5,3196.5,3
2026-02-27 21:10:00,3196.5,3197.5,3196.5,3197.5,44
2026-02-27 21:20:00,3193.5,3193.5,3193.5,3193.5,1
2026-02-27 22:00:00,3193.5,3193.5,3193.5,3193.5,1
2026-02-27 22:20:00,3218.5,3221.0,3218.5,3221.0,2
2026-02-27 22:30:00,3192.0,3192.0,3192.0,3192.0,2
2026-02-27 22:50:00,3192.0,3192.0,3192.0,3192.0,2
2026-02-27 23:00:00,3220.0,3220.0,3220.0,3220.0,1
2026-02-28 10:00:00,3191.5,3191.5,3182.5,3182.5,5
2026-02-28 10:20:00,3174.5,3174.5,3174.5,3174.5,3
2026-02-28 10:50:00,3218.5,3218.5,3218.5,3218.5,1
2026-02-28 11:40:00,3217.5,3217.5,3191.5,3191.5,2
2026-02-28 12:00:00,3198.5,3198.5,3190.5,3190.5,9
2026-02-28 12:10:00,3189.0,3189.0,3189.0,3189.0,1
2026-02-28 12:30:00,3218.0,3230.5,3217.0,3217.0,16
2026-02-28 12:50:00,3216.5,3216.5,3216.5,3216.5,10
2026-02-28 13:10:00,3192.0,3216.0,3191.5,3216.0,19
2026-02-28 13:30:00,3215.0,3216.5,3215.0,3216.5,18
2026-02-28 13:50:00,3207.0,3207.0,3207.0,3207.0,2
2026-02-28 14:00:00,3227.5,3227.5,3227.5,3227.5,1
2026-02-28 14:10:00,3227.5,3228.0,3227.5,3228.0,5
2026-02-28 14:30:00,3226.5,3226.5,3226.5,3226.5,2
2026-02-28 15:40:00,3204.5,3204.5,3204.5,3204.5,4
2026-02-28 16:10:00,3203.0,3203.0,3201.5,3201.5,5
2026-02-28 17:50:00,3212.0,3212.0,3212.0,3212.0,1
2026-02-28 18:00:00,3212.0,3216.5,3212.0,3216.5,4
2026-02-28 18:10:00,3216.5,3225.5,3216.5,3225.5,4
2026-02-28 18:40:00,3224.5,3224.5,3224.5,3224.5,1
2026-03-01 10:30:00,3224.5,3224.5,3224.5,3224.5,1
2026-03-01 14:10:00,3230.5,3230.5,3230.5,3230.5,1
2026-03-01 15:10:00,3230.0,3231.0,3230.0,3231.0,8
2026-03-01 15:20:00,3241.5,3244.5,3241.5,3244.5,18
2026-03-01 17:40:00,3241.5,3241.5,3241.5,3241.5,1
2026-03-01 18:50:00,3244.0,3244.5,3241.5,3241.5,20
2026-03-02 09:00:00,3241.5,3244.5,3231.5,3244.5,5
2026-03-02 11:10:00,3227.0,3227.0,3216.5,3216.5,31
2026-03-02 11:20:00,3212.0,3212.0,3212.0,3212.0,1
2026-03-02 11:30:00,3226.0,3226.0,3212.0,3212.0,3
2026-03-02 13:10:00,3241.0,3241.0,3222.5,3222.5,2
2026-03-02 15:40:00,3243.5,3243.5,3243.5,3243.5,1
2026-03-02 15:50:00,3243.0,3243.0,3243.0,3243.0,1
2026-03-02 16:00:00,3244.0,3244.0,3244.0,3244.0,3
2026-03-02 16:10:00,3243.5,3243.5,3243.5,3243.5,1
2026-03-02 16:20:00,3243.5,3243.5,3243.5,3243.5,1
2026-03-02 17:20:00,3228.0,3228.0,3228.0,3228.0,1
2026-03-02 17:50:00,3233.5,3233.5,3233.5,3233.5,1
2026-03-02 18:00:00,3232.0,3232.0,3232.0,3232.0,1
2026-03-02 19:10:00,3227.5,3227.5,3223.5,3223.5,2
2026-03-02 19:30:00,3212.0,3212.0,3206.5,3206.5,4
2026-03-02 20:00:00,3201.5,3201.5,3201.5,3201.5,1
2026-03-02 20:10:00,3196.5,3214.0,3179.0,3214.0,16
2026-03-03 09:00:00,3200.5,3206.0,3181.5,3181.5,6
2026-03-03 09:10:00,3177.5,3177.5,3177.5,3177.5,4
2026-03-03 09:50:00,3179.5,3197.0,3179.5,3197.0,2
2026-03-03 10:40:00,3199.0,3199.0,3199.0,3199.0,2
2026-03-03 11:00:00,3179.5,3179.5,3171.5,3171.5,24
2026-03-03 11:40:00,3166.5,3166.5,3164.5,3164.5,2
2026-03-03 11:50:00,3161.5,3165.0,3161.5,3165.0,2
2026-03-03 12:00:00,3168.0,3168.0,3168.0,3168.0,1
2026-03-03 12:20:00,3156.5,3156.5,3156.5,3156.5,1
2026-03-03 15:30:00,3186.5,3186.5,3186.5,3186.5,1
2026-03-03 15:40:00,3176.5,3176.5,3175.5,3175.5,8
2026-03-03 16:20:00,3175.5,3175.5,3175.5,3175.5,1
2026-03-03 18:00:00,3163.5,3163.5,3163.5,3163.5,1
2026-03-03 19:10:00,3187.5,3206.5,3176.5,3176.5,8
2026-03-03 19:20:00,3171.5,3171.5,3166.5,3166.5,2
2026-03-03 19:30:00,3161.5,3161.5,3161.5,3161.5,1
2026-03-03 19:40:00,3161.5,3161.5,3161.5,3161.5,1
2026-03-03 23:00:00,3191.5,3221.5,3191.5,3221.5,10
2026-03-03 23:10:00,3191.5,3191.5,3181.5,3181.5,3
2026-03-04 09:00:00,3177.0,3193.5,3171.5,3193.5,4
2026-03-04 09:30:00,3201.5,3201.5,3201.5,3201.5,2
2026-03-04 10:40:00,3206.5,3206.5,3206.5,3206.5,1
2026-03-04 11:30:00,3183.0,3183.0,3183.0,3183.0,1
2026-03-04 11:50:00,3176.5,3176.5,3171.5,3171.5,5
2026-03-04 14:30:00,3201.5,3201.5,3201.5,3201.5,1
2026-03-04 14:40:00,3206.5,3206.5,3206.5,3206.5,1
2026-03-04 15:00:00,3211.5,3211.5,3211.5,3211.5,1
2026-03-04 17:50:00,3211.5,3211.5,3211.5,3211.5,1
2026-03-04 18:20:00,3211.5,3211.5,3211.5,3211.5,1
2026-03-04 19:00:00,3211.5,3211.5,3211.5,3211.5,2
2026-03-04 19:30:00,3211.5,3211.5,3211.5,3211.5,6
2026-03-04 22:30:00,3216.5,3216.5,3216.5,3216.5,1
2026-03-05 12:10:00,3188.0,3188.0,3188.0,3188.0,2
2026-03-05 14:20:00,3183.5,3183.5,3181.5,3181.5,2
2026-03-05 15:30:00,3181.5,3181.5,3181.5,3181.5,3
2026-03-05 16:20:00,3176.5,3176.5,3166.5,3166.5,3
2026-03-05 18:40:00,3161.5,3161.5,3151.5,3151.5,5
2026-03-05 19:10:00,3151.5,3151.5,3151.5,3151.5,1
2026-03-05 19:20:00,3151.5,3157.5,3151.5,3157.5,2
2026-03-05 19:30:00,3151.5,3159.5,3151.5,3159.5,5
2026-03-05 19:50:00,3151.5,3151.5,3144.5,3144.5,9
2026-03-05 21:10:00,3163.5,3163.5,3163.5,3163.5,1
2026-03-05 22:00:00,3171.5,3175.5,3171.5,3175.5,2
2026-03-05 22:20:00,3176.5,3193.5,3176.5,3193.5,5
2026-03-05 22:30:00,3161.5,3161.5,3156.5,3156.5,2
2026-03-05 23:00:00,3151.5,3195.0,3151.5,3195.0,7
2026-03-05 23:10:00,3161.5,3161.5,3161.5,3161.5,1
2026-03-05 23:40:00,3158.5,3158.5,3156.5,3156.5,2
2026-03-06 09:10:00,3185.5,3191.5,3185.5,3191.5,5
2026-03-06 09:30:00,3161.5,3161.5,3156.5,3156.5,3
2026-03-06 11:30:00,3175.5,3175.5,3175.5,3175.5,1
2026-03-06 12:30:00,3175.5,3175.5,3175.5,3175.5,1
2026-03-06 14:30:00,3151.5,3151.5,3151.5,3151.5,1
2026-03-06 15:00:00,3146.5,3146.5,3141.5,3141.5,57
2026-03-06 15:30:00,3170.5,3170.5,3170.5,3170.5,1
2026-03-06 16:30:00,3142.0,3142.0,3142.0,3142.0,1
2026-03-06 19:00:00,3171.5,3171.5,3171.5,3171.5,1
2026-03-06 19:10:00,3175.5,3175.5,3175.5,3175.5,1
2026-03-06 19:20:00,3176.5,3177.5,3176.5,3177.5,2
2026-03-06 19:40:00,3181.5,3181.5,3181.5,3181.5,1
2026-03-06 20:30:00,3186.5,3201.5,3186.5,3201.5,6
2026-03-06 20:40:00,3201.5,3201.5,3201.5,3201.5,6
2026-03-06 20:50:00,3211.5,3211.5,3211.5,3211.5,1
2026-03-06 22:10:00,3216.5,3216.5,3216.5,3216.5,3
2026-03-06 22:40:00,3221.5,3221.5,3221.5,3221.5,1
2026-03-06 23:00:00,3216.5,3216.5,3216.5,3216.5,1
2026-03-09 09:30:00,3191.5,3191.5,3191.5,3191.5,2
2026-03-09 12:00:00,3216.5,3216.5,3216.5,3216.5,23
2026-03-09 12:10:00,3221.5,3221.5,3221.5,3221.5,1
2026-03-09 12:20:00,3224.0,3226.5,3224.0,3226.5,3
2026-03-09 12:30:00,3228.5,3228.5,3228.5,3228.5,4
2026-03-09 13:00:00,3196.5,3196.5,3196.5,3196.5,2
2026-03-09 13:10:00,3226.0,3228.5,3226.0,3228.5,6
2026-03-09 19:20:00,3196.5,3196.5,3196.5,3196.5,1
2026-03-09 19:40:00,3191.5,3191.5,3146.0,3146.0,21
2026-03-09 20:50:00,3200.0,3200.0,3200.0,3200.0,5
2026-03-10 09:00:00,3176.5,3176.5,3176.5,3176.5,1
2026-03-10 10:20:00,3176.5,3176.5,3172.0,3172.0,3
2026-03-10 11:10:00,3203.0,3203.5,3203.0,3203.5,72
2026-03-10 12:50:00,3206.5,3211.5,3206.5,3211.5,11
2026-03-10 13:30:00,3216.5,3216.5,3216.5,3216.5,1
2026-03-10 15:30:00,3216.5,3216.5,3216.5,3216.5,1
2026-03-10 16:20:00,3216.5,3216.5,3216.5,3216.5,2
2026-03-10 16:50:00,3216.5,3216.5,3216.5,3216.5,1
2026-03-10 20:20:00,3200.5,3201.5,3186.5,3186.5,3
2026-03-10 20:30:00,3214.5,3214.5,3214.5,3214.5,1
2026-03-10 20:40:00,3182.0,3182.0,3181.5,3181.5,2
2026-03-10 21:20:00,3177.0,3177.0,3177.0,3177.0,1
2026-03-10 22:00:00,3211.0,3211.0,3211.0,3211.0,1
2026-03-11 12:00:00,3177.0,3191.5,3176.5,3191.5,3
2026-03-11 16:30:00,3189.5,3189.5,3189.5,3189.5,3
2026-03-11 19:10:00,3194.0,3194.0,3194.0,3194.0,1
2026-03-11 19:30:00,3179.5,3179.5,3179.5,3179.5,1
2026-03-12 09:40:00,3203.0,3206.5,3203.0,3206.5,4
2026-03-12 10:30:00,3206.0,3216.5,3206.0,3216.0,59
2026-03-12 10:50:00,3221.5,3226.5,3221.5,3226.5,2
2026-03-12 11:10:00,3215.5,3215.5,3215.5,3215.5,4
2026-03-12 11:30:00,3216.0,3216.0,3215.5,3215.5,18
2026-03-12 11:40:00,3215.5,3215.5,3215.5,3215.5,20
2026-03-12 12:30:00,3215.5,3215.5,3215.5,3215.5,6
2026-03-12 13:10:00,3220.5,3220.5,3220.5,3220.5,1
2026-03-12 14:20:00,3230.0,3230.0,3215.5,3215.5,2
2026-03-12 14:40:00,3216.5,3216.5,3215.5,3215.5,3
2026-03-12 15:20:00,3218.5,3218.5,3218.5,3218.5,1
2026-03-12 15:30:00,3215.5,3215.5,3215.5,3215.5,2
2026-03-12 16:10:00,3215.5,3215.5,3215.5,3215.5,1
2026-03-12 16:20:00,3230.0,3230.0,3230.0,3230.0,1
2026-03-12 17:00:00,3217.0,3217.0,3217.0,3217.0,1
2026-03-12 18:00:00,3229.0,3229.0,3229.0,3229.0,1
2026-03-12 19:20:00,3217.5,3217.5,3216.0,3216.0,3
2026-03-12 19:30:00,3216.0,3216.0,3186.5,3186.5,5
2026-03-12 19:40:00,3186.5,3186.5,3186.5,3186.5,1
2026-03-12 20:10:00,3216.0,3216.0,3216.0,3216.0,1
2026-03-12 20:30:00,3216.0,3216.0,3216.0,3216.0,1
2026-03-12 20:40:00,3221.0,3221.0,3221.0,3221.0,1
2026-03-12 20:50:00,3190.0,3190.0,3190.0,3190.0,1
2026-03-12 21:50:00,3221.0,3223.5,3221.0,3223.5,3
2026-03-12 22:30:00,3222.5,3222.5,3222.5,3222.5,1
2026-03-13 09:30:00,3192.0,3192.0,3181.5,3181.5,5
2026-03-13 09:40:00,3210.5,3222.5,3181.5,3181.5,10
2026-03-13 10:20:00,3210.0,3210.0,3210.0,3210.0,1
2026-03-13 11:10:00,3202.0,3202.0,3201.5,3201.5,2
2026-03-13 11:20:00,3201.5,3201.5,3201.5,3201.5,1
2026-03-13 12:00:00,3202.0,3202.0,3201.5,3201.5,20
2026-03-13 12:10:00,3210.0,3211.5,3210.0,3211.5,4
2026-03-13 13:10:00,3216.0,3216.0,3216.0,3216.0,3
2026-03-13 13:40:00,3216.5,3216.5,3216.5,3216.5,1
2026-03-13 14:10:00,3216.0,3216.0,3202.0,3202.0,5
2026-03-13 14:40:00,3216.0,3228.5,3216.0,3228.5,5
2026-03-13 15:00:00,3228.5,3228.5,3228.5,3228.5,1
2026-03-13 15:40:00,3202.0,3202.0,3201.5,3201.5,680
2026-03-13 16:10:00,3197.0,3197.0,3197.0,3197.0,1
2026-03-13 17:10:00,3197.0,3197.0,3196.5,3196.5,4
2026-03-13 17:20:00,3196.5,3196.5,3181.5,3181.5,5
2026-03-13 17:30:00,3177.5,3177.5,3146.5,3146.5,44
2026-03-13 17:40:00,3158.5,3158.5,3155.0,3155.0,26
2026-03-13 17:50:00,3154.0,3154.0,3154.0,3154.0,5
2026-03-13 18:00:00,3151.0,3151.0,3149.5,3149.5,2
2026-03-13 18:10:00,3153.5,3153.5,3153.5,3153.5,5
2026-03-13 18:40:00,3153.5,3153.5,3153.5,3153.5,7
2026-03-13 19:00:00,3146.5,3146.5,3145.5,3145.5,2
2026-03-13 19:40:00,3150.5,3150.5,3150.5,3150.5,10
2026-03-13 20:10:00,3141.5,3149.5,3141.5,3149.5,3
2026-03-13 20:30:00,3148.5,3148.5,3148.5,3148.5,20
2026-03-13 22:00:00,3142.5,3156.0,3142.5,3156.0,2
2026-03-13 22:10:00,3143.0,3143.0,3143.0,3143.0,1
2026-03-13 22:30:00,3142.5,3142.5,3142.5,3142.5,1
2026-03-14 10:10:00,3171.5,3186.5,3171.5,3186.5,5
2026-03-14 15:10:00,3189.0,3189.0,3156.5,3156.5,2
2026-03-14 17:20:00,3156.5,3156.5,3156.5,3156.5,1
2026-03-14 17:50:00,3152.0,3152.0,3152.0,3152.0,1
2026-03-15 10:10:00,3160.5,3160.5,3160.5,3160.5,1
2026-03-15 11:40:00,3185.0,3185.5,3185.0,3185.5,2
2026-03-16 09:00:00,3152.5,3152.5,3129.0,3136.5,21
2026-03-16 09:10:00,3135.5,3135.5,3135.5,3135.5,1
2026-03-16 09:30:00,3133.5,3133.5,3131.5,3131.5,11
2026-03-16 09:40:00,3132.0,3132.0,3132.0,3132.0,11
2026-03-16 09:50:00,3128.5,3128.5,3128.5,3128.5,1
2026-03-16 10:00:00,3126.5,3126.5,3121.5,3122.5,5
2026-03-16 10:20:00,3121.0,3121.0,3119.0,3119.0,5
2026-03-16 10:40:00,3116.5,3116.5,3111.5,3111.5,2
2026-03-16 11:40:00,3116.0,3117.5,3112.5,3117.5,5
2026-03-16 11:50:00,3113.0,3113.0,3113.0,3113.0,1
2026-03-16 12:00:00,3124.0,3124.0,3122.0,3122.0,4
2026-03-16 12:10:00,3125.0,3125.0,3125.0,3125.0,100
2026-03-16 12:30:00,3122.5,3122.5,3122.5,3122.5,10
2026-03-16 13:00:00,3120.0,3120.0,3120.0,3120.0,3
2026-03-16 14:00:00,3124.5,3124.5,3124.5,3124.5,1
2026-03-16 14:20:00,3127.5,3127.5,3126.5,3126.5,3
2026-03-16 15:40:00,3141.5,3146.5,3141.5,3146.5,5
2026-03-16 16:00:00,3138.5,3138.5,3138.5,3138.5,2
2026-03-16 16:50:00,3146.0,3146.0,3146.0,3146.0,1
2026-03-16 18:40:00,3151.5,3167.5,3151.5,3167.5,20
2026-03-17 10:00:00,3140.0,3140.0,3111.5,3120.0,244
2026-03-17 10:30:00,3123.5,3123.5,3123.5,3123.5,2
2026-03-17 10:40:00,3111.5,3111.5,3111.5,3111.5,2
2026-03-17 10:50:00,3111.5,3111.5,3111.5,3111.5,1
2026-03-17 11:10:00,3106.5,3106.5,3106.5,3106.5,10
2026-03-17 11:20:00,3112.5,3112.5,3112.5,3112.5,100
2026-03-17 11:30:00,3112.5,3112.5,3112.5,3112.5,12
2026-03-17 11:40:00,3124.0,3124.0,3124.0,3124.0,1
2026-03-17 11:50:00,3120.5,3120.5,3120.5,3120.5,3
2026-03-17 12:00:00,3110.0,3114.0,3109.0,3114.0,102
2026-03-17 12:10:00,3103.5,3103.5,3101.5,3101.5,43
2026-03-17 12:30:00,3099.5,3099.5,3086.5,3086.5,8
2026-03-17 12:40:00,3086.5,3089.0,3081.5,3089.0,104
2026-03-17 12:50:00,3085.5,3086.5,3085.5,3086.5,100
2026-03-17 13:00:00,3086.5,3087.0,3072.0,3072.0,28
2026-03-17 13:10:00,3075.5,3083.5,3075.5,3083.5,468
2026-03-17 13:30:00,3082.0,3082.0,3082.0,3082.0,6
2026-03-17 13:50:00,3079.5,3079.5,3076.5,3076.5,3
2026-03-17 14:00:00,3079.5,3079.5,3076.5,3076.5,2
2026-03-17 14:10:00,3081.5,3081.5,3081.5,3081.5,100
2026-03-17 14:30:00,3087.0,3087.0,3084.5,3084.5,2
2026-03-17 14:40:00,3085.5,3085.5,3085.5,3085.5,4
2026-03-17 14:50:00,3085.0,3085.0,3085.0,3085.0,1
2026-03-17 16:20:00,3090.5,3090.5,3090.5,3090.5,1
2026-03-17 16:30:00,3085.0,3085.0,3085.0,3085.0,5
2026-03-17 16:40:00,3085.0,3085.0,3085.0,3085.0,1
2026-03-17 16:50:00,3092.5,3092.5,3092.5,3092.5,11
2026-03-17 17:40:00,3083.0,3083.0,3083.0,3083.0,1
2026-03-17 18:30:00,3073.5,3073.5,3073.5,3073.5,1
2026-03-17 19:00:00,3086.0,3086.0,3086.0,3086.0,2
2026-03-17 19:10:00,3084.0,3084.0,3076.5,3076.5,4
2026-03-17 21:00:00,3079.5,3090.5,3079.5,3090.5,2
2026-03-17 21:30:00,3091.0,3091.0,3079.0,3079.0,3
2026-03-17 22:10:00,3086.5,3086.5,3086.5,3086.5,1
2026-03-17 22:20:00,3080.0,3080.0,3079.5,3079.5,2
2026-03-17 23:00:00,3093.5,3095.0,3093.5,3095.0,3
2026-03-17 23:10:00,3094.5,3094.5,3094.5,3094.5,1
2026-03-17 23:40:00,3095.0,3101.5,3095.0,3101.5,7
2026-03-18 09:00:00,3080.0,3080.0,3071.5,3071.5,8
2026-03-18 09:10:00,3071.5,3071.5,3071.5,3071.5,2
2026-03-18 10:00:00,3068.0,3068.0,3066.5,3066.5,3
2026-03-18 10:10:00,3064.5,3064.5,3062.5,3062.5,2
2026-03-18 10:20:00,3064.5,3064.5,3064.5,3064.5,1
2026-03-18 10:30:00,3062.5,3062.5,3061.5,3061.5,5
2026-03-18 10:50:00,3064.5,3064.5,3064.5,3064.5,6
2026-03-18 11:30:00,3064.5,3064.5,3064.5,3064.5,1
2026-03-18 12:00:00,3061.5,3061.5,3051.5,3051.5,11
2026-03-18 12:20:00,3055.0,3055.0,3055.0,3055.0,2
2026-03-18 12:30:00,3051.5,3051.5,3036.5,3036.5,7
2026-03-18 12:40:00,3036.5,3036.5,3036.5,3036.5,1
2026-03-18 12:50:00,3031.5,3031.5,3025.0,3025.0,6
2026-03-18 13:10:00,3056.5,3056.5,3056.5,3056.5,1
2026-03-18 14:30:00,3053.5,3053.5,3053.5,3053.5,1
2026-03-18 14:50:00,3031.0,3031.0,3030.5,3030.5,2
2026-03-18 15:20:00,3030.0,3030.0,3028.5,3028.5,7
2026-03-18 15:50:00,3030.0,3031.0,3021.5,3031.0,17
2026-03-18 16:00:00,3021.5,3021.5,3001.5,3001.5,29
2026-03-18 16:10:00,2996.5,2996.5,2960.5,2960.5,48
2026-03-18 16:20:00,2971.5,2971.5,2919.5,2956.5,21
2026-03-18 16:30:00,2959.5,2959.5,2959.5,2959.5,2
2026-03-18 16:40:00,2959.5,2975.5,2959.5,2975.5,12
2026-03-18 16:50:00,2976.5,2978.0,2976.5,2978.0,2
2026-03-18 17:00:00,2978.0,2978.0,2978.0,2978.0,1
2026-03-18 17:30:00,2978.0,2995.0,2978.0,2995.0,10
2026-03-18 18:00:00,2985.5,2985.5,2980.5,2980.5,2
2026-03-18 19:00:00,2993.5,2994.5,2941.5,2946.5,15
2026-03-18 19:10:00,2976.0,2980.0,2976.0,2980.0,3
2026-03-18 19:20:00,2953.5,2953.5,2953.5,2953.5,3
2026-03-18 19:50:00,2955.0,2955.0,2955.0,2955.0,1
2026-03-18 20:20:00,2975.0,2975.0,2975.0,2975.0,1
2026-03-18 20:50:00,2975.5,2975.5,2975.5,2975.5,1
2026-03-18 21:40:00,2976.5,2976.5,2975.5,2975.5,2
2026-03-18 22:00:00,2975.5,2975.5,2955.0,2955.0,5
2026-03-18 22:10:00,2979.5,2979.5,2979.5,2979.5,1
2026-03-18 22:40:00,2954.5,2979.5,2941.5,2979.5,8
2026-03-18 23:00:00,2979.5,2979.5,2979.5,2979.5,2
2026-03-18 23:20:00,2978.5,2978.5,2978.5,2978.5,1
2026-03-19 08:50:00,2951.0,2951.0,2951.0,2951.0,3
2026-03-19 09:10:00,2975.5,2975.5,2975.5,2975.5,2
2026-03-19 09:20:00,2955.5,2955.5,2955.5,2955.5,1
2026-03-19 09:30:00,2941.5,2941.5,2935.0,2935.0,3
2026-03-19 09:50:00,2932.0,2932.0,2921.5,2921.5,10
2026-03-19 10:00:00,2921.5,2921.5,2920.5,2920.5,6
2026-03-19 10:10:00,2951.0,2966.0,2951.0,2966.0,10
2026-03-19 10:30:00,2965.5,2966.5,2931.5,2961.0,9
2026-03-19 10:50:00,2961.5,2961.5,2961.5,2961.5,1
2026-03-19 11:00:00,2955.5,2955.5,2951.5,2951.5,5
2026-03-19 11:10:00,2931.5,2931.5,2875.5,2931.0,28
2026-03-19 11:50:00,2931.0,2931.0,2931.0,2931.0,2
2026-03-19 12:40:00,2903.0,2903.0,2901.5,2901.5,4
2026-03-19 13:20:00,2921.5,2933.0,2921.5,2933.0,10
2026-03-19 13:30:00,2903.0,2903.0,2903.0,2903.0,1
2026-03-19 14:00:00,2903.0,2903.0,2903.0,2903.0,1
2026-03-19 14:30:00,2930.0,2930.0,2930.0,2930.0,1
2026-03-19 14:50:00,2903.0,2903.0,2902.5,2902.5,5
2026-03-19 16:00:00,2903.0,2903.0,2901.5,2901.5,7
2026-03-19 16:20:00,2925.5,2925.5,2925.5,2925.5,3
2026-03-19 16:40:00,2896.5,2896.5,2891.5,2891.5,2
2026-03-19 16:50:00,2891.0,2891.5,2891.0,2891.5,12
2026-03-19 17:00:00,2920.5,2920.5,2920.5,2920.5,1
2026-03-19 17:40:00,2921.5,2921.5,2921.5,2921.5,1
2026-03-19 17:50:00,2924.0,2924.0,2924.0,2924.0,1
2026-03-19 18:00:00,2924.0,2924.0,2924.0,2924.0,3
2026-03-19 18:10:00,2926.0,2926.0,2926.0,2926.0,1
2026-03-19 18:20:00,2924.0,2924.0,2924.0,2924.0,1
2026-03-19 19:00:00,2924.5,2926.5,2924.5,2926.5,2
2026-03-19 19:10:00,2930.0,2933.0,2930.0,2933.0,6
2026-03-19 19:50:00,2932.0,2932.5,2932.0,2932.5,2
2026-03-19 20:30:00,2932.5,2933.0,2932.5,2933.0,2
2026-03-19 21:10:00,2906.0,2906.0,2905.5,2905.5,2
2026-03-19 21:20:00,2903.5,2903.5,2903.5,2903.5,1
2026-03-19 21:40:00,2903.5,2903.5,2903.5,2903.5,2
2026-03-19 21:50:00,2903.5,2903.5,2903.5,2903.5,6
2026-03-19 22:00:00,2903.0,2903.0,2901.5,2901.5,6
2026-03-19 22:10:00,2896.5,2896.5,2896.5,2896.5,1
2026-03-19 23:10:00,2903.5,2903.5,2903.5,2903.5,5
2026-03-19 23:40:00,2903.5,2903.5,2903.5,2903.5,1
2026-03-20 09:10:00,2903.5,2903.5,2891.5,2891.5,4
2026-03-20 09:20:00,2903.5,2903.5,2903.5,2903.5,4
2026-03-20 09:30:00,2921.5,2951.5,2921.5,2951.5,10
2026-03-20 10:00:00,2951.0,2951.0,2951.0,2951.0,1
2026-03-20 10:10:00,2950.5,2951.0,2950.5,2951.0,2
2026-03-20 10:30:00,2951.0,2951.0,2951.0,2951.0,1
2026-03-20 10:40:00,2950.5,2950.5,2950.5,2950.5,1
2026-03-20 11:40:00,2951.5,2951.5,2951.5,2951.5,2
2026-03-20 11:50:00,2951.5,2951.5,2951.5,2951.5,2
2026-03-20 13:10:00,2925.0,2925.0,2916.5,2916.5,3
2026-03-20 16:00:00,2945.5,2945.5,2945.5,2945.5,1
2026-03-20 16:10:00,2946.5,2946.5,2946.5,2946.5,1
2026-03-20 17:10:00,2945.5,2945.5,2945.5,2945.5,10
2026-03-20 18:40:00,2917.0,2917.0,2911.5,2911.5,6
2026-03-23 08:50:00,2881.5,2881.5,2881.5,2881.5,3
2026-03-23 09:00:00,2851.5,2903.0,2807.5,2903.0,21
2026-03-23 09:10:00,2859.5,2859.5,2848.0,2848.0,13
2026-03-23 09:50:00,2858.0,2858.5,2851.5,2853.5,824
2026-03-23 10:30:00,2853.0,2853.0,2853.0,2853.0,3
2026-03-23 10:40:00,2851.5,2851.5,2851.5,2851.5,1
2026-03-23 10:50:00,2865.0,2870.0,2865.0,2870.0,2
2026-03-23 11:00:00,2864.5,2864.5,2852.0,2852.0,3
2026-03-23 11:10:00,2856.5,2868.5,2856.5,2868.5,2
2026-03-23 11:40:00,2875.5,2877.5,2875.5,2877.5,10
2026-03-23 11:50:00,2865.0,2865.0,2865.0,2865.0,1
2026-03-23 12:00:00,2865.5,2865.5,2865.5,2865.5,4
2026-03-23 12:10:00,2865.0,2865.0,2865.0,2865.0,1
2026-03-23 12:50:00,2851.5,2851.5,2845.0,2845.0,21
2026-03-23 13:00:00,2844.5,2844.5,2844.5,2844.5,1
2026-03-23 13:30:00,2848.0,2848.0,2848.0,2848.0,1
2026-03-23 14:00:00,2856.5,2961.5,2856.5,2951.0,65
2026-03-23 14:10:00,2961.0,2991.5,2942.5,2942.5,57
2026-03-23 14:20:00,2902.5,2902.5,2879.5,2881.5,29
2026-03-23 14:40:00,2891.5,2891.5,2876.5,2876.5,22
2026-03-23 14:50:00,2875.0,2875.0,2861.5,2861.5,8
2026-03-23 15:40:00,2879.0,2894.5,2879.0,2894.5,8
2026-03-23 16:00:00,2896.5,2896.5,2896.5,2896.5,1
2026-03-23 16:30:00,2880.5,2880.5,2880.5,2880.5,1
2026-03-23 17:20:00,2901.5,2901.5,2901.5,2901.5,1
2026-03-23 17:30:00,2906.5,2910.5,2906.5,2910.5,3
2026-03-23 17:40:00,2904.0,2904.0,2904.0,2904.0,1
2026-03-23 18:00:00,2911.5,2919.5,2911.5,2919.5,16
2026-03-23 18:20:00,2891.0,2891.0,2890.5,2890.5,15
2026-03-23 18:40:00,2887.5,2887.5,2887.5,2887.5,3
2026-03-23 18:50:00,2886.5,2886.5,2881.5,2881.5,2
2026-03-23 20:10:00,2907.5,2907.5,2907.5,2907.5,1
2026-03-23 21:40:00,2911.0,2911.5,2911.0,2911.5,2
2026-03-23 21:50:00,2916.5,2916.5,2916.5,2916.5,1
2026-03-23 23:00:00,2912.0,2912.0,2912.0,2912.0,3
2026-03-24 09:00:00,2887.0,2887.0,2886.5,2886.5,2
2026-03-24 11:00:00,2881.5,2881.5,2881.5,2881.5,1
2026-03-24 11:10:00,2876.5,2876.5,2876.5,2876.5,1
2026-03-24 12:30:00,2871.5,2871.5,2869.5,2869.5,4
2026-03-24 13:50:00,2872.0,2872.0,2872.0,2872.0,10
2026-03-24 14:30:00,2869.5,2869.5,2869.5,2869.5,1
2026-03-24 14:50:00,2866.5,2866.5,2861.5,2861.5,9
2026-03-24 15:10:00,2859.0,2859.0,2857.5,2857.5,10
2026-03-24 16:00:00,2861.5,2861.5,2861.5,2861.5,1
2026-03-24 17:40:00,2866.5,2866.5,2866.5,2866.5,1
2026-03-24 18:00:00,2869.5,2869.5,2869.5,2869.5,10
2026-03-24 22:40:00,2891.0,2891.0,2891.0,2891.0,1
2026-03-24 23:30:00,2870.0,2870.0,2869.5,2869.5,15
2026-03-24 23:40:00,2891.0,2891.5,2891.0,2891.5,3
2026-03-25 09:50:00,2896.5,2896.5,2896.5,2896.5,1
2026-03-25 10:10:00,2896.5,2896.5,2896.5,2896.5,1
2026-03-25 10:30:00,2881.5,2881.5,2869.5,2869.5,3
2026-03-25 10:40:00,2873.0,2873.0,2873.0,2873.0,1
2026-03-25 11:00:00,2901.0,2901.0,2901.0,2901.0,1
2026-03-25 11:20:00,2892.5,2892.5,2892.5,2892.5,1
2026-03-25 13:20:00,2901.0,2901.0,2901.0,2901.0,1
2026-03-25 14:40:00,2901.0,2901.0,2901.0,2901.0,1
2026-03-25 15:50:00,2900.5,2901.5,2900.5,2901.5,4
2026-03-25 16:00:00,2906.5,2906.5,2906.0,2906.0,2
2026-03-25 16:30:00,2911.0,2916.5,2911.0,2916.5,3
2026-03-25 16:40:00,2921.0,2941.5,2891.5,2891.5,13
2026-03-25 16:50:00,2889.0,2889.0,2886.5,2886.5,2
2026-03-25 17:40:00,2916.5,2916.5,2916.5,2916.5,1
2026-03-25 17:50:00,2900.0,2900.0,2900.0,2900.0,1
2026-03-25 18:10:00,2887.0,2887.0,2887.0,2887.0,1
2026-03-25 18:20:00,2915.5,2944.5,2896.5,2896.5,15
2026-03-25 22:10:00,2921.0,2921.0,2921.0,2921.0,1
2026-03-25 23:00:00,2921.0,2921.0,2921.0,2921.0,1
2026-03-26 09:50:00,2925.0,2925.0,2925.0,2925.0,1
2026-03-26 11:10:00,2913.0,2913.0,2912.5,2912.5,3
2026-03-26 11:20:00,2894.5,2894.5,2891.5,2891.5,3
2026-03-26 12:20:00,2919.0,2925.5,2919.0,2925.5,6
2026-03-26 12:30:00,2926.5,2931.5,2926.5,2931.5,2
2026-03-26 13:00:00,2924.0,2924.0,2924.0,2924.0,1
2026-03-26 13:10:00,2936.5,2937.5,2936.5,2937.5,2
2026-03-26 15:40:00,2936.5,2936.5,2936.5,2936.5,7
2026-03-26 17:40:00,2941.5,2941.5,2941.5,2941.5,1
2026-03-26 17:50:00,2946.5,2951.5,2946.5,2951.5,2
2026-03-26 18:50:00,2951.0,2951.0,2951.0,2951.0,2
2026-03-26 19:10:00,2949.0,2949.0,2949.0,2949.0,2
2026-03-26 20:00:00,2947.0,2947.5,2947.0,2947.5,3
2026-03-26 20:10:00,2947.5,2947.5,2929.5,2929.5,3
2026-03-26 21:00:00,2951.0,2951.5,2951.0,2951.5,2
2026-03-26 21:20:00,2951.0,2952.0,2951.0,2952.0,4
2026-03-26 22:20:00,2955.5,2955.5,2955.5,2955.5,1
2026-03-27 10:00:00,2955.0,2966.5,2955.0,2966.5,5
2026-03-27 10:50:00,2966.5,2966.5,2966.5,2966.5,1
2026-03-27 11:20:00,2960.5,2966.0,2960.5,2966.0,3
2026-03-27 12:20:00,2957.0,2957.0,2957.0,2957.0,1
2026-03-27 13:00:00,2940.5,2940.5,2936.5,2936.5,5
2026-03-27 13:20:00,2932.0,2932.0,2931.5,2931.5,2
2026-03-27 13:30:00,2931.5,2958.5,2931.5,2958.5,2
2026-03-27 14:40:00,2924.5,2924.5,2919.0,2919.0,7
2026-03-27 15:10:00,2919.0,2919.0,2895.5,2904.0,17
2026-03-27 16:40:00,2922.5,2922.5,2922.5,2922.5,1
2026-03-27 17:20:00,2923.0,2923.0,2923.0,2923.0,1
2026-03-27 17:30:00,2933.5,2937.5,2933.5,2937.5,10
2026-03-27 17:40:00,2922.0,2922.0,2922.0,2922.0,2
2026-03-27 20:40:00,2926.5,2926.5,2916.0,2916.0,10
2026-03-27 21:30:00,2928.0,2928.0,2928.0,2928.0,1
2026-03-27 22:30:00,2928.0,2928.0,2928.0,2928.0,1
2026-03-29 10:00:00,2951.0,2951.0,2951.0,2951.0,2
2026-03-29 11:50:00,2951.0,2956.5,2951.0,2956.5,4
2026-03-29 17:20:00,2956.0,2956.0,2956.0,2956.0,1
2026-03-29 17:50:00,2928.0,2928.0,2927.0,2927.0,2
2026-03-30 08:50:00,2967.5,2967.5,2967.5,2967.5,2
2026-03-30 09:00:00,2969.5,2984.0,2969.5,2984.0,34
2026-03-30 09:10:00,2986.5,2987.5,2986.5,2987.5,5
2026-03-30 09:20:00,2991.5,2991.5,2991.5,2991.5,1
2026-03-30 09:30:00,2979.5,2979.5,2978.0,2978.0,4
2026-03-30 09:40:00,2993.0,2996.5,2993.0,2996.5,6
2026-03-30 09:50:00,2995.0,2995.0,2994.5,2994.5,13
2026-03-30 10:00:00,2989.0,2989.0,2988.5,2988.5,3
2026-03-30 10:20:00,2980.0,2980.0,2980.0,2980.0,6
2026-03-30 11:10:00,2996.5,3000.5,2996.5,3000.5,7
2026-03-30 11:30:00,3001.5,3001.5,3001.5,3001.5,1
2026-03-30 11:40:00,3001.5,3001.5,3001.5,3001.5,1
2026-03-30 12:00:00,2987.5,2987.5,2985.5,2985.5,3
2026-03-30 13:00:00,2994.0,2994.0,2994.0,2994.0,1
2026-03-30 13:40:00,2987.5,2988.0,2987.5,2988.0,20
2026-03-30 14:00:00,2974.5,2974.5,2974.5,2974.5,1
2026-03-30 14:20:00,2995.5,2995.5,2993.5,2993.5,2
2026-03-30 15:20:00,2997.5,2997.5,2997.5,2997.5,1
2026-03-30 15:40:00,3006.5,3006.5,3006.5,3006.5,5
2026-03-30 15:50:00,3006.5,3006.5,3006.5,3006.5,1
2026-03-30 16:10:00,3010.5,3010.5,3010.5,3010.5,1
2026-03-30 16:20:00,3011.5,3011.5,3011.5,3011.5,1
2026-03-30 18:40:00,3001.5,3013.5,3001.5,3013.5,8
2026-03-30 19:00:00,3003.5,3003.5,3003.5,3003.5,1
2026-03-30 19:30:00,3016.0,3016.5,3016.0,3016.5,4
2026-03-30 19:40:00,3016.5,3016.5,3016.5,3016.5,1
2026-03-30 20:10:00,3016.5,3016.5,3016.5,3016.5,2
2026-03-30 21:50:00,3018.5,3018.5,3018.5,3018.5,9
2026-03-30 22:50:00,3004.5,3004.5,3004.5,3004.5,1
2026-03-30 23:30:00,3004.0,3004.0,2981.5,2981.5,10
2026-03-30 23:40:00,2982.0,3005.5,2976.5,3005.5,6
2026-03-31 10:00:00,3006.5,3016.5,3006.5,3016.5,4
2026-03-31 10:10:00,3021.0,3021.0,3021.0,3021.0,1
2026-03-31 11:00:00,3004.5,3004.5,3004.5,3004.5,4
2026-03-31 11:20:00,2998.0,2998.0,2998.0,2998.0,5
2026-03-31 12:30:00,2992.5,2993.0,2992.5,2993.0,6
2026-03-31 13:20:00,2986.5,2986.5,2986.5,2986.5,2
2026-03-31 13:40:00,2986.5,2986.5,2982.0,2982.0,10
2026-03-31 13:50:00,2998.5,2998.5,2998.5,2998.5,1
2026-03-31 14:20:00,3016.5,3016.5,3016.5,3016.5,1
2026-03-31 15:20:00,3019.5,3019.5,3019.5,3019.5,1
2026-03-31 16:00:00,3021.5,3021.5,3021.5,3021.5,1
2026-03-31 16:10:00,3026.5,3071.5,3010.5,3022.5,23
2026-03-31 16:20:00,3017.5,3017.5,3016.5,3016.5,4
2026-03-31 16:50:00,3016.0,3016.0,3016.0,3016.0,1
2026-03-31 17:10:00,3040.5,3040.5,3040.5,3040.5,3
2026-03-31 17:20:00,3041.0,3046.5,3041.0,3046.5,2
2026-03-31 17:30:00,3051.0,3051.0,3051.0,3051.0,1
2026-03-31 17:40:00,3029.5,3029.5,3029.5,3029.5,1
2026-03-31 18:30:00,3050.0,3051.5,3044.5,3051.5,10
2026-03-31 18:40:00,3051.5,3051.5,3042.5,3042.5,2
2026-03-31 19:00:00,3044.0,3044.0,3044.0,3044.0,2
2026-03-31 19:20:00,3044.0,3044.0,3044.0,3044.0,3
2026-03-31 20:00:00,3042.5,3042.5,3039.5,3039.5,2
2026-03-31 20:10:00,3056.0,3056.5,3056.0,3056.5,4
2026-03-31 20:20:00,3037.0,3037.0,3037.0,3037.0,1
2026-03-31 20:30:00,3037.5,3037.5,3037.5,3037.5,2
2026-03-31 20:50:00,3037.5,3037.5,3037.0,3037.0,2
2026-03-31 21:20:00,3026.5,3026.5,3026.5,3026.5,1
2026-03-31 22:50:00,3022.0,3022.0,3021.5,3021.5,3
2026-04-01 09:30:00,3029.5,3039.5,3029.0,3039.5,12
2026-04-01 09:40:00,3042.5,3042.5,3042.5,3042.5,2
2026-04-01 11:10:00,3035.5,3035.5,3035.5,3035.5,30
2026-04-01 13:00:00,3050.5,3050.5,3050.5,3050.5,70
2026-04-01 13:20:00,3051.5,3051.5,3051.5,3051.5,1
2026-04-01 13:30:00,3056.5,3060.5,3056.5,3060.5,3
2026-04-01 13:40:00,3061.5,3061.5,3061.5,3061.5,1
2026-04-01 14:00:00,3066.5,3071.5,3066.5,3071.5,2
2026-04-01 14:20:00,3071.5,3072.0,3071.5,3072.0,10
2026-04-01 14:50:00,3068.5,3068.5,3068.5,3068.5,1
2026-04-01 15:00:00,3061.5,3061.5,3061.5,3061.5,1
2026-04-01 16:00:00,3061.5,3061.5,3061.5,3061.5,2
2026-04-01 16:10:00,3068.5,3072.5,3068.5,3072.5,7
2026-04-01 17:00:00,3074.5,3076.5,3074.5,3076.5,4
2026-04-01 17:10:00,3065.0,3065.0,3065.0,3065.0,1
2026-04-01 17:30:00,3069.5,3069.5,3069.5,3069.5,1
2026-04-01 17:40:00,3080.5,3086.5,3079.5,3086.5,4
2026-04-01 17:50:00,3091.5,3096.5,3091.0,3096.5,3
2026-04-01 18:00:00,3100.5,3101.5,3100.5,3101.5,15
2026-04-01 18:10:00,3104.0,3112.5,3104.0,3112.5,14
2026-04-01 18:20:00,3113.5,3126.5,3111.0,3126.5,17
2026-04-01 18:40:00,3103.5,3103.5,3101.5,3101.5,6
2026-04-01 19:00:00,3120.5,3121.0,3120.5,3121.0,5
2026-04-01 19:20:00,3121.0,3121.0,3120.0,3120.5,13
2026-04-01 19:40:00,3107.0,3107.0,3107.0,3107.0,2
2026-04-01 20:00:00,3120.0,3120.0,3120.0,3120.0,1
2026-04-01 20:50:00,3110.0,3110.0,3101.0,3101.0,9
2026-04-01 21:00:00,3099.5,3099.5,3082.0,3082.0,7
2026-04-01 21:10:00,3082.0,3082.0,3082.0,3082.0,1
2026-04-01 21:50:00,3082.0,3082.0,3082.0,3082.0,1
2026-04-01 22:30:00,3082.0,3082.0,3082.0,3082.0,1
2026-04-01 22:40:00,3082.0,3082.0,3081.5,3081.5,5
2026-04-01 23:20:00,3082.0,3082.0,3082.0,3082.0,1
2026-04-02 08:50:00,3072.5,3072.5,3072.5,3072.5,1
2026-04-02 09:00:00,3076.5,3076.5,3046.5,3046.5,12
2026-04-02 09:10:00,3041.5,3041.5,3037.0,3037.0,5
2026-04-02 09:20:00,3043.5,3057.0,3043.5,3055.5,4
2026-04-02 09:40:00,3068.5,3068.5,3056.5,3065.0,19
2026-04-02 10:10:00,3063.5,3070.5,3063.0,3070.5,6
2026-04-02 10:30:00,3070.0,3070.0,3070.0,3070.0,3
2026-04-02 10:40:00,3071.0,3071.5,3071.0,3071.5,2
2026-04-02 10:50:00,3076.5,3076.5,3076.5,3076.5,1
2026-04-02 11:00:00,3081.5,3087.5,3081.5,3087.5,5
2026-04-02 11:30:00,3088.5,3088.5,3088.5,3088.5,2
2026-04-02 12:00:00,3087.5,3087.5,3087.5,3087.5,1
2026-04-02 12:30:00,3091.5,3091.5,3091.5,3091.5,1
2026-04-02 13:20:00,3096.5,3096.5,3096.5,3096.5,1
2026-04-02 14:00:00,3091.5,3091.5,3089.5,3089.5,10
2026-04-02 14:20:00,3087.5,3087.5,3087.5,3087.5,2
2026-04-02 14:30:00,3082.0,3082.0,3082.0,3082.0,1
2026-04-02 14:50:00,3066.5,3066.5,3061.5,3061.5,2
2026-04-02 15:00:00,3067.5,3067.5,3067.5,3067.5,1
2026-04-02 15:10:00,3076.0,3076.5,3076.0,3076.5,4
2026-04-02 15:20:00,3076.5,3076.5,3076.5,3076.5,2
2026-04-02 15:30:00,3081.0,3106.5,3081.0,3106.5,18
2026-04-02 16:30:00,3087.5,3087.5,3087.5,3087.5,1
2026-04-02 17:20:00,3107.5,3111.5,3107.5,3109.5,3
2026-04-02 17:30:00,3116.5,3116.5,3115.5,3115.5,4
2026-04-02 17:40:00,3110.5,3115.5,3110.5,3115.5,22
2026-04-02 17:50:00,3109.5,3112.5,3109.5,3109.5,6
2026-04-02 18:00:00,3105.0,3105.0,3105.0,3105.0,1
2026-04-02 18:30:00,3093.5,3093.5,3084.5,3084.5,12
2026-04-02 19:00:00,3084.0,3093.0,3081.5,3093.0,11
2026-04-02 19:20:00,3081.5,3081.5,3081.5,3081.5,1
2026-04-02 19:30:00,3084.0,3084.0,3083.5,3083.5,3
2026-04-02 20:40:00,3077.0,3077.0,3077.0,3077.0,1
2026-04-02 21:10:00,3102.5,3102.5,3102.5,3102.5,1
2026-04-02 22:30:00,3077.5,3077.5,3071.5,3071.5,8
2026-04-02 23:10:00,3071.0,3071.0,3071.0,3071.0,1
2026-04-03 14:40:00,3089.0,3089.0,3089.0,3089.0,1
2026-04-03 15:50:00,3066.5,3066.5,3051.5,3051.5,6
2026-04-03 16:00:00,3079.0,3079.0,3079.0,3079.0,1
2026-04-03 16:10:00,3080.0,3086.5,3080.0,3086.5,5
2026-04-03 18:10:00,3087.0,3116.5,3087.0,3116.5,11
2026-04-03 21:20:00,3087.0,3087.0,3076.5,3076.5,5
2026-04-03 21:40:00,3072.5,3072.5,3071.5,3071.5,2
2026-04-03 21:50:00,3066.5,3066.5,3056.5,3056.5,3
2026-04-03 22:20:00,3056.5,3056.5,3056.5,3056.5,1
2026-04-03 23:30:00,3053.0,3053.0,3053.0,3053.0,1
2026-04-04 10:20:00,3051.5,3051.5,2966.5,3041.5,22
2026-04-04 10:30:00,3041.5,3041.5,3041.5,3041.5,6
2026-04-04 11:20:00,3018.0,3018.0,3017.5,3017.5,4
2026-04-04 17:10:00,3023.5,3023.5,3023.5,3023.5,1
2026-04-04 18:00:00,3039.5,3039.5,3039.5,3039.5,1
2026-04-04 18:50:00,3051.5,3071.5,3051.5,3071.5,10
2026-04-05 10:10:00,3071.5,3071.5,3071.5,3071.5,1
2026-04-05 10:30:00,3070.5,3070.5,3070.5,3070.5,1
2026-04-05 15:10:00,3063.5,3063.5,3063.5,3063.5,1
2026-04-06 09:00:00,3066.5,3066.5,3052.5,3052.5,3
2026-04-06 09:10:00,3065.0,3065.0,3065.0,3065.0,1
2026-04-06 11:00:00,3042.0,3042.0,3042.0,3042.0,1
2026-04-06 12:10:00,3042.5,3042.5,3042.5,3042.5,2
2026-04-06 13:20:00,3042.0,3042.0,3042.0,3042.0,1
2026-04-06 15:40:00,3062.0,3062.0,3062.0,3062.0,1
2026-04-06 16:00:00,3043.5,3043.5,3042.0,3042.0,3
2026-04-06 20:40:00,3062.0,3062.0,3062.0,3062.0,1
2026-04-07 09:00:00,3076.5,3076.5,3076.5,3076.5,1
2026-04-07 09:10:00,3076.5,3090.0,3076.5,3090.0,11
2026-04-07 09:20:00,3091.5,3101.0,3091.5,3101.0,4
2026-04-07 09:30:00,3101.5,3101.5,3101.5,3101.5,1
2026-04-07 10:00:00,3106.0,3125.0,3106.0,3124.5,24
2026-04-07 10:10:00,3126.5,3140.5,3123.0,3123.0,32
2026-04-07 10:30:00,3122.0,3122.0,3122.0,3122.0,5
2026-04-07 10:40:00,3128.0,3128.0,3128.0,3128.0,3
2026-04-07 10:50:00,3132.0,3132.5,3132.0,3132.5,12
2026-04-07 11:00:00,3132.5,3141.5,3132.5,3141.5,4
2026-04-07 11:10:00,3144.5,3146.5,3144.5,3146.5,6
2026-04-07 11:20:00,3151.5,3152.5,3145.5,3152.5,86
2026-04-07 11:30:00,3155.5,3166.5,3150.0,3153.5,14
2026-04-07 11:40:00,3166.0,3166.0,3149.5,3149.5,3
2026-04-07 11:50:00,3151.0,3165.5,3151.0,3159.5,6
2026-04-07 12:00:00,3157.0,3174.0,3157.0,3174.0,26
2026-04-07 12:10:00,3172.0,3172.0,3161.5,3161.5,8
2026-04-07 12:20:00,3161.5,3161.5,3161.5,3161.5,1
2026-04-07 12:30:00,3171.0,3171.0,3160.5,3160.5,7
2026-04-07 12:50:00,3160.0,3160.0,3154.5,3154.5,2
2026-04-07 13:00:00,3153.5,3157.0,3153.5,3157.0,2
2026-04-07 13:10:00,3157.0,3158.5,3157.0,3158.5,2
2026-04-07 13:20:00,3157.0,3157.0,3157.0,3157.0,2
2026-04-07 13:40:00,3158.0,3158.5,3158.0,3158.5,7
2026-04-07 14:00:00,3158.5,3158.5,3158.5,3158.5,15
2026-04-07 14:10:00,3155.5,3155.5,3155.5,3155.5,14
2026-04-07 14:20:00,3156.5,3156.5,3156.5,3156.5,2
2026-04-07 14:30:00,3152.0,3156.5,3152.0,3156.5,11
2026-04-07 14:40:00,3158.0,3158.0,3158.0,3158.0,2
2026-04-07 14:50:00,3158.5,3158.5,3158.5,3158.5,1
2026-04-07 15:00:00,3158.5,3164.0,3144.0,3164.0,5
2026-04-07 15:10:00,3163.0,3163.0,3156.5,3156.5,2
2026-04-07 15:20:00,3156.5,3174.0,3154.5,3154.5,10
2026-04-07 15:30:00,3167.0,3167.0,3167.0,3167.0,1
2026-04-07 15:50:00,3167.0,3174.5,3167.0,3174.5,10
2026-04-07 16:00:00,3176.0,3176.0,3164.5,3175.0,18
2026-04-07 16:20:00,3158.5,3158.5,3158.5,3158.5,1
2026-04-07 16:30:00,3150.0,3150.0,3150.0,3150.0,1
2026-04-07 16:40:00,3146.0,3146.0,3146.0,3146.0,4
2026-04-07 16:50:00,3165.5,3165.5,3147.0,3152.0,15
2026-04-07 17:00:00,3154.0,3154.0,3142.5,3146.0,10
2026-04-07 17:10:00,3142.0,3143.5,3141.5,3142.0,5
2026-04-07 17:20:00,3141.5,3146.0,3141.5,3146.0,5
2026-04-07 17:30:00,3145.5,3145.5,3145.5,3145.5,1
2026-04-07 17:40:00,3141.5,3145.5,3141.5,3145.5,5
2026-04-07 17:50:00,3137.0,3143.0,3091.5,3135.5,60
2026-04-07 18:00:00,3130.0,3130.0,3112.5,3127.5,13
2026-04-07 18:10:00,3113.0,3130.0,3113.0,3127.5,9
2026-04-07 18:30:00,3128.0,3128.0,3126.0,3126.0,4
2026-04-07 18:50:00,3140.5,3140.5,3125.0,3125.0,6
2026-04-07 19:10:00,3127.5,3127.5,3127.5,3127.5,1
2026-04-07 19:20:00,3125.5,3125.5,3125.5,3125.5,2
2026-04-07 19:40:00,3123.5,3123.5,3123.5,3123.5,5
2026-04-07 20:50:00,3116.5,3116.5,3111.5,3111.5,40
2026-04-07 21:30:00,3111.0,3111.5,3111.0,3111.5,2
2026-04-07 22:10:00,3121.5,3122.0,3111.5,3111.5,6
2026-04-07 22:30:00,3112.0,3112.0,3112.0,3112.0,1
2026-04-07 23:10:00,3112.0,3112.0,3112.0,3112.0,2
2026-04-07 23:40:00,3112.0,3112.0,3112.0,3112.0,1
2026-04-08 09:00:00,3133.0,3171.0,3027.5,3159.0,66
2026-04-08 09:30:00,3168.0,3168.0,3168.0,3168.0,2
2026-04-08 09:40:00,3168.0,3168.0,3159.0,3159.0,2
2026-04-08 09:50:00,3168.0,3168.0,3168.0,3168.0,3
2026-04-08 10:10:00,3156.5,3156.5,3152.0,3152.0,4
2026-04-08 10:20:00,3153.0,3164.0,3153.0,3164.0,5
2026-04-08 10:30:00,3149.5,3149.5,3149.5,3149.5,8
2026-04-08 10:50:00,3137.0,3147.5,3134.5,3147.5,11
2026-04-08 11:00:00,3132.0,3132.0,3131.5,3131.5,2
2026-04-08 11:30:00,3147.5,3147.5,3147.5,3147.5,1
2026-04-08 11:40:00,3131.5,3131.5,3126.5,3126.5,7
2026-04-08 11:50:00,3131.0,3131.0,3131.0,3131.0,1
2026-04-08 12:50:00,3131.0,3135.5,3131.0,3135.5,11
2026-04-08 13:10:00,3131.0,3131.0,3118.0,3118.0,5
2026-04-08 15:10:00,3141.5,3141.5,3141.5,3141.5,1
2026-04-08 15:40:00,3124.5,3124.5,3124.5,3124.5,1
2026-04-08 15:50:00,3128.5,3128.5,3128.5,3128.5,1
2026-04-08 16:00:00,3143.0,3151.0,3143.0,3151.0,13
2026-04-08 16:20:00,3148.0,3148.0,3147.5,3147.5,5
2026-04-08 16:30:00,3138.5,3138.5,3138.0,3138.0,7
2026-04-08 16:40:00,3137.0,3137.0,3137.0,3137.0,2
2026-04-08 17:00:00,3137.0,3137.0,3137.0,3137.0,3
2026-04-08 17:20:00,3122.0,3122.0,3118.0,3118.0,9
2026-04-08 17:40:00,3116.5,3116.5,3116.5,3116.5,1
2026-04-08 17:50:00,3111.5,3111.5,3106.5,3106.5,2
2026-04-08 19:10:00,3102.0,3102.0,3089.5,3089.5,12
2026-04-08 20:20:00,3111.5,3111.5,3111.5,3111.5,1
2026-04-08 21:20:00,3093.0,3093.0,3081.5,3081.5,9
2026-04-09 09:00:00,3111.0,3116.5,3111.0,3116.5,4
2026-04-09 09:10:00,3106.5,3106.5,3106.5,3106.5,2
2026-04-09 09:20:00,3106.0,3106.0,3106.0,3106.0,1
2026-04-09 09:30:00,3106.5,3106.5,3104.0,3105.5,9
2026-04-09 09:50:00,3109.5,3109.5,3109.5,3109.5,1
2026-04-09 11:10:00,3095.0,3095.0,3086.5,3086.5,3
2026-04-09 11:50:00,3091.5,3091.5,3091.5,3091.5,1
2026-04-09 13:20:00,3093.0,3094.0,3093.0,3094.0,3
2026-04-09 13:30:00,3094.0,3094.0,3086.5,3086.5,2
2026-04-09 14:00:00,3086.5,3086.5,3086.5,3086.5,11
2026-04-09 14:30:00,3082.0,3082.0,3082.0,3082.0,1
2026-04-09 15:10:00,3090.0,3090.0,3090.0,3090.0,3
2026-04-09 15:30:00,3094.0,3094.0,3094.0,3094.0,1
2026-04-09 15:50:00,3098.0,3098.0,3098.0,3098.0,4
2026-04-09 16:30:00,3099.5,3099.5,3099.5,3099.5,3
2026-04-09 17:40:00,3116.0,3116.5,3116.0,3116.5,8
2026-04-09 18:10:00,3119.5,3126.5,3119.5,3126.5,5
2026-04-09 18:20:00,3131.5,3131.5,3131.5,3131.5,1
2026-04-09 18:30:00,3136.5,3136.5,3132.0,3132.0,4
2026-04-09 18:40:00,3132.0,3132.0,3132.0,3132.0,1
2026-04-09 18:50:00,3141.5,3141.5,3141.5,3141.5,1
2026-04-09 19:30:00,3133.5,3133.5,3133.5,3133.5,1
2026-04-09 20:50:00,3146.0,3149.0,3146.0,3149.0,5
2026-04-09 21:50:00,3129.0,3129.0,3117.0,3117.0,2
2026-04-09 22:10:00,3117.0,3117.0,3117.0,3117.0,1
2026-04-09 22:20:00,3117.0,3117.0,3117.0,3117.0,1
2026-04-09 22:40:00,3117.0,3117.0,3117.0,3117.0,1
2026-04-09 23:10:00,3116.5,3116.5,3116.5,3116.5,1
2026-04-10 09:00:00,3117.0,3117.0,3117.0,3117.0,1
2026-04-10 09:20:00,3118.0,3118.0,3118.0,3118.0,4
2026-04-10 10:50:00,3136.5,3136.5,3136.5,3136.5,11
2026-04-10 11:00:00,3134.0,3134.5,3134.0,3134.5,6
2026-04-10 11:10:00,3129.0,3129.0,3129.0,3129.0,1
2026-04-10 11:20:00,3125.0,3125.0,3125.0,3125.0,1
2026-04-10 11:50:00,3116.0,3116.0,3116.0,3116.0,5
2026-04-10 12:20:00,3113.5,3113.5,3113.5,3113.5,70
2026-04-10 15:30:00,3125.0,3130.5,3125.0,3130.5,2
2026-04-10 17:00:00,3126.0,3126.0,3126.0,3126.0,1
2026-04-10 17:30:00,3129.0,3129.0,3129.0,3129.0,1
2026-04-10 18:40:00,3146.5,3146.5,3146.5,3146.5,1
2026-04-10 19:10:00,3134.5,3134.5,3134.5,3134.5,1
2026-04-10 19:20:00,3134.0,3134.0,3134.0,3134.0,1
2026-04-10 21:40:00,3130.5,3130.5,3130.5,3130.5,1
2026-04-10 22:30:00,3148.0,3148.0,3148.0,3148.0,1
2026-04-11 10:50:00,3150.0,3150.0,3150.0,3150.0,1
2026-04-11 12:40:00,3117.0,3117.0,3116.5,3116.5,2
2026-04-11 16:00:00,3116.5,3116.5,3111.5,3111.5,4
2026-04-11 16:50:00,3139.5,3139.5,3109.5,3109.5,2
2026-04-11 18:30:00,3139.5,3139.5,3139.5,3139.5,2
2026-04-12 10:10:00,3111.5,3111.5,3111.5,3111.5,1
2026-04-12 11:20:00,3139.0,3139.0,3139.0,3139.0,1
2026-04-12 12:00:00,3141.0,3141.0,3131.5,3131.5,2
2026-04-12 13:00:00,3110.0,3110.0,3110.0,3110.0,2
2026-04-12 13:10:00,3110.0,3110.0,3110.0,3110.0,1
2026-04-12 13:30:00,3141.0,3141.0,3141.0,3141.0,1
2026-04-12 15:50:00,3141.0,3151.5,3141.0,3151.5,7
2026-04-12 17:20:00,3155.5,3167.5,3109.5,3109.5,14
2026-04-13 09:20:00,3149.0,3149.0,3149.0,3149.0,1
2026-04-13 09:40:00,3146.5,3146.5,3146.5,3146.5,1
2026-04-13 09:50:00,3154.0,3154.0,3154.0,3154.0,1
2026-04-13 10:00:00,3151.5,3156.5,3151.5,3156.5,14
2026-04-13 10:10:00,3157.0,3157.0,3156.5,3156.5,2
2026-04-13 10:20:00,3156.5,3156.5,3156.5,3156.5,9
2026-04-13 12:00:00,3154.0,3156.5,3154.0,3156.5,2
2026-04-13 12:40:00,3127.0,3127.0,3126.5,3126.5,2
2026-04-13 12:50:00,3124.5,3124.5,3124.5,3124.5,1
2026-04-13 13:50:00,3129.5,3129.5,3129.5,3129.5,1
2026-04-13 14:10:00,3130.0,3130.0,3129.5,3129.5,5
2026-04-13 14:40:00,3124.5,3124.5,3121.5,3121.5,8
2026-04-13 14:50:00,3119.5,3119.5,3119.5,3119.5,5
2026-04-13 15:40:00,3128.5,3129.0,3128.5,3128.5,5
2026-04-13 15:50:00,3128.5,3128.5,3128.5,3128.5,1
2026-04-13 16:10:00,3117.0,3117.0,3116.5,3116.5,2
2026-04-13 16:30:00,3114.0,3114.0,3114.0,3114.0,1
2026-04-13 16:40:00,3111.5,3111.5,3111.5,3111.5,2
2026-04-13 17:00:00,3112.5,3112.5,3112.5,3112.5,2
2026-04-13 18:00:00,3133.0,3133.0,3133.0,3133.0,10
2026-04-13 18:10:00,3133.0,3133.0,3133.0,3133.0,6
2026-04-13 18:20:00,3139.0,3143.0,3139.0,3143.0,10
2026-04-13 19:30:00,3143.0,3143.0,3143.0,3143.0,1
2026-04-13 19:40:00,3138.0,3138.0,3138.0,3138.0,1
2026-04-13 20:00:00,3139.5,3139.5,3139.5,3139.5,1
2026-04-13 20:10:00,3146.0,3146.5,3146.0,3146.5,3
2026-04-13 20:20:00,3151.5,3156.0,3151.5,3156.0,3
2026-04-13 20:30:00,3153.5,3153.5,3153.5,3153.5,2
2026-04-13 20:50:00,3144.5,3144.5,3144.5,3144.5,2
2026-04-13 22:00:00,3144.5,3144.5,3144.5,3144.5,2
2026-04-14 09:00:00,3146.5,3156.0,3146.5,3156.0,3
2026-04-14 09:20:00,3156.0,3156.5,3156.0,3156.5,2
2026-04-14 09:40:00,3161.5,3166.5,3161.5,3166.5,2
2026-04-14 09:50:00,3168.5,3171.5,3168.5,3171.5,4
2026-04-14 10:00:00,3173.0,3183.5,3172.5,3183.5,22
2026-04-14 10:10:00,3178.0,3178.5,3177.5,3177.5,16
2026-04-14 10:30:00,3162.0,3166.5,3162.0,3166.5,2
2026-04-14 10:40:00,3176.0,3176.0,3169.0,3169.0,4
2026-04-14 11:00:00,3171.5,3171.5,3151.5,3156.5,9
2026-04-14 11:10:00,3149.5,3149.5,3148.0,3148.0,5
2026-04-14 11:40:00,3148.0,3148.0,3148.0,3148.0,2
2026-04-14 11:50:00,3157.0,3157.0,3157.0,3157.0,1
2026-04-14 12:20:00,3147.5,3151.0,3146.5,3151.0,6
2026-04-14 12:30:00,3151.0,3152.5,3151.0,3152.5,4
2026-04-14 12:40:00,3142.5,3148.0,3142.0,3148.0,4
2026-04-14 13:10:00,3142.0,3142.5,3141.5,3141.5,5
2026-04-14 13:20:00,3146.0,3146.0,3146.0,3146.0,1
2026-04-14 13:30:00,3146.0,3146.0,3146.0,3146.0,1
2026-04-14 13:40:00,3148.0,3150.5,3148.0,3150.5,2
2026-04-14 14:00:00,3144.0,3145.0,3136.5,3145.0,3
2026-04-14 14:10:00,3138.0,3138.0,3134.0,3134.0,10
2026-04-14 14:40:00,3140.0,3140.0,3140.0,3140.0,2
2026-04-14 15:20:00,3143.0,3151.5,3143.0,3151.5,6
2026-04-14 15:50:00,3152.0,3152.0,3150.0,3150.0,2
2026-04-14 16:10:00,3141.0,3141.0,3140.5,3140.5,4
2026-04-14 16:20:00,3144.5,3145.0,3144.5,3145.0,4
2026-04-14 16:40:00,3153.0,3153.0,3153.0,3153.0,1
2026-04-14 17:20:00,3141.5,3141.5,3141.5,3141.5,3
2026-04-14 17:40:00,3135.5,3136.0,3135.0,3136.0,5
2026-04-14 18:10:00,3134.5,3136.5,3134.0,3136.5,17
2026-04-14 18:20:00,3136.5,3137.0,3136.5,3137.0,10
2026-04-14 18:30:00,3151.0,3151.0,3151.0,3151.0,1
2026-04-14 19:10:00,3158.5,3159.0,3158.5,3159.0,3
2026-04-14 19:30:00,3153.5,3153.5,3149.5,3149.5,11
2026-04-14 19:40:00,3149.0,3161.5,3149.0,3149.0,4
2026-04-14 20:20:00,3157.0,3157.0,3157.0,3157.0,5
2026-04-14 21:50:00,3153.5,3153.5,3153.5,3153.5,1
2026-04-15 09:00:00,3161.0,3161.5,3161.0,3161.5,11
2026-04-15 09:10:00,3161.5,3161.5,3161.5,3161.5,6
2026-04-15 09:20:00,3166.0,3166.0,3166.0,3166.0,1
2026-04-15 09:30:00,3166.5,3178.0,3166.5,3178.0,40
2026-04-15 09:40:00,3173.5,3173.5,3173.5,3173.5,1
2026-04-15 09:50:00,3164.5,3164.5,3164.5,3164.5,1
2026-04-15 10:10:00,3173.5,3181.0,3173.5,3181.0,12
2026-04-15 10:20:00,3181.0,3181.0,3181.0,3181.0,1
2026-04-15 10:50:00,3181.0,3181.0,3181.0,3181.0,2
2026-04-15 11:30:00,3181.0,3181.5,3181.0,3181.5,2
2026-04-15 12:20:00,3174.0,3174.0,3174.0,3174.0,2
2026-04-15 12:30:00,3180.5,3181.5,3175.5,3175.5,3
2026-04-15 12:40:00,3182.5,3190.5,3182.5,3186.5,8
2026-04-15 12:50:00,3190.5,3200.0,3190.5,3200.0,702
2026-04-15 13:00:00,3197.5,3203.0,3194.5,3201.5,21
2026-04-15 13:10:00,3202.5,3202.5,3201.5,3201.5,22
2026-04-15 13:20:00,3194.0,3194.0,3194.0,3194.0,1
2026-04-15 13:40:00,3197.0,3206.5,3197.0,3206.5,6
2026-04-15 14:10:00,3208.0,3208.0,3198.5,3198.5,4
2026-04-15 14:20:00,3198.0,3198.0,3198.0,3198.0,8
2026-04-15 15:10:00,3209.5,3209.5,3209.5,3209.5,2
2026-04-15 16:00:00,3208.0,3213.5,3208.0,3213.5,12
2026-04-15 16:20:00,3216.0,3216.5,3216.0,3216.5,5
2026-04-15 16:30:00,3210.0,3210.0,3210.0,3210.0,5
2026-04-15 16:40:00,3210.0,3216.0,3209.5,3215.5,7
2026-04-15 16:50:00,3216.5,3228.5,3216.5,3228.5,13
2026-04-15 17:00:00,3218.0,3218.5,3216.5,3217.0,5
2026-04-15 17:10:00,3219.0,3231.5,3219.0,3231.5,35
2026-04-15 17:30:00,3226.0,3226.0,3226.0,3226.0,1
2026-04-15 17:40:00,3234.5,3234.5,3234.5,3234.5,1
2026-04-15 17:50:00,3236.5,3241.5,3236.5,3241.5,100
2026-04-15 18:00:00,3224.0,3224.0,3224.0,3224.0,5
2026-04-15 18:30:00,3224.0,3224.0,3215.5,3215.5,2
2026-04-15 18:40:00,3215.5,3218.5,3215.5,3218.5,9
2026-04-15 21:10:00,3214.0,3214.0,3183.0,3183.0,21
2026-04-15 22:40:00,3186.0,3186.0,3186.0,3186.0,1
2026-04-15 22:50:00,3200.5,3200.5,3200.5,3200.5,1
2026-04-15 23:20:00,3201.0,3201.0,3200.5,3200.5,5
2026-04-16 09:00:00,3216.0,3241.0,3216.0,3239.5,13
2026-04-16 09:10:00,3239.5,3241.5,3239.5,3241.5,11
2026-04-16 09:20:00,3241.0,3241.0,3237.0,3237.0,5
2026-04-16 09:30:00,3239.0,3239.0,3239.0,3239.0,1
2026-04-16 09:50:00,3239.0,3246.0,3239.0,3245.5,6
2026-04-16 10:00:00,3246.5,3255.5,3246.5,3248.5,33
2026-04-16 10:10:00,3247.0,3247.0,3247.0,3247.0,1
2026-04-16 10:30:00,3246.0,3246.5,3246.0,3246.5,2
2026-04-16 10:40:00,3246.5,3246.5,3246.0,3246.0,4
2026-04-16 10:50:00,3255.0,3255.0,3255.0,3255.0,1
2026-04-16 11:00:00,3254.0,3254.0,3254.0,3254.0,1
2026-04-16 11:20:00,3246.0,3246.0,3245.5,3245.5,2
2026-04-16 11:50:00,3234.5,3234.5,3234.5,3234.5,5
2026-04-16 12:00:00,3238.5,3245.0,3238.5,3245.0,2
2026-04-16 12:30:00,3245.0,3245.0,3245.0,3245.0,4
2026-04-16 13:00:00,3245.5,3245.5,3245.5,3245.5,1
2026-04-16 13:10:00,3250.0,3250.5,3250.0,3250.5,3
2026-04-16 13:30:00,3251.5,3256.5,3251.5,3256.5,6
2026-04-16 13:50:00,3260.0,3268.0,3260.0,3268.0,8
2026-04-16 14:00:00,3257.5,3265.0,3257.5,3261.0,4
2026-04-16 14:10:00,3249.0,3249.0,3249.0,3249.0,5
2026-04-16 14:20:00,3245.0,3245.0,3244.5,3244.5,4
2026-04-16 14:40:00,3255.0,3255.0,3255.0,3255.0,1
2026-04-16 14:50:00,3253.5,3253.5,3253.0,3253.0,6
2026-04-16 15:00:00,3251.5,3251.5,3251.5,3251.5,5
2026-04-16 15:20:00,3264.0,3266.0,3256.5,3266.0,3
2026-04-16 15:50:00,3263.5,3263.5,3263.5,3263.5,1
2026-04-16 16:10:00,3264.5,3264.5,3264.5,3264.5,1
2026-04-16 16:30:00,3256.0,3256.0,3255.5,3255.5,4
2026-04-16 16:50:00,3240.5,3240.5,3240.5,3240.5,1
2026-04-16 17:00:00,3252.0,3252.0,3245.5,3245.5,2
2026-04-16 17:10:00,3259.5,3260.5,3259.5,3260.5,17
2026-04-16 17:30:00,3246.5,3261.5,3246.5,3261.5,5
2026-04-16 17:40:00,3261.5,3261.5,3261.5,3261.5,1
2026-04-16 17:50:00,3255.5,3261.0,3255.5,3261.0,23
2026-04-16 18:20:00,3254.5,3254.5,3254.5,3254.5,1
2026-04-16 20:30:00,3254.5,3254.5,3254.5,3254.5,1
2026-04-16 21:30:00,3254.0,3254.0,3254.0,3254.0,5
2026-04-16 22:00:00,3254.0,3254.0,3254.0,3254.0,6
2026-04-16 22:10:00,3252.5,3252.5,3252.5,3252.5,2
2026-04-16 22:40:00,3252.5,3252.5,3252.5,3252.5,1
2026-04-16 23:20:00,3254.5,3254.5,3254.5,3254.5,3
2026-04-17 09:00:00,3265.5,3270.5,3265.5,3265.5,5
2026-04-17 09:20:00,3259.0,3259.0,3259.0,3259.0,3
2026-04-17 09:30:00,3253.0,3253.0,3252.5,3252.5,4
2026-04-17 10:30:00,3253.0,3253.0,3253.0,3253.0,1
2026-04-17 10:40:00,3252.5,3252.5,3251.5,3251.5,3
2026-04-17 11:00:00,3251.5,3251.5,3251.5,3251.5,2
2026-04-17 11:20:00,3254.5,3254.5,3254.5,3254.5,2
2026-04-17 11:40:00,3259.0,3259.0,3259.0,3259.0,7
2026-04-17 12:00:00,3264.0,3264.0,3264.0,3264.0,1
2026-04-17 12:10:00,3260.5,3260.5,3260.5,3260.5,1
2026-04-17 14:30:00,3260.5,3262.5,3260.5,3262.5,5
2026-04-17 15:00:00,3271.5,3276.5,3271.5,3276.0,6
2026-04-17 15:10:00,3274.5,3274.5,3274.5,3274.5,2
2026-04-17 15:20:00,3276.0,3276.0,3276.0,3276.0,3
2026-04-17 15:30:00,3249.5,3276.5,3249.5,3273.0,7
2026-04-17 15:40:00,3273.0,3275.5,3269.5,3275.5,71
2026-04-17 15:50:00,3281.5,3281.5,3281.5,3281.5,1
2026-04-17 16:00:00,3286.5,3301.5,3286.5,3301.5,20
2026-04-17 16:10:00,3301.5,3303.5,3285.0,3285.0,13
2026-04-17 16:20:00,3271.5,3275.0,3260.5,3275.0,5
2026-04-17 16:30:00,3291.0,3291.5,3290.5,3291.5,5
2026-04-17 16:40:00,3290.5,3293.0,3279.5,3279.5,308
2026-04-17 16:50:00,3282.5,3297.0,3278.0,3278.0,209
2026-04-17 17:00:00,3287.5,3291.0,3287.5,3291.0,55
2026-04-17 17:20:00,3287.5,3287.5,3287.5,3287.5,12
2026-04-17 17:30:00,3287.5,3289.0,3287.5,3289.0,24
2026-04-17 18:10:00,3287.5,3287.5,3287.5,3287.5,1
2026-04-17 18:30:00,3288.5,3289.0,3288.5,3289.0,16
2026-04-17 18:40:00,3267.0,3267.0,3267.0,3267.0,13
2026-04-17 18:50:00,3266.5,3266.5,3266.5,3266.5,2
2026-04-17 19:00:00,3261.5,3261.5,3261.5,3261.5,1
2026-04-17 19:10:00,3266.0,3266.5,3266.0,3266.5,40
2026-04-17 20:00:00,3266.0,3266.0,3257.0,3257.0,2
2026-04-17 20:20:00,3256.5,3256.5,3241.5,3245.0,711
2026-04-17 20:30:00,3245.0,3245.0,3243.5,3243.5,2
2026-04-17 23:00:00,3271.0,3271.0,3271.0,3271.0,1
2026-04-18 10:00:00,3249.0,3249.0,3248.5,3248.5,3
2026-04-18 10:30:00,3271.5,3271.5,3270.5,3270.5,2
2026-04-18 13:30:00,3276.0,3276.0,3276.0,3276.0,2
2026-04-18 17:50:00,3249.0,3249.0,3249.0,3249.0,1
2026-04-19 11:30:00,3249.5,3249.5,3249.5,3249.5,2
2026-04-19 15:10:00,3273.0,3273.0,3273.0,3273.0,1
2026-04-19 15:40:00,3254.0,3254.0,3254.0,3254.0,2
2026-04-19 15:50:00,3254.0,3254.0,3254.0,3254.0,1
2026-04-19 17:20:00,3276.0,3276.0,3276.0,3276.0,1
2026-04-19 17:30:00,3251.5,3251.5,3251.5,3251.5,1
2026-04-20 09:00:00,3276.0,3276.0,3276.0,3276.0,1
2026-04-20 09:20:00,3267.0,3267.0,3266.5,3266.5,2
2026-04-20 09:40:00,3250.5,3250.5,3250.5,3250.5,1
2026-04-20 10:10:00,3249.5,3249.5,3249.5,3249.5,11
2026-04-20 11:20:00,3262.5,3262.5,3262.5,3262.5,1
2026-04-20 12:30:00,3262.5,3262.5,3262.5,3262.5,11
2026-04-20 12:50:00,3264.5,3264.5,3264.5,3264.5,1
2026-04-20 13:10:00,3264.5,3266.0,3257.0,3257.5,44
2026-04-20 14:00:00,3257.5,3257.5,3257.5,3257.5,1
2026-04-20 14:10:00,3253.0,3253.0,3253.0,3253.0,1
2026-04-20 15:20:00,3263.5,3264.5,3263.5,3264.5,2
2026-04-20 15:40:00,3256.5,3258.0,3256.5,3258.0,2
2026-04-20 15:50:00,3255.0,3270.0,3255.0,3270.0,8
2026-04-20 16:00:00,3261.0,3265.5,3255.5,3265.5,4
2026-04-20 16:20:00,3264.0,3264.0,3264.0,3264.0,1
2026-04-20 16:30:00,3264.0,3264.0,3264.0,3264.0,2
2026-04-20 17:20:00,3256.0,3261.0,3255.5,3257.0,12
2026-04-20 17:30:00,3263.5,3263.5,3263.5,3263.5,1
2026-04-20 17:40:00,3257.0,3257.0,3256.5,3256.5,2
2026-04-20 17:50:00,3255.5,3255.5,3249.0,3249.0,10
2026-04-20 18:00:00,3249.0,3249.0,3241.5,3241.5,2
2026-04-20 18:10:00,3236.5,3236.5,3234.0,3234.0,70
2026-04-20 18:20:00,3232.0,3232.0,3231.0,3231.0,34
2026-04-20 18:40:00,3226.5,3226.5,3226.0,3226.0,4
2026-04-20 18:50:00,3226.5,3226.5,3226.5,3226.5,1
2026-04-20 21:10:00,3226.5,3226.5,3226.5,3226.5,2
2026-04-20 23:40:00,3234.0,3234.0,3229.5,3229.5,3
2026-04-21 09:00:00,3226.5,3226.5,3217.0,3217.0,9
2026-04-21 09:30:00,3216.5,3216.5,3212.5,3213.0,4
2026-04-21 10:00:00,3217.5,3217.5,3217.5,3217.5,1
2026-04-21 10:40:00,3245.0,3245.0,3245.0,3245.0,1
2026-04-21 11:10:00,3244.5,3245.0,3244.5,3245.0,4
2026-04-21 11:20:00,3246.0,3258.0,3246.0,3257.0,54
2026-04-21 11:30:00,3256.5,3257.0,3256.5,3257.0,3
2026-04-21 11:40:00,3256.5,3257.0,3256.5,3257.0,4
2026-04-21 11:50:00,3257.0,3261.5,3257.0,3261.5,3
2026-04-21 12:00:00,3266.5,3266.5,3266.5,3266.5,1
2026-04-21 12:20:00,3271.5,3276.0,3271.5,3276.0,4
2026-04-21 12:30:00,3275.5,3275.5,3275.5,3275.5,1
2026-04-21 13:00:00,3267.5,3267.5,3263.0,3263.0,5
2026-04-21 13:40:00,3266.0,3266.0,3266.0,3266.0,1
2026-04-21 13:50:00,3275.0,3275.5,3275.0,3275.5,7
2026-04-21 14:00:00,3262.5,3262.5,3262.5,3262.5,1
2026-04-21 14:10:00,3262.5,3262.5,3262.5,3262.5,1
2026-04-21 14:50:00,3276.0,3276.0,3276.0,3276.0,1
2026-04-21 16:20:00,3267.5,3267.5,3263.0,3263.0,9
2026-04-21 16:30:00,3262.5,3271.0,3262.5,3271.0,11
2026-04-21 16:50:00,3276.0,3276.5,3271.0,3271.0,16
2026-04-21 17:20:00,3263.5,3263.5,3263.0,3263.0,4
2026-04-21 18:10:00,3261.0,3261.0,3261.0,3261.0,1
2026-04-21 18:30:00,3268.0,3268.0,3267.5,3268.0,35
2026-04-21 18:50:00,3258.5,3258.5,3258.5,3258.5,100
2026-04-21 20:00:00,3258.0,3258.0,3258.0,3258.0,2
2026-04-21 20:10:00,3256.5,3256.5,3255.5,3255.5,3
2026-04-21 20:30:00,3258.0,3267.0,3258.0,3267.0,4
2026-04-21 20:50:00,3258.0,3258.0,3258.0,3258.0,4
2026-04-21 21:50:00,3255.5,3255.5,3255.5,3255.5,1
2026-04-21 22:00:00,3255.5,3255.5,3241.5,3241.5,7
2026-04-21 22:40:00,3258.0,3258.0,3258.0,3258.0,1
2026-04-21 23:30:00,3257.5,3257.5,3257.5,3257.5,1
2026-04-22 09:30:00,3271.0,3271.5,3271.0,3271.0,13
2026-04-22 09:40:00,3271.0,3271.0,3271.0,3271.0,2
2026-04-22 10:00:00,3273.5,3276.5,3273.5,3276.5,10
2026-04-22 11:20:00,3275.5,3275.5,3272.5,3272.5,2
2026-04-22 11:30:00,3279.5,3279.5,3279.5,3279.5,1
2026-04-22 11:40:00,3281.5,3286.5,3277.0,3277.0,5
2026-04-22 12:10:00,3288.5,3306.5,3288.5,3301.5,7
2026-04-22 12:50:00,3300.5,3300.5,3300.5,3300.5,2
2026-04-22 13:00:00,3297.0,3297.0,3297.0,3297.0,4
2026-04-22 13:30:00,3306.5,3306.5,3306.5,3306.5,1
2026-04-22 13:40:00,3305.5,3307.0,3305.5,3306.5,12
2026-04-22 13:50:00,3305.5,3305.5,3305.5,3305.5,1
2026-04-22 14:00:00,3300.5,3300.5,3296.5,3296.5,14
2026-04-22 17:20:00,3302.5,3304.5,3302.5,3304.5,4
2026-04-22 17:30:00,3305.0,3305.0,3305.0,3305.0,1
2026-04-22 17:40:00,3305.0,3305.5,3299.0,3305.5,6
2026-04-22 17:50:00,3309.0,3321.0,3309.0,3310.5,128
2026-04-22 18:50:00,3303.0,3303.0,3303.0,3303.0,1
2026-04-22 19:10:00,3294.0,3294.0,3293.5,3293.5,4
2026-04-22 20:40:00,3303.0,3303.0,3289.0,3289.0,2
2026-04-22 21:20:00,3289.0,3289.0,3289.0,3289.0,4
2026-04-22 21:30:00,3289.0,3289.0,3289.0,3289.0,2
2026-04-23 09:00:00,3286.5,3286.5,3281.5,3281.5,3
2026-04-23 09:20:00,3286.0,3286.0,3286.0,3286.0,1
2026-04-23 09:50:00,3286.5,3286.5,3286.0,3286.0,2
2026-04-23 10:00:00,3277.5,3277.5,3271.5,3271.5,7
2026-04-23 10:10:00,3267.0,3273.0,3256.5,3273.0,18
2026-04-23 10:20:00,3273.0,3274.5,3273.0,3274.5,10
2026-04-23 10:50:00,3271.0,3271.0,3271.0,3271.0,6
2026-04-23 11:20:00,3266.0,3270.0,3254.5,3270.0,29
2026-04-23 11:40:00,3266.0,3266.0,3259.5,3259.5,2
2026-04-23 11:50:00,3265.5,3265.5,3265.5,3265.5,1
2026-04-23 12:00:00,3266.0,3266.0,3266.0,3266.0,8
2026-04-23 12:40:00,3265.5,3265.5,3260.0,3260.0,2
2026-04-23 12:50:00,3260.0,3260.0,3259.5,3259.5,2
2026-04-23 13:10:00,3259.0,3259.0,3259.0,3259.0,2
2026-04-23 13:40:00,3265.0,3265.0,3265.0,3265.0,7
2026-04-23 14:00:00,3273.5,3273.5,3263.0,3263.0,2
2026-04-23 14:40:00,3276.0,3276.5,3276.0,3276.5,11
2026-04-23 15:10:00,3276.5,3286.0,3276.5,3286.0,3
2026-04-23 16:00:00,3285.5,3286.0,3283.0,3283.0,4
2026-04-23 16:10:00,3270.0,3270.0,3269.5,3269.5,3
2026-04-23 16:50:00,3270.5,3270.5,3266.5,3266.5,5
2026-04-23 21:20:00,3286.0,3286.0,3286.0,3286.0,1
2026-04-23 21:30:00,3267.0,3267.0,3248.5,3249.0,19
2026-04-24 08:50:00,3251.5,3251.5,3251.5,3251.5,1
2026-04-24 09:00:00,3267.5,3267.5,3267.5,3267.5,1
2026-04-24 10:00:00,3262.0,3262.0,3262.0,3262.0,6
2026-04-24 10:40:00,3276.0,3281.5,3276.0,3281.5,4
2026-04-24 10:50:00,3285.5,3285.5,3285.5,3285.5,1
2026-04-24 11:20:00,3286.0,3300.0,3286.0,3300.0,59
2026-04-24 11:30:00,3301.5,3303.5,3301.5,3303.5,37
2026-04-24 11:40:00,3302.0,3302.0,3302.0,3302.0,2
2026-04-24 11:50:00,3306.5,3306.5,3306.5,3306.5,1
2026-04-24 12:00:00,3304.0,3304.0,3302.5,3302.5,3
2026-04-24 12:10:00,3301.5,3308.5,3301.5,3308.5,2
2026-04-24 12:20:00,3311.0,3311.0,3311.0,3311.0,1
2026-04-24 12:40:00,3306.0,3306.0,3294.5,3305.0,3
2026-04-24 13:00:00,3288.5,3301.5,3287.5,3301.5,7
2026-04-24 13:10:00,3302.5,3302.5,3302.5,3302.5,6
2026-04-24 13:50:00,3307.5,3312.5,3307.5,3312.5,6
2026-04-24 14:10:00,3311.0,3312.5,3311.0,3312.5,2
2026-04-24 14:20:00,3312.5,3312.5,3312.5,3312.5,1
2026-04-24 15:10:00,3307.0,3307.0,3307.0,3307.0,3
2026-04-24 15:20:00,3316.5,3316.5,3307.0,3307.0,2
2026-04-24 15:40:00,3303.0,3303.0,3303.0,3303.0,1
2026-04-24 16:10:00,3309.0,3309.0,3309.0,3309.0,1
2026-04-24 16:40:00,3316.0,3316.0,3316.0,3316.0,1
2026-04-24 16:50:00,3316.0,3325.5,3309.5,3312.0,64
2026-04-24 17:00:00,3312.0,3312.0,3312.0,3312.0,1
2026-04-24 17:20:00,3303.0,3303.0,3303.0,3303.0,1
2026-04-24 17:30:00,3302.5,3302.5,3302.5,3302.5,2
2026-04-24 17:50:00,3312.0,3312.0,3312.0,3312.0,1
2026-04-24 18:10:00,3314.5,3317.0,3314.5,3316.5,4
2026-04-24 18:20:00,3302.0,3302.0,3301.5,3301.5,4
2026-04-24 18:40:00,3301.5,3301.5,3301.5,3301.5,1
2026-04-24 18:50:00,3293.0,3293.0,3286.5,3286.5,3
2026-04-24 19:00:00,3297.5,3298.5,3295.5,3298.5,3
2026-04-24 20:50:00,3304.0,3304.0,3292.0,3296.5,5
2026-04-24 23:30:00,3282.0,3282.0,3282.0,3282.0,1
2026-04-25 10:20:00,3312.5,3312.5,3312.5,3312.5,3
2026-04-25 10:50:00,3286.5,3286.5,3286.5,3286.5,1
2026-04-25 11:00:00,3299.5,3299.5,3299.5,3299.5,1
2026-04-25 11:10:00,3294.5,3294.5,3294.5,3294.5,1
2026-04-25 11:40:00,3287.5,3287.5,3287.5,3287.5,1
2026-04-25 12:00:00,3306.5,3306.5,3306.5,3306.5,1
2026-04-25 12:20:00,3286.5,3286.5,3286.5,3286.5,1
2026-04-25 13:50:00,3286.5,3286.5,3286.5,3286.5,1
2026-04-25 14:00:00,3289.5,3289.5,3289.5,3289.5,1
2026-04-25 15:10:00,3281.5,3281.5,3278.0,3278.0,2
2026-04-25 18:20:00,3276.5,3276.5,3271.5,3271.5,4
2026-04-25 18:30:00,3301.5,3305.5,3270.5,3270.5,8
2026-04-26 12:10:00,3275.5,3275.5,3275.5,3275.5,1
2026-04-26 15:30:00,3291.5,3311.5,3291.5,3311.5,4
2026-04-26 15:50:00,3315.5,3315.5,3315.5,3315.5,2
2026-04-26 16:00:00,3316.5,3316.5,3316.5,3316.5,1
2026-04-26 17:00:00,3317.5,3317.5,3317.5,3317.5,1
2026-04-26 17:30:00,3317.5,3317.5,3317.5,3317.5,1
2026-04-26 18:20:00,3317.5,3317.5,3317.5,3317.5,2
2026-04-27 09:10:00,3312.0,3312.0,3312.0,3312.0,1
2026-04-27 09:30:00,3306.0,3306.0,3306.0,3306.0,1
2026-04-27 09:40:00,3304.5,3305.5,3304.5,3305.5,3
2026-04-27 09:50:00,3304.0,3304.0,3297.0,3297.0,4
2026-04-27 11:00:00,3287.0,3287.0,3286.5,3286.5,6
2026-04-27 11:50:00,3286.5,3286.5,3286.5,3286.5,3
2026-04-27 12:20:00,3291.0,3291.0,3282.0,3282.0,11
2026-04-27 13:00:00,3286.5,3286.5,3286.5,3286.5,1
2026-04-27 13:10:00,3285.0,3285.0,3285.0,3285.0,1
2026-04-27 13:50:00,3293.0,3295.5,3287.0,3287.0,48
2026-04-27 14:00:00,3282.5,3282.5,3281.5,3281.5,5
2026-04-27 14:20:00,3281.5,3281.5,3276.5,3276.5,4
2026-04-27 14:30:00,3272.5,3272.5,3266.5,3266.5,12
2026-04-27 14:40:00,3261.5,3261.5,3253.0,3253.0,83
2026-04-27 14:50:00,3253.5,3257.5,3253.5,3257.5,2
2026-04-27 15:00:00,3262.0,3281.5,3262.0,3281.5,53
2026-04-27 15:20:00,3279.5,3279.5,3279.5,3279.5,2
2026-04-27 16:00:00,3270.5,3270.5,3218.0,3260.5,43
2026-04-27 16:20:00,3246.0,3253.0,3240.0,3240.0,39
2026-04-27 16:30:00,3236.5,3236.5,3236.5,3236.5,1
2026-04-27 16:40:00,3236.5,3238.5,3236.0,3238.5,25
2026-04-27 16:50:00,3235.0,3235.0,3233.5,3233.5,4
2026-04-27 17:00:00,3233.5,3233.5,3233.5,3233.5,3
2026-04-27 17:20:00,3234.0,3234.0,3234.0,3234.0,1
2026-04-27 17:30:00,3247.5,3248.5,3247.5,3248.5,6
2026-04-27 17:40:00,3249.0,3249.0,3249.0,3249.0,1
2026-04-27 18:00:00,3233.5,3233.5,3226.5,3226.5,10
2026-04-27 18:30:00,3233.5,3233.5,3222.0,3222.0,37
2026-04-27 19:10:00,3222.0,3222.0,3221.5,3221.5,2
2026-04-27 19:30:00,3217.5,3217.5,3217.0,3217.0,18
2026-04-27 19:40:00,3216.5,3216.5,3216.5,3216.5,3
2026-04-27 19:50:00,3221.0,3221.0,3221.0,3221.0,2
2026-04-27 20:00:00,3220.5,3228.0,3220.5,3225.0,6
2026-04-27 20:10:00,3215.0,3221.5,3215.0,3221.5,3
2026-04-27 20:20:00,3220.5,3221.0,3220.5,3221.0,9
2026-04-27 20:40:00,3223.0,3223.0,3223.0,3223.0,3
2026-04-27 21:00:00,3222.0,3222.0,3222.0,3222.0,1
2026-04-27 21:10:00,3222.5,3223.0,3222.0,3222.0,3
2026-04-27 21:30:00,3222.5,3222.5,3222.5,3222.5,1
2026-04-27 22:20:00,3222.0,3222.0,3222.0,3222.0,2
2026-04-27 22:50:00,3222.5,3222.5,3222.5,3222.5,2
2026-04-27 23:10:00,3222.0,3222.0,3221.5,3221.5,2
2026-04-28 09:00:00,3222.5,3222.5,3179.5,3179.5,34
2026-04-28 09:30:00,3179.5,3194.5,3177.0,3194.5,6
2026-04-28 10:30:00,3193.0,3194.5,3187.0,3187.0,44
2026-04-28 10:50:00,3199.5,3199.5,3199.5,3199.5,4
2026-04-28 11:10:00,3187.5,3187.5,3187.5,3187.5,2
2026-04-28 11:40:00,3206.5,3206.5,3206.5,3206.5,2
2026-04-28 12:10:00,3203.0,3203.0,3203.0,3203.0,1
2026-04-28 12:40:00,3192.5,3192.5,3192.5,3192.5,1
2026-04-28 12:50:00,3187.5,3187.5,3187.5,3187.5,1
2026-04-28 13:00:00,3187.5,3195.5,3187.5,3195.5,12
2026-04-28 14:00:00,3196.0,3196.0,3196.0,3196.0,1
2026-04-28 14:30:00,3187.5,3187.5,3187.0,3187.0,10
2026-04-28 14:40:00,3178.5,3178.5,3178.5,3178.5,1
2026-04-28 15:20:00,3190.5,3191.0,3187.0,3187.0,13
2026-04-28 16:00:00,3180.5,3185.0,3179.5,3185.0,18
2026-04-28 16:40:00,3185.0,3194.5,3185.0,3194.5,20
2026-04-28 17:00:00,3200.0,3203.0,3200.0,3203.0,69
2026-04-28 17:50:00,3189.5,3200.5,3187.0,3200.5,9
2026-04-28 19:40:00,3199.0,3199.0,3199.0,3199.0,4
2026-04-28 20:00:00,3179.5,3179.5,3179.5,3179.5,1
2026-04-28 21:30:00,3186.0,3186.5,3186.0,3186.5,3
2026-04-28 21:50:00,3227.5,3227.5,3183.0,3183.0,2
2026-04-28 22:20:00,3186.0,3186.0,3186.0,3186.0,1
2026-04-28 22:30:00,3205.0,3205.0,3205.0,3205.0,1
2026-04-28 23:20:00,3179.5,3179.5,3179.0,3179.0,2
2026-04-29 09:10:00,3201.5,3201.5,3192.0,3192.0,3
2026-04-29 09:20:00,3191.5,3191.5,3191.5,3191.5,1
2026-04-29 10:00:00,3196.0,3196.5,3196.0,3196.5,2
2026-04-29 10:10:00,3187.0,3187.0,3187.0,3187.0,1
2026-04-29 11:20:00,3178.0,3178.0,3167.0,3167.0,6
2026-04-29 11:30:00,3170.5,3170.5,3170.5,3170.5,5
2026-04-29 11:50:00,3156.5,3156.5,3156.5,3156.5,1
2026-04-29 12:30:00,3161.5,3161.5,3161.5,3161.5,1
2026-04-29 12:40:00,3161.5,3161.5,3161.5,3161.5,7
2026-04-29 13:00:00,3142.0,3151.5,3140.5,3140.5,17
2026-04-29 13:50:00,3143.0,3143.0,3143.0,3143.0,2
2026-04-29 14:00:00,3144.0,3144.0,3144.0,3144.0,10
2026-04-29 15:30:00,3152.0,3153.5,3152.0,3153.5,20
2026-04-29 15:50:00,3153.5,3153.5,3153.5,3153.5,5
2026-04-29 16:00:00,3134.0,3139.5,3134.0,3139.5,5
2026-04-29 16:20:00,3131.0,3131.0,3131.0,3131.0,3
2026-04-29 16:30:00,3133.0,3133.0,3133.0,3133.0,1
2026-04-29 17:10:00,3130.0,3130.0,3130.0,3130.0,4
2026-04-29 17:20:00,3130.5,3130.5,3130.5,3130.5,10
2026-04-29 17:30:00,3146.5,3146.5,3146.5,3146.5,1
2026-04-29 17:40:00,3143.0,3143.0,3143.0,3143.0,1
2026-04-29 18:10:00,3133.5,3133.5,3131.5,3131.5,4
2026-04-29 18:30:00,3117.0,3117.0,3117.0,3117.0,674
2026-04-29 18:50:00,3113.5,3113.5,3113.5,3113.5,1
2026-04-29 19:10:00,3111.5,3111.5,3111.5,3111.5,1
2026-04-29 19:30:00,3129.0,3131.5,3129.0,3131.5,9
2026-04-29 20:30:00,3119.5,3119.5,3119.5,3119.5,1
2026-04-29 21:40:00,3081.5,3102.0,3081.5,3102.0,3
2026-04-29 21:50:00,3143.5,3143.5,3143.5,3143.5,1
2026-04-29 23:10:00,3145.0,3145.0,3145.0,3145.0,1
2026-04-29 23:30:00,3145.0,3145.0,3145.0,3145.0,1
2026-04-30 09:10:00,3111.5,3111.5,3111.5,3111.5,1
2026-04-30 09:30:00,3111.5,3111.5,3111.5,3111.5,1
2026-04-30 10:10:00,3119.5,3119.5,3119.5,3119.5,1
2026-04-30 11:00:00,3149.5,3149.5,3149.5,3149.5,2
2026-04-30 11:10:00,3158.0,3158.0,3158.0,3158.0,4
2026-04-30 12:10:00,3148.0,3148.0,3148.0,3148.0,1
2026-04-30 14:20:00,3170.5,3170.5,3170.5,3170.5,1
2026-04-30 14:30:00,3168.5,3168.5,3168.5,3168.5,10
2026-04-30 14:50:00,3171.5,3171.5,3171.5,3171.5,2
2026-04-30 15:40:00,3180.5,3180.5,3180.5,3180.5,1
2026-04-30 16:00:00,3180.5,3180.5,3180.5,3180.5,6
2026-04-30 16:40:00,3196.5,3196.5,3196.5,3196.5,1
2026-04-30 16:50:00,3154.0,3154.0,3154.0,3154.0,1
2026-04-30 17:40:00,3151.5,3151.5,3151.5,3151.5,6
2026-04-30 17:50:00,3149.0,3149.0,3149.0,3149.0,1
2026-04-30 18:20:00,3181.5,3181.5,3181.5,3181.5,1
2026-04-30 18:40:00,3176.0,3176.0,3176.0,3176.0,15
2026-04-30 20:10:00,3168.0,3168.0,3168.0,3168.0,1
2026-04-30 20:20:00,3169.0,3169.0,3169.0,3169.0,2
2026-04-30 21:00:00,3181.0,3181.0,3181.0,3181.0,1
2026-05-01 09:50:00,3210.5,3210.5,3210.5,3210.5,1
2026-05-01 10:00:00,3210.0,3210.0,3201.0,3201.0,12
2026-05-01 10:30:00,3201.0,3201.0,3196.5,3196.5,6
2026-05-01 10:50:00,3191.5,3191.5,3191.5,3191.5,1
2026-05-01 11:10:00,3191.5,3191.5,3186.5,3186.5,2
2026-05-01 11:50:00,3181.5,3181.5,3181.5,3181.5,1
2026-05-01 12:00:00,3176.5,3176.5,3169.5,3169.5,3
2026-05-01 12:50:00,3166.5,3166.5,3166.5,3166.5,1
2026-05-01 13:40:00,3166.5,3166.5,3166.5,3166.5,10
2026-05-01 14:50:00,3161.5,3161.5,3161.5,3161.5,1
2026-05-01 16:10:00,3163.5,3163.5,3156.5,3156.5,2
2026-05-01 17:00:00,3175.0,3175.0,3175.0,3175.0,1
2026-05-01 17:10:00,3186.5,3186.5,3186.5,3186.5,1
2026-05-01 17:20:00,3186.5,3191.5,3186.5,3191.5,6
2026-05-01 18:00:00,3161.5,3161.5,3161.5,3161.5,1
2026-05-01 18:50:00,3161.5,3161.5,3151.5,3151.5,3
2026-05-01 19:30:00,3149.0,3149.0,3148.5,3148.5,6
2026-05-03 11:00:00,3146.5,3146.5,3146.5,3146.5,2
2026-05-03 11:10:00,3141.5,3141.5,3097.0,3097.0,11
2026-05-03 11:40:00,3121.5,3121.5,3119.5,3119.5,2
2026-05-03 13:00:00,3116.5,3116.5,3116.5,3116.5,1
2026-05-03 15:20:00,3112.0,3112.0,3112.0,3112.0,3
2026-05-04 09:00:00,3145.0,3145.0,3145.0,3145.0,1
2026-05-04 10:00:00,3144.5,3144.5,3144.5,3144.5,1
2026-05-04 10:40:00,3112.0,3142.5,3112.0,3142.5,3
2026-05-04 13:20:00,3140.0,3142.5,3140.0,3142.5,10
2026-05-04 14:20:00,3108.5,3108.5,3108.5,3108.5,2
2026-05-04 15:30:00,3137.0,3144.0,3136.5,3144.0,4
2026-05-04 15:40:00,3145.5,3145.5,3145.5,3145.5,1
2026-05-04 18:40:00,3116.5,3116.5,3090.0,3090.0,10
2026-05-04 18:50:00,3082.0,3082.0,3082.0,3082.0,2
2026-05-04 19:10:00,3082.5,3100.5,3082.0,3100.0,9
2026-05-04 21:50:00,3082.5,3082.5,3082.5,3082.5,1
2026-05-04 23:40:00,3094.5,3094.5,3094.5,3094.5,1
2026-05-05 09:00:00,3135.5,3145.5,3135.0,3145.5,7
2026-05-05 09:10:00,3145.0,3151.5,3145.0,3151.5,50
2026-05-05 09:20:00,3153.5,3154.0,3153.5,3154.0,5
2026-05-05 09:40:00,3149.5,3149.5,3148.0,3148.0,2
2026-05-05 09:50:00,3148.0,3148.0,3142.0,3142.0,50
2026-05-05 10:00:00,3142.0,3150.5,3142.0,3150.5,20
2026-05-05 10:10:00,3156.5,3175.0,3156.5,3175.0,76
2026-05-05 10:20:00,3171.5,3171.5,3167.5,3167.5,61
2026-05-05 10:30:00,3176.5,3176.5,3175.5,3175.5,2
2026-05-05 11:00:00,3162.0,3171.5,3162.0,3171.5,7
2026-05-05 11:10:00,3167.0,3167.0,3167.0,3167.0,1
2026-05-05 11:20:00,3165.0,3174.5,3164.5,3174.5,9
2026-05-05 12:00:00,3173.5,3173.5,3173.5,3173.5,1
2026-05-05 12:10:00,3175.0,3175.0,3175.0,3175.0,1
2026-05-05 12:30:00,3171.5,3171.5,3171.5,3171.5,1
2026-05-05 12:50:00,3160.0,3160.0,3160.0,3160.0,1
2026-05-05 13:00:00,3161.0,3161.0,3161.0,3161.0,1
2026-05-05 13:10:00,3169.5,3172.0,3161.0,3172.0,4
2026-05-05 13:20:00,3170.5,3170.5,3158.5,3158.5,2
2026-05-05 13:40:00,3172.0,3177.5,3172.0,3177.5,10
2026-05-05 14:00:00,3162.5,3162.5,3162.5,3162.5,1
2026-05-05 14:10:00,3150.5,3150.5,3150.5,3150.5,1
2026-05-05 14:30:00,3170.5,3170.5,3160.0,3160.0,2
2026-05-05 15:30:00,3161.0,3161.0,3161.0,3161.0,1
2026-05-05 16:00:00,3168.5,3168.5,3168.5,3168.5,1
2026-05-05 16:10:00,3181.0,3181.0,3181.0,3181.0,2
2026-05-05 16:20:00,3181.5,3196.5,3181.5,3196.5,6
2026-05-05 17:00:00,3179.5,3179.5,3179.5,3179.5,6
2026-05-05 17:30:00,3178.5,3179.0,3167.0,3167.0,4
2026-05-05 17:40:00,3166.5,3166.5,3166.5,3166.5,1
2026-05-05 20:30:00,3166.5,3166.5,3166.5,3166.5,4
2026-05-05 21:20:00,3187.0,3187.0,3161.5,3161.5,4
2026-05-05 22:50:00,3162.0,3162.0,3162.0,3162.0,1
2026-05-06 08:50:00,3157.5,3157.5,3157.5,3157.5,1
2026-05-06 09:00:00,3191.5,3231.5,3191.5,3215.5,16
2026-05-06 09:10:00,3214.0,3214.0,3214.0,3214.0,6
2026-05-06 09:20:00,3222.0,3226.5,3222.0,3226.5,5
2026-05-06 10:40:00,3216.5,3216.5,3216.5,3216.5,3
2026-05-06 10:50:00,3216.5,3216.5,3216.5,3216.5,2
2026-05-06 11:00:00,3212.5,3212.5,3212.5,3212.5,2
2026-05-06 11:10:00,3204.5,3204.5,3204.5,3204.5,7
2026-05-06 11:50:00,3228.5,3246.0,3228.5,3232.5,12
2026-05-06 12:00:00,3230.0,3230.0,3216.5,3216.5,2
2026-05-06 12:20:00,3232.5,3232.5,3232.5,3232.5,1
2026-05-06 13:00:00,3239.5,3239.5,3239.5,3239.5,1
2026-05-06 13:50:00,3239.0,3239.0,3230.5,3239.0,8
2026-05-06 14:00:00,3225.0,3225.0,3225.0,3225.0,1
2026-05-06 15:00:00,3228.0,3228.0,3228.0,3228.0,1
2026-05-06 15:10:00,3212.0,3212.0,3201.5,3201.5,7
2026-05-06 16:00:00,3196.5,3196.5,3196.5,3196.5,1
2026-05-06 17:20:00,3199.0,3199.0,3191.5,3191.5,3
2026-05-06 17:30:00,3204.5,3204.5,3204.5,3204.5,8
2026-05-06 17:50:00,3205.5,3205.5,3205.5,3205.5,1
2026-05-06 19:10:00,3210.5,3210.5,3210.5,3210.5,1
2026-05-06 19:20:00,3210.0,3212.0,3210.0,3212.0,5
2026-05-06 19:40:00,3209.0,3209.0,3209.0,3209.0,1
2026-05-06 20:50:00,3208.5,3208.5,3208.5,3208.5,3
2026-05-06 22:20:00,3221.0,3221.0,3221.0,3221.0,1
2026-05-07 09:00:00,3187.5,3225.0,3187.5,3225.0,4
2026-05-07 09:10:00,3224.5,3224.5,3224.5,3224.5,1
2026-05-07 09:30:00,3226.5,3226.5,3217.0,3217.0,3
2026-05-07 09:40:00,3231.5,3231.5,3231.5,3231.5,1
2026-05-07 10:00:00,3236.5,3236.5,3236.5,3236.5,1
2026-05-07 10:10:00,3234.0,3246.0,3233.5,3246.0,4
2026-05-07 10:20:00,3244.0,3244.0,3231.0,3231.0,2
2026-05-07 10:30:00,3246.0,3246.0,3232.5,3232.5,9
2026-05-07 10:50:00,3246.0,3246.0,3246.0,3246.0,1
2026-05-07 11:10:00,3246.5,3249.5,3237.0,3237.0,3
2026-05-07 11:30:00,3249.5,3249.5,3236.0,3236.0,2
2026-05-07 11:40:00,3236.0,3236.0,3236.0,3236.0,2
2026-05-07 11:50:00,3236.0,3236.0,3235.5,3235.5,3
2026-05-07 12:20:00,3218.0,3218.0,3218.0,3218.0,2
2026-05-07 12:50:00,3228.0,3228.0,3228.0,3228.0,19
2026-05-07 13:20:00,3238.0,3238.0,3238.0,3238.0,1
2026-05-07 14:40:00,3236.0,3247.5,3236.0,3247.5,2
2026-05-07 14:50:00,3234.0,3234.0,3234.0,3234.0,1
2026-05-07 15:50:00,3249.5,3250.0,3249.5,3250.0,3
2026-05-07 16:00:00,3251.5,3251.5,3243.5,3251.5,5
2026-05-07 16:20:00,3250.5,3250.5,3250.5,3250.5,2
2026-05-07 16:30:00,3256.5,3256.5,3256.5,3256.5,1
2026-05-07 17:10:00,3251.0,3266.5,3251.0,3266.5,14
2026-05-07 17:30:00,3261.0,3261.0,3250.0,3250.0,2
2026-05-07 17:40:00,3260.5,3260.5,3260.5,3260.5,1
2026-05-07 18:00:00,3264.0,3264.0,3260.0,3260.0,2
2026-05-07 18:30:00,3264.5,3267.0,3264.5,3267.0,2
2026-05-07 18:40:00,3267.5,3267.5,3267.0,3267.0,14
2026-05-07 19:40:00,3262.5,3262.5,3250.5,3250.5,4
2026-05-07 20:00:00,3266.0,3266.0,3266.0,3266.0,2
2026-05-07 20:10:00,3251.5,3251.5,3241.5,3241.5,10
2026-05-07 20:40:00,3265.5,3267.5,3265.5,3267.5,10
2026-05-07 21:30:00,3242.0,3242.0,3232.0,3232.0,10
2026-05-07 22:10:00,3260.5,3260.5,3260.5,3260.5,2
2026-05-07 23:00:00,3233.5,3233.5,3233.5,3233.5,1
2026-05-08 09:00:00,3265.5,3266.5,3265.5,3266.5,5
2026-05-08 09:20:00,3255.0,3259.5,3255.0,3259.5,5
2026-05-08 09:30:00,3255.0,3255.0,3255.0,3255.0,1
2026-05-08 09:40:00,3261.0,3261.0,3261.0,3261.0,1
2026-05-08 09:50:00,3254.5,3267.0,3253.5,3253.5,3
2026-05-08 10:00:00,3244.5,3244.5,3244.5,3244.5,1
2026-05-08 11:00:00,3239.0,3239.0,3236.5,3236.5,3
2026-05-08 11:20:00,3252.0,3252.5,3250.5,3252.5,20
2026-05-08 12:10:00,3240.0,3240.0,3240.0,3240.0,1
2026-05-08 14:30:00,3232.0,3232.0,3231.5,3231.5,8
2026-05-08 15:00:00,3231.5,3231.5,3231.5,3231.5,10
2026-05-08 15:10:00,3232.0,3232.0,3232.0,3232.0,1
2026-05-08 17:20:00,3247.0,3247.0,3247.0,3247.0,3
2026-05-08 17:50:00,3232.0,3232.0,3231.5,3231.5,6
2026-05-08 18:20:00,3226.5,3226.5,3221.5,3221.5,2
2026-05-08 18:40:00,3226.5,3228.0,3226.5,3228.0,4
2026-05-11 09:00:00,3228.0,3228.0,3228.0,3228.0,2
2026-05-11 09:30:00,3232.5,3232.5,3232.5,3232.5,1
2026-05-11 10:20:00,3228.0,3228.0,3206.5,3206.5,5
2026-05-11 12:30:00,3234.5,3236.5,3234.5,3236.5,2
2026-05-11 13:40:00,3241.5,3246.5,3241.5,3246.5,2
2026-05-11 14:00:00,3240.0,3240.0,3240.0,3240.0,2
2026-05-11 14:10:00,3246.5,3246.5,3246.5,3246.5,4
2026-05-11 14:30:00,3251.5,3254.5,3251.5,3254.5,2
2026-05-11 14:50:00,3256.5,3256.5,3256.5,3256.5,1
2026-05-11 16:00:00,3261.5,3261.5,3261.5,3261.5,1
2026-05-11 17:10:00,3266.5,3281.5,3266.5,3281.5,4
2026-05-11 17:20:00,3286.0,3286.0,3275.5,3275.5,2
2026-05-11 17:30:00,3272.0,3272.0,3272.0,3272.0,1
2026-05-11 17:40:00,3275.0,3275.0,3257.5,3257.5,3
2026-05-11 18:20:00,3266.5,3282.5,3266.5,3282.5,2
2026-05-11 18:30:00,3286.0,3286.5,3286.0,3286.5,2
2026-05-11 19:00:00,3291.0,3291.0,3279.5,3279.5,2
2026-05-11 19:50:00,3273.5,3273.5,3272.5,3272.5,2
2026-05-11 20:00:00,3276.0,3276.0,3276.0,3276.0,4
2026-05-11 20:50:00,3291.0,3291.0,3291.0,3291.0,2
2026-05-11 22:20:00,3291.0,3291.0,3291.0,3291.0,1
2026-05-11 22:50:00,3291.0,3320.0,3291.0,3316.5,28
2026-05-11 23:40:00,3316.5,3316.5,3316.5,3316.5,8
2026-05-12 09:00:00,3286.5,3290.5,3286.5,3290.5,2
2026-05-12 09:10:00,3281.5,3281.5,3281.5,3281.5,1
2026-05-12 09:20:00,3276.5,3276.5,3276.5,3276.5,1
2026-05-12 09:30:00,3271.5,3271.5,3266.5,3266.5,2
2026-05-12 09:50:00,3263.5,3263.5,3263.5,3263.5,2
2026-05-12 10:00:00,3277.5,3277.5,3277.5,3277.5,1
2026-05-12 10:10:00,3277.0,3277.0,3277.0,3277.0,1
2026-05-12 10:20:00,3276.5,3276.5,3276.5,3276.5,1
2026-05-12 10:30:00,3287.5,3287.5,3287.5,3287.5,1
2026-05-12 10:40:00,3276.5,3276.5,3276.5,3276.5,2
2026-05-12 12:00:00,3293.5,3293.5,3293.5,3293.5,1
2026-05-12 12:20:00,3296.0,3311.5,3296.0,3311.5,13
2026-05-12 12:30:00,3316.5,3316.5,3310.0,3310.0,2
2026-05-12 13:10:00,3313.0,3313.0,3313.0,3313.0,1
2026-05-12 15:00:00,3321.5,3327.5,3312.5,3312.5,4
2026-05-12 15:10:00,3331.0,3331.0,3331.0,3331.0,2
2026-05-12 15:20:00,3316.5,3316.5,3316.5,3316.5,8
2026-05-12 15:30:00,3331.5,3336.0,3320.5,3335.5,8
2026-05-12 15:40:00,3334.5,3336.5,3334.5,3336.5,12
2026-05-12 15:50:00,3341.5,3346.5,3341.5,3346.5,4
2026-05-12 16:00:00,3346.5,3346.5,3346.5,3346.5,1
2026-05-12 16:30:00,3345.5,3345.5,3345.5,3345.5,1
2026-05-12 16:50:00,3346.5,3346.5,3346.5,3346.5,1
2026-05-12 17:00:00,3333.0,3351.5,3333.0,3351.5,6
2026-05-12 17:10:00,3351.5,3351.5,3341.0,3342.5,12
2026-05-12 18:20:00,3334.5,3334.5,3334.5,3334.5,3
2026-05-12 20:40:00,3334.5,3334.5,3334.5,3334.5,3
2026-05-12 21:30:00,3343.5,3343.5,3343.5,3343.5,2
2026-05-12 22:00:00,3343.5,3346.0,3343.5,3346.0,3
2026-05-12 23:20:00,3347.5,3347.5,3347.5,3347.5,1
2026-05-12 23:40:00,3347.0,3356.5,3347.0,3356.5,7
2026-05-13 09:10:00,3351.5,3351.5,3346.5,3351.5,3
2026-05-13 09:30:00,3361.5,3361.5,3355.5,3355.5,2
2026-05-13 09:50:00,3349.0,3349.0,3349.0,3349.0,1
2026-05-13 10:00:00,3361.5,3366.5,3361.5,3366.5,3
2026-05-13 10:10:00,3371.0,3371.0,3371.0,3371.0,1
2026-05-13 10:30:00,3371.5,3376.5,3366.5,3366.5,10
2026-05-13 10:40:00,3371.0,3377.0,3371.0,3377.0,1501
2026-05-13 11:00:00,3380.0,3384.0,3380.0,3384.0,7
2026-05-13 11:10:00,3378.0,3378.0,3378.0,3378.0,1
2026-05-13 11:20:00,3369.5,3369.5,3369.5,3369.5,4
2026-05-13 11:40:00,3363.5,3364.0,3340.5,3351.0,15
2026-05-13 12:10:00,3351.0,3351.0,3351.0,3351.0,1
2026-05-13 12:40:00,3351.5,3364.5,3351.5,3364.5,4
2026-05-13 13:40:00,3351.5,3351.5,3351.5,3351.5,5
2026-05-13 14:00:00,3351.0,3357.5,3347.0,3347.0,3
2026-05-13 14:30:00,3360.0,3361.5,3355.5,3355.5,17
2026-05-13 14:40:00,3359.0,3359.0,3347.5,3347.5,10
2026-05-13 14:50:00,3346.5,3346.5,3346.5,3346.5,1
2026-05-13 15:10:00,3342.0,3342.0,3336.5,3336.5,7
2026-05-13 15:30:00,3344.5,3345.0,3344.5,3345.0,4
2026-05-13 15:50:00,3355.5,3355.5,3355.5,3355.5,1
2026-05-13 16:20:00,3353.0,3353.0,3353.0,3353.0,1
2026-05-13 16:30:00,3356.0,3356.0,3356.0,3356.0,1
2026-05-13 16:40:00,3366.0,3366.5,3366.0,3366.5,3
2026-05-13 17:00:00,3371.0,3371.0,3371.0,3371.0,2
2026-05-13 17:20:00,3369.0,3369.0,3359.5,3359.5,2
2026-05-13 17:40:00,3357.0,3357.0,3356.5,3356.5,21
2026-05-13 18:10:00,3341.0,3341.0,3340.5,3340.5,6
2026-05-13 18:20:00,3339.5,3339.5,3336.5,3336.5,5
2026-05-13 18:30:00,3331.5,3336.5,3328.5,3336.5,21
2026-05-13 19:10:00,3361.0,3361.5,3361.0,3361.5,6
2026-05-13 19:30:00,3366.5,3381.5,3366.5,3378.5,7
2026-05-13 19:40:00,3386.5,3387.5,3380.0,3386.5,15
2026-05-13 19:50:00,3376.0,3376.0,3370.5,3370.5,3
2026-05-13 20:40:00,3370.5,3370.5,3370.5,3370.5,1
2026-05-14 09:00:00,3368.0,3368.0,3368.0,3368.0,1
2026-05-14 09:10:00,3362.5,3362.5,3362.5,3362.5,3
2026-05-14 10:00:00,3372.0,3386.5,3372.0,3386.5,31
2026-05-14 10:10:00,3385.5,3392.0,3377.0,3377.0,13
2026-05-14 10:20:00,3376.5,3376.5,3376.5,3376.5,2
2026-05-14 10:40:00,3394.5,3395.0,3394.0,3394.0,4
2026-05-14 10:50:00,3396.5,3413.5,3396.5,3413.5,15
2026-05-14 11:00:00,3401.5,3411.5,3397.0,3406.5,8
2026-05-14 11:10:00,3411.0,3414.5,3411.0,3411.5,20
2026-05-14 11:20:00,3411.0,3418.5,3409.0,3418.5,3
2026-05-14 11:30:00,3417.5,3418.5,3408.5,3411.0,10
2026-05-14 11:40:00,3415.5,3418.0,3409.5,3409.5,11
2026-05-14 11:50:00,3409.5,3417.0,3409.0,3417.0,7
2026-05-14 12:00:00,3412.0,3414.0,3408.5,3408.5,4
2026-05-14 12:10:00,3416.5,3418.5,3416.5,3418.5,39
2026-05-14 12:20:00,3413.0,3418.5,3413.0,3414.5,4
2026-05-14 12:40:00,3415.0,3416.5,3415.0,3416.5,2
2026-05-14 12:50:00,3415.0,3415.0,3415.0,3415.0,1
2026-05-14 13:00:00,3418.5,3418.5,3418.5,3418.5,1
2026-05-14 13:10:00,3418.0,3427.0,3418.0,3421.5,15
2026-05-14 13:20:00,3426.0,3431.5,3426.0,3431.5,28
2026-05-14 13:30:00,3436.0,3436.0,3425.0,3434.0,30
2026-05-14 13:40:00,3431.5,3431.5,3419.0,3419.0,16
2026-05-14 13:50:00,3421.5,3421.5,3419.0,3419.0,6
2026-05-14 14:00:00,3419.5,3419.5,3414.5,3414.5,32
2026-05-14 14:10:00,3415.0,3426.0,3415.0,3426.0,3
2026-05-14 14:20:00,3422.0,3422.0,3422.0,3422.0,11
2026-05-14 14:30:00,3429.0,3430.5,3429.0,3430.5,10
2026-05-14 14:50:00,3429.5,3429.5,3417.0,3417.0,2
2026-05-14 15:00:00,3418.0,3418.0,3414.0,3414.0,4
2026-05-14 15:10:00,3423.0,3423.0,3423.0,3423.0,2
2026-05-14 15:20:00,3410.0,3410.0,3410.0,3410.0,6
2026-05-14 15:30:00,3409.5,3420.5,3409.5,3420.5,10
2026-05-14 15:40:00,3415.0,3415.0,3402.5,3408.5,13
2026-05-14 15:50:00,3403.0,3403.0,3401.5,3401.5,14
2026-05-14 16:00:00,3396.5,3403.0,3387.5,3401.5,17
2026-05-14 16:10:00,3407.5,3408.0,3395.5,3395.5,4
2026-05-14 16:30:00,3404.5,3404.5,3381.5,3381.5,32
2026-05-14 16:40:00,3384.0,3384.0,3379.5,3379.5,5
2026-05-14 16:50:00,3400.5,3400.5,3382.5,3382.5,3
2026-05-14 17:00:00,3389.5,3391.0,3376.5,3380.0,15
2026-05-14 17:10:00,3373.0,3378.5,3364.0,3378.5,48
2026-05-14 17:20:00,3374.5,3374.5,3370.0,3370.0,6
2026-05-14 17:30:00,3370.0,3396.5,3370.0,3390.5,31
2026-05-14 17:40:00,3392.0,3392.0,3392.0,3392.0,1
2026-05-14 18:10:00,3387.5,3387.5,3387.5,3387.5,5
2026-05-14 18:30:00,3389.5,3389.5,3389.0,3389.0,3
2026-05-14 19:00:00,3400.0,3400.0,3400.0,3400.0,3
2026-05-14 19:20:00,3400.5,3401.0,3400.5,3401.0,7
2026-05-14 20:30:00,3400.5,3400.5,3400.5,3400.5,16
2026-05-14 21:00:00,3367.0,3371.5,3320.5,3371.5,80
2026-05-14 21:10:00,3368.0,3368.0,3368.0,3368.0,1
2026-05-14 21:50:00,3368.0,3381.5,3368.0,3381.5,3
2026-05-14 22:00:00,3381.5,3381.5,3366.5,3372.0,3
2026-05-14 22:30:00,3370.0,3370.0,3370.0,3370.0,1
2026-05-14 22:40:00,3381.0,3381.0,3380.0,3380.0,4
2026-05-14 23:00:00,3363.5,3363.5,3363.5,3363.5,1
2026-05-14 23:30:00,3364.5,3364.5,3364.5,3364.5,1
2026-05-14 23:40:00,3380.0,3384.5,3380.0,3384.5,3
2026-05-15 09:00:00,3351.5,3351.5,3321.5,3327.5,48
2026-05-15 09:10:00,3331.0,3331.0,3331.0,3331.0,1
2026-05-15 09:20:00,3329.5,3329.5,3329.5,3329.5,2
2026-05-15 09:30:00,3345.0,3348.5,3345.0,3348.5,4
2026-05-15 09:50:00,3332.0,3332.0,3332.0,3332.0,2
2026-05-15 10:00:00,3332.0,3332.0,3329.0,3329.0,7
2026-05-15 10:10:00,3328.0,3328.0,3328.0,3328.0,3
2026-05-15 10:30:00,3322.0,3322.0,3321.5,3321.5,3
2026-05-15 10:40:00,3323.0,3333.5,3323.0,3333.5,7
2026-05-15 11:00:00,3330.0,3330.5,3330.0,3330.5,6
2026-05-15 11:10:00,3330.0,3330.5,3330.0,3330.5,8
2026-05-15 11:20:00,3324.0,3324.0,3324.0,3324.0,2
2026-05-15 11:30:00,3332.5,3333.5,3332.5,3333.5,2
2026-05-15 11:40:00,3337.0,3351.5,3337.0,3351.5,15
2026-05-15 12:00:00,3341.0,3341.0,3341.0,3341.0,1
2026-05-15 13:00:00,3338.5,3350.5,3338.5,3350.5,9
2026-05-15 13:10:00,3354.5,3355.0,3354.5,3355.0,2
2026-05-15 13:30:00,3356.5,3356.5,3356.5,3356.5,4
2026-05-15 13:50:00,3361.5,3364.5,3361.5,3364.5,3
2026-05-15 14:20:00,3343.5,3343.5,3343.5,3343.5,1
2026-05-15 14:40:00,3344.5,3344.5,3342.5,3342.5,8
2026-05-15 15:30:00,3335.5,3335.5,3321.5,3333.5,9
2026-05-15 16:20:00,3333.0,3333.0,3325.0,3325.0,1537
2026-05-15 17:00:00,3320.5,3320.5,3301.5,3320.5,20
2026-05-15 17:10:00,3325.0,3325.0,3325.0,3325.0,52
2026-05-15 17:20:00,3325.0,3325.0,3325.0,3325.0,2
2026-05-15 18:40:00,3327.0,3327.0,3327.0,3327.0,2
2026-05-15 19:40:00,3325.0,3325.0,3317.5,3317.5,10
2026-05-15 19:50:00,3319.0,3319.0,3319.0,3319.0,2
2026-05-15 20:00:00,3324.5,3324.5,3324.5,3324.5,1
2026-05-15 21:00:00,3338.5,3339.0,3338.5,3339.0,4
2026-05-15 22:40:00,3297.0,3315.5,3267.0,3315.5,20
2026-05-15 22:50:00,3284.5,3284.5,3284.5,3284.5,1
2026-05-16 10:00:00,3343.5,3343.5,3343.5,3343.5,1
