time,open,high,low,close,volume
1323928800000,1592.6,1594.6,1586.0,1588.0,9802
1323928860000,1588.3,1591.5,1586.1,1590.3,5906
1323928920000,1589.8,1591.8,1589.8,1591.8,475
1323928980000,1592.4,1596.6,1592.4,1595.0,2954
1323929040000,1595.4,1596.0,1592.0,1595.0,3042
1323929100000,1595.7,1596.2,1591.1,1591.1,4641
1323929160000,1591.1,1592.1,1591.0,1591.2,1764
1323929220000,1591.8,1593.0,1591.8,1592.2,1006
1323929280000,1592.3,1594.1,1592.0,1593.9,937
1323929340000,1594.3,1596.0,1594.3,1595.5,3985
1323929400000,1595.5,1596.3,1595.0,1596.3,2825
1323929460000,1596.4,1597.9,1596.0,1597.1,4463
1323929520000,1597.1,1597.1,1596.0,1596.9,2550
1323929580000,1596.9,1599.3,1596.1,1599.3,2820
1323929640000,1598.5,1600.0,1597.5,1599.0,2306
1323929700000,1599.8,1601.0,1598.1,1600.7,2587
1323929760000,1600.2,1600.5,1599.6,1599.9,4698
1323929820000,1599.7,1602.8,1599.7,1600.9,5317
1323929880000,1602.5,1606.5,1602.1,1606.5,14823
1323929940000,1606.5,1607.9,1604.4,1604.7,6493
1323930000000,1605.1,1605.3,1603.5,1603.5,1332
1323930060000,1603.1,1604.9,1602.0,1603.9,1711
1323930120000,1603.7,1603.7,1602.5,1602.5,143
1323930180000,1602.5,1603.5,1602.5,1603.0,55
1323930240000,1603.0,1603.3,1602.5,1602.5,666
1323930300000,1602.8,1604.0,1602.5,1604.0,916
1323930360000,1603.5,1604.9,1603.0,1604.9,572
1323930420000,1604.9,1605.4,1603.0,1603.0,873
1323930480000,1603.5,1603.6,1603.5,1603.5,123
1323930540000,1603.4,1603.4,1603.0,1603.3,1045
1323930600000,1603.0,1604.0,1602.0,1602.0,817
1323930660000,1602.1,1602.1,1601.1,1601.6,859
1323930720000,1601.1,1601.1,1598.6,1598.6,3730
1323930780000,1598.9,1600.2,1598.4,1600.1,2707
1323930840000,1600.2,1602.0,1600.2,1601.9,747
1323930900000,1601.9,1604.7,1601.9,1603.8,1980
1323930960000,1603.1,1604.8,1602.9,1602.9,1098
1323931020000,1602.5,1604.3,1602.1,1604.0,2795
1323931080000,1604.1,1605.8,1604.0,1604.9,2707
1323931140000,1605.2,1605.5,1604.5,1605.4,180
1323931200000,1604.7,1604.7,1603.5,1603.5,187
1323931260000,1603.5,1603.5,1601.2,1601.3,748
1323931320000,1601.4,1602.0,1600.9,1601.2,1757
1323931380000,1601.2,1602.0,1600.9,1602.0,802
1323931440000,1601.0,1601.0,1600.1,1600.5,1146
1323931500000,1600.6,1601.4,1600.5,1601.4,280
1323931560000,1601.5,1601.5,1600.8,1601.0,180
1323931620000,1601.5,1603.5,1601.1,1601.7,2115
1323931680000,1601.2,1601.2,1600.0,1600.1,1899
1323931740000,1600.1,1601.9,1600.1,1600.5,2198
1323931800000,1600.6,1602.0,1600.1,1601.2,1655
1323931860000,1600.9,1600.9,1600.0,1600.0,3240
1323931920000,1600.0,1600.8,1598.8,1600.8,2757
1323931980000,1600.8,1603.2,1600.2,1602.7,2499
1323932040000,1602.5,1603.8,1602.0,1602.1,193
1323932100000,1601.8,1604.8,1601.3,1604.7,2488
1323932160000,1604.0,1605.4,1603.4,1603.4,1035
1323932220000,1603.4,1603.7,1602.8,1603.7,218
1323932280000,1603.9,1604.1,1602.6,1603.3,430
1323932340000,1603.4,1604.6,1603.0,1604.5,1277
1323932400000,1604.7,1605.9,1603.5,1604.9,4192
1323932460000,1605.4,1606.5,1605.2,1605.3,3541
1323932520000,1605.3,1605.8,1605.3,1605.4,687
1323932580000,1605.1,1605.4,1604.3,1605.0,1325
1323932640000,1605.5,1605.8,1605.5,1605.5,774
1323932700000,1605.5,1606.0,1605.5,1606.0,1686
1323932760000,1606.0,1606.5,1605.5,1606.4,7842
1323932820000,1606.1,1606.5,1606.0,1606.5,4010
1323932880000,1606.4,1606.5,1606.0,1606.0,1817
1323932940000,1606.1,1608.0,1606.0,1608.0,6718
1323933000000,1608.0,1608.0,1607.0,1607.8,5948
1323933060000,1607.6,1607.6,1603.8,1603.8,2198
1323933120000,1604.4,1605.0,1602.0,1602.5,1161
1323933180000,1602.1,1604.6,1602.1,1604.2,411
1323933240000,1604.5,1604.5,1603.3,1603.3,210
1323933300000,1603.8,1605.8,1603.4,1605.8,185
1323933360000,1606.0,1607.0,1604.0,1604.0,466
1323933420000,1603.6,1604.9,1603.3,1604.9,182
1323933480000,1604.6,1604.6,1602.2,1602.2,325
1323933540000,1603.8,1606.6,1603.8,1604.0,291
1323933600000,1604.9,1605.5,1604.9,1605.4,99
1323933660000,1605.0,1605.7,1603.2,1605.7,784
1323933720000,1605.0,1606.7,1605.0,1606.6,1760
1323933780000,1606.1,1606.1,1604.1,1605.2,2187
1323933840000,1604.4,1605.3,1604.4,1604.5,115
1323933900000,1604.5,1604.6,1602.0,1602.1,855
1323933960000,1602.1,1602.1,1600.1,1600.8,2868
1323934020000,1600.9,1602.0,1598.9,1600.2,6468
1323934080000,1600.0,1600.3,1599.2,1600.2,142
1323934140000,1600.1,1600.9,1599.1,1599.7,543
1323934200000,1599.7,1599.8,1595.5,1595.7,15006
1323934260000,1595.7,1596.3,1594.0,1594.7,16151
1323934320000,1594.8,1595.0,1591.0,1591.1,4915
1323934380000,1591.4,1593.4,1590.0,1593.4,8485
1323934440000,1593.0,1600.4,1593.0,1598.6,5899
1323934500000,1597.9,1601.4,1596.0,1600.7,2256
1323934560000,1598.9,1599.9,1597.9,1599.0,2232
1323934620000,1598.9,1601.8,1598.9,1599.3,1664
1323934680000,1600.1,1601.0,1599.0,1600.0,1324
1323934740000,1599.2,1599.6,1598.3,1598.6,559
1323934800000,1599.0,1599.1,1597.6,1599.0,2350
1323934860000,1599.0,1599.0,1595.1,1597.7,2713
1323934920000,1597.9,1598.8,1597.9,1598.3,600
1323934980000,1598.3,1600.8,1597.8,1600.8,955
1323935040000,1600.8,1600.8,1598.3,1598.3,538
1323935100000,1598.7,1599.3,1598.3,1598.4,213
1323935160000,1600.0,1601.1,1599.8,1601.0,779
1323935220000,1601.0,1603.1,1601.0,1601.4,3208
1323935280000,1601.3,1602.7,1601.2,1601.5,1173
1323935340000,1601.5,1603.3,1601.0,1603.3,943
1323935400000,1603.2,1603.6,1601.7,1602.2,280
1323935460000,1602.0,1603.0,1602.0,1602.1,2053
1323935520000,1602.1,1602.1,1602.0,1602.1,2407
1323935580000,1603.0,1603.7,1603.0,1603.6,1040
1323935640000,1603.8,1603.8,1602.1,1602.1,1478
1323935700000,1602.1,1604.4,1602.1,1604.4,1359
1323935760000,1604.4,1604.7,1603.4,1604.6,2020
1323935820000,1604.7,1605.8,1604.5,1605.0,1583
1323935880000,1604.7,1604.7,1602.1,1602.1,2132
1323935940000,1601.8,1602.4,1601.5,1602.4,1889
1323936000000,1602.6,1603.1,1601.1,1601.5,1581
1323936060000,1601.2,1603.3,1600.0,1603.3,2145
1323936120000,1603.4,1604.6,1603.2,1603.6,707
1323936180000,1603.6,1603.6,1601.0,1601.8,375
1323936240000,1601.7,1602.4,1600.5,1602.4,582
1323936300000,1601.1,1601.1,1597.0,1599.7,6956
1323936360000,1599.3,1600.0,1598.5,1599.7,191
1323936420000,1599.6,1600.5,1599.6,1599.8,1322
1323936480000,1600.8,1601.1,1598.6,1599.1,5672
1323936540000,1598.9,1599.8,1598.9,1599.8,234
1323936600000,1599.9,1602.0,1599.9,1600.9,3545
1323936660000,1600.9,1600.9,1598.7,1599.0,1469
1323936720000,1598.8,1599.5,1598.1,1598.2,402
1323936780000,1599.0,1599.7,1598.3,1599.5,260
1323936840000,1599.5,1599.6,1598.7,1599.2,50
1323936900000,1599.3,1600.0,1598.5,1599.0,4122
1323936960000,1599.1,1599.2,1598.0,1598.9,407
1323937020000,1598.9,1599.0,1598.6,1599.0,3334
1323937080000,1599.0,1601.7,1598.6,1599.9,5451
1323937140000,1599.2,1600.0,1598.0,1599.0,2513
1323937200000,1599.0,1600.5,1598.2,1600.0,9069
1323937260000,1599.2,1600.4,1598.2,1599.2,14618
1323937320000,1599.0,1600.5,1599.0,1599.0,3281
1323937380000,1598.4,1598.8,1598.0,1598.0,774
1323937440000,1598.1,1599.9,1598.0,1599.9,1140
1323937500000,1599.8,1600.0,1598.2,1599.4,1793
1323937560000,1599.7,1602.8,1599.7,1602.2,3818
1323937620000,1602.6,1604.4,1602.6,1604.3,2959
1323937680000,1604.3,1608.0,1604.3,1607.2,11566
1323937740000,1606.9,1609.0,1602.0,1604.8,20726
1323937800000,1605.0,1609.9,1605.0,1609.8,16352
1323937860000,1609.8,1609.9,1608.4,1609.6,5334
1323937920000,1609.6,1612.0,1609.5,1611.6,8090
1323937980000,1611.6,1617.0,1611.0,1615.6,17961
1323938040000,1615.6,1616.9,1615.1,1616.5,6712
1323938100000,1616.0,1618.0,1616.0,1617.8,6426
1323938160000,1617.0,1618.9,1616.7,1617.4,5722
1323938220000,1617.2,1617.8,1615.4,1617.0,8890
1323938280000,1615.8,1618.9,1615.7,1618.5,10218
1323938340000,1618.9,1619.0,1617.3,1618.7,3225
1323938400000,1618.7,1618.9,1616.6,1616.9,2085
1323938460000,1617.0,1617.1,1616.3,1616.3,255
1323938520000,1616.3,1617.0,1615.7,1615.8,1504
1323938580000,1616.7,1618.0,1613.6,1613.7,11082
1323938640000,1614.0,1614.7,1611.6,1611.9,21491
1323938700000,1611.7,1613.8,1608.8,1611.0,24182
1323938760000,1610.8,1612.0,1609.8,1611.0,5499
1323938820000,1611.0,1611.0,1609.3,1609.4,514
1323938880000,1610.0,1610.0,1608.7,1609.5,3194
1323938940000,1610.0,1610.0,1608.7,1608.7,1922
1323939000000,1608.8,1611.5,1608.1,1611.4,5135
1323939060000,1611.5,1612.1,1611.3,1612.1,4016
1323939120000,1612.1,1612.1,1611.0,1612.0,652
1323939180000,1612.0,1612.0,1610.1,1611.9,926
1323939240000,1611.5,1611.5,1609.9,1609.9,2533
1323939300000,1609.9,1611.9,1609.2,1609.2,2108
1323939360000,1609.0,1611.0,1609.0,1611.0,340
1323939420000,1611.2,1612.0,1609.9,1611.7,3245
1323939480000,1611.7,1612.1,1607.0,1607.7,6994
1323939540000,1607.0,1610.1,1606.8,1607.9,4648
1323939600000,1607.7,1611.5,1607.1,1609.4,7057
1323939660000,1609.4,1611.2,1607.1,1607.3,6996
1323939720000,1607.3,1607.3,1605.1,1606.4,4071
1323939780000,1607.5,1607.5,1601.6,1601.6,6130
1323939840000,1601.7,1602.2,1600.0,1601.3,2624
1323939900000,1602.4,1603.4,1601.6,1602.7,946
1323939960000,1603.6,1604.0,1602.0,1602.9,2262
1323940020000,1602.8,1603.5,1601.4,1601.4,1100
1323940080000,1601.5,1601.7,1600.2,1600.2,1990
1323940140000,1600.3,1602.0,1600.0,1600.1,2664
1323940200000,1601.4,1603.6,1600.3,1603.6,833
1323940260000,1603.8,1605.3,1603.0,1603.0,4282
1323940320000,1604.0,1604.0,1601.9,1602.3,1463
1323940380000,1602.4,1604.5,1602.0,1604.5,1601
1323940440000,1604.5,1604.5,1603.6,1604.3,316
1323940500000,1603.4,1604.7,1602.6,1604.2,783
1323940560000,1604.4,1604.5,1603.9,1603.9,25
1323940620000,1604.1,1604.1,1601.2,1602.0,3649
1323940680000,1602.7,1604.9,1602.7,1604.9,572
1323940740000,1604.9,1605.3,1604.9,1605.2,234
1323940800000,1605.0,1605.7,1604.0,1604.3,1654
1323940860000,1604.0,1605.1,1604.0,1604.0,5057
1323940920000,1604.0,1606.0,1604.0,1605.0,1477
1323940980000,1604.5,1604.5,1603.6,1604.0,168
1323941040000,1604.0,1604.6,1603.7,1603.7,352
1323941100000,1604.5,1604.8,1604.0,1604.7,507
1323941160000,1604.0,1604.8,1603.8,1604.5,2292
1323941220000,1603.9,1604.8,1603.8,1603.8,1713
1323941280000,1603.9,1604.8,1603.7,1603.7,3972
1323941340000,1603.7,1604.2,1603.2,1603.2,4051
1323941400000,1603.2,1604.0,1603.1,1603.1,2332
1323941460000,1603.4,1603.4,1602.0,1602.3,7086
1323941520000,1602.5,1603.2,1602.5,1603.2,746
1323941580000,1602.6,1602.6,1601.2,1601.4,9727
1323941640000,1601.5,1604.0,1601.1,1603.6,7118
1323941700000,1603.1,1603.6,1601.8,1602.5,914
1323941760000,1602.5,1602.5,1602.5,1602.5,34
1323941820000,1602.9,1603.2,1602.0,1602.0,2133
1323941880000,1602.0,1603.4,1602.0,1602.8,4222
1323941940000,1603.4,1603.7,1602.5,1603.0,965
1323942000000,1603.4,1603.5,1602.6,1603.1,4291
1323942060000,1603.4,1603.5,1602.1,1602.1,3746
1323942120000,1602.2,1603.1,1602.0,1602.7,1658
1323942180000,1602.7,1602.7,1601.6,1601.6,3503
1323942240000,1601.7,1602.0,1600.9,1600.9,7065
1323942300000,1600.6,1600.8,1598.0,1598.5,21120
1323942360000,1598.6,1598.7,1597.6,1597.6,5989
1323942420000,1598.4,1599.0,1597.6,1598.2,765
1323942480000,1598.2,1600.6,1598.1,1599.0,4936
1323942540000,1599.6,1600.0,1598.5,1598.7,1573
1323942600000,1598.7,1601.0,1598.5,1600.0,2738
1323942660000,1600.0,1601.6,1598.7,1598.7,3554
1323942720000,1599.6,1601.8,1599.3,1600.5,3725
1323942780000,1601.0,1601.0,1599.0,1600.0,3235
1323942840000,1600.1,1600.8,1599.9,1600.8,4051
1323942900000,1600.8,1601.6,1599.5,1601.0,1662
1323942960000,1601.0,1601.0,1600.0,1600.4,7547
1323943020000,1600.9,1601.0,1600.1,1600.9,509
1323943080000,1600.7,1601.4,1600.0,1600.7,1019
1323943140000,1601.0,1601.0,1599.0,1599.7,5020
1323943200000,1599.0,1599.9,1598.4,1599.9,911
1323943260000,1600.0,1600.0,1599.3,1599.3,21
1323943320000,1600.0,1600.0,1598.3,1598.3,421
1323943380000,1598.7,1599.6,1598.0,1598.9,4518
1323943440000,1599.6,1599.6,1597.5,1599.0,7415
1323943500000,1599.0,1599.8,1597.9,1599.4,2732
1323943560000,1599.3,1600.0,1597.9,1599.7,4810
1323943620000,1599.7,1601.0,1598.8,1601.0,15050
1323943680000,1601.0,1602.1,1600.5,1602.1,5540
1323943740000,1602.0,1602.8,1601.4,1601.7,1923
1323943800000,1601.7,1603.9,1601.1,1602.7,12088
1323943860000,1602.7,1605.0,1602.3,1604.7,7577
1323943920000,1604.4,1605.0,1602.5,1604.0,5572
1323943980000,1603.7,1604.1,1602.1,1603.0,4693
1323944040000,1603.0,1604.0,1602.0,1602.0,2426
1323944100000,1603.1,1603.1,1602.0,1602.0,330
1323944160000,1602.2,1603.9,1602.0,1603.3,488
1323944220000,1603.5,1604.3,1602.8,1604.3,4546
1323944280000,1604.2,1605.0,1603.7,1604.6,5275
1323944340000,1604.6,1608.9,1602.9,1603.9,19108
1323944400000,1604.0,1604.6,1602.5,1603.4,1317
1323944460000,1603.6,1607.7,1602.7,1604.4,4036
1323944520000,1603.9,1607.0,1603.0,1604.7,2756
1323944580000,1604.6,1605.5,1604.2,1604.2,426
1323944640000,1604.1,1606.5,1604.1,1605.5,683
1323944700000,1604.7,1606.6,1604.7,1605.7,2817
1323944760000,1605.6,1606.4,1604.4,1604.4,3580
1323944820000,1604.4,1606.5,1604.4,1605.3,1096
1323944880000,1605.3,1605.3,1603.1,1605.1,4451
1323944940000,1604.5,1605.4,1603.2,1605.4,1804
1323945000000,1605.3,1606.7,1604.6,1605.9,6387
1323945060000,1606.7,1606.7,1605.0,1606.3,3409
1323945120000,1606.4,1606.5,1604.7,1604.8,2471
1323945180000,1605.6,1606.0,1604.7,1605.7,1558
1323945240000,1605.0,1605.8,1603.7,1605.1,2707
1323945300000,1605.7,1608.3,1605.0,1606.8,11532
1323945360000,1607.6,1608.3,1605.1,1605.7,8554
1323945420000,1606.4,1606.5,1605.4,1606.5,1062
1323945480000,1606.1,1606.3,1605.5,1605.6,1047
1323945540000,1605.9,1606.1,1604.6,1605.0,388
1323945600000,1605.0,1605.0,1604.0,1604.1,405
1323945660000,1604.2,1605.5,1603.7,1605.5,446
1323945720000,1605.5,1609.2,1605.5,1609.0,7344
1323945780000,1608.0,1610.0,1608.0,1610.0,2041
1323945840000,1609.5,1609.5,1608.0,1608.0,279
1323945900000,1609.0,1610.0,1609.0,1610.0,2644
1323945960000,1609.4,1609.9,1607.6,1607.6,1601
1323946020000,1607.8,1609.0,1606.6,1608.5,700
1323946080000,1607.8,1608.5,1607.5,1607.5,366
1323946140000,1607.5,1607.5,1606.4,1606.7,418
1323946200000,1606.8,1608.9,1605.9,1606.8,3680
1323946260000,1607.1,1609.6,1607.1,1607.7,3056
1323946320000,1608.6,1610.0,1607.9,1608.2,3842
1323946380000,1608.2,1608.2,1607.5,1607.7,2357
1323946440000,1607.7,1609.5,1607.6,1608.4,2702
1323946500000,1609.3,1610.0,1608.2,1610.0,7164
1323946560000,1609.8,1610.3,1607.3,1608.4,4851
1323946620000,1609.8,1610.1,1607.1,1608.5,7704
1323946680000,1609.3,1610.0,1608.4,1608.5,1362
1323946740000,1608.5,1610.7,1608.5,1609.1,4980
1323946800000,1610.4,1611.7,1606.9,1607.0,21861
1323946860000,1606.9,1609.2,1604.8,1604.8,16030
1323946920000,1605.6,1605.9,1599.0,1600.0,27273
1323946980000,1599.2,1601.6,1597.4,1598.1,22834
1323947040000,1598.9,1601.9,1597.1,1599.1,30088
1323947100000,1599.7,1599.7,1592.8,1593.2,28975
1323947160000,1593.5,1596.0,1592.3,1592.9,24086
1323947220000,1593.5,1596.0,1592.2,1596.0,31212
1323947280000,1596.0,1600.1,1595.6,1595.6,22750
1323947340000,1595.6,1600.7,1594.5,1598.2,23987
1323947400000,1598.9,1599.7,1597.2,1597.2,30165
1323947460000,1597.8,1598.7,1595.8,1598.0,30410
1323947520000,1597.6,1604.0,1596.1,1598.8,38062
1323947580000,1599.9,1600.6,1597.5,1598.3,27727
1323947640000,1598.2,1599.0,1596.5,1596.5,26449
1323947700000,1597.2,1600.4,1595.1,1600.4,39473
1323947760000,1600.0,1600.1,1597.6,1598.0,27620
1323947820000,1598.1,1598.2,1595.0,1595.0,22141
1323947880000,1595.1,1597.1,1594.1,1595.6,30508
1323947940000,1594.7,1599.0,1593.3,1596.9,27710
1323948000000,1597.1,1598.7,1595.7,1596.8,15921
1323948060000,1597.9,1600.5,1596.6,1600.0,37380
1323948120000,1600.0,1601.1,1596.6,1598.3,18387
1323948180000,1597.4,1598.3,1596.7,1598.1,18364
1323948240000,1596.9,1598.8,1596.7,1596.8,18383
1323948300000,1596.7,1599.3,1596.7,1599.3,15305
1323948360000,1598.7,1599.7,1596.7,1596.8,20389
1323948420000,1598.0,1600.0,1596.7,1597.0,31675
1323948480000,1597.0,1598.6,1596.7,1597.9,18082
1323948540000,1597.9,1598.6,1596.7,1598.5,18370
1323948600000,1597.9,1598.2,1595.8,1595.8,24433
1323948660000,1597.2,1601.8,1595.6,1598.9,30517
1323948720000,1598.8,1601.0,1597.2,1598.4,20329
1323948780000,1597.7,1598.6,1595.6,1597.2,20112
1323948840000,1596.4,1598.3,1595.3,1595.5,20480
1323948900000,1595.6,1597.4,1595.3,1596.6,27787
1323948960000,1596.6,1597.4,1595.3,1597.0,16858
1323949020000,1596.9,1601.0,1595.4,1596.6,34754
1323949080000,1595.8,1596.9,1595.3,1596.6,19676
1323949140000,1596.8,1597.2,1595.4,1596.6,19336
1323949200000,1595.8,1596.8,1595.3,1595.3,24439
1323949260000,1595.3,1598.1,1595.3,1598.1,23149
1323949320000,1597.5,1597.9,1596.0,1597.0,32191
1323949380000,1596.1,1597.1,1595.3,1595.6,33778
1323949440000,1596.8,1597.1,1593.9,1595.8,21789
1323949500000,1595.8,1596.5,1594.0,1595.0,13183
1323949560000,1595.0,1597.7,1593.9,1597.4,26005
1323949620000,1597.4,1599.9,1595.5,1595.8,27241
1323949680000,1595.8,1597.5,1595.1,1596.2,18137
1323949740000,1596.2,1597.7,1595.1,1595.1,23225
1323949800000,1595.1,1599.0,1595.0,1596.8,29829
1323949860000,1596.8,1599.1,1595.3,1597.9,23811
1323949920000,1598.5,1599.2,1596.5,1598.8,16237
1323949980000,1598.5,1599.3,1596.7,1598.6,16154
1323950040000,1598.0,1599.5,1596.4,1598.1,33243
1323950100000,1598.9,1600.0,1597.0,1598.4,36582
1323950160000,1598.4,1598.9,1597.0,1598.2,11013
1323950220000,1597.3,1598.3,1596.1,1597.1,17192
1323950280000,1597.1,1598.8,1594.0,1595.9,44255
1323950340000,1596.0,1598.0,1594.1,1595.0,19819
1323950400000,1596.0,1599.0,1595.8,1599.0,5838
1323950460000,1599.0,1601.0,1598.1,1601.0,13914
1323950520000,1601.0,1603.6,1600.9,1603.6,4239
1323950580000,1603.6,1605.8,1603.0,1605.0,17680
1323950640000,1605.3,1607.0,1605.0,1605.5,6972
1323950700000,1605.5,1608.9,1605.5,1606.9,10033
1323950760000,1607.6,1608.3,1604.5,1604.5,10838
1323950820000,1604.3,1605.5,1602.4,1604.1,933
1323950880000,1604.2,1608.7,1604.1,1606.9,2933
1323950940000,1606.9,1607.7,1606.3,1606.3,10801
1323951000000,1606.3,1607.0,1605.7,1606.4,539
1323951060000,1605.7,1610.0,1604.0,1610.0,32380
1323951120000,1609.7,1611.6,1608.7,1611.6,6878
1323951180000,1611.7,1614.0,1610.5,1613.3,13813
1323951240000,1612.8,1615.0,1612.6,1615.0,9729
1323951300000,1615.0,1616.0,1614.5,1615.4,8629
1323951360000,1615.0,1617.2,1615.0,1617.2,18011
1323951420000,1617.0,1619.0,1616.7,1618.4,9724
1323951480000,1618.2,1618.7,1614.3,1617.3,8291
1323951540000,1616.8,1617.6,1615.8,1616.4,2436
1323951600000,1616.0,1618.0,1615.3,1618.0,4961
1323951660000,1618.0,1621.1,1617.3,1621.1,23799
1323951720000,1621.1,1622.0,1616.4,1618.2,9901
1323951780000,1618.0,1619.2,1616.6,1617.5,2004
1323951840000,1617.3,1617.9,1616.7,1617.0,1593
1323951900000,1616.5,1617.7,1616.2,1616.7,2256
1323951960000,1616.9,1619.0,1616.5,1618.9,5761
1323952020000,1618.9,1618.9,1615.0,1615.9,14659
1323952080000,1615.9,1618.2,1615.9,1617.2,2069
1323952140000,1617.9,1619.7,1616.3,1619.4,8438
1323952200000,1619.3,1621.0,1616.4,1619.5,18276
1323952260000,1619.5,1619.5,1616.4,1617.7,5039
1323952320000,1617.7,1618.5,1615.3,1615.6,6568
1323952380000,1615.6,1616.3,1615.2,1616.0,599
1323952440000,1616.2,1616.3,1615.1,1615.7,668
1323952500000,1616.0,1617.0,1615.0,1615.2,1899
1323952560000,1615.0,1615.0,1611.6,1612.0,3675
1323952620000,1611.6,1613.5,1611.6,1611.9,1584
1323952680000,1613.0,1613.0,1611.6,1612.4,1381
1323952740000,1612.5,1612.5,1611.1,1611.9,1415
1323952800000,1611.7,1612.5,1611.4,1612.0,823
1323952860000,1612.1,1612.5,1611.4,1611.8,578
1323952920000,1611.8,1611.8,1610.5,1610.6,1914
1323952980000,1610.6,1611.5,1607.2,1608.8,27144
1323953040000,1608.0,1610.7,1606.2,1609.1,12541
1323953100000,1609.1,1611.3,1608.5,1609.0,12249
1323953160000,1610.2,1610.9,1608.0,1609.8,7236
1323953220000,1609.9,1609.9,1609.0,1609.0,578
1323953280000,1609.1,1611.8,1609.0,1611.5,6797
1323953340000,1611.9,1611.9,1609.1,1610.6,2209
1323953400000,1610.6,1611.3,1607.5,1608.9,8884
1323953460000,1609.2,1609.4,1607.9,1608.9,5351
1323953520000,1608.9,1610.0,1607.5,1608.3,8831
1323953580000,1608.3,1609.5,1607.5,1609.3,7153
1323953640000,1609.5,1610.9,1608.4,1610.9,8606
1323953700000,1610.2,1611.2,1609.7,1610.1,3415
1323953760000,1610.8,1611.7,1610.1,1611.2,1652
1323953820000,1611.2,1611.4,1608.9,1609.2,9553
1323953880000,1609.5,1609.8,1609.2,1609.8,586
1323953940000,1609.3,1609.8,1608.6,1608.7,1910
1323954000000,1608.9,1609.6,1608.9,1609.5,992
1323954060000,1609.5,1609.5,1609.0,1609.1,707
1323954120000,1609.1,1610.1,1609.0,1610.1,2422
1323954180000,1610.1,1611.3,1610.1,1611.1,5862
1323954240000,1611.3,1611.3,1610.0,1610.7,1095
1323954300000,1610.0,1611.0,1609.6,1610.5,2676
1323954360000,1610.6,1611.6,1608.0,1610.4,19562
1323954420000,1610.4,1612.0,1610.1,1612.0,1020
1323954480000,1611.9,1612.0,1611.2,1612.0,581
1323954540000,1612.0,1613.2,1611.4,1611.4,1327
1323954600000,1612.2,1612.2,1612.0,1612.0,593
1323954660000,1612.0,1614.0,1612.0,1613.7,1076
1323954720000,1613.6,1614.0,1612.3,1613.8,4203
1323954780000,1613.8,1615.6,1613.8,1615.0,6175
1323954840000,1615.0,1615.6,1614.8,1614.8,959
1323954900000,1614.9,1615.2,1614.9,1615.0,872
1323954960000,1615.0,1615.4,1613.1,1613.9,5129
1323955020000,1614.8,1620.0,1613.6,1620.0,8722
1323955080000,1620.0,1620.7,1618.7,1620.7,12387
1323955140000,1620.7,1625.0,1620.7,1625.0,17860
1323955200000,1625.0,1625.0,1621.5,1622.1,7073
1323955260000,1621.5,1622.8,1621.1,1622.7,4860
1323955320000,1622.8,1623.0,1621.0,1621.0,11095
1323955380000,1621.0,1622.0,1620.1,1620.1,3846
1323955440000,1620.1,1620.5,1620.1,1620.5,2524
1323955500000,1620.5,1620.5,1620.1,1620.1,4967
1323955560000,1620.1,1620.2,1620.1,1620.1,5543
1323955620000,1620.3,1620.4,1620.1,1620.1,7389
1323955680000,1620.1,1620.5,1620.1,1620.1,11953
1323955740000,1620.1,1620.1,1620.1,1620.1,692
1323955800000,1620.6,1627.4,1620.6,1627.0,32282
1323955860000,1626.9,1627.0,1624.0,1624.7,2904
1323955920000,1625.6,1625.9,1620.4,1620.6,5512
1323955980000,1620.6,1623.9,1620.1,1620.9,6618
1323956040000,1620.1,1621.0,1620.1,1620.2,8083
1323956100000,1620.3,1620.9,1620.1,1620.9,589
1323956160000,1620.8,1622.0,1620.1,1620.3,5715
1323956220000,1620.4,1621.1,1620.1,1620.1,1395
1323956280000,1620.9,1620.9,1620.1,1620.1,772
1323956340000,1620.1,1621.6,1620.0,1620.9,1077
1323956400000,1620.9,1622.8,1620.0,1622.8,633
1323956460000,1622.0,1622.5,1619.1,1619.1,3713
1323956520000,1619.1,1620.2,1619.0,1619.7,2280
1323956580000,1619.7,1620.0,1618.0,1619.2,4405
1323956640000,1618.9,1619.5,1617.0,1619.4,5695
1323956700000,1619.8,1620.0,1618.6,1619.9,2862
1323956760000,1619.9,1620.9,1619.7,1620.9,1565
1323956820000,1620.4,1621.2,1617.0,1618.7,5175
1323956880000,1618.6,1619.6,1618.6,1618.7,1057
1323956940000,1618.8,1620.2,1618.0,1618.0,3452
1323957000000,1618.3,1619.9,1618.2,1619.6,505
1323957060000,1619.1,1620.0,1618.8,1619.4,5148
1323957120000,1619.4,1620.8,1619.0,1620.7,734
1323957180000,1620.2,1622.8,1619.3,1620.5,6976
1323957240000,1620.9,1622.4,1620.0,1620.3,1496
1323957300000,1620.2,1621.4,1620.2,1621.0,82
1323957360000,1621.0,1622.6,1620.0,1620.1,5676
1323957420000,1620.8,1621.4,1620.1,1621.4,507
1323957480000,1620.7,1621.4,1620.0,1621.0,12420
1323957540000,1620.8,1620.8,1620.0,1620.1,11684
1323957600000,1620.2,1623.0,1620.0,1620.5,4824
1323957660000,1621.7,1622.4,1620.1,1622.3,4748
1323957720000,1622.2,1622.3,1619.1,1620.0,4807
1323957780000,1620.3,1620.9,1619.0,1619.4,2998
1323957840000,1619.8,1621.9,1619.1,1620.0,2558
1323957900000,1620.0,1620.0,1616.0,1619.8,24421
1323957960000,1619.5,1620.1,1619.0,1619.1,3860
1323958020000,1619.1,1621.7,1617.4,1620.9,9887
1323958080000,1620.0,1621.6,1620.0,1620.0,1375
1323958140000,1620.3,1621.5,1620.0,1621.5,2800
1323958200000,1621.0,1621.0,1620.0,1620.4,885
1323958260000,1620.4,1621.0,1620.0,1620.6,37152
1323958320000,1620.6,1621.0,1620.0,1620.6,6436
1323958380000,1620.5,1621.1,1620.0,1621.0,7125
1323958440000,1621.0,1621.5,1621.0,1621.5,2171
1323958500000,1621.0,1627.9,1620.0,1627.2,34309
1323958560000,1627.2,1627.7,1622.7,1625.0,15500
1323958620000,1625.0,1625.3,1623.6,1624.0,2190
1323958680000,1624.0,1625.0,1623.2,1623.2,135
1323958740000,1624.0,1626.4,1623.1,1626.4,4721
1323958800000,1626.4,1626.4,1625.7,1626.1,2015
1323958860000,1626.1,1626.1,1623.5,1624.7,3440
1323958920000,1624.6,1627.5,1624.6,1626.1,1764
1323958980000,1625.3,1625.7,1624.2,1625.7,391
1323959040000,1625.2,1625.9,1624.9,1625.1,246
1323959100000,1625.9,1626.0,1624.7,1624.7,1522
1323959160000,1625.2,1627.7,1625.1,1625.6,2593
1323959220000,1625.2,1626.0,1625.1,1625.1,1342
1323959280000,1625.2,1625.2,1623.1,1624.4,2684
1323959340000,1624.4,1624.4,1624.0,1624.0,88
1323959400000,1624.0,1627.1,1624.0,1624.0,3992
1323959460000,1624.0,1626.5,1624.0,1625.1,1732
1323959520000,1625.2,1626.0,1624.6,1626.0,3222
1323959580000,1626.0,1627.9,1625.1,1627.9,3838
1323959640000,1626.5,1626.5,1625.1,1625.1,7597
1323959700000,1625.1,1628.0,1625.1,1627.9,8649
1323959760000,1627.8,1629.0,1627.3,1628.1,9572
1323959820000,1627.3,1629.3,1627.2,1628.9,18090
1323959880000,1628.5,1630.0,1628.4,1628.4,2401
1323959940000,1628.4,1628.9,1627.7,1627.7,6665
1323960000000,1628.5,1629.9,1627.7,1628.0,7916
1323960060000,1628.0,1628.0,1627.0,1628.0,4160
1323960120000,1627.3,1629.0,1627.3,1628.0,2967
1323960180000,1628.0,1628.0,1626.5,1628.0,6638
1323960240000,1627.9,1628.0,1620.0,1623.4,23619
1324015200000,1631.7,1633.9,1630.0,1633.8,5850
1324015260000,1633.9,1635.0,1631.6,1633.3,9229
1324015320000,1632.4,1633.7,1627.1,1631.9,6563
1324015380000,1631.9,1633.5,1628.2,1631.0,5987
1324015440000,1630.5,1630.8,1628.6,1628.6,829
1324015500000,1628.6,1629.0,1627.4,1628.0,2267
1324015560000,1628.0,1628.9,1625.7,1628.9,3660
1324015620000,1628.6,1629.1,1628.0,1628.0,4320
1324015680000,1627.5,1632.0,1627.5,1630.9,3984
1324015740000,1630.2,1631.0,1629.2,1629.7,784
1324015800000,1629.7,1631.0,1628.9,1630.1,1394
1324015860000,1630.5,1631.0,1629.4,1630.3,988
1324015920000,1629.1,1629.6,1628.0,1629.4,2068
1324015980000,1629.4,1630.9,1626.4,1626.7,6032
1324016040000,1627.4,1628.2,1627.0,1627.5,6902
1324016100000,1628.0,1628.6,1627.0,1627.3,2134
1324016160000,1627.3,1628.7,1627.3,1627.3,1842
1324016220000,1628.1,1628.1,1627.0,1627.0,1787
1324016280000,1627.0,1627.4,1626.6,1626.6,2760
1324016340000,1626.7,1627.6,1626.5,1626.5,1182
1324016400000,1626.5,1627.5,1625.6,1625.6,3216
1324016460000,1625.4,1626.5,1625.3,1625.6,30570
1324016520000,1625.7,1626.8,1625.3,1625.5,6898
1324016580000,1625.5,1627.3,1625.3,1626.0,4880
1324016640000,1626.0,1626.1,1625.4,1626.1,2378
1324016700000,1625.8,1626.1,1622.6,1622.6,7614
1324016760000,1623.0,1623.4,1622.5,1622.7,1172
1324016820000,1622.8,1623.8,1622.3,1622.3,3585
1324016880000,1622.4,1622.4,1621.3,1621.4,5199
1324016940000,1622.0,1622.0,1620.0,1620.0,8879
1324017000000,1620.0,1622.4,1620.0,1620.9,9872
1324017060000,1620.7,1622.1,1617.4,1617.4,11213
1324017120000,1618.2,1619.4,1617.3,1618.1,3624
1324017180000,1618.1,1619.3,1616.0,1618.2,11816
1324017240000,1618.1,1620.0,1616.9,1619.9,4223
1324017300000,1619.4,1620.7,1618.6,1620.7,764
1324017360000,1620.7,1621.8,1620.6,1621.8,665
1324017420000,1621.8,1624.0,1621.8,1623.2,2058
1324017480000,1623.2,1624.5,1623.2,1624.2,976
1324017540000,1624.5,1625.5,1623.2,1623.7,2097
1324017600000,1623.7,1624.4,1622.0,1624.1,1693
1324017660000,1624.4,1625.6,1622.7,1625.5,6207
1324017720000,1625.7,1626.9,1624.8,1626.9,1497
1324017780000,1626.7,1626.9,1626.0,1626.5,1860
1324017840000,1626.7,1626.9,1626.5,1626.6,1330
1324017900000,1626.6,1626.6,1623.5,1623.5,6188
1324017960000,1624.0,1625.2,1623.9,1625.0,3592
1324018020000,1624.3,1625.6,1621.5,1624.8,7780
1324018080000,1624.9,1625.9,1623.7,1625.4,495
1324018140000,1624.9,1626.0,1624.9,1626.0,780
1324018200000,1626.1,1626.1,1623.5,1625.0,1890
1324018260000,1624.5,1625.0,1624.5,1625.0,153
1324018320000,1625.3,1625.8,1624.9,1625.2,4909
1324018380000,1625.0,1625.2,1623.9,1623.9,4529
1324018440000,1623.5,1624.8,1623.5,1624.8,1964
1324018500000,1624.9,1625.0,1624.8,1625.0,317
1324018560000,1625.0,1625.0,1624.8,1624.8,125
1324018620000,1625.2,1625.2,1624.0,1624.0,872
1324018680000,1624.0,1624.7,1624.0,1624.0,1011
1324018740000,1624.6,1625.2,1624.6,1625.0,871
1324018800000,1625.1,1627.0,1625.1,1626.7,767
1324018860000,1626.9,1627.1,1625.9,1627.0,758
1324018920000,1627.2,1628.3,1626.5,1628.0,6411
1324018980000,1628.0,1628.4,1628.0,1628.0,3341
1324019040000,1628.0,1629.0,1628.0,1629.0,2866
1324019100000,1629.0,1631.0,1628.9,1630.1,13921
1324019160000,1630.4,1631.0,1629.5,1630.3,1458
1324019220000,1629.9,1630.0,1629.0,1629.8,1802
1324019280000,1629.1,1630.0,1629.0,1629.9,1246
1324019340000,1629.0,1630.0,1629.0,1629.5,333
1324019400000,1629.7,1630.4,1629.7,1630.0,2322
1324019460000,1630.8,1632.1,1630.7,1630.7,3707
1324019520000,1630.7,1630.7,1629.0,1629.0,3934
1324019580000,1629.1,1629.1,1628.3,1628.4,328
1324019640000,1628.7,1629.3,1628.4,1628.4,334
1324019700000,1628.9,1629.4,1628.4,1628.7,640
1324019760000,1628.4,1628.6,1628.4,1628.6,318
1324019820000,1628.7,1629.0,1628.4,1629.0,100
1324019880000,1629.0,1630.0,1629.0,1630.0,693
1324019940000,1629.2,1629.2,1629.2,1629.2,1
1324020000000,1629.2,1632.6,1629.2,1631.9,9315
1324020060000,1631.7,1631.7,1630.4,1630.4,954
1324020120000,1631.0,1631.0,1630.3,1630.4,14
1324020180000,1630.5,1632.4,1630.5,1631.8,2167
1324020240000,1631.0,1631.4,1620.1,1624.5,12246
1324020300000,1624.6,1629.1,1624.5,1625.0,12402
1324020360000,1625.0,1627.6,1622.0,1626.6,3992
1324020420000,1626.4,1627.6,1625.5,1625.6,491
1324020480000,1626.4,1626.7,1626.4,1626.4,569
1324020540000,1626.8,1628.9,1626.7,1628.7,12599
1324020600000,1628.2,1628.9,1626.7,1628.9,3044
1324020660000,1628.8,1628.9,1627.7,1628.2,908
1324020720000,1628.9,1630.4,1628.0,1629.3,4077
1324020780000,1629.0,1629.4,1628.4,1628.5,338
1324020840000,1628.6,1632.0,1628.1,1631.3,8339
1324020900000,1631.6,1631.6,1629.3,1630.0,1562
1324020960000,1629.7,1630.8,1629.7,1630.0,795
1324021020000,1630.1,1630.3,1630.1,1630.1,275
1324021080000,1630.1,1630.1,1626.5,1627.0,1201
1324021140000,1627.1,1628.0,1625.0,1626.3,2108
1324021200000,1626.2,1627.4,1622.1,1624.0,5973
1324021260000,1624.4,1626.5,1624.4,1625.1,841
1324021320000,1625.1,1625.1,1623.0,1624.9,1214
1324021380000,1625.7,1625.7,1623.5,1625.0,761
1324021440000,1625.0,1625.4,1623.5,1624.0,1954
1324021500000,1623.7,1625.6,1623.5,1625.6,285
1324021560000,1625.7,1625.7,1624.0,1624.0,465
1324021620000,1625.0,1625.0,1624.3,1625.0,554
1324021680000,1625.0,1625.0,1623.5,1623.5,1578
1324021740000,1623.3,1623.5,1622.6,1623.5,530
1324021800000,1623.4,1623.4,1621.3,1623.1,1802
1324021860000,1623.0,1623.0,1621.0,1623.0,2604
1324021920000,1623.0,1624.1,1622.5,1623.6,1100
1324021980000,1624.0,1624.0,1623.0,1623.9,401
1324022040000,1623.9,1624.5,1623.9,1624.5,1062
1324022100000,1624.3,1624.9,1624.3,1624.9,123
1324022160000,1624.4,1624.9,1624.2,1624.9,129
1324022220000,1624.8,1624.9,1624.1,1624.9,173
1324022280000,1624.3,1624.7,1623.0,1623.0,1404
1324022340000,1623.3,1623.7,1622.2,1622.8,672
1324022400000,1622.8,1622.8,1620.0,1621.4,10132
1324022460000,1622.2,1622.2,1620.9,1621.4,1701
1324022520000,1621.4,1621.4,1619.0,1619.0,12091
1324022580000,1619.9,1622.3,1619.5,1620.2,2614
1324022640000,1620.1,1621.6,1620.0,1621.6,839
1324022700000,1621.6,1621.6,1618.7,1619.0,2861
1324022760000,1619.0,1619.2,1618.0,1618.1,1727
1324022820000,1618.0,1619.0,1616.6,1618.2,8767
1324022880000,1617.9,1620.0,1616.3,1619.6,3985
1324022940000,1619.6,1620.7,1619.2,1619.5,583
1324023000000,1619.2,1620.9,1619.0,1619.0,1312
1324023060000,1619.0,1619.0,1617.0,1617.4,607
1324023120000,1617.3,1618.6,1616.9,1618.6,384
1324023180000,1618.6,1619.8,1618.2,1619.8,684
1324023240000,1619.7,1620.0,1619.4,1619.4,821
1324023300000,1619.9,1622.5,1619.4,1620.4,3284
1324023360000,1619.4,1621.9,1619.4,1621.9,1531
1324023420000,1621.4,1622.2,1621.4,1622.2,337
1324023480000,1622.2,1622.4,1621.0,1622.0,613
1324023540000,1621.0,1621.1,1620.0,1620.0,1427
1324023600000,1620.0,1622.5,1620.0,1621.7,720
1324023660000,1621.8,1623.7,1621.7,1623.7,3113
1324023720000,1623.7,1623.7,1621.7,1622.2,1390
1324023780000,1622.7,1624.1,1621.5,1622.2,9975
1324023840000,1622.1,1622.8,1620.6,1621.5,1223
1324023900000,1621.5,1621.5,1618.0,1619.2,3773
1324023960000,1618.7,1618.9,1617.5,1618.1,1006
1324024020000,1618.8,1619.0,1616.3,1617.2,1774
1324024080000,1618.0,1619.4,1618.0,1618.1,2481
1324024140000,1619.0,1619.0,1616.4,1618.0,3429
1324024200000,1618.6,1619.9,1618.6,1619.9,395
1324024260000,1619.2,1619.2,1618.1,1618.1,2030
1324024320000,1618.1,1619.4,1617.8,1619.3,5580
1324024380000,1620.0,1620.5,1619.7,1619.8,305
1324024440000,1619.5,1620.0,1618.3,1618.3,629
1324024500000,1619.6,1620.0,1619.4,1619.4,209
1324024560000,1620.0,1620.0,1618.4,1618.5,624
1324024620000,1618.4,1619.2,1618.4,1619.2,164
1324024680000,1619.9,1620.9,1619.9,1620.9,739
1324024740000,1621.0,1622.4,1621.0,1622.0,6075
1324024800000,1622.1,1622.1,1621.3,1621.5,1330
1324024860000,1622.5,1623.5,1621.7,1622.7,1070
1324024920000,1622.3,1623.5,1622.1,1622.6,333
1324024980000,1622.3,1623.6,1622.3,1623.4,495
1324025040000,1623.3,1625.0,1623.1,1624.9,7679
1324025100000,1624.8,1624.8,1624.5,1624.8,720
1324025160000,1624.8,1625.7,1624.4,1625.6,6107
1324025220000,1625.5,1626.4,1624.7,1625.8,3409
1324025280000,1625.8,1627.2,1625.6,1626.4,3518
1324025340000,1627.1,1627.7,1626.4,1627.4,4681
1324025400000,1627.5,1627.5,1626.3,1626.5,1000
1324025460000,1627.5,1627.5,1626.7,1626.7,602
1324025520000,1627.4,1627.9,1626.3,1626.3,6500
1324025580000,1626.4,1627.9,1625.2,1626.0,4100
1324025640000,1626.1,1626.1,1620.6,1620.6,7580
1324025700000,1621.9,1624.9,1621.9,1624.3,464
1324025760000,1623.9,1623.9,1622.8,1623.5,304
1324025820000,1624.5,1624.8,1622.9,1623.8,506
1324025880000,1623.8,1624.5,1623.3,1623.3,632
1324025940000,1623.2,1623.4,1623.2,1623.2,2273
1324026000000,1623.3,1627.0,1623.1,1626.2,4276
1324026060000,1626.4,1627.9,1626.1,1627.9,2152
1324026120000,1627.8,1627.8,1626.7,1626.8,707
1324026180000,1626.8,1627.9,1626.6,1626.6,1574
1324026240000,1627.7,1627.7,1627.4,1627.4,17
1324026300000,1627.5,1627.5,1625.2,1625.2,1088
1324026360000,1625.1,1626.5,1623.3,1623.3,1705
1324026420000,1623.6,1624.1,1623.2,1624.0,1326
1324026480000,1625.0,1625.9,1625.0,1625.8,1211
1324026540000,1626.0,1627.0,1626.0,1627.0,1031
1324026600000,1626.7,1629.8,1626.4,1629.1,9955
1324026660000,1629.1,1630.5,1628.7,1630.3,6511
1324026720000,1630.5,1631.9,1628.9,1629.1,5258
1324026780000,1629.2,1629.6,1629.1,1629.6,1711
1324026840000,1629.3,1629.8,1629.1,1629.8,1117
1324026900000,1629.3,1629.4,1628.1,1629.0,3655
1324026960000,1629.0,1629.0,1629.0,1629.0,451
1324027020000,1629.0,1630.7,1628.8,1628.8,1445
1324027080000,1629.2,1629.4,1628.9,1628.9,595
1324027140000,1628.9,1628.9,1628.7,1628.7,202
1324027200000,1628.9,1630.7,1628.9,1630.1,657
1324027260000,1630.3,1631.5,1630.3,1631.5,5129
1324027320000,1631.0,1631.0,1630.6,1630.6,1026
1324027380000,1630.8,1631.0,1630.1,1630.2,640
1324027440000,1630.4,1630.6,1629.0,1629.0,1658
1324027500000,1629.0,1629.0,1625.0,1625.7,10586
1324027560000,1625.6,1627.0,1624.8,1627.0,11943
1324027620000,1626.2,1626.8,1626.0,1626.6,3662
1324027680000,1626.4,1627.0,1625.6,1626.1,886
1324027740000,1626.0,1627.0,1624.8,1627.0,3161
1324027800000,1626.4,1627.0,1626.0,1626.0,454
1324027860000,1626.8,1628.4,1626.6,1628.0,191
1324027920000,1628.4,1629.5,1627.2,1629.5,1626
1324027980000,1629.2,1629.5,1628.9,1629.4,500
1324028040000,1629.2,1636.0,1629.2,1635.2,35402
1324028100000,1635.2,1636.8,1634.4,1634.4,9120
1324028160000,1634.3,1635.8,1633.8,1633.9,7665
1324028220000,1634.7,1635.5,1634.1,1635.5,5881
1324028280000,1635.0,1635.9,1634.8,1635.7,2611
1324028340000,1635.9,1636.0,1635.2,1635.2,647
1324028400000,1635.2,1635.2,1634.0,1634.5,2195
1324028460000,1634.2,1634.5,1632.2,1632.4,2215
1324028520000,1632.4,1634.1,1632.4,1633.5,81
1324028580000,1633.8,1634.1,1633.3,1633.8,1258
1324028640000,1634.1,1634.9,1633.9,1634.9,530
1324028700000,1634.9,1635.0,1634.5,1635.0,926
1324028760000,1634.8,1634.8,1634.2,1634.3,263
1324028820000,1634.6,1635.0,1634.6,1635.0,1325
1324028880000,1635.0,1636.5,1634.2,1636.0,4941
1324028940000,1635.7,1635.7,1635.7,1635.7,1
1324029000000,1635.0,1635.1,1635.0,1635.1,202
1324029060000,1635.1,1636.0,1635.0,1635.6,1048
1324029120000,1635.8,1635.8,1633.8,1633.9,2009
1324029180000,1634.2,1634.5,1633.5,1634.5,219
1324029240000,1634.1,1634.1,1634.0,1634.0,220
1324029300000,1634.2,1635.0,1634.2,1635.0,1045
1324029360000,1635.2,1635.2,1635.0,1635.0,54
1324029420000,1635.0,1635.9,1634.9,1635.3,3640
1324029480000,1635.7,1636.8,1635.1,1636.8,6022
1324029540000,1636.8,1637.0,1635.5,1636.7,1893
1324029600000,1636.6,1637.7,1636.0,1637.0,3326
1324029660000,1636.5,1638.0,1636.0,1636.0,2931
1324029720000,1636.6,1636.6,1635.4,1635.4,570
1324029780000,1635.4,1635.8,1633.8,1634.0,5685
1324029840000,1634.1,1634.1,1633.1,1633.4,2398
1324029900000,1633.4,1635.1,1633.4,1635.0,2631
1324029960000,1635.3,1635.6,1634.0,1634.7,2448
1324030020000,1634.6,1636.0,1634.3,1636.0,2505
1324030080000,1635.6,1637.0,1635.6,1636.5,4035
1324030140000,1637.0,1638.4,1637.0,1638.1,3860
1324030200000,1637.7,1640.0,1637.7,1639.9,16378
1324030260000,1639.4,1645.0,1638.9,1643.9,25589
1324030320000,1643.9,1644.0,1642.1,1642.1,4354
1324030380000,1642.1,1645.0,1641.6,1643.1,9908
1324030440000,1643.1,1643.7,1642.1,1643.1,2455
1324030500000,1643.2,1643.2,1641.5,1642.0,5035
1324030560000,1642.3,1642.8,1641.5,1642.8,9671
1324030620000,1643.0,1643.0,1642.5,1642.5,41
1324030680000,1642.7,1642.7,1640.0,1640.1,9809
1324030740000,1640.1,1640.4,1638.7,1639.3,7295
1324030800000,1640.0,1641.0,1640.0,1641.0,833
1324030860000,1640.2,1640.9,1639.1,1639.1,2746
1324030920000,1639.0,1639.4,1637.7,1637.7,2254
1324030980000,1637.6,1638.0,1637.0,1637.7,4385
1324031040000,1637.8,1638.1,1637.0,1637.1,4586
1324031100000,1638.0,1638.3,1637.8,1638.0,1074
1324031160000,1638.5,1639.7,1638.5,1639.6,329
1324031220000,1638.7,1640.3,1638.7,1640.1,5751
1324031280000,1640.0,1640.8,1639.8,1640.8,2161
1324031340000,1640.1,1641.0,1640.1,1640.2,157
1324031400000,1640.2,1640.2,1637.5,1637.5,7368
1324031460000,1637.7,1638.7,1637.7,1638.7,129
1324031520000,1638.7,1639.5,1637.6,1639.5,4057
1324031580000,1638.9,1639.0,1638.9,1639.0,154
1324031640000,1638.9,1638.9,1638.7,1638.7,426
1324031700000,1638.6,1638.7,1638.2,1638.7,489
1324031760000,1638.5,1638.5,1638.2,1638.2,1277
1324031820000,1638.2,1639.3,1638.0,1638.8,2359
1324031880000,1639.3,1642.0,1639.3,1641.4,1681
1324031940000,1642.0,1642.2,1642.0,1642.2,567
1324032000000,1641.5,1641.7,1641.0,1641.0,16
1324032060000,1641.0,1642.1,1641.0,1642.1,11
1324032120000,1642.1,1645.0,1642.1,1644.3,10504
1324032180000,1644.9,1645.0,1644.0,1645.0,14119
1324032240000,1645.0,1648.0,1644.4,1647.9,24349
1324032300000,1647.8,1647.9,1644.1,1645.7,5312
1324032360000,1645.8,1646.0,1644.1,1644.1,2772
1324032420000,1644.0,1645.8,1642.5,1642.7,5463
1324032480000,1642.7,1643.2,1642.0,1642.9,1152
1324032540000,1643.1,1643.3,1643.0,1643.3,1588
1324032600000,1643.3,1644.0,1642.1,1642.7,6479
1324032660000,1642.7,1642.7,1642.7,1642.7,16
1324032720000,1642.7,1642.7,1638.0,1638.9,4533
1324032780000,1638.0,1638.8,1638.0,1638.0,297
1324032840000,1638.0,1639.9,1637.5,1638.5,1380
1324032900000,1638.2,1638.2,1636.1,1636.1,4419
1324032960000,1636.1,1636.1,1631.6,1631.8,9603
1324033020000,1631.8,1634.0,1631.6,1631.8,14755
1324033080000,1632.0,1633.1,1632.0,1632.8,801
1324033140000,1632.8,1632.8,1630.8,1630.8,772
1324033200000,1630.8,1631.0,1624.0,1624.0,18364
1324033260000,1624.0,1625.9,1622.6,1624.2,10711
1324033320000,1624.6,1627.9,1624.6,1626.7,1253
1324033380000,1626.7,1629.2,1626.7,1628.6,10997
1324033440000,1628.4,1629.5,1628.2,1629.4,3288
1324033500000,1629.2,1630.3,1629.0,1630.1,1851
1324033560000,1629.9,1630.3,1629.8,1630.2,4746
1324033620000,1630.2,1630.3,1629.1,1629.4,857
1324033680000,1629.8,1630.1,1629.1,1629.8,4451
1324033740000,1629.8,1630.5,1629.8,1630.4,1503
1324033800000,1630.4,1631.4,1630.0,1630.0,3417
1324033860000,1630.9,1631.0,1630.0,1630.0,2409
1324033920000,1630.0,1630.0,1628.5,1629.2,6582
1324033980000,1629.0,1630.2,1629.0,1629.8,1306
1324034040000,1630.7,1630.8,1629.0,1629.0,856
1324034100000,1629.0,1630.2,1629.0,1629.5,1518
1324034160000,1630.4,1630.6,1629.4,1630.6,4923
1324034220000,1629.6,1633.1,1629.5,1632.9,4226
1324034280000,1632.5,1633.8,1632.2,1633.6,3341
1324034340000,1633.7,1634.8,1633.5,1634.8,3992
1324034400000,1634.4,1634.9,1632.7,1633.9,5751
1324034460000,1633.0,1633.0,1632.7,1632.7,70
1324034520000,1632.7,1632.7,1630.0,1630.1,1358
1324034580000,1630.1,1630.3,1630.0,1630.0,1001
1324034640000,1629.7,1629.7,1628.0,1629.0,5984
1324034700000,1630.0,1630.0,1627.7,1627.7,6056
1324034760000,1627.4,1627.4,1621.6,1622.0,25329
1324034820000,1622.0,1623.4,1621.6,1622.2,4486
1324034880000,1622.6,1622.7,1621.2,1621.2,7905
1324034940000,1621.2,1622.0,1618.1,1618.1,12670
1324035000000,1618.3,1618.5,1616.0,1618.0,11995
1324035060000,1618.0,1618.1,1612.6,1615.1,16335
1324035120000,1615.4,1618.5,1615.4,1618.5,4460
1324035180000,1619.0,1619.8,1618.3,1619.0,413
1324035240000,1618.7,1618.7,1617.6,1618.0,3356
1324035300000,1618.4,1618.5,1617.4,1617.6,5203
1324035360000,1617.6,1617.8,1612.4,1612.6,6639
1324035420000,1613.2,1614.0,1610.2,1610.5,11597
1324035480000,1610.3,1615.5,1610.0,1613.1,11234
1324035540000,1612.3,1613.1,1612.0,1612.6,6492
1324035600000,1613.1,1613.2,1612.1,1612.1,2278
1324035660000,1612.1,1612.1,1610.4,1610.6,18141
1324035720000,1610.9,1612.0,1610.6,1611.6,4737
1324035780000,1611.6,1612.0,1611.1,1611.8,7113
1324035840000,1612.0,1612.0,1611.6,1612.0,134
1324035900000,1612.6,1613.0,1611.6,1612.7,1339
1324035960000,1613.0,1614.3,1612.5,1614.0,1023
1324036020000,1614.3,1616.7,1614.3,1616.5,983
1324036080000,1616.4,1617.2,1615.9,1617.2,6609
1324036140000,1617.2,1617.7,1617.0,1617.6,2007
1324036200000,1617.6,1618.0,1617.2,1618.0,6605
1324036260000,1617.9,1617.9,1615.0,1615.0,7525
1324036320000,1615.0,1617.1,1615.0,1616.3,748
1324036380000,1616.2,1618.0,1615.4,1615.5,2822
1324036440000,1616.7,1616.9,1616.3,1616.8,147
1324036500000,1616.8,1617.7,1616.2,1617.7,334
1324036560000,1618.3,1619.0,1618.3,1618.8,1062
1324036620000,1619.0,1619.7,1618.8,1619.6,408
1324036680000,1619.6,1619.6,1617.2,1618.0,661
1324036740000,1618.0,1618.7,1617.7,1617.7,853
1324036800000,1617.6,1618.0,1616.0,1617.0,5799
1324036860000,1616.5,1617.5,1616.2,1616.6,2493
1324036920000,1616.7,1616.9,1616.2,1616.9,45
1324036980000,1617.2,1617.2,1617.2,1617.2,1
1324037040000,1617.9,1618.4,1617.0,1618.4,8028
1324037100000,1618.0,1618.8,1617.0,1617.5,1734
1324037160000,1617.5,1618.7,1617.0,1618.5,2008
1324037220000,1618.4,1618.4,1617.0,1617.8,391
1324037280000,1617.8,1620.0,1617.7,1618.6,2501
1324037340000,1619.0,1619.0,1617.0,1617.0,3930
1324037400000,1617.0,1618.7,1617.0,1618.6,3605
1324037460000,1618.6,1620.0,1618.3,1620.0,8086
1324037520000,1619.3,1620.0,1619.3,1620.0,1272
1324037580000,1619.5,1619.5,1619.0,1619.0,126
1324037640000,1619.0,1619.6,1618.6,1618.8,735
1324037700000,1618.9,1621.0,1618.8,1620.1,1682
1324037760000,1620.0,1620.4,1619.6,1619.6,16080
1324037820000,1619.1,1620.4,1619.0,1619.2,4986
1324037880000,1619.5,1619.5,1618.9,1618.9,1340
1324037940000,1618.9,1618.9,1617.6,1617.7,1795
1324038000000,1617.7,1617.7,1617.3,1617.5,357
1324038060000,1617.6,1618.9,1617.6,1618.1,787
1324038120000,1619.0,1619.0,1618.0,1618.0,926
1324038180000,1618.8,1619.5,1618.8,1619.1,843
1324038240000,1619.3,1619.7,1619.3,1619.7,15
1324038300000,1619.7,1620.8,1619.7,1620.8,641
1324038360000,1620.1,1620.8,1620.0,1620.0,2133
1324038420000,1619.5,1621.6,1619.4,1621.3,3840
1324038480000,1621.3,1621.7,1621.2,1621.4,92
1324038540000,1621.6,1621.8,1620.6,1620.6,2884
1324038600000,1621.1,1621.1,1619.5,1619.5,1752
1324038660000,1620.7,1622.0,1620.7,1622.0,711
1324038720000,1622.0,1623.2,1621.2,1621.2,2254
1324038780000,1622.0,1625.0,1622.0,1623.4,2253
1324038840000,1624.1,1624.2,1623.2,1623.3,562
1324038900000,1624.0,1624.9,1622.0,1622.0,1503
1324038960000,1622.0,1622.3,1620.9,1621.1,1515
1324039020000,1621.0,1621.3,1620.3,1620.5,3360
1324039080000,1621.2,1622.5,1621.2,1622.0,94
1324039140000,1622.1,1622.1,1620.5,1620.7,227
1324039200000,1620.4,1621.8,1620.4,1620.8,310
1324039260000,1621.4,1622.2,1620.6,1622.2,1181
1324039320000,1621.6,1621.6,1620.8,1620.8,751
1324039380000,1621.2,1621.2,1619.4,1620.8,2537
1324039440000,1620.0,1620.0,1619.4,1619.4,523
1324039500000,1619.5,1619.8,1618.0,1618.0,1555
1324039560000,1618.5,1619.0,1616.4,1617.1,9108
1324039620000,1617.0,1619.2,1617.0,1619.2,215
1324039680000,1618.6,1619.3,1618.6,1619.2,140
1324039740000,1619.0,1619.0,1618.1,1618.4,3241
1324039800000,1618.4,1620.0,1618.1,1619.4,4105
1324039860000,1619.0,1619.5,1619.0,1619.2,112
1324039920000,1619.0,1623.4,1618.7,1622.5,1498
1324039980000,1622.3,1625.0,1622.3,1624.8,6051
1324040040000,1624.8,1625.0,1622.1,1623.0,8528
1324040100000,1622.8,1623.6,1622.4,1622.5,672
1324040160000,1623.4,1623.9,1622.8,1623.1,1823
1324040220000,1623.0,1623.9,1620.6,1621.4,2410
1324040280000,1621.5,1621.8,1620.8,1621.2,140
1324040340000,1621.9,1621.9,1620.0,1621.4,844
1324040400000,1621.6,1622.0,1621.6,1622.0,101
1324040460000,1621.7,1622.2,1621.7,1622.2,611
1324040520000,1622.4,1622.4,1620.0,1620.0,1339
1324040580000,1620.0,1621.0,1620.0,1620.4,57
1324040640000,1620.3,1620.3,1620.0,1620.0,178
1324040700000,1620.0,1620.7,1618.3,1618.3,548
1324040760000,1618.3,1618.4,1617.0,1617.0,2444
1324040820000,1618.0,1619.1,1618.0,1618.7,1069
1324040880000,1618.7,1619.7,1618.7,1619.2,1488
1324040940000,1619.2,1619.7,1618.9,1618.9,640
1324041000000,1618.7,1619.5,1618.7,1619.2,128
1324041060000,1618.9,1619.6,1618.9,1619.6,125
1324041120000,1619.3,1619.5,1618.0,1618.6,1277
1324041180000,1619.6,1620.0,1619.4,1619.8,156
1324041240000,1619.7,1619.7,1619.4,1619.4,23
1324041300000,1619.8,1621.5,1619.8,1620.5,4038
1324041360000,1620.1,1620.4,1618.8,1620.0,745
1324041420000,1619.5,1619.5,1618.0,1619.0,2069
1324041480000,1619.0,1620.0,1618.7,1619.7,1925
1324041540000,1620.1,1620.1,1620.1,1620.1,40
1324041600000,1620.6,1621.0,1620.2,1620.8,64
1324041660000,1620.5,1620.6,1620.1,1620.1,80
1324041720000,1620.2,1620.2,1620.0,1620.0,341
1324041780000,1620.6,1621.0,1620.6,1621.0,330
1324041840000,1621.0,1621.1,1620.3,1621.0,547
1324041900000,1621.0,1621.5,1620.5,1620.9,1156
1324041960000,1621.0,1621.5,1621.0,1621.1,623
1324042020000,1621.3,1625.0,1621.3,1624.0,51977
1324042080000,1624.0,1624.5,1623.5,1623.6,1517
1324042140000,1623.6,1623.7,1622.6,1622.9,789
1324042200000,1622.8,1624.5,1622.0,1623.1,2082
1324042260000,1623.1,1623.2,1620.2,1620.4,3069
1324042320000,1620.5,1621.3,1618.5,1618.5,4125
1324042380000,1619.0,1619.9,1616.1,1616.1,2849
1324042440000,1616.8,1620.0,1616.0,1620.0,3667
1324042500000,1620.0,1623.3,1619.5,1622.5,4130
1324042560000,1621.8,1622.0,1621.5,1622.0,238
1324042620000,1622.0,1622.0,1621.9,1621.9,102
1324042680000,1621.6,1621.6,1617.5,1619.1,4178
1324042740000,1618.2,1618.3,1617.7,1618.1,214
1324042800000,1617.7,1617.7,1616.3,1617.3,1750
1324042860000,1617.3,1619.1,1617.3,1619.1,3802
1324042920000,1618.3,1618.3,1618.3,1618.3,18
1324042980000,1618.9,1621.9,1618.3,1621.3,3958
1324043040000,1620.6,1620.7,1618.9,1618.9,1890
1324043100000,1618.9,1619.2,1618.8,1619.2,205
1324043160000,1619.1,1619.3,1618.1,1618.1,2054
1324043220000,1618.6,1619.0,1617.5,1619.0,1156
1324043280000,1619.0,1620.0,1619.0,1619.0,8936
1324043340000,1619.0,1619.5,1618.7,1619.5,2020
1324043400000,1619.3,1619.3,1618.4,1618.4,409
1324043460000,1618.3,1618.9,1618.3,1618.9,9
1324043520000,1619.3,1619.3,1618.6,1618.8,713
1324043580000,1619.0,1619.0,1619.0,1619.0,1603
1324043640000,1619.3,1619.3,1619.0,1619.1,69
1324043700000,1619.1,1619.1,1617.4,1617.4,2767
1324043760000,1617.1,1617.6,1616.0,1616.0,2151
1324043820000,1617.0,1617.0,1614.0,1615.0,3826
1324043880000,1615.0,1615.0,1613.7,1614.6,727
1324043940000,1615.0,1615.6,1615.0,1615.5,82
1324044000000,1615.8,1616.7,1614.7,1616.0,919
1324044060000,1616.1,1616.1,1614.0,1615.0,1130
1324044120000,1614.5,1616.5,1614.1,1616.5,426
1324044180000,1616.0,1616.4,1616.0,1616.0,51
1324044240000,1616.2,1616.2,1614.9,1614.9,635
1324044300000,1615.0,1615.1,1611.7,1613.0,3735
1324044360000,1613.0,1613.4,1610.4,1612.0,8396
1324044420000,1613.1,1613.7,1612.2,1613.6,414
1324044480000,1613.6,1613.7,1613.0,1613.7,240
1324044540000,1613.3,1613.3,1612.0,1612.0,545
1324044600000,1612.8,1619.2,1611.7,1613.0,8679
1324044660000,1613.0,1614.1,1611.3,1613.0,14089
1324044720000,1612.7,1613.0,1611.3,1612.4,1221
1324044780000,1612.7,1613.2,1611.8,1613.2,4558
1324044840000,1613.0,1613.0,1612.5,1612.9,1042
1324044900000,1613.2,1613.2,1612.9,1612.9,185
1324044960000,1613.0,1613.6,1612.9,1613.3,526
1324045020000,1613.6,1614.7,1613.6,1614.1,520
1324045080000,1614.8,1615.6,1614.8,1615.5,2251
1324045140000,1615.5,1615.6,1615.0,1615.6,722
1324045200000,1615.5,1615.6,1613.0,1613.5,10230
1324045260000,1614.0,1614.0,1613.4,1614.0,115
1324045320000,1613.9,1614.5,1613.7,1614.0,355
1324045380000,1614.0,1614.3,1613.7,1614.0,429
1324045440000,1613.9,1615.0,1613.9,1615.0,3206
1324045500000,1614.6,1615.4,1614.5,1614.5,698
1324045560000,1614.4,1614.6,1614.4,1614.4,41
1324045620000,1614.0,1614.5,1613.7,1613.8,179
1324045680000,1614.2,1614.3,1614.2,1614.3,100
1324045740000,1614.3,1614.7,1613.2,1614.7,765
1324045800000,1614.9,1615.4,1613.7,1615.3,2806
1324045860000,1615.4,1618.0,1615.1,1617.0,3442
1324045920000,1617.0,1619.9,1616.4,1617.8,3380
1324045980000,1616.9,1618.1,1616.9,1617.4,406
1324046040000,1619.0,1619.7,1618.6,1619.1,797
1324046100000,1619.1,1620.5,1618.9,1619.3,2034
1324046160000,1619.2,1621.0,1618.6,1621.0,741
1324046220000,1621.1,1621.5,1620.0,1620.5,1238
1324046280000,1620.5,1620.5,1617.4,1619.4,2854
1324046340000,1619.4,1619.4,1617.6,1617.9,306
1324046400000,1619.3,1619.3,1612.1,1613.3,21255
1324046460000,1614.1,1616.8,1611.2,1612.9,21401
1324046520000,1613.9,1614.8,1610.0,1610.9,21636
1324046580000,1611.8,1615.8,1610.0,1612.3,27960
1324046640000,1612.5,1629.0,1601.6,1602.7,106488
1324274400000,1601.3,1608.8,1598.0,1598.0,10485
1324274460000,1598.1,1604.8,1598.1,1601.2,10035
1324274520000,1601.1,1602.5,1600.0,1601.8,5459
1324274580000,1601.8,1604.0,1601.4,1602.7,4401
1324274640000,1603.5,1603.6,1600.6,1600.6,5904
1324274700000,1601.0,1601.1,1600.5,1600.5,4165
1324274760000,1600.5,1601.1,1600.3,1601.1,1549
1324274820000,1601.1,1603.8,1601.1,1603.2,4672
1324274880000,1603.2,1604.2,1603.2,1604.0,4169
1324274940000,1604.0,1605.3,1604.0,1605.0,6151
1324275000000,1605.0,1605.3,1602.6,1602.6,12068
1324275060000,1602.9,1603.5,1602.5,1603.2,6511
1324275120000,1603.2,1603.2,1601.5,1602.5,5002
1324275180000,1602.5,1603.2,1602.5,1603.2,3193
1324275240000,1602.9,1603.0,1601.0,1601.5,6690
1324275300000,1601.5,1601.7,1600.0,1600.4,6441
1324275360000,1600.0,1601.0,1598.7,1599.2,12596
1324275420000,1599.4,1600.9,1599.0,1600.9,902
1324275480000,1601.4,1603.0,1601.4,1603.0,1432
1324275540000,1603.0,1603.0,1602.1,1602.5,1610
1324275600000,1602.5,1605.0,1602.5,1604.0,4878
1324275660000,1604.6,1605.9,1602.7,1602.7,8626
1324275720000,1602.6,1602.8,1601.4,1602.4,1148
1324275780000,1602.0,1603.1,1602.0,1603.1,4458
1324275840000,1602.8,1603.0,1602.0,1602.5,2562
1324275900000,1602.5,1603.0,1602.1,1602.8,4722
1324275960000,1602.8,1603.0,1602.0,1602.0,3393
1324276020000,1602.0,1602.2,1600.2,1602.2,5715
1324276080000,1602.1,1602.5,1601.5,1601.7,668
1324276140000,1602.4,1602.4,1601.5,1601.6,236
1324276200000,1601.7,1602.2,1601.5,1601.7,1617
1324276260000,1601.6,1602.8,1601.5,1602.8,1512
1324276320000,1602.8,1603.9,1602.7,1603.4,631
1324276380000,1602.7,1604.6,1602.6,1603.0,3855
1324276440000,1603.0,1605.5,1602.3,1604.9,3511
1324276500000,1604.1,1605.0,1602.7,1603.6,1032
1324276560000,1603.4,1603.5,1600.3,1600.4,6458
1324276620000,1600.3,1601.9,1600.0,1600.2,1725
1324276680000,1601.0,1601.1,1598.9,1598.9,9023
1324276740000,1598.9,1599.1,1596.5,1598.0,18793
1324276800000,1598.2,1599.7,1598.1,1598.9,3155
1324276860000,1598.8,1599.5,1597.6,1597.8,4336
1324276920000,1598.6,1598.7,1598.1,1598.4,738
1324276980000,1598.4,1598.4,1597.4,1598.1,3780
1324277040000,1598.1,1598.1,1596.1,1596.2,3726
1324277100000,1596.1,1597.7,1595.5,1597.0,3579
1324277160000,1596.5,1597.9,1596.5,1597.3,593
1324277220000,1597.0,1597.6,1596.8,1597.1,4826
1324277280000,1597.1,1597.7,1597.1,1597.1,2788
1324277340000,1597.1,1598.2,1596.6,1597.1,986
1324277400000,1597.5,1598.6,1597.0,1598.1,3137
1324277460000,1598.0,1599.0,1596.6,1598.3,6292
1324277520000,1599.0,1599.5,1598.8,1598.8,225
1324277580000,1599.5,1599.6,1598.0,1598.0,5921
1324277640000,1598.0,1598.2,1596.0,1597.3,5674
1324277700000,1598.0,1599.0,1597.0,1597.0,1412
1324277760000,1597.0,1597.0,1595.0,1595.0,9102
1324277820000,1595.2,1596.5,1595.0,1596.5,1308
1324277880000,1596.5,1596.7,1595.1,1595.4,2807
1324277940000,1595.1,1596.1,1595.0,1595.3,1069
1324278000000,1595.1,1595.1,1591.6,1592.0,26382
1324278060000,1592.0,1594.1,1592.0,1594.1,3277
1324278120000,1594.9,1595.0,1593.7,1594.0,4124
1324278180000,1594.0,1594.0,1593.1,1593.9,4109
1324278240000,1594.0,1594.0,1593.0,1594.0,9958
1324278300000,1594.0,1594.5,1593.2,1594.3,1907
1324278360000,1594.6,1596.3,1594.6,1595.6,1657
1324278420000,1595.3,1596.4,1593.8,1596.3,1340
1324278480000,1596.3,1597.5,1596.0,1596.0,4245
1324278540000,1595.8,1597.5,1595.8,1597.0,379
1324278600000,1597.4,1597.4,1596.4,1596.6,631
1324278660000,1597.2,1598.1,1595.7,1596.3,3849
1324278720000,1596.5,1598.0,1595.8,1597.0,2578
1324278780000,1597.9,1598.3,1597.0,1597.1,642
1324278840000,1598.3,1599.3,1597.6,1597.9,1318
1324278900000,1598.5,1599.3,1598.5,1599.1,548
1324278960000,1598.5,1598.5,1597.0,1598.0,775
1324279020000,1597.8,1599.0,1597.0,1599.0,526
1324279080000,1598.9,1599.3,1598.0,1599.3,740
1324279140000,1599.3,1600.0,1599.1,1600.0,1779
1324279200000,1600.0,1600.4,1599.2,1600.4,832
1324279260000,1599.5,1600.5,1599.4,1600.1,154
1324279320000,1599.7,1599.7,1598.1,1598.1,877
1324279380000,1597.5,1598.1,1597.0,1597.0,2563
1324279440000,1597.1,1598.1,1596.2,1598.1,1831
1324279500000,1597.9,1598.7,1597.9,1598.4,282
1324279560000,1598.0,1598.4,1597.0,1598.1,965
1324279620000,1598.0,1598.7,1597.5,1598.0,527
1324279680000,1598.1,1599.0,1598.0,1598.0,2739
1324279740000,1598.5,1601.2,1598.0,1601.2,697
1324279800000,1600.5,1600.6,1599.0,1599.6,1764
1324279860000,1599.0,1599.6,1598.2,1598.2,1105
1324279920000,1599.6,1600.0,1598.4,1598.6,412
1324279980000,1599.1,1599.1,1598.3,1599.0,3498
1324280040000,1599.1,1599.3,1599.0,1599.0,902
1324280100000,1599.0,1599.4,1598.0,1598.2,1674
1324280160000,1598.2,1598.3,1598.0,1598.1,60
1324280220000,1598.0,1598.0,1596.1,1597.0,1848
1324280280000,1597.0,1597.0,1596.4,1596.4,582
1324280340000,1596.3,1597.3,1596.1,1596.6,275
1324280400000,1597.2,1597.4,1596.3,1596.4,1136
1324280460000,1596.4,1598.6,1596.3,1598.0,689
1324280520000,1597.2,1598.0,1597.2,1597.8,98
1324280580000,1597.8,1598.4,1597.8,1598.2,417
1324280640000,1598.2,1598.4,1596.6,1596.6,1609
1324280700000,1597.0,1597.7,1596.5,1597.7,361
1324280760000,1596.8,1597.9,1596.8,1597.9,115
1324280820000,1598.5,1602.0,1598.0,1602.0,4230
1324280880000,1602.0,1603.4,1600.9,1603.0,920
1324280940000,1603.0,1604.2,1603.0,1604.0,2368
1324281000000,1604.3,1604.4,1604.0,1604.0,400
1324281060000,1604.4,1605.0,1602.2,1602.3,4516
1324281120000,1602.8,1603.2,1602.3,1602.6,98
1324281180000,1603.0,1603.9,1603.0,1603.0,155
1324281240000,1603.0,1603.9,1603.0,1603.9,15
1324281300000,1603.5,1604.0,1603.0,1603.0,129
1324281360000,1603.0,1603.5,1600.5,1601.2,1711
1324281420000,1602.3,1602.3,1602.3,1602.3,1
1324281480000,1601.5,1601.5,1600.0,1600.0,1858
1324281540000,1600.0,1600.8,1598.1,1599.5,347
1324281600000,1598.5,1599.4,1597.0,1597.0,852
1324281660000,1597.0,1598.5,1597.0,1598.0,1217
1324281720000,1599.0,1600.1,1598.1,1600.1,735
1324281780000,1600.1,1602.0,1600.0,1602.0,967
1324281840000,1602.0,1603.4,1601.2,1602.8,2564
1324281900000,1603.0,1607.4,1603.0,1606.5,6060
1324281960000,1606.3,1608.0,1605.9,1606.3,3221
1324282020000,1606.3,1607.2,1605.2,1605.2,811
1324282080000,1605.2,1605.2,1602.5,1604.5,839
1324282140000,1604.4,1604.5,1603.0,1604.0,5351
1324282200000,1604.7,1606.3,1604.7,1605.8,1121
1324282260000,1605.0,1605.9,1602.9,1602.9,704
1324282320000,1602.6,1604.2,1602.6,1604.2,89
1324282380000,1603.9,1603.9,1602.7,1603.1,126
1324282440000,1603.8,1603.8,1603.7,1603.7,20
1324282500000,1603.7,1608.7,1603.7,1607.1,13251
1324282560000,1607.0,1609.7,1606.6,1609.0,6758
1324282620000,1609.0,1609.5,1608.0,1608.2,2866
1324282680000,1608.7,1609.0,1607.8,1608.0,1027
1324282740000,1607.8,1609.3,1607.4,1607.9,2388
1324282800000,1608.2,1608.5,1607.2,1607.2,551
1324282860000,1607.2,1608.0,1606.5,1607.3,2177
1324282920000,1607.8,1608.2,1606.5,1607.3,590
1324282980000,1608.5,1608.7,1606.4,1607.2,895
1324283040000,1607.2,1607.9,1607.0,1607.0,236
1324283100000,1607.1,1607.9,1607.0,1607.9,102
1324283160000,1607.8,1608.6,1607.8,1607.9,794
1324283220000,1607.9,1608.5,1607.9,1608.0,584
1324283280000,1608.0,1608.9,1607.0,1608.2,1723
1324283340000,1608.4,1609.5,1608.2,1609.5,3732
1324283400000,1609.4,1609.4,1606.6,1607.2,8474
1324283460000,1607.3,1608.0,1606.3,1606.4,2724
1324283520000,1606.5,1606.8,1606.3,1606.5,221
1324283580000,1606.8,1609.4,1606.8,1608.5,8102
1324283640000,1608.4,1609.2,1608.3,1608.9,1238
1324283700000,1608.7,1609.6,1608.2,1608.2,2247
1324283760000,1608.9,1609.3,1608.2,1608.9,5966
1324283820000,1608.4,1609.3,1607.5,1609.3,4927
1324283880000,1609.3,1609.7,1607.9,1609.6,2652
1324283940000,1609.6,1609.6,1608.0,1609.1,4385
1324284000000,1609.1,1615.0,1609.1,1612.4,14387
1324284060000,1612.4,1613.0,1611.8,1612.0,4015
1324284120000,1612.0,1612.3,1611.4,1611.4,853
1324284180000,1611.4,1612.2,1609.1,1609.3,6325
1324284240000,1610.0,1610.1,1608.7,1609.2,597
1324284300000,1609.2,1609.2,1609.0,1609.2,185
1324284360000,1608.7,1609.2,1608.7,1609.0,5957
1324284420000,1609.7,1612.5,1609.6,1612.5,2693
1324284480000,1612.9,1613.8,1612.5,1612.6,4093
1324284540000,1613.2,1613.8,1609.6,1609.7,5642
1324284600000,1610.4,1611.8,1609.4,1611.6,1704
1324284660000,1610.9,1611.8,1610.8,1611.0,1137
1324284720000,1611.0,1611.9,1611.0,1611.0,2044
1324284780000,1611.0,1611.6,1608.2,1608.2,4859
1324284840000,1608.9,1609.9,1608.5,1608.5,30533
1324284900000,1608.5,1608.5,1608.0,1608.0,2374
1324284960000,1607.9,1607.9,1607.2,1607.5,705
1324285020000,1607.4,1608.3,1607.0,1608.0,6749
1324285080000,1608.0,1608.7,1607.6,1607.6,1216
1324285140000,1608.6,1608.8,1607.1,1608.8,2681
1324285200000,1609.5,1609.6,1607.3,1608.3,478
1324285260000,1609.0,1610.8,1609.0,1610.8,9988
1324285320000,1610.4,1611.1,1609.6,1610.0,10782
1324285380000,1610.1,1611.1,1610.1,1610.9,1137
1324285440000,1611.0,1612.0,1610.6,1610.6,5036
1324285500000,1610.6,1610.6,1607.1,1609.2,3275
1324285560000,1608.9,1608.9,1603.0,1604.5,10942
1324285620000,1604.5,1605.8,1602.9,1604.9,4359
1324285680000,1604.9,1609.4,1604.7,1608.7,3316
1324285740000,1608.7,1608.7,1607.8,1607.8,474
1324285800000,1608.6,1609.0,1607.8,1608.2,5398
1324285860000,1608.6,1608.6,1608.1,1608.3,120
1324285920000,1608.2,1612.3,1608.0,1611.1,4258
1324285980000,1611.1,1611.1,1609.9,1610.8,1783
1324286040000,1610.5,1611.1,1610.2,1611.1,494
1324286100000,1611.1,1615.8,1610.9,1615.2,10293
1324286160000,1614.8,1619.2,1614.8,1617.3,7244
1324286220000,1617.3,1617.9,1616.6,1617.2,1146
1324286280000,1617.0,1617.0,1616.0,1616.6,939
1324286340000,1616.6,1617.1,1616.0,1616.0,2426
1324286400000,1616.7,1616.7,1612.0,1612.3,3736
1324286460000,1612.0,1612.7,1611.4,1611.6,275
1324286520000,1612.0,1612.2,1612.0,1612.2,307
1324286580000,1611.7,1612.2,1611.0,1611.6,844
1324286640000,1612.1,1612.2,1611.0,1611.7,2007
1324286700000,1611.7,1613.5,1610.0,1610.0,4054
1324286760000,1610.0,1615.2,1610.0,1615.2,3334
1324286820000,1615.0,1615.2,1613.5,1615.2,1310
1324286880000,1615.2,1616.2,1613.3,1613.9,1002
1324286940000,1613.5,1613.6,1610.6,1610.6,1706
1324287060000,1613.1,1615.8,1613.1,1615.5,4954
1324287120000,1615.9,1618.6,1615.9,1618.6,3226
1324287180000,1617.6,1618.3,1615.7,1616.5,2440
1324287240000,1616.8,1619.0,1614.9,1618.7,6443
1324287300000,1618.7,1618.7,1615.2,1615.2,4700
1324287360000,1615.2,1615.2,1611.0,1611.0,5498
1324287420000,1611.7,1612.4,1611.7,1612.4,245
1324287480000,1611.8,1613.0,1611.8,1613.0,142
1324287540000,1613.0,1613.0,1612.3,1613.0,62
1324287600000,1612.0,1612.5,1611.4,1611.6,866
1324287660000,1613.4,1613.5,1613.4,1613.5,44
1324287720000,1614.3,1614.3,1613.2,1613.2,25
1324287780000,1614.1,1614.9,1614.0,1614.3,503
1324287840000,1614.2,1615.9,1614.2,1615.9,693
1324287900000,1616.0,1618.9,1616.0,1618.8,2631
1324287960000,1618.8,1618.8,1616.9,1617.0,1829
1324288020000,1617.4,1617.4,1617.1,1617.2,334
1324288080000,1617.1,1617.8,1616.8,1617.8,251
1324288140000,1617.1,1617.1,1616.8,1616.8,1183
1324288200000,1617.0,1618.2,1614.7,1614.7,3783
1324288260000,1614.7,1616.0,1613.0,1613.0,4372
1324288320000,1613.3,1613.7,1612.7,1612.7,698
1324288380000,1612.6,1613.1,1612.2,1612.2,2010
1324288440000,1612.1,1615.6,1612.0,1615.4,2949
1324288500000,1614.4,1616.1,1613.6,1614.5,4838
1324288560000,1614.5,1615.5,1613.9,1615.5,939
1324288620000,1615.1,1615.3,1615.1,1615.3,307
1324288680000,1614.5,1614.5,1612.0,1612.4,978
1324288740000,1612.0,1612.0,1608.7,1609.1,5338
1324288800000,1609.0,1610.0,1607.4,1610.0,3959
1324288860000,1609.9,1610.3,1609.9,1609.9,188
1324288920000,1610.1,1610.3,1609.9,1610.2,135
1324288980000,1610.2,1613.2,1609.6,1609.6,5157
1324289040000,1610.0,1612.6,1609.2,1611.4,1495
1324289100000,1611.1,1611.7,1610.8,1610.8,651
1324289160000,1611.7,1613.9,1609.3,1609.3,2804
1324289220000,1609.3,1610.3,1609.3,1609.9,612
1324289280000,1609.8,1611.1,1609.8,1610.5,299
1324289340000,1611.0,1612.9,1610.5,1612.9,1614
1324289400000,1612.3,1613.2,1611.0,1613.1,1041
1324289460000,1613.6,1613.9,1613.6,1613.9,252
1324289520000,1613.9,1614.0,1613.8,1614.0,2154
1324289580000,1614.0,1614.8,1613.4,1613.4,356
1324289640000,1614.1,1614.7,1614.1,1614.5,146
1324289700000,1614.8,1617.0,1614.8,1616.0,1336
1324289760000,1616.4,1617.0,1616.4,1616.9,215
1324289820000,1616.8,1617.2,1616.6,1617.1,729
1324289880000,1617.1,1617.5,1616.7,1616.7,197
1324289940000,1616.7,1616.9,1615.5,1615.5,290
1324290000000,1615.6,1615.6,1614.3,1614.8,1047
1324290060000,1614.4,1615.8,1614.2,1615.8,202
1324290120000,1615.5,1617.0,1614.5,1617.0,1003
1324290180000,1616.6,1619.0,1615.0,1618.7,11003
1324290240000,1619.0,1619.4,1617.7,1617.9,4269
1324290300000,1619.0,1620.0,1619.0,1619.8,3949
1324290360000,1619.7,1620.0,1618.8,1618.8,1674
1324290420000,1618.8,1620.0,1618.4,1619.3,8111
1324290480000,1619.4,1620.0,1619.4,1619.4,415
1324290540000,1618.9,1620.0,1618.5,1620.0,913
1324290600000,1620.0,1621.0,1620.0,1621.0,2458
1324290660000,1620.9,1623.0,1620.5,1622.5,6993
1324290720000,1622.1,1622.1,1619.7,1619.7,4903
1324290780000,1619.7,1619.7,1618.8,1619.4,258
1324290840000,1618.8,1619.2,1618.4,1618.4,292
1324290900000,1618.0,1618.5,1615.8,1615.8,2332
1324290960000,1616.1,1616.5,1616.1,1616.1,305
1324291020000,1616.6,1617.9,1616.1,1617.9,694
1324291080000,1618.6,1620.0,1618.6,1618.7,2000
1324291140000,1619.3,1620.1,1618.6,1620.1,1432
1324291200000,1620.8,1620.8,1617.3,1617.3,842
1324291260000,1617.3,1618.3,1617.0,1617.5,1538
1324291320000,1617.7,1617.7,1616.8,1617.0,179
1324291380000,1616.8,1617.1,1615.8,1616.1,1296
1324291440000,1615.7,1619.2,1615.6,1618.8,4004
1324291500000,1618.6,1619.5,1618.0,1618.0,525
1324291560000,1618.7,1619.8,1617.4,1619.7,750
1324291620000,1619.9,1620.4,1619.5,1620.0,1233
1324291680000,1619.9,1620.0,1618.7,1619.1,226
1324291740000,1618.6,1621.9,1618.6,1621.7,836
1324291800000,1621.5,1624.0,1621.1,1623.4,4332
1324291860000,1622.9,1622.9,1621.0,1622.0,3242
1324291920000,1622.1,1622.1,1620.6,1621.2,500
1324291980000,1621.5,1621.5,1621.0,1621.2,575
1324292040000,1621.9,1624.0,1621.6,1623.6,8913
1324292100000,1622.7,1624.2,1622.7,1623.4,6114
1324292160000,1623.4,1623.9,1623.4,1623.5,445
1324292220000,1623.5,1623.9,1622.8,1623.0,3130
1324292280000,1622.7,1622.7,1621.9,1622.0,302
1324292340000,1622.2,1623.0,1622.2,1623.0,46
1324292400000,1623.0,1625.0,1623.0,1624.7,12629
1324292460000,1624.3,1625.0,1624.1,1624.4,2922
1324292520000,1624.1,1624.1,1622.6,1623.1,170
1324292580000,1623.2,1624.1,1623.2,1623.3,592
1324292640000,1623.1,1623.7,1623.1,1623.5,97
1324292700000,1623.1,1623.3,1622.7,1623.0,1226
1324292760000,1622.7,1623.0,1620.1,1622.0,6720
1324292820000,1622.2,1622.5,1617.6,1619.0,6672
1324292880000,1619.7,1620.0,1619.7,1620.0,3585
1324292940000,1620.0,1621.8,1619.3,1621.3,2623
1324293000000,1621.2,1621.6,1620.7,1621.6,248
1324293060000,1621.6,1623.9,1621.6,1622.2,2823
1324293120000,1622.4,1623.1,1622.0,1623.0,2820
1324293180000,1623.0,1623.1,1621.2,1623.1,1551
1324293240000,1623.1,1623.1,1622.1,1622.1,123
1324293300000,1622.2,1623.2,1621.3,1623.2,1072
1324293360000,1622.9,1624.8,1622.6,1624.0,3694
1324293420000,1623.5,1623.5,1622.6,1622.6,380
1324293480000,1623.4,1626.9,1623.4,1626.0,10548
1324293540000,1626.1,1626.7,1623.4,1623.8,9515
1324293600000,1624.1,1624.9,1622.9,1623.4,952
1324293660000,1623.6,1623.6,1618.8,1620.5,7068
1324293720000,1620.6,1620.6,1618.9,1620.0,388
1324293780000,1620.8,1621.3,1620.5,1620.8,934
1324293840000,1621.0,1621.2,1620.2,1620.7,356
1324293900000,1619.9,1620.9,1619.0,1619.0,815
1324293960000,1619.0,1619.3,1618.8,1618.8,414
1324294020000,1618.9,1618.9,1616.4,1618.7,3208
1324294080000,1618.4,1618.8,1617.7,1618.7,531
1324294140000,1618.1,1618.1,1617.9,1617.9,208
1324294200000,1617.1,1618.8,1617.1,1617.1,903
1324294260000,1618.0,1620.5,1618.0,1620.5,1121
1324294320000,1620.5,1620.5,1620.0,1620.0,310
1324294380000,1620.6,1620.6,1618.7,1620.3,633
1324294440000,1620.3,1621.0,1620.3,1621.0,50
1324294500000,1621.1,1622.9,1621.1,1622.9,1324
1324294620000,1622.0,1622.0,1618.3,1618.6,810
1324294680000,1619.0,1619.0,1617.2,1618.0,1042
1324294740000,1618.0,1618.2,1617.0,1617.0,232
1324294800000,1617.4,1618.1,1617.3,1618.1,71
1324294860000,1619.0,1619.0,1618.1,1618.1,6
1324294920000,1618.8,1619.1,1618.1,1618.1,46
1324294980000,1618.4,1618.4,1617.3,1617.3,59
1324295040000,1618.1,1619.2,1617.6,1619.2,4152
1324295100000,1619.3,1620.0,1619.2,1619.4,1355
1324295160000,1619.3,1619.5,1618.7,1619.3,118
1324295220000,1619.2,1622.5,1619.2,1621.7,12261
1324295280000,1621.6,1622.2,1618.5,1621.0,3584
1324295340000,1621.0,1622.2,1620.6,1621.4,404
1324295400000,1620.8,1622.5,1620.8,1622.5,40
1324295460000,1622.5,1622.5,1621.3,1621.7,176
1324295520000,1621.1,1622.1,1621.1,1622.0,70
1324295580000,1621.9,1622.2,1621.6,1622.0,330
1324295640000,1622.0,1623.4,1620.8,1622.6,2205
1324295700000,1622.4,1623.2,1622.4,1623.2,240
1324295760000,1623.3,1625.7,1623.3,1625.0,1934
1324295820000,1625.0,1627.0,1625.0,1626.7,6133
1324295880000,1625.8,1626.0,1624.9,1625.4,380
1324295940000,1625.4,1626.9,1625.4,1626.9,2234
1324296000000,1626.9,1629.0,1626.0,1628.9,45206
1324296060000,1628.1,1628.6,1626.2,1627.2,1161
1324296120000,1626.8,1629.0,1626.8,1627.9,11019
1324296180000,1628.6,1628.9,1627.5,1627.5,833
1324296240000,1628.0,1628.3,1627.3,1628.0,448
1324296300000,1627.9,1628.4,1627.7,1627.7,2569
1324296360000,1628.2,1628.4,1627.4,1627.5,269
1324296420000,1627.4,1627.9,1627.3,1627.9,705
1324296480000,1627.3,1628.3,1627.3,1628.0,2356
1324296540000,1628.0,1628.0,1627.3,1627.3,1657
1324296600000,1627.9,1628.0,1627.4,1628.0,1814
1324296660000,1628.0,1628.4,1625.8,1627.4,6781
1324296720000,1627.2,1628.2,1627.0,1628.1,365
1324296780000,1627.7,1627.7,1626.6,1627.5,469
1324296840000,1627.4,1629.1,1627.4,1629.0,4622
1324296900000,1629.0,1629.0,1628.9,1628.9,113
1324296960000,1628.9,1629.0,1628.2,1628.2,801
1324297020000,1628.2,1628.2,1628.0,1628.0,677
1324297080000,1627.4,1627.9,1625.7,1626.7,3814
1324297140000,1627.3,1628.4,1627.3,1628.2,8685
1324297200000,1628.2,1628.2,1624.4,1625.1,9093
1324297260000,1625.0,1625.1,1624.9,1625.0,6054
1324297320000,1624.9,1624.9,1623.2,1623.9,972
1324297380000,1623.6,1626.7,1623.5,1626.2,2152
1324297440000,1626.1,1626.6,1624.7,1625.2,2964
1324297500000,1625.8,1626.6,1624.7,1626.6,210
1324297560000,1627.2,1627.2,1625.9,1626.0,1653
1324297620000,1626.4,1627.2,1626.1,1626.1,203
1324297680000,1626.1,1626.1,1626.1,1626.1,243
1324297740000,1626.1,1626.1,1625.5,1625.9,210
1324297800000,1625.9,1626.2,1625.9,1626.2,442
1324297860000,1626.2,1626.2,1626.2,1626.2,566
1324297920000,1626.3,1626.3,1624.3,1625.0,1221
1324297980000,1625.1,1625.3,1624.8,1625.3,368
1324298040000,1625.5,1625.5,1625.3,1625.3,284
1324298100000,1625.3,1626.0,1625.0,1625.0,2539
1324298160000,1625.0,1625.6,1625.0,1625.2,232
1324298280000,1625.5,1625.7,1625.0,1625.6,1778
1324298340000,1625.0,1625.0,1625.0,1625.0,192
1324298400000,1625.6,1627.0,1625.6,1627.0,6526
1324298460000,1627.0,1627.1,1626.1,1626.5,5830
1324298520000,1626.3,1627.3,1625.8,1627.3,7534
1324298580000,1627.1,1627.4,1627.0,1627.4,853
1324298640000,1627.6,1628.0,1627.2,1627.3,273
1324298700000,1627.3,1627.8,1627.0,1627.0,555
1324298760000,1627.2,1627.9,1627.2,1627.3,705
1324298820000,1627.3,1633.0,1627.2,1632.6,30258
1324298880000,1633.0,1633.4,1632.1,1632.8,3182
1324298940000,1632.8,1637.0,1631.9,1637.0,17991
1324299000000,1636.4,1637.0,1632.0,1634.8,11820
1324299060000,1632.7,1633.5,1630.7,1630.7,3709
1324299120000,1630.7,1631.5,1628.2,1630.4,34855
1324299180000,1630.0,1631.1,1629.1,1630.2,14722
1324299240000,1630.2,1630.8,1630.1,1630.1,144
1324299300000,1630.1,1630.2,1628.7,1630.0,6964
1324299360000,1630.0,1630.9,1628.9,1628.9,9679
1324299420000,1628.9,1630.0,1628.6,1630.0,1516
1324299480000,1630.0,1630.6,1630.0,1630.3,1006
1324299540000,1630.3,1630.4,1630.0,1630.1,317
1324299600000,1630.1,1630.1,1628.2,1628.3,4414
1324299660000,1628.5,1628.5,1627.6,1627.8,2299
1324299720000,1628.8,1629.9,1628.0,1629.7,1876
1324299780000,1630.0,1630.0,1627.1,1628.0,7369
1324299840000,1628.1,1629.8,1627.9,1629.8,1737
1324299900000,1629.8,1632.0,1629.8,1631.1,4320
1324299960000,1631.9,1631.9,1630.6,1630.7,163
1324300020000,1631.6,1634.4,1631.6,1634.0,2710
1324300080000,1634.1,1635.1,1634.0,1635.0,10059
1324300140000,1635.1,1635.2,1635.0,1635.2,2529
1324300200000,1635.2,1635.2,1633.7,1633.7,4748
1324300260000,1634.0,1634.0,1633.0,1633.6,437
1324300320000,1633.1,1634.3,1632.9,1634.3,613
1324300380000,1634.5,1635.1,1633.8,1634.7,3773
1324300440000,1634.8,1635.2,1634.0,1634.3,1744
1324300500000,1634.4,1635.2,1632.8,1632.9,6199
1324300560000,1632.9,1635.2,1632.5,1632.7,5709
1324300620000,1632.8,1634.5,1632.6,1633.5,1673
1324300680000,1633.4,1634.0,1633.4,1634.0,120
1324300740000,1634.1,1634.7,1634.0,1634.7,2242
1324300800000,1634.2,1635.2,1634.1,1635.2,719
1324300860000,1634.7,1635.8,1634.1,1635.8,9473
1324300920000,1635.8,1637.2,1635.8,1637.0,20136
1324300980000,1637.0,1638.0,1637.0,1637.2,3596
1324301040000,1638.0,1638.3,1637.4,1638.3,1014
1324301100000,1638.3,1641.1,1638.3,1639.0,17193
1324301160000,1639.6,1641.0,1638.2,1638.9,6854
1324301220000,1638.8,1639.4,1637.3,1639.4,2049
1324301280000,1639.0,1639.0,1638.7,1638.9,660
1324301340000,1638.9,1640.9,1638.5,1639.6,5965
1324301400000,1640.0,1642.4,1640.0,1642.0,15101
1324301460000,1641.9,1642.2,1641.0,1641.0,1427
1324301520000,1641.0,1642.4,1641.0,1641.8,2663
1324301580000,1642.3,1642.4,1641.0,1641.3,3227
1324301640000,1641.8,1642.0,1641.0,1641.0,239
1324301700000,1641.0,1642.7,1640.0,1640.9,5962
1324301760000,1640.9,1642.2,1640.1,1641.2,1848
1324301820000,1641.2,1641.6,1641.1,1641.2,112
1324301880000,1641.2,1641.2,1640.0,1641.0,5269
1324301940000,1640.2,1641.0,1640.1,1640.1,65
1324302000000,1640.8,1640.9,1640.8,1640.9,355
1324302060000,1640.9,1641.7,1640.0,1641.2,7834
1324302120000,1641.5,1641.5,1639.2,1640.0,8248
1324302180000,1640.0,1640.2,1639.0,1640.0,10114
1324302240000,1640.1,1640.3,1639.0,1640.3,8102
1324302300000,1640.3,1642.7,1640.3,1640.8,7495
1324302360000,1640.9,1641.1,1640.3,1640.8,5595
1324302420000,1640.8,1641.7,1640.8,1640.9,426
1324302480000,1640.8,1641.0,1640.2,1640.2,2114
1324302540000,1640.2,1640.9,1640.2,1640.9,2053
1324302600000,1640.2,1640.4,1640.2,1640.2,535
1324302660000,1640.2,1640.4,1639.4,1639.4,4853
1324302720000,1639.4,1640.0,1638.5,1640.0,6229
1324302780000,1640.0,1640.1,1640.0,1640.0,2993
1324302840000,1640.0,1640.0,1639.4,1639.8,676
1324302900000,1639.7,1640.0,1639.3,1639.3,263
1324302960000,1639.5,1640.0,1639.2,1639.2,250
1324303020000,1639.2,1640.2,1639.1,1640.1,838
1324303080000,1639.1,1639.2,1639.0,1639.0,1112
1324303140000,1639.0,1640.3,1639.0,1640.3,1944
1324303200000,1640.3,1641.0,1640.0,1640.7,857
1324303260000,1640.0,1640.8,1639.3,1640.1,2426
1324303320000,1639.7,1639.8,1638.5,1638.5,2849
1324303380000,1638.4,1640.1,1638.4,1639.4,7606
1324303440000,1639.3,1639.5,1637.0,1637.2,6304
1324303500000,1637.2,1637.2,1636.0,1636.5,3891
1324303560000,1636.8,1637.0,1636.0,1636.1,2923
1324303620000,1636.2,1636.2,1632.4,1632.4,9822
1324303680000,1632.5,1633.0,1631.3,1632.3,3881
1324303740000,1632.3,1633.4,1632.0,1633.3,2874
1324303800000,1633.3,1633.3,1632.2,1633.0,535
1324303860000,1632.7,1632.7,1631.3,1632.3,2903
1324303920000,1632.6,1633.2,1632.6,1632.9,695
1324303980000,1633.2,1634.1,1633.0,1633.1,1953
1324304040000,1633.0,1634.9,1633.0,1634.1,2370
1324304100000,1633.4,1633.4,1631.8,1632.1,1636
1324304160000,1632.9,1633.5,1631.8,1633.5,376
1324304220000,1632.7,1633.6,1632.6,1632.9,641
1324304280000,1632.9,1633.0,1632.3,1632.9,45
1324304340000,1632.8,1632.9,1632.2,1632.9,380
1324304400000,1632.9,1636.5,1632.9,1636.5,2933
1324304460000,1636.5,1636.5,1635.1,1635.1,1067
1324304520000,1635.8,1635.8,1634.8,1634.8,304
1324304580000,1635.0,1635.3,1634.8,1634.8,324
1324304640000,1635.0,1637.3,1635.0,1635.6,5701
1324304700000,1635.6,1636.0,1634.6,1636.0,1423
1324304760000,1635.6,1636.4,1635.6,1636.4,113
1324304820000,1636.4,1637.0,1636.3,1636.3,442
1324304880000,1636.3,1636.9,1635.9,1636.1,3416
1324304940000,1636.1,1636.1,1635.0,1635.0,6836
1324305000000,1635.0,1635.5,1632.7,1632.7,9287
1324305060000,1633.1,1634.6,1632.7,1634.6,1129
1324305120000,1634.8,1636.7,1634.8,1636.7,1367
1324305180000,1636.0,1637.0,1636.0,1636.7,2315
1324305240000,1636.8,1638.5,1636.7,1637.2,2618
1324305300000,1636.8,1637.0,1635.1,1635.3,1670
1324305360000,1635.2,1636.1,1633.9,1634.0,3794
1324305420000,1633.5,1633.5,1631.7,1631.7,3201
1324305480000,1631.7,1633.2,1630.7,1633.0,3056
1324305540000,1632.0,1632.8,1631.1,1631.2,2660
1324305600000,1632.3,1632.6,1631.1,1631.4,395
1324305660000,1631.4,1632.4,1631.2,1632.4,7186
1324305720000,1632.4,1632.6,1631.5,1632.6,3409
1324305780000,1632.6,1635.6,1632.0,1635.0,5084
1324305840000,1635.0,1635.2,1633.0,1633.0,2758
1324360800000,1628.9,1632.5,1626.5,1631.1,2733
1324360860000,1631.0,1632.1,1630.0,1630.0,4965
1324360920000,1630.6,1635.0,1628.1,1628.1,4566
1324360980000,1628.8,1629.4,1628.0,1629.1,1247
1324361040000,1628.1,1630.0,1627.3,1629.9,944
1324361100000,1630.0,1630.0,1629.2,1630.0,766
1324361160000,1630.0,1630.8,1628.9,1629.3,1845
1324361220000,1629.3,1629.6,1627.9,1628.0,830
1324361280000,1628.9,1629.3,1628.0,1629.3,619
1324361340000,1629.4,1629.4,1628.2,1628.4,77
1324361400000,1629.2,1629.7,1628.1,1629.7,379
1324361460000,1629.7,1629.9,1629.2,1629.9,282
1324361520000,1629.8,1630.0,1629.0,1629.9,1384
1324361580000,1629.9,1629.9,1628.9,1629.6,92
1324361640000,1629.5,1629.5,1628.7,1629.1,295
1324361700000,1629.4,1629.4,1628.7,1628.7,151
1324361820000,1629.9,1630.0,1629.8,1630.0,756
1324361880000,1630.0,1630.0,1629.0,1629.0,308
1324361940000,1628.7,1628.7,1627.1,1627.5,1713
1324362000000,1627.2,1627.2,1627.0,1627.0,1637
1324362060000,1627.0,1627.0,1625.1,1625.2,2155
1324362120000,1625.2,1627.2,1625.2,1625.8,372
1324362180000,1626.8,1626.8,1626.8,1626.8,42
1324362240000,1625.7,1625.7,1621.1,1621.2,3756
1324362300000,1622.4,1625.0,1621.4,1624.1,979
1324362360000,1624.1,1624.1,1623.1,1623.1,2397
1324362420000,1623.1,1623.3,1622.6,1623.1,342
1324362480000,1623.1,1624.4,1622.2,1622.8,505
1324362540000,1622.5,1623.5,1620.7,1620.7,5950
1324362600000,1620.7,1623.3,1620.7,1622.4,4356
1324362660000,1622.4,1623.9,1622.1,1623.3,3373
1324362720000,1623.3,1623.9,1620.8,1622.6,5300
1324362780000,1622.1,1623.0,1622.1,1623.0,130
1324362840000,1622.9,1624.0,1622.2,1624.0,1558
1324362900000,1623.3,1624.5,1622.8,1622.8,1439
1324362960000,1622.6,1622.6,1621.6,1622.0,979
1324363020000,1622.5,1622.5,1621.5,1621.5,3428
1324363080000,1621.4,1623.2,1621.1,1622.6,3857
1324363140000,1623.0,1625.9,1623.0,1625.3,4777
1324363200000,1625.1,1625.6,1624.4,1625.1,2447
1324363260000,1624.4,1625.2,1624.4,1625.2,1862
1324363320000,1625.2,1626.8,1624.4,1626.8,3946
1324363380000,1626.3,1628.0,1626.0,1628.0,2372
1324363440000,1627.3,1628.0,1626.0,1626.3,3530
1324363500000,1626.1,1626.4,1626.0,1626.0,861
1324363560000,1626.0,1626.0,1624.5,1625.2,13470
1324363620000,1625.0,1626.3,1625.0,1626.3,730
1324363680000,1626.9,1626.9,1625.9,1626.5,322
1324363740000,1626.7,1626.7,1625.7,1625.7,252
1324363800000,1625.9,1625.9,1624.6,1625.0,2856
1324363860000,1624.9,1625.0,1624.0,1625.0,1863
1324363920000,1624.6,1624.6,1624.3,1624.5,387
1324363980000,1624.5,1625.5,1624.1,1624.1,2357
1324364040000,1624.8,1625.8,1623.9,1624.9,3121
1324364100000,1624.8,1625.0,1624.8,1625.0,24
1324364160000,1624.7,1624.7,1624.7,1624.7,3
1324364220000,1624.9,1625.0,1623.9,1623.9,3465
1324364280000,1624.0,1624.9,1624.0,1624.9,491
1324364340000,1624.7,1624.7,1624.6,1624.7,35
1324364400000,1624.6,1624.6,1623.3,1623.3,1391
1324364460000,1623.3,1624.0,1623.0,1624.0,1645
1324364520000,1624.0,1624.1,1622.0,1623.5,1772
1324364580000,1623.5,1623.5,1623.3,1623.3,70
1324364640000,1623.9,1624.9,1623.8,1624.9,2744
1324364700000,1624.1,1624.2,1623.0,1623.6,210
1324364760000,1624.3,1624.6,1624.3,1624.6,41
1324364820000,1624.9,1626.7,1624.9,1626.7,292
1324364880000,1626.7,1626.8,1626.1,1626.8,45
1324364940000,1626.4,1629.9,1626.4,1629.5,1337
1324365000000,1629.5,1630.0,1628.8,1628.8,412
1324365060000,1628.8,1629.7,1628.4,1628.4,250
1324365120000,1628.8,1630.0,1628.8,1630.0,1469
1324365180000,1630.0,1630.0,1628.2,1628.2,490
1324365240000,1628.3,1628.8,1628.1,1628.8,114
1324365300000,1628.8,1628.8,1628.2,1628.2,110
1324365360000,1628.1,1628.2,1626.2,1626.7,905
1324365480000,1626.5,1626.9,1625.2,1625.2,757
1324365540000,1626.5,1628.0,1626.3,1627.1,1025
1324365600000,1627.4,1627.4,1627.1,1627.1,572
1324365660000,1627.0,1628.0,1627.0,1627.9,2182
1324365720000,1627.8,1628.0,1627.2,1627.2,19
1324365780000,1627.2,1627.2,1626.4,1626.4,79
1324365840000,1626.9,1626.9,1625.2,1625.3,537
1324365900000,1625.2,1625.7,1624.0,1625.2,7761
1324365960000,1626.1,1626.5,1624.9,1626.1,1772
1324366020000,1626.1,1627.9,1626.0,1627.4,831
1324366080000,1626.6,1630.0,1626.6,1628.9,3042
1324366140000,1628.9,1630.0,1628.9,1629.0,394
1324366200000,1629.5,1629.6,1628.6,1628.6,278
1324366260000,1628.8,1629.3,1628.7,1629.2,188
1324366320000,1628.9,1629.4,1628.7,1628.7,63
1324366380000,1629.0,1629.4,1628.9,1629.4,94
1324366500000,1628.6,1628.7,1628.0,1628.0,30
1324366560000,1628.7,1628.7,1628.0,1628.2,6
1324366620000,1628.3,1628.7,1628.3,1628.3,186
1324366680000,1628.1,1630.0,1628.1,1629.0,4771
1324366740000,1628.1,1629.0,1628.0,1629.0,6068
1324366800000,1628.0,1629.0,1628.0,1629.0,10428
1324366860000,1628.9,1629.0,1628.1,1628.1,4773
1324366920000,1628.3,1628.3,1626.5,1627.5,862
1324366980000,1627.2,1628.2,1626.0,1628.2,855
1324367040000,1628.2,1629.0,1626.7,1628.6,698
1324367100000,1629.0,1629.8,1629.0,1629.5,236
1324367160000,1628.7,1629.0,1628.6,1629.0,143
1324367220000,1628.6,1628.6,1628.1,1628.1,100
1324367280000,1627.2,1627.2,1627.1,1627.1,223
1324367340000,1627.4,1627.4,1627.1,1627.4,230
1324367400000,1627.8,1628.2,1627.5,1628.2,101
1324367460000,1627.5,1627.8,1627.5,1627.8,131
1324367520000,1627.9,1628.8,1627.9,1628.2,236
1324367580000,1628.6,1628.9,1628.1,1628.1,336
1324367640000,1628.2,1629.0,1627.7,1627.7,1320
1324367700000,1628.0,1628.7,1627.5,1627.5,753
1324367760000,1628.0,1628.0,1627.8,1628.0,72
1324367820000,1628.0,1628.0,1628.0,1628.0,60
1324367880000,1627.7,1629.9,1627.7,1629.9,1939
1324367940000,1629.9,1631.9,1629.8,1631.8,3328
1324368000000,1631.8,1633.0,1630.0,1632.6,7266
1324368060000,1632.6,1632.6,1631.5,1632.2,184
1324368120000,1632.3,1633.0,1631.4,1631.4,6781
1324368180000,1632.1,1632.1,1631.3,1631.5,70
1324368240000,1631.1,1631.9,1631.0,1631.0,78
1324368300000,1630.5,1631.0,1628.6,1628.9,1828
1324368360000,1629.6,1630.0,1629.0,1629.6,734
1324368420000,1628.8,1628.8,1625.0,1625.0,5718
1324368480000,1625.3,1626.7,1625.0,1626.7,1527
1324368540000,1626.7,1627.5,1625.3,1627.4,1229
1324368600000,1627.6,1630.0,1627.6,1629.3,2082
1324368660000,1629.3,1629.3,1628.2,1628.2,257
1324368720000,1628.3,1629.0,1628.2,1629.0,190
1324368780000,1628.7,1629.8,1628.7,1629.2,770
1324368840000,1629.1,1630.7,1629.0,1629.8,1181
1324368900000,1629.0,1631.5,1628.3,1629.5,3846
1324368960000,1629.5,1630.1,1629.0,1629.1,565
1324369020000,1629.3,1629.4,1629.0,1629.2,154
1324369080000,1629.5,1629.6,1626.6,1627.3,2676
1324369140000,1627.5,1627.5,1622.4,1623.5,13371
1324369200000,1623.6,1625.2,1621.2,1621.4,6882
1324369260000,1621.2,1621.4,1620.0,1620.0,4694
1324369320000,1620.4,1623.5,1620.0,1621.1,6210
1324369380000,1623.0,1626.0,1623.0,1626.0,3192
1324369440000,1625.7,1625.7,1624.1,1624.5,149
1324369500000,1624.6,1625.0,1624.5,1624.5,52
1324369560000,1624.9,1625.8,1624.1,1625.8,705
1324369620000,1625.9,1626.9,1625.9,1626.0,1121
1324369680000,1626.3,1627.0,1626.3,1627.0,5
1324369740000,1627.0,1627.1,1626.6,1627.0,903
1324369800000,1626.6,1626.6,1625.7,1626.3,523
1324369860000,1626.2,1626.2,1626.2,1626.2,1
1324369920000,1626.5,1626.5,1625.7,1626.3,227
1324369980000,1626.5,1626.6,1625.6,1625.6,166
1324370040000,1626.3,1626.3,1626.2,1626.2,41
1324370100000,1626.3,1628.0,1626.2,1627.9,458
1324370160000,1627.8,1629.9,1627.8,1628.7,3782
1324370220000,1628.9,1629.3,1627.8,1629.2,2483
1324370280000,1628.7,1630.0,1628.7,1629.9,2565
1324370340000,1629.9,1630.0,1629.4,1629.4,1685
1324370400000,1629.6,1630.0,1629.0,1629.9,1106
1324370460000,1629.3,1632.0,1629.3,1630.8,5911
1324370520000,1630.8,1632.9,1630.8,1631.9,4123
1324370580000,1631.7,1632.0,1631.3,1631.3,211
1324370640000,1631.4,1631.4,1630.9,1631.1,152
1324370700000,1631.7,1632.4,1630.9,1632.4,1324
1324370760000,1632.3,1632.5,1631.7,1632.4,371
1324370820000,1631.7,1631.7,1631.4,1631.5,200
1324370880000,1631.0,1631.0,1631.0,1631.0,100
1324370940000,1631.3,1632.1,1631.2,1631.2,141
1324371000000,1631.2,1632.0,1631.2,1632.0,1621
1324371060000,1632.0,1632.9,1631.2,1632.9,709
1324371120000,1631.9,1632.3,1631.0,1632.2,343
1324371180000,1632.0,1632.1,1631.8,1632.1,166
1324371240000,1632.1,1632.6,1630.9,1632.4,1239
1324371300000,1631.3,1632.6,1630.6,1630.7,2137
1324371360000,1630.7,1631.4,1630.5,1631.4,703
1324371420000,1630.6,1631.4,1629.4,1630.2,623
1324371480000,1630.2,1630.3,1629.2,1629.2,2465
1324371540000,1629.2,1630.7,1629.1,1630.4,1011
1324371600000,1629.4,1631.2,1629.4,1629.7,539
1324371660000,1629.8,1630.1,1629.3,1629.3,133
1324371720000,1630.4,1630.5,1629.3,1629.3,158
1324371780000,1630.7,1631.1,1630.2,1630.2,569
1324371840000,1630.2,1630.2,1630.2,1630.2,50
1324371900000,1630.5,1631.5,1629.6,1629.7,2144
1324371960000,1630.9,1630.9,1630.4,1630.7,16
1324372020000,1630.4,1630.8,1630.2,1630.8,19
1324372080000,1630.7,1630.7,1630.3,1630.3,459
1324372140000,1630.0,1630.0,1630.0,1630.0,3
1324372200000,1630.2,1630.2,1630.2,1630.2,1
1324372260000,1630.0,1630.1,1630.0,1630.0,201
1324372320000,1630.7,1630.8,1629.0,1629.1,1485
1324372380000,1629.1,1629.4,1629.0,1629.1,309
1324372440000,1629.1,1629.1,1629.1,1629.1,100
1324372500000,1629.1,1629.1,1629.0,1629.0,2563
1324372560000,1629.1,1629.5,1629.0,1629.5,282
1324372620000,1629.4,1629.5,1629.0,1629.4,303
1324372680000,1629.7,1629.7,1629.0,1629.1,2528
1324372740000,1629.1,1629.9,1629.0,1629.9,810
1324372800000,1629.8,1630.0,1629.8,1630.0,106
1324372860000,1630.0,1630.0,1630.0,1630.0,11
1324372920000,1629.9,1629.9,1629.0,1629.6,546
1324372980000,1629.9,1630.2,1629.7,1630.2,190
1324373040000,1629.7,1629.7,1629.1,1629.1,50
1324373100000,1629.6,1630.3,1629.6,1630.3,72
1324373160000,1629.8,1630.1,1629.8,1629.9,97
1324373220000,1629.7,1629.9,1629.2,1629.9,62
1324373280000,1630.2,1630.2,1630.2,1630.2,1
1324373340000,1629.9,1630.0,1629.8,1629.8,51
1324373400000,1629.9,1630.3,1629.2,1629.8,55
1324373460000,1629.8,1630.1,1629.0,1629.0,845
1324373520000,1629.0,1629.6,1628.0,1628.0,4900
1324373580000,1628.4,1629.0,1625.0,1625.0,7334
1324373640000,1625.1,1625.1,1622.3,1624.0,6486
1324373700000,1624.0,1624.1,1621.0,1621.3,12867
1324373760000,1622.4,1622.8,1622.2,1622.7,481
1324373820000,1623.5,1623.5,1621.5,1622.7,3127
1324373880000,1622.7,1622.7,1621.0,1621.0,6142
1324373940000,1621.6,1622.9,1620.2,1620.2,9252
1324374000000,1621.0,1621.4,1618.5,1620.0,11564
1324374060000,1620.0,1620.8,1620.0,1620.3,1526
1324374120000,1620.3,1620.4,1619.5,1619.7,2092
1324374180000,1620.0,1620.0,1619.9,1620.0,523
1324374240000,1620.4,1621.1,1620.3,1621.1,4648
1324374300000,1621.1,1621.5,1619.5,1621.1,2964
1324374360000,1621.1,1623.2,1620.4,1622.1,1106
1324374420000,1621.9,1622.8,1620.5,1621.5,3105
1324374480000,1622.0,1622.5,1621.0,1621.7,1573
1324374540000,1621.1,1625.0,1620.7,1624.4,1329
1324374600000,1625.0,1625.5,1624.2,1625.5,636
1324374660000,1625.6,1625.7,1625.0,1625.6,938
1324374720000,1625.6,1626.8,1625.6,1625.6,989
1324374780000,1626.4,1626.8,1625.7,1626.8,1312
1324374840000,1626.8,1626.8,1626.3,1626.8,2330
1324374960000,1626.8,1628.3,1626.3,1626.5,3468
1324375020000,1626.3,1626.8,1626.3,1626.3,764
1324375080000,1626.3,1626.5,1624.0,1624.0,813
1324375140000,1624.4,1625.2,1623.7,1624.4,1354
1324375200000,1624.2,1624.3,1624.2,1624.3,22
1324375260000,1624.4,1624.4,1624.1,1624.1,557
1324375320000,1624.0,1624.2,1623.7,1623.9,390
1324375380000,1624.3,1625.8,1624.2,1625.8,1826
1324375440000,1625.2,1626.4,1625.2,1625.7,481
1324375500000,1625.7,1626.0,1625.0,1625.0,399
1324375560000,1625.0,1625.0,1624.0,1624.0,458
1324375620000,1624.8,1624.8,1624.8,1624.8,20
1324375680000,1625.0,1626.5,1625.0,1626.5,50
1324375740000,1625.5,1625.5,1624.5,1624.5,407
1324375800000,1625.0,1626.0,1625.0,1626.0,711
1324375860000,1626.0,1626.0,1626.0,1626.0,10
1324375920000,1625.5,1625.5,1625.5,1625.5,1
1324375980000,1626.0,1626.0,1623.9,1623.9,525
1324376040000,1624.0,1625.1,1624.0,1625.1,47
1324376100000,1625.2,1625.2,1624.0,1624.0,574
1324376160000,1624.2,1624.2,1623.8,1624.2,297
1324376220000,1624.2,1625.0,1624.2,1625.0,362
1324376280000,1624.1,1625.5,1624.1,1624.7,1091
1324376340000,1625.1,1625.5,1625.1,1625.5,164
1324376400000,1625.5,1626.5,1625.5,1626.4,650
1324376460000,1626.4,1626.4,1625.8,1626.4,229
1324376520000,1626.3,1627.7,1626.3,1626.6,1179
1324376580000,1626.3,1626.3,1626.3,1626.3,32
1324376640000,1626.6,1628.0,1626.6,1627.8,1488
1324376700000,1627.8,1627.8,1627.0,1627.0,241
1324376760000,1627.0,1627.3,1626.2,1627.3,542
1324376820000,1626.3,1626.3,1624.2,1624.7,634
1324376880000,1625.4,1625.5,1625.1,1625.5,8
1324376940000,1625.0,1625.0,1624.3,1624.3,50
1324377000000,1625.5,1625.5,1625.0,1625.0,10
1324377060000,1625.0,1625.3,1624.0,1624.0,148
1324377120000,1624.1,1624.1,1623.0,1623.2,1566
1324377180000,1623.0,1623.0,1623.0,1623.0,5
1324377240000,1623.5,1624.1,1623.5,1624.1,123
1324377300000,1624.1,1625.4,1624.0,1625.2,710
1324377360000,1625.5,1625.9,1625.1,1625.7,502
1324377420000,1625.6,1626.5,1625.6,1625.7,1932
1324377480000,1625.6,1625.7,1625.6,1625.6,106
1324377540000,1625.8,1625.8,1625.7,1625.8,182
1324377600000,1625.7,1627.4,1625.1,1626.7,4370
1324377660000,1626.7,1627.6,1626.7,1627.6,791
1324377720000,1627.4,1628.0,1627.4,1627.6,1213
1324377780000,1627.8,1628.4,1627.8,1627.8,919
1324377840000,1628.5,1630.5,1628.4,1630.0,7787
1324377900000,1630.0,1630.7,1629.8,1630.5,3004
1324377960000,1630.5,1630.5,1629.2,1629.2,10409
1324378020000,1629.4,1630.4,1629.4,1630.2,3143
1324378080000,1629.7,1631.9,1629.7,1631.8,5017
1324378140000,1631.6,1632.0,1631.0,1631.2,2978
1324378200000,1630.6,1631.2,1628.2,1629.9,3484
1324378260000,1630.8,1631.8,1628.7,1630.0,4623
1324378320000,1630.0,1630.9,1629.8,1630.0,323
1324378380000,1629.0,1629.7,1629.0,1629.0,17
1324378440000,1629.8,1629.8,1629.8,1629.8,18
1324378500000,1629.4,1630.9,1629.0,1629.3,1365
1324378560000,1629.9,1630.1,1629.1,1630.1,629
1324378620000,1629.5,1632.7,1629.1,1632.5,5679
1324378680000,1631.7,1632.6,1629.3,1629.3,1584
1324378740000,1629.9,1630.5,1628.7,1628.8,1690
1324378800000,1628.7,1630.9,1628.7,1630.9,326
1324378860000,1630.0,1630.0,1630.0,1630.0,196
1324378920000,1630.1,1630.1,1628.9,1630.0,842
1324378980000,1629.3,1630.1,1628.8,1629.1,683
1324379040000,1630.1,1630.1,1629.5,1630.0,70
1324379100000,1630.2,1630.7,1630.2,1630.6,211
1324379160000,1629.9,1631.3,1629.1,1629.9,885
1324379220000,1630.0,1630.6,1629.0,1629.3,1880
1324379280000,1629.2,1634.4,1629.2,1633.5,24054
1324379340000,1634.3,1634.3,1633.5,1633.9,3844
1324379400000,1633.3,1636.0,1633.3,1635.3,4546
1324379460000,1635.3,1635.7,1634.0,1634.1,1503
1324379520000,1634.0,1634.0,1631.0,1631.0,5276
1324379580000,1631.0,1631.5,1629.8,1631.5,1689
1324379640000,1631.3,1631.4,1630.0,1631.4,724
1324379700000,1631.5,1632.8,1631.5,1632.8,4960
1324379760000,1632.9,1633.2,1632.2,1632.2,199
1324379820000,1632.6,1633.5,1630.6,1631.8,4634
1324379880000,1632.1,1634.0,1631.0,1633.0,6475
1324379940000,1633.0,1634.7,1632.7,1634.1,1646
1324380000000,1634.1,1634.5,1633.0,1634.0,1469
1324380060000,1634.6,1635.8,1633.2,1635.0,6022
1324380120000,1635.0,1637.3,1633.8,1637.3,7325
1324380180000,1637.1,1637.3,1636.3,1636.9,1039
1324380240000,1636.5,1638.0,1636.3,1637.9,3438
1324380300000,1636.9,1637.8,1636.8,1637.8,118
1324380360000,1637.8,1639.0,1637.8,1638.2,2370
1324380420000,1638.2,1639.9,1638.2,1639.8,12689
1324380480000,1639.8,1641.8,1639.8,1641.0,18150
1324380540000,1641.0,1644.0,1641.0,1643.0,12552
1324380600000,1643.8,1645.0,1643.2,1644.5,15587
1324380660000,1644.5,1645.0,1643.8,1644.9,1593
1324380720000,1644.2,1645.0,1643.4,1643.4,2104
1324380780000,1643.4,1643.4,1638.6,1640.9,8743
1324380840000,1640.9,1644.0,1639.9,1643.7,5037
1324380900000,1643.8,1643.8,1641.8,1642.0,2924
1324380960000,1641.9,1643.8,1641.3,1642.3,5426
1324381020000,1642.4,1643.6,1642.1,1643.5,3629
1324381080000,1643.6,1643.9,1642.7,1643.9,2359
1324381140000,1643.5,1643.9,1642.8,1642.8,5447
1324381200000,1642.8,1643.9,1642.8,1643.9,1775
1324381260000,1643.2,1643.2,1642.0,1642.2,368
1324381320000,1642.7,1642.7,1640.8,1640.9,1094
1324381380000,1640.7,1641.6,1639.7,1640.7,1347
1324381440000,1639.7,1640.8,1639.7,1640.0,485
1324381500000,1640.5,1640.9,1639.4,1639.9,463
1324381560000,1639.9,1640.1,1639.3,1639.3,408
1324381620000,1639.9,1640.1,1637.4,1639.4,2566
1324381680000,1639.4,1640.3,1637.3,1639.5,2948
1324381740000,1639.1,1639.1,1637.7,1638.6,793
1324381800000,1638.3,1640.8,1638.3,1640.8,1015
1324381860000,1640.8,1640.8,1637.5,1640.0,2946
1324381920000,1640.5,1640.6,1640.0,1640.0,1707
1324381980000,1640.0,1640.9,1640.0,1640.9,1561
1324382040000,1640.9,1642.0,1640.6,1641.1,2583
1324382100000,1641.7,1641.7,1641.2,1641.7,356
1324382160000,1641.6,1642.0,1641.5,1642.0,3448
1324382220000,1642.0,1642.2,1640.9,1640.9,647
1324382280000,1640.9,1641.4,1640.7,1640.7,1185
1324382340000,1640.7,1641.2,1640.0,1640.1,346
1324382400000,1640.0,1640.9,1638.7,1639.8,948
1324382460000,1639.0,1640.9,1639.0,1639.4,1298
1324382520000,1640.0,1641.5,1639.5,1639.5,7929
1324382580000,1640.0,1641.2,1638.9,1640.9,1728
1324382640000,1641.0,1641.0,1640.6,1640.8,458
1324382700000,1640.9,1641.0,1639.6,1640.7,410
1324382760000,1640.9,1640.9,1640.8,1640.8,21
1324382820000,1640.8,1641.0,1640.6,1641.0,108
1324382880000,1640.9,1641.0,1639.0,1639.0,1309
1324382940000,1638.9,1640.6,1638.9,1639.8,875
1324383000000,1639.1,1640.0,1638.9,1640.0,456
1324383060000,1639.6,1639.6,1637.7,1639.4,4073
1324383120000,1638.8,1640.0,1638.7,1639.6,1476
1324383180000,1639.0,1639.8,1637.5,1638.6,2279
1324383240000,1638.6,1640.9,1638.0,1640.8,3962
1324383300000,1640.5,1640.8,1639.4,1639.4,310
1324383360000,1639.9,1640.1,1638.9,1639.9,511
1324383420000,1639.1,1639.8,1638.7,1638.7,367
1324383480000,1639.3,1639.3,1638.1,1638.1,15
1324383540000,1638.8,1638.8,1638.0,1638.7,1574
1324383600000,1638.9,1640.1,1638.1,1640.1,2166
1324383660000,1640.1,1640.9,1639.9,1640.8,2153
1324383720000,1640.8,1640.8,1640.5,1640.5,559
1324383780000,1640.8,1640.9,1640.0,1640.9,801
1324383840000,1640.5,1641.0,1640.5,1641.0,1045
1324383900000,1640.6,1641.1,1640.6,1640.6,667
1324383960000,1640.6,1640.6,1640.0,1640.0,280
1324384020000,1640.0,1640.0,1638.0,1638.0,1857
1324384080000,1638.1,1638.1,1638.0,1638.0,84
1324384140000,1638.0,1638.0,1637.6,1637.6,446
1324384200000,1638.2,1638.4,1637.6,1638.4,193
1324384260000,1638.2,1638.5,1637.7,1637.7,1719
1324384320000,1637.7,1638.2,1637.4,1637.7,1574
1324384380000,1637.6,1638.4,1637.5,1638.4,2154
1324384440000,1638.4,1638.6,1638.1,1638.3,773
1324384500000,1638.5,1638.9,1638.0,1638.0,1640
1324384560000,1638.8,1639.0,1638.1,1638.7,1175
1324384620000,1638.3,1639.0,1638.0,1639.0,1793
1324384680000,1639.0,1639.0,1638.0,1638.8,500
1324384740000,1639.0,1639.5,1639.0,1639.4,604
1324384800000,1639.5,1639.7,1638.9,1639.1,586
1324384860000,1639.1,1639.5,1638.1,1638.1,1339
1324384920000,1638.3,1639.0,1638.1,1638.1,344
1324384980000,1639.0,1639.0,1638.6,1638.6,36
1324385040000,1638.8,1638.8,1638.6,1638.6,51
1324385100000,1638.6,1638.6,1638.1,1638.1,2233
1324385160000,1638.0,1638.0,1638.0,1638.0,192
1324385220000,1638.0,1638.0,1637.5,1637.5,3946
1324385280000,1637.5,1638.0,1637.5,1638.0,43
1324385340000,1637.7,1637.7,1634.4,1635.0,5780
1324385400000,1634.6,1636.5,1634.6,1636.5,1278
1324385460000,1636.4,1637.2,1636.3,1636.6,252
1324385520000,1636.5,1636.8,1636.3,1636.8,195
1324385580000,1636.8,1637.4,1636.8,1637.1,601
1324385640000,1637.1,1637.9,1637.1,1637.9,327
1324385700000,1637.7,1637.7,1637.1,1637.3,72
1324385760000,1637.1,1637.1,1636.0,1636.1,1958
1324385820000,1636.2,1636.8,1635.2,1636.8,807
1324385880000,1637.5,1637.5,1637.5,1637.5,100
1324385940000,1637.5,1637.6,1637.2,1637.6,161
1324386000000,1637.6,1638.0,1636.7,1636.8,3046
1324386060000,1637.1,1637.1,1635.0,1635.0,3853
1324386120000,1635.0,1635.0,1634.0,1634.0,762
1324386180000,1634.0,1634.3,1633.0,1633.1,578
1324386240000,1633.1,1634.0,1633.1,1633.1,25694
1324386300000,1633.8,1634.2,1633.1,1634.2,1198
1324386360000,1633.5,1633.9,1633.1,1633.1,74
1324386420000,1633.2,1634.3,1633.1,1633.6,1887
1324386480000,1633.7,1633.8,1632.5,1633.0,3299
1324386540000,1633.1,1633.1,1632.9,1632.9,1602
1324386600000,1632.9,1633.7,1632.9,1633.7,210
1324386660000,1633.7,1633.7,1633.2,1633.5,58
1324386720000,1633.8,1634.1,1633.8,1634.1,1358
1324386780000,1634.1,1634.1,1630.6,1632.6,3115
1324386840000,1632.6,1633.6,1632.6,1633.1,141
1324386900000,1633.1,1633.3,1633.1,1633.3,700
1324386960000,1633.7,1633.7,1633.7,1633.7,20
1324387020000,1633.8,1634.2,1633.3,1634.1,673
1324387080000,1634.0,1634.5,1634.0,1634.5,1392
1324387140000,1634.3,1634.5,1634.0,1634.4,1770
1324387200000,1634.1,1635.5,1634.0,1635.5,6461
1324387260000,1635.1,1636.5,1635.0,1635.9,2646
1324387320000,1635.9,1636.4,1634.2,1634.2,8035
1324387380000,1634.5,1635.9,1634.5,1634.7,2326
1324387440000,1634.7,1635.0,1634.3,1634.7,7854
1324387500000,1635.0,1635.6,1635.0,1635.5,1776
1324387560000,1635.6,1635.8,1634.4,1634.8,8481
1324387620000,1635.0,1635.6,1634.4,1634.8,287
1324387680000,1635.3,1635.5,1635.3,1635.5,101
1324387740000,1635.4,1635.6,1634.9,1634.9,2757
1324387800000,1635.6,1637.4,1635.1,1636.0,2622
1324387860000,1635.7,1635.8,1635.0,1635.0,5561
1324387920000,1635.1,1635.4,1635.0,1635.0,369
1324387980000,1635.2,1636.5,1634.6,1635.9,3849
1324388040000,1635.9,1636.0,1635.4,1635.4,1098
1324388100000,1635.4,1636.0,1635.1,1635.6,851
1324388160000,1635.8,1638.4,1635.2,1637.2,19041
1324388220000,1637.1,1637.5,1636.4,1636.4,1065
1324388280000,1636.5,1636.5,1636.5,1636.5,30
1324388340000,1637.0,1638.0,1636.0,1637.5,8309
1324388400000,1637.5,1638.5,1635.3,1635.8,19779
1324388460000,1636.1,1636.4,1636.0,1636.0,120
1324388520000,1636.6,1637.5,1635.9,1637.0,6568
1324388580000,1637.0,1637.0,1635.1,1635.6,6249
1324388640000,1635.3,1636.2,1635.0,1635.1,5220
1324388700000,1635.2,1636.4,1634.3,1635.0,6128
1324388760000,1635.0,1637.2,1634.9,1636.0,17462
1324388820000,1636.1,1637.1,1635.5,1637.1,5667
1324388880000,1637.1,1637.5,1636.5,1637.0,5033
1324388940000,1637.0,1637.3,1635.5,1636.0,3316
1324389000000,1636.0,1637.6,1636.0,1637.6,715
1324389060000,1637.4,1637.4,1637.0,1637.0,2865
1324389120000,1637.1,1637.6,1637.0,1637.0,2758
1324389180000,1637.4,1637.4,1636.4,1637.1,18
1324389240000,1636.4,1637.8,1636.4,1637.8,802
1324389300000,1637.7,1637.9,1636.0,1636.9,3405
1324389360000,1637.1,1637.1,1636.2,1637.0,102
1324389420000,1637.0,1637.4,1636.0,1636.0,2557
1324389480000,1636.4,1636.4,1636.1,1636.2,22
1324389540000,1636.1,1637.0,1636.0,1637.0,98
1324389600000,1636.6,1638.0,1636.6,1638.0,3133
1324389660000,1637.8,1638.9,1637.5,1638.6,8218
1324389720000,1638.8,1640.7,1638.6,1640.0,18932
1324389780000,1640.1,1641.0,1639.7,1641.0,2033
1324389840000,1640.0,1641.0,1640.0,1641.0,4996
1324389900000,1641.0,1641.5,1641.0,1641.5,647
1324389960000,1641.5,1642.0,1641.0,1641.5,18338
1324390020000,1641.0,1642.3,1641.0,1642.2,1829
1324390080000,1642.1,1642.2,1641.8,1642.0,2188
1324390140000,1642.2,1643.5,1642.0,1642.8,4314
1324390200000,1642.8,1643.7,1641.6,1641.7,2955
1324390260000,1641.7,1642.5,1641.0,1641.5,3594
1324390320000,1642.0,1643.0,1641.6,1643.0,3222
1324390380000,1642.9,1644.9,1642.0,1643.1,9494
1324390440000,1643.1,1643.8,1642.8,1643.0,633
1324390500000,1643.0,1643.1,1641.8,1642.5,1857
1324390560000,1642.3,1643.3,1642.3,1642.4,1591
1324390620000,1642.4,1643.8,1641.6,1643.0,4404
1324390680000,1643.0,1644.4,1642.5,1644.4,3147
1324390740000,1643.4,1645.0,1641.5,1644.2,6314
1324390800000,1644.0,1644.1,1641.2,1641.3,4803
1324390860000,1641.3,1643.5,1641.2,1643.5,1115
1324390920000,1643.0,1643.2,1642.0,1643.1,3955
1324390980000,1643.2,1643.4,1641.2,1641.2,14739
1324391040000,1641.9,1643.0,1641.0,1642.8,14184
1324391100000,1642.8,1643.5,1641.7,1643.1,13442
1324391160000,1642.4,1642.4,1641.4,1641.4,1069
1324391220000,1641.5,1643.2,1641.5,1641.5,2558
1324391280000,1641.5,1642.6,1641.0,1641.6,4426
1324391340000,1641.5,1643.5,1641.5,1643.2,2060
1324391400000,1643.1,1643.6,1642.3,1643.0,7877
1324391460000,1643.1,1644.0,1643.1,1644.0,2806
1324391520000,1644.1,1645.7,1644.1,1645.0,5828
1324391580000,1645.0,1646.9,1645.0,1645.0,4527
1324391640000,1645.0,1646.2,1645.0,1645.5,3552
1324391700000,1645.5,1646.0,1644.1,1645.6,3951
1324391760000,1645.6,1645.7,1644.7,1644.7,2265
1324391820000,1644.7,1646.0,1644.4,1645.9,3142
1324391880000,1645.9,1647.3,1645.9,1646.1,4276
1324391940000,1646.9,1647.1,1646.0,1646.6,5210
1324392000000,1646.6,1648.9,1646.1,1648.0,11513
1324392060000,1648.8,1649.7,1648.0,1649.7,14959
1324392120000,1649.4,1650.0,1648.7,1650.0,13193
1324392180000,1649.9,1651.0,1649.0,1649.9,13414
1324392240000,1649.9,1654.0,1648.7,1654.0,18942
1324447200000,1660.1,1664.0,1660.0,1662.0,7245
1324447260000,1662.0,1663.0,1660.6,1661.0,11740
1324447320000,1660.6,1661.6,1659.3,1659.3,6972
1324447380000,1659.3,1660.0,1658.2,1659.9,1704
1324447440000,1659.1,1660.0,1658.7,1659.3,1506
1324447500000,1659.3,1659.9,1658.4,1659.0,1442
1324447560000,1658.9,1661.0,1658.9,1660.0,2666
1324447620000,1660.3,1660.3,1658.9,1659.0,3416
1324447680000,1659.0,1659.8,1658.9,1659.5,461
1324447740000,1659.0,1659.4,1658.6,1658.6,1220
1324447800000,1658.6,1658.9,1658.4,1658.7,2525
1324447860000,1658.9,1659.7,1658.4,1658.5,1204
1324447920000,1658.3,1658.4,1658.2,1658.4,981
1324447980000,1658.4,1659.5,1658.2,1658.2,1858
1324448040000,1658.2,1658.2,1657.0,1657.0,2212
1324448100000,1657.0,1657.0,1655.7,1655.8,2326
1324448160000,1655.8,1656.7,1655.5,1655.5,855
1324448220000,1656.3,1656.3,1655.5,1655.5,661
1324448280000,1655.8,1657.0,1655.8,1656.5,2987
1324448340000,1656.8,1657.5,1656.5,1657.5,1454
1324448400000,1657.4,1657.4,1655.5,1655.5,4699
1324448460000,1655.5,1657.2,1655.5,1657.2,1199
1324448520000,1657.0,1657.7,1655.5,1655.5,4022
1324448580000,1656.0,1657.2,1655.9,1657.0,832
1324448640000,1657.0,1657.3,1655.5,1656.0,2567
1324448700000,1655.7,1656.6,1655.5,1656.1,448
1324448760000,1656.7,1656.9,1656.0,1656.9,2809
1324448820000,1656.1,1656.7,1655.5,1655.5,6414
1324448880000,1655.5,1656.3,1655.5,1655.5,4502
1324448940000,1655.5,1656.4,1655.5,1655.5,7109
1324449000000,1655.5,1658.0,1655.5,1655.7,7585
1324449060000,1655.7,1656.0,1655.5,1655.5,506
1324449120000,1655.9,1656.7,1655.5,1655.6,6318
1324449180000,1655.6,1656.5,1655.5,1655.7,6595
1324449240000,1655.7,1656.1,1654.0,1656.0,6705
1324449300000,1656.0,1657.0,1655.0,1655.8,1347
1324449360000,1655.0,1656.1,1655.0,1655.0,5244
1324449420000,1655.0,1656.2,1655.0,1656.2,369
1324449480000,1655.2,1655.9,1655.0,1655.0,1469
1324449540000,1655.0,1655.9,1655.0,1655.0,2773
1324449600000,1655.0,1655.1,1655.0,1655.1,2281
1324449660000,1655.1,1655.1,1652.0,1653.0,10020
1324449720000,1653.8,1653.8,1652.5,1652.6,416
1324449780000,1652.7,1653.7,1652.6,1653.7,3000
1324449840000,1653.0,1654.6,1652.7,1653.7,1500
1324449900000,1653.7,1654.1,1653.0,1654.1,308
1324449960000,1654.0,1654.6,1653.6,1653.6,663
1324450020000,1654.1,1655.0,1654.1,1654.8,331
1324450080000,1654.2,1657.9,1654.2,1657.7,4711
1324450140000,1656.9,1656.9,1654.6,1656.0,958
1324450200000,1656.0,1656.1,1655.0,1655.0,2753
1324450260000,1655.0,1656.0,1654.7,1655.7,2226
1324450320000,1654.9,1656.0,1654.2,1654.6,1538
1324450380000,1654.2,1654.5,1651.3,1653.0,5282
1324450440000,1653.0,1656.0,1653.0,1654.8,822
1324450500000,1654.7,1654.7,1653.7,1654.0,727
1324450560000,1654.5,1654.5,1653.0,1653.0,915
1324450620000,1653.0,1653.3,1652.5,1652.5,279
1324450680000,1652.4,1652.4,1652.2,1652.4,2004
1324450740000,1653.2,1653.2,1652.0,1653.0,608
1324450800000,1652.5,1653.1,1652.1,1652.1,803
1324450860000,1653.2,1654.5,1652.7,1652.8,1781
1324450920000,1653.3,1654.8,1653.1,1653.9,1093
1324450980000,1653.3,1653.8,1653.0,1653.5,126
1324451040000,1653.5,1654.8,1653.2,1654.8,209
1324451100000,1654.1,1654.8,1653.3,1654.5,824
1324451160000,1654.8,1655.0,1653.9,1654.0,9841
1324451220000,1654.0,1656.0,1654.0,1656.0,10254
1324451280000,1656.0,1657.1,1655.4,1656.9,1645
1324451340000,1656.0,1658.0,1656.0,1657.7,6301
1324451400000,1657.5,1657.9,1656.7,1656.9,7144
1324451460000,1656.8,1657.9,1656.5,1657.0,4938
1324451520000,1657.0,1658.0,1656.7,1658.0,18413
1324451580000,1658.0,1658.0,1656.3,1658.0,13605
1324451640000,1657.8,1658.0,1657.0,1658.0,3079
1324451700000,1658.0,1659.0,1658.0,1659.0,2354
1324451760000,1659.0,1659.0,1658.3,1658.4,855
1324451820000,1658.4,1659.0,1658.3,1659.0,851
1324451880000,1658.7,1659.0,1657.5,1657.9,1747
1324451940000,1657.9,1658.0,1657.0,1657.0,1464
1324452000000,1656.5,1657.0,1656.3,1657.0,529
1324452060000,1657.0,1657.0,1656.4,1656.9,171
1324452120000,1656.9,1657.0,1656.6,1657.0,1024
1324452180000,1656.7,1657.0,1656.6,1657.0,262
1324452240000,1657.0,1657.0,1657.0,1657.0,2482
1324452300000,1656.7,1656.7,1656.0,1656.7,1342
1324452360000,1656.7,1656.7,1656.0,1656.7,191
1324452420000,1656.0,1656.0,1654.9,1654.9,5385
1324452480000,1655.0,1655.0,1653.9,1653.9,2257
1324452540000,1653.9,1655.0,1653.9,1655.0,2076
1324452600000,1655.0,1656.8,1654.9,1655.0,10847
1324452660000,1655.0,1656.0,1655.0,1655.9,1907
1324452720000,1655.6,1655.8,1655.6,1655.8,116
1324452780000,1655.9,1655.9,1655.0,1655.9,5227
1324452840000,1655.9,1661.0,1655.9,1661.0,15124
1324452900000,1660.9,1661.4,1659.9,1660.0,18198
1324452960000,1660.0,1661.1,1658.0,1659.6,17474
1324453020000,1659.2,1659.2,1656.6,1659.1,5451
1324453080000,1659.2,1659.3,1655.0,1658.5,22275
1324453140000,1658.5,1658.5,1655.0,1657.1,18009
1324453200000,1657.8,1658.3,1657.2,1658.3,927
1324453260000,1658.0,1658.0,1656.0,1657.9,3438
1324453320000,1657.3,1657.9,1654.0,1655.0,87761
1324453380000,1655.5,1656.0,1655.1,1656.0,8936
1324453440000,1656.0,1657.1,1655.9,1656.9,4029
1324453500000,1656.7,1656.7,1655.1,1656.0,1379
1324453560000,1655.7,1656.2,1654.5,1656.0,1609
1324453620000,1655.6,1657.0,1655.0,1655.4,536
1324453680000,1655.3,1656.8,1655.1,1655.8,159
1324453740000,1656.6,1657.5,1656.6,1657.5,516
1324453800000,1657.2,1657.2,1654.5,1655.7,840
1324453860000,1655.0,1655.0,1654.7,1655.0,486
1324453920000,1655.3,1655.6,1653.7,1655.0,1154
1324453980000,1654.7,1655.0,1654.0,1655.0,401
1324454040000,1655.0,1655.0,1654.1,1655.0,547
1324454100000,1654.9,1655.0,1654.2,1655.0,161
1324454160000,1655.0,1655.0,1654.1,1655.0,284
1324454220000,1655.0,1655.0,1654.9,1654.9,343
1324454280000,1654.9,1655.5,1654.9,1655.5,187
1324454340000,1655.5,1655.5,1655.0,1655.2,1085
1324454400000,1655.2,1655.5,1654.1,1655.1,1017
1324454460000,1655.5,1657.9,1655.5,1657.8,1259
1324454520000,1657.0,1657.1,1656.0,1656.6,202
1324454580000,1656.9,1657.9,1656.6,1657.7,558
1324454640000,1657.5,1657.8,1654.0,1657.3,3636
1324454700000,1655.4,1656.4,1655.1,1656.0,449
1324454760000,1655.2,1655.8,1653.5,1653.7,3717
1324454820000,1654.5,1655.4,1653.6,1653.8,1081
1324454880000,1654.5,1655.5,1654.1,1654.4,173
1324454940000,1655.1,1657.7,1654.9,1656.9,1096
1324455000000,1657.4,1657.9,1655.9,1655.9,819
1324455060000,1655.0,1657.2,1655.0,1655.6,578
1324455120000,1655.3,1655.3,1655.1,1655.1,214
1324455180000,1655.2,1657.5,1654.2,1657.5,1352
1324455240000,1656.5,1657.1,1656.1,1656.1,339
1324455300000,1656.1,1657.7,1654.2,1655.7,4468
1324455360000,1656.0,1656.2,1655.0,1656.1,966
1324455420000,1656.0,1657.8,1656.0,1657.6,923
1324455480000,1656.9,1657.3,1656.5,1656.5,68
1324455540000,1655.9,1658.9,1655.8,1658.7,9398
1324455600000,1658.8,1660.2,1658.5,1658.8,3928
1324455660000,1658.8,1662.0,1658.8,1661.6,11747
1324455720000,1661.9,1662.5,1659.4,1660.2,1998
1324455780000,1660.6,1660.7,1660.0,1660.0,622
1324455840000,1660.0,1663.0,1659.9,1662.3,10273
1324455900000,1661.6,1662.3,1660.4,1660.5,1236
1324455960000,1661.0,1663.7,1660.4,1660.4,11418
1324456020000,1660.4,1660.4,1656.6,1656.6,5842
1324456080000,1657.7,1657.7,1657.0,1657.7,220
1324456140000,1657.7,1659.3,1657.4,1658.8,2903
1324456200000,1658.1,1658.1,1657.9,1658.0,288
1324456260000,1658.6,1658.8,1657.5,1657.5,1073
1324456320000,1657.6,1659.2,1657.6,1658.2,3172
1324456380000,1658.5,1660.0,1658.5,1658.8,1446
1324456440000,1658.7,1658.7,1657.5,1657.7,623
1324456500000,1657.9,1657.9,1657.0,1657.7,702
1324456560000,1657.0,1657.9,1656.5,1657.9,2110
1324456620000,1657.9,1659.9,1657.4,1658.3,4359
1324456680000,1657.9,1657.9,1656.2,1657.0,3686
1324456800000,1656.5,1656.5,1656.1,1656.2,17
1324456860000,1656.6,1656.9,1656.6,1656.9,25
1324456920000,1656.7,1657.1,1656.6,1656.8,3079
1324456980000,1656.8,1657.7,1656.1,1657.7,435
1324457040000,1657.6,1657.8,1657.2,1657.2,1344
1324457100000,1656.8,1659.8,1656.7,1659.8,5392
1324457160000,1659.8,1660.0,1658.9,1659.0,1548
1324457220000,1659.0,1659.0,1658.2,1658.9,1200
1324457280000,1658.2,1658.3,1658.2,1658.2,515
1324457340000,1658.8,1659.0,1658.2,1658.9,440
1324457400000,1658.9,1659.9,1658.7,1659.9,1803
1324457460000,1659.8,1659.8,1658.9,1659.2,20206
1324457520000,1659.7,1660.8,1658.9,1659.9,2607
1324457580000,1659.6,1660.5,1658.6,1658.6,1178
1324457640000,1658.5,1659.9,1656.0,1656.5,6728
1324457700000,1656.6,1658.4,1656.6,1657.7,462
1324457760000,1657.7,1658.5,1657.7,1658.5,174
1324457820000,1658.3,1658.6,1657.0,1657.8,2873
1324457880000,1657.9,1658.9,1655.1,1657.1,5267
1324457940000,1656.5,1656.5,1655.1,1655.5,1949
1324458000000,1655.4,1656.6,1654.5,1654.5,5357
1324458060000,1654.6,1655.0,1653.5,1654.4,1785
1324458120000,1654.8,1655.8,1654.4,1655.1,489
1324458180000,1655.3,1657.0,1655.3,1656.9,2183
1324458240000,1657.0,1657.1,1656.4,1657.1,140
1324458300000,1657.2,1658.0,1656.3,1656.3,3444
1324458360000,1657.2,1657.5,1654.9,1655.6,2091
1324458420000,1655.4,1658.2,1655.1,1655.1,3677
1324458480000,1655.9,1656.8,1654.2,1654.8,11214
1324458540000,1654.2,1656.3,1654.0,1654.4,582
1324458600000,1654.5,1655.0,1653.5,1653.5,3581
1324458660000,1653.5,1657.9,1653.3,1656.0,6115
1324458720000,1655.6,1656.0,1655.2,1655.2,584
1324458780000,1655.5,1656.4,1654.2,1656.1,4646
1324458840000,1654.9,1655.8,1653.2,1653.4,1539
1324458900000,1653.4,1655.8,1651.9,1653.9,14659
1324458960000,1652.2,1652.4,1650.7,1651.1,9235
1324459020000,1651.0,1651.2,1650.0,1650.9,4439
1324459080000,1651.0,1652.0,1650.1,1651.1,1780
1324459140000,1651.8,1653.7,1651.0,1652.2,2459
1324459200000,1652.2,1654.0,1652.0,1654.0,1790
1324459260000,1653.5,1653.7,1651.4,1651.7,1965
1324459320000,1651.6,1655.9,1651.4,1655.0,3052
1324459380000,1655.0,1656.6,1654.3,1655.1,2539
1324459440000,1654.9,1656.0,1654.6,1655.1,3161
1324459500000,1655.2,1658.2,1654.9,1656.3,9451
1324459560000,1656.2,1656.2,1655.9,1655.9,151
1324459620000,1655.9,1657.4,1655.9,1656.2,2984
1324459680000,1657.0,1658.0,1656.5,1658.0,2448
1324459740000,1658.0,1658.4,1656.9,1657.6,1225
1324459800000,1657.6,1659.9,1656.4,1657.9,13733
1324459860000,1657.9,1658.0,1657.0,1657.0,1956
1324459920000,1657.5,1657.5,1656.8,1656.9,2353
1324459980000,1657.0,1657.2,1656.4,1656.4,2444
1324460040000,1656.3,1659.8,1656.2,1658.9,7799
1324460100000,1659.8,1659.8,1657.1,1657.5,1238
1324460160000,1657.5,1657.5,1657.0,1657.0,1709
1324460220000,1657.0,1657.3,1656.1,1656.9,2786
1324460280000,1656.9,1656.9,1655.3,1655.3,2667
1324460340000,1655.5,1656.0,1655.4,1655.5,3616
1324460400000,1656.0,1656.0,1655.3,1655.5,2931
1324460460000,1655.5,1655.9,1655.0,1655.2,1829
1324460520000,1655.6,1655.6,1655.5,1655.6,606
1324460580000,1655.6,1656.0,1655.4,1656.0,6059
1324460640000,1656.5,1657.0,1656.3,1657.0,1556
1324460700000,1657.0,1657.9,1657.0,1657.8,1579
1324460760000,1657.6,1657.8,1657.0,1657.0,7662
1324460820000,1656.7,1657.9,1656.5,1657.6,4183
1324460880000,1657.9,1661.9,1657.9,1660.0,33576
1324460940000,1660.0,1660.0,1658.4,1659.5,9838
1324461000000,1659.0,1664.0,1658.7,1663.6,33231
1324461060000,1663.7,1663.7,1662.2,1662.6,2789
1324461120000,1662.7,1663.8,1662.3,1663.1,3137
1324461180000,1663.6,1667.0,1662.6,1664.1,34201
1324461240000,1664.0,1665.3,1661.8,1662.0,16886
1324461300000,1662.0,1663.4,1660.7,1660.7,8354
1324461360000,1661.1,1662.0,1657.3,1657.9,19162
1324461420000,1657.7,1658.0,1655.7,1656.0,76846
1324461480000,1656.0,1657.0,1655.1,1655.1,4231
1324461540000,1656.0,1656.2,1655.1,1656.1,2062
1324461600000,1655.9,1656.3,1655.3,1656.3,2917
1324461660000,1656.3,1657.3,1656.3,1656.3,157
1324461720000,1656.3,1656.7,1656.2,1656.7,17
1324461780000,1656.2,1656.5,1656.0,1656.0,254
1324461840000,1656.0,1656.2,1655.1,1656.0,1979
1324461900000,1655.6,1655.6,1653.4,1654.0,6138
1324461960000,1654.0,1654.5,1653.7,1653.9,2254
1324462020000,1653.4,1654.0,1652.0,1653.2,4348
1324462080000,1653.0,1653.2,1652.9,1653.2,242
1324462140000,1653.6,1653.9,1653.0,1653.1,541
1324462200000,1653.6,1657.6,1653.6,1657.4,8693
1324462260000,1657.5,1658.7,1657.5,1658.2,4382
1324462320000,1658.0,1659.7,1658.0,1659.2,2384
1324462380000,1658.2,1659.0,1658.0,1659.0,110
1324462440000,1659.0,1659.3,1659.0,1659.0,1540
1324462500000,1659.0,1659.3,1658.4,1659.3,2102
1324462560000,1659.1,1659.9,1659.1,1659.1,397
1324462620000,1658.8,1659.0,1658.5,1658.5,1252
1324462680000,1659.0,1659.0,1658.4,1658.5,5056
1324462740000,1658.5,1659.0,1658.4,1659.0,468
1324462800000,1659.0,1659.1,1658.8,1659.1,2019
1324462860000,1659.5,1662.5,1659.5,1662.1,8778
1324462920000,1662.4,1667.0,1662.4,1667.0,24082
1324462980000,1667.0,1667.0,1660.4,1663.4,11242
1324463040000,1664.3,1664.5,1660.0,1662.4,15615
1324463100000,1662.2,1664.0,1661.8,1663.3,3645
1324463160000,1663.6,1664.2,1662.3,1662.3,2043
1324463220000,1661.7,1662.3,1661.2,1661.9,1673
1324463280000,1661.9,1664.3,1661.8,1662.5,1725
1324463340000,1663.1,1663.1,1660.7,1660.7,5679
1324463400000,1660.9,1661.0,1660.1,1661.0,3879
1324463460000,1661.0,1661.0,1658.3,1658.4,9181
1324463520000,1658.5,1659.5,1658.4,1659.5,3730
1324463580000,1658.9,1659.3,1657.9,1659.3,3265
1324463640000,1659.6,1661.1,1656.9,1658.9,5664
1324463700000,1658.8,1658.8,1658.3,1658.4,325
1324463760000,1658.0,1658.0,1655.3,1655.3,4808
1324463820000,1655.7,1656.8,1655.7,1656.8,498
1324463880000,1656.3,1657.5,1656.3,1657.5,594
1324463940000,1657.3,1657.3,1655.0,1655.6,4467
1324464000000,1655.6,1657.8,1655.6,1657.5,2678
1324464060000,1657.4,1657.4,1654.4,1655.7,11869
1324464120000,1655.7,1656.3,1655.6,1656.1,5256
1324464180000,1656.1,1656.1,1654.7,1654.7,4297
1324464240000,1654.4,1654.7,1654.0,1654.7,4164
1324464300000,1654.1,1656.3,1654.1,1656.3,1204
1324464360000,1656.4,1656.4,1654.8,1655.1,3953
1324464420000,1655.1,1656.0,1654.0,1654.7,6979
1324464480000,1654.5,1654.5,1654.5,1654.5,534
1324464540000,1655.0,1655.4,1654.7,1654.7,83
1324464600000,1655.3,1656.7,1655.3,1656.0,454
1324464660000,1656.4,1656.4,1655.0,1655.0,1395
1324464720000,1655.0,1655.0,1649.2,1649.7,15673
1324464780000,1649.9,1651.0,1649.5,1650.7,4887
1324464840000,1650.4,1653.0,1650.4,1651.9,1580
1324464900000,1652.5,1652.8,1650.4,1650.4,1501
1324464960000,1651.0,1653.3,1651.0,1653.0,1347
1324465020000,1653.0,1654.5,1653.0,1653.0,1780
1324465080000,1654.0,1654.0,1650.3,1652.6,8698
1324465140000,1653.0,1653.0,1652.6,1653.0,340
1324465200000,1652.7,1652.7,1647.0,1648.2,7221
1324465260000,1647.5,1650.0,1647.4,1647.6,5159
1324465320000,1647.6,1649.0,1647.6,1649.0,9157
1324465380000,1649.0,1649.0,1645.3,1646.0,12142
1324465440000,1646.9,1648.1,1646.1,1648.1,1630
1324465500000,1648.2,1649.0,1645.9,1649.0,15618
1324465560000,1649.0,1649.5,1646.0,1648.2,5913
1324465620000,1648.0,1653.5,1648.0,1652.0,10082
1324465680000,1652.8,1653.2,1651.0,1653.2,2117
1324465740000,1653.3,1654.7,1652.4,1653.0,2145
1324465800000,1653.0,1653.1,1652.2,1653.1,2825
1324465860000,1653.5,1654.0,1653.0,1653.0,2429
1324465920000,1653.0,1653.9,1652.1,1652.1,999
1324465980000,1652.2,1653.1,1652.2,1653.0,2208
1324466040000,1653.0,1653.0,1653.0,1653.0,1000
1324466100000,1652.9,1653.4,1651.5,1652.9,873
1324466160000,1652.9,1656.3,1652.6,1656.3,6191
1324466220000,1655.6,1656.2,1655.2,1656.0,190
1324466280000,1656.0,1659.0,1655.9,1657.5,2707
1324466340000,1657.6,1658.5,1657.1,1658.3,1604
1324466400000,1658.3,1659.0,1658.3,1658.8,2080
1324466460000,1658.7,1660.6,1658.5,1659.3,8451
1324466520000,1660.0,1660.0,1656.4,1658.0,6104
1324466580000,1658.0,1658.8,1658.0,1658.5,401
1324466640000,1658.0,1659.0,1658.0,1659.0,239
1324466700000,1658.0,1659.8,1658.0,1659.8,607
1324466760000,1658.0,1658.9,1657.9,1658.4,959
1324466820000,1659.4,1660.7,1659.2,1659.2,20520
1324466880000,1658.8,1658.9,1657.4,1658.6,1014
1324466940000,1658.6,1660.0,1658.5,1660.0,4553
1324467000000,1660.4,1660.6,1658.0,1658.0,19049
1324467060000,1658.8,1659.6,1658.6,1659.1,229
1324467120000,1659.0,1659.6,1657.7,1658.2,1995
1324467180000,1658.5,1659.0,1658.1,1658.8,263
1324467240000,1658.1,1658.1,1657.9,1657.9,281
1324467300000,1657.8,1657.8,1657.6,1657.6,37
1324467360000,1657.6,1657.6,1657.0,1657.0,3131
1324467420000,1657.0,1658.0,1656.6,1657.4,1169
1324467480000,1657.1,1657.9,1657.0,1657.9,1109
1324467540000,1657.6,1657.6,1654.0,1654.7,27736
1324467600000,1654.7,1655.0,1652.1,1652.1,12874
1324467660000,1652.5,1653.5,1650.1,1652.1,9142
1324467720000,1651.9,1652.0,1649.8,1651.3,10991
1324467780000,1651.6,1652.5,1651.3,1651.3,1081
1324467840000,1651.2,1652.7,1650.5,1652.0,1152
1324467900000,1652.0,1652.0,1652.0,1652.0,15
1324467960000,1652.0,1653.0,1652.0,1653.0,926
1324468020000,1653.0,1654.0,1653.0,1654.0,1437
1324468080000,1653.6,1654.7,1653.6,1654.6,495
1324468140000,1654.0,1655.8,1654.0,1655.1,931
1324468200000,1655.1,1658.0,1654.5,1656.2,9490
1324468260000,1656.4,1656.9,1656.1,1656.8,229
1324468320000,1656.7,1658.0,1653.8,1654.3,4165
1324468380000,1654.0,1654.2,1647.2,1649.2,17617
1324468440000,1649.5,1651.4,1648.1,1650.9,6697
1324468500000,1650.0,1652.0,1648.3,1648.6,14066
1324468560000,1649.0,1650.9,1648.9,1649.0,4264
1324468620000,1649.1,1650.3,1648.9,1650.3,474
1324468680000,1650.3,1650.3,1648.5,1648.8,2381
1324468740000,1648.8,1652.1,1648.6,1648.6,11554
1324468800000,1648.5,1650.3,1647.2,1648.1,13287
1324468860000,1648.5,1649.0,1648.0,1648.9,876
1324468920000,1648.9,1649.9,1648.7,1649.9,2692
1324468980000,1650.0,1654.0,1650.0,1653.9,5580
1324469040000,1653.3,1653.9,1653.0,1653.0,1462
1324469100000,1653.1,1654.0,1653.0,1654.0,8581
1324469160000,1654.0,1654.0,1652.9,1653.1,2321
1324469220000,1654.0,1654.3,1652.8,1652.8,5922
1324469280000,1652.8,1653.6,1652.4,1653.0,3975
1324469340000,1653.0,1654.5,1651.6,1652.3,10242
1324469400000,1652.3,1652.9,1652.1,1652.3,1945
1324469460000,1652.4,1652.9,1652.1,1652.2,1506
1324469520000,1652.5,1654.6,1652.2,1653.0,5069
1324469580000,1652.6,1653.3,1652.1,1653.1,1912
1324469640000,1652.8,1653.7,1652.6,1653.7,6
1324469700000,1653.7,1653.7,1652.8,1652.8,63
1324469760000,1653.1,1653.3,1652.8,1653.1,5592
1324469820000,1653.1,1654.5,1652.4,1653.0,4794
1324469880000,1653.2,1653.9,1653.2,1653.9,459
1324469940000,1653.5,1654.0,1653.0,1653.9,5546
1324470000000,1653.2,1654.3,1653.2,1654.3,378
1324470060000,1654.4,1654.4,1653.9,1654.2,193
1324470120000,1654.0,1654.7,1653.5,1653.5,985
1324470180000,1653.5,1653.8,1653.0,1653.0,350
1324470240000,1653.2,1653.5,1653.2,1653.5,216
1324470300000,1653.4,1654.3,1653.3,1654.3,361
1324470360000,1654.0,1654.0,1653.0,1653.7,1112
1324470420000,1653.1,1653.7,1651.6,1652.3,3301
1324470480000,1653.1,1653.1,1651.2,1651.9,1747
1324470540000,1652.3,1653.0,1650.7,1650.7,3229
1324470600000,1650.4,1650.7,1650.0,1650.7,1288
1324470660000,1650.3,1653.4,1650.0,1651.3,3399
1324470720000,1650.8,1650.8,1647.9,1647.9,5098
1324470780000,1648.7,1648.7,1646.2,1648.5,2157
1324470840000,1647.8,1648.4,1646.5,1646.5,671
1324470900000,1647.5,1647.5,1646.0,1647.5,2681
1324470960000,1648.0,1648.3,1645.2,1645.9,5823
1324471020000,1645.7,1645.7,1641.2,1643.2,13088
1324471080000,1643.2,1644.7,1642.8,1644.7,2008
1324471140000,1644.3,1645.3,1644.3,1645.3,534
1324471200000,1645.3,1646.4,1644.9,1645.7,927
1324471260000,1645.7,1645.7,1645.0,1645.7,622
1324471320000,1645.0,1645.0,1642.5,1643.5,5353
1324471380000,1643.3,1643.3,1641.0,1641.9,8603
1324471440000,1642.4,1643.8,1641.0,1641.0,2267
1324471500000,1641.3,1641.5,1636.8,1637.0,17524
1324471560000,1637.8,1638.4,1636.8,1637.5,4787
1324471620000,1637.5,1638.4,1635.0,1635.0,8166
1324471680000,1635.3,1635.3,1631.9,1633.0,13421
1324471740000,1633.0,1633.9,1632.9,1633.9,8040
1324471800000,1633.9,1637.7,1633.0,1635.4,11507
1324471860000,1635.4,1636.5,1634.0,1634.8,8948
1324471920000,1634.2,1634.9,1633.9,1634.0,1386
1324471980000,1634.0,1635.6,1633.6,1634.5,4537
1324472040000,1635.0,1636.5,1634.7,1636.5,2732
1324472100000,1635.8,1636.5,1635.5,1636.0,814
1324472160000,1635.5,1637.4,1635.5,1635.7,4124
1324472220000,1635.7,1636.1,1634.0,1636.1,6248
1324472280000,1636.0,1637.0,1635.8,1636.6,3236
1324472340000,1636.0,1636.0,1634.0,1634.0,2674
1324472400000,1634.0,1635.0,1633.0,1633.1,6678
1324472460000,1633.1,1633.9,1631.0,1631.8,16579
1324472520000,1631.9,1633.0,1631.7,1631.7,9093
1324472580000,1632.0,1633.0,1631.1,1631.9,2754
1324472640000,1631.9,1632.4,1631.0,1631.0,10207
1324472700000,1631.0,1632.5,1630.3,1632.1,16568
1324472760000,1631.4,1632.6,1630.3,1632.6,1958
1324472820000,1632.3,1633.2,1632.1,1633.1,535
1324472880000,1633.0,1633.9,1633.0,1633.9,1249
1324472940000,1633.2,1633.9,1632.9,1633.0,1129
1324473000000,1632.6,1633.0,1632.2,1632.5,381
1324473060000,1632.7,1633.0,1631.6,1632.6,1940
1324473120000,1632.4,1632.5,1630.4,1632.5,3628
1324473180000,1632.0,1632.0,1631.0,1632.0,609
1324473240000,1631.8,1632.0,1630.6,1631.1,550
1324473300000,1631.8,1632.5,1630.4,1630.9,4378
1324473360000,1630.9,1632.0,1630.5,1630.5,1235
1324473420000,1631.0,1632.0,1630.7,1631.5,882
1324473480000,1632.0,1632.4,1630.7,1631.8,1388
1324473540000,1630.8,1631.0,1630.7,1630.7,247
1324473600000,1631.0,1631.0,1628.0,1628.0,5326
1324473660000,1628.4,1628.4,1626.5,1627.1,2826
1324473720000,1626.7,1626.7,1623.3,1623.3,24226
1324473780000,1623.3,1624.8,1622.7,1624.6,20965
1324473840000,1624.6,1625.0,1623.2,1624.0,15746
1324473900000,1624.0,1624.8,1623.4,1624.0,12845
1324473960000,1624.0,1624.9,1624.0,1624.9,3076
1324474020000,1624.7,1626.2,1624.3,1625.5,5936
1324474080000,1626.4,1626.4,1623.5,1623.5,2483
1324474140000,1624.5,1627.4,1623.5,1625.2,8528
1324474200000,1625.1,1626.4,1625.0,1625.1,3360
1324474260000,1625.0,1626.7,1623.8,1626.6,4323
1324474320000,1626.6,1628.0,1626.0,1626.9,2147
1324474380000,1627.7,1628.5,1626.2,1627.1,3543
1324474440000,1627.2,1627.3,1625.4,1625.4,3577
1324474500000,1625.5,1627.6,1625.5,1626.8,3148
1324474560000,1626.8,1628.3,1626.5,1628.1,498
1324474620000,1628.1,1629.2,1627.9,1629.2,3762
1324474680000,1629.3,1630.8,1629.3,1630.8,1655
1324474740000,1630.8,1631.1,1630.1,1630.1,833
1324474800000,1631.0,1631.7,1629.7,1630.9,9369
1324474860000,1630.9,1631.7,1630.9,1631.7,263
1324474920000,1631.7,1632.8,1630.6,1632.8,1294
1324474980000,1632.8,1632.9,1632.0,1632.0,1028
1324475040000,1632.0,1632.8,1631.8,1632.7,2719
1324475100000,1632.1,1632.8,1632.0,1632.0,2272
1324475160000,1632.0,1632.7,1631.3,1632.5,2565
1324475220000,1631.7,1632.5,1631.6,1632.5,1814
1324475280000,1632.0,1632.1,1632.0,1632.0,201
1324475340000,1632.1,1633.0,1632.1,1633.0,91
1324475400000,1633.4,1635.4,1633.3,1633.9,3747
1324475460000,1633.9,1635.1,1632.1,1635.1,5093
1324475520000,1635.1,1638.2,1634.7,1638.2,4924
1324475580000,1638.1,1638.2,1636.0,1636.1,1830
1324475640000,1636.1,1636.1,1635.4,1635.4,715
1324475700000,1635.4,1635.4,1633.0,1633.5,2884
1324475760000,1633.5,1635.4,1633.4,1635.4,277
1324475820000,1635.4,1636.2,1635.0,1635.1,593
1324475880000,1636.0,1636.0,1635.5,1635.5,17
1324475940000,1635.1,1635.1,1633.2,1634.0,727
1324476000000,1634.1,1635.7,1634.0,1635.6,3815
1324476060000,1635.7,1637.8,1635.7,1637.6,2706
1324476120000,1637.5,1639.8,1637.5,1638.8,5155
1324476180000,1639.0,1640.0,1638.9,1639.9,3644
1324476240000,1639.9,1641.0,1639.9,1641.0,826
1324476300000,1640.9,1641.5,1640.4,1640.6,2499
1324476360000,1640.6,1641.7,1640.4,1640.4,1276
1324476420000,1640.4,1640.4,1639.1,1639.1,724
1324476480000,1639.5,1639.7,1639.1,1639.2,63
1324476540000,1639.6,1639.7,1639.2,1639.2,252
1324476600000,1639.3,1640.0,1638.5,1638.5,1329
1324476660000,1638.5,1638.7,1636.6,1637.5,3159
1324476720000,1636.5,1637.3,1636.1,1636.6,231
1324476780000,1636.0,1637.0,1636.0,1636.0,301
1324476840000,1636.1,1637.8,1635.3,1637.8,935
1324476900000,1637.8,1638.0,1637.6,1637.6,74
1324476960000,1637.0,1638.2,1637.0,1638.2,557
1324477020000,1638.1,1639.5,1638.0,1639.4,1871
1324477080000,1639.6,1641.1,1639.6,1641.0,1603
1324477140000,1640.9,1641.7,1640.2,1640.9,940
1324477200000,1640.1,1640.9,1639.9,1640.5,1048
1324477260000,1640.5,1642.0,1639.6,1642.0,3623
1324477320000,1641.3,1641.9,1640.0,1640.0,5213
1324477380000,1639.4,1640.0,1638.9,1638.9,1987
1324477440000,1639.0,1639.8,1638.8,1639.0,5890
1324477500000,1639.1,1640.8,1639.1,1640.1,3051
1324477560000,1640.1,1642.7,1640.1,1642.4,3232
1324477620000,1642.4,1642.4,1640.3,1641.0,843
1324477680000,1641.6,1642.1,1640.6,1641.9,4193
1324477740000,1641.9,1642.4,1641.6,1642.4,3356
1324477800000,1641.6,1643.0,1641.6,1642.5,4963
1324477860000,1642.8,1643.8,1642.3,1643.8,6596
1324477920000,1643.5,1643.5,1639.0,1640.4,28365
1324477980000,1640.1,1640.1,1636.2,1636.2,28141
1324478040000,1636.7,1637.1,1634.2,1636.0,18993
1324478100000,1636.0,1637.1,1635.0,1636.2,4517
1324478160000,1636.1,1637.0,1635.5,1636.9,16417
1324478220000,1636.1,1636.8,1636.0,1636.5,7713
1324478280000,1636.0,1637.0,1636.0,1636.0,3746
1324478340000,1636.0,1636.2,1633.0,1634.0,6898
1324478400000,1634.0,1634.0,1632.5,1633.0,3261
1324478460000,1633.0,1633.9,1632.0,1632.8,2477
1324478520000,1632.8,1633.9,1632.1,1633.6,2748
1324478580000,1632.7,1633.8,1631.7,1633.7,5297
1324478640000,1633.6,1635.8,1632.0,1634.9,2804
1324533600000,1638.8,1644.2,1638.8,1644.1,5545
1324533660000,1644.2,1644.9,1644.1,1644.9,3390
1324533720000,1644.1,1644.9,1644.1,1644.2,2058
1324533780000,1644.2,1644.6,1644.1,1644.5,1402
1324533840000,1644.5,1644.5,1644.0,1644.1,5052
1324533900000,1644.1,1644.1,1642.2,1642.2,1905
1324533960000,1641.6,1643.6,1641.6,1643.5,1421
1324534020000,1643.4,1643.7,1643.3,1643.6,151
1324534080000,1643.8,1644.1,1642.6,1642.6,834
1324534140000,1643.0,1643.7,1643.0,1643.0,214
1324534200000,1643.0,1644.1,1642.6,1643.0,551
1324534260000,1643.0,1643.0,1642.5,1643.0,358
1324534320000,1642.5,1643.0,1642.5,1643.0,232
1324534380000,1643.0,1643.0,1642.5,1643.0,216
1324534440000,1642.5,1642.5,1642.5,1642.5,30
1324534500000,1642.5,1643.0,1641.5,1642.9,757
1324534560000,1642.7,1642.7,1640.7,1641.6,1299
1324534620000,1641.5,1641.6,1640.1,1640.1,5904
1324534680000,1640.1,1640.6,1639.7,1639.7,4088
1324534740000,1640.4,1640.4,1639.0,1639.8,917
1324534800000,1639.8,1640.4,1639.7,1640.4,1985
1324534860000,1640.0,1641.2,1640.0,1641.1,1308
1324534920000,1641.1,1642.7,1641.0,1641.8,1374
1324534980000,1642.3,1644.6,1642.3,1643.6,1330
1324535040000,1643.5,1644.5,1642.0,1643.5,2778
1324535100000,1643.0,1643.0,1641.7,1641.8,641
1324535160000,1641.7,1642.3,1640.6,1640.6,2401
1324535220000,1640.4,1641.7,1640.4,1640.6,834
1324535280000,1640.8,1641.7,1640.2,1641.4,444
1324535340000,1641.4,1642.3,1641.2,1641.9,617
1324535400000,1641.8,1642.0,1641.6,1641.6,8
1324535460000,1641.8,1641.8,1641.3,1641.5,573
1324535520000,1641.6,1643.9,1641.4,1643.9,1605
1324535580000,1643.4,1644.0,1643.3,1643.3,170
1324535640000,1643.3,1643.3,1641.0,1641.9,1909
1324535700000,1642.6,1642.6,1640.8,1642.6,525
1324535760000,1642.6,1644.0,1641.7,1643.9,207
1324535820000,1643.9,1644.5,1643.4,1644.5,536
1324535880000,1644.5,1644.7,1643.7,1644.6,407
1324535940000,1644.0,1644.5,1642.5,1642.5,188
1324536000000,1642.5,1643.3,1642.5,1642.5,109
1324536060000,1642.3,1642.8,1642.1,1642.8,79
1324536120000,1642.5,1642.5,1642.2,1642.4,29
1324536180000,1642.5,1644.1,1642.5,1643.0,793
1324536240000,1643.2,1644.5,1643.0,1643.0,668
1324536300000,1643.0,1644.1,1643.0,1643.7,864
1324536360000,1642.8,1643.5,1642.6,1643.5,229
1324536420000,1642.6,1642.7,1642.6,1642.7,56
1324536480000,1642.4,1642.7,1642.4,1642.7,269
1324536540000,1642.6,1644.2,1642.6,1643.1,787
1324536600000,1643.1,1643.2,1642.1,1642.4,436
1324536660000,1642.0,1642.0,1639.1,1640.1,784
1324536720000,1641.7,1641.7,1640.5,1641.2,94
1324536780000,1641.3,1642.1,1640.7,1641.5,281
1324536840000,1641.2,1641.5,1640.4,1641.5,160
1324536960000,1642.1,1642.7,1642.1,1642.2,136
1324537020000,1642.3,1642.3,1641.0,1641.0,144
1324537080000,1642.1,1643.2,1641.8,1642.5,531
1324537140000,1643.0,1643.2,1642.7,1643.1,285
1324537200000,1643.2,1643.3,1642.4,1642.4,377
1324537260000,1642.8,1642.8,1642.0,1642.0,288
1324537320000,1642.5,1642.5,1641.8,1642.3,391
1324537380000,1642.3,1643.7,1641.9,1643.2,2657
1324537440000,1643.0,1645.9,1643.0,1644.5,6671
1324537500000,1645.7,1645.7,1641.1,1643.7,2121
1324537560000,1644.1,1645.1,1642.6,1643.9,1485
1324537620000,1643.8,1645.7,1643.5,1645.7,1903
1324537680000,1645.6,1645.7,1645.0,1645.3,787
1324537740000,1644.6,1645.3,1643.8,1643.9,1312
1324537800000,1643.8,1644.1,1643.1,1643.1,1490
1324537860000,1644.1,1644.1,1642.6,1642.8,867
1324537920000,1642.4,1644.1,1641.4,1643.3,801
1324537980000,1643.2,1643.5,1643.0,1643.1,1073
1324538040000,1643.5,1643.8,1643.0,1643.5,518
1324538100000,1643.0,1643.2,1642.7,1642.7,388
1324538160000,1642.7,1643.4,1642.5,1643.4,316
1324538220000,1643.5,1643.5,1642.2,1642.2,467
1324538280000,1642.4,1642.4,1640.7,1640.7,1046
1324538340000,1641.3,1642.5,1640.7,1641.9,728
1324538400000,1642.3,1643.0,1642.3,1643.0,76
1324538460000,1642.9,1643.3,1642.8,1643.3,3
1324538520000,1642.3,1642.8,1642.1,1642.1,46
1324538580000,1642.1,1642.9,1642.1,1642.1,57
1324538640000,1642.0,1642.5,1642.0,1642.5,247
1324538700000,1642.5,1642.5,1642.5,1642.5,47
1324538760000,1642.5,1642.5,1641.2,1641.2,271
1324538820000,1641.2,1641.2,1639.6,1639.6,1065
1324538880000,1640.3,1641.0,1640.3,1640.8,156
1324538940000,1640.5,1642.8,1640.5,1642.1,242
1324539000000,1642.7,1643.9,1642.3,1642.3,301
1324539060000,1642.3,1643.6,1641.8,1641.8,98
1324539120000,1642.6,1642.6,1642.6,1642.6,6
1324539180000,1642.5,1642.5,1641.5,1641.6,208
1324539240000,1641.5,1641.5,1640.6,1641.2,268
1324539300000,1641.0,1641.5,1641.0,1641.5,4
1324539360000,1641.5,1641.5,1641.5,1641.5,9
1324539420000,1641.3,1641.3,1640.0,1640.0,379
1324539480000,1640.0,1640.9,1638.2,1638.9,1191
1324539540000,1638.4,1640.5,1638.4,1639.6,217
1324539600000,1638.5,1639.6,1638.4,1638.5,226
1324539660000,1639.0,1639.0,1634.2,1634.5,3906
1324539720000,1634.5,1635.7,1634.0,1635.7,2179
1324539780000,1635.7,1636.6,1635.7,1636.1,283
1324539840000,1636.5,1637.6,1636.5,1637.0,407
1324539900000,1637.0,1637.0,1635.6,1636.5,708
1324539960000,1635.7,1636.3,1635.2,1635.2,92
1324540020000,1635.2,1636.8,1635.2,1636.8,138
1324540080000,1636.9,1638.8,1636.9,1638.7,754
1324540140000,1638.0,1640.0,1638.0,1639.8,853
1324540200000,1639.7,1639.8,1637.1,1637.5,276
1324540260000,1638.0,1639.7,1638.0,1639.7,297
1324540320000,1639.8,1639.8,1638.9,1638.9,199
1324540440000,1638.4,1639.0,1638.4,1638.4,77
1324540560000,1639.1,1639.9,1639.1,1639.9,230
1324540620000,1639.8,1639.8,1639.0,1639.0,94
1324540740000,1638.1,1639.7,1638.1,1638.9,100
1324540800000,1639.0,1639.9,1638.1,1639.0,1473
1324540860000,1639.0,1639.8,1638.3,1639.8,1743
1324540920000,1639.2,1642.9,1639.2,1642.9,2706
1324540980000,1642.9,1643.7,1641.0,1643.2,3595
1324541040000,1642.6,1642.8,1641.8,1642.2,472
1324541100000,1642.2,1642.2,1640.9,1640.9,844
1324541160000,1640.7,1640.8,1639.4,1640.5,600
1324541220000,1640.0,1640.0,1638.1,1639.4,689
1324541280000,1639.4,1639.8,1638.1,1639.2,273
1324541340000,1639.7,1639.8,1638.9,1638.9,350
1324541400000,1640.2,1640.7,1638.3,1638.8,250
1324541460000,1639.4,1639.4,1638.1,1639.0,352
1324541520000,1638.2,1641.4,1636.8,1640.6,1663
1324541580000,1641.3,1642.7,1640.2,1642.7,1320
1324541640000,1641.6,1642.4,1640.0,1641.4,4958
1324541700000,1641.2,1642.5,1639.8,1640.0,8151
1324541760000,1639.9,1642.8,1639.8,1641.4,6284
1324541820000,1641.2,1642.5,1640.8,1641.8,8453
1324541880000,1641.1,1642.7,1640.6,1642.0,7232
1324541940000,1641.9,1642.7,1641.9,1642.1,6550
1324542000000,1642.6,1642.7,1641.7,1642.4,782
1324542060000,1641.6,1641.9,1641.5,1641.9,72
1324542120000,1642.0,1642.0,1641.7,1641.7,217
1324542180000,1641.6,1641.6,1639.9,1640.1,1106
1324542240000,1640.6,1641.3,1640.2,1640.2,137
1324542300000,1640.0,1640.0,1640.0,1640.0,75
1324542360000,1641.3,1642.1,1641.3,1642.1,600
1324542420000,1641.9,1642.0,1641.9,1642.0,428
1324542480000,1641.4,1641.4,1639.2,1639.9,1335
1324542540000,1639.4,1641.2,1639.4,1639.9,370
1324542600000,1641.2,1641.4,1640.9,1640.9,154
1324542660000,1640.5,1641.7,1640.2,1641.7,436
1324542720000,1641.7,1642.5,1641.7,1641.8,1205
1324542780000,1641.2,1644.5,1640.5,1644.5,2499
1324542840000,1644.4,1648.0,1644.0,1645.0,28097
1324542900000,1645.5,1646.8,1645.0,1645.5,1747
1324542960000,1645.8,1647.6,1645.0,1645.6,1664
1324543020000,1645.4,1645.4,1645.0,1645.0,719
1324543080000,1645.0,1647.1,1643.7,1645.8,5697
1324543140000,1645.9,1646.7,1645.4,1646.1,133
1324543200000,1646.2,1647.1,1646.2,1646.8,5226
1324543260000,1646.5,1647.3,1646.1,1647.1,8330
1324543320000,1647.4,1647.6,1646.0,1646.0,17804
1324543380000,1645.5,1647.0,1645.1,1645.5,14503
1324543440000,1646.2,1646.6,1644.4,1645.0,17844
1324543500000,1645.3,1645.6,1644.4,1645.1,3308
1324543560000,1644.6,1645.8,1644.6,1645.2,514
1324543620000,1645.6,1645.6,1645.2,1645.6,25
1324543680000,1645.0,1645.6,1645.0,1645.6,152
1324543740000,1645.4,1645.4,1645.4,1645.4,1
1324543800000,1645.2,1645.2,1645.1,1645.1,142
1324543860000,1645.0,1645.0,1645.0,1645.0,490
1324543920000,1644.6,1644.6,1644.0,1644.0,3383
1324543980000,1643.7,1644.5,1643.0,1643.8,16839
1324544040000,1644.1,1644.1,1643.3,1643.3,6206
1324544100000,1643.2,1643.8,1643.2,1643.8,374
1324544160000,1643.9,1644.8,1643.5,1644.8,234
1324544220000,1643.9,1644.6,1643.7,1643.7,127
1324544280000,1644.0,1644.9,1643.9,1644.6,13183
1324544340000,1644.6,1644.9,1643.5,1644.9,801
1324544400000,1644.8,1645.0,1644.8,1644.9,2420
1324544460000,1645.0,1645.0,1644.9,1645.0,4407
1324544520000,1645.1,1645.1,1643.5,1644.6,8572
1324544580000,1644.6,1644.6,1644.2,1644.2,552
1324544640000,1644.2,1644.2,1643.5,1643.5,163
1324544700000,1643.6,1644.1,1643.3,1644.0,2058
1324544760000,1644.0,1644.3,1644.0,1644.3,1947
1324544820000,1644.3,1644.3,1644.0,1644.0,371
1324544880000,1644.1,1644.1,1644.0,1644.0,183
1324544940000,1644.0,1644.0,1642.1,1642.4,1488
1324545000000,1642.7,1644.8,1642.7,1644.7,1801
1324545060000,1644.4,1644.6,1642.5,1642.5,3366
1324545120000,1643.5,1643.5,1642.5,1643.2,853
1324545180000,1643.5,1643.8,1643.5,1643.8,265
1324545240000,1643.8,1644.5,1641.0,1641.7,10736
1324545300000,1641.2,1641.2,1638.3,1638.8,6184
1324545360000,1638.8,1639.1,1638.2,1638.2,959
1324545420000,1638.9,1638.9,1637.3,1637.8,1301
1324545480000,1637.8,1638.8,1637.8,1638.3,416
1324545540000,1638.9,1638.9,1638.9,1638.9,50
1324545600000,1638.8,1639.5,1638.3,1639.5,430
1324545660000,1639.0,1639.7,1638.9,1639.7,66
1324545720000,1639.4,1640.5,1639.2,1640.5,1411
1324545780000,1640.0,1640.0,1640.0,1640.0,359
1324545840000,1640.0,1640.8,1640.0,1640.8,151
1324545900000,1640.8,1641.9,1640.8,1641.9,882
1324545960000,1641.9,1642.1,1641.5,1641.5,890
1324546020000,1641.3,1641.3,1641.3,1641.3,100
1324546080000,1642.1,1642.1,1641.8,1641.8,51
1324546140000,1641.8,1642.3,1641.6,1642.3,732
1324546200000,1642.3,1644.5,1642.3,1643.6,1316
1324546260000,1643.6,1644.2,1643.2,1644.2,203
1324546320000,1643.0,1645.6,1642.6,1645.4,5249
1324546380000,1645.5,1645.5,1643.5,1644.5,1599
1324546440000,1644.2,1644.5,1643.5,1644.3,584
1324546500000,1644.3,1645.0,1644.3,1644.9,2688
1324546560000,1644.7,1645.0,1644.1,1645.0,3970
1324546620000,1645.0,1645.0,1644.9,1645.0,1908
1324546680000,1644.9,1644.9,1644.0,1644.3,252
1324546740000,1644.9,1645.0,1644.9,1645.0,192
1324546800000,1644.8,1645.0,1644.0,1645.0,1128
1324546860000,1644.9,1645.0,1643.6,1644.3,410
1324546980000,1643.5,1643.5,1640.7,1642.1,1870
1324547040000,1642.4,1642.6,1641.6,1641.8,315
1324547100000,1642.0,1642.0,1642.0,1642.0,20
1324547160000,1642.4,1642.7,1642.2,1642.6,278
1324547220000,1642.7,1643.6,1642.7,1642.7,365
1324547280000,1643.6,1643.6,1643.6,1643.6,36
1324547340000,1643.4,1643.4,1642.7,1642.7,23
1324547400000,1642.8,1643.8,1642.8,1643.1,881
1324547460000,1643.0,1643.0,1641.4,1641.4,111
1324547520000,1641.5,1641.5,1641.4,1641.4,25
1324547580000,1641.3,1642.0,1641.0,1641.0,2340
1324547640000,1641.6,1642.5,1641.2,1641.7,4713
1324547700000,1643.0,1643.2,1642.5,1642.5,245
1324547760000,1642.9,1643.0,1642.5,1642.5,1138
1324547820000,1642.5,1642.5,1640.6,1641.8,2360
1324547880000,1641.8,1642.5,1641.4,1642.4,2337
1324547940000,1642.4,1642.4,1639.4,1642.4,23443
1324548000000,1642.2,1642.2,1639.4,1639.4,45132
1324548060000,1639.7,1639.7,1639.7,1639.7,473
1324548120000,1640.0,1640.0,1639.8,1640.0,215
1324548180000,1640.6,1641.6,1640.6,1641.0,276
1324548240000,1640.6,1641.0,1640.6,1641.0,3000
1324548300000,1640.2,1640.2,1637.6,1637.9,1610
1324548360000,1638.0,1638.0,1636.0,1637.1,2864
1324548420000,1637.1,1637.3,1636.5,1637.2,1399
1324548480000,1636.5,1636.5,1633.4,1633.8,10790
1324548540000,1634.0,1634.6,1633.1,1634.2,1819
1324548600000,1633.6,1634.7,1631.1,1634.4,5008
1324548660000,1634.5,1634.5,1633.0,1634.0,1979
1324548720000,1634.5,1637.7,1634.2,1637.7,840
1324548780000,1637.4,1638.0,1636.3,1636.3,1397
1324548840000,1636.5,1637.2,1636.0,1636.0,302
1324548900000,1635.6,1637.7,1635.2,1636.6,1370
1324548960000,1636.5,1636.5,1636.2,1636.2,42
1324549020000,1637.2,1637.2,1636.6,1636.6,137
1324549080000,1636.5,1636.5,1635.0,1635.0,278
1324549140000,1636.0,1636.2,1636.0,1636.2,17
1324549200000,1637.4,1637.4,1636.5,1636.8,209
1324549260000,1637.4,1638.0,1636.5,1637.6,239
1324549320000,1636.4,1636.6,1636.2,1636.2,66
1324549380000,1636.0,1636.5,1635.1,1635.1,412
1324549440000,1635.5,1635.5,1635.0,1635.4,172
1324549500000,1635.0,1635.6,1634.1,1635.6,159
1324549560000,1635.7,1636.1,1635.6,1636.1,14
1324549620000,1636.0,1637.0,1636.0,1637.0,85
1324549680000,1637.0,1637.4,1635.7,1635.9,536
1324549740000,1635.9,1636.0,1634.0,1634.0,1865
1324549800000,1634.0,1636.9,1633.4,1636.6,546
1324549860000,1637.1,1637.1,1634.4,1636.0,644
1324549920000,1635.9,1635.9,1634.0,1635.3,278
1324549980000,1634.0,1634.0,1632.0,1632.7,839
1324550040000,1633.0,1634.0,1633.0,1633.7,300
1324550100000,1633.6,1635.3,1632.8,1635.3,572
1324550160000,1635.0,1635.3,1633.8,1634.8,315
1324550220000,1635.2,1635.3,1635.2,1635.3,12
1324550280000,1635.0,1635.0,1635.0,1635.0,20
1324550340000,1635.7,1635.7,1635.7,1635.7,7
1324550400000,1635.7,1636.4,1635.7,1636.4,21
1324550460000,1636.4,1636.9,1635.5,1636.0,214
1324550520000,1636.3,1638.0,1635.6,1638.0,918
1324550580000,1637.8,1638.0,1637.0,1637.0,370
1324550640000,1637.0,1637.1,1637.0,1637.1,27
1324550700000,1637.2,1638.0,1637.2,1638.0,87
1324550760000,1637.8,1638.0,1637.1,1638.0,389
1324550820000,1637.6,1639.0,1637.5,1639.0,663
1324550880000,1639.0,1639.8,1638.7,1639.8,589
1324550940000,1638.7,1638.8,1637.1,1637.4,289
1324551000000,1637.1,1639.4,1637.1,1638.6,1006
1324551060000,1638.6,1639.2,1637.4,1639.2,593
1324551120000,1639.1,1639.1,1637.7,1638.1,50
1324551180000,1637.8,1638.6,1637.8,1638.3,491
1324551240000,1637.7,1638.8,1636.6,1638.8,431
1324551300000,1638.4,1638.7,1633.5,1634.0,3886
1324551360000,1634.9,1636.7,1634.9,1635.7,340
1324551420000,1635.2,1635.2,1634.6,1634.6,846
1324551480000,1634.6,1637.1,1634.6,1636.3,906
1324551540000,1635.6,1636.3,1635.6,1636.3,14
1324551600000,1635.6,1636.0,1635.0,1635.0,87
1324551660000,1635.0,1635.1,1634.6,1634.6,6308
1324551720000,1634.6,1634.6,1630.1,1630.9,6301
1324551780000,1630.5,1631.4,1630.5,1631.3,193
1324551840000,1630.8,1630.8,1629.2,1629.3,1957
1324551900000,1629.4,1630.3,1627.1,1629.9,5710
1324551960000,1629.2,1629.3,1628.1,1628.1,218
1324552020000,1628.8,1629.3,1628.2,1629.2,1101
1324552080000,1629.1,1629.1,1627.0,1627.0,2101
1324552140000,1627.0,1629.1,1626.7,1627.9,2378
1324552200000,1628.4,1628.4,1626.2,1626.2,1917
1324552260000,1626.7,1627.1,1626.1,1627.1,995
1324552320000,1626.4,1626.6,1624.9,1624.9,11563
1324552380000,1625.3,1625.9,1619.4,1620.2,23901
1324552440000,1620.2,1625.1,1619.0,1620.5,15561
1324552500000,1621.4,1621.6,1618.6,1620.2,8951
1324552560000,1620.0,1620.9,1620.0,1620.9,497
1324552620000,1620.6,1621.8,1620.1,1621.7,7041
1324552680000,1621.1,1622.4,1620.6,1622.1,5114
1324552740000,1621.3,1622.5,1621.3,1622.2,256
1324552800000,1622.2,1623.2,1621.3,1623.0,550
1324552860000,1623.0,1623.7,1622.7,1623.7,721
1324552920000,1623.7,1624.7,1623.1,1624.3,1497
1324552980000,1623.6,1626.5,1623.2,1626.0,1745
1324553040000,1626.0,1626.0,1620.4,1622.4,5008
1324553100000,1622.3,1623.4,1622.3,1623.4,99
1324553160000,1623.8,1623.9,1623.3,1623.5,620
1324553220000,1623.6,1625.2,1623.6,1624.1,2954
1324553280000,1623.8,1626.6,1623.5,1624.8,14145
1324553340000,1624.9,1625.1,1624.4,1625.0,1349
1324553400000,1625.4,1626.3,1624.5,1626.3,583
1324553460000,1626.3,1627.0,1625.4,1625.8,1024
1324553520000,1626.0,1626.0,1625.5,1626.0,365
1324553580000,1625.6,1626.2,1625.0,1625.8,193
1324553640000,1625.4,1625.4,1624.1,1624.3,611
1324553700000,1624.4,1625.6,1624.0,1625.6,744
1324553760000,1625.6,1626.2,1625.6,1626.1,67
1324553820000,1626.2,1628.6,1626.0,1627.8,1058
1324553880000,1627.7,1628.1,1627.5,1628.0,89
1324553940000,1628.0,1628.0,1624.9,1626.8,1175
1324554000000,1626.6,1627.4,1625.4,1625.4,197
1324554060000,1625.5,1625.5,1625.0,1625.2,301
1324554120000,1625.2,1625.9,1624.8,1624.8,436
1324554180000,1624.8,1625.4,1624.8,1624.8,923
1324554240000,1624.8,1624.8,1622.1,1623.4,1856
1324554300000,1622.5,1623.3,1622.1,1623.1,995
1324554360000,1622.7,1623.0,1621.6,1622.5,1626
1324554420000,1623.3,1624.8,1623.3,1624.8,1440
1324554480000,1624.8,1625.8,1624.1,1625.2,2809
1324554540000,1626.8,1627.6,1626.5,1627.6,11389
1324554600000,1627.7,1628.4,1625.4,1627.0,1235
1324554660000,1625.4,1627.0,1625.4,1627.0,856
1324554720000,1626.5,1626.6,1626.5,1626.6,220
1324554780000,1627.0,1627.8,1626.9,1627.5,359
1324554840000,1626.2,1626.2,1624.5,1625.0,2071
1324554900000,1625.7,1626.4,1625.7,1626.0,499
1324554960000,1626.0,1626.0,1623.8,1625.1,1081
1324555020000,1624.5,1625.5,1624.5,1625.0,753
1324555080000,1623.9,1624.6,1622.6,1622.9,2938
1324555140000,1623.2,1623.5,1623.0,1623.1,1900
1324555200000,1623.3,1623.6,1621.1,1622.0,16384
1324555260000,1622.0,1622.3,1621.3,1621.3,2266
1324555320000,1621.9,1623.1,1621.9,1623.1,1107
1324555380000,1623.4,1624.3,1623.4,1624.3,314
1324555440000,1624.3,1625.6,1623.6,1625.6,1224
1324555500000,1625.1,1627.3,1625.1,1627.3,359
1324555560000,1625.5,1627.8,1625.5,1627.0,406
1324555620000,1627.5,1627.5,1627.0,1627.3,461
1324555680000,1627.3,1627.3,1626.6,1626.6,15
1324555740000,1626.6,1626.6,1625.2,1625.6,600
1324555800000,1625.1,1626.1,1625.0,1625.1,805
1324555860000,1625.1,1625.1,1624.5,1624.7,466
1324555920000,1625.0,1625.9,1625.0,1625.5,76
1324555980000,1626.3,1626.3,1625.3,1625.5,374
1324556040000,1625.2,1627.2,1624.2,1627.0,1739
1324556100000,1627.3,1628.0,1627.0,1627.7,752
1324556160000,1627.8,1627.8,1627.0,1627.0,253
1324556220000,1627.0,1627.4,1627.0,1627.4,105
1324556280000,1627.4,1627.4,1626.6,1626.6,180
1324556340000,1626.3,1626.3,1626.3,1626.3,83
1324556400000,1626.3,1626.9,1626.3,1626.9,118
1324556460000,1627.3,1627.3,1627.1,1627.2,15
1324556520000,1626.9,1626.9,1625.0,1625.8,404
1324556580000,1625.3,1625.3,1625.3,1625.3,38
1324556700000,1626.0,1627.1,1626.0,1627.1,535
1324556760000,1626.3,1626.9,1625.0,1625.0,106
1324556820000,1625.9,1626.1,1625.2,1625.2,180
1324556880000,1625.2,1626.6,1625.0,1626.6,232
1324556940000,1625.7,1625.7,1625.7,1625.7,3
1324557060000,1626.0,1626.9,1626.0,1626.9,179
1324557120000,1626.9,1627.5,1626.8,1627.4,231
1324557180000,1626.9,1626.9,1625.5,1626.2,833
1324557240000,1625.5,1625.5,1625.0,1625.3,236
1324557360000,1625.0,1625.0,1624.2,1624.3,282
1324557420000,1624.2,1624.7,1624.0,1624.0,451
1324557480000,1624.0,1624.0,1624.0,1624.0,72
1324557540000,1624.3,1625.2,1624.3,1625.2,37
1324557600000,1624.3,1624.8,1622.4,1624.5,1947
1324557660000,1624.8,1624.8,1623.2,1623.4,601
1324557720000,1623.3,1623.3,1622.7,1623.0,190
1324557780000,1624.1,1624.1,1623.0,1623.7,258
1324557840000,1623.4,1623.4,1623.3,1623.3,32
1324557900000,1623.6,1624.5,1623.3,1624.5,249
1324557960000,1624.9,1625.8,1624.9,1625.6,308
1324558020000,1624.7,1624.7,1624.2,1624.6,79
1324558080000,1624.6,1624.6,1623.8,1623.8,51
1324558140000,1624.4,1624.4,1624.4,1624.4,12
1324558200000,1624.9,1624.9,1624.6,1624.6,134
1324558260000,1624.5,1624.5,1624.0,1624.0,1268
1324558320000,1624.0,1624.4,1624.0,1624.1,478
1324558380000,1624.0,1624.0,1624.0,1624.0,557
1324558440000,1624.5,1624.5,1624.2,1624.2,20
1324558500000,1624.2,1625.0,1624.2,1624.6,596
1324558560000,1625.2,1625.9,1624.9,1625.5,294
1324558620000,1624.9,1624.9,1624.9,1624.9,42
1324558680000,1625.8,1625.8,1625.8,1625.8,2
1324558740000,1625.5,1627.6,1625.5,1627.6,1648
1324558800000,1626.7,1627.2,1626.1,1626.5,248
1324558860000,1626.5,1626.6,1625.7,1626.5,248
1324558920000,1626.5,1626.5,1625.7,1626.1,202
1324558980000,1627.0,1627.0,1626.3,1626.5,87
1324559040000,1627.0,1627.5,1626.7,1626.7,198
1324559160000,1627.1,1628.4,1626.9,1627.8,1072
1324559220000,1627.5,1627.5,1627.5,1627.5,1
1324559280000,1627.9,1627.9,1627.0,1627.1,136
1324559340000,1627.0,1627.0,1626.0,1626.0,410
1324559400000,1626.0,1626.0,1624.9,1624.9,10066
1324559460000,1625.7,1626.7,1625.7,1626.7,287
1324559520000,1626.7,1626.7,1626.6,1626.7,90
1324559580000,1626.7,1626.7,1626.4,1626.4,60
1324559640000,1626.5,1626.5,1625.4,1625.4,340
1324559760000,1625.7,1626.5,1625.6,1626.5,312
1324559820000,1626.0,1626.5,1626.0,1626.5,74
1324559880000,1625.9,1626.5,1625.9,1626.5,1001
1324560000000,1626.6,1626.6,1626.6,1626.6,51
1324560120000,1626.8,1628.9,1626.8,1628.9,2409
1324560180000,1628.9,1629.0,1627.3,1627.3,452
1324560240000,1627.2,1627.2,1626.7,1627.2,575
1324560300000,1627.8,1629.5,1627.8,1629.3,1039
1324560360000,1629.2,1629.3,1627.4,1628.3,792
1324560420000,1629.0,1629.1,1628.4,1628.4,174
1324560480000,1628.3,1628.4,1628.0,1628.0,246
1324560540000,1628.0,1629.5,1627.9,1628.4,3184
1324560600000,1629.4,1630.6,1621.4,1623.8,15803
1324560660000,1624.8,1625.2,1623.3,1625.1,1342
1324560720000,1625.2,1626.1,1624.0,1624.4,2168
1324560780000,1625.4,1625.4,1624.0,1624.1,631
1324560840000,1624.6,1624.8,1624.1,1624.1,170
1324560900000,1624.6,1624.6,1624.0,1624.0,3152
1324560960000,1624.0,1624.4,1620.4,1620.6,8643
1324561020000,1620.4,1621.3,1620.0,1620.6,1696
1324561080000,1620.4,1620.6,1618.9,1619.3,7442
1324561140000,1619.1,1620.3,1619.1,1620.0,3316
1324561200000,1619.2,1619.7,1615.0,1615.0,19938
1324561260000,1615.0,1615.2,1611.2,1611.2,16083
1324561320000,1611.3,1613.4,1610.6,1613.4,3765
1324561380000,1613.1,1613.8,1612.7,1613.8,1463
1324561440000,1613.5,1617.2,1613.5,1616.9,3610
1324561500000,1616.9,1617.1,1613.1,1613.7,10590
1324561560000,1613.1,1614.1,1612.4,1612.9,3171
1324561620000,1613.2,1613.2,1612.0,1612.8,3660
1324561680000,1612.8,1614.3,1612.1,1614.0,1221
1324561740000,1614.0,1614.6,1613.5,1613.5,294
1324561800000,1613.0,1613.0,1609.6,1611.2,7348
1324561860000,1611.3,1614.0,1611.0,1614.0,1426
1324561920000,1613.7,1613.9,1613.0,1613.0,540
1324561980000,1613.7,1616.0,1613.7,1615.2,2264
1324562040000,1615.0,1615.3,1613.7,1615.3,132
1324562100000,1614.4,1615.3,1614.0,1615.3,712
1324562160000,1614.2,1616.1,1614.2,1615.2,233
1324562220000,1615.4,1616.5,1615.2,1616.5,443
1324562280000,1616.3,1617.0,1616.1,1616.8,846
1324562340000,1616.7,1617.0,1616.6,1617.0,185
1324562400000,1616.9,1616.9,1614.1,1615.2,6764
1324562460000,1615.2,1615.3,1612.9,1613.0,9381
1324562520000,1613.0,1613.0,1611.9,1611.9,3947
1324562580000,1611.9,1613.9,1610.5,1610.5,5315
1324562640000,1610.5,1612.6,1610.5,1612.0,789
1324562700000,1611.6,1612.0,1611.6,1611.9,804
1324562760000,1613.3,1615.0,1612.5,1615.0,1839
1324562820000,1614.3,1615.0,1613.9,1615.0,287
1324562880000,1614.9,1614.9,1614.0,1614.6,580
1324562940000,1615.4,1615.5,1614.3,1614.3,223
1324563000000,1614.3,1615.0,1614.3,1615.0,175
1324563060000,1615.0,1615.7,1615.0,1615.5,2231
1324563120000,1615.5,1616.9,1615.0,1616.7,839
1324563180000,1616.0,1616.1,1615.5,1615.5,25
1324563240000,1615.8,1615.8,1612.0,1613.1,1982
1324563300000,1613.1,1614.3,1612.1,1614.3,2230
1324563360000,1614.7,1615.1,1614.7,1615.0,275
1324563420000,1615.0,1615.0,1614.5,1615.0,115
1324563480000,1614.5,1615.4,1614.5,1615.4,486
1324563540000,1614.5,1615.2,1614.5,1614.5,570
1324563600000,1614.7,1615.1,1612.8,1612.8,882
1324563660000,1613.6,1613.8,1613.0,1613.0,420
1324563720000,1612.6,1614.1,1612.6,1614.1,1145
1324563780000,1613.8,1615.5,1613.8,1615.3,1790
1324563840000,1614.8,1615.4,1613.2,1613.5,841
1324563900000,1613.0,1614.0,1612.7,1613.2,756
1324563960000,1613.8,1617.2,1613.8,1616.7,3598
1324564020000,1615.6,1617.2,1614.6,1617.2,4335
1324564080000,1616.7,1619.9,1616.7,1619.8,5033
1324564140000,1619.2,1622.8,1619.2,1622.8,10626
1324564200000,1622.8,1622.8,1620.2,1620.2,5042
1324564260000,1621.5,1621.8,1620.0,1621.7,5131
1324564320000,1621.6,1623.5,1621.0,1623.4,4538
1324564380000,1623.1,1624.3,1622.3,1624.1,5778
1324564440000,1624.0,1625.1,1623.4,1625.1,5013
1324564500000,1625.1,1630.0,1625.1,1630.0,11689
1324564560000,1629.9,1633.2,1629.5,1632.7,11000
1324564620000,1632.4,1633.1,1630.7,1631.8,9083
1324564680000,1632.4,1634.0,1632.0,1633.1,10373
1324564740000,1633.7,1634.0,1632.0,1634.0,8334
1324564800000,1633.1,1636.8,1633.1,1634.8,10549
1324564860000,1634.8,1636.0,1633.1,1635.9,14653
1324564920000,1635.9,1636.0,1632.4,1634.0,6296
1324564980000,1634.0,1635.0,1633.0,1633.6,5659
1324565040000,1634.6,1635.0,1632.4,1635.0,23387
1324620000000,1637.9,1642.5,1637.9,1641.8,3184
1324620060000,1641.9,1641.9,1640.4,1640.4,2071
1324620120000,1640.4,1641.5,1639.0,1639.0,975
1324620180000,1639.0,1639.7,1637.9,1637.9,262
1324620240000,1637.8,1637.9,1635.0,1635.1,1661
1324620300000,1635.9,1637.4,1635.6,1636.2,345
1324620360000,1636.6,1639.9,1636.5,1639.9,1923
1324620420000,1638.9,1639.6,1638.4,1638.4,146
1324620480000,1638.5,1638.5,1637.3,1637.3,372
1324620540000,1637.3,1639.4,1637.3,1639.4,1023
1324620600000,1639.4,1640.6,1638.9,1640.6,864
1324620660000,1639.2,1639.8,1637.5,1638.0,505
1324620720000,1638.0,1638.0,1638.0,1638.0,77
1324620780000,1638.0,1638.4,1637.8,1638.1,14
1324620840000,1637.3,1637.3,1636.4,1637.1,370
1324620900000,1637.4,1639.8,1636.5,1636.5,659
1324620960000,1638.0,1638.8,1637.0,1637.0,258
1324621020000,1636.9,1637.8,1636.9,1637.2,140
1324621080000,1637.2,1637.2,1637.2,1637.2,5
1324621140000,1636.8,1637.6,1636.7,1636.7,93
1324621200000,1636.8,1637.5,1636.5,1637.0,58
1324621260000,1637.0,1637.0,1637.0,1637.0,11
1324621320000,1636.5,1636.6,1636.0,1636.2,591
1324621380000,1636.2,1636.2,1636.2,1636.2,217
1324621440000,1635.9,1636.5,1635.1,1635.1,654
1324621500000,1635.1,1635.3,1634.0,1635.3,775
1324621560000,1635.3,1636.4,1634.7,1636.4,170
1324621620000,1635.7,1635.8,1635.6,1635.7,70
1324621680000,1635.6,1635.8,1635.0,1635.0,155
1324621740000,1635.0,1635.6,1634.4,1634.4,370
1324621800000,1634.7,1634.7,1631.7,1633.3,840
1324621860000,1632.7,1633.4,1632.7,1632.8,38
1324621920000,1633.0,1633.0,1632.9,1633.0,279
1324621980000,1633.0,1633.0,1632.7,1632.7,480
1324622040000,1633.0,1635.0,1632.7,1635.0,813
1324622100000,1635.0,1635.0,1635.0,1635.0,158
1324622160000,1635.0,1636.0,1634.1,1636.0,686
1324622220000,1635.3,1635.9,1635.2,1635.9,77
1324622280000,1635.3,1635.6,1634.6,1634.6,282
1324622340000,1634.1,1634.5,1634.0,1634.0,125
1324622400000,1634.5,1634.7,1634.0,1634.7,124
1324622460000,1634.2,1634.3,1634.2,1634.3,100
1324622520000,1634.2,1634.3,1632.0,1632.0,1219
1324622580000,1632.0,1632.0,1630.7,1630.7,522
1324622640000,1630.7,1631.4,1630.6,1631.3,298
1324622700000,1630.6,1631.4,1630.5,1631.4,412
1324622760000,1631.4,1631.5,1631.4,1631.5,45
1324622820000,1631.5,1632.6,1631.5,1632.0,291
1324622880000,1632.0,1632.0,1632.0,1632.0,20
1324622940000,1632.0,1632.0,1631.8,1632.0,264
1324623000000,1632.1,1632.1,1629.7,1629.8,5231
1324623060000,1629.8,1631.4,1629.7,1631.4,181
1324623120000,1631.9,1633.4,1631.9,1632.4,1549
1324623180000,1632.2,1633.5,1630.1,1632.4,4879
1324623240000,1632.4,1633.9,1632.4,1633.8,411
1324623300000,1633.9,1633.9,1632.1,1632.9,304
1324623360000,1632.1,1632.8,1632.1,1632.8,131
1324623420000,1633.0,1633.3,1632.9,1633.3,134
1324623480000,1633.3,1634.0,1633.3,1634.0,115
1324623540000,1633.0,1634.0,1632.5,1632.9,1360
1324623600000,1632.3,1633.8,1632.0,1632.7,214
1324623660000,1632.7,1632.7,1630.6,1630.6,350
1324623720000,1630.4,1631.3,1630.3,1631.3,367
1324623780000,1630.4,1631.0,1630.2,1630.2,109
1324623840000,1630.2,1631.1,1629.5,1630.0,1659
1324623900000,1630.0,1630.6,1629.5,1630.0,1886
1324623960000,1629.5,1629.8,1629.1,1629.1,1011
1324624020000,1629.7,1629.8,1629.2,1629.6,440
1324624080000,1629.8,1630.0,1629.8,1630.0,52
1324624140000,1629.8,1630.0,1629.2,1629.2,210
1324624200000,1629.9,1630.0,1629.3,1629.5,75
1324624260000,1629.9,1630.0,1628.4,1628.4,2340
1324624320000,1628.4,1628.9,1628.0,1628.6,773
1324624380000,1628.6,1628.7,1628.0,1628.6,98
1324624440000,1628.2,1628.5,1627.4,1627.4,210
1324624500000,1627.4,1627.4,1625.3,1625.4,1256
1324624560000,1625.4,1626.8,1625.4,1626.0,616
1324624620000,1626.0,1627.8,1626.0,1627.8,839
1324624680000,1627.6,1629.1,1627.6,1628.2,763
1324624740000,1628.2,1628.4,1627.7,1628.0,590
1324624800000,1628.0,1629.3,1628.0,1629.3,231
1324624860000,1629.3,1629.4,1628.6,1629.3,402
1324624920000,1629.3,1629.5,1628.5,1628.5,144
1324624980000,1629.5,1629.7,1628.2,1628.2,750
1324625040000,1628.9,1628.9,1628.0,1628.7,284
1324625100000,1628.7,1629.1,1627.7,1629.1,1456
1324625160000,1628.7,1630.0,1628.7,1630.0,2281
1324625220000,1629.2,1630.2,1627.8,1630.0,3371
1324625280000,1630.0,1630.4,1630.0,1630.3,574
1324625340000,1630.3,1630.3,1630.2,1630.3,212
1324625400000,1630.5,1631.1,1630.5,1631.1,121
1324625460000,1631.3,1631.8,1630.7,1630.8,1608
1324625520000,1631.3,1631.3,1630.8,1630.8,396
1324625580000,1630.6,1631.9,1630.6,1631.9,89
1324625640000,1631.0,1631.6,1630.7,1630.7,460
1324625700000,1631.0,1631.0,1630.5,1630.5,785
1324625760000,1631.2,1631.3,1630.5,1630.5,53
1324625820000,1630.4,1631.1,1630.4,1631.1,1214
1324625880000,1631.2,1631.5,1631.0,1631.0,479
1324625940000,1631.4,1631.5,1631.0,1631.5,1498
1324626000000,1631.0,1631.4,1631.0,1631.0,2615
1324626060000,1631.0,1631.0,1627.0,1627.1,8001
1324626120000,1627.8,1627.8,1626.1,1627.1,754
1324626180000,1626.2,1628.4,1626.2,1627.0,696
1324626240000,1627.9,1628.3,1626.0,1626.0,1473
1324626300000,1625.9,1626.5,1625.5,1626.1,405
1324626360000,1626.2,1626.2,1625.0,1625.0,1279
1324626420000,1625.4,1626.0,1625.1,1625.1,137
1324626480000,1625.4,1625.6,1625.1,1625.6,333
1324626540000,1625.3,1626.1,1623.0,1625.1,7483
1324626600000,1626.2,1628.1,1625.7,1627.3,711
1324626660000,1627.5,1629.3,1627.1,1628.6,1998
1324626720000,1629.1,1630.2,1629.1,1629.5,2848
1324626780000,1629.5,1629.9,1628.6,1628.6,349
1324626840000,1628.6,1628.6,1628.3,1628.3,516
1324626900000,1628.3,1628.3,1627.0,1627.0,685
1324626960000,1628.0,1628.1,1628.0,1628.1,100
1324627020000,1627.3,1627.3,1627.3,1627.3,20
1324627080000,1627.8,1627.8,1627.0,1627.0,76
1324627140000,1626.9,1629.1,1626.9,1629.1,714
1324627200000,1628.3,1629.0,1628.0,1629.0,797
1324627260000,1628.9,1629.0,1628.1,1628.6,3571
1324627320000,1628.1,1628.4,1627.0,1627.0,2289
1324627380000,1627.0,1628.0,1627.0,1628.0,108
1324627440000,1628.0,1628.0,1626.0,1626.0,1216
1324627500000,1626.0,1626.0,1625.2,1625.7,316
1324627560000,1625.9,1628.0,1625.7,1628.0,341
1324627620000,1627.3,1627.3,1626.3,1627.0,90
1324627680000,1626.3,1626.7,1625.8,1626.0,145
1324627740000,1626.2,1626.2,1625.5,1625.5,103
1324627800000,1626.3,1626.3,1625.3,1625.7,229
1324627860000,1626.0,1626.0,1624.0,1624.0,1847
1324627920000,1624.0,1625.1,1624.0,1624.2,5218
1324627980000,1624.2,1624.6,1623.5,1624.1,6836
1324628040000,1624.0,1624.5,1623.6,1624.0,1581
1324628100000,1624.0,1625.0,1621.2,1621.2,6680
1324628160000,1621.3,1623.8,1621.3,1623.8,434
1324628220000,1622.5,1623.0,1622.5,1622.7,793
1324628280000,1623.0,1623.0,1622.2,1622.2,1550
1324628340000,1622.6,1622.6,1621.6,1622.4,2002
1324628400000,1622.4,1622.5,1621.5,1621.5,260
1324628460000,1621.5,1621.8,1620.4,1621.6,2077
1324628520000,1620.7,1620.9,1620.0,1620.1,7417
1324628580000,1620.2,1622.4,1620.2,1622.1,419
1324628640000,1621.0,1621.7,1620.3,1620.3,981
1324628700000,1620.4,1621.8,1620.0,1620.4,6883
1324628760000,1620.7,1622.0,1620.4,1622.0,2333
1324628820000,1622.0,1623.2,1622.0,1622.0,2588
1324628880000,1622.1,1622.3,1620.5,1620.5,4334
1324628940000,1621.5,1621.5,1620.5,1620.5,466
1324629000000,1620.5,1621.2,1619.1,1619.8,5294
1324629060000,1619.9,1621.0,1619.1,1619.6,1073
1324629120000,1619.5,1620.5,1619.3,1619.9,15365
1324629180000,1619.9,1620.7,1619.1,1620.7,664
1324629240000,1620.7,1622.0,1620.0,1621.7,6363
1324629300000,1621.7,1622.4,1621.4,1621.4,936
1324629360000,1621.3,1623.0,1621.2,1623.0,800
1324629420000,1622.7,1624.0,1622.7,1623.2,567
1324629480000,1623.2,1623.2,1622.3,1622.3,14
1324629540000,1622.6,1624.6,1622.6,1624.6,344
1324629600000,1623.7,1624.6,1622.8,1623.9,1085
1324629660000,1624.5,1625.8,1624.2,1625.2,595
1324629720000,1625.2,1625.8,1625.2,1625.8,313
1324629780000,1625.9,1626.1,1625.3,1626.1,2290
1324629840000,1625.9,1626.1,1625.3,1626.0,119
1324629900000,1625.6,1626.1,1625.4,1625.6,2514
1324629960000,1626.0,1626.0,1625.4,1625.7,775
1324630020000,1625.2,1625.8,1625.1,1625.5,125
1324630080000,1625.6,1625.7,1624.8,1625.6,1091
1324630140000,1625.1,1625.2,1625.1,1625.2,2
1324630200000,1625.3,1625.5,1624.9,1625.2,898
1324630260000,1625.2,1626.0,1624.5,1625.5,1815
1324630320000,1625.8,1626.1,1624.4,1624.4,369
1324630380000,1624.4,1628.9,1624.4,1627.9,13392
1324630440000,1627.4,1629.6,1626.8,1629.0,7673
1324630500000,1629.0,1629.8,1627.5,1629.8,2762
1324630560000,1629.7,1631.1,1629.6,1631.0,4693
1324630620000,1630.9,1630.9,1628.2,1628.6,6994
1324630680000,1628.4,1629.2,1628.3,1629.2,1303
1324630740000,1629.3,1629.3,1628.4,1629.3,890
1324630800000,1628.8,1629.5,1628.6,1629.5,559
1324630860000,1629.3,1631.0,1629.0,1630.2,14754
1324630920000,1630.3,1631.0,1630.0,1630.4,7101
1324630980000,1630.0,1630.0,1628.8,1629.0,3544
1324631040000,1629.1,1629.9,1629.0,1629.9,181
1324631100000,1630.0,1630.3,1629.1,1629.1,211
1324631160000,1629.1,1630.9,1629.1,1630.1,8502
1324631220000,1629.3,1631.0,1629.3,1630.0,5225
1324631280000,1630.0,1631.0,1629.4,1631.0,2073
1324631340000,1630.5,1631.0,1629.2,1629.2,1944
1324631400000,1630.0,1630.7,1629.5,1630.0,875
1324631460000,1630.0,1630.1,1628.0,1628.1,8603
1324631520000,1628.3,1629.0,1628.0,1628.2,645
1324631580000,1628.2,1628.2,1627.5,1628.0,614
1324631640000,1628.0,1631.4,1628.0,1630.0,4668
1324631700000,1630.0,1633.3,1629.2,1631.7,7084
1324631760000,1631.9,1632.3,1631.1,1632.3,1382
1324631820000,1632.0,1632.5,1631.2,1632.0,20607
1324631880000,1631.4,1632.1,1631.2,1631.7,2213
1324631940000,1631.4,1633.3,1631.2,1632.4,1200
1324632000000,1632.5,1633.1,1632.0,1632.8,2379
1324632060000,1632.1,1633.9,1632.0,1633.9,2250
1324632120000,1634.0,1635.7,1633.9,1635.1,4246
1324632180000,1635.1,1635.7,1633.0,1634.0,1679
1324632240000,1634.1,1635.6,1633.2,1635.0,3838
1324632300000,1634.1,1635.6,1634.1,1635.0,1954
1324632360000,1635.1,1635.6,1635.0,1635.0,291
1324632420000,1635.1,1635.1,1635.0,1635.0,3454
1324632480000,1635.0,1635.2,1635.0,1635.0,1881
1324632540000,1635.3,1635.3,1634.1,1634.1,3277
1324632600000,1634.1,1635.1,1634.1,1634.3,3310
1324632660000,1634.8,1634.8,1633.5,1633.5,320
1324632720000,1634.1,1634.2,1634.0,1634.0,326
1324632780000,1633.3,1633.3,1633.0,1633.1,1205
1324632840000,1633.8,1634.0,1633.0,1633.0,180
1324632900000,1633.0,1633.0,1632.5,1633.0,62
1324632960000,1632.9,1633.3,1632.7,1633.0,224
1324633020000,1633.0,1633.3,1633.0,1633.2,189
1324633080000,1633.2,1633.2,1632.8,1632.8,70
1324633140000,1632.7,1632.7,1632.0,1632.0,145
1324633200000,1632.0,1632.0,1630.3,1630.3,1738
1324633260000,1630.1,1630.5,1630.1,1630.5,2907
1324633320000,1630.4,1630.5,1629.3,1630.0,1305
1324633380000,1629.4,1630.0,1629.3,1629.3,1093
1324633440000,1629.0,1629.3,1628.5,1629.1,355
1324633500000,1629.3,1630.0,1629.3,1630.0,228
1324633560000,1629.4,1630.0,1629.4,1630.0,240
1324633620000,1629.8,1630.0,1629.8,1630.0,501
1324633680000,1629.5,1630.0,1629.5,1630.0,1191
1324633740000,1630.0,1630.0,1629.7,1629.7,378
1324633800000,1629.7,1629.8,1629.0,1629.0,498
1324633860000,1629.8,1630.0,1629.8,1630.0,80
1324633920000,1629.8,1629.8,1629.8,1629.8,1
1324633980000,1629.9,1629.9,1629.6,1629.6,35
1324634040000,1629.8,1629.8,1629.8,1629.8,61
1324634100000,1629.8,1629.9,1629.7,1629.7,70
1324634160000,1629.1,1629.8,1629.1,1629.8,165
1324634220000,1629.6,1629.9,1629.3,1629.9,631
1324634280000,1629.2,1629.2,1629.1,1629.1,50
1324634340000,1629.1,1629.1,1628.6,1628.8,895
1324634400000,1628.9,1628.9,1628.6,1628.6,125
1324634460000,1628.8,1628.9,1628.7,1628.8,1084
1324634520000,1628.6,1628.6,1628.2,1628.4,12964
1324634580000,1628.6,1629.6,1628.5,1629.5,182
1324634640000,1629.2,1629.6,1628.9,1628.9,2232
1324634700000,1629.1,1629.6,1628.7,1629.6,1198
1324634760000,1629.6,1629.6,1628.8,1628.9,400
1324634820000,1628.7,1628.8,1627.8,1628.5,917
1324634880000,1628.3,1629.3,1628.3,1629.0,1227
1324634940000,1629.1,1630.0,1629.1,1630.0,1827
1324635000000,1629.9,1630.0,1629.9,1630.0,712
1324635060000,1629.9,1630.0,1629.9,1629.9,646
1324635120000,1629.9,1630.0,1629.9,1630.0,95
1324635180000,1630.0,1630.0,1630.0,1630.0,16
1324635240000,1630.0,1630.5,1629.9,1630.5,1491
1324635300000,1630.5,1631.1,1630.2,1631.0,1558
1324635360000,1631.0,1631.0,1630.7,1631.0,138
1324635420000,1631.0,1631.4,1631.0,1631.4,746
1324635480000,1631.4,1631.4,1630.3,1630.9,763
1324635540000,1631.3,1632.8,1631.3,1632.6,2992
1324635600000,1632.6,1632.8,1631.9,1631.9,605
1324635660000,1632.3,1632.8,1631.9,1631.9,805
1324635720000,1631.8,1632.2,1631.8,1632.2,278
1324635780000,1632.2,1632.5,1632.2,1632.5,815
1324635840000,1632.5,1632.5,1632.5,1632.5,408
1324635900000,1632.5,1632.7,1632.5,1632.5,106
1324635960000,1632.5,1632.8,1632.5,1632.5,275
1324636020000,1632.8,1632.8,1632.7,1632.8,325
1324636080000,1632.8,1632.8,1632.8,1632.8,383
1324636140000,1632.8,1632.8,1632.5,1632.8,4566
1324636200000,1632.8,1635.0,1632.8,1634.2,6993
1324636260000,1634.6,1635.0,1634.3,1634.3,2148
1324636320000,1635.0,1635.8,1635.0,1635.8,4401
1324636380000,1635.8,1636.1,1635.0,1636.1,2595
1324636440000,1635.5,1636.0,1634.7,1636.0,1269
1324636500000,1636.0,1636.3,1635.4,1636.3,443
1324636560000,1636.3,1636.3,1635.1,1636.2,1980
1324636620000,1636.0,1639.5,1636.0,1638.9,5551
1324636680000,1639.4,1639.8,1638.9,1639.5,3221
1324636740000,1639.0,1639.9,1638.8,1639.9,4379
1324636800000,1639.9,1640.0,1639.3,1639.3,3831
1324636860000,1639.4,1639.9,1639.0,1639.0,1919
1324636920000,1639.0,1639.1,1639.0,1639.1,107
1324636980000,1639.7,1641.1,1638.4,1641.0,32320
1324637040000,1640.9,1640.9,1640.4,1640.4,76
1324637100000,1640.1,1642.0,1640.1,1641.0,4191
1324637160000,1641.8,1642.1,1640.9,1641.9,5339
1324637220000,1641.9,1642.1,1638.2,1642.0,11580
1324637280000,1641.3,1642.0,1640.6,1640.7,2404
1324637340000,1640.7,1644.0,1640.0,1643.4,8079
1324637400000,1643.0,1644.7,1643.0,1643.6,5010
1324637460000,1643.1,1644.3,1643.0,1644.3,453
1324637520000,1643.8,1645.0,1643.7,1644.7,5467
1324637580000,1644.9,1648.1,1644.4,1648.1,21988
1324637640000,1648.1,1648.8,1647.4,1648.7,4313
1324637700000,1648.7,1649.7,1648.3,1648.3,10774
1324637760000,1648.4,1649.7,1646.6,1646.6,5933
1324637820000,1647.1,1648.5,1645.5,1645.5,4772
1324637880000,1645.5,1646.2,1645.0,1646.0,1219
1324637940000,1646.0,1647.1,1645.8,1646.3,1581
1324638000000,1646.3,1647.0,1646.0,1646.7,344
1324638060000,1646.0,1648.3,1646.0,1647.5,2647
1324638120000,1647.5,1649.0,1647.5,1648.4,1037
1324638180000,1648.4,1648.4,1647.0,1647.0,1194
1324638240000,1647.3,1647.4,1646.6,1647.4,298
1324638300000,1647.6,1648.2,1647.3,1647.3,394
1324638360000,1647.3,1648.0,1645.6,1647.0,9150
1324638420000,1647.2,1647.2,1646.3,1646.3,167
1324638480000,1646.2,1646.7,1645.8,1646.7,238
1324638540000,1646.7,1647.0,1645.8,1647.0,4935
1324638600000,1647.0,1647.9,1647.0,1647.8,2468
1324638660000,1647.8,1647.8,1647.0,1647.1,684
1324638720000,1647.7,1648.0,1647.1,1647.3,1157
1324638780000,1647.0,1648.7,1647.0,1648.3,3347
1324638840000,1647.6,1648.3,1647.1,1648.3,756
1324638900000,1648.0,1650.0,1648.0,1648.5,13796
1324638960000,1648.1,1648.5,1647.9,1647.9,307
1324639020000,1647.8,1648.0,1647.7,1648.0,684
1324639080000,1647.8,1648.7,1647.8,1648.0,717
1324639140000,1647.9,1648.9,1647.3,1648.0,4650
1324639200000,1648.6,1648.8,1647.7,1647.7,155
1324639260000,1647.8,1648.3,1647.5,1648.3,299
1324639320000,1647.5,1647.9,1645.8,1647.7,5864
1324639380000,1647.8,1648.1,1647.7,1647.9,327
1324639440000,1648.0,1648.1,1647.0,1647.0,350
1324639500000,1647.4,1648.1,1646.9,1648.1,1256
1324639560000,1648.1,1648.8,1648.1,1648.8,576
1324639620000,1648.7,1649.0,1648.4,1648.4,1712
1324639680000,1648.4,1648.8,1648.4,1648.6,1209
1324639740000,1648.6,1649.0,1648.1,1648.2,1607
1324639800000,1648.1,1649.4,1648.1,1649.4,2921
1324639860000,1649.4,1650.5,1649.2,1650.4,13225
1324639920000,1650.4,1651.0,1650.0,1650.7,4640
1324639980000,1649.9,1650.5,1649.0,1649.6,424
1324640040000,1649.7,1650.5,1649.1,1649.8,4090
1324640100000,1649.2,1651.0,1649.2,1651.0,5683
1324640160000,1651.0,1651.0,1650.3,1651.0,2912
1324640220000,1650.5,1651.0,1650.5,1651.0,147
1324640280000,1650.5,1651.5,1650.5,1650.8,1481
1324640340000,1651.4,1655.6,1651.4,1654.0,18508
1324640400000,1654.5,1656.5,1654.2,1655.1,6282
1324640460000,1656.0,1656.0,1654.0,1654.0,1030
1324640520000,1654.0,1654.5,1653.6,1654.5,3190
1324640580000,1654.4,1654.9,1653.0,1654.6,3290
1324640640000,1654.7,1655.0,1654.7,1655.0,425
1324640700000,1655.0,1656.8,1655.0,1656.3,3164
1324640760000,1655.5,1656.3,1655.0,1655.0,1039
1324640820000,1655.8,1656.4,1655.0,1655.6,2124
1324640880000,1656.0,1657.0,1655.2,1657.0,7068
1324640940000,1656.5,1657.0,1654.3,1654.3,2349
1324641000000,1654.6,1654.6,1654.1,1654.1,282
1324641060000,1654.0,1654.0,1652.0,1652.7,11676
1324641120000,1652.1,1652.7,1652.1,1652.7,600
1324641180000,1652.3,1653.0,1652.1,1652.5,476
1324641240000,1652.6,1654.4,1652.6,1654.0,498
1324641300000,1654.0,1654.2,1653.9,1653.9,90
1324641360000,1654.0,1654.0,1652.8,1652.8,477
1324641420000,1653.5,1654.9,1653.0,1653.1,4289
1324641480000,1653.0,1654.9,1652.6,1654.2,2762
1324641540000,1654.9,1654.9,1653.5,1654.2,649
1324641600000,1654.2,1658.0,1653.9,1658.0,17149
1324641660000,1658.0,1661.0,1657.5,1660.3,60700
1324641720000,1660.3,1662.0,1660.0,1662.0,12235
1324641780000,1662.0,1664.0,1661.7,1663.4,18794
1324641840000,1663.5,1663.9,1660.1,1662.5,2979
1324641900000,1661.7,1662.3,1660.2,1661.7,1774
1324641960000,1661.3,1662.0,1660.0,1661.5,2426
1324642020000,1661.6,1661.8,1661.0,1661.8,1040
1324642080000,1661.8,1661.8,1660.9,1661.0,1058
1324642140000,1661.7,1661.8,1659.8,1660.0,18670
1324642200000,1660.0,1662.0,1659.7,1659.8,22668
1324642260000,1659.9,1660.0,1659.8,1659.8,5466
1324642320000,1659.8,1660.0,1659.8,1659.8,3451
1324642380000,1659.9,1659.9,1659.8,1659.8,738
1324642440000,1659.9,1659.9,1659.5,1659.8,2034
1324642500000,1659.6,1660.0,1659.5,1660.0,1869
1324642560000,1660.0,1661.5,1659.8,1660.0,7596
1324642620000,1660.0,1661.0,1658.1,1658.4,9087
1324642680000,1658.4,1659.3,1656.9,1658.1,19886
1324642740000,1658.1,1658.3,1657.2,1658.0,6635
1324642800000,1658.0,1659.0,1657.0,1658.3,12902
1324642860000,1658.7,1658.7,1657.4,1657.5,4696
1324642920000,1657.5,1658.0,1657.2,1657.5,3822
1324642980000,1657.2,1657.9,1657.2,1657.5,2493
1324643040000,1657.5,1657.5,1656.8,1656.8,2465
1324643100000,1656.8,1657.0,1654.8,1655.4,4386
1324643160000,1655.4,1655.8,1654.6,1654.7,1987
1324643220000,1654.2,1654.2,1652.8,1653.0,2807
1324643280000,1652.9,1653.9,1652.9,1653.0,13676
1324643340000,1653.0,1654.5,1652.7,1653.6,10967
1324643400000,1653.5,1653.9,1651.3,1651.4,2114
1324643460000,1651.2,1653.4,1651.1,1653.4,955
1324643520000,1653.0,1653.7,1652.9,1653.7,641
1324643580000,1654.0,1655.1,1653.3,1654.8,8711
1324643640000,1654.6,1656.5,1654.3,1656.1,19825
1324643700000,1656.4,1656.4,1654.5,1654.9,9993
1324643760000,1654.8,1654.8,1654.0,1654.4,4264
1324643820000,1655.1,1655.1,1654.1,1654.7,701
1324643880000,1654.1,1654.5,1653.0,1654.1,763
1324643940000,1653.6,1653.6,1652.0,1653.0,3119
1324644000000,1652.9,1653.0,1652.0,1652.9,672
1324644060000,1652.9,1652.9,1652.3,1652.7,451
1324644120000,1652.8,1652.8,1652.0,1652.5,654
1324644180000,1652.0,1652.4,1652.0,1652.0,163
1324644240000,1652.4,1652.5,1649.9,1651.1,11177
1324644300000,1650.1,1652.4,1650.1,1652.4,938
1324644360000,1651.5,1652.4,1649.0,1649.1,2566
1324644420000,1649.7,1649.8,1648.0,1648.8,4757
1324644480000,1648.4,1648.8,1648.4,1648.8,436
1324644540000,1648.8,1648.9,1648.0,1648.0,2401
1324644600000,1647.8,1650.0,1647.5,1650.0,2899
1324644660000,1651.0,1651.8,1648.0,1648.7,7495
1324644720000,1648.1,1649.7,1648.0,1648.0,1345
1324644780000,1648.0,1648.6,1647.4,1648.4,5398
1324644840000,1648.1,1648.1,1645.8,1646.7,47236
1324644900000,1647.0,1648.5,1647.0,1648.0,1176
1324644960000,1648.0,1648.0,1647.0,1647.6,1180
1324645020000,1646.8,1647.0,1646.4,1646.5,120
1324645080000,1646.1,1646.6,1645.8,1645.8,83
1324645140000,1646.4,1646.9,1646.0,1646.9,569
1324645200000,1646.9,1648.0,1646.9,1647.8,1451
1324645260000,1647.8,1647.9,1647.1,1647.1,832
1324645320000,1647.2,1648.7,1646.4,1646.4,3110
1324645380000,1647.0,1647.0,1645.1,1646.9,1298
1324645440000,1646.6,1647.0,1645.1,1646.7,1118
1324645500000,1646.7,1646.9,1646.5,1646.5,129
1324645560000,1646.5,1646.9,1646.0,1646.9,685
1324645620000,1646.9,1647.0,1646.3,1647.0,402
1324645680000,1646.9,1648.1,1646.8,1648.1,818
1324645740000,1647.0,1649.8,1647.0,1649.8,4167
1324645800000,1649.8,1650.6,1649.3,1650.6,1492
1324645860000,1650.6,1651.5,1650.6,1651.0,795
1324645920000,1651.5,1651.6,1650.7,1650.7,616
1324645980000,1651.3,1651.5,1650.0,1650.0,1220
1324646040000,1650.0,1650.5,1650.0,1650.0,134
1324646100000,1650.0,1650.0,1644.7,1644.7,49450
1324646160000,1644.6,1645.0,1643.8,1644.1,1562
1324646220000,1644.9,1644.9,1644.0,1644.1,162
1324646280000,1644.1,1644.7,1644.1,1644.7,163
1324646340000,1644.4,1644.8,1644.2,1644.3,85
1324646400000,1644.3,1644.9,1644.2,1644.9,176
1324646460000,1644.4,1645.0,1644.0,1644.4,1510
1324646520000,1645.0,1645.0,1645.0,1645.0,933
1324646580000,1645.0,1645.0,1645.0,1645.0,28
1324646640000,1645.0,1645.9,1645.0,1645.9,106
1324646760000,1645.8,1645.9,1645.2,1645.2,301
1324646820000,1645.4,1645.4,1645.0,1645.0,327
1324646880000,1644.9,1645.0,1643.5,1643.7,3969
1324646940000,1643.8,1644.5,1643.3,1643.3,817
1324647000000,1644.3,1645.6,1641.6,1642.7,5444
1324647060000,1643.1,1643.4,1642.4,1643.0,918
1324647120000,1643.3,1643.5,1642.9,1643.5,220
1324647180000,1643.0,1643.0,1643.0,1643.0,1
1324647240000,1644.3,1644.3,1643.5,1643.5,189
1324647300000,1643.6,1645.0,1643.6,1645.0,326
1324647360000,1644.5,1644.5,1644.4,1644.4,50
1324647420000,1645.2,1645.5,1645.2,1645.5,113
1324647480000,1645.5,1645.5,1644.0,1644.0,145
1324647540000,1644.0,1644.7,1644.0,1644.7,45
1324647600000,1644.4,1644.6,1643.6,1643.6,1647
1324647660000,1643.6,1643.6,1641.8,1641.8,5997
1324647720000,1642.0,1642.0,1639.1,1639.6,9757
1324647780000,1639.3,1639.8,1639.0,1639.4,9778
1324647840000,1639.0,1640.7,1639.0,1640.0,3489
1324647900000,1640.0,1640.1,1638.6,1640.1,4531
1324647960000,1639.5,1639.9,1638.1,1639.9,2848
1324648020000,1639.9,1640.8,1639.1,1639.1,1252
1324648080000,1639.0,1640.1,1638.0,1638.8,10173
1324648140000,1638.0,1639.9,1638.0,1639.0,2014
1324648200000,1639.6,1640.1,1637.0,1638.0,4291
1324648260000,1638.6,1639.1,1638.0,1638.8,750
1324648320000,1638.5,1638.9,1638.4,1638.7,183
1324648380000,1638.7,1639.2,1638.0,1638.1,1138
1324648440000,1637.6,1638.0,1637.4,1637.7,567
1324648500000,1637.6,1638.5,1637.0,1638.0,4502
1324648560000,1638.4,1639.4,1638.4,1639.4,37
1324648620000,1639.3,1641.5,1639.3,1640.7,2074
1324648680000,1641.2,1641.5,1640.6,1641.4,67
1324648740000,1641.4,1641.4,1639.9,1640.1,630
1324648800000,1639.8,1639.8,1637.0,1637.1,3755
1324648860000,1637.7,1638.8,1637.0,1638.3,1417
1324648920000,1638.1,1639.0,1638.1,1638.7,187
1324648980000,1638.7,1638.8,1637.5,1637.5,621
1324649040000,1638.8,1638.8,1638.1,1638.1,65
1324649100000,1637.8,1637.9,1637.0,1637.9,575
1324649160000,1637.7,1638.1,1637.7,1638.0,224
1324649220000,1638.4,1638.4,1638.0,1638.0,209
1324649280000,1638.1,1638.6,1637.4,1637.4,512
1324649340000,1637.3,1637.4,1637.0,1637.0,5713
1324649400000,1637.0,1638.5,1637.0,1637.5,561
1324649460000,1637.6,1638.9,1637.2,1638.1,429
1324649520000,1638.1,1638.1,1637.8,1637.9,190
1324649580000,1637.8,1637.8,1637.2,1637.3,357
1324649640000,1637.2,1638.1,1637.2,1637.2,270
1324649700000,1637.7,1638.6,1637.2,1638.5,419
1324649760000,1638.5,1639.1,1637.2,1639.0,2211
1324649820000,1638.2,1638.8,1637.5,1638.0,680
1324649880000,1638.4,1638.6,1637.3,1638.3,311
1324649940000,1637.7,1639.2,1637.7,1639.2,231
1324650000000,1639.3,1640.3,1638.9,1640.3,907
1324650060000,1640.3,1644.9,1640.3,1644.0,8063
1324650120000,1644.1,1644.6,1644.0,1644.0,4726
1324650180000,1644.1,1644.5,1644.0,1644.0,232
1324650240000,1644.0,1644.1,1641.9,1642.0,8417
1324650300000,1642.1,1642.8,1642.0,1642.8,103
1324650360000,1642.0,1643.3,1642.0,1643.0,625
1324650420000,1642.5,1643.1,1642.3,1643.0,357
1324650480000,1643.1,1643.9,1643.0,1643.8,71
1324650540000,1643.1,1644.1,1643.0,1643.6,1431
1324650600000,1643.0,1643.9,1643.0,1643.0,220
1324650660000,1643.6,1643.9,1643.5,1643.5,430
1324650720000,1643.5,1644.1,1642.5,1643.0,2842
1324650780000,1643.0,1643.7,1643.0,1643.0,1345
1324650840000,1643.0,1643.1,1642.0,1642.0,1674
1324650900000,1642.1,1642.9,1640.3,1640.5,1326
1324650960000,1640.5,1640.6,1638.3,1638.7,1728
1324651020000,1639.7,1639.8,1639.0,1639.0,202
1324651080000,1639.0,1640.0,1638.7,1640.0,2347
1324651140000,1640.0,1640.6,1638.0,1638.4,5400
1324651200000,1638.4,1641.2,1638.0,1638.8,2190
1324651260000,1638.8,1639.7,1637.0,1638.0,13128
1324651320000,1638.0,1639.1,1637.0,1638.4,2677
1324651380000,1638.4,1644.0,1637.6,1638.6,4417
1324651440000,1638.5,1643.9,1638.3,1641.1,2376
1324879200000,1648.0,1655.0,1645.9,1651.4,2609
1324879260000,1652.5,1654.0,1651.1,1654.0,1801
1324879320000,1653.7,1654.5,1652.6,1654.5,2537
1324879380000,1654.5,1655.7,1654.2,1655.7,2619
1324879440000,1655.5,1655.7,1655.0,1655.0,127
1324879500000,1654.5,1654.5,1651.0,1651.1,1538
1324879560000,1651.0,1652.1,1650.9,1652.1,919
1324879620000,1651.4,1652.1,1650.4,1652.1,1573
1324879680000,1652.1,1652.9,1652.0,1652.8,643
1324879740000,1652.8,1653.7,1651.6,1651.9,3627
1324879800000,1651.9,1652.0,1649.8,1649.9,4297
1324879860000,1651.3,1651.3,1649.8,1650.0,1276
1324879920000,1650.0,1652.0,1650.0,1652.0,1810
1324879980000,1652.0,1652.0,1651.6,1652.0,2842
1324880040000,1652.0,1652.0,1651.9,1652.0,173
1324880100000,1652.0,1652.0,1649.9,1651.8,8296
1324880160000,1651.5,1652.9,1651.5,1652.9,1025
1324880220000,1652.9,1653.0,1652.0,1652.6,1192
1324880280000,1652.9,1653.4,1652.9,1653.3,2247
1324880340000,1653.5,1653.9,1653.5,1653.9,588
1324880400000,1653.9,1653.9,1653.9,1653.9,40
1324880460000,1653.8,1655.0,1653.8,1654.5,1754
1324880520000,1654.5,1655.0,1653.0,1654.3,465
1324880580000,1654.3,1655.7,1654.1,1655.7,1019
1324880640000,1655.7,1655.9,1655.4,1655.5,290
1324880700000,1655.9,1656.5,1654.0,1654.0,2928
1324880760000,1654.0,1654.7,1649.0,1650.0,9044
1324880820000,1650.0,1652.7,1649.3,1652.7,8903
1324880880000,1652.7,1653.0,1652.1,1653.0,422
1324880940000,1653.0,1655.0,1652.6,1654.6,2054
1324881000000,1654.3,1655.0,1654.3,1655.0,4136
1324881060000,1655.0,1655.0,1654.4,1654.8,1574
1324881120000,1654.8,1654.8,1653.9,1654.0,31
1324881180000,1654.3,1654.8,1653.8,1653.8,373
1324881240000,1653.1,1653.1,1653.0,1653.0,122
1324881300000,1652.9,1652.9,1652.0,1652.0,904
1324881360000,1652.0,1652.0,1651.9,1652.0,175
1324881420000,1651.9,1652.0,1651.6,1652.0,183
1324881480000,1652.0,1652.0,1651.6,1651.6,69
1324881540000,1652.0,1653.6,1652.0,1653.6,1101
1324881600000,1654.0,1654.0,1653.2,1653.2,149
1324881660000,1653.7,1654.0,1653.7,1654.0,280
1324881720000,1653.8,1654.1,1653.2,1654.1,545
1324881780000,1654.0,1654.0,1653.0,1653.0,522
1324881840000,1653.3,1654.5,1653.1,1653.1,551
1324881900000,1653.1,1653.3,1652.2,1653.3,495
1324881960000,1653.4,1654.3,1652.0,1653.8,663
1324882020000,1653.6,1653.6,1652.4,1653.1,350
1324882080000,1653.1,1653.1,1652.2,1652.4,267
1324882140000,1653.5,1653.5,1653.5,1653.5,20
1324882200000,1653.5,1654.0,1653.5,1654.0,166
1324882260000,1653.9,1654.0,1653.2,1653.8,195
1324882320000,1653.8,1654.5,1652.7,1652.7,1370
1324882380000,1652.7,1652.7,1652.1,1652.1,15
1324882440000,1652.1,1652.1,1651.5,1652.0,418
1324882500000,1652.0,1652.0,1650.9,1651.9,1031
1324882560000,1651.8,1652.0,1651.3,1651.7,152
1324882620000,1651.7,1652.0,1651.7,1651.9,350
1324882680000,1652.0,1652.0,1651.8,1652.0,5872
1324882740000,1652.0,1653.9,1651.3,1653.9,1761
1324882800000,1653.9,1653.9,1651.2,1651.2,1426
1324882860000,1651.8,1652.1,1650.8,1652.1,1689
1324882920000,1652.1,1653.8,1652.1,1653.8,512
1324882980000,1653.5,1653.5,1653.2,1653.2,35
1324883040000,1653.3,1653.3,1653.0,1653.0,202
1324883100000,1653.5,1653.5,1653.1,1653.1,52
1324883160000,1653.4,1653.4,1653.4,1653.4,251
1324883220000,1653.4,1653.4,1651.1,1651.9,979
1324883280000,1651.4,1653.4,1651.3,1652.9,432
1324883340000,1652.8,1653.3,1652.7,1653.3,360
1324883400000,1652.5,1653.4,1651.6,1653.4,436
1324883460000,1653.4,1653.4,1652.7,1653.4,650
1324883520000,1653.4,1653.4,1653.2,1653.2,1760
1324883580000,1652.5,1653.0,1652.1,1652.5,386
1324883640000,1651.8,1653.0,1651.3,1652.7,495
1324883700000,1652.7,1653.0,1652.4,1652.4,275
1324883760000,1652.3,1652.4,1652.0,1652.1,421
1324883820000,1652.4,1652.4,1652.0,1652.0,6
1324883880000,1652.4,1653.0,1652.1,1652.9,407
1324883940000,1653.0,1653.0,1652.3,1652.9,219
1324884000000,1652.9,1653.0,1650.2,1652.5,2930
1324884060000,1651.9,1652.4,1651.4,1651.4,118
1324884120000,1652.3,1652.7,1652.1,1652.1,273
1324884180000,1652.1,1652.1,1651.7,1651.7,99
1324884240000,1652.6,1652.6,1652.4,1652.4,720
1324884300000,1652.4,1652.5,1652.4,1652.4,2113
1324884360000,1652.4,1652.5,1651.9,1651.9,186
1324884420000,1652.5,1652.5,1651.1,1652.2,171
1324884480000,1651.3,1652.5,1651.3,1652.4,225
1324884540000,1652.4,1652.5,1651.8,1651.8,238
1324884600000,1652.5,1653.0,1652.2,1652.2,5971
1324884660000,1652.9,1652.9,1652.4,1652.4,37
1324884720000,1652.9,1653.4,1652.7,1652.7,1385
1324884780000,1653.3,1653.4,1652.5,1652.5,123
1324884960000,1652.5,1652.5,1651.8,1651.8,55
1324885020000,1652.6,1652.6,1651.8,1652.0,661
1324885080000,1651.3,1651.3,1650.3,1651.3,377
1324885140000,1651.3,1651.6,1651.3,1651.6,77
1324885200000,1651.5,1651.5,1651.5,1651.5,50
1324885260000,1651.4,1651.5,1651.4,1651.5,99
1324885320000,1650.9,1651.5,1649.0,1649.4,3344
1324885380000,1649.6,1650.0,1649.6,1650.0,514
1324885440000,1650.0,1650.0,1649.0,1649.9,953
1324885560000,1648.9,1649.3,1648.6,1649.3,277
1324885620000,1649.8,1649.8,1649.1,1649.1,160
1324885680000,1649.1,1649.6,1648.6,1649.5,278
1324885740000,1649.6,1650.0,1647.4,1648.4,2150
1324885800000,1648.6,1648.6,1647.9,1648.0,1219
1324885860000,1647.8,1648.0,1647.8,1648.0,81
1324885920000,1648.0,1648.0,1647.9,1647.9,111
1324885980000,1647.9,1648.0,1647.9,1648.0,42
1324886040000,1648.0,1648.0,1647.3,1648.0,623
1324886100000,1648.0,1649.6,1648.0,1649.6,1187
1324886160000,1649.6,1651.5,1648.0,1650.0,11789
1324886220000,1650.0,1651.2,1649.0,1649.6,3798
1324886280000,1649.0,1649.6,1649.0,1649.0,335
1324886340000,1649.0,1649.5,1648.8,1648.8,49
1324886400000,1649.6,1652.0,1649.4,1650.0,8181
1324886460000,1649.9,1650.0,1649.7,1650.0,205
1324886520000,1649.6,1649.6,1649.3,1649.5,170
1324886580000,1649.7,1650.0,1649.7,1650.0,277
1324886640000,1650.0,1650.0,1649.1,1649.7,3457
1324886700000,1650.0,1650.0,1649.9,1650.0,133
1324886760000,1650.0,1650.1,1649.7,1649.7,799
1324886880000,1649.7,1650.0,1649.7,1650.0,379
1324886940000,1650.0,1650.0,1649.6,1649.6,201
1324887060000,1650.0,1650.0,1649.4,1649.4,148
1324887120000,1649.4,1650.0,1649.4,1650.0,202
1324887180000,1650.0,1650.0,1649.9,1649.9,312
1324887240000,1649.9,1650.0,1649.3,1649.3,539
1324887300000,1649.9,1650.0,1649.3,1650.0,220
1324887360000,1650.0,1650.0,1650.0,1650.0,140
1324887420000,1649.9,1649.9,1649.9,1649.9,897
1324887480000,1649.9,1649.9,1649.1,1649.8,165
1324887600000,1649.7,1649.9,1649.7,1649.9,250
1324887660000,1649.9,1649.9,1649.3,1649.9,540
1324887720000,1649.9,1650.0,1649.9,1650.0,710
1324887780000,1650.0,1650.0,1650.0,1650.0,120
1324887840000,1649.5,1649.5,1649.3,1649.3,135
1324887900000,1649.3,1649.6,1649.1,1649.6,240
1324887960000,1649.1,1649.5,1649.1,1649.5,140
1324888020000,1649.5,1649.5,1649.5,1649.5,18
1324888080000,1649.9,1649.9,1649.9,1649.9,20
1324888140000,1649.4,1649.4,1649.3,1649.3,4
1324888200000,1650.0,1650.0,1649.5,1650.0,422
1324888260000,1650.0,1650.0,1650.0,1650.0,738
1324888320000,1650.0,1650.0,1650.0,1650.0,20
1324888380000,1650.0,1650.0,1650.0,1650.0,320
1324888440000,1650.0,1650.0,1650.0,1650.0,190
1324888500000,1649.9,1649.9,1649.9,1649.9,25
1324888560000,1649.3,1649.3,1649.3,1649.3,27
1324888680000,1649.5,1653.2,1649.5,1653.0,7916
1324888740000,1653.1,1654.8,1652.4,1654.5,3439
1324888800000,1653.1,1653.1,1651.7,1652.8,165
1324888860000,1653.3,1653.5,1652.3,1652.3,322
1324888920000,1653.6,1653.6,1653.0,1653.0,391
1324889040000,1653.0,1653.0,1652.3,1653.0,140
1324889100000,1653.0,1653.7,1653.0,1653.7,696
1324889160000,1653.1,1654.2,1653.1,1654.2,925
1324889220000,1654.3,1654.5,1654.3,1654.3,1372
1324889280000,1653.2,1653.2,1653.1,1653.2,232
1324889400000,1653.3,1653.9,1653.3,1653.9,19298
1324889460000,1653.4,1653.4,1653.4,1653.4,25
1324889520000,1653.4,1653.4,1653.4,1653.4,30
1324889640000,1653.4,1653.6,1653.4,1653.6,53
1324889700000,1653.5,1653.5,1653.1,1653.1,205
1324889760000,1653.1,1653.1,1653.1,1653.1,300
1324889820000,1653.5,1653.5,1653.5,1653.5,2
1324889880000,1653.1,1653.7,1650.6,1653.6,5995
1324889940000,1653.6,1654.5,1653.6,1654.5,556
1324890000000,1654.4,1654.4,1653.6,1654.0,71
1324890060000,1653.7,1653.7,1652.0,1653.0,1477
1324890120000,1652.0,1653.0,1652.0,1653.0,178
1324890180000,1653.0,1653.0,1653.0,1653.0,1
1324890300000,1652.3,1652.3,1651.4,1651.4,702
1324890360000,1651.6,1652.1,1651.2,1651.2,391
1324890420000,1651.2,1651.2,1651.2,1651.2,12
1324890540000,1652.0,1652.5,1651.6,1651.6,1674
1324890600000,1652.2,1652.2,1652.0,1652.0,32
1324890720000,1652.2,1653.0,1652.2,1653.0,699
1324890780000,1653.0,1653.0,1652.5,1652.5,108
1324890840000,1652.5,1652.7,1652.5,1652.5,376
1324890960000,1653.0,1653.0,1652.5,1652.5,1095
1324891020000,1652.5,1652.5,1652.5,1652.5,35
1324891080000,1652.5,1653.0,1652.5,1653.0,200
1324891140000,1653.0,1653.0,1653.0,1653.0,48
1324891200000,1653.6,1653.7,1653.6,1653.7,301
1324891260000,1653.4,1653.9,1652.5,1652.5,413
1324891320000,1652.8,1653.3,1652.8,1653.3,200
1324891380000,1653.2,1653.8,1653.2,1653.8,109
1324891440000,1653.1,1653.4,1652.5,1653.2,123
1324891500000,1652.5,1654.0,1652.5,1652.5,450
1324891560000,1652.6,1652.6,1652.5,1652.5,156
1324891620000,1652.5,1653.7,1652.5,1653.7,525
1324891680000,1653.2,1653.6,1652.9,1653.6,47
1324891740000,1652.9,1653.6,1652.9,1653.5,42
1324891860000,1652.9,1652.9,1652.9,1652.9,7
1324891920000,1652.9,1652.9,1651.6,1651.6,252
1324891980000,1651.7,1651.7,1651.2,1651.7,728
1324892040000,1651.2,1651.2,1650.8,1650.8,157
1324892100000,1650.8,1651.7,1650.5,1651.5,162
1324892160000,1651.0,1652.6,1651.0,1651.4,833
1324892220000,1651.5,1651.5,1651.2,1651.2,60
1324892280000,1651.9,1652.0,1650.7,1651.3,864
1324892340000,1651.2,1651.2,1650.4,1650.4,473
1324892400000,1650.4,1650.4,1650.0,1650.0,312
1324892460000,1650.0,1650.7,1649.5,1650.7,397
1324892520000,1650.7,1650.7,1649.6,1649.8,219
1324892580000,1650.0,1651.0,1650.0,1650.9,668
1324892640000,1650.9,1650.9,1650.3,1650.3,153
1324892700000,1650.2,1650.7,1650.2,1650.7,9
1324892760000,1650.0,1651.0,1650.0,1650.9,275
1324892820000,1650.9,1651.0,1650.9,1651.0,131
1324892880000,1651.0,1651.2,1651.0,1651.2,53
1324892940000,1651.2,1651.2,1651.0,1651.0,20
1324893000000,1651.4,1651.4,1651.4,1651.4,202
1324893120000,1651.0,1651.0,1651.0,1651.0,10
1324893240000,1651.0,1651.5,1651.0,1651.5,23
1324893300000,1651.0,1651.5,1651.0,1651.0,31
1324893420000,1651.0,1651.0,1651.0,1651.0,15
1324893480000,1651.0,1651.5,1651.0,1651.5,288
1324893540000,1651.6,1652.0,1651.6,1652.0,213
1324893600000,1652.0,1652.0,1652.0,1652.0,24
1324893720000,1650.9,1651.6,1650.9,1651.6,32
1324893780000,1652.0,1652.0,1652.0,1652.0,18
1324893900000,1651.7,1651.7,1651.6,1651.7,42
1324893960000,1650.9,1651.4,1650.0,1651.4,1623
1324894020000,1651.5,1652.0,1650.0,1652.0,1450
1324894080000,1651.6,1651.6,1651.6,1651.6,42
1324894140000,1650.4,1650.4,1650.0,1650.0,171
1324894200000,1650.0,1650.0,1650.0,1650.0,300
1324894260000,1650.0,1650.0,1649.6,1649.6,227
1324894440000,1649.7,1649.9,1649.7,1649.7,134
1324894500000,1649.6,1651.1,1649.6,1651.1,783
1324894560000,1650.4,1650.8,1649.7,1650.8,215
1324894620000,1650.7,1651.0,1650.7,1651.0,210
1324894680000,1650.0,1651.1,1650.0,1650.2,382
1324894740000,1650.0,1650.0,1650.0,1650.0,60
1324894800000,1650.0,1650.0,1650.0,1650.0,20
1324894860000,1649.7,1650.0,1649.7,1650.0,159
1324894920000,1650.0,1650.0,1649.5,1649.5,1183
1324894980000,1650.0,1651.0,1649.9,1649.9,252
1324895040000,1650.4,1650.8,1650.4,1650.8,33
1324895100000,1650.5,1650.8,1650.5,1650.7,140
1324895160000,1650.6,1651.5,1650.6,1651.5,1200
1324895280000,1650.6,1650.6,1650.6,1650.6,25
1324895460000,1650.4,1650.4,1650.0,1650.0,447
1324895520000,1650.0,1650.0,1650.0,1650.0,11
1324895580000,1650.0,1650.0,1650.0,1650.0,25
1324895640000,1650.0,1650.0,1650.0,1650.0,176
1324895760000,1650.8,1650.8,1650.8,1650.8,3
1324895820000,1650.6,1650.7,1650.6,1650.7,200
1324895880000,1650.2,1650.2,1650.0,1650.0,422
1324895940000,1650.0,1650.0,1650.0,1650.0,20
1324896000000,1650.0,1650.0,1650.0,1650.0,20
1324896060000,1650.0,1650.0,1650.0,1650.0,20
1324896120000,1650.0,1650.0,1650.0,1650.0,190
1324896180000,1650.8,1650.8,1650.8,1650.8,1
1324896240000,1650.8,1650.9,1650.8,1650.9,80
1324896300000,1650.8,1650.8,1650.8,1650.8,600
1324896420000,1650.8,1650.8,1650.8,1650.8,114
1324896480000,1650.7,1650.7,1650.0,1650.0,190
1324896540000,1650.0,1650.0,1650.0,1650.0,366
1324896600000,1650.4,1650.4,1650.4,1650.4,72
1324896660000,1650.7,1650.7,1650.7,1650.7,70
1324896720000,1650.8,1650.9,1650.3,1650.9,296
1324896780000,1650.9,1650.9,1650.9,1650.9,100
1324896840000,1650.3,1651.0,1650.3,1650.3,95
1324896900000,1650.5,1650.5,1650.5,1650.5,10
1324896960000,1650.3,1650.7,1650.0,1650.0,653
1324897020000,1650.0,1650.0,1650.0,1650.0,273
1324897080000,1650.0,1650.0,1649.9,1650.0,218
1324897140000,1650.0,1650.0,1649.9,1649.9,73
1324897260000,1649.8,1649.9,1649.5,1649.5,220
1324897320000,1649.9,1650.0,1649.5,1649.5,332
1324897380000,1650.0,1650.0,1650.0,1650.0,370
1324897500000,1650.0,1651.0,1650.0,1651.0,1085
1324897560000,1651.1,1652.0,1651.1,1651.4,806
1324897620000,1651.0,1652.0,1650.6,1651.9,1883
1324897920000,1651.1,1651.1,1651.1,1651.1,38
1324897980000,1651.6,1651.9,1651.3,1651.3,81
1324898100000,1651.4,1652.0,1651.3,1652.0,717
1324898160000,1652.6,1652.9,1652.6,1652.9,381
1324898220000,1652.5,1652.5,1652.4,1652.4,100
1324898280000,1652.9,1652.9,1652.9,1652.9,1
1324898340000,1652.5,1652.5,1652.4,1652.4,96
1324898400000,1652.2,1652.2,1652.2,1652.2,140
1324898460000,1652.2,1652.2,1651.2,1651.2,370
1324898520000,1651.2,1652.4,1651.2,1652.4,658
1324898580000,1651.5,1651.5,1651.5,1651.5,10
1324898640000,1651.3,1651.3,1650.3,1650.9,44
1324898760000,1652.3,1652.3,1651.9,1652.3,219
1324898820000,1651.9,1651.9,1651.9,1651.9,137
1324898880000,1651.9,1651.9,1651.9,1651.9,42
1324898940000,1652.1,1652.3,1652.1,1652.1,308
1324899000000,1652.0,1652.5,1651.9,1651.9,284
1324899060000,1651.9,1651.9,1651.9,1651.9,210
1324899120000,1651.9,1651.9,1650.9,1650.9,250
1324899240000,1651.2,1651.2,1651.2,1651.2,1
1324899300000,1651.8,1652.2,1651.7,1652.2,285
1324899360000,1652.7,1652.9,1652.5,1652.5,1100
1324899420000,1652.5,1652.5,1652.4,1652.4,1398
1324899480000,1652.4,1652.4,1652.4,1652.4,1
1324899540000,1652.2,1652.2,1651.2,1652.0,74
1324899600000,1651.7,1651.7,1651.7,1651.7,1
1324899660000,1651.5,1651.5,1650.4,1651.0,413
1324899720000,1651.1,1652.1,1651.1,1652.0,1591
1324899780000,1652.2,1652.5,1651.8,1651.8,179
1324899840000,1652.2,1652.2,1651.6,1651.6,2
1324899960000,1651.8,1651.8,1651.6,1651.6,768
1324900020000,1652.0,1652.0,1651.6,1651.6,252
1324900080000,1652.4,1652.4,1652.4,1652.4,6
1324900140000,1652.6,1652.6,1652.6,1652.6,1
1324900200000,1651.6,1651.6,1651.6,1651.6,15
1324900260000,1651.8,1651.9,1651.8,1651.9,971
1324900320000,1652.0,1652.0,1651.6,1651.6,832
1324900440000,1651.8,1651.9,1651.8,1651.9,726
1324900500000,1651.6,1651.6,1651.6,1651.6,1
1324900740000,1651.6,1651.6,1651.6,1651.6,88
1324900800000,1651.6,1651.6,1651.6,1651.6,728
1324900860000,1651.2,1651.2,1651.2,1651.2,72
1324900920000,1651.0,1651.0,1651.0,1651.0,70
1324900980000,1650.7,1650.7,1650.3,1650.3,1055
1324901040000,1650.4,1650.4,1650.2,1650.2,200
1324901100000,1650.3,1650.3,1650.3,1650.3,65
1324901160000,1650.5,1650.5,1650.5,1650.5,1
1324901220000,1650.5,1651.0,1650.5,1651.0,26
1324901340000,1650.3,1651.5,1650.3,1651.5,334
1324901460000,1651.0,1651.0,1650.7,1650.7,20
1324901580000,1651.0,1651.0,1650.0,1650.8,940
1324901640000,1650.8,1650.8,1650.0,1650.0,62
1324901700000,1650.7,1650.7,1649.5,1650.3,519
1324901760000,1650.1,1650.1,1649.7,1649.7,7
1324901820000,1650.0,1650.0,1649.9,1649.9,30
1324901880000,1649.6,1649.6,1649.4,1649.4,420
1324901940000,1649.5,1650.0,1649.4,1650.0,94
1324902000000,1649.4,1649.4,1649.4,1649.4,20
1324902060000,1649.9,1649.9,1649.4,1649.9,17
1324902120000,1649.9,1649.9,1649.9,1649.9,92
1324902180000,1649.4,1649.4,1649.4,1649.4,7
1324902240000,1649.9,1650.4,1649.8,1649.8,111
1324902300000,1649.5,1649.5,1649.5,1649.5,6
1324902360000,1650.0,1650.6,1650.0,1650.6,2
1324902420000,1650.2,1650.2,1650.2,1650.2,1
1324902480000,1650.4,1650.5,1649.7,1650.5,25
1324902540000,1650.4,1650.4,1649.8,1649.8,15
1324902660000,1649.6,1650.1,1649.5,1650.1,209
1324902720000,1650.0,1650.0,1649.5,1649.5,5
1324902780000,1650.0,1650.0,1650.0,1650.0,5
1324902840000,1650.0,1650.0,1650.0,1650.0,8
1324902900000,1649.5,1650.0,1649.5,1650.0,134
1324902960000,1650.0,1650.0,1650.0,1650.0,351
1324903020000,1649.5,1649.5,1649.4,1649.4,602
1324903080000,1649.4,1649.5,1649.4,1649.5,14
1324903140000,1649.3,1649.3,1649.3,1649.3,60
1324903200000,1649.3,1649.3,1649.1,1649.1,303
1324903260000,1649.1,1649.1,1648.0,1648.8,2968
1324903320000,1648.5,1648.7,1648.5,1648.7,380
1324903380000,1648.7,1649.2,1648.6,1649.2,438
1324903440000,1648.6,1649.1,1648.0,1648.0,102
1324903500000,1648.0,1648.2,1647.7,1648.2,382
1324903560000,1648.0,1649.0,1648.0,1648.1,102
1324903620000,1648.1,1649.4,1648.1,1649.4,324
1324903680000,1649.3,1649.3,1649.3,1649.3,10
1324903740000,1649.4,1649.4,1648.7,1648.7,100
1324903800000,1648.7,1648.9,1648.1,1648.7,26
1324903860000,1648.0,1648.0,1648.0,1648.0,393
1324903920000,1648.1,1649.1,1648.1,1648.7,244
1324903980000,1648.9,1649.5,1648.9,1649.2,1334
1324904040000,1648.9,1649.5,1648.9,1649.5,550
1324904100000,1649.2,1649.4,1649.2,1649.3,5228
1324904160000,1649.3,1649.5,1649.3,1649.5,7010
1324904220000,1649.3,1649.5,1649.3,1649.5,1330
1324904280000,1649.3,1649.6,1649.3,1649.6,27
1324904340000,1649.6,1649.7,1649.6,1649.7,670
1324904400000,1649.0,1649.0,1648.7,1648.7,118
1324904460000,1648.5,1649.7,1648.3,1648.5,526
1324904520000,1649.2,1649.4,1648.6,1649.4,209
1324904580000,1649.3,1649.3,1649.3,1649.3,98
1324904640000,1649.4,1649.5,1647.9,1648.5,1250
1324904700000,1649.2,1649.4,1647.7,1649.4,2199
1324904760000,1649.4,1649.5,1647.9,1649.1,721
1324904820000,1649.4,1649.4,1648.5,1649.1,221
1324905000000,1649.2,1649.4,1648.1,1649.2,626
1324905060000,1649.2,1649.3,1647.9,1649.0,653
1324905120000,1649.3,1649.8,1646.7,1648.6,6629
1324905180000,1649.0,1649.0,1649.0,1649.0,52
1324905240000,1648.5,1649.4,1648.5,1649.2,141
1324905300000,1648.5,1649.5,1648.5,1649.5,113
1324905360000,1649.0,1649.0,1649.0,1649.0,10
1324905480000,1648.5,1649.9,1648.5,1649.9,1617
1324905540000,1649.8,1649.9,1649.8,1649.9,700
1324905600000,1649.9,1649.9,1649.9,1649.9,73
1324905660000,1649.9,1649.9,1649.5,1649.5,32
1324905720000,1649.6,1650.0,1647.8,1649.9,1318
1324905780000,1649.9,1650.0,1649.0,1649.0,483
1324905840000,1649.8,1650.0,1649.8,1650.0,1156
1324905900000,1650.0,1650.0,1650.0,1650.0,2372
1324905960000,1650.0,1650.0,1650.0,1650.0,20
1324906020000,1650.0,1650.0,1649.6,1649.6,6
1324906080000,1649.6,1649.7,1648.1,1649.7,1030
1324906140000,1649.6,1650.0,1649.4,1650.0,2315
1324906200000,1650.0,1651.5,1648.0,1648.0,7625
1324906260000,1649.3,1649.3,1649.3,1649.3,2
1324906320000,1648.6,1649.5,1648.0,1649.0,1580
1324906380000,1649.0,1650.0,1648.1,1648.4,3242
1324906440000,1648.2,1649.1,1648.2,1649.1,88
1324906500000,1648.5,1648.5,1648.5,1648.5,4
1324906560000,1649.3,1649.3,1648.0,1648.8,1868
1324906620000,1648.8,1649.4,1648.8,1648.8,154
1324906740000,1649.0,1649.0,1648.9,1649.0,43
1324906800000,1648.8,1649.4,1648.8,1649.4,513
1324906860000,1648.8,1649.3,1648.8,1649.3,184
1324906920000,1648.8,1649.4,1648.8,1649.4,1788
1324906980000,1649.8,1650.0,1649.8,1650.0,110
1324907040000,1650.0,1650.0,1650.0,1650.0,16
1324907100000,1650.0,1650.0,1649.7,1649.7,1011
1324907220000,1649.5,1649.5,1649.4,1649.4,45
1324907340000,1649.4,1649.5,1649.4,1649.5,16
1324907400000,1649.2,1650.0,1648.4,1649.8,929
1324907460000,1649.3,1649.3,1648.6,1648.6,276
1324907520000,1649.5,1649.5,1648.4,1648.6,60
1324907580000,1649.0,1649.1,1649.0,1649.1,50
1324907640000,1649.4,1650.0,1649.4,1650.0,105
1324907760000,1649.6,1649.6,1649.0,1649.0,28
1324907820000,1649.0,1649.5,1648.7,1648.7,38
1324907880000,1649.3,1649.3,1648.6,1648.6,203
1324907940000,1649.5,1649.8,1649.5,1649.8,159
1324908000000,1648.8,1648.8,1644.3,1645.0,14294
1324908060000,1645.0,1645.0,1644.9,1644.9,535
1324908120000,1644.9,1645.0,1643.0,1643.5,1661
1324908180000,1643.5,1644.0,1642.0,1643.0,2391
1324908240000,1643.1,1644.0,1643.1,1643.1,193
1324908300000,1643.9,1644.0,1643.2,1644.0,926
1324908360000,1644.8,1646.0,1644.8,1644.9,6181
1324908420000,1646.0,1646.4,1645.1,1646.4,46
1324908480000,1645.8,1645.8,1644.5,1644.5,379
1324908540000,1646.0,1646.0,1645.1,1645.1,7
1324908600000,1646.0,1647.1,1646.0,1646.4,729
1324908660000,1646.4,1647.8,1646.4,1647.8,49
1324908720000,1647.8,1647.8,1646.9,1646.9,36
1324908780000,1647.6,1648.3,1647.5,1648.3,774
1324908840000,1648.3,1648.3,1648.3,1648.3,1
1324908900000,1647.5,1647.5,1647.5,1647.5,13
1324908960000,1647.9,1648.0,1646.2,1647.6,1565
1324909020000,1646.4,1646.4,1646.4,1646.4,1
1324909080000,1646.7,1646.7,1646.6,1646.6,110
1324909140000,1647.2,1647.9,1646.7,1646.8,696
1324909200000,1646.9,1647.7,1646.8,1647.7,36
1324909260000,1647.7,1647.9,1647.5,1647.9,1950
1324909320000,1647.9,1647.9,1644.5,1644.5,1219
1324909380000,1644.5,1645.0,1644.0,1644.9,954
1324909440000,1644.5,1645.8,1644.3,1645.4,39
1324909500000,1645.4,1645.5,1645.4,1645.5,75
1324909560000,1645.4,1645.4,1645.4,1645.4,2
1324909620000,1645.4,1646.2,1645.4,1646.2,181
1324909680000,1646.9,1646.9,1646.9,1646.9,26
1324909740000,1646.9,1646.9,1646.9,1646.9,45
1324909800000,1647.3,1647.5,1646.9,1647.5,716
1324909860000,1647.1,1647.5,1647.1,1647.5,102
1324909920000,1647.5,1647.9,1647.1,1647.9,316
1324909980000,1647.8,1648.0,1647.2,1647.2,2512
1324910040000,1648.0,1648.0,1647.9,1648.0,4687
1324910100000,1648.0,1648.5,1647.9,1648.5,12534
1324910160000,1648.8,1649.0,1648.6,1648.7,428
1324910220000,1648.7,1649.9,1648.0,1649.5,618
1324910280000,1649.5,1649.6,1649.4,1649.6,585
1324910340000,1649.6,1649.6,1649.5,1649.6,1190
1324910400000,1649.5,1649.6,1649.5,1649.6,952
1324910460000,1649.5,1649.6,1649.0,1649.6,993
1324910520000,1649.4,1649.6,1649.3,1649.6,67
1324910580000,1649.6,1650.0,1648.1,1648.2,1269
1324910640000,1648.2,1650.0,1646.0,1650.0,1883
1324965600000,1653.0,1653.0,1646.3,1646.3,1101
1324965660000,1647.2,1649.0,1645.7,1647.0,561
1324965720000,1647.0,1648.8,1646.5,1648.8,495
1324965780000,1648.5,1649.5,1648.1,1648.1,250
1324965840000,1648.1,1648.3,1647.1,1647.1,469
1324965900000,1647.1,1648.1,1647.0,1647.9,117
1324965960000,1647.0,1648.0,1647.0,1648.0,528
1324966020000,1648.0,1649.5,1647.9,1649.0,1144
1324966080000,1649.8,1652.4,1649.8,1652.0,2510
1324966140000,1652.0,1652.5,1652.0,1652.0,1408
1324966200000,1651.9,1652.0,1651.9,1652.0,244
1324966260000,1652.0,1652.0,1651.1,1651.2,57
1324966320000,1651.2,1651.2,1651.0,1651.0,373
1324966380000,1651.2,1651.2,1651.0,1651.0,251
1324966440000,1651.0,1651.0,1651.0,1651.0,1
1324966500000,1651.0,1651.9,1651.0,1651.9,595
1324966560000,1651.9,1652.0,1651.1,1652.0,2218
1324966620000,1651.2,1651.3,1651.2,1651.3,20
1324966680000,1652.0,1652.0,1650.3,1651.2,531
1324966740000,1650.4,1651.7,1650.4,1650.5,305
1324966800000,1650.6,1650.6,1650.1,1650.1,447
1324966860000,1650.1,1650.7,1650.1,1650.1,127
1324966920000,1650.2,1650.2,1650.2,1650.2,124
1324966980000,1650.2,1651.0,1650.1,1651.0,603
1324967040000,1650.2,1650.5,1649.1,1650.3,425
1324967100000,1649.6,1649.6,1649.0,1649.0,812
1324967160000,1649.0,1649.4,1645.3,1647.0,1657
1324967220000,1646.9,1647.0,1645.8,1645.8,169
1324967280000,1647.0,1647.0,1647.0,1647.0,1
1324967340000,1647.0,1648.1,1647.0,1648.1,151
1324967400000,1647.0,1648.2,1645.4,1646.1,1137
1324967460000,1646.6,1647.0,1646.1,1646.1,334
1324967520000,1646.1,1647.0,1645.9,1646.9,485
1324967580000,1646.6,1646.6,1646.6,1646.6,2
1324967640000,1646.6,1647.0,1646.6,1647.0,15
1324967700000,1646.2,1647.3,1646.0,1647.3,259
1324967760000,1647.1,1647.2,1646.4,1647.2,65
1324967820000,1647.0,1647.0,1646.2,1646.2,227
1324967880000,1646.2,1646.3,1646.0,1646.3,601
1324967940000,1646.3,1646.3,1645.3,1646.2,248
1324968000000,1646.1,1646.3,1646.0,1646.1,3035
1324968060000,1646.0,1646.8,1646.0,1646.8,120
1324968120000,1647.2,1647.2,1647.2,1647.2,15
1324968180000,1647.2,1647.2,1647.2,1647.2,4
1324968240000,1647.2,1647.2,1646.2,1646.2,351
1324968300000,1646.6,1647.0,1646.6,1646.6,156
1324968360000,1646.2,1646.2,1646.2,1646.2,232
1324968420000,1646.2,1646.2,1646.1,1646.2,50
1324968480000,1646.2,1646.2,1646.2,1646.2,33
1324968540000,1646.2,1646.6,1646.2,1646.6,84
1324968600000,1646.6,1646.7,1645.9,1645.9,13
1324968660000,1646.6,1646.8,1646.6,1646.8,126
1324968720000,1645.9,1645.9,1645.0,1645.0,875
1324968780000,1644.5,1645.0,1644.3,1645.0,3169
1324968840000,1645.0,1646.4,1645.0,1645.0,1360
1324968900000,1644.7,1645.0,1643.4,1643.5,1012
1324968960000,1644.0,1645.0,1643.6,1645.0,1229
1324969020000,1644.9,1645.0,1639.9,1643.1,12393
1324969080000,1643.1,1644.2,1643.1,1644.2,279
1324969140000,1644.0,1644.0,1644.0,1644.0,2
1324969200000,1643.5,1644.2,1643.1,1644.2,296
1324969260000,1643.3,1644.5,1639.8,1642.6,15658
1324969320000,1641.8,1643.2,1640.3,1640.5,1227
1324969380000,1640.3,1640.6,1639.5,1639.8,264
1324969440000,1640.3,1640.3,1638.0,1639.0,4304
1324969500000,1638.5,1642.6,1637.5,1642.6,2396
1324969560000,1641.3,1642.9,1638.8,1640.0,5723
1324969620000,1640.0,1640.0,1639.5,1640.0,3324
1324969680000,1640.0,1640.0,1639.4,1639.5,3816
1324969740000,1639.6,1640.0,1639.4,1639.6,765
1324969800000,1640.0,1640.0,1639.9,1640.0,470
1324969860000,1639.7,1639.9,1639.4,1639.4,469
1324969920000,1639.9,1640.0,1639.4,1640.0,881
1324969980000,1640.0,1641.3,1639.0,1639.0,8572
1324970040000,1639.9,1640.0,1639.4,1640.0,1083
1324970100000,1640.0,1640.0,1639.5,1639.9,749
1324970160000,1639.8,1639.9,1639.6,1639.9,423
1324970220000,1639.9,1640.0,1639.9,1640.0,1844
1324970280000,1640.0,1640.0,1640.0,1640.0,589
1324970340000,1640.0,1640.0,1640.0,1640.0,49
1324970400000,1639.9,1639.9,1639.9,1639.9,10
1324970460000,1640.0,1640.0,1640.0,1640.0,854
1324970520000,1640.0,1640.0,1640.0,1640.0,2187
1324970580000,1640.0,1640.0,1640.0,1640.0,2539
1324970640000,1640.0,1641.4,1639.9,1641.2,5067
1324970700000,1640.9,1640.9,1640.8,1640.8,2
1324970760000,1641.6,1641.9,1640.6,1640.7,689
1324970820000,1640.9,1643.0,1640.4,1642.0,840
1324970880000,1642.0,1642.0,1642.0,1642.0,52
1324970940000,1641.6,1642.0,1640.5,1640.5,280
1324971000000,1640.6,1641.0,1640.0,1641.0,637
1324971060000,1640.0,1641.0,1639.9,1641.0,60
1324971120000,1640.0,1640.0,1640.0,1640.0,1
1324971180000,1641.0,1641.2,1641.0,1641.2,60
1324971240000,1641.2,1643.8,1641.2,1643.8,1318
1324971300000,1643.3,1644.0,1643.2,1644.0,415
1324971420000,1643.3,1645.5,1643.3,1644.5,938
1324971480000,1645.0,1645.8,1644.5,1645.8,2891
1324971540000,1645.6,1646.4,1644.7,1645.4,1776
1324971600000,1644.9,1644.9,1644.9,1644.9,13
1324971660000,1644.9,1644.9,1643.5,1643.5,156
1324971720000,1643.5,1643.7,1643.3,1643.3,204
1324971780000,1643.5,1643.5,1643.0,1643.0,716
1324971840000,1642.9,1643.5,1642.9,1643.0,444
1324971900000,1643.0,1643.5,1643.0,1643.5,89
1324971960000,1643.6,1643.6,1643.5,1643.5,3107
1324972020000,1642.8,1642.8,1642.5,1642.5,60
1324972080000,1643.5,1643.5,1641.1,1642.0,1297
1324972140000,1642.0,1642.9,1641.8,1641.8,18282
1324972200000,1642.8,1643.1,1642.0,1642.8,73
1324972260000,1642.8,1642.9,1641.1,1641.1,1476
1324972320000,1642.1,1643.0,1642.1,1643.0,1073
1324972380000,1643.0,1643.0,1642.3,1643.0,175
1324972500000,1642.9,1643.0,1642.0,1642.0,139
1324972560000,1641.9,1641.9,1641.5,1641.5,70
1324972620000,1642.0,1642.0,1641.1,1641.1,184
1324972680000,1641.4,1642.4,1641.4,1641.9,39
1324972740000,1642.6,1642.6,1641.3,1641.3,172
1324972800000,1641.2,1641.8,1641.0,1641.1,516
1324972860000,1641.1,1643.4,1641.0,1643.4,1305
1324972920000,1642.7,1642.7,1642.7,1642.7,4
1324973040000,1642.2,1642.2,1642.2,1642.2,4
1324973100000,1641.6,1641.6,1641.3,1641.3,24
1324973160000,1641.6,1641.6,1641.3,1641.3,274
1324973220000,1641.3,1641.3,1641.0,1641.3,632
1324973280000,1641.3,1641.3,1640.7,1641.0,860
1324973340000,1640.7,1641.2,1640.6,1640.6,211
1324973520000,1640.6,1640.6,1640.6,1640.6,10
1324973580000,1641.0,1641.0,1641.0,1641.0,25
1324973640000,1641.0,1641.0,1641.0,1641.0,100
1324973820000,1641.0,1641.3,1641.0,1641.1,847
1324973880000,1641.3,1641.3,1641.0,1641.0,290
1324973940000,1641.0,1641.0,1640.9,1640.9,44
1324974000000,1641.0,1641.0,1641.0,1641.0,200
1324974060000,1641.0,1641.0,1640.7,1641.0,69
1324974120000,1640.7,1640.9,1640.5,1640.9,218
1324974180000,1640.5,1640.5,1640.5,1640.5,549
1324974240000,1640.4,1640.4,1640.0,1640.0,1256
1324974300000,1640.0,1640.0,1639.7,1639.7,378
1324974360000,1639.9,1641.0,1639.7,1640.2,1016
1324974420000,1640.2,1640.2,1640.0,1640.0,186
1324974480000,1640.2,1640.2,1640.1,1640.1,75
1324974540000,1640.0,1640.0,1640.0,1640.0,44
1324974600000,1640.0,1640.0,1639.6,1639.6,275
1324974660000,1639.5,1640.0,1639.2,1640.0,858
1324974840000,1640.0,1641.0,1640.0,1640.9,728
1324974900000,1640.9,1641.0,1640.9,1641.0,120
1324975020000,1640.8,1641.0,1640.8,1641.0,1562
1324975080000,1641.0,1641.3,1640.7,1641.0,115
1324975140000,1641.0,1641.0,1641.0,1641.0,280
1324975200000,1641.0,1641.3,1641.0,1641.3,704
1324975260000,1641.0,1641.0,1640.5,1641.0,13
1324975320000,1641.0,1641.0,1640.0,1640.0,251
1324975380000,1640.9,1641.0,1640.9,1641.0,124
1324975440000,1641.0,1641.0,1641.0,1641.0,216
1324975500000,1641.0,1641.3,1641.0,1641.3,96
1324975560000,1641.0,1641.0,1641.0,1641.0,187
1324975620000,1641.0,1641.3,1641.0,1641.3,354
1324975680000,1641.0,1641.0,1640.5,1641.0,296
1324975740000,1639.7,1639.7,1638.2,1638.5,4143
1324975800000,1638.5,1638.5,1637.1,1637.3,5843
1324975860000,1637.5,1638.1,1637.3,1638.1,140
1324975920000,1638.0,1638.1,1637.1,1638.1,911
1324975980000,1638.0,1638.0,1638.0,1638.0,45
1324976040000,1638.0,1638.0,1637.7,1638.0,673
1324976100000,1637.5,1637.9,1637.0,1637.0,8840
1324976160000,1637.0,1637.0,1636.0,1636.1,1734
1324976220000,1636.1,1636.7,1636.0,1636.5,403
1324976280000,1636.5,1637.8,1636.4,1637.7,361
1324976340000,1637.2,1638.1,1637.2,1637.9,1416
1324976400000,1637.9,1637.9,1635.4,1635.4,3106
1324976460000,1635.5,1636.0,1635.4,1636.0,41
1324976520000,1635.4,1635.9,1633.0,1633.5,4337
1324976580000,1633.5,1634.8,1633.5,1634.8,1533
1324976640000,1634.8,1635.9,1634.8,1635.3,556
1324976700000,1635.0,1635.3,1632.0,1634.0,5987
1324976760000,1634.0,1634.9,1634.0,1634.9,516
1324976820000,1634.9,1635.7,1634.7,1635.0,1078
1324976880000,1635.5,1636.4,1635.2,1636.4,858
1324976940000,1636.4,1636.4,1636.0,1636.4,2547
1324977000000,1636.4,1638.1,1636.1,1637.8,11757
1324977060000,1637.9,1638.5,1637.8,1638.5,598
1324977120000,1638.5,1639.4,1638.2,1639.4,258
1324977180000,1639.3,1639.6,1638.2,1638.9,333
1324977240000,1639.0,1640.8,1639.0,1640.5,662
1324977300000,1640.5,1640.5,1639.6,1640.5,708
1324977360000,1640.5,1640.5,1640.0,1640.5,462
1324977420000,1640.6,1640.6,1640.5,1640.6,248
1324977480000,1641.0,1641.1,1640.5,1640.5,186
1324977540000,1640.6,1641.4,1640.5,1641.2,834
1324977600000,1641.5,1641.5,1641.5,1641.5,158
1324977660000,1641.5,1642.0,1641.5,1641.6,1944
1324977720000,1641.6,1642.0,1640.7,1641.5,896
1324977780000,1641.5,1641.6,1640.8,1641.5,1510
1324977840000,1641.5,1641.6,1641.0,1641.5,1402
1324977900000,1641.6,1641.9,1641.2,1641.5,687
1324977960000,1641.5,1641.5,1641.5,1641.5,2
1324978020000,1641.5,1642.9,1641.5,1642.9,310
1324978080000,1642.9,1645.0,1642.9,1644.3,5730
1324978140000,1643.6,1643.6,1642.7,1642.7,553
1324978200000,1642.1,1643.9,1641.6,1642.6,2562
1324978260000,1643.0,1643.1,1643.0,1643.0,150
1324978320000,1643.0,1643.2,1641.4,1643.0,4103
1324978380000,1642.8,1642.8,1642.7,1642.7,41
1324978440000,1642.5,1642.5,1642.5,1642.5,100
1324978500000,1642.7,1643.9,1642.7,1643.9,359
1324978560000,1644.0,1645.0,1643.4,1643.4,7053
1324978620000,1643.8,1644.8,1643.6,1643.6,338
1324978680000,1644.6,1644.8,1643.9,1644.3,230
1324978740000,1644.3,1644.5,1643.7,1644.5,240
1324978800000,1644.5,1645.0,1644.5,1645.0,1348
1324978860000,1644.9,1644.9,1642.8,1644.8,1519
1324978920000,1643.7,1644.5,1643.1,1644.5,557
1324978980000,1644.3,1645.0,1644.2,1644.2,464
1324979040000,1644.1,1644.9,1644.0,1644.9,120
1324979100000,1644.8,1645.0,1644.8,1645.0,2960
1324979160000,1645.0,1645.0,1645.0,1645.0,750
1324979220000,1645.0,1645.0,1645.0,1645.0,151
1324979280000,1645.0,1645.3,1645.0,1645.3,48
1324979340000,1644.5,1645.0,1644.5,1645.0,31
1324979400000,1645.1,1645.2,1645.1,1645.2,43
1324979460000,1645.2,1645.2,1644.1,1644.1,297
1324979520000,1644.5,1644.5,1644.5,1644.5,200
1324979580000,1644.5,1644.5,1644.5,1644.5,116
1324979640000,1644.5,1644.5,1644.5,1644.5,1
1324979700000,1644.8,1644.8,1644.7,1644.7,216
1324979820000,1644.7,1645.8,1644.7,1645.8,453
1324979880000,1645.2,1646.0,1645.2,1646.0,137
1324979940000,1646.0,1646.0,1645.3,1645.3,212
1324980000000,1646.0,1646.4,1646.0,1646.4,423
1324980060000,1646.2,1646.2,1646.0,1646.2,65
1324980120000,1646.0,1646.2,1645.4,1646.2,1556
1324980180000,1645.5,1645.8,1645.2,1645.2,5070
1324980240000,1645.3,1645.7,1645.3,1645.3,7175
1324980300000,1645.3,1645.3,1645.1,1645.1,1415
1324980360000,1645.2,1645.7,1645.2,1645.7,1248
1324980420000,1645.5,1645.5,1645.5,1645.5,19
1324980480000,1645.8,1645.9,1645.6,1645.9,28
1324980540000,1645.5,1645.5,1645.5,1645.5,346
1324980600000,1645.5,1645.5,1645.5,1645.5,106
1324980660000,1645.8,1646.8,1645.6,1646.8,689
1324980720000,1646.8,1647.3,1646.8,1647.0,1530
1324980780000,1647.0,1647.0,1647.0,1647.0,699
1324980840000,1647.3,1647.3,1646.6,1646.6,275
1324980900000,1647.0,1647.4,1647.0,1647.2,290
1324980960000,1646.5,1649.0,1646.5,1648.9,2990
1324981020000,1649.0,1649.0,1648.0,1648.0,706
1324981080000,1648.0,1648.3,1648.0,1648.3,175
1324981140000,1648.0,1648.3,1648.0,1648.3,995
1324981200000,1648.3,1648.3,1648.3,1648.3,51
1324981260000,1648.3,1648.3,1648.3,1648.3,344
1324981320000,1648.7,1648.7,1648.0,1648.0,1309
1324981380000,1648.0,1648.0,1647.5,1647.6,620
1324981440000,1648.0,1648.3,1646.3,1646.6,855
1324981500000,1647.1,1647.5,1646.9,1647.5,152
1324981560000,1647.5,1647.5,1647.5,1647.5,29
1324981620000,1647.5,1647.5,1647.5,1647.5,31
1324981680000,1647.5,1647.7,1647.5,1647.7,139
1324981740000,1647.5,1647.5,1647.5,1647.5,2019
1324981800000,1647.5,1647.5,1647.0,1647.3,3694
1324981860000,1647.6,1647.7,1647.5,1647.5,325
1324981920000,1647.5,1647.5,1647.5,1647.5,1713
1324981980000,1647.5,1648.1,1647.0,1647.7,842
1324982040000,1647.6,1647.9,1647.0,1647.0,2163
1324982100000,1646.5,1647.4,1646.0,1646.0,7463
1324982160000,1646.0,1647.1,1646.0,1647.1,56
1324982280000,1646.8,1646.8,1646.4,1646.4,50
1324982340000,1647.0,1647.0,1647.0,1647.0,3
1324982460000,1647.3,1647.3,1647.2,1647.2,879
1324982520000,1647.4,1647.4,1647.2,1647.2,912
1324982580000,1647.0,1647.3,1647.0,1647.3,28
1324982640000,1647.3,1647.9,1647.0,1647.0,1179
1324982700000,1647.0,1648.0,1647.0,1647.0,850
1324982760000,1647.0,1647.0,1646.9,1647.0,1053
1324982820000,1647.0,1647.7,1647.0,1647.0,3303
1324982880000,1647.0,1647.0,1647.0,1647.0,2250
1324982940000,1647.0,1647.0,1647.0,1647.0,2000
1324983000000,1647.0,1647.0,1647.0,1647.0,1500
1324983060000,1647.0,1647.3,1647.0,1647.0,2798
1324983120000,1647.5,1647.5,1647.5,1647.5,30
1324983180000,1647.1,1647.1,1647.0,1647.0,650
1324983240000,1647.0,1648.1,1647.0,1648.1,4328
1324983300000,1647.9,1649.5,1647.9,1649.1,3968
1324983360000,1648.1,1648.1,1647.5,1648.0,257
1324983420000,1647.2,1649.3,1647.2,1649.3,1434
1324983480000,1648.9,1649.6,1648.9,1649.6,371
1324983540000,1649.5,1649.5,1648.7,1649.5,266
1324983600000,1649.4,1650.2,1649.4,1649.6,4704
1324983660000,1650.2,1650.9,1650.0,1650.0,3030
1324983720000,1650.0,1651.6,1650.0,1651.0,6775
1324983780000,1651.5,1651.5,1651.0,1651.1,1088
1324983840000,1651.1,1651.1,1650.6,1650.6,189
1324983900000,1650.5,1650.5,1649.5,1650.0,2044
1324983960000,1650.0,1651.0,1650.0,1650.0,1459
1324984020000,1650.0,1650.0,1649.7,1649.7,225
1324984080000,1650.0,1650.4,1649.6,1649.7,652
1324984140000,1649.6,1650.2,1649.5,1649.5,962
1324984200000,1649.9,1650.6,1648.7,1648.8,2475
1324984260000,1648.7,1648.9,1648.2,1648.2,75
1324984320000,1648.5,1648.5,1648.5,1648.5,20
1324984380000,1648.8,1648.8,1648.5,1648.5,181
1324984440000,1648.5,1648.5,1648.5,1648.5,621
1324984500000,1648.5,1650.1,1648.5,1649.6,618
1324984560000,1648.8,1649.9,1648.5,1649.9,1761
1324984680000,1648.9,1649.6,1648.9,1648.9,52
1324984740000,1648.9,1648.9,1648.9,1648.9,75
1324984800000,1648.7,1649.6,1648.7,1649.6,401
1324984860000,1649.0,1650.2,1649.0,1650.0,1218
1324984920000,1650.0,1650.0,1650.0,1650.0,1336
1324984980000,1650.0,1650.1,1650.0,1650.0,2052
1324985040000,1649.8,1650.0,1649.1,1650.0,6887
1324985100000,1650.0,1651.3,1649.6,1651.3,2127
1324985160000,1651.3,1651.3,1651.3,1651.3,150
1324985220000,1650.8,1651.1,1650.8,1651.1,67
1324985340000,1651.1,1651.1,1651.1,1651.1,3
1324985460000,1650.8,1650.9,1650.0,1650.5,235
1324985520000,1650.4,1650.8,1649.6,1649.8,1842
1324985580000,1649.7,1650.6,1649.6,1650.6,520
1324985640000,1650.5,1650.5,1650.5,1650.5,10
1324985700000,1650.1,1650.1,1650.0,1650.0,230
1324985760000,1650.0,1650.0,1649.4,1649.4,616
1324985820000,1649.4,1650.0,1649.3,1650.0,194
1324985880000,1650.0,1650.0,1650.0,1650.0,31
1324985940000,1650.0,1650.0,1650.0,1650.0,75
1324986000000,1649.3,1650.0,1649.3,1650.0,11
1324986120000,1649.3,1649.3,1649.3,1649.3,10
1324986180000,1649.3,1649.3,1649.3,1649.3,45
1324986240000,1649.7,1649.7,1649.0,1649.3,1640
1324986300000,1649.0,1650.0,1649.0,1650.0,229
1324986480000,1649.0,1649.0,1649.0,1649.0,169
1324986540000,1649.0,1649.3,1649.0,1649.3,8
1324986600000,1649.3,1649.3,1649.1,1649.1,32
1324986660000,1649.0,1649.0,1649.0,1649.0,44
1324986720000,1649.0,1650.0,1649.0,1650.0,953
1324986780000,1649.3,1649.3,1649.2,1649.2,70
1324986900000,1649.1,1649.2,1649.1,1649.2,2
1324987020000,1649.5,1649.5,1649.5,1649.5,25
1324987080000,1649.0,1649.0,1649.0,1649.0,414
1324987140000,1649.4,1649.4,1649.0,1649.0,455
1324987200000,1649.0,1649.0,1646.8,1647.5,10160
1324987260000,1647.5,1648.0,1647.5,1648.0,363
1324987320000,1648.0,1648.0,1647.6,1647.6,103
1324987380000,1647.5,1647.5,1647.5,1647.5,73
1324987440000,1647.5,1647.5,1647.5,1647.5,206
1324987500000,1647.5,1647.5,1647.5,1647.5,15
1324987560000,1647.2,1647.2,1646.5,1646.5,1103
1324987620000,1646.5,1646.5,1646.5,1646.5,239
1324987680000,1646.5,1646.8,1646.5,1646.8,35
1324987740000,1646.5,1646.9,1646.5,1646.9,70
1324987800000,1646.9,1647.0,1646.5,1646.5,227
1324987860000,1647.0,1647.0,1646.6,1646.6,162
1324987920000,1646.6,1647.0,1646.6,1647.0,9
1324987980000,1647.0,1647.0,1646.5,1647.0,81
1324988040000,1646.6,1647.0,1646.5,1646.9,263
1324988100000,1646.9,1647.0,1646.2,1647.0,2835
1324988160000,1646.4,1647.0,1646.0,1646.7,4074
1324988220000,1646.1,1646.7,1645.5,1645.5,5136
1324988280000,1645.6,1646.0,1645.0,1646.0,5058
1324988340000,1646.0,1646.8,1645.0,1646.0,1138
1324988400000,1645.9,1646.0,1645.0,1646.0,231
1324988460000,1645.2,1645.9,1645.0,1645.0,1848
1324988520000,1645.1,1645.5,1645.0,1645.5,423
1324988640000,1645.5,1646.3,1645.5,1646.3,1171
1324988700000,1646.1,1646.3,1646.0,1646.0,602
1324988760000,1646.0,1646.0,1646.0,1646.0,464
1324988820000,1646.0,1646.1,1646.0,1646.0,1358
1324988880000,1646.2,1646.3,1646.0,1646.0,387
1324988940000,1646.0,1646.0,1646.0,1646.0,244
1324989000000,1646.0,1646.1,1645.6,1645.6,1512
1324989060000,1646.0,1646.0,1645.5,1645.5,550
1324989120000,1646.2,1646.3,1645.5,1646.3,1490
1324989180000,1646.3,1647.0,1645.9,1647.0,1525
1324989240000,1647.0,1647.1,1647.0,1647.1,5543
1324989300000,1647.1,1648.5,1646.7,1646.7,1153
1324989420000,1646.1,1647.0,1646.0,1646.7,2340
1324989480000,1646.9,1647.0,1646.0,1646.3,6537
1324989540000,1646.7,1646.7,1646.7,1646.7,92
1324989600000,1646.9,1646.9,1646.0,1646.0,124
1324989660000,1646.7,1647.0,1646.0,1647.0,135
1324989720000,1646.8,1647.0,1646.8,1647.0,366
1324989780000,1646.8,1647.0,1646.8,1647.0,574
1324989840000,1647.0,1647.0,1647.0,1647.0,1778
1324989900000,1647.0,1647.0,1645.5,1646.2,1728
1324989960000,1645.5,1646.7,1645.3,1646.6,5446
1324990020000,1646.5,1646.5,1645.1,1645.5,357
1324990080000,1645.2,1646.0,1645.0,1646.0,1449
1324990140000,1645.9,1647.0,1645.9,1647.0,651
1324990200000,1646.4,1646.6,1645.0,1646.1,6083
1324990260000,1646.1,1646.1,1645.2,1646.1,785
1324990320000,1646.1,1647.0,1645.0,1647.0,3799
1324990380000,1647.0,1647.0,1647.0,1647.0,213
1324990440000,1647.2,1647.2,1647.0,1647.0,517
1324990500000,1647.0,1647.1,1646.9,1646.9,5091
1324990620000,1646.9,1648.5,1646.9,1647.0,1292
1324990680000,1647.3,1647.7,1646.6,1647.7,979
1324990740000,1646.5,1646.5,1646.0,1646.0,202
1324990800000,1646.0,1647.0,1646.0,1646.3,888
1324990860000,1647.0,1647.6,1647.0,1647.0,319
1324990920000,1647.7,1647.8,1647.7,1647.7,793
1324990980000,1647.8,1648.0,1647.0,1648.0,2339
1324991040000,1647.9,1648.0,1647.0,1647.1,1566
1324991100000,1647.3,1649.0,1647.3,1649.0,7131
1324991160000,1649.0,1649.0,1647.1,1648.8,1784
1324991220000,1648.2,1648.9,1647.8,1648.9,5494
1324991280000,1648.0,1648.0,1647.9,1648.0,6201
1324991340000,1648.0,1648.5,1648.0,1648.5,2900
1324991400000,1648.5,1649.0,1648.3,1648.3,7181
1324991460000,1648.3,1648.3,1648.3,1648.3,507
1324991520000,1648.3,1648.3,1647.2,1647.2,382
1324991640000,1647.6,1647.7,1647.0,1647.7,2400
1324991700000,1647.5,1648.5,1647.4,1647.8,401
1324991760000,1647.0,1648.5,1647.0,1648.5,1411
1324991820000,1647.8,1648.8,1647.6,1647.6,5309
1324991880000,1647.7,1648.8,1647.0,1647.0,3136
1324991940000,1647.0,1647.0,1647.0,1647.0,557
1324992000000,1647.0,1647.0,1647.0,1647.0,84
1324992120000,1647.8,1647.9,1647.0,1647.0,378
1324992180000,1647.0,1648.0,1647.0,1648.0,661
1324992240000,1647.8,1648.0,1647.7,1648.0,1489
1324992300000,1647.1,1647.1,1646.0,1646.7,5258
1324992360000,1646.0,1646.7,1646.0,1646.7,674
1324992420000,1647.0,1647.0,1645.5,1645.5,2636
1324992480000,1645.5,1646.6,1645.3,1646.1,957
1324992540000,1646.1,1646.9,1645.0,1645.0,1140
1324992600000,1645.3,1646.3,1645.2,1645.5,592
1324992660000,1645.5,1646.4,1645.5,1645.6,689
1324992720000,1645.9,1645.9,1645.5,1645.5,2858
1324992780000,1645.9,1646.2,1645.5,1645.5,707
1324992840000,1645.6,1646.1,1645.2,1646.1,2483
1324992900000,1645.9,1645.9,1644.5,1644.5,6122
1324992960000,1644.8,1644.8,1644.5,1644.5,1218
1324993020000,1644.5,1644.9,1644.5,1644.9,440
1324993080000,1644.9,1644.9,1644.5,1644.5,318
1324993140000,1644.8,1645.4,1644.5,1644.7,9877
1324993200000,1644.5,1645.0,1644.5,1644.8,2973
1324993260000,1645.0,1645.0,1644.5,1645.0,7438
1324993320000,1645.1,1645.1,1645.1,1645.1,5
1324993380000,1645.2,1645.2,1644.6,1644.6,30
1324993440000,1645.3,1645.3,1645.0,1645.3,187
1324993500000,1645.0,1645.3,1645.0,1645.0,3276
1324993560000,1645.0,1645.0,1644.5,1644.5,3408
1324993620000,1644.5,1645.2,1644.5,1645.2,654
1324993680000,1645.1,1645.1,1644.9,1645.1,4807
1324993740000,1645.2,1646.5,1645.1,1646.5,2443
1324993800000,1646.4,1647.5,1646.3,1646.3,1152
1324993860000,1647.0,1647.0,1645.7,1646.5,68
1324993920000,1645.7,1645.7,1645.7,1645.7,7
1324993980000,1646.2,1646.8,1645.7,1646.8,205
1324994040000,1646.6,1646.6,1646.6,1646.6,20
1324994160000,1646.6,1646.6,1645.6,1645.6,55
1324994220000,1646.0,1646.0,1645.2,1645.2,412
1324994280000,1645.8,1645.8,1645.8,1645.8,2
1324994340000,1645.7,1647.0,1645.1,1645.1,1403
1324994400000,1645.1,1645.1,1645.1,1645.1,512
1324994460000,1646.0,1646.0,1645.1,1645.1,444
1324994520000,1645.1,1645.1,1644.0,1644.0,10995
1324994580000,1644.7,1645.0,1643.5,1644.4,4299
1324994640000,1644.3,1646.3,1643.9,1646.3,1087
1324994700000,1646.3,1646.9,1645.5,1646.9,479
1324994760000,1645.5,1645.5,1645.5,1645.5,12
1324994820000,1645.5,1646.4,1645.0,1646.4,2703
1324994880000,1646.7,1646.9,1646.7,1646.9,450
1324994940000,1646.9,1647.6,1646.9,1647.5,5601
1324995000000,1647.5,1647.5,1647.5,1647.5,1143
1324995060000,1647.5,1647.6,1647.5,1647.5,617
1324995120000,1647.5,1647.5,1646.2,1646.2,268
1324995180000,1646.5,1647.0,1646.5,1647.0,650
1324995240000,1647.0,1647.0,1647.0,1647.0,3579
1324995300000,1647.1,1647.5,1647.1,1647.1,856
1324995360000,1647.6,1647.6,1647.4,1647.4,1613
1324995420000,1647.6,1647.6,1647.0,1647.0,65
1324995480000,1647.5,1647.5,1647.0,1647.0,964
1324995540000,1647.0,1647.0,1647.0,1647.0,599
1324995720000,1647.0,1647.6,1647.0,1647.6,323
1324995780000,1647.6,1647.6,1647.4,1647.4,246
1324995840000,1647.3,1647.4,1647.0,1647.0,498
1324995900000,1647.4,1647.4,1647.0,1647.0,429
1324995960000,1647.5,1648.1,1647.1,1648.0,5247
1324996020000,1648.1,1648.1,1647.9,1648.0,1219
1324996080000,1648.1,1648.8,1648.0,1648.1,651
1324996140000,1648.8,1648.9,1647.0,1648.0,3176
1324996200000,1648.0,1648.5,1647.9,1648.0,8806
1324996260000,1648.0,1648.5,1648.0,1648.5,140
1324996320000,1648.6,1648.8,1648.1,1648.1,470
1324996380000,1648.7,1648.8,1648.1,1648.5,3406
1324996440000,1648.1,1648.5,1648.0,1648.1,329
1324996500000,1648.0,1648.1,1648.0,1648.1,378
1324996560000,1648.1,1648.5,1648.0,1648.4,930
1324996620000,1648.3,1648.5,1648.0,1648.5,590
1324996680000,1648.4,1649.0,1647.0,1649.0,31857
1324996740000,1648.1,1648.9,1648.0,1648.9,384
1324996800000,1648.3,1650.3,1648.1,1650.3,11913
1324996860000,1650.3,1651.5,1650.0,1651.4,4646
1324996920000,1651.4,1653.7,1650.5,1653.7,9901
1324996980000,1653.6,1655.3,1651.0,1655.0,16475
1324997040000,1655.2,1656.0,1654.8,1655.1,7702
1325052000000,1653.0,1658.0,1651.1,1652.0,2668
1325052060000,1652.0,1657.2,1651.7,1654.7,11251
1325052120000,1654.7,1656.4,1652.9,1652.9,3663
1325052180000,1652.9,1655.3,1647.1,1652.0,13883
1325052240000,1651.9,1652.0,1651.0,1651.0,217
1325052300000,1650.7,1651.5,1648.3,1650.0,6822
1325052360000,1649.8,1650.6,1649.8,1650.5,267
1325052420000,1650.1,1651.8,1647.0,1647.0,12577
1325052480000,1648.3,1651.5,1648.0,1649.0,1062
1325052540000,1650.6,1651.9,1647.0,1651.4,9013
1325052600000,1651.3,1651.9,1646.0,1650.1,6561
1325052660000,1650.6,1650.6,1644.0,1647.7,48464
1325052720000,1647.8,1648.2,1643.1,1644.9,14784
1325052780000,1644.7,1645.7,1642.0,1643.5,53722
1325052840000,1643.5,1644.0,1642.3,1642.9,1483
1325052900000,1642.9,1642.9,1640.0,1642.1,5727
1325052960000,1642.0,1643.0,1642.0,1643.0,1151
1325053020000,1643.0,1644.9,1643.0,1644.2,5764
1325053080000,1643.7,1644.8,1643.7,1644.8,194
1325053140000,1644.9,1646.5,1644.8,1646.5,6753
1325053200000,1647.0,1648.0,1647.0,1647.9,1068
1325053260000,1647.7,1647.9,1645.4,1645.4,2009
1325053320000,1645.9,1647.9,1645.9,1647.9,1537
1325053380000,1647.9,1649.0,1647.8,1649.0,5405
1325053440000,1649.0,1651.0,1649.0,1650.9,2263
1325053500000,1651.0,1651.5,1650.5,1650.5,2199
1325053560000,1650.9,1651.0,1650.1,1651.0,292
1325053620000,1651.0,1651.0,1646.9,1647.0,2501
1325053680000,1646.9,1648.1,1646.5,1647.1,4155
1325053740000,1648.7,1648.7,1647.6,1647.6,135
1325053800000,1648.0,1650.0,1648.0,1650.0,253
1325053860000,1650.0,1650.0,1650.0,1650.0,100
1325053920000,1650.0,1650.0,1649.4,1650.0,114
1325053980000,1650.2,1650.2,1650.2,1650.2,10
1325054040000,1649.5,1649.7,1649.4,1649.6,131
1325054160000,1650.0,1650.0,1650.0,1650.0,50
1325054220000,1649.9,1650.0,1649.4,1649.4,126
1325054280000,1649.5,1649.5,1649.5,1649.5,25
1325054340000,1649.5,1649.5,1649.4,1649.5,75
1325054400000,1649.5,1650.1,1649.5,1649.9,298
1325054460000,1649.9,1649.9,1649.4,1649.7,231
1325054520000,1649.7,1649.9,1649.6,1649.9,119
1325054580000,1649.9,1649.9,1649.9,1649.9,200
1325054640000,1650.0,1650.9,1649.9,1650.9,1156
1325054700000,1651.0,1651.3,1651.0,1651.3,430
1325054760000,1651.3,1651.9,1650.8,1651.0,834
1325054820000,1651.0,1651.0,1648.4,1649.2,107
1325054880000,1650.0,1651.6,1650.0,1651.0,335
1325054940000,1650.1,1650.1,1650.1,1650.1,12
1325055000000,1650.6,1650.6,1650.6,1650.6,24
1325055060000,1650.2,1650.2,1649.8,1649.8,290
1325055120000,1649.6,1650.2,1649.6,1650.1,4
1325055180000,1649.8,1649.8,1649.8,1649.8,1
1325055240000,1650.4,1651.0,1650.4,1651.0,1004
1325055300000,1651.7,1654.0,1651.7,1654.0,2881
1325055360000,1654.0,1654.0,1653.0,1653.0,2964
1325055420000,1653.9,1654.5,1653.5,1654.5,1810
1325055480000,1654.5,1654.5,1653.8,1653.8,415
1325055540000,1653.8,1654.4,1653.8,1653.9,116
1325055600000,1654.5,1655.5,1653.6,1654.5,1897
1325055660000,1655.0,1655.1,1654.5,1655.1,1028
1325055720000,1655.1,1655.1,1654.5,1654.5,193
1325055780000,1654.6,1655.0,1654.6,1654.6,131
1325055840000,1654.6,1654.6,1654.5,1654.6,880
1325055900000,1654.6,1654.6,1652.3,1654.2,3546
1325055960000,1654.2,1654.3,1652.6,1652.6,2533
1325056020000,1652.7,1652.7,1652.6,1652.6,544
1325056080000,1653.8,1653.9,1653.0,1653.0,596
1325056140000,1653.5,1653.5,1651.9,1651.9,1165
1325056200000,1651.5,1652.9,1651.5,1652.2,382
1325056260000,1651.5,1652.2,1651.5,1652.2,4
1325056320000,1652.7,1654.8,1652.7,1653.8,822
1325056380000,1654.0,1654.9,1652.8,1653.5,816
1325056440000,1654.2,1654.7,1653.1,1654.6,701
1325056500000,1654.1,1654.8,1653.0,1654.1,1830
1325056560000,1654.1,1654.8,1653.6,1653.6,571
1325056620000,1653.4,1653.4,1652.5,1652.5,1426
1325056680000,1652.1,1652.1,1649.6,1650.0,2061
1325056740000,1649.8,1650.0,1649.6,1650.0,888
1325056800000,1650.0,1650.0,1650.0,1650.0,170
1325056860000,1650.0,1652.4,1650.0,1652.4,1040
1325056920000,1652.2,1654.0,1652.1,1654.0,1608
1325056980000,1653.8,1654.0,1653.5,1653.5,315
1325057040000,1653.5,1654.0,1652.1,1652.1,311
1325057100000,1653.8,1653.9,1653.0,1653.0,742
1325057160000,1652.4,1652.4,1652.4,1652.4,5
1325057220000,1652.9,1652.9,1652.9,1652.9,5
1325057280000,1652.6,1652.6,1652.6,1652.6,5
1325057340000,1652.3,1652.3,1652.3,1652.3,21
1325057400000,1652.4,1653.0,1652.4,1653.0,1006
1325057460000,1653.0,1653.0,1653.0,1653.0,6
1325057520000,1653.5,1653.9,1653.2,1653.2,84
1325057580000,1652.5,1652.5,1652.5,1652.5,6
1325057640000,1652.7,1653.5,1652.7,1653.5,106
1325057700000,1653.5,1653.5,1653.5,1653.5,2
1325057820000,1653.9,1653.9,1653.9,1653.9,1
1325057880000,1653.9,1654.0,1653.9,1653.9,983
1325057940000,1654.0,1654.9,1654.0,1654.9,730
1325058000000,1654.9,1655.0,1654.4,1654.4,842
1325058060000,1654.1,1654.1,1654.1,1654.1,2
1325058120000,1654.0,1654.0,1654.0,1654.0,43
1325058180000,1654.0,1654.0,1654.0,1654.0,341
1325058240000,1654.0,1654.8,1654.0,1654.8,504
1325058300000,1653.9,1653.9,1653.8,1653.8,57
1325058420000,1653.5,1653.5,1652.3,1652.3,110
1325058480000,1653.0,1654.0,1653.0,1654.0,1739
1325058540000,1653.3,1653.9,1653.3,1653.9,125
1325058600000,1653.3,1654.0,1653.3,1654.0,407
1325058780000,1653.9,1653.9,1653.0,1653.0,39
1325058840000,1653.8,1653.9,1653.8,1653.9,2051
1325058900000,1653.5,1653.5,1652.5,1652.5,382
1325059080000,1652.7,1652.7,1652.7,1652.7,31
1325059140000,1652.8,1652.8,1652.8,1652.8,502
1325059200000,1652.8,1652.8,1650.6,1652.1,1455
1325059260000,1652.1,1652.8,1652.1,1652.8,452
1325059320000,1652.8,1653.9,1652.8,1653.2,781
1325059380000,1652.4,1652.4,1652.2,1652.2,30
1325059440000,1652.3,1652.3,1652.3,1652.3,10
1325059500000,1651.3,1651.3,1646.7,1648.0,5325
1325059560000,1648.0,1648.0,1647.6,1647.7,1012
1325059620000,1648.8,1648.8,1648.6,1648.6,503
1325059680000,1648.2,1649.0,1648.0,1649.0,298
1325059740000,1648.5,1648.5,1647.7,1647.7,110
1325059800000,1649.1,1649.1,1648.8,1648.8,40
1325059860000,1649.5,1650.3,1648.9,1649.0,143
1325059920000,1649.2,1649.2,1647.3,1647.4,456
1325059980000,1647.4,1648.1,1646.7,1647.9,766
1325060040000,1648.0,1650.9,1648.0,1649.2,2230
1325060100000,1648.9,1649.6,1647.2,1648.2,9945
1325060160000,1648.5,1648.5,1646.1,1646.2,837
1325060220000,1646.2,1647.0,1645.5,1646.4,690
1325060280000,1646.4,1646.4,1645.0,1645.0,1542
1325060340000,1645.2,1646.0,1645.0,1645.1,1697
1325060400000,1645.1,1646.3,1642.5,1643.2,9342
1325060460000,1643.2,1644.2,1642.7,1644.0,1932
1325060520000,1644.2,1644.7,1644.2,1644.7,169
1325060580000,1644.2,1645.9,1644.0,1645.9,386
1325060640000,1645.8,1648.0,1645.8,1648.0,7163
1325060700000,1648.0,1650.0,1648.0,1649.5,5279
1325060760000,1649.5,1651.4,1649.5,1650.0,597
1325060820000,1650.2,1650.7,1650.1,1650.5,146
1325060880000,1650.0,1650.0,1649.4,1649.4,4065
1325060940000,1649.4,1650.1,1649.4,1649.4,741
1325061000000,1650.0,1650.0,1648.2,1649.0,1753
1325061060000,1649.0,1649.4,1648.3,1648.3,3590
1325061120000,1648.3,1649.0,1648.0,1648.1,10420
1325061180000,1649.0,1649.5,1648.1,1648.1,869
1325061240000,1648.1,1648.1,1648.1,1648.1,1353
1325061300000,1648.1,1648.6,1648.0,1648.1,997
1325061360000,1648.0,1651.4,1648.0,1650.4,8798
1325061420000,1651.0,1651.0,1648.8,1648.8,5013
1325061480000,1649.7,1650.0,1649.7,1650.0,687
1325061540000,1650.0,1650.0,1650.0,1650.0,272
1325061600000,1650.2,1650.2,1648.4,1648.4,1889
1325061660000,1648.4,1648.9,1648.4,1648.4,1268
1325061720000,1648.5,1649.5,1648.0,1648.3,5179
1325061780000,1648.5,1649.7,1648.0,1649.7,5882
1325061840000,1649.3,1650.7,1649.3,1650.7,3284
1325061900000,1649.3,1649.3,1648.2,1648.4,558
1325061960000,1649.1,1649.4,1649.1,1649.2,176
1325062020000,1649.3,1650.0,1649.1,1649.3,615
1325062080000,1649.3,1650.0,1649.2,1650.0,705
1325062140000,1649.9,1650.0,1649.2,1650.0,1238
1325062200000,1650.0,1650.6,1649.3,1650.6,1867
1325062260000,1650.4,1651.0,1650.1,1650.3,3935
1325062320000,1649.9,1649.9,1649.8,1649.8,32
1325062380000,1649.5,1649.9,1649.5,1649.9,97
1325062440000,1649.9,1649.9,1649.7,1649.7,24
1325062500000,1650.0,1650.0,1650.0,1650.0,1651
1325062560000,1649.7,1650.2,1649.7,1649.7,4690
1325062680000,1649.6,1649.6,1649.6,1649.6,6
1325062740000,1650.3,1650.9,1649.8,1650.9,158
1325062800000,1650.2,1650.5,1648.2,1648.5,5134
1325062860000,1648.4,1648.4,1648.3,1648.3,200
1325062920000,1648.8,1649.5,1648.2,1649.5,425
1325062980000,1649.1,1649.5,1649.1,1649.5,253
1325063040000,1649.5,1650.0,1649.4,1650.0,1561
1325063100000,1650.0,1650.9,1649.9,1650.9,2689
1325063160000,1650.7,1651.5,1650.0,1651.1,2701
1325063220000,1650.9,1651.1,1649.9,1649.9,379
1325063280000,1651.0,1651.1,1651.0,1651.1,180
1325063340000,1650.9,1651.0,1650.9,1651.0,100
1325063400000,1651.0,1651.1,1650.7,1651.1,165
1325063460000,1651.1,1651.1,1650.4,1651.1,254
1325063520000,1651.1,1651.1,1650.5,1651.1,1269
1325063640000,1650.1,1651.0,1650.1,1651.0,462
1325063700000,1651.0,1651.0,1650.3,1650.3,839
1325063760000,1651.0,1651.0,1650.3,1650.8,203
1325063820000,1650.7,1651.0,1650.7,1651.0,337
1325063880000,1650.4,1651.0,1650.4,1651.0,245
1325063940000,1651.0,1651.0,1650.2,1651.0,55
1325064000000,1650.3,1650.8,1650.1,1650.8,184
1325064060000,1650.8,1651.0,1650.0,1650.3,783
1325064120000,1650.3,1651.5,1650.2,1651.5,9198
1325064180000,1651.5,1654.0,1651.0,1653.5,9349
1325064240000,1653.5,1653.5,1652.4,1652.5,1825
1325064300000,1652.4,1655.0,1652.4,1653.9,7155
1325064360000,1654.9,1654.9,1653.9,1653.9,361
1325064420000,1654.1,1655.5,1654.1,1655.4,5097
1325064480000,1655.4,1656.0,1654.6,1655.5,8178
1325064540000,1655.9,1656.5,1655.5,1655.8,3570
1325064600000,1656.3,1657.5,1656.3,1657.0,4623
1325064660000,1657.4,1657.4,1655.5,1656.4,809
1325064720000,1655.6,1657.5,1655.4,1657.5,2649
1325064780000,1656.8,1658.0,1656.0,1657.0,3318
1325064840000,1656.9,1657.5,1656.0,1656.0,287
1325064900000,1656.5,1657.4,1656.0,1657.0,1381
1325064960000,1657.1,1657.6,1656.8,1657.0,4399
1325065020000,1657.0,1657.0,1656.3,1656.4,426
1325065080000,1657.0,1657.5,1656.5,1657.3,949
1325065140000,1657.0,1657.0,1657.0,1657.0,173
1325065200000,1657.0,1658.0,1657.0,1658.0,3469
1325065260000,1657.2,1658.0,1657.0,1657.0,2066
1325065320000,1657.0,1659.0,1657.0,1657.4,4034
1325065380000,1658.0,1658.0,1657.5,1657.5,354
1325065440000,1657.9,1658.0,1657.9,1658.0,233
1325065500000,1657.3,1657.8,1657.0,1657.8,1177
1325065560000,1657.4,1657.9,1657.3,1657.9,1254
1325065620000,1657.8,1658.5,1655.6,1657.6,4706
1325065680000,1657.6,1659.2,1657.6,1659.1,13460
1325065740000,1659.1,1660.9,1659.0,1659.6,23557
1325065800000,1659.9,1661.0,1659.0,1660.1,16601
1325065860000,1660.1,1661.9,1659.4,1661.0,5846
1325065920000,1661.4,1662.0,1660.0,1660.9,3072
1325065980000,1660.6,1660.7,1660.4,1660.7,832
1325066040000,1660.6,1660.7,1660.6,1660.7,181
1325066100000,1660.7,1663.5,1660.7,1663.0,11871
1325066160000,1663.0,1664.0,1663.0,1664.0,6471
1325066220000,1663.9,1666.0,1663.9,1665.4,21728
1325066280000,1665.4,1665.7,1663.6,1664.6,5453
1325066340000,1664.7,1665.2,1664.6,1665.0,5182
1325066400000,1665.4,1665.4,1664.0,1665.0,5810
1325066460000,1665.4,1665.7,1665.2,1665.2,75
1325066520000,1665.6,1668.8,1665.6,1667.9,8225
1325066580000,1668.7,1671.0,1666.7,1670.1,29394
1325066640000,1670.6,1672.6,1670.6,1672.5,10828
1325066700000,1672.5,1672.6,1670.5,1670.5,12619
1325066760000,1671.0,1671.0,1670.0,1670.3,2576
1325066820000,1670.5,1670.6,1669.1,1669.4,10156
1325066880000,1669.6,1670.0,1669.0,1669.0,3472
1325066940000,1669.8,1670.5,1669.1,1670.0,2546
1325067000000,1670.0,1670.5,1669.3,1670.0,3862
1325067060000,1670.0,1671.4,1669.0,1670.5,3850
1325067120000,1671.0,1672.0,1671.0,1672.0,14361
1325067180000,1672.0,1674.6,1672.0,1674.0,16227
1325067240000,1674.0,1674.6,1672.9,1673.2,1754
1325067300000,1673.2,1674.4,1673.2,1674.0,1032
1325067360000,1674.3,1674.5,1672.2,1673.4,4225
1325067420000,1673.5,1674.0,1672.1,1673.5,2452
1325067480000,1674.0,1674.0,1673.4,1673.4,763
1325067540000,1673.8,1673.8,1672.4,1672.4,1079
1325067600000,1673.2,1673.2,1672.0,1672.0,587
1325067660000,1672.0,1672.9,1671.9,1672.9,1635
1325067720000,1672.9,1673.5,1672.5,1673.5,2169
1325067780000,1673.5,1673.6,1672.6,1672.6,1063
1325067840000,1673.0,1673.4,1672.0,1672.8,1367
1325067900000,1672.1,1673.7,1671.7,1672.7,5269
1325067960000,1672.6,1673.0,1671.1,1671.4,3513
1325068020000,1671.4,1671.8,1669.8,1669.8,1941
1325068080000,1669.9,1670.7,1669.8,1670.0,186
1325068140000,1670.2,1671.7,1670.2,1671.3,1129
1325068200000,1671.3,1674.0,1670.5,1673.0,8840
1325068260000,1673.7,1673.7,1671.7,1671.7,195
1325068320000,1673.0,1673.0,1672.0,1672.0,361
1325068380000,1672.5,1672.9,1672.3,1672.3,607
1325068440000,1672.8,1672.8,1672.0,1672.0,384
1325068500000,1672.0,1672.5,1671.0,1672.0,4590
1325068560000,1672.0,1672.0,1671.4,1671.7,963
1325068620000,1671.7,1671.7,1670.4,1670.7,567
1325068680000,1670.7,1671.0,1670.1,1670.1,483
1325068740000,1671.0,1672.5,1670.1,1671.7,3899
1325068800000,1671.7,1671.7,1670.1,1671.5,533
1325068860000,1671.4,1671.4,1670.3,1670.3,63
1325068920000,1670.8,1670.9,1670.3,1670.5,221
1325068980000,1670.5,1670.9,1670.1,1670.4,448
1325069040000,1670.4,1670.4,1669.3,1669.3,545
1325069100000,1670.0,1670.0,1669.3,1669.3,105
1325069160000,1669.5,1669.9,1669.0,1669.1,1455
1325069220000,1669.1,1669.1,1668.8,1669.1,679
1325069280000,1669.3,1669.3,1668.6,1668.6,503
1325069340000,1669.1,1669.1,1668.6,1668.9,545
1325069400000,1668.9,1668.9,1668.1,1668.1,2037
1325069460000,1668.8,1668.8,1668.1,1668.2,725
1325069520000,1668.7,1668.8,1667.1,1667.4,1914
1325069580000,1668.1,1668.1,1667.9,1667.9,2149
1325069640000,1667.9,1668.0,1667.5,1668.0,645
1325069700000,1667.9,1668.0,1667.9,1668.0,45
1325069760000,1668.0,1668.8,1667.7,1668.8,635
1325069820000,1668.8,1669.2,1668.1,1668.1,292
1325069880000,1668.6,1669.2,1668.1,1669.0,456
1325069940000,1669.0,1669.0,1668.0,1668.0,73
1325070000000,1668.5,1669.0,1668.3,1669.0,1090
1325070060000,1669.0,1669.0,1668.0,1668.0,1266
1325070120000,1668.0,1668.3,1667.8,1667.8,10970
1325070180000,1668.4,1669.0,1668.2,1668.2,284
1325070240000,1668.8,1668.8,1668.3,1668.3,34
1325070300000,1668.6,1668.6,1668.3,1668.3,138
1325070360000,1668.6,1668.9,1666.9,1666.9,1815
1325070420000,1667.7,1667.9,1666.8,1666.8,430
1325070480000,1666.9,1667.6,1666.3,1666.3,1222
1325070540000,1667.0,1667.0,1666.2,1666.3,225
1325070600000,1667.0,1668.0,1666.1,1667.0,1262
1325070660000,1667.0,1667.0,1666.1,1666.1,127
1325070720000,1666.8,1666.8,1665.3,1665.3,1187
1325070780000,1665.6,1665.8,1664.6,1664.6,538
1325070840000,1665.3,1665.3,1663.5,1663.5,1438
1325070900000,1663.9,1663.9,1663.1,1663.1,276
1325070960000,1663.5,1666.2,1663.3,1666.2,8676
1325071020000,1666.1,1668.2,1665.4,1665.4,1469
1325071080000,1666.2,1666.4,1664.2,1664.2,1068
1325071140000,1664.2,1664.2,1663.5,1664.2,3216
1325071200000,1664.5,1664.6,1664.5,1664.6,34
1325071260000,1664.5,1664.5,1663.7,1663.7,271
1325071320000,1664.4,1664.5,1664.0,1664.5,144
1325071380000,1664.5,1665.9,1664.0,1665.0,517
1325071440000,1665.8,1667.2,1665.8,1667.2,260
1325071500000,1666.9,1667.8,1665.1,1666.9,2314
1325071560000,1666.9,1667.9,1665.9,1666.8,2169
1325071620000,1667.6,1668.0,1666.0,1668.0,1601
1325071680000,1668.0,1669.5,1668.0,1668.4,3975
1325071740000,1668.4,1669.3,1667.7,1668.1,449
1325071800000,1668.8,1669.5,1668.4,1669.4,636
1325071860000,1669.4,1669.5,1668.4,1668.4,742
1325071920000,1669.2,1669.2,1667.4,1667.4,355
1325071980000,1667.8,1668.4,1667.1,1667.9,469
1325072040000,1668.7,1668.7,1667.9,1667.9,156
1325072100000,1667.9,1667.9,1667.1,1667.1,90
1325072160000,1667.8,1668.0,1667.2,1667.2,800
1325072220000,1667.9,1668.0,1667.2,1668.0,147
1325072280000,1668.0,1668.0,1667.2,1667.2,171
1325072340000,1668.0,1668.0,1665.4,1665.7,373
1325072400000,1665.6,1667.2,1665.6,1666.0,266
1325072460000,1666.8,1668.8,1666.5,1668.0,858
1325072520000,1668.8,1668.8,1668.1,1668.2,76
1325072580000,1668.3,1668.8,1668.3,1668.3,24
1325072640000,1668.8,1668.9,1668.2,1668.2,116
1325072700000,1668.5,1668.5,1668.0,1668.0,216
1325072760000,1668.5,1668.9,1668.5,1668.7,982
1325072820000,1668.8,1668.9,1668.7,1668.7,165
1325072880000,1668.9,1671.4,1668.7,1670.6,7878
1325072940000,1671.0,1671.4,1670.4,1670.9,226
1325073000000,1671.0,1671.5,1670.9,1671.5,546
1325073060000,1671.4,1673.9,1671.2,1672.8,4596
1325073120000,1673.8,1674.4,1672.2,1674.4,7191
1325073180000,1674.4,1674.9,1673.2,1674.1,2197
1325073240000,1674.1,1674.9,1673.9,1674.9,1728
1325073300000,1674.0,1674.8,1673.9,1673.9,433
1325073360000,1673.9,1674.6,1673.2,1673.2,164
1325073420000,1674.0,1674.0,1673.2,1673.3,429
1325073480000,1673.8,1673.8,1673.1,1673.1,553
1325073540000,1673.1,1673.6,1673.1,1673.1,1304
1325073600000,1673.7,1673.9,1673.1,1673.1,728
1325073660000,1673.4,1673.9,1673.1,1673.6,759
1325073720000,1673.9,1674.1,1673.1,1673.3,3632
1325073780000,1673.9,1674.2,1673.5,1674.2,747
1325073840000,1674.2,1674.4,1673.6,1673.6,314
1325073900000,1674.4,1674.4,1674.0,1674.0,544
1325073960000,1674.1,1674.1,1674.0,1674.0,879
1325074020000,1674.1,1674.3,1674.0,1674.3,859
1325074080000,1674.3,1674.3,1674.0,1674.0,680
1325074140000,1674.3,1674.3,1674.0,1674.0,933
1325074200000,1674.1,1674.5,1674.0,1674.0,3088
1325074260000,1674.4,1674.4,1674.0,1674.0,208
1325074320000,1674.2,1674.2,1674.0,1674.1,690
1325074380000,1674.3,1674.3,1674.0,1674.0,604
1325074440000,1674.3,1674.3,1674.0,1674.0,2527
1325074500000,1674.3,1674.5,1674.0,1674.0,1220
1325074560000,1674.1,1674.4,1674.0,1674.1,762
1325074620000,1674.1,1674.4,1674.0,1674.1,891
1325074680000,1674.5,1674.5,1674.0,1674.0,1417
1325074740000,1674.0,1674.7,1674.0,1674.0,1483
1325074800000,1674.5,1674.9,1674.0,1674.2,3290
1325074860000,1674.9,1676.4,1674.2,1676.3,12100
1325074920000,1676.3,1676.4,1674.6,1675.0,1429
1325074980000,1675.0,1675.8,1674.0,1674.0,17003
1325075040000,1674.3,1675.7,1674.0,1674.1,2262
1325075100000,1674.9,1675.9,1674.0,1674.0,8216
1325075160000,1674.8,1675.9,1674.0,1674.2,11898
1325075220000,1675.0,1675.9,1674.0,1675.0,5180
1325075280000,1675.8,1676.2,1675.0,1676.2,1333
1325075340000,1676.2,1676.3,1675.0,1675.0,4803
1325075400000,1675.5,1675.6,1675.0,1675.1,1008
1325075460000,1675.7,1675.8,1675.1,1675.1,81
1325075520000,1675.8,1676.0,1675.0,1675.0,2961
1325075580000,1675.7,1675.7,1675.0,1675.0,10619
1325075640000,1674.9,1675.0,1674.0,1674.0,12470
1325075700000,1674.0,1674.6,1674.0,1674.0,1602
1325075760000,1674.8,1675.0,1674.0,1675.0,4015
1325075820000,1675.0,1675.6,1674.8,1674.9,2717
1325075880000,1675.7,1675.7,1674.9,1674.9,14
1325075940000,1675.3,1675.5,1675.0,1675.0,99
1325076000000,1675.1,1675.5,1675.0,1675.0,473
1325076060000,1675.0,1675.5,1674.3,1674.3,499
1325076120000,1674.9,1675.0,1674.2,1674.2,1676
1325076180000,1675.0,1675.0,1675.0,1675.0,11
1325076240000,1674.9,1676.1,1674.9,1676.0,19741
1325076300000,1676.0,1676.3,1675.1,1676.3,37897
1325076360000,1676.3,1678.9,1676.0,1677.7,8481
1325076420000,1678.2,1678.9,1676.4,1677.0,9447
1325076480000,1676.9,1677.0,1676.4,1676.4,5886
1325076540000,1676.9,1677.9,1676.5,1677.1,3995
1325076600000,1677.9,1677.9,1676.0,1676.8,27334
1325076660000,1676.8,1676.8,1676.0,1676.0,7191
1325076720000,1676.3,1676.3,1676.0,1676.0,3029
1325076780000,1676.2,1676.2,1675.1,1675.1,3090
1325076840000,1675.5,1675.5,1674.1,1674.1,891
1325076900000,1674.4,1674.4,1674.0,1674.0,5859
1325076960000,1674.2,1675.1,1674.0,1674.1,8094
1325077020000,1674.1,1674.4,1674.0,1674.4,42
1325077080000,1674.4,1674.4,1674.0,1674.1,1180
1325077140000,1674.1,1674.1,1674.1,1674.1,10
1325077200000,1674.1,1674.5,1674.0,1674.3,1740
1325077260000,1674.8,1675.0,1674.0,1675.0,3909
1325077320000,1674.4,1674.5,1674.0,1674.0,11703
1325077380000,1674.0,1674.0,1674.0,1674.0,4687
1325077440000,1674.1,1674.7,1674.1,1674.1,492
1325077500000,1674.1,1674.1,1674.0,1674.0,2421
1325077560000,1674.0,1674.1,1674.0,1674.0,10598
1325077620000,1674.0,1674.0,1674.0,1674.0,922
1325077680000,1674.1,1675.0,1674.0,1675.0,9702
1325077740000,1674.3,1674.3,1674.1,1674.1,201
1325077800000,1674.7,1675.0,1674.7,1675.0,1528
1325077860000,1675.0,1675.0,1674.1,1674.2,726
1325077920000,1674.2,1674.9,1674.2,1674.9,39
1325077980000,1674.3,1675.0,1674.3,1674.4,1019
1325078040000,1674.4,1675.6,1674.4,1674.6,294
1325078100000,1674.4,1674.6,1674.0,1674.0,16009
1325078160000,1674.0,1674.0,1674.0,1674.0,53
1325078220000,1674.2,1674.8,1674.0,1674.8,1084
1325078280000,1674.1,1674.4,1674.0,1674.4,450
1325078340000,1674.0,1674.4,1674.0,1674.0,1641
1325078400000,1674.0,1674.2,1674.0,1674.1,5228
1325078460000,1674.1,1674.1,1674.1,1674.1,74
1325078520000,1674.2,1674.4,1674.0,1674.0,6121
1325078580000,1674.7,1674.8,1674.0,1674.0,88
1325078640000,1674.0,1674.1,1674.0,1674.0,10258
1325078700000,1674.0,1674.3,1673.1,1674.0,13800
1325078760000,1673.4,1673.7,1673.1,1673.7,854
1325078820000,1673.7,1675.0,1673.7,1673.9,4405
1325078880000,1673.7,1673.8,1673.7,1673.8,62
1325078940000,1673.9,1673.9,1673.7,1673.7,2511
1325079000000,1673.7,1674.9,1673.1,1674.8,9631
1325079060000,1674.1,1675.1,1673.8,1675.0,6981
1325079120000,1675.0,1675.0,1674.0,1674.0,4635
1325079180000,1674.0,1674.0,1673.1,1673.5,2041
1325079240000,1674.0,1674.0,1673.2,1674.0,1275
1325079300000,1674.0,1674.0,1674.0,1674.0,2789
1325079360000,1674.0,1674.2,1674.0,1674.2,9177
1325079420000,1674.2,1674.4,1674.0,1674.0,4679
1325079480000,1674.2,1674.2,1674.0,1674.0,5979
1325079540000,1674.0,1674.2,1674.0,1674.0,494
1325079600000,1674.0,1674.4,1674.0,1674.4,250
1325079660000,1674.1,1676.1,1674.0,1675.7,3507
1325079720000,1675.8,1676.2,1674.0,1674.3,4444
1325079780000,1674.0,1675.4,1674.0,1674.3,967
1325079840000,1674.1,1675.1,1674.0,1675.1,130
1325079900000,1674.6,1675.2,1674.0,1675.0,474
1325079960000,1674.8,1675.0,1674.1,1674.8,145
1325080020000,1674.0,1674.0,1674.0,1674.0,4001
1325080080000,1674.4,1674.4,1674.1,1674.1,35
1325080140000,1674.4,1675.0,1674.1,1674.2,457
1325080200000,1674.1,1674.2,1674.0,1674.0,6172
1325080260000,1674.2,1675.0,1674.2,1675.0,57
1325080380000,1674.6,1674.6,1674.6,1674.6,50
1325080440000,1674.5,1674.5,1674.0,1674.0,400
1325080500000,1674.6,1675.0,1674.6,1675.0,1460
1325080560000,1674.6,1674.6,1674.5,1674.5,730
1325080620000,1674.2,1674.2,1674.0,1674.0,2500
1325080680000,1674.0,1674.0,1674.0,1674.0,1503
1325080740000,1674.0,1674.2,1674.0,1674.0,1359
1325080800000,1674.0,1674.2,1674.0,1674.0,4771
1325080860000,1674.0,1674.7,1674.0,1674.0,8755
1325080920000,1674.7,1674.9,1674.0,1674.0,2326
1325080980000,1674.6,1674.9,1674.0,1674.0,1104
1325081040000,1674.0,1674.6,1673.1,1674.0,9886
1325081100000,1673.3,1674.0,1673.2,1673.2,58
1325081160000,1673.2,1673.3,1673.1,1673.3,370
1325081220000,1673.3,1673.7,1672.6,1673.0,3934
1325081280000,1672.6,1672.6,1672.6,1672.6,182
1325081340000,1672.8,1672.9,1672.6,1672.8,2072
1325081400000,1672.6,1672.8,1672.1,1672.8,412
1325081460000,1672.5,1672.5,1670.7,1671.0,1218
1325081520000,1670.8,1670.9,1668.0,1669.2,5806
1325081580000,1668.5,1671.2,1668.0,1670.5,3945
1325081640000,1670.8,1671.5,1670.0,1671.4,6011
1325081700000,1671.0,1671.0,1669.5,1669.5,1063
1325081760000,1669.8,1669.9,1668.5,1669.5,547
1325081820000,1669.1,1669.1,1668.1,1669.0,156
1325081880000,1668.1,1668.8,1668.1,1668.8,3
1325081940000,1668.2,1669.2,1668.1,1668.1,1691
1325082000000,1668.1,1668.6,1665.5,1667.3,17419
1325082060000,1667.3,1667.6,1666.5,1667.4,4142
1325082120000,1667.4,1670.0,1666.6,1667.4,7212
1325082180000,1667.0,1667.0,1666.0,1666.3,523
1325082240000,1666.3,1667.0,1666.3,1667.0,1077
1325082300000,1667.0,1668.2,1667.0,1668.2,5978
1325082360000,1668.2,1669.8,1668.2,1669.6,282
1325082420000,1669.2,1669.2,1667.4,1668.5,4726
1325082480000,1668.8,1668.8,1667.2,1668.3,484
1325082540000,1668.9,1669.2,1668.0,1668.8,460
1325082600000,1668.9,1668.9,1667.4,1668.5,489
1325082660000,1668.6,1669.0,1667.9,1669.0,382
1325082720000,1669.0,1669.0,1667.9,1668.0,1265
1325082780000,1668.0,1668.0,1665.5,1667.0,9965
1325082840000,1666.0,1668.8,1665.5,1668.5,29743
1325082900000,1668.6,1668.6,1665.0,1667.7,22779
1325082960000,1667.6,1670.5,1667.6,1668.9,19190
1325083020000,1668.9,1670.1,1668.9,1670.0,622
1325083080000,1669.4,1670.4,1669.2,1670.4,1267
1325083140000,1670.3,1671.0,1669.8,1670.4,1107
1325083200000,1670.4,1674.0,1670.4,1673.9,2352
1325083260000,1672.5,1674.9,1672.5,1674.5,2102
1325083320000,1673.3,1676.0,1673.0,1675.2,12521
1325083380000,1675.2,1676.0,1673.4,1674.0,4673
1325083440000,1675.4,1676.3,1673.1,1673.1,10509
1325138400000,1660.0,1672.4,1659.0,1672.3,13523
1325138460000,1672.4,1673.0,1671.3,1673.0,5230
1325138520000,1672.9,1677.1,1672.4,1677.1,5247
1325138580000,1677.1,1678.7,1674.7,1675.6,4919
1325138640000,1675.8,1676.5,1672.1,1674.9,2987
1325138700000,1674.9,1679.9,1672.3,1673.8,5655
1325138760000,1674.4,1679.1,1673.1,1678.1,1664
1325138820000,1677.2,1678.8,1676.6,1678.8,355
1325138880000,1677.9,1679.0,1676.7,1678.0,3139
1325138940000,1676.6,1678.0,1676.2,1677.0,499
1325139000000,1676.1,1677.6,1676.1,1677.1,1958
1325139060000,1677.1,1678.0,1677.1,1677.5,529
1325139120000,1677.5,1678.8,1677.2,1678.8,937
1325139180000,1677.9,1679.0,1677.9,1678.9,2809
1325139240000,1678.1,1678.1,1677.8,1677.8,589
1325139300000,1677.8,1679.9,1677.3,1677.7,5677
1325139360000,1677.2,1677.2,1677.1,1677.2,16
1325139420000,1677.2,1678.0,1676.5,1677.0,1540
1325139480000,1677.0,1679.6,1677.0,1678.9,2835
1325139540000,1678.1,1678.9,1677.1,1677.1,1373
1325139600000,1677.2,1678.0,1676.5,1677.0,3062
1325139660000,1677.0,1677.9,1676.6,1677.0,3521
1325139720000,1676.7,1678.0,1675.1,1676.0,13650
1325139780000,1676.0,1677.0,1675.5,1675.5,7400
1325139840000,1675.1,1677.0,1674.8,1675.0,6751
1325139900000,1674.8,1675.0,1673.6,1674.8,453
1325139960000,1674.0,1675.0,1674.0,1675.0,234
1325140020000,1674.5,1675.0,1673.5,1673.7,162
1325140080000,1673.3,1673.3,1672.2,1672.2,505
1325140140000,1672.3,1672.5,1670.9,1671.8,9013
1325140200000,1670.9,1672.9,1669.8,1669.8,12883
1325140260000,1669.8,1670.0,1668.0,1668.3,1386
1325140320000,1668.1,1668.6,1668.0,1668.6,5933
1325140380000,1668.6,1672.5,1668.6,1672.2,6539
1325140440000,1671.3,1672.5,1671.0,1671.6,3332
1325140500000,1671.8,1672.5,1671.0,1671.7,2353
1325140560000,1671.0,1671.0,1669.7,1669.7,239
1325140620000,1669.7,1671.5,1669.6,1670.0,7096
1325140680000,1670.0,1670.1,1670.0,1670.0,3401
1325140740000,1670.0,1671.2,1670.0,1670.7,398
1325140800000,1670.7,1671.7,1669.7,1669.7,3277
1325140860000,1670.6,1671.6,1669.1,1670.5,719
1325140920000,1669.6,1671.6,1668.0,1669.1,13009
1325140980000,1668.8,1671.4,1668.7,1670.2,999
1325141040000,1670.2,1671.6,1670.2,1671.4,1336
1325141100000,1671.4,1671.4,1671.0,1671.0,1333
1325141160000,1670.1,1671.6,1670.1,1671.6,718
1325141220000,1670.7,1671.6,1669.8,1669.8,289
1325141280000,1670.2,1671.0,1669.6,1670.9,2821
1325141340000,1670.1,1670.1,1670.0,1670.0,9758
1325141400000,1670.0,1670.9,1670.0,1670.9,436
1325141460000,1670.9,1670.9,1670.2,1670.4,577
1325141520000,1670.3,1670.9,1670.1,1670.1,548
1325141580000,1670.9,1670.9,1668.6,1668.8,4431
1325141640000,1668.7,1669.9,1668.7,1669.9,552
1325141700000,1669.0,1669.9,1668.0,1668.6,2677
1325141760000,1668.6,1669.7,1668.6,1668.8,410
1325141820000,1669.6,1669.7,1668.2,1669.7,1122
1325141880000,1668.5,1669.7,1668.5,1669.3,585
1325141940000,1668.6,1670.0,1668.6,1669.7,1053
1325142000000,1669.7,1669.9,1668.5,1669.9,988
1325142060000,1669.1,1669.7,1669.0,1669.6,2820
1325142120000,1669.6,1669.6,1669.0,1669.0,1968
1325142180000,1669.5,1670.0,1669.0,1670.0,2803
1325142240000,1669.2,1670.0,1669.1,1669.9,1025
1325142300000,1669.8,1670.0,1669.3,1670.0,2703
1325142360000,1669.7,1671.6,1669.0,1670.9,1815
1325142420000,1670.8,1674.9,1670.7,1674.3,3020
1325142480000,1674.1,1674.9,1674.1,1674.9,673
1325142540000,1674.8,1676.7,1674.8,1675.0,3434
1325142600000,1675.0,1675.0,1674.2,1674.9,683
1325142660000,1674.0,1674.7,1673.3,1674.0,403
1325142720000,1673.6,1674.8,1673.2,1674.8,510
1325142780000,1673.9,1674.8,1673.0,1673.0,1283
1325142840000,1673.0,1673.9,1673.0,1673.9,666
1325142900000,1673.1,1673.9,1673.1,1673.9,880
1325142960000,1673.1,1673.9,1673.1,1673.2,352
1325143020000,1673.1,1673.9,1673.1,1673.3,90
1325143080000,1673.4,1673.4,1672.3,1673.0,3342
1325143140000,1672.4,1672.9,1672.0,1672.9,864
1325143200000,1671.7,1671.9,1669.0,1669.0,2330
1325143260000,1669.0,1671.3,1669.0,1671.3,312
1325143320000,1670.9,1671.0,1669.7,1669.7,311
1325143380000,1669.2,1673.0,1669.0,1670.0,2385
1325143440000,1669.1,1669.8,1669.0,1669.0,272
1325143500000,1669.1,1670.0,1669.0,1670.0,328
1325143560000,1669.1,1669.4,1668.3,1669.2,4468
1325143620000,1668.5,1668.6,1668.3,1668.3,1115
1325143680000,1668.4,1668.4,1668.3,1668.3,2575
1325143740000,1668.9,1669.2,1668.3,1668.5,3479
1325143800000,1668.5,1668.5,1668.0,1668.3,1019
1325143860000,1668.0,1668.9,1668.0,1668.0,148
1325143920000,1668.0,1668.0,1668.0,1668.0,127
1325143980000,1668.0,1668.0,1666.3,1666.7,1870
1325144040000,1666.4,1666.7,1666.3,1666.3,157
1325144100000,1666.3,1666.4,1665.5,1665.8,2186
1325144160000,1665.6,1665.9,1665.5,1665.6,572
1325144220000,1665.6,1666.2,1665.5,1666.2,9384
1325144280000,1665.7,1666.4,1665.7,1666.0,6231
1325144340000,1666.0,1666.5,1666.0,1666.0,281
1325144400000,1666.0,1666.0,1666.0,1666.0,70
1325144460000,1666.0,1666.0,1666.0,1666.0,80
1325144520000,1666.0,1666.4,1666.0,1666.0,331
1325144580000,1666.0,1666.5,1666.0,1666.5,522
1325144640000,1666.5,1666.5,1666.1,1666.5,643
1325144700000,1666.5,1666.8,1666.1,1666.8,582
1325144760000,1666.8,1666.8,1666.8,1666.8,10
1325144820000,1666.5,1669.3,1666.1,1669.3,1166
1325144880000,1668.4,1668.6,1668.4,1668.6,11
1325144940000,1668.6,1669.5,1668.6,1669.5,150
1325145000000,1668.8,1669.6,1668.8,1669.0,71
1325145060000,1669.0,1669.1,1668.8,1669.1,113
1325145120000,1669.1,1669.1,1668.9,1668.9,100
1325145180000,1668.9,1668.9,1668.0,1668.0,183
1325145240000,1667.4,1667.9,1667.4,1667.9,12
1325145300000,1667.6,1667.6,1666.6,1666.8,472
1325145360000,1666.7,1667.8,1666.1,1666.9,19327
1325145420000,1668.0,1668.2,1668.0,1668.1,1580
1325145480000,1668.1,1668.1,1668.1,1668.1,8
1325145540000,1668.1,1668.2,1668.1,1668.2,203
1325145600000,1668.1,1668.5,1668.1,1668.5,454
1325145660000,1668.5,1675.0,1668.5,1672.5,38582
1325145720000,1671.5,1671.5,1669.4,1669.6,1447
1325145780000,1669.0,1670.0,1668.9,1670.0,2303
1325145840000,1669.9,1670.0,1669.9,1670.0,1257
1325145900000,1670.0,1670.0,1668.1,1668.2,135
1325145960000,1668.1,1668.1,1667.0,1667.0,638
1325146020000,1667.0,1667.0,1666.3,1666.3,262
1325146080000,1666.3,1666.3,1665.1,1665.7,5341
1325146140000,1665.4,1666.3,1665.4,1666.3,2266
1325146200000,1666.4,1667.0,1666.4,1666.9,211
1325146260000,1666.4,1666.9,1665.7,1666.8,213
1325146320000,1665.8,1666.8,1665.8,1666.8,192
1325146380000,1666.9,1667.0,1666.9,1667.0,98
1325146440000,1666.9,1666.9,1665.7,1665.9,294
1325146500000,1665.9,1666.0,1665.8,1666.0,84
1325146560000,1666.3,1668.8,1663.1,1664.2,27619
1325146620000,1664.0,1664.0,1663.0,1663.1,2632
1325146680000,1663.3,1663.8,1663.1,1663.2,250
1325146740000,1663.2,1663.8,1663.1,1663.7,527
1325146800000,1663.9,1663.9,1663.1,1663.6,284
1325146860000,1663.7,1664.9,1659.5,1660.0,12876
1325146920000,1660.0,1661.4,1659.2,1661.0,14160
1325146980000,1661.7,1663.9,1660.6,1662.0,3970
1325147040000,1663.1,1664.8,1661.3,1662.4,4146
1325147100000,1662.3,1664.4,1660.9,1661.0,5301
1325147160000,1661.5,1663.4,1661.4,1663.4,309
1325147220000,1662.6,1663.5,1662.1,1663.5,711
1325147280000,1663.4,1664.4,1660.0,1661.8,5649
1325147340000,1662.1,1662.1,1660.2,1661.0,1178
1325147400000,1661.2,1663.1,1661.2,1661.7,2039
1325147460000,1661.8,1662.4,1661.8,1662.4,11
1325147520000,1661.9,1662.0,1661.7,1662.0,13854
1325147580000,1661.7,1662.0,1661.7,1661.7,8109
1325147640000,1661.8,1661.8,1660.0,1660.0,3609
1325147700000,1659.5,1661.6,1659.5,1661.6,1228
1325147760000,1661.5,1661.7,1661.4,1661.5,5050
1325147820000,1660.7,1661.6,1660.7,1661.6,104
1325147880000,1661.6,1661.7,1660.6,1661.1,1064
1325147940000,1661.6,1661.7,1661.2,1661.7,1224
1325148000000,1661.7,1662.5,1661.7,1662.5,4279
1325148060000,1663.0,1663.0,1662.4,1662.4,16
1325148120000,1662.9,1662.9,1662.9,1662.9,4
1325148180000,1662.9,1665.0,1662.9,1664.9,12462
1325148240000,1664.9,1667.0,1664.7,1666.0,7987
1325148300000,1665.8,1666.4,1665.1,1665.5,6130
1325148360000,1666.5,1666.5,1665.1,1666.0,1701
1325148420000,1665.4,1666.6,1665.1,1665.6,2309
1325148480000,1665.6,1665.6,1665.6,1665.6,1
1325148540000,1665.6,1665.8,1665.4,1665.5,2074
1325148600000,1665.5,1666.9,1665.3,1666.1,1700
1325148660000,1665.5,1665.5,1665.1,1665.1,4016
1325148720000,1665.9,1666.1,1665.9,1665.9,20
1325148780000,1665.2,1666.7,1665.0,1666.7,707
1325148840000,1665.6,1666.9,1665.6,1666.4,839
1325148900000,1666.9,1667.0,1666.8,1666.8,2655
1325148960000,1667.0,1667.3,1666.8,1667.1,4643
1325149020000,1666.9,1667.3,1666.7,1667.0,196
1325149080000,1667.0,1667.3,1666.3,1666.3,138
1325149140000,1665.9,1666.6,1665.4,1665.9,409
1325149200000,1665.9,1666.0,1665.2,1665.2,1532
1325149260000,1665.3,1665.7,1665.3,1665.6,181
1325149320000,1665.6,1666.6,1664.3,1664.3,1083
1325149380000,1664.7,1665.0,1664.1,1664.7,1391
1325149440000,1664.8,1664.9,1664.5,1664.5,120
1325149500000,1664.5,1664.8,1664.5,1664.8,684
1325149560000,1664.6,1664.6,1664.5,1664.5,998
1325149620000,1664.5,1665.0,1664.5,1665.0,718
1325149680000,1664.6,1664.6,1663.2,1663.2,437
1325149740000,1663.0,1663.2,1663.0,1663.2,916
1325149800000,1663.4,1664.0,1663.4,1664.0,22
1325149860000,1663.5,1665.0,1663.5,1664.9,1071
1325149920000,1664.9,1667.6,1664.9,1667.4,682
1325149980000,1667.6,1667.6,1665.5,1665.5,91
1325150040000,1666.0,1666.0,1665.3,1665.4,129
1325150100000,1665.4,1667.4,1665.4,1667.3,613
1325150160000,1666.5,1666.5,1666.1,1666.1,107
1325150220000,1666.8,1666.9,1666.1,1666.9,210
1325150280000,1666.2,1666.2,1665.8,1665.8,259
1325150340000,1665.9,1665.9,1665.9,1665.9,28
1325150460000,1665.8,1665.8,1663.1,1663.1,2196
1325150520000,1663.1,1664.0,1661.0,1661.2,8680
1325150580000,1661.2,1663.1,1660.6,1662.4,7201
1325150640000,1661.3,1661.6,1660.6,1660.6,188
1325150700000,1660.6,1661.3,1660.6,1661.3,50
1325150760000,1661.5,1661.5,1661.0,1661.0,275
1325150820000,1661.0,1661.0,1660.2,1660.2,2525
1325150880000,1660.2,1662.5,1659.8,1660.0,6554
1325150940000,1659.8,1661.2,1659.8,1660.2,1960
1325151000000,1660.2,1661.2,1659.8,1660.7,2501
1325151060000,1660.7,1660.9,1660.7,1660.9,622
1325151120000,1660.9,1660.9,1660.7,1660.8,90
1325151180000,1660.8,1662.1,1660.8,1662.1,1388
1325151240000,1662.1,1662.1,1661.1,1661.6,5218
1325151300000,1661.6,1662.8,1658.6,1659.9,10503
1325151360000,1660.0,1662.8,1659.9,1660.5,6047
1325151420000,1660.3,1662.4,1660.0,1662.4,2596
1325151480000,1661.6,1664.5,1661.5,1663.3,3408
1325151540000,1663.4,1664.2,1663.0,1663.0,232
1325151600000,1663.0,1663.1,1662.1,1662.4,325
1325151660000,1662.4,1662.6,1662.1,1662.6,264
1325151720000,1662.6,1663.3,1662.6,1663.2,130
1325151780000,1663.0,1663.0,1663.0,1663.0,780
1325151840000,1663.0,1663.3,1662.5,1663.3,112
1325151900000,1662.6,1665.0,1662.6,1665.0,6975
1325151960000,1665.0,1666.5,1665.0,1666.5,2116
1325152020000,1665.9,1666.8,1665.7,1665.7,259
1325152080000,1665.9,1667.5,1665.9,1666.3,1129
1325152140000,1666.4,1666.4,1665.5,1666.1,106
1325152200000,1665.9,1665.9,1665.8,1665.8,34
1325152260000,1665.5,1665.5,1665.0,1665.5,193
1325152320000,1665.7,1665.8,1665.1,1665.8,814
1325152380000,1665.3,1666.5,1665.0,1666.5,2937
1325152440000,1666.6,1667.4,1666.3,1667.0,815
1325152500000,1666.9,1667.4,1666.0,1666.5,3205
1325152560000,1666.0,1666.5,1666.0,1666.0,531
1325152620000,1666.5,1667.9,1666.0,1666.1,5240
1325152680000,1666.1,1666.7,1666.0,1666.5,607
1325152740000,1666.5,1667.0,1666.0,1667.0,1074
1325152800000,1667.0,1668.5,1666.8,1668.5,1923
1325152860000,1667.7,1668.5,1667.7,1667.7,31
1325152920000,1668.7,1669.7,1667.7,1667.7,6117
1325152980000,1668.3,1669.7,1667.7,1668.3,2392
1325153040000,1667.9,1668.2,1667.6,1667.6,245
1325153100000,1667.6,1668.1,1667.6,1667.6,926
1325153160000,1667.6,1669.5,1667.5,1667.6,1306
1325153220000,1667.6,1669.5,1667.0,1668.8,5150
1325153280000,1668.5,1669.7,1666.1,1668.2,6273
1325153340000,1667.7,1669.0,1667.7,1669.0,252
1325153400000,1668.6,1668.9,1668.6,1668.8,155
1325153460000,1668.8,1668.9,1668.6,1668.8,47
1325153520000,1668.8,1668.8,1667.9,1667.9,187
1325153580000,1668.4,1668.8,1668.0,1668.8,1103
1325153640000,1668.8,1669.7,1668.8,1669.2,1076
1325153760000,1669.2,1669.6,1669.2,1669.6,67
1325153820000,1669.4,1669.7,1669.4,1669.7,1297
1325153880000,1669.7,1669.7,1669.6,1669.7,1981
1325153940000,1669.2,1669.7,1669.2,1669.7,544
1325154000000,1669.7,1669.7,1669.2,1669.2,1264
1325154060000,1669.6,1669.8,1669.3,1669.8,1222
1325154120000,1669.8,1672.5,1669.8,1671.2,4299
1325154180000,1671.4,1673.7,1671.4,1673.7,7860
1325154240000,1673.0,1673.4,1672.9,1672.9,50
1325154300000,1673.0,1673.4,1672.4,1672.5,3756
1325154360000,1672.5,1672.8,1671.1,1671.1,847
1325154420000,1671.4,1671.8,1670.0,1670.0,4392
1325154480000,1670.7,1670.8,1669.3,1669.7,230
1325154540000,1669.7,1671.3,1668.8,1670.0,1386
1325154600000,1669.0,1671.8,1669.0,1670.5,1538
1325154660000,1671.0,1671.2,1670.5,1670.5,64
1325154720000,1669.5,1669.5,1669.1,1669.1,133
1325154780000,1669.1,1670.0,1669.1,1670.0,79
1325154840000,1669.1,1669.1,1669.0,1669.0,159
1325154900000,1668.7,1669.0,1668.7,1668.9,93
1325154960000,1668.8,1668.8,1668.8,1668.8,180
1325155020000,1668.8,1668.8,1668.8,1668.8,986
1325155080000,1668.8,1669.4,1668.8,1668.8,1198
1325155140000,1668.8,1668.8,1668.8,1668.8,500
1325155200000,1669.0,1669.7,1669.0,1669.6,388
1325155260000,1669.8,1670.0,1669.8,1670.0,506
1325155320000,1670.0,1670.8,1670.0,1670.1,1910
1325155380000,1670.8,1670.9,1670.2,1670.2,195
1325155440000,1670.2,1671.0,1670.2,1670.8,562
1325155500000,1670.2,1670.3,1668.1,1668.1,2103
1325155560000,1669.4,1671.0,1669.4,1669.4,1885
1325155620000,1669.9,1669.9,1669.8,1669.9,400
1325155680000,1669.5,1669.5,1669.5,1669.5,1
1325155740000,1669.5,1669.6,1669.3,1669.6,100
1325155800000,1669.5,1670.2,1669.5,1670.2,523
1325155860000,1670.2,1670.2,1670.2,1670.2,2
1325155920000,1670.3,1670.7,1669.5,1669.5,1228
1325155980000,1669.5,1670.0,1669.5,1670.0,1568
1325156040000,1670.1,1670.1,1670.1,1670.1,10
1325156160000,1671.0,1671.5,1670.5,1670.5,332
1325156220000,1671.0,1671.0,1671.0,1671.0,523
1325156280000,1671.0,1671.0,1671.0,1671.0,54
1325156340000,1671.4,1671.4,1671.0,1671.0,71
1325156400000,1671.0,1671.0,1671.0,1671.0,54
1325156460000,1671.0,1671.0,1671.0,1671.0,300
1325156520000,1670.5,1670.5,1668.2,1668.7,2141
1325156580000,1668.2,1668.2,1668.1,1668.1,74
1325156640000,1668.1,1668.1,1667.9,1668.0,18496
1325156700000,1668.0,1668.0,1668.0,1668.0,1720
1325156760000,1668.0,1668.0,1665.0,1666.1,1538
1325156820000,1665.1,1667.8,1665.1,1667.1,456
1325156880000,1667.0,1667.9,1666.9,1667.6,81
1325157060000,1667.9,1669.0,1667.9,1669.0,121
1325157120000,1669.0,1670.0,1668.9,1670.0,3824
1325157180000,1669.8,1669.8,1668.5,1669.7,179
1325157240000,1668.8,1668.8,1668.8,1668.8,30
1325157360000,1668.8,1668.8,1668.8,1668.8,10
1325157420000,1668.2,1668.2,1667.6,1667.6,225
1325157480000,1667.6,1667.7,1667.6,1667.7,83
1325157540000,1667.8,1667.8,1667.8,1667.8,8
1325157600000,1668.0,1668.2,1668.0,1668.2,70
1325157720000,1668.7,1668.7,1665.2,1665.4,1171
1325157780000,1665.2,1666.5,1665.0,1665.7,703
1325157840000,1666.7,1666.9,1666.0,1666.0,242
1325157900000,1666.0,1666.0,1666.0,1666.0,45
1325157960000,1665.7,1668.9,1665.7,1668.9,1116
1325158020000,1667.8,1667.8,1666.3,1666.3,831
1325158080000,1666.3,1666.5,1665.5,1666.1,461
1325158140000,1665.5,1666.1,1665.1,1666.0,632
1325158200000,1665.5,1665.5,1665.5,1665.5,8
1325158260000,1666.0,1666.1,1666.0,1666.0,98
1325158380000,1666.0,1666.0,1665.0,1665.0,3615
1325158440000,1665.1,1665.8,1665.0,1665.8,1341
1325158500000,1666.1,1668.2,1666.1,1667.5,2716
1325158560000,1667.8,1667.8,1667.8,1667.8,166
1325158680000,1667.1,1667.1,1666.1,1666.1,337
1325158740000,1665.2,1665.8,1665.0,1665.0,1056
1325158800000,1665.0,1665.2,1664.9,1665.0,3738
1325158860000,1666.0,1666.6,1665.9,1666.6,620
1325158920000,1666.7,1668.9,1666.7,1668.1,381
1325158980000,1668.0,1668.0,1666.5,1666.5,55
1325159040000,1666.2,1666.2,1665.8,1665.8,65
1325159100000,1665.8,1665.8,1665.8,1665.8,7
1325159160000,1665.5,1665.8,1665.1,1665.1,107
1325159220000,1665.5,1665.5,1665.0,1665.0,241
1325159280000,1665.5,1665.5,1665.5,1665.5,320
1325159340000,1665.5,1665.5,1665.1,1665.1,68
1325159400000,1665.1,1665.1,1665.0,1665.0,54
1325159460000,1665.1,1665.1,1665.0,1665.1,64
1325159520000,1665.7,1665.8,1665.0,1665.0,301
1325159580000,1665.7,1665.8,1665.7,1665.8,51
1325159640000,1665.0,1665.0,1665.0,1665.0,353
1325159700000,1665.2,1665.2,1665.0,1665.0,1848
1325159760000,1665.2,1665.2,1665.0,1665.0,1316
1325159820000,1665.0,1665.2,1665.0,1665.0,1338
1325159880000,1665.0,1665.1,1664.1,1665.0,8346
1325159940000,1665.0,1665.5,1664.0,1664.0,5777
1325160000000,1664.0,1664.0,1661.0,1661.0,7410
1325160060000,1661.0,1662.7,1660.8,1662.7,900
1325160120000,1662.8,1662.8,1662.0,1662.1,3115
1325160180000,1662.0,1664.7,1661.5,1662.0,3563
1325160240000,1662.1,1668.0,1662.1,1665.9,4928
1325160300000,1665.2,1665.3,1665.1,1665.1,184
1325160360000,1665.5,1665.5,1664.4,1664.4,248
1325160420000,1666.0,1667.5,1665.9,1666.7,2081
1325160480000,1666.7,1670.0,1666.7,1668.2,9026
1325160540000,1668.4,1668.4,1668.4,1668.4,12
1325160600000,1668.4,1669.5,1668.3,1669.5,90
1325160660000,1669.7,1669.7,1668.9,1669.4,305
1325160720000,1669.5,1669.5,1667.1,1667.1,511
1325160780000,1667.9,1667.9,1667.1,1667.8,62
1325160840000,1667.8,1668.0,1667.2,1667.2,181
1325160900000,1668.0,1670.0,1667.6,1670.0,5432
1325160960000,1669.9,1670.0,1669.0,1669.6,1580
1325161020000,1669.2,1669.2,1669.2,1669.2,50
1325161080000,1669.1,1669.6,1669.1,1669.6,60
1325161140000,1668.9,1669.3,1668.9,1669.3,1024
1325161200000,1669.7,1670.0,1669.7,1670.0,872
1325161260000,1670.0,1670.0,1669.6,1670.0,9158
1325161320000,1669.2,1670.0,1669.0,1669.8,3135
1325161380000,1670.0,1670.0,1669.5,1670.0,2047
1325161440000,1669.9,1670.0,1669.3,1669.3,2971
1325161500000,1669.3,1669.3,1667.7,1669.0,3069
1325161560000,1669.0,1669.9,1669.0,1669.9,1294
1325161620000,1669.9,1670.0,1669.6,1670.0,1369
1325161680000,1670.0,1670.0,1669.6,1669.6,99
1325161740000,1670.0,1670.0,1669.9,1670.0,2001
1325161800000,1670.0,1672.9,1669.6,1672.2,9122
1325161860000,1672.1,1672.1,1671.3,1672.0,2923
1325161920000,1672.2,1672.2,1672.1,1672.1,60
1325161980000,1672.1,1672.1,1670.3,1670.5,1338
1325162040000,1670.6,1670.6,1669.3,1669.4,1809
1325162100000,1669.4,1672.9,1669.4,1669.8,2489
1325162160000,1669.8,1670.0,1669.8,1670.0,134
1325162220000,1670.3,1670.6,1670.0,1670.0,751
1325162280000,1670.0,1670.0,1669.0,1669.1,880
1325162340000,1670.0,1671.0,1669.9,1671.0,635
1325162400000,1671.1,1672.4,1671.1,1671.8,425
1325162460000,1671.4,1671.4,1670.6,1670.6,41
1325162520000,1670.6,1670.6,1670.1,1670.1,202
1325162580000,1670.2,1670.4,1669.8,1669.8,872
1325162640000,1669.8,1670.5,1668.1,1668.7,2028
1325162700000,1668.2,1669.2,1668.2,1669.2,223
1325162760000,1668.8,1669.8,1668.8,1669.8,173
1325162820000,1669.3,1672.4,1669.3,1671.2,1946
1325162880000,1671.7,1671.7,1670.8,1670.8,165
1325162940000,1671.0,1671.6,1671.0,1671.0,59
1325163000000,1670.8,1670.8,1670.8,1670.8,100
1325163060000,1670.8,1671.5,1670.6,1671.5,647
1325163120000,1671.9,1672.2,1671.3,1672.2,513
1325163180000,1671.6,1672.8,1671.6,1672.6,1136
1325163240000,1672.6,1672.6,1671.8,1671.8,222
1325163300000,1672.7,1673.0,1670.3,1673.0,3611
1325163360000,1672.3,1673.7,1672.3,1673.1,2695
1325163420000,1673.6,1673.7,1672.8,1672.9,2332
1325163480000,1672.1,1672.9,1672.1,1672.9,77
1325163540000,1672.8,1673.7,1672.5,1673.6,495
1325163600000,1673.7,1673.7,1672.4,1672.7,1049
1325163660000,1672.8,1673.7,1672.0,1673.0,1485
1325163720000,1672.1,1672.1,1671.8,1671.8,679
1325163780000,1672.6,1673.7,1672.6,1673.0,1204
1325163840000,1673.0,1673.7,1672.8,1673.5,2938
1325163900000,1673.5,1673.7,1672.9,1672.9,2486
1325163960000,1672.9,1673.7,1672.9,1673.7,1051
1325164020000,1673.7,1674.0,1673.0,1674.0,10176
1325164080000,1673.3,1675.0,1673.3,1675.0,2272
1325164140000,1674.2,1675.3,1674.0,1674.5,4088
1325164200000,1675.3,1675.3,1674.2,1674.2,778
1325164260000,1674.3,1675.7,1673.8,1675.6,2887
1325164320000,1674.8,1675.7,1674.5,1675.7,2141
1325164380000,1674.8,1675.0,1674.5,1674.7,763
1325164440000,1673.8,1673.8,1672.8,1673.1,1689
1325164500000,1673.5,1674.1,1672.9,1672.9,73
1325164560000,1672.9,1673.4,1672.9,1673.1,448
1325164620000,1673.1,1673.1,1672.9,1672.9,129
1325164680000,1672.9,1672.9,1672.9,1672.9,33
1325164740000,1673.1,1673.1,1672.2,1672.7,1823
1325164800000,1673.0,1673.9,1673.0,1673.2,245
1325164860000,1672.8,1674.0,1672.8,1673.1,1799
1325164920000,1673.1,1674.4,1673.0,1673.0,1531
1325164980000,1674.0,1674.4,1673.2,1673.3,1288
1325165040000,1673.2,1673.8,1673.2,1673.8,305
1325165100000,1673.8,1674.0,1673.8,1674.0,89
1325165160000,1673.9,1673.9,1673.0,1673.0,348
1325165220000,1673.0,1673.0,1671.5,1671.7,1539
1325165280000,1671.7,1672.0,1671.7,1672.0,319
1325165340000,1672.0,1672.9,1671.1,1671.5,763
1325165400000,1671.5,1672.4,1671.0,1671.5,612
1325165460000,1671.5,1671.5,1670.0,1670.0,377
1325165520000,1670.3,1670.5,1665.8,1665.8,4356
1325165580000,1665.5,1667.6,1665.5,1667.0,2679
1325165640000,1667.0,1669.8,1666.8,1668.8,5303
1325165700000,1669.6,1672.8,1669.6,1672.8,2533
1325165760000,1671.2,1672.9,1671.2,1671.6,1083
1325165820000,1671.6,1672.9,1671.6,1672.1,847
1325165880000,1672.1,1672.7,1670.6,1671.1,844
1325165940000,1670.5,1670.7,1670.5,1670.6,183
1325166000000,1670.8,1672.0,1670.8,1671.2,271
1325166060000,1671.2,1671.2,1671.0,1671.0,193
1325166120000,1670.7,1672.0,1670.0,1671.6,1572
1325166180000,1671.3,1672.7,1671.3,1671.3,195
1325166240000,1671.6,1673.5,1671.6,1673.5,3166
1325166300000,1672.8,1673.0,1672.7,1673.0,45
1325166360000,1673.0,1673.6,1673.0,1673.6,140
1325166420000,1673.2,1673.6,1673.2,1673.6,31
1325166480000,1673.5,1673.5,1673.2,1673.2,16
1325166600000,1673.5,1673.5,1673.5,1673.5,45
1325166660000,1673.5,1674.0,1673.5,1674.0,1261
1325166720000,1674.0,1674.0,1673.7,1674.0,332
1325166780000,1673.9,1674.9,1673.9,1674.9,402
1325166840000,1674.9,1675.5,1674.4,1675.5,2646
1325166900000,1675.2,1675.2,1675.0,1675.0,466
1325166960000,1675.5,1676.1,1675.0,1676.1,5533
1325167020000,1676.3,1678.2,1675.8,1678.2,4871
1325167080000,1678.5,1679.0,1678.0,1678.0,3203
1325167140000,1678.0,1678.8,1677.7,1678.7,1523
1325167200000,1678.6,1679.0,1677.4,1678.0,1325
1325167260000,1678.5,1678.8,1677.7,1677.8,494
1325167320000,1677.4,1678.7,1677.4,1678.7,942
1325167380000,1677.9,1678.5,1677.0,1678.5,562
1325167440000,1677.5,1678.0,1677.4,1678.0,103
1325167500000,1677.5,1678.5,1677.5,1678.5,457
1325167560000,1678.5,1679.6,1678.5,1679.6,2024
1325167620000,1679.0,1681.0,1679.0,1681.0,7087
1325167680000,1680.6,1681.0,1680.5,1680.7,610
1325167740000,1680.5,1681.1,1680.5,1681.0,1045
1325167800000,1681.0,1681.0,1681.0,1681.0,566
1325167860000,1681.0,1681.2,1681.0,1681.0,540
1325167920000,1681.0,1681.0,1681.0,1681.0,387
1325167980000,1681.0,1681.0,1680.5,1680.5,425
1325168040000,1680.2,1681.0,1680.0,1680.0,1109
1325168100000,1680.0,1680.2,1679.9,1680.2,179
1325168160000,1679.7,1679.7,1679.1,1679.2,251
1325168220000,1679.2,1679.2,1679.1,1679.2,150
1325168280000,1679.4,1680.5,1679.4,1680.0,433
1325168340000,1679.5,1679.5,1679.0,1679.0,192
1325168400000,1679.8,1680.0,1679.8,1679.8,1143
1325168460000,1679.9,1680.2,1679.8,1679.8,434
1325168520000,1679.8,1679.9,1677.6,1678.7,2041
1325168580000,1678.9,1680.2,1678.9,1679.4,595
1325168640000,1679.9,1679.9,1677.6,1677.6,312
1325168700000,1677.7,1678.4,1677.7,1678.0,560
1325168760000,1677.3,1677.4,1676.2,1677.4,976
1325168820000,1678.0,1678.0,1677.3,1677.3,43
1325168880000,1677.3,1679.0,1677.3,1679.0,1596
1325168940000,1679.0,1681.1,1678.9,1679.0,7475
1325169000000,1680.0,1680.7,1680.0,1680.3,1340
1325169060000,1680.4,1680.7,1680.3,1680.7,903
1325169120000,1680.5,1681.5,1680.5,1681.0,5102
1325169180000,1681.0,1681.0,1680.7,1681.0,2955
1325169240000,1681.0,1681.4,1680.0,1681.4,3799
1325169300000,1681.4,1682.8,1681.4,1682.8,6609
1325169360000,1682.0,1682.8,1680.3,1681.0,6084
1325169420000,1681.0,1682.1,1680.5,1682.1,450
1325169480000,1681.1,1682.0,1680.0,1682.0,6182
1325169540000,1682.0,1682.0,1681.0,1681.9,187
1325169600000,1681.9,1682.5,1681.9,1682.5,1215
1325169660000,1682.5,1683.1,1682.0,1683.1,2664
1325169720000,1683.1,1685.1,1683.0,1685.1,21102
1325169780000,1685.0,1685.7,1685.0,1685.1,16291
1325169840000,1685.6,1686.0,1684.0,1685.1,35596
1325224800000,1689.1,1690.0,1682.9,1687.0,3516
1325224860000,1687.0,1687.1,1686.1,1687.1,1106
1325224920000,1686.9,1688.8,1685.9,1688.8,973
1325224980000,1688.2,1688.5,1686.1,1686.1,527
1325225040000,1685.6,1686.0,1685.2,1685.2,368
1325225100000,1685.3,1686.0,1685.2,1686.0,386
1325225160000,1685.5,1685.5,1685.1,1685.1,330
1325225220000,1686.1,1686.1,1686.1,1686.1,140
1325225280000,1686.1,1688.0,1686.1,1686.2,2045
1325225340000,1687.1,1687.3,1686.1,1687.3,44
1325225460000,1687.3,1687.9,1686.3,1687.9,438
1325225520000,1686.6,1686.6,1686.4,1686.4,164
1325225580000,1686.3,1686.3,1686.3,1686.3,117
1325225640000,1686.3,1687.9,1686.0,1687.2,1263
1325225700000,1685.9,1687.1,1685.9,1687.1,356
1325225760000,1686.4,1686.4,1686.4,1686.4,10
1325225820000,1686.0,1686.3,1686.0,1686.3,10
1325225880000,1686.4,1686.4,1686.4,1686.4,95
1325225940000,1686.4,1687.3,1686.3,1686.3,65
1325226000000,1686.9,1687.0,1686.3,1686.9,1002
1325226060000,1686.9,1686.9,1685.9,1686.0,222
1325226120000,1687.0,1687.0,1687.0,1687.0,32
1325226180000,1687.0,1687.0,1687.0,1687.0,82
1325226240000,1687.0,1687.0,1686.5,1686.5,380
1325226300000,1686.4,1686.7,1686.0,1686.0,333
1325226360000,1686.5,1687.0,1686.5,1687.0,802
1325226420000,1687.0,1687.0,1686.4,1687.0,268
1325226480000,1687.0,1687.0,1686.7,1686.7,176
1325226540000,1686.7,1687.0,1686.7,1687.0,406
1325226600000,1686.2,1687.0,1686.1,1687.0,281
1325226660000,1686.9,1687.9,1686.3,1687.9,2783
1325226720000,1687.5,1688.0,1687.4,1688.0,327
1325226780000,1688.0,1688.5,1687.3,1688.5,91
1325226840000,1688.0,1689.6,1688.0,1689.0,1002
1325226900000,1689.6,1690.0,1689.0,1689.9,1421
1325226960000,1690.0,1690.0,1689.0,1689.0,341
1325227020000,1689.0,1689.0,1689.0,1689.0,14
1325227080000,1689.8,1690.7,1689.7,1690.7,1408
1325227140000,1690.7,1690.7,1690.7,1690.7,377
1325227200000,1690.5,1690.7,1690.3,1690.7,92
1325227260000,1690.7,1690.7,1690.3,1690.3,95
1325227320000,1690.3,1690.3,1690.3,1690.3,30
1325227380000,1690.4,1690.6,1690.3,1690.3,749
1325227440000,1690.3,1690.3,1690.3,1690.3,250
1325227500000,1690.6,1690.7,1690.0,1690.0,664
1325227560000,1690.0,1690.7,1690.0,1690.0,1038
1325227620000,1690.0,1690.0,1690.0,1690.0,1
1325227680000,1690.7,1690.7,1690.0,1690.0,105
1325227740000,1690.6,1690.7,1690.6,1690.6,72
1325227800000,1690.7,1690.7,1690.0,1690.1,196
1325227860000,1690.1,1690.1,1689.5,1689.5,1004
1325227920000,1689.9,1690.0,1689.9,1690.0,10
1325227980000,1689.5,1689.9,1689.5,1689.9,92
1325228040000,1689.9,1689.9,1689.9,1689.9,8
1325228100000,1690.0,1690.0,1689.9,1689.9,365
1325228160000,1690.1,1690.5,1689.6,1689.6,646
1325228220000,1689.6,1690.0,1689.6,1690.0,46
1325228280000,1690.0,1690.0,1690.0,1690.0,50
1325228340000,1689.6,1689.6,1689.6,1689.6,30
1325228400000,1689.6,1691.8,1689.5,1691.8,1311
1325228460000,1691.8,1692.0,1691.5,1692.0,1621
1325228520000,1691.9,1692.0,1691.9,1691.9,781
1325228580000,1692.0,1692.0,1691.5,1691.5,117
1325228640000,1691.0,1692.0,1690.8,1692.0,314
1325228700000,1691.8,1692.3,1691.8,1692.3,2487
1325228760000,1692.3,1693.1,1692.3,1693.0,764
1325228820000,1693.1,1693.3,1692.6,1693.0,217
1325228880000,1693.1,1693.3,1693.1,1693.3,70
1325229000000,1693.0,1693.0,1692.0,1692.0,122
1325229060000,1692.8,1692.8,1691.6,1692.4,82
1325229120000,1691.6,1691.7,1691.2,1691.7,37
1325229180000,1691.8,1692.2,1691.8,1692.2,24
1325229240000,1691.2,1691.2,1691.0,1691.0,60
1325229300000,1691.4,1691.4,1691.4,1691.4,50
1325229360000,1691.5,1691.5,1691.5,1691.5,31
1325229420000,1691.4,1691.4,1689.0,1689.0,2426
1325229480000,1690.4,1690.4,1689.0,1689.0,857
1325229540000,1690.1,1690.1,1690.1,1690.1,12
1325229600000,1690.0,1690.0,1690.0,1690.0,65
1325229660000,1690.0,1690.1,1689.0,1689.0,455
1325229720000,1689.6,1689.6,1689.6,1689.6,25
1325229780000,1689.6,1689.6,1689.0,1689.0,22
1325229840000,1689.2,1689.2,1689.0,1689.0,57
1325229900000,1689.0,1689.0,1689.0,1689.0,110
1325229960000,1689.1,1689.1,1689.0,1689.0,14
1325230020000,1689.2,1689.2,1689.2,1689.2,6
1325230080000,1689.6,1689.6,1689.0,1689.0,171
1325230140000,1689.0,1689.1,1689.0,1689.0,106
1325230200000,1689.2,1689.2,1689.2,1689.2,27
1325230260000,1689.2,1689.5,1689.2,1689.2,51
1325230320000,1689.2,1689.7,1689.0,1689.0,228
1325230380000,1689.0,1689.0,1689.0,1689.0,6
1325230440000,1689.0,1689.0,1689.0,1689.0,6
1325230500000,1689.0,1689.8,1689.0,1689.8,430
1325230560000,1689.5,1689.7,1689.5,1689.7,50
1325230620000,1689.0,1689.4,1689.0,1689.4,497
1325230680000,1689.4,1689.4,1689.0,1689.0,152
1325230740000,1689.0,1689.0,1689.0,1689.0,11
1325230860000,1689.1,1689.1,1689.0,1689.0,1099
1325230920000,1689.0,1689.0,1689.0,1689.0,30
1325230980000,1689.0,1689.3,1689.0,1689.0,231
1325231040000,1689.0,1689.0,1689.0,1689.0,799
1325231100000,1689.0,1689.0,1689.0,1689.0,170
1325231160000,1689.0,1689.0,1689.0,1689.0,190
1325231220000,1689.1,1689.5,1689.1,1689.5,337
1325231280000,1689.1,1689.1,1689.0,1689.0,313
1325231340000,1689.0,1689.1,1689.0,1689.0,215
1325231400000,1689.0,1689.0,1689.0,1689.0,625
1325231460000,1689.1,1689.1,1689.0,1689.1,172
1325231520000,1689.0,1689.0,1689.0,1689.0,52
1325231580000,1689.0,1689.1,1689.0,1689.1,214
1325231640000,1689.0,1689.9,1689.0,1689.1,426
1325231700000,1689.2,1689.9,1689.0,1689.0,722
1325231760000,1689.0,1689.0,1689.0,1689.0,510
1325231820000,1689.5,1689.8,1689.0,1689.8,1353
1325231880000,1689.0,1690.0,1689.0,1690.0,894
1325231940000,1689.7,1690.0,1689.2,1689.2,398
1325232000000,1690.0,1692.0,1689.9,1690.0,7923
1325232060000,1690.0,1690.7,1689.7,1689.9,1367
1325232120000,1689.9,1690.0,1689.8,1689.9,86
1325232180000,1689.8,1689.8,1689.0,1689.8,178
1325232240000,1689.0,1689.0,1688.8,1689.0,2185
1325232300000,1689.0,1689.0,1687.3,1687.4,1047
1325232360000,1687.7,1688.4,1687.5,1687.5,125
1325232420000,1688.4,1688.4,1688.2,1688.2,71
1325232480000,1688.3,1688.5,1687.3,1688.2,92
1325232540000,1688.0,1688.0,1687.4,1688.0,33
1325232600000,1688.0,1688.0,1687.0,1687.0,972
1325232660000,1688.0,1688.0,1687.0,1687.0,571
1325232720000,1687.0,1688.0,1687.0,1687.8,203
1325232780000,1687.9,1687.9,1687.9,1687.9,20
1325232900000,1688.0,1688.0,1688.0,1688.0,46
1325232960000,1688.0,1690.0,1687.6,1687.6,3503
1325233020000,1687.6,1688.4,1687.5,1688.4,161
1325233080000,1688.3,1688.9,1687.4,1688.9,123
1325233140000,1688.1,1688.9,1688.0,1688.1,470
1325233200000,1688.1,1688.2,1688.0,1688.0,2395
1325233260000,1688.0,1688.1,1688.0,1688.0,1024
1325233320000,1688.0,1688.0,1687.0,1687.0,18909
1325233380000,1687.0,1687.1,1687.0,1687.0,10871
1325233440000,1686.9,1687.0,1686.0,1687.0,1852
1325233500000,1686.0,1687.0,1683.7,1683.9,5476
1325233560000,1683.6,1683.6,1680.4,1682.0,2492
1325233620000,1681.8,1683.2,1681.0,1683.2,324
1325233680000,1682.4,1683.0,1680.2,1680.2,1261
1325233740000,1680.2,1681.0,1680.1,1680.2,65
1325233800000,1680.6,1680.9,1680.2,1680.3,2579
1325233860000,1680.2,1682.5,1680.2,1682.5,1025
1325233920000,1682.0,1682.6,1681.0,1682.6,314
1325233980000,1683.0,1684.4,1682.9,1683.0,897
1325234040000,1683.2,1684.0,1683.0,1683.8,421
1325234100000,1683.9,1683.9,1683.1,1683.1,428
1325234160000,1683.1,1683.8,1683.0,1683.1,905
1325234220000,1683.9,1684.5,1683.9,1684.2,142
1325234280000,1684.2,1684.9,1683.1,1683.1,463
1325234340000,1683.5,1683.5,1683.5,1683.5,14
1325234400000,1683.5,1684.4,1683.3,1684.3,240
1325234460000,1684.3,1684.6,1683.3,1684.6,1143
1325234520000,1684.7,1685.3,1684.0,1685.3,988
1325234580000,1685.5,1688.4,1685.5,1686.1,6169
1325234640000,1686.8,1688.5,1686.8,1688.5,2458
1325234700000,1688.3,1688.8,1688.3,1688.8,904
1325234760000,1688.9,1689.0,1687.3,1687.3,550
1325234820000,1687.6,1688.5,1687.6,1688.5,100
1325234880000,1688.5,1688.5,1687.5,1688.4,244
1325234940000,1688.1,1689.0,1688.1,1689.0,274
1325235000000,1688.2,1689.0,1688.1,1688.1,95
1325235060000,1688.1,1688.1,1687.9,1687.9,78
1325235120000,1688.8,1689.9,1688.8,1689.9,740
1325235180000,1689.3,1689.9,1689.3,1689.9,3
1325235240000,1689.9,1689.9,1689.2,1689.2,37
1325235300000,1689.2,1692.0,1689.2,1692.0,6293
1325235360000,1692.0,1692.2,1690.4,1691.8,3431
1325235420000,1692.0,1694.0,1691.7,1691.7,3678
1325235480000,1691.2,1691.2,1691.1,1691.1,42
1325235540000,1691.9,1693.5,1691.9,1693.1,864
1325235600000,1693.1,1693.9,1692.4,1692.5,2204
1325235660000,1692.6,1694.0,1692.6,1693.2,1934
1325235720000,1693.1,1694.3,1692.6,1692.6,1808
1325235780000,1694.2,1694.6,1693.5,1693.5,339
1325235840000,1694.2,1694.7,1693.3,1694.6,696
1325235900000,1693.5,1694.2,1693.2,1693.2,54
1325235960000,1693.4,1694.1,1692.8,1692.8,123
1325236020000,1693.0,1693.2,1693.0,1693.1,103
1325236080000,1693.1,1693.3,1692.4,1693.3,294
1325236140000,1692.4,1693.5,1692.3,1693.5,352
1325236200000,1693.0,1693.8,1692.9,1692.9,134
1325236260000,1693.7,1693.7,1693.2,1693.2,123
1325236320000,1692.2,1692.2,1692.0,1692.0,21
1325236380000,1691.7,1692.1,1691.4,1691.9,124
1325236440000,1692.0,1692.0,1692.0,1692.0,250
1325236500000,1691.2,1691.9,1691.1,1691.1,336
1325236560000,1691.0,1694.3,1691.0,1694.0,1112
1325236620000,1694.0,1694.4,1692.3,1692.3,1497
1325236680000,1692.4,1693.4,1691.4,1691.4,192
1325236740000,1692.4,1692.4,1692.4,1692.4,725
1325236800000,1692.9,1693.4,1692.4,1693.4,959
1325236860000,1693.1,1693.1,1693.1,1693.1,120
1325236920000,1693.1,1693.5,1693.1,1693.5,250
1325236980000,1693.5,1694.0,1693.5,1693.5,1464
1325237040000,1693.1,1693.1,1693.1,1693.1,453
1325237100000,1693.1,1693.1,1692.4,1692.4,178
1325237160000,1692.8,1692.8,1692.8,1692.8,20
1325237220000,1692.8,1692.9,1692.8,1692.9,188
1325237280000,1693.1,1693.9,1692.8,1693.1,1536
1325237340000,1692.9,1693.5,1692.4,1692.7,2088
1325237400000,1692.7,1692.7,1690.7,1692.0,1074
1325237460000,1692.0,1692.1,1692.0,1692.1,80
1325237520000,1692.0,1692.0,1692.0,1692.0,475
1325237580000,1692.0,1692.0,1692.0,1692.0,329
1325237640000,1692.0,1692.0,1690.0,1690.1,687
1325237700000,1690.0,1691.3,1690.0,1690.4,394
1325237760000,1690.4,1691.4,1690.0,1691.4,771
1325237820000,1690.6,1693.0,1690.6,1693.0,728
1325237880000,1692.9,1694.0,1692.6,1694.0,617
1325237940000,1693.9,1694.0,1693.9,1693.9,149
1325238000000,1693.7,1694.0,1690.0,1693.0,6232
1325238060000,1692.7,1694.1,1692.7,1693.3,1770
1325238120000,1693.8,1694.0,1693.8,1694.0,2
1325238180000,1693.9,1693.9,1692.8,1692.8,20
1325238240000,1693.8,1694.3,1693.8,1694.3,4870
1325238300000,1694.3,1695.0,1694.3,1695.0,23369
1325238360000,1694.4,1694.4,1694.3,1694.3,2
1325238420000,1694.0,1694.0,1693.4,1693.4,11
1325238480000,1693.4,1694.0,1693.1,1693.1,41
1325238540000,1693.1,1693.9,1693.1,1693.9,51
1325238600000,1693.2,1693.2,1692.5,1692.5,2751
1325238660000,1693.2,1693.2,1693.2,1693.2,64
1325238720000,1693.2,1693.3,1692.5,1693.3,949
1325238780000,1693.3,1694.0,1693.3,1693.3,28
1325238840000,1693.3,1693.3,1693.3,1693.3,1278
1325238900000,1693.3,1693.3,1692.0,1692.9,340
1325238960000,1692.9,1693.0,1692.3,1692.3,62
1325239020000,1692.2,1693.0,1692.0,1693.0,1011
1325239080000,1693.0,1693.8,1693.0,1693.0,120
1325239140000,1693.0,1693.0,1692.8,1692.8,6000
1325239200000,1693.0,1693.0,1692.9,1692.9,132
1325239260000,1693.0,1693.0,1693.0,1693.0,145
1325239380000,1693.0,1693.1,1693.0,1693.1,1510
1325239440000,1693.0,1693.0,1692.8,1692.8,311
1325239500000,1692.8,1692.8,1692.2,1692.2,3878
1325239560000,1691.4,1693.4,1691.2,1693.4,1725
1325239620000,1693.3,1693.4,1692.8,1692.8,111
1325239680000,1693.3,1693.3,1692.3,1692.3,12
1325239740000,1692.3,1692.3,1692.2,1692.2,30
1325239860000,1692.3,1692.3,1692.3,1692.3,50
1325239920000,1692.5,1693.7,1692.5,1693.7,2165
1325239980000,1693.5,1693.9,1693.5,1693.9,690
1325240040000,1693.9,1694.4,1693.9,1694.4,1531
1325240100000,1694.2,1694.4,1694.2,1694.4,511
1325240160000,1694.4,1695.0,1694.0,1694.9,1696
1325240220000,1695.0,1695.0,1694.2,1695.0,9085
1325240280000,1694.9,1695.0,1694.0,1695.0,688
1325240340000,1694.8,1695.8,1694.7,1695.8,16223
1325240400000,1695.8,1696.0,1694.8,1696.0,641
1325240460000,1695.7,1695.7,1695.0,1695.0,2997
1325240520000,1695.0,1695.7,1695.0,1695.7,358
1325240580000,1695.7,1696.3,1695.7,1696.3,2978
1325240640000,1696.3,1696.3,1696.0,1696.3,342
1325240700000,1696.2,1696.3,1696.0,1696.3,4739
1325240760000,1696.0,1696.0,1696.0,1696.0,60
1325240820000,1696.3,1696.3,1696.2,1696.3,2620
1325240880000,1696.0,1696.3,1695.0,1695.0,3051
1325240940000,1696.0,1696.3,1696.0,1696.3,25
1325241000000,1696.0,1696.0,1695.3,1695.3,108
1325241060000,1696.0,1696.3,1696.0,1696.0,1555
1325241120000,1696.2,1697.1,1696.2,1697.1,4211
1325241180000,1697.1,1697.2,1696.6,1697.1,1698
1325241240000,1697.2,1697.2,1697.0,1697.0,4734
1325241300000,1697.0,1697.2,1697.0,1697.2,1494
1325241360000,1697.1,1697.2,1697.1,1697.2,427
1325241420000,1697.2,1697.2,1697.2,1697.2,3934
1325241480000,1697.2,1697.2,1696.8,1697.1,143
1325241540000,1697.1,1697.2,1697.0,1697.2,2156
1325241600000,1697.1,1697.2,1696.6,1697.2,1467
1325241660000,1697.2,1697.9,1697.1,1697.9,8874
1325241720000,1697.7,1697.9,1696.5,1697.0,979
1325241780000,1697.0,1698.0,1696.3,1697.9,7524
1325241840000,1697.9,1698.1,1697.6,1698.1,7336
1325241900000,1698.1,1698.1,1698.1,1698.1,5918
1325241960000,1698.1,1698.1,1698.0,1698.1,2787
1325242020000,1698.1,1699.0,1698.0,1699.0,12173
1325242080000,1699.0,1699.0,1698.8,1699.0,3176
1325242140000,1699.0,1699.0,1698.1,1698.1,4210
1325242200000,1698.9,1699.0,1698.9,1699.0,1703
1325242260000,1699.0,1699.0,1698.9,1699.0,6348
1325242320000,1699.0,1699.0,1698.9,1699.0,2793
1325242380000,1699.0,1699.9,1699.0,1699.9,11336
1325242440000,1699.9,1699.9,1698.7,1698.7,220
1325242500000,1698.3,1698.4,1698.0,1698.0,429
1325242560000,1698.1,1698.1,1698.0,1698.0,50
1325242620000,1698.8,1699.6,1698.0,1699.6,956
1325242680000,1699.6,1699.9,1698.7,1698.7,3568
1325242740000,1699.9,1699.9,1699.8,1699.8,2899
1325242800000,1699.8,1699.8,1698.9,1698.9,47
1325242860000,1698.6,1699.9,1698.5,1699.9,319
1325242920000,1699.7,1699.8,1698.0,1699.8,1450
1325242980000,1699.4,1699.9,1698.7,1698.7,2221
1325243040000,1698.5,1699.6,1696.4,1697.6,3302
1325243100000,1696.7,1697.8,1696.5,1696.5,728
1325243220000,1697.7,1699.8,1697.2,1699.0,6215
1325243280000,1699.1,1699.1,1697.9,1698.0,134
1325243340000,1698.0,1698.0,1697.8,1698.0,68
1325243400000,1698.0,1698.0,1697.2,1697.2,256
1325243460000,1697.2,1698.0,1697.1,1697.3,488
1325243520000,1697.0,1698.0,1697.0,1698.0,120
1325243580000,1697.9,1698.0,1697.9,1698.0,101
1325243640000,1697.3,1697.3,1697.0,1697.1,135
1325243700000,1697.1,1698.0,1697.1,1698.0,2689
1325243760000,1697.8,1697.8,1697.1,1697.1,227
1325243820000,1697.8,1698.0,1697.8,1698.0,1480
1325243940000,1697.2,1697.2,1697.0,1697.0,550
1325244000000,1697.7,1698.0,1696.9,1698.0,2189
1325244060000,1698.1,1699.0,1698.1,1699.0,3157
1325244120000,1699.0,1699.9,1698.2,1699.9,9601
1325244180000,1698.9,1699.9,1698.9,1699.6,4564
1325244240000,1699.5,1699.9,1698.2,1699.9,1537
1325244300000,1699.0,1699.1,1698.5,1698.5,80
1325244360000,1699.7,1699.9,1698.8,1699.9,4728
1325244420000,1699.9,1699.9,1699.1,1699.9,3294
1325244480000,1699.9,1699.9,1698.2,1698.6,2499
1325244540000,1698.3,1699.8,1698.2,1699.5,365
1325244600000,1699.5,1699.5,1698.2,1698.2,151
1325244660000,1698.5,1699.9,1698.1,1698.8,569
1325244720000,1698.2,1699.9,1698.2,1699.9,923
1325244780000,1699.6,1699.9,1699.0,1699.9,873
1325244840000,1699.5,1699.9,1699.5,1699.9,559
1325244900000,1699.9,1699.9,1699.1,1699.9,2322
1325244960000,1699.9,1699.9,1698.9,1699.9,3989
1325245020000,1699.9,1700.0,1698.3,1699.9,2345
1325245080000,1699.0,1699.0,1699.0,1699.0,1998
1325245140000,1699.0,1700.0,1699.0,1700.0,1708
1325245200000,1699.1,1700.0,1699.0,1700.0,2103
1325245260000,1700.0,1700.0,1699.2,1700.0,1288
1325245320000,1700.0,1700.0,1699.8,1700.0,2879
1325245380000,1700.0,1700.0,1700.0,1700.0,6085
1325245440000,1699.6,1700.0,1699.5,1699.6,1036
1325245500000,1699.6,1699.6,1698.6,1698.6,326
1325245560000,1698.6,1698.6,1698.6,1698.6,71
1325245620000,1698.6,1698.6,1698.6,1698.6,17
1325245680000,1698.6,1698.6,1698.6,1698.6,245
1325245740000,1698.6,1698.6,1698.6,1698.6,557
1325245800000,1698.6,1698.6,1698.6,1698.6,152
1325245860000,1698.6,1699.3,1697.1,1699.3,2178
1325245920000,1698.3,1699.0,1698.1,1698.1,104
1325246040000,1698.6,1699.0,1698.6,1699.0,3
1325246100000,1698.1,1698.3,1698.1,1698.3,85
1325246160000,1698.9,1699.4,1698.9,1699.4,332
1325246220000,1699.0,1699.0,1699.0,1699.0,53
1325246280000,1699.2,1699.5,1699.1,1699.5,1307
1325246340000,1699.1,1700.0,1699.1,1699.9,7706
1325246400000,1699.9,1700.0,1699.9,1699.9,12658
1325246460000,1700.0,1700.2,1699.9,1700.2,13193
1325246520000,1700.3,1702.0,1700.3,1702.0,3055
1325246580000,1701.3,1702.0,1699.0,1699.0,5926
1325246640000,1699.7,1700.0,1699.7,1700.0,925
1325246700000,1700.0,1700.0,1700.0,1700.0,1451
1325246760000,1700.0,1701.2,1698.0,1700.7,4836
1325246820000,1700.5,1703.0,1700.5,1703.0,8755
1325246880000,1703.0,1703.5,1700.1,1702.2,1934
1325246940000,1701.5,1702.5,1700.6,1702.4,1416
1325247000000,1702.5,1702.5,1702.0,1702.1,82
1325247060000,1702.4,1704.5,1702.4,1704.5,4336
1325247120000,1704.0,1704.6,1703.2,1704.0,1244
1325247180000,1704.0,1704.6,1702.8,1704.6,1710
1325247240000,1704.6,1704.8,1703.8,1704.8,3041
1325247300000,1704.8,1705.0,1703.8,1705.0,3038
1325247360000,1705.0,1705.0,1702.0,1702.5,5014
1325247420000,1702.9,1704.4,1701.1,1701.2,4095
1325247480000,1701.9,1702.0,1701.1,1701.2,1487
1325247540000,1701.2,1703.9,1701.2,1703.9,7980
1325247600000,1703.7,1704.4,1703.6,1704.4,1901
1325247660000,1704.4,1705.0,1702.2,1703.6,11227
1325247720000,1703.6,1705.0,1703.0,1703.1,12660
1325247780000,1703.9,1705.0,1703.9,1705.0,3272
1325247840000,1705.0,1705.0,1703.2,1704.2,10903
1325247900000,1704.5,1705.0,1704.2,1705.0,2167
1325247960000,1705.0,1705.0,1704.6,1705.0,910
1325248020000,1704.8,1704.9,1704.8,1704.9,390
1325248080000,1704.0,1704.9,1704.0,1704.9,389
1325248140000,1704.0,1704.9,1703.7,1704.9,2650
1325248200000,1704.9,1704.9,1704.0,1704.0,2890
1325248260000,1704.0,1704.9,1704.0,1704.9,28
1325248320000,1704.0,1704.7,1703.6,1703.6,950
1325248380000,1703.6,1703.7,1702.7,1702.9,2232
1325248440000,1703.0,1703.0,1702.4,1703.0,842
1325248500000,1702.5,1703.0,1702.5,1703.0,40
1325248560000,1702.5,1702.5,1702.0,1702.0,1573
1325248620000,1702.0,1703.0,1701.2,1702.9,3008
1325248680000,1703.0,1705.0,1702.9,1703.8,6979
1325248740000,1703.5,1707.5,1703.1,1706.5,5589
1325248800000,1706.5,1708.0,1705.6,1707.1,2456
1325248860000,1706.8,1707.4,1705.8,1706.4,530
1325248920000,1706.2,1708.1,1705.9,1707.9,4242
1325248980000,1707.8,1708.0,1705.3,1705.3,1156
1325249040000,1705.2,1708.0,1705.2,1708.0,1538
1325249100000,1708.1,1708.1,1706.3,1708.1,2338
1325249160000,1708.1,1708.1,1706.5,1706.8,2773
1325249220000,1706.9,1708.0,1706.5,1708.0,1532
1325249280000,1708.0,1708.1,1706.8,1707.0,4953
1325249340000,1706.5,1708.1,1706.5,1708.0,3049
1325249400000,1707.0,1707.0,1706.7,1706.7,185
1325249460000,1706.8,1707.7,1706.6,1707.7,825
1325249520000,1707.7,1708.0,1707.7,1708.0,507
1325249580000,1707.9,1708.1,1707.9,1708.0,7319
1325249640000,1708.0,1708.1,1707.0,1707.0,910
1325249700000,1707.2,1708.0,1707.0,1708.0,300
1325249760000,1708.0,1708.1,1707.0,1708.0,6561
1325249820000,1707.9,1708.1,1706.0,1706.0,4244
1325249880000,1706.0,1706.0,1705.0,1706.0,3843
1325249940000,1705.1,1708.1,1705.0,1707.7,3456
1325250000000,1708.0,1708.9,1707.4,1708.9,3130
1325250060000,1709.0,1709.0,1708.2,1708.6,1068
1325250120000,1708.7,1708.8,1708.0,1708.8,425
1325250180000,1708.4,1708.7,1707.7,1708.7,491
1325250240000,1708.4,1708.4,1707.4,1707.4,2170
1325250300000,1707.4,1707.5,1705.9,1705.9,550
1325250360000,1706.1,1707.2,1706.1,1707.2,6
1325250420000,1706.3,1707.0,1705.7,1705.9,103
1325250480000,1705.8,1706.3,1705.0,1705.0,5920
1325250540000,1705.0,1705.1,1704.6,1705.0,2335
1325250600000,1704.6,1705.0,1704.6,1704.8,7707
1325250660000,1704.3,1704.6,1704.1,1704.1,281
1325250720000,1704.1,1704.1,1704.1,1704.1,27
1325250780000,1704.1,1704.3,1703.7,1703.7,627
1325250840000,1704.3,1705.0,1704.3,1705.0,1659
1325250960000,1704.0,1704.5,1703.2,1703.4,240
1325251020000,1703.5,1703.9,1703.5,1703.9,31
1325251080000,1703.9,1703.9,1703.7,1703.9,555
1325251140000,1703.9,1703.9,1702.3,1702.3,1712
1325251200000,1702.3,1704.3,1702.3,1704.3,166
1325251260000,1704.0,1704.0,1704.0,1704.0,2
1325251320000,1703.9,1703.9,1703.5,1703.5,16
1325251380000,1703.3,1703.5,1702.0,1702.1,406
1325251440000,1702.2,1702.2,1701.7,1701.7,493
1325251500000,1701.9,1702.0,1701.7,1702.0,259
1325251560000,1701.9,1702.0,1700.9,1701.0,2444
1325251620000,1700.9,1702.5,1700.8,1702.5,3492
1325251680000,1702.4,1702.5,1701.0,1701.0,1576
1325251740000,1701.0,1701.0,1700.8,1700.8,2195
1325251800000,1700.8,1701.0,1700.8,1701.0,780
1325251860000,1700.8,1701.8,1700.8,1701.8,1003
1325251920000,1701.8,1702.0,1701.8,1702.0,100
1325251980000,1702.0,1702.0,1702.0,1702.0,321
1325252040000,1701.3,1702.9,1701.3,1701.5,1615
1325252100000,1701.6,1701.6,1700.7,1700.7,3851
1325252160000,1700.9,1701.0,1700.9,1701.0,116
1325252220000,1701.0,1701.0,1701.0,1701.0,748
1325252280000,1700.8,1703.9,1699.0,1703.4,5954
1325252340000,1703.7,1703.9,1702.0,1702.0,961
1325252400000,1702.0,1702.0,1701.7,1702.0,2243
1325252460000,1702.0,1705.0,1701.9,1705.0,3890
1325252520000,1704.0,1704.4,1703.7,1704.3,22
1325252580000,1704.1,1704.1,1703.1,1703.1,176
1325252640000,1703.9,1703.9,1701.7,1702.6,5746
1325252700000,1703.0,1703.0,1702.6,1703.0,1565
1325252760000,1702.6,1703.0,1701.6,1702.6,6420
1325252820000,1702.7,1703.4,1701.9,1702.0,1109
1325252880000,1702.0,1703.0,1701.0,1703.0,2200
1325252940000,1703.0,1704.0,1703.0,1704.0,3035
1325253000000,1704.0,1704.0,1703.2,1703.2,303
1325253060000,1704.0,1705.0,1703.9,1704.0,4833
1325253120000,1704.0,1706.9,1704.0,1706.8,4631
1325253180000,1706.9,1707.8,1705.6,1707.0,6089
1325253240000,1707.0,1708.0,1705.7,1705.9,2705
1325253300000,1706.7,1708.5,1705.1,1705.1,6483
1325253360000,1707.3,1708.4,1705.3,1706.9,6559
1325253420000,1706.6,1708.4,1706.6,1707.2,1857
1325253480000,1707.2,1707.2,1705.1,1706.3,692
1325253540000,1705.4,1706.3,1705.1,1706.3,220
1325253600000,1705.7,1708.7,1705.7,1708.7,6985
1325253660000,1708.7,1709.6,1708.7,1709.6,3668
1325253720000,1709.6,1709.9,1707.9,1707.9,6309
1325253780000,1709.4,1709.9,1706.0,1709.0,1860
1325253840000,1709.0,1709.0,1707.7,1708.0,347
1325253900000,1707.9,1708.0,1706.2,1707.0,2152
1325253960000,1708.0,1708.0,1707.6,1708.0,3097
1325254020000,1707.9,1708.0,1706.3,1708.0,2121
1325254080000,1708.0,1708.0,1706.9,1706.9,986
1325254140000,1706.9,1706.9,1705.6,1705.6,784
1325254200000,1706.0,1706.0,1704.4,1705.0,2225
1325254260000,1704.4,1706.0,1704.4,1705.9,1775
1325254320000,1705.8,1706.0,1705.5,1705.9,2090
1325254380000,1705.9,1707.0,1705.9,1707.0,2783
1325254440000,1707.0,1708.0,1704.5,1707.8,2545
1325254500000,1706.8,1708.0,1704.5,1708.0,4345
1325254560000,1707.9,1708.0,1707.0,1708.0,3239
1325254620000,1708.0,1708.0,1707.9,1708.0,1764
1325254680000,1708.0,1709.0,1707.2,1708.0,2891
1325254740000,1708.0,1708.0,1706.2,1706.7,2554
1325254800000,1706.3,1707.9,1705.0,1705.0,3476
1325254860000,1705.0,1707.8,1705.0,1707.7,1813
1325254920000,1707.0,1708.0,1706.9,1707.9,1391
1325254980000,1707.0,1709.0,1706.8,1709.0,3455
1325255040000,1709.0,1709.9,1707.9,1709.9,4590
1325255100000,1709.9,1709.9,1708.9,1709.9,3364
1325255160000,1709.0,1710.0,1708.9,1709.9,4864
1325255220000,1709.9,1709.9,1708.3,1709.8,7862
1325255280000,1709.8,1710.0,1708.5,1710.0,11238
1325255340000,1710.0,1710.0,1709.5,1710.0,1368
1325255400000,1709.9,1710.0,1708.0,1708.0,936
1325255460000,1707.9,1709.0,1707.6,1708.9,1649
1325255520000,1707.9,1709.0,1707.6,1708.4,3776
1325255580000,1707.7,1708.5,1704.0,1705.0,10142
1325255640000,1705.4,1708.4,1704.9,1708.4,3361
1325255700000,1708.5,1709.0,1706.0,1708.5,7254
1325255760000,1708.4,1709.0,1705.9,1708.9,3723
1325255820000,1708.9,1709.0,1708.0,1709.0,1301
1325255880000,1708.6,1709.0,1705.1,1708.0,1769
1325255940000,1708.0,1709.0,1706.1,1708.0,1624
1325256000000,1708.0,1709.0,1705.1,1707.0,2427
1325256060000,1707.0,1707.0,1704.5,1707.0,2797
1325256120000,1706.4,1707.0,1704.6,1705.0,6248
1325256180000,1705.0,1705.0,1700.0,1700.0,12592
1325256240000,1699.3,1703.1,1699.0,1701.0,5371
