time,open,high,low,close,volume
1323928800000,379.2,379.2,377.2,377.2,4750
1323928860000,378.0,382.0,378.0,378.29,1010
1323928920000,378.56,378.56,378.3,378.3,2600
1323928980000,379.77,382.78,379.52,382.78,3590
1323929040000,382.77,382.99,380.0,380.0,3970
1323929100000,380.7,380.83,380.64,380.64,1180
1323929160000,381.0,382.0,381.0,381.69,2670
1323929220000,381.69,382.52,381.56,381.61,1200
1323929280000,382.58,382.58,381.6,382.55,1870
1323929340000,382.71,382.74,382.71,382.74,100
1323929400000,382.55,383.0,382.55,383.0,1730
1323929460000,383.2,384.03,383.11,384.0,1200
1323929520000,384.03,384.85,384.0,384.73,3650
1323929580000,384.85,386.58,384.85,386.58,13380
1323929640000,386.66,387.81,386.66,386.99,3040
1323929700000,386.99,387.0,386.96,386.96,440
1323929760000,387.0,387.0,386.4,387.0,990
1323929820000,387.0,387.0,386.98,386.98,8590
1323929880000,387.0,388.0,387.0,388.0,16090
1323929940000,388.0,388.0,387.99,387.99,1150
1323930000000,388.0,389.0,387.45,388.88,13730
1323930060000,388.44,389.0,387.99,389.0,1480
1323930120000,389.0,389.0,388.94,388.94,520
1323930180000,388.0,388.0,387.54,387.54,440
1323930240000,388.49,389.0,387.4,389.0,2020
1323930300000,388.96,388.96,388.79,388.79,40
1323930360000,388.7,389.0,388.7,389.0,650
1323930420000,389.0,389.0,388.05,388.99,4940
1323930480000,388.0,388.0,387.08,387.54,420
1323930540000,387.54,388.0,387.21,387.99,280
1323930600000,387.99,387.99,387.03,387.05,1570
1323930660000,387.05,387.05,386.03,386.03,4180
1323930720000,386.03,386.93,386.0,386.0,1790
1323930780000,386.33,386.33,381.61,384.18,5940
1323930840000,383.6,383.77,382.37,383.75,1050
1323930900000,383.09,385.0,382.35,385.0,6630
1323930960000,384.14,384.99,384.14,384.98,1280
1323931020000,384.98,386.3,384.97,386.3,1580
1323931080000,386.2,386.33,386.2,386.27,400
1323931140000,386.2,387.87,386.19,387.86,1440
1323931200000,387.86,387.93,387.86,387.93,210
1323931260000,387.93,387.93,386.7,386.7,1660
1323931320000,386.6,386.6,386.0,386.0,310
1323931440000,386.0,386.0,386.0,386.0,300
1323931500000,386.0,386.0,385.62,385.62,600
1323931560000,385.58,386.64,385.0,385.0,1270
1323931680000,385.74,385.74,385.6,385.65,320
1323931740000,385.02,385.66,384.66,384.66,1200
1323931800000,385.0,385.0,384.35,384.35,350
1323931860000,384.33,384.33,383.77,383.77,480
1323931920000,383.77,383.77,383.0,383.0,900
1323931980000,383.0,383.86,383.0,383.86,590
1323932040000,383.27,384.4,383.0,384.4,1840
1323932100000,384.15,385.78,384.15,385.78,3220
1323932160000,385.7,385.8,385.7,385.8,150
1323932220000,385.57,385.57,385.57,385.57,100
1323932280000,385.77,385.77,385.77,385.77,150
1323932340000,384.92,384.92,384.92,384.92,30
1323932400000,385.58,385.58,385.58,385.58,100
1323932460000,385.27,386.83,385.18,385.47,2420
1323932520000,385.9,386.83,385.9,386.8,1160
1323932580000,385.9,385.9,385.9,385.9,140
1323932760000,386.83,387.0,386.83,387.0,3900
1323932820000,387.41,387.5,386.72,387.0,300
1323932880000,387.49,387.5,386.76,386.76,170
1323932940000,386.83,387.05,386.65,386.65,40
1323933000000,386.67,388.0,386.65,388.0,1760
1323933060000,386.96,387.27,386.84,386.95,1220
1323933120000,387.77,388.0,387.77,388.0,1300
1323933180000,387.5,387.5,387.5,387.5,110
1323933240000,387.39,387.39,387.01,387.16,410
1323933300000,387.16,387.5,387.16,387.5,220
1323933360000,387.5,387.5,387.5,387.5,180
1323933420000,387.95,387.95,387.95,387.95,20
1323933540000,387.44,387.44,387.44,387.44,80
1323933660000,387.44,387.44,387.44,387.44,130
1323933780000,387.5,387.51,387.5,387.51,130
1323933900000,387.4,387.4,387.05,387.05,590
1323933960000,387.05,387.85,387.03,387.12,460
1323934020000,387.04,387.04,387.0,387.0,2880
1323934080000,387.0,387.35,387.0,387.0,2290
1323934140000,387.0,387.35,387.0,387.35,130
1323934200000,387.0,387.0,387.0,387.0,760
1323934260000,387.15,387.5,387.15,387.5,500
1323934440000,387.0,387.0,387.0,387.0,950
1323934500000,387.0,387.0,386.5,386.99,310
1323934560000,386.98,387.34,386.98,387.34,2010
1323934620000,387.48,387.68,387.48,387.67,420
1323934680000,387.02,387.5,387.0,387.5,1000
1323934740000,387.02,387.4,387.02,387.4,80
1323934860000,387.02,387.02,387.0,387.0,320
1323934920000,387.4,387.4,387.4,387.4,10
1323934980000,387.01,387.39,387.0,387.39,270
1323935220000,387.39,387.65,387.39,387.63,490
1323935280000,387.65,387.65,387.14,387.14,60
1323935340000,387.55,387.9,387.55,387.9,990
1323935400000,387.77,387.9,387.55,387.55,410
1323935460000,387.55,387.55,387.55,387.55,40
1323935580000,387.55,387.55,387.55,387.55,30
1323935700000,387.5,387.9,387.5,387.9,3030
1323935760000,387.9,388.0,387.9,388.0,21880
1323935820000,388.15,388.51,388.15,388.51,770
1323935880000,388.58,388.59,388.58,388.59,500
1323935940000,388.5,388.5,388.5,388.5,1000
1323936000000,388.5,388.5,388.09,388.09,1570
1323936060000,388.09,388.09,388.0,388.0,1780
1323936120000,388.02,388.02,388.0,388.0,390
1323936240000,388.0,388.0,388.0,388.0,1730
1323936300000,388.0,388.0,388.0,388.0,2540
1323936360000,388.0,388.0,388.0,388.0,100
1323936420000,388.0,388.0,388.0,388.0,3180
1323936480000,388.0,388.0,388.0,388.0,600
1323936540000,388.0,388.0,387.5,387.5,670
1323936600000,387.51,387.51,387.51,387.51,310
1323936660000,388.0,388.38,387.66,387.66,400
1323936780000,387.58,387.58,387.52,387.52,220
1323936900000,387.95,387.95,387.51,387.51,240
1323936960000,387.51,388.0,387.51,387.54,2290
1323937020000,387.53,388.0,387.07,387.07,5850
1323937080000,387.91,388.0,387.15,387.15,1260
1323937140000,387.14,387.92,387.1,387.17,2350
1323937200000,387.87,388.4,387.87,388.4,2510
1323937260000,388.39,388.4,387.53,388.13,3100
1323937440000,387.56,387.57,387.56,387.57,60
1323937500000,387.58,387.58,387.58,387.58,280
1323937560000,387.6,388.1,387.04,388.07,10790
1323937620000,387.84,388.14,387.0,387.0,17100
1323937680000,387.0,388.36,387.0,388.36,6590
1323937740000,388.34,388.59,388.34,388.59,4410
1323937800000,388.55,388.59,388.0,388.59,4880
1323937920000,388.57,388.57,388.5,388.5,140
1323937980000,388.5,388.59,388.5,388.58,1300
1323938040000,388.58,388.58,388.58,388.58,60
1323938100000,388.07,388.07,387.96,387.96,1650
1323938160000,387.96,388.59,387.54,388.59,4060
1323938220000,388.48,388.5,388.0,388.0,2040
1323938280000,388.0,388.59,388.0,388.24,2960
1323938400000,387.57,388.23,387.44,388.23,3500
1323938460000,387.3,387.3,386.02,386.02,15320
1323938520000,386.02,386.71,386.0,386.0,1670
1323938580000,386.5,387.0,385.48,385.48,10480
1323938640000,386.65,386.85,386.54,386.85,580
1323938700000,386.65,386.65,385.0,385.02,2550
1323938760000,385.02,386.49,385.02,386.49,1990
1323938820000,385.54,385.99,385.54,385.99,60
1323938880000,385.62,385.62,385.62,385.62,50
1323939060000,385.57,385.57,385.0,385.0,14460
1323939180000,384.99,385.0,384.99,385.0,1510
1323939240000,384.56,384.56,384.56,384.56,450
1323939300000,384.62,384.62,384.52,384.52,260
1323939360000,384.97,385.0,384.97,385.0,2000
1323939420000,385.0,385.09,385.0,385.08,800
1323939480000,384.56,384.56,384.09,384.09,6020
1323939540000,384.49,384.49,384.0,384.0,1260
1323939600000,384.48,384.5,384.04,384.5,950
1323939660000,384.49,384.5,384.48,384.48,210
1323939780000,384.5,384.5,384.0,384.0,3930
1323939840000,384.0,384.01,382.35,382.5,18520
1323939900000,382.5,382.5,381.0,382.18,3160
1323939960000,382.2,382.45,381.84,381.84,1230
1323940020000,381.94,381.94,381.78,381.78,1060
1323940080000,381.79,381.79,381.79,381.79,10
1323940140000,381.79,381.79,381.5,381.5,1220
1323940200000,381.49,381.5,381.03,381.46,1310
1323940260000,381.39,381.39,380.98,381.0,2770
1323940320000,381.0,381.42,381.0,381.42,2800
1323940380000,381.64,382.0,381.49,382.0,4200
1323940500000,381.52,381.52,381.08,381.08,1280
1323940560000,381.09,381.09,380.99,380.99,2850
1323940620000,380.64,380.64,379.65,379.65,6150
1323940680000,379.6,380.14,379.5,380.0,10040
1323940740000,380.0,380.56,380.0,380.56,560
1323940800000,380.55,380.59,380.11,380.11,250
1323940860000,380.58,380.6,380.57,380.6,180
1323940920000,380.6,380.64,380.6,380.63,780
1323940980000,380.63,380.64,380.63,380.64,350
1323941040000,380.64,380.64,380.64,380.64,2830
1323941100000,380.64,380.65,380.64,380.65,2010
1323941220000,380.63,380.63,380.55,380.55,60
1323941400000,380.99,381.49,380.99,381.49,1210
1323941460000,381.01,381.01,380.41,380.41,3000
1323941520000,380.41,380.41,380.11,380.38,1300
1323941580000,380.11,380.74,380.0,380.74,1830
1323941640000,380.47,380.47,380.39,380.39,2230
1323941700000,380.39,380.39,380.39,380.39,60
1323941760000,380.39,380.53,380.27,380.53,310
1323941820000,380.66,380.69,380.66,380.69,210
1323941880000,380.5,380.5,380.5,380.5,140
1323941940000,380.05,380.05,380.0,380.01,2390
1323942060000,380.0,380.0,380.0,380.0,2920
1323942120000,380.0,380.0,379.81,379.81,720
1323942180000,379.99,380.0,379.99,379.99,350
1323942240000,379.8,379.8,378.5,378.5,13680
1323942300000,378.41,378.41,377.8,377.8,11280
1323942360000,377.8,377.84,377.6,377.6,10470
1323942420000,378.0,379.18,377.61,378.99,1200
1323942480000,378.33,378.33,378.25,378.25,240
1323942540000,378.24,378.24,377.94,378.24,2280
1323942600000,378.65,379.41,378.52,378.52,1700
1323942660000,378.96,378.96,378.96,378.96,100
1323942720000,378.64,379.23,378.64,379.23,140
1323942780000,378.7,378.7,378.7,378.7,10
1323942840000,378.9,379.06,378.9,378.9,200
1323942900000,379.17,379.29,379.17,379.24,290
1323943020000,379.0,379.26,379.0,379.26,460
1323943080000,379.45,379.45,379.45,379.45,280
1323943140000,379.45,379.45,378.61,378.61,8680
1323943200000,378.61,378.61,378.07,378.07,1470
1323943260000,378.08,378.08,378.08,378.08,150
1323943320000,378.2,378.2,378.2,378.2,200
1323943500000,378.5,379.0,378.28,378.28,3240
1323943560000,378.99,379.25,378.99,379.0,1280
1323943620000,379.37,380.0,379.37,380.0,9400
1323943680000,379.99,380.0,379.99,379.99,3300
1323943740000,379.99,380.49,379.97,380.49,7500
1323943800000,380.49,381.5,380.49,380.97,5270
1323943860000,380.9,380.99,380.9,380.99,2340
1323943920000,380.99,381.0,380.99,381.0,3160
1323943980000,380.99,380.99,380.99,380.99,20
1323944100000,380.93,380.94,380.93,380.94,120
1323944160000,380.93,380.93,380.93,380.93,30
1323944220000,380.53,381.0,380.51,381.0,2170
1323944280000,381.0,381.0,381.0,381.0,2330
1323944340000,380.94,382.35,380.94,381.98,4450
1323944400000,382.26,382.35,382.02,382.02,1330
1323944460000,381.98,382.0,381.98,382.0,2010
1323944520000,381.32,381.32,381.32,381.32,50
1323944640000,381.92,381.99,381.92,381.99,290
1323944700000,381.99,382.0,381.98,382.0,1140
1323944760000,382.0,382.0,382.0,382.0,7150
1323944820000,382.0,382.03,382.0,382.03,100
1323944940000,382.33,382.35,381.75,382.0,280
1323945000000,382.0,382.0,382.0,382.0,420
1323945060000,382.0,382.0,382.0,382.0,90
1323945120000,382.0,382.0,382.0,382.0,8010
1323945180000,382.0,382.35,381.97,381.99,6630
1323945240000,382.0,382.0,382.0,382.0,3240
1323945300000,382.0,383.77,382.0,383.77,10210
1323945360000,383.77,384.5,383.48,384.5,2770
1323945420000,384.4,384.9,384.4,384.55,2620
1323945480000,384.55,384.55,383.8,383.81,140
1323945600000,383.71,384.5,383.21,384.11,3000
1323945720000,383.27,384.8,383.25,384.8,2610
1323945780000,384.8,385.0,384.8,385.0,2000
1323945840000,384.31,385.0,384.19,385.0,790
1323945900000,384.4,385.0,384.37,384.5,3280
1323945960000,384.51,385.0,384.5,384.5,2730
1323946020000,384.57,384.57,384.57,384.57,80
1323946080000,384.5,384.5,384.5,384.5,250
1323946140000,384.77,384.77,384.77,384.77,30
1323946200000,384.08,384.08,384.04,384.04,860
1323946260000,384.04,384.98,383.59,383.59,1620
1323946320000,384.96,385.0,383.81,383.81,3140
1323946380000,384.97,384.97,384.97,384.97,30
1323946440000,384.96,384.99,384.96,384.99,260
1323946500000,384.99,384.99,384.3,384.98,590
1323946560000,384.98,384.98,384.42,384.94,560
1323946620000,384.93,384.99,384.92,384.99,1060
1323946680000,384.99,384.99,384.25,384.26,1110
1323946740000,384.89,384.97,384.89,384.97,190
1323946800000,384.97,384.98,382.71,383.0,7770
1323946860000,382.97,383.16,379.1,379.48,29530
1323946920000,380.35,381.4,379.1,381.25,17030
1323946980000,380.93,380.93,379.1,379.11,12550
1323947040000,380.29,380.48,379.0,379.81,15400
1323947100000,380.67,380.79,377.6,377.6,17830
1323947160000,378.01,379.18,377.5,377.5,11550
1323947220000,378.27,378.27,376.7,377.75,19800
1323947280000,377.75,378.27,376.6,377.0,9330
1323947340000,377.27,380.42,377.27,379.52,15520
1323947400000,379.52,379.57,378.23,378.96,9460
1323947460000,378.45,379.34,378.25,378.94,12820
1323947520000,378.26,378.98,378.22,378.86,9240
1323947580000,378.82,378.83,378.22,378.82,17980
1323947640000,378.82,378.97,376.0,376.0,15630
1323947700000,376.0,377.77,372.3,372.5,17700
1323947760000,373.46,374.16,372.5,372.7,13120
1323947820000,372.58,373.98,372.3,373.65,11320
1323947880000,373.62,374.72,372.7,374.06,10890
1323947940000,373.0,374.73,372.7,374.73,11830
1323948000000,374.73,377.5,374.13,377.5,3330
1323948060000,377.01,378.3,377.0,377.0,13330
1323948120000,377.06,377.06,375.82,376.0,28080
1323948180000,375.82,376.99,375.82,376.66,15540
1323948240000,375.91,376.59,374.37,376.21,11120
1323948300000,376.21,376.21,374.0,374.99,7090
1323948360000,374.99,375.93,372.7,374.0,17930
1323948420000,373.03,374.92,373.0,374.32,13080
1323948480000,373.39,374.87,372.85,372.85,13690
1323948540000,372.85,373.57,372.1,372.95,10880
1323948600000,372.95,380.77,372.95,380.0,63680
1323948660000,379.94,379.99,378.12,379.55,6820
1323948720000,378.61,379.71,378.18,379.5,5960
1323948780000,379.06,380.0,378.24,379.41,7990
1323948840000,379.4,379.99,378.39,379.38,5230
1323948900000,379.41,379.8,378.53,379.32,3860
1323948960000,378.46,379.69,378.39,379.69,5500
1323949020000,379.63,379.76,378.22,379.02,5050
1323949080000,378.32,378.99,377.78,377.78,18350
1323949140000,378.0,378.99,376.99,378.61,14740
1323949200000,378.74,378.74,376.6,376.6,9820
1323949260000,377.33,377.5,376.0,376.07,13930
1323949320000,376.14,378.97,375.99,377.42,17860
1323949380000,377.09,377.87,375.7,375.7,11010
1323949440000,376.6,378.42,375.4,378.42,22370
1323949500000,377.75,378.6,377.0,377.0,16250
1323949560000,377.0,377.82,377.0,377.0,13130
1323949620000,377.68,377.68,375.78,377.51,11420
1323949680000,377.88,377.92,376.0,376.18,23050
1323949740000,377.15,378.0,376.0,376.77,14050
1323949800000,376.12,376.96,375.36,376.65,17490
1323949860000,375.97,376.6,375.05,376.51,13800
1323949920000,376.0,377.0,375.04,376.6,18800
1323949980000,376.51,376.81,375.05,376.75,12700
1323950040000,376.75,376.75,375.01,375.16,9970
1323950100000,375.04,377.91,375.01,375.43,30740
1323950160000,375.52,377.77,375.01,377.0,24490
1323950220000,377.0,377.81,375.54,375.97,15960
1323950280000,375.57,377.0,375.15,375.24,33980
1323950340000,375.46,376.0,375.07,375.31,19140
1323950400000,375.31,377.3,375.16,377.2,9010
1323950460000,377.2,377.2,377.2,377.2,6720
1323950520000,377.95,378.87,377.5,378.7,7120
1323950580000,378.67,379.0,378.67,378.93,26570
1323950640000,378.98,378.99,377.2,377.2,10910
1323950700000,378.1,378.72,378.1,378.72,260
1323950760000,378.74,378.74,378.7,378.7,60
1323950880000,378.66,378.66,378.66,378.66,120
1323951000000,378.53,378.53,378.53,378.53,260
1323951060000,378.58,378.81,378.58,378.81,780
1323951120000,378.83,378.84,378.81,378.84,150
1323951180000,378.85,378.99,378.84,378.99,300
1323951240000,378.99,379.0,378.41,379.0,800
1323951300000,379.0,379.0,378.72,378.72,1770
1323951360000,378.72,378.72,378.68,378.72,450
1323951420000,378.72,379.0,378.72,379.0,9670
1323951480000,378.99,380.87,378.94,379.63,22320
1323951540000,379.62,380.0,379.2,380.0,3700
1323951600000,380.53,380.55,380.01,380.55,1930
1323951660000,380.55,381.49,380.55,381.49,7400
1323951720000,381.7,381.83,381.06,381.12,1060
1323951780000,381.7,381.88,381.69,381.8,3230
1323951840000,381.16,381.69,381.07,381.68,1610
1323951900000,381.46,381.47,381.06,381.06,690
1323951960000,381.4,381.49,381.35,381.49,3000
1323952020000,381.06,381.11,380.0,381.11,5440
1323952080000,381.57,381.57,380.17,381.18,1200
1323952140000,381.08,381.7,380.7,381.7,3800
1323952200000,381.8,382.95,381.8,382.66,4320
1323952260000,382.91,382.98,382.19,382.19,2010
1323952320000,382.36,382.92,382.14,382.92,1110
1323952380000,382.16,382.17,382.14,382.14,150
1323952440000,382.77,383.0,382.41,382.41,6110
1323952500000,382.41,383.0,382.21,382.25,810
1323952560000,382.23,382.24,382.17,382.17,790
1323952620000,382.09,382.09,381.86,381.87,1050
1323952680000,382.01,382.01,382.01,382.01,50
1323952740000,382.1,382.1,382.0,382.0,210
1323952800000,381.86,382.0,381.86,382.0,420
1323952860000,382.32,382.4,381.79,381.79,850
1323952920000,381.78,381.78,381.76,381.76,450
1323952980000,381.76,381.76,380.22,380.24,2170
1323953040000,380.24,380.99,380.01,380.88,1090
1323953100000,380.98,381.0,380.97,381.0,1730
1323953160000,380.99,381.5,380.99,381.5,9120
1323953220000,381.92,381.99,381.0,381.0,2130
1323953280000,381.0,381.0,381.0,381.0,6960
1323953340000,381.0,381.0,381.0,381.0,1160
1323953400000,381.04,381.95,381.0,381.0,3390
1323953460000,381.2,381.2,381.2,381.2,10
1323953520000,381.6,381.95,381.6,381.95,270
1323953580000,381.95,382.87,381.95,382.87,3420
1323953640000,382.58,382.59,381.62,382.45,1330
1323953700000,382.29,382.3,382.24,382.3,610
1323953760000,382.39,382.42,381.66,381.66,1480
1323953820000,382.35,382.42,382.33,382.42,840
1323953880000,382.67,382.76,382.67,382.76,810
1323953940000,382.82,382.88,382.48,382.48,320
1323954000000,382.91,382.98,382.73,382.98,5390
1323954060000,382.66,382.66,382.48,382.48,20
1323954120000,382.49,382.49,382.49,382.49,2050
1323954180000,382.4,382.4,382.4,382.4,1200
1323954240000,382.0,382.0,381.54,381.54,250
1323954300000,382.3,382.4,382.3,382.4,500
1323954360000,382.0,382.2,382.0,382.2,400
1323954420000,382.2,382.2,381.01,381.01,2520
1323954480000,381.32,381.69,381.3,381.69,360
1323954540000,381.69,381.78,381.69,381.78,100
1323954600000,381.77,381.77,381.35,381.35,90
1323954660000,381.31,381.31,381.0,381.0,650
1323954720000,381.29,381.36,381.29,381.36,770
1323954780000,381.43,381.5,381.09,381.09,11360
1323954840000,381.06,381.06,381.06,381.06,100
1323954960000,381.07,381.07,381.06,381.06,100
1323955020000,381.5,382.0,381.5,382.0,8310
1323955080000,382.0,382.93,382.0,382.93,10420
1323955140000,382.93,383.48,382.46,383.48,9600
1323955200000,383.69,383.73,383.5,383.58,2520
1323955260000,383.11,383.47,382.67,382.67,880
1323955380000,382.77,382.77,382.58,382.58,830
1323955440000,382.58,383.26,382.29,382.29,630
1323955500000,382.04,383.0,382.04,382.94,1470
1323955560000,383.0,383.0,382.2,382.2,150
1323955620000,382.86,382.98,382.86,382.98,150
1323955680000,382.93,384.84,382.26,384.84,39670
1323955740000,384.79,384.79,384.5,384.51,2310
1323955800000,384.78,385.0,384.51,385.0,5520
1323955860000,385.0,385.66,385.0,385.0,13420
1323955920000,385.0,385.42,384.9,384.94,1800
1323955980000,384.94,386.0,384.52,386.0,20780
1323956040000,385.6,385.6,385.6,385.6,10
1323956100000,385.16,385.16,381.0,382.51,37330
1323956160000,382.42,383.5,382.42,383.5,890
1323956220000,383.7,383.7,383.02,383.02,920
1323956280000,383.7,383.76,382.5,382.5,3520
1323956340000,382.6,382.6,382.5,382.5,1000
1323956400000,383.1,383.1,383.1,383.1,10
1323956520000,382.94,382.94,382.94,382.94,40
1323956580000,382.6,382.6,382.59,382.59,520
1323956640000,382.59,382.59,382.5,382.5,930
1323956700000,382.5,382.5,381.79,381.79,170
1323956760000,382.77,384.5,382.77,384.5,8210
1323956820000,384.49,384.5,384.29,384.3,1500
1323956880000,384.02,384.49,384.02,384.49,1850
1323956940000,384.03,384.03,384.03,384.03,80
1323957000000,384.27,384.51,384.03,384.51,7850
1323957060000,384.51,384.94,384.51,384.94,1300
1323957120000,384.94,384.94,384.94,384.94,10
1323957180000,384.93,385.0,384.93,385.0,890
1323957240000,385.28,385.28,385.2,385.2,90
1323957300000,385.2,385.2,385.2,385.2,60
1323957360000,385.2,385.2,385.01,385.01,390
1323957420000,385.01,385.01,385.0,385.0,1060
1323957480000,385.0,385.0,384.93,384.93,750
1323957540000,385.15,385.15,384.93,384.93,20
1323957600000,385.0,385.0,385.0,385.0,1380
1323957660000,385.3,385.3,385.1,385.1,570
1323957720000,385.45,385.45,385.02,385.02,270
1323957840000,385.04,385.4,385.04,385.4,110
1323957900000,385.39,385.39,385.01,385.01,610
1323957960000,385.02,385.07,385.02,385.07,470
1323958020000,385.03,385.03,384.5,384.5,15970
1323958080000,384.5,385.0,384.5,384.5,7770
1323958140000,384.5,384.5,384.5,384.5,60
1323958200000,384.5,384.5,384.5,384.5,2000
1323958260000,384.98,385.0,384.98,385.0,3610
1323958320000,385.0,385.0,384.5,384.5,2240
1323958380000,384.5,385.0,384.5,385.0,5020
1323958440000,385.0,385.86,384.99,384.99,8240
1323958560000,385.0,385.51,385.0,385.51,3040
1323958620000,385.4,386.01,385.4,386.01,10020
1323958680000,386.2,386.21,386.0,386.12,590
1323958740000,386.22,386.22,386.22,386.22,300
1323958860000,385.99,386.4,385.99,386.4,7080
1323958920000,386.01,386.37,385.0,385.0,5500
1323958980000,385.01,386.0,385.01,386.0,390
1323959040000,386.0,386.08,386.0,386.0,990
1323959100000,385.5,385.5,385.3,385.3,60
1323959160000,385.12,385.16,385.0,385.0,1640
1323959220000,385.23,385.23,385.22,385.22,200
1323959280000,385.22,385.22,385.2,385.2,450
1323959340000,385.47,385.52,385.01,385.52,200
1323959460000,385.5,385.6,385.5,385.6,870
1323959520000,385.71,385.95,385.6,385.95,1590
1323959580000,385.75,385.84,385.01,385.01,700
1323959640000,385.01,385.04,385.0,385.0,400
1323959700000,385.0,385.0,384.01,384.85,2990
1323959760000,384.85,385.0,384.85,385.0,670
1323959880000,385.03,385.5,384.9,385.5,1900
1323959940000,385.59,385.96,384.95,385.94,1110
1323960060000,385.3,385.7,385.3,385.7,1350
1323960120000,385.7,385.94,385.37,385.84,12070
1323960180000,385.41,385.41,385.41,385.41,30
1323960240000,385.41,385.5,384.81,385.0,5900
1324015200000,386.0,388.32,386.0,387.32,1760
1324015260000,387.16,387.34,386.12,386.12,1840
1324015320000,387.0,387.0,386.55,386.55,400
1324015380000,386.27,387.0,386.0,386.29,2920
1324015440000,386.1,386.97,386.05,386.05,210
1324015500000,386.04,386.04,385.92,385.92,1070
1324015560000,385.65,385.65,385.24,385.24,80
1324015620000,385.96,385.96,385.12,385.12,590
1324015680000,385.86,385.86,385.22,385.22,30
1324015740000,385.42,385.42,385.42,385.42,80
1324015800000,385.46,385.5,385.22,385.22,1260
1324015860000,385.96,385.96,385.88,385.88,820
1324015920000,385.94,386.0,385.94,386.0,410
1324015980000,386.0,386.0,386.0,386.0,300
1324016040000,386.0,386.0,386.0,386.0,230
1324016100000,386.0,386.0,380.51,384.56,13090
1324016160000,384.08,385.7,384.0,385.47,4630
1324016220000,384.3,384.3,384.0,384.0,310
1324016280000,383.35,383.97,383.15,383.93,960
1324016340000,382.89,383.63,382.76,383.52,800
1324016400000,383.6,383.6,381.06,382.09,5700
1324016460000,381.64,382.6,381.54,382.5,330
1324016520000,382.5,383.1,382.5,383.1,280
1324016580000,383.09,383.2,383.09,383.2,340
1324016640000,383.23,383.49,383.23,383.49,300
1324016700000,383.44,383.44,383.44,383.44,130
1324016760000,383.6,383.63,383.6,383.6,270
1324016820000,383.6,383.6,383.4,383.4,1060
1324016940000,383.58,383.59,383.58,383.59,150
1324017000000,383.48,384.48,383.46,383.46,1090
1324017060000,383.46,383.46,383.46,383.46,170
1324017180000,383.24,383.96,383.24,383.96,330
1324017240000,384.0,384.0,384.0,384.0,380
1324017300000,384.53,384.53,384.53,384.53,10
1324017360000,384.66,385.4,384.66,385.4,470
1324017420000,385.4,386.93,385.4,386.93,7720
1324017480000,386.25,386.92,386.25,386.92,20
1324017540000,386.26,386.98,386.26,386.96,390
1324017600000,386.87,386.87,386.87,386.87,10
1324017660000,386.28,386.28,386.0,386.0,290
1324017720000,386.02,387.0,386.02,386.97,2480
1324017780000,386.99,386.99,386.99,386.99,20
1324017840000,386.36,386.36,386.36,386.36,50
1324017960000,386.1,386.1,386.02,386.02,200
1324018020000,386.36,386.36,386.36,386.36,10
1324018080000,386.36,386.36,386.36,386.36,310
1324018140000,386.11,387.29,386.11,387.29,6430
1324018200000,387.29,387.29,387.29,387.29,60
1324018380000,387.24,387.3,386.24,386.24,1300
1324018500000,387.09,387.17,387.09,387.17,240
1324018560000,387.17,387.2,387.17,387.2,260
1324018680000,386.47,387.34,386.28,387.34,7790
1324018740000,387.34,387.34,387.34,387.34,200
1324018800000,387.2,387.8,387.2,387.8,1410
1324018860000,387.0,387.81,387.0,387.81,820
1324018920000,387.81,387.88,387.24,387.24,340
1324018980000,387.8,387.8,387.8,387.8,20
1324019040000,387.8,387.88,387.54,387.88,1020
1324019100000,387.88,388.0,387.86,388.0,2850
1324019160000,388.0,388.17,387.98,388.17,1650
1324019220000,387.58,387.99,387.23,387.23,700
1324019280000,387.32,387.32,387.31,387.31,110
1324019340000,387.31,387.5,387.31,387.5,60
1324019460000,387.71,387.72,387.71,387.72,1010
1324019580000,387.03,387.03,387.0,387.0,110
1324019640000,386.75,386.75,385.55,385.55,4460
1324019760000,385.55,385.55,385.55,385.55,150
1324019820000,385.9,385.9,385.9,385.9,200
1324019880000,385.9,385.9,385.9,385.9,130
1324019940000,385.9,385.9,385.9,385.9,2970
1324020000000,386.09,386.09,386.02,386.02,100
1324020060000,386.03,386.03,385.9,385.9,1420
1324020180000,386.55,386.82,386.55,386.8,1520
1324020240000,386.95,387.0,385.55,385.55,1360
1324020300000,385.66,385.81,385.66,385.81,460
1324020360000,385.76,385.76,385.55,385.55,2870
1324020420000,385.56,385.56,385.55,385.55,12420
1324020480000,385.55,385.56,385.55,385.56,710
1324020540000,385.56,385.68,385.55,385.55,1250
1324020660000,385.65,385.65,385.58,385.58,230
1324020900000,386.33,386.33,385.6,385.6,350
1324020960000,385.96,385.96,385.96,385.96,10
1324021080000,385.7,385.7,385.7,385.7,30
1324021140000,385.7,385.7,385.05,385.05,2640
1324021200000,385.06,385.06,383.92,384.0,3660
1324021260000,384.0,384.0,384.0,384.0,220
1324021320000,384.13,384.13,384.0,384.0,410
1324021380000,383.92,383.92,383.92,383.92,10
1324021440000,383.67,383.7,383.5,383.5,1100
1324021500000,383.83,383.9,383.5,383.5,630
1324021560000,383.99,383.99,383.99,383.99,10
1324021620000,384.0,384.0,384.0,384.0,120
1324021740000,384.55,384.75,384.55,384.75,1360
1324021800000,384.93,384.99,384.75,384.75,490
1324021860000,385.0,385.0,383.35,383.35,22430
1324021920000,383.5,383.5,383.5,383.5,100
1324021980000,383.5,383.5,383.5,383.5,150
1324022040000,383.55,383.55,383.55,383.55,100
1324022160000,383.5,383.5,383.5,383.5,440
1324022280000,383.37,383.37,383.23,383.23,1880
1324022340000,383.25,383.36,383.18,383.18,1280
1324022400000,383.11,383.25,382.5,382.63,6960
1324022460000,382.61,382.84,382.5,382.84,3370
1324022520000,382.51,382.51,381.35,381.35,6420
1324022580000,381.35,381.4,381.17,381.17,860
1324022640000,381.17,381.79,381.17,381.79,2100
1324022700000,381.79,381.8,381.28,381.28,740
1324022760000,381.1,381.1,381.0,381.0,2020
1324022820000,381.0,381.0,380.8,380.8,1580
1324022880000,380.99,381.43,380.99,381.43,4060
1324022940000,381.25,381.5,381.25,381.5,2770
1324023000000,381.45,381.45,380.86,380.86,1230
1324023060000,380.81,380.81,380.49,380.6,3800
1324023180000,380.6,380.61,380.6,380.61,60
1324023240000,380.61,380.61,380.61,380.61,20
1324023300000,380.97,381.0,380.95,381.0,1470
1324023360000,381.0,381.0,381.0,381.0,1150
1324023420000,381.0,382.43,381.0,382.43,9640
1324023480000,382.3,383.04,382.3,383.04,3440
1324023600000,382.2,382.2,381.6,381.98,1380
1324023660000,381.63,381.63,381.62,381.62,1150
1324023720000,381.62,381.62,381.29,381.29,460
1324023780000,381.29,381.29,381.02,381.02,90
1324023840000,381.4,381.6,381.4,381.6,1010
1324023900000,381.01,381.02,380.83,380.93,4080
1324023960000,380.83,381.97,380.83,381.7,1540
1324024020000,381.56,383.99,381.56,381.57,5130
1324024080000,382.22,382.22,381.56,381.56,100
1324024140000,381.2,381.2,381.2,381.2,10
1324024200000,382.36,382.5,382.36,382.5,360
1324024320000,382.56,382.6,382.55,382.6,900
1324024380000,382.1,382.1,382.1,382.1,500
1324024440000,382.5,382.5,382.5,382.5,100
1324024500000,382.0,384.7,382.0,384.6,4070
1324024560000,384.56,384.56,383.18,383.18,600
1324024740000,383.44,383.44,383.44,383.44,50
1324024800000,384.05,384.05,384.05,384.05,10
1324024920000,384.73,385.0,384.73,385.0,280
1324024980000,384.41,384.41,384.4,384.4,50
1324025040000,384.43,384.43,384.4,384.4,100
1324025100000,384.91,386.0,384.91,385.0,8890
1324025160000,385.61,385.99,385.61,385.99,370
1324025220000,385.95,386.0,385.89,385.89,10220
1324025280000,386.0,386.0,385.99,385.99,520
1324025340000,385.99,385.99,385.4,385.91,2780
1324025400000,385.99,385.99,385.25,385.92,2260
1324025460000,385.94,386.5,385.94,386.5,7380
1324025520000,386.49,386.5,386.49,386.5,1250
1324025580000,386.11,386.11,386.0,386.0,4620
1324025640000,386.0,386.0,385.0,385.0,5930
1324025700000,384.91,384.91,384.34,384.51,230
1324025760000,384.34,384.89,384.34,384.89,90
1324025820000,384.37,384.86,384.3,384.32,2920
1324025880000,384.8,384.8,384.8,384.8,40
1324025940000,384.9,384.9,384.9,384.9,10
1324026000000,384.35,384.61,384.33,384.61,1120
1324026060000,384.44,384.8,384.44,384.8,370
1324026120000,384.9,384.9,384.9,384.9,10
1324026180000,385.14,385.14,385.14,385.14,10
1324026240000,385.14,385.14,384.9,384.9,210
1324026300000,385.12,385.12,384.34,384.34,300
1324026360000,384.5,384.5,384.35,384.35,850
1324026420000,384.35,384.36,384.35,384.35,680
1324026480000,384.92,387.3,384.92,387.28,18360
1324026600000,385.35,385.5,385.03,385.5,5090
1324026660000,385.51,385.61,385.27,385.27,1270
1324026720000,385.38,385.38,385.13,385.13,1370
1324026780000,385.2,385.51,385.08,385.08,450
1324026840000,385.2,385.2,385.2,385.2,20
1324027080000,385.12,385.12,385.05,385.05,280
1324027140000,385.06,385.75,384.99,385.75,990
1324027260000,385.33,385.58,385.33,385.58,1510
1324027320000,385.62,385.62,385.62,385.62,50
1324027380000,385.43,385.43,385.43,385.43,100
1324027500000,385.33,385.36,385.13,385.13,1190
1324027560000,385.09,385.41,385.0,385.0,2740
1324027620000,384.83,384.83,384.81,384.81,1200
1324027680000,384.7,384.81,384.51,384.51,1160
1324027740000,384.47,384.47,384.47,384.47,100
1324027800000,384.8,385.0,384.8,385.0,1960
1324027860000,385.03,385.12,385.0,385.12,3020
1324027920000,385.12,385.51,385.0,385.51,9900
1324027980000,385.55,385.55,385.55,385.55,200
1324028040000,385.2,386.0,385.06,386.0,7210
1324028100000,386.0,386.0,385.49,386.0,9070
1324028160000,386.02,386.5,386.02,386.06,8830
1324028220000,386.36,387.32,386.36,387.32,9650
1324028280000,387.23,387.23,387.23,387.23,320
1324028340000,387.23,387.23,387.0,387.0,1300
1324028400000,387.01,387.05,386.55,386.58,8550
1324028460000,386.54,386.75,385.98,386.34,1530
1324028520000,386.53,386.53,386.34,386.34,20
1324028580000,386.73,386.73,386.73,386.73,200
1324028640000,386.76,386.8,386.76,386.8,630
1324028700000,386.84,386.96,386.84,386.96,810
1324028760000,386.96,387.4,386.66,386.66,550
1324028820000,387.03,387.03,386.73,386.73,480
1324028880000,386.8,387.21,386.24,386.5,4150
1324028940000,386.24,386.24,386.24,386.24,10
1324029000000,386.24,386.24,386.24,386.24,10
1324029120000,386.24,386.24,386.15,386.15,560
1324029300000,386.15,386.15,386.07,386.1,420
1324029360000,386.1,386.1,385.63,385.99,720
1324029420000,386.15,386.3,385.99,386.3,70
1324029480000,386.14,386.14,386.0,386.0,40
1324029540000,386.38,386.92,386.38,386.45,900
1324029600000,386.1,386.1,386.1,386.1,10
1324029660000,386.04,386.04,386.04,386.04,10
1324029780000,386.1,386.55,385.59,385.59,3010
1324029840000,385.59,385.86,385.35,385.35,3030
1324029960000,385.43,385.43,385.43,385.43,60
1324030020000,385.39,385.4,385.38,385.4,320
1324030080000,385.88,386.88,385.86,385.86,1070
1324030200000,385.77,385.77,385.77,385.77,10
1324030380000,386.3,386.97,386.3,386.39,220
1324030440000,386.33,386.9,386.09,386.9,2590
1324030500000,386.26,386.29,385.84,386.14,1230
1324030620000,386.14,386.28,386.14,386.28,1200
1324030680000,386.14,386.14,386.14,386.14,450
1324030740000,386.14,386.14,385.3,385.3,6310
1324030800000,385.3,386.22,385.3,386.22,17470
1324030860000,386.22,386.22,386.22,386.22,50
1324030920000,386.08,386.08,385.82,385.93,7500
1324031040000,385.74,385.74,385.69,385.69,410
1324031100000,385.66,385.66,385.51,385.51,910
1324031160000,385.83,385.83,385.83,385.83,800
1324031280000,385.49,385.49,385.49,385.49,110
1324031340000,385.58,386.2,385.46,386.2,18430
1324031400000,386.01,386.01,386.0,386.0,1700
1324031460000,386.0,386.21,386.0,386.21,4590
1324031520000,386.0,386.0,385.74,385.75,5600
1324031580000,385.68,385.68,385.6,385.6,600
1324031640000,385.6,385.95,385.6,385.9,1340
1324031760000,385.9,385.9,385.9,385.9,1020
1324031820000,385.9,385.9,385.81,385.81,1620
1324031880000,385.6,385.9,385.6,385.9,740
1324031940000,385.61,386.22,385.61,386.22,3350
1324032000000,386.02,386.02,386.0,386.0,1330
1324032120000,386.01,386.64,386.01,386.64,7090
1324032180000,386.5,387.14,386.5,387.14,7970
1324032240000,387.15,387.33,387.01,387.33,1340
1324032300000,387.33,387.34,387.04,387.34,450
1324032360000,387.36,387.39,387.36,387.39,260
1324032420000,387.04,387.4,387.04,387.05,280
1324032480000,387.03,387.03,387.01,387.02,260
1324032600000,387.37,387.39,387.0,387.0,3690
1324032660000,387.0,387.38,386.52,387.38,4040
1324032720000,387.01,387.01,386.54,386.54,11100
1324032780000,386.52,386.52,386.52,386.52,100
1324032840000,386.5,386.5,386.49,386.49,160
1324032900000,386.49,386.49,386.0,386.31,6280
1324032960000,386.29,386.29,385.01,385.01,9040
1324033020000,385.58,385.58,385.55,385.55,150
1324033080000,385.75,385.75,385.55,385.55,30
1324033140000,385.55,385.55,385.55,385.55,200
1324033200000,385.51,385.51,384.51,384.51,7600
1324033260000,385.07,385.33,384.96,385.32,1190
1324033320000,385.0,385.0,385.0,385.0,700
1324033500000,385.34,385.34,385.34,385.34,200
1324033560000,385.37,385.38,385.37,385.38,20
1324033620000,385.38,385.38,385.01,385.01,40
1324033740000,385.01,385.01,385.0,385.0,570
1324033800000,385.0,385.0,385.0,385.0,40
1324034100000,385.3,385.3,385.3,385.3,700
1324034220000,385.38,385.38,385.38,385.38,120
1324034580000,385.05,385.05,385.0,385.0,1700
1324034640000,385.0,385.0,385.0,385.0,40
1324034700000,385.0,385.0,384.98,384.98,370
1324034760000,384.94,384.94,384.51,384.51,3250
1324034820000,384.51,384.51,383.67,384.01,4040
1324034880000,383.67,383.67,383.01,383.01,1800
1324034940000,383.3,383.44,382.4,382.4,5960
1324035000000,382.63,382.63,382.0,382.38,7110
1324035060000,382.06,382.06,381.92,381.92,8610
1324035120000,382.24,382.64,382.24,382.64,2250
1324035180000,382.67,383.04,382.67,383.04,1940
1324035240000,383.05,383.05,383.05,383.05,30
1324035300000,383.05,383.05,383.05,383.05,50
1324035360000,382.66,382.68,382.03,382.03,7380
1324035420000,382.02,382.34,381.8,381.8,14120
1324035480000,381.8,382.34,381.8,382.34,2510
1324035540000,382.34,383.28,382.34,383.28,420
1324035600000,382.42,382.45,382.01,382.41,520
1324035660000,382.03,382.03,382.0,382.0,10890
1324035720000,382.01,382.01,382.0,382.0,6880
1324035780000,382.0,382.0,381.81,381.81,1020
1324035900000,381.82,382.61,381.8,382.21,840
1324035960000,382.23,382.44,382.23,382.44,1270
1324036020000,382.48,383.13,382.48,383.13,3720
1324036080000,383.15,383.15,383.15,383.15,500
1324036140000,383.16,383.58,383.15,383.29,650
1324036200000,383.15,383.15,383.15,383.15,200
1324036260000,383.15,383.15,383.15,383.15,60
1324036320000,383.33,383.33,383.33,383.33,10
1324036380000,383.33,383.5,383.33,383.5,400
1324036440000,383.5,383.72,383.5,383.72,2300
1324036500000,383.79,384.25,383.79,384.25,5020
1324036560000,384.29,384.37,384.29,384.37,800
1324036620000,384.45,384.45,384.45,384.45,200
1324036680000,384.37,385.01,384.37,384.53,14030
1324036740000,384.38,384.5,384.38,384.5,230
1324036800000,384.5,385.87,384.5,384.53,2190
1324036860000,384.52,384.52,384.5,384.5,6480
1324036920000,384.5,384.5,384.5,384.5,50
1324037040000,384.75,384.78,384.75,384.78,200
1324037100000,384.78,384.78,384.5,384.78,710
1324037160000,384.5,384.88,384.5,384.88,400
1324037340000,384.56,384.56,384.54,384.54,80
1324037580000,384.53,384.53,384.53,384.53,200
1324037880000,384.54,384.54,384.54,384.54,20
1324038000000,384.51,384.51,384.21,384.21,4490
1324038060000,384.2,384.2,384.2,384.2,790
1324038180000,384.24,384.24,384.24,384.24,60
1324038240000,384.18,384.18,384.17,384.17,20
1324038300000,384.17,384.2,384.16,384.16,100
1324038480000,384.16,384.16,384.16,384.16,20
1324038660000,384.28,384.28,384.28,384.28,10
1324038720000,384.43,385.0,384.43,385.0,4370
1324038780000,384.64,384.83,384.45,384.83,1120
1324038840000,384.87,385.31,384.87,385.31,400
1324038960000,384.73,384.91,384.73,384.73,30
1324039020000,384.51,384.51,384.41,384.41,20
1324039080000,384.48,384.48,384.48,384.48,10
1324039140000,384.5,384.52,384.48,384.52,1040
1324039260000,384.56,384.66,384.56,384.66,1010
1324039320000,384.68,384.68,384.68,384.68,10
1324039380000,384.68,384.69,384.5,384.5,1310
1324039440000,384.5,384.5,384.5,384.5,600
1324039500000,384.51,384.57,384.5,384.57,1010
1324039560000,384.5,384.5,384.5,384.5,1180
1324039740000,384.57,384.57,384.55,384.55,340
1324039920000,384.58,384.72,384.58,384.72,1800
1324039980000,384.74,385.02,384.74,385.02,3080
1324040040000,385.0,385.0,385.0,385.0,20
1324040100000,385.0,385.0,385.0,385.0,140
1324040160000,385.0,385.0,385.0,385.0,40
1324040220000,385.0,385.0,385.0,385.0,570
1324040340000,384.96,384.96,384.96,384.96,500
1324040580000,384.99,384.99,384.99,384.99,500
1324040640000,384.85,384.85,384.85,384.85,100
1324040760000,384.85,384.85,384.85,384.85,170
1324040820000,385.0,385.05,385.0,385.05,370
1324040940000,384.86,384.86,384.86,384.86,200
1324041120000,384.87,385.32,384.86,385.32,3150
1324041180000,385.31,386.5,385.31,386.5,22310
1324041240000,386.53,387.0,386.53,387.0,11990
1324041300000,387.0,387.0,387.0,387.0,120
1324041360000,387.01,387.04,387.0,387.04,1260
1324041420000,387.0,387.01,387.0,387.01,850
1324041480000,387.01,387.01,387.0,387.0,2930
1324041540000,387.0,387.0,387.0,387.0,370
1324041600000,387.0,387.04,387.0,387.04,4100
1324041660000,387.0,387.0,387.0,387.0,190
1324041720000,387.0,387.0,387.0,387.0,15540
1324041780000,387.0,387.0,387.0,387.0,18000
1324041840000,387.0,387.05,387.0,387.0,4300
1324042020000,387.06,387.67,387.06,387.67,8490
1324042200000,387.29,387.29,387.29,387.29,600
1324042260000,387.21,387.21,387.0,387.17,1400
1324042320000,387.18,387.7,387.17,387.17,1440
1324042380000,387.16,387.16,387.15,387.15,480
1324042440000,387.01,387.38,387.0,387.38,1610
1324042500000,387.0,387.35,387.0,387.35,470
1324042560000,387.0,387.35,387.0,387.35,110
1324042620000,387.35,387.35,387.35,387.35,80
1324042680000,387.35,387.35,387.25,387.25,100
1324042740000,387.18,387.18,387.0,387.0,5000
1324042800000,387.0,387.0,387.0,387.0,230
1324042860000,387.0,387.0,387.0,387.0,140
1324042920000,387.0,387.0,387.0,387.0,200
1324042980000,387.0,387.37,387.0,387.37,20
1324043040000,387.35,387.35,387.35,387.35,10
1324043100000,387.02,387.02,387.0,387.0,960
1324043340000,387.02,387.02,387.01,387.01,50
1324043400000,387.08,387.08,387.08,387.08,100
1324043460000,387.06,387.06,387.02,387.02,300
1324043520000,387.25,387.34,387.25,387.34,300
1324043700000,387.02,387.02,387.02,387.02,200
1324043760000,387.02,387.02,387.02,387.02,30
1324043820000,387.02,387.02,387.02,387.02,10
1324044000000,387.27,387.5,387.27,387.5,6990
1324044060000,387.51,387.51,387.5,387.5,230
1324044120000,387.5,387.5,387.5,387.5,3410
1324044180000,387.52,387.98,387.52,387.98,800
1324044240000,387.15,387.55,387.15,387.15,560
1324044300000,387.12,387.12,387.07,387.07,130
1324044360000,387.06,387.46,387.05,387.05,270
1324044420000,387.05,387.05,387.05,387.05,220
1324044480000,387.05,387.05,387.05,387.05,120
1324044600000,387.05,387.14,387.0,387.12,2280
1324044660000,387.08,387.08,387.07,387.07,160
1324044720000,387.06,387.06,387.06,387.06,70
1324044900000,387.06,387.06,387.06,387.06,130
1324044960000,387.06,387.06,387.06,387.06,60
1324045080000,387.34,387.36,387.34,387.36,12130
1324045140000,387.36,387.36,387.36,387.36,4540
1324045200000,387.36,387.36,387.06,387.06,1040
1324045260000,387.35,387.35,387.35,387.35,30
1324045380000,387.05,387.05,387.0,387.0,500
1324045560000,387.33,387.33,387.33,387.33,130
1324045620000,387.33,387.33,387.33,387.33,500
1324045740000,387.33,387.33,387.33,387.33,20
1324045800000,387.33,387.36,387.33,387.36,36050
1324045860000,387.36,387.36,387.36,387.36,510
1324045920000,387.4,387.4,387.4,387.4,30
1324045980000,387.42,387.42,387.05,387.05,740
1324046100000,387.25,387.25,387.25,387.25,100
1324046160000,387.35,387.48,387.35,387.48,970
1324046220000,387.49,387.5,387.11,387.11,880
1324046280000,387.13,387.13,387.13,387.13,40
1324046340000,387.11,387.11,387.0,387.0,2820
1324046400000,387.02,387.02,387.02,387.02,20
1324046460000,387.01,387.25,387.0,387.25,1070
1324046520000,387.06,387.38,387.06,387.38,1500
1324046580000,387.38,387.47,387.0,387.0,5250
1324046640000,387.37,387.47,387.0,387.07,1880
1324274400000,385.4,385.4,382.12,383.77,3020
1324274460000,383.82,384.53,383.82,384.53,400
1324274520000,383.72,385.08,383.48,385.02,1890
1324274580000,385.81,390.74,385.81,390.53,6150
1324274640000,390.47,390.47,388.0,388.45,5580
1324274700000,388.09,388.09,386.79,387.12,3340
1324274760000,386.58,387.44,386.45,386.57,930
1324274820000,386.6,386.66,386.23,386.23,1640
1324274880000,386.27,386.32,385.78,385.78,1940
1324274940000,385.45,385.45,384.95,384.95,5900
1324275000000,384.95,385.0,383.99,384.54,5880
1324275060000,384.46,384.46,384.2,384.37,4110
1324275120000,384.2,384.2,382.84,382.84,7290
1324275180000,382.81,383.37,382.76,383.37,3540
1324275240000,383.33,383.33,383.33,383.33,150
1324275300000,383.02,383.02,382.56,382.56,2670
1324275360000,382.55,382.55,382.44,382.44,200
1324275420000,382.44,382.47,382.44,382.47,360
1324275480000,382.5,383.86,382.5,383.86,7680
1324275540000,383.94,383.97,383.94,383.97,450
1324275600000,383.92,384.45,383.86,384.45,4900
1324275660000,384.37,384.37,384.04,384.04,2060
1324275720000,384.04,384.04,383.37,383.41,3280
1324275780000,383.37,383.7,383.37,383.7,2810
1324275840000,383.38,383.73,383.37,383.37,4330
1324275900000,383.7,383.7,383.37,383.37,150
1324276020000,383.37,383.37,382.7,382.7,1960
1324276140000,383.0,383.04,383.0,383.04,260
1324276200000,382.8,382.8,382.8,382.8,200
1324276260000,382.82,382.82,382.82,382.82,20
1324276320000,382.8,382.8,382.43,382.5,5640
1324276380000,382.5,382.5,382.39,382.39,420
1324276440000,382.35,382.35,382.32,382.32,700
1324276500000,382.33,383.03,382.28,382.47,3940
1324276560000,382.5,382.66,382.3,382.36,1460
1324276620000,382.31,382.31,382.08,382.11,2170
1324276680000,382.11,382.11,381.51,381.51,3690
1324276740000,381.61,381.61,381.09,381.27,2690
1324276800000,381.05,381.52,381.01,381.52,4850
1324276860000,381.55,381.55,381.17,381.17,470
1324276920000,381.45,381.45,381.45,381.45,10
1324276980000,381.01,381.01,381.01,381.01,20
1324277040000,381.01,381.01,381.01,381.01,110
1324277100000,381.01,381.01,381.01,381.01,500
1324277160000,381.01,381.5,381.0,381.44,3470
1324277220000,381.46,381.46,381.01,381.01,1190
1324277280000,381.43,381.43,381.43,381.43,220
1324277340000,381.41,381.92,381.41,381.48,2940
1324277400000,381.52,381.57,381.18,381.57,610
1324277460000,381.38,381.38,381.1,381.1,370
1324277520000,381.23,381.68,381.23,381.39,2630
1324277580000,381.4,381.4,381.1,381.1,170
1324277640000,381.02,381.03,380.7,380.7,2860
1324277700000,380.82,380.82,380.61,380.61,520
1324277760000,380.91,380.91,378.62,378.62,15560
1324277820000,378.99,378.99,378.59,378.97,450
1324277880000,378.99,379.25,378.99,379.25,4420
1324277940000,379.02,379.02,378.72,378.72,1820
1324278000000,378.8,378.8,377.5,378.32,8730
1324278060000,378.0,378.43,378.0,378.43,1290
1324278120000,378.48,378.8,378.31,378.8,3670
1324278180000,378.78,378.82,378.78,378.82,160
1324278240000,378.82,379.35,378.44,378.44,980
1324278360000,378.8,378.81,377.96,378.36,27380
1324278420000,378.29,378.42,378.29,378.42,410
1324278480000,378.44,378.51,378.13,378.51,1330
1324278540000,378.55,378.55,378.55,378.55,70
1324278600000,378.55,378.55,378.55,378.55,50
1324278660000,378.55,378.72,378.55,378.72,1510
1324278720000,378.72,378.8,378.72,378.8,820
1324278780000,378.8,379.69,378.8,379.69,2900
1324278840000,378.93,379.11,378.93,379.11,1390
1324278900000,379.11,379.31,379.11,379.31,1940
1324278960000,379.31,379.37,379.2,379.37,1410
1324279020000,379.37,379.94,379.15,379.15,12070
1324279080000,379.15,379.15,379.07,379.12,1180
1324279140000,379.37,379.37,379.37,379.37,100
1324279200000,379.29,379.31,378.98,378.98,9250
1324279440000,379.35,379.35,379.35,379.35,20
1324279680000,379.0,379.0,379.0,379.0,100
1324279800000,379.27,379.27,379.27,379.27,100
1324280040000,378.97,378.97,378.72,378.72,2930
1324280400000,379.02,379.02,378.97,378.97,210
1324280460000,379.0,379.57,379.0,379.57,13530
1324280520000,379.57,380.19,379.57,380.11,9680
1324280580000,380.13,381.0,380.13,380.9,9610
1324280640000,380.92,380.94,380.0,380.0,7170
1324280700000,379.96,380.76,379.78,380.76,10650
1324280760000,380.76,380.76,380.76,380.76,300
1324280820000,380.78,381.95,380.78,381.55,9040
1324280880000,381.49,381.95,381.49,381.6,670
1324280940000,381.6,381.62,381.56,381.62,110
1324281060000,381.26,381.26,381.26,381.26,100
1324281120000,381.25,381.63,381.25,381.63,40
1324281300000,381.62,381.62,381.62,381.62,50
1324281360000,381.62,382.02,381.49,381.8,9430
1324281420000,381.8,382.12,381.8,382.12,2340
1324281480000,381.72,381.72,381.16,381.16,5750
1324281540000,381.15,381.15,380.92,380.92,2160
1324281600000,381.15,381.54,381.15,381.54,3060
1324281660000,381.56,381.56,381.56,381.56,200
1324281720000,381.54,381.72,381.0,381.0,6600
1324281780000,381.38,381.72,381.37,381.37,3510
1324281900000,381.75,382.48,381.75,382.08,3280
1324281960000,382.11,382.85,382.11,382.3,2200
1324282080000,382.02,382.02,381.7,381.8,7130
1324282140000,381.81,382.16,381.81,382.16,1490
1324282200000,382.04,382.37,382.04,382.3,2770
1324282260000,382.11,382.68,381.99,382.35,1820
1324282320000,382.3,382.35,381.92,381.92,1200
1324282380000,382.28,382.71,382.28,382.71,730
1324282440000,382.32,382.32,382.32,382.32,40
1324282560000,382.01,382.01,381.64,381.64,2290
1324282620000,381.93,382.03,381.93,382.03,1000
1324282680000,382.05,382.6,382.05,382.6,3370
1324282740000,382.3,382.35,382.3,382.35,400
1324282800000,382.0,382.0,381.87,382.0,4440
1324282860000,381.96,381.96,381.96,381.96,90
1324282920000,381.9,382.67,381.75,382.1,4030
1324282980000,382.12,382.17,382.02,382.02,960
1324283040000,382.02,382.02,382.02,382.02,130
1324283160000,382.15,382.61,382.15,382.24,560
1324283280000,382.15,382.16,382.15,382.16,720
1324283340000,382.16,382.67,381.65,381.65,14020
1324283580000,381.75,382.01,381.75,381.97,2680
1324283640000,382.05,382.6,382.0,382.0,3840
1324283700000,382.0,382.0,382.0,382.0,80
1324283760000,382.0,382.0,382.0,382.0,2510
1324283820000,381.73,382.07,381.05,382.07,5910
1324283880000,382.11,382.16,382.0,382.0,1100
1324283940000,382.11,382.11,382.0,382.0,530
1324284000000,382.0,382.84,382.0,382.81,8260
1324284060000,382.69,382.7,382.64,382.7,1280
1324284180000,382.45,382.45,382.04,382.04,5210
1324284240000,382.02,382.02,382.0,382.0,6620
1324284420000,382.11,382.11,382.11,382.11,210
1324284480000,382.0,382.0,381.5,381.5,6680
1324284540000,381.62,381.74,381.5,381.51,1010
1324284600000,381.25,381.25,381.23,381.23,710
1324284660000,381.22,381.22,381.19,381.21,780
1324284720000,381.46,381.61,381.46,381.53,7730
1324284780000,381.51,381.51,381.25,381.25,5030
1324284840000,381.25,381.29,381.25,381.29,130
1324284900000,381.25,381.25,380.92,380.92,8240
1324284960000,380.78,381.1,380.72,380.75,700
1324285080000,381.06,381.26,380.93,381.13,600
1324285140000,381.06,381.06,380.5,380.77,400
1324285200000,381.06,381.17,381.06,381.17,2370
1324285260000,381.18,381.29,381.18,381.29,1210
1324285320000,381.31,381.51,381.31,381.5,2040
1324285380000,381.5,381.67,381.5,381.67,1320
1324285440000,381.67,381.67,381.67,381.67,1100
1324285500000,381.5,381.5,381.5,381.5,2770
1324285560000,381.24,381.24,380.44,380.44,6030
1324285620000,380.4,380.75,380.22,380.75,3630
1324285680000,380.77,381.14,380.65,381.14,530
1324285740000,380.79,380.85,380.79,380.8,4160
1324285800000,380.8,380.94,380.8,380.94,880
1324285860000,380.97,381.13,380.97,381.13,1800
1324285920000,381.17,381.22,381.17,381.22,590
1324286040000,381.22,381.59,381.22,381.59,3480
1324286100000,381.62,381.8,381.62,381.8,2300
1324286160000,381.8,381.9,381.8,381.9,3560
1324286220000,381.91,381.91,381.91,381.91,20
1324286340000,381.9,381.9,381.9,381.9,450
1324286400000,381.55,381.55,381.45,381.45,1480
1324286460000,381.4,381.46,381.15,381.15,2690
1324286580000,381.1,381.1,381.1,381.1,170
1324286640000,381.08,381.5,381.08,381.5,430
1324286940000,381.1,381.21,381.09,381.21,700
1324287120000,381.44,381.44,381.44,381.44,490
1324287180000,381.09,381.48,381.07,381.48,1960
1324287360000,381.45,381.45,381.0,381.0,1040
1324287540000,380.94,380.94,380.94,380.94,50
1324287660000,380.83,380.89,380.83,380.87,930
1324287720000,380.94,381.02,380.8,381.02,1490
1324287780000,381.02,381.62,381.0,381.13,1520
1324287840000,381.18,381.31,381.18,381.31,1120
1324287900000,381.33,381.33,381.33,381.33,250
1324287960000,381.35,381.43,381.35,381.35,910
1324288020000,381.43,381.5,381.43,381.5,800
1324288080000,381.48,381.54,381.48,381.5,700
1324288140000,381.55,382.01,381.55,381.94,5290
1324288200000,381.97,381.97,381.97,381.97,400
1324288440000,381.98,382.11,381.98,382.11,1240
1324288500000,382.1,382.11,382.1,382.1,1610
1324288740000,382.01,382.01,381.7,381.7,6690
1324288800000,381.7,381.7,381.51,381.52,2850
1324288920000,381.52,381.52,381.52,381.52,10
1324288980000,381.52,381.52,381.52,381.52,670
1324289040000,381.54,381.56,381.51,381.56,1670
1324289100000,381.59,381.66,381.59,381.66,1000
1324289160000,381.51,381.52,381.51,381.51,2000
1324289220000,381.52,381.57,381.52,381.57,430
1324289340000,381.57,381.57,381.57,381.57,200
1324289400000,381.57,381.57,381.57,381.57,50
1324289520000,381.6,381.62,381.6,381.62,400
1324289580000,381.62,381.62,381.62,381.62,200
1324289760000,381.52,381.52,381.51,381.51,5000
1324289820000,381.51,381.51,381.51,381.51,1000
1324289940000,381.51,381.51,381.25,381.25,680
1324290000000,381.25,381.25,381.25,381.25,210
1324290180000,381.6,381.69,381.6,381.69,1300
1324290240000,381.73,381.83,381.73,381.83,850
1324290360000,381.83,382.47,381.83,382.47,300
1324290420000,381.85,381.88,381.85,381.88,420
1324290480000,381.88,381.88,381.65,381.66,300
1324290540000,381.93,381.93,381.93,381.93,30
1324290600000,381.93,381.93,381.93,381.93,220
1324290720000,381.95,382.27,381.95,382.27,970
1324290900000,381.83,381.83,381.83,381.83,90
1324290960000,382.04,382.06,382.04,382.06,220
1324291020000,381.75,381.75,381.75,381.75,600
1324291080000,381.75,381.75,381.64,381.75,2000
1324291140000,381.68,381.68,381.61,381.61,1000
1324291200000,381.59,381.59,381.24,381.49,6760
1324291260000,381.75,381.75,381.75,381.75,200
1324291380000,381.38,381.38,381.37,381.37,560
1324291620000,381.42,381.42,381.42,381.42,150
1324291680000,381.78,381.78,381.78,381.78,260
1324292280000,381.78,381.78,381.61,381.61,30
1324292700000,381.61,381.61,381.61,381.61,20
1324292820000,381.61,381.61,381.61,381.61,90
1324293060000,381.61,381.61,381.3,381.3,2000
1324293480000,381.55,381.55,381.55,381.55,100
1324293540000,381.56,381.56,381.56,381.56,10
1324293900000,381.42,381.49,381.42,381.49,200
1324293960000,381.43,381.43,381.4,381.4,600
1324294080000,381.38,381.38,381.35,381.35,110
1324294140000,381.4,381.4,381.4,381.4,10
1324294500000,381.4,381.4,381.4,381.4,210
1324294980000,381.64,381.74,381.64,381.74,2450
1324295040000,381.5,381.5,381.37,381.38,1500
1324295100000,381.38,381.38,381.34,381.34,500
1324295220000,381.51,381.51,381.51,381.51,2250
1324295280000,381.51,381.51,381.51,381.51,1300
1324295580000,381.51,381.51,381.51,381.51,260
1324295640000,381.51,381.71,381.51,381.71,1500
1324295700000,381.77,381.77,381.77,381.77,10
1324295760000,381.77,382.31,381.77,381.79,1180
1324295820000,381.79,381.87,381.79,381.87,520
1324295880000,381.92,381.92,381.92,381.92,90
1324296420000,381.67,381.67,381.67,381.67,90
1324296540000,381.67,381.67,381.6,381.6,1510
1324296720000,381.93,382.07,381.93,382.07,420
1324296780000,382.16,382.18,382.16,382.18,500
1324296840000,382.22,382.23,382.22,382.23,2900
1324296900000,382.23,382.48,382.23,382.3,1780
1324297020000,382.23,382.31,382.23,382.31,590
1324297080000,381.95,381.95,381.6,381.95,760
1324297140000,381.95,381.95,381.95,381.95,3980
1324297440000,381.91,381.91,381.91,381.91,440
1324297500000,381.95,381.95,381.95,381.95,560
1324297680000,382.47,382.47,382.47,382.47,10
1324298160000,382.47,382.47,382.47,382.47,30
1324298280000,382.47,382.47,382.47,382.47,30
1324298520000,382.47,382.47,382.47,382.47,60
1324298580000,382.47,382.47,382.24,382.24,570
1324298640000,382.48,382.48,382.48,382.48,120
1324298700000,382.5,382.52,382.5,382.52,40
1324298760000,382.52,382.52,382.52,382.52,180
1324298820000,382.54,382.54,382.54,382.54,140
1324298880000,382.47,382.56,382.47,382.56,280
1324298940000,382.25,382.25,382.25,382.25,260
1324299120000,382.25,382.25,381.46,381.96,4520
1324299180000,381.94,381.94,381.89,381.89,410
1324299240000,381.89,381.89,381.89,381.89,200
1324299300000,381.87,381.87,381.65,381.65,1800
1324299360000,381.65,381.65,381.53,381.53,2910
1324299420000,381.53,381.53,381.45,381.5,3060
1324299480000,381.84,381.86,381.2,381.5,6060
1324299540000,381.5,381.5,381.21,381.43,3990
1324299600000,381.4,381.5,381.33,381.33,3150
1324299660000,381.31,381.31,381.23,381.23,750
1324299720000,381.23,381.23,381.2,381.2,240
1324299780000,381.2,381.2,381.2,381.2,850
1324299840000,381.2,381.2,381.2,381.2,260
1324299900000,381.2,381.2,381.2,381.2,100
1324299960000,381.5,381.5,381.5,381.5,10
1324300020000,381.5,381.5,381.5,381.5,590
1324300080000,381.5,381.5,381.5,381.5,570
1324300140000,381.5,381.5,381.5,381.5,830
1324300440000,381.47,381.5,381.47,381.5,250
1324300500000,381.5,381.5,381.09,381.09,4400
1324300560000,381.1,381.1,381.03,381.03,8680
1324300620000,381.03,381.03,381.03,381.03,50
1324300680000,381.4,381.4,381.4,381.4,50
1324300980000,381.4,381.5,381.4,381.43,3160
1324301040000,381.47,381.47,381.47,381.47,200
1324301100000,381.49,381.5,381.32,381.32,930
1324301160000,381.33,381.35,381.32,381.35,360
1324301220000,381.35,381.35,381.11,381.3,2250
1324301280000,381.3,381.3,381.25,381.3,410
1324301340000,381.3,381.48,381.27,381.27,730
1324301400000,381.48,381.67,381.48,381.6,980
1324301460000,381.6,381.6,381.6,381.6,100
1324301520000,381.6,381.6,381.56,381.56,420
1324301580000,381.61,381.76,381.61,381.71,1940
1324301640000,381.78,381.78,381.78,381.78,50
1324301700000,381.77,381.78,381.77,381.78,330
1324301760000,381.78,381.78,381.78,381.78,60
1324301880000,381.73,381.78,381.73,381.78,350
1324302060000,381.79,381.79,381.72,381.72,300
1324302120000,381.72,381.72,381.65,381.65,1120
1324302180000,381.65,381.65,381.35,381.35,2080
1324302240000,381.35,381.53,381.19,381.19,1540
1324302300000,381.19,381.4,381.07,381.07,2560
1324302360000,381.07,381.1,381.02,381.03,3110
1324302420000,381.03,381.03,380.3,380.95,3620
1324302480000,380.92,380.92,380.82,380.82,1030
1324302540000,380.81,380.81,380.77,380.77,720
1324302600000,380.77,380.8,380.74,380.8,650
1324302660000,380.8,381.12,380.7,380.7,2080
1324302720000,380.67,380.67,380.62,380.62,660
1324302780000,380.68,380.68,380.68,380.68,1510
1324302840000,380.6,380.6,380.6,380.6,10
1324302900000,380.6,380.6,380.6,380.6,20
1324302960000,380.6,380.6,380.59,380.59,200
1324303020000,380.59,380.59,380.59,380.59,200
1324303200000,380.59,380.59,380.59,380.59,590
1324303380000,380.57,380.57,380.55,380.55,270
1324303440000,380.52,380.52,380.35,380.39,840
1324303500000,380.33,380.33,379.7,380.22,1370
1324303560000,380.19,380.19,379.62,379.62,5260
1324303620000,379.6,379.6,378.94,378.95,10740
1324303680000,378.83,379.02,378.64,378.66,4040
1324303740000,378.6,378.66,378.19,378.22,6810
1324303800000,378.2,378.2,378.11,378.11,4440
1324303860000,378.09,378.09,378.0,378.0,6530
1324303920000,378.0,378.05,378.0,378.05,2490
1324303980000,378.05,378.35,377.89,377.89,7060
1324304040000,378.0,378.0,378.0,378.0,30
1324304100000,377.9,377.9,377.87,377.87,450
1324304160000,377.84,377.87,377.84,377.87,20
1324304220000,377.87,378.0,377.87,378.0,1130
1324304280000,378.21,378.21,378.21,378.21,320
1324304400000,378.11,378.23,378.11,378.23,140
1324304460000,378.23,378.45,378.23,378.45,280
1324304520000,378.18,378.5,378.18,378.5,1720
1324304580000,378.47,378.52,378.47,378.52,600
1324304640000,378.54,378.56,377.93,378.26,21120
1324304700000,377.96,377.96,377.89,377.89,400
1324304760000,378.0,378.0,377.95,377.95,290
1324304820000,378.0,378.0,378.0,378.0,7240
1324304880000,378.0,378.0,378.0,378.0,2550
1324304940000,378.0,378.0,378.0,378.0,100
1324305000000,378.0,378.15,378.0,378.15,5660
1324305060000,378.15,378.65,378.15,378.65,1090
1324305120000,378.24,378.28,378.24,378.24,1060
1324305180000,378.17,378.17,378.17,378.17,270
1324305240000,378.17,378.3,378.17,378.3,3660
1324305300000,378.3,378.3,377.8,377.81,4400
1324305360000,377.87,377.87,377.71,377.76,1340
1324305420000,377.76,377.76,377.72,377.72,710
1324305480000,377.71,377.72,377.56,377.56,3440
1324305540000,377.6,377.6,377.5,377.51,4670
1324305600000,377.5,377.51,377.31,377.31,4780
1324305660000,377.3,377.3,377.0,377.0,3770
1324305720000,377.15,377.15,377.08,377.08,3370
1324305780000,377.08,377.38,377.03,377.38,1200
1324305840000,377.38,377.6,376.3,377.6,11210
1324360800000,377.87,378.0,377.7,378.0,970
1324360860000,378.5,378.5,378.0,378.0,80
1324360920000,378.15,378.15,376.13,376.38,4530
1324360980000,376.38,376.49,376.11,376.11,1730
1324361040000,376.11,376.41,376.11,376.41,510
1324361100000,376.41,376.6,376.41,376.6,1380
1324361160000,376.63,376.7,376.6,376.7,1470
1324361220000,376.7,376.74,376.68,376.74,970
1324361280000,376.74,376.89,376.74,376.89,1080
1324361340000,376.85,376.85,376.68,376.68,890
1324361400000,376.85,377.23,376.85,377.18,4050
1324361460000,376.88,376.88,376.88,376.88,30
1324361520000,377.18,377.18,377.18,377.18,30
1324361580000,377.19,377.2,377.19,377.2,310
1324361640000,377.23,377.23,377.0,377.0,1340
1324361760000,377.0,377.0,377.0,377.0,400
1324361820000,377.0,377.23,377.0,377.23,380
1324361880000,377.25,377.46,376.87,376.87,5480
1324361940000,376.82,376.82,376.42,376.42,5480
1324362000000,376.39,376.39,376.34,376.34,640
1324362060000,376.31,376.31,376.16,376.16,2110
1324362120000,376.15,376.16,376.13,376.16,1690
1324362240000,376.2,376.2,375.98,375.98,2070
1324362300000,375.98,376.0,375.96,375.96,1380
1324362360000,375.96,376.28,375.55,376.2,6790
1324362480000,376.2,376.3,376.01,376.3,510
1324362540000,376.14,376.14,375.81,375.81,4720
1324362600000,376.0,376.0,375.8,375.8,330
1324362660000,375.8,376.29,375.8,376.23,5490
1324362720000,376.15,376.15,375.98,375.98,1580
1324362780000,375.91,375.91,375.87,375.87,1450
1324362840000,375.83,375.83,375.77,375.8,2320
1324362900000,376.09,376.09,376.09,376.09,400
1324363080000,375.95,376.12,375.7,375.7,8210
1324363140000,375.7,376.07,375.7,376.07,2100
1324363320000,376.0,376.0,376.0,376.0,3020
1324363380000,376.0,376.12,376.0,376.12,1850
1324363440000,376.0,376.0,375.7,376.0,1120
1324363500000,375.77,375.77,375.7,375.77,570
1324363680000,376.1,376.1,376.1,376.1,100
1324363740000,375.75,375.75,375.73,375.73,140
1324363800000,375.73,376.04,375.72,376.04,4330
1324363860000,376.04,376.04,376.04,376.04,50
1324363980000,376.04,376.04,375.7,375.7,310
1324364040000,375.72,375.72,375.61,375.61,1060
1324364100000,375.68,375.68,374.35,374.61,42710
1324364160000,374.61,374.8,374.6,374.6,500
1324364220000,374.65,375.36,374.43,375.26,12320
1324364280000,375.31,375.44,375.31,375.44,1400
1324364340000,375.4,375.57,375.4,375.57,1690
1324364400000,375.4,375.4,375.0,375.0,8270
1324364460000,375.03,375.12,375.03,375.12,170
1324364520000,375.05,375.05,374.59,374.59,8760
1324364580000,374.57,374.57,374.17,374.32,5510
1324364640000,374.22,375.26,374.18,375.26,9150
1324364700000,374.93,374.93,374.93,374.93,50
1324364760000,374.96,374.96,374.96,374.96,100
1324364820000,374.97,374.99,374.97,374.99,800
1324364940000,375.05,375.41,375.05,375.41,3460
1324365000000,375.45,375.45,375.45,375.45,400
1324365120000,375.49,375.5,375.48,375.5,320
1324365180000,375.5,375.54,375.5,375.54,2010
1324365240000,375.57,375.57,375.57,375.57,200
1324365300000,375.57,375.6,375.57,375.57,910
1324365360000,375.3,375.51,375.19,375.51,2070
1324365480000,375.17,375.17,375.05,375.13,890
1324365600000,375.2,375.2,374.71,374.71,5270
1324365660000,374.68,374.75,374.68,374.75,2200
1324365720000,375.01,375.01,375.01,375.01,20
1324365780000,375.01,375.01,375.01,375.01,10
1324365840000,374.69,374.69,374.11,374.13,10290
1324365900000,374.1,374.1,373.64,373.78,7430
1324365960000,373.78,374.2,373.78,374.2,1530
1324366020000,374.06,374.35,374.06,374.35,5570
1324366080000,374.39,374.51,374.39,374.51,1400
1324366140000,374.51,374.51,374.51,374.51,250
1324366200000,374.32,374.32,374.32,374.32,30
1324366260000,374.51,374.51,374.51,374.51,20
1324366440000,374.17,374.51,374.17,374.51,260
1324366500000,374.16,374.16,374.16,374.16,40
1324366620000,374.18,374.18,374.16,374.16,130
1324366680000,374.18,374.55,374.16,374.55,1430
1324366860000,374.45,374.47,374.45,374.47,500
1324366920000,374.29,374.29,374.0,374.08,2930
1324367100000,374.36,374.36,374.36,374.36,100
1324367340000,374.38,374.38,374.38,374.38,10
1324367460000,374.37,374.37,374.37,374.37,100
1324367520000,374.05,374.05,373.88,373.88,990
1324367580000,374.04,374.04,374.0,374.0,280
1324367640000,374.0,374.0,374.0,374.0,810
1324367880000,373.99,373.99,373.99,373.99,10
1324368000000,374.36,374.54,374.36,374.54,1090
1324368060000,374.54,374.54,374.54,374.54,200
1324368120000,374.53,374.53,374.53,374.53,10
1324368240000,374.53,374.53,374.5,374.5,500
1324368300000,374.21,374.21,374.0,374.04,3260
1324368420000,374.39,374.39,373.6,373.8,4760
1324368480000,373.75,374.04,373.6,374.04,860
1324368540000,374.05,374.3,374.05,374.24,2420
1324368600000,374.28,374.64,374.28,374.64,3990
1324368660000,374.52,374.52,374.29,374.29,100
1324368720000,374.29,374.29,374.26,374.26,700
1324368840000,374.5,374.5,374.5,374.5,200
1324369200000,374.25,374.25,374.15,374.15,1000
1324369260000,374.13,374.13,373.37,373.58,7730
1324369320000,373.55,373.55,373.0,373.25,7520
1324369380000,373.23,373.23,372.11,373.03,9510
1324369440000,373.1,373.68,373.1,373.68,7060
1324369500000,373.68,373.68,373.38,373.38,730
1324369560000,373.35,373.35,373.35,373.35,40
1324369620000,373.72,374.11,373.72,374.0,4210
1324369680000,374.01,374.5,373.77,373.81,840
1324369740000,374.18,374.46,373.46,373.46,3940
1324369800000,373.41,373.41,373.28,373.28,1600
1324369860000,373.6,374.28,373.6,374.28,3400
1324369980000,373.69,373.69,373.5,373.5,9270
1324370160000,373.5,373.5,373.44,373.5,660
1324370220000,373.5,373.5,373.5,373.5,570
1324370280000,373.5,373.5,373.5,373.5,670
1324370340000,373.5,373.81,373.5,373.81,1610
1324370400000,373.5,373.63,373.5,373.63,260
1324370520000,373.65,374.16,373.65,373.82,730
1324370640000,373.79,373.79,373.79,373.79,10
1324370700000,373.82,373.82,373.82,373.82,100
1324371120000,373.82,373.82,373.82,373.82,10
1324371240000,373.82,373.82,373.82,373.82,50
1324371420000,373.58,373.58,373.29,373.29,4400
1324371480000,373.26,373.26,373.17,373.17,2200
1324371540000,373.25,373.25,373.25,373.25,10
1324371660000,373.5,373.71,373.5,373.71,2840
1324371720000,373.73,373.73,373.73,373.73,30
1324371780000,373.75,373.8,373.75,373.8,410
1324371900000,373.8,373.8,373.8,373.8,400
1324372800000,373.8,373.8,373.8,373.8,520
1324372860000,373.59,374.0,373.31,374.0,8230
1324372920000,373.43,373.7,373.34,373.7,1140
1324373040000,373.5,373.5,373.5,373.5,90
1324373100000,373.33,373.65,373.2,373.65,310
1324373580000,373.34,373.34,373.12,373.12,2850
1324373700000,373.02,373.02,372.9,372.9,1590
1324373760000,372.89,372.89,372.8,372.8,3220
1324373820000,372.8,372.8,372.8,372.8,300
1324373880000,372.8,372.8,372.8,372.8,7790
1324373940000,372.8,372.8,372.75,372.75,7490
1324374000000,372.75,372.99,372.55,372.99,5990
1324374060000,372.79,372.79,372.79,372.79,50
1324374180000,372.81,372.88,372.81,372.88,1040
1324374240000,372.92,373.3,372.79,372.79,1420
1324374300000,372.66,372.66,372.66,372.66,20
1324374540000,372.66,372.66,372.55,372.55,260
1324374720000,372.96,373.3,372.94,373.3,3500
1324374900000,373.35,373.42,373.35,373.42,990
1324375020000,373.46,373.51,373.46,373.51,800
1324375200000,373.56,373.56,373.56,373.56,10
1324375260000,373.56,373.56,373.56,373.56,10
1324375320000,373.45,373.45,373.0,373.0,110
1324375440000,373.56,373.84,373.56,373.84,550
1324375500000,373.56,373.57,373.56,373.57,210
1324375740000,373.53,373.53,373.53,373.53,60
1324375860000,373.24,373.24,373.24,373.24,10
1324375920000,373.53,373.53,373.53,373.53,10
1324375980000,373.3,373.3,372.87,372.87,5200
1324376040000,372.86,372.86,372.55,372.55,16790
1324376100000,372.55,372.55,372.55,372.55,13500
1324376340000,372.55,372.55,372.55,372.55,400
1324376400000,372.55,372.87,372.55,372.87,220
1324376460000,372.9,372.9,372.9,372.9,50
1324376520000,372.9,372.9,372.9,372.9,210
1324376580000,372.93,372.93,372.93,372.93,210
1324376640000,373.0,373.07,372.95,373.07,1620
1324376700000,373.09,373.2,372.93,373.17,4260
1324376760000,373.17,373.19,373.17,373.19,900
1324376940000,373.23,373.24,373.23,373.24,400
1324377120000,372.9,372.9,372.84,372.84,1310
1324377180000,372.77,372.77,372.56,372.56,2810
1324377420000,372.89,372.91,372.89,372.91,260
1324377480000,372.96,373.1,372.96,373.1,1600
1324377540000,373.15,373.17,373.15,373.17,600
1324377600000,373.22,373.31,373.22,373.31,940
1324377720000,373.08,373.32,373.08,373.32,210
1324377780000,373.35,373.58,373.35,373.58,1430
1324377840000,373.6,373.6,373.6,373.6,10
1324377900000,373.6,373.74,373.6,373.64,380
1324377960000,373.3,373.3,373.3,373.3,10
1324378020000,373.3,373.64,373.3,373.64,30
1324378080000,373.64,373.69,373.64,373.66,580
1324378140000,373.66,373.66,373.66,373.66,260
1324378260000,373.68,373.82,373.68,373.82,1270
1324378320000,373.85,373.85,373.85,373.85,300
1324378380000,373.83,374.01,373.83,374.0,4050
1324378440000,374.0,374.05,374.0,374.05,550
1324378500000,374.07,374.47,374.07,374.29,3120
1324378560000,374.3,374.51,374.3,374.5,2810
1324378620000,374.54,374.54,374.54,374.54,50
1324378680000,374.5,374.5,374.5,374.5,500
1324378740000,374.25,374.25,374.25,374.25,100
1324378980000,374.5,374.84,374.5,374.84,2400
1324379040000,374.75,374.95,374.75,374.83,1230
1324379100000,374.87,375.09,374.87,375.09,14590
1324379160000,375.01,375.12,374.88,374.88,1670
1324379220000,374.73,374.73,374.26,374.31,4940
1324379280000,374.64,375.0,374.41,375.0,3690
1324379340000,375.0,375.07,375.0,375.07,1080
1324379400000,375.08,375.32,375.08,375.32,2480
1324379460000,375.32,375.36,375.32,375.36,610
1324379520000,375.3,375.3,374.87,374.98,5910
1324379580000,374.89,374.89,374.84,374.85,1020
1324379640000,374.8,374.8,374.7,374.75,520
1324379700000,375.0,375.0,374.75,374.75,110
1324379820000,374.99,375.0,374.75,375.0,4330
1324379880000,374.75,375.79,374.43,374.43,8830
1324379940000,374.38,374.38,374.36,374.36,450
1324380000000,374.71,374.71,374.71,374.71,50
1324380060000,374.41,374.41,374.33,374.33,260
1324380120000,374.65,375.18,374.65,375.08,15460
1324380180000,375.09,375.39,374.94,374.94,13440
1324380240000,374.9,374.9,374.77,374.77,2030
1324380300000,374.94,375.21,374.94,375.16,18190
1324380360000,375.11,375.32,375.11,375.32,1010
1324380420000,375.36,375.49,375.36,375.49,1270
1324380480000,375.53,375.78,375.38,375.6,1280
1324380540000,375.62,375.78,375.4,375.58,1330
1324380600000,375.69,376.17,375.69,376.17,7980
1324380660000,376.13,376.35,376.0,376.34,8580
1324380720000,376.27,376.35,376.25,376.35,730
1324380780000,376.38,377.0,376.38,377.0,9700
1324380840000,377.0,377.48,377.0,377.48,6400
1324380900000,377.49,377.77,377.4,377.4,1540
1324380960000,377.4,377.61,377.4,377.56,1120
1324381020000,377.55,377.67,377.39,377.62,7660
1324381080000,377.62,377.84,377.62,377.72,1160
1324381140000,377.62,377.72,377.62,377.72,870
1324381200000,377.72,377.74,377.72,377.74,130
1324381260000,377.72,377.72,377.72,377.72,420
1324381320000,377.72,377.72,377.0,377.24,10630
1324381380000,377.21,377.32,377.0,377.16,1010
1324381440000,377.16,377.9,377.13,377.9,5480
1324381560000,377.86,377.86,377.86,377.86,300
1324381620000,377.8,377.86,377.8,377.86,360
1324381740000,377.6,377.6,377.45,377.45,2300
1324381800000,377.72,377.79,377.5,377.5,280
1324381860000,377.7,377.7,377.55,377.55,160
1324381920000,377.55,377.55,377.55,377.55,140
1324381980000,377.7,377.7,377.7,377.7,10
1324382040000,377.75,377.88,377.75,377.88,1880
1324382160000,377.89,377.94,377.89,377.94,860
1324382220000,377.61,377.96,377.61,377.96,280
1324382280000,377.61,377.61,377.6,377.6,40
1324382400000,377.6,377.6,377.6,377.6,30
1324382460000,377.85,377.85,377.85,377.85,10
1324382520000,377.65,377.65,377.65,377.65,10
1324382580000,377.75,377.75,377.7,377.7,360
1324382640000,377.7,377.93,377.7,377.7,3430
1324382700000,377.7,377.7,377.7,377.7,650
1324382760000,377.8,377.8,377.7,377.7,1940
1324382820000,377.8,377.8,377.8,377.8,10
1324382880000,377.81,377.81,377.7,377.7,3010
1324382940000,377.7,377.7,377.7,377.7,2100
1324383000000,377.7,377.7,377.7,377.7,720
1324383060000,377.9,378.15,377.9,378.15,4000
1324383120000,377.8,377.8,377.8,377.8,200
1324383180000,377.78,378.01,377.78,378.01,270
1324383240000,377.98,378.02,377.98,378.02,260
1324383300000,378.01,378.02,378.01,378.02,430
1324383360000,378.09,378.1,378.09,378.1,3070
1324383420000,378.1,378.1,378.1,378.1,20
1324383480000,377.9,377.9,377.68,377.7,9790
1324383540000,377.66,377.7,377.57,377.57,2010
1324383660000,377.57,377.57,377.55,377.55,2350
1324383720000,377.52,377.52,377.52,377.52,50
1324383780000,377.49,377.49,376.4,376.73,8320
1324383900000,376.73,376.73,376.71,376.71,400
1324383960000,376.72,376.72,376.72,376.72,10
1324384020000,376.77,376.77,376.25,376.64,6910
1324384080000,376.93,377.0,376.93,377.0,1880
1324384140000,377.0,377.1,377.0,377.1,170
1324384200000,377.32,377.32,377.32,377.32,80
1324384740000,377.08,377.43,376.62,377.43,4690
1324384800000,377.36,377.49,377.36,377.49,860
1324384860000,377.17,377.17,377.07,377.07,1250
1324384920000,377.03,377.03,376.89,376.89,1600
1324385400000,377.0,377.0,377.0,377.0,180
1324385460000,377.2,377.2,377.2,377.2,260
1324385580000,377.19,377.19,377.19,377.19,10
1324385640000,377.19,377.19,377.19,377.19,20
1324385760000,377.19,377.19,377.19,377.19,100
1324385880000,377.18,377.3,377.18,377.3,1100
1324386000000,377.34,377.48,377.34,377.48,1800
1324386060000,377.3,377.3,377.14,377.14,3410
1324386120000,377.1,377.1,377.1,377.1,200
1324386240000,377.08,377.08,376.8,376.8,1470
1324386300000,376.89,376.89,376.84,376.84,600
1324386360000,376.84,377.0,376.84,377.0,310
1324386720000,377.0,377.0,377.0,377.0,10
1324386780000,377.19,377.22,376.91,376.91,4670
1324386900000,377.04,377.27,377.04,377.27,4210
1324387020000,377.29,377.29,377.29,377.29,30
1324387320000,377.25,377.3,377.25,377.3,430
1324387500000,376.97,377.3,376.97,377.3,7470
1324387560000,377.39,377.39,377.39,377.39,20
1324387620000,377.54,377.66,377.54,377.66,2380
1324387680000,377.63,377.66,377.63,377.66,2250
1324387740000,377.66,377.69,377.66,377.69,940
1324387800000,377.73,377.94,377.73,377.94,4610
1324387860000,377.71,377.71,377.56,377.58,2020
1324387920000,377.56,377.69,377.56,377.69,60
1324388100000,377.71,377.97,377.71,377.9,970
1324388160000,377.97,378.59,377.97,378.59,9940
1324388220000,378.67,378.98,378.67,378.98,1490
1324388280000,378.99,379.01,378.99,379.0,1570
1324388340000,379.0,379.7,379.0,379.7,2730
1324388400000,379.71,381.0,379.71,381.0,13170
1324388460000,381.0,381.45,380.98,381.25,5970
1324388520000,381.23,381.32,380.91,381.32,4400
1324388580000,381.2,381.58,381.0,381.58,4700
1324388640000,381.55,381.55,381.55,381.55,100
1324388700000,381.19,381.19,380.76,381.05,2890
1324388760000,381.0,381.88,381.0,381.88,7800
1324388820000,381.98,382.5,381.88,381.88,12390
1324388880000,382.24,382.65,381.98,382.65,9990
1324388940000,382.32,382.32,381.57,381.57,1320
1324389000000,381.9,382.29,381.52,382.29,2450
1324389060000,382.29,382.33,382.29,382.33,4020
1324389120000,382.3,382.34,382.3,382.33,4020
1324389180000,382.33,382.33,382.33,382.33,10
1324389240000,382.31,382.37,382.31,382.37,4620
1324389300000,382.5,382.66,382.5,382.63,2330
1324389360000,382.63,382.72,381.79,382.72,10670
1324389420000,382.49,382.54,382.49,382.54,470
1324389480000,382.54,383.47,382.54,383.0,16660
1324389540000,383.32,383.54,383.0,383.01,1420
1324389600000,383.38,383.38,383.38,383.38,200
1324389660000,383.38,384.06,383.38,384.05,5490
1324389720000,384.09,384.5,384.05,384.32,15530
1324389780000,384.35,384.75,384.32,384.75,8050
1324389840000,384.72,385.0,384.72,384.72,2450
1324389900000,384.91,385.5,384.91,385.5,6430
1324389960000,385.13,385.5,385.13,385.19,1340
1324390020000,385.21,386.0,385.21,385.72,18310
1324390080000,385.74,386.0,385.37,385.4,8080
1324390140000,385.78,386.0,385.78,386.0,450
1324390200000,385.78,385.78,385.0,385.5,8260
1324390260000,385.5,385.5,385.17,385.17,1030
1324390320000,385.19,385.19,385.19,385.19,250
1324390380000,385.39,385.39,385.39,385.39,260
1324390440000,385.17,385.4,385.17,385.4,410
1324390500000,385.4,385.49,385.16,385.49,1220
1324390560000,385.49,385.49,385.13,385.13,600
1324390620000,385.38,385.38,384.94,385.3,2060
1324390680000,385.38,385.39,385.1,385.1,580
1324390740000,385.11,385.9,384.94,385.9,5280
1324390800000,385.54,385.91,385.54,385.91,420
1324390860000,385.91,386.0,385.91,386.0,3160
1324390920000,386.0,386.0,385.99,386.0,4970
1324390980000,385.99,386.0,385.99,386.0,1320
1324391040000,386.0,386.24,385.9,385.91,3410
1324391100000,386.22,386.24,386.22,386.24,1900
1324391160000,385.92,386.19,385.92,386.18,630
1324391220000,385.96,385.96,385.9,385.9,6460
1324391280000,386.15,386.15,385.55,385.55,910
1324391340000,385.53,385.92,385.53,385.92,70
1324391400000,385.9,385.9,385.9,385.9,70
1324391460000,385.53,385.8,385.44,385.44,1400
1324391520000,385.43,385.77,385.18,385.77,730
1324391580000,385.77,385.77,384.88,384.88,6930
1324391640000,384.94,384.94,384.6,384.7,2460
1324391700000,384.7,384.71,383.12,384.14,6560
1324391760000,384.13,384.49,384.13,384.46,470
1324391820000,384.09,384.09,382.77,382.77,2750
1324391880000,384.34,384.34,383.97,384.2,120
1324391940000,384.2,384.46,384.1,384.46,430
1324392000000,384.2,384.39,384.07,384.08,870
1324392060000,384.34,384.34,383.9,383.9,2440
1324392120000,384.07,384.07,383.9,383.9,2430
1324392180000,383.85,383.85,383.45,383.45,4240
1324392240000,383.14,383.64,381.9,382.0,6890
1324447200000,386.2,386.96,386.2,386.2,460
1324447260000,386.1,386.89,386.1,386.89,1550
1324447320000,386.89,387.0,386.25,387.0,2540
1324447380000,386.96,387.91,386.96,387.91,1360
1324447440000,387.92,388.0,387.4,388.0,560
1324447500000,388.0,388.0,387.03,387.29,4460
1324447560000,387.3,387.3,387.03,387.25,2640
1324447620000,387.0,387.0,386.57,386.57,5700
1324447680000,386.52,386.52,386.22,386.44,4540
1324447740000,386.32,386.32,385.8,385.8,5010
1324447800000,385.82,385.82,385.82,385.82,50
1324447860000,385.95,385.95,385.95,385.95,10
1324447920000,386.0,386.06,385.7,386.06,6510
1324447980000,386.06,386.12,386.06,386.12,430
1324448040000,386.12,386.12,385.5,385.5,3570
1324448100000,385.47,385.47,385.47,385.47,10
1324448160000,385.47,385.63,385.25,385.37,2580
1324448220000,385.37,385.63,385.25,385.57,3320
1324448280000,385.58,385.58,385.04,385.35,7490
1324448340000,385.42,385.63,385.42,385.63,2030
1324448400000,385.63,385.65,385.19,385.19,3050
1324448460000,385.24,385.24,385.17,385.24,110
1324448520000,385.17,385.17,384.89,384.89,7140
1324448580000,384.88,384.88,384.87,384.88,680
1324448640000,385.14,385.15,384.83,384.83,4290
1324448700000,384.81,385.0,384.81,385.0,210
1324448760000,385.01,385.51,384.92,385.16,2600
1324448820000,385.14,385.2,385.14,385.2,750
1324448880000,385.2,385.21,385.2,385.21,390
1324448940000,385.0,385.0,384.63,384.63,2520
1324449000000,384.64,384.64,384.61,384.61,990
1324449060000,384.57,384.86,384.5,384.52,4280
1324449120000,384.5,384.52,384.34,384.34,3310
1324449180000,384.31,384.31,384.31,384.31,200
1324449240000,384.29,385.13,384.29,385.13,8430
1324449300000,385.0,385.0,384.79,384.79,1120
1324449360000,384.77,384.77,384.45,384.45,3180
1324449420000,384.44,384.44,384.32,384.32,2180
1324449480000,384.32,384.32,384.28,384.3,1950
1324449540000,384.3,384.3,383.81,383.81,7580
1324449600000,383.8,383.8,383.54,383.54,2830
1324449660000,383.52,383.52,383.2,383.2,1610
1324449720000,383.28,383.28,383.25,383.28,490
1324449780000,383.25,383.25,383.25,383.25,50
1324449840000,383.24,383.25,382.85,383.0,6340
1324449900000,382.95,382.95,382.95,382.95,30
1324450020000,382.95,382.95,382.95,382.95,1070
1324450080000,382.95,383.43,382.95,383.43,5070
1324450140000,383.46,383.47,383.42,383.47,340
1324450200000,383.4,383.4,383.22,383.22,400
1324450260000,383.16,383.17,383.08,383.08,2180
1324450380000,383.04,383.04,383.03,383.04,450
1324450440000,383.03,383.04,382.8,382.9,3750
1324450500000,382.86,383.08,382.83,383.06,1420
1324450560000,383.06,383.06,382.29,382.5,7460
1324450620000,382.5,382.5,382.44,382.44,50
1324450680000,382.44,382.44,382.37,382.37,860
1324450740000,382.36,382.37,382.21,382.29,1830
1324450800000,382.29,382.29,382.29,382.29,80
1324450860000,382.29,382.29,382.28,382.28,50
1324450980000,382.5,382.57,382.5,382.57,300
1324451160000,382.55,382.55,382.55,382.55,200
1324451220000,382.55,383.37,382.55,383.37,4550
1324451280000,383.08,383.59,383.08,383.59,1390
1324451340000,383.3,383.35,383.3,383.35,250
1324451400000,383.42,383.59,383.42,383.59,350
1324451520000,383.47,383.59,383.25,383.25,570
1324451580000,383.6,384.07,383.6,384.0,10870
1324451640000,384.12,385.02,384.12,385.02,17660
1324451700000,385.02,385.53,385.01,385.53,5950
1324451760000,385.5,386.74,385.5,386.4,20990
1324451820000,386.4,387.24,386.4,386.98,15570
1324451880000,387.08,387.08,387.0,387.07,1830
1324451940000,387.07,387.14,387.0,387.14,560
1324452000000,387.0,387.15,387.0,387.15,420
1324452060000,387.15,387.3,387.15,387.3,550
1324452180000,387.02,387.02,387.02,387.02,150
1324452240000,387.02,387.02,387.0,387.0,4050
1324452300000,387.0,387.0,386.9,386.9,9600
1324452360000,387.1,387.48,387.0,387.2,4170
1324452420000,387.1,387.22,387.0,387.0,430
1324452480000,386.95,387.0,386.9,387.0,2600
1324452540000,387.0,387.14,387.0,387.0,940
1324452600000,387.0,387.0,387.0,387.0,60
1324452660000,387.0,387.22,387.0,387.0,9510
1324452720000,387.0,387.3,387.0,387.02,3820
1324452780000,387.26,387.55,387.01,387.49,9750
1324452840000,387.57,388.0,387.57,388.0,7710
1324452900000,388.0,388.28,387.77,388.21,2170
1324452960000,388.18,388.21,387.93,387.94,1400
1324453020000,388.18,388.28,388.17,388.28,690
1324453080000,388.23,388.28,388.03,388.28,610
1324453140000,388.28,388.3,388.28,388.3,3780
1324453200000,388.3,388.5,388.3,388.5,1220
1324453260000,388.41,388.41,388.2,388.3,1530
1324453320000,388.46,388.46,388.2,388.3,150
1324453380000,388.3,388.3,388.3,388.3,20
1324453440000,388.3,388.5,388.3,388.5,780
1324453500000,388.54,388.54,388.54,388.54,110
1324453560000,388.3,388.3,387.89,387.9,5020
1324453620000,387.86,387.88,387.85,387.88,140
1324453740000,387.88,388.16,387.88,388.16,1180
1324453800000,387.95,387.95,387.95,387.95,10
1324453860000,387.92,387.92,387.91,387.91,410
1324453980000,387.89,387.99,387.8,387.8,950
1324454160000,387.8,387.8,387.78,387.78,200
1324454280000,387.99,387.99,387.78,387.78,70
1324454400000,387.99,388.0,387.99,388.0,200
1324454460000,388.0,388.4,388.0,388.4,4510
1324454520000,388.17,388.17,387.91,387.91,2200
1324454580000,387.89,387.89,387.82,387.82,1000
1324454700000,387.78,387.78,387.64,387.64,1250
1324454760000,387.63,387.63,387.45,387.45,1640
1324454820000,387.44,387.59,387.44,387.59,390
1324454880000,387.6,387.6,387.59,387.6,80
1324454940000,387.6,387.99,387.42,387.92,3900
1324455000000,387.92,388.0,387.92,387.99,940
1324455060000,387.76,387.76,387.64,387.64,1200
1324455180000,387.6,387.6,387.49,387.5,3640
1324455240000,387.45,387.45,387.45,387.45,70
1324455360000,387.45,387.45,387.4,387.42,1010
1324455420000,387.6,387.96,387.6,387.9,1830
1324455480000,387.9,387.9,387.9,387.9,200
1324455540000,387.7,387.7,387.7,387.7,100
1324455600000,387.91,387.93,387.91,387.93,460
1324455660000,387.95,387.95,387.9,387.9,410
1324455780000,387.9,387.9,387.9,387.9,40
1324455900000,387.89,387.89,387.57,387.57,1600
1324455960000,387.57,387.57,387.33,387.33,2310
1324456080000,387.28,387.28,387.28,387.28,250
1324456140000,387.26,387.26,387.0,387.07,4660
1324456260000,387.05,387.05,387.04,387.05,800
1324456320000,387.03,387.19,387.0,387.0,5430
1324456380000,387.07,387.07,387.0,387.0,270
1324456440000,387.25,387.29,387.06,387.06,1080
1324456500000,387.05,387.11,387.05,387.11,670
1324456560000,387.09,387.09,387.05,387.05,3150
1324456620000,387.29,387.3,387.22,387.3,1180
1324456680000,387.06,387.06,387.03,387.05,2980
1324456740000,387.23,387.23,387.23,387.23,150
1324456800000,387.24,387.25,387.2,387.24,650
1324456860000,387.12,387.12,387.1,387.1,1000
1324456920000,387.11,387.11,387.1,387.1,3000
1324456980000,387.1,387.11,387.1,387.11,30
1324457040000,387.12,387.12,387.1,387.1,1000
1324457100000,387.24,387.25,387.24,387.25,210
1324457160000,387.26,387.26,387.26,387.26,200
1324457340000,387.28,387.28,387.12,387.12,800
1324457460000,387.27,387.59,387.11,387.11,5980
1324457580000,387.58,387.58,387.33,387.33,230
1324457640000,387.27,387.27,386.9,386.9,37860
1324457700000,386.9,387.19,386.9,387.19,11570
1324457820000,386.9,387.0,386.9,387.0,1500
1324457880000,387.11,387.11,387.11,387.11,600
1324458000000,387.0,387.0,387.0,387.0,50
1324458060000,386.91,387.0,386.72,387.0,11870
1324458120000,386.81,386.81,386.8,386.8,230
1324458180000,386.97,386.99,386.97,386.99,300
1324458240000,386.9,386.9,386.9,386.9,100
1324458360000,386.75,386.75,386.7,386.7,460
1324458420000,386.75,386.75,386.7,386.7,840
1324458480000,386.74,386.75,386.52,386.52,4380
1324458540000,386.51,386.51,385.18,386.0,15320
1324458600000,385.94,385.94,385.94,385.94,80
1324458660000,385.93,386.0,385.21,386.0,5140
1324458720000,385.94,385.94,385.77,385.86,1270
1324458780000,385.84,385.84,385.63,385.63,1420
1324458840000,385.63,385.63,385.48,385.49,1600
1324458900000,385.45,385.45,385.08,385.08,2140
1324458960000,385.04,385.04,384.5,384.5,6820
1324459020000,384.46,384.72,384.27,384.72,16760
1324459080000,384.75,385.85,384.75,385.76,11260
1324459200000,385.8,385.8,385.8,385.8,50
1324459260000,385.51,385.53,385.51,385.53,600
1324459320000,385.47,385.47,385.46,385.46,410
1324459380000,385.42,385.42,385.42,385.42,500
1324459440000,385.63,385.68,385.22,385.56,20570
1324459500000,385.6,385.6,384.93,385.23,11680
1324459560000,385.2,385.33,385.2,385.33,1000
1324459680000,385.32,385.4,385.32,385.37,1660
1324459920000,385.4,385.47,385.4,385.47,1000
1324460040000,385.5,385.5,385.5,385.5,13590
1324460100000,385.22,385.22,385.22,385.22,200
1324460220000,385.27,385.27,385.27,385.27,260
1324460280000,385.49,385.49,385.49,385.49,50
1324460400000,385.4,385.4,385.4,385.4,500
1324460520000,385.28,385.28,385.27,385.27,80
1324460700000,385.33,385.33,385.33,385.33,100
1324460820000,385.49,385.54,385.49,385.5,7350
1324460880000,385.56,385.75,385.56,385.75,1180
1324461000000,385.6,385.6,385.6,385.6,50
1324461060000,385.63,385.75,385.6,385.6,3060
1324461180000,385.67,385.67,385.67,385.67,50
1324461300000,385.66,385.75,385.66,385.75,500
1324461360000,385.42,385.66,385.42,385.66,110
1324461420000,385.42,385.52,385.25,385.52,3060
1324461480000,385.55,385.55,385.2,385.2,1920
1324461540000,385.4,385.47,385.4,385.47,1000
1324461780000,385.4,385.75,385.24,385.47,3450
1324461900000,385.49,385.7,384.96,385.1,6110
1324461960000,385.34,385.41,385.34,385.41,1000
1324462020000,385.16,385.16,385.0,385.13,520
1324462080000,384.82,384.82,384.52,384.52,500
1324462140000,385.0,385.0,385.0,385.0,130
1324462200000,385.02,385.2,384.96,385.0,7510
1324462260000,385.0,385.0,385.0,385.0,330
1324462320000,385.0,385.0,385.0,385.0,380
1324462500000,384.96,385.0,384.89,385.0,1760
1324462560000,384.97,384.97,384.97,384.97,20
1324462620000,384.88,384.88,384.65,384.65,2300
1324462680000,384.63,384.63,384.59,384.59,600
1324462860000,384.83,384.83,384.82,384.82,300
1324462920000,384.85,384.85,384.85,384.85,200
1324462980000,384.85,385.05,384.85,385.05,2620
1324463040000,385.1,385.1,385.1,385.1,420
1324463100000,385.17,385.43,385.17,385.43,2710
1324463160000,385.29,385.29,385.26,385.26,1200
1324463220000,385.24,385.26,385.09,385.26,2500
1324463280000,385.07,385.07,385.0,385.0,680
1324463340000,385.01,385.01,384.87,384.87,2220
1324463400000,384.88,384.88,384.7,384.7,3220
1324463460000,384.94,384.94,384.94,384.94,200
1324463700000,384.67,384.67,384.67,384.67,200
1324463820000,384.65,384.65,384.5,384.5,2050
1324463880000,384.43,384.43,384.3,384.33,1300
1324464000000,384.28,384.5,384.28,384.5,750
1324464120000,384.58,384.58,384.58,384.58,200
1324464180000,384.5,384.5,384.31,384.31,5050
1324464300000,384.32,384.49,384.25,384.47,3160
1324464360000,384.26,384.29,384.26,384.29,4620
1324464420000,384.29,384.29,384.14,384.14,4340
1324464480000,384.07,384.07,383.67,383.67,4510
1324464540000,383.8,384.05,383.8,384.05,4420
1324464600000,384.1,384.17,384.1,384.17,1000
1324464660000,384.22,384.22,383.97,383.97,700
1324464720000,383.83,383.83,383.83,383.83,200
1324464780000,383.69,383.69,383.41,383.59,980
1324464840000,383.66,383.86,383.66,383.86,330
1324464900000,383.86,383.86,383.86,383.86,200
1324465020000,383.77,383.89,383.77,383.89,100
1324465080000,383.62,383.62,383.58,383.58,560
1324465140000,383.56,383.56,382.96,382.96,9460
1324465200000,383.0,383.0,382.88,382.99,1120
1324465260000,383.0,383.0,382.55,382.55,2490
1324465320000,382.55,382.55,382.55,382.55,100
1324465380000,382.55,382.55,382.49,382.49,1450
1324465440000,382.53,382.73,382.51,382.73,540
1324465500000,382.77,382.99,382.77,382.98,3050
1324465560000,382.82,382.82,382.81,382.81,160
1324465620000,382.76,382.77,382.7,382.7,35990
1324465680000,382.7,382.7,382.7,382.7,2110
1324465740000,382.7,382.7,382.7,382.7,900
1324465860000,382.7,382.7,382.7,382.7,450
1324465920000,382.69,382.69,382.59,382.59,1110
1324465980000,382.59,382.59,382.23,382.23,5500
1324466040000,382.44,382.44,382.44,382.44,20
1324466100000,382.27,382.27,382.2,382.2,1300
1324466160000,382.42,382.48,382.42,382.44,2070
1324466220000,382.5,382.5,382.5,382.5,100
1324466280000,382.5,382.5,382.5,382.5,10
1324466400000,382.5,382.51,382.5,382.51,390
1324466460000,382.5,382.5,382.5,382.5,420
1324466520000,382.3,382.3,382.29,382.29,810
1324466580000,382.25,382.25,382.03,382.05,2320
1324466700000,382.31,382.31,382.29,382.29,400
1324466820000,382.33,382.33,382.13,382.13,250
1324466880000,382.13,382.13,382.13,382.13,100
1324466940000,382.36,382.36,382.36,382.36,220
1324467000000,382.34,382.34,382.34,382.34,20
1324467120000,382.16,382.16,382.1,382.1,450
1324467240000,382.16,382.16,382.08,382.08,270
1324467300000,382.33,382.57,382.33,382.57,2600
1324467360000,382.62,382.63,382.62,382.63,280
1324467480000,382.36,382.36,382.35,382.35,100
1324467540000,382.36,382.36,382.13,382.13,2400
1324467600000,382.13,382.13,381.72,381.94,7470
1324467660000,381.9,382.05,381.52,381.8,1960
1324467840000,382.06,382.3,382.06,382.3,2180
1324467960000,382.1,382.35,382.1,382.35,250
1324468020000,382.37,382.44,382.37,382.44,1000
1324468080000,382.49,382.7,382.49,382.62,2980
1324468320000,382.36,382.37,382.08,382.08,3200
1324468380000,382.07,382.07,381.0,381.0,3380
1324468440000,381.02,381.13,381.01,381.07,2220
1324468500000,381.15,381.15,381.0,381.0,2050
1324468560000,381.0,381.0,380.73,380.73,140
1324468620000,380.6,380.79,380.6,380.79,480
1324468680000,380.79,380.9,380.79,380.9,1450
1324468740000,380.77,380.82,380.77,380.82,1000
1324468800000,380.56,380.56,379.11,379.79,8460
1324468860000,379.82,379.82,379.82,379.82,890
1324468920000,379.76,379.76,379.13,379.62,3840
1324468980000,379.5,379.64,379.5,379.64,900
1324469040000,379.64,379.65,379.5,379.5,570
1324469100000,379.4,379.4,379.35,379.37,440
1324469160000,379.37,379.4,379.32,379.35,680
1324469220000,379.38,379.38,379.1,379.1,9630
1324469280000,379.1,379.1,378.7,378.78,2350
1324469340000,378.6,378.6,378.09,378.09,5050
1324469400000,378.11,378.37,378.11,378.37,3620
1324469460000,378.01,378.02,378.0,378.0,820
1324469520000,378.03,378.03,378.03,378.03,10
1324469580000,378.0,378.0,377.73,377.8,6530
1324469640000,377.8,377.88,377.73,377.88,1950
1324469700000,377.89,378.02,377.89,378.02,1160
1324469760000,378.02,378.02,377.53,377.53,1520
1324469820000,377.51,377.51,377.05,377.05,4890
1324469880000,377.26,377.63,377.26,377.38,1870
1324469940000,377.19,377.83,377.19,377.69,2900
1324470000000,377.74,378.99,377.74,378.27,7630
1324470060000,378.23,378.27,378.01,378.25,930
1324470120000,378.27,378.27,378.22,378.22,300
1324470180000,378.29,378.3,378.07,378.07,130
1324470240000,377.99,378.28,377.9,378.28,3110
1324470300000,378.28,378.29,378.28,378.29,30
1324470360000,378.25,378.25,378.25,378.25,40
1324470420000,378.1,378.14,377.87,378.14,3260
1324470480000,378.21,378.21,377.68,377.68,2050
1324470540000,377.86,377.86,377.86,377.86,50
1324470660000,377.8,378.32,377.6,378.32,4610
1324470720000,378.31,378.31,377.96,377.96,300
1324470780000,377.92,377.92,377.89,377.89,400
1324470840000,377.67,377.67,377.53,377.53,1770
1324470900000,377.35,377.35,377.01,377.01,3000
1324470960000,377.3,377.35,377.08,377.08,1230
1324471020000,377.03,377.03,376.0,376.0,13850
1324471080000,376.21,376.55,376.21,376.55,1210
1324471140000,376.55,376.75,376.55,376.75,4820
1324471200000,376.75,376.86,376.75,376.86,860
1324471260000,376.81,376.97,376.8,376.97,3450
1324471320000,376.82,376.82,376.33,376.45,6590
1324471380000,376.4,376.4,376.0,376.0,6790
1324471440000,376.01,376.01,376.0,376.01,2730
1324471500000,376.01,376.01,375.08,375.48,4030
1324471560000,375.1,375.79,375.04,375.79,8990
1324471620000,375.7,375.7,375.01,375.01,3950
1324471680000,375.25,375.37,375.15,375.15,2040
1324471740000,375.15,375.75,375.15,375.55,3660
1324471800000,375.75,376.02,375.75,376.02,2400
1324471860000,375.79,376.05,375.67,375.67,3600
1324471980000,375.98,376.08,375.98,376.08,810
1324472040000,376.08,376.13,376.08,376.13,890
1324472100000,376.13,376.25,376.13,376.25,3230
1324472160000,376.25,376.36,376.25,376.36,810
1324472220000,376.25,376.25,376.08,376.17,1480
1324472280000,375.93,375.93,375.93,375.93,20
1324472340000,376.2,376.2,375.93,375.93,210
1324472400000,375.9,376.87,375.9,376.87,13540
1324472460000,376.91,377.16,376.42,376.85,6760
1324472580000,376.99,377.14,376.74,377.02,3700
1324472640000,376.7,376.7,375.75,376.06,7620
1324472700000,376.02,376.04,375.66,375.66,3640
1324472760000,375.71,375.71,375.64,375.64,420
1324472880000,375.66,375.75,375.5,375.75,900
1324472940000,375.7,375.75,375.5,375.75,520
1324473000000,375.75,375.8,375.7,375.8,2000
1324473060000,375.85,375.93,375.8,375.8,3120
1324473120000,375.7,375.7,375.59,375.59,1220
1324473180000,375.83,376.0,375.83,376.0,1010
1324473240000,375.66,375.66,375.53,375.53,750
1324473300000,375.53,375.67,375.46,375.67,960
1324473420000,375.7,375.81,375.69,375.8,820
1324473480000,375.8,375.8,375.59,375.59,410
1324473540000,375.59,375.83,375.59,375.83,120
1324473600000,375.57,375.57,375.48,375.48,1220
1324473660000,375.43,375.43,375.17,375.17,1670
1324473720000,375.17,375.17,375.07,375.07,940
1324473780000,375.07,375.25,375.07,375.25,2420
1324473840000,375.26,375.26,375.09,375.09,210
1324473900000,375.08,375.12,375.05,375.12,1400
1324473960000,375.17,375.33,375.17,375.33,1990
1324474020000,375.36,375.66,375.36,375.66,2810
1324474080000,375.66,375.67,375.66,375.67,180
1324474140000,375.68,375.77,375.66,375.74,3050
1324474200000,375.7,375.7,375.66,375.66,7380
1324474260000,375.7,375.8,375.7,375.8,1220
1324474320000,375.85,376.06,375.75,376.06,2840
1324474380000,375.82,376.08,375.82,376.08,400
1324474620000,376.1,376.36,376.1,376.36,2640
1324474680000,376.2,376.43,376.2,376.43,360
1324474740000,376.44,376.44,376.44,376.44,10
1324474800000,376.4,376.4,376.14,376.14,970
1324474860000,376.35,376.35,376.35,376.35,220
1324474920000,376.38,376.66,376.38,376.66,2880
1324475040000,376.73,377.45,376.7,376.7,1400
1324475100000,376.78,376.78,376.78,376.78,10
1324475160000,376.78,376.78,376.66,376.66,380
1324475220000,376.66,376.78,376.51,376.51,590
1324475340000,376.78,376.78,376.78,376.78,100
1324475400000,376.71,376.79,376.71,376.79,50
1324475520000,376.79,376.97,376.79,376.91,1170
1324475580000,376.91,376.91,376.91,376.91,80
1324475700000,376.71,376.75,376.7,376.75,1570
1324475820000,376.9,376.92,376.9,376.92,600
1324475880000,376.97,376.97,376.96,376.96,210
1324476000000,376.96,377.06,376.96,377.06,930
1324476060000,377.11,377.14,377.11,377.14,690
1324476120000,377.09,377.21,376.95,377.2,230
1324476180000,377.24,377.24,377.24,377.24,60
1324476240000,377.24,377.27,377.24,377.27,320
1324476300000,377.3,377.5,377.2,377.2,4100
1324476360000,377.2,377.34,377.2,377.34,1100
1324476420000,377.21,377.21,377.2,377.2,620
1324476480000,377.41,377.5,377.41,377.46,1040
1324476540000,377.48,377.75,377.48,377.48,530
1324476600000,377.51,377.51,377.21,377.21,2580
1324476660000,377.21,378.18,377.21,378.0,13200
1324476720000,378.0,378.0,378.0,378.0,1860
1324476780000,378.0,379.0,378.0,379.0,15650
1324476840000,379.01,380.06,379.01,380.0,14940
1324476900000,380.0,380.04,380.0,380.0,1010
1324476960000,380.0,380.0,380.0,380.0,1290
1324477020000,380.0,380.15,380.0,380.15,3360
1324477200000,380.13,380.22,380.13,380.22,1300
1324477260000,380.0,380.0,380.0,380.0,250
1324477320000,380.0,380.0,380.0,380.0,2610
1324477380000,380.0,380.0,379.62,379.62,2240
1324477440000,379.58,379.58,379.0,379.39,2800
1324477500000,379.47,379.47,379.45,379.45,400
1324477560000,379.45,379.72,379.45,379.72,1160
1324477620000,379.47,379.47,379.47,379.47,100
1324477680000,379.45,379.45,379.44,379.44,170
1324477800000,379.67,379.67,379.67,379.67,100
1324477860000,379.69,379.69,379.69,379.69,30
1324477920000,379.43,379.43,378.84,379.0,8090
1324477980000,378.96,378.96,378.9,378.9,550
1324478040000,378.88,378.88,378.49,378.49,1640
1324478100000,378.47,378.47,378.29,378.47,1430
1324478160000,378.34,378.4,378.0,378.4,1720
1324478280000,378.26,378.26,377.83,377.83,770
1324478340000,377.81,378.0,377.2,377.54,6130
1324478400000,377.33,377.33,377.3,377.33,880
1324478460000,377.3,377.33,377.15,377.15,4920
1324478520000,377.39,377.39,377.0,377.09,1120
1324478580000,377.09,377.33,377.09,377.09,920
1324478640000,377.09,377.33,377.07,377.33,2370
1324533600000,378.01,379.33,378.0,379.33,470
1324533660000,378.76,378.76,377.28,377.3,4960
1324533720000,377.28,378.0,377.24,377.42,4240
1324533780000,377.43,377.43,377.35,377.4,1400
1324533840000,377.42,377.99,377.42,377.47,1400
1324533900000,377.52,377.54,377.47,377.54,440
1324533960000,377.56,377.63,377.56,377.56,1510
1324534020000,377.58,378.0,377.47,378.0,3670
1324534080000,377.91,378.36,377.78,378.0,1760
1324534140000,377.91,377.94,377.91,377.94,350
1324534200000,377.9,378.01,377.9,378.01,910
1324534260000,378.05,378.5,378.05,378.2,1610
1324534320000,378.2,378.2,378.2,378.2,40
1324534380000,378.21,378.26,378.03,378.26,800
1324534440000,378.03,378.05,378.01,378.01,1270
1324534500000,378.01,378.01,377.91,377.91,4660
1324534620000,377.91,377.91,377.5,377.5,1940
1324534680000,377.5,377.5,377.16,377.18,2620
1324534740000,377.42,377.42,377.42,377.42,60
1324534800000,377.18,377.43,377.18,377.21,1270
1324534860000,377.21,377.62,377.21,377.62,2350
1324534920000,377.66,377.8,377.66,377.8,1600
1324534980000,377.85,378.0,377.85,378.0,2500
1324535040000,378.01,378.24,378.01,378.24,1920
1324535100000,378.25,378.59,378.15,378.4,3830
1324535160000,378.37,378.37,378.37,378.37,70
1324535280000,378.42,378.42,378.37,378.37,180
1324535400000,378.37,378.37,378.37,378.37,10
1324535460000,378.37,378.37,378.37,378.37,100
1324535520000,378.37,378.37,378.36,378.36,810
1324535580000,378.39,378.39,378.39,378.39,600
1324535640000,378.48,378.55,378.48,378.55,810
1324535820000,378.57,378.57,378.57,378.57,200
1324535880000,378.6,378.8,378.6,378.69,1380
1324536060000,378.47,378.47,378.39,378.39,510
1324536180000,378.5,378.5,378.5,378.5,10
1324536300000,378.5,378.5,378.5,378.5,70
1324536420000,378.5,378.5,378.38,378.38,1200
1324536480000,378.38,378.84,378.15,378.84,1760
1324536540000,378.5,378.5,378.5,378.5,20
1324536600000,378.5,378.93,378.5,378.63,1960
1324536660000,378.63,378.63,378.32,378.32,1230
1324536720000,378.26,378.26,378.15,378.15,4080
1324536960000,378.21,378.21,378.21,378.21,170
1324537020000,378.2,378.2,378.19,378.19,220
1324537200000,378.45,378.45,378.45,378.45,20
1324537260000,378.18,378.18,378.04,378.04,2160
1324537320000,378.04,378.04,378.0,378.0,600
1324537380000,378.23,378.23,378.23,378.23,200
1324537440000,378.1,378.54,378.1,378.54,3270
1324537560000,378.6,378.63,378.6,378.63,260
1324537620000,378.66,378.66,378.66,378.66,200
1324537680000,378.77,378.77,378.13,378.13,1770
1324537740000,378.36,378.61,378.36,378.61,210
1324537860000,378.37,378.37,378.1,378.1,1770
1324537980000,378.6,378.6,378.6,378.6,60
1324538100000,378.6,378.6,378.6,378.6,70
1324538280000,378.6,378.6,378.37,378.37,800
1324538460000,378.37,378.37,378.37,378.37,10
1324538700000,378.45,378.45,378.45,378.45,50
1324538760000,378.37,378.37,378.31,378.31,460
1324538820000,378.29,378.29,378.24,378.24,810
1324539000000,378.24,378.24,378.24,378.24,300
1324539060000,378.4,378.76,378.4,378.76,500
1324539240000,378.22,378.22,378.22,378.22,60
1324539360000,378.21,378.21,378.21,378.21,450
1324539420000,378.25,378.25,377.85,377.85,3180
1324539480000,377.82,377.82,377.82,377.82,400
1324539540000,377.77,377.77,377.73,377.73,280
1324539600000,377.98,377.98,377.98,377.98,10
1324539660000,377.73,377.73,377.5,377.5,1640
1324539720000,377.44,377.44,377.44,377.44,60
1324539780000,377.38,377.38,377.38,377.38,10
1324539900000,377.29,377.29,377.11,377.11,2450
1324539960000,377.11,377.11,377.11,377.11,100
1324540020000,377.11,377.11,376.9,376.9,6650
1324540080000,376.89,376.91,376.89,376.91,1900
1324540140000,377.14,377.2,377.14,377.2,5660
1324540260000,377.18,377.18,377.18,377.18,100
1324540320000,377.18,377.18,377.18,377.18,160
1324540800000,377.0,377.0,377.0,377.0,360
1324540860000,376.96,377.0,376.94,377.0,700
1324540920000,377.0,377.0,377.0,377.0,300
1324540980000,377.0,377.0,377.0,377.0,640
1324541040000,377.17,377.2,376.91,376.91,1160
1324541100000,377.0,377.0,377.0,377.0,120
1324541160000,377.0,377.0,377.0,377.0,470
1324541220000,377.0,377.0,376.95,376.95,1690
1324541280000,376.91,377.0,376.91,377.0,90
1324541340000,377.0,377.0,377.0,377.0,650
1324541400000,376.99,377.0,376.99,377.0,1690
1324541520000,377.0,377.0,376.81,377.0,2650
1324541580000,376.88,376.88,376.84,376.84,400
1324541640000,376.81,376.81,376.81,376.81,100
1324541760000,377.0,377.08,376.85,376.85,1850
1324541820000,377.0,377.19,377.0,377.19,700
1324541940000,377.13,377.13,377.13,377.13,60
1324542000000,377.13,377.19,377.13,377.16,750
1324542060000,377.2,377.2,377.2,377.2,620
1324542120000,377.01,377.01,377.0,377.0,1820
1324542180000,377.0,377.0,376.69,376.71,6560
1324542300000,376.9,376.98,376.84,376.93,4590
1324542360000,376.96,377.0,376.5,376.5,4840
1324542480000,376.77,376.99,376.77,376.79,2100
1324542540000,376.88,376.88,376.34,376.34,6090
1324542600000,376.61,376.62,376.61,376.62,800
1324542660000,376.69,376.71,376.69,376.71,800
1324542720000,376.81,376.81,376.45,376.45,910
1324542780000,376.41,376.41,376.34,376.34,730
1324542840000,376.8,377.13,376.8,377.13,4850
1324542900000,376.91,376.91,376.91,376.91,200
1324542960000,377.0,377.0,377.0,377.0,1860
1324543020000,377.0,377.16,376.82,376.82,3910
1324543080000,376.77,377.47,376.77,377.47,10250
1324543140000,377.46,377.6,377.0,377.0,6980
1324543200000,376.99,377.59,376.59,376.63,10390
1324543260000,376.79,376.98,376.79,376.98,2000
1324543320000,377.03,377.2,376.69,376.95,6050
1324543380000,376.93,377.0,376.93,377.0,660
1324543440000,377.01,377.2,377.01,377.14,10590
1324543500000,377.19,377.19,376.72,376.72,2110
1324543620000,376.96,377.0,376.96,377.0,6370
1324543680000,377.0,377.0,377.0,377.0,440
1324543740000,377.13,377.13,377.13,377.13,450
1324543800000,377.15,377.2,377.0,377.2,8450
1324543860000,377.0,377.0,377.0,377.0,10
1324543980000,377.01,377.01,377.0,377.0,690
1324544100000,377.2,377.2,377.2,377.2,5000
1324544280000,377.2,377.2,377.2,377.2,6360
1324544340000,377.0,377.0,377.0,377.0,6670
1324544400000,377.2,377.2,377.2,377.2,6410
1324544760000,377.2,377.2,377.1,377.1,5050
1324544820000,377.2,377.2,377.2,377.2,110
1324544880000,377.0,377.0,377.0,377.0,6370
1324544940000,377.0,377.0,377.0,377.0,60
1324545240000,377.2,377.2,377.2,377.2,2180
1324545300000,377.2,377.2,377.2,377.2,920
1324545360000,377.2,377.2,377.2,377.2,1310
1324545480000,377.1,377.2,377.1,377.2,8090
1324545540000,377.15,377.15,377.15,377.15,150
1324545600000,377.2,377.2,377.2,377.2,490
1324545660000,377.2,377.24,377.2,377.24,1860
1324545720000,377.24,377.24,377.24,377.24,200
1324545780000,377.29,377.29,377.29,377.29,300
1324545900000,377.31,377.6,377.31,377.6,13050
1324545960000,377.6,378.3,377.6,378.3,26340
1324546020000,378.34,378.9,378.34,378.59,3540
1324546140000,378.49,379.17,378.4,379.17,10800
1324546200000,379.19,379.49,379.19,379.49,2870
1324546260000,379.49,379.5,379.49,379.5,1480
1324546320000,379.5,379.9,379.5,379.73,2720
1324546380000,379.74,379.74,379.74,379.74,30
1324546440000,379.5,379.5,379.45,379.45,700
1324546500000,379.42,379.42,379.4,379.4,240
1324546620000,379.65,379.67,379.65,379.67,100
1324546680000,379.67,379.67,379.67,379.67,30
1324546740000,379.67,379.9,379.67,379.9,300
1324546920000,379.55,379.8,379.55,379.8,150
1324546980000,379.55,379.76,379.21,379.76,1400
1324547040000,379.79,382.4,379.79,382.4,42700
1324547100000,382.37,382.37,381.75,381.75,3300
1324547160000,381.75,381.75,381.45,381.45,2490
1324547220000,381.5,381.5,381.12,381.12,650
1324547280000,381.49,381.5,381.43,381.43,2890
1324547340000,381.43,381.43,381.39,381.39,130
1324547400000,381.38,381.43,381.38,381.43,1640
1324547460000,381.64,381.65,381.64,381.65,30
1324547520000,381.38,381.38,381.38,381.38,200
1324547640000,381.38,381.65,381.38,381.65,470
1324547820000,381.43,381.7,381.43,381.7,60
1324547880000,381.72,382.0,381.72,381.76,1600
1324547940000,381.81,381.81,381.81,381.81,150
1324548120000,381.35,381.35,381.24,381.24,1000
1324548180000,381.56,381.56,381.52,381.56,1060
1324548240000,381.56,381.82,381.56,381.82,2000
1324548300000,381.51,381.52,381.2,381.27,3840
1324548360000,381.23,381.23,381.22,381.22,210
1324548420000,381.22,381.22,381.1,381.1,1300
1324548480000,381.18,381.18,380.41,380.66,13580
1324548540000,380.66,380.66,380.66,380.66,200
1324548600000,380.48,380.48,379.11,379.26,7030
1324548660000,380.08,380.08,379.61,380.0,1950
1324548720000,379.92,379.92,379.92,379.92,180
1324548840000,379.9,379.9,379.9,379.9,190
1324548900000,379.88,379.88,379.88,379.88,30
1324548960000,379.89,379.89,379.89,379.89,10
1324549020000,380.15,380.33,380.15,380.33,2280
1324549080000,380.33,380.33,379.92,379.92,2310
1324549140000,379.92,379.92,379.9,379.9,250
1324549200000,379.9,380.21,379.73,379.73,2400
1324549260000,380.25,380.27,380.25,380.27,370
1324549320000,380.27,380.27,380.01,380.01,190
1324549380000,380.02,380.02,380.0,380.0,400
1324549500000,380.0,380.0,379.97,379.97,400
1324549560000,379.97,380.54,379.97,380.54,3330
1324549620000,380.57,380.62,380.57,380.62,520
1324549680000,380.62,380.62,380.62,380.62,240
1324549740000,380.62,380.62,380.0,380.25,2720
1324549800000,380.23,380.25,379.83,379.83,4010
1324549860000,379.81,379.81,379.81,379.81,200
1324550040000,379.76,379.76,379.4,379.4,700
1324550220000,379.95,380.07,379.93,380.07,1600
1324550580000,380.12,380.2,380.12,380.2,440
1324550640000,379.87,379.87,379.78,379.78,1400
1324550700000,379.73,379.73,379.66,379.66,400
1324550940000,379.71,379.71,379.71,379.71,200
1324551000000,379.92,379.92,379.92,379.92,260
1324551300000,379.65,379.65,379.65,379.65,200
1324551360000,379.62,379.62,379.03,379.62,1040
1324551420000,379.57,379.57,379.57,379.57,50
1324551480000,379.57,379.57,379.57,379.57,400
1324551540000,379.52,379.52,379.52,379.52,160
1324551600000,379.52,379.52,379.01,379.01,1000
1324551660000,379.46,379.46,379.36,379.36,1000
1324551720000,379.34,379.39,379.33,379.33,100
1324551780000,379.33,379.33,379.33,379.33,80
1324551840000,379.33,379.33,379.24,379.24,1100
1324551900000,379.2,379.39,379.17,379.17,2580
1324551960000,379.17,379.39,378.96,378.96,14950
1324552020000,378.96,378.96,378.37,378.37,1000
1324552080000,378.91,378.91,378.77,378.77,1800
1324552140000,378.71,378.71,378.63,378.63,660
1324552200000,378.63,378.63,378.42,378.42,1810
1324552260000,378.42,378.42,378.26,378.26,5040
1324552320000,378.25,378.25,378.25,378.25,50
1324552380000,378.24,378.24,377.86,378.17,940
1324552440000,378.13,378.13,378.12,378.12,490
1324552500000,378.08,378.62,378.08,378.32,7660
1324552560000,378.07,378.07,378.07,378.07,50
1324552620000,378.06,378.06,378.06,378.06,320
1324552740000,378.06,378.65,378.06,378.65,1310
1324552800000,378.34,378.34,377.97,378.33,2240
1324552860000,378.35,378.37,378.35,378.35,1300
1324552920000,378.38,378.38,378.38,378.38,100
1324552980000,378.4,378.49,378.4,378.49,860
1324553040000,378.49,378.5,378.14,378.14,1840
1324553100000,378.07,378.07,378.07,378.07,220
1324553340000,378.08,378.08,377.95,378.0,4780
1324553400000,378.2,378.24,378.2,378.24,750
1324553460000,378.27,378.3,378.27,378.28,310
1324553520000,378.28,378.28,378.28,378.28,940
1324553580000,378.31,378.31,378.31,378.31,20
1324553640000,378.27,378.84,378.27,378.84,1300
1324553700000,378.36,378.41,378.36,378.41,800
1324553820000,378.43,378.43,378.43,378.43,200
1324553880000,378.48,378.8,378.48,378.48,510
1324554000000,378.5,378.5,378.31,378.31,280
1324554240000,378.24,378.24,377.89,377.89,1960
1324554300000,378.19,378.19,378.19,378.19,260
1324554420000,378.19,378.19,378.19,378.19,120
1324554480000,378.43,378.52,378.43,378.52,940
1324554540000,378.5,378.54,378.5,378.54,420
1324554600000,378.57,378.57,378.5,378.5,120
1324554660000,378.5,378.5,378.3,378.3,7880
1324554720000,378.31,378.31,378.31,378.31,10
1324554840000,378.3,378.3,378.3,378.3,260
1324555080000,378.55,378.55,378.55,378.55,10
1324555140000,378.3,378.3,377.6,378.0,10920
1324555260000,378.0,378.0,377.6,377.6,3250
1324555320000,378.17,378.17,378.01,378.01,190
1324555560000,378.19,378.4,378.19,378.4,1590
1324555680000,378.41,378.56,378.41,378.56,1860
1324555740000,378.57,378.84,378.57,378.84,4440
1324555920000,378.84,378.84,378.84,378.84,60
1324556040000,378.84,378.84,378.84,378.84,20
1324556100000,378.84,378.84,378.3,378.84,1630
1324556160000,378.59,379.21,378.59,378.82,11700
1324556220000,379.08,379.08,378.75,378.75,1220
1324556280000,378.7,379.01,378.7,379.01,1800
1324556340000,378.92,378.92,378.82,378.82,120
1324556460000,379.08,379.12,379.07,379.12,960
1324556520000,378.88,378.9,378.86,378.86,450
1324556640000,378.86,378.86,378.86,378.86,80
1324556700000,378.86,379.16,378.86,379.16,1100
1324556880000,379.16,379.17,379.16,379.17,80
1324557000000,378.92,379.18,378.92,378.95,760
1324557060000,378.95,378.95,378.95,378.95,230
1324557120000,378.94,378.95,378.94,378.95,210
1324557180000,378.95,379.0,378.95,379.0,140
1324557240000,379.0,379.01,379.0,379.0,640
1324557300000,379.0,379.0,379.0,379.0,120
1324557360000,379.0,379.0,379.0,379.0,120
1324557420000,379.0,379.0,379.0,379.0,210
1324557480000,379.0,379.0,379.0,379.0,70
1324557600000,379.19,379.23,379.19,379.23,300
1324557720000,379.01,379.01,379.0,379.0,500
1324557780000,379.0,379.21,379.0,379.21,260
1324557960000,379.23,379.5,379.0,379.0,14300
1324558020000,379.0,379.0,379.0,379.0,10
1324558080000,378.97,378.99,378.78,378.78,2290
1324558140000,378.73,378.73,378.64,378.64,1660
1324558200000,378.64,378.64,378.64,378.64,10
1324558320000,378.64,378.64,378.64,378.64,200
1324558380000,378.79,378.95,378.64,378.64,660
1324558500000,378.84,378.96,378.83,378.96,1590
1324558800000,378.68,378.94,378.64,378.94,670
1324558860000,378.7,378.7,378.7,378.7,110
1324558920000,378.69,378.69,378.55,378.55,1590
1324559160000,378.77,379.0,378.77,379.0,3160
1324559280000,378.79,378.79,378.74,378.74,800
1324559460000,378.7,378.96,378.7,378.96,30
1324559760000,378.96,379.0,378.96,379.0,800
1324560000000,379.0,379.0,379.0,379.0,500
1324560060000,379.0,379.0,379.0,379.0,5400
1324560120000,379.0,379.0,379.0,379.0,550
1324560300000,379.0,379.0,379.0,379.0,520
1324560360000,379.0,379.0,379.0,379.0,1000
1324560420000,379.0,379.0,379.0,379.0,20
1324560600000,379.0,379.0,378.21,378.52,4260
1324560660000,378.51,378.51,377.65,378.45,790
1324560840000,378.71,378.83,378.71,378.83,1200
1324560900000,378.85,378.94,378.7,378.7,1800
1324560960000,378.65,378.65,378.12,378.37,2600
1324561020000,378.35,378.35,378.29,378.34,830
1324561080000,378.27,378.27,378.22,378.22,800
1324561140000,378.27,378.27,377.83,377.83,6520
1324561200000,377.81,377.81,377.81,377.81,30
1324561260000,377.79,377.79,377.6,377.6,3220
1324561320000,377.75,377.87,377.6,377.87,2630
1324561380000,377.89,377.92,377.89,377.92,300
1324561440000,377.93,378.17,377.93,378.17,2440
1324561500000,377.91,377.91,377.85,377.85,650
1324561560000,377.83,377.83,377.83,377.83,120
1324561620000,377.83,377.88,377.6,377.88,25710
1324561740000,377.62,377.62,377.62,377.62,100
1324561800000,377.62,377.63,377.6,377.6,3240
1324561860000,377.82,378.03,377.79,378.03,2160
1324561920000,378.05,378.06,377.6,377.6,2020
1324561980000,377.85,377.85,377.85,377.85,30
1324562100000,377.85,377.9,377.85,377.9,1000
1324562220000,377.96,377.99,377.75,377.75,2230
1324562340000,377.97,378.04,377.97,378.04,800
1324562400000,378.04,378.16,378.04,378.13,1100
1324562460000,377.99,378.0,377.99,378.0,430
1324562520000,377.99,377.99,377.99,377.99,10
1324562580000,377.91,377.91,377.83,377.83,1110
1324562640000,377.78,377.78,377.65,377.65,1600
1324562700000,377.85,378.0,377.76,377.76,4950
1324562760000,377.99,378.0,377.99,378.0,580
1324562820000,377.99,378.0,377.99,378.0,500
1324563000000,378.0,378.0,378.0,378.0,5120
1324563060000,378.0,378.15,378.0,378.15,12500
1324563120000,378.22,378.5,378.22,378.5,19020
1324563180000,378.5,379.0,378.5,379.0,14310
1324563240000,378.54,378.56,378.5,378.56,3960
1324563300000,378.61,378.61,378.5,378.5,17190
1324563360000,378.5,379.11,378.5,379.0,20370
1324563420000,379.06,379.06,378.75,378.75,2280
1324563480000,378.98,379.0,378.98,379.0,5160
1324563540000,378.75,379.0,378.75,379.0,300
1324563600000,378.75,378.75,378.58,378.58,3160
1324563780000,378.54,378.54,378.5,378.5,1500
1324563840000,378.5,378.5,378.0,378.0,4830
1324563900000,378.34,378.34,378.0,378.11,4270
1324563960000,378.1,378.18,378.0,378.18,6380
1324564020000,378.03,378.27,378.0,378.0,13050
1324564080000,378.25,378.65,378.25,378.65,3040
1324564140000,378.65,378.67,378.65,378.67,410
1324564200000,378.67,378.69,378.67,378.69,280
1324564260000,378.6,378.69,378.6,378.6,2580
1324564380000,378.6,378.6,378.54,378.54,600
1324564440000,378.5,378.97,378.31,378.97,3430
1324564500000,378.77,379.14,378.77,379.14,3640
1324564560000,379.0,379.0,378.85,379.0,7300
1324564620000,378.87,378.87,378.52,378.52,600
1324564680000,379.0,379.19,379.0,379.19,2660
1324564740000,379.23,379.23,379.23,379.23,870
1324564800000,379.27,379.27,378.26,378.26,750
1324564860000,379.2,379.22,379.0,379.22,1610
1324564920000,379.15,379.27,379.15,379.27,4490
1324564980000,379.3,379.3,379.3,379.3,20
1324565040000,379.41,379.55,378.01,378.75,146710
1324620000000,380.64,380.64,380.64,380.64,50
1324620060000,381.5,381.5,381.25,381.25,580
1324620120000,379.72,379.72,379.63,379.68,250
1324620180000,380.0,380.0,380.0,380.0,1600
1324620300000,380.55,380.55,380.0,380.0,210
1324620420000,380.0,380.0,378.5,378.7,8760
1324620480000,378.72,378.74,378.52,378.74,140
1324620540000,378.74,379.01,378.74,378.99,2600
1324620660000,379.04,379.04,378.79,378.79,190
1324620720000,379.04,379.04,379.04,379.04,30
1324620960000,379.03,379.09,378.8,379.09,500
1324621020000,379.1,379.12,379.1,379.12,130
1324621080000,379.0,379.0,379.0,379.0,700
1324621200000,378.85,378.85,378.85,378.85,10
1324621380000,378.85,379.12,378.85,379.12,90
1324621560000,379.12,379.17,379.12,379.17,540
1324621740000,379.15,379.15,379.15,379.15,50
1324621920000,378.96,378.96,378.96,378.96,30
1324622040000,379.09,379.1,379.09,379.1,130
1324622160000,378.96,378.96,378.91,378.91,250
1324622220000,378.9,378.9,378.89,378.89,300
1324623000000,378.9,378.9,378.59,378.59,3170
1324623060000,378.53,378.59,378.5,378.59,3460
1324623180000,378.76,378.9,378.76,378.9,2000
1324623240000,378.97,379.18,378.97,379.18,1920
1324623300000,379.19,379.54,379.19,379.3,1170
1324623360000,379.3,379.32,379.3,379.32,400
1324623420000,379.33,379.33,379.3,379.3,370
1324623480000,379.3,379.3,379.3,379.3,10
1324623540000,379.1,379.1,379.07,379.07,210
1324623600000,379.07,379.28,379.07,379.28,210
1324623660000,379.06,379.06,379.06,379.06,10
1324623720000,379.05,379.05,379.02,379.02,440
1324624020000,379.15,379.15,379.15,379.15,10
1324624080000,379.15,379.15,379.15,379.15,70
1324624260000,378.9,378.9,378.76,378.76,1400
1324624320000,378.71,378.71,378.5,378.5,7440
1324624500000,378.5,378.5,378.5,378.5,2360
1324624560000,378.53,378.53,378.46,378.46,1530
1324624620000,378.46,378.46,378.46,378.46,60
1324624800000,378.73,378.73,378.73,378.73,20
1324625100000,378.46,378.46,378.46,378.46,80
1324625220000,378.46,378.46,377.73,378.41,1100
1324625280000,378.41,378.41,378.41,378.41,100
1324625400000,378.41,378.41,378.38,378.38,100
1324625520000,378.38,378.38,378.38,378.38,20
1324625700000,378.64,378.65,378.38,378.38,220
1324625760000,378.4,378.62,378.4,378.62,630
1324625820000,378.27,378.53,378.27,378.53,210
1324626060000,378.3,378.3,378.27,378.27,460
1324626120000,378.24,378.24,378.24,378.24,210
1324626600000,378.42,378.42,378.42,378.42,30
1324626960000,378.2,378.2,378.2,378.2,100
1324627200000,378.42,378.49,378.42,378.49,1200
1324627260000,378.51,378.72,378.51,378.72,1960
1324627320000,378.51,378.51,378.33,378.33,1550
1324627380000,378.31,378.31,378.3,378.3,370
1324627440000,378.48,378.48,378.24,378.24,620
1324627500000,378.2,378.2,378.15,378.15,790
1324628040000,378.12,378.26,378.1,378.26,2030
1324628100000,378.28,378.28,377.88,377.88,780
1324628280000,377.8,377.8,377.8,377.8,90
1324628340000,377.77,377.89,377.53,377.57,2990
1324628400000,377.76,377.92,377.66,377.66,1650
1324628460000,377.95,378.02,377.77,377.77,1700
1324628520000,377.72,377.72,377.36,377.41,3020
1324628580000,377.63,377.98,377.41,377.86,3480
1324628640000,377.62,377.64,377.52,377.52,1400
1324628700000,377.5,377.5,377.5,377.5,200
1324628820000,377.72,377.81,377.72,377.81,1200
1324628940000,377.81,377.81,377.2,377.2,460
1324629000000,377.56,377.56,377.51,377.51,650
1324629060000,377.48,377.48,377.16,377.16,400
1324629120000,377.46,377.46,377.12,377.12,310
1324629180000,377.69,377.99,377.68,377.93,3900
1324629300000,377.77,378.0,377.46,377.46,5810
1324629360000,377.7,377.86,377.68,377.86,2000
1324629420000,377.64,377.64,377.53,377.53,1400
1324629480000,377.48,377.48,377.46,377.46,600
1324629540000,377.41,377.41,377.41,377.41,20
1324629600000,377.41,377.68,377.41,377.67,190
1324629660000,377.65,377.98,377.48,377.98,3380
1324629780000,377.99,378.26,377.88,377.88,5810
1324629840000,377.84,377.84,377.81,377.81,600
1324630080000,378.03,378.03,378.03,378.03,200
1324630140000,377.79,377.79,377.78,377.78,90
1324630320000,378.06,378.16,378.06,378.16,1480
1324630380000,378.2,378.2,377.87,378.11,1520
1324630500000,377.98,377.98,377.98,377.98,300
1324630560000,378.16,378.36,378.16,378.36,1800
1324630620000,378.1,378.1,378.1,378.1,20
1324630740000,378.1,378.1,377.97,377.97,1300
1324630800000,377.95,377.95,377.95,377.95,400
1324630860000,378.09,378.1,378.09,378.1,830
1324630920000,378.1,378.1,378.1,378.1,1720
1324630980000,378.1,378.1,378.1,378.1,9240
1324631040000,378.1,378.1,377.88,378.08,5210
1324631100000,378.1,378.1,377.7,377.7,2720
1324631160000,377.92,378.1,377.92,377.94,1100
1324631220000,377.99,378.31,377.99,378.13,4430
1324631340000,377.93,377.93,377.93,377.93,50
1324631640000,378.17,378.47,378.17,378.47,3160
1324631700000,378.2,378.75,378.15,378.75,2290
1324631760000,378.41,378.41,378.41,378.41,200
1324631820000,378.17,378.17,378.03,378.03,1600
1324632120000,378.27,378.27,378.27,378.27,290
1324632180000,378.3,378.33,378.3,378.33,370
1324632540000,378.08,378.08,378.0,378.0,660
1324632660000,378.32,378.32,378.32,378.32,10
1324632720000,378.08,378.08,378.08,378.08,100
1324633200000,378.05,378.05,378.05,378.05,100
1324633380000,378.28,378.35,378.28,378.35,300
1324633560000,378.3,378.3,377.98,377.98,1250
1324633620000,378.0,378.0,378.0,378.0,350
1324633680000,378.25,378.52,378.24,378.5,4570
1324633740000,378.5,378.5,378.5,378.5,970
1324634280000,378.29,378.29,378.27,378.27,210
1324634460000,378.29,378.29,378.29,378.29,10
1324634580000,378.29,378.49,378.29,378.49,490
1324634640000,378.49,378.5,378.49,378.5,360
1324634700000,378.51,378.54,378.51,378.54,290
1324634760000,378.56,378.56,378.56,378.56,10
1324635300000,378.37,378.37,378.37,378.37,300
1324635360000,378.37,378.37,378.26,378.26,810
1324635660000,378.3,378.3,378.3,378.3,10
1324635840000,378.47,378.47,378.47,378.47,10
1324636020000,378.47,378.67,378.47,378.67,3190
1324636080000,378.71,378.74,378.71,378.74,800
1324636200000,378.67,378.87,378.67,378.87,1400
1324636440000,378.93,378.97,378.7,378.75,1620
1324636500000,378.96,379.0,378.96,378.97,1010
1324636620000,378.99,379.0,378.99,379.0,2930
1324636680000,379.0,379.05,378.98,378.98,49490
1324636800000,379.13,379.13,379.13,379.13,20
1324636860000,378.96,378.96,378.94,378.94,600
1324636980000,378.9,378.9,378.89,378.9,510
1324637340000,378.87,378.9,378.64,378.9,300
1324637640000,378.85,378.85,378.85,378.85,80
1324637700000,378.85,378.85,378.85,378.85,20
1324637940000,379.0,379.0,379.0,379.0,80
1324638360000,378.83,378.83,378.82,378.82,100
1324638420000,379.0,379.0,379.0,379.0,70
1324638900000,378.99,378.99,378.82,378.82,130
1324638960000,378.81,378.81,378.81,378.81,50
1324639020000,378.8,378.8,378.8,378.8,260
1324639200000,378.78,378.78,378.78,378.78,10
1324639380000,378.85,378.88,378.85,378.88,60
1324640040000,378.79,378.79,378.79,378.79,20
1324640160000,379.0,379.0,379.0,379.0,3100
1324640400000,379.0,379.0,379.0,379.0,620
1324640460000,379.0,379.0,379.0,379.0,430
1324640580000,378.8,378.8,378.77,378.77,620
1324640640000,378.72,378.72,378.45,378.45,400
1324640880000,378.7,378.7,378.7,378.7,110
1324641060000,378.97,378.97,378.97,378.97,200
1324641660000,379.0,379.0,379.0,379.0,100
1324641780000,378.99,379.0,378.99,379.0,6200
1324641840000,379.01,379.2,379.01,379.2,1350
1324641900000,379.06,379.1,379.06,379.1,660
1324642140000,379.01,379.18,379.0,379.18,3950
1324642440000,379.2,379.29,379.2,379.29,2560
1324642500000,379.3,379.3,379.3,379.3,40
1324642560000,379.32,379.38,379.32,379.38,60
1324642620000,379.4,379.4,379.4,379.4,20
1324642680000,379.4,379.4,379.4,379.4,30
1324642800000,379.2,379.2,379.2,379.2,30
1324642860000,379.2,379.2,379.15,379.15,70
1324642920000,379.15,379.15,379.15,379.15,10
1324643160000,379.14,379.76,379.14,379.76,690
1324643220000,379.16,379.18,379.04,379.07,1630
1324643460000,379.05,379.05,379.05,379.05,230
1324643580000,379.04,379.04,379.04,379.04,30
1324643640000,379.03,379.03,379.03,379.03,20
1324643700000,379.31,379.31,379.31,379.31,100
1324643820000,379.29,379.29,379.29,379.29,200
1324644000000,379.04,379.04,379.0,379.0,2100
1324644060000,379.06,379.06,379.0,379.0,700
1324644300000,379.05,379.05,378.83,378.83,2000
1324644540000,379.09,379.09,379.09,379.09,10
1324644660000,379.02,379.02,379.02,379.02,160
1324644900000,379.07,379.1,379.07,379.07,8230
1324644960000,379.15,379.15,379.15,379.15,200
1324645200000,379.15,379.15,379.07,379.07,260
1324645320000,379.17,379.24,379.17,379.24,1010
1324645380000,379.26,379.28,379.26,379.28,410
1324645440000,379.31,379.31,379.31,379.31,100
1324645500000,379.34,379.44,379.34,379.36,410
1324645560000,379.37,379.37,379.37,379.37,400
1324645740000,379.41,379.6,379.41,379.6,2000
1324646100000,379.4,379.4,379.0,379.23,5160
1324646160000,379.0,379.0,379.0,379.0,30
1324646220000,379.0,379.0,379.0,379.0,30
1324646340000,379.0,379.0,379.0,379.0,230
1324647000000,379.24,379.57,379.0,379.0,4910
1324647120000,379.01,379.01,379.01,379.01,100
1324647180000,379.0,379.59,379.0,379.59,2830
1324647240000,379.01,379.01,379.0,379.0,3520
1324647600000,379.1,379.1,379.1,379.1,110
1324647660000,379.1,379.1,379.1,379.1,1020
1324647720000,379.1,379.1,379.1,379.1,1410
1324647780000,379.1,379.11,379.1,379.1,6540
1324647840000,379.1,379.21,379.1,379.21,2430
1324647900000,379.1,379.2,379.0,379.2,1920
1324647960000,379.2,379.25,379.2,379.25,730
1324648020000,379.25,379.25,379.25,379.25,200
1324648080000,379.03,379.03,379.03,379.03,10
1324648140000,379.03,379.03,379.03,379.03,20
1324648200000,379.08,379.2,379.0,379.2,360
1324648260000,379.2,379.2,379.2,379.2,200
1324648560000,379.22,379.22,379.22,379.22,10
1324648680000,379.22,379.26,379.22,379.26,970
1324648920000,379.04,379.04,379.0,379.0,2000
1324649040000,379.06,379.06,379.06,379.06,100
1324649160000,379.03,379.03,379.02,379.02,20
1324649220000,379.03,379.3,379.03,379.3,370
1324649340000,379.3,379.3,379.3,379.3,200
1324649460000,379.31,379.32,379.31,379.32,130
1324649580000,379.06,379.06,379.0,379.0,400
1324649700000,379.03,379.03,379.03,379.03,180
1324649820000,379.15,379.15,379.15,379.15,100
1324649940000,379.21,379.26,379.19,379.26,990
1324650060000,379.3,379.3,379.3,379.3,200
1324650120000,379.3,379.3,379.3,379.3,200
1324650720000,379.16,379.16,379.0,379.0,3160
1324650780000,379.0,379.0,379.0,379.0,10
1324650900000,379.15,379.15,379.15,379.15,50
1324650960000,379.15,379.15,379.15,379.15,100
1324651020000,379.01,379.01,379.01,379.01,100
1324651080000,379.15,379.15,379.0,379.0,300
1324651140000,379.01,379.01,379.0,379.0,260
1324651200000,379.0,379.01,379.0,379.0,10980
1324651260000,379.21,379.21,379.0,379.0,14420
1324651320000,379.0,379.02,378.73,379.0,12520
1324651380000,379.0,379.24,379.0,379.03,1170
1324651440000,379.1,379.11,379.0,379.0,860
1324879200000,381.1,381.67,378.33,381.0,1400
1324879260000,378.92,378.92,378.09,378.31,3260
1324879320000,378.31,378.39,378.31,378.39,800
1324879380000,378.42,378.77,378.42,378.45,460
1324879440000,378.47,378.8,378.47,378.55,800
1324879500000,378.57,378.65,378.53,378.65,1050
1324879620000,378.67,379.9,378.67,379.9,500
1324879680000,378.73,378.75,378.53,378.75,410
1324879740000,378.59,378.59,378.53,378.53,400
1324879800000,378.53,378.53,378.5,378.5,150
1324879860000,378.5,378.5,378.42,378.42,690
1324879920000,378.5,378.68,378.5,378.68,50
1324879980000,378.69,378.69,378.69,378.69,200
1324880100000,378.68,379.08,378.68,379.08,3180
1324880160000,379.09,379.09,379.09,379.09,40
1324880220000,379.09,379.14,379.09,379.14,610
1324880280000,379.16,379.16,379.16,379.16,350
1324880340000,379.2,379.22,379.2,379.22,400
1324880400000,379.25,379.25,379.25,379.25,220
1324880460000,379.25,379.27,379.25,379.27,160
1324880520000,379.29,379.29,379.29,379.29,100
1324880580000,379.29,379.63,379.15,379.3,1030
1324880640000,379.32,379.9,379.32,379.72,800
1324880700000,379.4,379.4,379.4,379.4,50
1324880820000,379.35,379.35,379.35,379.35,200
1324880880000,379.39,379.41,379.18,379.18,530
1324881000000,379.43,379.63,379.43,379.63,280
1324881180000,379.63,379.63,379.62,379.63,460
1324881240000,379.49,379.49,379.49,379.49,30
1324881300000,379.4,379.4,379.37,379.37,1040
1324881360000,379.33,379.37,379.33,379.37,110
1324881480000,379.31,379.31,379.31,379.31,10
1324881960000,379.58,379.63,379.58,379.63,260
1324882020000,379.63,379.91,379.63,379.91,60
1324882320000,379.8,379.8,379.8,379.8,50
1324882500000,379.72,379.72,379.72,379.72,10
1324882620000,379.72,379.72,379.72,379.72,10
1324882680000,379.74,379.74,379.74,379.74,50
1324882800000,379.99,380.0,379.95,380.0,2400
1324882860000,380.0,380.0,380.0,380.0,490
1324882920000,380.21,380.21,380.21,380.21,20
1324882980000,380.22,380.22,380.22,380.22,10
1324883160000,380.13,380.13,380.13,380.13,30
1324883220000,380.0,380.13,380.0,380.13,200
1324883280000,380.1,380.1,380.1,380.1,20
1324883340000,379.96,379.96,379.89,379.89,1080
1324883400000,379.86,380.11,379.86,380.11,270
1324883460000,380.09,380.46,380.09,380.46,1000
1324883520000,379.86,380.39,379.86,380.39,1530
1324883580000,380.16,380.48,380.16,380.48,400
1324884180000,380.34,380.34,380.34,380.34,200
1324884300000,380.34,380.52,380.34,380.51,1350
1324884360000,380.47,380.52,380.45,380.52,850
1324884480000,380.5,380.52,380.5,380.52,400
1324884600000,380.52,381.25,380.52,381.25,2770
1324884660000,381.01,381.01,381.0,381.0,1000
1324884720000,381.25,381.27,381.25,381.27,260
1324884780000,381.27,381.27,381.27,381.27,80
1324884900000,381.17,381.17,381.17,381.17,50
1324885020000,381.27,381.27,381.27,381.27,520
1324885140000,381.19,381.19,381.19,381.19,10
1324885200000,381.17,381.17,381.17,381.17,50
1324885260000,381.16,381.16,381.16,381.16,300
1324885320000,381.26,381.26,381.26,381.26,10
1324885440000,381.26,381.27,381.26,381.27,260
1324885620000,381.13,381.15,380.85,381.15,610
1324885740000,381.13,381.13,380.82,380.82,3200
1324885800000,380.77,380.77,380.76,380.76,190
1324885920000,380.8,381.27,380.8,381.27,520
1324885980000,381.04,381.41,381.04,381.41,1000
1324886040000,381.06,381.56,380.58,380.58,1160
1324886100000,381.17,381.17,381.16,381.16,260
1324886160000,381.46,382.25,381.46,382.25,2820
1324886220000,382.28,382.28,382.28,382.28,10
1324886280000,382.28,382.28,382.28,382.28,200
1324886340000,382.28,382.28,382.26,382.26,20
1324886400000,382.46,383.5,382.46,383.22,2510
1324886580000,383.22,383.5,383.22,383.5,1310
1324886700000,383.05,383.05,382.87,382.87,1910
1324886760000,382.84,382.84,382.8,382.8,350
1324886820000,382.8,382.8,382.71,382.71,880
1324886940000,382.72,383.0,382.71,383.0,1470
1324887000000,383.0,383.0,383.0,383.0,120
1324887120000,383.05,383.05,383.05,383.05,1060
1324887240000,383.0,383.0,383.0,383.0,100
1324887300000,383.0,383.0,382.84,382.84,50
1324887480000,382.94,382.94,382.94,382.94,10
1324887720000,382.94,383.05,382.94,383.05,1000
1324887840000,383.0,383.05,383.0,383.05,20
1324887960000,383.04,383.05,382.44,382.81,2470
1324888380000,382.8,382.8,382.8,382.8,180
1324888560000,382.86,382.88,382.86,382.88,200
1324888680000,382.78,383.05,382.78,383.05,3980
1324888740000,383.05,383.47,383.05,383.47,1950
1324888800000,383.47,383.47,383.25,383.25,2250
1324888920000,383.2,383.2,383.2,383.2,380
1324889100000,383.18,383.18,383.07,383.07,880
1324889280000,383.06,383.06,383.06,383.06,120
1324889340000,383.05,383.05,383.03,383.03,260
1324889460000,383.02,383.02,383.02,383.02,400
1324889580000,383.0,383.0,382.46,382.95,1060
1324889640000,383.02,383.02,383.02,383.02,30
1324889700000,382.92,382.92,382.92,382.92,10
1324889880000,382.92,382.92,382.92,382.92,10
1324889940000,382.92,382.92,382.92,382.92,10
1324890240000,382.95,382.95,382.95,382.95,30
1324890600000,382.92,382.92,382.92,382.92,200
1324891140000,382.9,382.9,382.53,382.53,450
1324891200000,382.85,382.85,382.85,382.85,200
1324891620000,382.85,382.87,382.85,382.87,40
1324891920000,382.82,382.82,382.82,382.82,110
1324892100000,382.82,382.82,382.82,382.82,120
1324892160000,382.81,382.81,382.81,382.81,20
1324892220000,382.81,382.81,382.81,382.81,30
1324892340000,382.82,383.2,382.82,383.2,1210
1324893540000,383.1,383.1,383.1,383.1,250
1324893600000,383.1,383.1,382.28,382.32,1280
1324893720000,382.28,382.28,382.28,382.28,100
1324893840000,382.99,382.99,382.99,382.99,10
1324893900000,382.83,382.83,382.83,382.83,20
1324894260000,382.83,382.83,382.11,382.11,2770
1324894320000,382.78,382.78,382.78,382.78,30
1324894500000,382.78,382.78,382.78,382.78,100
1324894860000,382.77,382.77,382.77,382.77,10
1324894920000,382.76,382.76,382.76,382.76,100
1324894980000,382.75,382.75,382.75,382.75,10
1324895220000,382.95,382.95,382.95,382.95,30
1324896540000,382.92,382.95,382.92,382.95,290
1324896840000,382.75,382.75,382.75,382.75,250
1324896900000,382.73,382.73,382.73,382.73,90
1324896960000,382.72,382.72,382.72,382.72,100
1324897080000,382.68,382.68,382.64,382.64,240
1324897140000,382.63,382.63,382.63,382.63,30
1324897440000,382.63,382.63,382.63,382.63,20
1324897500000,382.63,382.63,382.63,382.63,200
1324897560000,382.63,382.63,382.63,382.63,200
1324897680000,382.58,382.58,382.2,382.2,570
1324897800000,382.52,382.52,382.52,382.52,90
1324898100000,382.65,382.65,382.65,382.65,10
1324898280000,382.71,382.71,382.71,382.71,330
1324898580000,382.53,382.53,382.16,382.16,400
1324898700000,382.71,382.71,382.71,382.71,10
1324899300000,382.53,382.53,382.53,382.53,380
1324899480000,382.56,382.56,382.56,382.56,200
1324899600000,382.68,382.68,382.68,382.68,10
1324899660000,382.7,382.71,382.7,382.71,260
1324899780000,382.71,382.71,382.71,382.71,50
1324900440000,382.68,382.68,382.68,382.68,20
1324900560000,382.7,382.71,382.7,382.71,70
1324900740000,382.68,382.68,382.53,382.53,200
1324900800000,382.69,382.7,382.69,382.7,660
1324900860000,382.7,382.7,382.7,382.7,320
1324900920000,382.54,382.54,382.1,382.1,1000
1324901400000,382.49,382.71,382.49,382.71,1130
1324901460000,382.49,382.49,382.16,382.16,500
1324901580000,382.69,382.69,382.69,382.69,260
1324901760000,382.46,382.46,382.17,382.17,500
1324901820000,382.69,382.69,382.69,382.69,10
1324902060000,382.47,382.47,382.47,382.47,20
1324902120000,382.47,382.47,382.47,382.47,30
1324902300000,382.47,382.47,382.47,382.47,10
1324902780000,382.47,382.47,382.1,382.1,410
1324902960000,382.42,382.66,382.42,382.66,280
1324903140000,382.42,382.42,382.42,382.42,50
1324903260000,382.41,382.41,382.41,382.41,20
1324903500000,382.5,382.61,381.97,381.97,4660
1324903560000,381.97,381.97,381.95,381.95,410
1324903620000,381.93,381.93,381.81,381.93,360
1324903680000,381.9,381.9,381.9,381.9,150
1324903980000,381.98,382.0,381.98,382.0,260
1324904520000,381.97,381.99,381.97,381.99,260
1324904880000,381.97,381.97,381.97,381.97,200
1324905240000,381.95,381.97,381.95,381.97,1200
1324905420000,381.81,381.81,381.54,381.54,110
1324905720000,381.46,381.49,381.46,381.49,260
1324905900000,381.5,381.68,381.5,381.68,1110
1324906020000,381.64,381.66,381.64,381.66,50
1324906080000,381.59,381.59,381.59,381.59,800
1324906140000,381.71,381.71,381.71,381.71,200
1324906200000,381.97,382.07,381.97,382.0,7550
1324906380000,381.64,382.04,381.64,382.04,4240
1324906440000,381.78,381.78,381.78,381.78,10
1324906560000,382.06,382.06,382.06,382.06,180
1324906920000,381.79,382.06,381.79,382.06,3980
1324907040000,381.78,381.78,381.78,381.78,50
1324907520000,382.05,382.05,382.05,382.05,170
1324907760000,382.06,382.06,382.06,382.06,70
1324908000000,382.07,382.07,382.07,382.07,200
1324908060000,382.07,382.07,381.82,381.82,80
1324908240000,381.83,381.83,380.82,380.83,12390
1324908300000,380.81,380.81,380.81,380.81,200
1324908360000,381.0,381.0,381.0,381.0,100
1324908420000,381.0,381.0,380.0,380.0,8050
1324908480000,380.0,380.0,379.59,379.9,1160
1324908540000,379.9,379.9,379.5,379.83,1290
1324908600000,379.83,379.83,379.83,379.83,200
1324908720000,379.83,379.83,379.83,379.83,20
1324908960000,379.98,379.98,379.98,379.98,130
1324909080000,379.99,379.99,379.99,379.99,70
1324909140000,379.99,379.99,379.99,379.99,50
1324909200000,380.0,380.0,379.98,379.98,50
1324909260000,380.0,380.0,380.0,380.0,1790
1324909320000,380.0,380.0,379.84,379.84,5140
1324909440000,379.85,379.98,379.85,379.98,110
1324909500000,379.98,379.99,379.85,379.85,180
1324909800000,380.0,380.0,379.99,380.0,5080
1324909860000,380.0,380.0,380.0,380.0,810
1324909920000,380.0,380.0,380.0,380.0,300
1324909980000,379.99,379.99,379.99,379.99,50
1324910040000,379.97,380.0,379.97,380.0,460
1324910100000,380.0,380.0,379.86,379.86,5230
1324910160000,379.85,380.0,379.84,379.84,980
1324910220000,379.83,381.29,379.83,381.29,6550
1324910280000,381.28,381.28,381.0,381.05,2480
1324910340000,381.06,381.48,380.81,380.99,10520
1324910520000,380.8,380.8,380.74,380.74,100
1324910640000,380.74,381.0,380.74,381.0,220
1324965600000,380.75,380.75,380.41,380.51,450
1324965660000,380.52,380.54,380.27,380.54,900
1324965720000,380.55,380.55,380.46,380.55,600
1324965900000,380.33,380.33,380.01,380.01,370
1324966140000,380.46,380.46,380.46,380.46,40
1324966260000,380.2,380.2,380.2,380.2,40
1324966380000,380.45,380.46,380.45,380.46,210
1324966680000,380.46,380.47,380.46,380.47,50
1324966800000,380.47,380.47,380.47,380.47,10
1324966860000,380.47,380.47,380.47,380.47,10
1324966980000,380.48,380.59,380.48,380.59,950
1324967160000,380.35,380.35,380.3,380.3,260
1324967220000,380.34,380.34,380.34,380.34,10
1324967340000,380.2,380.2,380.19,380.19,550
1324967700000,380.2,380.2,380.2,380.2,50
1324967760000,380.19,380.19,380.19,380.19,10
1324968000000,380.19,380.19,380.01,380.01,890
1324968420000,380.01,380.01,379.49,379.9,1650
1324968480000,379.9,379.9,379.9,379.9,50
1324968900000,379.9,379.9,379.9,379.9,10
1324968960000,379.89,379.89,379.89,379.89,100
1324969020000,379.87,379.87,379.52,379.52,250
1324969320000,379.87,379.87,379.87,379.87,10
1324969440000,379.87,379.87,379.87,379.87,40
1324969680000,379.46,379.46,379.46,379.46,180
1324969920000,379.7,379.7,379.7,379.7,10
1324969980000,379.7,379.7,379.7,379.7,50
1324970040000,379.44,379.44,379.44,379.44,10
1324970520000,379.66,379.69,379.66,379.69,260
1324970580000,379.69,379.69,379.69,379.69,30
1324970640000,379.45,379.45,379.45,379.45,30
1324970700000,379.45,379.45,379.45,379.45,20
1324970760000,379.45,379.45,379.45,379.45,80
1324970820000,379.54,379.54,379.54,379.54,220
1324970880000,379.56,379.56,379.56,379.56,200
1324971240000,379.56,379.7,379.56,379.7,1200
1324971420000,379.72,379.72,379.72,379.72,200
1324971480000,379.74,379.82,379.74,379.82,820
1324971540000,379.82,379.82,379.82,379.82,200
1324971780000,379.86,379.86,379.86,379.86,10
1324971900000,379.86,379.86,379.44,379.44,450
1324972020000,379.57,379.57,379.57,379.57,400
1324972140000,379.53,379.53,379.53,379.53,20
1324972500000,379.56,379.56,378.99,379.02,2940
1324972560000,379.23,379.23,378.68,378.96,840
1324972620000,379.0,379.0,378.96,378.96,200
1324972680000,379.0,379.0,379.0,379.0,200
1324972740000,379.08,379.08,379.0,379.0,320
1324972800000,379.0,379.08,379.0,379.08,300
1324972860000,379.09,379.1,379.09,379.1,490
1324972920000,379.15,379.18,379.15,379.18,600
1324973040000,379.18,379.33,379.18,379.33,250
1324973940000,378.95,378.95,378.56,378.56,490
1324974060000,378.94,378.94,378.44,378.44,1000
1324974180000,378.89,378.89,378.37,378.37,1200
1324974240000,378.82,378.82,378.82,378.82,200
1324974900000,378.79,378.79,378.21,378.21,1000
1324974960000,379.01,379.01,378.77,378.77,220
1324975020000,379.01,379.01,379.01,379.01,260
1324975140000,378.92,378.92,378.75,378.75,40
1324975200000,378.67,378.67,378.67,378.67,320
1324975320000,378.67,378.67,378.67,378.67,10
1324975380000,378.67,378.67,378.67,378.67,200
1324975440000,378.67,378.67,378.67,378.67,300
1324975560000,378.68,378.68,378.68,378.68,260
1324975620000,378.67,378.67,378.67,378.67,260
1324975680000,378.52,378.52,378.52,378.52,10
1324976100000,378.27,378.27,378.2,378.2,500
1324976160000,378.5,378.53,378.2,378.2,340
1324976280000,378.22,378.22,378.2,378.2,100
1324976400000,378.3,378.3,378.2,378.2,1100
1324976460000,378.27,378.27,378.27,378.27,800
1324976520000,378.29,378.34,378.29,378.34,160
1324976580000,378.35,378.47,378.35,378.47,1400
1324976640000,378.47,378.47,378.47,378.47,10
1324976700000,378.47,378.51,378.47,378.51,1180
1324976880000,378.55,378.56,378.55,378.56,60
1324976940000,378.56,378.59,378.56,378.59,880
1324977120000,378.66,378.68,378.66,378.68,1060
1324977180000,378.68,378.68,378.66,378.66,1200
1324977240000,378.68,378.68,378.68,378.68,10
1324977300000,378.73,378.73,378.73,378.73,30
1324977900000,378.76,378.76,378.76,378.76,200
1324977960000,378.73,378.73,378.73,378.73,30
1324978140000,378.73,378.73,378.73,378.73,60
1324978200000,378.76,378.78,378.76,378.78,50
1324978320000,378.71,378.71,378.7,378.7,50
1324978440000,378.78,378.78,378.78,378.78,50
1324978800000,378.79,378.79,378.79,378.79,400
1324978860000,378.81,378.83,378.81,378.81,600
1324978920000,378.86,379.18,378.86,378.89,1300
1324979160000,378.94,378.94,378.94,378.94,400
1324979400000,378.95,378.95,378.95,378.95,200
1324979580000,378.98,378.98,378.98,378.98,200
1324979700000,378.95,378.95,378.95,378.95,10
1324979760000,379.01,379.01,379.01,379.01,100
1324980000000,379.21,379.21,379.21,379.21,10
1324980180000,379.02,379.02,379.02,379.02,20
1324980240000,378.95,378.95,378.95,378.95,90
1324980300000,378.9,378.9,378.75,378.75,4260
1324980480000,378.75,378.75,378.67,378.67,300
1324980780000,378.75,378.75,377.87,377.94,19240
1324981020000,377.82,377.82,377.82,377.82,200
1324981080000,377.99,377.99,377.78,377.78,210
1324981140000,378.0,378.0,378.0,378.0,100
1324981200000,377.99,378.0,377.99,378.0,20
1324981380000,377.98,377.98,377.98,377.98,10
1324981440000,377.78,377.78,377.78,377.78,150
1324981500000,377.78,377.78,377.74,377.74,100
1324981740000,377.79,377.79,377.74,377.74,20
1324981800000,377.9,377.9,377.9,377.9,250
1324981980000,377.82,377.82,377.56,377.56,270
1324982100000,377.58,377.58,377.01,377.28,1320
1324982160000,377.52,377.53,377.52,377.53,500
1324982220000,377.3,377.54,377.3,377.54,400
1324982340000,377.57,377.57,377.57,377.57,200
1324982400000,377.57,377.57,377.57,377.57,80
1324982460000,377.6,377.6,377.6,377.6,200
1324982520000,377.57,377.57,377.57,377.57,10
1324982580000,377.57,377.57,377.57,377.57,200
1324982760000,377.6,377.6,377.6,377.6,200
1324982820000,377.6,377.6,377.6,377.6,10
1324983060000,377.62,377.62,377.62,377.62,100
1324983480000,377.62,377.62,377.57,377.57,20
1324983840000,377.5,377.5,377.5,377.5,200
1324984080000,377.36,377.36,377.36,377.36,280
1324984680000,377.38,377.38,377.35,377.35,350
1324984740000,377.3,377.3,377.3,377.3,130
1324984800000,377.36,377.49,377.36,377.49,4000
1324985160000,377.4,377.4,377.4,377.4,450
1324985280000,377.38,377.39,377.38,377.39,500
1324985340000,377.3,377.3,377.11,377.11,390
1324985460000,377.11,377.11,377.11,377.11,20
1324985880000,377.2,377.2,377.2,377.2,200
1324985940000,377.27,377.3,377.27,377.3,500
1324986060000,377.2,377.2,377.07,377.07,100
1324986540000,377.3,377.3,377.3,377.3,30
1324986600000,377.09,377.09,377.07,377.07,500
1324987140000,377.07,377.07,377.07,377.07,10
1324987200000,377.07,377.3,377.07,377.3,760
1324987320000,377.11,377.11,377.0,377.0,1590
1324987380000,377.0,377.0,377.0,377.0,500
1324987440000,377.01,377.01,377.0,377.0,440
1324987500000,377.01,377.01,377.01,377.01,200
1324987920000,377.11,377.11,377.11,377.11,10
1324987980000,377.11,377.17,376.8,376.8,3060
1324988040000,376.8,376.8,376.67,376.67,20
1324988160000,376.69,376.69,376.34,376.34,1530
1324988220000,376.34,376.34,376.34,376.34,40
1324988280000,376.56,376.56,376.56,376.56,50
1324988340000,376.58,376.59,376.56,376.56,240
1324988400000,376.56,376.56,376.56,376.56,140
1324988460000,376.5,376.5,376.33,376.38,3540
1324988520000,376.43,376.43,376.43,376.43,10
1324988580000,376.43,376.43,376.26,376.26,40
1324988640000,376.26,376.26,376.26,376.26,410
1324988700000,376.26,376.26,376.11,376.11,190
1324988760000,376.13,376.13,376.11,376.11,230
1324988820000,376.31,376.37,376.31,376.37,1000
1324988880000,376.37,376.37,376.11,376.11,1820
1324989000000,376.1,376.1,375.58,375.65,4740
1324989060000,375.84,375.84,375.84,375.84,200
1324989120000,375.6,375.6,375.6,375.6,1000
1324989240000,375.56,375.6,375.56,375.6,160
1324989300000,375.56,375.6,375.04,375.55,2020
1324989360000,375.56,375.56,375.56,375.56,30
1324989420000,375.56,375.56,375.56,375.56,10
1324989480000,375.56,375.56,375.29,375.3,1600
1324989540000,375.11,375.11,375.1,375.1,160
1324989720000,375.1,375.1,375.0,375.04,630
1324989840000,375.06,375.06,375.05,375.05,30
1324990080000,375.03,375.03,375.03,375.03,10
1324990140000,375.29,375.29,375.29,375.29,50
1324990320000,375.29,375.29,375.29,375.29,100
1324990380000,375.29,375.29,375.29,375.29,130
1324990500000,375.29,375.29,375.29,375.29,100
1324990560000,375.29,375.3,375.29,375.3,570
1324990620000,375.3,375.35,375.3,375.35,460
1324990680000,375.36,375.43,375.36,375.43,920
1324990800000,375.42,375.42,375.41,375.41,1530
1324990980000,375.45,375.61,375.45,375.61,2230
1324991040000,375.64,375.79,375.64,375.79,1590
1324991100000,375.83,375.96,375.82,375.96,1760
1324991160000,375.72,375.72,375.72,375.72,200
1324991340000,375.72,375.75,375.72,375.75,310
1324991400000,375.78,375.87,375.78,375.87,1490
1324991460000,375.87,375.87,375.87,375.87,340
1324991520000,375.87,375.87,375.65,375.65,1860
1324991700000,375.61,375.61,375.61,375.61,20
1324991820000,375.89,376.1,375.87,376.1,10770
1324991880000,376.09,376.1,376.09,376.1,220
1324991940000,375.96,376.0,375.86,376.0,70
1324992000000,375.78,375.78,374.6,375.1,10280
1324992060000,375.13,375.13,374.99,374.99,300
1324992120000,375.01,375.01,374.84,374.84,1470
1324992240000,374.77,374.77,374.68,374.68,1060
1324992300000,374.71,374.71,374.66,374.66,200
1324992360000,374.66,374.75,374.66,374.75,1440
1324992420000,374.76,374.76,374.58,374.58,4650
1324992480000,374.58,374.58,374.58,374.58,30
1324992540000,374.58,374.61,374.58,374.61,270
1324992600000,374.61,374.61,374.61,374.61,10
1324992660000,374.6,374.6,374.6,374.6,10
1324992720000,374.6,374.64,374.6,374.64,510
1324992780000,374.66,374.66,374.5,374.5,350
1324992840000,374.36,374.36,374.36,374.36,90
1324992900000,374.5,374.52,374.5,374.52,410
1324992960000,374.52,374.52,374.34,374.34,150
1324993020000,374.35,374.35,374.34,374.34,510
1324993200000,374.52,374.52,374.38,374.38,60
1324993260000,374.38,374.38,374.28,374.28,210
1324993440000,374.26,374.37,374.2,374.2,2350
1324993560000,374.44,374.44,374.43,374.43,420
1324993620000,374.2,374.46,374.2,374.21,120
1324993680000,374.2,374.46,374.2,374.46,280
1324993860000,374.48,374.48,374.48,374.48,30
1324993920000,374.49,374.49,374.49,374.49,30
1324994040000,374.49,374.49,374.25,374.25,350
1324994100000,374.49,374.49,374.49,374.49,10
1324994160000,374.31,374.38,374.29,374.38,1000
1324994340000,374.38,374.45,374.38,374.45,390
1324994400000,374.23,374.23,374.21,374.21,160
1324994520000,374.18,374.19,374.02,374.02,1200
1324994580000,374.16,374.16,374.02,374.02,500
1324994640000,374.23,374.23,374.23,374.23,100
1324994820000,374.2,374.2,374.2,374.2,1000
1324994880000,374.23,374.26,374.23,374.26,250
1324994940000,374.24,374.26,374.24,374.26,410
1324995060000,374.29,374.31,374.29,374.31,410
1324995240000,374.34,374.34,374.34,374.34,50
1324995300000,374.54,378.66,374.54,378.49,30110
1324995360000,378.73,380.97,377.93,380.61,32440
1324995420000,380.43,380.43,380.0,380.02,3290
1324995480000,380.0,380.0,379.51,379.67,3060
1324995540000,379.64,379.64,379.58,379.58,600
1324995600000,379.57,379.75,379.57,379.75,530
1324995660000,379.56,379.56,379.49,379.49,600
1324995720000,379.47,379.47,379.39,379.39,910
1324995780000,379.36,379.43,379.0,379.19,3490
1324995840000,379.19,379.19,379.18,379.18,210
1324995900000,379.16,379.16,379.15,379.15,130
1324995960000,379.14,379.15,379.09,379.11,570
1324996020000,379.14,379.14,379.11,379.11,560
1324996080000,379.12,379.12,379.11,379.11,200
1324996140000,379.11,379.11,379.11,379.11,90
1324996200000,379.11,379.11,379.08,379.08,200
1324996260000,379.07,379.07,378.75,379.0,3890
1324996320000,378.98,378.98,378.87,378.87,40
1324996380000,378.86,378.86,378.86,378.86,110
1324996440000,378.86,378.86,378.84,378.84,160
1324996500000,378.83,378.83,378.81,378.81,600
1324996560000,378.76,378.76,378.67,378.69,1570
1324996620000,378.64,378.67,378.61,378.61,1430
1324996680000,378.6,378.6,378.6,378.6,100
1324996740000,378.64,378.64,378.57,378.6,1100
1324996800000,378.67,378.67,378.53,378.6,350
1324996860000,378.6,378.66,378.6,378.66,360
1324996920000,378.66,378.67,378.66,378.67,90
1324996980000,378.67,378.67,378.67,378.67,400
1324997040000,378.67,378.67,378.67,378.67,1020
1325052000000,378.88,378.88,378.88,378.88,10
1325052060000,379.2,379.65,379.15,379.65,3620
1325052120000,379.65,380.42,379.65,380.26,4280
1325052180000,380.26,380.26,380.04,380.04,790
1325052240000,380.01,380.01,379.99,379.99,400
1325052300000,379.99,380.0,379.76,379.76,2720
1325052360000,379.76,379.76,379.41,379.71,1690
1325052420000,379.69,379.69,379.36,379.61,830
1325052480000,379.6,379.6,379.6,379.6,100
1325052540000,379.63,379.65,379.63,379.65,1710
1325052600000,379.69,379.69,379.63,379.63,200
1325052660000,379.73,379.73,379.72,379.72,250
1325052720000,379.76,379.76,379.76,379.76,100
1325052780000,379.75,379.75,379.75,379.75,90
1325052840000,379.75,379.75,379.75,379.75,1630
1325052960000,379.74,379.74,379.74,379.74,400
1325053020000,379.7,379.7,379.7,379.7,200
1325053080000,379.67,379.67,379.67,379.67,10
1325053140000,379.67,379.7,379.67,379.67,620
1325053200000,379.67,379.67,379.62,379.62,4250
1325053260000,379.6,379.7,379.6,379.7,2570
1325053440000,379.88,380.0,379.88,380.0,670
1325053500000,380.07,380.14,380.07,380.07,580
1325053560000,380.18,380.19,379.96,379.96,4750
1325053680000,380.0,380.0,380.0,380.0,300
1325053740000,380.0,380.0,380.0,380.0,100
1325053860000,380.0,380.0,380.0,380.0,2750
1325054160000,379.98,380.0,379.98,380.0,50
1325054220000,380.0,380.0,380.0,380.0,500
1325054280000,380.0,380.0,380.0,380.0,500
1325054340000,379.93,379.93,379.93,379.93,50
1325054400000,379.93,379.97,379.93,379.97,60
1325054460000,379.92,379.92,379.92,379.92,450
1325054520000,379.89,379.89,379.83,379.83,710
1325054640000,379.83,379.99,379.83,379.97,1010
1325054700000,379.97,379.97,379.97,379.97,100
1325054820000,379.97,379.97,379.97,379.97,980
1325055000000,379.99,379.99,379.99,379.99,490
1325055240000,379.99,379.99,379.99,379.99,600
1325055300000,379.99,380.0,379.99,380.0,5010
1325055360000,380.0,380.1,379.99,380.1,6870
1325055420000,380.12,380.14,380.12,380.14,820
1325055480000,380.14,380.14,380.13,380.13,1750
1325055540000,380.1,380.1,380.1,380.1,50
1325055600000,380.14,380.26,380.14,380.26,3370
1325055660000,380.24,380.26,380.08,380.26,2700
1325055780000,379.98,379.98,379.97,379.97,130
1325055840000,379.97,379.97,379.96,379.96,180
1325055960000,379.95,379.95,379.62,379.62,300
1325056020000,379.92,380.18,379.92,380.18,220
1325056200000,380.0,380.0,380.0,380.0,100
1325056500000,380.01,380.01,379.99,379.99,600
1325056620000,380.13,380.14,380.13,380.14,110
1325056740000,380.15,380.16,380.15,380.16,400
1325056860000,380.16,380.16,380.16,380.16,1630
1325056920000,380.2,380.24,380.2,380.24,1660
1325056980000,380.24,380.24,380.22,380.22,1100
1325057040000,380.24,380.24,380.21,380.21,700
1325057220000,380.17,380.17,380.16,380.16,40
1325057280000,380.16,380.16,380.16,380.16,100
1325057340000,380.15,380.15,379.64,380.1,1970
1325057460000,380.09,380.09,380.0,380.0,330
1325057640000,380.07,380.07,380.07,380.07,1990
1325057760000,380.03,380.03,380.03,380.03,400
1325058000000,380.07,380.07,380.07,380.07,800
1325058120000,380.03,380.03,380.0,380.0,600
1325058180000,380.0,380.0,380.0,380.0,600
1325058240000,379.94,379.94,379.7,379.7,3150
1325058480000,379.69,379.69,379.69,379.69,20
1325058540000,379.7,379.7,379.7,379.7,50
1325058600000,379.7,379.7,379.7,379.7,800
1325058660000,379.7,379.7,379.7,379.7,400
1325058720000,379.69,379.69,379.16,379.48,1030
1325058780000,379.48,379.48,379.48,379.48,10
1325058900000,379.54,379.7,379.54,379.7,870
1325058960000,379.74,379.77,379.74,379.77,600
1325059020000,379.79,379.97,379.79,379.97,1720
1325059200000,379.97,380.07,379.97,380.07,2140
1325059260000,380.0,380.13,380.0,380.13,1100
1325059320000,380.2,380.2,380.2,380.2,490
1325059500000,380.0,380.0,380.0,380.0,1420
1325059560000,380.0,380.0,380.0,380.0,30
1325059980000,379.52,379.52,379.52,379.52,10
1325060100000,379.79,380.71,379.65,380.37,18100
1325060160000,380.39,381.0,380.28,381.0,7970
1325060220000,380.91,381.03,380.91,381.03,6940
1325060280000,380.99,381.2,380.99,381.05,940
1325060340000,381.06,381.96,380.99,381.4,7780
1325060460000,381.16,381.16,381.16,381.16,80
1325060520000,381.15,381.15,381.13,381.13,220
1325060580000,381.37,381.41,381.11,381.11,640
1325060640000,381.11,381.35,381.11,381.35,1020
1325060700000,381.35,381.35,381.35,381.35,10
1325060760000,381.35,381.78,381.35,381.78,5180
1325060820000,381.78,382.26,381.76,382.06,4990
1325060940000,381.8,381.81,381.45,381.81,500
1325061000000,381.8,381.99,381.76,381.99,470
1325061060000,381.75,382.46,381.23,381.6,6360
1325061120000,381.82,381.84,381.48,381.5,2490
1325061180000,381.5,381.84,381.5,381.72,1160
1325061240000,381.5,381.51,381.5,381.51,2500
1325061300000,381.51,381.83,381.48,381.83,5210
1325061360000,381.75,381.75,381.75,381.75,20
1325061420000,381.49,381.49,381.49,381.49,10
1325061480000,381.7,381.8,381.7,381.8,990
1325061600000,381.78,381.8,381.58,381.58,1040
1325061660000,381.5,381.5,381.5,381.5,660
1325061720000,381.49,381.49,381.0,381.35,1520
1325061780000,381.35,381.35,381.35,381.35,260
1325061840000,381.35,381.35,381.35,381.35,100
1325061900000,381.35,381.35,381.35,381.35,10
1325061960000,381.31,381.31,381.31,381.31,50
1325062020000,381.4,381.4,381.4,381.4,90
1325062080000,381.4,381.5,380.97,381.28,2240
1325062200000,381.28,381.28,381.27,381.27,1540
1325062260000,381.22,381.22,381.22,381.22,500
1325062380000,381.27,381.27,381.27,381.27,500
1325062440000,381.23,381.23,381.23,381.23,10
1325062500000,381.23,381.23,381.23,381.23,10
1325062560000,381.23,381.27,381.23,381.27,330
1325062680000,381.27,381.27,381.23,381.27,120
1325062740000,381.27,381.27,381.26,381.27,8040
1325062920000,381.26,381.27,381.25,381.25,850
1325062980000,381.24,381.24,381.24,381.24,110
1325063040000,381.27,381.27,381.27,381.27,170
1325063280000,381.28,381.28,381.28,381.28,100
1325063400000,381.47,381.49,381.47,381.49,30
1325063460000,381.5,381.5,381.5,381.5,2180
1325063520000,381.5,381.5,381.28,381.28,60
1325063580000,381.49,381.8,381.49,381.8,5780
1325063640000,381.72,381.8,381.72,381.8,740
1325063760000,381.79,381.84,381.55,381.84,760
1325063820000,381.8,381.85,381.8,381.85,500
1325063880000,381.57,381.59,381.54,381.54,1000
1325063940000,381.48,381.48,381.48,381.48,110
1325064000000,381.53,381.53,381.48,381.48,210
1325064060000,381.48,381.53,381.47,381.53,540
1325064120000,381.71,381.71,381.71,381.71,30
1325064240000,381.71,381.71,381.71,381.71,160
1325064300000,381.73,381.73,381.73,381.73,10
1325064420000,381.73,381.73,381.73,381.73,10
1325064900000,381.5,381.5,381.5,381.5,10
1325065080000,381.6,381.6,381.6,381.6,10
1325065260000,381.7,381.7,381.7,381.7,10
1325065500000,381.6,381.66,381.6,381.66,40
1325065620000,381.6,381.6,381.6,381.6,380
1325065740000,381.5,381.7,381.5,381.7,1440
1325066040000,381.5,381.5,381.5,381.5,100
1325066160000,381.5,381.5,381.5,381.5,200
1325066280000,381.6,381.62,381.6,381.62,400
1325066340000,381.62,381.62,381.51,381.51,1220
1325066460000,381.28,381.28,381.14,381.14,2090
1325066580000,381.58,381.75,380.86,380.86,5800
1325066700000,381.7,381.7,381.65,381.65,880
1325066880000,381.65,381.65,380.85,381.53,1700
1325067060000,381.62,381.75,381.62,381.75,1920
1325067120000,381.71,381.8,381.71,381.8,2870
1325067180000,381.9,381.9,381.9,381.9,10
1325067360000,381.91,381.91,381.75,381.78,1510
1325067540000,381.74,381.74,381.21,381.21,2270
1325067720000,381.66,381.66,381.64,381.64,400
1325067780000,381.64,381.64,381.64,381.64,90
1325067960000,381.69,381.69,381.69,381.69,1000
1325068020000,381.69,381.89,381.69,381.89,1000
1325068440000,381.87,381.87,381.87,381.87,50
1325068500000,381.85,381.88,381.85,381.88,550
1325068560000,381.9,381.9,381.9,381.9,100
1325068620000,381.9,381.9,381.9,381.9,200
1325068680000,381.96,381.99,381.96,381.99,500
1325068740000,381.99,382.1,381.98,382.1,4380
1325068800000,382.1,382.1,382.1,382.1,1400
1325068860000,382.1,382.1,382.1,382.1,200
1325068920000,382.08,382.08,382.01,382.01,1130
1325068980000,382.1,382.62,382.09,382.62,1960
1325069040000,382.05,382.65,382.05,382.65,1010
1325069220000,382.1,382.1,382.1,382.1,500
1325069280000,382.1,382.1,382.1,382.1,210
1325069340000,382.09,382.1,382.09,382.09,990
1325069400000,382.07,382.07,381.45,381.45,1870
1325069460000,381.95,381.95,381.93,381.93,400
1325069520000,381.91,381.91,381.91,381.91,350
1325069760000,382.0,382.0,382.0,382.0,100
1325069940000,381.94,381.94,381.91,381.91,570
1325070060000,382.0,382.0,382.0,382.0,430
1325070180000,382.09,382.09,382.09,382.09,20
1325070300000,382.09,382.09,382.0,382.0,530
1325070480000,381.98,381.98,381.98,381.98,200
1325070540000,381.96,381.96,381.95,381.95,400
1325070600000,381.91,381.95,381.91,381.95,450
1325070780000,381.93,381.93,381.93,381.93,20
1325070900000,381.91,381.91,381.91,381.91,200
1325071020000,381.95,381.95,381.95,381.95,300
1325071080000,381.88,381.88,381.88,381.88,100
1325071320000,381.88,381.88,381.5,381.5,3450
1325071380000,381.48,381.48,380.95,381.0,5490
1325071440000,380.97,380.97,380.7,380.7,1910
1325071500000,381.0,381.0,380.6,381.0,3020
1325071560000,380.97,381.0,380.27,380.29,3470
1325071620000,381.0,381.0,380.29,381.0,5120
1325071680000,380.99,381.0,380.81,380.81,4670
1325071800000,380.85,380.99,380.24,380.77,3090
1325071860000,380.76,380.76,380.5,380.5,2600
1325071920000,380.5,380.5,380.5,380.5,80
1325071980000,380.5,380.5,380.48,380.48,620
1325072160000,380.5,380.5,380.5,380.5,220
1325073000000,380.69,380.69,380.59,380.59,1250
1325073060000,380.58,380.58,380.58,380.58,20
1325073120000,380.59,380.76,380.59,380.76,120
1325073180000,380.6,380.6,380.6,380.6,30
1325073360000,380.83,380.83,380.83,380.83,10
1325073600000,380.62,380.62,380.1,380.1,1490
1325073720000,380.6,380.6,380.6,380.6,20
1325073780000,380.75,380.77,380.75,380.77,240
1325073840000,380.6,380.6,380.6,380.6,10
1325074320000,380.7,380.84,380.6,380.84,6780
1325074500000,380.6,380.6,380.6,380.6,2880
1325074800000,380.7,380.7,380.7,380.7,160
1325074980000,380.6,380.6,380.6,380.6,200
1325075100000,380.6,380.6,380.6,380.6,580
1325075700000,380.6,380.6,380.6,380.6,7510
1325076060000,380.61,380.63,380.6,380.63,1000
1325076120000,380.6,380.6,380.6,380.6,10
1325076180000,380.64,380.65,380.64,380.65,110
1325076300000,380.61,380.61,380.61,380.61,10
1325076360000,380.66,380.86,380.66,380.79,2860
1325076840000,380.6,380.6,380.6,380.6,2860
1325077080000,380.6,380.6,380.6,380.6,33560
1325077200000,380.69,380.8,380.69,380.8,260
1325077260000,380.8,380.8,380.8,380.8,40
1325077320000,380.8,380.8,380.6,380.6,2070
1325077380000,380.82,380.82,380.82,380.82,20
1325077500000,380.8,380.8,380.8,380.8,120
1325077560000,380.8,380.8,380.6,380.6,2230
1325077680000,380.64,380.64,380.64,380.64,200
1325077740000,380.66,380.66,380.66,380.66,30
1325077860000,380.61,380.61,380.6,380.6,200
1325077920000,380.6,380.6,380.6,380.6,30
1325077980000,380.66,380.95,380.66,380.95,550
1325078040000,380.69,380.69,380.69,380.69,20
1325078100000,380.6,380.6,380.6,380.6,20
1325078460000,380.62,380.62,380.62,380.62,30
1325078580000,380.69,380.69,380.69,380.69,200
1325078940000,380.62,380.62,380.6,380.6,410
1325079000000,380.6,380.6,380.6,380.6,14890
1325079060000,380.64,380.64,380.6,380.6,2600
1325079180000,380.6,380.6,380.6,380.6,2770
1325079240000,380.6,380.6,380.6,380.6,16590
1325079300000,380.6,380.6,380.6,380.6,2000
1325079360000,380.6,380.6,380.6,380.6,3000
1325079660000,380.6,380.8,380.6,380.8,1900
1325079720000,380.6,380.83,380.6,380.83,190
1325079840000,380.83,380.83,380.83,380.83,10
1325079900000,380.55,380.55,380.02,380.52,3240
1325079960000,380.51,380.51,380.51,380.51,200
1325080020000,380.51,380.51,380.0,380.44,1610
1325080080000,380.41,380.41,380.32,380.32,1000
1325080140000,380.32,380.32,380.32,380.32,30
1325080200000,380.32,380.32,380.22,380.22,820
1325080380000,380.22,380.22,380.0,380.0,1920
1325080560000,379.99,379.99,379.83,379.83,1730
1325080680000,379.78,379.78,379.76,379.76,440
1325080800000,379.61,379.61,379.61,379.61,20
1325080860000,379.59,379.59,378.5,379.18,6310
1325080920000,379.18,379.18,378.72,378.72,850
1325080980000,379.32,379.32,379.12,379.12,230
1325081040000,379.11,379.11,379.03,379.03,1000
1325081160000,378.99,378.99,378.99,378.99,10
1325081340000,379.01,379.01,378.99,378.99,440
1325081460000,378.99,378.99,378.99,378.99,30
1325081700000,378.99,378.99,378.99,378.99,10
1325081760000,378.92,378.92,378.92,378.92,50
1325081820000,378.92,378.92,378.92,378.92,30
1325082000000,378.77,378.79,378.77,378.79,260
1325082060000,378.58,378.93,378.11,378.37,3250
1325082120000,378.34,378.34,377.99,377.99,1030
1325082180000,378.27,378.27,378.06,378.06,2000
1325082420000,378.3,378.3,378.3,378.3,10
1325082480000,378.06,378.06,378.04,378.04,80
1325082600000,378.31,379.5,378.0,378.0,4500
1325082660000,378.27,378.27,377.12,377.12,5150
1325082720000,377.92,377.92,377.92,377.92,40
1325082780000,377.92,378.57,376.01,377.35,15910
1325082840000,377.34,377.65,376.02,377.23,11860
1325082900000,376.97,376.97,375.1,376.67,6210
1325082960000,376.67,376.89,376.65,376.89,440
1325083020000,376.67,376.67,375.93,375.93,480
1325083080000,376.58,376.84,376.57,376.6,360
1325083140000,376.62,377.21,375.65,376.84,1350
1325083200000,376.84,376.91,376.84,376.91,380
1325083260000,376.88,376.94,376.62,376.7,840
1325083320000,376.69,376.69,376.67,376.67,330
1325083380000,376.92,376.92,376.92,376.92,290
1325083440000,376.92,376.94,376.85,376.85,670
1325138400000,375.98,376.98,375.98,376.98,460
1325138520000,377.7,378.9,377.7,378.9,9440
1325138580000,378.9,381.98,378.9,381.98,5230
1325138640000,381.98,382.0,381.48,381.5,5480
1325138700000,378.75,381.45,378.73,380.0,540
1325138880000,379.95,379.95,377.77,378.11,11270
1325138940000,378.17,378.34,378.17,378.34,1550
1325139000000,378.37,378.38,378.37,378.38,190
1325139060000,378.45,378.45,378.45,378.45,20
1325139120000,378.46,378.87,378.46,378.87,4060
1325139180000,378.87,378.92,378.87,378.92,600
1325139240000,378.94,378.94,378.94,378.94,50
1325139300000,379.21,379.21,379.21,379.21,600
1325139360000,379.21,379.21,378.74,378.74,7920
1325139480000,378.74,378.76,378.74,378.74,320
1325139600000,378.98,379.0,378.98,379.0,840
1325139660000,378.98,379.17,378.98,379.14,1870
1325139720000,379.44,380.0,379.44,380.0,6190
1325139780000,379.99,379.99,379.99,379.99,100
1325139840000,379.96,380.0,379.96,380.0,1170
1325139900000,380.0,380.0,380.0,380.0,5000
1325139960000,380.0,380.0,380.0,380.0,650
1325140020000,380.0,380.0,379.76,379.76,1470
1325140080000,379.76,379.76,379.71,379.71,600
1325140140000,379.67,379.67,379.67,379.67,100
1325140200000,379.66,379.66,379.54,379.54,1090
1325140260000,379.54,379.54,379.2,379.2,530
1325140320000,379.45,379.45,379.45,379.45,540
1325140380000,379.45,379.45,379.44,379.44,840
1325140440000,379.35,379.91,379.35,379.91,3220
1325140500000,379.78,379.78,379.78,379.78,50
1325140560000,379.94,379.94,379.94,379.94,40
1325140620000,379.78,379.78,379.78,379.78,100
1325140680000,379.93,379.98,379.93,379.98,530
1325140740000,379.99,380.28,379.99,380.28,6030
1325140800000,380.29,380.4,380.29,380.4,2170
1325140860000,380.4,380.4,380.12,380.34,4970
1325140920000,380.08,380.08,380.08,380.08,10
1325140980000,380.09,380.09,380.07,380.07,170
1325141040000,380.32,380.33,380.32,380.33,2080
1325141160000,380.11,380.11,380.06,380.06,4070
1325141220000,380.06,380.06,380.06,380.06,210
1325141280000,380.03,380.03,380.03,380.03,200
1325141340000,380.03,380.03,380.0,380.0,310
1325141400000,380.08,380.08,380.08,380.08,10
1325141460000,379.97,380.11,379.97,380.11,3010
1325141520000,379.97,379.97,379.97,379.97,50
1325141580000,380.2,380.2,379.96,379.96,1880
1325141700000,380.0,380.0,380.0,380.0,1800
1325141760000,380.19,380.2,380.19,380.2,450
1325141820000,380.0,380.0,380.0,380.0,700
1325141940000,380.0,380.0,380.0,380.0,500
1325142000000,380.0,380.2,380.0,380.2,3080
1325142060000,380.2,380.34,380.2,380.34,13970
1325142120000,380.25,380.25,380.25,380.25,1990
1325142180000,380.25,380.25,380.0,380.0,9860
1325142300000,380.05,380.05,380.03,380.03,650
1325142360000,380.2,380.2,380.2,380.2,200
1325142420000,380.08,380.08,380.08,380.08,500
1325142480000,380.2,380.34,380.2,380.34,5740
1325142540000,380.2,380.2,380.2,380.2,360
1325142600000,380.34,380.34,380.34,380.34,50
1325142660000,380.34,380.67,380.34,380.67,7880
1325142720000,380.5,380.68,380.5,380.68,4100
1325142780000,380.64,380.64,380.64,380.64,10
1325142840000,380.65,380.65,380.5,380.5,320
1325142900000,380.5,380.5,380.5,380.5,190
1325143020000,380.65,380.65,380.5,380.52,4540
1325143140000,380.6,380.6,380.6,380.6,150
1325143200000,380.52,380.52,380.5,380.5,3500
1325143380000,380.5,380.5,380.5,380.5,120
1325143440000,380.5,380.5,380.5,380.5,300
1325143800000,380.5,380.5,380.5,380.5,80
1325143860000,380.5,380.5,380.5,380.5,50
1325143980000,380.5,380.5,380.5,380.5,10
1325144040000,380.5,380.5,380.5,380.5,140
1325144100000,380.5,380.5,380.5,380.5,70
1325144160000,380.5,380.5,380.5,380.5,6060
1325144220000,380.59,380.64,380.5,380.5,2280
1325144280000,380.5,380.5,380.5,380.5,400
1325144340000,380.5,380.65,380.5,380.65,180
1325144400000,380.65,380.65,380.5,380.5,550
1325144520000,380.65,380.65,380.65,380.65,90
1325144640000,380.5,380.5,380.5,380.5,510
1325144760000,380.5,380.5,380.5,380.5,130
1325144820000,380.5,380.65,380.5,380.65,2360
1325145000000,380.5,380.65,380.5,380.65,200
1325145060000,380.5,380.5,380.5,380.5,150
1325145120000,380.5,380.5,380.5,380.5,160
1325145180000,380.5,380.5,380.5,380.5,100
1325145240000,380.5,380.5,380.5,380.5,230
1325145420000,380.64,380.65,380.5,380.5,430
1325145540000,380.5,381.0,380.5,381.0,1950
1325145780000,380.55,380.55,380.55,380.55,100
1325146140000,380.51,380.51,380.5,380.5,900
1325146200000,380.5,380.5,380.5,380.5,100
1325146320000,380.6,380.6,380.5,380.5,14090
1325146380000,380.6,380.6,380.6,380.6,180
1325146440000,380.5,380.5,380.5,380.5,370
1325146500000,380.5,380.5,380.5,380.5,50
1325146560000,380.5,380.71,380.5,380.65,3200
1325146620000,380.5,380.5,380.5,380.5,1070
1325146680000,380.5,380.61,380.5,380.61,2070
1325146740000,380.5,380.5,380.5,380.5,3380
1325146800000,380.62,380.94,380.5,380.5,4660
1325146860000,380.5,380.98,380.5,380.5,3450
1325146920000,380.5,380.5,380.5,380.5,2310
1325146980000,380.5,380.66,380.39,380.66,6130
1325147040000,380.31,380.31,380.31,380.31,10
1325147100000,380.29,380.29,380.0,380.0,3180
1325147160000,380.0,380.0,380.0,380.0,500
1325147220000,380.0,380.44,380.0,380.0,1410
1325147280000,380.0,380.0,380.0,380.0,90
1325147340000,380.16,380.16,380.0,380.0,210
1325147400000,380.0,380.0,380.0,380.0,720
1325147460000,380.0,380.0,380.0,380.0,580
1325147520000,380.0,380.0,380.0,380.0,920
1325147580000,380.0,380.0,380.0,380.0,30000
1325147640000,379.92,379.92,379.9,379.9,220
1325147700000,379.83,379.83,379.45,379.78,610
1325147760000,379.65,379.65,379.65,379.65,360
1325147820000,379.58,379.86,379.58,379.86,190
1325147880000,379.86,380.0,379.85,379.89,1620
1325147940000,379.65,379.65,378.91,379.59,4120
1325148000000,379.59,379.59,379.59,379.59,30
1325148060000,379.59,379.59,379.59,379.59,20
1325148180000,379.59,379.8,379.59,379.8,3200
1325148360000,379.59,379.81,379.57,379.78,1520
1325148600000,379.53,379.53,379.51,379.51,210
1325148660000,379.5,379.55,379.39,379.39,2500
1325148720000,379.34,379.34,379.3,379.3,260
1325148840000,379.34,379.34,379.25,379.27,660
1325148960000,379.5,379.5,379.5,379.5,10
1325149080000,379.27,379.27,379.27,379.27,180
1325149140000,379.25,379.25,379.25,379.25,450
1325149200000,379.25,379.25,378.91,378.91,2700
1325149260000,379.12,379.35,378.9,379.35,580
1325149320000,379.09,379.09,379.09,379.09,270
1325149440000,379.06,379.06,379.0,379.0,600
1325149500000,379.0,379.0,379.0,379.0,10
1325149560000,378.99,378.99,378.88,378.88,3160
1325149620000,378.93,379.0,378.93,379.0,100
1325149680000,378.83,378.83,378.83,378.83,100
1325149740000,378.82,378.82,378.51,378.77,330
1325149800000,379.0,379.18,379.0,379.18,1950
1325149860000,379.2,379.2,378.97,378.97,1370
1325149920000,379.2,379.21,378.95,378.95,590
1325149980000,379.21,379.25,379.2,379.22,1520
1325150040000,379.25,379.25,379.25,379.25,150
1325150100000,379.25,379.25,379.25,379.25,90
1325150160000,379.25,379.25,379.25,379.25,40
1325150220000,379.25,379.25,379.25,379.25,10
1325150460000,378.97,378.98,378.5,378.63,3500
1325150580000,378.84,379.57,378.84,379.57,6720
1325150640000,379.04,379.04,378.99,378.99,800
1325150700000,379.0,379.42,379.0,379.42,3950
1325150760000,378.97,378.97,378.95,378.95,600
1325150820000,378.91,378.91,378.9,378.9,800
1325150880000,379.0,379.0,379.0,379.0,580
1325150940000,378.85,378.85,378.79,378.79,1000
1325151120000,378.75,378.75,378.69,378.69,1050
1325151180000,378.63,378.63,378.6,378.6,280
1325151240000,378.59,378.64,378.57,378.64,3140
1325151300000,378.56,378.64,378.23,378.41,1980
1325151360000,378.38,378.38,378.37,378.37,270
1325151420000,378.34,378.34,378.31,378.31,260
1325151540000,378.31,378.31,378.31,378.31,10
1325151660000,378.58,378.58,378.58,378.58,10
1325151840000,378.5,378.5,378.5,378.5,240
1325152080000,378.4,378.66,378.4,378.66,4750
1325152140000,378.6,379.0,378.6,378.71,10310
1325152200000,378.51,378.51,378.51,378.51,10
1325152320000,378.51,378.51,378.51,378.51,20
1325152380000,378.51,378.51,378.5,378.5,3160
1325152440000,378.6,378.6,378.6,378.6,180
1325152620000,378.6,378.71,378.6,378.71,110
1325152800000,378.99,379.3,378.99,379.3,7750
1325152860000,379.3,379.3,379.3,379.3,100
1325152920000,379.01,379.01,379.0,379.0,42380
1325152980000,378.73,378.89,378.73,378.89,1410
1325153040000,378.63,378.63,378.63,378.63,200
1325153160000,378.6,378.6,378.51,378.51,1530
1325153220000,378.5,378.5,378.5,378.5,510
1325153280000,378.5,378.5,378.5,378.5,19100
1325153340000,378.5,378.5,378.5,378.5,870
1325153520000,378.7,378.72,378.7,378.72,210
1325153580000,378.73,378.97,378.5,378.78,2060
1325153640000,378.79,378.79,378.5,378.5,23500
1325153700000,378.5,378.5,377.72,377.72,13180
1325153820000,377.62,377.62,377.61,377.62,4720
1325153880000,377.62,377.85,377.52,377.52,2020
1325153940000,377.5,377.5,377.45,377.45,1000
1325154000000,377.69,377.85,377.69,377.71,260
1325154060000,377.71,377.76,377.71,377.76,780
1325154120000,377.78,377.96,377.78,377.96,1270
1325154180000,377.96,378.0,377.96,377.96,1560
1325154240000,377.96,378.0,377.96,378.0,2370
1325154300000,378.0,378.18,378.0,378.18,11990
1325154360000,378.21,378.23,378.21,378.23,1570
1325154480000,378.24,378.24,378.24,378.24,200
1325154540000,378.27,378.3,378.27,378.29,3170
1325154660000,378.3,378.34,378.3,378.34,3090
1325154720000,378.36,378.36,378.0,378.0,3590
1325154780000,378.0,378.0,377.84,377.84,9990
1325154840000,378.0,378.08,378.0,378.08,2150
1325155020000,378.08,378.08,378.08,378.08,1260
1325155080000,378.08,378.08,378.08,378.08,3220
1325155140000,378.17,378.19,378.17,378.19,600
1325155200000,378.24,378.28,377.94,377.94,4650
1325155260000,377.94,378.08,377.94,378.08,1830
1325155440000,377.93,378.08,377.79,377.79,6600
1325155500000,377.72,377.72,377.23,377.52,3870
1325155560000,377.5,377.5,377.46,377.46,270
1325155620000,377.45,377.45,377.45,377.45,200
1325155680000,377.42,377.42,377.42,377.42,170
1325155740000,377.42,377.42,377.2,377.34,1210
1325155800000,377.35,377.35,377.35,377.35,10
1325155860000,377.34,377.34,377.34,377.34,10
1325155920000,377.34,377.34,377.32,377.32,200
1325155980000,377.57,377.74,377.57,377.74,1860
1325156040000,377.76,377.77,377.76,377.77,300
1325156100000,377.54,377.54,377.38,377.38,1400
1325156160000,377.41,377.41,377.37,377.37,30
1325156340000,377.62,377.9,377.61,377.9,2950
1325156400000,377.93,378.02,377.78,377.78,1270
1325156460000,377.75,377.75,377.73,377.73,1830
1325156520000,377.73,377.73,377.73,377.73,30
1325156760000,377.74,377.92,377.68,377.92,2020
1325156940000,377.91,377.91,377.91,377.91,20
1325157060000,377.92,377.98,377.92,377.98,900
1325157120000,377.98,378.09,377.98,378.09,1710
1325157180000,378.0,378.13,378.0,378.13,280
1325157300000,377.88,377.88,377.88,377.88,400
1325157420000,377.83,377.83,377.33,377.33,5500
1325157480000,377.56,377.56,377.24,377.24,1000
1325157540000,377.23,377.47,377.12,377.47,1820
1325157600000,377.47,378.0,377.47,377.72,3030
1325157720000,377.6,377.6,377.09,377.09,850
1325157780000,377.69,377.69,377.69,377.69,90
1325157840000,377.7,377.71,377.7,377.71,180
1325157900000,377.45,377.45,377.27,377.28,2690
1325158080000,377.22,377.22,377.22,377.22,180
1325158140000,377.48,377.54,377.47,377.54,1460
1325158200000,377.56,377.69,377.56,377.69,1360
1325158260000,377.56,377.56,377.45,377.45,180
1325158740000,377.45,377.45,377.45,377.45,220
1325159400000,377.42,377.42,377.42,377.42,80
1325159520000,377.38,377.38,377.34,377.34,410
1325159580000,377.32,377.32,377.11,377.11,1280
1325159700000,377.27,377.27,377.13,377.13,1600
1325159760000,377.11,377.11,377.11,377.11,680
1325159820000,377.1,377.1,377.01,377.01,4700
1325159880000,377.01,377.01,376.82,376.83,2690
1325159940000,376.82,377.06,376.79,377.06,490
1325160000000,376.79,376.79,376.11,376.23,7370
1325160060000,376.16,376.34,375.97,376.1,5440
1325160120000,376.12,376.12,376.08,376.08,550
1325160180000,376.3,376.3,376.01,376.01,410
1325160240000,375.99,376.3,375.99,376.04,1000
1325160300000,376.04,376.04,375.8,376.02,340
1325160420000,376.28,376.28,376.28,376.28,90
1325160480000,376.27,376.72,376.27,376.65,5250
1325160780000,376.46,376.46,376.46,376.46,100
1325160840000,376.38,376.38,376.38,376.38,10
1325160900000,376.46,376.46,376.46,376.46,220
1325160960000,376.51,376.63,376.51,376.63,210
1325161020000,376.75,376.75,376.49,376.74,310
1325161080000,376.72,376.72,376.72,376.72,200
1325161200000,376.74,376.79,376.74,376.79,630
1325161260000,376.88,377.02,376.86,377.02,610
1325161380000,377.02,377.02,376.86,377.02,160
1325161560000,376.81,376.81,376.77,376.77,240
1325161620000,376.81,377.1,376.81,377.1,850
1325161680000,377.12,377.68,377.1,377.68,4540
1325161740000,377.69,377.69,377.69,377.69,240
1325161800000,377.81,377.84,377.7,377.84,1050
1325161860000,377.84,377.84,377.63,377.63,1320
1325161920000,377.63,377.63,377.63,377.63,2000
1325161980000,377.81,377.94,377.21,377.64,3740
1325162040000,377.59,377.75,377.22,377.75,830
1325162100000,377.51,377.51,377.47,377.5,680
1325162220000,377.69,377.69,377.69,377.69,30
1325162280000,377.5,377.5,377.5,377.5,50
1325162400000,377.72,377.72,377.72,377.72,50
1325162580000,377.7,377.7,377.7,377.7,10
1325162640000,377.5,377.5,377.45,377.45,650
1325162880000,377.45,377.45,376.03,377.01,2910
1325163000000,377.33,377.33,376.96,377.24,690
1325163060000,377.24,377.24,376.89,376.89,360
1325163120000,377.21,377.41,376.85,377.41,4490
1325163180000,377.41,377.41,377.41,377.41,20
1325163240000,377.3,377.3,377.06,377.06,3070
1325163300000,377.0,377.71,377.0,377.35,2360
1325163480000,377.15,377.15,377.15,377.15,90
1325163540000,377.15,377.65,377.15,377.65,270
1325163600000,377.33,377.37,377.11,377.11,890
1325163660000,377.1,377.1,376.65,376.65,2860
1325163720000,376.93,377.12,376.55,377.12,1400
1325163780000,377.11,377.58,377.11,377.17,880
1325163840000,376.93,377.2,376.93,377.16,670
1325163900000,377.23,377.23,377.23,377.23,150
1325163960000,377.24,377.71,377.24,377.24,1080
1325164020000,377.3,377.3,377.06,377.06,380
1325164080000,377.32,377.71,377.31,377.36,1390
1325164140000,377.36,377.71,377.33,377.33,1060
1325164200000,377.33,377.33,377.33,377.33,10
1325164260000,377.2,377.2,377.2,377.2,100
1325164380000,377.07,377.07,377.07,377.07,90
1325164440000,377.06,377.06,376.9,376.95,3210
1325164560000,376.95,376.95,376.95,376.95,40
1325164620000,376.95,376.95,376.95,376.95,10
1325164680000,377.17,377.17,377.17,377.17,20
1325164860000,376.9,376.9,376.63,376.63,810
1325165040000,376.63,376.8,376.63,376.8,350
1325165160000,376.81,376.81,376.79,376.79,210
1325165220000,376.6,376.6,376.55,376.55,900
1325165280000,376.55,376.55,376.55,376.55,300
1325165340000,376.74,376.74,376.74,376.74,120
1325165400000,376.75,377.72,376.75,377.72,3500
1325165520000,376.54,376.54,376.51,376.51,560
1325165700000,376.59,376.61,376.37,376.37,660
1325165820000,376.61,376.63,376.61,376.63,600
1325165880000,376.69,376.83,376.69,376.83,1980
1325165940000,376.85,376.85,376.85,376.85,90
1325166240000,376.86,376.86,376.86,376.86,90
1325166420000,376.56,376.56,376.56,376.56,320
1325166540000,376.56,376.56,376.56,376.56,200
1325166600000,376.56,376.56,376.56,376.56,240
1325166660000,376.69,376.69,376.69,376.69,200
1325166780000,376.56,376.69,376.56,376.69,13090
1325166840000,376.69,376.69,376.69,376.69,1900
1325166960000,376.69,376.69,376.69,376.69,100
1325167020000,376.69,376.69,376.56,376.69,910
1325167080000,376.69,376.9,376.69,376.9,36780
1325167140000,376.92,377.08,376.85,376.85,2040
1325167200000,377.08,377.45,376.89,377.16,820
1325167260000,377.17,377.49,377.17,377.22,600
1325167320000,377.22,377.67,376.95,377.64,12780
1325167380000,377.67,378.4,377.64,377.84,8690
1325167440000,377.84,378.5,377.84,378.5,14110
1325167500000,378.5,378.66,378.5,378.5,1460
1325167560000,378.59,378.6,378.59,378.6,200
1325167620000,378.6,378.83,378.6,378.83,8870
1325167680000,378.71,378.84,378.71,378.71,3590
1325167740000,378.71,378.71,378.71,378.71,2090
1325167800000,378.71,378.85,378.59,378.85,1690
1325167860000,378.6,378.6,378.59,378.59,1000
1325167980000,378.86,378.86,378.86,378.86,20
1325168040000,378.85,378.86,378.85,378.86,30
1325168100000,378.86,378.86,378.6,378.6,80
1325168160000,378.59,378.6,378.56,378.56,3610
1325168220000,378.53,378.53,378.16,378.16,490
1325168280000,378.49,378.49,378.4,378.4,880
1325168340000,378.42,379.0,378.42,378.9,30250
1325168400000,378.9,378.9,378.7,378.7,320
1325168460000,378.73,378.89,378.73,378.89,7620
1325168520000,378.89,378.89,378.67,378.67,5860
1325168580000,378.89,378.89,378.64,378.64,690
1325168640000,378.65,378.65,378.6,378.6,1940
1325168700000,378.57,378.65,378.22,378.65,1040
1325168760000,378.52,378.65,378.43,378.65,950
1325168820000,378.65,378.65,378.65,378.65,60
1325168880000,378.65,378.89,378.65,378.89,500
1325168940000,378.5,378.5,378.5,378.5,4510
1325169000000,378.5,378.5,378.44,378.44,320
1325169060000,378.5,379.0,378.5,379.0,35050
1325169120000,378.47,378.47,377.97,377.97,900
1325169180000,378.39,379.0,378.27,379.0,1770
1325169240000,378.54,378.59,378.29,378.59,690
1325169300000,378.63,379.0,378.4,378.75,5560
1325169360000,378.77,378.86,378.25,378.25,1360
1325169480000,378.86,379.0,378.61,378.61,450
1325169540000,378.85,378.85,378.85,378.85,90
1325169600000,378.85,378.85,378.85,378.85,120
1325169660000,378.61,378.61,378.51,378.51,1030
1325169720000,378.51,378.85,378.51,378.85,4770
1325169780000,378.85,378.85,378.85,378.85,110
1325169840000,378.85,378.85,378.85,378.85,110
1325224800000,380.74,380.74,378.47,378.67,2630
1325224860000,378.69,380.98,378.64,379.32,7840
1325224920000,379.36,380.03,379.36,380.0,5160
1325224980000,379.64,380.0,379.64,379.7,1720
1325225040000,379.67,380.0,379.6,380.0,4680
1325225100000,379.76,379.76,379.58,379.58,1750
1325225160000,379.56,379.56,379.53,379.53,310
1325225220000,379.53,379.53,379.19,379.5,1050
1325225400000,379.5,379.5,379.4,379.4,810
1325225460000,379.4,379.4,379.4,379.4,60
1325225580000,379.38,379.38,379.38,379.38,10
1325225640000,379.4,380.0,379.4,379.67,7200
1325225700000,379.72,380.0,379.72,380.0,2740
1325225760000,379.96,380.08,379.96,380.08,1450
1325225820000,380.0,380.0,380.0,380.0,700
1325225880000,380.3,380.99,380.18,380.99,1080
1325225940000,380.99,381.45,380.08,381.45,560
1325226000000,381.45,383.0,381.45,383.0,5010
1325226060000,382.79,383.3,382.7,383.3,4650
1325226120000,383.45,383.45,383.45,383.45,10
1325226180000,383.37,383.91,383.37,383.91,200
1325226240000,383.24,383.43,383.1,383.43,2110
1325226360000,383.4,383.4,383.4,383.4,50
1325226420000,383.4,383.4,383.4,383.4,370
1325226480000,383.4,383.4,383.4,383.4,190
1325226540000,383.0,383.0,383.0,383.0,320
1325226600000,383.33,383.33,383.0,383.0,300
1325226660000,383.0,383.23,382.7,383.23,1570
1325226720000,383.2,383.23,383.2,383.23,220
1325226780000,383.23,383.24,383.23,383.24,970
1325226840000,383.22,383.25,383.22,383.25,3930
1325226900000,383.25,383.25,383.25,383.25,510
1325226960000,382.72,383.25,382.72,383.25,1310
1325227080000,382.8,383.25,382.8,383.25,810
1325227200000,383.2,383.22,383.2,383.22,1220
1325227260000,383.22,383.22,383.22,383.22,790
1325227320000,383.22,383.22,383.22,383.22,190
1325227440000,383.0,383.36,382.73,383.35,740
1325227560000,383.35,383.38,383.35,383.38,170
1325227620000,383.38,383.45,383.38,383.45,220
1325227680000,383.45,383.45,383.45,383.45,450
1325227740000,382.76,382.76,382.76,382.76,100
1325227860000,382.99,383.0,382.99,383.0,1000
1325227920000,383.0,383.0,382.98,382.98,20
1325227980000,383.0,383.0,383.0,383.0,430
1325228040000,383.0,383.0,382.7,382.7,1090
1325228160000,382.71,382.71,382.71,382.71,100
1325228400000,382.94,383.44,382.94,383.44,2690
1325228460000,383.44,383.44,380.48,380.91,7490
1325228520000,380.93,381.2,380.93,381.03,1020
1325228580000,381.03,381.8,381.03,381.67,6490
1325228700000,381.7,381.99,381.52,381.52,1200
1325228880000,381.52,381.52,381.47,381.47,420
1325229000000,381.72,381.72,381.72,381.72,10
1325229060000,381.47,381.47,381.4,381.4,820
1325229120000,381.36,381.36,381.34,381.34,320
1325229180000,381.4,381.59,381.33,381.33,170
1325229300000,381.33,381.33,380.5,380.5,1500
1325229360000,381.31,381.31,381.31,381.31,200
1325229420000,381.34,381.34,381.34,381.34,100
1325229480000,381.53,381.53,381.53,381.53,130
1325229600000,381.53,381.88,381.53,381.57,580
1325229720000,381.6,381.6,381.6,381.6,90
1325229840000,381.6,381.61,381.6,381.61,210
1325230080000,381.37,381.37,381.37,381.37,220
1325230200000,381.61,381.61,381.61,381.61,100
1325230620000,381.34,381.34,381.34,381.34,30
1325230800000,381.35,381.35,381.35,381.35,200
1325230860000,381.34,381.34,381.34,381.34,90
1325230920000,381.34,381.34,381.0,381.0,800
1325231040000,381.23,381.23,380.86,380.86,370
1325231220000,381.2,381.2,380.61,380.61,1700
1325231340000,381.11,381.11,381.09,381.09,400
1325231400000,381.06,381.33,381.05,381.05,800
1325231460000,381.04,381.04,381.04,381.04,200
1325231520000,381.28,381.3,381.28,381.3,300
1325231700000,381.04,381.04,381.04,381.04,90
1325231760000,381.04,381.04,380.54,380.54,720
1325231820000,380.98,380.98,380.98,380.98,200
1325231880000,381.22,381.23,381.22,381.23,180
1325232000000,381.22,381.58,381.22,381.25,360
1325232120000,380.98,380.98,380.68,380.68,2800
1325232180000,380.66,380.66,380.55,380.56,3320
1325232300000,380.68,380.87,380.68,380.87,2200
1325232420000,380.96,381.0,380.7,380.7,710
1325232480000,380.67,380.7,380.59,380.59,2440
1325232660000,380.59,380.59,380.59,380.59,280
1325232720000,380.59,380.73,380.57,380.57,530
1325232840000,380.56,380.56,380.56,380.56,70
1325232900000,380.56,380.56,380.56,380.56,120
1325232960000,380.6,380.78,380.6,380.78,2370
1325233020000,380.78,381.18,380.78,381.18,640
1325233080000,380.82,380.82,380.82,380.82,100
1325233200000,380.58,380.59,380.53,380.53,1170
1325233260000,380.53,380.53,379.96,380.4,2820
1325233320000,380.65,381.14,380.02,380.27,2180
1325233380000,380.4,380.81,380.4,380.81,530
1325233500000,380.43,381.89,380.43,380.46,2050
1325233560000,380.39,380.39,380.0,380.05,660
1325233620000,380.07,380.09,380.07,380.09,1020
1325233740000,379.93,379.93,379.88,379.88,310
1325233800000,379.88,379.88,379.46,379.46,1560
1325233860000,379.43,379.65,379.11,379.65,610
1325233980000,379.67,381.9,379.67,380.15,6220
1325234040000,380.11,380.44,379.84,380.44,8070
1325234100000,380.47,380.98,380.26,380.68,5620
1325234160000,380.93,380.97,380.93,380.97,90
1325234220000,380.97,381.16,380.97,381.16,2090
1325234280000,380.94,380.95,380.71,380.72,2000
1325234520000,380.95,381.3,380.95,381.3,1000
1325234580000,381.04,381.52,381.04,381.52,4930
1325234640000,381.55,381.82,381.55,381.61,790
1325234700000,381.61,381.79,381.61,381.79,1600
1325234760000,381.55,381.55,381.55,381.55,90
1325234820000,381.82,381.85,381.82,381.85,710
1325234880000,381.87,381.9,381.65,381.89,1230
1325234940000,381.87,381.97,381.87,381.94,1360
1325235000000,381.98,382.07,381.94,381.94,6670
1325235060000,381.94,381.94,381.94,381.94,230
1325235120000,381.91,382.1,381.68,381.92,2940
1325235180000,381.92,382.0,381.59,382.0,2250
1325235240000,382.0,382.0,381.64,381.94,1300
1325235300000,381.94,381.99,381.49,381.99,1560
1325235360000,381.99,382.37,381.99,382.09,3590
1325235420000,382.37,383.5,382.35,382.71,16360
1325235480000,382.97,384.98,382.96,383.58,47870
1325235540000,383.66,384.93,383.66,384.93,1060
1325235600000,383.91,384.91,383.48,383.48,4110
1325235660000,383.48,385.55,383.48,385.06,38600
1325235720000,385.06,385.88,385.06,385.25,2780
1325235780000,385.09,385.22,385.01,385.01,2060
1325235840000,385.01,385.24,385.01,385.24,120
1325235960000,385.01,385.84,385.01,385.28,1300
1325236020000,385.06,385.88,385.01,385.75,5180
1325236080000,385.79,385.8,385.75,385.8,110
1325236140000,385.8,385.8,385.69,385.69,360
1325236200000,385.53,385.78,385.3,385.4,8630
1325236260000,385.65,385.65,385.3,385.3,8900
1325236320000,385.4,385.52,385.4,385.52,130
1325236380000,385.52,385.52,385.52,385.52,100
1325236440000,385.3,385.53,385.3,385.53,80
1325236500000,385.52,385.53,385.31,385.31,490
1325236560000,385.31,385.31,385.3,385.3,3010
1325236620000,385.4,385.4,385.4,385.4,10
1325236680000,385.4,385.4,385.3,385.3,230
1325236740000,385.3,385.3,385.3,385.3,10
1325236800000,385.3,385.3,385.3,385.3,9150
1325236860000,385.3,385.3,385.3,385.3,23170
1325236920000,385.3,385.31,385.04,385.04,5870
1325236980000,385.04,385.19,385.0,385.19,3250
1325237040000,385.04,385.04,385.04,385.04,20
1325237100000,385.0,385.0,385.0,385.0,200
1325237160000,385.0,385.3,385.0,385.07,16380
1325237220000,385.06,385.06,385.05,385.05,120
1325237280000,385.05,385.27,384.94,384.94,780
1325237400000,384.92,384.92,384.54,384.72,2010
1325237460000,384.72,384.72,384.7,384.7,700
1325237580000,384.66,384.66,384.66,384.66,200
1325237640000,384.6,384.6,384.51,384.51,660
1325237700000,384.43,384.43,384.4,384.4,300
1325237760000,384.38,384.4,384.31,384.4,1260
1325237820000,384.54,384.86,384.09,384.09,5470
1325237880000,384.37,384.9,384.12,384.12,3790
1325237940000,384.39,384.74,384.15,384.45,1380
1325238000000,384.48,384.9,384.48,384.9,900
1325238060000,384.54,384.59,384.54,384.59,530
1325238120000,384.32,384.32,384.1,384.1,440
1325238180000,384.31,384.31,384.08,384.08,2000
1325238240000,384.08,384.08,384.08,384.08,30
1325238660000,384.08,384.08,383.77,383.77,680
1325238780000,384.03,384.03,383.73,383.73,3820
1325238900000,383.87,383.87,383.87,383.87,50
1325239020000,383.86,384.11,383.86,384.11,230
1325239080000,384.01,384.01,384.01,384.01,150
1325239140000,383.86,383.86,383.7,383.7,340
1325239500000,383.86,384.48,383.7,384.48,1550
1325239560000,383.86,383.88,383.57,383.77,1510
1325239620000,383.75,383.75,383.0,383.41,7170
1325239680000,383.38,383.38,383.0,383.0,2080
1325239800000,383.34,383.34,383.0,383.31,1200
1325239860000,383.27,383.27,383.18,383.18,1200
1325239920000,383.14,383.14,383.07,383.07,1010
1325239980000,383.29,383.29,383.29,383.29,40
1325240040000,383.29,383.31,383.01,383.01,1460
1325240100000,383.15,383.15,382.91,382.91,1000
1325240460000,383.19,383.24,383.19,383.24,1360
1325240880000,383.07,383.07,383.0,383.0,650
1325240940000,382.99,382.99,382.97,382.97,260
1325241000000,383.0,383.0,382.97,382.97,20
1325241060000,383.0,383.0,383.0,383.0,410
1325241120000,383.0,383.0,383.0,383.0,260
1325241300000,383.0,383.31,383.0,383.31,1870
1325241540000,383.3,383.35,383.3,383.35,1040
1325241600000,383.35,383.35,383.35,383.35,180
1325241660000,383.2,383.23,383.16,383.16,1310
1325241720000,383.35,383.52,382.84,383.52,2720
1325241780000,383.52,383.52,383.52,383.52,940
1325241840000,383.52,383.92,383.36,383.83,5170
1325241900000,383.97,384.11,383.97,384.11,1210
1325241960000,384.37,384.49,384.36,384.49,700
1325242020000,384.49,384.89,384.49,384.89,4490
1325242080000,384.9,385.0,384.88,385.0,1200
1325242140000,385.0,385.0,385.0,385.0,180
1325242200000,385.0,385.0,385.0,385.0,70
1325242260000,385.24,385.4,385.24,385.36,4310
1325242320000,385.39,385.4,385.39,385.4,1240
1325242380000,385.5,386.33,385.5,386.33,9230
1325242440000,386.25,386.38,385.96,385.96,2580
1325242500000,385.96,385.96,385.53,385.81,980
1325242560000,385.8,386.0,385.8,385.82,480
1325242620000,385.82,386.07,385.77,385.77,550
1325242680000,385.77,385.77,385.55,385.74,510
1325242740000,385.99,386.11,385.99,386.11,3350
1325242800000,386.01,386.01,386.01,386.01,600
1325242860000,386.01,386.01,386.01,386.01,3110
1325242920000,386.01,386.01,386.01,386.01,180
1325242980000,386.13,386.26,386.13,386.13,4220
1325243040000,386.13,386.13,386.13,386.13,1580
1325243100000,386.13,386.13,386.13,386.13,30
1325243220000,386.3,386.3,386.13,386.13,920
1325243340000,386.13,386.13,386.03,386.03,260
1325243400000,386.29,386.29,386.29,386.29,450
1325243520000,386.03,386.03,386.03,386.03,50
1325243580000,386.03,386.03,386.03,386.03,200
1325243640000,386.0,386.0,385.93,385.93,470
1325243700000,386.0,386.08,385.98,386.08,1240
1325243760000,385.98,385.98,385.98,385.98,720
1325243820000,385.98,386.06,385.81,385.81,3850
1325243880000,385.77,385.77,385.74,385.74,400
1325244000000,385.76,385.98,385.76,385.97,2260
1325244060000,385.97,386.5,385.97,386.5,17380
1325244120000,385.95,385.95,385.82,385.82,1880
1325244180000,385.77,385.77,385.75,385.75,600
1325244240000,385.71,385.71,385.29,385.43,3500
1325244480000,385.46,385.46,385.36,385.36,910
1325244540000,385.35,385.35,385.07,385.07,3120
1325244600000,385.07,385.07,384.7,384.7,3360
1325244660000,384.68,384.92,384.65,384.92,640
1325244720000,384.94,385.29,384.94,384.99,600
1325244780000,384.99,385.04,384.99,385.04,400
1325244840000,385.06,385.4,385.06,385.4,430
1325244900000,384.8,384.8,384.79,384.79,290
1325244960000,384.78,384.78,384.78,384.78,240
1325245140000,384.76,384.78,384.0,384.73,14430
1325245200000,384.75,384.75,384.75,384.75,30
1325245260000,384.48,384.66,384.4,384.66,600
1325245320000,384.41,384.41,384.37,384.37,1000
1325245380000,384.77,384.86,384.77,384.77,2540
1325245440000,384.77,384.77,384.4,384.4,4560
1325245500000,384.4,384.4,384.4,384.4,220
1325245560000,384.4,385.0,384.31,384.75,10510
1325245620000,384.75,385.01,384.64,385.0,5530
1325245680000,385.01,385.04,385.01,385.01,450
1325245740000,385.1,385.18,385.1,385.18,300
1325245920000,385.23,385.52,385.23,385.25,420
1325246040000,385.22,385.25,385.01,385.25,11010
1325246100000,385.2,385.2,385.2,385.2,20
1325246160000,385.3,385.3,385.3,385.3,200
1325246220000,385.3,385.3,385.2,385.3,5040
1325246280000,385.06,385.35,385.0,385.0,10020
1325246400000,385.2,385.5,385.2,385.5,7070
1325246460000,385.5,385.52,385.5,385.52,1130
1325246580000,385.52,385.52,385.52,385.52,780
1325246640000,385.52,385.52,385.52,385.52,600
1325246700000,385.52,385.52,385.52,385.52,1630
1325246760000,385.65,385.65,385.44,385.44,2600
1325246820000,385.67,386.02,385.67,385.88,1310
1325246880000,386.21,386.44,386.21,386.32,1520
1325246940000,386.32,386.32,386.15,386.15,4920
1325247000000,386.13,386.13,386.08,386.08,520
1325247120000,386.27,386.3,386.1,386.1,2540
1325247180000,386.07,386.3,386.07,386.3,2100
1325247240000,386.3,386.3,386.3,386.3,5580
1325247300000,386.3,386.5,386.3,386.5,2140
1325247360000,386.5,386.97,386.35,386.35,4890
1325247420000,386.7,387.54,386.34,387.54,10700
1325247480000,387.55,387.55,387.55,387.55,10
1325247540000,387.52,388.05,387.52,388.05,14400
1325247600000,388.05,388.11,388.05,388.11,550
1325247660000,388.1,388.3,388.1,388.3,2430
1325247720000,388.3,388.32,388.12,388.12,6390
1325247780000,388.14,388.38,387.7,388.38,26660
1325247840000,388.38,388.5,388.13,388.34,1720
1325247900000,388.33,388.5,388.28,388.5,1180
1325247960000,388.55,389.49,388.55,389.49,8670
1325248020000,388.98,389.49,388.81,388.81,1310
1325248080000,389.08,389.1,388.82,389.09,1490
1325248140000,389.09,389.3,388.91,389.3,16550
1325248200000,389.3,389.99,389.3,389.72,9570
1325248260000,389.75,390.02,389.7,390.02,31590
1325248320000,390.03,390.21,390.03,390.21,2480
1325248380000,390.21,390.22,390.21,390.21,1930
1325248440000,390.22,390.22,390.22,390.22,880
1325248500000,390.24,390.27,390.21,390.21,1620
1325248620000,390.21,390.21,390.21,390.21,100
1325248680000,390.21,390.21,390.21,390.21,70
1325248740000,390.21,390.27,390.21,390.27,940
1325248800000,390.48,390.83,390.48,390.76,2760
1325248860000,390.83,390.87,390.76,390.87,1250
1325248920000,390.91,391.45,390.91,391.45,1540
1325248980000,391.45,391.45,391.07,391.29,310
1325249040000,391.35,391.45,391.35,391.45,560
1325249100000,391.44,391.74,391.15,391.74,3320
1325249160000,391.62,391.8,391.62,391.8,100
1325249220000,391.8,391.89,391.8,391.89,520
1325249280000,391.89,392.11,391.88,392.11,5180
1325249340000,392.11,392.11,391.97,392.0,3200
1325249460000,392.0,392.11,391.95,392.11,5430
1325249520000,392.0,392.0,391.96,391.96,3470
1325249580000,391.93,392.07,391.5,391.68,8980
1325249640000,392.04,392.04,391.99,391.99,650
1325249700000,391.96,392.0,391.6,391.92,2970
1325249760000,392.0,392.23,391.71,392.23,2800
1325249820000,392.23,392.3,392.21,392.3,2290
1325249880000,392.3,392.3,392.23,392.23,1860
1325249940000,392.3,392.51,392.22,392.22,780
1325250000000,392.51,392.8,392.46,392.64,7710
1325250060000,392.66,392.8,392.64,392.8,1520
1325250120000,392.77,392.8,392.77,392.8,640
1325250180000,392.67,392.99,392.31,392.95,2590
1325250240000,392.89,392.89,392.89,392.89,3280
1325250360000,392.89,392.89,391.89,392.0,5620
1325250420000,392.0,392.0,391.95,391.95,1900
1325250480000,391.95,391.95,391.93,391.93,110
1325250540000,391.92,392.06,391.91,391.98,970
1325250600000,391.98,392.17,391.98,392.17,1210
1325250660000,392.17,392.17,392.17,392.17,2960
1325250720000,391.99,391.99,391.37,391.82,1500
1325250780000,391.81,391.81,391.47,391.47,620
1325250840000,391.77,391.77,391.42,391.42,230
1325250900000,391.75,391.75,391.73,391.73,110
1325250960000,391.73,391.73,391.7,391.7,390
1325251080000,391.7,391.7,391.02,391.6,2730
1325251200000,391.6,391.72,391.59,391.59,210
1325251260000,391.59,391.59,391.59,391.59,130
1325251380000,391.57,391.57,391.52,391.52,640
1325251440000,391.5,391.5,391.17,391.17,300
1325251500000,391.6,391.6,391.59,391.59,270
1325251560000,391.59,391.59,391.54,391.59,840
1325251620000,391.53,391.82,391.53,391.82,1860
1325251680000,391.91,392.0,391.91,391.96,1000
1325251740000,392.0,392.0,392.0,392.0,1900
1325251800000,392.06,392.06,392.06,392.06,20
1325251860000,392.06,392.06,392.02,392.02,580
1325251980000,392.01,392.01,392.0,392.0,380
1325252040000,392.0,392.0,391.96,391.96,650
1325252220000,391.99,392.0,391.99,392.0,1200
1325252280000,391.99,392.02,391.99,392.02,510
1325252340000,392.02,392.02,392.02,392.02,1200
1325252400000,392.0,392.35,392.0,392.35,470
1325252460000,392.44,392.49,392.44,392.49,4730
1325252520000,392.46,392.46,392.46,392.46,10
1325252580000,392.48,392.49,392.43,392.43,1010
1325252640000,392.39,392.39,392.39,392.39,50
1325252700000,392.38,392.38,392.38,392.38,30
1325252760000,392.38,392.49,392.38,392.48,7420
1325252820000,392.48,392.49,392.45,392.49,1540
1325252880000,392.48,392.48,392.46,392.48,2410
1325252940000,392.49,392.49,392.0,392.0,7740
1325253060000,392.42,392.5,392.42,392.5,2660
1325253120000,392.5,392.5,392.48,392.5,4200
1325253180000,392.5,392.8,392.5,392.8,6590
1325253240000,392.86,393.0,392.46,392.72,5090
1325253300000,392.96,393.0,392.96,393.0,830
1325253360000,392.99,393.0,392.99,393.0,4430
1325253420000,392.94,393.0,392.37,392.94,3760
1325253480000,392.93,392.93,392.91,392.91,560
1325253540000,392.96,392.96,392.96,392.96,120
1325253600000,392.97,393.1,392.96,393.1,11160
1325253660000,393.26,393.47,393.26,393.47,690
1325253720000,393.56,394.7,393.54,394.27,4850
1325253780000,394.27,394.45,394.0,394.0,50230
1325253840000,394.27,395.01,394.0,395.0,25610
1325253900000,395.01,395.1,395.0,395.1,5100
1325253960000,395.0,395.08,394.5,394.82,20190
1325254020000,395.0,395.08,394.89,394.99,890
1325254080000,394.99,395.0,394.99,395.0,4710
1325254140000,395.0,395.0,395.0,395.0,590
1325254200000,395.0,395.0,395.0,395.0,3700
1325254260000,394.84,395.0,394.84,394.84,1830
1325254320000,394.83,395.23,393.72,395.01,84270
1325254380000,395.01,395.25,395.0,395.25,7790
1325254440000,395.04,395.24,395.0,395.24,480
1325254500000,395.2,395.25,395.01,395.01,1560
1325254560000,395.11,395.11,392.78,394.53,14130
1325254620000,394.55,394.55,394.18,394.52,600
1325254680000,394.52,394.52,394.2,394.51,320
1325254740000,394.54,394.83,394.54,394.83,210
1325254800000,394.55,394.57,394.48,394.48,4950
1325254860000,394.5,394.5,394.48,394.48,210
1325254920000,394.53,394.76,394.53,394.61,2590
1325254980000,394.6,394.7,394.6,394.7,2400
1325255040000,394.76,395.0,394.76,395.0,3110
1325255100000,395.16,395.36,395.16,395.36,2590
1325255160000,395.36,395.69,395.36,395.45,2320
1325255220000,395.57,395.58,395.33,395.58,4560
1325255280000,395.58,395.6,392.5,394.96,26360
1325255340000,394.94,394.94,394.71,394.71,2570
1325255400000,394.69,394.69,394.24,394.53,1630
1325255460000,394.71,394.71,394.53,394.53,210
1325255520000,394.52,394.52,394.4,394.4,1110
1325255580000,394.38,394.49,394.37,394.38,530
1325255640000,394.37,394.49,394.36,394.49,410
1325255700000,394.5,394.71,394.43,394.71,2750
1325255760000,394.47,394.84,394.38,394.38,1820
1325255820000,394.65,394.65,394.58,394.58,810
1325255880000,394.57,394.57,394.45,394.57,1490
1325255940000,394.57,394.57,392.62,393.87,5950
1325256000000,393.92,394.0,393.91,394.0,430
1325256060000,394.0,394.0,393.97,393.99,4660
1325256120000,393.99,393.99,393.55,393.76,680
1325256180000,393.76,394.0,393.14,393.47,7600
1325256240000,393.47,393.99,392.76,393.71,2530
