time,open,high,low,close,volume
1323928800000,152.23,152.23,150.02,150.86,15640
1323928860000,150.13,150.94,150.13,150.92,30
1323928920000,150.94,151.99,149.75,151.48,28370
1323928980000,150.36,150.36,149.95,150.22,47640
1323929040000,150.74,150.98,150.63,150.91,1720
1323929100000,150.92,151.0,150.91,150.94,5710
1323929160000,151.19,152.22,150.67,150.67,12720
1323929220000,150.99,151.8,150.99,151.29,3700
1323929280000,151.4,151.79,151.2,151.7,2860
1323929340000,151.7,152.0,151.7,152.0,1740
1323929400000,151.71,151.71,150.1,150.1,47440
1323929460000,150.66,151.25,150.66,151.0,14000
1323929520000,151.22,151.22,151.0,151.0,2530
1323929580000,151.07,151.99,151.0,151.99,10960
1323929640000,151.5,151.73,151.17,151.73,1130
1323929700000,151.81,152.0,151.81,152.0,2700
1323929760000,151.65,151.65,151.65,151.65,400
1323929820000,151.64,152.0,151.4,152.0,5900
1323929880000,152.0,152.92,152.0,152.92,16920
1323929940000,152.92,152.92,152.35,152.39,5300
1323930060000,152.67,152.68,152.62,152.68,800
1323930180000,152.5,152.5,152.35,152.35,660
1323930240000,152.35,152.35,152.24,152.24,6990
1323930300000,151.99,152.04,151.7,152.03,1570
1323930360000,152.02,152.24,152.02,152.24,350
1323930420000,152.24,152.39,152.24,152.39,600
1323930600000,152.24,152.24,151.8,151.84,4360
1323930660000,151.8,151.8,151.54,151.56,1850
1323930720000,151.57,151.57,151.57,151.57,100
1323930780000,151.7,151.7,151.7,151.7,10
1323930840000,151.6,151.7,151.6,151.7,650
1323930900000,151.7,151.97,151.61,151.97,2700
1323930960000,151.96,151.97,151.96,151.97,800
1323931020000,151.97,152.0,151.81,151.81,7410
1323931080000,151.88,151.88,151.85,151.85,2100
1323931140000,151.86,151.86,151.85,151.85,240
1323931200000,151.85,151.85,151.64,151.64,630
1323931260000,151.74,151.74,151.74,151.74,20
1323931380000,151.6,151.6,151.19,151.21,3210
1323931500000,151.22,151.22,151.21,151.21,250
1323931560000,151.67,151.79,151.67,151.79,620
1323931620000,151.25,151.25,151.01,151.01,7850
1323931680000,151.02,151.24,151.0,151.24,4870
1323931740000,151.49,151.86,151.21,151.85,8430
1323931800000,151.84,151.85,151.84,151.85,1400
1323931920000,151.35,151.35,151.35,151.35,440
1323931980000,151.38,151.5,151.37,151.37,420
1323932040000,151.5,151.5,151.5,151.5,770
1323932100000,151.86,152.43,151.86,152.43,24910
1323932160000,152.36,152.55,152.36,152.55,2250
1323932220000,152.17,152.22,152.07,152.16,1310
1323932280000,152.47,152.6,152.11,152.6,4030
1323932340000,152.59,152.6,152.31,152.6,930
1323932460000,152.47,152.9,152.26,152.9,2760
1323932520000,152.89,152.9,152.89,152.9,2000
1323932580000,152.68,152.68,152.68,152.68,40
1323932700000,152.59,152.9,152.59,152.69,1380
1323932760000,152.89,153.0,152.89,153.0,7430
1323932820000,153.13,153.2,153.13,153.2,80
1323932880000,153.2,153.47,153.13,153.13,7140
1323933000000,153.28,153.3,153.02,153.02,5100
1323933060000,153.29,153.29,152.49,152.49,4040
1323933120000,152.5,152.79,152.5,152.66,8600
1323933180000,152.67,152.67,152.65,152.65,780
1323933240000,152.65,152.65,152.55,152.55,1080
1323933300000,152.64,153.0,152.55,152.58,9250
1323933360000,152.99,153.35,152.99,153.21,230
1323933420000,153.26,153.27,153.0,153.0,440
1323933480000,153.07,153.07,152.97,152.97,270
1323933540000,152.97,153.26,152.75,153.26,4320
1323933600000,152.98,153.25,152.98,153.25,20
1323933660000,152.89,152.89,152.89,152.89,10
1323933780000,152.92,152.92,152.9,152.9,40
1323933840000,152.9,152.9,152.82,152.82,1130
1323933900000,152.76,152.76,152.76,152.76,10
1323933960000,152.76,153.0,152.59,152.6,23050
1323934020000,152.55,152.55,152.16,152.16,1130
1323934080000,152.18,152.18,152.18,152.18,180
1323934200000,152.18,152.18,151.77,151.85,4490
1323934260000,151.99,152.02,151.91,152.02,730
1323934380000,151.93,151.93,151.7,151.7,2660
1323934440000,151.88,152.18,151.47,152.18,8400
1323934500000,152.5,152.86,152.49,152.49,3900
1323934560000,152.97,153.0,152.97,153.0,3970
1323934740000,152.9,152.9,152.88,152.9,230
1323934800000,152.87,152.94,152.87,152.9,340
1323934860000,152.81,152.81,152.66,152.66,230
1323934920000,152.92,153.03,152.67,153.03,3820
1323934980000,152.85,153.06,152.85,152.88,280
1323935040000,152.87,152.88,152.87,152.87,180
1323935100000,152.87,152.87,152.84,152.85,290
1323935160000,152.85,153.25,152.84,153.25,3480
1323935220000,153.25,153.29,153.0,153.29,3590
1323935280000,153.11,153.11,153.07,153.07,160
1323935340000,153.11,153.3,153.11,153.3,1390
1323935400000,153.21,153.21,153.09,153.21,1530
1323935460000,153.09,153.21,153.09,153.2,1470
1323935520000,153.1,153.1,153.09,153.09,1000
1323935640000,153.11,153.25,153.11,153.25,4900
1323935700000,153.25,153.91,153.25,153.91,15690
1323935760000,153.96,154.2,153.82,154.2,7420
1323935820000,154.2,154.2,154.19,154.19,660
1323935880000,154.01,154.01,153.99,153.99,130
1323935940000,153.91,153.91,153.7,153.7,660
1323936000000,153.61,153.92,153.42,153.92,4730
1323936060000,153.91,153.91,153.6,153.88,3240
1323936120000,153.92,154.0,153.92,154.0,1310
1323936180000,153.99,153.99,153.8,153.8,580
1323936240000,153.75,153.9,153.75,153.89,450
1323936300000,153.75,153.89,153.4,153.58,3450
1323936360000,153.58,153.94,153.58,153.94,50
1323936420000,153.56,153.59,153.31,153.55,1020
1323936480000,153.51,153.59,153.3,153.3,740
1323936540000,153.5,153.57,153.3,153.48,850
1323936600000,153.58,153.58,153.4,153.58,400
1323936780000,153.67,153.79,153.63,153.79,140
1323936840000,153.64,153.64,153.59,153.59,120
1323936900000,153.56,153.6,153.39,153.58,740
1323936960000,153.41,153.7,152.33,152.86,21240
1323937020000,152.54,153.12,152.54,153.11,2910
1323937080000,153.2,153.92,153.14,153.81,11480
1323937140000,153.25,153.74,153.0,153.74,2870
1323937200000,153.77,153.93,153.3,153.36,4870
1323937260000,153.65,153.65,153.52,153.52,200
1323937320000,153.5,153.5,153.5,153.5,10
1323937500000,153.47,153.47,153.44,153.44,140
1323937560000,153.69,153.9,153.55,153.9,6240
1323937620000,153.69,153.94,153.62,153.62,2580
1323937680000,153.93,154.0,153.9,154.0,9530
1323937740000,154.0,154.65,153.57,153.78,20800
1323937800000,154.31,154.59,154.11,154.48,6050
1323937860000,154.15,154.27,154.0,154.27,4210
1323937920000,154.49,154.49,153.81,153.81,2030
1323937980000,154.27,154.37,154.03,154.03,1160
1323938100000,154.16,154.45,154.05,154.05,2350
1323938160000,154.3,154.57,154.14,154.3,5610
1323938220000,154.56,154.8,154.19,154.19,7070
1323938280000,154.43,154.88,154.31,154.86,6650
1323938340000,154.83,154.86,154.66,154.86,8300
1323938400000,154.86,154.95,154.54,154.86,28420
1323938460000,154.86,154.86,154.27,154.86,11960
1323938520000,154.86,155.29,154.56,154.59,54470
1323938580000,154.59,155.42,154.41,155.07,21940
1323938640000,154.86,155.04,154.46,154.46,2980
1323938700000,154.47,154.72,154.4,154.72,8260
1323938760000,154.49,154.75,154.0,154.55,11350
1323938820000,154.4,154.4,154.4,154.4,770
1323938880000,154.4,154.49,154.37,154.4,9300
1323938940000,154.4,154.4,154.1,154.34,2480
1323939000000,154.04,154.16,154.0,154.16,2650
1323939060000,154.16,154.77,153.38,154.77,22140
1323939240000,154.36,154.36,154.33,154.33,140
1323939300000,154.3,154.48,154.3,154.48,2100
1323939360000,154.34,154.34,154.34,154.34,10
1323939420000,154.46,154.48,154.39,154.39,570
1323939480000,154.29,154.3,153.5,154.28,83350
1323939540000,153.8,154.58,153.58,153.74,6590
1323939600000,153.71,154.33,153.69,153.82,4950
1323939660000,153.82,154.0,153.66,153.66,6840
1323939720000,153.67,153.67,153.51,153.66,4690
1323939780000,153.51,153.51,153.5,153.5,120
1323939840000,153.76,154.37,153.1,153.81,6140
1323939900000,153.16,153.16,153.02,153.02,340
1323939960000,153.29,153.39,153.12,153.33,980
1323940020000,153.59,153.69,153.28,153.28,3520
1323940080000,153.33,153.33,153.14,153.14,5000
1323940140000,153.11,153.11,153.0,153.0,1630
1323940200000,153.02,153.25,153.0,153.06,4370
1323940260000,153.5,153.7,153.5,153.7,1410
1323940320000,153.51,153.51,153.07,153.07,1930
1323940380000,153.12,153.65,153.04,153.65,1660
1323940500000,153.12,153.12,153.11,153.11,140
1323940560000,153.12,153.12,153.12,153.12,350
1323940620000,153.49,153.49,153.49,153.49,10
1323940680000,153.21,153.21,153.21,153.21,120
1323940740000,153.07,153.43,153.07,153.43,140
1323940800000,153.34,153.43,153.13,153.13,460
1323940860000,153.16,153.21,153.0,153.0,8740
1323940920000,153.02,153.17,152.99,153.0,12770
1323940980000,153.01,153.16,152.69,153.0,11900
1323941040000,153.18,153.6,153.18,153.28,1040
1323941100000,153.1,153.36,153.04,153.04,4030
1323941160000,153.14,153.14,152.8,152.8,1240
1323941220000,153.01,153.01,152.99,153.0,4230
1323941400000,153.02,153.02,153.0,153.0,660
1323941460000,153.0,153.0,152.99,153.0,5240
1323941580000,153.0,153.0,152.84,152.84,8400
1323941640000,153.01,153.07,152.99,153.0,5820
1323941700000,153.0,153.0,152.97,153.0,1040
1323941820000,153.0,153.0,153.0,153.0,550
1323941940000,152.53,152.6,152.36,152.36,3930
1323942000000,152.39,152.55,152.39,152.55,370
1323942060000,152.42,152.54,152.37,152.54,200
1323942120000,152.4,152.4,152.37,152.38,1010
1323942180000,152.42,152.42,152.41,152.41,140
1323942240000,152.4,152.4,152.36,152.37,3200
1323942300000,152.36,152.36,151.48,151.48,10010
1323942360000,151.41,151.41,151.3,151.3,2240
1323942420000,151.3,151.51,151.26,151.51,5980
1323942480000,151.5,151.6,151.5,151.6,7290
1323942540000,151.96,151.99,151.55,151.95,1700
1323942600000,151.73,152.02,151.56,151.56,1630
1323942660000,151.93,151.93,151.93,151.93,200
1323942720000,151.76,151.76,151.51,151.54,1300
1323942780000,151.91,152.01,151.84,152.0,2560
1323942840000,152.0,152.01,151.75,151.75,3790
1323942900000,151.89,151.9,151.89,151.9,230
1323942960000,151.76,151.76,151.75,151.75,130
1323943020000,151.9,151.9,151.68,151.72,3410
1323943080000,151.66,151.74,151.5,151.51,6310
1323943140000,151.61,151.79,151.12,151.2,13410
1323943200000,151.13,151.4,151.12,151.4,1320
1323943260000,151.47,151.55,151.16,151.55,2810
1323943320000,151.25,151.37,151.25,151.37,440
1323943380000,151.31,151.31,151.31,151.31,40
1323943440000,151.31,151.31,151.26,151.26,520
1323943560000,151.54,151.59,151.54,151.59,2000
1323943620000,151.62,151.93,151.38,151.93,8340
1323943680000,151.94,152.4,151.62,152.18,13460
1323943740000,152.28,152.28,151.83,152.16,5400
1323943800000,152.16,152.19,151.7,151.7,17360
1323943860000,151.69,152.04,151.68,152.04,3370
1323943920000,152.03,152.15,151.72,151.72,10930
1323944040000,151.79,151.82,151.78,151.81,640
1323944100000,151.9,151.9,151.65,151.65,7570
1323944160000,151.6,151.75,151.55,151.55,1140
1323944220000,151.64,151.95,151.64,151.9,2250
1323944280000,151.92,152.16,151.92,152.16,4460
1323944340000,152.13,152.31,151.87,151.92,7900
1323944400000,151.93,152.2,151.92,151.92,12700
1323944460000,152.01,152.25,151.66,151.67,13820
1323944520000,151.68,151.92,151.68,151.92,1240
1323944640000,151.81,151.81,151.67,151.79,440
1323944700000,151.8,151.87,151.65,151.85,1390
1323944820000,151.95,152.0,151.75,151.97,1070
1323944880000,151.98,151.98,151.55,151.55,5330
1323944940000,151.73,151.77,151.51,151.69,1510
1323945000000,151.74,151.98,151.56,151.91,560
1323945060000,151.61,151.93,151.59,151.76,880
1323945120000,151.76,151.8,151.76,151.8,5710
1323945180000,151.8,151.94,151.74,151.74,13450
1323945240000,151.81,151.91,151.6,151.63,4630
1323945300000,151.84,152.29,151.69,151.7,23320
1323945360000,152.06,152.06,151.65,151.65,5620
1323945420000,151.71,151.87,151.6,151.86,12590
1323945480000,151.75,151.87,151.74,151.87,8150
1323945540000,151.88,151.96,151.7,151.71,17470
1323945600000,151.8,152.0,151.71,152.0,13640
1323945660000,151.82,152.2,151.82,152.2,10990
1323945720000,152.13,152.3,151.99,152.0,15480
1323945780000,151.99,152.43,151.85,152.19,5390
1323945840000,151.96,151.97,151.82,151.82,5510
1323945900000,151.99,152.46,151.82,151.91,30430
1323945960000,151.95,152.31,151.95,151.98,14330
1323946020000,151.88,151.9,151.8,151.8,22910
1323946080000,151.75,151.75,151.71,151.71,350
1323946140000,151.9,152.0,151.75,151.9,11830
1323946200000,152.0,152.28,151.94,152.28,4520
1323946260000,152.26,152.29,152.02,152.29,5750
1323946320000,152.24,152.44,152.24,152.44,4320
1323946380000,152.29,152.3,152.1,152.1,190
1323946440000,152.26,152.45,152.02,152.11,6580
1323946500000,152.11,152.59,152.11,152.59,4050
1323946560000,152.59,152.66,152.52,152.57,1430
1323946620000,152.57,152.57,152.45,152.49,1030
1323946680000,152.49,152.6,152.4,152.6,16130
1323946740000,152.5,153.0,152.48,152.95,4820
1323946800000,153.01,153.02,152.02,152.22,18720
1323946860000,152.16,152.73,151.75,152.01,45170
1323946920000,152.02,152.64,152.0,152.0,31020
1323946980000,152.28,152.47,152.0,152.03,24220
1323947040000,152.37,152.49,152.0,152.41,64850
1323947100000,152.09,152.4,151.51,151.51,22630
1323947160000,151.65,151.99,151.0,151.0,30460
1323947220000,151.4,151.53,150.4,151.0,37830
1323947280000,151.23,151.52,151.0,151.4,14160
1323947340000,151.38,151.39,150.5,151.07,13050
1323947400000,151.48,152.0,150.46,150.97,74250
1323947460000,151.51,151.51,150.49,150.94,27400
1323947520000,151.37,151.63,150.99,151.11,24630
1323947580000,151.29,151.71,150.97,151.71,52520
1323947640000,150.64,151.59,150.55,151.18,29730
1323947700000,151.28,151.5,150.72,151.3,25980
1323947760000,151.4,151.49,150.91,150.91,4770
1323947820000,151.41,151.41,150.67,151.31,49020
1323947880000,151.32,151.32,150.67,150.91,31170
1323947940000,150.92,150.99,150.65,150.99,23190
1323948000000,150.99,150.99,150.65,150.85,33330
1323948060000,150.89,151.17,150.67,151.16,27960
1323948120000,151.16,151.5,150.76,151.17,45180
1323948180000,151.32,151.32,150.72,151.2,21070
1323948240000,151.14,151.18,150.64,150.89,25540
1323948300000,150.93,151.33,150.81,151.33,9820
1323948360000,151.29,151.4,151.04,151.4,9220
1323948420000,151.49,151.5,151.33,151.33,24010
1323948480000,151.27,151.47,150.76,151.31,32210
1323948540000,151.31,151.44,151.3,151.44,10750
1323948600000,151.3,151.95,151.3,151.95,32970
1323948660000,151.95,152.5,151.62,151.85,38760
1323948720000,151.62,151.92,151.43,151.88,19660
1323948780000,151.81,151.86,151.49,151.76,10260
1323948840000,151.76,151.76,151.45,151.45,2300
1323948900000,151.45,151.45,151.31,151.31,8780
1323948960000,151.32,152.03,151.31,151.83,41070
1323949020000,151.94,152.02,151.1,151.18,30860
1323949080000,151.0,151.15,150.6,150.93,169150
1323949140000,150.89,150.96,150.6,150.82,27730
1323949200000,150.8,150.89,150.6,150.69,11690
1323949260000,150.69,151.48,150.6,151.42,30830
1323949320000,151.37,151.37,150.73,151.06,9570
1323949380000,150.96,151.1,150.4,150.61,141360
1323949440000,150.61,150.96,150.27,150.58,15260
1323949500000,150.43,150.76,150.12,150.55,35690
1323949560000,150.15,150.53,150.09,150.4,41510
1323949620000,150.41,150.89,150.29,150.63,32230
1323949680000,150.61,150.61,149.8,149.85,37980
1323949740000,149.8,149.85,149.11,149.8,46390
1323949800000,149.68,149.68,149.1,149.11,22280
1323949860000,149.03,149.1,148.26,148.88,32820
1323949920000,148.37,148.91,148.0,148.57,37330
1323949980000,148.54,149.89,147.71,148.24,33810
1323950040000,148.23,148.52,147.87,148.49,29840
1323950100000,148.5,149.71,148.41,149.02,23880
1323950160000,149.42,149.89,148.39,148.88,90200
1323950220000,149.62,149.76,148.52,149.32,33060
1323950280000,149.39,149.73,148.25,148.3,70550
1323950340000,148.3,148.3,148.24,148.24,2340
1323950400000,148.25,148.25,148.11,148.11,8910
1323950460000,148.21,148.21,148.2,148.2,8380
1323950520000,148.76,148.94,148.21,148.94,4270
1323950580000,148.92,149.43,148.92,149.43,3350
1323950640000,148.76,149.68,148.75,149.68,10770
1323950700000,149.44,149.7,149.27,149.27,11930
1323950760000,149.35,149.6,149.25,149.6,12380
1323950820000,149.62,149.9,149.39,149.84,7300
1323950880000,149.36,149.78,149.35,149.78,550
1323950940000,149.6,149.79,149.52,149.79,360
1323951000000,149.55,149.6,149.5,149.5,1520
1323951060000,149.46,149.46,149.45,149.45,2000
1323951120000,149.36,149.75,149.35,149.75,10100
1323951180000,149.75,149.76,148.95,149.53,8000
1323951240000,149.66,149.82,149.66,149.82,610
1323951300000,149.82,149.92,149.56,149.91,1050
1323951360000,149.94,150.18,149.57,150.17,7860
1323951420000,150.19,150.41,150.18,150.41,7710
1323951480000,150.41,150.5,150.21,150.21,15160
1323951540000,150.41,150.47,150.21,150.39,2330
1323951600000,150.39,150.63,150.39,150.57,18550
1323951660000,150.66,152.0,150.66,151.9,26870
1323951720000,151.76,151.77,151.0,151.64,14920
1323951780000,151.39,151.41,151.26,151.26,1150
1323951840000,151.27,151.39,151.27,151.27,850
1323951900000,151.35,151.4,151.27,151.4,380
1323951960000,151.38,151.51,150.5,150.73,32740
1323952020000,150.76,150.76,150.5,150.5,4060
1323952080000,150.58,150.72,150.34,150.34,2100
1323952140000,150.7,151.02,150.46,151.02,4980
1323952200000,151.34,151.44,151.04,151.44,6690
1323952260000,151.44,151.46,151.07,151.4,3270
1323952320000,151.18,151.25,151.08,151.25,1750
1323952380000,151.19,151.2,151.19,151.2,2400
1323952440000,151.2,151.39,151.2,151.39,3600
1323952500000,151.45,151.46,151.12,151.12,1530
1323952560000,151.21,151.26,151.0,151.26,12180
1323952620000,151.0,151.22,150.65,150.65,7870
1323952680000,151.11,151.39,151.11,151.39,1200
1323952740000,151.02,151.37,151.0,151.3,3480
1323952800000,151.3,151.34,151.3,151.34,480
1323952860000,151.36,151.39,151.1,151.39,12670
1323952920000,151.12,151.38,151.05,151.34,1010
1323952980000,151.06,151.38,150.73,151.31,10400
1323953040000,151.28,151.32,150.99,151.22,8050
1323953100000,151.22,151.35,151.14,151.35,6760
1323953160000,151.35,151.46,151.14,151.46,11420
1323953220000,151.46,151.47,151.16,151.16,5280
1323953280000,151.22,151.51,151.14,151.51,5740
1323953340000,151.6,151.6,151.19,151.6,2550
1323953400000,151.62,151.62,151.62,151.62,10
1323953460000,151.29,151.51,151.22,151.5,4010
1323953520000,151.63,151.65,151.63,151.65,1460
1323953580000,151.52,152.35,151.32,152.29,24240
1323953640000,152.29,152.84,152.0,152.83,29320
1323953700000,152.2,152.88,152.2,152.79,2040
1323953760000,152.78,153.0,152.38,152.39,6740
1323953820000,152.81,152.87,152.48,152.48,1500
1323953880000,152.5,152.83,152.5,152.62,4620
1323953940000,152.8,152.9,152.41,152.41,1190
1323954000000,152.53,152.76,152.44,152.45,1920
1323954060000,152.7,152.79,152.32,152.32,5600
1323954120000,152.46,152.51,152.27,152.27,5240
1323954180000,152.32,152.5,151.92,152.5,1820
1323954240000,152.4,152.74,152.36,152.56,330
1323954300000,152.34,152.62,152.04,152.62,600
1323954360000,152.0,152.08,151.73,152.08,1660
1323954420000,151.93,152.16,151.93,152.16,220
1323954480000,151.98,152.13,151.84,151.84,370
1323954540000,151.93,151.94,151.71,151.93,650
1323954600000,151.98,151.98,151.97,151.97,310
1323954660000,151.96,151.96,151.96,151.96,50
1323954720000,152.06,152.2,151.86,152.06,1120
1323954780000,152.03,152.15,152.03,152.04,1060
1323954840000,152.04,152.04,151.87,151.87,290
1323954900000,151.81,151.82,151.81,151.82,400
1323954960000,151.85,151.85,151.85,151.85,340
1323955020000,152.14,152.69,151.92,152.69,11140
1323955080000,152.69,152.88,152.48,152.88,4170
1323955140000,152.88,152.9,152.88,152.9,23490
1323955200000,152.58,152.98,152.54,152.65,7670
1323955260000,152.87,152.92,152.54,152.89,8130
1323955320000,152.71,152.71,152.7,152.7,130
1323955380000,152.7,152.9,152.61,152.61,830
1323955440000,152.89,152.89,152.89,152.89,10
1323955560000,152.74,152.74,152.55,152.73,500
1323955620000,152.75,152.98,152.75,152.78,9110
1323955680000,152.84,153.0,152.84,153.0,2070
1323955740000,153.0,153.0,153.0,153.0,370
1323955800000,152.99,153.84,152.99,153.84,43700
1323955860000,153.84,154.44,153.84,154.04,14500
1323955920000,154.22,154.49,153.4,153.4,11100
1323955980000,153.58,153.69,153.58,153.69,280
1323956040000,153.68,153.68,153.62,153.67,240
1323956100000,153.79,153.8,153.79,153.8,500
1323956160000,153.8,154.02,153.8,154.0,5540
1323956220000,153.99,153.99,153.99,153.99,500
1323956280000,153.98,153.98,153.34,153.82,9390
1323956340000,153.44,153.45,153.44,153.45,480
1323956400000,153.45,153.45,153.45,153.45,150
1323956460000,153.54,153.54,153.54,153.54,1110
1323956520000,153.57,153.58,153.3,153.4,3520
1323956580000,153.31,153.31,153.0,153.0,5800
1323956640000,153.0,153.0,152.5,152.52,9580
1323956700000,152.52,152.66,152.49,152.66,1560
1323956760000,152.83,152.93,152.69,152.74,1700
1323956820000,152.73,152.73,152.51,152.51,10960
1323956880000,152.5,152.99,152.5,152.99,1900
1323956940000,152.73,153.34,152.73,153.34,2120
1323957000000,153.1,153.15,153.1,153.15,1330
1323957060000,153.15,153.34,153.15,153.34,2860
1323957120000,153.34,153.39,153.34,153.39,480
1323957180000,153.39,153.39,153.39,153.39,1450
1323957240000,153.32,153.4,153.29,153.29,450
1323957300000,153.38,153.52,153.3,153.3,3160
1323957420000,153.32,153.32,153.1,153.1,5380
1323957480000,153.11,153.2,153.1,153.1,580
1323957540000,153.2,153.59,152.62,152.62,16080
1323957600000,152.64,153.13,152.62,152.97,8820
1323957660000,152.97,153.22,152.97,153.22,1140
1323957720000,153.05,153.06,152.88,152.88,470
1323957780000,152.88,152.88,152.7,152.7,2060
1323957840000,152.7,152.72,152.7,152.71,1360
1323957900000,152.71,152.71,152.63,152.63,720
1323957960000,152.7,152.98,152.7,152.98,1660
1323958020000,152.74,152.74,152.3,152.3,37420
1323958080000,152.31,152.31,152.16,152.21,2100
1323958140000,152.2,152.21,152.2,152.21,1850
1323958200000,152.18,152.3,152.1,152.3,8310
1323958260000,152.31,152.31,152.31,152.31,9990
1323958320000,152.5,152.5,152.29,152.29,41470
1323958380000,152.24,152.24,151.88,151.88,6170
1323958440000,152.22,152.3,152.0,152.0,2690
1323958500000,152.0,152.0,151.72,151.76,14520
1323958560000,151.59,152.1,151.5,151.8,10920
1323958680000,152.12,152.21,151.8,151.8,4010
1323958740000,151.95,152.18,151.95,152.18,1220
1323958800000,152.17,152.23,152.01,152.18,3590
1323958860000,152.18,152.18,152.0,152.0,2080
1323958920000,151.99,152.0,151.99,152.0,1130
1323958980000,151.99,152.0,151.99,152.0,2020
1323959040000,152.18,152.24,152.03,152.2,2150
1323959100000,152.19,152.25,152.19,152.25,1130
1323959160000,152.2,152.2,152.2,152.2,200
1323959220000,152.24,152.24,152.15,152.24,1200
1323959280000,152.23,152.3,152.05,152.05,12570
1323959340000,152.03,152.3,151.81,151.81,11110
1323959400000,152.25,152.35,151.93,152.34,22080
1323959460000,152.33,152.35,152.01,152.35,1690
1323959520000,152.34,152.34,151.91,152.09,6270
1323959580000,152.29,152.35,151.93,152.34,3150
1323959640000,152.33,152.98,152.0,152.98,23250
1323959700000,152.94,152.96,151.81,151.82,20340
1323959760000,152.36,152.36,151.61,151.61,3800
1323959820000,151.61,151.99,151.5,151.99,36500
1323959880000,151.99,152.25,151.83,151.86,2070
1323959940000,152.16,152.25,152.16,152.25,1140
1323960000000,152.18,152.24,151.83,151.83,3560
1323960060000,151.99,152.25,151.84,151.84,2610
1323960120000,151.81,151.83,151.55,151.55,12190
1323960180000,151.55,151.55,151.31,151.31,11880
1323960240000,151.3,152.23,149.13,152.0,110880
1324015200000,151.82,152.84,151.81,152.43,2160
1324015260000,152.76,152.76,152.27,152.67,2070
1324015320000,152.28,152.6,152.28,152.6,11060
1324015380000,152.53,152.53,152.32,152.34,1400
1324015440000,152.52,152.6,152.33,152.6,5560
1324015500000,152.6,152.94,152.6,152.94,5600
1324015560000,152.94,152.94,152.76,152.76,4000
1324015620000,152.83,152.84,152.5,152.82,8070
1324015680000,152.45,152.51,152.4,152.5,2770
1324015740000,152.73,152.95,152.73,152.95,3060
1324015800000,152.95,152.96,152.95,152.96,1060
1324015860000,152.81,152.97,152.79,152.97,720
1324015920000,152.8,152.94,152.79,152.94,150
1324015980000,152.96,153.34,152.75,152.86,6600
1324016040000,153.21,153.21,152.76,153.21,60
1324016100000,153.21,153.21,153.21,153.21,90
1324016160000,153.22,153.22,153.04,153.06,270
1324016220000,153.22,153.22,153.0,153.08,720
1324016280000,153.13,153.13,152.88,152.88,7210
1324016340000,153.06,153.06,153.06,153.06,10
1324016400000,152.82,152.82,152.48,152.48,9050
1324016460000,152.48,152.72,152.3,152.3,8410
1324016520000,152.31,152.31,152.29,152.29,1520
1324016580000,152.49,152.49,152.49,152.49,10
1324016640000,152.5,153.08,152.5,152.89,10130
1324016700000,152.98,153.21,152.98,152.98,1650
1324016760000,152.95,153.21,152.95,152.97,230
1324016880000,153.17,153.17,153.17,153.17,10
1324016940000,153.15,153.19,153.14,153.19,1500
1324017000000,153.13,153.13,153.13,153.13,50
1324017060000,153.09,153.09,153.08,153.08,1520
1324017180000,152.86,153.03,152.86,153.03,60
1324017240000,153.01,153.19,153.01,153.19,5300
1324017360000,152.89,152.89,152.76,152.87,1170
1324017420000,152.89,152.89,152.89,152.89,10
1324017480000,153.0,153.34,153.0,153.34,8890
1324017540000,153.35,153.49,153.35,153.49,2760
1324017600000,153.45,153.45,153.27,153.28,820
1324017660000,153.3,153.45,153.22,153.22,170
1324017720000,153.45,153.54,153.21,153.54,5460
1324017780000,153.54,153.69,153.54,153.67,3600
1324017840000,153.42,153.61,153.32,153.61,660
1324017900000,153.44,153.44,153.44,153.44,20
1324018080000,153.21,153.25,153.19,153.2,1470
1324018140000,153.19,153.51,153.19,153.51,3630
1324018200000,153.25,153.25,153.23,153.23,220
1324018260000,153.24,153.31,153.23,153.31,790
1324018320000,153.38,153.49,153.38,153.49,700
1324018500000,153.43,153.58,153.43,153.58,2520
1324018560000,153.68,153.69,153.68,153.69,170
1324018620000,153.38,153.38,153.33,153.33,890
1324018680000,153.27,153.27,153.27,153.27,120
1324018740000,153.31,153.64,153.31,153.64,110
1324018800000,153.63,153.69,153.63,153.69,1350
1324018860000,153.69,153.7,153.69,153.7,4390
1324018920000,153.6,153.6,153.6,153.6,10
1324018980000,153.53,153.53,153.53,153.53,20
1324019040000,153.7,153.7,153.7,153.7,790
1324019100000,153.7,153.82,153.7,153.82,2630
1324019160000,153.82,153.82,153.82,153.82,90
1324019280000,153.8,153.81,153.71,153.71,860
1324019340000,153.6,153.6,153.6,153.6,10
1324019400000,153.6,153.6,153.6,153.6,20
1324019460000,153.79,153.81,153.79,153.8,480
1324019520000,153.8,153.81,153.8,153.81,500
1324019580000,153.5,153.69,153.34,153.69,3660
1324019640000,153.34,153.35,153.21,153.35,2430
1324019700000,153.35,153.35,153.35,153.35,360
1324019820000,153.33,153.33,153.32,153.32,30
1324019940000,153.5,153.6,153.5,153.6,3600
1324020000000,153.6,153.7,153.6,153.7,1380
1324020060000,153.8,153.87,153.8,153.87,1000
1324020180000,153.82,153.89,153.82,153.89,4390
1324020240000,153.72,153.72,153.31,153.31,3310
1324020300000,153.3,153.3,153.0,153.0,2990
1324020360000,152.96,152.96,152.18,152.23,8610
1324020420000,152.74,152.85,152.37,152.45,540
1324020480000,152.45,152.75,152.45,152.74,1270
1324020540000,152.74,152.98,152.74,152.98,950
1324020600000,153.1,153.1,152.81,153.09,810
1324020780000,153.1,153.1,153.0,153.09,930
1324020840000,153.07,153.09,153.0,153.07,1040
1324020900000,153.07,153.08,152.97,153.05,230
1324020960000,153.05,153.08,152.74,153.08,960
1324021020000,153.09,153.09,153.09,153.09,140
1324021080000,153.09,153.09,152.82,152.84,1250
1324021140000,152.52,152.53,152.12,152.3,3800
1324021200000,152.3,152.43,152.2,152.39,3080
1324021260000,152.38,152.46,152.22,152.27,1110
1324021320000,152.27,152.27,152.14,152.26,1170
1324021380000,152.26,152.35,152.1,152.3,2170
1324021440000,152.14,152.48,152.12,152.48,3410
1324021500000,152.48,152.68,152.38,152.68,1180
1324021560000,152.66,152.68,152.54,152.67,270
1324021620000,152.67,152.68,152.67,152.68,240
1324021680000,152.68,152.68,152.68,152.68,240
1324021740000,152.68,152.69,152.52,152.69,260
1324021800000,152.69,152.69,152.32,152.32,1520
1324021860000,152.54,152.54,152.14,152.19,930
1324021920000,152.31,152.49,152.26,152.49,910
1324021980000,152.64,152.68,152.64,152.67,180
1324022040000,152.66,152.68,152.32,152.44,750
1324022100000,152.69,152.78,152.43,152.77,190
1324022160000,152.54,152.74,152.51,152.74,340
1324022220000,152.77,152.79,152.77,152.79,180
1324022280000,152.79,152.79,152.54,152.65,590
1324022340000,152.64,152.64,152.5,152.5,4670
1324022400000,152.54,152.54,152.3,152.48,5560
1324022460000,152.48,152.48,152.28,152.28,2180
1324022520000,152.2,152.2,151.5,151.5,13890
1324022580000,151.53,152.06,151.5,151.63,2690
1324022640000,151.63,151.86,151.0,151.41,21910
1324022700000,151.15,151.48,151.15,151.21,730
1324022760000,151.21,151.21,150.7,150.7,7490
1324022820000,150.66,150.82,150.5,150.82,9570
1324022880000,150.89,151.14,150.87,151.14,1080
1324022940000,151.07,151.47,151.07,151.47,550
1324023000000,151.4,151.5,151.2,151.43,5350
1324023060000,151.43,151.43,151.0,151.36,2350
1324023120000,151.36,151.48,151.13,151.47,340
1324023180000,151.48,151.48,151.28,151.48,520
1324023240000,151.48,151.48,151.31,151.47,290
1324023300000,151.47,151.48,150.79,150.79,3190
1324023360000,150.92,151.37,150.5,150.99,4730
1324023420000,151.03,151.48,151.01,151.47,290
1324023480000,151.46,151.46,151.45,151.46,380
1324023540000,151.4,151.47,151.35,151.43,460
1324023600000,151.25,151.5,151.24,151.5,7890
1324023660000,151.51,151.57,151.43,151.57,4450
1324023720000,151.53,151.68,151.4,151.4,230
1324023780000,151.42,151.5,151.42,151.5,200
1324023840000,151.49,151.49,151.24,151.32,5300
1324023900000,151.5,151.5,151.04,151.04,4110
1324023960000,151.04,151.04,150.71,150.9,2720
1324024020000,150.9,150.9,150.62,150.62,160
1324024080000,151.0,151.15,150.61,150.84,4860
1324024140000,150.84,151.15,150.66,151.14,340
1324024200000,151.14,151.39,150.8,151.39,4170
1324024260000,151.42,151.43,151.27,151.3,190
1324024320000,151.34,151.34,150.96,151.06,2150
1324024380000,151.13,151.14,151.02,151.02,330
1324024440000,151.02,151.14,151.0,151.11,660
1324024500000,151.11,151.13,151.11,151.13,290
1324024560000,151.14,151.14,151.14,151.14,400
1324024620000,151.14,151.14,151.12,151.13,300
1324024680000,151.13,151.4,151.02,151.4,2110
1324024740000,151.4,151.47,151.36,151.36,3080
1324024800000,151.36,151.36,151.36,151.36,750
1324024860000,151.36,151.64,151.36,151.64,1280
1324024920000,151.67,151.8,151.67,151.79,200
1324024980000,151.77,151.77,151.6,151.77,3890
1324025040000,151.71,151.77,151.59,151.77,650
1324025100000,151.73,151.88,151.73,151.88,300
1324025160000,151.88,151.9,151.88,151.9,570
1324025220000,151.9,151.94,151.86,151.86,2090
1324025340000,151.86,151.86,151.67,151.86,1430
1324025400000,151.86,151.86,151.85,151.86,720
1324025460000,151.86,152.09,151.86,152.09,6570
1324025520000,152.09,152.09,152.08,152.09,1050
1324025580000,152.0,152.0,151.55,151.71,2340
1324025640000,151.72,151.72,150.75,150.75,7540
1324025700000,150.75,151.2,150.75,150.88,3720
1324025760000,151.26,151.29,151.16,151.29,410
1324025820000,151.29,151.49,151.29,151.47,190
1324025880000,151.49,151.51,151.39,151.39,1200
1324025940000,151.31,151.4,151.13,151.22,770
1324026000000,151.14,151.44,150.82,151.44,5660
1324026060000,151.48,151.48,151.47,151.48,50
1324026120000,151.4,151.4,151.4,151.4,500
1324026180000,151.44,151.65,151.44,151.64,4890
1324026240000,151.64,151.7,151.64,151.7,570
1324026300000,151.7,151.7,151.58,151.58,230
1324026360000,151.57,151.58,151.2,151.2,630
1324026420000,151.21,151.61,151.2,151.57,630
1324026480000,151.59,151.7,151.59,151.7,1010
1324026540000,151.73,151.73,151.73,151.73,220
1324026600000,151.73,151.73,151.58,151.73,190
1324026660000,151.7,151.7,151.58,151.7,530
1324026720000,151.7,151.7,151.28,151.28,820
1324026780000,151.28,151.41,151.28,151.41,310
1324026840000,151.5,151.7,151.5,151.7,370
1324026900000,151.74,151.74,151.74,151.74,100
1324026960000,151.75,151.75,151.74,151.74,120
1324027020000,151.75,151.75,151.75,151.75,60
1324027080000,151.75,151.75,151.65,151.65,500
1324027140000,151.55,151.75,151.48,151.75,690
1324027260000,151.75,151.91,151.75,151.91,1840
1324027320000,151.92,151.92,151.92,151.92,130
1324027380000,151.84,151.92,151.82,151.82,300
1324027440000,151.75,151.75,151.7,151.7,340
1324027500000,151.7,151.7,151.2,151.34,1200
1324027560000,151.34,151.53,151.34,151.53,170
1324027620000,151.44,151.44,151.44,151.44,170
1324027680000,151.54,151.66,151.54,151.66,1450
1324027740000,151.69,151.78,151.68,151.68,1050
1324027800000,151.93,151.94,151.93,151.94,1090
1324027860000,152.0,152.0,152.0,152.0,490
1324027920000,151.99,152.0,151.98,151.98,350
1324027980000,152.12,152.2,152.12,152.2,3370
1324028040000,152.19,152.39,152.19,152.39,1500
1324028100000,152.23,152.41,151.94,152.32,3170
1324028160000,152.22,152.33,151.88,152.21,5990
1324028220000,152.06,152.23,152.06,152.2,750
1324028280000,152.2,152.2,152.2,152.2,360
1324028340000,152.13,152.2,152.13,152.2,500
1324028400000,152.13,152.13,151.87,151.87,430
1324028460000,152.0,152.09,151.84,151.84,720
1324028520000,152.1,152.1,152.09,152.09,510
1324028580000,152.09,152.1,152.09,152.1,90
1324028640000,152.11,152.11,152.11,152.11,390
1324028700000,152.1,152.48,152.1,152.47,3210
1324028760000,152.45,152.47,152.45,152.47,510
1324028820000,152.46,152.47,152.33,152.47,860
1324028880000,152.47,152.47,152.19,152.19,3650
1324028940000,152.19,152.47,152.19,152.46,2280
1324029000000,152.47,152.47,152.3,152.47,210
1324029060000,152.48,152.49,152.48,152.49,1280
1324029120000,152.49,152.5,152.17,152.48,7360
1324029180000,152.47,152.47,152.47,152.47,200
1324029300000,152.48,152.48,152.13,152.48,1010
1324029360000,152.29,152.49,152.13,152.49,6370
1324029420000,152.45,152.48,152.26,152.48,360
1324029480000,152.46,152.47,152.46,152.47,150
1324029540000,152.47,152.48,152.13,152.47,940
1324029600000,152.45,152.46,152.41,152.46,280
1324029660000,152.36,152.41,152.0,152.0,1980
1324029720000,152.01,152.07,151.51,152.07,7120
1324029780000,152.07,152.31,151.93,151.96,2690
1324029840000,151.96,151.96,151.4,151.53,1040
1324029900000,151.56,151.59,151.33,151.59,2220
1324029960000,151.52,151.88,151.52,151.88,1620
1324030020000,152.16,152.32,151.62,152.24,600
1324030080000,152.24,152.24,151.29,151.74,8620
1324030140000,151.82,152.19,151.81,152.19,540
1324030200000,152.19,152.27,152.19,152.27,540
1324030260000,152.27,152.27,151.38,151.57,11710
1324030320000,151.57,151.57,151.56,151.56,7960
1324030380000,151.54,151.54,151.3,151.38,8620
1324030440000,151.39,151.5,150.98,151.0,32990
1324030500000,151.1,152.04,151.1,151.42,1830
1324030560000,151.41,151.86,151.35,151.86,910
1324030620000,151.77,151.91,151.55,151.89,1550
1324030680000,151.94,151.94,151.51,151.51,410
1324030740000,151.52,151.79,151.5,151.77,700
1324030800000,151.7,151.94,151.7,151.94,180
1324030860000,151.73,151.82,151.73,151.82,190
1324030920000,151.89,151.89,151.41,151.52,380
1324030980000,151.52,151.66,151.4,151.54,3400
1324031040000,151.54,151.7,151.39,151.4,2020
1324031160000,151.38,151.62,151.38,151.62,3890
1324031220000,151.54,151.62,151.49,151.59,3520
1324031280000,151.71,151.71,151.71,151.71,50
1324031340000,151.71,151.71,151.66,151.71,230
1324031400000,151.61,151.61,151.31,151.49,2990
1324031460000,151.45,151.61,151.23,151.6,900
1324031520000,151.6,151.6,151.43,151.43,1550
1324031580000,151.42,151.42,151.42,151.42,280
1324031640000,151.41,151.41,151.4,151.4,210
1324031700000,151.41,151.6,151.41,151.6,5380
1324031760000,151.6,151.7,151.59,151.7,290
1324031820000,151.7,151.75,151.66,151.66,530
1324031880000,151.75,151.93,151.35,151.93,4170
1324031940000,151.95,152.12,151.95,152.12,9790
1324032000000,152.12,152.12,152.06,152.12,1640
1324032060000,152.1,152.1,152.1,152.1,110
1324032120000,152.12,152.12,152.11,152.11,60
1324032180000,152.11,152.11,152.11,152.11,630
1324032240000,152.11,152.42,152.11,152.31,11460
1324032300000,152.34,152.42,152.34,152.4,320
1324032360000,152.25,152.25,152.0,152.0,6950
1324032420000,151.84,152.0,151.6,151.85,2520
1324032480000,151.81,151.85,151.81,151.85,80
1324032540000,151.85,152.0,151.85,152.0,2130
1324032600000,152.0,152.38,152.0,152.22,7560
1324032660000,152.21,152.41,152.21,152.41,220
1324032720000,152.41,152.41,151.99,152.0,3000
1324032780000,152.23,152.23,151.3,151.72,9560
1324032840000,151.64,152.05,151.3,151.92,1030
1324032900000,151.79,151.79,151.3,151.52,1590
1324032960000,151.52,151.52,151.38,151.38,770
1324033020000,151.38,151.69,151.3,151.37,12330
1324033080000,151.44,151.5,151.21,151.21,1500
1324033140000,151.35,151.4,151.34,151.38,180
1324033200000,151.34,151.34,150.5,150.5,26970
1324033260000,150.7,151.02,150.11,150.62,10910
1324033320000,150.62,151.12,150.57,150.75,3250
1324033380000,151.12,151.12,150.5,151.0,540
1324033440000,151.0,151.31,150.65,151.21,820
1324033500000,150.86,151.24,150.86,151.19,4310
1324033560000,151.33,151.33,151.1,151.1,330
1324033620000,151.02,151.31,150.71,150.76,7100
1324033680000,150.76,151.34,150.76,151.28,6660
1324033740000,151.28,151.28,151.05,151.05,360
1324033800000,151.24,151.24,151.23,151.24,120
1324033860000,151.24,151.38,151.24,151.38,390
1324033920000,151.21,151.21,151.1,151.14,200
1324033980000,151.13,151.13,150.66,150.66,1010
1324034040000,150.65,151.3,150.57,151.27,6790
1324034100000,150.85,150.85,150.75,150.75,420
1324034160000,150.84,150.84,150.69,150.69,580
1324034220000,150.68,150.68,150.58,150.58,3500
1324034280000,150.58,150.58,150.33,150.5,6100
1324034340000,150.5,151.06,150.5,151.01,2590
1324034400000,150.98,150.98,150.45,150.5,3940
1324034460000,150.5,150.97,150.5,150.96,3330
1324034520000,150.96,150.96,150.68,150.68,220
1324034580000,150.45,150.45,150.34,150.35,3310
1324034640000,150.35,150.87,150.35,150.81,170
1324034700000,150.75,150.76,150.33,150.33,4030
1324034760000,150.33,150.33,149.5,149.59,22470
1324034820000,149.61,150.05,149.55,149.98,4000
1324034880000,149.98,149.98,149.53,149.74,9760
1324034940000,149.55,149.75,149.5,149.5,12140
1324035000000,149.51,149.74,149.0,149.55,21880
1324035060000,149.54,149.54,148.7,148.97,14860
1324035120000,148.97,149.69,148.97,149.37,1180
1324035180000,149.33,149.75,149.23,149.54,3380
1324035240000,149.53,149.56,149.22,149.56,3380
1324035300000,149.56,149.6,149.39,149.39,4830
1324035360000,149.39,149.5,148.7,148.7,15190
1324035420000,149.09,149.61,148.27,148.87,17300
1324035480000,148.4,149.7,148.26,149.62,18120
1324035540000,149.6,149.6,148.93,148.93,6030
1324035600000,149.15,149.5,148.91,149.26,7820
1324035660000,148.91,148.92,148.28,148.73,21680
1324035720000,148.66,148.86,148.6,148.75,750
1324035780000,148.68,148.89,148.46,148.5,11910
1324035840000,148.62,148.84,148.62,148.84,150
1324035900000,148.76,148.78,148.62,148.74,1340
1324035960000,148.74,148.79,148.74,148.78,1180
1324036020000,148.79,149.0,148.79,149.0,5010
1324036080000,149.0,149.0,148.89,148.89,8850
1324036140000,148.92,149.21,148.89,149.15,1820
1324036200000,149.13,149.29,149.02,149.23,6480
1324036260000,149.22,149.22,149.0,149.11,370
1324036320000,149.12,149.24,148.99,149.01,1980
1324036380000,149.01,149.01,148.77,148.77,7550
1324036440000,148.93,148.93,148.59,148.9,1430
1324036500000,148.99,149.29,148.93,149.26,220
1324036560000,149.26,149.9,149.26,149.87,1070
1324036620000,149.86,149.89,149.7,149.7,2190
1324036680000,149.84,149.84,149.41,149.68,2770
1324036740000,149.73,149.82,149.73,149.82,510
1324036800000,149.7,149.7,149.4,149.4,1320
1324036860000,149.36,149.36,149.1,149.1,1790
1324036920000,149.1,149.3,148.96,149.3,7810
1324036980000,149.3,149.72,149.3,149.64,1180
1324037040000,149.71,149.71,149.44,149.44,5700
1324037100000,149.43,149.43,149.16,149.16,4060
1324037160000,149.16,149.56,149.16,149.52,1000
1324037220000,149.47,149.5,149.47,149.5,180
1324037280000,149.5,149.5,149.38,149.45,60
1324037340000,149.39,149.39,149.2,149.21,650
1324037400000,149.2,149.39,149.01,149.39,6600
1324037460000,149.45,149.45,149.15,149.43,3930
1324037520000,149.35,149.46,149.35,149.44,150
1324037580000,149.47,149.5,149.47,149.5,600
1324037640000,149.49,149.49,149.49,149.49,120
1324037700000,149.5,149.5,149.45,149.48,370
1324037760000,149.4,149.4,149.4,149.4,290
1324037820000,149.4,149.4,149.4,149.4,160
1324037880000,149.4,149.4,149.4,149.4,230
1324037940000,149.4,149.4,149.18,149.31,370
1324038000000,149.35,149.35,149.07,149.3,1350
1324038120000,149.28,149.28,149.27,149.27,580
1324038180000,149.3,149.35,149.3,149.35,1360
1324038240000,149.35,149.5,149.35,149.5,520
1324038300000,149.5,149.54,149.5,149.54,340
1324038360000,149.54,149.74,149.54,149.59,300
1324038420000,149.59,149.75,149.58,149.72,420
1324038480000,149.69,149.75,149.69,149.73,170
1324038540000,149.74,149.74,149.74,149.74,200
1324038600000,149.72,149.72,149.68,149.72,510
1324038660000,149.72,149.72,149.66,149.66,130
1324038720000,149.67,149.73,149.67,149.73,230
1324038780000,149.75,149.77,149.46,149.77,1730
1324038840000,149.77,149.85,149.77,149.85,660
1324038900000,149.69,149.94,149.69,149.75,300
1324038960000,149.73,149.88,149.65,149.65,1180
1324039020000,149.38,149.77,149.28,149.75,1140
1324039080000,149.76,149.86,149.76,149.85,340
1324039140000,149.85,149.88,149.66,149.88,570
1324039200000,149.87,149.87,149.87,149.87,280
1324039260000,149.81,149.81,149.81,149.81,60
1324039320000,149.75,149.87,149.73,149.87,1060
1324039380000,149.82,149.82,149.67,149.67,4220
1324039440000,149.73,149.87,149.67,149.86,510
1324039500000,149.68,149.68,149.47,149.47,3650
1324039560000,149.38,149.38,149.35,149.36,260
1324039620000,149.26,149.26,149.05,149.06,6470
1324039680000,149.06,149.06,149.06,149.06,670
1324039740000,149.06,149.06,149.05,149.05,2060
1324039800000,149.05,149.05,149.05,149.05,60
1324039860000,149.06,149.25,149.06,149.24,6780
1324039920000,149.42,149.6,149.39,149.6,1460
1324039980000,149.61,149.79,149.61,149.78,360
1324040040000,149.82,149.82,149.4,149.4,1220
1324040100000,149.44,149.44,149.37,149.37,1750
1324040160000,149.38,149.51,149.26,149.26,4670
1324040220000,149.28,149.57,149.2,149.54,10450
1324040280000,149.48,149.48,149.2,149.29,2490
1324040340000,149.28,149.36,149.19,149.21,7270
1324040400000,149.09,149.09,148.4,148.9,29910
1324040460000,148.87,148.98,148.87,148.98,4760
1324040520000,149.18,149.45,149.04,149.04,6760
1324040580000,148.97,149.44,148.92,149.43,670
1324040640000,149.42,149.42,149.2,149.2,600
1324040700000,149.2,149.36,149.2,149.26,1040
1324040760000,149.21,149.35,149.11,149.11,1140
1324040820000,149.11,149.38,149.0,149.38,1170
1324040880000,149.37,149.4,149.37,149.4,1960
1324040940000,149.4,149.4,149.4,149.4,320
1324041000000,149.4,149.43,149.4,149.43,710
1324041060000,149.43,149.51,148.8,149.5,36040
1324041120000,149.5,149.5,149.3,149.49,23240
1324041180000,149.49,149.49,149.49,149.49,50
1324041300000,149.45,149.45,149.45,149.45,530
1324041360000,149.45,149.5,149.45,149.5,6000
1324041420000,149.5,149.5,149.48,149.48,420
1324041480000,149.48,149.48,149.48,149.48,290
1324041540000,149.44,149.44,149.44,149.44,250
1324041600000,149.39,149.39,149.39,149.39,240
1324041660000,149.39,149.48,149.32,149.32,1650
1324041720000,149.32,149.45,149.32,149.41,960
1324041840000,149.38,149.38,149.32,149.32,50
1324041900000,149.45,149.48,149.45,149.48,1570
1324041960000,149.48,149.48,149.48,149.48,150
1324042020000,149.48,149.75,149.48,149.75,15000
1324042080000,149.75,149.99,149.75,149.99,1990
1324042140000,149.91,149.91,149.88,149.89,300
1324042200000,149.89,149.89,149.59,149.79,2150
1324042260000,149.8,149.8,149.45,149.76,1950
1324042320000,149.72,149.74,149.29,149.3,590
1324042380000,149.3,149.3,149.0,149.0,3090
1324042440000,149.01,149.22,149.0,149.18,16270
1324042500000,149.18,149.23,149.02,149.23,3620
1324042560000,149.23,149.56,149.23,149.34,1350
1324042620000,149.51,149.51,149.49,149.49,450
1324042680000,149.42,149.48,149.32,149.48,280
1324042740000,149.43,149.49,149.26,149.48,610
1324042800000,149.45,149.45,149.2,149.26,790
1324042860000,149.25,149.28,149.02,149.14,1360
1324042920000,149.14,149.15,149.04,149.15,1250
1324042980000,149.15,149.15,149.15,149.15,8490
1324043040000,149.39,149.4,149.39,149.4,1120
1324043100000,149.32,149.32,149.31,149.32,110
1324043160000,149.4,149.4,149.28,149.36,810
1324043220000,149.27,149.36,149.27,149.36,340
1324043280000,149.36,149.36,149.36,149.36,110
1324043340000,149.36,150.0,149.36,149.69,29450
1324043400000,149.97,149.97,149.95,149.95,120
1324043460000,149.9,149.9,149.73,149.88,320
1324043520000,149.88,149.88,149.57,149.87,2350
1324043580000,149.72,149.76,149.72,149.76,60
1324043640000,149.76,149.77,149.76,149.76,160
1324043700000,149.82,149.82,149.64,149.64,270
1324043760000,149.8,149.8,149.66,149.68,410
1324043820000,149.55,149.55,149.55,149.55,70
1324043880000,149.48,149.5,149.48,149.5,630
1324043940000,149.5,149.75,149.5,149.72,560
1324044000000,149.7,149.74,149.58,149.58,120
1324044060000,149.55,149.7,149.45,149.45,720
1324044120000,149.37,149.7,149.31,149.69,1570
1324044180000,149.69,149.75,149.63,149.63,380
1324044240000,149.62,149.63,149.24,149.47,830
1324044300000,149.47,149.51,149.4,149.43,910
1324044360000,149.45,149.47,149.3,149.47,630
1324044420000,149.27,149.54,149.11,149.3,6380
1324044480000,149.3,149.5,149.29,149.5,630
1324044540000,149.49,149.73,149.38,149.73,2120
1324044600000,149.73,149.89,149.57,149.89,4860
1324044660000,149.85,149.88,149.54,149.78,10290
1324044720000,149.77,149.79,149.77,149.79,260
1324044780000,149.75,149.9,149.75,149.86,1660
1324044840000,149.86,150.36,149.83,150.36,4320
1324044900000,150.37,150.39,150.04,150.14,1160
1324044960000,150.39,150.65,150.28,150.65,3490
1324045020000,150.65,150.67,150.51,150.59,1770
1324045080000,150.55,150.66,150.13,150.54,3000
1324045140000,150.32,150.43,150.32,150.4,4000
1324045200000,150.65,150.65,150.19,150.31,6680
1324045260000,150.25,150.63,150.03,150.62,1820
1324045320000,150.49,150.57,150.49,150.49,760
1324045380000,150.09,150.49,150.05,150.47,560
1324045440000,150.47,150.49,150.4,150.44,1340
1324045500000,150.42,150.49,150.42,150.49,70
1324045560000,150.49,150.49,150.48,150.48,90
1324045620000,150.49,150.75,150.49,150.75,8640
1324045680000,150.74,150.8,150.74,150.8,450
1324045740000,150.79,151.0,150.77,151.0,7490
1324045800000,151.05,151.42,151.01,151.33,2560
1324045860000,151.32,151.46,151.0,151.46,3160
1324045920000,151.29,151.52,151.29,151.52,11900
1324045980000,151.52,151.8,151.5,151.53,10010
1324046040000,151.75,151.95,151.57,151.89,5110
1324046100000,151.89,151.89,151.62,151.62,1120
1324046160000,151.61,151.62,151.6,151.62,2100
1324046220000,151.71,151.89,151.6,151.89,8840
1324046280000,151.86,151.86,151.61,151.76,1560
1324046340000,151.79,151.79,151.03,151.3,28000
1324046400000,151.3,151.65,149.41,149.41,130200
1324046460000,149.68,149.89,149.0,149.0,45840
1324046520000,149.0,149.3,148.75,148.75,48280
1324046580000,148.75,148.75,146.78,148.0,141250
1324046640000,146.95,151.5,146.11,146.51,267890
1324274400000,146.51,147.5,146.01,147.5,13750
1324274460000,147.44,147.5,147.44,147.5,1030
1324274520000,147.52,147.99,147.44,147.99,3640
1324274580000,147.99,148.85,147.8,147.8,11490
1324274640000,148.56,148.69,147.5,147.52,15130
1324274700000,147.52,147.52,146.19,146.51,5690
1324274760000,147.46,147.46,146.51,146.53,6710
1324274820000,146.82,147.33,146.53,147.33,7800
1324274880000,147.02,147.68,147.01,147.68,4290
1324274940000,147.68,147.9,147.0,147.23,11740
1324275000000,147.01,147.42,147.0,147.04,3950
1324275060000,147.08,147.35,147.05,147.24,4560
1324275120000,147.25,147.25,146.7,146.7,15730
1324275180000,146.72,147.01,146.71,147.01,70
1324275240000,147.04,147.04,147.01,147.01,6300
1324275300000,147.05,147.12,147.01,147.01,9620
1324275360000,147.01,147.02,146.06,146.11,21420
1324275420000,146.13,146.2,146.12,146.12,1870
1324275480000,146.39,147.04,146.39,147.04,1350
1324275540000,146.57,147.01,146.56,147.01,550
1324275600000,146.61,147.02,146.52,147.02,2600
1324275660000,146.8,146.8,146.5,146.5,10100
1324275720000,146.77,146.77,146.5,146.5,3480
1324275780000,146.52,146.69,146.5,146.69,6060
1324275840000,146.69,146.69,146.5,146.5,3180
1324275900000,146.5,146.5,146.5,146.5,7310
1324275960000,146.5,146.51,146.5,146.5,2500
1324276020000,146.5,146.5,146.5,146.5,6310
1324276080000,146.62,146.62,146.5,146.5,1110
1324276140000,146.66,146.68,146.66,146.68,4550
1324276200000,146.69,146.76,146.65,146.76,1280
1324276320000,146.79,146.79,146.79,146.79,10
1324276380000,146.78,146.78,146.67,146.76,7150
1324276440000,146.76,146.77,146.51,146.51,3440
1324276500000,146.8,146.8,146.51,146.51,220
1324276560000,146.79,146.79,146.79,146.79,10
1324276620000,146.51,146.52,146.35,146.35,9310
1324276680000,146.35,146.35,146.23,146.23,4790
1324276740000,146.1,146.14,144.51,144.54,44300
1324276800000,145.3,145.66,145.0,145.66,220
1324276860000,145.5,145.55,145.13,145.16,1220
1324276920000,145.06,145.06,145.06,145.06,10
1324276980000,145.1,145.15,145.1,145.15,900
1324277040000,145.2,145.2,145.14,145.14,1060
1324277100000,145.07,145.1,145.06,145.1,4290
1324277160000,145.2,145.4,145.2,145.3,5700
1324277220000,145.4,145.5,145.07,145.07,5240
1324277280000,145.2,145.2,145.0,145.0,5170
1324277340000,145.35,145.35,145.1,145.1,3310
1324277400000,145.43,145.46,145.3,145.46,1520
1324277460000,145.3,145.3,145.0,145.0,5650
1324277520000,145.01,145.01,145.0,145.0,5100
1324277580000,145.01,145.01,145.0,145.0,2970
1324277640000,145.02,145.24,145.0,145.0,8870
1324277700000,145.0,145.12,144.89,144.89,1910
1324277760000,145.01,145.01,144.1,144.13,12750
1324277820000,144.21,144.3,144.13,144.3,460
1324277880000,144.3,144.8,144.3,144.8,6020
1324277940000,144.8,145.54,144.8,145.54,8980
1324278000000,145.42,145.5,145.11,145.5,3540
1324278060000,145.47,145.47,145.43,145.43,410
1324278120000,145.48,145.48,145.47,145.47,1020
1324278180000,145.48,145.49,145.48,145.49,500
1324278240000,145.48,145.49,145.32,145.32,2400
1324278300000,145.44,145.44,145.29,145.29,40
1324278420000,145.48,145.78,145.48,145.78,1330
1324278480000,145.35,145.78,145.33,145.78,930
1324278540000,145.75,145.75,145.61,145.61,30
1324278600000,145.58,145.58,145.56,145.56,20
1324278660000,145.55,146.2,145.55,146.2,11220
1324278720000,146.21,146.29,146.21,146.28,270
1324278780000,146.05,146.28,146.05,146.28,1520
1324278840000,146.28,146.5,146.28,146.48,2780
1324278900000,146.37,146.48,146.37,146.37,340
1324278960000,146.37,146.48,146.19,146.44,1550
1324279020000,146.46,146.46,146.11,146.4,1890
1324279080000,146.27,146.27,146.0,146.0,960
1324279140000,146.1,146.38,146.1,146.36,70
1324279200000,146.3,146.3,146.3,146.3,10
1324279320000,146.37,146.37,146.16,146.27,1050
1324279440000,146.27,146.27,146.27,146.27,20
1324279500000,146.27,146.38,146.27,146.38,3540
1324279560000,146.38,146.38,145.96,146.33,3820
1324279620000,146.27,146.27,146.19,146.19,70
1324279680000,146.18,146.18,146.14,146.14,40
1324279740000,146.22,146.41,146.22,146.41,850
1324279800000,146.42,146.6,146.42,146.6,7040
1324279860000,146.46,146.69,146.44,146.69,4940
1324279920000,146.64,146.75,146.64,146.64,1970
1324279980000,146.65,146.65,146.53,146.53,250
1324280040000,146.53,146.65,146.34,146.34,10180
1324280100000,146.25,146.4,145.85,146.35,21310
1324280160000,146.29,146.45,146.29,146.45,200
1324280220000,146.36,146.38,146.36,146.38,30
1324280280000,146.38,146.44,146.35,146.35,3800
1324280340000,146.36,146.36,146.35,146.35,5860
1324280400000,146.29,146.35,146.29,146.35,900
1324280460000,146.29,146.34,146.29,146.29,90
1324280520000,146.29,146.29,146.15,146.29,740
1324280580000,146.29,146.43,146.2,146.29,290
1324280640000,146.39,146.41,146.11,146.25,1400
1324280700000,146.23,146.23,146.17,146.18,220
1324280760000,146.14,146.25,146.01,146.19,780
1324280820000,146.18,146.31,146.01,146.09,1080
1324280880000,146.1,146.12,146.1,146.12,190
1324280940000,146.29,146.29,146.28,146.29,140
1324281000000,146.4,146.4,146.14,146.19,1410
1324281060000,146.18,146.18,146.18,146.18,30
1324281120000,146.18,146.29,146.18,146.29,40
1324281180000,146.3,146.4,146.22,146.22,350
1324281240000,146.27,146.42,146.21,146.28,440
1324281300000,146.44,146.45,146.29,146.29,790
1324281360000,146.29,146.29,146.29,146.29,10
1324281420000,146.35,146.35,146.35,146.35,10
1324281480000,146.35,146.4,146.21,146.4,120
1324281540000,146.36,146.36,146.36,146.36,20
1324281600000,146.29,146.29,146.21,146.21,210
1324281660000,146.21,146.21,146.12,146.15,670
1324281720000,146.14,146.55,146.14,146.55,2790
1324281780000,146.51,146.77,146.51,146.56,4190
1324281840000,146.58,146.8,146.58,146.78,990
1324281900000,146.79,147.23,146.78,147.15,4870
1324281960000,147.15,147.15,147.01,147.03,340
1324282020000,147.02,147.08,147.0,147.05,500
1324282080000,146.78,147.08,146.78,146.92,14990
1324282140000,146.92,147.18,146.9,147.08,9230
1324282200000,147.0,147.22,147.0,147.2,2440
1324282260000,147.2,147.2,147.05,147.06,3630
1324282380000,147.19,147.2,147.19,147.19,30
1324282440000,147.19,147.22,146.63,146.92,7000
1324282500000,146.97,147.34,146.97,147.07,19650
1324282560000,147.3,147.45,147.08,147.23,13130
1324282620000,147.31,147.34,147.22,147.22,760
1324282680000,147.22,147.47,147.22,147.4,2190
1324282740000,147.46,147.74,147.46,147.56,9530
1324282800000,147.64,147.8,147.4,147.6,12010
1324282860000,147.55,147.67,147.35,147.64,4560
1324282920000,147.64,147.76,146.32,147.05,28690
1324282980000,147.58,147.6,147.5,147.5,650
1324283040000,147.5,147.5,147.16,147.48,190
1324283100000,147.47,147.55,147.47,147.55,830
1324283280000,147.5,147.5,147.22,147.3,1480
1324283340000,147.31,147.31,147.31,147.31,20
1324283400000,147.45,147.5,147.04,147.05,2610
1324283460000,147.01,147.01,147.0,147.0,770
1324283520000,147.32,147.53,147.23,147.53,2090
1324283580000,147.46,147.74,147.12,147.74,11410
1324283640000,147.74,147.74,147.6,147.74,3120
1324283700000,147.41,147.41,147.23,147.39,1040
1324283760000,147.55,147.55,147.36,147.36,2780
1324283820000,147.21,147.7,146.79,147.46,13510
1324283880000,147.46,147.71,147.15,147.71,1880
1324283940000,147.34,147.38,147.16,147.23,1200
1324284000000,147.29,148.47,147.27,148.07,9360
1324284060000,148.44,148.45,147.82,147.82,790
1324284120000,148.41,148.46,147.86,148.35,1750
1324284180000,148.22,148.22,147.6,147.6,2570
1324284240000,147.52,147.52,147.08,147.24,5770
1324284300000,147.8,147.8,147.45,147.8,470
1324284360000,148.11,148.11,147.5,147.5,510
1324284420000,147.71,147.89,147.71,147.83,1800
1324284480000,147.84,147.9,147.8,147.8,8730
1324284540000,147.86,147.86,147.28,147.28,5090
1324284600000,147.28,147.54,147.2,147.54,1650
1324284660000,147.55,147.82,147.54,147.8,3960
1324284720000,147.37,147.87,147.34,147.49,3900
1324284780000,147.48,147.83,147.24,147.31,9370
1324284840000,147.31,147.31,147.2,147.2,9410
1324284900000,147.07,147.07,147.0,147.0,1100
1324284960000,147.0,147.24,147.0,147.0,1240
1324285020000,147.1,147.1,147.1,147.1,100
1324285080000,147.13,147.13,147.02,147.02,2180
1324285140000,147.11,147.11,146.94,147.0,1610
1324285200000,146.8,147.11,146.7,147.11,1480
1324285260000,147.12,147.28,147.11,147.27,6120
1324285320000,147.1,147.1,147.1,147.1,5350
1324285380000,147.1,147.3,147.1,147.3,3320
1324285440000,147.12,147.12,147.02,147.07,1100
1324285500000,147.06,147.06,146.79,146.79,2900
1324285560000,146.68,146.98,146.23,146.45,16300
1324285620000,146.45,147.06,146.18,147.06,7290
1324285680000,146.32,147.11,146.32,147.11,4590
1324285860000,147.27,147.3,147.27,147.29,4410
1324285920000,147.29,147.3,147.29,147.3,7770
1324285980000,147.3,147.89,147.3,147.64,4420
1324286040000,147.64,147.89,147.55,147.67,660
1324286100000,147.58,147.88,147.51,147.88,630
1324286160000,147.88,148.37,147.88,148.3,2280
1324286220000,148.31,148.37,147.88,147.88,1050
1324286280000,148.2,148.2,148.1,148.14,40
1324286340000,148.18,148.29,148.16,148.29,170
1324286400000,148.29,148.29,148.01,148.12,2680
1324286460000,148.1,148.1,147.89,147.99,1060
1324286520000,147.94,147.94,147.89,147.89,30
1324286580000,147.89,147.93,147.88,147.93,400
1324286640000,147.9,147.91,147.79,147.9,1920
1324286700000,148.06,148.06,148.05,148.05,20
1324286760000,147.99,147.99,147.99,147.99,50
1324286820000,148.0,148.0,147.74,147.74,6220
1324286880000,147.9,147.9,147.9,147.9,590
1324286940000,147.99,147.99,147.99,147.99,150
1324287060000,147.95,148.0,147.95,148.0,3910
1324287120000,147.96,148.32,147.96,148.32,3210
1324287180000,148.32,148.46,148.2,148.4,3640
1324287240000,148.4,148.55,148.4,148.5,4810
1324287300000,148.5,148.5,148.28,148.28,4360
1324287360000,148.28,148.28,147.25,147.87,6930
1324287420000,147.93,147.99,147.93,147.99,2000
1324287480000,148.0,148.0,148.0,148.0,50
1324287540000,148.0,148.44,148.0,148.37,940
1324287600000,148.37,148.37,148.13,148.36,290
1324287660000,148.36,148.37,148.36,148.37,40
1324287720000,148.37,148.37,148.19,148.36,110
1324287780000,148.36,148.36,148.36,148.36,50
1324287900000,148.36,148.44,148.36,148.44,1010
1324287960000,148.45,148.45,148.45,148.45,60
1324288020000,148.48,148.5,148.44,148.5,50
1324288140000,148.5,148.54,148.5,148.54,380
1324288200000,148.54,148.54,148.54,148.54,40
1324288260000,148.52,148.52,148.49,148.49,260
1324288320000,148.49,148.49,148.33,148.33,300
1324288380000,148.49,148.49,148.28,148.34,580
1324288440000,148.3,148.3,148.3,148.3,590
1324288500000,148.29,148.29,148.07,148.12,790
1324288560000,148.11,148.11,148.11,148.11,2240
1324288620000,148.27,148.3,148.27,148.28,50
1324288680000,148.14,148.14,148.13,148.13,1020
1324288740000,148.09,148.09,148.0,148.0,4800
1324288800000,148.01,148.14,147.95,148.09,4230
1324288860000,148.02,148.02,148.02,148.02,10
1324288980000,148.09,148.12,147.71,147.97,2500
1324289040000,147.86,147.87,147.71,147.71,880
1324289100000,147.82,147.82,147.8,147.8,200
1324289160000,147.94,147.94,147.71,147.71,2030
1324289220000,147.82,147.84,147.7,147.7,870
1324289280000,147.64,147.71,147.64,147.71,580
1324289340000,147.71,147.99,147.71,147.98,7210
1324289400000,147.98,147.98,147.98,147.98,20
1324289460000,147.98,147.99,147.98,147.99,1070
1324289520000,147.99,147.99,147.99,147.99,390
1324289580000,147.99,147.99,147.99,147.99,300
1324289640000,147.99,147.99,147.99,147.99,80
1324289700000,147.99,147.99,147.99,147.99,3820
1324289760000,147.99,147.99,147.99,147.99,2960
1324289820000,147.99,147.99,147.99,147.99,1850
1324289880000,147.99,148.0,147.99,148.0,1450
1324289940000,148.25,148.27,148.2,148.26,1580
1324290000000,148.26,148.26,148.25,148.25,50
1324290060000,148.24,148.24,148.24,148.24,40
1324290120000,148.24,148.27,148.24,148.27,550
1324290180000,148.27,148.33,148.11,148.33,520
1324290240000,148.33,148.43,148.33,148.43,1240
1324290300000,148.4,148.58,148.4,148.58,1310
1324290360000,148.62,148.7,148.6,148.7,2780
1324290420000,148.72,148.88,148.25,148.6,10880
1324290480000,148.83,148.89,148.73,148.88,5100
1324290540000,148.74,149.23,148.74,149.23,10330
1324290600000,149.19,149.19,149.19,149.19,30
1324290660000,149.19,149.19,149.19,149.19,40
1324290720000,149.19,149.19,149.19,149.19,40
1324290780000,149.19,149.19,149.09,149.19,170
1324290840000,149.22,149.22,149.22,149.22,30
1324290900000,149.22,149.39,149.08,149.39,5230
1324290960000,149.32,149.32,148.71,148.71,16740
1324291080000,149.16,149.17,148.99,148.99,1610
1324291140000,148.98,148.99,148.95,148.99,590
1324291200000,148.99,148.99,148.99,148.99,30
1324291260000,148.99,148.99,148.99,148.99,50
1324291320000,148.99,148.99,148.96,148.96,40
1324291380000,148.95,148.96,148.73,148.95,1230
1324291440000,148.94,148.95,148.94,148.95,210
1324291500000,148.95,148.95,148.95,148.95,10
1324291560000,148.98,148.98,148.98,148.98,50
1324291680000,148.87,149.2,148.81,149.2,13080
1324291740000,149.19,149.19,149.19,149.19,90
1324291800000,149.19,149.19,148.35,148.59,10710
1324291860000,148.94,148.98,148.57,148.57,3130
1324291920000,148.5,148.51,148.5,148.51,300
1324291980000,148.54,148.54,148.2,148.2,4990
1324292040000,148.2,148.49,148.2,148.26,1310
1324292100000,148.53,148.57,148.53,148.57,30
1324292160000,148.3,148.3,148.26,148.3,190
1324292220000,148.32,148.54,148.32,148.53,140
1324292280000,148.53,148.57,148.53,148.56,190
1324292340000,148.49,148.53,148.49,148.52,50
1324292400000,148.58,148.99,148.58,148.99,950
1324292460000,148.79,148.83,148.74,148.83,60
1324292520000,148.81,148.89,148.8,148.87,720
1324292580000,148.85,148.85,148.85,148.85,210
1324292700000,148.82,148.88,148.82,148.88,60
1324292760000,148.68,148.86,148.68,148.74,100
1324292820000,148.51,148.51,148.31,148.31,270
1324292880000,148.31,148.31,148.2,148.2,2290
1324292940000,148.2,148.49,148.2,148.48,660
1324293000000,148.43,148.43,148.43,148.43,50
1324293060000,148.43,148.43,148.43,148.43,10
1324293120000,148.44,148.44,148.44,148.44,40
1324293180000,148.4,148.44,148.27,148.44,70
1324293240000,148.44,148.44,148.44,148.44,40
1324293300000,148.16,148.39,148.13,148.39,230
1324293360000,148.37,148.44,148.36,148.44,80
1324293420000,148.44,148.44,148.44,148.44,60
1324293480000,148.48,148.5,148.48,148.5,60
1324293540000,148.5,148.5,148.48,148.5,620
1324293600000,148.5,148.87,148.5,148.87,1160
1324293660000,148.83,148.83,148.58,148.76,580
1324293720000,148.72,148.75,148.58,148.72,680
1324293780000,148.72,148.72,148.72,148.72,50
1324293840000,148.75,148.75,148.69,148.69,160
1324293900000,148.68,148.68,148.66,148.66,30
1324293960000,148.66,148.66,148.5,148.5,980
1324294020000,148.52,148.68,148.5,148.68,2640
1324294080000,148.93,148.93,148.54,148.54,180
1324294140000,148.63,148.7,148.63,148.69,1050
1324294200000,148.63,148.67,148.43,148.43,8140
1324294260000,148.49,148.49,148.33,148.33,40
1324294320000,148.49,148.49,148.49,148.49,40
1324294380000,148.49,148.75,148.49,148.75,80
1324294440000,148.95,148.95,148.94,148.94,20
1324294500000,148.91,148.93,148.91,148.93,80
1324294560000,148.92,148.93,148.92,148.93,30
1324294620000,148.93,148.93,148.85,148.85,300
1324294680000,148.79,148.79,148.79,148.79,10
1324294740000,148.8,148.91,148.8,148.91,40
1324294800000,148.88,148.88,148.88,148.88,50
1324294860000,148.88,148.91,148.69,148.88,80
1324294920000,148.88,148.9,148.88,148.9,40
1324294980000,148.9,148.9,148.5,148.5,330
1324295040000,148.85,148.85,148.85,148.85,20
1324295100000,148.57,148.89,148.54,148.89,310
1324295160000,148.8,148.83,148.6,148.77,110
1324295220000,148.77,148.85,148.77,148.85,2300
1324295280000,148.84,148.84,148.84,148.84,250
1324295340000,148.84,148.84,148.84,148.84,50
1324295400000,148.84,148.95,148.82,148.95,3970
1324295460000,148.92,148.92,148.92,148.92,10
1324295520000,148.96,148.96,148.91,148.91,190
1324295580000,148.96,148.98,148.88,148.97,270
1324295640000,148.89,148.89,148.89,148.89,80
1324295760000,148.97,148.98,148.97,148.98,120
1324295820000,148.9,149.0,148.9,149.0,2640
1324295880000,149.0,149.0,149.0,149.0,50
1324295940000,149.0,149.2,149.0,149.2,330
1324296000000,149.2,149.3,149.2,149.3,1510
1324296120000,149.3,149.42,149.14,149.14,960
1324296180000,149.38,149.39,149.35,149.35,70
1324296240000,149.35,149.39,149.32,149.39,160
1324296300000,149.39,149.42,149.3,149.42,600
1324296360000,149.42,149.6,149.32,149.6,4280
1324296420000,149.6,149.69,149.6,149.65,590
1324296480000,149.69,149.7,149.69,149.7,360
1324296540000,149.75,149.8,149.7,149.77,1410
1324296600000,149.77,149.78,149.77,149.78,90
1324296660000,149.78,149.78,149.77,149.77,2800
1324296720000,149.78,149.8,149.77,149.78,750
1324296780000,149.79,149.8,149.79,149.79,450
1324296840000,149.8,149.8,149.78,149.78,40
1324296900000,149.78,149.8,149.77,149.79,190
1324296960000,149.79,149.79,149.79,149.79,10
1324297020000,149.8,149.8,149.77,149.78,1490
1324297080000,149.78,149.8,149.77,149.8,830
1324297140000,149.8,149.98,149.77,149.93,4560
1324297200000,149.93,150.05,149.93,150.05,23100
1324297260000,150.15,150.39,150.15,150.39,1570
1324297320000,150.31,150.32,150.16,150.2,1460
1324297380000,150.2,150.36,150.16,150.35,3260
1324297440000,150.35,150.39,150.35,150.39,260
1324297500000,150.32,150.32,150.32,150.32,90
1324297560000,150.38,150.38,150.28,150.28,410
1324297620000,150.29,150.29,150.24,150.24,190
1324297680000,150.24,150.37,150.24,150.35,50
1324297740000,150.23,150.3,150.2,150.3,310
1324297800000,150.28,150.46,150.28,150.45,7470
1324297860000,150.45,150.51,150.45,150.51,18380
1324297920000,150.54,150.66,150.47,150.6,4120
1324297980000,150.6,150.79,150.47,150.79,7240
1324298040000,150.7,150.7,150.6,150.65,2260
1324298100000,150.7,150.7,150.65,150.65,50
1324298160000,150.65,150.7,150.45,150.45,11170
1324298220000,150.45,150.67,150.45,150.59,550
1324298280000,150.51,150.51,150.02,150.46,2190
1324298340000,150.48,150.49,150.48,150.48,1580
1324298400000,150.44,150.44,150.18,150.18,2760
1324298460000,150.32,150.41,150.32,150.41,180
1324298520000,150.43,150.45,150.39,150.43,90
1324298580000,150.43,150.44,150.19,150.19,540
1324298640000,150.19,150.38,150.18,150.27,390
1324298700000,150.28,150.28,150.18,150.18,860
1324298760000,150.18,150.18,150.18,150.18,50
1324298820000,150.17,150.18,150.17,150.18,800
1324298880000,150.18,150.18,150.0,150.18,6870
1324298940000,150.18,150.18,150.0,150.0,1550
1324299000000,150.17,150.17,150.0,150.0,4240
1324299060000,149.92,149.92,149.79,149.79,2670
1324299120000,149.7,149.7,149.4,149.4,4680
1324299180000,149.4,149.4,149.11,149.11,6480
1324299240000,149.11,149.12,149.1,149.12,4270
1324299300000,149.12,149.32,149.11,149.15,1420
1324299360000,149.28,149.28,149.14,149.27,1030
1324299420000,149.15,149.29,149.12,149.15,4240
1324299480000,149.15,149.35,149.11,149.35,5020
1324299540000,149.3,149.35,149.13,149.34,1040
1324299600000,149.35,149.35,149.28,149.32,50
1324299660000,149.27,149.27,148.93,148.93,3340
1324299720000,148.93,148.98,148.8,148.98,3230
1324299780000,148.83,148.94,148.79,148.79,890
1324299840000,148.79,148.87,148.78,148.8,2460
1324299900000,148.87,148.98,148.87,148.98,970
1324299960000,148.98,149.19,148.98,149.19,940
1324300020000,149.19,149.35,149.17,149.35,390
1324300080000,149.39,149.77,149.37,149.76,1820
1324300140000,149.76,150.28,149.76,150.2,4970
1324300200000,150.25,150.25,149.37,149.59,3110
1324300260000,149.59,150.12,149.59,150.12,1090
1324300320000,149.84,149.84,149.4,149.4,5060
1324300380000,149.41,149.69,149.04,149.44,18890
1324300440000,149.71,149.71,149.5,149.65,5020
1324300500000,149.59,149.59,149.23,149.23,60
1324300560000,149.2,149.28,149.04,149.28,440
1324300620000,149.46,149.46,149.43,149.43,20
1324300680000,149.14,149.14,149.0,149.0,3630
1324300740000,149.0,149.0,148.89,148.89,2380
1324300800000,148.99,149.31,148.99,149.31,4600
1324300860000,149.25,149.35,149.25,149.26,1290
1324300920000,149.5,149.54,149.5,149.54,20
1324300980000,149.53,149.73,149.5,149.73,660
1324301040000,149.73,149.73,149.64,149.64,880
1324301100000,149.7,149.79,149.55,149.59,2040
1324301160000,149.6,149.69,149.6,149.69,110
1324301220000,149.6,149.6,149.48,149.57,5250
1324301280000,149.57,149.9,149.57,149.9,7060
1324301340000,149.9,150.22,149.9,150.22,3050
1324301400000,150.22,150.68,150.22,150.65,13110
1324301460000,150.61,150.82,150.6,150.79,4450
1324301520000,150.8,150.8,150.65,150.65,1770
1324301640000,150.74,150.77,150.44,150.77,800
1324301700000,150.57,150.78,150.5,150.67,2770
1324301760000,150.67,150.67,150.5,150.6,1490
1324301820000,150.52,150.65,149.99,150.53,390
1324301880000,150.53,150.64,150.53,150.64,2300
1324301940000,150.61,150.61,150.39,150.39,880
1324302000000,150.41,150.66,150.41,150.66,380
1324302060000,150.53,150.53,150.53,150.53,10
1324302120000,150.66,150.66,150.11,150.11,12750
1324302180000,150.11,150.14,150.0,150.0,2550
1324302240000,150.0,150.16,150.0,150.16,1210
1324302300000,150.29,150.29,150.29,150.29,10
1324302360000,150.16,150.47,150.16,150.47,7160
1324302420000,150.47,150.53,150.47,150.49,2110
1324302480000,150.49,150.49,150.32,150.33,170
1324302540000,150.47,150.47,150.17,150.2,1580
1324302600000,150.45,150.45,150.18,150.19,330
1324302660000,150.32,150.33,150.05,150.05,1480
1324302720000,150.01,150.05,150.0,150.05,4720
1324302840000,150.08,150.08,150.08,150.08,30
1324302900000,150.08,150.08,149.7,149.7,3080
1324302960000,149.99,149.99,149.72,149.73,980
1324303020000,149.64,150.0,149.64,149.72,1650
1324303080000,149.76,149.76,149.52,149.52,990
1324303140000,149.53,149.94,149.53,149.94,2990
1324303200000,149.82,150.0,149.82,150.0,250
1324303260000,149.99,149.99,149.92,149.92,100
1324303320000,149.93,149.93,149.51,149.51,330
1324303380000,149.51,149.51,149.49,149.49,490
1324303440000,149.69,149.69,148.94,148.95,3320
1324303500000,148.95,149.08,148.75,149.0,5850
1324303560000,149.08,149.08,149.01,149.08,30
1324303620000,149.09,149.09,148.71,148.78,5740
1324303680000,148.78,149.05,148.7,148.7,7730
1324303740000,148.73,148.9,148.7,148.7,1880
1324303800000,148.89,149.02,148.65,149.01,1170
1324303860000,149.09,149.1,148.64,148.95,4590
1324303920000,149.05,149.4,149.05,149.39,1860
1324303980000,149.4,149.4,148.72,148.79,3330
1324304040000,148.79,148.97,148.79,148.79,2170
1324304100000,148.85,148.85,148.62,148.62,1540
1324304160000,148.62,148.78,148.5,148.54,7870
1324304220000,148.54,148.64,148.54,148.64,170
1324304280000,148.63,148.63,148.5,148.5,510
1324304340000,148.6,148.71,148.6,148.71,430
1324304400000,148.84,148.9,148.83,148.9,280
1324304460000,148.9,149.27,148.9,149.27,6500
1324304520000,149.26,149.5,149.26,149.49,1370
1324304580000,149.56,149.56,149.03,149.3,550
1324304640000,149.26,149.27,149.26,149.26,1300
1324304700000,149.19,149.19,149.19,149.19,60
1324304760000,149.19,149.19,149.01,149.01,1380
1324304820000,149.03,149.03,149.03,149.03,10
1324304880000,149.19,149.38,149.01,149.01,1340
1324304940000,149.47,149.48,149.05,149.31,2580
1324305000000,149.28,149.28,149.25,149.25,30
1324305060000,149.09,149.21,149.06,149.21,140
1324305120000,149.1,149.48,149.09,149.48,2410
1324305180000,149.46,149.5,149.42,149.47,28740
1324305240000,149.49,149.7,149.48,149.68,20260
1324305300000,149.67,149.7,149.45,149.51,3890
1324305360000,149.49,149.49,149.45,149.45,70
1324305420000,149.45,149.45,149.01,149.01,5990
1324305480000,149.0,149.0,148.81,148.82,3790
1324305540000,148.85,148.86,148.82,148.83,3430
1324305600000,148.83,149.0,148.83,149.0,3010
1324305660000,149.15,149.2,149.15,149.2,19560
1324305720000,149.41,149.5,149.4,149.5,1660
1324305780000,149.41,149.53,149.41,149.53,1530
1324305840000,149.53,149.73,149.5,149.73,8590
1324360800000,149.91,149.91,149.3,149.3,260
1324360860000,149.45,149.46,149.45,149.46,500
1324360980000,149.18,149.46,149.17,149.17,440
1324361040000,149.17,149.32,149.16,149.16,250
1324361100000,149.48,149.63,149.01,149.61,5240
1324361160000,149.08,149.35,149.08,149.3,580
1324361220000,149.39,149.39,149.09,149.09,1090
1324361280000,149.09,149.09,149.09,149.09,20
1324361340000,149.1,149.1,149.07,149.07,100
1324361400000,149.21,149.3,149.21,149.3,1460
1324361460000,149.3,149.3,149.3,149.3,500
1324361520000,149.33,149.33,149.3,149.3,820
1324361820000,149.44,149.63,149.44,149.63,110
1324361880000,149.69,149.81,149.52,149.81,3220
1324361940000,149.57,149.57,149.57,149.57,60
1324362060000,149.66,149.66,149.66,149.66,50
1324362120000,149.5,149.5,149.39,149.39,300
1324362180000,149.46,149.66,149.43,149.66,460
1324362240000,149.33,149.33,149.06,149.06,1950
1324362300000,149.06,149.15,149.06,149.15,260
1324362360000,149.14,149.14,148.6,148.6,1540
1324362420000,148.6,148.6,148.5,148.6,6870
1324362480000,148.42,148.42,148.07,148.08,8460
1324362540000,148.19,148.19,148.09,148.09,3980
1324362600000,148.08,148.08,148.06,148.06,4200
1324362660000,148.06,148.39,148.05,148.39,5310
1324362720000,148.39,148.55,148.39,148.5,740
1324362840000,148.31,148.31,148.3,148.3,1500
1324362900000,148.31,148.46,148.3,148.46,690
1324362960000,148.46,148.46,148.46,148.46,50
1324363020000,148.46,148.6,148.46,148.59,200
1324363080000,148.48,148.65,148.38,148.54,7930
1324363140000,148.67,148.67,148.67,148.67,2000
1324363200000,148.98,149.0,148.98,149.0,350
1324363260000,149.01,149.01,149.0,149.0,2310
1324363320000,149.0,149.0,148.99,149.0,8020
1324363380000,149.06,149.1,149.06,149.1,20
1324363500000,148.84,148.84,148.73,148.73,210
1324363680000,149.08,149.38,149.08,149.37,5860
1324363740000,149.45,149.45,149.45,149.45,10
1324363800000,149.25,149.25,149.25,149.25,3160
1324363860000,149.27,149.45,149.25,149.25,5250
1324363920000,149.41,149.41,149.41,149.41,10
1324363980000,149.27,149.42,149.26,149.34,1740
1324364040000,149.44,149.5,149.44,149.5,12460
1324364100000,149.51,149.51,149.5,149.5,210
1324364160000,149.51,149.76,149.51,149.76,3790
1324364220000,149.63,149.88,149.63,149.88,3270
1324364280000,149.71,149.88,149.7,149.88,60
1324364400000,149.75,149.87,149.73,149.87,3680
1324364460000,149.66,149.88,149.65,149.88,960
1324364520000,149.67,149.67,149.52,149.52,360
1324364580000,149.78,149.78,149.51,149.51,1360
1324364640000,149.46,149.7,149.46,149.7,20340
1324365000000,149.67,149.67,149.67,149.67,10
1324365120000,149.7,149.7,149.7,149.7,660
1324365240000,149.77,149.77,149.77,149.77,10
1324365300000,149.77,149.77,149.77,149.77,10
1324365360000,149.78,149.88,149.78,149.88,120
1324365480000,149.87,149.87,149.87,149.87,50
1324365660000,149.69,149.69,149.69,149.69,3150
1324365720000,149.87,149.87,149.87,149.87,20
1324365780000,149.72,149.77,149.61,149.77,310
1324365840000,149.56,149.56,149.41,149.41,13730
1324365900000,149.4,149.4,149.26,149.26,11030
1324365960000,149.4,149.4,149.26,149.26,160
1324366020000,149.27,149.4,149.27,149.4,3560
1324366200000,149.69,149.69,149.51,149.51,60
1324366260000,149.52,149.52,149.52,149.52,10
1324366380000,149.7,149.7,149.7,149.7,10
1324366920000,149.69,149.69,149.52,149.52,320
1324366980000,149.52,149.52,149.5,149.5,410
1324367040000,149.46,149.5,149.46,149.5,3500
1324367100000,149.5,149.5,149.5,149.5,40
1324367460000,149.67,149.68,149.67,149.68,20
1324367700000,149.53,149.53,149.53,149.53,10
1324367880000,149.68,149.77,149.68,149.77,2210
1324367940000,149.8,149.9,149.8,149.9,1100
1324368000000,149.98,150.38,149.98,150.38,4020
1324368120000,150.29,150.29,150.29,150.29,260
1324368180000,150.29,150.29,150.14,150.14,240
1324368240000,150.13,150.13,150.13,150.13,80
1324368300000,149.89,149.89,149.89,149.89,250
1324368420000,150.14,150.14,149.31,149.31,1910
1324368480000,149.33,149.37,149.33,149.37,430
1324368660000,149.9,149.9,149.9,149.9,400
1324368720000,150.09,150.15,150.09,150.15,30
1324368840000,149.99,150.14,149.99,150.14,500
1324368900000,149.58,149.59,149.3,149.3,8010
1324368960000,149.46,149.46,149.45,149.45,210
1324369020000,149.54,149.66,149.54,149.66,1000
1324369200000,149.9,149.93,149.9,149.93,1340
1324369380000,149.43,149.43,149.43,149.43,3380
1324369440000,149.56,149.58,149.56,149.58,170
1324369500000,149.55,149.55,149.55,149.55,50
1324369680000,149.64,149.64,149.34,149.64,1540
1324369740000,149.4,149.4,149.4,149.4,60
1324369920000,149.3,149.3,149.3,149.3,100
1324370040000,149.45,149.49,149.45,149.49,650
1324370100000,149.5,149.5,149.5,149.5,70
1324370220000,149.95,149.95,149.91,149.91,970
1324370520000,149.83,149.83,149.78,149.78,600
1324370700000,149.78,149.78,149.78,149.78,10
1324370760000,149.92,149.93,149.92,149.93,600
1324370820000,149.93,149.99,149.92,149.99,540
1324371060000,149.83,149.83,149.83,149.83,140
1324371240000,149.97,149.98,149.97,149.98,620
1324371780000,149.95,149.99,149.95,149.99,870
1324371900000,149.92,149.92,149.92,149.92,30
1324371960000,149.99,150.0,149.99,150.0,200
1324372020000,150.0,150.0,150.0,150.0,20
1324372080000,150.0,150.02,149.78,150.02,11320
1324372260000,149.82,149.82,149.82,149.82,10
1324372440000,149.93,149.98,149.93,149.98,30
1324372500000,149.82,149.82,149.8,149.8,690
1324372620000,149.78,149.78,149.78,149.78,60
1324372920000,149.7,149.71,149.7,149.71,700
1324373040000,149.65,149.65,149.65,149.65,870
1324373160000,149.65,149.65,149.63,149.63,300
1324373280000,149.8,149.82,149.8,149.8,510
1324373520000,149.63,149.63,149.63,149.63,290
1324373580000,149.55,149.55,149.35,149.35,3350
1324373640000,149.35,149.35,148.53,148.71,10430
1324373700000,148.56,148.93,148.55,148.93,930
1324373760000,148.85,148.85,148.85,148.85,40
1324373820000,148.85,148.85,148.7,148.7,4400
1324373880000,148.7,148.7,148.7,148.7,1970
1324373940000,148.74,148.74,148.6,148.6,2250
1324374000000,148.6,148.6,148.3,148.3,3300
1324374060000,148.35,148.51,148.35,148.5,2600
1324374120000,148.59,149.0,148.59,149.0,2970
1324374300000,148.9,148.9,148.66,148.88,1370
1324374360000,148.99,148.99,148.99,148.99,920
1324374420000,148.99,149.08,148.99,149.08,50
1324374480000,149.0,149.0,148.9,148.9,20
1324374540000,148.9,149.0,148.65,149.0,5160
1324374600000,149.0,149.0,148.86,148.86,6960
1324374660000,148.85,148.99,148.5,148.5,7780
1324374720000,148.77,148.92,148.77,148.9,1000
1324374780000,148.89,148.9,148.89,148.9,20
1324374900000,148.89,148.9,148.89,148.9,20
1324374960000,148.9,148.9,148.87,148.87,520
1324375020000,148.87,148.87,148.8,148.87,40
1324375080000,148.87,148.88,148.87,148.88,160
1324375140000,148.74,148.74,148.61,148.61,480
1324375320000,148.87,148.88,148.87,148.88,230
1324375380000,148.89,148.9,148.89,148.9,50
1324375440000,148.9,148.9,148.89,148.89,80
1324375740000,148.89,148.89,148.89,148.89,20
1324375860000,148.89,148.9,148.88,148.9,1450
1324375920000,148.89,148.89,148.89,148.89,10
1324375980000,148.9,148.9,148.88,148.88,1010
1324376220000,148.87,148.87,148.7,148.7,140
1324376280000,148.8,148.9,148.8,148.9,40
1324376340000,148.9,148.9,148.9,148.9,100
1324376520000,148.8,148.8,148.8,148.8,60
1324376640000,148.89,148.9,148.89,148.9,700
1324376700000,148.9,148.9,148.61,148.79,2710
1324377000000,148.8,148.8,148.8,148.8,10
1324377060000,148.76,148.76,148.76,148.76,390
1324377420000,148.75,148.9,148.75,148.87,710
1324377540000,148.9,148.9,148.9,148.9,10
1324377600000,148.88,148.9,148.88,148.9,3420
1324377720000,148.74,148.9,148.7,148.9,1830
1324377780000,148.86,149.0,148.73,149.0,13680
1324377840000,148.79,149.0,148.79,149.0,830
1324377900000,149.0,149.0,149.0,149.0,1670
1324378020000,149.0,149.0,149.0,149.0,370
1324378080000,149.0,149.0,149.0,149.0,440
1324378140000,149.0,149.0,149.0,149.0,2030
1324378200000,149.0,149.0,149.0,149.0,7010
1324378260000,149.0,149.08,149.0,149.08,3980
1324378380000,149.03,149.21,149.03,149.21,740
1324378440000,149.21,149.5,149.21,149.5,630
1324378500000,149.5,149.63,149.43,149.43,590
1324378560000,149.49,149.49,149.49,149.49,10
1324378620000,149.39,149.5,149.39,149.5,1230
1324378680000,149.5,149.5,149.49,149.5,3000
1324378740000,149.5,149.5,149.5,149.5,1220
1324378800000,149.5,149.5,149.5,149.5,860
1324378860000,149.5,149.5,149.35,149.35,10070
1324378920000,149.4,149.5,149.16,149.49,8060
1324378980000,149.48,149.5,149.16,149.5,120
1324379040000,149.5,149.5,149.5,149.5,9600
1324379100000,149.5,149.63,149.5,149.63,8600
1324379160000,149.6,149.6,149.6,149.6,3030
1324379340000,149.6,149.6,149.6,149.6,580
1324379400000,149.6,149.6,149.47,149.6,1940
1324379460000,149.52,149.52,149.51,149.51,140
1324379640000,149.45,149.45,149.28,149.29,780
1324379700000,149.5,149.58,149.5,149.58,450
1324379820000,149.5,149.5,149.5,149.5,500
1324379880000,149.59,149.6,149.39,149.6,110
1324379940000,149.5,149.63,149.42,149.63,250
1324380060000,149.5,149.6,149.37,149.6,860
1324380180000,149.6,149.6,149.6,149.6,400
1324380240000,149.58,149.6,149.55,149.6,1340
1324380300000,149.6,149.6,149.6,149.6,3570
1324380360000,149.6,149.63,149.6,149.63,240
1324380420000,149.63,149.79,149.63,149.79,7880
1324380480000,149.79,150.1,149.79,150.1,6390
1324380540000,150.1,150.29,150.1,150.18,10490
1324380600000,150.29,151.19,150.1,150.2,79650
1324380660000,150.66,150.69,150.11,150.11,6410
1324380720000,150.11,150.85,150.11,150.66,5530
1324380780000,150.37,150.83,150.11,150.81,2970
1324380840000,150.36,150.61,150.15,150.56,1070
1324380900000,150.29,150.44,150.1,150.11,5310
1324380960000,150.3,150.44,150.3,150.4,960
1324381020000,150.24,150.39,150.11,150.39,1930
1324381080000,150.21,150.39,150.11,150.39,1710
1324381140000,150.12,150.12,149.9,149.9,9260
1324381200000,149.9,149.9,149.02,149.65,5850
1324381260000,149.65,149.67,149.57,149.57,820
1324381320000,149.67,149.67,149.39,149.39,1770
1324381380000,149.5,149.58,149.5,149.58,1820
1324381440000,149.51,149.66,149.51,149.66,140
1324381500000,149.62,149.62,149.62,149.62,1080
1324381560000,149.53,149.64,149.53,149.64,700
1324381620000,149.63,149.64,149.63,149.64,210
1324381740000,149.55,149.55,149.55,149.55,110
1324381800000,149.63,149.77,149.53,149.77,240
1324381860000,149.77,149.91,149.77,149.91,100
1324382100000,149.87,149.87,149.87,149.87,10
1324382160000,149.87,149.89,149.71,149.71,1060
1324382220000,149.89,149.89,149.89,149.89,10
1324382280000,149.7,149.7,149.58,149.58,1100
1324382340000,149.76,149.78,149.76,149.76,140
1324382400000,149.77,149.77,149.76,149.76,30
1324382460000,149.78,149.78,149.47,149.59,1380
1324382520000,149.7,149.7,149.7,149.7,20
1324382580000,149.61,149.61,149.55,149.55,710
1324382640000,149.5,149.69,149.5,149.69,2110
1324382700000,149.69,149.69,149.69,149.69,80
1324382760000,149.7,149.7,149.7,149.7,10
1324382880000,149.61,149.61,149.61,149.61,1470
1324382940000,149.61,149.61,149.61,149.61,1030
1324383060000,149.68,149.69,149.68,149.69,810
1324383120000,149.69,149.69,149.69,149.69,140
1324383180000,149.7,149.7,149.7,149.7,210
1324383240000,149.7,149.7,149.66,149.66,2560
1324383300000,149.82,149.84,149.82,149.84,30
1324383480000,149.65,149.65,149.64,149.64,110
1324383540000,149.7,149.7,149.64,149.64,50
1324383600000,149.78,149.83,149.78,149.83,220
1324383660000,149.83,149.94,149.83,149.94,1210
1324383720000,149.92,149.94,149.87,149.87,1440
1324383780000,149.94,149.98,149.93,149.95,5690
1324383840000,149.98,149.98,149.98,149.98,20
1324383900000,149.97,149.98,149.97,149.97,960
1324383960000,149.97,149.97,149.95,149.95,3410
1324384020000,149.9,149.9,149.75,149.75,3000
1324384080000,149.64,149.64,149.64,149.64,20
1324384320000,149.71,149.71,149.71,149.71,10
1324384380000,149.85,149.85,149.85,149.85,20
1324384440000,149.86,149.86,149.85,149.85,300
1324384500000,149.86,149.86,149.86,149.86,10
1324384620000,149.86,149.88,149.8,149.8,960
1324384680000,149.9,149.97,149.9,149.97,2810
1324384740000,149.99,149.99,149.82,149.99,450
1324384800000,149.98,150.1,149.98,150.1,18090
1324384860000,150.1,150.12,150.01,150.05,1530
1324384920000,150.12,150.12,150.0,150.01,2810
1324384980000,150.11,150.12,150.01,150.01,30
1324385040000,150.09,150.09,150.01,150.01,30
1324385100000,150.04,150.09,150.01,150.09,1550
1324385160000,150.09,150.09,150.09,150.09,40
1324385220000,150.01,150.08,150.01,150.08,1250
1324385340000,150.03,150.03,150.03,150.03,1000
1324385400000,150.07,150.12,150.06,150.12,2320
1324385460000,150.12,150.14,150.12,150.14,8170
1324385520000,150.21,150.24,150.21,150.24,110
1324385580000,150.14,150.14,150.04,150.05,2400
1324385640000,150.23,150.25,150.22,150.25,1530
1324385700000,150.29,150.3,150.23,150.23,22200
1324385760000,150.19,150.2,150.19,150.2,20
1324385820000,150.19,150.19,150.14,150.17,510
1324385880000,150.2,150.2,150.2,150.2,30
1324385940000,150.2,150.3,150.2,150.2,6450
1324386000000,150.3,150.3,150.3,150.3,810
1324386060000,150.3,150.3,150.21,150.21,1920
1324386120000,150.21,150.25,150.08,150.25,110
1324386180000,150.25,150.28,150.25,150.28,30
1324386240000,150.09,150.17,150.0,150.0,9050
1324386300000,150.16,150.29,150.0,150.28,6100
1324386360000,150.08,150.25,150.08,150.25,30
1324386480000,150.06,150.06,150.0,150.0,7080
1324386540000,150.21,150.21,150.21,150.21,10
1324386600000,150.01,150.19,150.0,150.19,410
1324386660000,150.04,150.19,150.0,150.18,630
1324386720000,150.03,150.19,150.02,150.19,70
1324386900000,150.03,150.03,150.0,150.0,200
1324387020000,150.01,150.2,150.01,150.2,10120
1324387080000,150.18,150.19,150.18,150.19,260
1324387140000,150.2,150.25,150.2,150.25,890
1324387200000,150.2,150.28,150.2,150.28,1620
1324387260000,150.28,150.3,150.26,150.3,33610
1324387320000,150.27,150.45,150.26,150.45,6750
1324387380000,150.35,150.48,150.3,150.3,8880
1324387440000,150.43,150.43,150.29,150.29,230
1324387500000,150.29,150.29,150.28,150.28,3970
1324387560000,150.35,150.43,150.28,150.43,610
1324387680000,150.3,150.41,150.3,150.41,20
1324387800000,150.3,150.3,150.3,150.3,30
1324387860000,150.3,150.36,150.2,150.36,20930
1324387920000,150.28,150.38,150.24,150.24,140
1324387980000,150.36,150.4,150.36,150.4,170
1324388040000,150.4,150.44,150.4,150.44,960
1324388100000,150.43,150.44,150.43,150.44,210
1324388160000,150.43,150.45,150.43,150.45,22480
1324388220000,150.45,150.45,150.45,150.45,2320
1324388280000,150.45,150.45,150.45,150.45,4500
1324388340000,150.45,150.89,150.41,150.89,18570
1324388400000,150.88,150.9,150.75,150.89,13160
1324388460000,150.89,150.89,150.7,150.7,3100
1324388520000,150.69,151.15,150.59,150.61,90500
1324388580000,150.97,151.0,150.97,151.0,1410
1324388640000,151.0,151.09,151.0,151.09,190
1324388700000,151.09,151.14,151.0,151.01,3310
1324388760000,151.0,151.52,151.0,151.33,71420
1324388820000,151.44,151.67,151.44,151.67,20370
1324388880000,151.7,151.83,151.58,151.6,7390
1324388940000,151.59,152.11,151.59,152.11,180780
1324389000000,152.11,152.38,152.11,152.11,7080
1324389060000,152.11,152.11,151.87,151.87,6990
1324389120000,151.63,152.02,151.6,152.02,2300
1324389180000,151.72,151.72,151.72,151.72,90
1324389240000,151.95,152.0,151.95,152.0,830
1324389300000,152.0,152.01,151.78,151.78,730
1324389360000,151.81,151.89,151.76,151.76,630
1324389420000,151.76,151.78,151.69,151.69,2170
1324389480000,151.6,151.6,151.6,151.6,500
1324389540000,151.64,151.94,151.64,151.94,5040
1324389600000,151.93,152.0,151.93,151.98,4660
1324389660000,151.98,152.0,151.98,152.0,102890
1324389720000,151.98,152.0,151.87,152.0,117370
1324389780000,152.0,152.05,152.0,152.0,6310
1324389840000,151.94,152.64,151.94,152.22,64620
1324389900000,152.48,152.48,152.36,152.48,360
1324389960000,152.58,152.63,152.47,152.47,9350
1324390020000,152.44,152.44,152.44,152.44,30
1324390080000,152.27,152.4,152.25,152.36,1010
1324390140000,152.58,152.65,152.58,152.65,3220
1324390200000,152.59,152.59,152.59,152.59,210
1324390260000,152.56,152.56,152.56,152.56,40
1324390320000,152.46,152.46,152.32,152.32,5000
1324390440000,152.33,152.33,152.25,152.25,3590
1324390500000,152.35,152.4,152.35,152.4,520
1324390560000,152.39,152.44,152.11,152.11,5570
1324390620000,152.19,152.21,152.19,152.21,4970
1324390680000,152.24,152.25,152.19,152.25,12830
1324390740000,152.19,152.46,152.19,152.46,13970
1324390800000,152.32,152.34,152.29,152.3,1260
1324390860000,152.21,152.21,151.96,152.07,13840
1324390920000,152.14,152.6,152.02,152.02,14740
1324390980000,152.32,152.33,152.32,152.32,1710
1324391040000,152.33,152.67,152.28,152.33,2570
1324391100000,152.68,152.88,152.68,152.88,4840
1324391160000,152.87,153.0,152.85,153.0,2200
1324391220000,153.0,153.0,152.71,152.71,3500
1324391280000,152.71,152.98,152.7,152.98,810
1324391340000,152.94,152.97,152.79,152.89,5620
1324391400000,152.93,152.93,152.92,152.92,420
1324391460000,152.73,152.73,152.68,152.7,9920
1324391520000,152.62,152.89,152.32,152.89,4410
1324391580000,152.83,152.89,152.39,152.89,1800
1324391640000,152.46,152.91,152.38,152.41,8690
1324391700000,152.73,152.97,152.71,152.83,4540
1324391760000,152.72,152.79,152.39,152.79,1550
1324391820000,152.78,152.79,152.78,152.79,3300
1324391880000,152.78,153.1,152.78,153.1,16610
1324391940000,153.0,153.1,153.0,153.1,1880
1324392000000,153.09,153.51,152.77,153.51,19070
1324392060000,153.51,153.65,153.02,153.1,16990
1324392120000,153.44,153.5,153.2,153.5,18820
1324392180000,153.31,154.0,153.21,154.0,26000
1324392240000,153.72,154.3,153.32,154.22,26090
1324447200000,155.03,155.96,155.01,155.25,850
1324447260000,155.12,156.2,155.12,155.99,1380
1324447320000,155.97,155.99,155.42,155.68,3360
1324447380000,155.68,155.88,155.26,155.88,11180
1324447440000,155.88,155.89,155.88,155.89,80
1324447500000,155.51,155.59,155.5,155.55,490
1324447560000,155.6,155.6,155.6,155.6,50
1324447620000,155.56,155.6,155.43,155.43,780
1324447680000,155.28,155.28,155.25,155.25,2890
1324447740000,155.28,155.35,155.25,155.25,240
1324447800000,155.21,155.21,155.0,155.0,5980
1324447860000,155.21,155.21,155.2,155.2,720
1324447980000,155.06,155.06,155.03,155.03,440
1324448040000,155.04,155.04,155.0,155.0,16880
1324448100000,154.82,154.97,154.44,154.45,12470
1324448160000,154.45,154.45,154.36,154.42,640
1324448220000,154.35,154.38,154.32,154.33,530
1324448280000,154.33,154.44,154.23,154.44,6500
1324448340000,154.4,154.4,154.4,154.4,520
1324448520000,154.35,154.35,154.26,154.26,4090
1324448580000,154.27,154.45,154.27,154.45,1070
1324448640000,154.44,154.84,154.4,154.84,6510
1324448700000,154.77,154.77,154.77,154.77,200
1324448760000,154.59,154.59,154.57,154.57,270
1324448880000,154.77,154.77,154.77,154.77,100
1324448940000,154.59,154.59,154.44,154.44,2110
1324449000000,154.44,154.51,154.44,154.51,3100
1324449060000,154.51,154.51,154.37,154.37,580
1324449120000,154.37,154.37,154.22,154.22,1280
1324449180000,154.22,154.22,153.71,154.01,5450
1324449240000,153.78,154.01,153.77,154.0,550
1324449300000,154.19,154.44,154.19,154.44,890
1324449360000,154.2,154.2,153.77,153.87,1500
1324449420000,153.87,153.87,153.78,153.79,2650
1324449480000,153.99,154.29,153.99,154.29,2840
1324449540000,154.2,154.2,153.81,153.81,1190
1324449600000,153.82,153.82,153.66,153.66,510
1324449660000,153.66,153.66,153.35,153.35,6650
1324449720000,153.59,153.59,153.36,153.36,100
1324449780000,153.36,153.55,153.2,153.25,4210
1324449840000,153.6,153.6,153.23,153.33,450
1324449900000,154.07,154.08,153.38,153.43,440
1324449960000,153.83,153.83,153.35,153.43,170
1324450020000,153.5,153.5,153.43,153.43,3150
1324450080000,153.9,154.05,153.67,154.05,220
1324450140000,153.99,153.99,153.99,153.99,1380
1324450200000,153.82,153.94,153.64,153.94,3170
1324450260000,153.97,153.99,153.97,153.99,230
1324450380000,153.83,153.99,153.83,153.99,120
1324450440000,153.9,153.99,153.9,153.98,350
1324450500000,153.98,153.98,153.98,153.98,480
1324450560000,153.97,153.97,153.97,153.97,110
1324450620000,153.95,153.95,153.95,153.95,120
1324450680000,153.85,153.85,153.49,153.49,4210
1324450740000,153.48,153.48,153.0,153.11,16360
1324450800000,153.12,153.12,153.0,153.01,2330
1324450860000,153.13,153.13,153.13,153.13,250
1324451100000,153.61,153.61,153.61,153.61,1020
1324451160000,153.5,153.5,153.5,153.5,1150
1324451220000,153.48,153.64,153.41,153.62,3140
1324451280000,153.64,153.92,153.62,153.92,3950
1324451340000,153.91,153.92,153.91,153.92,460
1324451400000,153.93,153.96,153.93,153.96,1090
1324451460000,153.96,153.96,153.87,153.87,840
1324451520000,153.96,154.6,153.96,154.6,22890
1324451580000,154.7,155.0,154.38,154.98,4980
1324451640000,154.5,155.0,154.5,154.57,3310
1324451700000,154.67,154.93,154.67,154.93,90
1324451760000,154.93,154.93,154.93,154.93,20
1324451820000,154.61,154.63,154.61,154.63,30
1324451880000,154.62,154.9,154.6,154.6,720
1324451940000,154.68,154.68,154.67,154.67,460
1324452000000,154.57,154.57,154.57,154.57,20
1324452060000,154.64,154.64,154.64,154.64,60
1324452240000,154.71,154.94,154.71,154.94,12160
1324452300000,154.93,154.93,154.9,154.93,260
1324452360000,154.9,154.93,154.88,154.93,1130
1324452420000,154.88,154.92,154.88,154.92,4620
1324452480000,154.72,154.9,154.54,154.88,710
1324452540000,154.89,154.93,154.72,154.72,450
1324452600000,154.9,154.98,154.9,154.98,1050
1324452660000,154.9,154.95,154.49,154.95,1470
1324452780000,154.56,154.75,154.56,154.75,470
1324452840000,154.73,155.0,154.69,154.69,740
1324452900000,154.99,155.0,154.99,155.0,250
1324453080000,154.9,155.0,154.9,155.0,260
1324453140000,154.93,155.0,154.93,155.0,50
1324453200000,155.0,155.0,155.0,155.0,960
1324453320000,154.81,155.0,154.81,155.0,1390
1324453500000,154.88,154.96,154.8,154.96,1460
1324453560000,154.97,155.0,154.97,155.0,580
1324453620000,154.8,154.89,154.7,154.7,260
1324453680000,154.77,154.77,154.77,154.77,30
1324453740000,154.77,154.9,154.77,154.9,190
1324453980000,154.74,154.89,154.63,154.89,2960
1324454040000,154.65,154.88,154.38,154.52,2470
1324454100000,154.74,154.86,154.65,154.66,520
1324454340000,154.8,154.83,154.79,154.83,170
1324454400000,154.8,154.92,154.72,154.72,2940
1324454460000,154.89,155.0,154.89,154.99,4730
1324454520000,154.99,154.99,154.99,154.99,10
1324454580000,154.9,154.99,154.88,154.88,350
1324454700000,154.98,154.98,154.98,154.98,10
1324454760000,154.81,154.81,154.52,154.74,4930
1324454820000,154.73,154.73,154.72,154.72,120
1324454940000,154.8,154.8,154.8,154.8,50
1324455000000,154.77,154.87,154.77,154.8,70
1324455060000,154.73,154.88,154.7,154.88,570
1324455120000,154.87,154.87,154.52,154.78,1390
1324455180000,154.58,154.76,154.58,154.59,320
1324455240000,154.7,154.7,154.53,154.7,480
1324455300000,154.53,154.73,154.52,154.73,1150
1324455360000,154.53,154.69,154.52,154.54,120
1324455420000,154.55,154.8,154.52,154.8,4870
1324455480000,154.8,154.8,154.61,154.8,8490
1324455540000,154.67,154.79,154.67,154.79,40
1324455600000,154.8,154.8,154.8,154.8,2090
1324455660000,154.8,154.8,154.8,154.8,6580
1324455720000,154.8,154.99,154.8,154.99,3110
1324455840000,154.71,154.79,154.71,154.79,1220
1324455900000,154.79,154.8,154.67,154.8,2490
1324455960000,154.79,154.79,154.79,154.79,30
1324456020000,154.71,154.8,154.52,154.78,11480
1324456080000,154.75,154.79,154.75,154.79,1480
1324456140000,154.67,154.79,154.67,154.79,110
1324456200000,154.55,154.77,154.55,154.77,400
1324456320000,154.57,154.69,154.56,154.56,1090
1324456500000,154.57,154.69,154.57,154.69,840
1324456560000,154.66,154.69,154.54,154.67,9300
1324456620000,154.67,155.18,154.56,155.18,43380
1324456680000,155.17,155.37,154.65,155.3,42180
1324456740000,154.91,154.99,154.76,154.76,770
1324456800000,154.9,155.12,154.9,154.99,21580
1324456860000,154.92,154.97,154.92,154.97,110
1324456980000,154.77,154.8,154.66,154.8,8330
1324457040000,154.8,155.11,154.76,154.79,21630
1324457160000,154.79,154.8,154.76,154.8,2590
1324457220000,154.75,154.79,154.75,154.79,230
1324457280000,154.64,154.73,154.48,154.67,27490
1324457580000,154.34,154.49,154.32,154.48,280
1324457640000,154.49,154.49,153.74,153.97,18040
1324457700000,153.79,153.93,153.45,153.73,4360
1324457760000,154.0,154.23,153.56,153.8,11520
1324457820000,153.8,154.45,153.5,153.79,159570
1324457880000,154.41,154.41,153.55,153.9,15870
1324457940000,153.56,153.83,153.51,153.83,2410
1324458000000,153.71,153.74,153.71,153.74,50
1324458060000,153.74,153.81,153.5,153.81,1460
1324458120000,153.75,153.82,153.67,153.67,260
1324458180000,153.79,153.82,153.79,153.82,130
1324458300000,153.82,153.82,153.82,153.82,10
1324458360000,153.65,153.78,153.55,153.78,1970
1324458420000,153.76,153.77,153.08,153.28,4760
1324458480000,153.74,153.74,153.14,153.42,940
1324458540000,153.4,153.4,153.11,153.29,2460
1324458600000,153.14,153.43,153.09,153.42,8740
1324458660000,153.41,153.97,153.41,153.82,4510
1324458720000,153.35,153.94,153.35,153.94,160
1324458780000,153.94,153.95,153.94,153.94,990
1324458840000,153.9,153.9,153.9,153.9,10
1324458900000,153.59,153.86,153.05,153.05,4890
1324458960000,153.25,153.66,153.05,153.2,1400
1324459020000,153.54,153.54,153.54,153.54,1000
1324459140000,153.54,153.74,153.41,153.74,1080
1324459260000,153.89,153.89,153.89,153.89,990
1324459320000,153.87,153.87,153.84,153.84,20
1324459440000,153.67,153.88,153.54,153.54,1130
1324459500000,153.43,153.63,153.42,153.63,3480
1324459560000,153.79,153.79,153.4,153.4,2990
1324459620000,153.33,153.76,153.21,153.54,1460
1324459680000,153.58,153.74,153.58,153.68,1060
1324459740000,153.68,153.87,153.68,153.86,350
1324459800000,153.79,153.94,153.38,153.58,4440
1324459860000,153.66,153.66,153.66,153.66,20
1324459920000,153.68,153.89,153.68,153.84,1000
1324460040000,153.86,153.87,153.85,153.86,1000
1324460160000,153.68,153.9,153.6,153.6,2030
1324460220000,153.55,153.88,153.49,153.73,3360
1324460280000,153.63,153.82,153.57,153.72,1340
1324460340000,153.58,153.59,153.58,153.59,170
1324460400000,153.59,153.59,153.59,153.59,1110
1324460460000,153.58,153.59,153.57,153.57,720
1324460520000,153.59,153.59,153.57,153.57,4140
1324460580000,153.57,153.87,153.5,153.57,4490
1324460640000,153.57,153.57,153.5,153.57,2200
1324460700000,153.57,153.57,153.57,153.57,1010
1324460820000,153.57,153.57,153.57,153.57,1040
1324460880000,153.88,153.9,153.88,153.9,1570
1324460940000,153.9,154.35,153.9,154.22,8890
1324461060000,154.31,154.58,154.11,154.48,2980
1324461180000,154.16,154.4,154.15,154.4,1860
1324461240000,154.42,154.44,154.36,154.44,610
1324461300000,154.43,154.45,154.43,154.45,1000
1324461360000,154.22,154.39,154.22,154.39,60
1324461420000,154.22,154.4,154.15,154.27,2350
1324461480000,154.15,154.38,154.04,154.26,2760
1324461540000,154.25,154.27,154.25,154.27,1350
1324461600000,154.27,154.27,154.27,154.27,20
1324461660000,154.27,154.45,154.27,154.45,7240
1324461720000,154.47,154.47,154.47,154.47,50
1324461840000,154.46,154.49,154.37,154.47,1450
1324461900000,154.34,154.34,154.34,154.34,710
1324461960000,154.34,154.54,154.03,154.5,1340
1324462020000,154.08,154.39,153.99,154.2,2660
1324462080000,154.35,154.37,154.35,154.36,1010
1324462140000,154.28,154.38,154.28,154.38,110
1324462200000,154.36,154.39,154.09,154.38,1240
1324462260000,154.18,154.38,153.99,154.36,3400
1324462320000,154.05,154.37,154.05,154.37,1030
1324462440000,154.05,154.27,154.04,154.27,1580
1324462500000,154.19,154.27,154.04,154.23,380
1324462560000,154.21,154.3,154.19,154.3,4520
1324462680000,154.29,154.3,154.1,154.1,1200
1324462740000,154.29,154.29,154.29,154.29,30
1324462800000,154.29,154.3,154.29,154.3,1000
1324462860000,154.3,154.3,154.03,154.29,1560
1324462920000,154.12,154.44,154.1,154.44,4690
1324462980000,154.44,154.85,154.3,154.3,17320
1324463040000,154.13,154.65,154.13,154.42,630
1324463100000,154.4,154.62,154.14,154.38,4520
1324463220000,154.29,154.49,154.29,154.44,2660
1324463280000,154.2,154.37,154.08,154.37,3450
1324463340000,154.39,154.43,154.01,154.41,4450
1324463400000,154.35,154.35,153.5,153.9,7310
1324463460000,153.81,154.21,153.51,154.21,4270
1324463520000,153.93,154.12,153.52,154.12,3540
1324463580000,153.97,154.11,153.97,154.11,990
1324463700000,153.94,154.18,153.68,154.18,3770
1324463760000,153.79,153.92,153.5,153.58,4100
1324463820000,153.87,153.87,153.79,153.79,1010
1324463880000,153.9,153.9,153.89,153.89,740
1324463940000,153.7,153.94,153.7,153.94,1250
1324464060000,153.7,153.99,153.7,153.99,1460
1324464180000,153.69,153.71,153.69,153.71,870
1324464240000,153.88,153.88,153.5,153.75,3010
1324464300000,153.6,154.08,153.58,154.08,177620
1324464360000,154.29,154.33,153.78,154.03,20370
1324464420000,153.98,154.09,153.52,154.03,3450
1324464480000,154.17,154.31,153.8,154.26,189190
1324464540000,154.27,154.31,153.91,154.27,6690
1324464600000,154.28,154.45,154.28,154.45,10540
1324464660000,154.28,154.28,154.28,154.28,60
1324464720000,154.34,154.34,153.81,154.05,10060
1324464780000,154.28,154.28,153.8,153.98,5750
1324464840000,153.81,153.98,153.8,153.98,330
1324465080000,153.84,153.97,153.66,153.91,1230
1324465200000,153.6,153.6,153.57,153.57,20
1324465260000,153.54,153.85,153.51,153.54,540
1324465320000,153.78,153.78,153.78,153.78,30
1324465380000,153.52,153.79,153.5,153.79,7100
1324465500000,153.68,153.8,153.68,153.8,240
1324465680000,153.73,153.89,153.73,153.89,3590
1324465740000,153.89,153.99,153.77,153.97,3880
1324465860000,153.75,153.75,153.75,153.75,10
1324466160000,153.9,153.9,153.9,153.9,10
1324466280000,153.82,153.82,153.82,153.82,20
1324466400000,153.9,153.98,153.9,153.98,900
1324466460000,153.98,153.98,153.98,153.98,40
1324466700000,153.72,153.72,153.72,153.72,20
1324466940000,153.88,153.88,153.88,153.88,10
1324467120000,153.71,153.82,153.53,153.53,2330
1324467180000,153.82,153.88,153.82,153.88,340
1324467240000,153.84,153.88,153.84,153.88,460
1324467300000,153.88,153.88,153.88,153.88,290
1324467420000,153.6,153.6,153.5,153.6,11050
1324467480000,153.6,153.88,153.51,153.71,2930
1324467540000,153.53,153.8,153.5,153.76,6980
1324467600000,153.51,153.51,153.51,153.51,160
1324467660000,153.74,153.74,153.5,153.73,1350
1324467720000,153.5,153.86,153.5,153.75,9770
1324467840000,153.68,153.77,153.5,153.77,10030
1324467900000,153.53,153.7,153.5,153.64,1070
1324467960000,153.72,153.79,153.71,153.79,750
1324468020000,153.83,153.83,153.8,153.8,110
1324468140000,153.61,153.82,153.61,153.82,1510
1324468200000,153.82,153.82,153.81,153.81,660
1324468260000,153.53,153.73,153.53,153.54,50
1324468320000,153.53,153.71,153.5,153.62,530
1324468380000,153.51,153.8,152.43,153.37,28660
1324468440000,152.81,153.25,152.8,152.95,4740
1324468500000,152.77,153.18,152.73,152.84,9820
1324468560000,152.84,153.17,152.83,153.08,3220
1324468620000,153.12,153.12,153.12,153.12,20
1324468680000,153.02,153.17,153.01,153.17,3310
1324468740000,153.01,153.16,152.72,152.72,2660
1324468800000,152.79,153.05,151.4,151.95,25610
1324468860000,151.95,151.99,151.66,151.8,1420
1324468920000,151.79,151.93,151.11,151.93,16620
1324469040000,151.76,151.86,151.76,151.86,5040
1324469100000,151.7,151.89,151.51,151.82,7200
1324469160000,151.68,151.9,151.5,151.88,14050
1324469220000,151.56,151.75,151.5,151.5,6360
1324469280000,151.5,151.84,151.23,151.3,6020
1324469340000,151.3,151.81,151.04,151.45,8450
1324469400000,151.05,151.48,151.04,151.35,2650
1324469460000,151.1,151.41,151.07,151.4,2650
1324469520000,151.49,151.5,151.31,151.31,1630
1324469580000,151.23,151.5,151.12,151.37,5510
1324469640000,151.3,151.49,151.3,151.49,110
1324469700000,151.49,151.49,151.49,151.49,10
1324469760000,151.23,151.39,151.15,151.26,1950
1324469820000,151.31,151.47,151.03,151.47,2850
1324469880000,151.42,151.49,151.18,151.47,870
1324470000000,151.5,151.7,151.5,151.7,950
1324470060000,151.69,151.7,151.69,151.7,60
1324470120000,151.7,152.12,151.7,152.12,17490
1324470180000,152.01,152.28,151.8,152.28,30
1324470240000,151.62,151.98,151.62,151.98,60
1324470360000,151.76,152.01,151.74,152.01,3750
1324470420000,151.76,151.81,151.76,151.81,130
1324470480000,151.8,152.0,151.58,152.0,1910
1324470540000,151.75,151.75,151.75,151.75,20
1324470600000,151.55,151.64,151.53,151.64,60
1324470660000,151.64,151.64,151.64,151.64,20
1324470720000,151.71,151.95,151.51,151.84,7970
1324470780000,151.58,151.67,151.5,151.63,1790
1324470840000,151.5,151.5,151.5,151.5,10
1324470900000,151.45,151.51,151.15,151.44,5810
1324470960000,151.18,151.45,151.15,151.29,3030
1324471020000,151.28,151.33,150.36,151.16,19760
1324471080000,150.53,151.1,150.53,151.1,2090
1324471140000,151.0,151.1,151.0,151.1,440
1324471200000,151.2,151.28,151.12,151.25,900
1324471320000,150.91,151.25,150.56,151.15,5570
1324471380000,150.52,151.01,150.0,150.36,10730
1324471440000,150.06,150.65,150.04,150.42,1380
1324471500000,150.1,150.63,150.0,150.35,8820
1324471560000,150.01,150.43,149.51,149.7,7800
1324471620000,149.7,150.2,149.44,150.07,5240
1324471680000,149.49,150.14,149.21,149.41,4240
1324471740000,149.23,149.88,149.23,149.88,340
1324471860000,150.18,150.33,150.18,150.26,50
1324471920000,150.01,150.23,149.89,149.89,730
1324471980000,149.81,149.93,149.81,149.93,140
1324472040000,150.15,150.28,150.15,150.28,250
1324472160000,150.04,150.04,150.03,150.04,700
1324472220000,150.02,150.04,149.65,149.99,3450
1324472280000,150.0,150.0,149.98,149.99,1710
1324472340000,149.99,150.04,149.65,149.98,4040
1324472400000,149.68,149.94,149.65,149.89,470
1324472460000,149.91,149.94,149.65,149.94,470
1324472520000,149.66,149.9,149.53,149.61,1540
1324472580000,149.62,149.94,149.6,149.79,3480
1324472640000,149.61,150.03,149.0,149.0,31750
1324472700000,149.02,149.85,149.01,149.29,7120
1324472760000,149.01,149.51,149.0,149.51,9340
1324472820000,149.5,149.5,149.5,149.5,10
1324472880000,149.5,149.96,149.5,149.73,8440
1324472940000,149.86,149.93,149.84,149.9,970
1324473000000,149.87,149.87,149.75,149.76,180
1324473060000,149.73,149.89,149.52,149.89,9780
1324473180000,149.87,149.88,149.87,149.88,40
1324473240000,149.75,149.76,149.51,149.76,5660
1324473300000,149.54,149.7,149.54,149.7,610
1324473360000,149.6,149.84,149.6,149.76,2180
1324473420000,149.72,149.76,149.51,149.76,1880
1324473480000,149.77,149.77,149.73,149.73,240
1324473540000,149.71,149.71,149.7,149.7,500
1324473600000,149.6,149.63,149.51,149.51,4890
1324473660000,149.51,149.52,149.11,149.47,15640
1324473720000,149.47,149.47,149.08,149.08,2140
1324473780000,149.08,149.43,149.08,149.43,550
1324473840000,149.37,149.39,149.11,149.36,6710
1324473900000,149.12,149.27,149.1,149.23,580
1324474020000,149.22,149.35,149.21,149.35,200
1324474080000,149.21,149.38,149.12,149.27,2290
1324474140000,149.2,149.35,149.08,149.15,3270
1324474200000,149.32,149.47,149.26,149.45,22580
1324474260000,149.45,149.7,149.4,149.7,11650
1324474320000,149.77,150.11,149.42,150.04,21190
1324474380000,150.04,150.21,149.6,149.71,2070
1324474440000,149.71,149.93,149.7,149.87,4840
1324474500000,149.88,150.0,149.7,150.0,7940
1324474560000,149.99,150.0,149.99,150.0,20
1324474620000,149.91,150.1,149.9,150.1,19780
1324474680000,150.1,150.42,150.1,150.42,760
1324474740000,150.4,150.64,150.25,150.61,6870
1324474800000,150.39,150.65,150.3,150.65,4180
1324474860000,150.61,150.76,150.6,150.74,15850
1324474920000,150.86,150.98,150.55,150.97,2910
1324474980000,150.96,151.76,150.87,151.12,13980
1324475040000,150.92,151.33,150.92,151.05,1600
1324475100000,150.98,151.61,150.98,151.56,7220
1324475160000,151.5,151.52,150.98,150.98,1170
1324475220000,151.19,151.19,150.79,150.79,2100
1324475280000,150.36,150.76,150.36,150.76,20
1324475340000,150.77,150.8,150.77,150.8,90
1324475400000,150.84,151.07,150.73,150.74,520
1324475460000,151.03,151.06,150.34,150.9,4680
1324475520000,150.9,151.79,150.81,151.77,17730
1324475580000,151.79,151.79,151.25,151.79,1430
1324475640000,151.43,151.63,151.42,151.63,240
1324475700000,151.67,151.67,151.27,151.5,880
1324475760000,151.33,151.61,151.27,151.54,1180
1324475820000,151.41,151.7,151.41,151.7,120
1324475880000,151.68,152.89,151.4,152.19,94700
1324475940000,152.12,152.38,151.69,152.38,1870
1324476000000,152.08,152.56,152.08,152.28,730
1324476060000,152.06,152.27,151.87,152.26,850
1324476120000,152.22,152.22,151.96,151.96,130
1324476180000,152.21,152.22,151.86,152.22,430
1324476240000,151.86,152.24,151.78,152.24,4340
1324476300000,151.92,152.31,151.92,152.0,2320
1324476360000,151.89,152.15,151.89,152.15,60
1324476420000,151.89,152.14,151.73,151.89,320
1324476600000,151.52,151.78,151.52,151.54,530
1324476660000,151.55,151.7,151.24,151.42,3740
1324476720000,151.39,151.41,151.39,151.41,570
1324476840000,151.2,151.48,151.14,151.39,1030
1324476900000,151.49,151.49,151.49,151.49,40
1324476960000,151.19,151.46,151.19,151.46,3640
1324477080000,151.27,151.47,151.27,151.47,170
1324477140000,151.29,151.29,151.29,151.29,10
1324477200000,151.36,151.49,151.36,151.49,460
1324477260000,151.48,151.49,151.36,151.49,760
1324477320000,151.36,151.49,151.1,151.42,3230
1324477380000,151.12,151.45,150.8,151.33,4840
1324477440000,150.85,151.34,150.72,151.34,750
1324477560000,151.22,151.22,151.22,151.22,400
1324477620000,151.03,151.23,151.02,151.23,90
1324477680000,151.02,151.21,150.9,151.14,1140
1324477740000,150.91,151.26,150.91,151.26,1220
1324477800000,151.25,151.26,150.86,151.26,2000
1324477860000,151.25,152.25,151.25,151.98,6330
1324477920000,151.9,151.97,151.12,151.12,2790
1324477980000,151.12,151.95,151.12,151.68,5690
1324478040000,151.27,151.5,150.6,150.6,5570
1324478100000,150.61,151.22,150.56,150.98,910
1324478160000,150.61,150.97,150.59,150.96,450
1324478220000,150.62,151.21,150.5,151.0,14060
1324478280000,150.72,150.72,150.28,150.29,13730
1324478340000,150.3,150.3,149.57,149.9,30350
1324478400000,149.89,149.89,149.8,149.81,5760
1324478460000,149.7,149.82,149.37,149.37,2200
1324478520000,149.37,149.6,149.3,149.6,730
1324478580000,149.6,149.62,149.47,149.47,1270
1324478640000,149.47,150.0,148.82,149.4,56920
1324533600000,150.51,150.51,150.04,150.04,2870
1324533660000,150.86,150.86,150.86,150.86,610
1324533720000,150.86,150.86,150.86,150.86,260
1324533780000,150.53,150.53,150.5,150.5,800
1324533840000,150.5,150.84,150.49,150.84,460
1324533960000,150.66,150.66,150.39,150.56,780
1324534020000,150.59,150.59,150.27,150.27,260
1324534080000,150.42,150.53,150.4,150.4,1030
1324534140000,150.41,150.41,150.4,150.4,400
1324534200000,150.41,150.81,150.4,150.81,1410
1324534320000,150.8,150.87,150.8,150.87,30
1324534380000,150.68,150.68,150.66,150.66,50
1324534440000,150.67,150.67,150.65,150.65,840
1324534500000,150.65,150.66,150.51,150.52,520
1324534560000,150.52,150.52,150.5,150.5,3350
1324534620000,150.5,150.5,150.1,150.1,10880
1324534680000,150.1,150.1,149.68,149.89,1490
1324534740000,149.89,150.09,149.89,150.09,320
1324534800000,150.09,150.09,150.04,150.04,160
1324534860000,150.39,150.6,150.39,150.55,260
1324534920000,150.57,150.77,150.57,150.58,6210
1324534980000,150.61,150.84,150.55,150.73,1120
1324535040000,150.39,150.86,150.32,150.77,3900
1324535100000,150.73,150.73,150.73,150.73,10
1324535160000,150.52,150.52,150.52,150.52,60
1324535220000,150.69,150.85,150.69,150.85,1570
1324535520000,150.58,150.58,150.58,150.58,50
1324535580000,150.58,151.17,150.58,151.09,2830
1324535640000,151.2,151.21,150.72,151.09,730
1324535700000,151.19,151.19,150.72,150.72,210
1324535760000,151.15,151.15,150.97,150.97,320
1324535820000,151.13,151.13,151.0,151.13,130
1324535880000,151.15,151.2,151.14,151.2,560
1324535940000,151.17,151.17,151.14,151.14,130
1324536000000,151.18,151.19,151.0,151.0,680
1324536060000,150.89,150.99,150.8,150.99,470
1324536120000,150.99,151.29,150.99,151.29,4180
1324536180000,151.19,151.33,151.19,151.33,3320
1324536240000,151.32,151.33,151.32,151.33,450
1324536300000,151.17,151.33,151.17,151.33,40
1324536360000,151.07,151.29,151.0,151.01,3830
1324536420000,151.15,151.2,151.15,151.16,250
1324536480000,151.16,151.16,151.0,151.0,2520
1324536540000,150.74,150.74,150.59,150.59,3000
1324536660000,150.72,150.73,150.72,150.73,150
1324536720000,150.71,150.72,150.55,150.55,370
1324536780000,150.57,150.7,150.57,150.7,50
1324536840000,150.69,150.69,150.57,150.57,40
1324536900000,150.7,150.7,150.59,150.59,140
1324537020000,150.78,150.8,150.78,150.8,30
1324537200000,150.89,150.89,150.89,150.89,100
1324537380000,150.78,150.78,150.78,150.78,500
1324537440000,150.87,150.97,150.87,150.97,700
1324537500000,150.83,150.83,150.83,150.83,10
1324537560000,150.94,150.95,150.94,150.95,1670
1324537620000,150.83,150.83,150.8,150.8,1000
1324537740000,150.94,150.95,150.9,150.9,690
1324537800000,150.88,150.88,150.88,150.88,20
1324537920000,150.89,150.96,150.89,150.96,660
1324538160000,150.96,150.99,150.96,150.99,640
1324538220000,150.99,151.0,150.99,151.0,4580
1324538280000,151.0,151.15,151.0,151.15,2360
1324538400000,151.24,151.24,151.24,151.24,100
1324538520000,151.24,151.25,151.14,151.14,330
1324538580000,151.2,151.2,151.17,151.17,7460
1324538640000,151.24,151.32,151.23,151.32,2000
1324538700000,151.17,151.17,151.17,151.17,10
1324538760000,151.16,151.17,151.16,151.17,460
1324538820000,151.16,151.16,151.15,151.15,4640
1324538880000,151.15,151.15,151.15,151.15,510
1324539000000,151.21,151.21,151.21,151.21,10
1324539060000,151.22,151.22,151.2,151.2,200
1324539180000,151.18,151.24,151.18,151.24,30
1324539420000,151.24,151.24,151.24,151.24,130
1324539480000,151.16,151.16,151.15,151.15,1320
1324539540000,151.15,151.18,151.13,151.18,1870
1324539600000,151.13,151.13,151.13,151.13,40
1324539660000,151.09,151.09,150.7,150.7,4090
1324539720000,150.71,150.73,150.71,150.73,2630
1324539780000,150.71,151.1,150.7,151.1,860
1324539900000,150.92,150.92,150.78,150.78,560
1324540140000,150.95,150.95,150.95,150.95,150
1324540380000,150.76,150.78,150.76,150.78,200
1324540500000,150.76,150.76,150.72,150.72,40
1324540560000,150.73,150.84,150.7,150.84,4200
1324540620000,150.94,150.94,150.94,150.94,760
1324540740000,150.9,150.9,150.9,150.9,140
1324540920000,150.95,151.02,150.95,151.02,3010
1324540980000,151.17,151.17,151.17,151.17,770
1324541100000,151.12,151.15,151.12,151.15,170
1324541160000,151.16,151.18,151.16,151.18,1420
1324541220000,151.06,151.06,151.05,151.05,920
1324541280000,151.05,151.05,151.0,151.0,390
1324541520000,151.1,151.29,151.1,151.29,520
1324541580000,151.3,151.35,151.3,151.35,1060
1324541640000,151.35,151.35,151.35,151.35,500
1324541700000,151.37,151.47,151.35,151.47,390
1324541760000,151.47,151.51,151.47,151.51,100
1324541820000,151.51,151.79,151.51,151.65,4950
1324541880000,151.63,151.89,151.62,151.76,6610
1324542060000,151.82,151.82,151.82,151.82,20
1324542180000,151.73,151.73,151.6,151.6,320
1324542240000,151.6,151.6,151.56,151.59,550
1324542300000,151.62,151.62,151.5,151.5,470
1324542360000,151.6,151.7,151.6,151.7,30
1324542480000,151.53,151.53,151.4,151.4,620
1324542540000,151.51,151.61,151.51,151.61,5060
1324542600000,151.62,151.62,151.61,151.61,4630
1324542780000,151.61,151.61,151.61,151.61,10
1324542840000,151.59,151.8,151.51,151.8,2280
1324542900000,151.82,151.83,151.82,151.83,910
1324542960000,151.83,151.91,151.83,151.91,5010
1324543020000,151.9,151.9,151.88,151.88,880
1324543080000,151.9,152.02,151.9,152.0,10090
1324543140000,151.98,152.02,151.88,152.02,1820
1324543200000,152.1,152.3,152.1,152.3,3070
1324543260000,152.2,152.48,152.17,152.4,3690
1324543320000,152.3,152.43,152.05,152.37,1800
1324543380000,152.23,152.84,152.23,152.84,12580
1324543440000,152.6,152.6,152.58,152.58,820
1324543500000,152.58,152.69,152.57,152.69,170
1324543560000,152.66,152.76,152.66,152.76,980
1324543680000,152.59,152.7,152.56,152.7,1430
1324543740000,152.7,152.78,152.7,152.78,50
1324543800000,152.69,152.69,152.69,152.69,40
1324543860000,152.61,152.61,152.51,152.51,4470
1324543920000,152.52,152.52,152.29,152.29,13180
1324543980000,152.21,152.21,151.97,151.97,500
1324544040000,151.99,151.99,151.98,151.98,90
1324544100000,152.0,152.0,152.0,152.0,300
1324544220000,152.02,152.02,152.02,152.02,100
1324544280000,152.12,152.2,152.12,152.18,540
1324544400000,152.15,152.15,152.15,152.15,20
1324544460000,152.18,152.18,152.18,152.18,20
1324544640000,152.2,152.2,152.08,152.08,1490
1324544700000,152.09,152.09,152.09,152.09,1000
1324544760000,152.08,152.08,152.08,152.08,1000
1324544820000,152.19,152.2,152.19,152.2,390
1324545000000,152.19,152.19,152.09,152.09,140
1324545120000,152.2,152.2,152.2,152.2,210
1324545300000,152.3,152.3,152.2,152.2,200
1324545360000,152.19,152.19,152.19,152.19,30
1324545480000,152.11,152.11,152.0,152.0,12830
1324545540000,152.02,152.02,152.0,152.0,500
1324545600000,152.1,152.16,152.1,152.16,800
1324545660000,152.16,152.16,152.0,152.0,260
1324545780000,152.1,152.1,152.1,152.1,60
1324545840000,152.12,152.12,152.07,152.07,550
1324545900000,152.18,152.18,152.18,152.18,10
1324545960000,152.07,152.19,151.99,152.19,9700
1324546080000,152.16,152.16,152.1,152.1,210
1324546140000,152.01,152.01,152.0,152.0,2000
1324546200000,151.98,151.98,151.98,151.98,20
1324546320000,152.19,152.22,152.19,152.22,2230
1324546380000,152.22,152.39,152.22,152.39,750
1324546620000,152.29,152.29,152.29,152.29,10
1324546740000,152.38,152.38,152.38,152.38,120
1324546800000,152.38,152.38,152.38,152.38,250
1324546860000,152.42,152.47,152.26,152.26,4540
1324546920000,152.37,152.37,152.37,152.37,1100
1324547160000,152.29,152.29,152.16,152.21,740
1324547340000,152.17,152.17,152.02,152.02,7750
1324547400000,152.09,152.1,152.09,152.1,2160
1324547700000,152.02,152.02,151.97,151.97,1040
1324547760000,151.97,151.97,151.91,151.91,110
1324547820000,151.91,151.91,151.9,151.9,20
1324547880000,151.89,151.9,151.89,151.9,30
1324547940000,151.89,151.89,151.71,151.71,1030
1324548000000,151.78,151.78,151.53,151.53,670
1324548120000,151.61,151.77,151.55,151.77,240
1324548180000,151.68,151.98,151.6,151.98,1300
1324548240000,151.95,151.95,151.95,151.95,420
1324548300000,151.73,151.73,151.6,151.64,10100
1324548360000,151.51,151.51,151.51,151.51,20
1324548480000,151.51,151.51,151.3,151.3,4900
1324548600000,151.2,151.2,150.79,150.94,6400
1324548660000,150.94,150.94,150.81,150.81,1420
1324548720000,150.91,151.0,150.81,151.0,770
1324548780000,150.89,150.89,150.89,150.89,20
1324548840000,150.95,150.95,150.95,150.95,110
1324548900000,150.98,150.99,150.98,150.99,50
1324548960000,150.9,150.93,150.74,150.93,1370
1324549140000,150.77,150.89,150.77,150.89,220
1324549200000,150.87,151.15,150.87,151.15,190
1324549320000,151.15,151.15,151.15,151.15,1000
1324549380000,151.13,151.13,151.0,151.02,4140
1324549740000,151.04,151.24,151.03,151.03,660
1324549800000,151.05,151.21,151.05,151.21,140
1324549980000,150.91,151.0,150.82,151.0,5260
1324550040000,150.81,150.81,150.8,150.8,1000
1324550100000,150.81,151.21,150.81,151.21,1100
1324550160000,151.07,151.07,151.07,151.07,20
1324550220000,150.96,150.96,150.96,150.96,10
1324550460000,150.97,150.97,150.96,150.96,50
1324550520000,151.04,151.05,151.0,151.04,70
1324550640000,150.98,150.98,150.98,150.98,20
1324550880000,150.91,150.91,150.41,150.69,23950
1324550940000,150.7,150.88,150.7,150.88,150
1324551000000,150.6,150.89,150.6,150.89,260
1324551060000,150.47,150.6,150.4,150.6,13200
1324551240000,150.31,150.32,150.3,150.32,240
1324551300000,150.32,150.32,150.3,150.3,3330
1324551360000,150.3,150.47,150.17,150.47,1880
1324551420000,150.36,150.36,150.36,150.36,10
1324551480000,150.21,150.21,150.18,150.18,1200
1324551600000,150.2,150.26,150.17,150.23,1540
1324551660000,150.17,150.17,150.17,150.17,1190
1324551720000,150.23,150.23,150.23,150.23,30
1324551780000,150.14,150.14,149.62,149.64,17210
1324551840000,149.72,149.75,149.72,149.75,620
1324551900000,149.87,149.99,149.87,149.99,3610
1324551960000,150.0,150.0,149.37,149.37,4480
1324552020000,149.5,149.5,149.37,149.5,1390
1324552080000,149.5,149.52,149.31,149.31,11390
1324552140000,149.3,149.3,149.21,149.21,930
1324552200000,149.21,149.21,149.01,149.01,2470
1324552260000,149.03,149.12,148.88,148.88,7340
1324552320000,148.85,148.85,147.68,148.52,20100
1324552380000,148.31,148.31,148.12,148.12,700
1324552440000,148.14,148.16,148.14,148.15,500
1324552500000,148.15,148.15,147.7,147.78,5230
1324552560000,147.92,147.99,147.51,147.74,7750
1324552620000,147.68,147.68,147.5,147.61,5200
1324552680000,147.69,147.83,147.53,147.53,2620
1324552740000,147.81,148.29,147.81,148.29,20220
1324552800000,148.14,148.28,148.14,148.28,180
1324552860000,148.17,148.65,148.17,148.31,5070
1324552920000,148.54,148.63,148.3,148.63,6480
1324552980000,148.61,148.62,148.57,148.57,260
1324553040000,148.67,148.67,148.32,148.56,670
1324553100000,148.56,148.64,148.46,148.64,320
1324553280000,148.62,148.62,148.62,148.62,140
1324553340000,148.63,148.63,148.63,148.63,10
1324553400000,148.59,148.65,148.59,148.65,5440
1324553460000,148.7,148.79,148.6,148.6,4180
1324553520000,148.6,148.6,148.6,148.6,120
1324553580000,148.52,148.59,148.49,148.59,240
1324553640000,148.52,148.68,148.51,148.68,1020
1324553700000,148.62,149.15,148.62,149.15,38140
1324553760000,149.2,149.2,149.06,149.06,2570
1324553820000,149.28,149.29,149.1,149.29,2440
1324553880000,149.29,149.39,149.29,149.39,820
1324553940000,149.39,149.39,149.31,149.39,360
1324554000000,149.31,149.48,149.3,149.3,2140
1324554060000,149.4,149.4,149.15,149.3,580
1324554120000,149.27,149.27,149.27,149.27,10
1324554180000,149.12,149.36,149.12,149.36,140
1324554240000,149.28,149.33,149.28,149.33,2500
1324554300000,149.43,149.44,149.33,149.33,270
1324554360000,149.43,149.44,149.32,149.32,1160
1324554420000,149.37,149.5,149.35,149.35,3300
1324554480000,149.59,149.82,149.59,149.82,4120
1324554540000,149.81,150.09,149.81,150.09,11690
1324554600000,150.1,150.1,149.83,149.83,430
1324554660000,149.95,150.2,149.95,150.2,1400
1324554720000,150.15,150.4,150.15,150.4,2970
1324554780000,150.47,150.78,150.28,150.65,5700
1324554840000,150.65,150.76,150.6,150.65,1280
1324554900000,150.74,151.0,150.74,151.0,11490
1324554960000,150.99,151.16,150.56,150.9,34650
1324555020000,150.69,150.74,150.51,150.74,4780
1324555080000,150.54,150.54,150.32,150.34,16750
1324555200000,150.26,150.27,150.1,150.1,7050
1324555260000,150.05,150.15,150.05,150.15,1100
1324555320000,150.1,150.32,149.81,150.32,18430
1324555380000,150.31,150.35,150.3,150.35,3020
1324555440000,150.49,150.87,150.49,150.87,560
1324555500000,150.86,150.87,150.86,150.87,100
1324555560000,150.73,150.87,150.73,150.87,200
1324555620000,150.87,151.0,150.87,151.0,1740
1324555680000,150.87,150.87,150.82,150.82,140
1324555740000,150.7,150.7,150.7,150.7,280
1324555800000,150.69,150.81,150.68,150.81,4840
1324555860000,150.81,150.81,150.81,150.81,50
1324555920000,150.81,150.85,150.8,150.85,102760
1324555980000,150.85,150.96,150.85,150.96,1250
1324556040000,151.0,151.3,151.0,151.3,36500
1324556100000,151.32,151.4,151.3,151.3,450
1324556160000,151.39,151.39,151.39,151.39,20
1324556220000,151.2,151.34,151.0,151.0,5770
1324556280000,151.19,151.2,151.01,151.2,80
1324556340000,151.01,151.25,151.0,151.25,2030
1324556460000,151.25,151.37,151.12,151.37,50
1324556580000,151.26,151.43,151.26,151.43,4470
1324556640000,151.43,151.43,151.43,151.43,300
1324556700000,151.4,151.4,151.27,151.27,6240
1324556760000,151.4,151.43,151.29,151.31,2540
1324556820000,151.2,151.29,151.04,151.04,2790
1324556880000,151.05,151.3,150.92,150.92,8480
1324556940000,151.05,151.29,151.0,151.0,5640
1324557060000,151.17,151.17,151.17,151.17,20
1324557120000,151.19,151.19,151.06,151.19,630
1324557180000,151.19,151.2,151.19,151.2,2310
1324557240000,151.05,151.05,150.9,150.9,9650
1324557300000,150.9,150.9,150.9,150.9,1200
1324557360000,151.07,151.07,151.07,151.07,10
1324557420000,151.07,151.23,151.07,151.23,1100
1324557480000,151.2,151.2,151.02,151.02,1010
1324557540000,151.05,151.05,150.93,151.0,4530
1324557600000,151.0,151.01,150.76,151.01,179040
1324557660000,151.01,151.01,150.62,150.62,930
1324557720000,150.65,150.65,150.63,150.63,20
1324557780000,150.63,150.63,150.57,150.58,80
1324557840000,150.71,150.75,150.59,150.75,390
1324557900000,150.61,151.1,150.61,151.1,200
1324557960000,150.77,150.77,150.77,150.77,10
1324558080000,150.67,150.67,150.67,150.67,10
1324558260000,150.69,150.69,150.61,150.61,20
1324558320000,150.54,150.54,150.54,150.54,10
1324558380000,150.52,150.55,150.52,150.54,1500
1324558440000,150.52,150.54,150.5,150.5,2010
1324558500000,150.43,150.66,150.43,150.66,110
1324558680000,150.58,150.58,150.58,150.58,10
1324558740000,150.88,150.88,150.57,150.57,210
1324558860000,150.83,150.83,150.83,150.83,50
1324558920000,150.61,150.61,150.6,150.6,60
1324558980000,150.69,150.69,150.69,150.69,120
1324559100000,150.63,150.63,150.45,150.46,980
1324559460000,150.64,150.64,150.55,150.55,80
1324559520000,150.68,150.68,150.68,150.68,160
1324559580000,150.56,150.56,150.54,150.54,40
1324559640000,150.55,150.55,150.55,150.55,680
1324559700000,150.54,150.54,150.41,150.41,2180
1324559760000,150.5,150.5,150.41,150.41,850
1324559940000,150.66,150.68,150.65,150.68,680
1324560180000,150.67,150.77,150.67,150.77,1530
1324560240000,150.71,150.9,150.71,150.86,1980
1324560300000,150.9,150.95,150.89,150.95,420
1324560480000,150.93,150.93,150.93,150.93,50
1324560600000,150.93,150.95,150.67,150.67,8190
1324560660000,150.67,150.78,150.41,150.52,3390
1324560720000,150.61,150.68,150.52,150.52,130
1324560780000,150.46,150.59,150.46,150.59,600
1324560840000,150.59,150.6,150.48,150.56,220
1324560900000,150.57,150.57,150.52,150.52,700
1324560960000,150.48,150.5,150.4,150.4,16610
1324561020000,150.4,150.54,149.95,150.03,9240
1324561080000,149.84,150.18,149.67,149.96,7330
1324561140000,149.91,150.19,149.86,149.94,190
1324561200000,150.18,150.18,149.81,149.84,70
1324561260000,149.84,149.88,149.54,149.54,2950
1324561320000,149.55,149.96,149.5,149.72,6140
1324561380000,149.72,149.98,149.72,149.98,130
1324561440000,149.95,150.09,149.95,150.09,8570
1324561500000,150.0,150.07,149.67,149.67,2330
1324561560000,149.64,149.64,149.54,149.54,900
1324561620000,149.56,149.56,149.56,149.56,20
1324561680000,149.96,149.96,149.75,149.75,60
1324561740000,149.72,149.72,149.72,149.72,10
1324561800000,149.92,150.0,149.92,150.0,6350
1324561860000,149.73,150.09,149.73,150.09,250
1324561920000,149.88,149.95,149.88,149.95,50
1324562040000,149.91,149.91,149.91,149.91,10
1324562100000,149.93,149.93,149.93,149.93,100
1324562220000,149.98,150.0,149.93,150.0,1380
1324562280000,150.0,150.02,150.0,150.01,4300
1324562400000,150.06,150.06,150.01,150.01,190
1324562460000,149.91,150.0,149.91,149.91,2110
1324562580000,150.02,150.02,150.0,150.0,500
1324562760000,149.92,150.02,149.92,149.92,770
1324562820000,149.95,150.09,149.95,150.09,890
1324562880000,150.06,150.09,150.06,150.09,100
1324562940000,150.07,150.13,150.07,150.13,2010
1324563000000,150.1,150.1,150.1,150.1,190
1324563120000,150.1,150.13,150.1,150.13,920
1324563180000,150.13,150.13,150.13,150.13,60
1324563240000,150.14,150.15,150.1,150.1,2110
1324563360000,150.15,150.15,150.15,150.15,10
1324563420000,150.06,150.06,150.05,150.06,790
1324563480000,150.19,150.2,150.19,150.2,600
1324563540000,150.25,150.5,150.25,150.5,2990
1324563600000,150.5,150.57,150.5,150.5,10000
1324563720000,150.17,150.3,150.17,150.3,350
1324563840000,150.3,150.44,150.3,150.44,800
1324563900000,150.48,150.48,150.15,150.15,390
1324563960000,150.15,150.15,150.08,150.08,300
1324564020000,150.39,150.7,150.39,150.7,13540
1324564080000,150.7,150.7,150.7,150.7,20020
1324564140000,150.7,150.94,150.7,150.94,38940
1324564200000,150.94,151.47,150.4,150.91,15490
1324564260000,150.88,151.49,150.71,150.83,13880
1324564320000,151.08,151.5,150.99,151.5,15540
1324564380000,151.5,151.83,151.09,151.79,12860
1324564440000,151.26,151.78,151.06,151.09,12760
1324564500000,151.48,151.5,151.47,151.5,20060
1324564620000,151.32,151.5,151.14,151.5,23100
1324564680000,151.4,151.5,151.36,151.36,17620
1324564740000,151.36,151.5,151.19,151.24,25760
1324564800000,151.24,151.5,150.9,151.48,10620
1324564860000,151.03,151.91,151.03,151.22,49510
1324564980000,151.52,151.84,151.07,151.26,26860
1324565040000,151.34,151.7,151.11,151.69,81870
1324620000000,152.77,152.94,151.83,151.83,2390
1324620060000,151.91,151.91,151.91,151.91,10
1324620120000,151.94,152.14,151.94,152.03,40
1324620180000,152.28,152.45,151.92,151.92,650
1324620240000,152.0,152.37,151.92,151.93,170
1324620300000,151.93,151.93,151.93,151.93,190
1324620360000,152.37,152.8,152.0,152.8,4510
1324620420000,152.42,152.8,152.42,152.8,30
1324620480000,152.56,152.76,152.56,152.76,140
1324620600000,152.68,152.68,152.68,152.68,100
1324620660000,152.4,152.4,152.33,152.33,800
1324620780000,152.28,152.28,152.28,152.28,180
1324620840000,152.62,152.63,152.61,152.61,130
1324620900000,152.38,152.64,152.38,152.64,410
1324621020000,152.46,152.46,152.46,152.46,70
1324621080000,152.47,152.47,152.29,152.29,200
1324621140000,152.26,152.26,152.26,152.26,100
1324621200000,152.59,152.59,152.59,152.59,40
1324621260000,152.56,152.56,152.56,152.56,10
1324621320000,152.51,152.53,152.51,152.53,150
1324621380000,152.31,152.31,152.25,152.25,100
1324621500000,152.23,152.23,152.23,152.23,30
1324621560000,152.41,152.42,152.41,152.42,860
1324621800000,152.23,152.4,152.14,152.4,8000
1324621860000,152.44,152.44,152.44,152.44,1500
1324621920000,152.45,152.45,152.45,152.45,160
1324621980000,152.44,152.45,152.44,152.45,540
1324622100000,152.44,152.44,152.44,152.44,1400
1324622160000,152.44,152.44,152.44,152.44,1140
1324622220000,152.44,152.44,152.44,152.44,520
1324622280000,152.44,152.45,152.44,152.45,3880
1324622340000,152.45,152.5,152.45,152.5,1230
1324622400000,152.63,152.65,152.63,152.65,1000
1324622520000,152.65,152.65,152.49,152.49,120
1324622580000,152.65,152.65,152.65,152.65,10
1324622640000,152.47,152.47,152.47,152.47,320
1324622700000,152.47,152.5,152.44,152.44,5400
1324622820000,152.44,152.44,152.44,152.44,1650
1324622880000,152.49,152.49,152.44,152.49,220
1324622940000,152.45,152.45,152.33,152.33,1810
1324623060000,152.18,152.18,152.04,152.12,4190
1324623120000,152.04,152.04,151.83,151.83,10190
1324623240000,152.0,152.09,152.0,152.09,440
1324623300000,152.11,152.11,152.01,152.01,2500
1324623360000,152.11,152.11,152.11,152.11,500
1324623420000,152.12,152.12,152.12,152.12,1650
1324623540000,152.12,152.4,152.12,152.35,1490
1324623600000,151.86,151.86,151.86,151.86,60
1324623720000,152.27,152.27,152.27,152.27,220
1324623780000,151.77,152.0,151.7,152.0,90
1324623840000,151.76,151.76,151.65,151.65,40
1324623900000,151.65,151.65,151.65,151.65,10
1324623960000,151.72,151.95,151.72,151.95,120
1324624080000,151.74,151.74,151.74,151.74,10
1324624140000,151.78,151.78,151.24,151.24,9650
1324624200000,151.22,151.25,151.09,151.09,8480
1324624260000,151.04,151.09,151.04,151.09,15210
1324624320000,151.04,151.67,151.04,151.67,1330
1324624680000,151.64,151.65,151.64,151.65,1000
1324624980000,151.12,151.37,151.12,151.37,260
1324625040000,151.14,151.14,151.14,151.14,10
1324625100000,151.06,151.06,151.06,151.06,30
1324625400000,151.5,151.5,151.5,151.5,10
1324625460000,151.59,151.59,151.52,151.52,690
1324625580000,151.75,152.2,151.75,152.2,9650
1324625640000,152.11,152.11,152.01,152.01,2290
1324625700000,152.28,152.28,152.28,152.28,110
1324625760000,152.12,152.12,151.8,151.8,19370
1324625940000,151.57,151.57,151.51,151.51,20
1324626000000,151.51,151.51,151.51,151.51,20
1324626060000,151.73,151.97,151.73,151.97,2000
1324626180000,151.65,151.65,151.64,151.65,400
1324626240000,151.93,151.94,151.93,151.94,630
1324626600000,151.92,151.92,151.92,151.92,120
1324626780000,151.93,151.94,151.65,151.65,330
1324626900000,151.53,151.53,151.5,151.5,360
1324626960000,151.42,151.42,151.14,151.14,4990
1324627020000,151.41,151.41,151.41,151.41,120
1324627140000,151.53,151.85,151.36,151.39,3440
1324627200000,151.5,151.5,151.5,151.5,4320
1324627260000,151.5,151.69,151.5,151.5,8260
1324627320000,151.39,151.39,151.37,151.37,520
1324627380000,151.45,151.45,151.45,151.45,110
1324627560000,151.36,151.36,151.36,151.36,20
1324627740000,151.45,151.46,151.45,151.46,120
1324627800000,151.27,151.27,151.08,151.2,80
1324628100000,151.2,151.25,151.2,151.25,2690
1324628160000,151.07,151.12,151.07,151.09,2110
1324628220000,151.07,151.34,151.0,151.34,1850
1324628280000,151.21,151.22,151.21,151.22,410
1324628460000,151.32,151.32,151.32,151.32,110
1324628520000,151.21,151.21,151.21,151.21,340
1324628760000,151.1,151.14,151.1,151.1,1080
1324628820000,151.24,151.29,151.24,151.29,6630
1324628940000,151.24,151.24,151.24,151.24,200
1324629000000,151.11,151.11,150.67,150.94,9770
1324629060000,151.0,151.0,151.0,151.0,20
1324629120000,150.94,150.94,150.6,150.6,7240
1324629180000,150.94,150.94,150.94,150.94,120
1324629240000,150.98,150.98,150.98,150.98,1000
1324629300000,150.91,150.91,150.91,150.91,100
1324629480000,150.96,150.96,150.84,150.85,300
1324629540000,151.0,151.19,151.0,151.19,3560
1324629600000,151.22,151.22,151.22,151.22,110
1324629660000,151.11,151.22,151.11,151.22,410
1324629720000,151.23,151.33,151.23,151.33,1120
1324629900000,151.43,151.5,151.43,151.5,3790
1324629960000,151.5,151.5,151.34,151.34,3530
1324630020000,151.47,151.5,151.47,151.5,1810
1324630080000,151.5,151.57,151.33,151.57,9930
1324630140000,151.57,151.57,151.57,151.57,70
1324630200000,151.22,151.22,151.22,151.22,70
1324630260000,151.25,151.54,151.22,151.54,220
1324630320000,151.54,151.54,151.54,151.54,10
1324630380000,151.28,151.28,151.19,151.19,1000
1324630500000,151.49,151.5,151.49,151.5,1800
1324630560000,151.5,151.8,151.5,151.8,6010
1324630620000,151.5,152.06,151.35,151.35,17090
1324630680000,151.42,151.42,151.42,151.42,110
1324630740000,151.23,151.39,151.23,151.34,210
1324630800000,151.33,151.45,151.15,151.15,570
1324630860000,151.34,151.36,151.34,151.36,1810
1324630980000,151.47,151.5,151.47,151.5,1510
1324631040000,151.49,151.49,151.49,151.49,120
1324631160000,151.31,151.46,151.07,151.46,9380
1324631220000,151.46,151.5,151.46,151.49,8880
1324631340000,151.56,151.56,151.43,151.43,6360
1324631400000,151.33,151.38,151.33,151.38,130
1324631460000,151.09,151.09,151.07,151.07,1510
1324631520000,151.07,151.07,151.0,151.0,540
1324631580000,151.0,151.0,150.95,150.95,1170
1324631700000,151.1,151.13,151.1,151.11,640
1324631760000,151.18,151.19,151.18,151.19,260
1324631820000,151.2,151.2,151.2,151.2,1000
1324631880000,151.45,151.45,151.45,151.45,1360
1324632060000,151.42,151.5,151.42,151.48,2700
1324632120000,151.5,151.5,151.5,151.5,130
1324632240000,151.49,151.49,151.49,151.49,20
1324632480000,151.49,151.49,151.49,151.49,120
1324632720000,151.32,151.47,151.3,151.42,840
1324632840000,151.49,151.49,151.49,151.49,110
1324632900000,151.3,151.3,151.3,151.3,160
1324632960000,151.3,151.3,151.3,151.3,100
1324633020000,151.27,151.39,151.27,151.39,470
1324633140000,151.39,151.39,151.39,151.39,20
1324633200000,151.49,151.5,151.49,151.5,1450
1324633260000,151.5,151.5,151.5,151.5,10
1324633380000,151.28,151.28,151.27,151.27,200
1324633560000,151.49,151.5,151.49,151.5,470
1324633920000,151.27,151.27,151.0,151.0,5470
1324633980000,151.29,151.29,151.0,151.0,2740
1324634040000,150.99,150.99,150.99,150.99,50
1324634280000,151.17,151.31,151.15,151.15,2690
1324634340000,151.38,151.39,151.38,151.39,120
1324634460000,151.19,151.34,151.0,151.0,80020
1324634520000,151.11,151.11,151.11,151.11,500
1324634580000,151.24,151.24,151.23,151.23,400
1324634700000,151.37,151.37,151.37,151.37,120
1324634760000,151.38,151.41,151.36,151.4,720
1324634820000,151.3,151.3,151.3,151.3,100
1324634880000,151.34,151.45,151.34,151.45,2450
1324634940000,151.45,151.49,151.45,151.49,1350
1324635000000,151.52,151.52,151.51,151.51,360
1324635060000,151.76,151.93,151.7,151.93,1070
1324635120000,151.93,152.79,151.93,152.39,16630
1324635180000,152.45,152.45,152.45,152.45,10
1324635240000,152.45,152.45,152.45,152.45,50
1324635420000,152.45,152.5,152.45,152.5,120
1324635480000,152.5,152.5,152.5,152.5,1000
1324635660000,152.5,152.63,152.5,152.63,2140
1324635720000,152.64,152.7,152.64,152.7,2310
1324635780000,152.7,152.7,152.7,152.7,120
1324635900000,152.65,152.69,152.65,152.69,100
1324635960000,152.59,152.59,152.59,152.59,110
1324636020000,152.5,152.56,152.5,152.56,100
1324636080000,152.5,152.55,152.5,152.5,5880
1324636140000,152.5,152.5,152.5,152.5,440
1324636200000,152.59,152.6,152.59,152.6,1710
1324636380000,152.7,152.9,152.6,152.67,3750
1324636440000,152.72,152.73,152.72,152.73,1100
1324636500000,152.6,152.94,152.6,152.94,3430
1324636560000,152.94,152.94,152.94,152.94,340
1324636620000,152.9,154.0,152.9,154.0,29580
1324636680000,154.0,154.3,154.0,154.3,2690
1324636740000,154.0,154.0,153.78,153.78,5250
1324636800000,153.87,153.99,153.87,153.99,1320
1324636860000,153.8,153.96,153.79,153.96,1110
1324636920000,153.94,153.94,153.94,153.94,10
1324636980000,153.75,153.75,153.66,153.66,400
1324637040000,153.71,153.75,153.66,153.66,1460
1324637100000,153.75,153.75,153.75,153.75,10
1324637160000,153.69,154.0,153.55,154.0,17350
1324637280000,154.0,154.0,153.99,153.99,190
1324637340000,153.92,153.92,153.92,153.92,10
1324637400000,153.9,153.9,153.7,153.7,2470
1324637460000,153.7,153.89,153.7,153.89,2010
1324637520000,153.88,153.88,153.19,153.44,57210
1324637580000,153.19,153.45,153.19,153.45,60
1324637640000,153.4,153.4,153.26,153.39,2410
1324637700000,153.4,153.4,153.4,153.4,10
1324637760000,153.4,153.4,153.4,153.4,1000
1324637820000,153.05,153.05,153.05,153.05,10
1324638000000,153.4,153.4,153.4,153.4,120
1324638120000,153.4,153.44,153.4,153.44,3950
1324638180000,153.44,154.0,153.44,154.0,26800
1324638240000,153.6,153.65,153.13,153.13,9420
1324638360000,153.15,153.56,153.0,153.0,9630
1324638420000,153.24,153.24,152.9,152.9,140
1324638480000,153.14,153.14,152.74,152.74,480
1324638540000,153.09,153.39,153.09,153.1,860
1324638600000,152.66,152.67,152.66,152.66,190
1324638660000,153.19,153.24,153.19,153.24,2650
1324638720000,153.2,153.26,153.2,153.2,2200
1324638780000,153.2,153.2,153.2,153.2,1100
1324638840000,153.26,153.26,153.2,153.2,1990
1324638900000,153.26,153.26,153.26,153.26,250
1324639020000,153.3,153.3,153.3,153.3,200
1324639080000,153.28,153.34,153.21,153.22,750
1324639260000,153.2,153.2,153.2,153.2,2430
1324639320000,153.16,153.16,153.16,153.16,10
1324639380000,153.17,153.19,153.17,153.19,610
1324639440000,153.0,153.0,152.93,152.93,240
1324639500000,153.0,153.0,153.0,153.0,590
1324639740000,153.13,153.13,153.04,153.04,1800
1324639800000,153.13,153.3,153.13,153.3,290
1324639860000,153.28,153.28,153.28,153.28,170
1324639920000,153.06,153.06,153.0,153.0,1800
1324640040000,153.0,153.0,153.0,153.0,120
1324640160000,153.18,153.19,153.18,153.19,120
1324640220000,153.19,153.21,153.19,153.21,4170
1324640400000,153.39,153.4,153.39,153.4,20
1324640460000,153.4,153.4,153.4,153.4,170
1324640520000,153.37,153.4,153.37,153.4,610
1324640580000,153.4,153.4,152.89,152.89,13210
1324640760000,152.9,153.01,152.81,152.92,2170
1324640820000,152.79,152.83,152.75,152.75,1480
1324640880000,152.79,152.82,152.57,152.82,3720
1324640940000,152.6,152.9,152.6,152.9,40
1324641060000,152.61,152.84,152.55,152.6,2400
1324641120000,152.55,152.55,152.52,152.52,1740
1324641180000,152.71,152.71,152.71,152.71,600
1324641300000,152.68,152.68,152.68,152.68,120
1324641360000,152.56,152.62,152.1,152.12,14430
1324641420000,152.2,152.31,152.16,152.31,2310
1324641540000,152.35,152.35,152.2,152.35,2820
1324641600000,152.32,152.45,152.2,152.45,1560
1324641660000,152.43,152.45,152.24,152.26,1360
1324641720000,152.26,152.67,152.1,152.3,21580
1324641780000,152.3,152.44,152.1,152.11,7930
1324641840000,152.23,152.26,152.09,152.26,5420
1324641900000,152.35,152.37,152.35,152.37,370
1324642020000,152.41,152.42,152.2,152.2,6120
1324642080000,152.29,152.29,152.29,152.29,4200
1324642140000,152.33,152.33,152.33,152.33,130
1324642200000,152.25,152.5,152.2,152.5,7370
1324642260000,152.3,152.3,152.3,152.3,100
1324642320000,152.21,152.21,152.16,152.16,330
1324642380000,152.2,152.39,152.17,152.17,620
1324642440000,152.2,152.37,152.2,152.34,890
1324642500000,152.27,152.27,152.27,152.27,500
1324642560000,152.6,152.6,152.6,152.6,400
1324642620000,152.6,152.6,152.43,152.43,1350
1324642680000,152.44,152.44,152.43,152.43,750
1324642740000,152.43,152.52,152.43,152.52,260
1324642920000,152.4,152.4,152.35,152.35,670
1324643100000,152.35,152.47,152.35,152.35,1000
1324643220000,152.28,152.28,152.15,152.15,3380
1324643280000,152.2,152.35,152.13,152.35,4650
1324643340000,152.35,152.35,152.35,152.35,150
1324643460000,152.54,152.54,152.54,152.54,120
1324643640000,152.63,152.63,152.63,152.63,1000
1324643820000,152.5,152.5,152.5,152.5,130
1324643880000,152.5,152.5,152.5,152.5,290
1324643940000,152.5,152.5,152.5,152.5,590
1324644120000,152.5,152.5,152.5,152.5,10
1324644180000,152.58,152.58,152.58,152.58,120
1324644360000,152.57,152.57,152.57,152.57,10
1324644480000,152.5,152.5,152.5,152.5,30
1324644540000,152.5,152.57,152.5,152.57,120
1324644960000,152.5,152.5,152.5,152.5,110
1324645020000,152.45,152.57,152.45,152.57,2000
1324645200000,152.55,152.55,152.55,152.55,200
1324645320000,152.55,152.55,152.55,152.55,120
1324645440000,152.38,152.38,152.38,152.38,20
1324645680000,152.39,152.39,152.35,152.35,850
1324645740000,152.38,152.38,152.38,152.38,510
1324645920000,152.53,152.53,152.53,152.53,70
1324645980000,152.43,152.5,152.43,152.5,310
1324646040000,152.33,152.49,152.31,152.49,390
1324646100000,152.3,152.3,152.13,152.13,3080
1324646160000,152.29,152.29,152.29,152.29,10
1324646400000,152.29,152.29,152.29,152.29,120
1324646460000,152.33,152.33,152.33,152.33,710
1324646760000,152.53,152.53,152.53,152.53,120
1324647000000,152.21,152.27,152.12,152.27,860
1324647120000,152.43,152.43,152.43,152.43,110
1324647240000,152.44,152.47,152.44,152.47,310
1324647480000,152.46,152.47,152.46,152.47,170
1324647600000,152.14,152.14,152.11,152.11,540
1324647660000,152.11,152.13,152.05,152.13,7570
1324647720000,152.12,152.12,151.2,151.2,72800
1324647780000,151.22,151.22,151.12,151.12,630
1324647840000,151.15,151.61,151.14,151.56,690
1324647900000,151.14,151.15,151.13,151.13,300
1324647960000,151.14,151.14,151.14,151.14,10
1324648020000,151.47,151.58,151.47,151.58,180
1324648080000,151.58,151.58,151.58,151.58,360
1324648200000,151.36,151.44,151.3,151.44,910
1324648260000,151.57,151.57,151.57,151.57,110
1324648320000,151.38,151.38,151.38,151.38,20
1324648620000,151.62,151.62,151.62,151.62,120
1324648740000,151.5,151.62,151.4,151.62,110
1324648800000,151.4,151.4,151.4,151.4,300
1324648860000,151.4,151.4,151.31,151.31,180
1324648980000,151.48,151.48,151.48,151.48,120
1324649100000,151.4,151.4,151.35,151.35,60
1324649220000,151.35,151.35,151.33,151.33,70
1324649340000,151.4,151.4,151.21,151.21,1450
1324649400000,151.16,151.22,151.13,151.22,570
1324649520000,151.3,151.3,151.3,151.3,10
1324649640000,151.16,151.16,151.16,151.16,300
1324649700000,151.3,151.38,151.3,151.38,120
1324649760000,151.26,151.26,151.26,151.26,110
1324649880000,151.31,151.31,151.31,151.31,300
1324649940000,151.39,151.4,151.39,151.4,70
1324650000000,151.5,151.5,151.5,151.5,10
1324650060000,151.82,151.82,151.81,151.81,490
1324650180000,151.77,151.77,151.77,151.77,190
1324650240000,151.51,151.51,151.46,151.46,660
1324650360000,151.45,151.45,151.45,151.45,50
1324650420000,151.5,151.68,151.5,151.68,110
1324650480000,151.84,151.84,151.84,151.84,10
1324650720000,151.55,151.55,151.4,151.4,110
1324650780000,151.4,151.4,151.4,151.4,120
1324650840000,151.35,151.35,151.14,151.14,450
1324650900000,151.16,151.16,150.8,150.8,16050
1324650960000,150.86,150.86,150.8,150.85,1270
1324651020000,150.8,150.8,150.8,150.8,50
1324651080000,150.85,150.86,150.85,150.86,600
1324651140000,150.86,150.86,150.85,150.85,200
1324651200000,150.85,150.85,150.85,150.85,50
1324651260000,150.8,150.85,150.8,150.8,12660
1324651320000,150.84,150.84,150.8,150.8,2070
1324651380000,150.84,150.86,150.8,150.8,10920
1324651440000,150.85,150.86,150.81,150.86,7900
1324879200000,151.51,152.43,151.51,152.43,490
1324879320000,152.3,152.38,152.3,152.38,190
1324879380000,152.14,152.38,152.14,152.38,910
1324879440000,152.35,152.4,152.35,152.4,5310
1324879500000,152.16,152.16,152.16,152.16,400
1324879560000,152.18,152.18,152.17,152.17,660
1324879620000,152.22,152.22,152.22,152.22,50
1324879800000,152.22,152.22,152.22,152.22,2500
1324879980000,152.17,152.17,152.16,152.16,50
1324880100000,152.22,152.22,152.22,152.22,10
1324880220000,152.28,152.28,152.28,152.28,20
1324880280000,152.42,152.44,152.42,152.44,250
1324880340000,152.45,152.48,152.45,152.48,700
1324880400000,152.51,152.79,152.51,152.79,9020
1324880520000,152.78,152.79,152.78,152.79,1000
1324880580000,152.79,152.79,152.78,152.78,220
1324880640000,152.38,152.38,152.38,152.38,10
1324880700000,152.42,152.42,152.42,152.42,90
1324880760000,152.65,152.68,152.25,152.25,1160
1324880880000,152.38,152.38,152.31,152.31,30
1324881060000,152.47,152.51,152.31,152.51,520
1324881120000,152.51,152.57,152.51,152.57,490
1324881240000,152.51,152.51,152.5,152.5,510
1324881300000,152.48,152.48,152.36,152.36,130
1324881360000,152.52,152.57,152.52,152.57,400
1324881660000,152.41,152.41,152.4,152.4,350
1324882020000,152.41,152.41,152.41,152.41,50
1324882080000,152.54,152.54,152.54,152.54,100
1324882140000,152.55,152.6,152.54,152.54,1050
1324882260000,152.43,152.5,152.39,152.5,4330
1324882320000,152.5,152.5,152.5,152.5,2500
1324882620000,152.37,152.37,152.26,152.27,750
1324882680000,152.37,152.37,152.29,152.29,300
1324882800000,152.4,152.48,152.3,152.3,4800
1324883040000,152.33,152.33,152.33,152.33,300
1324883100000,152.32,152.54,152.13,152.54,20290
1324883160000,152.5,152.55,152.5,152.55,140
1324883220000,152.5,152.5,152.5,152.5,450
1324883280000,152.5,152.55,152.5,152.55,810
1324883520000,152.5,152.5,152.5,152.5,260
1324883580000,152.51,152.51,152.5,152.5,1300
1324883640000,152.5,152.5,152.5,152.5,7210
1324883760000,152.54,152.54,152.54,152.54,140
1324883880000,152.57,152.57,152.57,152.57,70
1324883940000,152.59,152.59,152.59,152.59,70
1324884000000,152.59,152.64,152.59,152.64,320
1324884060000,152.55,152.55,152.55,152.55,10
1324884180000,152.57,152.57,152.57,152.57,10
1324884240000,152.65,152.65,152.65,152.65,200
1324884300000,152.65,152.69,152.65,152.69,2100
1324884420000,152.69,152.69,152.69,152.69,200
1324884540000,152.57,152.57,152.57,152.57,70
1324884600000,152.65,152.7,152.65,152.7,4240
1324884720000,152.69,152.7,152.69,152.7,1610
1324885020000,152.7,152.7,152.7,152.7,1520
1324885200000,152.69,152.69,152.69,152.69,100
1324885440000,152.69,152.7,152.69,152.7,210
1324885680000,152.61,152.61,152.54,152.54,2500
1324885740000,152.54,152.54,152.53,152.53,950
1324885800000,152.53,152.53,152.53,152.53,300
1324885920000,152.54,152.54,152.52,152.52,900
1324886100000,152.54,152.54,152.54,152.54,1420
1324886160000,152.71,153.17,152.71,153.17,12080
1324886220000,153.17,153.22,153.17,153.22,500
1324886280000,153.22,153.26,153.22,153.26,40
1324886340000,152.85,152.85,152.64,152.64,200
1324886400000,153.27,153.7,153.27,153.69,10560
1324886460000,153.69,153.7,153.6,153.61,4000
1324886580000,153.5,153.5,153.5,153.5,50
1324886700000,153.5,153.5,153.5,153.5,20
1324886760000,153.5,153.5,153.09,153.09,2990
1324886820000,153.0,153.05,153.0,153.05,310
1324886940000,152.98,152.98,152.98,152.98,10
1324887120000,152.89,152.89,152.89,152.89,30
1324887180000,152.89,152.89,152.89,152.89,100
1324887300000,153.0,153.0,153.0,153.0,500
1324887420000,153.0,153.0,153.0,153.0,1000
1324887480000,152.99,153.0,152.99,153.0,80
1324887600000,153.0,153.0,153.0,153.0,2010
1324887780000,153.26,153.26,153.26,153.26,150
1324887960000,153.27,153.27,152.99,152.99,210
1324888680000,153.15,153.35,153.15,153.35,2020
1324888740000,153.5,153.64,153.5,153.64,4300
1324888980000,153.27,153.27,153.27,153.27,150
1324889100000,153.2,153.28,152.89,153.28,5810
1324889640000,153.11,153.25,153.11,153.25,660
1324890060000,153.25,153.25,153.25,153.25,20
1324890120000,153.25,153.48,153.25,153.47,4000
1324890240000,153.5,153.6,153.5,153.6,390
1324890480000,153.6,153.62,153.6,153.6,960
1324890600000,153.33,153.33,153.32,153.32,200
1324890720000,153.32,153.32,153.32,153.32,100
1324890840000,153.45,153.5,153.45,153.5,2000
1324890900000,153.59,153.6,153.59,153.6,170
1324890960000,153.5,153.57,153.5,153.57,160
1324891020000,153.6,153.63,153.6,153.6,1480
1324891200000,153.64,153.65,153.64,153.65,2080
1324891260000,153.68,153.68,153.68,153.68,50
1324891380000,153.6,153.68,153.6,153.68,130
1324891560000,153.6,153.6,153.6,153.6,2750
1324891740000,153.6,153.68,153.6,153.68,90
1324891800000,153.6,153.6,153.6,153.6,1260
1324891860000,153.51,153.51,153.51,153.51,150
1324891980000,153.6,153.7,153.6,153.7,5420
1324892100000,153.6,153.6,153.51,153.51,250
1324892160000,153.69,153.7,153.69,153.7,400
1324892700000,153.69,153.69,153.69,153.69,110
1324893000000,153.67,153.67,153.61,153.67,40
1324893180000,153.61,153.61,153.61,153.61,50
1324893240000,153.61,153.61,153.61,153.61,20
1324893300000,153.61,153.61,153.61,153.61,110
1324893780000,153.56,153.6,153.56,153.6,30
1324893840000,153.56,153.56,153.55,153.55,510
1324893960000,153.55,153.55,153.55,153.55,200
1324894200000,153.56,153.56,153.56,153.56,50
1324894440000,153.56,153.56,153.56,153.56,40
1324894500000,153.55,153.55,153.5,153.5,1950
1324894680000,153.55,153.55,153.5,153.5,1400
1324895160000,153.5,153.5,153.5,153.5,1560
1324895460000,153.56,153.56,153.5,153.5,910
1324895580000,153.57,153.6,153.57,153.6,590
1324895760000,153.6,153.6,153.6,153.6,400
1324896000000,153.6,153.64,153.6,153.64,610
1324896120000,153.64,153.64,153.64,153.64,50
1324896180000,153.51,153.51,153.5,153.5,1400
1324896240000,153.5,153.5,153.5,153.5,400
1324896300000,153.5,153.53,153.5,153.53,3600
1324896720000,153.62,153.64,153.62,153.64,650
1324896900000,153.52,153.52,153.52,153.52,10
1324897080000,153.52,153.52,153.52,153.52,10
1324897140000,153.52,153.52,153.52,153.52,20
1324897260000,153.6,153.64,153.6,153.64,1000
1324897320000,153.65,153.65,153.53,153.53,900
1324897380000,153.53,153.53,153.53,153.53,650
1324897620000,153.65,153.67,153.65,153.67,1400
1324897680000,153.67,153.67,153.67,153.67,110
1324897860000,153.54,153.66,153.54,153.66,880
1324898580000,153.65,153.66,153.65,153.66,1000
1324898640000,153.66,153.66,153.66,153.66,210
1324898760000,153.55,153.55,153.55,153.55,80
1324899180000,153.66,153.66,153.66,153.66,380
1324899300000,153.66,153.67,153.66,153.67,500
1324899660000,153.67,153.67,153.67,153.67,210
1324899720000,153.67,153.67,153.67,153.67,190
1324899780000,153.57,153.57,153.56,153.56,2000
1324899900000,153.66,153.7,153.66,153.7,8320
1324899960000,153.7,153.7,153.7,153.7,2940
1324900080000,153.69,153.7,153.69,153.7,50
1324900200000,153.63,153.63,153.63,153.63,210000
1324900500000,153.6,153.6,153.6,153.6,60
1324900560000,153.63,153.63,153.57,153.57,70
1324900800000,153.59,153.67,153.59,153.67,480
1324901280000,153.69,153.69,153.69,153.69,40
1324901400000,153.6,153.6,153.6,153.6,200
1324901520000,153.6,153.6,153.6,153.6,110
1324901580000,153.69,153.88,153.69,153.8,11600
1324901640000,153.7,153.7,153.55,153.55,5010
1324902000000,153.56,153.56,153.56,153.56,480
1324902060000,153.56,153.6,153.56,153.6,700
1324902180000,153.6,153.6,153.6,153.6,10
1324902300000,153.76,153.76,153.55,153.55,3610
1324902360000,153.7,153.7,153.7,153.7,10
1324902840000,153.55,153.55,153.55,153.55,1000
1324902900000,153.55,153.58,153.55,153.58,2950
1324902960000,153.68,153.69,153.45,153.45,1850
1324903080000,153.55,153.55,153.55,153.55,20
1324903200000,153.45,153.45,153.45,153.45,80
1324903320000,153.5,153.6,153.5,153.6,530
1324903380000,153.69,153.69,153.69,153.69,20
1324903500000,153.68,153.68,153.5,153.5,830
1324903560000,153.5,153.65,153.5,153.65,1170
1324903620000,153.5,153.5,153.5,153.5,1350
1324903860000,153.51,153.51,153.51,153.51,80
1324903980000,153.64,153.67,153.45,153.45,2580
1324904100000,153.45,153.45,153.45,153.45,240
1324904160000,153.45,153.45,153.45,153.45,10
1324904520000,153.53,153.53,153.42,153.42,3830
1324904640000,153.33,153.33,153.21,153.21,1180
1324904700000,153.21,153.21,152.85,153.0,9640
1324904760000,152.88,152.9,152.85,152.9,1320
1324904820000,152.9,152.9,152.87,152.87,360
1324904880000,153.01,153.39,153.01,153.39,7740
1324904940000,153.09,153.09,153.09,153.09,10
1324905000000,153.17,153.19,153.16,153.18,600
1324905060000,153.15,153.15,153.1,153.1,430
1324905120000,153.11,153.11,153.1,153.1,1500
1324905360000,153.15,153.15,153.15,153.15,200
1324905420000,153.1,153.1,153.1,153.1,20
1324905480000,153.22,153.25,153.1,153.1,1620
1324905540000,153.12,153.34,153.12,153.34,1210
1324905600000,153.1,153.1,153.1,153.1,40
1324905720000,153.1,153.36,152.91,153.36,1190
1324905780000,153.24,153.3,153.24,153.3,800
1324905900000,153.37,153.5,153.37,153.5,2270
1324906080000,153.41,153.41,153.41,153.41,1400
1324906140000,153.49,153.8,153.39,153.39,8020
1324906200000,153.77,153.9,153.42,153.43,20400
1324906260000,153.76,153.76,153.22,153.22,30
1324906320000,153.22,153.22,153.04,153.04,6550
1324906560000,153.4,153.4,153.4,153.4,1800
1324906620000,153.5,153.7,153.28,153.28,1500
1324906920000,153.4,153.5,153.3,153.5,1200
1324906980000,153.53,153.68,153.53,153.68,140
1324907100000,153.68,153.68,153.68,153.68,500
1324907160000,153.68,153.81,153.68,153.81,900
1324907220000,153.81,153.81,153.81,153.81,570
1324907280000,153.81,153.81,153.81,153.81,1460
1324907340000,153.5,153.6,153.28,153.6,100
1324907460000,153.41,153.41,153.41,153.41,20
1324907520000,153.33,153.33,153.33,153.33,20
1324907820000,153.39,153.39,153.34,153.34,250
1324907940000,153.57,153.57,153.57,153.57,60
1324908060000,153.35,153.35,153.35,153.35,20
1324908540000,153.59,153.59,153.59,153.59,10
1324908840000,153.38,153.38,153.38,153.38,10
1324908960000,153.59,153.93,153.59,153.93,6700
1324909020000,153.46,153.46,153.46,153.46,10
1324909140000,153.8,153.91,153.41,153.41,150
1324909200000,153.88,153.88,153.88,153.88,50
1324909260000,153.42,153.94,153.42,153.94,2830
1324909320000,153.94,153.97,153.31,153.31,3900
1324909500000,153.81,153.81,153.23,153.24,30
1324909560000,153.3,153.4,153.3,153.4,20
1324909620000,153.78,153.78,153.23,153.23,30
1324909800000,153.76,153.76,153.24,153.24,5670
1324909860000,153.57,153.75,153.57,153.75,240
1324909980000,153.71,153.71,153.35,153.35,820
1324910040000,153.7,153.83,153.7,153.83,6070
1324910100000,153.83,154.0,153.5,153.5,79160
1324910160000,153.7,153.99,153.7,153.99,1710
1324910220000,153.99,154.0,153.99,154.0,300
1324910280000,153.89,153.9,153.67,153.67,3160
1324910340000,153.87,153.9,153.67,153.67,810
1324910400000,153.79,153.79,153.64,153.64,50
1324910460000,153.82,153.89,153.64,153.64,310
1324910520000,153.66,153.66,153.66,153.66,70
1324910580000,153.8,153.8,153.66,153.67,320
1324910640000,153.85,153.98,153.58,153.63,9360
1324965660000,153.8,153.8,153.8,153.8,100
1324965720000,153.6,153.79,153.58,153.79,1300
1324965780000,153.8,153.8,153.8,153.8,400
1324965900000,153.67,153.67,153.67,153.67,2000
1324965960000,153.67,153.67,153.67,153.67,20
1324966140000,153.62,153.62,153.62,153.62,120
1324966200000,153.67,153.87,153.67,153.87,640
1324966320000,153.87,153.93,153.87,153.93,830
1324966440000,153.94,154.92,153.94,154.92,22140
1324966500000,154.9,154.91,154.64,154.64,730
1324966560000,154.7,154.7,154.66,154.66,470
1324966620000,154.61,154.61,153.98,153.98,29610
1324966680000,153.79,153.87,153.79,153.87,350
1324966740000,153.86,153.96,153.86,153.96,740
1324966800000,153.96,153.96,153.75,153.75,2200
1324966920000,153.97,154.0,153.97,154.0,580
1324966980000,154.0,154.18,154.0,154.18,3570
1324967040000,154.3,154.3,154.3,154.3,10
1324967160000,154.06,154.06,154.05,154.05,1710
1324967220000,154.29,154.29,154.29,154.29,190
1324967280000,154.05,154.05,154.05,154.05,150
1324967340000,154.05,154.05,154.05,154.05,140
1324967400000,154.0,154.0,153.82,153.82,1280
1324967460000,154.17,154.17,154.17,154.17,500
1324967520000,154.15,154.21,154.15,154.18,500
1324967580000,153.92,154.15,153.92,154.15,160
1324967760000,154.06,154.15,154.06,154.15,200
1324967820000,154.04,154.04,154.04,154.04,20
1324967880000,154.04,154.04,154.04,154.04,100
1324968000000,154.04,154.04,153.9,154.01,75240
1324968060000,153.9,153.9,153.9,153.9,500
1324968360000,154.0,154.0,154.0,154.0,3000
1324968480000,154.01,154.01,154.01,154.01,500
1324968540000,154.0,154.0,154.0,154.0,1000
1324968600000,153.9,153.9,153.9,153.9,10
1324968660000,153.9,153.9,153.9,153.9,10
1324968780000,153.9,153.9,153.9,153.9,30
1324969200000,154.01,154.02,154.01,154.02,1490
1324969320000,153.9,153.9,153.81,153.81,2230
1324969440000,153.81,153.81,153.7,153.7,15980
1324969500000,153.6,153.61,153.54,153.54,4290
1324969740000,153.72,153.72,153.72,153.72,50
1324969800000,153.68,153.7,153.68,153.69,350
1324969920000,153.56,153.7,153.5,153.7,2260
1324969980000,153.7,153.7,153.5,153.5,500
1324970100000,153.71,153.71,153.71,153.71,50
1324970220000,153.65,153.65,153.65,153.65,900
1324970280000,153.78,153.78,153.78,153.78,100
1324970520000,153.73,153.73,153.72,153.72,210
1324970640000,153.75,153.75,153.75,153.75,150
1324970940000,153.61,154.0,153.6,154.0,3090
1324971000000,154.0,154.0,154.0,154.0,200
1324971060000,154.0,154.0,154.0,154.0,5230
1324971600000,154.08,154.08,154.08,154.08,330
1324971660000,154.0,154.0,154.0,154.0,100
1324971840000,154.14,154.14,154.14,154.14,10
1324971960000,153.85,154.09,153.8,154.09,1010
1324972080000,154.09,154.09,153.79,153.79,420
1324972620000,153.83,153.83,153.83,153.83,400
1324972800000,153.76,153.8,153.71,153.8,220
1324973160000,153.9,154.08,153.9,154.08,290
1324973280000,154.08,154.08,154.08,154.08,50
1324973460000,154.03,154.03,154.03,154.03,480
1324973640000,154.03,154.18,154.03,154.18,240
1324974060000,154.0,154.0,154.0,154.0,30
1324974300000,153.84,153.84,153.84,153.84,20
1324974360000,153.9,154.13,153.9,154.13,390
1324975020000,153.98,153.98,153.98,153.98,210
1324975140000,153.9,154.0,153.9,154.0,5150
1324975200000,154.0,154.0,154.0,154.0,210
1324975560000,153.85,153.99,153.7,153.8,4520
1324975620000,153.82,153.87,153.82,153.87,210
1324975740000,153.72,153.72,153.28,153.28,5630
1324975800000,153.28,153.28,153.0,153.0,3460
1324975860000,153.0,153.0,152.61,152.7,3720
1324975920000,152.61,152.7,152.61,152.7,840
1324975980000,152.9,152.93,152.9,152.93,300
1324976040000,152.99,153.09,152.99,153.09,2510
1324976100000,153.09,153.09,152.91,152.91,620
1324976160000,152.84,152.84,152.8,152.8,500
1324976280000,153.0,153.0,153.0,153.0,10
1324976340000,153.0,153.0,153.0,153.0,1050
1324976400000,153.0,153.18,152.81,152.94,5740
1324976580000,152.99,153.18,152.99,153.18,2000
1324976640000,152.94,152.96,152.93,152.95,430
1324976880000,153.21,153.21,153.21,153.21,20
1324976940000,153.1,153.1,153.04,153.04,380
1324977000000,153.21,153.21,153.21,153.21,30
1324977120000,153.17,153.18,153.17,153.17,220
1324977180000,153.0,153.0,152.85,152.87,500
1324977540000,153.21,153.21,153.21,153.21,220
1324977720000,153.04,153.04,153.04,153.04,10
1324977780000,153.06,153.06,153.06,153.06,10
1324978020000,153.0,153.0,152.83,152.83,250
1324978320000,152.78,152.78,152.7,152.7,5240
1324978440000,152.8,152.8,152.8,152.8,40
1324978560000,152.9,153.04,152.9,153.04,110
1324978860000,153.21,153.22,153.21,153.22,2030
1324978920000,153.41,153.41,153.14,153.14,1000
1324979160000,153.38,153.55,153.38,153.55,790
1324979220000,153.55,153.55,153.55,153.55,370
1324979280000,153.6,153.6,153.6,153.6,50
1324979340000,153.6,153.6,153.56,153.56,200
1324979520000,153.55,153.55,153.55,153.55,1440
1324979640000,153.22,153.22,153.22,153.22,120
1324979820000,153.26,153.35,153.26,153.35,500
1324979940000,153.25,153.35,153.22,153.35,180
1324980180000,153.35,153.35,153.35,153.35,30
1324980300000,153.15,153.15,153.15,153.15,220
1324980900000,153.3,153.45,153.3,153.45,190
1324981140000,153.45,153.45,153.45,153.45,3000
1324981440000,153.45,153.45,153.45,153.45,200
1324981800000,153.45,153.53,153.45,153.53,1120
1324981860000,153.45,153.45,153.45,153.45,200
1324981920000,153.45,153.45,153.45,153.45,1800
1324981980000,153.45,153.45,153.45,153.45,810
1324982100000,153.45,153.45,153.45,153.45,2200
1324982160000,153.45,153.45,153.45,153.45,490
1324982220000,153.45,153.45,153.45,153.45,4000
1324982700000,153.53,153.53,153.53,153.53,20
1324983240000,153.46,153.46,153.45,153.45,2150
1324983540000,153.63,153.63,153.63,153.63,10
1324983600000,153.62,153.62,153.62,153.62,60
1324983720000,153.63,153.65,153.63,153.65,380
1324983840000,153.65,153.65,153.65,153.65,100
1324984080000,153.65,153.67,153.65,153.67,150
1324984320000,153.6,153.6,153.6,153.6,10
1324984500000,153.6,153.6,153.55,153.55,1090
1324984560000,153.6,153.6,153.6,153.6,90
1324984740000,153.55,153.55,153.55,153.55,2000
1324984860000,153.55,153.55,153.55,153.55,3500
1324984920000,153.55,153.55,153.55,153.55,1200
1324985340000,153.55,153.55,153.55,153.55,480
1324985400000,153.6,153.6,153.6,153.6,50
1324985580000,153.6,153.6,153.6,153.6,156500
1324985820000,153.6,153.6,153.6,153.6,82500
1324986000000,153.65,153.81,153.65,153.81,1050
1324986060000,153.8,153.99,153.8,153.94,4650
1324986120000,153.98,153.98,153.98,153.98,90
1324986180000,153.83,153.83,153.81,153.81,105010
1324986240000,153.81,153.97,153.81,153.97,160
1324986360000,153.98,153.98,153.98,153.98,10
1324986420000,153.92,154.1,153.92,154.1,1780
1324986480000,153.87,153.87,153.83,153.83,500
1324986720000,153.85,153.85,153.85,153.85,65000
1324986780000,153.83,153.83,153.75,153.75,58500
1324986840000,153.88,154.01,153.88,154.01,700
1324987080000,154.0,154.09,154.0,154.09,2450
1324987140000,154.09,154.09,154.09,154.09,50
1324987200000,153.69,153.69,153.64,153.65,1110
1324987380000,154.01,154.01,154.01,154.01,50
1324987500000,153.96,153.96,153.96,153.96,50
1324987740000,153.72,153.75,153.66,153.66,2160
1324987800000,153.7,153.7,153.6,153.7,2420
1324987920000,153.7,153.7,153.7,153.7,800
1324988040000,153.7,153.7,153.7,153.7,330
1324988100000,153.7,153.7,153.6,153.6,730
1324988160000,153.6,153.6,153.6,153.6,5640
1324988280000,153.56,153.56,152.94,152.94,7280
1324988340000,152.94,152.94,152.94,152.94,200
1324988400000,152.93,152.93,152.66,152.66,6590
1324988460000,152.9,152.9,152.9,152.9,10
1324988580000,152.86,152.9,152.86,152.9,170
1324988640000,152.9,152.9,152.69,152.86,2120
1324988820000,152.91,153.48,152.91,153.48,23850
1324988940000,153.24,153.24,153.22,153.22,1860
1324989060000,153.39,153.56,153.39,153.56,540
1324989180000,153.52,153.52,153.52,153.52,590
1324989300000,153.47,153.47,153.47,153.47,320
1324989660000,153.39,153.39,153.1,153.29,30
1324989720000,153.12,153.12,153.12,153.12,10
1324989840000,153.23,153.23,153.23,153.23,20
1324989900000,153.25,153.53,153.25,153.5,15310
1324989960000,153.53,153.54,153.5,153.5,4490
1324990020000,153.5,153.6,153.5,153.6,4740
1324990080000,153.7,153.7,153.7,153.7,150
1324990140000,153.7,153.91,153.7,153.91,470
1324990200000,153.93,153.93,153.93,153.93,400
1324990260000,153.58,153.58,153.57,153.57,300
1324990320000,153.7,153.8,153.7,153.8,310
1324990380000,153.9,153.95,153.9,153.95,200
1324990440000,153.73,153.73,153.73,153.73,300
1324990500000,153.7,153.7,153.7,153.7,10
1324990620000,153.73,153.96,153.73,153.96,1620
1324990680000,153.96,153.96,153.96,153.96,570
1324990800000,153.96,153.96,153.96,153.96,80
1324990920000,153.98,153.99,153.98,153.99,1300
1324990980000,153.99,154.14,153.81,154.14,11030
1324991040000,154.12,154.18,154.12,154.18,1240
1324991100000,154.18,154.22,154.03,154.13,8320
1324991160000,154.13,154.13,154.13,154.13,1300
1324991220000,154.13,154.22,154.13,154.22,1500
1324991280000,154.22,154.25,154.22,154.25,9250
1324991340000,154.23,154.23,154.23,154.23,3900
1324991400000,154.23,154.25,154.23,154.25,1400
1324991460000,154.25,154.25,154.25,154.25,2870
1324991520000,154.23,154.23,154.23,154.23,1150
1324991640000,154.11,154.11,154.11,154.11,40
1324991700000,154.11,154.11,154.1,154.1,120
1324991760000,154.07,154.07,154.07,154.07,920
1324991820000,154.07,154.23,154.0,154.23,33050
1324991880000,154.23,154.23,154.23,154.23,450
1324991940000,153.96,154.23,153.96,154.23,1520
1324992000000,153.93,153.93,153.93,153.93,20
1324992060000,153.94,153.94,153.94,153.94,1430
1324992240000,154.17,154.22,154.17,154.22,610
1324992360000,154.21,154.22,154.21,154.22,1000
1324992420000,154.22,154.22,154.22,154.22,2150
1324992540000,154.18,154.18,154.18,154.18,210
1324992600000,153.87,153.89,153.85,153.85,3890
1324992660000,153.85,153.85,153.21,153.22,1470
1324992720000,153.91,153.92,153.24,153.24,220
1324992780000,153.31,153.83,153.02,153.2,7960
1324992840000,153.06,153.43,153.06,153.11,470
1324992900000,153.13,153.13,153.1,153.1,780
1324993020000,153.19,153.2,153.03,153.2,2130
1324993080000,153.2,153.2,153.2,153.2,210
1324993140000,153.14,153.2,153.14,153.2,1500
1324993200000,153.19,153.2,153.01,153.13,1530
1324993260000,153.12,153.12,153.01,153.01,220
1324993500000,153.01,153.01,153.01,153.01,820
1324993620000,153.01,153.01,153.01,153.01,1720
1324993740000,153.01,153.01,153.01,153.01,10
1324993800000,153.02,153.2,153.01,153.2,2600
1324993920000,153.35,153.35,153.35,153.35,50
1324993980000,153.38,153.41,153.38,153.41,200
1324994100000,153.04,153.04,153.01,153.01,830
1324994280000,153.15,153.15,153.0,153.0,3080
1324994340000,153.1,153.23,153.1,153.23,600
1324994400000,153.0,153.0,153.0,153.0,840
1324994580000,153.03,153.05,153.03,153.03,370
1324994640000,153.33,153.44,153.06,153.44,1600
1324994700000,153.5,153.6,153.06,153.6,1350
1324994820000,153.39,153.39,153.39,153.39,1000
1324994880000,153.68,153.9,153.68,153.77,3020
1324994940000,153.91,153.91,153.77,153.77,1600
1324995000000,153.8,153.8,153.8,153.8,820
1324995060000,153.91,153.91,153.91,153.91,210
1324995120000,153.82,153.82,153.2,153.2,2500
1324995180000,153.98,153.99,153.97,153.97,1200
1324995240000,153.97,153.98,153.97,153.98,410
1324995300000,153.97,153.98,153.48,153.53,4010
1324995360000,153.53,153.53,153.53,153.53,2470
1324995420000,153.62,153.62,153.61,153.61,790
1324995600000,153.51,153.51,153.32,153.32,830
1324995660000,153.59,153.59,153.59,153.59,40
1324995900000,153.3,153.3,153.13,153.13,840
1324996020000,153.2,153.2,153.2,153.2,20
1324996080000,153.23,153.23,153.22,153.22,500
1324996140000,153.36,153.5,153.36,153.5,3790
1324996200000,153.51,153.51,153.51,153.51,870
1324996260000,153.51,153.51,153.51,153.51,380
1324996320000,153.5,153.51,153.5,153.5,21680
1324996440000,153.51,153.51,153.51,153.51,30
1324996500000,153.5,153.51,153.5,153.51,5500
1324996560000,153.51,153.51,153.51,153.51,180
1324996620000,153.5,153.5,153.5,153.5,3400
1324996680000,153.5,153.97,153.5,153.97,3550
1324996740000,153.96,153.96,153.96,153.96,10
1324996800000,153.96,154.23,153.96,154.23,10070
1324996860000,154.15,154.15,154.01,154.01,2160
1324996920000,154.2,155.5,154.04,154.04,69380
1324996980000,154.35,155.22,154.32,154.4,2600
1324997040000,155.22,155.22,154.98,155.0,3050
1325052060000,154.5,154.8,154.5,154.8,6180
1325052120000,154.8,154.8,154.77,154.77,1720
1325052180000,154.72,154.72,154.72,154.72,2550
1325052240000,154.38,154.39,154.38,154.39,610
1325052300000,154.58,154.58,154.58,154.58,250
1325052360000,154.72,154.72,154.58,154.58,2140
1325052420000,154.58,154.58,154.58,154.58,10
1325052480000,154.35,154.35,154.35,154.35,20
1325052540000,154.47,154.72,154.47,154.72,1070
1325052600000,154.77,154.98,154.77,154.86,830
1325052660000,154.96,154.97,154.96,154.97,200
1325052780000,154.97,155.0,154.92,154.92,3050
1325052840000,154.92,155.0,154.86,154.86,2130
1325052900000,154.86,154.86,154.66,154.66,2810
1325052960000,154.68,154.68,154.67,154.67,2000
1325053140000,154.86,155.5,154.86,155.0,12780
1325053200000,155.0,155.0,155.0,155.0,1000
1325053260000,155.0,155.33,155.0,155.33,1640
1325053380000,154.99,155.0,154.99,155.0,400
1325053440000,155.0,155.0,155.0,155.0,4620
1325053500000,155.21,155.22,155.21,155.21,800
1325053620000,155.32,155.33,155.32,155.33,420
1325053680000,155.3,155.51,155.3,155.51,9910
1325053740000,155.52,155.52,155.52,155.52,10
1325053800000,155.64,155.64,155.63,155.63,2500
1325053920000,155.82,156.48,155.82,156.3,30120
1325053980000,156.48,156.48,156.46,156.46,2030
1325054040000,156.24,156.24,156.23,156.23,1000
1325054100000,156.14,156.14,156.14,156.14,280
1325054160000,156.14,156.14,156.14,156.14,90
1325054220000,156.14,156.41,156.13,156.14,6750
1325054340000,156.2,156.2,156.13,156.13,300
1325054400000,156.13,156.16,156.12,156.12,320
1325054460000,156.1,156.1,156.1,156.1,40
1325054520000,156.1,156.1,156.1,156.1,10
1325054580000,156.1,156.1,156.0,156.0,12730
1325054640000,156.0,156.0,156.0,156.0,3340
1325054700000,155.99,155.99,155.99,155.99,90
1325054760000,155.8,155.8,155.8,155.8,510
1325054820000,155.74,155.74,155.74,155.74,20
1325054880000,155.74,155.74,155.74,155.74,10
1325054940000,155.74,155.74,155.74,155.74,1500
1325055000000,155.65,155.9,155.6,155.9,22650
1325055060000,155.99,156.2,155.99,156.2,5000
1325055120000,156.23,156.44,156.23,156.44,5000
1325055180000,156.46,156.47,156.46,156.47,1500
1325055240000,156.47,156.48,156.47,156.48,1200
1325055300000,156.48,156.49,156.48,156.49,3640
1325055360000,156.49,156.5,156.17,156.5,4910
1325055420000,156.5,156.6,156.2,156.6,7850
1325055480000,156.6,156.68,156.6,156.68,210
1325055540000,156.72,156.79,156.72,156.79,1310
1325055600000,156.88,156.92,156.75,156.9,19750
1325055660000,156.79,156.79,156.79,156.79,20
1325055720000,156.79,156.89,156.73,156.73,1030
1325055840000,156.86,156.86,156.78,156.78,1040
1325055900000,156.72,156.72,156.56,156.56,1500
1325055960000,156.56,156.88,156.56,156.88,2240
1325056200000,156.61,156.61,156.61,156.61,110
1325056320000,156.72,156.78,156.6,156.6,220
1325056380000,156.6,156.6,156.6,156.6,1170
1325056440000,156.51,156.6,156.49,156.6,470
1325056500000,156.49,156.82,156.49,156.82,1470
1325056560000,156.58,156.58,156.58,156.58,10
1325056680000,156.52,156.52,156.52,156.52,20
1325056740000,156.51,156.73,156.51,156.73,1090
1325056860000,156.71,156.71,156.71,156.71,900
1325056920000,156.71,156.73,156.71,156.73,3000
1325056980000,156.73,156.73,156.73,156.73,600
1325057040000,156.73,156.73,156.73,156.73,200
1325057220000,156.57,156.57,156.57,156.57,20
1325057520000,156.7,156.71,156.7,156.71,2230
1325057640000,156.71,156.72,156.71,156.72,2820
1325057700000,156.71,156.71,156.71,156.71,980
1325057820000,156.71,156.72,156.55,156.55,1100
1325057940000,156.66,156.72,156.56,156.71,1480
1325058000000,156.71,156.71,156.7,156.71,550
1325058180000,156.56,156.7,156.56,156.7,310
1325058240000,156.56,156.56,156.56,156.56,1300
1325058300000,156.56,156.56,156.56,156.56,70
1325058360000,156.56,156.56,156.56,156.56,130
1325058420000,156.55,156.55,156.55,156.55,1050
1325058480000,156.51,156.51,156.51,156.51,320
1325058540000,156.5,156.5,156.5,156.5,20
1325058600000,156.66,156.66,156.66,156.66,600
1325058840000,156.63,156.66,156.63,156.66,2520
1325058900000,156.53,156.53,156.5,156.5,6560
1325058960000,156.49,156.49,155.94,155.94,3550
1325059020000,156.28,156.28,156.28,156.28,80
1325059200000,156.28,156.28,156.01,156.01,1870
1325059320000,156.28,156.3,156.09,156.09,4130
1325059440000,156.1,156.1,156.1,156.1,20
1325059500000,156.09,156.11,156.04,156.04,2600
1325059560000,156.05,156.06,156.05,156.06,280
1325059740000,156.08,156.08,156.08,156.08,20
1325059800000,156.05,156.05,156.02,156.02,80
1325059920000,156.02,156.02,155.92,156.01,1250
1325059980000,155.92,156.01,155.81,155.81,1460
1325060040000,156.0,156.02,155.8,156.01,5280
1325060100000,155.82,155.82,155.82,155.82,900
1325060160000,155.98,155.98,155.85,155.97,1650
1325060220000,155.92,155.92,155.51,155.51,27570
1325060280000,155.51,155.62,155.25,155.26,8130
1325060340000,155.33,155.45,155.3,155.42,2660
1325060400000,155.42,155.42,155.3,155.34,7000
1325060460000,155.41,155.41,155.38,155.38,1200
1325060520000,155.41,155.41,155.32,155.32,2540
1325060580000,155.42,155.44,155.25,155.25,30780
1325060640000,155.3,155.3,155.3,155.3,220
1325060700000,155.3,155.31,155.25,155.31,1210
1325060760000,155.32,155.32,155.25,155.25,2410
1325060880000,155.5,155.5,155.28,155.45,2170
1325060940000,155.45,155.45,155.31,155.31,600
1325061000000,155.32,155.35,155.25,155.25,5490
1325061060000,155.25,155.26,155.25,155.25,1970
1325061120000,155.26,155.26,155.25,155.25,1320
1325061180000,155.25,155.25,155.14,155.15,2390
1325061240000,155.15,155.15,155.14,155.14,80
1325061300000,155.27,155.47,155.14,155.14,25360
1325061360000,155.33,155.43,155.14,155.14,11400
1325061420000,155.37,155.48,155.14,155.17,23490
1325061480000,155.32,155.43,155.17,155.17,9000
1325061540000,155.42,155.48,155.12,155.18,27030
1325061600000,155.18,155.18,155.07,155.07,3090
1325061660000,155.07,155.48,155.0,155.08,14550
1325061720000,155.08,155.47,154.98,154.98,10810
1325061780000,154.96,155.38,154.94,155.0,8730
1325061840000,155.02,155.39,154.92,154.92,10670
1325061900000,154.99,155.09,154.71,154.71,19810
1325061960000,154.92,155.12,154.71,154.73,10320
1325062080000,155.09,155.24,154.78,154.78,6880
1325062140000,154.98,155.22,154.81,154.92,24980
1325062200000,155.01,155.35,154.72,155.26,15570
1325062260000,155.11,155.39,154.82,154.9,16490
1325062320000,155.12,155.29,154.86,154.98,17200
1325062380000,155.01,155.28,154.91,154.97,12120
1325062440000,155.2,155.28,154.94,154.99,5160
1325062560000,155.1,155.1,155.1,155.1,90
1325062680000,155.26,155.26,155.05,155.05,2340
1325062800000,155.05,155.05,154.99,154.99,500
1325062860000,154.9,154.9,154.9,154.9,670
1325062920000,154.93,154.93,154.93,154.93,110
1325062980000,155.19,155.29,155.19,155.29,2000
1325063040000,154.94,154.94,154.94,154.94,80
1325063100000,155.28,155.29,155.28,155.29,320
1325063160000,155.0,155.0,155.0,155.0,10
1325063220000,155.29,155.29,155.29,155.29,6160
1325063280000,155.29,155.3,154.96,154.96,3300
1325063520000,154.96,155.1,154.96,155.1,280
1325063700000,154.99,154.99,154.97,154.97,90
1325063880000,154.97,155.08,154.97,155.08,50
1325063940000,155.04,155.04,154.94,154.94,110
1325064000000,154.93,155.05,154.93,155.05,110
1325064060000,155.06,155.06,155.06,155.06,10
1325064180000,154.95,154.95,154.95,154.95,80
1325064420000,155.07,155.07,154.95,154.95,140
1325064540000,155.07,155.1,155.07,155.1,1300
1325064600000,155.1,155.29,155.1,155.29,8100
1325064660000,155.19,155.19,155.18,155.18,80
1325064780000,155.27,155.3,155.27,155.3,2910
1325064840000,155.36,155.6,155.36,155.6,2600
1325064900000,155.57,155.74,155.51,155.55,3110
1325064960000,155.55,155.55,155.53,155.53,470
1325065020000,155.53,155.6,155.51,155.6,4910
1325065080000,155.6,155.6,155.51,155.51,2500
1325065260000,155.52,155.52,155.51,155.51,680
1325065320000,155.51,155.51,155.26,155.26,2780
1325065440000,155.24,155.55,155.24,155.41,1590
1325065560000,155.38,155.38,155.37,155.37,90
1325065800000,155.38,155.38,155.28,155.28,580
1325065860000,155.47,155.68,155.47,155.68,3200
1325066040000,155.36,155.36,155.36,155.36,90
1325066220000,155.69,155.69,155.36,155.36,520
1325066280000,155.65,155.65,155.65,155.65,60
1325066340000,155.69,155.75,155.69,155.75,15120
1325066460000,155.8,155.8,155.71,155.8,400
1325066580000,155.8,156.0,155.8,156.0,4290
1325066640000,156.0,156.0,156.0,156.0,300
1325066700000,155.77,155.77,155.72,155.73,100
1325066940000,155.81,155.81,155.81,155.81,80
1325067000000,155.99,156.0,155.99,156.0,2000
1325067060000,156.0,156.37,156.0,156.3,12450
1325067120000,156.3,156.45,156.3,156.45,4810
1325067180000,156.3,156.3,156.3,156.3,2070
1325067240000,156.3,156.45,156.3,156.45,770
1325067300000,156.45,156.49,156.45,156.49,1600
1325067360000,155.92,155.92,155.92,155.92,90
1325067600000,156.25,156.49,156.1,156.13,3110
1325067780000,156.48,156.48,156.48,156.48,1000
1325067840000,156.14,156.14,156.14,156.14,90
1325067960000,156.32,156.32,156.25,156.25,400
1325068080000,156.14,156.14,156.14,156.14,780
1325068140000,156.19,156.19,156.19,156.19,140
1325068200000,156.19,156.19,156.19,156.19,150
1325068320000,156.13,156.14,156.13,156.14,400
1325068380000,156.3,156.4,156.3,156.4,600
1325068500000,156.14,156.44,155.96,156.27,13840
1325068560000,156.27,156.46,156.21,156.42,1940
1325068620000,156.29,156.29,156.29,156.29,1090
1325068680000,156.26,156.38,156.26,156.38,500
1325068740000,156.36,156.4,156.14,156.17,3580
1325068800000,156.17,156.6,156.17,156.6,10820
1325068860000,156.5,156.54,156.4,156.54,10250
1325068980000,156.23,156.6,156.23,156.6,630
1325069040000,156.5,156.6,156.5,156.6,220
1325069100000,156.55,156.63,156.55,156.63,1000
1325069220000,156.42,156.42,156.31,156.31,80
1325069280000,156.36,156.36,156.36,156.36,420
1325069340000,156.36,156.36,156.36,156.36,380
1325069460000,156.38,156.42,156.38,156.42,390
1325069520000,156.47,156.47,156.38,156.38,2820
1325069580000,156.38,156.46,156.38,156.38,1390
1325069640000,156.39,156.39,156.38,156.38,850
1325069700000,156.37,156.37,156.37,156.37,90
1325069820000,156.47,156.5,156.47,156.5,12600
1325069880000,156.5,156.63,156.5,156.51,1610
1325069940000,156.5,156.6,156.5,156.6,4280
1325070000000,156.6,156.78,156.6,156.7,12650
1325070060000,156.78,156.9,156.59,156.9,7530
1325070120000,156.9,156.9,156.54,156.54,2210
1325070360000,156.54,156.54,156.54,156.54,80
1325070540000,156.52,156.52,156.52,156.52,10
1325070600000,156.54,156.79,156.54,156.79,790
1325070720000,156.77,156.77,156.51,156.51,600
1325070840000,156.51,156.51,156.51,156.51,90
1325070900000,156.51,156.51,156.5,156.5,2900
1325071020000,156.36,156.36,156.36,156.36,30
1325071080000,156.37,156.37,156.37,156.37,80
1325071260000,156.42,156.42,156.39,156.39,110
1325071320000,156.39,156.39,156.34,156.34,380
1325071380000,156.32,156.32,156.32,156.32,10
1325071440000,156.32,156.34,156.32,156.34,30
1325071500000,156.61,156.85,156.33,156.45,2200
1325071560000,156.35,156.72,156.33,156.33,1510
1325071620000,156.74,156.86,156.41,156.41,1600
1325071680000,156.84,156.89,156.5,156.89,4940
1325071740000,156.88,156.89,156.62,156.65,1100
1325071800000,156.79,156.89,156.67,156.67,3000
1325071860000,156.65,156.83,156.59,156.83,1170
1325071920000,156.57,156.78,156.57,156.78,360
1325071980000,156.64,156.64,156.64,156.64,90
1325072040000,156.82,156.88,156.82,156.88,440
1325072100000,156.68,156.68,156.68,156.68,50
1325072160000,156.71,156.89,156.71,156.89,1400
1325072220000,156.8,156.9,156.71,156.9,1350
1325072280000,156.8,156.88,156.8,156.88,210
1325072400000,156.63,156.63,156.63,156.63,90
1325072640000,156.62,156.62,156.62,156.62,80
1325072760000,156.68,156.68,156.68,156.68,1200
1325072820000,156.74,156.89,156.73,156.89,390
1325072880000,156.8,156.89,156.8,156.8,380
1325072940000,156.89,156.89,156.89,156.89,100
1325073000000,156.89,156.9,156.89,156.9,1400
1325073120000,156.8,156.9,156.8,156.8,3210
1325073300000,156.7,156.73,156.7,156.73,100
1325073360000,156.72,156.72,156.71,156.71,130
1325073420000,156.7,156.7,156.7,156.7,110
1325073480000,156.69,156.69,156.68,156.68,600
1325073540000,156.65,156.65,156.64,156.64,190
1325073600000,156.72,156.72,156.72,156.72,450
1325073780000,156.72,156.83,156.72,156.83,740
1325073840000,156.88,156.9,156.88,156.9,440
1325073900000,156.75,156.75,156.74,156.74,180
1325073960000,156.73,156.73,156.73,156.73,230
1325074020000,156.73,156.73,156.73,156.73,160
1325074140000,156.75,156.75,156.73,156.73,180
1325074200000,156.73,156.73,156.73,156.73,500
1325074260000,156.72,156.72,156.72,156.72,90
1325074500000,156.72,156.72,156.72,156.72,80
1325074560000,156.72,156.72,156.72,156.72,150
1325074620000,156.72,156.72,156.72,156.72,1000
1325074680000,156.63,156.8,156.63,156.63,1310
1325074800000,156.65,156.65,156.64,156.64,700
1325074860000,156.63,156.63,156.49,156.5,1160
1325074920000,156.44,156.44,156.44,156.44,80
1325075160000,156.43,156.43,156.29,156.29,390
1325075220000,156.29,156.4,156.28,156.4,1050
1325075340000,156.29,156.29,156.29,156.29,300
1325075400000,156.28,156.4,156.28,156.4,340
1325075640000,156.29,156.3,156.28,156.3,210
1325075820000,156.3,156.6,156.3,156.6,1110
1325075880000,156.6,156.82,156.6,156.82,4380
1325075940000,156.83,156.83,156.53,156.53,2220
1325076000000,156.53,156.53,156.32,156.32,1680
1325076060000,156.29,156.29,156.17,156.17,3410
1325076120000,156.17,156.49,156.16,156.37,4200
1325076180000,156.17,156.17,156.17,156.17,300
1325076300000,156.2,156.2,156.2,156.2,90
1325076360000,156.4,156.4,156.18,156.22,2870
1325076420000,156.22,156.54,156.22,156.5,14120
1325076480000,156.5,156.5,156.5,156.5,10
1325076540000,156.5,156.5,156.5,156.5,90
1325076660000,156.6,156.6,156.6,156.6,20
1325076780000,156.6,156.6,156.6,156.6,80
1325076900000,156.7,156.7,156.6,156.6,400
1325076960000,156.5,156.5,156.5,156.5,1000
1325077020000,156.5,156.5,156.5,156.5,2020
1325077200000,156.44,156.58,156.44,156.58,1230
1325077260000,156.26,156.37,156.26,156.35,4590
1325077320000,156.34,156.34,156.34,156.34,400
1325077380000,156.34,156.34,156.34,156.34,10
1325077440000,156.34,156.34,156.34,156.34,90
1325077560000,156.34,156.34,156.16,156.16,2820
1325077680000,156.42,156.42,156.25,156.25,290
1325077920000,156.19,156.19,156.19,156.19,80
1325078160000,156.19,156.19,156.19,156.19,90
1325078400000,156.19,156.19,156.18,156.18,80
1325078580000,156.18,156.18,156.18,156.18,90
1325078700000,156.19,156.3,156.19,156.3,80
1325078820000,156.19,156.19,156.19,156.19,90
1325079000000,156.19,156.19,156.19,156.19,1600
1325079060000,156.19,156.29,156.19,156.29,430
1325079120000,156.19,156.19,156.19,156.19,200
1325079180000,156.19,156.19,156.18,156.18,800
1325079240000,156.18,156.18,156.18,156.18,1130
1325079300000,156.18,156.18,156.18,156.18,90
1325079360000,156.3,156.32,156.3,156.3,1200
1325079540000,156.3,156.3,156.3,156.3,80
1325079600000,156.3,156.3,156.3,156.3,12290
1325079660000,156.32,156.32,156.18,156.18,2730
1325079720000,156.18,156.19,156.18,156.18,1900
1325079780000,156.19,156.19,156.18,156.18,930
1325079840000,156.18,156.18,156.18,156.18,860
1325079900000,156.18,156.18,156.0,156.0,2130
1325079960000,155.91,155.91,155.91,155.91,90
1325080020000,155.93,155.94,155.93,155.94,740
1325080080000,155.94,155.94,155.91,155.91,1960
1325080140000,155.9,155.9,155.9,155.9,220
1325080200000,155.81,155.81,155.81,155.81,80
1325080260000,155.81,155.81,155.7,155.71,5400
1325080440000,155.77,155.77,155.77,155.77,90
1325080680000,155.78,155.78,155.77,155.77,320
1325080800000,155.77,155.85,155.7,155.7,15710
1325080860000,155.7,156.54,154.9,156.1,62080
1325080920000,156.1,156.1,155.61,155.67,3680
1325080980000,155.49,155.5,155.33,155.33,1400
1325081100000,155.35,155.35,155.34,155.34,90
1325081280000,155.51,155.52,155.31,155.31,1460
1325081340000,155.31,155.54,155.3,155.3,1480
1325081400000,155.3,155.3,155.3,155.3,10
1325081580000,155.5,155.5,155.05,155.05,6130
1325081640000,155.03,155.19,155.02,155.19,3520
1325081760000,155.01,155.13,155.01,155.01,3570
1325081820000,155.02,155.22,155.01,155.22,1830
1325081880000,155.11,155.22,154.9,155.0,15330
1325081940000,154.9,154.9,154.9,154.9,1200
1325082000000,154.9,155.08,154.8,155.08,4870
1325082060000,154.81,155.04,154.8,154.8,1460
1325082120000,154.8,154.88,154.8,154.87,2780
1325082180000,154.9,154.9,154.9,154.9,10
1325082240000,154.8,154.9,154.78,154.9,270
1325082300000,154.89,154.9,154.89,154.9,1330
1325082360000,155.1,155.1,154.71,154.89,3900
1325082420000,154.73,155.4,154.73,155.37,430
1325082480000,155.35,155.45,154.72,154.82,12580
1325082540000,154.93,155.35,154.93,155.35,1010
1325082600000,155.32,155.32,155.0,155.3,2750
1325082660000,155.3,155.3,155.3,155.3,10
1325082720000,154.93,155.33,154.8,155.0,1210
1325082780000,155.0,155.0,155.0,155.0,10
1325082840000,155.0,155.33,154.71,155.33,1060
1325082900000,155.28,155.28,154.8,155.0,1060
1325082960000,155.33,155.33,154.8,155.2,2830
1325083140000,155.0,155.0,155.0,155.0,3000
1325083200000,154.9,157.0,154.86,155.18,85980
1325083260000,155.99,156.29,155.46,155.46,3800
1325083320000,155.95,155.95,155.22,155.22,1280
1325083380000,155.78,156.39,155.29,156.39,8690
1325083440000,156.29,156.4,155.26,156.39,17520
1325138400000,155.2,156.33,155.2,156.0,4920
1325138460000,156.0,156.33,156.0,156.33,5380
1325138520000,156.33,156.48,156.31,156.48,3190
1325138580000,156.51,156.98,156.51,156.98,3750
1325138640000,156.97,156.97,156.15,156.15,3830
1325138700000,156.97,156.99,156.18,156.99,5420
1325138820000,156.41,156.5,156.41,156.5,570
1325138880000,156.96,156.99,156.96,156.99,2000
1325139000000,156.99,156.99,156.59,156.59,3180
1325139060000,156.55,156.55,156.29,156.29,150
1325139180000,156.4,156.4,156.3,156.36,6350
1325139300000,156.3,156.45,156.3,156.45,3650
1325139420000,156.26,156.44,156.23,156.44,4090
1325139480000,156.44,156.5,156.44,156.5,5260
1325139600000,156.5,156.5,156.5,156.5,1080
1325139660000,156.6,156.6,156.6,156.6,1700
1325139720000,156.6,156.75,156.6,156.75,4050
1325139840000,156.44,156.8,156.44,156.75,1660
1325139900000,156.8,156.8,156.75,156.8,2810
1325139960000,156.76,156.81,156.65,156.65,4230
1325140080000,156.75,156.75,156.54,156.54,6080
1325140140000,156.39,156.5,156.39,156.5,1040
1325140320000,156.21,156.21,156.21,156.21,70
1325140380000,156.22,156.22,156.09,156.09,2630
1325140440000,156.2,156.23,156.2,156.23,310
1325140500000,156.27,156.3,156.27,156.3,3630
1325140560000,156.32,156.32,156.09,156.09,5950
1325140620000,156.3,156.3,156.3,156.3,110
1325140680000,156.33,156.33,156.33,156.33,30
1325140740000,156.31,156.33,156.31,156.33,220
1325140860000,156.35,156.4,156.35,156.4,3040
1325140980000,156.35,156.45,156.3,156.45,760
1325141040000,156.45,156.5,156.43,156.45,6000
1325141100000,156.26,156.26,156.17,156.17,2000
1325141160000,156.18,156.18,156.03,156.03,6400
1325141220000,156.03,156.03,156.03,156.03,490
1325141280000,156.03,156.03,156.03,156.03,370
1325141340000,156.0,156.0,156.0,156.0,10
1325141400000,156.01,156.01,156.0,156.0,370
1325141460000,156.17,156.17,156.17,156.17,100
1325141520000,156.19,156.19,156.05,156.05,540
1325141640000,156.16,156.46,156.16,156.46,1140
1325141760000,156.42,156.42,156.42,156.42,50
1325141820000,156.29,156.53,156.29,156.53,5670
1325141880000,156.5,156.5,156.5,156.5,300
1325141940000,156.51,156.51,156.5,156.5,1990
1325142000000,156.06,156.06,156.03,156.03,1000
1325142060000,156.03,156.03,156.0,156.0,5000
1325142180000,155.92,155.92,155.91,155.91,940
1325142300000,155.41,155.41,155.19,155.3,4420
1325142360000,155.13,155.72,155.13,155.13,2040
1325142420000,155.13,155.13,155.02,155.02,3210
1325142480000,155.69,155.69,155.68,155.68,1640
1325142540000,155.69,155.9,155.69,155.9,540
1325142600000,155.88,155.88,155.88,155.88,10
1325142660000,155.79,155.88,155.79,155.88,1500
1325142720000,155.88,155.88,155.88,155.88,330
1325142780000,155.88,155.88,155.88,155.88,790
1325142840000,155.9,155.9,155.9,155.9,1400
1325143020000,155.74,155.9,155.74,155.9,3150
1325143140000,155.61,155.61,155.39,155.39,4050
1325143440000,155.18,155.18,155.12,155.12,410
1325143560000,155.28,155.68,155.28,155.68,110
1325143680000,155.38,155.38,155.38,155.38,100
1325143740000,155.4,155.4,155.4,155.4,120
1325143980000,155.29,155.29,155.29,155.29,100
1325144160000,155.46,155.46,155.46,155.46,280
1325144220000,155.43,155.43,155.43,155.43,10
1325144280000,155.29,155.32,155.25,155.32,1610
1325144340000,155.31,155.31,155.31,155.31,110
1325144700000,155.31,155.31,155.31,155.31,40
1325144760000,155.43,155.43,155.43,155.43,10
1325144940000,155.45,155.48,155.45,155.48,600
1325145000000,155.48,155.5,155.47,155.5,3600
1325145060000,155.7,155.81,155.7,155.81,60
1325145300000,155.54,155.55,155.54,155.55,20
1325145360000,155.61,155.61,155.61,155.61,110
1325145540000,155.78,155.78,155.78,155.78,20
1325145600000,155.69,155.69,155.69,155.69,80
1325145720000,155.65,155.65,155.55,155.55,3930
1325145780000,155.55,155.55,155.55,155.55,220
1325145840000,155.55,155.55,155.55,155.55,10
1325145900000,155.55,155.55,155.55,155.55,100
1325145960000,155.55,155.55,155.55,155.55,20
1325146080000,155.55,155.55,155.51,155.55,960
1325146140000,155.55,155.55,155.55,155.55,820
1325146260000,155.52,155.52,155.28,155.28,1240
1325146380000,155.28,155.28,155.16,155.16,4740
1325146560000,155.17,155.17,155.17,155.17,60
1325146620000,155.16,155.16,155.08,155.08,2750
1325146680000,155.08,155.08,154.91,154.91,11140
1325146740000,154.81,154.81,154.81,154.81,880
1325146800000,154.8,154.82,154.72,154.82,1160
1325146860000,154.81,154.81,154.67,154.67,7800
1325146920000,154.67,154.71,154.66,154.66,3480
1325146980000,154.54,154.58,153.1,154.34,54830
1325147040000,153.7,153.7,153.68,153.68,2490
1325147100000,153.54,153.7,153.06,153.57,10100
1325147160000,153.77,153.86,153.56,153.56,2100
1325147220000,153.56,154.33,153.56,154.33,3340
1325147280000,154.35,154.46,153.79,153.79,1380
1325147340000,153.8,154.0,153.8,154.0,15500
1325147400000,154.0,154.0,154.0,154.0,50
1325147460000,154.0,154.0,154.0,154.0,3530
1325147580000,153.99,154.0,153.81,154.0,2110
1325147640000,153.81,153.99,153.81,153.99,40
1325147700000,153.9,153.9,153.9,153.9,1000
1325147760000,153.83,153.83,153.83,153.83,50
1325147820000,153.83,153.96,153.8,153.8,2080
1325147940000,153.98,153.98,153.98,153.98,20
1325148000000,153.81,153.81,153.75,153.76,490
1325148120000,153.8,153.99,153.8,153.99,15910
1325148180000,153.9,153.9,153.9,153.9,7000
1325148240000,153.99,153.99,153.95,153.95,1010
1325148300000,153.9,153.9,153.9,153.9,50
1325148360000,153.95,153.99,153.95,153.99,10000
1325148420000,153.99,153.99,153.91,153.91,5800
1325148540000,153.99,153.99,153.99,153.99,10000
1325148600000,153.9,153.9,153.78,153.88,4300
1325148780000,153.9,153.9,153.9,153.9,20
1325148840000,153.9,153.9,153.7,153.7,1530
1325149080000,153.8,153.81,153.8,153.81,100
1325149140000,153.81,153.81,153.81,153.81,10
1325149200000,153.81,153.81,153.81,153.81,10
1325149320000,153.87,153.87,153.71,153.71,280
1325149380000,153.72,153.72,153.72,153.72,1490
1325149560000,153.73,153.73,153.36,153.36,10230
1325149620000,153.4,153.5,153.0,153.5,15700
1325149680000,153.6,153.84,153.4,153.4,410
1325149740000,153.1,153.25,153.0,153.15,7040
1325149800000,153.33,153.33,153.24,153.24,120
1325149920000,153.18,153.4,153.1,153.4,3310
1325149980000,153.07,153.16,153.07,153.16,560
1325150040000,153.03,153.03,153.0,153.0,250
1325150100000,153.24,153.37,153.22,153.36,700
1325150160000,153.06,153.22,153.0,153.22,2940
1325150220000,153.04,153.04,153.0,153.0,5000
1325150280000,153.17,153.25,153.05,153.16,1650
1325150340000,153.08,153.09,153.08,153.09,40
1325150400000,153.07,153.07,153.07,153.07,40
1325150520000,153.1,153.1,152.51,152.59,25910
1325150580000,152.51,152.59,152.29,152.59,11040
1325150640000,152.38,152.94,152.28,152.94,4920
1325150700000,152.78,152.86,152.33,152.33,60
1325150760000,152.33,152.62,152.18,152.62,1120
1325150880000,152.46,152.46,152.46,152.46,110
1325150940000,152.3,152.47,152.1,152.45,2600
1325151000000,152.45,152.45,152.28,152.3,14560
1325151060000,152.16,152.24,152.16,152.24,370
1325151120000,152.28,152.3,152.11,152.25,4570
1325151180000,152.19,152.3,152.19,152.3,1200
1325151240000,152.16,152.3,152.15,152.15,1340
1325151300000,152.15,152.3,152.13,152.13,1110
1325151360000,152.13,152.13,152.12,152.12,2590
1325151420000,152.12,152.12,152.12,152.12,210
1325151480000,152.22,152.3,152.22,152.3,1220
1325151600000,152.3,152.75,152.3,152.75,10000
1325151660000,152.6,153.25,152.6,153.25,4990
1325151720000,153.18,153.25,153.18,153.25,720
1325151780000,153.2,153.25,153.18,153.25,1600
1325151840000,153.03,153.03,153.0,153.0,240
1325151900000,153.0,153.29,153.0,153.07,740
1325151960000,153.21,153.99,153.21,153.99,17140
1325152020000,153.58,153.58,153.58,153.58,40
1325152080000,153.48,153.48,153.2,153.2,530
1325152140000,153.48,153.58,153.48,153.58,500
1325152260000,153.48,153.48,153.48,153.48,10
1325152320000,153.4,153.4,153.4,153.4,10
1325152500000,153.2,153.2,153.16,153.16,300
1325152620000,153.2,153.2,153.15,153.15,110
1325152680000,153.13,153.13,153.13,153.13,510
1325152740000,153.13,153.13,153.0,153.0,13000
1325152800000,153.0,153.01,152.81,152.81,3340
1325153040000,152.81,152.81,152.68,152.68,140
1325153100000,152.68,152.68,152.51,152.52,810
1325153160000,152.52,152.53,152.52,152.53,590
1325153220000,152.53,152.75,152.5,152.5,2550
1325153280000,152.5,152.52,152.4,152.4,2490
1325153340000,152.5,153.05,152.49,153.05,2640
1325153460000,152.97,152.97,152.97,152.97,200
1325153940000,152.94,152.94,152.94,152.94,390
1325154000000,153.0,153.0,153.0,153.0,800
1325154060000,152.99,152.99,152.98,152.98,1380
1325154120000,152.98,153.0,152.98,153.0,3510
1325154180000,153.19,153.35,153.19,153.35,1340
1325154240000,153.5,153.5,153.12,153.12,5800
1325154480000,153.3,153.3,153.3,153.3,50
1325154780000,153.24,153.33,153.24,153.33,320
1325154840000,153.32,153.32,153.32,153.32,10
1325155020000,153.32,153.32,153.32,153.32,6000
1325155080000,153.32,153.32,153.1,153.28,630
1325155200000,152.97,153.18,152.8,153.18,2820
1325155320000,152.95,152.95,152.95,152.95,10
1325155500000,152.92,152.92,152.91,152.91,110
1325155560000,152.91,152.91,152.91,152.91,120
1325155680000,153.14,153.14,152.95,152.95,970
1325155740000,153.0,153.12,152.95,153.12,210
1325155860000,152.96,152.96,152.86,152.86,6120
1325155920000,153.08,153.11,152.78,152.8,610
1325155980000,152.78,152.78,152.78,152.78,260
1325156040000,152.79,152.79,152.79,152.79,120
1325156160000,153.0,153.07,153.0,153.07,20
1325156220000,152.81,152.81,152.78,152.78,110
1325156280000,152.79,152.79,152.79,152.79,10
1325156340000,153.01,153.01,153.01,153.01,10
1325156460000,153.01,153.08,152.79,153.08,630
1325156520000,153.01,153.01,153.01,153.01,10
1325156640000,152.79,152.79,152.79,152.79,330
1325156700000,152.79,152.79,152.66,152.66,2410
1325156760000,152.65,152.65,152.5,152.6,490
1325156940000,152.51,152.78,152.51,152.78,30
1325157000000,152.82,152.82,152.51,152.51,30
1325157060000,152.76,152.76,152.76,152.76,10
1325157120000,152.53,152.98,152.51,152.98,640
1325157180000,152.99,153.04,152.99,153.04,50
1325157240000,152.69,152.9,152.68,152.9,430
1325157300000,152.69,152.98,152.59,152.59,980
1325157360000,152.57,152.91,152.53,152.91,260
1325157420000,152.58,152.58,152.57,152.57,90
1325157480000,152.8,152.8,152.8,152.8,10
1325157540000,152.59,152.59,152.59,152.59,40
1325157600000,152.59,152.79,152.59,152.59,150
1325157720000,152.81,152.86,152.56,152.56,660
1325157780000,152.78,152.78,152.78,152.78,10
1325157840000,152.81,152.81,152.81,152.81,10
1325157900000,152.57,152.57,152.52,152.52,600
1325157960000,152.86,152.86,152.86,152.86,10
1325158020000,152.52,152.83,152.5,152.5,450
1325158080000,152.5,152.87,152.4,152.87,1950
1325158320000,152.66,152.66,152.66,152.66,30
1325158560000,152.66,152.66,152.66,152.66,20
1325158680000,152.4,152.4,152.39,152.39,260
1325158740000,152.43,152.43,152.37,152.37,430
1325158800000,152.36,152.36,152.24,152.24,910
1325158860000,152.35,152.37,152.35,152.37,280
1325158920000,152.37,152.62,152.37,152.62,730
1325159040000,152.81,152.81,152.81,152.81,10
1325159220000,152.82,152.82,152.82,152.82,10
1325159280000,152.59,152.67,152.59,152.67,420
1325159340000,152.62,152.62,152.62,152.62,330
1325159400000,152.72,152.72,152.72,152.72,10
1325159700000,152.35,152.4,152.35,152.4,380
1325159760000,152.33,152.33,152.33,152.33,20
1325159820000,152.35,152.77,152.35,152.42,110
1325159880000,152.38,152.38,152.29,152.3,740
1325159940000,152.27,152.27,152.12,152.12,2840
1325160000000,152.12,152.52,151.6,151.61,23100
1325160060000,151.62,152.05,151.53,151.9,6800
1325160120000,151.9,152.3,151.9,152.3,1010
1325160180000,152.8,152.8,152.12,152.12,480
1325160240000,152.3,152.65,152.06,152.06,300
1325160300000,152.63,152.63,152.63,152.63,10
1325160480000,152.48,152.96,152.01,152.96,6420
1325160540000,152.32,153.21,152.19,153.09,2650
1325160600000,152.22,152.74,152.21,152.61,270
1325160660000,153.02,153.02,153.02,153.02,10
1325160720000,152.95,152.96,152.95,152.96,300
1325160900000,152.88,152.92,152.88,152.92,800
1325160960000,152.54,153.06,152.43,153.02,2600
1325161020000,152.57,152.57,152.57,152.57,160
1325161080000,152.59,152.59,152.28,152.58,640
1325161140000,152.63,153.02,152.62,153.02,2160
1325161200000,152.59,153.02,152.48,152.57,1330
1325161260000,152.88,152.96,152.88,152.96,500
1325161320000,152.66,152.86,152.57,152.86,670
1325161440000,152.84,152.84,152.84,152.84,100
1325161560000,152.69,152.69,152.59,152.61,600
1325161620000,152.68,152.8,152.68,152.73,1090
1325161680000,152.99,153.04,152.57,152.92,3300
1325161800000,152.96,153.05,152.61,152.61,2280
1325161860000,152.6,153.03,152.39,152.89,8780
1325161920000,152.45,152.45,152.45,152.45,600
1325161980000,152.45,152.79,152.45,152.79,1260
1325162040000,152.45,152.7,152.45,152.7,3000
1325162100000,152.89,152.89,152.7,152.83,9900
1325162160000,152.7,152.7,152.7,152.7,4900
1325162220000,152.81,152.81,152.52,152.76,6820
1325162280000,152.8,152.8,152.45,152.73,6540
1325162400000,152.9,152.9,152.9,152.9,20
1325162700000,152.68,152.79,152.5,152.57,3320
1325162820000,152.61,152.88,152.53,152.57,2850
1325162880000,152.53,152.85,152.52,152.52,2000
1325163120000,152.53,152.53,152.53,152.53,100
1325163180000,152.74,152.96,152.5,152.5,12760
1325163240000,152.72,152.82,152.51,152.51,120
1325163300000,152.76,152.76,152.76,152.76,10
1325163360000,152.86,153.04,152.58,152.58,4960
1325163420000,152.71,153.0,152.5,152.77,7410
1325163480000,152.7,152.7,152.7,152.7,10
1325163540000,152.52,152.52,152.52,152.52,780
1325163600000,152.52,152.85,152.52,152.85,1880
1325163660000,152.69,152.69,152.51,152.51,1520
1325163780000,152.6,152.75,152.6,152.75,1710
1325163840000,152.52,152.74,152.5,152.74,2710
1325163960000,152.6,152.6,152.51,152.51,820
1325164020000,152.5,152.55,152.5,152.55,230
1325164140000,152.66,152.66,152.66,152.66,10
1325164200000,152.66,152.74,152.5,152.74,1900
1325164260000,152.51,152.76,152.5,152.75,1110
1325164320000,152.74,152.74,152.74,152.74,70
1325164440000,152.51,152.51,152.25,152.25,5770
1325164500000,152.29,152.29,152.26,152.26,970
1325164560000,152.28,152.52,152.26,152.52,1210
1325164620000,152.62,152.62,152.5,152.5,1510
1325164680000,152.5,152.5,152.5,152.5,20
1325164980000,152.66,152.66,152.66,152.66,10
1325165040000,152.63,152.63,152.5,152.61,930
1325165100000,152.61,152.61,152.61,152.61,20
1325165160000,152.5,152.5,152.5,152.5,1030
1325165220000,152.66,152.66,152.66,152.66,10
1325165280000,152.64,152.69,152.64,152.69,1950
1325165340000,152.55,152.55,152.5,152.5,1800
1325165400000,152.62,152.62,152.62,152.62,10
1325165460000,152.62,152.62,152.62,152.62,10
1325165520000,152.5,152.5,152.29,152.29,3540
1325165580000,152.26,152.26,152.25,152.25,460
1325165640000,152.25,152.25,152.18,152.25,5300
1325165700000,152.18,152.18,152.18,152.18,30
1325165880000,152.41,152.41,152.25,152.25,220
1325166060000,152.41,153.0,152.4,153.0,40200
1325166120000,152.98,153.0,152.26,152.33,6780
1325166300000,152.61,152.61,152.61,152.61,10
1325166480000,152.48,152.49,152.29,152.29,36280
1325166540000,152.43,152.43,152.43,152.43,60
1325166600000,152.5,152.5,152.5,152.5,320
1325166660000,152.46,152.46,152.46,152.46,20
1325166780000,152.61,152.61,152.6,152.61,540
1325166900000,152.58,152.7,152.46,152.7,1500
1325166960000,152.66,152.76,152.39,152.39,3810
1325167020000,152.63,152.76,152.42,152.76,1750
1325167080000,152.76,152.76,152.43,152.43,1800
1325167140000,152.73,152.77,152.72,152.77,1010
1325167200000,152.75,152.75,152.45,152.66,2970
1325167260000,152.74,153.0,152.6,152.86,11110
1325167320000,152.84,152.87,152.84,152.87,1760
1325167380000,152.87,152.88,152.87,152.87,450
1325167500000,152.91,153.0,152.91,153.0,1540
1325167560000,153.0,153.0,152.87,152.87,5530
1325167620000,152.87,153.03,152.63,153.03,6150
1325167680000,152.64,153.04,152.61,152.61,3800
1325167740000,152.73,152.73,152.52,152.52,1800
1325167800000,152.61,152.61,152.5,152.5,1120
1325167860000,152.51,152.51,152.51,152.51,10
1325167980000,152.5,152.8,152.41,152.5,4470
1325168100000,152.78,152.78,152.78,152.78,10
1325168160000,152.51,152.51,152.5,152.5,1030
1325168340000,152.52,152.81,152.43,152.81,30010
1325168400000,152.53,152.88,152.5,152.88,1890
1325168460000,152.82,152.82,152.82,152.82,10
1325168580000,152.51,152.8,152.5,152.8,1810
1325168700000,152.55,152.7,152.51,152.51,12190
1325168760000,152.79,153.18,152.52,152.52,56930
1325168940000,152.71,152.71,152.62,152.62,1800
1325169000000,152.63,152.75,152.61,152.61,2170
1325169060000,152.6,152.6,152.6,152.6,2720
1325169120000,153.11,153.11,153.09,153.1,3650
1325169180000,153.1,153.29,152.63,152.94,15820
1325169240000,152.98,153.19,152.93,153.19,7050
1325169300000,152.69,152.72,152.69,152.72,1840
1325169360000,152.82,153.0,152.76,153.0,12600
1325169420000,153.0,153.29,152.99,153.29,5680
1325169480000,153.01,153.28,153.0,153.0,6850
1325169540000,153.0,153.06,152.8,153.05,7560
1325169600000,153.09,153.25,153.09,153.25,7840
1325169660000,153.01,153.49,153.01,153.49,2020
1325169720000,153.47,153.5,153.01,153.01,5570
1325169780000,153.03,153.5,153.03,153.5,12750
1325169840000,153.4,154.0,153.4,154.0,33520
1325224800000,154.51,155.52,154.51,155.2,2580
1325224860000,155.12,155.52,155.12,155.52,570
1325224920000,155.52,155.67,155.5,155.5,6520
1325224980000,155.51,155.51,155.1,155.1,6230
1325225040000,155.1,155.1,154.54,154.54,5200
1325225100000,155.0,155.0,154.97,155.0,16060
1325225160000,155.01,155.02,155.01,155.02,910
1325225220000,155.02,155.05,155.02,155.05,870
1325225280000,155.01,155.01,155.0,155.0,2200
1325225340000,155.0,155.0,155.0,155.0,1900
1325225400000,154.98,155.02,154.98,155.0,11760
1325225460000,155.01,155.01,155.0,155.0,1300
1325225520000,155.0,155.0,155.0,155.0,20
1325225580000,155.0,155.0,155.0,155.0,10000
1325225640000,155.0,155.4,155.0,155.4,5400
1325225760000,155.4,155.4,155.4,155.4,30
1325225820000,155.12,155.34,154.78,154.78,18160
1325225880000,154.99,155.35,154.99,155.0,11810
1325225940000,155.0,155.0,155.0,155.0,10150
1325226000000,154.8,154.8,154.71,154.71,40
1325226060000,155.24,155.25,155.0,155.0,20460
1325226120000,154.71,154.71,154.71,154.71,30
1325226180000,155.0,155.0,154.71,155.0,20020
1325226240000,154.74,155.14,154.73,155.0,10340
1325226300000,155.1,155.1,155.1,155.1,510
1325226360000,155.0,155.1,155.0,155.0,9610
1325226420000,155.0,155.0,155.0,155.0,210
1325226480000,155.0,155.0,155.0,155.0,20
1325226900000,155.0,155.0,154.7,154.7,3180
1325227020000,155.0,155.0,155.0,155.0,200
1325227080000,155.0,155.0,154.71,154.71,190
1325227200000,155.18,155.35,155.18,155.28,13820
1325227260000,155.28,155.28,155.28,155.28,480
1325227320000,155.38,155.38,155.38,155.38,20
1325227380000,155.28,155.28,155.28,155.28,300
1325227440000,155.28,155.38,155.28,155.38,220
1325227560000,155.38,155.38,155.28,155.28,20
1325227740000,155.28,155.28,155.28,155.28,430
1325228040000,155.28,155.28,155.23,155.23,8210
1325228100000,155.23,155.23,155.0,155.0,2000
1325228160000,154.93,154.93,154.93,154.93,10
1325228220000,155.36,155.37,154.75,154.75,520
1325228280000,155.27,155.29,155.27,155.29,5000
1325228340000,154.73,154.73,154.73,154.73,20
1325228460000,155.24,155.25,155.24,155.25,50
1325228520000,155.25,155.3,155.25,155.3,5000
1325228580000,155.3,155.52,155.3,155.52,7970
1325228640000,155.39,155.39,155.39,155.39,200
1325228760000,154.93,154.93,154.93,154.93,20
1325228820000,155.38,155.4,155.38,155.4,5000
1325228940000,155.39,155.39,155.39,155.39,40
1325229000000,155.09,155.09,155.02,155.02,7640
1325229120000,154.91,155.0,154.91,155.0,90
1325229180000,154.91,154.91,154.8,154.8,270
1325229240000,154.8,154.8,154.61,154.61,1030
1325229420000,154.62,154.62,154.56,154.56,310
1325229540000,154.56,154.56,154.52,154.52,670
1325229600000,154.45,154.45,154.3,154.31,360
1325229660000,154.31,154.48,154.31,154.48,210
1325229720000,154.37,154.37,154.37,154.37,20
1325229840000,154.4,154.5,154.36,154.5,220
1325229900000,154.41,154.41,154.41,154.41,20
1325229960000,154.5,154.5,154.35,154.35,390
1325230080000,154.36,154.4,154.35,154.35,2380
1325230140000,154.34,154.35,154.33,154.33,1920
1325230260000,154.34,154.45,154.34,154.34,120
1325230440000,154.5,154.5,154.45,154.45,90
1325230500000,154.4,154.4,154.4,154.4,10
1325230560000,154.34,154.34,154.34,154.34,10
1325230680000,154.34,154.34,154.24,154.24,910
1325230740000,154.3,154.3,154.24,154.24,1390
1325230800000,154.33,154.33,154.24,154.24,190
1325231160000,154.35,154.35,154.35,154.35,80
1325231220000,154.25,154.41,154.25,154.26,70
1325231580000,154.29,154.29,154.29,154.29,100
1325231640000,154.29,154.29,154.28,154.28,320
1325231700000,154.27,154.27,154.1,154.1,4430
1325231880000,154.24,154.25,154.24,154.25,210
1325232000000,154.12,154.12,154.12,154.12,10
1325232120000,154.58,154.6,154.58,154.6,5450
1325232180000,154.6,154.77,154.6,154.77,130
1325232240000,154.68,154.68,154.53,154.53,160
1325232300000,154.53,154.53,154.53,154.53,340
1325232420000,154.81,154.92,154.81,154.88,320
1325232720000,154.57,154.57,154.57,154.57,390
1325232780000,154.51,154.51,154.41,154.41,2500
1325232900000,154.41,154.41,154.4,154.4,2330
1325233080000,154.4,154.4,154.4,154.4,260
1325233200000,154.4,154.4,154.35,154.4,2870
1325233260000,154.4,154.4,154.35,154.4,1710
1325233320000,154.33,154.53,154.2,154.2,11840
1325233380000,154.2,154.2,154.11,154.12,3450
1325233500000,154.24,154.24,154.01,154.01,7700
1325233560000,154.01,154.01,153.6,153.6,4330
1325233620000,153.61,153.62,153.61,153.62,130
1325233680000,153.62,153.7,153.62,153.7,510
1325233740000,153.83,154.0,153.66,153.66,5220
1325233800000,153.66,153.69,153.66,153.69,1280
1325233980000,153.67,153.67,153.64,153.64,1200
1325234040000,153.68,153.69,153.68,153.69,140
1325234100000,153.85,153.89,153.7,153.87,3610
1325234160000,153.71,153.71,153.7,153.7,1200
1325234280000,153.86,153.88,153.86,153.88,2500
1325234340000,153.94,153.99,153.9,153.99,3700
1325234400000,153.9,154.0,153.9,154.0,800
1325234460000,154.0,154.11,153.96,154.1,3900
1325234520000,154.3,154.3,152.9,153.17,17490
1325234580000,153.03,153.24,152.79,153.18,5100
1325234640000,153.25,153.42,153.25,153.42,1460
1325234700000,153.33,153.34,153.33,153.34,1500
1325234760000,153.34,153.4,153.3,153.4,2530
1325234820000,153.39,153.4,153.39,153.4,310
1325234880000,153.36,153.63,153.36,153.63,4950
1325234940000,153.63,154.67,153.63,154.67,680
1325235000000,154.61,154.61,153.87,153.87,880
1325235060000,154.32,154.32,154.32,154.32,10
1325235120000,154.02,154.04,153.95,153.99,3440
1325235180000,153.99,153.99,153.98,153.98,2000
1325235240000,153.8,153.8,153.8,153.8,100
1325235300000,153.78,154.61,153.78,154.61,11480
1325235360000,154.66,154.66,154.32,154.32,230
1325235420000,154.65,154.65,154.65,154.65,20
1325235480000,154.36,154.36,154.36,154.36,210
1325235540000,154.64,154.64,154.4,154.64,80
1325235600000,154.65,154.66,154.65,154.66,70
1325235660000,154.66,154.67,154.66,154.67,100
1325235720000,154.52,154.75,154.51,154.75,1130
1325235840000,154.6,154.72,154.6,154.72,30
1325235900000,154.6,154.76,154.6,154.76,280
1325235960000,154.76,154.84,154.76,154.8,450
1325236020000,154.7,154.7,154.7,154.7,10
1325236140000,154.75,154.75,154.7,154.7,80
1325236200000,154.7,154.8,154.7,154.8,2190
1325236260000,154.8,154.87,154.8,154.87,390
1325236440000,154.8,154.8,154.8,154.8,400
1325236500000,154.8,154.83,154.8,154.83,620
1325236560000,154.87,154.87,154.87,154.87,20
1325236680000,154.8,154.8,154.8,154.8,1710
1325236860000,154.65,154.65,154.65,154.65,440
1325236920000,154.66,154.77,154.66,154.77,60
1325236980000,154.5,154.5,154.4,154.4,400
1325237040000,154.74,154.74,154.74,154.74,20
1325237220000,154.24,154.24,154.24,154.24,10
1325237280000,154.27,154.27,154.25,154.25,420
1325237460000,154.21,154.21,154.21,154.21,100
1325237520000,154.4,154.4,154.18,154.18,2410
1325237580000,154.23,154.23,154.23,154.23,10
1325237640000,154.4,154.4,154.15,154.15,2720
1325237700000,154.16,154.34,153.8,153.8,3900
1325237820000,153.34,153.34,153.16,153.16,1330
1325237880000,153.63,153.63,153.17,153.17,3630
1325237940000,153.75,154.24,153.4,153.4,12400
1325238000000,154.12,154.12,154.12,154.12,20
1325238300000,153.98,153.98,153.34,153.34,1230
1325238420000,153.77,154.0,153.77,153.99,2250
1325238480000,153.45,153.45,153.44,153.44,440
1325238540000,154.04,154.14,154.04,154.04,2460
1325238600000,154.3,154.47,154.3,154.47,30
1325238660000,154.54,154.54,154.04,154.46,1230
1325238720000,154.51,154.51,154.51,154.51,10
1325238960000,154.2,154.29,154.2,154.29,20
1325239200000,153.57,153.57,153.56,153.56,130
1325239260000,153.89,153.89,153.89,153.89,10
1325239320000,153.85,153.85,153.85,153.85,10
1325239440000,154.13,154.25,154.13,154.25,20
1325239680000,153.87,153.97,153.59,153.59,4150
1325239800000,153.85,153.85,153.85,153.85,90
1325239860000,154.0,154.0,154.0,154.0,3090
1325240040000,154.41,154.41,154.41,154.41,1000
1325240100000,154.4,154.4,154.4,154.4,10
1325240220000,154.4,154.41,154.4,154.41,500
1325240280000,154.09,154.48,154.09,154.48,100
1325240340000,154.09,154.48,154.05,154.48,1230
1325240400000,154.48,154.48,154.48,154.48,500
1325240520000,154.42,154.44,154.28,154.28,360
1325240580000,154.47,154.47,154.47,154.47,10
1325240700000,154.48,154.56,154.48,154.56,3770
1325240760000,154.56,154.6,154.51,154.6,770
1325240880000,154.51,154.6,154.51,154.6,520
1325240940000,154.52,154.6,154.52,154.6,1020
1325241000000,154.52,154.86,154.52,154.86,7030
1325241240000,154.7,154.83,154.65,154.78,2020
1325241300000,154.76,154.84,154.63,154.76,2590
1325241360000,154.63,154.78,154.63,154.63,220
1325241420000,154.82,154.82,154.82,154.82,10
1325241480000,154.75,154.94,154.63,154.94,5740
1325241540000,154.93,154.94,154.56,154.94,7740
1325241600000,154.94,154.94,154.56,154.77,3050
1325241660000,154.78,154.99,154.78,154.99,4510
1325241720000,154.99,155.0,154.56,154.56,3840
1325241780000,154.83,154.89,154.83,154.89,420
1325241840000,154.89,154.95,154.89,154.95,3020
1325241900000,154.95,155.0,154.95,155.0,3900
1325241960000,155.0,155.0,155.0,155.0,700
1325242020000,155.0,155.5,154.76,155.41,16120
1325242080000,155.42,155.42,154.95,155.42,2560
1325242140000,155.47,155.5,154.97,155.49,7800
1325242200000,155.5,155.5,155.5,155.5,600
1325242260000,155.49,156.52,155.49,156.52,36870
1325242320000,156.5,156.74,156.5,156.74,2620
1325242380000,156.74,156.95,156.31,156.95,17270
1325242440000,156.54,156.75,156.54,156.75,20
1325242500000,156.53,156.53,156.31,156.31,2400
1325242560000,156.31,156.31,156.2,156.2,250
1325242740000,156.47,156.47,156.16,156.16,10000
1325242860000,156.45,156.7,156.21,156.21,5700
1325242920000,156.52,156.52,156.51,156.51,2650
1325242980000,156.7,156.78,156.19,156.19,7350
1325243040000,156.32,156.32,156.32,156.32,40
1325243220000,156.42,156.5,156.42,156.5,7710
1325243280000,156.5,156.5,156.5,156.5,500
1325243340000,156.5,156.5,156.5,156.5,510
1325243400000,156.5,156.5,156.39,156.39,730
1325243580000,156.48,156.48,156.48,156.48,30
1325243700000,156.49,156.57,156.49,156.57,1980
1325243760000,156.58,156.66,156.46,156.66,5620
1325243820000,156.5,156.5,156.5,156.5,50
1325243880000,156.5,156.5,156.5,156.5,150
1325243940000,156.43,156.5,156.43,156.5,600
1325244000000,156.47,156.88,156.3,156.32,26960
1325244060000,156.88,156.89,156.88,156.89,1000
1325244120000,156.89,157.5,156.81,157.03,28090
1325244180000,157.19,157.49,157.03,157.11,7650
1325244240000,157.1,157.44,157.1,157.4,2190
1325244300000,157.4,157.43,157.4,157.43,1170
1325244360000,157.35,157.39,157.35,157.39,300
1325244420000,157.41,157.41,157.41,157.41,10
1325244540000,157.4,157.4,157.04,157.04,20
1325244600000,157.03,157.38,157.0,157.38,6200
1325244780000,156.98,157.03,156.98,157.03,230
1325244840000,157.04,157.28,157.03,157.28,260
1325244960000,157.14,157.33,157.14,157.33,1510
1325245020000,157.32,157.48,157.32,157.48,1890
1325245080000,157.21,157.21,157.21,157.21,180
1325245260000,157.19,157.19,157.0,157.01,8500
1325245320000,157.26,157.26,157.26,157.26,100
1325245380000,157.26,157.26,157.26,157.26,3150
1325245500000,157.03,157.03,157.03,157.03,1200
1325245680000,157.05,157.05,157.03,157.03,900
1325245740000,157.23,157.32,157.23,157.32,900
1325245800000,157.05,157.2,157.05,157.2,120
1325245860000,157.07,157.07,157.06,157.06,200
1325246100000,157.02,157.12,157.02,157.12,220
1325246160000,157.18,157.27,157.18,157.27,5500
1325246220000,157.08,157.08,157.08,157.08,1200
1325246340000,157.18,157.31,157.18,157.31,1520
1325246400000,157.31,157.6,157.31,157.6,21040
1325246460000,157.6,157.69,157.03,157.03,27400
1325246520000,157.25,157.46,157.25,157.46,1130
1325246580000,157.55,157.59,157.46,157.46,810
1325246640000,157.28,157.5,157.28,157.45,440
1325246700000,157.45,157.57,157.45,157.57,1510
1325246760000,157.55,157.57,157.35,157.35,3330
1325246820000,157.35,157.69,157.35,157.67,9810
1325246880000,157.68,157.69,157.6,157.6,2840
1325247000000,157.6,157.65,157.6,157.65,60
1325247060000,157.65,157.69,157.65,157.69,4120
1325247180000,157.63,157.69,157.63,157.69,1700
1325247240000,157.69,157.99,157.69,157.99,8930
1325247300000,157.98,158.0,157.98,158.0,2800
1325247360000,158.0,158.01,158.0,158.01,5130
1325247480000,158.0,158.01,158.0,158.01,3000
1325247540000,158.01,158.11,158.01,158.11,1800
1325247600000,158.11,158.3,158.11,158.3,1660
1325247660000,158.31,158.46,158.31,158.43,8700
1325247720000,158.43,158.48,158.43,158.48,5100
1325247780000,158.31,158.48,158.31,158.31,3570
1325247840000,158.3,158.4,158.28,158.28,3410
1325247900000,158.28,158.39,158.2,158.39,5730
1325247960000,158.39,158.4,158.39,158.39,1200
1325248020000,158.16,158.16,158.14,158.14,610
1325248080000,158.14,158.14,158.14,158.14,30
1325248140000,158.14,158.28,158.12,158.28,2310
1325248200000,158.3,158.3,158.3,158.3,3550
1325248260000,158.13,158.13,158.13,158.13,40
1325248320000,158.2,158.2,158.11,158.11,9010
1325248380000,158.12,158.14,158.12,158.14,210
1325248440000,157.93,157.93,157.92,157.92,1400
1325248500000,157.8,157.8,157.69,157.69,600
1325248560000,157.69,157.99,157.69,157.99,3320
1325248620000,157.99,158.0,157.99,157.99,1870
1325248680000,157.99,158.0,157.99,157.99,1180
1325248740000,158.0,158.0,158.0,158.0,5700
1325248800000,158.0,158.21,158.0,158.21,5090
1325248860000,158.23,158.23,158.23,158.23,400
1325248920000,158.23,158.38,158.23,158.37,5350
1325248980000,158.37,158.37,158.37,158.37,400
1325249040000,158.36,158.38,158.06,158.38,2470
1325249100000,158.26,158.38,158.26,158.38,2490
1325249160000,158.38,158.39,158.38,158.39,700
1325249220000,158.38,158.39,158.18,158.39,1510
1325249280000,158.39,158.4,158.39,158.39,6700
1325249340000,158.38,158.39,158.38,158.39,3940
1325249460000,158.25,158.38,158.25,158.38,2770
1325249520000,158.37,158.39,158.22,158.39,1100
1325249580000,158.39,158.39,158.14,158.39,6500
1325249640000,158.39,158.39,158.39,158.39,1100
1325249700000,158.3,158.38,158.3,158.38,300
1325249760000,158.28,158.38,158.28,158.38,3610
1325249820000,158.38,158.38,158.35,158.35,2110
1325249880000,158.35,158.38,158.35,158.38,1100
1325249940000,158.18,158.19,157.89,157.89,16810
1325250000000,157.81,157.97,157.81,157.97,4560
1325250060000,157.97,158.0,157.7,157.8,3510
1325250120000,157.8,157.8,157.61,157.61,570
1325250180000,157.7,157.7,157.7,157.7,130
1325250240000,157.71,157.71,157.61,157.61,3150
1325250300000,157.61,157.61,157.61,157.61,10
1325250480000,157.59,157.72,157.59,157.72,20
1325250540000,157.7,157.72,157.7,157.72,520
1325250660000,157.72,157.72,157.72,157.72,10
1325250720000,157.72,157.72,157.72,157.72,2610
1325250780000,157.58,157.58,157.58,157.58,30
1325250840000,157.6,157.6,157.59,157.59,2040
1325250960000,157.59,157.59,157.59,157.59,40
1325251140000,157.6,157.6,157.55,157.55,5940
1325251200000,157.5,157.5,157.47,157.47,180
1325251260000,157.5,157.5,157.47,157.47,220
1325251320000,157.47,157.47,157.32,157.32,1790
1325251500000,157.32,157.32,157.3,157.3,2190
1325251560000,157.3,157.46,157.21,157.45,1580
1325251620000,157.23,157.48,157.23,157.48,4700
1325251680000,157.34,157.48,157.34,157.48,1410
1325251740000,157.43,157.48,157.43,157.48,6500
1325251800000,157.29,157.29,157.29,157.29,10
1325251920000,157.48,157.48,157.48,157.48,320
1325251980000,157.47,157.48,157.47,157.48,200
1325252040000,157.48,157.48,157.31,157.31,210
1325252220000,157.4,157.48,157.4,157.48,1000
1325252280000,157.4,157.48,157.4,157.48,500
1325252340000,157.48,157.48,157.15,157.44,3210
1325252400000,157.46,157.48,157.45,157.48,2900
1325252460000,157.45,157.48,157.45,157.48,4380
1325252520000,157.26,157.26,157.26,157.26,20
1325252640000,157.4,157.4,157.4,157.4,360
1325252700000,157.4,157.47,157.4,157.4,110
1325252760000,157.47,157.8,157.47,157.8,12970
1325252820000,157.62,157.8,157.62,157.8,1450
1325252880000,157.8,158.24,157.8,158.24,2870
1325252940000,158.2,158.34,158.18,158.32,4000
1325253000000,158.32,158.34,158.06,158.06,2220
1325253060000,158.06,158.21,157.79,158.21,3870
1325253120000,158.0,158.21,157.81,158.0,8430
1325253180000,158.0,158.16,157.77,158.0,6600
1325253240000,158.0,158.0,158.0,158.0,1900
1325253300000,157.99,158.0,157.98,157.99,2300
1325253360000,157.99,158.0,157.81,158.0,3510
1325253420000,158.0,158.0,157.9,158.0,2500
1325253480000,158.0,158.0,158.0,158.0,600
1325253600000,157.89,158.21,157.89,158.21,15790
1325253660000,158.2,158.39,158.2,158.39,7410
1325253720000,158.38,158.4,158.13,158.39,12470
1325253780000,158.16,158.39,158.0,158.0,10600
1325253840000,158.0,158.0,157.91,158.0,5990
1325253900000,157.75,158.0,157.75,158.0,3550
1325253960000,158.0,158.0,157.91,157.91,7810
1325254020000,157.82,158.0,157.82,158.0,4740
1325254080000,158.0,158.0,158.0,158.0,3900
1325254140000,158.0,158.0,158.0,158.0,5630
1325254200000,157.91,158.0,157.75,157.99,5280
1325254260000,157.91,158.0,157.9,158.0,3770
1325254320000,157.9,158.0,157.78,157.84,4070
1325254380000,157.83,158.0,157.83,158.0,3890
1325254440000,158.0,158.0,158.0,158.0,4090
1325254500000,157.83,158.0,157.42,158.0,12560
1325254560000,157.98,158.0,157.98,158.0,5520
1325254620000,158.0,158.0,158.0,158.0,3520
1325254680000,158.0,158.0,158.0,158.0,4820
1325254740000,157.99,158.0,157.9,158.0,8080
1325254800000,157.99,158.0,157.99,158.0,4390
1325254860000,157.74,158.0,157.74,158.0,5560
1325254920000,157.99,158.0,157.99,158.0,3660
1325254980000,157.95,158.0,157.95,158.0,8330
1325255040000,157.95,158.0,157.83,158.0,9690
1325255100000,158.0,158.0,158.0,158.0,9210
1325255160000,157.95,158.0,157.95,158.0,6680
1325255220000,158.0,158.0,157.95,158.0,9340
1325255280000,158.0,158.5,157.99,158.5,24550
1325255340000,158.5,158.5,158.5,158.5,1300
1325255400000,158.5,158.53,158.08,158.08,7640
1325255460000,158.0,158.5,158.0,158.5,4280
1325255520000,158.48,158.5,157.9,157.9,10490
1325255580000,157.88,158.0,157.51,158.0,14180
1325255640000,158.0,158.0,157.99,158.0,5010
1325255700000,158.0,158.0,157.68,157.99,9220
1325255760000,157.99,158.0,157.83,157.88,5780
1325255820000,157.88,158.0,157.8,158.0,4350
1325255940000,157.99,158.47,157.61,158.47,10210
1325256000000,158.47,158.47,158.0,158.47,4990
1325256060000,158.47,158.47,157.47,157.47,5140
1325256120000,158.39,158.44,158.39,158.44,4450
1325256180000,158.16,158.49,157.7,158.39,11850
1325256240000,158.39,158.4,158.38,158.4,23060
