time,open,high,low,close,volume
1349157780000,24.349,24.35,24.349,24.35,500
1349157960000,24.35,24.35,24.35,24.35,200
1349158020000,24.25,24.25,24.25,24.25,100
1349158200000,24.3,24.325,24.3,24.3,1400
1349158320000,24.25,24.25,24.2,24.2,27000
1349158920000,24.201,24.201,24.201,24.201,1500
1349160060000,24.21,24.21,24.21,24.21,100
1349160120000,24.21,24.21,24.21,24.21,200
1349161140000,24.21,24.21,24.2,24.2,9400
1349167200000,24.2,24.2,24.2,24.2,100
1349171520000,24.16,24.16,24.15,24.15,400
1349173440000,24.15,24.2,24.15,24.15,8900
1349173620000,24.15,24.15,24.15,24.15,9400
1349175180000,24.15,24.15,24.15,24.15,2500
1349175540000,24.108,24.108,24.1,24.1,5500
1349176020000,24.102,24.102,24.102,24.102,500
1349176080000,24.102,24.102,24.101,24.101,2500
1349177820000,24.17,24.174,24.17,24.174,2100
1349179320000,24.175,24.175,24.175,24.175,900
1349187000000,24.105,24.105,24.104,24.104,600
1349187660000,24.15,24.15,24.15,24.15,200
1349188560000,24.17,24.17,24.17,24.17,100
1349188620000,24.175,24.2,24.175,24.2,14000
1349247000000,24.2,24.2,24.2,24.2,84300
1349247720000,24.2,24.2,24.2,24.2,4500
1349248440000,24.2,24.2,24.2,24.2,100
1349255280000,24.225,24.225,24.225,24.225,100
1349255460000,24.225,24.225,24.225,24.225,100
1349255640000,24.225,24.225,24.225,24.225,300
1349257080000,24.225,24.225,24.225,24.225,100
1349257800000,24.202,24.202,24.2,24.2,200
1349258460000,24.199,24.199,24.199,24.199,100
1349263200000,24.2,24.2,24.2,24.2,1000
1349263800000,24.16,24.16,24.16,24.16,100
1349265540000,24.2,24.2,24.2,24.2,1500
1349265600000,24.2,24.2,24.2,24.2,200
1349268240000,24.2,24.2,24.2,24.2,4200
1349268300000,24.2,24.2,24.2,24.2,3600
1349268480000,24.2,24.2,24.2,24.2,600
1349268900000,24.2,24.2,24.2,24.2,4200
1349269500000,24.2,24.2,24.2,24.2,4200
1349269560000,24.2,24.2,24.2,24.2,1000
1349269980000,24.2,24.2,24.2,24.2,3200
1349270040000,24.19,24.19,24.18,24.18,7700
1349272200000,24.151,24.151,24.151,24.151,500
1349272500000,24.15,24.15,24.15,24.15,4700
1349274540000,24.15,24.15,24.15,24.15,1000
1349275080000,24.15,24.15,24.15,24.15,200
1349275260000,24.15,24.15,24.15,24.15,400
1349275320000,24.15,24.15,24.15,24.15,100
1349331720000,24.077,24.077,24.075,24.075,1200
1349331840000,24.145,24.145,24.145,24.145,1000
1349331900000,24.15,24.15,24.15,24.15,500
1349331960000,24.15,24.15,24.15,24.15,1000
1349332020000,24.15,24.15,24.15,24.15,1000
1349332080000,24.15,24.15,24.15,24.15,100
1349332200000,24.15,24.15,24.15,24.15,100
1349332500000,24.15,24.175,24.15,24.175,500
1349333400000,24.15,24.15,24.15,24.15,4200
1349333460000,24.15,24.15,24.15,24.15,1100
1349334780000,24.15,24.15,24.15,24.15,700
1349335380000,24.151,24.151,24.151,24.151,1000
1349335440000,24.151,24.151,24.151,24.151,100
1349335560000,24.151,24.151,24.151,24.151,300
1349336040000,24.175,24.175,24.151,24.151,700
1349336160000,24.151,24.151,24.15,24.15,6800
1349336220000,24.14,24.14,24.14,24.14,2500
1349336280000,24.14,24.14,24.14,24.14,5900
1349336340000,24.129,24.129,24.129,24.129,2100
1349336400000,24.129,24.129,24.129,24.129,2100
1349336760000,24.101,24.101,24.1,24.1,2500
1349337180000,24.1,24.1,24.1,24.1,400
1349337300000,24.129,24.15,24.129,24.15,62800
1349337360000,24.15,24.15,24.15,24.15,12200
1349337420000,24.144,24.2,24.144,24.2,143000
1349337480000,24.225,24.3,24.225,24.3,23200
1349337540000,24.3,24.5,24.225,24.251,708200
1349338560000,24.225,24.225,24.225,24.225,700
1349338740000,24.201,24.201,24.2,24.2,2800
1349339040000,24.274,24.3,24.274,24.3,16000
1349339400000,24.325,24.325,24.3,24.3,2100
1349339640000,24.325,24.325,24.3,24.3,1100
1349339880000,24.3,24.3,24.3,24.3,27000
1349340000000,24.3,24.3,24.3,24.3,200
1349340060000,24.325,24.4,24.325,24.35,104100
1349340240000,24.4,24.45,24.4,24.4,26000
1349340480000,24.351,24.351,24.35,24.35,2000
1349340540000,24.325,24.325,24.3,24.3,3000
1349341020000,24.3,24.3,24.3,24.3,100
1349342520000,24.3,24.3,24.3,24.3,2500
1349342640000,24.3,24.3,24.3,24.3,100
1349344500000,24.255,24.255,24.255,24.255,500
1349348640000,24.25,24.25,24.25,24.25,900
1349349960000,24.25,24.25,24.201,24.201,2500
1349350500000,24.201,24.201,24.201,24.201,3600
1349350560000,24.2,24.2,24.2,24.2,8700
1349353440000,24.17,24.17,24.17,24.17,400
1349354460000,24.25,24.25,24.17,24.17,200
1349356440000,24.25,24.25,24.25,24.25,2100
1349357160000,24.25,24.25,24.25,24.25,1000
1349357220000,24.25,24.25,24.25,24.25,100
1349359020000,24.25,24.25,24.2,24.2,11000
1349359680000,24.24,24.25,24.24,24.25,5000
1349359920000,24.25,24.25,24.25,24.25,1200
1349359980000,24.25,24.25,24.25,24.25,300
1349360280000,24.25,24.25,24.25,24.25,1000
1349361300000,24.25,24.25,24.25,24.25,300
1349361420000,24.25,24.25,24.25,24.25,500
1349361660000,24.25,24.25,24.25,24.25,1000
1349361720000,24.25,24.25,24.25,24.25,1000
1349361780000,24.25,24.25,24.25,24.25,1000
1349416860000,24.3,24.4,24.3,24.35,50000
1349418060000,24.35,24.35,24.35,24.35,1000
1349419020000,24.206,24.206,24.2,24.2,5000
1349419080000,24.2,24.2,24.2,24.2,2000
1349420340000,24.201,24.201,24.2,24.2,29800
1349420400000,24.299,24.3,24.299,24.3,25000
1349420460000,24.3,24.3,24.3,24.3,10000
1349422020000,24.3,24.3,24.3,24.3,500
1349422140000,24.22,24.22,24.2,24.2,7600
1349422200000,24.201,24.275,24.2,24.225,28000
1349422260000,24.275,24.275,24.225,24.225,13500
1349422320000,24.225,24.225,24.225,24.225,3000
1349422380000,24.225,24.225,24.225,24.225,3000
1349424360000,24.255,24.255,24.255,24.255,1000
1349424480000,24.273,24.273,24.273,24.273,1000
1349424540000,24.274,24.275,24.274,24.275,7500
1349424840000,24.274,24.274,24.274,24.274,500
1349424960000,24.274,24.274,24.274,24.274,500
1349425920000,24.273,24.275,24.273,24.275,3000
1349426040000,24.275,24.275,24.275,24.275,500
1349426160000,24.274,24.274,24.274,24.274,300
1349426280000,24.275,24.275,24.25,24.25,2500
1349427480000,24.23,24.23,24.225,24.225,2000
1349427900000,24.25,24.25,24.25,24.25,500
1349428200000,24.272,24.272,24.272,24.272,100
1349430960000,24.272,24.272,24.272,24.272,500
1349431800000,24.255,24.255,24.255,24.255,500
1349432160000,24.255,24.255,24.25,24.25,2000
1349432460000,24.272,24.272,24.272,24.272,1700
1349433180000,24.272,24.272,24.272,24.272,1200
1349433480000,24.273,24.273,24.273,24.273,100
1349433540000,24.273,24.273,24.273,24.273,100
1349434500000,24.272,24.272,24.272,24.272,800
1349436600000,24.273,24.274,24.273,24.274,1300
1349436660000,24.275,24.275,24.275,24.275,900
1349437800000,24.274,24.274,24.274,24.274,700
1349440260000,24.275,24.275,24.275,24.275,100
1349440680000,24.275,24.275,24.275,24.275,1000
1349441220000,24.275,24.275,24.275,24.275,1500
1349443380000,24.27,24.27,24.27,24.27,300
1349443740000,24.27,24.27,24.225,24.225,20000
1349444280000,24.274,24.275,24.274,24.275,2500
1349444340000,24.275,24.275,24.275,24.275,3000
1349444400000,24.275,24.275,24.245,24.275,11000
1349444520000,24.274,24.275,24.274,24.275,6500
1349445300000,24.274,24.275,24.274,24.275,3500
1349445420000,24.275,24.275,24.275,24.275,3000
1349445540000,24.275,24.275,24.275,24.275,3000
1349445600000,24.275,24.275,24.275,24.275,3000
1349445720000,24.275,24.275,24.275,24.275,2000
1349445900000,24.275,24.275,24.275,24.275,1500
1349446020000,24.275,24.275,24.275,24.275,1500
1349446080000,24.275,24.275,24.275,24.275,100
1349446140000,24.275,24.275,24.275,24.275,1500
1349446200000,24.275,24.275,24.275,24.275,2900
1349446920000,24.275,24.275,24.275,24.275,100
1349447580000,24.275,24.275,24.275,24.275,1400
1349447700000,24.275,24.275,24.275,24.275,3600
1349447880000,24.275,24.275,24.275,24.275,2000
1349447940000,24.275,24.275,24.275,24.275,2000
1349448000000,24.275,24.275,24.275,24.275,1000
1349448120000,24.275,24.3,24.275,24.3,25000
1349676240000,24.275,24.275,24.275,24.275,200
1349679780000,24.22,24.22,24.22,24.22,60500
1349680860000,24.221,24.221,24.22,24.22,47500
1349681820000,24.22,24.22,24.22,24.22,1500
1349682120000,24.22,24.22,24.22,24.22,11700
1349685180000,24.221,24.221,24.221,24.221,1000
1349688180000,24.221,24.221,24.221,24.221,100
1349696100000,24.221,24.221,24.221,24.221,100
1349696820000,24.27,24.35,24.27,24.35,25000
1349696880000,24.325,24.35,24.325,24.35,5000
1349698080000,24.325,24.325,24.325,24.325,200
1349698140000,24.325,24.325,24.325,24.325,100
1349698560000,24.325,24.325,24.325,24.325,300
1349698980000,24.325,24.325,24.325,24.325,100
1349701740000,24.32,24.35,24.32,24.35,10000
1349702520000,24.325,24.325,24.325,24.325,300
1349704140000,24.325,24.325,24.325,24.325,700
1349704200000,24.325,24.325,24.325,24.325,1000
1349704560000,24.35,24.35,24.35,24.35,3600
1349704860000,24.375,24.45,24.375,24.45,25000
1349704920000,24.375,24.375,24.375,24.375,1000
1349704980000,24.375,24.45,24.375,24.375,15900
1349705040000,24.375,24.45,24.375,24.4,15000
1349762580000,24.35,24.35,24.35,24.35,300
1349762760000,24.4,24.4,24.4,24.4,1000
1349762940000,24.4,24.4,24.4,24.4,2000
1349763000000,24.4,24.4,24.4,24.4,2000
1349763480000,24.42,24.45,24.42,24.45,3500
1349763540000,24.45,24.45,24.45,24.45,5500
1349764200000,24.475,24.475,24.475,24.475,500
1349764260000,24.471,24.471,24.47,24.47,1000
1349764320000,24.475,24.475,24.475,24.475,500
1349764380000,24.475,24.475,24.475,24.475,500
1349764440000,24.475,24.475,24.475,24.475,2000
1349764500000,24.475,24.5,24.475,24.5,51000
1349764620000,24.525,24.525,24.525,24.525,600
1349764680000,24.525,24.55,24.525,24.55,55000
1349764740000,24.55,24.575,24.55,24.55,5500
1349764800000,24.575,24.575,24.575,24.575,1000
1349764860000,24.575,24.575,24.575,24.575,2000
1349764920000,24.575,24.625,24.552,24.625,70500
1349764980000,24.625,24.7,24.625,24.675,110900
1349765040000,24.675,24.675,24.65,24.65,5200
1349765100000,24.65,24.65,24.65,24.65,400
1349765160000,24.63,24.63,24.63,24.63,5000
1349765220000,24.65,24.65,24.65,24.65,500
1349765280000,24.63,24.65,24.625,24.65,106600
1349765520000,24.63,24.63,24.63,24.63,4500
1349765580000,24.63,24.63,24.63,24.63,500
1349765760000,24.6,24.6,24.6,24.6,1400
1349765940000,24.625,24.65,24.625,24.65,60000
1349766060000,24.625,24.625,24.625,24.625,100
1349766540000,24.6,24.6,24.6,24.6,600
1349767380000,24.625,24.699,24.625,24.699,15000
1349767440000,24.625,24.625,24.625,24.625,500
1349767680000,24.6,24.6,24.6,24.6,15000
1349767800000,24.6,24.6,24.6,24.6,5000
1349768220000,24.561,24.561,24.561,24.561,200
1349768880000,24.6,24.6,24.6,24.6,10000
1349769660000,24.555,24.555,24.555,24.555,2000
1349769840000,24.599,24.599,24.599,24.599,300
1349770560000,24.599,24.599,24.599,24.599,1000
1349771220000,24.6,24.6,24.6,24.6,1000
1349771340000,24.6,24.6,24.6,24.6,300
1349771460000,24.6,24.6,24.6,24.6,300
1349771880000,24.6,24.6,24.6,24.6,4900
1349771940000,24.6,24.6,24.6,24.6,1000
1349774220000,24.556,24.6,24.556,24.6,2900
1349774280000,24.6,24.6,24.6,24.6,1700
1349774340000,24.6,24.6,24.6,24.6,10000
1349774520000,24.625,24.7,24.625,24.7,17800
1349774580000,24.625,24.625,24.625,24.625,3500
1349774760000,24.625,24.7,24.625,24.65,82500
1349774820000,24.625,24.7,24.625,24.65,54500
1349774880000,24.7,24.7,24.651,24.651,6500
1349774940000,24.7,24.75,24.7,24.75,5000
1349775120000,24.7,24.7,24.7,24.7,5500
1349775180000,24.725,24.83,24.725,24.8,108600
1349775240000,24.775,24.9,24.775,24.85,97500
1349775300000,24.85,25.0,24.85,25.0,59100
1349775360000,25.0,25.001,25.0,25.0,16600
1349775420000,25.0,25.0,24.979,24.979,500
1349775480000,25.0,25.0,25.0,25.0,2600
1349775540000,24.979,24.979,24.976,24.976,1900
1349775600000,24.976,24.976,24.976,24.976,100
1349775660000,24.91,24.91,24.9,24.9,6100
1349775780000,24.855,24.855,24.855,24.855,200
1349775840000,24.9,24.9,24.9,24.9,400
1349775900000,24.9,24.9,24.9,24.9,500
1349775960000,24.9,24.9,24.9,24.9,100
1349776020000,24.9,24.9,24.9,24.9,200
1349776140000,24.9,24.9,24.9,24.9,200
1349776200000,24.9,24.9,24.9,24.9,2500
1349776740000,24.924,24.924,24.924,24.924,2000
1349776860000,24.923,24.923,24.923,24.923,2000
1349776920000,24.925,24.925,24.92,24.92,2200
1349776980000,24.92,24.92,24.92,24.92,2000
1349777040000,24.92,24.92,24.92,24.92,3600
1349777160000,24.92,24.92,24.92,24.92,900
1349777220000,24.859,24.859,24.859,24.859,300
1349777280000,24.857,24.857,24.857,24.857,200
1349777820000,24.857,24.857,24.857,24.857,500
1349778060000,24.857,24.857,24.857,24.857,1000
1349778120000,24.857,24.899,24.8,24.899,2600
1349778180000,24.899,24.9,24.899,24.9,13000
1349779320000,24.9,24.9,24.9,24.9,100
1349779500000,24.9,24.999,24.9,24.999,22200
1349779560000,24.925,24.925,24.925,24.925,1500
1349779920000,24.923,24.999,24.923,24.999,11500
1349780460000,24.924,24.999,24.924,24.999,5000
1349781120000,24.925,24.999,24.925,24.999,4600
1349781360000,24.925,24.925,24.924,24.925,6600
1349781480000,24.95,24.999,24.95,24.999,1200
1349781540000,24.95,24.975,24.925,24.925,4600
1349782020000,24.925,24.925,24.925,24.925,500
1349782320000,24.925,24.925,24.925,24.925,100
1349782560000,24.947,24.999,24.947,24.999,10000
1349782680000,24.925,24.975,24.925,24.975,12600
1349782740000,24.975,24.975,24.975,24.975,500
1349783160000,24.925,24.925,24.925,24.925,300
1349783880000,24.98,24.984,24.98,24.984,8300
1349783940000,24.984,24.984,24.98,24.98,6400
1349784000000,24.98,24.98,24.98,24.98,2700
1349784060000,24.98,24.984,24.98,24.984,9200
1349784240000,24.97,24.97,24.97,24.97,2000
1349784360000,24.984,24.984,24.984,24.984,10000
1349784420000,24.97,24.97,24.97,24.97,3000
1349784540000,24.92,24.984,24.92,24.984,10000
1349784720000,24.984,24.984,24.984,24.984,68400
1349784780000,24.984,24.984,24.984,24.984,30000
1349785380000,24.989,24.989,24.989,24.989,200
1349785920000,24.989,24.989,24.989,24.989,200
1349785980000,24.989,24.989,24.989,24.989,200
1349786280000,24.99,24.99,24.955,24.955,400
1349786340000,24.955,24.955,24.955,24.955,100
1349787360000,24.989,25.0,24.989,25.0,30400
1349787540000,24.999,24.999,24.999,24.999,100
1349787600000,24.955,24.955,24.955,24.955,500
1349787960000,24.955,24.955,24.955,24.955,100
1349788980000,24.955,24.955,24.9,24.9,2700
1349790540000,24.9,24.9,24.9,24.9,1000
1349791020000,24.854,24.854,24.854,24.854,100
1349792820000,24.925,24.925,24.925,24.925,1000
1349792880000,24.929,24.929,24.929,24.929,500
1349793000000,24.93,24.95,24.87,24.87,25200
1349793060000,24.87,24.87,24.87,24.87,2100
1349793300000,24.949,24.95,24.949,24.95,3900
1349793360000,24.995,24.998,24.995,24.998,5000
1349793480000,24.901,24.901,24.901,24.901,200
1349849220000,24.798,24.899,24.798,24.899,200
1349852160000,24.761,24.761,24.757,24.757,1000
1349852220000,24.758,24.758,24.75,24.75,1500
1349852400000,24.706,24.706,24.701,24.701,1200
1349853300000,24.897,24.897,24.897,24.897,600
1349854560000,24.895,24.898,24.895,24.898,600
1349854620000,24.9,24.969,24.9,24.969,500
1349856060000,24.95,24.969,24.95,24.969,6300
1349856120000,24.987,24.987,24.987,24.987,1400
1349856240000,24.97,24.97,24.97,24.97,2700
1349856780000,24.901,24.901,24.901,24.901,500
1349857020000,24.968,24.97,24.968,24.97,1300
1349857380000,24.968,24.968,24.968,24.968,700
1349857920000,24.908,24.908,24.908,24.908,2000
1349858100000,24.901,24.901,24.9,24.9,6400
1349858700000,24.85,24.85,24.81,24.81,2000
1349859000000,24.805,24.805,24.805,24.805,1000
1349859420000,24.8,24.805,24.8,24.805,1000
1349859480000,24.8,24.8,24.8,24.8,500
1349859600000,24.8,24.8,24.8,24.8,500
1349859720000,24.805,24.851,24.8,24.851,1600
1349859780000,24.851,24.851,24.85,24.85,5500
1349859840000,24.805,24.806,24.805,24.806,2000
1349859900000,24.85,24.85,24.806,24.806,1500
1349859960000,24.806,24.806,24.806,24.806,1000
1349860020000,24.805,24.806,24.805,24.806,6500
1349860080000,24.806,24.806,24.806,24.806,1000
1349860260000,24.8,24.8,24.8,24.8,500
1349860620000,24.781,24.781,24.781,24.781,500
1349860680000,24.78,24.78,24.755,24.755,12000
1349860740000,24.755,24.755,24.755,24.755,1000
1349861160000,24.705,24.705,24.605,24.605,33000
1349861400000,24.839,24.839,24.839,24.839,300
1349861580000,24.838,24.838,24.838,24.838,500
1349868360000,24.65,24.65,24.65,24.65,2000
1349869020000,24.651,24.651,24.611,24.611,5000
1349869440000,24.61,24.61,24.61,24.61,100
1349869680000,24.74,24.75,24.74,24.75,70000
1349871000000,24.7,24.7,24.7,24.7,5000
1349871240000,24.75,24.75,24.75,24.75,1500
1349871540000,24.747,24.747,24.631,24.631,400
1349871780000,24.748,24.748,24.748,24.748,100
1349871900000,24.75,24.75,24.75,24.75,100
1349877600000,24.655,24.655,24.655,24.655,100
1349878260000,24.75,24.75,24.75,24.75,2000
1349879460000,24.749,24.749,24.749,24.749,100
1349879880000,24.749,24.75,24.749,24.75,2500
1349880060000,24.75,24.75,24.75,24.75,1500
1349880180000,24.706,24.706,24.705,24.705,1400
1349937780000,24.749,24.749,24.452,24.5,1300
1349938140000,24.5,24.5,24.5,24.5,500
1349938260000,24.5,24.5,24.5,24.5,500
1349938620000,24.5,24.5,24.5,24.5,500
1349938740000,24.5,24.5,24.5,24.5,500
1349938860000,24.5,24.5,24.5,24.5,500
1349940900000,24.69,24.699,24.69,24.699,1300
1349941320000,24.699,24.699,24.699,24.699,500
1349941380000,24.7,24.7,24.7,24.7,1100
1349942280000,24.705,24.848,24.705,24.8,4000
1349942340000,24.8,24.897,24.8,24.897,12500
1349943300000,24.799,24.799,24.799,24.799,500
1349943360000,24.8,24.8,24.8,24.8,800
1349943420000,24.8,24.8,24.8,24.8,300
1349944500000,24.799,24.799,24.799,24.799,500
1349944560000,24.8,24.8,24.8,24.8,500
1349944680000,24.799,24.799,24.799,24.799,500
1349948340000,24.799,24.999,24.799,24.999,9200
1349949480000,24.8,24.8,24.8,24.8,2500
1349949960000,24.8,24.899,24.6,24.899,115100
1349950860000,24.85,24.85,24.85,24.85,500
1349957040000,24.8,24.8,24.8,24.8,500
1349957460000,24.845,24.845,24.845,24.845,300
1349959740000,24.8,24.8,24.8,24.8,100
1349962440000,24.844,24.844,24.844,24.844,400
1349962620000,24.751,24.751,24.751,24.751,100
1349962920000,24.75,24.75,24.701,24.701,1000
1349963040000,24.7,24.7,24.7,24.7,1000
1349964720000,24.7,24.75,24.7,24.75,300
1349965920000,24.652,24.652,24.652,24.652,500
1349966040000,24.653,24.653,24.652,24.652,1900
1349966100000,24.652,24.652,24.651,24.651,400
1350026940000,24.799,24.8,24.799,24.8,600
1350028260000,24.7,24.7,24.7,24.7,15000
1350029100000,24.7,24.7,24.66,24.66,3500
1350030300000,24.66,24.66,24.66,24.66,2000
1350030360000,24.66,24.66,24.66,24.66,6500
1350030780000,24.799,24.799,24.799,24.799,1300
1350030840000,24.799,24.799,24.799,24.799,2000
1350031020000,24.799,24.799,24.799,24.799,1500
1350031080000,24.799,24.799,24.799,24.799,1900
1350031200000,24.799,24.799,24.799,24.799,1000
1350031260000,24.799,24.799,24.799,24.799,900
1350031440000,24.799,24.799,24.799,24.799,1000
1350031500000,24.799,24.799,24.799,24.799,1000
1350032100000,24.799,24.799,24.799,24.799,1000
1350032160000,24.799,24.799,24.799,24.799,1000
1350032400000,24.799,24.799,24.799,24.799,1000
1350033060000,24.75,24.75,24.75,24.75,6000
1350034200000,24.667,24.667,24.665,24.665,500
1350034800000,24.665,24.665,24.66,24.66,3000
1350035100000,24.66,24.66,24.65,24.65,49400
1350035340000,24.605,24.605,24.605,24.605,500
1350035400000,24.551,24.551,24.351,24.351,35500
1350036480000,24.351,24.351,24.351,24.351,800
1350037980000,24.351,24.351,24.351,24.351,500
1350039720000,24.534,24.534,24.534,24.534,600
1350041940000,24.533,24.533,24.533,24.533,1000
1350042180000,24.41,24.41,24.41,24.41,2000
1350045660000,24.41,24.41,24.41,24.41,26500
1350045780000,24.41,24.41,24.41,24.41,24000
1350045840000,24.45,24.45,24.35,24.35,27000
1350046080000,24.4,24.4,24.4,24.4,3000
1350046380000,24.35,24.35,24.3,24.3,12000
1350047040000,24.252,24.252,24.25,24.25,9200
1350047100000,24.25,24.25,24.25,24.25,1000
1350047340000,24.21,24.21,24.206,24.206,700
1350047580000,24.499,24.5,24.499,24.5,1000
1350047700000,24.21,24.21,24.21,24.21,1700
1350048480000,24.498,24.498,24.498,24.498,300
1350049920000,24.225,24.225,24.225,24.225,600
1350050280000,24.225,24.225,24.225,24.225,100
1350052140000,24.226,24.226,24.225,24.225,1000
1350052560000,24.4,24.4,24.4,24.4,200
1350052680000,24.4,24.4,24.4,24.4,2800
1350052740000,24.221,24.221,24.22,24.22,2000
1350052920000,24.497,24.497,24.497,24.497,600
1350052980000,24.497,24.498,24.497,24.498,3900
1350053040000,24.5,24.549,24.5,24.549,5600
1350284160000,24.4,24.4,24.4,24.4,500
1350284460000,24.4,24.4,24.4,24.4,500
1350285240000,24.4,24.4,24.4,24.4,1000
1350285420000,24.4,24.4,24.4,24.4,100
1350285540000,24.4,24.4,24.4,24.4,100
1350287700000,24.399,24.4,24.399,24.4,8300
1350288060000,24.4,24.4,24.4,24.4,6000
1350288120000,24.4,24.4,24.4,24.4,10000
1350288180000,24.4,24.4,24.4,24.4,700
1350289380000,24.352,24.352,24.35,24.35,1500
1350289440000,24.35,24.35,24.35,24.35,7000
1350289500000,24.35,24.35,24.35,24.35,5100
1350289560000,24.35,24.35,24.35,24.35,12400
1350290100000,24.32,24.32,24.3,24.3,20000
1350290160000,24.3,24.3,24.3,24.3,10000
1350290220000,24.28,24.28,24.2,24.2,150000
1350290400000,24.153,24.153,24.1,24.1,132600
1350290460000,24.1,24.1,24.1,24.1,7000
1350290580000,24.052,24.052,23.999,24.0,161500
1350290640000,24.001,24.001,24.0,24.0,100000
1350290700000,24.002,24.002,24.0,24.0,66700
1350290760000,24.0,24.001,24.0,24.0,163800
1350290880000,24.0,24.0,24.0,24.0,103000
1350290940000,24.0,24.0,24.0,24.0,7000
1350291000000,24.0,24.0,24.0,24.0,131500
1350291180000,24.0,24.0,24.0,24.0,100000
1350291300000,24.047,24.047,24.047,24.047,100
1350291420000,24.0,24.0,24.0,24.0,800
1350291600000,24.047,24.047,24.047,24.047,100
1350291660000,24.049,24.05,24.049,24.05,600
1350291720000,24.089,24.089,24.089,24.089,100
1350291780000,24.089,24.1,24.089,24.1,60900
1350292260000,24.148,24.148,24.148,24.148,200
1350292560000,24.149,24.149,24.149,24.149,200
1350293160000,24.14,24.14,24.14,24.14,100
1350293580000,24.11,24.11,24.0,24.0,18500
1350293640000,24.0,24.0,24.0,24.0,7100
1350293700000,24.0,24.098,24.0,24.098,28700
1350293760000,24.05,24.05,24.05,24.05,100
1350293820000,24.098,24.098,24.098,24.098,100
1350294120000,24.09,24.149,24.09,24.149,2500
1350294240000,24.149,24.15,24.149,24.15,1200
1350294300000,24.149,24.149,24.149,24.149,200
1350294360000,24.149,24.149,24.149,24.149,400
1350294780000,24.1,24.1,24.1,24.1,1000
1350295080000,24.149,24.149,24.149,24.149,100
1350296100000,24.149,24.149,24.149,24.149,100
1350297180000,24.149,24.15,24.149,24.15,2300
1350297900000,24.1,24.1,24.1,24.1,1300
1350299160000,24.149,24.149,24.149,24.149,200
1350299280000,24.149,24.149,24.149,24.149,100
1350299820000,24.1,24.1,24.1,24.1,1500
1350299880000,24.1,24.1,24.1,24.1,2100
1350299940000,24.13,24.13,24.13,24.13,100
1350300360000,24.1,24.1,24.1,24.1,25200
1350300420000,24.13,24.13,24.13,24.13,100
1350300900000,24.1,24.1,24.025,24.025,1000
1350300960000,24.1,24.1,24.1,24.1,100
1350301020000,24.05,24.05,24.05,24.05,100
1350301200000,24.1,24.1,24.1,24.1,100
1350301620000,24.025,24.025,24.025,24.025,100
1350301680000,24.024,24.1,24.024,24.1,1000
1350301800000,24.09,24.09,24.09,24.09,200
1350302580000,24.024,24.094,24.024,24.094,3700
1350303780000,24.084,24.087,24.005,24.087,10600
1350303960000,24.03,24.05,24.03,24.05,200
1350304200000,24.012,24.012,24.0,24.0,18500
1350304260000,24.0,24.01,24.0,24.0,5100
1350304320000,24.0,24.0,24.0,24.0,6000
1350304380000,24.0,24.04,24.0,24.04,1200
1350304440000,24.035,24.044,24.03,24.044,500
1350304560000,24.01,24.01,24.01,24.01,1000
1350304620000,24.03,24.03,24.03,24.03,100
1350304680000,24.01,24.03,24.01,24.03,200
1350305820000,24.0,24.029,24.0,24.029,600
1350306000000,24.029,24.029,24.029,24.029,1600
1350306060000,24.029,24.029,24.029,24.029,2600
1350306300000,24.05,24.05,24.05,24.05,100
1350306420000,24.001,24.001,24.0,24.0,6800
1350306660000,24.05,24.05,24.05,24.05,100
1350306960000,24.0,24.0,24.0,24.0,4200
1350307200000,24.048,24.048,24.048,24.048,100
1350307680000,24.048,24.05,24.048,24.05,500
1350307980000,24.048,24.05,24.048,24.05,25200
1350308040000,24.0,24.0,24.0,24.0,100
1350308100000,24.049,24.049,24.049,24.049,100
1350308400000,24.0,24.0,24.0,24.0,8400
1350308520000,24.0,24.0,24.0,24.0,4200
1350308580000,24.0,24.0,24.0,24.0,7800
1350308700000,24.045,24.045,24.045,24.045,100
1350308760000,24.045,24.048,24.045,24.046,400
1350308820000,24.0,24.0,24.0,24.0,1700
1350308880000,24.0,24.0,24.0,24.0,5800
1350308940000,24.0,24.0,24.0,24.0,500
1350309060000,24.0,24.0,24.0,24.0,500
1350309120000,24.0,24.0,24.0,24.0,200
1350309180000,24.0,24.0,24.0,24.0,7200
1350309240000,24.0,24.0,24.0,24.0,9500
1350309300000,24.0,24.0,24.0,24.0,200
1350309420000,24.0,24.0,24.0,24.0,300
1350309600000,24.0,24.0,24.0,24.0,3500
1350309780000,24.0,24.0,24.0,24.0,4100
1350310440000,23.999,23.999,23.992,23.992,200
1350310800000,23.992,23.992,23.95,23.95,68700
1350310860000,23.999,23.999,23.995,23.995,400
1350311940000,23.972,23.972,23.972,23.972,100
1350312240000,23.93,23.975,23.93,23.975,33800
1350367200000,24.2,24.4,24.001,24.001,120400
1350367500000,24.199,24.199,24.199,24.199,100
1350368280000,24.15,24.199,24.15,24.199,1000
1350370440000,24.198,24.199,24.198,24.199,200
1350371460000,24.199,24.199,24.199,24.199,100
1350371760000,24.05,24.199,24.05,24.199,200
1350372240000,24.005,24.005,24.005,24.005,500
1350372300000,24.15,24.15,24.15,24.15,100
1350372480000,24.003,24.05,24.003,24.05,200
1350372840000,24.002,24.05,24.001,24.05,2600
1350372900000,24.05,24.05,24.05,24.05,2000
1350373020000,24.001,24.05,24.001,24.05,400
1350373080000,24.0,24.148,24.0,24.148,1300
1350373560000,24.0,24.0,24.0,24.0,100
1350373620000,24.02,24.02,24.02,24.02,100
1350374160000,23.98,24.02,23.98,24.02,400
1350374280000,24.02,24.02,24.02,24.02,500
1350374640000,23.981,23.981,23.981,23.981,100
1350374700000,24.02,24.02,24.02,24.02,100
1350375060000,23.98,23.98,23.98,23.98,300
1350375120000,24.018,24.018,24.018,24.018,100
1350375240000,23.98,24.018,23.98,24.018,1100
1350375300000,23.98,23.98,23.98,23.98,2200
1350375360000,23.98,23.999,23.98,23.999,700
1350375600000,23.989,23.989,23.989,23.989,100
1350375720000,23.989,23.989,23.989,23.989,100
1350377460000,23.989,23.989,23.989,23.989,600
1350378120000,23.99,23.99,23.99,23.99,700
1350381300000,23.99,23.99,23.99,23.99,200
1350382020000,23.999,23.999,23.999,23.999,200
1350383400000,23.952,23.952,23.952,23.952,500
1350383460000,23.951,23.997,23.95,23.997,4700
1350386400000,23.95,23.95,23.9,23.9,14400
1350386460000,23.9,23.9,23.9,23.9,1000
1350386700000,23.9,23.9,23.9,23.9,100
1350387060000,23.88,23.997,23.85,23.997,2400
1350388860000,23.99,23.99,23.99,23.99,100
1350389580000,23.98,23.992,23.901,23.992,900
1350394140000,23.903,23.903,23.903,23.903,200
1350394200000,23.93,23.93,23.92,23.92,400
1350395640000,23.95,23.95,23.95,23.95,200
1350395760000,23.98,23.98,23.98,23.98,100
1350396060000,23.968,23.99,23.95,23.95,1300
1350396900000,23.903,23.903,23.85,23.85,4200
1350397020000,23.85,23.85,23.85,23.85,400
1350397380000,23.89,23.89,23.89,23.89,100
1350397740000,23.89,23.89,23.89,23.89,500
1350397920000,23.89,23.99,23.89,23.99,700
1350398100000,23.85,23.929,23.801,23.929,10100
1350398280000,23.85,23.85,23.85,23.85,400
1350398640000,23.85,23.85,23.85,23.85,500
1350454380000,23.804,23.804,23.801,23.801,1000
1350455400000,23.802,23.802,23.75,23.75,54000
1350455460000,23.95,23.95,23.95,23.95,100
1350455520000,23.753,23.753,23.75,23.75,22200
1350455880000,23.756,23.756,23.755,23.755,30000
1350455940000,23.82,23.82,23.755,23.755,2200
1350457080000,23.799,23.799,23.799,23.799,500
1350457140000,23.799,23.8,23.799,23.8,500
1350457320000,23.88,23.88,23.88,23.88,100
1350458100000,23.89,23.89,23.89,23.89,100
1350458160000,23.899,23.899,23.89,23.89,300
1350458640000,23.89,23.9,23.89,23.9,1000
1350459000000,23.897,23.897,23.897,23.897,100
1350459540000,23.831,23.831,23.831,23.831,200
1350459660000,23.832,23.832,23.83,23.83,1000
1350459900000,23.85,23.85,23.85,23.85,100
1350460260000,23.85,23.85,23.85,23.85,200
1350460500000,23.85,23.85,23.85,23.85,100
1350460560000,23.8,23.8,23.8,23.8,500
1350460740000,23.8,23.8,23.8,23.8,700
1350461640000,23.819,23.819,23.819,23.819,100
1350461880000,23.83,23.85,23.83,23.85,200
1350461940000,23.85,23.85,23.85,23.85,400
1350462000000,23.85,23.85,23.85,23.85,400
1350462180000,23.869,23.899,23.869,23.899,3000
1350462240000,23.889,23.89,23.889,23.89,1000
1350462420000,23.85,23.85,23.85,23.85,200
1350462480000,23.831,23.831,23.831,23.831,1000
1350462660000,23.83,23.83,23.8,23.8,4400
1350462840000,23.84,23.84,23.84,23.84,300
1350462900000,23.8,23.8,23.8,23.8,1000
1350463380000,23.79,23.79,23.75,23.75,10700
1350463440000,23.707,23.707,21.999,22.0,181300
1350463500000,23.415,23.415,23.12,23.3,1500
1350463560000,22.256,23.128,21.999,23.128,200900
1350463620000,22.5,22.986,22.5,22.986,2500
1350463740000,22.889,23.0,22.889,23.0,30100
1350463800000,22.996,23.0,22.996,23.0,8800
1350463860000,22.886,22.886,22.8,22.885,5600
1350463920000,22.885,22.886,22.499,22.5,101000
1350463980000,22.884,23.149,22.884,23.149,132000
1350464040000,23.001,23.149,23.0,23.149,50100
1350464100000,22.881,23.099,22.881,23.099,200
1350464160000,22.999,23.0,22.999,23.0,100000
1350464220000,22.999,23.05,22.999,23.05,5500
1350464340000,23.05,23.05,23.0,23.0,2000
1350464400000,22.902,23.0,22.25,22.895,1007300
1350464460000,22.7,22.7,22.5,22.699,6700
1350464520000,22.698,22.698,22.697,22.697,300
1350464580000,22.7,22.7,22.7,22.7,100
1350464640000,22.698,22.698,22.698,22.698,1000
1350464700000,22.698,22.698,22.698,22.698,100
1350464760000,22.6,22.695,22.6,22.695,10200
1350464820000,22.561,22.561,22.51,22.51,12200
1350464880000,22.51,22.697,22.51,22.697,5100
1350464940000,22.511,22.649,22.5,22.649,128300
1350465000000,22.644,22.645,22.644,22.645,1400
1350465060000,22.645,22.749,22.644,22.747,1600
1350465120000,22.747,22.849,22.747,22.849,800
1350465180000,22.848,22.848,22.848,22.848,1000
1350465240000,22.849,22.849,22.849,22.849,100
1350465300000,22.849,22.9,22.8,22.898,11900
1350465360000,22.897,22.897,22.896,22.896,400
1350465420000,22.894,22.9,22.894,22.9,1500
1350465480000,22.9,22.949,22.9,22.949,6300
1350465540000,22.949,23.05,22.949,23.05,193100
1350465600000,23.05,23.15,23.05,23.15,28100
1350465660000,23.1,23.201,23.1,23.2,25600
1350465720000,23.2,23.298,23.2,23.298,2400
1350465840000,23.25,23.3,23.2,23.2,112600
1350465900000,23.18,23.18,23.101,23.15,97700
1350465960000,23.102,23.175,23.1,23.1,113800
1350466020000,23.052,23.175,23.05,23.175,229300
1350466080000,23.175,23.218,23.175,23.2,75200
1350466140000,23.218,23.298,23.218,23.248,1500
1350466200000,23.248,23.248,23.053,23.185,101600
1350466260000,23.185,23.185,23.185,23.185,34300
1350466320000,23.185,23.185,23.1,23.184,3000
1350466380000,23.198,23.198,23.061,23.178,1500
1350466440000,23.15,23.15,23.15,23.15,100
1350466500000,23.139,23.14,23.139,23.14,400
1350466560000,23.14,23.14,23.14,23.14,300
1350467040000,23.066,23.066,23.05,23.05,12000
1350467100000,23.003,23.003,23.0,23.0,3700
1350467160000,22.999,23.0,22.999,23.0,1400
1350467220000,23.085,23.085,23.084,23.085,2000
1350467280000,23.085,23.085,23.085,23.085,1000
1350467460000,23.07,23.099,23.07,23.099,10000
1350467820000,23.031,23.031,23.025,23.025,56900
1350467880000,23.025,23.025,23.025,23.025,200
1350468000000,23.006,23.006,23.003,23.003,2500
1350468480000,23.003,23.074,23.002,23.074,3200
1350468540000,23.003,23.074,23.0,23.074,3900
1350468600000,23.075,23.075,23.075,23.075,1300
1350468720000,23.001,23.001,23.0,23.0,800
1350468780000,23.0,23.0,23.0,23.0,2300
1350469020000,23.0,23.0,23.0,23.0,100
1350469080000,23.0,23.0,23.0,23.0,2100
1350469560000,23.0,23.0,23.0,23.0,2000
1350469920000,23.0,23.0,23.0,23.0,900
1350469980000,23.06,23.06,23.06,23.06,100
1350470100000,23.074,23.074,23.074,23.074,400
1350470160000,23.075,23.09,23.075,23.09,5100
1350470460000,23.09,23.15,23.09,23.15,8100
1350470520000,23.15,23.15,23.15,23.15,100
1350470820000,23.1,23.149,23.1,23.1,2300
1350471120000,23.149,23.149,23.149,23.149,100
1350471180000,23.101,23.149,23.1,23.149,6500
1350471300000,23.103,23.103,23.101,23.101,200
1350471360000,23.101,23.101,23.1,23.1,4500
1350471480000,23.1,23.1,23.1,23.1,500
1350471660000,23.1,23.1,23.1,23.1,1500
1350471840000,23.1,23.1,23.1,23.1,500
1350472260000,23.099,23.1,23.099,23.1,5000
1350472440000,23.1,23.1,23.1,23.1,100500
1350472500000,23.1,23.1,23.1,23.1,10000
1350472680000,23.1,23.1,23.1,23.1,2000
1350473340000,23.09,23.09,23.09,23.09,400
1350473400000,23.09,23.09,23.09,23.09,600
1350473460000,23.09,23.09,23.09,23.09,300
1350473520000,23.09,23.09,23.09,23.09,200
1350474000000,23.09,23.09,23.09,23.09,600
1350474780000,23.09,23.09,23.09,23.09,500
1350475740000,23.09,23.09,23.09,23.09,100
1350475980000,23.09,23.09,23.09,23.09,2500
1350476040000,23.09,23.09,23.09,23.09,2500
1350476280000,23.09,23.09,23.09,23.09,10000
1350476460000,23.081,23.081,23.0,23.0,8000
1350476640000,23.087,23.089,23.087,23.089,300
1350477000000,23.088,23.088,23.088,23.088,200
1350477240000,23.089,23.089,23.089,23.089,300
1350477540000,23.06,23.06,23.06,23.06,100
1350478380000,23.04,23.04,23.04,23.04,2000
1350478560000,23.004,23.048,23.004,23.048,1100
1350478620000,23.04,23.04,23.004,23.004,1100
1350478680000,23.01,23.01,23.01,23.01,100
1350478740000,23.01,23.01,23.0,23.0,52800
1350479340000,22.999,23.0,22.999,23.0,2500
1350479580000,23.0,23.0,22.948,22.948,19000
1350479700000,22.904,22.904,22.898,22.898,4000
1350479760000,22.88,22.88,22.85,22.85,54500
1350479820000,22.894,22.894,22.85,22.85,200
1350480060000,22.89,22.89,22.89,22.89,200
1350480300000,22.812,22.812,22.801,22.801,2000
1350480660000,22.849,22.898,22.849,22.898,5000
1350481740000,22.836,22.836,22.8,22.8,5500
1350481920000,22.78,22.78,22.78,22.78,8300
1350482040000,22.751,22.751,22.7,22.7,76300
1350482220000,22.697,22.697,22.697,22.697,500
1350482280000,22.697,22.698,22.697,22.698,1000
1350482400000,22.7,22.7,22.7,22.7,200
1350482460000,22.7,22.7,22.7,22.7,57800
1350482640000,22.655,22.656,22.651,22.651,5500
1350482700000,22.654,22.654,22.602,22.654,31600
1350482760000,22.607,22.607,22.527,22.527,15300
1350482820000,22.619,22.619,22.619,22.619,1100
1350482880000,22.62,22.62,22.62,22.62,500
1350483000000,22.639,22.7,22.639,22.698,6700
1350483060000,22.698,22.7,22.698,22.7,43100
1350483120000,22.738,22.738,22.738,22.738,100
1350483300000,22.738,22.738,22.738,22.738,400
1350483360000,22.738,22.738,22.738,22.738,200
1350483540000,22.738,22.738,22.7,22.7,3300
1350483720000,22.7,22.7,22.7,22.7,1000
1350483840000,22.7,22.7,22.7,22.7,1000
1350483900000,22.699,22.7,22.699,22.7,1700
1350483960000,22.7,22.7,22.699,22.699,4100
1350484020000,22.699,22.725,22.699,22.725,4700
1350484320000,22.724,22.725,22.724,22.725,1700
1350484380000,22.7,22.7,22.7,22.7,100
1350484440000,22.7,22.7,22.7,22.7,1700
1350484620000,22.698,22.698,22.66,22.66,2300
1350484680000,22.65,22.65,22.65,22.65,2200
1350484740000,22.64,22.64,22.64,22.64,5000
1350484800000,22.64,22.65,22.64,22.65,1700
1350484860000,22.626,22.626,22.6,22.6,7700
1350484920000,22.6,22.6,22.6,22.6,2300
1350484980000,22.6,22.6,22.551,22.551,60600
1350485040000,22.55,22.551,22.55,22.55,10200
1350540000000,22.9,23.0,22.9,23.0,50000
1350540120000,22.899,22.9,22.899,22.9,1500
1350540240000,22.84,22.84,22.84,22.84,100
1350540300000,22.84,22.84,22.84,22.84,100
1350540360000,22.84,22.844,22.84,22.84,1900
1350540420000,22.84,22.84,22.84,22.84,400
1350540480000,22.842,22.842,22.842,22.842,200
1350541020000,22.842,22.844,22.842,22.844,4500
1350541080000,22.667,22.667,22.667,22.667,1000
1350541200000,22.843,22.843,22.843,22.843,600
1350541320000,22.8,22.8,22.8,22.8,1000
1350541500000,22.799,22.8,22.799,22.8,500
1350541680000,22.84,22.844,22.8,22.8,51000
1350541980000,22.84,22.84,22.84,22.84,200
1350542040000,22.84,22.84,22.84,22.84,800
1350542160000,22.801,22.801,22.8,22.8,1900
1350542220000,22.77,22.798,22.77,22.798,1300
1350542280000,22.799,22.799,22.799,22.799,200
1350542340000,22.798,22.8,22.798,22.8,2000
1350542700000,22.8,22.8,22.8,22.8,1000
1350542760000,22.799,22.799,22.799,22.799,200
1350542820000,22.799,22.8,22.799,22.8,5400
1350542880000,22.8,22.8,22.8,22.8,2300
1350542940000,22.8,22.8,22.8,22.8,1600
1350543060000,22.8,22.8,22.8,22.8,1100
1350543120000,22.8,22.8,22.77,22.77,3300
1350543180000,22.8,22.8,22.8,22.8,1000
1350543240000,22.8,22.8,22.8,22.8,5700
1350543480000,22.8,22.8,22.8,22.8,200
1350543540000,22.8,22.8,22.8,22.8,5000
1350543660000,22.8,22.8,22.8,22.8,50200
1350543780000,22.8,22.8,22.8,22.8,100
1350544020000,22.799,22.8,22.799,22.8,27700
1350544560000,22.8,22.8,22.8,22.8,900
1350544620000,22.8,22.8,22.8,22.8,600
1350544680000,22.8,22.8,22.8,22.8,700
1350544860000,22.8,22.8,22.8,22.8,100
1350544920000,22.8,22.8,22.8,22.8,12400
1350545100000,22.84,22.84,22.84,22.84,200
1350545220000,22.771,22.771,22.771,22.771,500
1350545940000,22.82,22.82,22.82,22.82,100
1350546060000,22.8,22.8,22.8,22.8,87600
1350546660000,22.8,22.8,22.8,22.8,500
1350547140000,22.8,22.8,22.8,22.8,10000
1350547860000,22.8,22.8,22.8,22.8,300
1350548520000,22.8,22.8,22.8,22.8,100
1350548580000,22.8,22.8,22.8,22.8,100
1350548760000,22.8,22.8,22.8,22.8,100
1350548880000,22.8,22.8,22.8,22.8,1300
1350549360000,22.774,22.774,22.774,22.774,10200
1350550140000,22.774,22.774,22.774,22.774,1000
1350550260000,22.774,22.774,22.774,22.774,300
1350550320000,22.774,22.774,22.774,22.774,200
1350550440000,22.774,22.774,22.774,22.774,400
1350550500000,22.774,22.774,22.774,22.774,1500
1350550620000,22.774,22.774,22.774,22.774,126400
1350550680000,22.819,22.844,22.819,22.844,100000
1350550740000,22.844,22.85,22.844,22.85,140000
1350550800000,22.85,22.85,22.85,22.85,6000
1350550860000,22.777,22.778,22.777,22.778,36300
1350551100000,22.84,22.894,22.84,22.894,100000
1350551160000,22.894,23.0,22.894,23.0,262900
1350551220000,23.049,23.049,22.9,22.9,6200
1350551280000,23.049,23.101,23.049,23.1,50600
1350551340000,23.099,23.1,23.099,23.1,5000
1350551460000,22.904,22.904,22.9,22.9,6100
1350551520000,23.099,23.1,23.099,23.1,6000
1350551640000,23.1,23.1,23.1,23.1,800
1350551820000,23.103,23.103,23.103,23.103,1200
1350552000000,23.148,23.148,23.148,23.148,100
1350552120000,23.103,23.103,23.101,23.101,600
1350552180000,23.1,23.1,23.1,23.1,200
1350552780000,23.1,23.1,23.1,23.1,1300
1350553380000,23.099,23.1,23.099,23.1,25000
1350553440000,23.098,23.099,23.096,23.098,50600
1350553620000,23.008,23.008,23.008,23.008,1000
1350553680000,23.008,23.008,23.007,23.007,2000
1350553800000,23.007,23.007,23.0,23.0,109200
1350553860000,23.0,23.0,23.0,23.0,5000
1350554040000,22.999,23.0,22.999,23.0,33800
1350554100000,23.0,23.0,23.0,23.0,1000
1350554160000,23.0,23.0,23.0,23.0,2000
1350554280000,23.049,23.049,23.049,23.049,200
1350554520000,23.049,23.049,23.049,23.049,100
1350555240000,23.049,23.049,23.049,23.049,100
1350555720000,23.049,23.05,23.0,23.049,45600
1350555780000,23.049,23.049,23.049,23.049,300
1350556200000,23.001,23.001,23.0,23.0,24100
1350557880000,23.002,23.002,23.002,23.002,100
1350557940000,23.0,23.0,23.0,23.0,100
1350558000000,23.0,23.0,23.0,23.0,5000
1350558120000,23.0,23.0,23.0,23.0,1000
1350558180000,23.0,23.0,23.0,23.0,1000
1350558300000,23.0,23.0,23.0,23.0,3000
1350559320000,23.0,23.0,23.0,23.0,5000
1350559380000,23.0,23.0,23.0,23.0,10000
1350559440000,23.0,23.0,23.0,23.0,7500
1350560520000,22.999,22.999,22.999,22.999,100
1350561300000,22.99,23.0,22.99,23.0,150000
1350561600000,23.0,23.0,23.0,23.0,25000
1350561660000,23.0,23.0,23.0,23.0,20100
1350561720000,23.0,23.0,23.0,23.0,1000
1350562020000,23.03,23.03,23.03,23.03,5000
1350562140000,23.03,23.03,23.03,23.03,5000
1350563160000,23.03,23.03,23.03,23.03,100
1350563400000,23.0,23.0,23.0,23.0,1000
1350563580000,23.0,23.0,23.0,23.0,2900
1350564000000,23.0,23.0,23.0,23.0,500
1350564120000,23.0,23.0,23.0,23.0,500
1350564180000,23.0,23.0,23.0,23.0,3000
1350564300000,22.999,22.999,22.999,22.999,500
1350564360000,22.998,22.998,22.998,22.998,800
1350564480000,22.999,23.0,22.999,23.0,10200
1350564540000,23.0,23.0,22.999,22.999,20200
1350564600000,22.999,22.999,22.999,22.999,500
1350564660000,23.0,23.0,23.0,23.0,20000
1350564720000,23.0,23.0,23.0,23.0,100
1350565320000,22.966,22.966,22.961,22.961,1800
1350565800000,22.999,22.999,22.999,22.999,700
1350565860000,22.998,22.998,22.998,22.998,200
1350565920000,22.998,22.998,22.998,22.998,300
1350566340000,22.961,22.961,22.85,22.85,107700
1350566640000,22.851,22.851,22.851,22.851,600
1350567720000,22.893,22.9,22.893,22.9,200
1350568020000,22.898,22.898,22.898,22.898,1000
1350569280000,22.994,22.999,22.994,22.999,1200
1350571440000,22.93,22.93,22.856,22.856,3000
1350626460000,22.998,22.998,22.998,22.998,200
1350626640000,22.998,22.998,22.998,22.998,200
1350626760000,22.995,22.997,22.995,22.997,200
1350626820000,22.859,22.859,22.859,22.859,1000
1350626880000,22.9,22.9,22.9,22.9,100
1350627000000,22.9,22.9,22.9,22.9,300
1350627120000,22.9,22.9,22.9,22.9,100
1350627360000,22.901,22.901,22.9,22.9,200
1350628500000,22.91,22.91,22.91,22.91,100
1350629280000,22.949,22.949,22.949,22.949,500
1350632100000,22.947,22.947,22.947,22.947,100
1350635640000,22.949,22.949,22.949,22.949,500
1350635700000,22.876,22.876,22.876,22.876,1000
1350636000000,22.899,22.899,22.899,22.899,600
1350637500000,22.899,22.9,22.899,22.9,2100
1350638100000,22.875,22.875,22.875,22.875,200
1350638160000,22.87,22.87,22.87,22.87,100
1350638280000,22.855,22.855,22.76,22.76,700
1350640560000,22.802,22.802,22.8,22.8,900
1350647940000,22.85,22.88,22.85,22.88,1200
1350648000000,22.899,22.899,22.899,22.899,100
1350648180000,22.899,22.899,22.899,22.899,200
1350648240000,22.9,22.9,22.9,22.9,200
1350649140000,22.831,22.831,22.831,22.831,1000
1350649200000,22.898,22.898,22.898,22.898,200
1350649260000,22.898,22.898,22.898,22.898,100
1350650280000,22.879,22.879,22.879,22.879,600
1350651000000,22.836,22.836,22.836,22.836,900
1350651060000,22.835,22.835,22.835,22.835,100
1350651660000,22.836,22.836,22.836,22.836,100
1350653580000,22.803,22.803,22.801,22.801,700
1350654060000,22.801,22.801,22.8,22.8,10000
1350654120000,22.8,22.8,22.8,22.8,100
1350654600000,22.829,22.829,22.829,22.829,100
1350654780000,22.829,22.829,22.829,22.829,100
1350654840000,22.83,22.83,22.83,22.83,100
1350655200000,22.846,22.846,22.846,22.846,100
1350655380000,22.846,22.846,22.846,22.846,100
1350655560000,22.846,22.846,22.846,22.846,200
1350655680000,22.846,22.846,22.846,22.846,400
1350657240000,22.8,22.8,22.8,22.8,400
1350657360000,22.8,22.8,22.8,22.8,600
1350657660000,22.772,22.772,22.772,22.772,100
1350886080000,22.556,22.556,22.556,22.556,700
1350886200000,22.58,22.58,22.549,22.55,12200
1350887760000,22.619,22.619,22.619,22.619,100
1350888480000,22.619,22.619,22.619,22.619,500
1350888540000,22.619,22.619,22.619,22.619,400
1350888600000,22.62,22.62,22.62,22.62,100
1350888840000,22.748,22.8,22.748,22.8,300
1350888900000,22.8,22.8,22.8,22.8,100
1350888960000,22.8,22.8,22.8,22.8,300
1350889140000,22.8,22.8,22.8,22.8,300
1350890040000,22.8,22.8,22.8,22.8,800
1350890160000,22.8,22.8,22.8,22.8,200
1350890340000,22.73,22.73,22.73,22.73,100
1350890400000,22.691,22.691,22.691,22.691,1000
1350890820000,22.65,22.65,22.65,22.65,100
1350891360000,22.6,22.6,22.6,22.6,100
1350892080000,22.55,22.55,22.55,22.55,400
1350892140000,22.521,22.521,22.512,22.512,10000
1350892260000,22.512,22.512,22.51,22.51,1000
1350892620000,22.56,22.56,22.56,22.56,100
1350892740000,22.56,22.56,22.56,22.56,300
1350892980000,22.56,22.56,22.56,22.56,200
1350893040000,22.56,22.56,22.56,22.56,9400
1350893160000,22.599,22.599,22.599,22.599,1000
1350893220000,22.6,22.6,22.6,22.6,600
1350893280000,22.6,22.6,22.6,22.6,200
1350893580000,22.6,22.6,22.6,22.6,200
1350893700000,22.6,22.6,22.6,22.6,24800
1350893880000,22.64,22.64,22.64,22.64,1700
1350894300000,22.639,22.639,22.639,22.639,100
1350894540000,22.58,22.58,22.53,22.53,18400
1350894600000,22.639,22.639,22.639,22.639,400
1350894660000,22.7,22.7,22.7,22.7,100
1350894780000,22.7,22.8,22.7,22.73,500
1350894900000,22.8,22.8,22.8,22.8,400
1350895800000,22.73,22.73,22.73,22.73,100
1350896160000,22.8,22.8,22.8,22.8,500
1350896220000,22.7,22.8,22.7,22.8,300
1350896280000,22.8,22.8,22.8,22.8,100
1350896640000,22.85,22.88,22.85,22.88,200
1350896940000,22.875,22.875,22.875,22.875,100
1350897180000,22.87,22.875,22.87,22.875,200
1350897360000,22.87,22.87,22.87,22.87,200
1350897540000,22.875,22.875,22.875,22.875,200
1350898860000,22.751,22.751,22.751,22.751,1000
1350898980000,22.872,22.872,22.872,22.872,100
1350899040000,22.872,22.872,22.872,22.872,100
1350900900000,22.77,22.8,22.77,22.8,200
1350900960000,22.847,22.89,22.847,22.89,6900
1350901620000,22.88,22.9,22.88,22.9,2000
1350901740000,22.9,22.9,22.9,22.9,1000
1350901980000,22.9,22.9,22.9,22.9,1000
1350902100000,22.9,22.9,22.9,22.9,6400
1350902580000,22.9,22.9,22.9,22.9,10000
1350902640000,22.9,22.939,22.9,22.939,600
1350902880000,22.937,22.937,22.937,22.937,100
1350903120000,22.939,22.939,22.939,22.939,100
1350903480000,22.831,22.831,22.831,22.831,1000
1350903600000,22.938,22.938,22.938,22.938,100
1350903840000,22.936,22.937,22.936,22.937,1000
1350903900000,22.939,22.939,22.939,22.939,100
1350904140000,22.851,22.851,22.851,22.851,1000
1350904200000,22.9,22.9,22.9,22.9,100
1350904320000,22.9,22.92,22.9,22.92,200
1350906180000,22.853,22.853,22.65,22.65,3500
1350906600000,22.914,22.914,22.914,22.914,300
1350906840000,22.909,22.909,22.909,22.909,300
1350906900000,22.908,22.913,22.908,22.913,500
1350907260000,22.625,22.625,22.625,22.625,1500
1350907320000,22.624,22.624,22.55,22.55,6600
1350907980000,22.65,22.65,22.65,22.65,100
1350908700000,22.66,22.66,22.66,22.66,100
1350908760000,22.66,22.66,22.66,22.66,500
1350908820000,22.7,22.7,22.7,22.7,100
1350908880000,22.75,22.75,22.75,22.75,200
1350909420000,22.7,22.7,22.7,22.7,500
1350909660000,22.7,22.7,22.7,22.7,1000
1350910620000,22.748,22.801,22.748,22.8,8100
1350912360000,22.8,22.8,22.8,22.8,2100
1350912420000,22.8,22.8,22.8,22.8,1400
1350913740000,22.8,22.8,22.8,22.8,2200
1350913800000,22.845,22.85,22.845,22.85,4200
1350915540000,22.849,22.85,22.849,22.85,9400
1350915660000,22.85,22.85,22.85,22.85,600
1350916320000,22.895,22.895,22.895,22.895,100
1350916440000,22.895,22.919,22.895,22.919,15200
1350916500000,22.92,22.92,22.92,22.92,100
1350916620000,22.9,22.92,22.9,22.92,1000
1350916920000,22.9,22.9,22.85,22.85,400
1350916980000,22.85,22.85,22.85,22.85,200
1350917040000,22.85,22.85,22.801,22.801,4700
1350972000000,22.7,22.7,22.7,22.7,1300
1350972120000,22.801,22.801,22.801,22.801,500
1350974040000,22.85,22.85,22.85,22.85,100
1350974160000,22.85,22.85,22.85,22.85,500
1350974880000,22.811,22.811,22.8,22.8,6600
1350975180000,22.77,22.77,22.7,22.7,2000
1350975240000,22.651,22.651,22.65,22.65,7200
1350975300000,22.7,22.7,22.65,22.65,600
1350975420000,22.65,22.699,22.603,22.699,2200
1350975480000,22.659,22.659,22.659,22.659,1400
1350975900000,22.75,22.799,22.75,22.798,1100
1350975960000,22.798,22.799,22.798,22.798,400
1350976020000,22.798,22.799,22.798,22.798,300
1350976140000,22.701,22.701,22.701,22.701,100
1350976200000,22.701,22.701,22.701,22.701,100
1350977640000,22.779,22.8,22.701,22.701,5300
1350978420000,22.7,22.7,22.658,22.658,1000
1350978960000,22.65,22.65,22.63,22.63,1500
1350979980000,22.635,22.635,22.6,22.6,5800
1350980160000,22.6,22.6,22.6,22.6,10000
1350980220000,22.6,22.6,22.6,22.6,100
1350980580000,22.55,22.55,22.55,22.55,1600
1350980820000,22.6,22.6,22.6,22.6,4500
1350981000000,22.6,22.6,22.6,22.6,4600
1350981480000,22.619,22.62,22.619,22.62,1200
1350981960000,22.65,22.65,22.65,22.65,2500
1350982020000,22.649,22.65,22.649,22.65,18100
1350983400000,22.65,22.65,22.62,22.62,200
1350983460000,22.62,22.62,22.62,22.62,2000
1350983520000,22.62,22.62,22.62,22.62,2300
1350985320000,22.69,22.78,22.69,22.78,600
1350985560000,22.78,22.81,22.78,22.81,5800
1350985680000,22.797,22.797,22.797,22.797,400
1350985800000,22.65,22.65,22.621,22.621,300
1350986040000,22.68,22.68,22.68,22.68,100
1350986640000,22.66,22.66,22.66,22.66,200
1350987120000,22.621,22.621,22.6,22.6,1600
1350987360000,22.57,22.57,22.55,22.55,18600
1350987420000,22.55,22.55,22.55,22.55,500
1350987480000,22.512,22.525,22.512,22.525,2100
1350987600000,22.525,22.525,22.525,22.525,2000
1350987660000,22.511,22.511,22.511,22.511,300
1350987720000,22.525,22.525,22.525,22.525,100
1350987780000,22.511,22.511,22.5,22.5,10000
1350987840000,22.525,22.525,22.525,22.525,100
1350987900000,22.525,22.525,22.525,22.525,1800
1350988020000,22.525,22.525,22.525,22.525,10000
1350988380000,22.5,22.5,22.5,22.5,600
1350988680000,22.549,22.549,22.52,22.52,400
1350988740000,22.598,22.6,22.598,22.6,6500
1350988800000,22.6,22.6,22.6,22.6,3300
1350988860000,22.599,22.6,22.599,22.6,22100
1350989460000,22.454,22.454,22.45,22.45,12000
1350989520000,22.45,22.45,22.4,22.4,50000
1350989760000,22.499,22.499,22.499,22.499,100
1350989820000,22.404,22.404,22.401,22.401,2800
1350990000000,22.469,22.469,22.469,22.469,500
1350990060000,22.402,22.402,22.4,22.4,22900
1350990180000,22.398,22.4,22.398,22.4,1300
1350990360000,22.46,22.46,22.46,22.46,400
1350990420000,22.46,22.46,22.46,22.46,300
1350991140000,22.46,22.46,22.46,22.46,200
1350993720000,22.383,22.383,22.301,22.301,2000
1350993780000,22.301,22.399,22.301,22.399,1200
1350994080000,22.302,22.302,22.25,22.25,36500
1350994140000,22.25,22.25,22.25,22.25,3500
1350994260000,22.299,22.299,22.299,22.299,100
1350994620000,22.251,22.31,22.251,22.31,1100
1350994680000,22.31,22.31,22.31,22.31,200
1350994800000,22.36,22.36,22.36,22.36,100
1350994860000,22.36,22.36,22.36,22.36,300
1350994980000,22.36,22.36,22.31,22.31,10000
1350995100000,22.309,22.309,22.309,22.309,500
1350995220000,22.309,22.309,22.309,22.309,500
1350995400000,22.309,22.31,22.309,22.31,400
1350996540000,22.31,22.31,22.31,22.31,100
1350996660000,22.258,22.258,22.258,22.258,100
1350996720000,22.259,22.259,22.259,22.259,100
1350996840000,22.26,22.26,22.26,22.26,100
1350996900000,22.261,22.261,22.261,22.261,100
1350997260000,22.263,22.263,22.263,22.263,100
1350997440000,22.266,22.266,22.266,22.266,100
1350997500000,22.269,22.269,22.269,22.269,100
1350998100000,22.271,22.271,22.271,22.271,100
1350998160000,22.267,22.267,22.267,22.267,200
1350998280000,22.267,22.267,22.255,22.255,3000
1350998760000,22.256,22.256,22.25,22.25,1200
1350998820000,22.25,22.25,22.2,22.2,40100
1350998880000,22.201,22.248,22.2,22.248,2800
1350999000000,22.25,22.25,22.25,22.25,700
1350999120000,22.23,22.23,22.23,22.23,5000
1350999180000,22.27,22.31,22.27,22.31,9000
1350999420000,22.27,22.279,22.27,22.279,1400
1350999540000,22.26,22.26,22.201,22.201,2200
1350999600000,22.204,22.204,22.2,22.2,29100
1351000080000,22.212,22.212,22.212,22.212,200
1351000140000,22.25,22.25,22.25,22.25,1000
1351000320000,22.205,22.205,22.205,22.205,3000
1351000380000,22.205,22.205,22.2,22.2,40000
1351000440000,22.2,22.2,22.2,22.2,100
1351000560000,22.199,22.199,22.199,22.199,200
1351000680000,22.151,22.151,22.15,22.15,500
1351001220000,22.199,22.199,22.199,22.199,100
1351001520000,22.199,22.2,22.199,22.2,3100
1351001640000,22.152,22.153,22.0,22.022,107400
1351001820000,22.15,22.15,22.15,22.15,100
1351002000000,22.19,22.19,22.19,22.19,100
1351002720000,22.1,22.1,22.1,22.1,200
1351002780000,22.181,22.182,22.181,22.182,700
1351002840000,22.101,22.102,22.101,22.102,200
1351002900000,22.17,22.17,22.17,22.17,500
1351003140000,22.195,22.195,22.195,22.195,200
1351003200000,22.196,22.197,22.17,22.197,900
1351003260000,22.197,22.198,22.197,22.197,700
1351003320000,22.198,22.198,22.198,22.198,200
1351003440000,22.104,22.104,22.0,22.0,30000
1351058400000,22.1,22.1,22.1,22.1,1500
1351059480000,22.05,22.05,22.05,22.05,100
1351060140000,22.193,22.193,22.193,22.193,600
1351060200000,22.193,22.193,22.193,22.193,400
1351060260000,22.193,22.193,22.193,22.193,400
1351060380000,22.195,22.196,22.195,22.196,1600
1351060440000,22.197,22.2,22.197,22.2,12900
1351060620000,22.19,22.19,22.19,22.19,2000
1351061100000,22.199,22.199,22.199,22.199,200
1351061160000,22.2,22.2,22.2,22.2,600
1351061280000,22.2,22.2,22.2,22.2,400
1351061340000,22.192,22.2,22.192,22.2,700
1351061400000,22.2,22.2,22.2,22.2,1900
1351061460000,22.199,22.199,22.199,22.199,500
1351063620000,22.19,22.19,22.19,22.19,200
1351063740000,22.133,22.133,22.13,22.13,2000
1351063920000,22.131,22.131,22.13,22.13,4300
1351064160000,22.057,22.057,22.05,22.05,30000
1351064280000,22.05,22.05,22.02,22.02,3500
1351064340000,22.02,22.02,22.02,22.02,500
1351064400000,22.011,22.011,22.01,22.01,15000
1351064460000,22.01,22.01,22.0,22.0,46700
1351064520000,21.915,21.915,21.915,21.915,12000
1351064580000,21.913,21.913,21.913,21.913,2000
1351064640000,21.913,21.922,21.913,21.922,500
1351064760000,21.922,21.922,21.91,21.922,2100
1351064820000,21.91,21.91,21.9,21.9,2700
1351065120000,21.994,21.994,21.994,21.994,200
1351065180000,21.994,21.994,21.994,21.994,100
1351065240000,21.901,21.901,21.9,21.9,400
1351065540000,21.997,21.997,21.9,21.9,4200
1351065660000,21.888,21.888,21.82,21.82,2000
1351066020000,21.84,21.84,21.84,21.84,200
1351066380000,21.841,21.841,21.82,21.82,5000
1351066560000,21.82,21.82,21.82,21.82,2000
1351067580000,21.994,21.994,21.994,21.994,1100
1351068480000,21.992,21.999,21.992,21.999,1000
1351069920000,21.99,21.99,21.99,21.99,200
1351070220000,21.998,21.998,21.998,21.998,100
1351070460000,21.891,21.891,21.891,21.891,1000
1351071840000,21.995,21.995,21.995,21.995,100
1351072800000,21.998,21.998,21.998,21.998,200
1351073820000,21.997,21.998,21.997,21.998,1900
1351074000000,21.998,21.998,21.998,21.998,1500
1351074060000,21.951,21.951,21.951,21.951,100
1351074360000,21.9,21.9,21.9,21.9,2300
1351074480000,21.9,21.9,21.9,21.9,1100
1351074720000,21.999,21.999,21.999,21.999,1500
1351074960000,21.999,22.0,21.999,22.0,15000
1351075440000,22.0,22.0,22.0,22.0,1000
1351075620000,21.999,22.0,21.999,22.0,1900
1351075680000,22.0,22.0,22.0,22.0,100
1351075740000,22.0,22.0,22.0,22.0,500
1351075860000,22.0,22.0,22.0,22.0,200
1351075920000,22.0,22.0,22.0,22.0,3500
1351075980000,22.0,22.0,22.0,22.0,1000
1351076280000,22.0,22.0,22.0,22.0,100
1351077480000,22.0,22.0,22.0,22.0,100
1351078140000,22.0,22.0,22.0,22.0,1000
1351078380000,22.0,22.0,22.0,22.0,2500
1351078440000,22.0,22.0,22.0,22.0,100
1351078620000,22.0,22.0,22.0,22.0,200
1351079220000,21.95,21.95,21.91,21.91,6600
1351079940000,21.998,22.0,21.998,22.0,5000
1351081380000,21.999,21.999,21.999,21.999,100
1351081560000,21.999,21.999,21.999,21.999,100
1351082940000,21.998,22.0,21.998,22.0,15200
1351083000000,22.0,22.0,22.0,22.0,7000
1351083720000,22.0,22.0,22.0,22.0,51200
1351084260000,21.96,21.96,21.9,21.9,16100
1351085940000,21.921,21.921,21.92,21.92,2000
1351086120000,21.95,21.95,21.95,21.95,200
1351086900000,21.92,21.92,21.92,21.92,10000
1351087320000,21.92,21.92,21.92,21.92,20000
1351087380000,21.92,21.92,21.92,21.92,10500
1351087440000,21.92,21.92,21.92,21.92,9300
1351088940000,21.94,21.94,21.94,21.94,200
1351089300000,21.94,21.94,21.9,21.9,600
1351089360000,21.9,21.9,21.88,21.88,400
1351089420000,21.872,21.872,21.872,21.872,200
1351089840000,21.92,21.999,21.92,21.999,6600
1351146360000,21.829,21.829,21.829,21.829,1000
1351146540000,21.829,21.829,21.829,21.829,500
1351146780000,21.828,21.828,21.825,21.825,2000
1351148820000,21.825,21.825,21.825,21.825,1500
1351149540000,21.826,21.826,21.825,21.825,200400
1351150620000,21.825,21.825,21.825,21.825,700
1351151400000,21.9,21.9,21.9,21.9,1000
1351151640000,21.899,21.9,21.899,21.9,11200
1351151700000,21.9,21.9,21.9,21.9,10000
1351151940000,21.85,21.85,21.825,21.825,1000
1351153560000,21.93,21.947,21.93,21.947,5400
1351153680000,21.947,21.95,21.947,21.95,8200
1351153740000,21.95,21.95,21.95,21.95,500
1351153980000,21.901,21.901,21.9,21.9,15500
1351154460000,21.85,21.85,21.85,21.85,2000
1351155360000,21.87,21.89,21.87,21.89,3000
1351155420000,21.899,21.9,21.899,21.9,1500
1351156140000,21.9,21.9,21.9,21.9,10000
1351156740000,21.9,22.0,21.9,22.0,50000
1351157340000,21.9,21.9,21.9,21.9,25000
1351158060000,21.998,21.998,21.998,21.998,100
1351158660000,21.95,21.95,21.95,21.95,100
1351159260000,21.902,21.902,21.9,21.9,5000
1351159740000,21.949,21.949,21.949,21.949,100
1351160160000,21.9,21.9,21.9,21.9,100
1351160220000,21.9,21.9,21.9,21.9,20000
1351160580000,21.9,21.9,21.9,21.9,900
1351161180000,21.9,21.9,21.9,21.9,5000
1351161240000,21.85,21.9,21.85,21.9,8100
1351161300000,21.851,21.851,21.85,21.85,3100
1351162500000,21.89,21.89,21.85,21.85,4000
1351162620000,21.898,21.898,21.851,21.851,1500
1351163700000,21.89,21.89,21.89,21.89,100
1351164060000,21.899,21.899,21.899,21.899,500
1351164180000,21.9,21.9,21.899,21.899,500
1351164780000,21.854,21.854,21.851,21.851,900
1351165440000,21.89,21.89,21.89,21.89,1000
1351165800000,21.895,21.895,21.895,21.895,100
1351165920000,21.895,21.895,21.895,21.895,400
1351165980000,21.895,21.895,21.895,21.895,200
1351166580000,21.899,21.9,21.899,21.9,700
1351167720000,21.999,22.0,21.999,22.0,2200
1351167780000,22.098,22.199,22.098,22.199,4300
1351168020000,22.349,22.4,22.349,22.4,34200
1351168080000,22.4,22.4,22.4,22.4,8600
1351168140000,22.4,22.4,22.4,22.4,3500
1351168260000,22.4,22.4,22.4,22.4,1900
1351168320000,22.4,22.4,22.4,22.4,2000
1351168380000,22.44,22.44,22.44,22.44,100
1351168440000,22.5,22.78,22.5,22.78,5700
1351168560000,22.502,22.502,22.502,22.502,500
1351168620000,22.501,22.501,22.501,22.501,2000
1351168860000,22.5,22.5,22.5,22.5,600
1351168920000,22.5,22.69,22.5,22.69,2100
1351169160000,22.6,22.6,22.6,22.6,500
1351169220000,22.689,22.689,22.689,22.689,400
1351169280000,22.689,22.689,22.689,22.689,800
1351169340000,22.601,22.601,22.6,22.6,150200
1351169400000,22.6,22.6,22.6,22.6,200
1351169700000,22.6,22.6,22.6,22.6,8000
1351170060000,22.67,22.88,22.62,22.62,80600
1351170180000,22.798,22.8,22.798,22.8,124900
1351170240000,22.8,22.8,22.8,22.8,10100
1351170300000,22.8,22.8,22.8,22.8,50500
1351170480000,22.801,22.801,22.8,22.8,1100
1351170540000,22.879,22.879,22.8,22.8,800
1351170900000,22.801,22.801,22.801,22.801,300
1351170960000,22.8,22.8,22.8,22.8,700
1351171320000,22.849,22.85,22.849,22.85,2300
1351171380000,22.879,22.879,22.879,22.879,1300
1351171440000,22.9,22.9,22.9,22.9,1000
1351171500000,22.9,22.9,22.9,22.9,100
1351171680000,22.871,22.871,22.851,22.851,5000
1351171740000,22.9,22.9,22.899,22.9,19500
1351171800000,22.9,22.9,22.87,22.87,27000
1351172340000,22.87,22.87,22.87,22.87,700
1351172400000,22.87,22.87,22.87,22.87,7100
1351172460000,22.949,23.0,22.949,23.0,51300
1351172580000,22.951,22.951,22.95,22.95,4900
1351172760000,22.903,22.903,22.9,22.9,1600
1351173120000,22.863,22.863,22.863,22.863,500
1351173300000,22.9,22.9,22.9,22.9,1400
1351173360000,22.9,22.9,22.9,22.9,300
1351173720000,22.901,22.901,22.9,22.9,10000
1351173780000,22.901,22.997,22.9,22.997,12200
1351173840000,22.9,22.9,22.9,22.9,4500
1351173900000,22.9,22.9,22.9,22.9,3000
1351173960000,22.9,22.9,22.9,22.9,1700
1351174200000,22.9,22.9,22.9,22.9,1500
1351174260000,22.9,22.9,22.9,22.9,1300
1351174320000,22.9,22.989,22.9,22.989,1300
1351174680000,22.903,22.903,22.902,22.902,200
1351174860000,22.903,22.985,22.901,22.985,2600
1351174920000,22.901,22.901,22.901,22.901,2000
1351175040000,22.979,22.979,22.979,22.979,100
1351175700000,22.905,22.96,22.905,22.96,800
1351175820000,22.906,22.906,22.901,22.901,500
1351175880000,22.901,22.901,22.901,22.901,1500
1351176000000,22.901,22.901,22.901,22.901,4100
1351176180000,22.95,22.95,22.95,22.95,100
1351231200000,22.72,22.72,22.72,22.72,100
1351231260000,22.601,22.601,22.601,22.601,200
1351231320000,22.601,22.601,22.601,22.601,300
1351231560000,22.897,22.897,22.897,22.897,900
1351231620000,22.899,23.0,22.899,23.0,3400
1351231860000,22.802,22.802,22.8,22.8,1100
1351232100000,22.798,22.799,22.798,22.799,1800
1351232160000,22.85,22.85,22.85,22.85,1000
1351232340000,22.85,22.85,22.85,22.85,32900
1351232400000,22.85,22.85,22.85,22.85,18000
1351232460000,22.9,22.989,22.9,22.989,5700
1351232520000,22.98,22.98,22.98,22.98,5300
1351232580000,22.98,22.98,22.98,22.98,5100
1351232640000,22.98,22.98,22.98,22.98,1200
1351232700000,22.98,22.98,22.98,22.98,500
1351232760000,22.98,22.98,22.98,22.98,3300
1351233000000,22.979,22.98,22.85,22.85,39400
1351233060000,22.85,22.85,22.805,22.805,21600
1351233120000,22.805,22.85,22.805,22.85,700
1351233240000,22.9,22.9,22.9,22.9,300
1351233300000,22.9,22.9,22.9,22.9,200
1351233360000,22.851,22.852,22.851,22.852,400
1351234440000,22.85,22.85,22.85,22.85,1900
1351234620000,22.85,22.85,22.85,22.85,800
1351234680000,22.85,22.85,22.85,22.85,1100
1351234860000,22.898,22.898,22.898,22.898,100
1351235460000,22.851,22.851,22.85,22.85,2400
1351235520000,22.851,22.851,22.85,22.85,26400
1351235580000,22.85,22.85,22.85,22.85,16900
1351235940000,22.85,22.85,22.85,22.85,500
1351236240000,22.898,22.898,22.898,22.898,100
1351236420000,22.85,22.85,22.85,22.85,2000
1351236780000,22.898,22.898,22.898,22.898,300
1351237020000,22.897,22.897,22.897,22.897,100
1351237500000,22.85,22.85,22.85,22.85,3800
1351237860000,22.85,22.85,22.85,22.85,500
1351238220000,22.85,22.85,22.85,22.85,10000
1351238280000,22.85,22.85,22.85,22.85,10000
1351238340000,22.85,22.85,22.85,22.85,3600
1351238400000,22.754,22.754,22.75,22.75,50000
1351238460000,22.75,22.75,22.65,22.65,46400
1351238760000,22.749,22.749,22.749,22.749,800
1351239840000,22.702,22.702,22.701,22.701,5000
1351240140000,22.703,22.703,22.701,22.701,1800
1351240380000,22.701,22.701,22.701,22.701,400
1351240620000,22.701,22.701,22.701,22.701,1500
1351240740000,22.769,22.769,22.769,22.769,1000
1351244400000,22.77,22.77,22.77,22.77,100
1351244460000,22.77,22.77,22.77,22.77,100
1351244640000,22.798,22.8,22.798,22.8,10000
1351244700000,22.8,22.8,22.8,22.8,40000
1351245780000,22.799,22.8,22.799,22.8,4300
1351246140000,22.848,22.85,22.848,22.85,5000
1351246200000,22.85,22.85,22.85,22.85,6000
1351246320000,22.849,22.85,22.849,22.85,1000
1351248480000,22.751,22.752,22.751,22.752,1200
1351248540000,22.751,22.751,22.751,22.751,100
1351248780000,22.75,22.75,22.702,22.702,14500
1351249500000,22.846,22.85,22.846,22.85,7600
1351250640000,22.707,22.707,22.707,22.707,100
1351251600000,22.705,22.705,22.705,22.705,200
1351252500000,22.843,22.843,22.843,22.843,300
1351253160000,22.77,22.77,22.77,22.77,300
1351253460000,22.844,22.85,22.844,22.85,200
1351253580000,22.85,22.85,22.85,22.85,100
1351253940000,22.772,22.772,22.77,22.77,38600
1351255320000,22.824,22.824,22.824,22.824,100
1351256460000,22.77,22.77,22.77,22.77,15500
1351257660000,22.819,22.85,22.819,22.85,69300
1351258020000,22.825,22.825,22.825,22.825,5000
1351258980000,22.869,22.869,22.869,22.869,200
1351260240000,22.873,22.873,22.873,22.873,300
1351260300000,22.879,22.879,22.879,22.879,100
1351260780000,22.87,22.87,22.87,22.87,200
1351261140000,22.827,22.827,22.827,22.827,100
1351261980000,22.827,22.827,22.825,22.825,14400
1351262220000,22.824,22.824,22.824,22.824,800
1351262520000,22.771,22.771,22.771,22.771,200
1351491600000,22.751,22.751,22.75,22.75,1000
1351494120000,22.77,22.77,22.75,22.75,115300
1351494960000,22.75,22.75,22.75,22.75,50000
1351495380000,22.701,22.701,22.7,22.7,51600
1351498560000,22.702,22.702,22.701,22.701,700
1351501200000,22.7,22.7,22.7,22.7,500
1351502400000,22.74,22.75,22.74,22.75,3000
1351505700000,22.703,22.703,22.7,22.7,25000
1351505820000,22.7,22.7,22.7,22.7,15400
1351505880000,22.7,22.7,22.7,22.7,5000
1351506060000,22.7,22.7,22.7,22.7,60000
1351506120000,22.7,22.7,22.7,22.7,7300
1351506540000,22.674,22.674,22.65,22.65,41000
1351507980000,22.66,22.66,22.65,22.65,123600
1351512180000,22.663,22.663,22.663,22.663,400
1351512540000,22.663,22.663,22.663,22.663,600
1351512660000,22.663,22.663,22.663,22.663,7500
1351512780000,22.7,22.7,22.7,22.7,100
1351513320000,22.69,22.69,22.69,22.69,1000
1351516440000,22.739,22.739,22.739,22.739,100
1351517160000,22.739,22.75,22.739,22.75,9100
1351517220000,22.751,22.751,22.75,22.75,1600
1351517520000,22.75,22.75,22.75,22.75,10900
1351517580000,22.75,22.75,22.75,22.75,29400
1351517700000,22.75,22.75,22.75,22.75,1600
1351517760000,22.75,22.75,22.75,22.75,1500
1351517880000,22.75,22.75,22.75,22.75,60000
1351517940000,22.75,22.75,22.75,22.75,36900
1351518240000,22.75,22.75,22.75,22.75,3100
1351518300000,22.75,22.75,22.75,22.75,60000
1351518360000,22.75,22.75,22.75,22.75,150000
1351518420000,22.75,22.75,22.75,22.75,50000
1351518540000,22.75,22.75,22.75,22.75,4300
1351521000000,22.75,22.75,22.75,22.75,132600
1351521060000,22.75,22.75,22.75,22.75,167400
1351521120000,22.75,22.75,22.75,22.75,200000
1351521180000,22.75,22.75,22.75,22.75,1000
1351521240000,22.776,22.776,22.776,22.776,100
1351521420000,22.776,22.776,22.776,22.776,1000
1351521600000,22.78,22.95,22.753,22.753,240100
1351521660000,22.94,22.94,22.94,22.94,94700
1351521720000,22.939,22.94,22.939,22.94,124100
1351521840000,22.948,22.95,22.948,22.95,13100
1351577400000,22.999,22.999,22.999,22.999,1000
1351577520000,22.999,22.999,22.999,22.999,100
1351577880000,22.999,23.09,22.999,23.09,200
1351578660000,23.05,23.05,23.05,23.05,1400
1351578720000,22.95,22.95,22.95,22.95,100
1351579500000,23.0,23.0,23.0,23.0,600
1351581060000,23.0,23.0,23.0,23.0,400
1351584840000,22.999,23.0,22.999,23.0,150000
1351585020000,23.0,23.0,23.0,23.0,5600
1351585200000,22.903,22.903,22.802,22.802,1400
1351586160000,23.038,23.043,23.038,23.043,86000
1351587360000,23.0,23.028,23.0,23.028,2700
1351587420000,22.952,22.952,22.952,22.952,400
1351588140000,22.93,22.93,22.93,22.93,100
1351588320000,22.901,22.901,22.802,22.802,2900
1351588560000,22.871,22.871,22.801,22.801,27000
1351588620000,22.871,22.871,22.871,22.871,800
1351589520000,22.9,23.04,22.9,23.04,103700
1351591200000,22.989,23.0,22.989,23.0,500
1351595040000,22.95,22.95,22.95,22.95,500
1351595160000,22.95,22.95,22.95,22.95,100
1351596060000,22.95,22.95,22.95,22.95,400
1351596360000,22.95,22.95,22.95,22.95,5000
1351597500000,22.95,22.95,22.95,22.95,1600
1351597560000,22.95,22.95,22.95,22.95,2400
1351597620000,22.95,22.95,22.95,22.95,100
1351603680000,22.949,22.949,22.949,22.949,100
1351605060000,22.901,22.901,22.901,22.901,500
1351607940000,22.901,22.901,22.9,22.9,11300
1351664040000,22.811,22.811,22.811,22.811,3000
1351665480000,22.948,22.948,22.948,22.948,100
1351666140000,22.85,22.85,22.85,22.85,100
1351667640000,22.814,22.814,22.811,22.811,27000
1351670160000,22.812,22.812,22.812,22.812,600
1351670280000,22.812,22.812,22.811,22.811,70000
1351670340000,22.811,22.811,22.8,22.8,97800
1351670400000,22.8,22.8,22.8,22.8,45100
1351670700000,22.8,22.8,22.8,22.8,5900
1351671720000,22.8,22.825,22.8,22.825,34000
1351671780000,22.8,22.8,22.8,22.8,84800
1351671840000,22.8,22.8,22.8,22.8,200000
1351672800000,22.825,22.825,22.825,22.825,10000
1351673580000,22.825,22.825,22.825,22.825,500
1351675560000,22.81,22.9,22.81,22.825,42400
1351675620000,22.825,22.85,22.825,22.85,8900
1351676160000,22.825,22.825,22.825,22.825,200
1351676220000,22.802,22.85,22.802,22.85,27100
1351676280000,22.802,22.802,22.802,22.802,300
1351676340000,22.803,22.803,22.803,22.803,400
1351676460000,22.803,22.803,22.802,22.802,300
1351676520000,22.802,22.802,22.802,22.802,400
1351676640000,22.802,22.802,22.801,22.801,300
1351676700000,22.801,22.801,22.801,22.801,400
1351676820000,22.801,22.801,22.801,22.801,300
1351676880000,22.801,22.801,22.801,22.801,300
1351676940000,22.801,22.801,22.801,22.801,100
1351677000000,22.801,22.801,22.801,22.801,300
1351677060000,22.801,22.801,22.801,22.801,300
1351677120000,22.801,22.801,22.801,22.801,100
1351677180000,22.801,22.801,22.801,22.801,300
1351677300000,22.801,22.801,22.801,22.801,300
1351677360000,22.801,22.801,22.801,22.801,300
1351677420000,22.801,22.801,22.801,22.801,100
1351677480000,22.801,22.801,22.801,22.801,300
1351677540000,22.802,22.802,22.802,22.802,300
1351677600000,22.802,22.802,22.802,22.802,100
1351677660000,22.802,22.802,22.802,22.802,300
1351677720000,22.802,22.802,22.802,22.802,300
1351677780000,22.802,22.802,22.802,22.802,100
1351677840000,22.802,22.802,22.802,22.802,300
1351677900000,22.802,22.802,22.802,22.802,300
1351678020000,22.802,22.802,22.802,22.802,300
1351678080000,22.802,22.802,22.802,22.802,400
1351678200000,22.802,22.802,22.802,22.802,300
1351678260000,22.803,22.805,22.803,22.805,400
1351678380000,22.803,22.803,22.803,22.803,300
1351678500000,22.803,22.803,22.803,22.803,300
1351678560000,22.803,22.803,22.803,22.803,400
1351678680000,22.803,22.803,22.803,22.803,300
1351678740000,22.803,22.803,22.803,22.803,400
1351678860000,22.803,22.803,22.803,22.803,300
1351678920000,22.803,22.803,22.803,22.803,400
1351679040000,22.803,22.803,22.803,22.803,300
1351679100000,22.803,22.803,22.803,22.803,300
1351679160000,22.803,22.803,22.803,22.803,100
1351679220000,22.803,22.803,22.803,22.803,300
1351679280000,22.803,22.803,22.803,22.803,300
1351679340000,22.803,22.803,22.803,22.803,100
1351679400000,22.803,22.803,22.803,22.803,300
1351679520000,22.803,22.803,22.803,22.803,300
1351679580000,22.803,22.803,22.803,22.803,300
1351679640000,22.803,22.803,22.803,22.803,100
1351679700000,22.803,22.803,22.803,22.803,300
1351679760000,22.803,22.803,22.803,22.803,300
1351679820000,22.803,22.803,22.803,22.803,100
1351679880000,22.803,22.803,22.803,22.803,300
1351679940000,22.803,22.803,22.803,22.803,300
1351680000000,22.803,22.803,22.803,22.803,100
1351680060000,22.803,22.803,22.803,22.803,300
1351680120000,22.803,22.803,22.803,22.803,300
1351680240000,22.803,22.803,22.803,22.803,300
1351680300000,22.803,22.803,22.803,22.803,400
1351680420000,22.803,22.803,22.803,22.803,300
1351680480000,22.803,22.803,22.803,22.803,400
1351680600000,22.803,22.803,22.803,22.803,300
1351680720000,22.803,22.803,22.803,22.803,300
1351680780000,22.803,22.803,22.803,22.803,400
1351680900000,22.803,22.803,22.803,22.803,300
1351680960000,22.803,22.803,22.803,22.803,400
1351681080000,22.803,22.803,22.803,22.803,300
1351681140000,22.803,22.803,22.803,22.803,300
1351681200000,22.803,22.803,22.803,22.803,100
1351681260000,22.803,22.803,22.803,22.803,300
1351681320000,22.803,22.803,22.803,22.803,300
1351681380000,22.803,22.803,22.803,22.803,100
1351681440000,22.803,22.803,22.803,22.803,300
1351681500000,22.803,22.803,22.803,22.803,300
1351681560000,22.803,22.803,22.803,22.803,100
1351681620000,22.803,22.803,22.803,22.803,300
1351681740000,22.803,22.803,22.803,22.803,300
1351681800000,22.803,22.803,22.803,22.803,300
1351681860000,22.803,22.803,22.803,22.803,100
1351681920000,22.802,22.802,22.802,22.802,300
1351681980000,22.802,22.802,22.802,22.802,300
1351682040000,22.802,22.802,22.802,22.802,100
1351682100000,22.802,22.802,22.802,22.802,300
1351682160000,22.802,22.802,22.802,22.802,300
1351682280000,22.802,22.802,22.802,22.802,300
1351682340000,22.802,22.802,22.802,22.802,400
1351682460000,22.8,22.8,22.8,22.8,300
1351682520000,22.8,22.8,22.8,22.8,400
1351682640000,22.8,22.8,22.8,22.8,300
1351682700000,22.8,22.8,22.8,22.8,100
1351682760000,22.8,22.8,22.8,22.8,300
1351682820000,22.801,22.801,22.801,22.801,300
1351682940000,22.801,22.801,22.801,22.801,300
1351683000000,22.801,22.801,22.801,22.801,400
1351683120000,22.801,22.801,22.801,22.801,300
1351683180000,22.801,22.801,22.801,22.801,400
1351683300000,22.801,22.801,22.801,22.801,300
1351683360000,22.8,22.8,22.8,22.8,300
1351683420000,22.8,22.8,22.8,22.8,100
1351683480000,22.8,22.8,22.8,22.8,300
1351683540000,22.8,22.8,22.8,22.8,300
1351683600000,22.8,22.8,22.8,22.8,100
1351683660000,22.8,22.8,22.8,22.8,300
1351683720000,22.8,22.8,22.8,22.8,300
1351683840000,22.8,22.8,22.8,22.8,400
1351683960000,22.8,22.8,22.8,22.8,300
1351684020000,22.8,22.8,22.8,22.8,300
1351684080000,22.8,22.8,22.8,22.8,100
1351684140000,22.8,22.8,22.8,22.8,300
1351684200000,22.8,22.8,22.8,22.8,300
1351684260000,22.8,22.8,22.8,22.8,100
1351684320000,22.8,22.8,22.8,22.8,300
1351684380000,22.8,22.8,22.8,22.8,300
1351684500000,22.8,22.8,22.8,22.8,300
1351684560000,22.8,22.8,22.8,22.8,400
1351684680000,22.8,22.849,22.8,22.849,8100
1351684740000,22.849,22.849,22.801,22.801,3200
1351684860000,22.801,22.801,22.801,22.801,300
1351684920000,22.801,22.801,22.801,22.801,100
1351684980000,22.801,22.801,22.801,22.801,300
1351685040000,22.801,22.801,22.801,22.801,300
1351685160000,22.801,22.801,22.801,22.801,300
1351685220000,22.801,22.801,22.801,22.801,400
1351685340000,22.801,22.801,22.801,22.801,300
1351685400000,22.801,22.801,22.801,22.801,400
1351685520000,22.801,22.801,22.801,22.801,300
1351685580000,22.801,22.801,22.801,22.801,300
1351685640000,22.801,22.801,22.801,22.801,100
1351685700000,22.801,22.801,22.801,22.801,300
1351685760000,22.801,22.801,22.8,22.8,300
1351685820000,22.8,22.8,22.8,22.8,100
1351685880000,22.8,22.8,22.8,22.8,300
1351686000000,22.8,22.8,22.8,22.8,300
1351686060000,22.8,22.8,22.8,22.8,300
1351686120000,22.8,22.8,22.8,22.8,100
1351686180000,22.8,22.8,22.8,22.8,300
1351686240000,22.8,22.8,22.8,22.8,300
1351686300000,22.801,22.801,22.801,22.801,100
1351686360000,22.801,22.801,22.801,22.801,300
1351686420000,22.801,22.801,22.801,22.801,300
1351686480000,22.801,22.801,22.801,22.801,100
1351686540000,22.801,22.801,22.801,22.801,300
1351686600000,22.801,22.801,22.801,22.801,300
1351686720000,22.801,22.801,22.801,22.801,300
1351686780000,22.801,22.801,22.801,22.801,400
1351686900000,22.801,22.801,22.801,22.801,300
1351686960000,22.801,22.801,22.801,22.801,400
1351687020000,22.801,22.801,22.8,22.8,20000
1351687080000,22.801,22.801,22.801,22.801,300
1351687200000,22.801,22.801,22.801,22.801,300
1351687260000,22.801,22.801,22.801,22.801,400
1351687380000,22.801,22.801,22.801,22.801,300
1351687440000,22.801,22.801,22.801,22.801,400
1351687560000,22.807,22.807,22.807,22.807,300
1351687620000,22.807,22.807,22.807,22.807,400
1351687740000,22.807,22.807,22.807,22.807,300
1351687800000,22.806,22.806,22.806,22.806,300
1351687860000,22.806,22.806,22.806,22.806,100
1351687920000,22.806,22.806,22.806,22.806,300
1351687980000,22.806,22.806,22.806,22.806,300
1351688040000,22.806,22.806,22.806,22.806,100
1351688100000,22.806,22.806,22.806,22.806,300
1351688220000,22.806,22.806,22.806,22.806,300
1351688280000,22.806,22.806,22.806,22.806,300
1351688340000,22.806,22.806,22.806,22.806,100
1351688400000,22.806,22.806,22.806,22.806,300
1351688460000,22.806,22.806,22.806,22.806,300
1351688520000,22.806,22.806,22.806,22.806,100
1351688580000,22.806,22.806,22.806,22.806,300
1351688640000,22.806,22.806,22.806,22.806,300
1351688700000,22.806,22.806,22.806,22.806,100
1351688760000,22.806,22.806,22.806,22.806,300
1351688820000,22.806,22.806,22.806,22.806,300
1351688940000,22.806,22.806,22.806,22.806,300
1351689000000,22.806,22.806,22.805,22.805,400
1351689120000,22.805,22.805,22.805,22.805,300
1351689180000,22.805,22.805,22.805,22.805,100
1351689240000,22.805,22.805,22.805,22.805,300
1351689300000,22.805,22.805,22.805,22.805,300
1351689420000,22.805,22.805,22.805,22.805,300
1351689480000,22.806,22.806,22.806,22.806,400
1351689600000,22.806,22.806,22.805,22.805,300
1351689660000,22.805,22.805,22.805,22.805,400
1351689780000,22.806,22.806,22.806,22.806,300
1351689840000,22.806,22.806,22.805,22.805,400
1351689960000,22.805,22.805,22.805,22.805,300
1351690020000,22.805,22.805,22.805,22.805,300
1351690080000,22.805,22.805,22.805,22.805,100
1351690140000,22.805,22.805,22.805,22.805,300
1351690200000,22.805,22.805,22.805,22.805,300
1351690380000,22.849,22.849,22.849,22.849,500
1351690500000,22.848,22.848,22.848,22.848,200
1351690680000,22.84,22.84,22.84,22.84,100
1351690800000,22.839,22.839,22.839,22.839,100
1351691100000,22.839,22.839,22.839,22.839,100
1351692120000,22.805,22.805,22.8,22.8,200000
1351692180000,22.8,22.8,22.8,22.8,25300
1351693680000,22.781,22.781,22.78,22.78,14700
1351693740000,22.78,22.78,22.78,22.78,60000
1351753080000,22.799,22.8,22.799,22.8,700
1351755000000,22.845,22.85,22.845,22.85,600
1351759380000,22.801,22.801,22.8,22.8,21000
1351759620000,22.75,22.75,22.75,22.75,17200
1351759680000,22.75,22.75,22.75,22.75,11800
1351760280000,22.721,22.721,22.72,22.72,5000
1351760400000,22.799,22.825,22.799,22.825,50000
1351761660000,22.8,22.8,22.75,22.75,21100
1351761960000,22.76,22.76,22.751,22.751,1800
1351762200000,22.799,22.804,22.799,22.804,60000
1351762320000,22.8,22.804,22.8,22.804,500
1351766100000,22.824,22.848,22.824,22.848,3400
1351766160000,22.848,22.875,22.848,22.875,3000
1351766220000,22.849,22.875,22.849,22.875,8500
1351766280000,22.899,23.0,22.899,23.0,20000
1351766340000,22.999,23.0,22.998,23.0,33100
1351766520000,23.049,23.05,23.049,23.05,2600
1351767000000,22.901,22.901,22.9,22.9,30000
1351768020000,23.0,23.0,23.0,23.0,500
1351768980000,23.0,23.0,23.0,23.0,1000
1351770060000,23.0,23.0,23.0,23.0,300
1351770240000,23.001,23.001,23.0,23.0,11700
1351770720000,23.0,23.0,23.0,23.0,8000
1351770900000,23.0,23.0,23.0,23.0,7000
1351770960000,23.0,23.0,23.0,23.0,10500
1351772400000,23.0,23.0,23.0,23.0,100
1351772520000,22.904,22.904,22.904,22.904,700
1351772580000,22.975,22.975,22.975,22.975,2000
1351772640000,22.974,22.974,22.974,22.974,100
1351774020000,22.974,22.975,22.974,22.975,1000
1351774080000,22.975,22.975,22.975,22.975,200
1351776840000,22.999,23.0,22.999,23.0,4500
1351777740000,23.0,23.0,23.0,23.0,800
1351777800000,23.0,23.0,23.0,23.0,200
1351777920000,23.0,23.0,23.0,23.0,5000
1351777980000,23.0,23.0,23.0,23.0,200
1351778940000,23.0,23.0,23.0,23.0,30000
1351779000000,23.0,23.0,23.0,23.0,5900
1351779120000,22.951,22.951,22.899,22.9,11000
1351779180000,22.998,23.0,22.998,23.0,22800
1351779420000,22.999,23.0,22.999,23.0,20600
1351780620000,23.001,23.001,23.001,23.001,600
1351780860000,23.046,23.046,23.046,23.046,600
1351780920000,23.095,23.15,23.095,23.15,1500
1351780980000,23.15,23.15,23.15,23.15,700
1351836240000,23.199,23.5,23.199,23.5,14300
1351836300000,23.5,23.5,23.002,23.002,2000
1351837920000,23.101,23.101,23.1,23.1,300
1351837980000,23.1,23.1,23.1,23.1,200
1351840800000,23.328,23.33,23.328,23.33,14900
1351840860000,23.33,23.33,23.33,23.33,20300
1351841040000,23.2,23.2,23.102,23.102,500
1351841280000,23.2,23.329,23.024,23.329,3200
1351841340000,23.3,23.3,23.3,23.3,4000
1351841460000,23.3,23.3,23.3,23.3,4000
1351841520000,23.3,23.3,23.3,23.3,34000
1351841580000,23.23,23.23,23.2,23.2,300
1351841880000,23.1,23.1,23.06,23.06,10000
1351842780000,23.08,23.08,23.061,23.061,4300
1351842840000,23.062,23.062,23.061,23.061,400
1351842900000,23.061,23.061,23.061,23.061,1000
1351842960000,23.061,23.061,23.061,23.061,1000
1351843500000,23.13,23.13,23.13,23.13,100
1351843560000,23.179,23.179,23.179,23.179,1200
1351845180000,23.18,23.197,23.18,23.197,1000
1351845900000,23.11,23.11,23.1,23.1,800
1351846740000,23.101,23.101,23.1,23.1,1400
1351850100000,23.169,23.169,23.169,23.169,400
1351850160000,23.169,23.169,23.169,23.169,200
1351853520000,23.102,23.102,23.102,23.102,200
1351853580000,23.103,23.103,23.103,23.103,100
1351853640000,23.102,23.102,23.102,23.102,300
1351853760000,23.101,23.101,23.1,23.1,9300
1351856160000,23.08,23.08,23.061,23.061,4500
1351856400000,23.061,23.061,23.022,23.022,17100
1351857420000,23.099,23.19,23.099,23.19,2000
1351857840000,23.19,23.19,23.19,23.19,500
1351857900000,23.19,23.19,23.19,23.19,1000
1351857960000,23.196,23.196,23.196,23.196,200
1351858020000,23.19,23.19,23.19,23.19,500
1351860960000,23.19,23.19,23.19,23.19,500
1351861980000,23.19,23.19,23.19,23.19,500
1351863900000,23.19,23.19,23.19,23.19,300
1351864020000,23.134,23.134,23.134,23.134,700
1351864080000,23.195,23.195,23.195,23.195,700
1351864380000,23.194,23.197,23.194,23.196,1100
1351864440000,23.196,23.2,23.196,23.2,9100
1351864680000,23.148,23.148,23.148,23.148,500
1351864800000,23.149,23.149,23.149,23.149,200
1351864860000,23.18,23.2,23.18,23.2,3100
1351865040000,23.199,23.2,23.199,23.2,900
1351865520000,23.2,23.2,23.2,23.2,92100
1351865880000,23.3,23.3,23.3,23.3,500
1351865940000,23.3,23.3,23.3,23.3,200
1351867380000,23.24,23.299,23.24,23.299,1100
1352183520000,23.298,23.298,23.298,23.298,100
1352183640000,23.103,23.103,23.102,23.102,400
1352184300000,23.201,23.201,23.201,23.201,600
1352185800000,23.106,23.106,23.1,23.1,700
1352187780000,23.16,23.229,23.16,23.229,200
1352188500000,23.2,23.229,23.2,23.229,10100
1352189160000,23.15,23.15,23.15,23.15,100
1352189220000,23.121,23.199,23.121,23.199,300
1352189460000,23.197,23.2,23.197,23.2,7000
1352192520000,23.196,23.2,23.196,23.2,1900
1352192580000,23.23,23.35,23.23,23.35,2000
1352192640000,23.35,23.4,23.35,23.4,20000
1352194020000,23.399,23.399,23.399,23.399,100
1352194620000,23.3,23.3,23.3,23.3,200
1352194680000,23.399,23.399,23.399,23.399,100
1352194800000,23.398,23.45,23.398,23.45,16000
1352197260000,23.4,23.449,23.4,23.449,200
1352200680000,23.44,23.44,23.44,23.44,100
1352200800000,23.42,23.42,23.4,23.4,200
1352200860000,23.4,23.4,23.4,23.4,19900
1352200920000,23.4,23.4,23.4,23.4,30000
1352201160000,23.4,23.449,23.4,23.449,200
1352201580000,23.4,23.4,23.4,23.4,100
1352201940000,23.38,23.38,23.38,23.38,100
1352202000000,23.38,23.4,23.38,23.4,50000
1352202300000,23.351,23.351,23.35,23.35,10700
1352202720000,23.35,23.35,23.35,23.35,14300
1352202960000,23.399,23.399,23.399,23.399,100
1352203200000,23.35,23.35,23.35,23.35,5700
1352203260000,23.4,23.4,23.4,23.4,100
1352203320000,23.399,23.4,23.399,23.4,10000
1352204520000,23.361,23.361,23.35,23.35,20900
1352204760000,23.33,23.33,23.3,23.3,5700
1352205300000,23.349,23.349,23.349,23.349,100
1352206020000,23.349,23.4,23.349,23.4,5100
1352207040000,23.4,23.4,23.4,23.4,10000
1352207280000,23.35,23.35,23.25,23.25,22100
1352207340000,23.3,23.3,23.2,23.2,28000
1352207460000,23.199,23.199,23.199,23.199,300
1352207520000,23.199,23.199,23.199,23.199,100
1352207760000,23.199,23.199,23.199,23.199,500
1352208000000,23.199,23.2,23.199,23.2,6500
1352208060000,23.298,23.298,23.298,23.298,100
1352208240000,23.249,23.299,23.249,23.299,2300
1352208300000,23.25,23.25,23.2,23.2,700
1352208420000,23.2,23.2,23.2,23.2,1100
1352208780000,23.2,23.2,23.198,23.198,24200
1352209080000,23.17,23.198,23.152,23.198,24200
1352209140000,23.296,23.296,23.296,23.296,100
1352209980000,23.245,23.25,23.2,23.2,12700
1352210040000,23.199,23.2,23.199,23.2,1000
1352210820000,23.248,23.248,23.248,23.248,100
1352212560000,23.24,23.398,23.24,23.398,57100
1352212620000,23.3,23.395,23.3,23.395,30100
1352268060000,23.448,23.448,23.448,23.448,100
1352268420000,23.447,23.45,23.447,23.45,1600
1352268480000,23.45,23.498,23.45,23.498,2100
1352268660000,23.45,23.45,23.45,23.45,32500
1352268780000,23.447,23.449,23.447,23.449,2200
1352269320000,23.449,23.449,23.449,23.449,800
1352269680000,23.401,23.401,23.401,23.401,100
1352270100000,23.449,23.449,23.449,23.449,100
1352270580000,23.4,23.4,23.4,23.4,41200
1352271600000,23.4,23.4,23.4,23.4,500
1352272080000,23.38,23.399,23.38,23.399,200
1352272140000,23.38,23.38,23.38,23.38,37100
1352273100000,23.359,23.36,23.359,23.36,2200
1352276760000,23.34,23.349,23.3,23.349,1600
1352276820000,23.3,23.3,23.3,23.3,1100
1352276880000,23.3,23.3,23.3,23.3,2100
1352277360000,23.28,23.28,23.25,23.25,11600
1352277420000,23.25,23.25,23.25,23.25,5000
1352278200000,23.25,23.25,23.25,23.25,2000
1352279100000,23.25,23.25,23.25,23.25,100
1352279160000,23.249,23.249,23.199,23.199,35600
1352279220000,23.2,23.2,23.2,23.2,3400
1352279340000,23.2,23.2,23.2,23.2,2000
1352279700000,23.19,23.19,23.15,23.15,5600
1352279940000,23.112,23.112,23.1,23.1,30000
1352280180000,23.101,23.101,23.1,23.1,2900
1352280540000,23.099,23.1,23.099,23.1,1000
1352280960000,23.051,23.051,22.83,22.997,30700
1352281020000,22.997,22.997,22.997,22.997,100
1352281140000,22.95,23.049,22.95,23.049,15700
1352282280000,23.049,23.09,23.049,23.09,3300
1352282340000,23.09,23.1,23.09,23.1,20000
1352282580000,23.08,23.089,23.05,23.089,17900
1352282640000,23.022,23.089,23.0,23.089,30100
1352283300000,23.03,23.04,23.03,23.04,81100
1352283360000,23.049,23.05,23.03,23.05,100300
1352283660000,23.023,23.049,23.002,23.049,10100
1352283720000,23.003,23.003,23.002,23.002,9700
1352283780000,23.001,23.001,23.001,23.001,2000
1352283840000,23.0,23.049,23.0,23.049,10100
1352283900000,23.001,23.048,23.0,23.048,10100
1352284500000,23.0,23.0,23.0,23.0,100
1352284680000,23.019,23.019,23.019,23.019,100
1352284800000,22.951,22.999,22.901,22.999,5700
1352284860000,22.98,23.019,22.902,23.019,3300
1352284920000,22.979,22.979,22.91,22.979,600
1352285040000,22.92,22.92,22.92,22.92,100
1352285280000,22.912,22.912,22.9,22.9,30000
1352285400000,22.964,22.964,22.964,22.964,100
1352285580000,22.964,23.0,22.964,23.0,4000
1352286420000,23.04,23.04,23.04,23.04,100
1352286780000,23.088,23.088,23.088,23.088,100
1352287080000,23.0,23.09,23.0,23.09,200
1352287260000,22.971,22.971,22.899,22.899,24600
1352287380000,22.898,22.899,22.898,22.899,1500
1352287740000,22.899,22.998,22.899,22.998,6200
1352287980000,22.921,22.921,22.9,22.9,10500
1352288040000,22.899,22.9,22.899,22.9,4500
1352288400000,22.9,22.997,22.9,22.997,10700
1352288580000,22.95,22.993,22.95,22.993,200
1352288880000,22.995,23.0,22.995,23.0,1500
1352289000000,23.0,23.0,23.0,23.0,900
1352289240000,22.999,23.0,22.999,23.0,2400
1352289300000,23.05,23.09,23.05,23.09,400
1352289480000,23.05,23.098,23.05,23.098,200
1352290680000,23.05,23.05,23.05,23.05,100
1352290800000,23.05,23.05,23.05,23.05,100
1352290860000,23.07,23.07,23.07,23.07,100
1352291040000,23.05,23.05,23.05,23.05,100
1352291880000,23.049,23.05,23.049,23.05,200
1352291940000,23.049,23.049,23.049,23.049,100
1352292000000,23.05,23.05,23.05,23.05,100
1352292360000,23.05,23.1,23.05,23.1,5800
1352292420000,23.09,23.09,23.09,23.09,100
1352292480000,23.099,23.1,23.099,23.1,300
1352293020000,23.08,23.098,23.031,23.098,1700
1352293260000,23.07,23.095,23.03,23.095,506700
1352293380000,23.096,23.098,23.096,23.098,300
1352293560000,23.098,23.098,23.098,23.098,100
1352294040000,23.08,23.099,23.08,23.099,400
1352294280000,23.08,23.08,23.08,23.08,100
1352294340000,23.075,23.094,23.075,23.094,200
1352294640000,23.07,23.08,23.07,23.08,400
1352294700000,23.09,23.1,23.09,23.1,2100
1352294760000,23.297,23.297,23.297,23.297,100
1352296200000,23.14,23.279,23.14,23.279,400
1352297640000,23.249,23.25,23.249,23.25,200
1352297820000,23.25,23.25,23.25,23.25,100
1352297880000,23.28,23.28,23.28,23.28,100
1352298900000,23.249,23.249,23.249,23.249,100
1352299260000,23.249,23.249,23.249,23.249,300
1352299320000,23.25,23.25,23.25,23.25,100
1352299440000,23.2,23.25,23.03,23.25,549600
1352355120000,23.0,23.149,22.89,23.149,23100
1352355240000,22.9,22.9,22.9,22.9,100
1352355300000,22.877,22.997,22.855,22.997,10100
1352355360000,22.855,22.997,22.855,22.997,10100
1352355420000,22.855,22.997,22.855,22.997,300
1352355480000,22.86,22.997,22.855,22.997,2100
1352355540000,22.86,22.998,22.856,22.998,4100
1352356860000,22.9,22.997,22.9,22.997,20100
1352356980000,22.87,22.87,22.861,22.861,9600
1352357040000,22.998,22.998,22.998,22.998,100
1352357220000,22.861,22.999,22.861,22.999,5500
1352358300000,22.9,22.956,22.862,22.956,3200
1352358420000,22.862,22.862,22.861,22.861,4400
1352359440000,22.955,22.955,22.955,22.955,100
1352360640000,22.9,22.955,22.875,22.955,40300
1352361600000,22.955,22.955,22.955,22.955,200
1352362320000,22.955,22.955,22.95,22.95,1000
1352362620000,22.901,22.901,22.9,22.9,600
1352362680000,22.9,22.9,22.9,22.9,300
1352362740000,22.95,22.95,22.9,22.95,500
1352362800000,22.9,22.9,22.9,22.9,600
1352362860000,22.9,22.9,22.9,22.9,300
1352362920000,22.9,22.9,22.9,22.9,300
1352362980000,22.9,22.9,22.9,22.9,600
1352363040000,22.9,22.9,22.9,22.9,400
1352363100000,22.9,22.9,22.9,22.9,300
1352363160000,22.9,22.949,22.9,22.949,1100
1352363220000,22.9,22.9,22.9,22.9,600
1352363280000,22.9,22.9,22.9,22.9,500
1352363340000,22.9,22.9,22.9,22.9,300
1352363400000,22.9,22.9,22.9,22.9,600
1352363460000,22.949,23.0,22.949,23.0,55200
1352363520000,22.901,22.901,22.901,22.901,700
1352363580000,22.901,22.901,22.901,22.901,300
1352363640000,22.901,22.901,22.901,22.901,600
1352363700000,23.0,23.143,22.95,23.143,124400
1352363760000,23.14,23.14,23.05,23.139,126400
1352363820000,23.05,23.139,23.05,23.05,700
1352363880000,23.138,23.138,23.05,23.05,400
1352363940000,23.13,23.134,23.05,23.134,700
1352364000000,23.07,23.134,23.05,23.134,400
1352364060000,23.051,23.13,23.05,23.13,800
1352364120000,23.051,23.13,23.05,23.13,400
1352364180000,23.051,23.13,23.05,23.13,400
1352364240000,23.05,23.13,23.05,23.05,700
1352364300000,23.051,23.051,23.05,23.05,300
1352364360000,23.05,23.05,23.05,23.05,400
1352364420000,23.05,23.05,23.05,23.05,600
1352364480000,23.05,23.05,23.05,23.05,600
1352364540000,23.051,23.051,23.051,23.051,300
1352364600000,23.051,23.051,23.05,23.05,300
1352364660000,23.1,23.125,23.1,23.1,1100
1352364720000,23.125,23.125,23.1,23.1,400
1352364780000,23.1,23.1,23.1,23.1,2300
1352364840000,23.1,23.125,23.1,23.125,600
1352364900000,23.1,23.125,23.1,23.1,700
1352364960000,23.1,23.125,23.1,23.125,400
1352365020000,23.1,23.125,23.1,23.125,400
1352365080000,23.12,23.125,23.1,23.1,800
1352365140000,23.125,23.125,23.1,23.125,600
1352365200000,23.1,23.125,23.1,23.125,500
1352365260000,23.1,23.125,23.1,23.125,600
1352365320000,23.1,23.125,23.051,23.051,14300
1352365380000,23.125,23.125,23.081,23.125,700
1352365440000,23.081,23.123,23.08,23.123,600
1352365500000,23.085,23.123,23.081,23.123,900
1352365560000,23.081,23.123,23.05,23.051,14100
1352365620000,23.099,23.119,23.051,23.119,900
1352365680000,23.087,23.119,23.07,23.119,400
1352365740000,23.065,23.065,23.051,23.051,700
1352365800000,23.119,23.119,23.051,23.119,500
1352365860000,23.052,23.12,23.052,23.12,500
1352365920000,23.051,23.051,23.051,23.051,600
1352365980000,23.099,23.116,23.051,23.051,600
1352366040000,23.06,23.116,23.051,23.116,400
1352366100000,23.055,23.06,23.051,23.051,800
1352366160000,23.055,23.055,23.051,23.051,300
1352366220000,23.051,23.051,23.051,23.051,300
1352366280000,23.051,23.051,23.051,23.051,300
1352366340000,23.051,23.051,23.051,23.051,600
1352366400000,23.051,23.051,23.05,23.05,300
1352366460000,23.05,23.05,23.05,23.05,300
1352366520000,23.05,23.05,23.05,23.05,700
1352366580000,23.05,23.05,23.05,23.05,300
1352366640000,23.05,23.05,23.05,23.05,300
1352366700000,23.05,23.05,23.05,23.05,300
1352366760000,23.05,23.05,23.05,23.05,19000
1352366940000,23.001,23.001,23.001,23.001,1200
1352367840000,23.09,23.09,23.09,23.09,100
1352368740000,23.0,23.0,23.0,23.0,100
1352368860000,23.05,23.05,23.05,23.05,100
1352370180000,23.001,23.001,23.0,23.0,21100
1352370540000,23.049,23.09,23.049,23.09,200
1352370780000,22.98,23.048,22.95,23.048,45800
1352370840000,22.952,23.048,22.952,23.048,300
1352370900000,22.951,22.951,22.95,22.95,4700
1352370960000,22.95,22.95,22.927,22.95,2500
1352371020000,22.927,22.927,22.927,22.927,300
1352371080000,22.927,22.927,22.927,22.927,100
1352371980000,22.999,22.999,22.999,22.999,200
1352372100000,23.049,23.049,23.049,23.049,300
1352378940000,23.048,23.049,23.048,23.049,500
1352379000000,23.049,23.05,23.049,23.05,400
1352379180000,23.0,23.0,23.0,23.0,200
1352379240000,23.001,23.001,23.0,23.0,200
1352380680000,23.0,23.0,22.951,22.951,5000
1352381040000,22.999,23.0,22.951,23.0,4100
1352381100000,23.0,23.0,22.952,22.952,1500
1352381160000,22.952,22.952,22.952,22.952,100
1352381280000,23.029,23.1,23.029,23.1,4000
1352381580000,23.03,23.03,23.03,23.03,100
1352381640000,23.03,23.03,23.02,23.02,200
1352381760000,23.02,23.02,23.02,23.02,100
1352381820000,23.02,23.02,23.015,23.015,200
1352381880000,23.003,23.003,23.003,23.003,600
1352381940000,23.003,23.005,23.003,23.005,400
1352382000000,23.006,23.006,23.006,23.006,200
1352382060000,23.0,23.0,23.0,23.0,1000
1352382120000,23.0,23.0,23.0,23.0,800
1352382180000,23.0,23.0,23.0,23.0,200
1352382240000,23.0,23.0,23.0,23.0,100
1352382300000,23.0,23.0,23.0,23.0,100
1352382600000,23.0,23.0,22.98,23.0,22300
1352382660000,23.0,23.0,22.954,22.954,8900
1352382720000,22.953,22.953,22.953,22.953,300
1352382780000,22.951,22.951,22.95,22.95,2100
1352382840000,22.95,22.95,22.95,22.95,200
1352383260000,22.999,22.999,22.951,22.951,500
1352383380000,22.999,23.0,22.952,22.952,8800
1352383440000,23.0,23.0,22.953,22.953,300
1352383500000,22.951,22.951,22.927,22.927,50300
1352383560000,22.928,22.928,22.928,22.928,1100
1352383620000,22.928,22.928,22.927,22.927,5800
1352383680000,22.927,22.927,22.927,22.927,800
1352383740000,22.927,22.927,22.927,22.927,200
1352384760000,22.93,22.93,22.927,22.927,105200
1352384820000,22.927,22.927,22.927,22.927,3600
1352384880000,22.93,22.93,22.93,22.93,100
1352441820000,23.0,23.0,23.0,23.0,100
1352441880000,23.049,23.049,23.049,23.049,100
1352442840000,23.02,23.05,23.02,23.05,200
1352442960000,23.095,23.095,23.095,23.095,100
1352443500000,23.05,23.05,23.05,23.05,600
1352443860000,23.05,23.05,23.05,23.05,17600
1352443920000,23.049,23.05,23.049,23.05,14100
1352443980000,23.049,23.05,23.049,23.05,200
1352444100000,23.049,23.05,23.049,23.05,5000
1352444160000,23.05,23.05,23.05,23.05,7000
1352446140000,23.04,23.049,23.0,23.049,2100
1352446440000,23.04,23.044,23.04,23.044,300
1352448000000,23.02,23.02,23.0,23.0,44200
1352449140000,22.999,23.0,22.999,23.0,10000
1352449200000,22.999,23.0,22.999,23.0,13600
1352449260000,23.034,23.034,23.034,23.034,100
1352449620000,23.03,23.05,23.03,23.05,30000
1352449680000,23.048,23.098,23.048,23.098,10100
1352449740000,23.031,23.097,23.0,23.097,5500
1352449800000,23.05,23.05,23.05,23.05,100
1352449980000,23.001,23.001,23.0,23.0,10000
1352450040000,23.04,23.048,23.04,23.048,300
1352450460000,23.02,23.02,23.0,23.0,40300
1352450580000,22.999,23.0,22.999,23.0,60500
1352450820000,22.952,23.047,22.952,23.047,300
1352451840000,23.02,23.048,23.02,23.048,600
1352451900000,23.04,23.048,23.0,23.0,11500
1352451960000,22.98,23.0,22.95,23.0,22500
1352452020000,23.0,23.048,23.0,23.048,37800
1352452860000,23.001,23.047,23.001,23.047,200
1352453100000,23.048,23.05,23.048,23.05,4600
1352453280000,23.098,23.098,23.098,23.098,100
1352454000000,23.03,23.097,23.03,23.097,200
1352454540000,23.097,23.098,23.097,23.098,400
1352454780000,23.1,23.1,23.1,23.1,100
1352455440000,23.08,23.098,23.08,23.098,200
1352455560000,23.098,23.098,23.098,23.098,100
1352455740000,23.05,23.05,23.05,23.05,100
1352455860000,23.098,23.1,23.098,23.1,200
1352456460000,23.089,23.149,23.089,23.149,9500
1352456640000,23.147,23.15,23.147,23.15,45000
1352457840000,23.13,23.13,23.13,23.13,100
1352458380000,23.149,23.149,23.149,23.149,100
1352458560000,23.1,23.1,23.1,23.1,100
1352458980000,23.14,23.14,23.14,23.14,100
1352460660000,23.081,23.081,23.081,23.081,100
1352461140000,23.14,23.14,23.14,23.14,100
1352461260000,23.101,23.147,23.1,23.147,1200
1352463540000,23.1,23.1,23.1,23.1,100
1352463840000,23.1,23.1,23.1,23.1,13300
1352464740000,23.082,23.082,23.05,23.05,68600
1352464860000,23.099,23.099,23.032,23.032,300
1352466780000,23.003,23.069,23.003,23.069,200
1352466960000,23.04,23.05,23.04,23.05,46100
1352467020000,23.049,23.1,23.049,23.1,19900
1352467440000,23.05,23.05,23.05,23.05,600
1352467800000,23.02,23.049,23.02,23.049,200
1352467860000,23.005,23.048,23.0,23.048,23600
1352467920000,23.001,23.001,22.999,22.999,116800
1352468760000,22.998,22.999,22.998,22.999,1500
1352470320000,22.98,22.98,22.98,22.98,500
1352470620000,22.999,23.04,22.999,23.04,66000
1352470680000,23.0,23.0,23.0,23.0,100
1352470800000,23.0,23.0,23.0,23.0,100
1352471220000,23.0,23.04,23.0,23.04,100000
1352471280000,23.04,23.098,23.04,23.098,90000
1352471520000,23.05,23.05,23.05,23.05,100
1352471640000,23.098,23.098,23.098,23.098,100
1352471700000,23.098,23.14,23.098,23.14,15200
1352471760000,23.09,23.09,23.09,23.09,100
1352472180000,23.051,23.051,23.05,23.05,15000
1352700060000,23.188,23.188,23.188,23.188,100
1352707320000,23.0,23.069,23.0,23.069,3100
1352708580000,23.03,23.03,23.03,23.03,100
1352708640000,23.03,23.069,23.03,23.069,500
1352709240000,23.0,23.0,23.0,23.0,100
1352710020000,22.95,22.95,22.904,22.904,2500
1352710080000,22.906,22.906,22.904,22.904,2000
1352710260000,22.998,22.998,22.998,22.998,100
1352710680000,22.904,22.904,22.903,22.903,2900
1352710740000,22.994,22.994,22.994,22.994,100
1352710800000,22.98,22.994,22.98,22.994,900
1352711700000,23.0,23.0,22.98,22.98,6600
1352712000000,23.048,23.048,23.048,23.048,100
1352713620000,23.0,23.05,22.98,23.05,800
1352713680000,22.98,23.048,22.98,23.048,600
1352713740000,22.981,23.048,22.98,23.048,700
1352713800000,22.981,23.048,22.98,22.98,1300
1352713920000,23.0,23.048,22.98,23.048,700
1352713980000,22.98,23.048,22.98,22.98,1300
1352714040000,22.98,22.98,22.98,22.98,600
1352714100000,22.98,22.98,22.98,22.98,600
1352714160000,22.98,22.98,22.98,22.98,500
1352714220000,22.98,22.98,22.98,22.98,600
1352714280000,22.98,22.98,22.98,22.98,600
1352714340000,22.98,22.98,22.98,22.98,600
1352714400000,22.98,22.98,22.98,22.98,200
1352714460000,22.905,22.905,22.905,22.905,500
1352714520000,23.04,23.04,22.91,22.91,300
1352714580000,22.91,22.91,22.91,22.91,400
1352714640000,22.91,22.91,22.91,22.91,200
1352714700000,22.904,22.904,22.904,22.904,1100
1352714760000,22.91,22.91,22.91,22.91,100
1352714820000,22.904,22.904,22.904,22.904,600
1352714880000,22.903,22.903,22.903,22.903,2000
1352714940000,22.903,22.903,22.903,22.903,600
1352715000000,22.905,22.905,22.905,22.905,100
1352715060000,22.907,22.908,22.907,22.908,200
1352715120000,22.906,22.906,22.906,22.906,100
1352715180000,22.91,22.91,22.91,22.91,500
1352715240000,22.904,22.904,22.904,22.904,100
1352715300000,22.905,22.905,22.905,22.905,100
1352715360000,22.906,22.906,22.906,22.906,100
1352715420000,22.903,22.903,22.903,22.903,3700
1352715480000,22.91,22.91,22.903,22.903,600
1352715540000,23.04,23.04,22.903,22.903,700
1352715600000,22.903,22.903,22.903,22.903,600
1352715660000,22.904,22.904,22.904,22.904,600
1352715720000,22.904,22.904,22.904,22.904,600
1352715780000,22.904,23.0,22.903,22.903,50700
1352715840000,23.0,23.0,22.905,22.905,700
1352715900000,22.921,22.921,22.921,22.921,500
1352715960000,22.921,22.921,22.92,22.92,600
1352716020000,23.0,23.0,22.92,23.0,800
1352716080000,22.92,22.92,22.92,22.92,600
1352716140000,22.92,22.92,22.92,22.92,600
1352716200000,22.92,22.92,22.92,22.92,600
1352716260000,22.92,22.92,22.92,22.92,600
1352716320000,22.92,22.92,22.92,22.92,600
1352716380000,22.92,22.92,22.92,22.92,600
1352716440000,22.922,22.922,22.92,22.92,600
1352716500000,22.92,22.92,22.92,22.92,500
1352716560000,22.92,22.92,22.92,22.92,600
1352716620000,22.92,22.92,22.92,22.92,600
1352716680000,22.921,22.921,22.921,22.921,600
1352716740000,22.921,22.921,22.92,22.92,600
1352716800000,22.92,22.92,22.92,22.92,600
1352716860000,22.92,22.92,22.92,22.92,600
1352716920000,22.92,22.92,22.92,22.92,600
1352716980000,22.92,22.92,22.92,22.92,600
1352717040000,22.92,22.92,22.92,22.92,600
1352717100000,22.92,22.92,22.92,22.92,500
1352717160000,22.92,22.92,22.92,22.92,600
1352717220000,22.92,22.92,22.92,22.92,600
1352717280000,22.92,22.92,22.92,22.92,600
1352717340000,22.92,22.92,22.92,22.92,600
1352717400000,22.92,22.92,22.92,22.92,600
1352717460000,22.92,22.92,22.92,22.92,600
1352717520000,22.92,22.92,22.92,22.92,600
1352717580000,22.92,22.92,22.92,22.92,600
1352717640000,22.92,22.92,22.92,22.92,500
1352717700000,22.92,22.92,22.92,22.92,600
1352717760000,22.92,22.92,22.92,22.92,600
1352717820000,22.92,22.92,22.92,22.92,600
1352717880000,22.92,22.92,22.92,22.92,600
1352717940000,22.92,22.92,22.92,22.92,600
1352718000000,22.92,22.92,22.905,22.905,600
1352718060000,22.905,22.905,22.905,22.905,600
1352718120000,22.905,22.905,22.905,22.905,600
1352718180000,22.905,22.905,22.904,22.904,600
1352718240000,22.904,22.904,22.904,22.904,500
1352718300000,22.904,22.904,22.904,22.904,600
1352718360000,22.904,22.904,22.904,22.904,600
1352718420000,22.904,22.904,22.904,22.904,600
1352718480000,22.904,22.904,22.904,22.904,600
1352718540000,22.998,23.047,22.904,23.04,1700
1352718600000,22.905,23.0,22.905,23.0,1000
1352718660000,22.998,23.0,22.904,22.904,1500
1352718720000,22.904,22.904,22.904,22.904,600
1352718780000,22.904,22.904,22.904,22.904,600
1352718840000,22.904,22.904,22.904,22.904,500
1352718900000,23.0,23.0,22.904,22.904,1100
1352718960000,22.904,22.904,22.904,22.904,600
1352719020000,22.904,22.904,22.904,22.904,600
1352719080000,22.904,22.998,22.904,22.998,800
1352719140000,22.904,22.904,22.904,22.904,600
1352719200000,22.904,22.904,22.904,22.904,600
1352719260000,22.904,22.904,22.904,22.904,600
1352719320000,22.904,22.904,22.904,22.904,600
1352719380000,22.904,22.904,22.904,22.904,500
1352719440000,22.904,22.904,22.904,22.904,600
1352719500000,22.904,22.904,22.904,22.904,600
1352719560000,22.904,22.904,22.904,22.904,600
1352719620000,22.904,22.904,22.904,22.904,600
1352719680000,22.904,22.904,22.904,22.904,8000
1352719740000,22.903,22.903,22.903,22.903,600
1352719800000,22.903,22.903,22.903,22.903,600
1352719860000,22.903,22.903,22.903,22.903,600
1352719920000,22.903,22.903,22.903,22.903,600
1352719980000,22.903,22.903,22.903,22.903,500
1352720040000,22.903,22.903,22.903,22.903,600
1352720100000,22.903,22.903,22.903,22.903,600
1352720160000,22.903,22.903,22.903,22.903,600
1352720220000,22.903,22.903,22.903,22.903,600
1352720280000,22.903,22.903,22.903,22.903,600
1352720340000,22.903,22.903,22.903,22.903,600
1352720400000,22.903,22.903,22.903,22.903,600
1352720460000,22.903,22.903,22.903,22.903,600
1352720520000,22.903,22.903,22.903,22.903,600
1352720580000,22.903,22.903,22.903,22.903,500
1352720640000,22.903,22.903,22.903,22.903,600
1352720700000,22.903,22.903,22.903,22.903,600
1352720760000,22.903,22.903,22.903,22.903,80600
1352720820000,22.903,22.903,22.903,22.903,40600
1352720880000,22.903,22.903,22.903,22.903,600
1352720940000,22.903,22.903,22.903,22.903,600
1352721000000,22.903,22.903,22.903,22.903,600
1352721060000,22.903,22.903,22.903,22.903,600
1352721120000,22.903,22.903,22.903,22.903,500
1352721180000,22.903,22.903,22.903,22.903,600
1352721240000,22.903,22.903,22.903,22.903,600
1352721300000,22.903,22.903,22.903,22.903,600
1352721360000,22.903,22.903,22.903,22.903,600
1352721420000,22.903,22.903,22.903,22.903,600
1352721480000,22.903,22.903,22.903,22.903,600
1352721540000,22.903,22.903,22.903,22.903,600
1352721600000,22.903,22.903,22.903,22.903,600
1352721660000,22.903,22.903,22.903,22.903,600
1352721720000,22.903,22.903,22.903,22.903,500
1352721780000,22.903,22.903,22.903,22.903,600
1352721840000,22.903,22.903,22.903,22.903,600
1352721900000,22.903,22.903,22.903,22.903,600
1352721960000,22.903,22.903,22.903,22.903,600
1352722020000,22.903,22.903,22.903,22.903,600
1352722080000,22.903,22.903,22.903,22.903,600
1352722140000,22.903,22.903,22.903,22.903,600
1352722200000,22.903,22.903,22.903,22.903,600
1352722260000,22.903,22.903,22.903,22.903,600
1352722320000,22.903,22.903,22.903,22.903,500
1352722380000,22.903,22.903,22.903,22.903,600
1352722440000,22.903,22.903,22.903,22.903,600
1352722500000,22.903,22.903,22.903,22.903,600
1352722560000,22.903,22.903,22.903,22.903,600
1352722620000,22.903,22.903,22.903,22.903,600
1352722680000,22.903,22.903,22.903,22.903,600
1352722740000,22.903,22.903,22.903,22.903,1200
1352722800000,22.903,22.903,22.903,22.903,500
1352722860000,22.903,22.903,22.903,22.903,600
1352722920000,22.903,22.903,22.903,22.903,600
1352722980000,22.903,22.903,22.903,22.903,600
1352723040000,22.903,22.903,22.903,22.903,600
1352723100000,22.903,22.903,22.903,22.903,600
1352723160000,22.903,22.903,22.903,22.903,600
1352723220000,22.903,22.903,22.903,22.903,600
1352723280000,22.903,22.903,22.903,22.903,600
1352723340000,22.903,22.903,22.903,22.903,600
1352723400000,22.903,22.903,22.903,22.903,500
1352723460000,22.903,22.903,22.903,22.903,600
1352723520000,22.903,22.903,22.903,22.903,600
1352723580000,22.903,22.903,22.903,22.903,600
1352723640000,22.903,22.903,22.903,22.903,600
1352723700000,22.903,22.903,22.903,22.903,600
1352723760000,22.903,22.903,22.903,22.903,600
1352723820000,22.904,22.904,22.904,22.904,600
1352723880000,22.904,22.904,22.903,22.903,600
1352723940000,22.903,22.903,22.903,22.903,600
1352724000000,22.903,22.903,22.903,22.903,500
1352724060000,22.903,22.903,22.903,22.903,600
1352724120000,22.903,22.903,22.903,22.903,600
1352724180000,22.903,22.903,22.903,22.903,600
1352724240000,22.903,22.903,22.903,22.903,600
1352724300000,22.903,22.903,22.903,22.903,600
1352724360000,22.903,22.903,22.903,22.903,600
1352724420000,22.903,22.903,22.903,22.903,600
1352724480000,22.903,22.903,22.903,22.903,600
1352724540000,22.903,22.903,22.903,22.903,500
1352724600000,22.903,22.903,22.903,22.903,600
1352724660000,22.903,22.903,22.903,22.903,600
1352724720000,22.903,22.903,22.903,22.903,600
1352724780000,22.903,22.903,22.903,22.903,600
1352724840000,22.903,22.903,22.903,22.903,600
1352724900000,22.903,22.903,22.903,22.903,600
1352724960000,22.903,22.903,22.903,22.903,600
1352725020000,22.903,22.903,22.903,22.903,600
1352725080000,22.903,22.903,22.903,22.903,600
1352725140000,22.903,22.903,22.903,22.903,500
1352725560000,22.99,22.99,22.99,22.99,100
1352726520000,22.99,23.04,22.99,23.04,22800
1352727480000,23.0,23.04,23.0,23.04,27400
1352728260000,23.0,23.0,23.0,23.0,200
1352728320000,23.03,23.03,23.03,23.03,100
1352730660000,23.0,23.0,23.0,23.0,100
1352731140000,23.018,23.018,23.018,23.018,100
1352786580000,23.048,23.048,23.048,23.048,100
1352786640000,22.901,23.047,22.771,22.949,1800
1352786700000,22.898,23.0,22.898,22.999,1100
1352788620000,22.949,23.0,22.949,23.0,13100
1352788680000,23.038,23.04,23.038,23.04,300
1352788740000,23.03,23.04,23.03,23.04,500
1352789280000,23.0,23.0,23.0,23.0,36900
1352789400000,22.997,23.0,22.997,23.0,13900
1352790660000,23.0,23.0,23.0,23.0,2000
1352790720000,23.0,23.0,23.0,23.0,3000
1352790960000,23.038,23.038,23.038,23.038,100
1352791620000,23.0,23.0,23.0,23.0,31600
1352793300000,23.0,23.0,23.0,23.0,2000
1352793360000,23.0,23.0,23.0,23.0,200
1352794320000,22.98,22.98,22.98,22.98,100
1352794380000,22.99,22.99,22.99,22.99,100
1352795460000,22.95,22.95,22.95,22.95,500
1352795940000,22.901,22.901,22.9,22.9,3200
1352796120000,22.85,22.85,22.85,22.85,20000
1352796180000,22.86,22.86,22.86,22.86,100
1352796420000,22.851,22.851,22.85,22.85,5400
1352796540000,22.851,22.851,22.85,22.85,20000
1352796660000,22.88,22.88,22.85,22.85,5600
1352797020000,22.855,22.855,22.85,22.85,1200
1352797080000,22.85,23.0,22.85,23.0,261500
1352797140000,23.0,23.0,23.0,23.0,33000
1352797200000,23.0,23.0,23.0,23.0,5500
1352797320000,22.999,23.0,22.999,23.0,300000
1352797500000,23.0,23.0,23.0,23.0,50000
1352797680000,23.0,23.0,23.0,23.0,1000
1352797860000,23.03,23.03,23.03,23.03,100
1352800140000,23.012,23.012,23.0,23.0,29100
1352800200000,23.0,23.0,23.0,23.0,89900
1352800260000,23.03,23.03,23.03,23.03,100
1352800860000,23.0,23.0,23.0,23.0,10100
1352802300000,22.951,22.951,22.951,22.951,1300
1352802480000,22.951,22.951,22.951,22.951,300
1352804580000,22.915,22.915,22.91,22.91,25000
1352804640000,22.951,22.951,22.951,22.951,100
1352804940000,22.91,22.91,22.799,22.8,6300
1352805060000,22.704,22.704,22.702,22.702,1500
1352805120000,22.705,22.705,22.705,22.705,700
1352805180000,22.849,22.849,22.849,22.849,100
1352805300000,22.83,22.83,22.83,22.83,100
1352805420000,22.845,22.845,22.845,22.845,200
1352805480000,22.85,22.899,22.85,22.869,400
1352805720000,22.85,22.889,22.85,22.889,200
1352806080000,22.831,22.831,22.8,22.8,800
1352806500000,22.8,22.8,22.8,22.8,2800
1352806620000,22.869,22.869,22.869,22.869,200
1352807100000,22.801,22.801,22.8,22.8,1800
1352807160000,22.8,22.8,22.8,22.8,500
1352807640000,22.78,22.78,22.78,22.78,300
1352807700000,22.8,22.8,22.8,22.8,100
1352808180000,22.8,22.869,22.8,22.869,28100
1352809620000,22.869,22.869,22.869,22.869,100
1352809860000,22.869,22.869,22.869,22.869,100
1352809920000,22.869,22.95,22.869,22.95,53100
1352810100000,22.951,22.951,22.951,22.951,100
1352810460000,22.95,22.95,22.95,22.95,2000
1352810520000,22.951,22.951,22.951,22.951,100
1352810580000,22.997,22.997,22.95,22.997,2200
1352810880000,22.95,22.95,22.95,22.95,43300
1352811180000,22.903,23.0,22.903,23.0,92300
1352811840000,22.951,22.951,22.951,22.951,100
1352811900000,22.96,22.96,22.96,22.96,100
1352812980000,22.98,22.98,22.98,22.98,400
1352813100000,22.98,22.98,22.98,22.98,500
1352813640000,22.98,22.98,22.98,22.98,100
1352813700000,22.98,22.98,22.98,22.98,3300
1352813940000,22.98,22.98,22.98,22.98,10000
1352814060000,22.98,22.98,22.98,22.98,10000
1352815200000,22.98,22.98,22.98,22.98,10000
1352815320000,22.98,22.98,22.98,22.98,4000
1352815380000,22.98,22.98,22.95,22.95,92100
1352815440000,22.95,22.95,22.95,22.95,9500
1352815740000,22.951,22.951,22.95,22.95,16800
1352815800000,22.95,22.95,22.95,22.95,3000
1352815860000,22.95,22.95,22.95,22.95,200
1352816040000,22.95,22.95,22.95,22.95,300
1352816100000,22.95,22.95,22.95,22.95,58100
1352816160000,22.95,22.95,22.95,22.95,42200
1352816400000,22.922,22.947,22.922,22.947,2100
1352816640000,22.903,22.903,22.902,22.902,3300
1352816760000,22.852,22.852,22.81,22.81,5000
1352816940000,22.928,22.928,22.928,22.928,100
1352817120000,22.814,22.928,22.81,22.928,10100
1352817180000,22.851,22.851,22.85,22.85,300
1352817300000,22.85,22.85,22.85,22.85,10700
1352817480000,22.928,22.928,22.928,22.928,100
1352817540000,22.81,22.81,22.81,22.81,10000
1352817660000,22.928,22.928,22.928,22.928,200
1352817720000,22.899,22.9,22.899,22.9,58400
1352817780000,22.925,22.925,22.925,22.925,50000
1352817840000,22.925,22.925,22.925,22.925,50000
1352873220000,23.025,23.025,23.025,23.025,100
1352875080000,22.901,22.901,22.9,22.9,900
1352875560000,22.899,22.899,22.899,22.899,500
1352875740000,22.899,22.899,22.899,22.899,100
1352875800000,22.88,22.88,22.818,22.818,53700
1352875860000,22.898,22.898,22.898,22.898,100
1352876880000,22.899,22.899,22.899,22.899,100
1352877840000,22.899,22.899,22.889,22.889,500
1352880480000,22.88,22.88,22.88,22.88,100
1352880720000,22.88,22.899,22.88,22.899,200
1352883420000,22.854,22.898,22.85,22.898,10100
1352886960000,22.89,22.996,22.89,22.996,31800
1352889660000,22.899,22.899,22.899,22.899,100
1352890440000,22.87,22.87,22.85,22.85,6100
1352890800000,22.818,22.818,22.818,22.818,20000
1352890860000,22.84,22.84,22.84,22.84,100
1352890980000,22.84,22.996,22.84,22.996,20900
1352892180000,22.93,22.93,22.9,22.9,600
1352892240000,22.979,22.979,22.979,22.979,100
1352894460000,22.93,22.93,22.93,22.93,100
1352895120000,22.979,22.979,22.979,22.979,100
1352895480000,22.95,22.974,22.93,22.974,10100
1352896440000,22.95,22.95,22.95,22.95,100
1352896500000,22.978,22.978,22.978,22.978,100
1352897460000,22.93,22.978,22.93,22.978,200
1352897640000,22.931,22.932,22.9,22.9,95000
1352898120000,22.899,22.899,22.899,22.899,800
1352902860000,22.88,22.88,22.818,22.82,30000
1352903340000,22.899,22.899,22.899,22.899,100
1352903640000,22.851,22.851,22.85,22.85,800
1352903940000,22.821,22.821,22.818,22.818,9200
1352904000000,22.818,22.818,22.818,22.818,500
1352904120000,22.818,22.818,22.818,22.818,5700
1352959200000,22.99,22.99,22.99,22.99,100
1352959620000,22.799,22.799,22.799,22.799,1100
1352959800000,22.89,22.9,22.89,22.9,200
1352960280000,22.856,22.949,22.856,22.949,400
1352961300000,22.855,22.855,22.855,22.855,100
1352961360000,22.851,22.851,22.851,22.851,100
1352961480000,22.8,22.855,22.8,22.855,300
1352962140000,22.83,22.83,22.83,22.83,100
1352962500000,22.85,22.85,22.85,22.85,100
1352963940000,22.85,22.85,22.85,22.85,1900
1352964000000,22.855,22.9,22.855,22.9,56600
1352964420000,22.929,22.929,22.9,22.929,300
1352964480000,22.93,22.93,22.93,22.93,100
1352966580000,22.88,22.88,22.88,22.88,100
1352966760000,22.929,22.929,22.929,22.929,100
1352972220000,22.9,22.9,22.9,22.9,41400
1352972280000,22.9,22.9,22.9,22.9,2400
1352972580000,22.9,22.9,22.9,22.9,2500
1352972760000,22.9,22.9,22.9,22.9,3700
1352973000000,22.924,22.924,22.924,22.924,100
1352975040000,22.92,22.925,22.92,22.925,200
1352976480000,22.9,22.925,22.9,22.925,1100
1352977260000,22.92,22.925,22.9,22.925,5600
1352983860000,22.88,22.88,22.88,22.88,100
1352986320000,22.88,22.88,22.88,22.88,300
1352986680000,22.89,22.89,22.89,22.89,6500
1352986800000,22.857,22.857,22.857,22.857,200
1352987160000,22.857,22.857,22.75,22.75,41800
1352988600000,22.89,22.89,22.89,22.89,100
1352989920000,22.9,22.9,22.9,22.9,1000
1352989980000,22.925,22.925,22.925,22.925,100
1353045660000,22.99,22.99,22.99,22.99,100
1353046980000,22.899,22.9,22.899,22.9,10500
1353047040000,22.988,22.988,22.988,22.988,100
1353047520000,22.93,22.959,22.9,22.959,27100
1353047700000,22.901,22.959,22.9,22.959,10100
1353048000000,22.9,22.9,22.9,22.9,3000
1353048480000,22.86,22.86,22.86,22.86,100
1353048540000,22.899,22.9,22.805,22.899,600
1353048600000,22.86,22.899,22.801,22.899,2100
1353050760000,22.821,22.869,22.716,22.869,2100
1353051180000,22.78,22.78,22.754,22.754,200
1353051420000,22.757,22.757,22.757,22.757,100
1353051840000,22.849,22.849,22.849,22.849,100
1353052860000,22.849,22.849,22.849,22.849,500
1353052920000,22.85,22.894,22.805,22.894,2600
1353053760000,22.821,22.821,22.805,22.805,4900
1353054240000,22.894,22.894,22.894,22.894,100
1353054840000,22.86,22.889,22.86,22.889,500
1353054900000,22.889,22.889,22.889,22.889,200
1353055440000,22.88,22.89,22.879,22.89,600
1353056820000,22.861,22.861,22.81,22.81,100000
1353056880000,22.81,22.81,22.8,22.8,62600
1353056940000,22.8,22.8,22.8,22.8,42400
1353057000000,22.85,22.88,22.85,22.88,700
1353057240000,22.87,22.9,22.87,22.9,36400
1353057360000,22.89,22.9,22.89,22.9,200
1353057420000,22.9,22.92,22.9,22.92,200
1353057540000,22.92,22.93,22.92,22.93,300
1353058140000,22.88,22.897,22.88,22.897,300
1353058260000,22.88,22.9,22.88,22.9,300
1353061980000,22.869,22.9,22.869,22.9,115200
1353062160000,22.897,22.9,22.897,22.9,5400
1353062460000,22.88,22.88,22.855,22.855,300
1353063840000,22.85,22.85,22.85,22.85,18400
1353063900000,22.831,22.831,22.831,22.831,500
1353063960000,22.909,22.909,22.909,22.909,100
1353066600000,22.87,22.87,22.87,22.87,100
1353066660000,22.879,22.879,22.879,22.879,100
1353066720000,22.88,22.898,22.88,22.898,200
1353066780000,22.851,22.851,22.85,22.85,500
1353067020000,22.897,22.897,22.897,22.897,100
1353069960000,22.898,22.9,22.898,22.9,200
1353072120000,22.889,22.89,22.889,22.89,700
1353072420000,22.89,22.89,22.89,22.89,300
1353073200000,22.899,22.899,22.899,22.899,600
1353073740000,22.897,22.897,22.897,22.897,100
1353074100000,22.897,22.899,22.897,22.899,200
1353074460000,22.89,22.89,22.86,22.86,1600
1353076200000,22.855,22.855,22.831,22.855,1200
1353076320000,22.85,22.859,22.85,22.859,500
1353076380000,22.859,22.95,22.851,22.851,200100
1353076680000,22.899,23.0,22.899,23.0,26500
1353076740000,22.901,22.901,22.901,22.901,100
1353077040000,22.999,23.095,22.999,23.095,4900
1353306120000,22.905,22.905,22.905,22.905,100
1353307320000,22.95,22.95,22.95,22.95,100
1353309780000,22.96,22.96,22.96,22.96,100
1353316200000,22.96,22.96,22.96,22.96,200
1353318300000,22.951,22.951,22.951,22.951,700
1353319560000,22.961,22.961,22.961,22.961,600
1353320100000,22.952,22.952,22.95,22.95,27000
1353323160000,22.97,22.97,22.97,22.97,100
1353324360000,22.951,22.951,22.951,22.951,4000
1353324480000,22.951,22.951,22.951,22.951,200
1353324840000,22.95,22.95,22.95,22.95,100
1353324900000,22.951,22.951,22.951,22.951,800
1353330600000,22.952,22.952,22.951,22.951,3300
1353330780000,22.97,23.0,22.953,22.953,53000
1353335760000,23.046,23.047,23.046,23.047,300
1353335820000,23.047,23.049,23.047,23.049,700
1353335880000,23.047,23.047,23.047,23.047,200
1353336000000,23.047,23.047,23.047,23.047,800
1353393180000,23.0,23.0,23.0,23.0,400
1353393540000,22.954,22.954,22.954,22.954,100
1353395340000,22.98,22.98,22.98,22.98,100
1353395820000,22.96,22.96,22.96,22.96,100
1353396480000,22.954,22.954,22.906,22.906,15000
1353396840000,22.881,22.881,22.8,22.8,21300
1353396900000,22.879,22.88,22.879,22.88,1300
1353396960000,22.88,22.88,22.851,22.851,5300
1353397020000,22.9,22.9,22.9,22.9,100
1353397260000,22.949,23.0,22.949,23.0,4400
1353398820000,22.96,22.96,22.96,22.96,1000
1353405060000,22.994,22.994,22.994,22.994,100
1353406260000,22.93,22.93,22.9,22.9,6800
1353406320000,22.881,22.881,22.88,22.88,6900
1353410400000,22.901,22.901,22.901,22.901,700
1353416940000,22.901,22.901,22.901,22.901,600
1353417000000,22.9,22.9,22.88,22.88,16200
1353417060000,22.88,22.88,22.88,22.88,5000
1353417420000,22.899,22.9,22.899,22.9,1000
1353418080000,22.863,22.863,22.863,22.863,400
1353418140000,22.904,22.904,22.904,22.904,400
1353419160000,22.95,23.0,22.95,23.0,79000
1353419220000,22.95,22.95,22.95,22.95,500
1353419700000,22.998,22.998,22.998,22.998,200
1353419820000,22.998,22.998,22.998,22.998,200
1353420900000,22.998,22.998,22.95,22.95,300
1353422580000,22.97,23.0,22.97,23.0,1000
1353479220000,22.94,22.94,22.94,22.94,200
1353481320000,22.94,22.94,22.931,22.931,13100
1353481440000,22.931,22.931,22.931,22.931,7000
1353481500000,22.931,22.931,22.901,22.901,14000
1353481560000,22.902,22.902,22.901,22.901,7500
1353481620000,22.903,22.98,22.901,22.98,15500
1353481920000,22.977,22.979,22.977,22.979,400
1353482280000,22.96,22.98,22.96,22.96,85100
1353484260000,22.93,22.93,22.925,22.925,1000
1353487080000,22.975,22.975,22.975,22.975,5100
1353487560000,22.975,22.975,22.975,22.975,15000
1353487620000,22.975,22.975,22.975,22.975,79900
1353488100000,22.975,22.975,22.975,22.975,100
1353488460000,22.97,22.97,22.97,22.97,5000
1353488520000,22.97,22.97,22.97,22.97,10000
1353488580000,22.97,22.97,22.97,22.97,5000
1353488640000,22.97,22.97,22.97,22.97,119900
1353489660000,22.979,22.98,22.979,22.98,600
1353490380000,22.98,22.98,22.98,22.98,2300
1353490440000,22.99,22.99,22.99,22.99,1000
1353490680000,22.956,22.956,22.956,22.956,500
1353491580000,22.997,23.0,22.997,23.0,45000
1353491700000,23.0,23.0,23.0,23.0,500
1353491940000,23.0,23.0,23.0,23.0,18700
1353492300000,23.0,23.0,23.0,23.0,31300
1353496380000,22.97,22.97,22.94,22.94,27000
1353499020000,22.99,23.0,22.99,23.0,55500
1353499080000,23.05,23.05,23.05,23.05,4500
1353499140000,23.05,23.05,23.05,23.05,1000
1353499200000,23.05,23.05,23.01,23.01,26000
1353499500000,23.0,23.0,23.0,23.0,2000
1353499620000,23.0,23.0,23.0,23.0,2000
1353499680000,23.0,23.0,23.0,23.0,1000
1353499860000,23.009,23.01,23.009,23.01,37000
1353501000000,23.009,23.009,23.009,23.009,2000
1353502020000,23.009,23.009,23.009,23.009,1000
1353502080000,23.009,23.009,23.009,23.009,400
1353502140000,23.009,23.009,23.009,23.009,600
1353502260000,23.0,23.01,23.0,23.01,200
1353502860000,23.0,23.0,23.0,23.0,200
1353502920000,23.01,23.01,23.01,23.01,200
1353503280000,23.0,23.01,23.0,23.01,400
1353503580000,23.01,23.01,23.01,23.01,500
1353503700000,23.0,23.0,23.0,23.0,200
1353503760000,23.01,23.01,23.01,23.01,200
1353504300000,23.0,23.0,23.0,23.0,100
1353504360000,23.01,23.01,23.01,23.01,100
1353504600000,23.0,23.0,23.0,23.0,100
1353504660000,23.01,23.01,23.01,23.01,100
1353505320000,23.01,23.01,23.0,23.0,700
1353505560000,23.0,23.0,23.0,23.0,100
1353505620000,23.0,23.01,23.0,23.01,200
1353505860000,23.0,23.01,23.0,23.01,200
1353505980000,23.01,23.01,23.01,23.01,12300
1353506100000,23.04,23.04,23.04,23.04,200
1353506460000,23.01,23.01,23.01,23.01,37700
1353506580000,23.0,23.0,23.0,23.0,12300
1353507300000,22.971,22.971,22.97,22.97,5100
1353507900000,23.04,23.099,23.04,23.099,69500
1353507960000,23.1,23.1,23.0,23.0,1610100
1353508080000,23.09,23.09,23.09,23.09,300
1353508800000,23.086,23.086,23.086,23.086,200
1353508920000,23.05,23.05,23.022,23.022,900
1353571740000,23.049,23.05,23.049,23.05,50000
1353571980000,23.049,23.049,23.049,23.049,100
1353572160000,23.0,23.0,23.0,23.0,600
1353587640000,23.0,23.0,22.96,22.96,800
1353593220000,23.043,23.098,23.043,23.098,31800
1353593880000,22.963,22.963,22.958,22.958,24300
1353594180000,23.094,23.1,23.094,23.1,10000
1353594300000,23.095,23.095,23.095,23.095,200
1353595440000,23.05,23.1,23.05,23.1,48000
1353651840000,23.0,23.0,23.0,23.0,200
1353652440000,22.95,22.95,22.95,22.95,100
1353652680000,22.95,22.95,22.95,22.95,2900
1353653040000,22.9,22.95,22.9,22.95,200
1353653520000,22.95,22.95,22.95,22.95,200
1353653760000,22.98,23.0,22.98,23.0,400
1353653880000,22.903,22.903,22.903,22.903,100
1353653940000,22.96,23.0,22.902,22.902,21300
1353657720000,22.999,23.049,22.999,23.049,3700
1353657780000,23.049,23.049,23.049,23.049,200
1353658560000,23.049,23.05,23.049,23.05,10000
1353658680000,23.05,23.05,23.05,23.05,30000
1353661020000,23.05,23.05,23.05,23.05,200
1353661080000,23.0,23.0,23.0,23.0,100
1353661380000,22.999,22.999,22.999,22.999,200
1353661500000,22.98,22.98,22.98,22.98,100
1353661680000,22.999,22.999,22.999,22.999,5800
1353661800000,23.02,23.02,23.02,23.02,100
1353662040000,23.03,23.098,23.03,23.098,10500
1353670320000,23.001,23.001,23.001,23.001,100
1353670800000,23.002,23.002,23.002,23.002,100
1353675420000,23.002,23.002,23.0,23.0,50000
1353676560000,23.003,23.003,23.003,23.003,300
1353676620000,23.0,23.0,23.0,23.0,300
1353679560000,23.001,23.001,23.0,23.0,130000
1353680820000,23.065,23.065,23.065,23.065,300
1353681780000,23.089,23.15,23.089,23.15,134000
1353909780000,23.148,23.2,23.148,23.2,6800
1353911400000,23.1,23.1,23.1,23.1,1300
1353911580000,23.05,23.05,23.05,23.05,100
1353911940000,23.05,23.05,23.05,23.05,500
1353912780000,23.03,23.03,23.03,23.03,50000
1353912840000,23.03,23.03,23.03,23.03,1100
1353914460000,23.05,23.05,23.05,23.05,800
1353917160000,23.005,23.05,23.002,23.05,3300
1353919140000,23.05,23.05,23.05,23.05,100
1353921900000,23.003,23.003,23.0,23.0,23400
1353923700000,23.015,23.015,23.015,23.015,100
1353924960000,22.98,22.98,22.98,22.98,100
1353932400000,23.047,23.047,23.047,23.047,800
1353932460000,23.048,23.05,23.048,23.05,900
1353932520000,23.098,23.098,23.098,23.098,600
1353932700000,23.1,23.139,23.1,23.139,2100
1353932760000,23.14,23.14,23.14,23.14,15000
1353932880000,23.14,23.14,23.14,23.14,1500
1353936840000,23.139,23.15,23.139,23.15,23000
1353996420000,23.001,23.001,23.0,23.0,21800
1353996960000,23.199,23.2,23.199,23.2,3300
1353997380000,23.051,23.051,23.0,23.0,5200
1353998880000,23.08,23.08,23.0,23.0,9200
1354004940000,23.005,23.005,23.005,23.005,200
1354005000000,23.002,23.002,23.002,23.002,1300
1354006740000,23.005,23.005,23.0,23.0,12000
1354006800000,23.0,23.0,23.0,23.0,100
1354006980000,23.0,23.0,23.0,23.0,9900
1354007040000,23.009,23.01,23.009,23.01,2100
1354007280000,23.01,23.02,23.01,23.02,5000
1354007640000,23.02,23.02,23.02,23.02,2000
1354008480000,23.0,23.0,23.0,23.0,100
1354008780000,22.97,22.97,22.95,22.95,6700
1354010220000,22.95,22.95,22.95,22.95,700
1354010880000,22.902,22.902,22.902,22.902,500
1354011840000,22.95,23.0,22.95,23.0,18100
1354013580000,23.0,23.0,23.0,23.0,16200
1354014000000,23.0,23.0,23.0,23.0,19300
1354017420000,22.99,22.99,22.99,22.99,100
1354017960000,23.0,23.0,23.0,23.0,10000
1354019280000,22.955,22.999,22.65,22.999,109700
1354019940000,22.98,22.98,22.98,22.98,100
1354020120000,22.967,22.967,22.965,22.965,4800
1354020180000,22.964,22.964,22.959,22.96,22800
1354020240000,22.96,22.97,22.96,22.97,21700
1354020300000,22.969,22.97,22.969,22.97,19600
1354020360000,22.983,22.983,22.983,22.983,100
1354020540000,22.999,22.999,22.999,22.999,8900
1354021080000,22.851,22.851,22.851,22.851,700
1354021200000,22.998,22.998,22.95,22.95,50700
1354021320000,22.998,22.999,22.998,22.999,5700
1354021560000,23.0,23.01,23.0,23.01,20500
1354021680000,23.0,23.0,23.0,23.0,20500
1354021740000,22.95,22.95,22.95,22.95,4100
1354021920000,22.95,22.95,22.95,22.95,45900
1354021980000,22.998,22.998,22.998,22.998,5000
1354022580000,23.0,23.0,23.0,23.0,200
1354022700000,22.955,22.955,22.955,22.955,500
1354022760000,22.953,22.953,22.953,22.953,500
1354022820000,23.0,23.0,23.0,23.0,47800
1354023060000,23.0,23.0,23.0,23.0,500
1354023240000,23.0,23.0,23.0,23.0,30000
1354023300000,23.0,23.0,23.0,23.0,500
1354025100000,23.0,23.0,23.0,23.0,400
1354026420000,23.0,23.0,23.0,23.0,2500
1354026480000,23.0,23.0,23.0,23.0,35000
1354026780000,23.0,23.0,23.0,23.0,30000
1354027320000,23.0,23.0,23.0,23.0,50100
1354083900000,23.0,23.0,23.0,23.0,50000
1354084080000,22.98,22.98,22.951,22.952,300
1354084500000,23.0,23.0,23.0,23.0,100000
1354084560000,23.0,23.0,23.0,23.0,100000
1354087020000,23.0,23.0,23.0,23.0,100
1354087860000,23.0,23.0,23.0,23.0,100
1354087920000,23.0,23.0,23.0,23.0,100
1354088940000,23.01,23.01,23.01,23.01,100
1354090920000,23.0,23.0,23.0,23.0,3300
1354091160000,23.0,23.0,23.0,23.0,100
1354093800000,23.0,23.0,23.0,23.0,6500
1354093920000,22.961,22.961,22.953,22.953,3500
1354099380000,23.0,23.0,23.0,23.0,5000
1354100520000,22.97,22.97,22.97,22.97,100
1354100640000,23.02,23.02,23.02,23.02,200
1354100820000,23.048,23.048,23.048,23.048,100
1354101420000,22.971,22.971,22.971,22.971,100
1354101900000,23.0,23.0,23.0,23.0,100
1354102620000,23.0,23.0,23.0,23.0,9900
1354103400000,22.97,22.97,22.97,22.97,100
1354104060000,23.001,23.001,23.0,23.0,20000
1354104900000,23.0,23.0,22.98,22.98,3700
1354106100000,23.0,23.0,23.0,23.0,20000
1354106340000,22.98,22.98,22.98,22.98,100
1354106460000,23.0,23.0,23.0,23.0,20000
1354106580000,23.0,23.0,23.0,23.0,40000
1354106760000,23.0,23.0,23.0,23.0,70000
1354106940000,23.0,23.0,23.0,23.0,20000
1354107120000,23.0,23.0,23.0,23.0,30000
1354107420000,23.0,23.0,23.0,23.0,30000
1354107480000,23.0,23.0,23.0,23.0,105300
1354107900000,23.0,23.0,23.0,23.0,600
1354110540000,23.03,23.03,23.03,23.03,100
1354110600000,23.047,23.047,23.047,23.047,900
1354111620000,23.001,23.001,23.0,23.0,46700
1354112640000,23.0,23.0,23.0,23.0,200000
1354112700000,23.0,23.0,23.0,23.0,230000
1354112760000,23.0,23.0,23.0,23.0,23300
1354112820000,23.045,23.045,23.045,23.045,700
1354112880000,23.046,23.047,23.046,23.047,20900
1354113060000,23.048,23.049,23.048,23.049,2600
1354170360000,23.0,23.0,23.0,23.0,500
1354170480000,23.0,23.0,23.0,23.0,1400
1354170720000,23.048,23.048,23.048,23.048,1400
1354171500000,23.05,23.05,23.05,23.05,300
1354174980000,23.05,23.05,23.05,23.05,200
1354177560000,23.05,23.05,23.05,23.05,500
1354177920000,23.05,23.05,23.05,23.05,1000
1354179780000,23.05,23.05,23.05,23.05,1200
1354183500000,23.05,23.05,23.0,23.0,11500
1354184460000,22.981,22.981,22.961,22.961,27000
1354185120000,23.088,23.088,23.088,23.088,100
1354187880000,23.049,23.049,22.961,22.961,29000
1354187940000,23.0,23.05,23.0,23.05,800
1354188060000,23.0,23.0,23.0,23.0,100
1354190820000,23.029,23.029,23.029,23.029,100
1354191720000,23.029,23.035,23.029,23.035,3800
1354191780000,23.035,23.05,23.035,23.05,2200
1354192380000,23.039,23.04,23.039,23.04,5500
1354192440000,23.039,23.04,23.039,23.04,2000
1354192800000,23.038,23.04,23.038,23.04,4200
1354193640000,23.0,23.0,23.0,23.0,100
1354194240000,23.04,23.048,23.04,23.048,34100
1354194300000,23.049,23.049,23.049,23.049,2000
1354195620000,23.075,23.09,23.075,23.09,600
1354198260000,23.088,23.088,23.088,23.088,2000
1354199040000,23.088,23.088,23.088,23.088,2000
1354199580000,23.051,23.099,23.051,23.099,44800
1354199700000,23.098,23.099,23.098,23.099,800
1354199760000,23.051,23.051,23.051,23.051,100
1354257960000,23.14,23.14,23.14,23.14,3300
1354258500000,23.05,23.05,23.05,23.05,500
1354259700000,23.05,23.05,23.05,23.05,10000
1354263360000,23.051,23.051,23.051,23.051,100
1354263720000,23.051,23.051,23.05,23.05,3000
1354266360000,23.051,23.051,23.05,23.05,63600
1354266600000,23.05,23.05,23.05,23.05,2700
1354269240000,23.05,23.05,23.05,23.05,100
1354269780000,23.097,23.097,23.097,23.097,100
1354273080000,23.05,23.05,23.05,23.05,21500
1354273500000,23.097,23.1,23.097,23.1,25000
1354273680000,23.06,23.06,23.06,23.06,5600
1354276980000,23.08,23.08,23.08,23.08,1000
1354277100000,23.06,23.06,23.06,23.06,4400
1354277160000,23.05,23.05,23.05,23.05,4200
1354278600000,23.07,23.07,23.07,23.07,2000
1354281240000,23.08,23.08,23.08,23.08,300
1354281540000,23.05,23.05,23.05,23.05,100
1354281660000,23.08,23.08,23.08,23.08,1000
1354282560000,23.08,23.1,23.08,23.1,2500
1354514820000,23.09,23.09,23.09,23.09,1500
1354516080000,23.1,23.1,23.1,23.1,1500
1354516200000,23.1,23.1,23.1,23.1,3700
1354517100000,23.1,23.175,23.1,23.175,31800
1354517280000,23.1,23.1,23.1,23.1,1000
1354518420000,23.096,23.096,23.055,23.055,2000
1354518660000,23.1,23.1,23.055,23.055,1600
1354520100000,23.15,23.15,23.15,23.15,200
1354521900000,23.15,23.17,23.15,23.17,3800
1354521960000,23.174,23.249,23.174,23.249,16400
1354522020000,23.25,23.25,23.25,23.25,100000
1354522680000,23.25,23.295,23.25,23.295,11300
1354522860000,23.369,23.5,23.369,23.5,128300
1354522920000,23.499,23.669,23.499,23.669,13600
1354522980000,23.669,23.669,23.669,23.669,100
1354523220000,23.555,23.555,23.553,23.553,200
1354523280000,23.505,23.505,23.505,23.505,500
1354524360000,23.594,23.594,23.594,23.594,1000
1354525560000,23.504,23.599,23.504,23.599,4900
1354526520000,23.599,23.599,23.599,23.599,900
1354526940000,23.599,23.599,23.599,23.599,500
1354527300000,23.531,23.531,23.531,23.531,800
1354527660000,23.532,23.532,23.532,23.532,400
1354528200000,23.598,24.0,23.598,24.0,267100
1354528260000,24.0,24.0,24.0,24.0,2500
1354528380000,24.0,24.0,24.0,24.0,500
1354528500000,23.7,23.7,23.7,23.7,200
1354528680000,23.99,24.0,23.99,24.0,59200
1354529880000,23.997,23.998,23.997,23.998,300
1354530000000,23.998,24.0,23.998,24.0,154300
1354531800000,24.0,24.148,24.0,24.148,900
1354533120000,24.1,24.1,24.1,24.1,10500
1354533420000,24.105,24.105,24.105,24.105,100
1354534200000,24.0,24.0,24.0,24.0,1100
1354535520000,23.95,23.95,23.95,23.95,100
1354535580000,23.901,23.901,23.851,23.851,500
1354535640000,23.9,23.9,23.8,23.85,1000
1354536840000,23.83,23.83,23.83,23.83,100
1354537020000,23.801,23.801,23.749,23.749,8800
1354537200000,23.75,23.75,23.75,23.75,1200
1354537980000,23.652,23.652,23.652,23.652,100
1354538340000,23.933,23.933,23.933,23.933,1500
1354538400000,23.933,23.933,23.933,23.933,500
1354539300000,23.702,23.702,23.7,23.7,10000
1354539540000,23.93,23.931,23.93,23.93,21300
1354539960000,23.9,23.9,23.9,23.9,100
1354540200000,23.9,23.9,23.9,23.9,500
1354541880000,23.9,23.9,23.9,23.9,300
1354542660000,23.9,23.9,23.9,23.9,100
1354542840000,23.9,23.905,23.9,23.905,5700
1354543140000,23.899,23.9,23.899,23.9,6500
1354543380000,23.93,23.93,23.93,23.93,200
1354543500000,23.99,23.99,23.99,23.99,100
1354543860000,23.9,23.9,23.9,23.9,500
1354544340000,23.851,23.851,23.85,23.85,1700
1354544460000,23.851,23.851,23.85,23.85,20000
1354544760000,23.849,23.85,23.849,23.849,31100
1354544820000,23.85,23.85,23.75,23.849,163800
1354544880000,23.9,23.9,23.85,23.85,10600
1354545060000,23.85,23.85,23.85,23.85,137400
1354545120000,23.849,23.85,23.849,23.85,15000
1354545180000,23.849,23.85,23.849,23.85,149800
1354545240000,23.85,23.85,23.85,23.85,503000
1354545300000,23.852,23.852,23.851,23.851,1200
1354545360000,23.851,23.851,23.85,23.85,1500000
1354545420000,23.85,23.85,23.85,23.85,1005000
1354545480000,23.851,23.851,23.85,23.85,500000
1354545660000,23.9,23.9,23.9,23.9,300
1354545720000,23.851,23.851,23.85,23.85,301300
1354545780000,23.85,23.95,23.85,23.95,2700
1354545840000,23.979,24.045,23.979,24.045,22400
1354600920000,23.551,23.551,23.55,23.55,6600
1354601040000,23.998,23.998,23.998,23.998,100
1354602360000,23.801,23.801,23.8,23.801,2400
1354602960000,23.989,23.989,23.989,23.989,500
1354603260000,23.979,23.979,23.979,23.979,200
1354603680000,23.977,23.98,23.977,23.98,11900
1354604040000,23.99,23.99,23.99,23.99,900
1354604460000,23.99,24.35,23.99,24.35,14300
1354604880000,24.348,24.348,24.348,24.348,1000
1354605300000,23.999,23.999,23.999,23.999,100
1354608000000,24.0,24.0,23.947,23.947,1100
1354608480000,24.15,24.15,24.15,24.15,21100
1354608600000,24.0,24.0,23.953,23.953,400
1354610100000,24.0,24.0,23.95,23.95,27000
1354611360000,23.962,23.962,23.962,23.962,200
1354612740000,24.099,24.099,24.099,24.099,100
1354613820000,24.001,24.001,24.0,24.0,1000
1354614660000,24.0,24.0,24.0,24.0,50000
1354615140000,24.002,24.002,24.002,24.002,200
1354615260000,24.002,24.002,24.0,24.0,8600
1354615500000,24.001,24.001,23.95,23.95,150000
1354615800000,24.0,24.0,24.0,24.0,50000
1354616640000,23.96,23.96,23.96,23.96,108000
1354617840000,23.961,23.961,23.961,23.961,900
1354618260000,24.0,24.05,24.0,24.05,12300
1354618680000,24.05,24.05,23.96,23.96,35000
1354620000000,24.0,24.0,24.0,24.0,13500
1354622940000,24.0,24.0,24.0,24.0,1500
1354623000000,24.0,24.0,24.0,24.0,500
1354624380000,24.0,24.0,24.0,24.0,50000
1354624440000,24.0,24.0,24.0,24.0,40000
1354626120000,24.001,24.001,24.001,24.001,1400
1354627020000,24.001,24.001,24.0,24.0,3600
1354627560000,24.0,24.0,24.0,24.0,450000
1354627620000,24.0,24.0,24.0,24.0,4000
1354627680000,23.961,23.961,23.961,23.961,100
1354627800000,24.0,24.0,24.0,24.0,59800
1354627980000,23.98,24.0,23.98,24.0,540200
1354628760000,24.0,24.0,24.0,24.0,50000
1354628880000,24.001,24.001,24.001,24.001,8600
1354629120000,24.001,24.001,24.001,24.001,400
1354629180000,24.001,24.001,24.001,24.001,100
1354629300000,24.001,24.001,24.001,24.001,200
1354630980000,24.001,24.001,24.0,24.0,10000
1354631100000,24.0,24.0,24.0,24.0,500
1354631460000,24.0,24.0,24.0,24.0,500
1354631700000,24.0,24.0,24.0,24.0,6800
1354631760000,24.025,24.348,24.025,24.348,10000
1354632000000,24.09,24.09,24.05,24.05,250000
1354632060000,24.051,24.051,24.051,24.051,100000
1354632180000,24.196,24.201,24.196,24.201,15000
1354632240000,24.201,24.201,24.2,24.2,1700
1354687260000,24.2,24.2,24.2,24.2,100000
1354687440000,24.056,24.056,24.049,24.05,6200
1354687500000,24.001,24.001,24.0,24.0,22200
1354688220000,24.131,24.131,24.131,24.131,300
1354689240000,24.299,24.299,24.299,24.299,1000
1354689900000,24.298,24.298,24.298,24.298,100
1354690020000,24.299,24.3,24.299,24.3,36100
1354690440000,24.349,24.349,24.349,24.349,100
1354690500000,24.3,24.3,24.3,24.3,500
1354690560000,24.349,24.349,24.349,24.349,3000
1354690980000,24.349,24.5,24.349,24.5,73600
1354691040000,24.599,24.599,24.599,24.599,8000
1354691160000,24.599,24.599,24.599,24.599,700
1354691220000,24.6,24.6,24.599,24.599,2000
1354691280000,24.599,24.599,24.599,24.599,300
1354691760000,24.55,24.55,24.55,24.55,1000
1354691880000,24.502,24.502,24.501,24.501,2000
1354692360000,24.597,24.597,24.597,24.597,200
1354692420000,24.597,24.597,24.597,24.597,100
1354692540000,24.597,24.6,24.597,24.6,1800
1354692900000,24.6,24.77,24.6,24.77,58000
1354692960000,24.77,24.799,24.77,24.799,8600
1354693020000,24.799,24.799,24.799,24.799,2000
1354693140000,24.78,24.78,24.776,24.776,1100
1354693560000,24.78,24.78,24.775,24.775,4200
1354693740000,24.799,25.0,24.799,25.0,44500
1354693800000,24.998,25.0,24.998,25.0,30700
1354693860000,25.0,25.01,25.0,25.01,20800
1354693980000,25.01,25.01,25.0,25.0,13200
1354694100000,25.01,25.02,25.001,25.02,5100
1354694160000,25.001,25.001,25.0,25.0,2000
1354694280000,25.02,25.02,25.02,25.02,2400
1354694520000,25.021,25.021,25.021,25.021,1000
1354694760000,25.001,25.001,25.001,25.001,200
1354694880000,25.001,25.001,25.001,25.001,100
1354695540000,25.0,25.0,25.0,25.0,2700
1354695600000,25.0,25.0,25.0,25.0,2300
1354695660000,25.0,25.0,25.0,25.0,600
1354695720000,25.0,25.0,25.0,25.0,100
1354695840000,25.03,25.03,25.03,25.03,100
1354695900000,25.001,25.001,25.001,25.001,500
1354696140000,25.0,25.0,25.0,25.0,6600
1354696260000,25.002,25.002,25.001,25.001,1000
1354696320000,25.058,25.058,25.058,25.058,200
1354696560000,25.058,25.15,25.058,25.15,198900
1354696740000,25.19,25.199,25.19,25.199,5000
1354696800000,25.198,25.199,25.198,25.199,1500
1354697100000,25.199,25.199,25.199,25.199,800
1354697220000,25.199,25.199,25.199,25.199,1500
1354697280000,25.199,25.199,25.199,25.199,100
1354697520000,25.162,25.162,25.162,25.162,500
1354697700000,25.162,25.162,25.162,25.162,100
1354697760000,25.162,25.162,25.162,25.162,300
1354698000000,25.162,25.162,25.162,25.162,100
1354698420000,25.22,25.222,25.22,25.222,500
1354698480000,25.222,25.222,25.222,25.222,1100
1354698720000,25.163,25.163,25.163,25.163,1400
1354698840000,25.162,25.162,25.162,25.162,400
1354698900000,25.162,25.162,25.162,25.162,100
1354699020000,25.15,25.15,25.15,25.15,1100
1354699140000,25.162,25.162,25.162,25.162,300
1354699200000,25.128,25.161,25.128,25.161,200
1354699260000,25.128,25.128,25.128,25.128,500
1354699380000,25.128,25.128,25.128,25.128,6000
1354699560000,25.01,25.01,25.01,25.01,300
1354700100000,24.999,25.0,24.999,25.0,74900
1354700580000,25.0,25.0,25.0,25.0,5000
1354701300000,24.901,25.0,24.901,25.0,5700
1354701480000,25.0,25.0,25.0,25.0,5000
1354702320000,25.0,25.0,25.0,25.0,5000
1354702800000,25.0,25.0,25.0,25.0,100000
1354703400000,25.049,25.05,25.049,25.05,70700
1354703880000,25.05,25.05,25.001,25.001,17100
1354704360000,25.001,25.001,25.001,25.001,600
1354705200000,25.01,25.01,25.01,25.01,5000
1354705380000,25.004,25.197,25.004,25.197,4900
1354705440000,25.003,25.003,25.003,25.003,100
1354705860000,25.2,25.24,25.2,25.24,300
1354706040000,25.007,25.007,25.0,25.0,27000
1354706820000,25.001,25.001,25.001,25.001,300
1354708200000,25.002,25.002,25.0,25.0,11200
1354708260000,24.91,24.91,24.91,24.91,9000
1354708740000,24.911,24.911,24.911,24.911,1700
1354708860000,24.911,24.911,24.91,24.91,12100
1354709340000,24.91,25.0,24.91,25.0,28200
1354710660000,25.002,25.002,25.002,25.002,500
1354711260000,25.1,25.15,25.1,25.15,200
1354712580000,25.008,25.008,25.008,25.008,100
1354712880000,25.008,25.008,25.008,25.008,500
1354712940000,25.007,25.007,25.007,25.007,1000
1354713480000,25.098,25.098,25.098,25.098,100
1354713660000,25.098,25.1,25.098,25.1,600
1354713780000,25.1,25.188,25.052,25.052,78200
1354714020000,25.052,25.052,25.052,25.052,100
1354714800000,25.052,25.052,25.052,25.052,3400
1354716300000,25.052,25.052,25.0,25.0,22000
1354716540000,25.0,25.0,25.0,25.0,5000
1354716600000,25.054,25.054,25.054,25.054,500
1354716660000,25.055,25.1,25.055,25.1,1700
1354716720000,25.146,25.147,25.146,25.147,2500
1354716780000,25.147,25.148,25.147,25.148,6800
1354717140000,25.013,25.013,25.005,25.005,9000
1354717740000,25.006,25.079,25.0,25.079,10100
1354717800000,25.079,25.25,25.079,25.25,56400
1354717860000,25.2,25.2,25.2,25.2,6200
1354718040000,25.2,25.3,25.2,25.3,5600
1354718100000,25.3,25.3,25.3,25.3,1000
1354718280000,25.399,25.399,25.399,25.399,8300
1354718460000,25.377,25.377,25.377,25.377,100
1354718640000,25.45,25.46,25.45,25.46,10000
1354773960000,25.597,25.597,25.502,25.597,2800
1354774020000,25.597,26.14,25.597,26.0,77400
1354774080000,26.14,26.14,26.0,26.0,1100
1354774140000,26.0,26.0,26.0,26.0,4400
1354774200000,26.1,26.1,26.1,26.1,1000
1354774260000,26.1,26.1,26.1,26.1,1000
1354774320000,26.14,26.14,26.107,26.107,1300
1354774500000,26.14,26.14,26.14,26.14,100
1354774560000,26.107,26.14,26.107,26.14,1300
1354774620000,26.108,26.108,26.107,26.107,1100
1354774740000,26.001,26.001,26.0,26.0,1500
1354774920000,26.002,26.002,26.0,26.0,35500
1354774980000,26.098,26.098,26.098,26.098,500
1354775040000,26.052,26.052,26.049,26.05,8500
1354775460000,26.005,26.005,26.0,26.0,7000
1354776000000,26.0,26.0,26.0,26.0,200
1354776480000,26.041,26.041,26.041,26.041,100
1354776960000,26.041,26.041,26.041,26.041,400
1354777020000,26.073,26.073,26.073,26.073,100
1354777080000,26.002,26.002,26.0,26.0,3000
1354778160000,26.0,26.0,26.0,26.0,100
1354778760000,26.001,26.001,26.001,26.001,100
1354779120000,26.0,26.0,25.989,25.989,900
1354779180000,25.989,26.0,25.988,26.0,2500
1354779240000,25.988,25.988,25.988,25.988,600
1354779300000,25.905,25.905,25.883,25.883,1000
1354779480000,25.883,25.883,25.883,25.883,200
1354779540000,25.883,25.883,25.805,25.81,17800
1354779600000,25.849,25.849,25.849,25.849,100
1354779840000,25.788,25.788,25.783,25.783,3000
1354780200000,25.798,25.8,25.798,25.8,4800
1354780260000,25.8,25.8,25.8,25.8,300
1354780740000,25.8,25.8,25.8,25.8,3000
1354780800000,25.8,25.8,25.8,25.8,1300
1354780920000,25.801,25.801,25.8,25.8,2000
1354781100000,25.85,25.85,25.85,25.85,600
1354781700000,25.851,25.851,25.85,25.85,1500
1354781760000,25.85,25.85,25.85,25.85,2000
1354781820000,25.85,25.85,25.85,25.85,1900
1354782180000,25.85,25.85,25.85,25.85,11700
1354782780000,25.899,25.899,25.899,25.899,500
1354782840000,25.948,25.996,25.948,25.996,1100
1354782900000,25.998,26.0,25.998,26.0,23300
1354783080000,26.0,26.074,26.0,26.074,2400
1354783140000,26.12,26.12,26.12,26.12,200
1354783320000,26.12,26.122,26.12,26.122,1400
1354783380000,26.122,26.14,26.12,26.12,5700
1354783560000,26.12,26.12,26.12,26.12,2000
1354783740000,26.12,26.12,26.12,26.12,500
1354784220000,26.14,26.14,26.14,26.14,1500
1354784400000,26.003,26.003,26.0,26.0,1500
1354784520000,26.0,26.099,26.0,26.099,1500
1354784640000,26.099,26.099,26.099,26.099,500
1354786020000,26.099,26.1,26.099,26.1,2800
1354786260000,26.1,26.1,26.1,26.1,100
1354786320000,26.1,26.1,26.1,26.1,100
1354786440000,26.001,26.001,26.001,26.001,100
1354787160000,26.001,26.001,26.001,26.001,700
1354787940000,26.001,26.001,26.0,26.0,800
1354788000000,26.0,26.0,26.0,26.0,900
1354788300000,26.0,26.0,26.0,26.0,100
1354789260000,26.0,26.08,26.0,26.08,2400
1354789560000,26.099,26.099,26.099,26.099,100
1354789620000,26.001,26.001,26.0,26.0,2000
1354789680000,26.001,26.001,25.999,26.0,3100
1354791060000,26.001,26.001,26.001,26.001,700
1354791120000,26.099,26.099,26.099,26.099,1200
1354791240000,26.001,26.001,26.001,26.001,1000
1354791300000,26.099,26.099,26.0,26.0,1700
1354791540000,25.919,25.919,25.9,25.9,5000
1354793160000,25.902,25.902,25.9,25.9,2100
1354794240000,25.901,25.901,25.9,25.9,38700
1354794600000,25.805,25.805,25.705,25.705,2700
1354794660000,25.705,25.705,25.705,25.705,5100
1354795500000,25.75,25.95,25.75,25.95,6000
1354795620000,25.972,25.98,25.972,25.98,11900
1354795680000,25.999,25.999,25.999,25.999,200
1354795740000,25.98,25.98,25.98,25.98,33100
1354795980000,25.899,25.98,25.899,25.98,22400
1354797060000,25.98,25.98,25.98,25.98,300
1354797120000,25.998,25.998,25.998,25.998,100
1354797360000,25.98,25.98,25.98,25.98,7300
1354797720000,25.95,25.95,25.95,25.95,15200000
1354797960000,25.95,25.95,25.95,25.95,50000
1354798020000,25.95,25.95,25.95,25.95,50000
1354798260000,25.901,25.901,25.9,25.9,1200
1354798500000,25.899,25.9,25.899,25.9,1600
1354801380000,25.899,25.9,25.899,25.9,1800
1354801620000,25.802,25.802,25.8,25.8,2000
1354801800000,25.889,25.889,25.889,25.889,2000
1354801920000,25.88,25.9,25.88,25.9,2000
1354802400000,25.85,25.85,25.85,25.85,100
1354803420000,25.805,25.805,25.8,25.8,3400
1354803480000,25.755,25.755,25.705,25.705,50000
1354803720000,25.75,25.75,25.75,25.75,100
1354803840000,25.706,25.706,25.701,25.701,3000
1354803900000,25.705,25.705,25.705,25.705,100
1354804320000,25.75,25.75,25.75,25.75,200
1354804380000,25.75,25.75,25.75,25.75,600
1354804440000,25.75,25.75,25.749,25.75,33600
1354804500000,25.75,25.75,25.75,25.75,1000
1354804560000,25.749,25.749,25.749,25.749,100
1354804680000,25.748,25.748,25.748,25.748,200
1354804800000,25.705,25.705,25.705,25.705,800
1354804860000,25.7,25.7,25.55,25.55,2400
1354804920000,25.501,25.549,25.35,25.35,4200
1354804980000,25.35,25.35,25.103,25.298,5200
1354805040000,25.2,25.3,25.112,25.3,1800
1354860420000,25.597,25.597,25.594,25.594,200
1354860480000,25.594,25.595,25.594,25.595,500
1354860540000,25.594,25.594,25.594,25.594,200
1354860600000,25.119,25.448,25.119,25.448,800
1354860720000,25.349,25.454,25.349,25.453,900
1354860780000,25.349,25.451,25.349,25.451,2400
1354860840000,25.349,25.421,25.349,25.421,1700
1354860900000,25.349,25.349,25.349,25.349,1000
1354860960000,25.401,25.401,25.401,25.401,1000
1354861020000,25.348,25.401,25.348,25.349,2700
1354861080000,25.401,25.401,25.349,25.349,2000
1354861260000,25.349,25.349,25.349,25.349,100
1354861320000,25.349,25.399,25.349,25.399,900
1354861380000,25.401,25.401,25.401,25.401,1100
1354861440000,25.299,25.351,25.25,25.351,2900
1354861500000,25.299,25.299,25.299,25.299,1100
1354861620000,25.351,25.351,25.351,25.351,1100
1354861680000,25.299,25.299,25.299,25.299,1100
1354861740000,25.352,25.354,25.299,25.351,5300
1354861800000,25.3,25.352,25.299,25.299,4300
1354861860000,25.371,25.372,25.299,25.299,3300
1354861920000,25.351,25.352,25.299,25.299,2200
1354861980000,25.299,25.299,25.299,25.299,200
1354862280000,25.5,25.5,25.5,25.5,4200
1354862340000,25.5,25.5,25.5,25.5,600
1354862400000,25.5,25.5,25.5,25.5,1300
1354862520000,25.501,25.501,25.501,25.501,100
1354862760000,25.501,25.501,25.501,25.501,700
1354863480000,25.501,25.501,25.5,25.5,2000
1354864020000,25.5,25.5,25.5,25.5,100
1354864080000,25.5,25.5,25.5,25.5,500
1354864320000,25.5,25.5,25.5,25.5,1600
1354864380000,25.5,25.5,25.5,25.5,4000
1354864800000,25.3,25.3,25.3,25.3,200
1354865760000,25.25,25.25,25.25,25.25,100
1354867140000,25.498,25.498,25.498,25.498,200
1354868760000,25.201,25.201,25.15,25.15,3800
1354868820000,25.15,25.15,25.15,25.15,100
1354869360000,25.15,25.15,25.15,25.15,10200
1354870920000,25.124,25.124,25.124,25.124,100
1354871460000,25.3,25.5,25.3,25.5,4900
1354871520000,25.501,25.59,25.501,25.59,300
1354872300000,25.501,25.501,25.501,25.501,100
1354872660000,25.501,25.501,25.5,25.5,500
1354878360000,25.3,25.3,25.3,25.3,200
1354878540000,25.3,25.3,25.3,25.3,100
1354878900000,25.25,25.25,25.25,25.25,100
1354879440000,25.25,25.25,25.25,25.25,100
1354879980000,25.202,25.202,25.202,25.202,200
1354881180000,25.211,25.211,25.211,25.211,100
1354881780000,25.211,25.211,25.21,25.21,10000
1354883400000,25.211,25.211,25.21,25.21,6900
1354883520000,25.202,25.202,25.12,25.12,45900
1354883640000,25.121,25.121,25.12,25.12,300
1354884720000,25.15,25.15,25.15,25.15,2300
1354886940000,25.271,25.272,25.271,25.272,300
1354887300000,25.448,25.476,25.448,25.476,22100
1354887780000,25.15,25.15,25.101,25.101,50000
1354890540000,25.386,25.386,25.386,25.386,100
1354891200000,25.3,25.3,25.3,25.3,100
1354891440000,25.17,25.17,25.166,25.166,600
1355121240000,25.249,25.25,25.249,25.25,50000
1355121480000,25.3,25.3,25.3,25.3,100
1355121540000,25.249,25.25,25.249,25.25,38900
1355122380000,25.251,25.251,25.25,25.25,4000
1355123400000,25.252,25.252,25.252,25.252,400
1355124180000,25.3,25.3,25.3,25.3,100
1355124420000,25.297,25.3,25.297,25.3,1300
1355124660000,25.3,25.3,25.3,25.3,7800
1355124720000,25.375,25.51,25.375,25.51,34300
1355124900000,25.51,25.51,25.51,25.51,100
1355126520000,25.509,25.509,25.509,25.509,100
1355127120000,25.509,25.509,25.509,25.509,200
1355127780000,25.507,25.705,25.507,25.705,7900
1355127960000,25.312,25.312,25.214,25.214,1000
1355132040000,25.499,25.5,25.499,25.5,5000
1355132100000,25.5,25.5,25.5,25.5,7400
1355132340000,25.597,25.597,25.597,25.597,100
1355133660000,25.597,25.6,25.597,25.6,11300
1355133720000,25.6,25.6,25.6,25.6,500
1355133900000,25.6,25.875,25.6,25.875,14700
1355134080000,25.88,25.88,25.88,25.88,800
1355134440000,25.483,25.483,25.482,25.482,22500
1355135520000,25.844,25.845,25.844,25.845,1500
1355135940000,25.845,25.845,25.845,25.845,100
1355138160000,25.845,25.845,25.845,25.845,100
1355139120000,25.5,25.5,25.5,25.5,900
1355139540000,25.321,25.321,25.321,25.321,500
1355141160000,25.673,25.677,25.673,25.677,800
1355141220000,25.677,25.677,25.677,25.677,100
1355141760000,25.675,25.675,25.675,25.675,200
1355141820000,25.677,25.677,25.677,25.677,10000
1355141940000,25.675,25.677,25.675,25.677,1400
1355142240000,25.35,25.35,25.35,25.35,600
1355143380000,25.35,25.35,25.35,25.35,100
1355145300000,25.668,25.668,25.668,25.668,100
1355147100000,25.65,25.65,25.65,25.65,100
1355149260000,25.35,25.35,25.35,25.35,100
1355149440000,25.35,25.35,25.35,25.35,100
1355149500000,25.33,25.33,25.33,25.33,2900
1355149680000,25.322,25.322,25.3,25.3,20000
1355149740000,25.3,25.3,25.3,25.3,100
1355150160000,25.5,25.6,25.5,25.6,500
1355150400000,25.301,25.301,25.28,25.28,400
1355150460000,25.28,25.28,25.28,25.28,200
1355150640000,25.252,25.252,25.25,25.25,2300
1355206320000,25.2,25.39,25.2,25.39,1300
1355207100000,25.488,25.663,25.488,25.663,500
1355207400000,25.673,25.673,25.673,25.673,1300
1355207460000,25.673,25.673,25.673,25.673,300
1355208000000,25.67,25.671,25.67,25.671,500
1355208060000,25.672,25.672,25.35,25.35,500
1355208300000,25.6,25.6,25.6,25.6,100
1355209740000,25.345,25.345,25.344,25.344,1000
1355210400000,25.334,25.334,25.334,25.334,200
1355210520000,25.334,25.334,25.334,25.334,100
1355210820000,25.303,25.303,25.3,25.3,4000
1355211780000,25.32,25.334,25.32,25.334,2600
1355211840000,25.334,25.334,25.334,25.334,2600
1355214480000,25.302,25.302,25.3,25.3,3500
1355215860000,25.3,25.3,25.3,25.3,300
1355216760000,25.3,25.3,25.244,25.244,7600
1355216820000,25.244,25.244,25.244,25.244,1600
1355217000000,25.215,25.215,25.213,25.213,1000
1355217060000,25.213,25.213,25.213,25.213,4000
1355217300000,25.27,25.279,25.27,25.279,1300
1355217360000,25.28,25.28,25.28,25.28,100
1355220060000,25.256,25.256,25.256,25.256,800
1355222580000,25.347,25.347,25.347,25.347,200
1355225580000,25.26,25.26,25.26,25.26,100
1355226000000,25.3,25.3,25.3,25.3,100
1355228220000,25.299,25.299,25.299,25.299,800
1355229060000,25.262,25.262,25.255,25.255,1400
1355229180000,25.298,25.3,25.298,25.3,22100
1355230020000,25.34,25.34,25.34,25.34,100
1355230140000,25.339,25.339,25.339,25.339,300
1355230860000,25.339,25.339,25.339,25.339,800
1355230920000,25.3,25.3,25.3,25.3,100
1355231940000,25.311,25.311,25.31,25.31,23500
1355236200000,25.31,25.4,25.31,25.4,3200
1355236260000,25.45,25.465,25.45,25.465,3900
1355236620000,25.449,25.5,25.449,25.5,10000
1355295000000,25.4,25.4,25.4,25.4,2000
1355297100000,25.304,25.304,25.304,25.304,200
1355298240000,25.498,25.6,25.498,25.6,42600
1355298600000,25.599,25.599,25.599,25.599,200
1355298660000,25.599,25.599,25.599,25.599,100
1355298780000,25.599,25.601,25.599,25.6,4600
1355298840000,25.6,25.6,25.6,25.6,500
1355299140000,25.648,25.648,25.648,25.648,100
1355299380000,25.648,25.648,25.648,25.648,1400
1355299440000,25.648,25.648,25.648,25.648,600
1355299740000,25.674,25.695,25.674,25.695,700
1355299860000,25.648,25.648,25.648,25.648,2500
1355299920000,25.524,25.524,25.501,25.501,35000
1355300640000,25.638,25.7,25.638,25.7,8000
1355300700000,25.699,25.799,25.699,25.799,20700
1355300760000,25.799,25.799,25.799,25.799,100
1355301060000,25.8,25.8,25.8,25.8,10000
1355301840000,25.849,25.85,25.849,25.85,34000
1355302500000,25.845,25.85,25.845,25.85,40000
1355302560000,25.85,25.85,25.85,25.85,33200
1355302980000,25.9,25.9,25.9,25.9,10700
1355303040000,25.95,25.95,25.95,25.95,300000
1355303160000,25.95,25.95,25.95,25.95,150000
1355303220000,25.95,25.95,25.95,25.95,100000
1355303280000,25.95,25.95,25.95,25.95,200000
1355303340000,25.95,25.95,25.95,25.95,50000
1355303820000,25.975,25.975,25.975,25.975,5200
1355303940000,25.758,25.759,25.757,25.759,1500
1355304060000,25.7,25.701,25.7,25.7,500
1355305140000,25.974,25.974,25.974,25.974,200
1355305260000,25.721,25.721,25.721,25.721,200
1355305920000,25.897,25.898,25.897,25.898,1000
1355306220000,25.8,25.8,25.8,25.8,100
1355306280000,25.8,25.8,25.8,25.8,100
1355310420000,25.731,25.731,25.73,25.73,1000
1355311080000,25.72,25.72,25.72,25.72,100
1355312580000,25.72,25.72,25.72,25.72,500
1355313240000,25.828,25.829,25.828,25.829,7800
1355315640000,25.706,25.706,25.705,25.705,1200
1355316720000,25.846,25.9,25.846,25.9,61100
1355316780000,25.976,25.976,25.976,25.976,1200
1355317980000,25.85,25.85,25.8,25.8,200
1355318040000,25.757,25.759,25.755,25.755,1300
1355318160000,25.898,25.95,25.898,25.95,1900
1355318640000,25.801,25.801,25.76,25.76,400
1355320380000,25.849,25.974,25.849,25.974,1600
1355320500000,25.974,25.976,25.974,25.976,7900
1355320560000,25.976,25.976,25.976,25.976,3000
1355320680000,25.976,25.976,25.976,25.976,3500
1355321940000,25.976,25.977,25.976,25.977,6400
1355323260000,25.976,25.98,25.976,25.98,11300
1355323320000,25.98,25.98,25.98,25.98,8700
1355323380000,25.98,26.0,25.98,26.0,57700
1355323440000,25.901,25.902,25.901,25.902,700
1355378460000,26.083,26.245,26.083,26.245,1400
1355381640000,26.0,26.0,26.0,26.0,100
1355381760000,26.0,26.0,26.0,26.0,900
1355385600000,25.679,25.679,25.67,25.67,2200
1355385660000,25.67,25.67,25.67,25.67,200
1355386860000,25.899,25.899,25.899,25.899,100
1355391000000,25.894,25.894,25.894,25.894,700
1355391780000,25.894,25.9,25.894,25.9,10000
1355391840000,25.9,25.9,25.9,25.9,1100
1355395560000,25.898,25.899,25.898,25.899,2400
1355397180000,25.98,25.991,25.98,25.991,5000
1355398680000,25.99,25.99,25.99,25.99,300
1355400960000,25.95,25.95,25.95,25.95,50200
1355401020000,25.95,25.95,25.95,25.95,449800
1355401500000,25.95,25.95,25.95,25.95,600000
1355401560000,25.95,25.95,25.95,25.95,500
1355401680000,25.95,25.95,25.95,25.95,400000
1355404560000,25.701,25.701,25.701,25.701,100
1355405820000,25.701,25.701,25.688,25.688,300
1355408520000,25.9,25.977,25.9,25.977,6700
1355408700000,25.989,25.99,25.989,25.99,3600
1355466960000,25.782,25.782,25.5,25.5,5000
1355467320000,25.699,25.7,25.699,25.7,21000
1355467380000,25.699,25.7,25.699,25.7,20000
1355467560000,25.301,25.301,25.301,25.301,100
1355467740000,25.699,25.7,25.699,25.7,13200
1355468160000,25.371,25.371,25.371,25.371,700
1355468880000,25.5,25.5,25.5,25.5,32000
1355468940000,25.699,25.7,25.699,25.7,4700
1355470320000,25.69,25.69,25.69,25.69,500
1355471160000,25.7,25.7,25.7,25.7,1900
1355471220000,25.704,25.704,25.704,25.704,100
1355474100000,25.79,25.85,25.79,25.85,2000
1355477640000,25.707,25.707,25.707,25.707,4000
1355481540000,25.708,25.708,25.7,25.7,1600
1355481900000,25.7,25.7,25.7,25.7,17700
1355482320000,25.601,25.601,25.601,25.601,300
1355483220000,25.603,25.603,25.603,25.603,100
1355484300000,25.605,25.605,25.605,25.605,200
1355485020000,25.769,25.77,25.769,25.77,10600
1355485140000,25.77,25.77,25.77,25.77,10000
1355485260000,25.77,25.77,25.77,25.77,10000
1355485800000,25.77,25.77,25.77,25.77,10000
1355486700000,25.77,25.77,25.77,25.77,10000
1355489340000,25.75,25.75,25.75,25.75,1162000
1355489400000,25.77,25.77,25.77,25.77,10000
1355489520000,25.78,25.78,25.78,25.78,1162000
1355489760000,25.75,25.75,25.75,25.75,582200
1355490840000,25.809,25.85,25.809,25.85,24600
1355490960000,25.95,25.95,25.95,25.95,10000
1355491740000,25.95,25.95,25.95,25.95,2000
1355491980000,25.95,25.95,25.95,25.95,19000
1355492040000,25.99,25.99,25.99,25.99,2300
1355492340000,25.95,25.95,25.95,25.95,10000
1355492640000,25.9,25.95,25.9,25.95,60000
1355493180000,25.97,25.97,25.97,25.97,1600
1355493300000,25.9,25.9,25.9,25.9,500
1355493600000,25.9,25.9,25.9,25.9,9300
1355494140000,25.97,25.97,25.97,25.97,600
1355494680000,25.901,25.901,25.9,25.9,400
1355494860000,25.9,25.9,25.9,25.9,1000
1355495520000,25.968,25.968,25.968,25.968,100
1355496120000,25.901,25.901,25.901,25.901,100
1355496240000,25.967,26.05,25.967,25.967,74000
1355724120000,26.245,26.245,26.245,26.245,4000
1355724540000,26.1,26.1,26.0,26.0,7400
1355724600000,26.001,26.001,25.634,25.634,2200
1355725500000,25.652,25.652,25.652,25.652,1000
1355725560000,25.652,25.653,25.652,25.653,7100
1355725620000,25.655,25.655,25.655,25.655,700
1355725920000,25.88,25.88,25.88,25.88,1000
1355726820000,25.852,25.852,25.851,25.852,1000
1355727000000,25.984,25.984,25.984,25.984,300
1355727900000,25.984,25.984,25.984,25.984,3800
1355727960000,25.9,25.9,25.9,25.9,13000
1355728260000,25.9,25.9,25.9,25.9,4700
1355730300000,25.9,25.9,25.9,25.9,200
1355730360000,25.901,25.901,25.901,25.901,300
1355731200000,25.98,25.98,25.98,25.98,15000
1355731740000,25.97,25.97,25.97,25.97,100
1355732460000,25.97,25.97,25.97,25.97,200
1355732580000,25.97,25.97,25.97,25.97,100
1355732940000,25.97,25.97,25.97,25.97,100
1355733240000,25.9,25.9,25.9,25.9,100
1355734020000,25.813,25.813,25.813,25.813,200
1355734140000,25.825,25.825,25.825,25.825,100
1355734680000,25.825,25.825,25.825,25.825,100
1355735280000,25.813,25.813,25.813,25.813,100
1355735340000,25.813,25.813,25.813,25.813,900
1355735400000,25.923,26.5,25.923,26.5,56200
1355735520000,26.5,26.5,26.5,26.5,1000
1355736180000,26.23,26.23,26.23,26.23,100
1355736600000,26.5,26.5,26.5,26.5,10000
1355736720000,26.22,26.22,26.22,26.22,200
1355737440000,26.5,26.5,26.5,26.5,20000
1355737560000,26.5,26.5,26.5,26.5,200
1355737680000,26.45,26.45,26.45,26.45,100
1355738160000,26.499,26.5,26.499,26.5,1000
1355738940000,26.5,26.5,26.5,26.5,1000
1355739660000,26.201,26.201,26.201,26.201,3000
1355739780000,26.447,26.447,26.447,26.447,500
1355739840000,26.447,26.447,26.447,26.447,500
1355739960000,26.448,26.448,26.448,26.448,500
1355740500000,26.327,26.327,26.22,26.22,200
1355742060000,26.19,26.19,26.19,26.19,20000
1355743680000,26.165,26.165,26.165,26.165,30000
1355743860000,26.159,26.159,26.159,26.159,1300
1355744160000,26.158,26.158,26.158,26.158,100
1355744280000,26.02,26.02,26.02,26.02,17300
1355744700000,26.006,26.006,26.0,26.0,8100
1355744760000,26.0,26.0,26.0,26.0,900
1355744940000,25.999,26.0,25.999,26.0,10000
1355745180000,26.0,26.0,26.0,26.0,26500
1355745660000,26.14,26.448,26.14,26.448,20400
1355745720000,26.14,26.45,26.14,26.45,64000
1355745780000,26.45,26.45,26.45,26.45,128500
1355745840000,26.45,26.45,26.45,26.45,10000
1355745900000,26.5,26.5,26.5,26.5,1500
1355746800000,26.518,26.519,26.518,26.519,300
1355746860000,26.52,26.58,26.52,26.58,400
1355746920000,26.58,26.588,26.58,26.588,500
1355746980000,26.519,26.519,26.519,26.519,100
1355747100000,26.519,26.519,26.519,26.519,300
1355748060000,26.24,26.24,26.24,26.24,800
1355748240000,26.256,26.256,26.2,26.2,2800
1355748300000,26.2,26.2,26.2,26.2,17200
1355748360000,26.2,26.2,26.2,26.2,75000
1355748420000,26.2,26.2,26.2,26.2,5000
1355748720000,26.517,26.517,26.201,26.201,400
1355748780000,26.516,26.517,26.516,26.516,3000
1355749020000,26.499,26.5,26.499,26.5,100700
1355749320000,26.5,26.5,26.5,26.5,1000
1355751660000,26.588,26.599,26.588,26.599,8000
1355752380000,26.599,26.599,26.599,26.599,300
1355752560000,26.7,26.7,26.7,26.7,400
1355754060000,26.501,26.501,26.501,26.501,200
1355754360000,26.501,26.501,26.501,26.501,200
1355754420000,26.501,26.501,26.5,26.5,3400
1355754540000,26.499,26.5,26.499,26.5,47100
1355754600000,26.401,26.401,26.401,26.401,1000
1355755200000,26.5,26.5,26.5,26.5,2000
1355755440000,26.637,27.7,26.637,26.637,225100
1355811600000,27.0,27.0,27.0,27.0,100
1355812380000,27.0,27.0,27.0,27.0,12900
1355812440000,26.9,26.9,26.9,26.9,100
1355812920000,26.702,26.702,26.702,26.702,300
1355813160000,26.99,26.99,26.99,26.99,200
1355813700000,26.989,27.0,26.989,27.0,135000
1355813760000,27.0,27.0,27.0,27.0,94900
1355813880000,27.0,27.0,27.0,27.0,4000
1355814000000,27.0,27.0,27.0,27.0,17500
1355816160000,27.0,27.0,27.0,27.0,1000
1355816340000,27.0,27.0,27.0,27.0,45300
1355816460000,27.1,27.1,27.1,27.1,200
1355816640000,27.3,27.3,27.3,27.3,1600
1355817900000,27.48,27.49,27.48,27.49,600
1355817960000,27.49,27.49,27.49,27.49,200
1355818020000,27.49,27.49,27.49,27.49,400
1355818140000,27.499,27.5,27.499,27.5,2300
1355818200000,27.698,27.698,27.698,27.698,2300
1355818260000,27.49,27.49,27.49,27.49,200
1355818740000,27.599,27.6,27.599,27.6,800
1355818920000,27.6,27.6,27.6,27.6,10000
1355819040000,27.6,27.6,27.6,27.6,200
1355819220000,27.595,27.595,27.595,27.595,140000
1355820180000,27.404,27.582,27.403,27.582,2100
1355820540000,27.409,27.409,27.401,27.401,5000
1355820780000,27.581,27.582,27.581,27.582,700
1355821080000,27.58,27.599,27.58,27.599,3100
1355821260000,27.405,27.405,27.405,27.405,300
1355821320000,27.598,27.9,27.598,27.9,104700
1355821500000,27.9,27.9,27.9,27.9,1000
1355821620000,27.9,28.0,27.9,28.0,6400
1355821680000,28.0,28.05,28.0,28.05,3200
1355821860000,27.901,28.05,27.901,28.05,300
1355822040000,27.901,27.901,27.901,27.901,200
1355822280000,28.03,28.03,28.03,28.03,100
1355822520000,28.03,28.03,28.03,28.03,100
1355822640000,28.0,28.0,28.0,28.0,7100
1355822760000,28.04,28.04,28.04,28.04,100
1355822820000,28.05,28.05,28.05,28.05,1600
1355823180000,27.903,27.903,27.9,27.9,48200
1355823720000,27.997,28.0,27.997,28.0,11500
1355823780000,28.048,28.2,27.85,27.85,18000
1355823840000,27.85,27.85,27.621,27.621,3300
1355823960000,27.617,27.617,27.617,27.617,100
1355824140000,27.619,27.619,27.617,27.617,4000
1355824440000,27.846,27.846,27.846,27.846,1500
1355824500000,27.847,27.849,27.847,27.849,600
1355824860000,27.621,27.621,27.621,27.621,100
1355825220000,27.799,27.85,27.799,27.85,4300
1355825280000,27.849,27.849,27.849,27.849,4300
1355825460000,27.85,27.85,27.85,27.85,100
1355825640000,27.85,27.85,27.85,27.85,100
1355825820000,27.624,27.624,27.624,27.624,1400
1355826720000,27.8,27.8,27.8,27.8,3600
1355826840000,27.849,27.85,27.849,27.85,21800
1355826960000,27.95,28.2,27.95,28.2,800
1355827080000,28.001,28.001,28.0,28.0,2000
1355827140000,28.0,28.0,28.0,28.0,500
1355827200000,27.851,27.851,27.85,27.85,4000
1355827380000,28.148,28.148,28.148,28.148,100
1355827620000,28.0,28.0,28.0,28.0,5000
1355828340000,27.91,28.099,27.91,28.099,5200
1355828400000,28.099,28.1,28.099,28.1,1600
1355828640000,28.09,28.09,28.09,28.09,5200
1355828940000,27.705,27.705,27.703,27.703,600
1355829300000,27.999,28.0,27.999,28.0,35700
1355829840000,27.724,27.724,27.724,27.724,100
1355830380000,27.88,27.88,27.88,27.88,5000
1355830500000,27.998,28.0,27.998,27.998,29400
1355830680000,28.0,28.0,28.0,28.0,200
1355830980000,28.0,28.0,28.0,28.0,2000
1355831220000,27.999,27.999,27.99,27.99,2800
1355831400000,27.99,27.99,27.99,27.99,800
1355831640000,27.99,28.0,27.99,28.0,10000
1355831880000,28.0,28.09,28.0,28.09,12900
1355832000000,28.08,28.08,28.08,28.08,1300
1355832360000,28.08,28.08,28.08,28.08,200
1355832420000,28.07,28.07,27.99,27.99,7000
1355832480000,28.07,28.07,27.99,27.99,2800
1355832780000,27.99,28.08,27.99,28.08,1000
1355832840000,28.08,28.08,27.98,28.08,12400
1355832960000,28.09,28.09,28.09,28.09,1600
1355833020000,28.09,28.09,28.09,28.09,400
1355833140000,27.764,27.764,27.764,27.764,1000
1355833260000,27.765,27.765,27.76,27.76,1300
1355833320000,27.999,27.999,27.999,27.999,600
1355833380000,27.999,27.999,27.899,27.9,1000
1355833620000,27.9,27.9,27.9,27.9,8900
1355833800000,28.0,28.0,28.0,28.0,300
1355833860000,27.999,27.999,27.999,27.999,100
1355834520000,28.0,28.0,27.999,27.999,200
1355835480000,27.89,27.89,27.875,27.875,2000
1355835600000,27.889,27.889,27.761,27.761,2900
1355835660000,27.76,27.76,27.76,27.76,4200
1355835720000,27.76,27.79,27.76,27.76,7300
1355835780000,27.76,27.76,27.76,27.76,4500
1355835840000,27.753,27.753,27.7,27.7,3500
1355836200000,27.697,27.698,27.102,27.105,4400
1355836260000,27.685,27.685,27.685,27.685,100
1355836740000,27.5,27.5,27.5,27.5,200
1355836980000,27.502,27.502,27.502,27.502,1900
1355837040000,27.548,27.55,27.548,27.55,6400
1355837220000,27.324,27.324,27.324,27.324,100
1355837280000,27.55,27.6,27.55,27.6,3300
1355837460000,27.6,27.6,27.6,27.6,1500
1355837520000,27.6,27.6,27.6,27.6,2400
1355837580000,27.6,27.797,27.6,27.797,5100
1355837880000,27.791,27.791,27.791,27.791,200
1355838780000,27.781,27.781,27.781,27.781,100
1355838840000,27.781,27.781,27.781,27.781,1100
1355839380000,27.235,27.235,27.235,27.235,100
1355839500000,27.78,27.78,27.78,27.78,200
1355839860000,27.78,27.78,27.78,27.78,300
1355840460000,27.286,27.286,27.228,27.228,5000
1355840520000,27.287,27.287,27.287,27.287,100
1355840640000,27.498,27.499,27.498,27.499,1500
1355840760000,27.5,27.5,27.5,27.5,100
1355840820000,27.5,27.748,27.5,27.748,700
1355840940000,27.747,27.747,27.747,27.747,200
1355841000000,27.747,27.747,27.747,27.747,100
1355841060000,27.747,27.749,27.747,27.749,5500
1355841180000,27.52,27.52,27.52,27.52,7100
1355841540000,27.517,27.517,27.517,27.517,100
1355841600000,27.523,27.523,27.5,27.5,2300
1355841720000,27.25,27.25,27.25,27.25,100
1355841780000,27.499,27.499,27.499,27.499,100
1355841840000,27.43,27.5,27.43,27.5,3000
1355897100000,27.895,28.449,27.895,28.449,14400
1355897820000,28.0,28.0,28.0,28.0,100
1355897880000,27.999,27.999,27.999,27.999,500
1355897940000,28.0,28.0,28.0,28.0,600
1355898000000,27.95,27.95,27.95,27.95,100
1355898120000,27.95,27.95,27.95,27.95,100
1355898180000,27.95,27.95,27.95,27.95,2100
1355898240000,27.95,27.95,27.95,27.95,200
1355898300000,27.95,27.95,27.95,27.95,3000
1355898480000,27.817,27.817,27.817,27.817,1100
1355898540000,27.816,27.816,27.815,27.815,500
1355898720000,27.729,27.729,27.72,27.729,5700
1355899140000,27.718,27.718,27.718,27.718,400
1355899560000,27.63,27.63,27.62,27.62,800
1355899680000,27.7,27.7,27.7,27.7,200
1355899920000,27.709,27.709,27.709,27.709,100
1355900040000,27.718,27.718,27.718,27.718,300
1355900220000,27.718,27.718,27.718,27.718,200
1355900280000,27.72,27.72,27.72,27.72,400
1355900340000,27.72,27.72,27.72,27.72,100
1355901060000,27.72,27.72,27.72,27.72,100
1355901720000,27.72,27.72,27.72,27.72,100
1355901960000,27.662,27.662,27.65,27.65,39300
1355902200000,27.715,27.715,27.715,27.715,100
1355902560000,27.7,27.709,27.7,27.709,800
1355902680000,27.65,27.65,27.65,27.65,100
1355902740000,27.65,27.65,27.65,27.65,100
1355904120000,27.651,27.651,27.562,27.562,1000
1355904360000,27.555,27.555,27.555,27.555,100
1355904540000,27.555,27.555,27.555,27.555,100
1355904600000,27.555,27.555,27.555,27.555,400
1355904660000,27.553,27.553,27.553,27.553,100
1355905620000,27.553,27.553,27.553,27.553,1000
1355905740000,27.391,27.399,27.391,27.399,1500
1355905920000,27.579,27.58,27.401,27.401,1300
1355905980000,27.575,27.575,27.575,27.575,200
1355906100000,27.41,27.41,27.41,27.41,23900
1355906220000,27.404,27.5,27.404,27.5,2300
1355906280000,27.565,27.565,27.399,27.4,4300
1355906340000,27.5,27.501,27.5,27.501,1900
1355906640000,27.4,27.491,27.4,27.49,2900
1355906700000,27.49,27.49,27.2,27.2,2100
1355906880000,27.258,27.269,27.258,27.269,1500
1355906940000,27.27,27.381,27.25,27.299,3400
1355907000000,27.298,27.382,27.298,27.382,2800
1355907180000,27.252,27.351,27.252,27.351,200
1355907900000,27.401,27.5,27.401,27.5,3300
1355907960000,27.574,27.578,27.574,27.578,200
1355908080000,27.637,27.637,27.451,27.451,1000
1355908440000,27.49,27.49,27.49,27.49,100
1355909040000,27.45,27.48,27.45,27.48,200
1355909100000,27.49,27.499,27.49,27.499,900
1355909580000,27.595,27.599,27.595,27.599,3300
1355909760000,27.598,27.598,27.598,27.598,100
1355909880000,27.598,27.598,27.598,27.598,1400
1355910000000,27.598,27.65,27.598,27.65,91100
1355910060000,27.666,27.666,27.666,27.666,100
1355910600000,27.708,27.718,27.708,27.718,500
1355910840000,27.719,27.719,27.719,27.719,100
1355910900000,27.718,27.718,27.718,27.718,100
1355910960000,27.65,27.65,27.601,27.601,10900
1355911620000,27.353,27.718,27.352,27.718,1100
1355911680000,27.356,27.72,27.35,27.602,8900
1355911740000,27.717,27.717,27.717,27.717,600
1355911800000,27.551,27.551,27.55,27.55,2800
1355911860000,27.698,27.698,27.65,27.65,2600
1355911920000,27.65,27.65,27.65,27.65,200
1355912100000,27.72,27.72,27.72,27.72,2200
1355912520000,27.72,27.72,27.72,27.72,200
1355914500000,27.65,27.65,27.65,27.65,600
1355915340000,27.551,27.551,27.55,27.55,1800
1355916000000,27.499,27.499,27.499,27.499,1400
1355916060000,27.556,27.572,27.499,27.499,4400
1355916120000,27.499,27.581,27.499,27.551,2000
1355916180000,27.499,27.561,27.499,27.561,2200
1355916420000,27.499,27.5,27.499,27.5,1000
1355916480000,27.571,27.571,27.571,27.571,1000
1355916600000,27.509,27.509,27.509,27.509,900
1355916660000,27.551,27.551,27.551,27.551,1200
1355916960000,27.538,27.539,27.518,27.518,600
1355917080000,27.519,27.519,27.519,27.519,900
1355917260000,27.403,27.499,27.403,27.499,2200
1355918220000,27.501,27.501,27.5,27.5,2900
1355918280000,27.402,27.402,27.399,27.399,1300
1355918580000,27.501,27.777,27.499,27.499,61000
1355918640000,27.6,27.6,27.504,27.556,1500
1355918700000,27.5,27.6,27.5,27.579,1300
1355918940000,27.57,27.57,27.57,27.57,5100
1355919000000,27.57,27.57,27.57,27.57,1000
1355919120000,27.715,27.715,27.715,27.715,100
1355920260000,27.6,27.6,27.6,27.6,400
1355920320000,27.6,27.6,27.6,27.6,200
1355920860000,27.57,27.57,27.57,27.57,3900
1355920920000,27.57,27.57,27.57,27.57,200
1355922060000,27.571,27.571,27.15,27.15,27000
1355922120000,27.253,27.253,27.253,27.253,300
1355922180000,27.15,27.15,27.15,27.15,27000
1355922240000,27.151,27.151,27.151,27.151,1600
1355922780000,27.15,27.15,27.15,27.15,8700
1355924340000,27.249,27.25,27.249,27.25,2000
1355925660000,27.266,27.266,27.266,27.266,1500
1355925960000,27.24,27.24,27.24,27.24,300
1355926740000,27.241,27.241,27.241,27.241,100
1355927280000,27.251,27.251,27.25,27.25,800
1355927340000,27.241,27.241,27.23,27.23,600
1355927460000,27.2,27.2,27.154,27.154,3100
1355927520000,27.199,27.249,27.153,27.249,1900
1355927580000,27.219,27.219,27.219,27.219,500
1355928240000,27.153,27.153,27.153,27.153,200
1355983260000,27.367,27.367,27.367,27.367,100
1355983440000,27.443,27.443,27.443,27.443,100
1355983560000,27.396,27.396,27.15,27.15,1900
1355983620000,27.145,27.145,27.12,27.145,800
1355983680000,27.143,27.145,27.143,27.145,2200
1355983860000,27.007,27.007,27.005,27.005,2000
1355983920000,26.912,26.912,26.912,26.912,100
1355983980000,27.003,27.003,27.003,27.003,400
1355984040000,27.003,27.003,27.003,27.003,800
1355984100000,27.002,27.101,27.002,27.1,1500
1355984160000,26.999,27.102,26.999,27.101,3000
1355984220000,26.999,26.999,26.999,26.999,1800
1355984280000,27.051,27.06,26.999,27.06,2700
1355984340000,27.051,27.052,26.999,26.999,3800
1355984400000,27.05,27.05,27.05,27.05,300
1355984520000,27.1,27.1,27.1,27.1,700
1355985000000,27.01,27.01,27.01,27.01,17700
1355985060000,27.2,27.2,27.2,27.2,200
1355985120000,27.199,27.199,27.199,27.199,900
1355985180000,27.199,27.199,27.199,27.199,300
1355985240000,27.198,27.198,27.198,27.198,800
1355985420000,27.3,27.3,27.3,27.3,200
1355985840000,27.3,27.432,27.3,27.432,300
1355985900000,27.3,27.3,27.3,27.3,200
1355985960000,27.3,27.3,27.3,27.3,1200
1355986020000,27.3,27.3,27.3,27.3,3800
1355986680000,27.111,27.111,27.111,27.111,200
1355986740000,27.155,27.155,27.155,27.155,100
1355986860000,27.177,27.177,27.177,27.177,100
1355987100000,27.07,27.07,27.01,27.027,26600
1355987160000,27.027,27.099,27.01,27.099,20200
1355987220000,27.051,27.051,27.01,27.01,4500
1355987340000,27.099,27.1,27.099,27.1,500
1355987760000,27.05,27.05,27.01,27.01,19300
1355987820000,27.01,27.01,27.01,27.01,300
1355987880000,27.01,27.01,27.01,27.01,100
1355988660000,27.01,27.01,27.01,27.01,900
1355988720000,27.01,27.01,27.01,27.01,700
1355989140000,27.012,27.012,27.01,27.01,500
1355989980000,27.02,27.02,27.02,27.02,300
1355990640000,27.02,27.02,27.02,27.02,600
1355990880000,27.093,27.099,27.093,27.099,500
1355991240000,27.031,27.031,27.031,27.031,200
1355991360000,27.02,27.02,27.02,27.02,400
1355991840000,27.077,27.077,27.077,27.077,300
1355992020000,27.077,27.145,27.077,27.145,1800
1355992440000,27.011,27.011,27.005,27.005,47600
1355992560000,27.005,27.005,27.005,27.005,4500
1355992860000,27.006,27.006,27.0,27.0,19000
1355992920000,27.0,27.0,26.899,26.899,2500
1355992980000,27.0,27.012,26.899,27.0,3300
1355993280000,26.8,26.8,26.8,26.8,200
1355993340000,26.899,26.899,26.899,26.899,1600
1355993640000,26.89,26.89,26.801,26.801,3600
1355993700000,26.88,26.949,26.88,26.899,1500
1355993880000,26.947,26.948,26.947,26.948,1000
1355994060000,26.948,26.95,26.948,26.95,3900
1355994420000,27.1,27.1,27.1,27.1,200
1355994600000,27.099,27.1,27.099,27.1,5000
1355994660000,27.099,27.1,27.099,27.1,21700
1355994780000,27.0,27.0,27.0,27.0,500
1355995800000,26.98,26.98,26.98,26.98,100
1355995860000,26.97,27.096,26.97,27.096,1100
1355995980000,27.0,27.0,27.0,27.0,700
1355996040000,27.0,27.05,26.98,27.05,1900
1355996100000,27.096,27.1,27.096,27.1,500
1355996220000,27.1,27.1,27.1,27.1,900
1355996520000,27.099,27.099,27.099,27.099,700
1355997000000,26.903,26.903,26.903,26.903,400
1355997060000,26.903,26.903,26.903,26.903,300
1355997120000,26.903,26.903,26.903,26.903,300
1355997180000,26.903,26.903,26.903,26.903,100
1355997420000,26.902,26.998,26.902,26.998,1200
1355997780000,27.099,27.1,27.099,27.1,800
1355997900000,26.927,26.927,26.927,26.927,200
1355997960000,26.929,26.929,26.929,26.929,400
1355998680000,27.0,27.096,27.0,27.096,300
1355998740000,27.096,27.096,27.05,27.05,400
1355998860000,27.0,27.0,27.0,27.0,100
1355999280000,27.01,27.01,27.01,27.01,300
1355999700000,26.951,26.951,26.951,26.951,200
1355999820000,26.999,27.08,26.999,27.08,500
1356000300000,27.08,27.08,27.08,27.08,200
1356000480000,27.08,27.101,27.08,27.101,5400
1356001500000,27.146,27.238,27.146,27.238,400
1356001560000,27.238,27.3,27.238,27.3,1600
1356001620000,27.3,27.444,27.3,27.444,1500
1356001680000,27.443,27.49,27.25,27.25,2900
1356002220000,27.15,27.15,27.12,27.12,200
1356004800000,27.4,27.4,27.4,27.4,800
1356004920000,27.156,27.156,27.156,27.156,100
1356004980000,27.158,27.158,27.158,27.158,1000
1356005040000,27.155,27.155,27.155,27.155,600
1356005220000,27.154,27.154,27.152,27.152,500
1356006000000,27.199,27.2,27.199,27.199,800
1356006300000,27.21,27.239,27.184,27.184,1000
1356006420000,27.2,27.2,27.2,27.2,1700
1356006720000,27.2,27.201,27.2,27.2,1300200
1356006960000,27.198,27.244,27.197,27.244,1200
1356007020000,27.201,27.201,27.201,27.201,100
1356007440000,27.25,27.4,27.25,27.4,2800
1356007500000,27.318,27.399,27.318,27.399,1200
1356007620000,27.399,27.4,27.399,27.4,10400
1356007800000,27.449,27.5,27.449,27.5,19400
1356007860000,27.5,27.5,27.5,27.5,8000
1356007920000,27.45,27.45,27.45,27.45,1040000
1356008160000,27.5,27.5,27.5,27.5,400
1356008880000,27.49,27.49,27.49,27.49,300
1356008940000,27.49,27.5,27.49,27.5,500
1356009000000,27.5,27.5,27.5,27.5,100
1356009240000,27.5,27.5,27.5,27.5,700
1356009300000,27.5,27.5,27.5,27.5,1000
1356010980000,27.498,27.5,27.498,27.5,1300
1356011100000,27.5,27.5,27.5,27.5,400
1356011160000,27.5,27.5,27.5,27.5,1000
1356011280000,27.5,27.5,27.5,27.5,500
1356011460000,27.5,27.5,27.5,27.5,3300
1356011520000,27.5,27.5,27.5,27.5,3800
1356011580000,27.5,27.5,27.5,27.5,1400
1356011640000,27.49,27.49,27.49,27.49,100
1356011880000,27.49,27.49,27.49,27.49,1700
1356011940000,27.49,27.5,27.49,27.5,1300
1356012180000,27.5,27.5,27.5,27.5,100
1356012300000,27.499,27.499,27.499,27.499,700
1356012360000,27.499,27.499,27.45,27.45,500
1356012420000,27.45,27.45,27.45,27.45,200
1356012480000,27.45,27.45,27.45,27.45,2000
1356012660000,27.45,27.45,27.45,27.45,100
1356012780000,27.4,27.4,27.4,27.4,700
1356012840000,27.4,27.4,27.4,27.4,1300
1356012900000,27.4,27.4,27.4,27.4,1100
1356012960000,27.4,27.4,27.4,27.4,2000
1356013320000,27.4,27.4,27.4,27.4,1500
1356013740000,27.31,27.31,27.25,27.25,5000
1356013800000,27.399,27.399,27.399,27.399,200
1356013920000,27.397,27.398,27.397,27.398,500
1356013980000,27.33,27.33,27.33,27.33,200
1356014160000,27.3,27.3,27.3,27.3,26800
1356014580000,27.253,27.253,27.253,27.253,1100
1356069960000,27.197,27.9,27.197,27.9,1800
1356070020000,27.082,27.082,27.082,27.082,600
1356070080000,27.211,27.211,27.21,27.21,800
1356070140000,27.21,27.898,27.21,27.21,1200
1356070200000,27.21,27.21,26.751,26.751,5200
1356070260000,26.751,26.751,26.751,26.751,600
1356070320000,26.912,27.21,26.76,26.76,6300
1356070440000,26.801,27.07,26.8,27.07,11700
1356070500000,26.8,26.91,26.8,26.802,3300
1356070560000,27.067,27.067,27.067,27.067,2000
1356070620000,27.208,27.208,27.208,27.208,700
1356070680000,27.895,27.895,27.895,27.895,100
1356070740000,27.21,27.21,27.21,27.21,300
1356070800000,27.21,27.21,27.068,27.068,400
1356070980000,27.101,27.101,27.101,27.101,600
1356071040000,27.102,27.102,27.102,27.102,100
1356071400000,27.2,27.2,27.068,27.068,200
1356071640000,27.07,27.07,27.07,27.07,23500
1356071820000,27.071,27.071,27.07,27.07,900
1356071880000,27.068,27.068,27.0,27.0,5600
1356072780000,27.003,27.003,27.001,27.001,800
1356072900000,27.001,27.001,27.001,27.001,3000
1356072960000,27.001,27.001,27.001,27.001,200
1356073080000,27.001,27.001,27.001,27.001,1100
1356073140000,27.001,27.001,27.0,27.0,1700
1356073200000,27.0,27.0,27.0,27.0,2400
1356073920000,27.05,27.05,27.05,27.05,200
1356073980000,27.055,27.055,27.0,27.0,15300
1356074220000,27.002,27.002,27.0,27.0,1900
1356074520000,27.1,27.299,27.1,27.1,1000
1356075240000,27.106,27.108,27.106,27.108,1400
1356075540000,27.11,27.11,27.11,27.11,200
1356076740000,27.11,27.11,27.11,27.11,400
1356076800000,27.11,27.11,27.102,27.102,300
1356077280000,27.101,27.101,27.101,27.101,400
1356077340000,27.101,27.101,27.101,27.101,200
1356077880000,27.102,27.102,27.102,27.102,200
1356077940000,27.101,27.101,27.101,27.101,300
1356078060000,27.101,27.101,27.1,27.1,6200
1356078180000,27.101,27.101,27.101,27.101,500
1356078360000,27.1,27.1,27.1,27.1,400
1356078420000,27.01,27.011,27.01,27.011,200
1356078480000,27.011,27.013,27.011,27.013,600
1356078720000,27.006,27.006,27.006,27.006,200
1356079020000,27.005,27.005,27.0,27.0,4800
1356079320000,27.117,27.117,27.117,27.117,1300
1356079560000,27.117,27.117,27.117,27.117,100
1356079680000,27.18,27.2,27.18,27.2,700
1356079740000,27.2,27.2,27.117,27.117,500
1356079920000,27.2,27.2,27.2,27.2,1600
1356079980000,27.2,27.2,27.117,27.117,1300
1356080040000,27.117,27.117,27.117,27.117,1500
1356080100000,27.117,27.118,27.117,27.118,500
1356080160000,27.118,27.118,27.118,27.118,1000
1356081240000,27.118,27.118,27.117,27.117,400
1356081300000,27.001,27.001,27.001,27.001,300
1356081360000,27.001,27.003,27.001,27.003,700
1356081480000,27.1,27.1,27.1,27.1,100
1356082020000,27.147,27.15,27.147,27.15,55000
1356082860000,27.149,27.15,27.149,27.15,1200
1356082920000,27.149,27.149,27.149,27.149,300
1356083040000,27.061,27.092,27.061,27.092,600
1356083100000,27.092,27.092,27.092,27.092,900
1356083400000,27.091,27.091,27.091,27.091,200
1356083520000,27.09,27.09,27.09,27.09,1000
1356083700000,27.09,27.09,27.09,27.09,200
1356084180000,27.149,27.15,27.149,27.15,700
1356084540000,27.15,27.151,27.15,27.151,600
1356084840000,27.151,27.151,27.15,27.15,4900
1356085380000,27.061,27.061,27.061,27.061,1000
1356085560000,27.107,27.107,27.107,27.107,200
1356085800000,27.061,27.061,27.039,27.039,1000
1356085860000,27.039,27.039,27.039,27.039,3900
1356086040000,27.039,27.039,27.039,27.039,1800
1356086100000,27.039,27.039,27.039,27.039,1800
1356086460000,27.039,27.039,27.039,27.039,300
1356087960000,27.167,27.167,27.167,27.167,100
1356088020000,27.167,27.167,27.167,27.167,200
1356088080000,27.167,27.167,27.167,27.167,200
1356088260000,27.173,27.173,27.173,27.173,300
1356089400000,27.15,27.173,27.15,27.161,600
1356089460000,27.174,27.175,27.174,27.175,1100
1356089640000,27.175,27.175,27.175,27.175,100
1356090480000,27.175,27.175,27.175,27.175,100
1356090840000,27.175,27.175,27.175,27.175,400
1356091020000,27.175,27.198,27.175,27.198,1200
1356091080000,27.191,27.191,27.191,27.191,200
1356091200000,27.191,27.191,27.191,27.191,100
1356091680000,27.149,27.19,27.149,27.19,37000
1356092280000,27.091,27.091,27.0,27.0,6900
1356092700000,27.176,27.176,27.176,27.176,100
1356092880000,27.149,27.15,27.149,27.15,77000
1356092940000,27.169,27.2,27.169,27.2,35300
1356093000000,27.2,27.2,27.2,27.2,2000
1356093060000,27.05,27.05,27.05,27.05,660000
1356093120000,27.06,27.06,27.06,27.06,480000
1356093180000,27.11,27.11,27.11,27.11,800
1356093600000,27.12,27.12,27.12,27.12,480000
1356093720000,27.12,27.15,27.12,27.15,440100
1356093780000,27.16,27.16,27.15,27.15,230700
1356093900000,27.246,27.251,27.246,27.251,400
1356094140000,27.26,27.26,27.26,27.26,160000
1356094800000,27.251,27.251,27.251,27.251,200
1356094860000,27.255,27.255,27.255,27.255,112200
1356094980000,27.255,27.255,27.255,27.255,710900
1356095340000,27.27,27.5,27.27,27.5,2000
1356095400000,27.596,27.597,27.596,27.597,2300
1356095460000,27.383,27.383,27.251,27.251,1400
1356096000000,27.251,27.252,27.251,27.251,600
1356096120000,27.251,27.251,27.251,27.251,300
1356096180000,27.251,27.251,27.251,27.251,900
1356096240000,27.25,27.25,27.25,27.25,3600
1356096360000,27.25,27.25,27.25,27.25,3400
1356096480000,27.25,27.25,27.25,27.25,4900
1356097680000,27.25,27.25,27.25,27.25,100
1356097800000,27.25,27.25,27.25,27.25,100
1356097860000,27.5,27.5,27.5,27.5,400
1356097920000,27.5,27.5,27.5,27.5,3800
1356098040000,27.5,27.5,27.5,27.5,800
1356099000000,27.5,27.5,27.5,27.5,2800
1356099360000,27.5,27.5,27.5,27.5,2400
1356099420000,27.5,27.5,27.5,27.5,2700
1356099960000,27.5,27.5,27.5,27.5,100
1356100020000,27.591,27.591,27.591,27.591,200
1356100080000,27.5,27.594,27.5,27.594,300
1356100200000,27.597,27.597,27.597,27.597,200
1356100320000,27.597,27.597,27.597,27.597,100
1356100560000,27.596,27.596,27.596,27.596,200
1356100680000,27.597,27.691,27.597,27.691,400
1356100800000,27.691,27.691,27.69,27.69,200
1356100860000,27.689,27.689,27.689,27.689,100
1356101040000,27.689,28.0,27.689,28.0,81800
1356328980000,27.52,27.52,27.52,27.52,100
1356329580000,27.949,28.0,27.949,28.0,127400
1356330060000,27.95,27.95,27.95,27.95,400
1356330660000,27.924,28.0,27.924,28.0,216000
1356330720000,28.0,28.001,28.0,28.0,20000
1356330780000,28.0,28.0,28.0,28.0,15000
1356331140000,28.248,28.249,28.248,28.249,500
1356331200000,28.1,28.1,28.1,28.1,400
1356331260000,28.199,28.2,28.199,28.2,900
1356331320000,28.2,28.2,28.2,28.2,5000
1356331800000,28.1,28.1,28.1,28.1,3300
1356331980000,28.1,28.1,28.1,28.1,1300
1356332220000,28.1,28.1,28.1,28.1,400
1356332460000,28.199,28.199,28.199,28.199,2000
1356332580000,28.1,28.1,28.07,28.07,5500
1356332700000,28.1,28.199,28.1,28.199,5400
1356332940000,28.199,28.199,28.199,28.199,100
1356333180000,28.071,28.071,28.07,28.07,2300
1356333240000,28.07,28.07,28.07,28.07,2000
1356333960000,28.07,28.07,28.07,28.07,600
1356334380000,28.065,28.065,28.0,28.0,30300
1356334740000,28.08,28.1,28.08,28.1,20100
1356335880000,28.0,28.0,28.0,28.0,100
1356336060000,28.0,28.0,28.0,28.0,13500
1356336480000,28.0,28.0,28.0,28.0,1200
1356336600000,28.0,28.0,28.0,28.0,100
1356337440000,28.176,28.179,28.176,28.179,2200
1356338040000,28.178,28.179,28.178,28.179,1600
1356338700000,28.003,28.003,28.0,28.0,1600
1356338760000,28.001,28.001,28.001,28.001,300
1356338820000,28.001,28.001,28.001,28.001,200
1356338880000,28.0,28.0,28.0,28.0,300
1356339060000,28.001,28.003,28.001,28.003,1400
1356339120000,28.004,28.004,28.002,28.002,700
1356339180000,28.002,28.002,28.002,28.002,900
1356339360000,28.002,28.002,28.002,28.002,100
1356339420000,28.002,28.002,28.002,28.002,100
1356339540000,28.003,28.003,28.003,28.003,100
1356340200000,28.002,28.002,28.002,28.002,2000
1356340320000,28.002,28.002,28.002,28.002,200
1356340560000,28.002,28.002,28.002,28.002,100
1356340920000,28.002,28.002,28.002,28.002,8000
1356340980000,28.002,28.002,28.002,28.002,5200
1356341040000,28.002,28.002,28.0,28.0,2600
1356341100000,28.0,28.0,28.0,28.0,5100
1356341880000,28.0,28.0,28.0,28.0,200
1356342960000,28.0,28.0,28.0,28.0,3800
1356343020000,28.0,28.0,28.0,28.0,2000
1356343680000,28.0,28.0,28.0,28.0,2000
1356344940000,28.0,28.0,28.0,28.0,100
1356346020000,28.003,28.003,28.0,28.0,54000
1356346380000,28.0,28.0,28.0,28.0,1000
1356346860000,28.0,28.0,28.0,28.0,300
1356347220000,28.1,28.1,28.1,28.1,10000
1356347340000,28.177,28.177,28.177,28.177,1000
1356347400000,28.1,28.1,28.1,28.1,100
1356347460000,28.1,28.1,28.1,28.1,400
1356347760000,28.1,28.1,28.1,28.1,400
1356347880000,28.1,28.1,28.1,28.1,100
1356350460000,28.101,28.101,28.101,28.101,100
1356350640000,28.177,28.178,28.177,28.178,200
1356350880000,28.178,28.178,28.11,28.11,50300
1356350940000,28.149,28.15,28.149,28.15,50500
1356351360000,28.15,28.15,28.15,28.15,100
1356351420000,28.15,28.15,28.15,28.15,100
1356352200000,28.004,28.004,28.004,28.004,800
1356352320000,28.005,28.005,28.005,28.005,300
1356352500000,28.003,28.003,28.003,28.003,1000
1356352560000,28.001,28.001,28.0,28.0,1100
1356352920000,28.001,28.001,28.001,28.001,500
1356353340000,28.0,28.0,28.0,28.0,200
1356353400000,28.0,28.0,28.0,28.0,800
1356353460000,28.0,28.0,28.0,28.0,500
1356354300000,27.951,28.1,27.951,28.1,11200
1356354420000,28.08,28.08,28.0,28.0,280000
1356354600000,28.1,28.1,28.1,28.1,3200
1356354840000,28.1,28.109,28.1,28.109,5100
1356354900000,28.109,28.125,28.109,28.125,11100
1356354960000,28.002,28.002,28.0,28.0,26400
1356355080000,28.099,28.1,28.099,28.1,11700
1356355200000,28.1,28.1,28.1,28.1,300
1356355260000,28.1,28.1,28.1,28.1,900
1356355320000,28.1,28.1,28.1,28.1,2100
1356355380000,28.001,28.001,28.001,28.001,300
1356355440000,28.001,28.001,28.001,28.001,500
1356355500000,28.099,28.099,28.0,28.0,1300
1356355560000,28.001,28.001,28.001,28.001,300
1356355620000,28.1,28.11,28.1,28.11,3600
1356355680000,28.05,28.05,28.05,28.05,300
1356355740000,28.11,28.11,28.11,28.11,5000
1356355800000,28.05,28.05,28.05,28.05,100
1356355860000,28.05,28.05,28.05,28.05,3000
1356355920000,28.05,28.05,28.05,28.05,1700
1356356100000,28.05,28.05,28.05,28.05,200
1356356160000,28.05,28.05,28.05,28.05,300
1356356760000,28.0,28.0,28.0,28.0,200
1356356880000,28.0,28.0,28.0,28.0,500
1356356940000,28.0,28.0,28.0,28.0,100
1356357300000,28.0,28.0,28.0,28.0,19000
1356357540000,28.0,28.0,28.0,28.0,11400
1356357600000,28.0,28.0,28.0,28.0,500
1356357780000,28.0,28.0,28.0,28.0,200
1356358260000,28.0,28.0,28.0,28.0,2000
1356358680000,28.0,28.0,28.0,28.0,300
1356358800000,28.0,28.0,28.0,28.0,700
1356358860000,28.095,28.249,28.095,28.249,65400
1356359280000,28.015,28.015,28.0,28.0,5000
1356359940000,28.0,28.0,28.0,28.0,100
1356360000000,28.122,28.122,28.122,28.122,1200
1356360120000,28.125,28.125,28.125,28.125,700
1356360240000,28.125,28.125,28.125,28.125,400
1356415800000,28.433,28.433,28.433,28.433,100
1356416460000,28.032,28.032,28.032,28.032,1000
1356417360000,28.002,28.002,28.002,28.002,200
1356417960000,28.002,28.002,28.002,28.002,200
1356418380000,28.003,28.184,28.003,28.184,1200
1356418560000,28.184,28.443,28.184,28.443,6200
1356418620000,28.5,28.62,28.5,28.62,1700
1356418680000,28.687,28.881,28.687,28.881,1500
1356418920000,28.8,28.8,28.8,28.8,500
1356419040000,28.8,28.8,28.701,28.701,600
1356419100000,28.8,28.8,28.8,28.8,100
1356419760000,28.7,28.7,28.7,28.7,400
1356420120000,28.631,28.631,28.631,28.631,100
1356420660000,28.63,28.63,28.63,28.63,100
1356420720000,28.63,28.63,28.502,28.502,900
1356420780000,28.502,28.502,28.502,28.502,500
1356420840000,28.502,28.502,28.502,28.502,700
1356420960000,28.501,28.501,28.5,28.5,1300
1356421020000,28.5,28.5,28.5,28.5,2400
1356421080000,28.5,28.5,28.5,28.5,700
1356421140000,28.5,28.5,28.5,28.5,300
1356421200000,28.5,28.5,28.5,28.5,200
1356421260000,28.6,28.6,28.6,28.6,3100
1356421320000,28.6,28.6,28.6,28.6,500
1356421380000,28.5,28.6,28.5,28.6,2400
1356421500000,28.5,28.6,28.5,28.6,200
1356421980000,28.5,28.5,28.5,28.5,200
1356422160000,28.5,28.5,28.5,28.5,800
1356422280000,28.499,28.499,28.499,28.499,1300
1356422460000,28.317,28.317,28.317,28.317,100
1356422520000,28.324,28.328,28.324,28.328,300
1356422580000,28.328,28.33,28.328,28.33,500
1356422640000,28.342,28.342,28.342,28.342,200
1356422700000,28.344,28.344,28.344,28.344,200
1356422880000,28.363,28.364,28.363,28.363,500
1356422940000,28.364,28.364,28.364,28.364,200
1356423000000,28.3,28.3,28.3,28.3,300
1356423420000,28.3,28.5,28.3,28.5,2000
1356423480000,28.5,28.5,28.5,28.5,400
1356423540000,28.5,28.5,28.5,28.5,254600
1356423660000,28.5,28.5,28.5,28.5,500
1356423720000,28.5,28.5,28.5,28.5,9900
1356423780000,28.5,28.5,28.5,28.5,1200
1356424500000,28.5,28.5,28.5,28.5,300
1356424560000,28.5,28.5,28.5,28.5,2800
1356424680000,28.5,28.5,28.5,28.5,100000
1356425400000,28.358,28.358,28.358,28.358,100
1356425760000,28.499,28.5,28.499,28.5,1000
1356425880000,28.5,28.5,28.5,28.5,29100
1356426060000,28.411,28.411,28.41,28.41,2500
1356426120000,28.401,28.401,28.3,28.3,6500
1356426360000,28.3,28.3,28.3,28.3,20000
1356426420000,28.3,28.3,28.3,28.3,400
1356426960000,28.499,28.5,28.499,28.5,32300
1356428400000,28.5,28.5,28.5,28.5,1000
1356428580000,28.403,28.403,28.403,28.403,400
1356428700000,28.403,28.403,28.403,28.403,100
1356428820000,28.5,28.598,28.5,28.598,2000
1356430140000,28.5,28.5,28.5,28.5,100
1356431160000,28.5,28.5,28.5,28.5,110400
1356432180000,28.5,28.5,28.5,28.5,200
1356433500000,28.599,28.6,28.599,28.6,3500
1356434280000,28.6,28.6,28.6,28.6,2000
1356435660000,28.6,28.6,28.6,28.6,1100
1356435840000,28.6,28.9,28.6,28.9,207600
1356435900000,28.979,28.98,28.979,28.98,1300
1356437040000,28.95,30.0,28.95,29.097,1106000
1356437100000,29.097,30.0,29.0,30.0,115700
1356438120000,29.998,30.0,29.998,30.0,100000
1356438900000,29.879,29.879,29.879,29.879,100
1356439140000,29.501,29.501,29.501,29.501,100
1356439500000,29.501,29.501,29.501,29.501,400
1356439560000,29.501,29.501,29.5,29.5,1100
1356440340000,29.5,29.5,29.5,29.5,4800
1356440640000,29.359,29.359,29.359,29.359,100
1356441240000,29.37,29.37,29.37,29.37,400
1356441420000,29.373,29.373,29.37,29.37,2700
1356441540000,29.798,29.915,29.798,29.915,15300
1356441900000,29.673,29.673,29.673,29.673,200
1356442620000,29.69,29.69,29.69,29.69,300
1356443160000,29.6,29.6,29.6,29.6,100
1356443460000,29.501,29.501,29.501,29.501,300
1356444120000,29.688,29.688,29.688,29.688,200
1356444360000,29.501,29.501,29.501,29.501,100
1356444660000,29.698,29.698,29.698,29.698,100
1356444720000,29.505,29.505,29.501,29.501,900
1356445260000,29.5,29.5,29.5,29.5,500
1356446040000,29.49,29.49,29.49,29.49,200
1356446100000,29.49,29.49,29.474,29.474,2300
1356446160000,29.475,29.475,29.372,29.372,2000
1356446220000,29.37,29.37,29.37,29.37,800
1356446340000,29.264,29.265,29.002,29.265,10500
1356446520000,29.402,29.95,29.402,29.95,133300
1356446580000,29.95,30.0,29.95,30.0,1056800
1356446640000,30.0,30.1,30.0,30.0,14200
1356501720000,30.45,30.45,30.45,30.45,11600
1356501780000,30.45,30.45,30.45,30.45,2000
1356501960000,30.4,30.4,30.4,30.4,300
1356502260000,30.4,30.4,30.4,30.4,100
1356502320000,29.787,29.787,29.787,29.787,100
1356502380000,29.796,29.796,29.796,29.796,100
1356502740000,29.85,29.85,29.85,29.85,100
1356503220000,29.828,29.828,29.828,29.828,200
1356504060000,29.999,30.0,29.999,30.0,5100
1356504120000,30.0,30.099,30.0,30.0,10500
1356504180000,30.0,30.0,30.0,30.0,3000
1356504540000,29.851,29.851,29.85,29.85,1600
1356504600000,29.85,29.929,29.85,29.929,2000
1356504660000,29.93,30.098,29.93,30.098,12800
1356504720000,29.942,29.998,29.85,29.902,2900
1356504780000,29.941,29.941,29.941,29.941,100
1356504840000,29.949,29.949,29.949,29.949,100
1356505380000,29.921,29.921,29.906,29.906,200
1356506220000,29.876,29.876,29.856,29.876,500
1356506340000,29.855,29.855,29.827,29.827,1000
1356506520000,29.86,29.876,29.86,29.876,300
1356508680000,29.827,29.827,29.827,29.827,200
1356508740000,29.827,29.827,29.827,29.827,200
1356508860000,29.825,29.825,29.825,29.825,100
1356508920000,29.825,29.825,29.825,29.825,100
1356509040000,29.602,29.602,29.602,29.602,400
1356509100000,29.602,29.602,29.602,29.602,300
1356509220000,29.601,29.601,29.601,29.601,500
1356509280000,29.6,29.6,29.6,29.6,100
1356509340000,29.599,29.599,29.579,29.579,400
1356509400000,29.579,29.6,29.52,29.52,1700
1356509460000,29.651,29.652,29.651,29.652,1600
1356509520000,29.581,29.581,29.581,29.581,1800
1356509580000,29.8,29.8,29.601,29.642,2300
1356509640000,29.583,29.631,29.583,29.631,3100
1356509700000,29.583,29.583,29.583,29.583,1400
1356509760000,29.631,29.631,29.583,29.585,2400
1356509820000,29.629,29.629,29.6,29.6,1800
1356509940000,29.699,29.699,29.699,29.699,200
1356510060000,29.7,29.876,29.7,29.876,4400
1356510600000,29.874,29.876,29.874,29.876,2500
1356510660000,29.801,29.801,29.8,29.8,9500
1356510720000,29.8,29.8,29.8,29.8,3000
1356510900000,29.8,29.8,29.8,29.8,500
1356510960000,29.8,29.8,29.8,29.8,500
1356511020000,29.8,29.8,29.8,29.8,100
1356511140000,29.8,29.8,29.8,29.8,6000
1356511320000,29.726,29.726,29.726,29.726,100
1356511380000,29.726,29.726,29.726,29.726,100
1356511740000,29.75,29.75,29.75,29.75,200
1356511800000,29.75,29.75,29.75,29.75,400
1356511980000,29.751,29.751,29.751,29.751,100
1356512040000,29.75,29.75,29.75,29.75,200
1356512220000,29.75,29.75,29.75,29.75,3200
1356512940000,29.751,30.0,29.751,30.0,81000
1356513000000,29.799,30.0,29.799,29.8,20400
1356513060000,29.8,30.0,29.8,29.8,12000
1356513120000,29.8,30.0,29.8,29.8,61800
1356513180000,29.8,29.8,29.8,29.8,2400
1356513300000,29.726,29.726,29.725,29.725,1200
1356513540000,29.701,29.795,29.521,29.795,1100
1356513780000,29.795,29.795,29.795,29.795,100
1356514080000,29.795,29.795,29.795,29.795,900
1356514620000,29.795,29.795,29.795,29.795,100
1356514740000,29.795,29.795,29.795,29.795,200
1356516660000,29.604,29.604,29.604,29.604,100
1356516780000,29.606,29.606,29.601,29.601,2000
1356516900000,29.601,29.606,29.601,29.606,400
1356516960000,29.534,29.534,29.5,29.5,10700
1356517860000,29.506,29.506,29.505,29.505,300
1356518280000,29.5,29.5,29.5,29.5,400
1356518520000,29.5,29.5,29.5,29.5,700
1356518880000,29.505,29.51,29.505,29.51,200
1356519000000,29.53,29.53,29.53,29.53,100
1356519420000,29.589,29.589,29.589,29.589,1000
1356519540000,29.589,29.589,29.589,29.589,1600
1356519780000,29.589,29.589,29.589,29.589,200
1356521460000,29.59,29.648,29.59,29.648,2100
1356521520000,29.649,29.65,29.649,29.65,400
1356521580000,29.699,29.7,29.699,29.7,400
1356521700000,29.7,29.7,29.7,29.7,400
1356522480000,29.789,29.79,29.789,29.79,1000
1356523320000,29.795,29.799,29.795,29.799,600
1356523680000,29.789,29.789,29.789,29.789,800
1356523740000,29.779,29.779,29.779,29.779,100
1356523920000,29.799,29.799,29.799,29.799,600
1356523980000,29.8,29.8,29.8,29.8,100
1356524040000,29.789,29.789,29.789,29.789,300
1356525480000,29.789,29.789,29.789,29.789,600
1356525540000,29.799,29.799,29.799,29.799,1000
1356526020000,29.789,29.789,29.789,29.789,100
1356526620000,29.789,29.789,29.789,29.789,400
1356527520000,29.747,29.747,29.747,29.747,100
1356527880000,29.799,30.0,29.799,30.0,92400
1356527940000,29.8,30.001,29.8,29.802,138200
1356528060000,29.8,29.8,29.8,29.8,100
1356529380000,29.8,29.8,29.8,29.8,100
1356529860000,29.8,29.8,29.8,29.8,500
1356530580000,29.8,29.801,29.8,29.8,3300
1356530640000,29.799,29.799,29.799,29.799,100
1356530700000,29.799,29.799,29.799,29.799,100
1356530760000,29.799,30.0,29.799,30.0,43200
1356530880000,30.096,30.096,30.096,30.096,200
1356530940000,30.096,30.096,30.096,30.096,200
1356531000000,30.096,30.096,30.086,30.086,300
1356532320000,29.999,30.0,29.999,30.0,178400
1356533040000,29.908,29.908,29.908,29.908,600
1356588720000,29.733,29.733,29.733,29.733,100
1356589560000,29.734,29.734,29.734,29.734,100
1356589860000,29.734,29.734,29.732,29.732,1300
1356590220000,29.733,29.733,29.732,29.732,500
1356590460000,29.732,29.732,29.732,29.732,500
1356590580000,29.73,29.73,29.73,29.73,100
1356590760000,29.729,29.729,29.729,29.729,400
1356590940000,29.704,29.704,29.7,29.7,1000
1356591120000,29.701,29.701,29.7,29.7,5000
1356591480000,29.795,29.8,29.795,29.8,300
1356591540000,29.8,29.8,29.8,29.8,200
1356591600000,29.798,29.799,29.798,29.799,300
1356591780000,29.799,29.799,29.799,29.799,100
1356591900000,29.799,29.799,29.799,29.799,200
1356591960000,29.8,29.8,29.8,29.8,4600
1356592140000,29.8,29.8,29.8,29.8,200
1356592320000,29.8,29.8,29.8,29.8,100
1356592380000,29.799,29.8,29.799,29.8,200
1356592440000,29.8,29.8,29.8,29.8,300
1356592500000,29.8,29.8,29.8,29.8,300
1356592560000,29.8,29.8,29.8,29.8,100
1356592680000,29.8,29.8,29.8,29.8,200
1356592740000,29.8,29.8,29.8,29.8,100
1356592800000,29.8,29.8,29.8,29.8,100
1356592920000,29.76,29.76,29.76,29.76,100
1356592980000,29.8,29.8,29.8,29.8,3500
1356593040000,29.8,29.8,29.8,29.8,400
1356593100000,29.8,29.8,29.8,29.8,300
1356593400000,29.8,29.8,29.8,29.8,100
1356593460000,29.8,29.8,29.8,29.8,100
1356593640000,29.762,29.762,29.76,29.76,4800
1356594360000,29.76,29.76,29.76,29.76,200
1356594480000,29.797,29.797,29.797,29.797,100
1356594600000,29.797,30.15,29.797,30.15,7000
1356594840000,29.8,29.8,29.8,29.8,100
1356595320000,29.8,29.8,29.78,29.78,70200
1356595380000,29.8,29.8,29.8,29.8,600
1356595440000,29.8,29.8,29.8,29.8,100
1356596340000,29.8,29.8,29.8,29.8,100
1356596700000,29.8,29.8,29.8,29.8,100
1356596760000,29.8,29.8,29.8,29.8,100
1356596880000,29.8,29.8,29.8,29.8,100
1356596940000,29.8,29.8,29.8,29.8,1000
1356597000000,29.8,29.8,29.8,29.8,500
1356597060000,29.8,29.8,29.8,29.8,100
1356597360000,29.8,29.8,29.8,29.8,100
1356598080000,29.8,29.8,29.8,29.8,300
1356598140000,29.8,29.8,29.8,29.8,100
1356599400000,29.8,29.801,29.8,29.8,73900
1356600000000,29.899,29.899,29.898,29.898,600
1356601380000,29.802,29.802,29.8,29.8,27000
1356602280000,29.899,30.0,29.897,30.0,2300
1356602400000,30.079,30.079,30.079,30.079,100
1356602880000,30.01,30.01,30.01,30.01,100
1356603240000,30.05,30.078,30.05,30.078,200
1356603660000,30.001,30.001,30.001,30.001,600
1356603780000,30.001,30.001,30.0,30.0,500
1356604080000,30.079,30.079,30.078,30.078,200
1356604140000,30.078,30.078,30.078,30.078,300
1356604200000,30.078,30.078,30.078,30.078,100
1356604260000,30.079,30.079,30.079,30.079,100
1356604680000,30.079,30.079,30.079,30.079,100
1356604860000,30.079,30.079,30.079,30.079,200
1356604920000,30.001,30.001,30.001,30.001,200
1356605040000,30.001,30.001,30.0,30.0,1600
1356605160000,30.001,30.001,30.001,30.001,100
1356605220000,30.0,30.001,30.0,30.001,5200
1356605520000,30.001,30.001,30.001,30.001,3400
1356605640000,30.078,30.078,30.078,30.078,100
1356605760000,30.078,30.078,30.078,30.078,500
1356605820000,30.078,30.08,30.078,30.08,3600
1356606060000,30.002,30.079,30.001,30.079,1700
1356606180000,30.001,30.001,30.0,30.0,300
1356606240000,30.001,30.001,30.001,30.001,600
1356606300000,30.077,30.077,30.077,30.077,200
1356606360000,30.079,30.079,30.079,30.079,100
1356606600000,30.079,30.079,30.079,30.079,300
1356606780000,30.079,30.079,30.079,30.079,100
1356606900000,30.079,30.08,30.079,30.08,15000
1356607020000,30.07,30.07,30.07,30.07,200
1356607080000,30.07,30.07,30.07,30.07,1200
1356607440000,30.07,30.07,30.07,30.07,1700
1356607500000,30.02,30.07,30.0,30.07,19600
1356608160000,29.823,29.823,29.823,29.823,100
1356608640000,30.069,30.069,30.069,30.069,100
1356609180000,30.0,30.0,30.0,30.0,100
1356609360000,29.854,29.854,29.854,29.854,100
1356609420000,30.068,30.069,30.068,30.069,1900
1356609540000,30.069,30.069,30.069,30.069,100
1356609600000,30.069,30.069,30.069,30.069,100
1356609660000,30.069,30.069,30.069,30.069,100
1356609780000,30.07,30.07,30.07,30.07,200
1356610020000,30.07,30.07,30.07,30.07,100
1356610260000,30.0,30.0,30.0,30.0,100
1356610500000,30.0,30.0,30.0,30.0,200
1356610560000,30.0,30.0,30.0,30.0,3600
1356610620000,30.0,30.0,29.903,29.903,200
1356610680000,30.0,30.0,29.893,29.893,200
1356610860000,29.999,29.999,29.888,29.888,5100
1356610920000,29.888,29.888,29.858,29.858,1500
1356610980000,29.997,29.997,29.997,29.997,300
1356611280000,29.857,29.857,29.857,29.857,100
1356611460000,29.987,29.987,29.987,29.987,200
1356612000000,29.857,29.857,29.857,29.857,100
1356613860000,29.985,29.99,29.985,29.99,1400
1356615180000,29.989,29.989,29.989,29.989,100
1356615240000,29.99,29.99,29.99,29.99,400
1356615780000,29.857,29.857,29.857,29.857,600
1356616380000,29.979,29.979,29.979,29.979,100
1356617340000,29.95,29.974,29.95,29.974,501000
1356617400000,29.975,29.975,29.975,29.975,400
1356618360000,29.902,29.902,29.85,29.85,8400
1356618420000,29.85,29.85,29.85,29.85,300
1356618480000,29.85,29.85,29.85,29.85,1000
1356618540000,29.85,29.85,29.845,29.845,5000
1356618660000,29.843,29.843,29.8,29.8,2000
1356618720000,29.801,29.801,29.8,29.8,1800
1356619080000,29.8,29.801,29.8,29.801,29000
1356619140000,29.801,29.801,29.8,29.8,5000
1356619200000,29.8,29.8,29.8,29.8,5000
1356619380000,29.85,30.0,29.85,30.0,68100
1356619440000,30.0,30.049,30.0,30.049,10400
1356674580000,29.755,29.755,29.755,29.755,200
1356674880000,29.897,29.897,29.897,29.897,100
1356675180000,29.897,29.897,29.897,29.897,1000
1356675960000,29.897,29.897,29.897,29.897,300
1356676020000,29.897,29.897,29.897,29.897,400
1356676140000,29.898,30.0,29.898,30.0,7100
1356676200000,30.0,30.0,30.0,30.0,3800
1356676320000,30.0,30.0,30.0,30.0,1100
1356676500000,30.0,30.0,30.0,30.0,1000
1356676740000,30.033,30.033,30.033,30.033,100
1356676860000,30.0,30.0,30.0,30.0,600
1356676920000,30.0,30.0,30.0,30.0,10200
1356676980000,30.0,30.0,30.0,30.0,9000
1356677040000,30.0,30.0,30.0,30.0,14700
1356677280000,30.001,30.001,30.001,30.001,100
1356677340000,30.097,30.097,30.097,30.097,100
1356677400000,30.098,30.098,30.098,30.098,300
1356677460000,30.001,30.001,30.0,30.0,52400
1356677940000,30.001,30.001,30.0,30.0,200
1356678300000,30.0,30.0,30.0,30.0,152500
1356678360000,30.0,30.0,30.0,30.0,100
1356678780000,30.0,30.0,30.0,30.0,500
1356678960000,30.0,30.0,30.0,30.0,600
1356679320000,30.0,30.0,30.0,30.0,100
1356680760000,30.0,30.0,30.0,30.0,300
1356681480000,30.0,30.0,30.0,30.0,13100
1356681540000,30.0,30.0,30.0,30.0,20000
1356681600000,30.0,30.0,30.0,30.0,10000
1356681900000,30.0,30.0,30.0,30.0,121500
1356682080000,30.001,30.001,30.0,30.0,5000
1356682200000,30.001,30.001,30.0,30.0,5000
1356682380000,30.0,30.0,30.0,30.0,5000
1356682800000,30.0,30.0,30.0,30.0,300
1356683340000,30.0,30.0,30.0,30.0,400
1356683400000,30.0,30.0,30.0,30.0,4100
1356683520000,30.0,30.0,30.0,30.0,400
1356684240000,30.05,30.05,30.05,30.05,300
1356684360000,30.098,30.098,30.098,30.098,1000
1356684540000,30.098,30.098,30.098,30.098,100
1356685560000,30.097,30.099,30.097,30.099,800
1356685620000,30.099,30.099,30.099,30.099,1300
1356685680000,30.1,30.1,30.1,30.1,700
1356686040000,30.1,30.1,30.1,30.1,9800
1356686220000,30.14,30.14,30.14,30.14,800
1356686520000,30.149,30.15,30.14,30.14,35900
1356686580000,30.14,30.14,30.001,30.001,10000
1356686940000,30.0,30.0,30.0,30.0,1300
1356688860000,30.11,30.11,30.11,30.11,200
1356688920000,30.088,30.088,30.088,30.088,400
1356688980000,30.085,30.085,30.085,30.085,100
1356689040000,30.002,30.002,30.002,30.002,100
1356689100000,30.085,30.085,30.001,30.085,600
1356689160000,30.001,30.085,30.001,30.085,400
1356689220000,30.001,30.001,30.001,30.001,200
1356689280000,30.001,30.001,30.001,30.001,100
1356689340000,30.001,30.001,30.001,30.001,100
1356689400000,30.001,30.001,30.001,30.001,100
1356689460000,30.001,30.001,30.001,30.001,100
1356689580000,30.001,30.001,30.001,30.001,100
1356689640000,30.001,30.001,30.0,30.0,200
1356689760000,30.0,30.0,30.0,30.0,200
1356690000000,30.0,30.0,30.0,30.0,10100
1356690120000,30.0,30.0,30.0,30.0,900
1356690240000,30.0,30.0,30.0,30.0,200
1356690300000,30.0,30.0,30.0,30.0,100
1356690360000,30.0,30.0,30.0,30.0,100
1356690420000,30.0,30.0,30.0,30.0,100
1356690480000,30.0,30.0,30.0,30.0,100
1356690840000,30.085,30.085,30.085,30.085,100
1356690900000,30.085,30.085,30.085,30.085,100
1356691020000,30.001,30.001,30.0,30.0,67400
1356691140000,30.0,30.0,30.0,30.0,11300
1356691200000,30.0,30.0,30.0,30.0,200
1356691320000,30.0,30.0,30.0,30.0,20400
1356691380000,30.0,30.0,30.0,30.0,30100
1356691440000,30.085,30.085,30.085,30.085,1100
1356691500000,30.001,30.001,30.0,30.0,9700
1356691560000,30.0,30.0,30.0,30.0,60000
1356691620000,30.0,30.0,30.0,30.0,74900
1356691680000,30.0,30.0,30.0,30.0,1000
1356691980000,30.0,30.066,30.0,30.066,150200
1356692460000,30.064,30.064,30.064,30.064,100
1356692520000,30.001,30.001,30.0,30.0,15000
1356692580000,30.064,30.07,30.064,30.07,2500
1356692760000,30.002,30.002,30.001,30.001,900
1356692820000,30.002,30.002,30.002,30.002,100
1356692880000,30.002,30.002,30.0,30.0,4200
1356692940000,30.0,30.0,30.0,30.0,1300
1356693300000,30.0,30.0,30.0,30.0,106100
1356693600000,30.0,30.0,30.0,30.0,100
1356693660000,30.0,30.0,30.0,30.0,400
1356693720000,30.0,30.067,30.0,30.067,1800
1356693780000,30.001,30.001,30.001,30.001,100
1356694440000,30.067,30.18,30.067,30.18,2000
1356694620000,30.179,30.18,30.179,30.18,9900
1356694920000,30.01,30.01,30.01,30.01,200
1356695340000,30.005,30.011,30.005,30.011,300
1356695400000,30.005,30.005,30.005,30.005,100
1356696180000,30.004,30.004,30.0,30.0,6900
1356696720000,30.0,30.0,30.0,30.0,2100
1356697740000,30.112,30.179,30.112,30.179,3000
1356697860000,30.179,30.179,30.179,30.179,7600
1356698220000,30.005,30.005,30.004,30.004,300
1356698520000,30.179,30.18,30.179,30.18,2500
1356699060000,30.021,30.021,30.021,30.021,100
1356699420000,30.021,30.021,30.021,30.021,1900
1356699480000,30.021,30.021,30.021,30.021,100
1356699540000,30.002,30.002,30.0,30.0,200
1356699720000,30.0,30.0,30.0,30.0,400
1356700140000,30.0,30.0,30.0,30.0,400
1356700800000,30.001,30.001,30.0,30.001,2300
1356701280000,30.001,30.001,30.0,30.0,1600
1356701460000,30.001,30.001,30.001,30.001,100
1356701520000,30.001,30.001,30.001,30.001,100
1356701580000,30.0,30.0,30.0,30.0,200
1356701640000,30.0,30.0,30.0,30.0,200
1356701700000,30.0,30.0,30.0,30.0,1600
1356701760000,30.0,30.0,30.0,30.0,100
1356701820000,30.0,30.0,30.0,30.0,400
1356701880000,30.0,30.0,30.0,30.0,8000
1356701940000,30.0,30.0,30.0,30.0,100
1356702480000,30.001,30.001,30.0,30.0,50000
1356703080000,30.0,30.0,30.0,30.0,100
1356703620000,30.021,30.021,30.021,30.021,100
1356704040000,30.021,30.021,30.021,30.021,300
1356704640000,30.021,30.021,30.021,30.021,17800
1356704940000,30.1,30.15,30.1,30.15,700
1356705240000,30.149,30.15,30.149,30.15,2500
1356705360000,30.022,30.022,30.0,30.0,16700
1356705720000,30.002,30.002,30.0,30.0,100000
